anchor,approach_side,arm,continued,continued_pct,evaluated_events,horizon_minutes,population,returned_inside,returned_inside_pct,session,threshold,underpowered
ALL_ANCHORS,APPROACH_FROM_ABOVE,C01_NEUTRAL,89,46.84,190,15,NONPOC,166,87.37,ALL_SESSIONS,3atr,false
ALL_ANCHORS,APPROACH_FROM_ABOVE,C01_NEUTRAL,9,52.94,17,15,NONPOC,15,88.24,ETH_EVENING,3atr,true
ALL_ANCHORS,APPROACH_FROM_ABOVE,C01_NEUTRAL,8,61.54,13,15,NONPOC,11,84.62,ETH_OVERNIGHT,3atr,true
ALL_ANCHORS,APPROACH_FROM_ABOVE,C01_NEUTRAL,3,60,5,15,NONPOC,4,80,RTH_AFTERNOON,3atr,true
ALL_ANCHORS,APPROACH_FROM_ABOVE,C01_NEUTRAL,10,55.56,18,15,NONPOC,16,88.89,RTH_MIDDAY,3atr,true
ALL_ANCHORS,APPROACH_FROM_ABOVE,C01_NEUTRAL,21,45.65,46,15,NONPOC,38,82.61,RTH_MORNING,3atr,false
ALL_ANCHORS,APPROACH_FROM_ABOVE,C01_NEUTRAL,38,41.76,91,15,NONPOC,82,90.11,RTH_OPEN,3atr,false
R01,APPROACH_FROM_ABOVE,C01_NEUTRAL,17,56.67,30,15,NONPOC,26,86.67,ALL_SESSIONS,3atr,false
R01,APPROACH_FROM_ABOVE,C01_NEUTRAL,9,52.94,17,15,NONPOC,15,88.24,ETH_EVENING,3atr,true
R01,APPROACH_FROM_ABOVE,C01_NEUTRAL,8,61.54,13,15,NONPOC,11,84.62,ETH_OVERNIGHT,3atr,true
R02,APPROACH_FROM_ABOVE,C01_NEUTRAL,13,30.23,43,15,NONPOC,38,88.37,ALL_SESSIONS,3atr,false
R02,APPROACH_FROM_ABOVE,C01_NEUTRAL,0,0,2,15,NONPOC,2,100,RTH_AFTERNOON,3atr,true
R02,APPROACH_FROM_ABOVE,C01_NEUTRAL,1,20,5,15,NONPOC,4,80,RTH_MIDDAY,3atr,true
R02,APPROACH_FROM_ABOVE,C01_NEUTRAL,6,66.67,9,15,NONPOC,7,77.78,RTH_MORNING,3atr,true
R02,APPROACH_FROM_ABOVE,C01_NEUTRAL,6,22.22,27,15,NONPOC,25,92.59,RTH_OPEN,3atr,true
R03,APPROACH_FROM_ABOVE,C01_NEUTRAL,30,49.18,61,15,NONPOC,52,85.25,ALL_SESSIONS,3atr,false
R03,APPROACH_FROM_ABOVE,C01_NEUTRAL,2,100,2,15,NONPOC,1,50,RTH_AFTERNOON,3atr,true
R03,APPROACH_FROM_ABOVE,C01_NEUTRAL,4,57.14,7,15,NONPOC,6,85.71,RTH_MIDDAY,3atr,true
R03,APPROACH_FROM_ABOVE,C01_NEUTRAL,3,50,6,15,NONPOC,5,83.33,RTH_MORNING,3atr,true
R03,APPROACH_FROM_ABOVE,C01_NEUTRAL,21,45.65,46,15,NONPOC,40,86.96,RTH_OPEN,3atr,false
R04,APPROACH_FROM_ABOVE,C01_NEUTRAL,16,57.14,28,15,NONPOC,25,89.29,ALL_SESSIONS,3atr,true
R04,APPROACH_FROM_ABOVE,C01_NEUTRAL,1,100,1,15,NONPOC,1,100,RTH_AFTERNOON,3atr,true
R04,APPROACH_FROM_ABOVE,C01_NEUTRAL,1,100,1,15,NONPOC,1,100,RTH_MIDDAY,3atr,true
R04,APPROACH_FROM_ABOVE,C01_NEUTRAL,3,37.5,8,15,NONPOC,6,75,RTH_MORNING,3atr,true
R04,APPROACH_FROM_ABOVE,C01_NEUTRAL,11,61.11,18,15,NONPOC,17,94.44,RTH_OPEN,3atr,true
R05,APPROACH_FROM_ABOVE,C01_NEUTRAL,13,46.43,28,15,NONPOC,25,89.29,ALL_SESSIONS,3atr,true
R05,APPROACH_FROM_ABOVE,C01_NEUTRAL,4,80,5,15,NONPOC,5,100,RTH_MIDDAY,3atr,true
R05,APPROACH_FROM_ABOVE,C01_NEUTRAL,9,39.13,23,15,NONPOC,20,86.96,RTH_MORNING,3atr,true
ALL_ANCHORS,APPROACH_FROM_BELOW,C01_NEUTRAL,79,52.67,150,15,NONPOC,131,87.33,ALL_SESSIONS,3atr,false
ALL_ANCHORS,APPROACH_FROM_BELOW,C01_NEUTRAL,4,30.77,13,15,NONPOC,12,92.31,ETH_EVENING,3atr,true
ALL_ANCHORS,APPROACH_FROM_BELOW,C01_NEUTRAL,5,41.67,12,15,NONPOC,10,83.33,ETH_OVERNIGHT,3atr,true
ALL_ANCHORS,APPROACH_FROM_BELOW,C01_NEUTRAL,3,37.5,8,15,NONPOC,6,75,RTH_AFTERNOON,3atr,true
ALL_ANCHORS,APPROACH_FROM_BELOW,C01_NEUTRAL,8,53.33,15,15,NONPOC,15,100,RTH_MIDDAY,3atr,true
ALL_ANCHORS,APPROACH_FROM_BELOW,C01_NEUTRAL,22,64.71,34,15,NONPOC,27,79.41,RTH_MORNING,3atr,false
ALL_ANCHORS,APPROACH_FROM_BELOW,C01_NEUTRAL,37,54.41,68,15,NONPOC,61,89.71,RTH_OPEN,3atr,false
R01,APPROACH_FROM_BELOW,C01_NEUTRAL,9,36,25,15,NONPOC,22,88,ALL_SESSIONS,3atr,true
R01,APPROACH_FROM_BELOW,C01_NEUTRAL,4,30.77,13,15,NONPOC,12,92.31,ETH_EVENING,3atr,true
R01,APPROACH_FROM_BELOW,C01_NEUTRAL,5,41.67,12,15,NONPOC,10,83.33,ETH_OVERNIGHT,3atr,true
R02,APPROACH_FROM_BELOW,C01_NEUTRAL,16,64,25,15,NONPOC,20,80,ALL_SESSIONS,3atr,true
R02,APPROACH_FROM_BELOW,C01_NEUTRAL,1,100,1,15,NONPOC,1,100,RTH_AFTERNOON,3atr,true
R02,APPROACH_FROM_BELOW,C01_NEUTRAL,0,0,2,15,NONPOC,2,100,RTH_MIDDAY,3atr,true
R02,APPROACH_FROM_BELOW,C01_NEUTRAL,3,75,4,15,NONPOC,3,75,RTH_MORNING,3atr,true
R02,APPROACH_FROM_BELOW,C01_NEUTRAL,12,66.67,18,15,NONPOC,14,77.78,RTH_OPEN,3atr,true
R03,APPROACH_FROM_BELOW,C01_NEUTRAL,27,57.45,47,15,NONPOC,42,89.36,ALL_SESSIONS,3atr,false
R03,APPROACH_FROM_BELOW,C01_NEUTRAL,1,50,2,15,NONPOC,1,50,RTH_AFTERNOON,3atr,true
R03,APPROACH_FROM_BELOW,C01_NEUTRAL,5,62.5,8,15,NONPOC,8,100,RTH_MIDDAY,3atr,true
R03,APPROACH_FROM_BELOW,C01_NEUTRAL,6,85.71,7,15,NONPOC,4,57.14,RTH_MORNING,3atr,true
R03,APPROACH_FROM_BELOW,C01_NEUTRAL,15,50,30,15,NONPOC,29,96.67,RTH_OPEN,3atr,false
R04,APPROACH_FROM_BELOW,C01_NEUTRAL,15,46.88,32,15,NONPOC,29,90.62,ALL_SESSIONS,3atr,false
R04,APPROACH_FROM_BELOW,C01_NEUTRAL,1,20,5,15,NONPOC,4,80,RTH_AFTERNOON,3atr,true
R04,APPROACH_FROM_BELOW,C01_NEUTRAL,2,50,4,15,NONPOC,4,100,RTH_MIDDAY,3atr,true
R04,APPROACH_FROM_BELOW,C01_NEUTRAL,2,66.67,3,15,NONPOC,3,100,RTH_MORNING,3atr,true
R04,APPROACH_FROM_BELOW,C01_NEUTRAL,10,50,20,15,NONPOC,18,90,RTH_OPEN,3atr,true
R05,APPROACH_FROM_BELOW,C01_NEUTRAL,12,57.14,21,15,NONPOC,18,85.71,ALL_SESSIONS,3atr,true
R05,APPROACH_FROM_BELOW,C01_NEUTRAL,1,100,1,15,NONPOC,1,100,RTH_MIDDAY,3atr,true
R05,APPROACH_FROM_BELOW,C01_NEUTRAL,11,55,20,15,NONPOC,17,85,RTH_MORNING,3atr,true
ALL_ANCHORS,APPROACH_FROM_ABOVE,C02_ACTIVITY_MATCHED,75,43.6,172,15,NONPOC,150,87.21,ALL_SESSIONS,3atr,false
ALL_ANCHORS,APPROACH_FROM_ABOVE,C02_ACTIVITY_MATCHED,8,38.1,21,15,NONPOC,21,100,ETH_EVENING,3atr,true
ALL_ANCHORS,APPROACH_FROM_ABOVE,C02_ACTIVITY_MATCHED,7,70,10,15,NONPOC,6,60,ETH_OVERNIGHT,3atr,true
ALL_ANCHORS,APPROACH_FROM_ABOVE,C02_ACTIVITY_MATCHED,4,57.14,7,15,NONPOC,6,85.71,RTH_AFTERNOON,3atr,true
ALL_ANCHORS,APPROACH_FROM_ABOVE,C02_ACTIVITY_MATCHED,7,43.75,16,15,NONPOC,14,87.5,RTH_MIDDAY,3atr,true
ALL_ANCHORS,APPROACH_FROM_ABOVE,C02_ACTIVITY_MATCHED,19,44.19,43,15,NONPOC,33,76.74,RTH_MORNING,3atr,false
ALL_ANCHORS,APPROACH_FROM_ABOVE,C02_ACTIVITY_MATCHED,30,40,75,15,NONPOC,70,93.33,RTH_OPEN,3atr,false
R01,APPROACH_FROM_ABOVE,C02_ACTIVITY_MATCHED,15,48.39,31,15,NONPOC,27,87.1,ALL_SESSIONS,3atr,false
R01,APPROACH_FROM_ABOVE,C02_ACTIVITY_MATCHED,8,38.1,21,15,NONPOC,21,100,ETH_EVENING,3atr,true
R01,APPROACH_FROM_ABOVE,C02_ACTIVITY_MATCHED,7,70,10,15,NONPOC,6,60,ETH_OVERNIGHT,3atr,true
R02,APPROACH_FROM_ABOVE,C02_ACTIVITY_MATCHED,19,45.24,42,15,NONPOC,37,88.1,ALL_SESSIONS,3atr,false
R02,APPROACH_FROM_ABOVE,C02_ACTIVITY_MATCHED,2,40,5,15,NONPOC,4,80,RTH_AFTERNOON,3atr,true
R02,APPROACH_FROM_ABOVE,C02_ACTIVITY_MATCHED,2,66.67,3,15,NONPOC,2,66.67,RTH_MIDDAY,3atr,true
R02,APPROACH_FROM_ABOVE,C02_ACTIVITY_MATCHED,6,66.67,9,15,NONPOC,6,66.67,RTH_MORNING,3atr,true
R02,APPROACH_FROM_ABOVE,C02_ACTIVITY_MATCHED,9,36,25,15,NONPOC,25,100,RTH_OPEN,3atr,true
R03,APPROACH_FROM_ABOVE,C02_ACTIVITY_MATCHED,16,33.33,48,15,NONPOC,44,91.67,ALL_SESSIONS,3atr,false
R03,APPROACH_FROM_ABOVE,C02_ACTIVITY_MATCHED,2,100,2,15,NONPOC,2,100,RTH_AFTERNOON,3atr,true
R03,APPROACH_FROM_ABOVE,C02_ACTIVITY_MATCHED,1,14.29,7,15,NONPOC,7,100,RTH_MIDDAY,3atr,true
R03,APPROACH_FROM_ABOVE,C02_ACTIVITY_MATCHED,1,20,5,15,NONPOC,4,80,RTH_MORNING,3atr,true
R03,APPROACH_FROM_ABOVE,C02_ACTIVITY_MATCHED,12,35.29,34,15,NONPOC,31,91.18,RTH_OPEN,3atr,false
R04,APPROACH_FROM_ABOVE,C02_ACTIVITY_MATCHED,10,47.62,21,15,NONPOC,19,90.48,ALL_SESSIONS,3atr,true
R04,APPROACH_FROM_ABOVE,C02_ACTIVITY_MATCHED,1,20,5,15,NONPOC,5,100,RTH_MORNING,3atr,true
R04,APPROACH_FROM_ABOVE,C02_ACTIVITY_MATCHED,9,56.25,16,15,NONPOC,14,87.5,RTH_OPEN,3atr,true
R05,APPROACH_FROM_ABOVE,C02_ACTIVITY_MATCHED,15,50,30,15,NONPOC,23,76.67,ALL_SESSIONS,3atr,false
R05,APPROACH_FROM_ABOVE,C02_ACTIVITY_MATCHED,4,66.67,6,15,NONPOC,5,83.33,RTH_MIDDAY,3atr,true
R05,APPROACH_FROM_ABOVE,C02_ACTIVITY_MATCHED,11,45.83,24,15,NONPOC,18,75,RTH_MORNING,3atr,true
ALL_ANCHORS,APPROACH_FROM_BELOW,C02_ACTIVITY_MATCHED,89,56.33,158,15,NONPOC,134,84.81,ALL_SESSIONS,3atr,false
ALL_ANCHORS,APPROACH_FROM_BELOW,C02_ACTIVITY_MATCHED,10,52.63,19,15,NONPOC,16,84.21,ETH_EVENING,3atr,true
ALL_ANCHORS,APPROACH_FROM_BELOW,C02_ACTIVITY_MATCHED,4,57.14,7,15,NONPOC,6,85.71,ETH_OVERNIGHT,3atr,true
ALL_ANCHORS,APPROACH_FROM_BELOW,C02_ACTIVITY_MATCHED,6,60,10,15,NONPOC,8,80,RTH_AFTERNOON,3atr,true
ALL_ANCHORS,APPROACH_FROM_BELOW,C02_ACTIVITY_MATCHED,11,52.38,21,15,NONPOC,20,95.24,RTH_MIDDAY,3atr,true
ALL_ANCHORS,APPROACH_FROM_BELOW,C02_ACTIVITY_MATCHED,16,55.17,29,15,NONPOC,21,72.41,RTH_MORNING,3atr,true
ALL_ANCHORS,APPROACH_FROM_BELOW,C02_ACTIVITY_MATCHED,42,58.33,72,15,NONPOC,63,87.5,RTH_OPEN,3atr,false
R01,APPROACH_FROM_BELOW,C02_ACTIVITY_MATCHED,14,53.85,26,15,NONPOC,22,84.62,ALL_SESSIONS,3atr,true
R01,APPROACH_FROM_BELOW,C02_ACTIVITY_MATCHED,10,52.63,19,15,NONPOC,16,84.21,ETH_EVENING,3atr,true
R01,APPROACH_FROM_BELOW,C02_ACTIVITY_MATCHED,4,57.14,7,15,NONPOC,6,85.71,ETH_OVERNIGHT,3atr,true
R02,APPROACH_FROM_BELOW,C02_ACTIVITY_MATCHED,17,54.84,31,15,NONPOC,26,83.87,ALL_SESSIONS,3atr,false
R02,APPROACH_FROM_BELOW,C02_ACTIVITY_MATCHED,1,50,2,15,NONPOC,2,100,RTH_AFTERNOON,3atr,true
R02,APPROACH_FROM_BELOW,C02_ACTIVITY_MATCHED,2,33.33,6,15,NONPOC,6,100,RTH_MIDDAY,3atr,true
R02,APPROACH_FROM_BELOW,C02_ACTIVITY_MATCHED,3,75,4,15,NONPOC,2,50,RTH_MORNING,3atr,true
R02,APPROACH_FROM_BELOW,C02_ACTIVITY_MATCHED,11,57.89,19,15,NONPOC,16,84.21,RTH_OPEN,3atr,true
R03,APPROACH_FROM_BELOW,C02_ACTIVITY_MATCHED,27,56.25,48,15,NONPOC,42,87.5,ALL_SESSIONS,3atr,false
R03,APPROACH_FROM_BELOW,C02_ACTIVITY_MATCHED,2,66.67,3,15,NONPOC,2,66.67,RTH_AFTERNOON,3atr,true
R03,APPROACH_FROM_BELOW,C02_ACTIVITY_MATCHED,3,37.5,8,15,NONPOC,8,100,RTH_MIDDAY,3atr,true
R03,APPROACH_FROM_BELOW,C02_ACTIVITY_MATCHED,3,75,4,15,NONPOC,2,50,RTH_MORNING,3atr,true
R03,APPROACH_FROM_BELOW,C02_ACTIVITY_MATCHED,19,57.58,33,15,NONPOC,30,90.91,RTH_OPEN,3atr,false
R04,APPROACH_FROM_BELOW,C02_ACTIVITY_MATCHED,19,61.29,31,15,NONPOC,27,87.1,ALL_SESSIONS,3atr,false
R04,APPROACH_FROM_BELOW,C02_ACTIVITY_MATCHED,3,60,5,15,NONPOC,4,80,RTH_AFTERNOON,3atr,true
R04,APPROACH_FROM_BELOW,C02_ACTIVITY_MATCHED,3,75,4,15,NONPOC,4,100,RTH_MIDDAY,3atr,true
R04,APPROACH_FROM_BELOW,C02_ACTIVITY_MATCHED,1,50,2,15,NONPOC,2,100,RTH_MORNING,3atr,true
R04,APPROACH_FROM_BELOW,C02_ACTIVITY_MATCHED,12,60,20,15,NONPOC,17,85,RTH_OPEN,3atr,true
R05,APPROACH_FROM_BELOW,C02_ACTIVITY_MATCHED,12,54.55,22,15,NONPOC,17,77.27,ALL_SESSIONS,3atr,true
R05,APPROACH_FROM_BELOW,C02_ACTIVITY_MATCHED,3,100,3,15,NONPOC,2,66.67,RTH_MIDDAY,3atr,true
R05,APPROACH_FROM_BELOW,C02_ACTIVITY_MATCHED,9,47.37,19,15,NONPOC,15,78.95,RTH_MORNING,3atr,true
ALL_ANCHORS,APPROACH_FROM_ABOVE,TREATED,92,52.87,174,15,NONPOC,156,89.66,ALL_SESSIONS,3atr,false
ALL_ANCHORS,APPROACH_FROM_ABOVE,TREATED,10,58.82,17,15,NONPOC,14,82.35,ETH_EVENING,3atr,true
ALL_ANCHORS,APPROACH_FROM_ABOVE,TREATED,9,69.23,13,15,NONPOC,10,76.92,ETH_OVERNIGHT,3atr,true
ALL_ANCHORS,APPROACH_FROM_ABOVE,TREATED,3,50,6,15,NONPOC,6,100,RTH_AFTERNOON,3atr,true
ALL_ANCHORS,APPROACH_FROM_ABOVE,TREATED,13,72.22,18,15,NONPOC,17,94.44,RTH_MIDDAY,3atr,true
ALL_ANCHORS,APPROACH_FROM_ABOVE,TREATED,17,43.59,39,15,NONPOC,34,87.18,RTH_MORNING,3atr,false
ALL_ANCHORS,APPROACH_FROM_ABOVE,TREATED,40,49.38,81,15,NONPOC,75,92.59,RTH_OPEN,3atr,false
R01,APPROACH_FROM_ABOVE,TREATED,19,63.33,30,15,NONPOC,24,80,ALL_SESSIONS,3atr,false
R01,APPROACH_FROM_ABOVE,TREATED,10,58.82,17,15,NONPOC,14,82.35,ETH_EVENING,3atr,true
R01,APPROACH_FROM_ABOVE,TREATED,9,69.23,13,15,NONPOC,10,76.92,ETH_OVERNIGHT,3atr,true
R02,APPROACH_FROM_ABOVE,TREATED,15,38.46,39,15,NONPOC,37,94.87,ALL_SESSIONS,3atr,false
R02,APPROACH_FROM_ABOVE,TREATED,0,0,2,15,NONPOC,2,100,RTH_AFTERNOON,3atr,true
R02,APPROACH_FROM_ABOVE,TREATED,2,40,5,15,NONPOC,5,100,RTH_MIDDAY,3atr,true
R02,APPROACH_FROM_ABOVE,TREATED,5,62.5,8,15,NONPOC,6,75,RTH_MORNING,3atr,true
R02,APPROACH_FROM_ABOVE,TREATED,8,33.33,24,15,NONPOC,24,100,RTH_OPEN,3atr,true
R03,APPROACH_FROM_ABOVE,TREATED,31,56.36,55,15,NONPOC,48,87.27,ALL_SESSIONS,3atr,false
R03,APPROACH_FROM_ABOVE,TREATED,2,66.67,3,15,NONPOC,3,100,RTH_AFTERNOON,3atr,true
R03,APPROACH_FROM_ABOVE,TREATED,6,100,6,15,NONPOC,5,83.33,RTH_MIDDAY,3atr,true
R03,APPROACH_FROM_ABOVE,TREATED,3,50,6,15,NONPOC,5,83.33,RTH_MORNING,3atr,true
R03,APPROACH_FROM_ABOVE,TREATED,20,50,40,15,NONPOC,35,87.5,RTH_OPEN,3atr,false
R04,APPROACH_FROM_ABOVE,TREATED,16,64,25,15,NONPOC,23,92,ALL_SESSIONS,3atr,true
R04,APPROACH_FROM_ABOVE,TREATED,1,100,1,15,NONPOC,1,100,RTH_AFTERNOON,3atr,true
R04,APPROACH_FROM_ABOVE,TREATED,1,100,1,15,NONPOC,1,100,RTH_MIDDAY,3atr,true
R04,APPROACH_FROM_ABOVE,TREATED,2,33.33,6,15,NONPOC,5,83.33,RTH_MORNING,3atr,true
R04,APPROACH_FROM_ABOVE,TREATED,12,70.59,17,15,NONPOC,16,94.12,RTH_OPEN,3atr,true
R05,APPROACH_FROM_ABOVE,TREATED,11,44,25,15,NONPOC,24,96,ALL_SESSIONS,3atr,true
R05,APPROACH_FROM_ABOVE,TREATED,4,66.67,6,15,NONPOC,6,100,RTH_MIDDAY,3atr,true
R05,APPROACH_FROM_ABOVE,TREATED,7,36.84,19,15,NONPOC,18,94.74,RTH_MORNING,3atr,true
ALL_ANCHORS,APPROACH_FROM_BELOW,TREATED,77,48.73,158,15,NONPOC,133,84.18,ALL_SESSIONS,3atr,false
ALL_ANCHORS,APPROACH_FROM_BELOW,TREATED,10,55.56,18,15,NONPOC,14,77.78,ETH_EVENING,3atr,true
ALL_ANCHORS,APPROACH_FROM_BELOW,TREATED,4,36.36,11,15,NONPOC,9,81.82,ETH_OVERNIGHT,3atr,true
ALL_ANCHORS,APPROACH_FROM_BELOW,TREATED,4,44.44,9,15,NONPOC,7,77.78,RTH_AFTERNOON,3atr,true
ALL_ANCHORS,APPROACH_FROM_BELOW,TREATED,5,33.33,15,15,NONPOC,14,93.33,RTH_MIDDAY,3atr,true
ALL_ANCHORS,APPROACH_FROM_BELOW,TREATED,19,55.88,34,15,NONPOC,26,76.47,RTH_MORNING,3atr,false
ALL_ANCHORS,APPROACH_FROM_BELOW,TREATED,35,49.3,71,15,NONPOC,63,88.73,RTH_OPEN,3atr,false
R01,APPROACH_FROM_BELOW,TREATED,14,48.28,29,15,NONPOC,23,79.31,ALL_SESSIONS,3atr,true
R01,APPROACH_FROM_BELOW,TREATED,10,55.56,18,15,NONPOC,14,77.78,ETH_EVENING,3atr,true
R01,APPROACH_FROM_BELOW,TREATED,4,36.36,11,15,NONPOC,9,81.82,ETH_OVERNIGHT,3atr,true
R02,APPROACH_FROM_BELOW,TREATED,12,52.17,23,15,NONPOC,18,78.26,ALL_SESSIONS,3atr,true
R02,APPROACH_FROM_BELOW,TREATED,2,50,4,15,NONPOC,3,75,RTH_MIDDAY,3atr,true
R02,APPROACH_FROM_BELOW,TREATED,2,66.67,3,15,NONPOC,2,66.67,RTH_MORNING,3atr,true
R02,APPROACH_FROM_BELOW,TREATED,8,50,16,15,NONPOC,13,81.25,RTH_OPEN,3atr,true
R03,APPROACH_FROM_BELOW,TREATED,23,45.1,51,15,NONPOC,45,88.24,ALL_SESSIONS,3atr,false
R03,APPROACH_FROM_BELOW,TREATED,2,50,4,15,NONPOC,3,75,RTH_AFTERNOON,3atr,true
R03,APPROACH_FROM_BELOW,TREATED,2,28.57,7,15,NONPOC,7,100,RTH_MIDDAY,3atr,true
R03,APPROACH_FROM_BELOW,TREATED,5,83.33,6,15,NONPOC,4,66.67,RTH_MORNING,3atr,true
R03,APPROACH_FROM_BELOW,TREATED,14,41.18,34,15,NONPOC,31,91.18,RTH_OPEN,3atr,false
R04,APPROACH_FROM_BELOW,TREATED,18,56.25,32,15,NONPOC,29,90.62,ALL_SESSIONS,3atr,false
R04,APPROACH_FROM_BELOW,TREATED,2,40,5,15,NONPOC,4,80,RTH_AFTERNOON,3atr,true
R04,APPROACH_FROM_BELOW,TREATED,1,33.33,3,15,NONPOC,3,100,RTH_MIDDAY,3atr,true
R04,APPROACH_FROM_BELOW,TREATED,2,66.67,3,15,NONPOC,3,100,RTH_MORNING,3atr,true
R04,APPROACH_FROM_BELOW,TREATED,13,61.9,21,15,NONPOC,19,90.48,RTH_OPEN,3atr,true
R05,APPROACH_FROM_BELOW,TREATED,10,43.48,23,15,NONPOC,18,78.26,ALL_SESSIONS,3atr,true
R05,APPROACH_FROM_BELOW,TREATED,0,0,1,15,NONPOC,1,100,RTH_MIDDAY,3atr,true
R05,APPROACH_FROM_BELOW,TREATED,10,45.45,22,15,NONPOC,17,77.27,RTH_MORNING,3atr,true
ALL_ANCHORS,APPROACH_FROM_ABOVE,C01_NEUTRAL,140,54.47,257,15,POC,221,85.99,ALL_SESSIONS,3atr,false
ALL_ANCHORS,APPROACH_FROM_ABOVE,C01_NEUTRAL,11,42.31,26,15,POC,24,92.31,ETH_EVENING,3atr,true
ALL_ANCHORS,APPROACH_FROM_ABOVE,C01_NEUTRAL,12,63.16,19,15,POC,11,57.89,ETH_OVERNIGHT,3atr,true
ALL_ANCHORS,APPROACH_FROM_ABOVE,C01_NEUTRAL,7,58.33,12,15,POC,10,83.33,RTH_AFTERNOON,3atr,true
ALL_ANCHORS,APPROACH_FROM_ABOVE,C01_NEUTRAL,7,46.67,15,15,POC,14,93.33,RTH_MIDDAY,3atr,true
ALL_ANCHORS,APPROACH_FROM_ABOVE,C01_NEUTRAL,34,50,68,15,POC,55,80.88,RTH_MORNING,3atr,false
ALL_ANCHORS,APPROACH_FROM_ABOVE,C01_NEUTRAL,69,58.97,117,15,POC,107,91.45,RTH_OPEN,3atr,false
R01,APPROACH_FROM_ABOVE,C01_NEUTRAL,23,51.11,45,15,POC,35,77.78,ALL_SESSIONS,3atr,false
R01,APPROACH_FROM_ABOVE,C01_NEUTRAL,11,42.31,26,15,POC,24,92.31,ETH_EVENING,3atr,true
R01,APPROACH_FROM_ABOVE,C01_NEUTRAL,12,63.16,19,15,POC,11,57.89,ETH_OVERNIGHT,3atr,true
R02,APPROACH_FROM_ABOVE,C01_NEUTRAL,25,43.1,58,15,POC,54,93.1,ALL_SESSIONS,3atr,false
R02,APPROACH_FROM_ABOVE,C01_NEUTRAL,2,33.33,6,15,POC,6,100,RTH_AFTERNOON,3atr,true
R02,APPROACH_FROM_ABOVE,C01_NEUTRAL,3,60,5,15,POC,5,100,RTH_MIDDAY,3atr,true
R02,APPROACH_FROM_ABOVE,C01_NEUTRAL,6,42.86,14,15,POC,12,85.71,RTH_MORNING,3atr,true
R02,APPROACH_FROM_ABOVE,C01_NEUTRAL,14,42.42,33,15,POC,31,93.94,RTH_OPEN,3atr,false
R03,APPROACH_FROM_ABOVE,C01_NEUTRAL,31,62,50,15,POC,41,82,ALL_SESSIONS,3atr,false
R03,APPROACH_FROM_ABOVE,C01_NEUTRAL,3,75,4,15,POC,2,50,RTH_AFTERNOON,3atr,true
R03,APPROACH_FROM_ABOVE,C01_NEUTRAL,0,0,1,15,POC,1,100,RTH_MIDDAY,3atr,true
R03,APPROACH_FROM_ABOVE,C01_NEUTRAL,3,75,4,15,POC,1,25,RTH_MORNING,3atr,true
R03,APPROACH_FROM_ABOVE,C01_NEUTRAL,25,60.98,41,15,POC,37,90.24,RTH_OPEN,3atr,false
R04,APPROACH_FROM_ABOVE,C01_NEUTRAL,34,69.39,49,15,POC,45,91.84,ALL_SESSIONS,3atr,false
R04,APPROACH_FROM_ABOVE,C01_NEUTRAL,2,100,2,15,POC,2,100,RTH_AFTERNOON,3atr,true
R04,APPROACH_FROM_ABOVE,C01_NEUTRAL,1,50,2,15,POC,2,100,RTH_MIDDAY,3atr,true
R04,APPROACH_FROM_ABOVE,C01_NEUTRAL,1,50,2,15,POC,2,100,RTH_MORNING,3atr,true
R04,APPROACH_FROM_ABOVE,C01_NEUTRAL,30,69.77,43,15,POC,39,90.7,RTH_OPEN,3atr,false
R05,APPROACH_FROM_ABOVE,C01_NEUTRAL,27,49.09,55,15,POC,46,83.64,ALL_SESSIONS,3atr,false
R05,APPROACH_FROM_ABOVE,C01_NEUTRAL,3,42.86,7,15,POC,6,85.71,RTH_MIDDAY,3atr,true
R05,APPROACH_FROM_ABOVE,C01_NEUTRAL,24,50,48,15,POC,40,83.33,RTH_MORNING,3atr,false
ALL_ANCHORS,APPROACH_FROM_BELOW,C01_NEUTRAL,94,46.77,201,15,POC,172,85.57,ALL_SESSIONS,3atr,false
ALL_ANCHORS,APPROACH_FROM_BELOW,C01_NEUTRAL,11,42.31,26,15,POC,23,88.46,ETH_EVENING,3atr,true
ALL_ANCHORS,APPROACH_FROM_BELOW,C01_NEUTRAL,5,41.67,12,15,POC,8,66.67,ETH_OVERNIGHT,3atr,true
ALL_ANCHORS,APPROACH_FROM_BELOW,C01_NEUTRAL,1,12.5,8,15,POC,8,100,RTH_AFTERNOON,3atr,true
ALL_ANCHORS,APPROACH_FROM_BELOW,C01_NEUTRAL,7,43.75,16,15,POC,14,87.5,RTH_MIDDAY,3atr,true
ALL_ANCHORS,APPROACH_FROM_BELOW,C01_NEUTRAL,26,52,50,15,POC,42,84,RTH_MORNING,3atr,false
ALL_ANCHORS,APPROACH_FROM_BELOW,C01_NEUTRAL,44,49.44,89,15,POC,77,86.52,RTH_OPEN,3atr,false
R01,APPROACH_FROM_BELOW,C01_NEUTRAL,16,42.11,38,15,POC,31,81.58,ALL_SESSIONS,3atr,false
R01,APPROACH_FROM_BELOW,C01_NEUTRAL,11,42.31,26,15,POC,23,88.46,ETH_EVENING,3atr,true
R01,APPROACH_FROM_BELOW,C01_NEUTRAL,5,41.67,12,15,POC,8,66.67,ETH_OVERNIGHT,3atr,true
R02,APPROACH_FROM_BELOW,C01_NEUTRAL,11,37.93,29,15,POC,24,82.76,ALL_SESSIONS,3atr,true
R02,APPROACH_FROM_BELOW,C01_NEUTRAL,0,0,2,15,POC,2,100,RTH_AFTERNOON,3atr,true
R02,APPROACH_FROM_BELOW,C01_NEUTRAL,1,25,4,15,POC,3,75,RTH_MIDDAY,3atr,true
R02,APPROACH_FROM_BELOW,C01_NEUTRAL,5,55.56,9,15,POC,7,77.78,RTH_MORNING,3atr,true
R02,APPROACH_FROM_BELOW,C01_NEUTRAL,5,35.71,14,15,POC,12,85.71,RTH_OPEN,3atr,true
R03,APPROACH_FROM_BELOW,C01_NEUTRAL,22,47.83,46,15,POC,41,89.13,ALL_SESSIONS,3atr,false
R03,APPROACH_FROM_BELOW,C01_NEUTRAL,0,0,3,15,POC,3,100,RTH_AFTERNOON,3atr,true
R03,APPROACH_FROM_BELOW,C01_NEUTRAL,3,75,4,15,POC,4,100,RTH_MIDDAY,3atr,true
R03,APPROACH_FROM_BELOW,C01_NEUTRAL,3,50,6,15,POC,6,100,RTH_MORNING,3atr,true
R03,APPROACH_FROM_BELOW,C01_NEUTRAL,16,48.48,33,15,POC,28,84.85,RTH_OPEN,3atr,false
R04,APPROACH_FROM_BELOW,C01_NEUTRAL,26,50.98,51,15,POC,46,90.2,ALL_SESSIONS,3atr,false
R04,APPROACH_FROM_BELOW,C01_NEUTRAL,0,0,2,15,POC,2,100,RTH_AFTERNOON,3atr,true
R04,APPROACH_FROM_BELOW,C01_NEUTRAL,1,33.33,3,15,POC,3,100,RTH_MIDDAY,3atr,true
R04,APPROACH_FROM_BELOW,C01_NEUTRAL,2,50,4,15,POC,4,100,RTH_MORNING,3atr,true
R04,APPROACH_FROM_BELOW,C01_NEUTRAL,23,54.76,42,15,POC,37,88.1,RTH_OPEN,3atr,false
R05,APPROACH_FROM_BELOW,C01_NEUTRAL,19,51.35,37,15,POC,30,81.08,ALL_SESSIONS,3atr,false
R05,APPROACH_FROM_BELOW,C01_NEUTRAL,1,100,1,15,POC,1,100,RTH_AFTERNOON,3atr,true
R05,APPROACH_FROM_BELOW,C01_NEUTRAL,2,40,5,15,POC,4,80,RTH_MIDDAY,3atr,true
R05,APPROACH_FROM_BELOW,C01_NEUTRAL,16,51.61,31,15,POC,25,80.65,RTH_MORNING,3atr,false
ALL_ANCHORS,APPROACH_FROM_ABOVE,C02_ACTIVITY_MATCHED,92,50.27,183,15,POC,159,86.89,ALL_SESSIONS,3atr,false
ALL_ANCHORS,APPROACH_FROM_ABOVE,C02_ACTIVITY_MATCHED,12,52.17,23,15,POC,18,78.26,ETH_EVENING,3atr,true
ALL_ANCHORS,APPROACH_FROM_ABOVE,C02_ACTIVITY_MATCHED,3,37.5,8,15,POC,8,100,ETH_OVERNIGHT,3atr,true
ALL_ANCHORS,APPROACH_FROM_ABOVE,C02_ACTIVITY_MATCHED,2,28.57,7,15,POC,7,100,RTH_AFTERNOON,3atr,true
ALL_ANCHORS,APPROACH_FROM_ABOVE,C02_ACTIVITY_MATCHED,7,50,14,15,POC,12,85.71,RTH_MIDDAY,3atr,true
ALL_ANCHORS,APPROACH_FROM_ABOVE,C02_ACTIVITY_MATCHED,23,47.92,48,15,POC,38,79.17,RTH_MORNING,3atr,false
ALL_ANCHORS,APPROACH_FROM_ABOVE,C02_ACTIVITY_MATCHED,45,54.22,83,15,POC,76,91.57,RTH_OPEN,3atr,false
R01,APPROACH_FROM_ABOVE,C02_ACTIVITY_MATCHED,15,48.39,31,15,POC,26,83.87,ALL_SESSIONS,3atr,false
R01,APPROACH_FROM_ABOVE,C02_ACTIVITY_MATCHED,12,52.17,23,15,POC,18,78.26,ETH_EVENING,3atr,true
R01,APPROACH_FROM_ABOVE,C02_ACTIVITY_MATCHED,3,37.5,8,15,POC,8,100,ETH_OVERNIGHT,3atr,true
R02,APPROACH_FROM_ABOVE,C02_ACTIVITY_MATCHED,24,51.06,47,15,POC,40,85.11,ALL_SESSIONS,3atr,false
R02,APPROACH_FROM_ABOVE,C02_ACTIVITY_MATCHED,0,0,5,15,POC,5,100,RTH_AFTERNOON,3atr,true
R02,APPROACH_FROM_ABOVE,C02_ACTIVITY_MATCHED,3,60,5,15,POC,4,80,RTH_MIDDAY,3atr,true
R02,APPROACH_FROM_ABOVE,C02_ACTIVITY_MATCHED,7,53.85,13,15,POC,10,76.92,RTH_MORNING,3atr,true
R02,APPROACH_FROM_ABOVE,C02_ACTIVITY_MATCHED,14,58.33,24,15,POC,21,87.5,RTH_OPEN,3atr,true
R03,APPROACH_FROM_ABOVE,C02_ACTIVITY_MATCHED,15,44.12,34,15,POC,31,91.18,ALL_SESSIONS,3atr,false
R03,APPROACH_FROM_ABOVE,C02_ACTIVITY_MATCHED,1,100,1,15,POC,1,100,RTH_AFTERNOON,3atr,true
R03,APPROACH_FROM_ABOVE,C02_ACTIVITY_MATCHED,0,0,2,15,POC,2,100,RTH_MIDDAY,3atr,true
R03,APPROACH_FROM_ABOVE,C02_ACTIVITY_MATCHED,2,40,5,15,POC,4,80,RTH_MORNING,3atr,true
R03,APPROACH_FROM_ABOVE,C02_ACTIVITY_MATCHED,12,46.15,26,15,POC,24,92.31,RTH_OPEN,3atr,true
R04,APPROACH_FROM_ABOVE,C02_ACTIVITY_MATCHED,24,61.54,39,15,POC,36,92.31,ALL_SESSIONS,3atr,false
R04,APPROACH_FROM_ABOVE,C02_ACTIVITY_MATCHED,1,100,1,15,POC,1,100,RTH_AFTERNOON,3atr,true
R04,APPROACH_FROM_ABOVE,C02_ACTIVITY_MATCHED,2,100,2,15,POC,2,100,RTH_MIDDAY,3atr,true
R04,APPROACH_FROM_ABOVE,C02_ACTIVITY_MATCHED,2,66.67,3,15,POC,2,66.67,RTH_MORNING,3atr,true
R04,APPROACH_FROM_ABOVE,C02_ACTIVITY_MATCHED,19,57.58,33,15,POC,31,93.94,RTH_OPEN,3atr,false
R05,APPROACH_FROM_ABOVE,C02_ACTIVITY_MATCHED,14,43.75,32,15,POC,26,81.25,ALL_SESSIONS,3atr,false
R05,APPROACH_FROM_ABOVE,C02_ACTIVITY_MATCHED,2,40,5,15,POC,4,80,RTH_MIDDAY,3atr,true
R05,APPROACH_FROM_ABOVE,C02_ACTIVITY_MATCHED,12,44.44,27,15,POC,22,81.48,RTH_MORNING,3atr,true
ALL_ANCHORS,APPROACH_FROM_BELOW,C02_ACTIVITY_MATCHED,98,52.97,185,15,POC,153,82.7,ALL_SESSIONS,3atr,false
ALL_ANCHORS,APPROACH_FROM_BELOW,C02_ACTIVITY_MATCHED,8,40,20,15,POC,18,90,ETH_EVENING,3atr,true
ALL_ANCHORS,APPROACH_FROM_BELOW,C02_ACTIVITY_MATCHED,9,52.94,17,15,POC,10,58.82,ETH_OVERNIGHT,3atr,true
ALL_ANCHORS,APPROACH_FROM_BELOW,C02_ACTIVITY_MATCHED,4,44.44,9,15,POC,8,88.89,RTH_AFTERNOON,3atr,true
ALL_ANCHORS,APPROACH_FROM_BELOW,C02_ACTIVITY_MATCHED,6,40,15,15,POC,14,93.33,RTH_MIDDAY,3atr,true
ALL_ANCHORS,APPROACH_FROM_BELOW,C02_ACTIVITY_MATCHED,30,61.22,49,15,POC,40,81.63,RTH_MORNING,3atr,false
ALL_ANCHORS,APPROACH_FROM_BELOW,C02_ACTIVITY_MATCHED,41,54.67,75,15,POC,63,84,RTH_OPEN,3atr,false
R01,APPROACH_FROM_BELOW,C02_ACTIVITY_MATCHED,17,45.95,37,15,POC,28,75.68,ALL_SESSIONS,3atr,false
R01,APPROACH_FROM_BELOW,C02_ACTIVITY_MATCHED,8,40,20,15,POC,18,90,ETH_EVENING,3atr,true
R01,APPROACH_FROM_BELOW,C02_ACTIVITY_MATCHED,9,52.94,17,15,POC,10,58.82,ETH_OVERNIGHT,3atr,true
R02,APPROACH_FROM_BELOW,C02_ACTIVITY_MATCHED,14,58.33,24,15,POC,21,87.5,ALL_SESSIONS,3atr,true
R02,APPROACH_FROM_BELOW,C02_ACTIVITY_MATCHED,1,50,2,15,POC,1,50,RTH_AFTERNOON,3atr,true
R02,APPROACH_FROM_BELOW,C02_ACTIVITY_MATCHED,2,40,5,15,POC,5,100,RTH_MIDDAY,3atr,true
R02,APPROACH_FROM_BELOW,C02_ACTIVITY_MATCHED,3,75,4,15,POC,4,100,RTH_MORNING,3atr,true
R02,APPROACH_FROM_BELOW,C02_ACTIVITY_MATCHED,8,61.54,13,15,POC,11,84.62,RTH_OPEN,3atr,true
R03,APPROACH_FROM_BELOW,C02_ACTIVITY_MATCHED,19,50,38,15,POC,33,86.84,ALL_SESSIONS,3atr,false
R03,APPROACH_FROM_BELOW,C02_ACTIVITY_MATCHED,1,33.33,3,15,POC,3,100,RTH_AFTERNOON,3atr,true
R03,APPROACH_FROM_BELOW,C02_ACTIVITY_MATCHED,2,100,2,15,POC,2,100,RTH_MIDDAY,3atr,true
R03,APPROACH_FROM_BELOW,C02_ACTIVITY_MATCHED,3,37.5,8,15,POC,8,100,RTH_MORNING,3atr,true
R03,APPROACH_FROM_BELOW,C02_ACTIVITY_MATCHED,13,52,25,15,POC,20,80,RTH_OPEN,3atr,true
R04,APPROACH_FROM_BELOW,C02_ACTIVITY_MATCHED,24,52.17,46,15,POC,41,89.13,ALL_SESSIONS,3atr,false
R04,APPROACH_FROM_BELOW,C02_ACTIVITY_MATCHED,1,33.33,3,15,POC,3,100,RTH_AFTERNOON,3atr,true
R04,APPROACH_FROM_BELOW,C02_ACTIVITY_MATCHED,1,33.33,3,15,POC,3,100,RTH_MIDDAY,3atr,true
R04,APPROACH_FROM_BELOW,C02_ACTIVITY_MATCHED,2,66.67,3,15,POC,3,100,RTH_MORNING,3atr,true
R04,APPROACH_FROM_BELOW,C02_ACTIVITY_MATCHED,20,54.05,37,15,POC,32,86.49,RTH_OPEN,3atr,false
R05,APPROACH_FROM_BELOW,C02_ACTIVITY_MATCHED,24,60,40,15,POC,30,75,ALL_SESSIONS,3atr,false
R05,APPROACH_FROM_BELOW,C02_ACTIVITY_MATCHED,1,100,1,15,POC,1,100,RTH_AFTERNOON,3atr,true
R05,APPROACH_FROM_BELOW,C02_ACTIVITY_MATCHED,1,20,5,15,POC,4,80,RTH_MIDDAY,3atr,true
R05,APPROACH_FROM_BELOW,C02_ACTIVITY_MATCHED,22,64.71,34,15,POC,25,73.53,RTH_MORNING,3atr,false
ALL_ANCHORS,APPROACH_FROM_ABOVE,TREATED,124,51.45,241,15,POC,209,86.72,ALL_SESSIONS,3atr,false
ALL_ANCHORS,APPROACH_FROM_ABOVE,TREATED,9,34.62,26,15,POC,22,84.62,ETH_EVENING,3atr,true
ALL_ANCHORS,APPROACH_FROM_ABOVE,TREATED,8,53.33,15,15,POC,11,73.33,ETH_OVERNIGHT,3atr,true
ALL_ANCHORS,APPROACH_FROM_ABOVE,TREATED,6,46.15,13,15,POC,11,84.62,RTH_AFTERNOON,3atr,true
ALL_ANCHORS,APPROACH_FROM_ABOVE,TREATED,4,30.77,13,15,POC,13,100,RTH_MIDDAY,3atr,true
ALL_ANCHORS,APPROACH_FROM_ABOVE,TREATED,32,53.33,60,15,POC,48,80,RTH_MORNING,3atr,false
ALL_ANCHORS,APPROACH_FROM_ABOVE,TREATED,65,57.02,114,15,POC,104,91.23,RTH_OPEN,3atr,false
R01,APPROACH_FROM_ABOVE,TREATED,17,41.46,41,15,POC,33,80.49,ALL_SESSIONS,3atr,false
R01,APPROACH_FROM_ABOVE,TREATED,9,34.62,26,15,POC,22,84.62,ETH_EVENING,3atr,true
R01,APPROACH_FROM_ABOVE,TREATED,8,53.33,15,15,POC,11,73.33,ETH_OVERNIGHT,3atr,true
R02,APPROACH_FROM_ABOVE,TREATED,29,49.15,59,15,POC,54,91.53,ALL_SESSIONS,3atr,false
R02,APPROACH_FROM_ABOVE,TREATED,2,28.57,7,15,POC,6,85.71,RTH_AFTERNOON,3atr,true
R02,APPROACH_FROM_ABOVE,TREATED,0,0,4,15,POC,4,100,RTH_MIDDAY,3atr,true
R02,APPROACH_FROM_ABOVE,TREATED,7,53.85,13,15,POC,10,76.92,RTH_MORNING,3atr,true
R02,APPROACH_FROM_ABOVE,TREATED,20,57.14,35,15,POC,34,97.14,RTH_OPEN,3atr,false
R03,APPROACH_FROM_ABOVE,TREATED,26,54.17,48,15,POC,39,81.25,ALL_SESSIONS,3atr,false
R03,APPROACH_FROM_ABOVE,TREATED,3,75,4,15,POC,3,75,RTH_AFTERNOON,3atr,true
R03,APPROACH_FROM_ABOVE,TREATED,0,0,1,15,POC,1,100,RTH_MIDDAY,3atr,true
R03,APPROACH_FROM_ABOVE,TREATED,2,50,4,15,POC,1,25,RTH_MORNING,3atr,true
R03,APPROACH_FROM_ABOVE,TREATED,21,53.85,39,15,POC,34,87.18,RTH_OPEN,3atr,false
R04,APPROACH_FROM_ABOVE,TREATED,26,56.52,46,15,POC,42,91.3,ALL_SESSIONS,3atr,false
R04,APPROACH_FROM_ABOVE,TREATED,1,50,2,15,POC,2,100,RTH_AFTERNOON,3atr,true
R04,APPROACH_FROM_ABOVE,TREATED,1,50,2,15,POC,2,100,RTH_MIDDAY,3atr,true
R04,APPROACH_FROM_ABOVE,TREATED,0,0,2,15,POC,2,100,RTH_MORNING,3atr,true
R04,APPROACH_FROM_ABOVE,TREATED,24,60,40,15,POC,36,90,RTH_OPEN,3atr,false
R05,APPROACH_FROM_ABOVE,TREATED,26,55.32,47,15,POC,41,87.23,ALL_SESSIONS,3atr,false
R05,APPROACH_FROM_ABOVE,TREATED,3,50,6,15,POC,6,100,RTH_MIDDAY,3atr,true
R05,APPROACH_FROM_ABOVE,TREATED,23,56.1,41,15,POC,35,85.37,RTH_MORNING,3atr,false
ALL_ANCHORS,APPROACH_FROM_BELOW,TREATED,120,52.86,227,15,POC,184,81.06,ALL_SESSIONS,3atr,false
ALL_ANCHORS,APPROACH_FROM_BELOW,TREATED,13,46.43,28,15,POC,22,78.57,ETH_EVENING,3atr,true
ALL_ANCHORS,APPROACH_FROM_BELOW,TREATED,6,42.86,14,15,POC,8,57.14,ETH_OVERNIGHT,3atr,true
ALL_ANCHORS,APPROACH_FROM_BELOW,TREATED,1,12.5,8,15,POC,8,100,RTH_AFTERNOON,3atr,true
ALL_ANCHORS,APPROACH_FROM_BELOW,TREATED,11,61.11,18,15,POC,12,66.67,RTH_MIDDAY,3atr,true
ALL_ANCHORS,APPROACH_FROM_BELOW,TREATED,29,54.72,53,15,POC,44,83.02,RTH_MORNING,3atr,false
ALL_ANCHORS,APPROACH_FROM_BELOW,TREATED,60,56.6,106,15,POC,90,84.91,RTH_OPEN,3atr,false
R01,APPROACH_FROM_BELOW,TREATED,19,45.24,42,15,POC,30,71.43,ALL_SESSIONS,3atr,false
R01,APPROACH_FROM_BELOW,TREATED,13,46.43,28,15,POC,22,78.57,ETH_EVENING,3atr,true
R01,APPROACH_FROM_BELOW,TREATED,6,42.86,14,15,POC,8,57.14,ETH_OVERNIGHT,3atr,true
R02,APPROACH_FROM_BELOW,TREATED,14,48.28,29,15,POC,23,79.31,ALL_SESSIONS,3atr,true
R02,APPROACH_FROM_BELOW,TREATED,0,0,2,15,POC,2,100,RTH_AFTERNOON,3atr,true
R02,APPROACH_FROM_BELOW,TREATED,2,40,5,15,POC,3,60,RTH_MIDDAY,3atr,true
R02,APPROACH_FROM_BELOW,TREATED,4,57.14,7,15,POC,5,71.43,RTH_MORNING,3atr,true
R02,APPROACH_FROM_BELOW,TREATED,8,53.33,15,15,POC,13,86.67,RTH_OPEN,3atr,true
R03,APPROACH_FROM_BELOW,TREATED,31,55.36,56,15,POC,48,85.71,ALL_SESSIONS,3atr,false
R03,APPROACH_FROM_BELOW,TREATED,0,0,3,15,POC,3,100,RTH_AFTERNOON,3atr,true
R03,APPROACH_FROM_BELOW,TREATED,4,80,5,15,POC,4,80,RTH_MIDDAY,3atr,true
R03,APPROACH_FROM_BELOW,TREATED,3,42.86,7,15,POC,7,100,RTH_MORNING,3atr,true
R03,APPROACH_FROM_BELOW,TREATED,24,58.54,41,15,POC,34,82.93,RTH_OPEN,3atr,false
R04,APPROACH_FROM_BELOW,TREATED,31,50.82,61,15,POC,54,88.52,ALL_SESSIONS,3atr,false
R04,APPROACH_FROM_BELOW,TREATED,0,0,2,15,POC,2,100,RTH_AFTERNOON,3atr,true
R04,APPROACH_FROM_BELOW,TREATED,1,25,4,15,POC,4,100,RTH_MIDDAY,3atr,true
R04,APPROACH_FROM_BELOW,TREATED,2,40,5,15,POC,5,100,RTH_MORNING,3atr,true
R04,APPROACH_FROM_BELOW,TREATED,28,56,50,15,POC,43,86,RTH_OPEN,3atr,false
R05,APPROACH_FROM_BELOW,TREATED,25,64.1,39,15,POC,29,74.36,ALL_SESSIONS,3atr,false
R05,APPROACH_FROM_BELOW,TREATED,1,100,1,15,POC,1,100,RTH_AFTERNOON,3atr,true
R05,APPROACH_FROM_BELOW,TREATED,4,100,4,15,POC,1,25,RTH_MIDDAY,3atr,true
R05,APPROACH_FROM_BELOW,TREATED,20,58.82,34,15,POC,27,79.41,RTH_MORNING,3atr,false
ALL_ANCHORS,APPROACH_FROM_ABOVE,C01_NEUTRAL,86,45.26,190,30,NONPOC,166,87.37,ALL_SESSIONS,3atr,false
ALL_ANCHORS,APPROACH_FROM_ABOVE,C01_NEUTRAL,7,41.18,17,30,NONPOC,15,88.24,ETH_EVENING,3atr,true
ALL_ANCHORS,APPROACH_FROM_ABOVE,C01_NEUTRAL,5,38.46,13,30,NONPOC,11,84.62,ETH_OVERNIGHT,3atr,true
ALL_ANCHORS,APPROACH_FROM_ABOVE,C01_NEUTRAL,2,40,5,30,NONPOC,4,80,RTH_AFTERNOON,3atr,true
ALL_ANCHORS,APPROACH_FROM_ABOVE,C01_NEUTRAL,11,61.11,18,30,NONPOC,16,88.89,RTH_MIDDAY,3atr,true
ALL_ANCHORS,APPROACH_FROM_ABOVE,C01_NEUTRAL,24,52.17,46,30,NONPOC,38,82.61,RTH_MORNING,3atr,false
ALL_ANCHORS,APPROACH_FROM_ABOVE,C01_NEUTRAL,37,40.66,91,30,NONPOC,82,90.11,RTH_OPEN,3atr,false
R01,APPROACH_FROM_ABOVE,C01_NEUTRAL,12,40,30,30,NONPOC,26,86.67,ALL_SESSIONS,3atr,false
R01,APPROACH_FROM_ABOVE,C01_NEUTRAL,7,41.18,17,30,NONPOC,15,88.24,ETH_EVENING,3atr,true
R01,APPROACH_FROM_ABOVE,C01_NEUTRAL,5,38.46,13,30,NONPOC,11,84.62,ETH_OVERNIGHT,3atr,true
R02,APPROACH_FROM_ABOVE,C01_NEUTRAL,14,32.56,43,30,NONPOC,38,88.37,ALL_SESSIONS,3atr,false
R02,APPROACH_FROM_ABOVE,C01_NEUTRAL,0,0,2,30,NONPOC,2,100,RTH_AFTERNOON,3atr,true
R02,APPROACH_FROM_ABOVE,C01_NEUTRAL,2,40,5,30,NONPOC,4,80,RTH_MIDDAY,3atr,true
R02,APPROACH_FROM_ABOVE,C01_NEUTRAL,6,66.67,9,30,NONPOC,7,77.78,RTH_MORNING,3atr,true
R02,APPROACH_FROM_ABOVE,C01_NEUTRAL,6,22.22,27,30,NONPOC,25,92.59,RTH_OPEN,3atr,true
R03,APPROACH_FROM_ABOVE,C01_NEUTRAL,30,49.18,61,30,NONPOC,52,85.25,ALL_SESSIONS,3atr,false
R03,APPROACH_FROM_ABOVE,C01_NEUTRAL,1,50,2,30,NONPOC,1,50,RTH_AFTERNOON,3atr,true
R03,APPROACH_FROM_ABOVE,C01_NEUTRAL,4,57.14,7,30,NONPOC,6,85.71,RTH_MIDDAY,3atr,true
R03,APPROACH_FROM_ABOVE,C01_NEUTRAL,4,66.67,6,30,NONPOC,5,83.33,RTH_MORNING,3atr,true
R03,APPROACH_FROM_ABOVE,C01_NEUTRAL,21,45.65,46,30,NONPOC,40,86.96,RTH_OPEN,3atr,false
R04,APPROACH_FROM_ABOVE,C01_NEUTRAL,16,57.14,28,30,NONPOC,25,89.29,ALL_SESSIONS,3atr,true
R04,APPROACH_FROM_ABOVE,C01_NEUTRAL,1,100,1,30,NONPOC,1,100,RTH_AFTERNOON,3atr,true
R04,APPROACH_FROM_ABOVE,C01_NEUTRAL,1,100,1,30,NONPOC,1,100,RTH_MIDDAY,3atr,true
R04,APPROACH_FROM_ABOVE,C01_NEUTRAL,4,50,8,30,NONPOC,6,75,RTH_MORNING,3atr,true
R04,APPROACH_FROM_ABOVE,C01_NEUTRAL,10,55.56,18,30,NONPOC,17,94.44,RTH_OPEN,3atr,true
R05,APPROACH_FROM_ABOVE,C01_NEUTRAL,14,50,28,30,NONPOC,25,89.29,ALL_SESSIONS,3atr,true
R05,APPROACH_FROM_ABOVE,C01_NEUTRAL,4,80,5,30,NONPOC,5,100,RTH_MIDDAY,3atr,true
R05,APPROACH_FROM_ABOVE,C01_NEUTRAL,10,43.48,23,30,NONPOC,20,86.96,RTH_MORNING,3atr,true
ALL_ANCHORS,APPROACH_FROM_BELOW,C01_NEUTRAL,70,46.98,149,30,NONPOC,130,87.25,ALL_SESSIONS,3atr,false
ALL_ANCHORS,APPROACH_FROM_BELOW,C01_NEUTRAL,3,23.08,13,30,NONPOC,12,92.31,ETH_EVENING,3atr,true
ALL_ANCHORS,APPROACH_FROM_BELOW,C01_NEUTRAL,5,41.67,12,30,NONPOC,10,83.33,ETH_OVERNIGHT,3atr,true
ALL_ANCHORS,APPROACH_FROM_BELOW,C01_NEUTRAL,5,71.43,7,30,NONPOC,5,71.43,RTH_AFTERNOON,3atr,true
ALL_ANCHORS,APPROACH_FROM_BELOW,C01_NEUTRAL,6,40,15,30,NONPOC,15,100,RTH_MIDDAY,3atr,true
ALL_ANCHORS,APPROACH_FROM_BELOW,C01_NEUTRAL,18,52.94,34,30,NONPOC,27,79.41,RTH_MORNING,3atr,false
ALL_ANCHORS,APPROACH_FROM_BELOW,C01_NEUTRAL,33,48.53,68,30,NONPOC,61,89.71,RTH_OPEN,3atr,false
R01,APPROACH_FROM_BELOW,C01_NEUTRAL,8,32,25,30,NONPOC,22,88,ALL_SESSIONS,3atr,true
R01,APPROACH_FROM_BELOW,C01_NEUTRAL,3,23.08,13,30,NONPOC,12,92.31,ETH_EVENING,3atr,true
R01,APPROACH_FROM_BELOW,C01_NEUTRAL,5,41.67,12,30,NONPOC,10,83.33,ETH_OVERNIGHT,3atr,true
R02,APPROACH_FROM_BELOW,C01_NEUTRAL,13,52,25,30,NONPOC,20,80,ALL_SESSIONS,3atr,true
R02,APPROACH_FROM_BELOW,C01_NEUTRAL,0,0,1,30,NONPOC,1,100,RTH_AFTERNOON,3atr,true
R02,APPROACH_FROM_BELOW,C01_NEUTRAL,0,0,2,30,NONPOC,2,100,RTH_MIDDAY,3atr,true
R02,APPROACH_FROM_BELOW,C01_NEUTRAL,3,75,4,30,NONPOC,3,75,RTH_MORNING,3atr,true
R02,APPROACH_FROM_BELOW,C01_NEUTRAL,10,55.56,18,30,NONPOC,14,77.78,RTH_OPEN,3atr,true
R03,APPROACH_FROM_BELOW,C01_NEUTRAL,20,42.55,47,30,NONPOC,42,89.36,ALL_SESSIONS,3atr,false
R03,APPROACH_FROM_BELOW,C01_NEUTRAL,1,50,2,30,NONPOC,1,50,RTH_AFTERNOON,3atr,true
R03,APPROACH_FROM_BELOW,C01_NEUTRAL,2,25,8,30,NONPOC,8,100,RTH_MIDDAY,3atr,true
R03,APPROACH_FROM_BELOW,C01_NEUTRAL,5,71.43,7,30,NONPOC,4,57.14,RTH_MORNING,3atr,true
R03,APPROACH_FROM_BELOW,C01_NEUTRAL,12,40,30,30,NONPOC,29,96.67,RTH_OPEN,3atr,false
R04,APPROACH_FROM_BELOW,C01_NEUTRAL,19,61.29,31,30,NONPOC,28,90.32,ALL_SESSIONS,3atr,false
R04,APPROACH_FROM_BELOW,C01_NEUTRAL,4,100,4,30,NONPOC,3,75,RTH_AFTERNOON,3atr,true
R04,APPROACH_FROM_BELOW,C01_NEUTRAL,3,75,4,30,NONPOC,4,100,RTH_MIDDAY,3atr,true
R04,APPROACH_FROM_BELOW,C01_NEUTRAL,1,33.33,3,30,NONPOC,3,100,RTH_MORNING,3atr,true
R04,APPROACH_FROM_BELOW,C01_NEUTRAL,11,55,20,30,NONPOC,18,90,RTH_OPEN,3atr,true
R05,APPROACH_FROM_BELOW,C01_NEUTRAL,10,47.62,21,30,NONPOC,18,85.71,ALL_SESSIONS,3atr,true
R05,APPROACH_FROM_BELOW,C01_NEUTRAL,1,100,1,30,NONPOC,1,100,RTH_MIDDAY,3atr,true
R05,APPROACH_FROM_BELOW,C01_NEUTRAL,9,45,20,30,NONPOC,17,85,RTH_MORNING,3atr,true
ALL_ANCHORS,APPROACH_FROM_ABOVE,C02_ACTIVITY_MATCHED,76,44.44,171,30,NONPOC,149,87.13,ALL_SESSIONS,3atr,false
ALL_ANCHORS,APPROACH_FROM_ABOVE,C02_ACTIVITY_MATCHED,5,23.81,21,30,NONPOC,21,100,ETH_EVENING,3atr,true
ALL_ANCHORS,APPROACH_FROM_ABOVE,C02_ACTIVITY_MATCHED,5,50,10,30,NONPOC,6,60,ETH_OVERNIGHT,3atr,true
ALL_ANCHORS,APPROACH_FROM_ABOVE,C02_ACTIVITY_MATCHED,4,66.67,6,30,NONPOC,5,83.33,RTH_AFTERNOON,3atr,true
ALL_ANCHORS,APPROACH_FROM_ABOVE,C02_ACTIVITY_MATCHED,6,37.5,16,30,NONPOC,14,87.5,RTH_MIDDAY,3atr,true
ALL_ANCHORS,APPROACH_FROM_ABOVE,C02_ACTIVITY_MATCHED,22,51.16,43,30,NONPOC,33,76.74,RTH_MORNING,3atr,false
ALL_ANCHORS,APPROACH_FROM_ABOVE,C02_ACTIVITY_MATCHED,34,45.33,75,30,NONPOC,70,93.33,RTH_OPEN,3atr,false
R01,APPROACH_FROM_ABOVE,C02_ACTIVITY_MATCHED,10,32.26,31,30,NONPOC,27,87.1,ALL_SESSIONS,3atr,false
R01,APPROACH_FROM_ABOVE,C02_ACTIVITY_MATCHED,5,23.81,21,30,NONPOC,21,100,ETH_EVENING,3atr,true
R01,APPROACH_FROM_ABOVE,C02_ACTIVITY_MATCHED,5,50,10,30,NONPOC,6,60,ETH_OVERNIGHT,3atr,true
R02,APPROACH_FROM_ABOVE,C02_ACTIVITY_MATCHED,15,36.59,41,30,NONPOC,36,87.8,ALL_SESSIONS,3atr,false
R02,APPROACH_FROM_ABOVE,C02_ACTIVITY_MATCHED,2,50,4,30,NONPOC,3,75,RTH_AFTERNOON,3atr,true
R02,APPROACH_FROM_ABOVE,C02_ACTIVITY_MATCHED,0,0,3,30,NONPOC,2,66.67,RTH_MIDDAY,3atr,true
R02,APPROACH_FROM_ABOVE,C02_ACTIVITY_MATCHED,4,44.44,9,30,NONPOC,6,66.67,RTH_MORNING,3atr,true
R02,APPROACH_FROM_ABOVE,C02_ACTIVITY_MATCHED,9,36,25,30,NONPOC,25,100,RTH_OPEN,3atr,true
R03,APPROACH_FROM_ABOVE,C02_ACTIVITY_MATCHED,20,41.67,48,30,NONPOC,44,91.67,ALL_SESSIONS,3atr,false
R03,APPROACH_FROM_ABOVE,C02_ACTIVITY_MATCHED,2,100,2,30,NONPOC,2,100,RTH_AFTERNOON,3atr,true
R03,APPROACH_FROM_ABOVE,C02_ACTIVITY_MATCHED,2,28.57,7,30,NONPOC,7,100,RTH_MIDDAY,3atr,true
R03,APPROACH_FROM_ABOVE,C02_ACTIVITY_MATCHED,1,20,5,30,NONPOC,4,80,RTH_MORNING,3atr,true
R03,APPROACH_FROM_ABOVE,C02_ACTIVITY_MATCHED,15,44.12,34,30,NONPOC,31,91.18,RTH_OPEN,3atr,false
R04,APPROACH_FROM_ABOVE,C02_ACTIVITY_MATCHED,15,71.43,21,30,NONPOC,19,90.48,ALL_SESSIONS,3atr,true
R04,APPROACH_FROM_ABOVE,C02_ACTIVITY_MATCHED,5,100,5,30,NONPOC,5,100,RTH_MORNING,3atr,true
R04,APPROACH_FROM_ABOVE,C02_ACTIVITY_MATCHED,10,62.5,16,30,NONPOC,14,87.5,RTH_OPEN,3atr,true
R05,APPROACH_FROM_ABOVE,C02_ACTIVITY_MATCHED,16,53.33,30,30,NONPOC,23,76.67,ALL_SESSIONS,3atr,false
R05,APPROACH_FROM_ABOVE,C02_ACTIVITY_MATCHED,4,66.67,6,30,NONPOC,5,83.33,RTH_MIDDAY,3atr,true
R05,APPROACH_FROM_ABOVE,C02_ACTIVITY_MATCHED,12,50,24,30,NONPOC,18,75,RTH_MORNING,3atr,true
ALL_ANCHORS,APPROACH_FROM_BELOW,C02_ACTIVITY_MATCHED,87,55.77,156,30,NONPOC,132,84.62,ALL_SESSIONS,3atr,false
ALL_ANCHORS,APPROACH_FROM_BELOW,C02_ACTIVITY_MATCHED,10,52.63,19,30,NONPOC,16,84.21,ETH_EVENING,3atr,true
ALL_ANCHORS,APPROACH_FROM_BELOW,C02_ACTIVITY_MATCHED,4,57.14,7,30,NONPOC,6,85.71,ETH_OVERNIGHT,3atr,true
ALL_ANCHORS,APPROACH_FROM_BELOW,C02_ACTIVITY_MATCHED,5,62.5,8,30,NONPOC,6,75,RTH_AFTERNOON,3atr,true
ALL_ANCHORS,APPROACH_FROM_BELOW,C02_ACTIVITY_MATCHED,10,47.62,21,30,NONPOC,20,95.24,RTH_MIDDAY,3atr,true
ALL_ANCHORS,APPROACH_FROM_BELOW,C02_ACTIVITY_MATCHED,17,58.62,29,30,NONPOC,21,72.41,RTH_MORNING,3atr,true
ALL_ANCHORS,APPROACH_FROM_BELOW,C02_ACTIVITY_MATCHED,41,56.94,72,30,NONPOC,63,87.5,RTH_OPEN,3atr,false
R01,APPROACH_FROM_BELOW,C02_ACTIVITY_MATCHED,14,53.85,26,30,NONPOC,22,84.62,ALL_SESSIONS,3atr,true
R01,APPROACH_FROM_BELOW,C02_ACTIVITY_MATCHED,10,52.63,19,30,NONPOC,16,84.21,ETH_EVENING,3atr,true
R01,APPROACH_FROM_BELOW,C02_ACTIVITY_MATCHED,4,57.14,7,30,NONPOC,6,85.71,ETH_OVERNIGHT,3atr,true
R02,APPROACH_FROM_BELOW,C02_ACTIVITY_MATCHED,16,53.33,30,30,NONPOC,25,83.33,ALL_SESSIONS,3atr,false
R02,APPROACH_FROM_BELOW,C02_ACTIVITY_MATCHED,0,0,1,30,NONPOC,1,100,RTH_AFTERNOON,3atr,true
R02,APPROACH_FROM_BELOW,C02_ACTIVITY_MATCHED,2,33.33,6,30,NONPOC,6,100,RTH_MIDDAY,3atr,true
R02,APPROACH_FROM_BELOW,C02_ACTIVITY_MATCHED,3,75,4,30,NONPOC,2,50,RTH_MORNING,3atr,true
R02,APPROACH_FROM_BELOW,C02_ACTIVITY_MATCHED,11,57.89,19,30,NONPOC,16,84.21,RTH_OPEN,3atr,true
R03,APPROACH_FROM_BELOW,C02_ACTIVITY_MATCHED,25,52.08,48,30,NONPOC,42,87.5,ALL_SESSIONS,3atr,false
R03,APPROACH_FROM_BELOW,C02_ACTIVITY_MATCHED,2,66.67,3,30,NONPOC,2,66.67,RTH_AFTERNOON,3atr,true
R03,APPROACH_FROM_BELOW,C02_ACTIVITY_MATCHED,3,37.5,8,30,NONPOC,8,100,RTH_MIDDAY,3atr,true
R03,APPROACH_FROM_BELOW,C02_ACTIVITY_MATCHED,3,75,4,30,NONPOC,2,50,RTH_MORNING,3atr,true
R03,APPROACH_FROM_BELOW,C02_ACTIVITY_MATCHED,17,51.52,33,30,NONPOC,30,90.91,RTH_OPEN,3atr,false
R04,APPROACH_FROM_BELOW,C02_ACTIVITY_MATCHED,20,66.67,30,30,NONPOC,26,86.67,ALL_SESSIONS,3atr,false
R04,APPROACH_FROM_BELOW,C02_ACTIVITY_MATCHED,3,75,4,30,NONPOC,3,75,RTH_AFTERNOON,3atr,true
R04,APPROACH_FROM_BELOW,C02_ACTIVITY_MATCHED,3,75,4,30,NONPOC,4,100,RTH_MIDDAY,3atr,true
R04,APPROACH_FROM_BELOW,C02_ACTIVITY_MATCHED,1,50,2,30,NONPOC,2,100,RTH_MORNING,3atr,true
R04,APPROACH_FROM_BELOW,C02_ACTIVITY_MATCHED,13,65,20,30,NONPOC,17,85,RTH_OPEN,3atr,true
R05,APPROACH_FROM_BELOW,C02_ACTIVITY_MATCHED,12,54.55,22,30,NONPOC,17,77.27,ALL_SESSIONS,3atr,true
R05,APPROACH_FROM_BELOW,C02_ACTIVITY_MATCHED,2,66.67,3,30,NONPOC,2,66.67,RTH_MIDDAY,3atr,true
R05,APPROACH_FROM_BELOW,C02_ACTIVITY_MATCHED,10,52.63,19,30,NONPOC,15,78.95,RTH_MORNING,3atr,true
ALL_ANCHORS,APPROACH_FROM_ABOVE,TREATED,83,47.7,174,30,NONPOC,156,89.66,ALL_SESSIONS,3atr,false
ALL_ANCHORS,APPROACH_FROM_ABOVE,TREATED,8,47.06,17,30,NONPOC,14,82.35,ETH_EVENING,3atr,true
ALL_ANCHORS,APPROACH_FROM_ABOVE,TREATED,5,38.46,13,30,NONPOC,10,76.92,ETH_OVERNIGHT,3atr,true
ALL_ANCHORS,APPROACH_FROM_ABOVE,TREATED,2,33.33,6,30,NONPOC,6,100,RTH_AFTERNOON,3atr,true
ALL_ANCHORS,APPROACH_FROM_ABOVE,TREATED,9,50,18,30,NONPOC,17,94.44,RTH_MIDDAY,3atr,true
ALL_ANCHORS,APPROACH_FROM_ABOVE,TREATED,19,48.72,39,30,NONPOC,34,87.18,RTH_MORNING,3atr,false
ALL_ANCHORS,APPROACH_FROM_ABOVE,TREATED,40,49.38,81,30,NONPOC,75,92.59,RTH_OPEN,3atr,false
R01,APPROACH_FROM_ABOVE,TREATED,13,43.33,30,30,NONPOC,24,80,ALL_SESSIONS,3atr,false
R01,APPROACH_FROM_ABOVE,TREATED,8,47.06,17,30,NONPOC,14,82.35,ETH_EVENING,3atr,true
R01,APPROACH_FROM_ABOVE,TREATED,5,38.46,13,30,NONPOC,10,76.92,ETH_OVERNIGHT,3atr,true
R02,APPROACH_FROM_ABOVE,TREATED,12,30.77,39,30,NONPOC,37,94.87,ALL_SESSIONS,3atr,false
R02,APPROACH_FROM_ABOVE,TREATED,0,0,2,30,NONPOC,2,100,RTH_AFTERNOON,3atr,true
R02,APPROACH_FROM_ABOVE,TREATED,1,20,5,30,NONPOC,5,100,RTH_MIDDAY,3atr,true
R02,APPROACH_FROM_ABOVE,TREATED,4,50,8,30,NONPOC,6,75,RTH_MORNING,3atr,true
R02,APPROACH_FROM_ABOVE,TREATED,7,29.17,24,30,NONPOC,24,100,RTH_OPEN,3atr,true
R03,APPROACH_FROM_ABOVE,TREATED,30,54.55,55,30,NONPOC,48,87.27,ALL_SESSIONS,3atr,false
R03,APPROACH_FROM_ABOVE,TREATED,1,33.33,3,30,NONPOC,3,100,RTH_AFTERNOON,3atr,true
R03,APPROACH_FROM_ABOVE,TREATED,3,50,6,30,NONPOC,5,83.33,RTH_MIDDAY,3atr,true
R03,APPROACH_FROM_ABOVE,TREATED,4,66.67,6,30,NONPOC,5,83.33,RTH_MORNING,3atr,true
R03,APPROACH_FROM_ABOVE,TREATED,22,55,40,30,NONPOC,35,87.5,RTH_OPEN,3atr,false
R04,APPROACH_FROM_ABOVE,TREATED,17,68,25,30,NONPOC,23,92,ALL_SESSIONS,3atr,true
R04,APPROACH_FROM_ABOVE,TREATED,1,100,1,30,NONPOC,1,100,RTH_AFTERNOON,3atr,true
R04,APPROACH_FROM_ABOVE,TREATED,1,100,1,30,NONPOC,1,100,RTH_MIDDAY,3atr,true
R04,APPROACH_FROM_ABOVE,TREATED,4,66.67,6,30,NONPOC,5,83.33,RTH_MORNING,3atr,true
R04,APPROACH_FROM_ABOVE,TREATED,11,64.71,17,30,NONPOC,16,94.12,RTH_OPEN,3atr,true
R05,APPROACH_FROM_ABOVE,TREATED,11,44,25,30,NONPOC,24,96,ALL_SESSIONS,3atr,true
R05,APPROACH_FROM_ABOVE,TREATED,4,66.67,6,30,NONPOC,6,100,RTH_MIDDAY,3atr,true
R05,APPROACH_FROM_ABOVE,TREATED,7,36.84,19,30,NONPOC,18,94.74,RTH_MORNING,3atr,true
ALL_ANCHORS,APPROACH_FROM_BELOW,TREATED,85,54.49,156,30,NONPOC,131,83.97,ALL_SESSIONS,3atr,false
ALL_ANCHORS,APPROACH_FROM_BELOW,TREATED,10,55.56,18,30,NONPOC,14,77.78,ETH_EVENING,3atr,true
ALL_ANCHORS,APPROACH_FROM_BELOW,TREATED,4,36.36,11,30,NONPOC,9,81.82,ETH_OVERNIGHT,3atr,true
ALL_ANCHORS,APPROACH_FROM_BELOW,TREATED,7,100,7,30,NONPOC,5,71.43,RTH_AFTERNOON,3atr,true
ALL_ANCHORS,APPROACH_FROM_BELOW,TREATED,6,40,15,30,NONPOC,14,93.33,RTH_MIDDAY,3atr,true
ALL_ANCHORS,APPROACH_FROM_BELOW,TREATED,22,64.71,34,30,NONPOC,26,76.47,RTH_MORNING,3atr,false
ALL_ANCHORS,APPROACH_FROM_BELOW,TREATED,36,50.7,71,30,NONPOC,63,88.73,RTH_OPEN,3atr,false
R01,APPROACH_FROM_BELOW,TREATED,14,48.28,29,30,NONPOC,23,79.31,ALL_SESSIONS,3atr,true
R01,APPROACH_FROM_BELOW,TREATED,10,55.56,18,30,NONPOC,14,77.78,ETH_EVENING,3atr,true
R01,APPROACH_FROM_BELOW,TREATED,4,36.36,11,30,NONPOC,9,81.82,ETH_OVERNIGHT,3atr,true
R02,APPROACH_FROM_BELOW,TREATED,13,56.52,23,30,NONPOC,18,78.26,ALL_SESSIONS,3atr,true
R02,APPROACH_FROM_BELOW,TREATED,2,50,4,30,NONPOC,3,75,RTH_MIDDAY,3atr,true
R02,APPROACH_FROM_BELOW,TREATED,1,33.33,3,30,NONPOC,2,66.67,RTH_MORNING,3atr,true
R02,APPROACH_FROM_BELOW,TREATED,10,62.5,16,30,NONPOC,13,81.25,RTH_OPEN,3atr,true
R03,APPROACH_FROM_BELOW,TREATED,24,48,50,30,NONPOC,44,88,ALL_SESSIONS,3atr,false
R03,APPROACH_FROM_BELOW,TREATED,3,100,3,30,NONPOC,2,66.67,RTH_AFTERNOON,3atr,true
R03,APPROACH_FROM_BELOW,TREATED,2,28.57,7,30,NONPOC,7,100,RTH_MIDDAY,3atr,true
R03,APPROACH_FROM_BELOW,TREATED,5,83.33,6,30,NONPOC,4,66.67,RTH_MORNING,3atr,true
R03,APPROACH_FROM_BELOW,TREATED,14,41.18,34,30,NONPOC,31,91.18,RTH_OPEN,3atr,false
R04,APPROACH_FROM_BELOW,TREATED,20,64.52,31,30,NONPOC,28,90.32,ALL_SESSIONS,3atr,false
R04,APPROACH_FROM_BELOW,TREATED,4,100,4,30,NONPOC,3,75,RTH_AFTERNOON,3atr,true
R04,APPROACH_FROM_BELOW,TREATED,2,66.67,3,30,NONPOC,3,100,RTH_MIDDAY,3atr,true
R04,APPROACH_FROM_BELOW,TREATED,2,66.67,3,30,NONPOC,3,100,RTH_MORNING,3atr,true
R04,APPROACH_FROM_BELOW,TREATED,12,57.14,21,30,NONPOC,19,90.48,RTH_OPEN,3atr,true
R05,APPROACH_FROM_BELOW,TREATED,14,60.87,23,30,NONPOC,18,78.26,ALL_SESSIONS,3atr,true
R05,APPROACH_FROM_BELOW,TREATED,0,0,1,30,NONPOC,1,100,RTH_MIDDAY,3atr,true
R05,APPROACH_FROM_BELOW,TREATED,14,63.64,22,30,NONPOC,17,77.27,RTH_MORNING,3atr,true
ALL_ANCHORS,APPROACH_FROM_ABOVE,C01_NEUTRAL,118,46.64,253,30,POC,218,86.17,ALL_SESSIONS,3atr,false
ALL_ANCHORS,APPROACH_FROM_ABOVE,C01_NEUTRAL,10,40,25,30,POC,24,96,ETH_EVENING,3atr,true
ALL_ANCHORS,APPROACH_FROM_ABOVE,C01_NEUTRAL,11,61.11,18,30,POC,10,55.56,ETH_OVERNIGHT,3atr,true
ALL_ANCHORS,APPROACH_FROM_ABOVE,C01_NEUTRAL,4,40,10,30,POC,8,80,RTH_AFTERNOON,3atr,true
ALL_ANCHORS,APPROACH_FROM_ABOVE,C01_NEUTRAL,9,60,15,30,POC,14,93.33,RTH_MIDDAY,3atr,true
ALL_ANCHORS,APPROACH_FROM_ABOVE,C01_NEUTRAL,30,44.12,68,30,POC,55,80.88,RTH_MORNING,3atr,false
ALL_ANCHORS,APPROACH_FROM_ABOVE,C01_NEUTRAL,54,46.15,117,30,POC,107,91.45,RTH_OPEN,3atr,false
R01,APPROACH_FROM_ABOVE,C01_NEUTRAL,21,48.84,43,30,POC,34,79.07,ALL_SESSIONS,3atr,false
R01,APPROACH_FROM_ABOVE,C01_NEUTRAL,10,40,25,30,POC,24,96,ETH_EVENING,3atr,true
R01,APPROACH_FROM_ABOVE,C01_NEUTRAL,11,61.11,18,30,POC,10,55.56,ETH_OVERNIGHT,3atr,true
R02,APPROACH_FROM_ABOVE,C01_NEUTRAL,22,37.93,58,30,POC,54,93.1,ALL_SESSIONS,3atr,false
R02,APPROACH_FROM_ABOVE,C01_NEUTRAL,1,16.67,6,30,POC,6,100,RTH_AFTERNOON,3atr,true
R02,APPROACH_FROM_ABOVE,C01_NEUTRAL,2,40,5,30,POC,5,100,RTH_MIDDAY,3atr,true
R02,APPROACH_FROM_ABOVE,C01_NEUTRAL,5,35.71,14,30,POC,12,85.71,RTH_MORNING,3atr,true
R02,APPROACH_FROM_ABOVE,C01_NEUTRAL,14,42.42,33,30,POC,31,93.94,RTH_OPEN,3atr,false
R03,APPROACH_FROM_ABOVE,C01_NEUTRAL,23,46.94,49,30,POC,40,81.63,ALL_SESSIONS,3atr,false
R03,APPROACH_FROM_ABOVE,C01_NEUTRAL,2,66.67,3,30,POC,1,33.33,RTH_AFTERNOON,3atr,true
R03,APPROACH_FROM_ABOVE,C01_NEUTRAL,1,100,1,30,POC,1,100,RTH_MIDDAY,3atr,true
R03,APPROACH_FROM_ABOVE,C01_NEUTRAL,3,75,4,30,POC,1,25,RTH_MORNING,3atr,true
R03,APPROACH_FROM_ABOVE,C01_NEUTRAL,17,41.46,41,30,POC,37,90.24,RTH_OPEN,3atr,false
R04,APPROACH_FROM_ABOVE,C01_NEUTRAL,27,56.25,48,30,POC,44,91.67,ALL_SESSIONS,3atr,false
R04,APPROACH_FROM_ABOVE,C01_NEUTRAL,1,100,1,30,POC,1,100,RTH_AFTERNOON,3atr,true
R04,APPROACH_FROM_ABOVE,C01_NEUTRAL,2,100,2,30,POC,2,100,RTH_MIDDAY,3atr,true
R04,APPROACH_FROM_ABOVE,C01_NEUTRAL,1,50,2,30,POC,2,100,RTH_MORNING,3atr,true
R04,APPROACH_FROM_ABOVE,C01_NEUTRAL,23,53.49,43,30,POC,39,90.7,RTH_OPEN,3atr,false
R05,APPROACH_FROM_ABOVE,C01_NEUTRAL,25,45.45,55,30,POC,46,83.64,ALL_SESSIONS,3atr,false
R05,APPROACH_FROM_ABOVE,C01_NEUTRAL,4,57.14,7,30,POC,6,85.71,RTH_MIDDAY,3atr,true
R05,APPROACH_FROM_ABOVE,C01_NEUTRAL,21,43.75,48,30,POC,40,83.33,RTH_MORNING,3atr,false
ALL_ANCHORS,APPROACH_FROM_BELOW,C01_NEUTRAL,105,52.76,199,30,POC,170,85.43,ALL_SESSIONS,3atr,false
ALL_ANCHORS,APPROACH_FROM_BELOW,C01_NEUTRAL,15,57.69,26,30,POC,23,88.46,ETH_EVENING,3atr,true
ALL_ANCHORS,APPROACH_FROM_BELOW,C01_NEUTRAL,8,66.67,12,30,POC,8,66.67,ETH_OVERNIGHT,3atr,true
ALL_ANCHORS,APPROACH_FROM_BELOW,C01_NEUTRAL,3,50,6,30,POC,6,100,RTH_AFTERNOON,3atr,true
ALL_ANCHORS,APPROACH_FROM_BELOW,C01_NEUTRAL,9,56.25,16,30,POC,14,87.5,RTH_MIDDAY,3atr,true
ALL_ANCHORS,APPROACH_FROM_BELOW,C01_NEUTRAL,24,48,50,30,POC,42,84,RTH_MORNING,3atr,false
ALL_ANCHORS,APPROACH_FROM_BELOW,C01_NEUTRAL,46,51.69,89,30,POC,77,86.52,RTH_OPEN,3atr,false
R01,APPROACH_FROM_BELOW,C01_NEUTRAL,23,60.53,38,30,POC,31,81.58,ALL_SESSIONS,3atr,false
R01,APPROACH_FROM_BELOW,C01_NEUTRAL,15,57.69,26,30,POC,23,88.46,ETH_EVENING,3atr,true
R01,APPROACH_FROM_BELOW,C01_NEUTRAL,8,66.67,12,30,POC,8,66.67,ETH_OVERNIGHT,3atr,true
R02,APPROACH_FROM_BELOW,C01_NEUTRAL,17,58.62,29,30,POC,24,82.76,ALL_SESSIONS,3atr,true
R02,APPROACH_FROM_BELOW,C01_NEUTRAL,1,50,2,30,POC,2,100,RTH_AFTERNOON,3atr,true
R02,APPROACH_FROM_BELOW,C01_NEUTRAL,1,25,4,30,POC,3,75,RTH_MIDDAY,3atr,true
R02,APPROACH_FROM_BELOW,C01_NEUTRAL,7,77.78,9,30,POC,7,77.78,RTH_MORNING,3atr,true
R02,APPROACH_FROM_BELOW,C01_NEUTRAL,8,57.14,14,30,POC,12,85.71,RTH_OPEN,3atr,true
R03,APPROACH_FROM_BELOW,C01_NEUTRAL,23,51.11,45,30,POC,40,88.89,ALL_SESSIONS,3atr,false
R03,APPROACH_FROM_BELOW,C01_NEUTRAL,1,50,2,30,POC,2,100,RTH_AFTERNOON,3atr,true
R03,APPROACH_FROM_BELOW,C01_NEUTRAL,3,75,4,30,POC,4,100,RTH_MIDDAY,3atr,true
R03,APPROACH_FROM_BELOW,C01_NEUTRAL,4,66.67,6,30,POC,6,100,RTH_MORNING,3atr,true
R03,APPROACH_FROM_BELOW,C01_NEUTRAL,15,45.45,33,30,POC,28,84.85,RTH_OPEN,3atr,false
R04,APPROACH_FROM_BELOW,C01_NEUTRAL,27,54,50,30,POC,45,90,ALL_SESSIONS,3atr,false
R04,APPROACH_FROM_BELOW,C01_NEUTRAL,0,0,1,30,POC,1,100,RTH_AFTERNOON,3atr,true
R04,APPROACH_FROM_BELOW,C01_NEUTRAL,1,33.33,3,30,POC,3,100,RTH_MIDDAY,3atr,true
R04,APPROACH_FROM_BELOW,C01_NEUTRAL,3,75,4,30,POC,4,100,RTH_MORNING,3atr,true
R04,APPROACH_FROM_BELOW,C01_NEUTRAL,23,54.76,42,30,POC,37,88.1,RTH_OPEN,3atr,false
R05,APPROACH_FROM_BELOW,C01_NEUTRAL,15,40.54,37,30,POC,30,81.08,ALL_SESSIONS,3atr,false
R05,APPROACH_FROM_BELOW,C01_NEUTRAL,1,100,1,30,POC,1,100,RTH_AFTERNOON,3atr,true
R05,APPROACH_FROM_BELOW,C01_NEUTRAL,4,80,5,30,POC,4,80,RTH_MIDDAY,3atr,true
R05,APPROACH_FROM_BELOW,C01_NEUTRAL,10,32.26,31,30,POC,25,80.65,RTH_MORNING,3atr,false
ALL_ANCHORS,APPROACH_FROM_ABOVE,C02_ACTIVITY_MATCHED,95,52.2,182,30,POC,158,86.81,ALL_SESSIONS,3atr,false
ALL_ANCHORS,APPROACH_FROM_ABOVE,C02_ACTIVITY_MATCHED,14,60.87,23,30,POC,18,78.26,ETH_EVENING,3atr,true
ALL_ANCHORS,APPROACH_FROM_ABOVE,C02_ACTIVITY_MATCHED,3,37.5,8,30,POC,8,100,ETH_OVERNIGHT,3atr,true
ALL_ANCHORS,APPROACH_FROM_ABOVE,C02_ACTIVITY_MATCHED,1,16.67,6,30,POC,6,100,RTH_AFTERNOON,3atr,true
ALL_ANCHORS,APPROACH_FROM_ABOVE,C02_ACTIVITY_MATCHED,8,57.14,14,30,POC,12,85.71,RTH_MIDDAY,3atr,true
ALL_ANCHORS,APPROACH_FROM_ABOVE,C02_ACTIVITY_MATCHED,25,52.08,48,30,POC,38,79.17,RTH_MORNING,3atr,false
ALL_ANCHORS,APPROACH_FROM_ABOVE,C02_ACTIVITY_MATCHED,44,53.01,83,30,POC,76,91.57,RTH_OPEN,3atr,false
R01,APPROACH_FROM_ABOVE,C02_ACTIVITY_MATCHED,17,54.84,31,30,POC,26,83.87,ALL_SESSIONS,3atr,false
R01,APPROACH_FROM_ABOVE,C02_ACTIVITY_MATCHED,14,60.87,23,30,POC,18,78.26,ETH_EVENING,3atr,true
R01,APPROACH_FROM_ABOVE,C02_ACTIVITY_MATCHED,3,37.5,8,30,POC,8,100,ETH_OVERNIGHT,3atr,true
R02,APPROACH_FROM_ABOVE,C02_ACTIVITY_MATCHED,19,40.43,47,30,POC,40,85.11,ALL_SESSIONS,3atr,false
R02,APPROACH_FROM_ABOVE,C02_ACTIVITY_MATCHED,0,0,5,30,POC,5,100,RTH_AFTERNOON,3atr,true
R02,APPROACH_FROM_ABOVE,C02_ACTIVITY_MATCHED,2,40,5,30,POC,4,80,RTH_MIDDAY,3atr,true
R02,APPROACH_FROM_ABOVE,C02_ACTIVITY_MATCHED,5,38.46,13,30,POC,10,76.92,RTH_MORNING,3atr,true
R02,APPROACH_FROM_ABOVE,C02_ACTIVITY_MATCHED,12,50,24,30,POC,21,87.5,RTH_OPEN,3atr,true
R03,APPROACH_FROM_ABOVE,C02_ACTIVITY_MATCHED,18,52.94,34,30,POC,31,91.18,ALL_SESSIONS,3atr,false
R03,APPROACH_FROM_ABOVE,C02_ACTIVITY_MATCHED,1,100,1,30,POC,1,100,RTH_AFTERNOON,3atr,true
R03,APPROACH_FROM_ABOVE,C02_ACTIVITY_MATCHED,2,100,2,30,POC,2,100,RTH_MIDDAY,3atr,true
R03,APPROACH_FROM_ABOVE,C02_ACTIVITY_MATCHED,1,20,5,30,POC,4,80,RTH_MORNING,3atr,true
R03,APPROACH_FROM_ABOVE,C02_ACTIVITY_MATCHED,14,53.85,26,30,POC,24,92.31,RTH_OPEN,3atr,true
R04,APPROACH_FROM_ABOVE,C02_ACTIVITY_MATCHED,21,55.26,38,30,POC,35,92.11,ALL_SESSIONS,3atr,false
R04,APPROACH_FROM_ABOVE,C02_ACTIVITY_MATCHED,1,50,2,30,POC,2,100,RTH_MIDDAY,3atr,true
R04,APPROACH_FROM_ABOVE,C02_ACTIVITY_MATCHED,2,66.67,3,30,POC,2,66.67,RTH_MORNING,3atr,true
R04,APPROACH_FROM_ABOVE,C02_ACTIVITY_MATCHED,18,54.55,33,30,POC,31,93.94,RTH_OPEN,3atr,false
R05,APPROACH_FROM_ABOVE,C02_ACTIVITY_MATCHED,20,62.5,32,30,POC,26,81.25,ALL_SESSIONS,3atr,false
R05,APPROACH_FROM_ABOVE,C02_ACTIVITY_MATCHED,3,60,5,30,POC,4,80,RTH_MIDDAY,3atr,true
R05,APPROACH_FROM_ABOVE,C02_ACTIVITY_MATCHED,17,62.96,27,30,POC,22,81.48,RTH_MORNING,3atr,true
ALL_ANCHORS,APPROACH_FROM_BELOW,C02_ACTIVITY_MATCHED,98,53.85,182,30,POC,150,82.42,ALL_SESSIONS,3atr,false
ALL_ANCHORS,APPROACH_FROM_BELOW,C02_ACTIVITY_MATCHED,12,60,20,30,POC,18,90,ETH_EVENING,3atr,true
ALL_ANCHORS,APPROACH_FROM_BELOW,C02_ACTIVITY_MATCHED,10,62.5,16,30,POC,9,56.25,ETH_OVERNIGHT,3atr,true
ALL_ANCHORS,APPROACH_FROM_BELOW,C02_ACTIVITY_MATCHED,6,85.71,7,30,POC,6,85.71,RTH_AFTERNOON,3atr,true
ALL_ANCHORS,APPROACH_FROM_BELOW,C02_ACTIVITY_MATCHED,4,26.67,15,30,POC,14,93.33,RTH_MIDDAY,3atr,true
ALL_ANCHORS,APPROACH_FROM_BELOW,C02_ACTIVITY_MATCHED,28,57.14,49,30,POC,40,81.63,RTH_MORNING,3atr,false
ALL_ANCHORS,APPROACH_FROM_BELOW,C02_ACTIVITY_MATCHED,38,50.67,75,30,POC,63,84,RTH_OPEN,3atr,false
R01,APPROACH_FROM_BELOW,C02_ACTIVITY_MATCHED,22,61.11,36,30,POC,27,75,ALL_SESSIONS,3atr,false
R01,APPROACH_FROM_BELOW,C02_ACTIVITY_MATCHED,12,60,20,30,POC,18,90,ETH_EVENING,3atr,true
R01,APPROACH_FROM_BELOW,C02_ACTIVITY_MATCHED,10,62.5,16,30,POC,9,56.25,ETH_OVERNIGHT,3atr,true
R02,APPROACH_FROM_BELOW,C02_ACTIVITY_MATCHED,14,58.33,24,30,POC,21,87.5,ALL_SESSIONS,3atr,true
R02,APPROACH_FROM_BELOW,C02_ACTIVITY_MATCHED,1,50,2,30,POC,1,50,RTH_AFTERNOON,3atr,true
R02,APPROACH_FROM_BELOW,C02_ACTIVITY_MATCHED,1,20,5,30,POC,5,100,RTH_MIDDAY,3atr,true
R02,APPROACH_FROM_BELOW,C02_ACTIVITY_MATCHED,4,100,4,30,POC,4,100,RTH_MORNING,3atr,true
R02,APPROACH_FROM_BELOW,C02_ACTIVITY_MATCHED,8,61.54,13,30,POC,11,84.62,RTH_OPEN,3atr,true
R03,APPROACH_FROM_BELOW,C02_ACTIVITY_MATCHED,21,56.76,37,30,POC,32,86.49,ALL_SESSIONS,3atr,false
R03,APPROACH_FROM_BELOW,C02_ACTIVITY_MATCHED,2,100,2,30,POC,2,100,RTH_AFTERNOON,3atr,true
R03,APPROACH_FROM_BELOW,C02_ACTIVITY_MATCHED,1,50,2,30,POC,2,100,RTH_MIDDAY,3atr,true
R03,APPROACH_FROM_BELOW,C02_ACTIVITY_MATCHED,5,62.5,8,30,POC,8,100,RTH_MORNING,3atr,true
R03,APPROACH_FROM_BELOW,C02_ACTIVITY_MATCHED,13,52,25,30,POC,20,80,RTH_OPEN,3atr,true
R04,APPROACH_FROM_BELOW,C02_ACTIVITY_MATCHED,22,48.89,45,30,POC,40,88.89,ALL_SESSIONS,3atr,false
R04,APPROACH_FROM_BELOW,C02_ACTIVITY_MATCHED,2,100,2,30,POC,2,100,RTH_AFTERNOON,3atr,true
R04,APPROACH_FROM_BELOW,C02_ACTIVITY_MATCHED,1,33.33,3,30,POC,3,100,RTH_MIDDAY,3atr,true
R04,APPROACH_FROM_BELOW,C02_ACTIVITY_MATCHED,2,66.67,3,30,POC,3,100,RTH_MORNING,3atr,true
R04,APPROACH_FROM_BELOW,C02_ACTIVITY_MATCHED,17,45.95,37,30,POC,32,86.49,RTH_OPEN,3atr,false
R05,APPROACH_FROM_BELOW,C02_ACTIVITY_MATCHED,19,47.5,40,30,POC,30,75,ALL_SESSIONS,3atr,false
R05,APPROACH_FROM_BELOW,C02_ACTIVITY_MATCHED,1,100,1,30,POC,1,100,RTH_AFTERNOON,3atr,true
R05,APPROACH_FROM_BELOW,C02_ACTIVITY_MATCHED,1,20,5,30,POC,4,80,RTH_MIDDAY,3atr,true
R05,APPROACH_FROM_BELOW,C02_ACTIVITY_MATCHED,17,50,34,30,POC,25,73.53,RTH_MORNING,3atr,false
ALL_ANCHORS,APPROACH_FROM_ABOVE,TREATED,116,48.54,239,30,POC,207,86.61,ALL_SESSIONS,3atr,false
ALL_ANCHORS,APPROACH_FROM_ABOVE,TREATED,13,50,26,30,POC,22,84.62,ETH_EVENING,3atr,true
ALL_ANCHORS,APPROACH_FROM_ABOVE,TREATED,7,46.67,15,30,POC,11,73.33,ETH_OVERNIGHT,3atr,true
ALL_ANCHORS,APPROACH_FROM_ABOVE,TREATED,3,27.27,11,30,POC,9,81.82,RTH_AFTERNOON,3atr,true
ALL_ANCHORS,APPROACH_FROM_ABOVE,TREATED,6,46.15,13,30,POC,13,100,RTH_MIDDAY,3atr,true
ALL_ANCHORS,APPROACH_FROM_ABOVE,TREATED,31,51.67,60,30,POC,48,80,RTH_MORNING,3atr,false
ALL_ANCHORS,APPROACH_FROM_ABOVE,TREATED,56,49.12,114,30,POC,104,91.23,RTH_OPEN,3atr,false
R01,APPROACH_FROM_ABOVE,TREATED,20,48.78,41,30,POC,33,80.49,ALL_SESSIONS,3atr,false
R01,APPROACH_FROM_ABOVE,TREATED,13,50,26,30,POC,22,84.62,ETH_EVENING,3atr,true
R01,APPROACH_FROM_ABOVE,TREATED,7,46.67,15,30,POC,11,73.33,ETH_OVERNIGHT,3atr,true
R02,APPROACH_FROM_ABOVE,TREATED,21,35.59,59,30,POC,54,91.53,ALL_SESSIONS,3atr,false
R02,APPROACH_FROM_ABOVE,TREATED,1,14.29,7,30,POC,6,85.71,RTH_AFTERNOON,3atr,true
R02,APPROACH_FROM_ABOVE,TREATED,1,25,4,30,POC,4,100,RTH_MIDDAY,3atr,true
R02,APPROACH_FROM_ABOVE,TREATED,5,38.46,13,30,POC,10,76.92,RTH_MORNING,3atr,true
R02,APPROACH_FROM_ABOVE,TREATED,14,40,35,30,POC,34,97.14,RTH_OPEN,3atr,false
R03,APPROACH_FROM_ABOVE,TREATED,25,53.19,47,30,POC,38,80.85,ALL_SESSIONS,3atr,false
R03,APPROACH_FROM_ABOVE,TREATED,2,66.67,3,30,POC,2,66.67,RTH_AFTERNOON,3atr,true
R03,APPROACH_FROM_ABOVE,TREATED,0,0,1,30,POC,1,100,RTH_MIDDAY,3atr,true
R03,APPROACH_FROM_ABOVE,TREATED,3,75,4,30,POC,1,25,RTH_MORNING,3atr,true
R03,APPROACH_FROM_ABOVE,TREATED,20,51.28,39,30,POC,34,87.18,RTH_OPEN,3atr,false
R04,APPROACH_FROM_ABOVE,TREATED,25,55.56,45,30,POC,41,91.11,ALL_SESSIONS,3atr,false
R04,APPROACH_FROM_ABOVE,TREATED,0,0,1,30,POC,1,100,RTH_AFTERNOON,3atr,true
R04,APPROACH_FROM_ABOVE,TREATED,2,100,2,30,POC,2,100,RTH_MIDDAY,3atr,true
R04,APPROACH_FROM_ABOVE,TREATED,1,50,2,30,POC,2,100,RTH_MORNING,3atr,true
R04,APPROACH_FROM_ABOVE,TREATED,22,55,40,30,POC,36,90,RTH_OPEN,3atr,false
R05,APPROACH_FROM_ABOVE,TREATED,25,53.19,47,30,POC,41,87.23,ALL_SESSIONS,3atr,false
R05,APPROACH_FROM_ABOVE,TREATED,3,50,6,30,POC,6,100,RTH_MIDDAY,3atr,true
R05,APPROACH_FROM_ABOVE,TREATED,22,53.66,41,30,POC,35,85.37,RTH_MORNING,3atr,false
ALL_ANCHORS,APPROACH_FROM_BELOW,TREATED,130,58.04,224,30,POC,182,81.25,ALL_SESSIONS,3atr,false
ALL_ANCHORS,APPROACH_FROM_BELOW,TREATED,16,57.14,28,30,POC,22,78.57,ETH_EVENING,3atr,true
ALL_ANCHORS,APPROACH_FROM_BELOW,TREATED,8,57.14,14,30,POC,8,57.14,ETH_OVERNIGHT,3atr,true
ALL_ANCHORS,APPROACH_FROM_BELOW,TREATED,3,50,6,30,POC,6,100,RTH_AFTERNOON,3atr,true
ALL_ANCHORS,APPROACH_FROM_BELOW,TREATED,9,52.94,17,30,POC,12,70.59,RTH_MIDDAY,3atr,true
ALL_ANCHORS,APPROACH_FROM_BELOW,TREATED,30,56.6,53,30,POC,44,83.02,RTH_MORNING,3atr,false
ALL_ANCHORS,APPROACH_FROM_BELOW,TREATED,64,60.38,106,30,POC,90,84.91,RTH_OPEN,3atr,false
R01,APPROACH_FROM_BELOW,TREATED,24,57.14,42,30,POC,30,71.43,ALL_SESSIONS,3atr,false
R01,APPROACH_FROM_BELOW,TREATED,16,57.14,28,30,POC,22,78.57,ETH_EVENING,3atr,true
R01,APPROACH_FROM_BELOW,TREATED,8,57.14,14,30,POC,8,57.14,ETH_OVERNIGHT,3atr,true
R02,APPROACH_FROM_BELOW,TREATED,17,60.71,28,30,POC,23,82.14,ALL_SESSIONS,3atr,true
R02,APPROACH_FROM_BELOW,TREATED,1,50,2,30,POC,2,100,RTH_AFTERNOON,3atr,true
R02,APPROACH_FROM_BELOW,TREATED,1,25,4,30,POC,3,75,RTH_MIDDAY,3atr,true
R02,APPROACH_FROM_BELOW,TREATED,5,71.43,7,30,POC,5,71.43,RTH_MORNING,3atr,true
R02,APPROACH_FROM_BELOW,TREATED,10,66.67,15,30,POC,13,86.67,RTH_OPEN,3atr,true
R03,APPROACH_FROM_BELOW,TREATED,35,63.64,55,30,POC,47,85.45,ALL_SESSIONS,3atr,false
R03,APPROACH_FROM_BELOW,TREATED,1,50,2,30,POC,2,100,RTH_AFTERNOON,3atr,true
R03,APPROACH_FROM_BELOW,TREATED,4,80,5,30,POC,4,80,RTH_MIDDAY,3atr,true
R03,APPROACH_FROM_BELOW,TREATED,5,71.43,7,30,POC,7,100,RTH_MORNING,3atr,true
R03,APPROACH_FROM_BELOW,TREATED,25,60.98,41,30,POC,34,82.93,RTH_OPEN,3atr,false
R04,APPROACH_FROM_BELOW,TREATED,33,55,60,30,POC,53,88.33,ALL_SESSIONS,3atr,false
R04,APPROACH_FROM_BELOW,TREATED,0,0,1,30,POC,1,100,RTH_AFTERNOON,3atr,true
R04,APPROACH_FROM_BELOW,TREATED,1,25,4,30,POC,4,100,RTH_MIDDAY,3atr,true
R04,APPROACH_FROM_BELOW,TREATED,3,60,5,30,POC,5,100,RTH_MORNING,3atr,true
R04,APPROACH_FROM_BELOW,TREATED,29,58,50,30,POC,43,86,RTH_OPEN,3atr,false
R05,APPROACH_FROM_BELOW,TREATED,21,53.85,39,30,POC,29,74.36,ALL_SESSIONS,3atr,false
R05,APPROACH_FROM_BELOW,TREATED,1,100,1,30,POC,1,100,RTH_AFTERNOON,3atr,true
R05,APPROACH_FROM_BELOW,TREATED,3,75,4,30,POC,1,25,RTH_MIDDAY,3atr,true
R05,APPROACH_FROM_BELOW,TREATED,17,50,34,30,POC,27,79.41,RTH_MORNING,3atr,false
ALL_ANCHORS,APPROACH_FROM_ABOVE,C01_NEUTRAL,80,42.55,188,60,NONPOC,165,87.77,ALL_SESSIONS,3atr,false
ALL_ANCHORS,APPROACH_FROM_ABOVE,C01_NEUTRAL,6,35.29,17,60,NONPOC,15,88.24,ETH_EVENING,3atr,true
ALL_ANCHORS,APPROACH_FROM_ABOVE,C01_NEUTRAL,4,30.77,13,60,NONPOC,11,84.62,ETH_OVERNIGHT,3atr,true
ALL_ANCHORS,APPROACH_FROM_ABOVE,C01_NEUTRAL,2,66.67,3,60,NONPOC,3,100,RTH_AFTERNOON,3atr,true
ALL_ANCHORS,APPROACH_FROM_ABOVE,C01_NEUTRAL,10,55.56,18,60,NONPOC,16,88.89,RTH_MIDDAY,3atr,true
ALL_ANCHORS,APPROACH_FROM_ABOVE,C01_NEUTRAL,20,43.48,46,60,NONPOC,38,82.61,RTH_MORNING,3atr,false
ALL_ANCHORS,APPROACH_FROM_ABOVE,C01_NEUTRAL,38,41.76,91,60,NONPOC,82,90.11,RTH_OPEN,3atr,false
R01,APPROACH_FROM_ABOVE,C01_NEUTRAL,10,33.33,30,60,NONPOC,26,86.67,ALL_SESSIONS,3atr,false
R01,APPROACH_FROM_ABOVE,C01_NEUTRAL,6,35.29,17,60,NONPOC,15,88.24,ETH_EVENING,3atr,true
R01,APPROACH_FROM_ABOVE,C01_NEUTRAL,4,30.77,13,60,NONPOC,11,84.62,ETH_OVERNIGHT,3atr,true
R02,APPROACH_FROM_ABOVE,C01_NEUTRAL,18,42.86,42,60,NONPOC,37,88.1,ALL_SESSIONS,3atr,false
R02,APPROACH_FROM_ABOVE,C01_NEUTRAL,0,0,1,60,NONPOC,1,100,RTH_AFTERNOON,3atr,true
R02,APPROACH_FROM_ABOVE,C01_NEUTRAL,1,20,5,60,NONPOC,4,80,RTH_MIDDAY,3atr,true
R02,APPROACH_FROM_ABOVE,C01_NEUTRAL,6,66.67,9,60,NONPOC,7,77.78,RTH_MORNING,3atr,true
R02,APPROACH_FROM_ABOVE,C01_NEUTRAL,11,40.74,27,60,NONPOC,25,92.59,RTH_OPEN,3atr,true
R03,APPROACH_FROM_ABOVE,C01_NEUTRAL,25,41.67,60,60,NONPOC,52,86.67,ALL_SESSIONS,3atr,false
R03,APPROACH_FROM_ABOVE,C01_NEUTRAL,1,100,1,60,NONPOC,1,100,RTH_AFTERNOON,3atr,true
R03,APPROACH_FROM_ABOVE,C01_NEUTRAL,3,42.86,7,60,NONPOC,6,85.71,RTH_MIDDAY,3atr,true
R03,APPROACH_FROM_ABOVE,C01_NEUTRAL,2,33.33,6,60,NONPOC,5,83.33,RTH_MORNING,3atr,true
R03,APPROACH_FROM_ABOVE,C01_NEUTRAL,19,41.3,46,60,NONPOC,40,86.96,RTH_OPEN,3atr,false
R04,APPROACH_FROM_ABOVE,C01_NEUTRAL,13,46.43,28,60,NONPOC,25,89.29,ALL_SESSIONS,3atr,true
R04,APPROACH_FROM_ABOVE,C01_NEUTRAL,1,100,1,60,NONPOC,1,100,RTH_AFTERNOON,3atr,true
R04,APPROACH_FROM_ABOVE,C01_NEUTRAL,1,100,1,60,NONPOC,1,100,RTH_MIDDAY,3atr,true
R04,APPROACH_FROM_ABOVE,C01_NEUTRAL,3,37.5,8,60,NONPOC,6,75,RTH_MORNING,3atr,true
R04,APPROACH_FROM_ABOVE,C01_NEUTRAL,8,44.44,18,60,NONPOC,17,94.44,RTH_OPEN,3atr,true
R05,APPROACH_FROM_ABOVE,C01_NEUTRAL,14,50,28,60,NONPOC,25,89.29,ALL_SESSIONS,3atr,true
R05,APPROACH_FROM_ABOVE,C01_NEUTRAL,5,100,5,60,NONPOC,5,100,RTH_MIDDAY,3atr,true
R05,APPROACH_FROM_ABOVE,C01_NEUTRAL,9,39.13,23,60,NONPOC,20,86.96,RTH_MORNING,3atr,true
ALL_ANCHORS,APPROACH_FROM_BELOW,C01_NEUTRAL,73,49.66,147,60,NONPOC,129,87.76,ALL_SESSIONS,3atr,false
ALL_ANCHORS,APPROACH_FROM_BELOW,C01_NEUTRAL,1,7.69,13,60,NONPOC,12,92.31,ETH_EVENING,3atr,true
ALL_ANCHORS,APPROACH_FROM_BELOW,C01_NEUTRAL,4,36.36,11,60,NONPOC,10,90.91,ETH_OVERNIGHT,3atr,true
ALL_ANCHORS,APPROACH_FROM_BELOW,C01_NEUTRAL,5,83.33,6,60,NONPOC,4,66.67,RTH_AFTERNOON,3atr,true
ALL_ANCHORS,APPROACH_FROM_BELOW,C01_NEUTRAL,6,40,15,60,NONPOC,15,100,RTH_MIDDAY,3atr,true
ALL_ANCHORS,APPROACH_FROM_BELOW,C01_NEUTRAL,21,61.76,34,60,NONPOC,27,79.41,RTH_MORNING,3atr,false
ALL_ANCHORS,APPROACH_FROM_BELOW,C01_NEUTRAL,36,52.94,68,60,NONPOC,61,89.71,RTH_OPEN,3atr,false
R01,APPROACH_FROM_BELOW,C01_NEUTRAL,5,20.83,24,60,NONPOC,22,91.67,ALL_SESSIONS,3atr,true
R01,APPROACH_FROM_BELOW,C01_NEUTRAL,1,7.69,13,60,NONPOC,12,92.31,ETH_EVENING,3atr,true
R01,APPROACH_FROM_BELOW,C01_NEUTRAL,4,36.36,11,60,NONPOC,10,90.91,ETH_OVERNIGHT,3atr,true
R02,APPROACH_FROM_BELOW,C01_NEUTRAL,14,58.33,24,60,NONPOC,19,79.17,ALL_SESSIONS,3atr,true
R02,APPROACH_FROM_BELOW,C01_NEUTRAL,0,0,2,60,NONPOC,2,100,RTH_MIDDAY,3atr,true
R02,APPROACH_FROM_BELOW,C01_NEUTRAL,3,75,4,60,NONPOC,3,75,RTH_MORNING,3atr,true
R02,APPROACH_FROM_BELOW,C01_NEUTRAL,11,61.11,18,60,NONPOC,14,77.78,RTH_OPEN,3atr,true
R03,APPROACH_FROM_BELOW,C01_NEUTRAL,22,46.81,47,60,NONPOC,42,89.36,ALL_SESSIONS,3atr,false
R03,APPROACH_FROM_BELOW,C01_NEUTRAL,1,50,2,60,NONPOC,1,50,RTH_AFTERNOON,3atr,true
R03,APPROACH_FROM_BELOW,C01_NEUTRAL,3,37.5,8,60,NONPOC,8,100,RTH_MIDDAY,3atr,true
R03,APPROACH_FROM_BELOW,C01_NEUTRAL,5,71.43,7,60,NONPOC,4,57.14,RTH_MORNING,3atr,true
R03,APPROACH_FROM_BELOW,C01_NEUTRAL,13,43.33,30,60,NONPOC,29,96.67,RTH_OPEN,3atr,false
R04,APPROACH_FROM_BELOW,C01_NEUTRAL,20,64.52,31,60,NONPOC,28,90.32,ALL_SESSIONS,3atr,false
R04,APPROACH_FROM_BELOW,C01_NEUTRAL,4,100,4,60,NONPOC,3,75,RTH_AFTERNOON,3atr,true
R04,APPROACH_FROM_BELOW,C01_NEUTRAL,2,50,4,60,NONPOC,4,100,RTH_MIDDAY,3atr,true
R04,APPROACH_FROM_BELOW,C01_NEUTRAL,2,66.67,3,60,NONPOC,3,100,RTH_MORNING,3atr,true
R04,APPROACH_FROM_BELOW,C01_NEUTRAL,12,60,20,60,NONPOC,18,90,RTH_OPEN,3atr,true
R05,APPROACH_FROM_BELOW,C01_NEUTRAL,12,57.14,21,60,NONPOC,18,85.71,ALL_SESSIONS,3atr,true
R05,APPROACH_FROM_BELOW,C01_NEUTRAL,1,100,1,60,NONPOC,1,100,RTH_MIDDAY,3atr,true
R05,APPROACH_FROM_BELOW,C01_NEUTRAL,11,55,20,60,NONPOC,17,85,RTH_MORNING,3atr,true
ALL_ANCHORS,APPROACH_FROM_ABOVE,C02_ACTIVITY_MATCHED,79,46.47,170,60,NONPOC,148,87.06,ALL_SESSIONS,3atr,false
ALL_ANCHORS,APPROACH_FROM_ABOVE,C02_ACTIVITY_MATCHED,5,23.81,21,60,NONPOC,21,100,ETH_EVENING,3atr,true
ALL_ANCHORS,APPROACH_FROM_ABOVE,C02_ACTIVITY_MATCHED,3,30,10,60,NONPOC,6,60,ETH_OVERNIGHT,3atr,true
ALL_ANCHORS,APPROACH_FROM_ABOVE,C02_ACTIVITY_MATCHED,3,60,5,60,NONPOC,4,80,RTH_AFTERNOON,3atr,true
ALL_ANCHORS,APPROACH_FROM_ABOVE,C02_ACTIVITY_MATCHED,7,43.75,16,60,NONPOC,14,87.5,RTH_MIDDAY,3atr,true
ALL_ANCHORS,APPROACH_FROM_ABOVE,C02_ACTIVITY_MATCHED,25,58.14,43,60,NONPOC,33,76.74,RTH_MORNING,3atr,false
ALL_ANCHORS,APPROACH_FROM_ABOVE,C02_ACTIVITY_MATCHED,36,48,75,60,NONPOC,70,93.33,RTH_OPEN,3atr,false
R01,APPROACH_FROM_ABOVE,C02_ACTIVITY_MATCHED,8,25.81,31,60,NONPOC,27,87.1,ALL_SESSIONS,3atr,false
R01,APPROACH_FROM_ABOVE,C02_ACTIVITY_MATCHED,5,23.81,21,60,NONPOC,21,100,ETH_EVENING,3atr,true
R01,APPROACH_FROM_ABOVE,C02_ACTIVITY_MATCHED,3,30,10,60,NONPOC,6,60,ETH_OVERNIGHT,3atr,true
R02,APPROACH_FROM_ABOVE,C02_ACTIVITY_MATCHED,20,50,40,60,NONPOC,35,87.5,ALL_SESSIONS,3atr,false
R02,APPROACH_FROM_ABOVE,C02_ACTIVITY_MATCHED,2,66.67,3,60,NONPOC,2,66.67,RTH_AFTERNOON,3atr,true
R02,APPROACH_FROM_ABOVE,C02_ACTIVITY_MATCHED,1,33.33,3,60,NONPOC,2,66.67,RTH_MIDDAY,3atr,true
R02,APPROACH_FROM_ABOVE,C02_ACTIVITY_MATCHED,5,55.56,9,60,NONPOC,6,66.67,RTH_MORNING,3atr,true
R02,APPROACH_FROM_ABOVE,C02_ACTIVITY_MATCHED,12,48,25,60,NONPOC,25,100,RTH_OPEN,3atr,true
R03,APPROACH_FROM_ABOVE,C02_ACTIVITY_MATCHED,20,41.67,48,60,NONPOC,44,91.67,ALL_SESSIONS,3atr,false
R03,APPROACH_FROM_ABOVE,C02_ACTIVITY_MATCHED,1,50,2,60,NONPOC,2,100,RTH_AFTERNOON,3atr,true
R03,APPROACH_FROM_ABOVE,C02_ACTIVITY_MATCHED,2,28.57,7,60,NONPOC,7,100,RTH_MIDDAY,3atr,true
R03,APPROACH_FROM_ABOVE,C02_ACTIVITY_MATCHED,4,80,5,60,NONPOC,4,80,RTH_MORNING,3atr,true
R03,APPROACH_FROM_ABOVE,C02_ACTIVITY_MATCHED,13,38.24,34,60,NONPOC,31,91.18,RTH_OPEN,3atr,false
R04,APPROACH_FROM_ABOVE,C02_ACTIVITY_MATCHED,15,71.43,21,60,NONPOC,19,90.48,ALL_SESSIONS,3atr,true
R04,APPROACH_FROM_ABOVE,C02_ACTIVITY_MATCHED,4,80,5,60,NONPOC,5,100,RTH_MORNING,3atr,true
R04,APPROACH_FROM_ABOVE,C02_ACTIVITY_MATCHED,11,68.75,16,60,NONPOC,14,87.5,RTH_OPEN,3atr,true
R05,APPROACH_FROM_ABOVE,C02_ACTIVITY_MATCHED,16,53.33,30,60,NONPOC,23,76.67,ALL_SESSIONS,3atr,false
R05,APPROACH_FROM_ABOVE,C02_ACTIVITY_MATCHED,4,66.67,6,60,NONPOC,5,83.33,RTH_MIDDAY,3atr,true
R05,APPROACH_FROM_ABOVE,C02_ACTIVITY_MATCHED,12,50,24,60,NONPOC,18,75,RTH_MORNING,3atr,true
ALL_ANCHORS,APPROACH_FROM_BELOW,C02_ACTIVITY_MATCHED,79,50.97,155,60,NONPOC,131,84.52,ALL_SESSIONS,3atr,false
ALL_ANCHORS,APPROACH_FROM_BELOW,C02_ACTIVITY_MATCHED,7,36.84,19,60,NONPOC,16,84.21,ETH_EVENING,3atr,true
ALL_ANCHORS,APPROACH_FROM_BELOW,C02_ACTIVITY_MATCHED,3,42.86,7,60,NONPOC,6,85.71,ETH_OVERNIGHT,3atr,true
ALL_ANCHORS,APPROACH_FROM_BELOW,C02_ACTIVITY_MATCHED,5,71.43,7,60,NONPOC,5,71.43,RTH_AFTERNOON,3atr,true
ALL_ANCHORS,APPROACH_FROM_BELOW,C02_ACTIVITY_MATCHED,8,38.1,21,60,NONPOC,20,95.24,RTH_MIDDAY,3atr,true
ALL_ANCHORS,APPROACH_FROM_BELOW,C02_ACTIVITY_MATCHED,19,65.52,29,60,NONPOC,21,72.41,RTH_MORNING,3atr,true
ALL_ANCHORS,APPROACH_FROM_BELOW,C02_ACTIVITY_MATCHED,37,51.39,72,60,NONPOC,63,87.5,RTH_OPEN,3atr,false
R01,APPROACH_FROM_BELOW,C02_ACTIVITY_MATCHED,10,38.46,26,60,NONPOC,22,84.62,ALL_SESSIONS,3atr,true
R01,APPROACH_FROM_BELOW,C02_ACTIVITY_MATCHED,7,36.84,19,60,NONPOC,16,84.21,ETH_EVENING,3atr,true
R01,APPROACH_FROM_BELOW,C02_ACTIVITY_MATCHED,3,42.86,7,60,NONPOC,6,85.71,ETH_OVERNIGHT,3atr,true
R02,APPROACH_FROM_BELOW,C02_ACTIVITY_MATCHED,15,51.72,29,60,NONPOC,24,82.76,ALL_SESSIONS,3atr,true
R02,APPROACH_FROM_BELOW,C02_ACTIVITY_MATCHED,3,50,6,60,NONPOC,6,100,RTH_MIDDAY,3atr,true
R02,APPROACH_FROM_BELOW,C02_ACTIVITY_MATCHED,3,75,4,60,NONPOC,2,50,RTH_MORNING,3atr,true
R02,APPROACH_FROM_BELOW,C02_ACTIVITY_MATCHED,9,47.37,19,60,NONPOC,16,84.21,RTH_OPEN,3atr,true
R03,APPROACH_FROM_BELOW,C02_ACTIVITY_MATCHED,23,47.92,48,60,NONPOC,42,87.5,ALL_SESSIONS,3atr,false
R03,APPROACH_FROM_BELOW,C02_ACTIVITY_MATCHED,2,66.67,3,60,NONPOC,2,66.67,RTH_AFTERNOON,3atr,true
R03,APPROACH_FROM_BELOW,C02_ACTIVITY_MATCHED,2,25,8,60,NONPOC,8,100,RTH_MIDDAY,3atr,true
R03,APPROACH_FROM_BELOW,C02_ACTIVITY_MATCHED,3,75,4,60,NONPOC,2,50,RTH_MORNING,3atr,true
R03,APPROACH_FROM_BELOW,C02_ACTIVITY_MATCHED,16,48.48,33,60,NONPOC,30,90.91,RTH_OPEN,3atr,false
R04,APPROACH_FROM_BELOW,C02_ACTIVITY_MATCHED,17,56.67,30,60,NONPOC,26,86.67,ALL_SESSIONS,3atr,false
R04,APPROACH_FROM_BELOW,C02_ACTIVITY_MATCHED,3,75,4,60,NONPOC,3,75,RTH_AFTERNOON,3atr,true
R04,APPROACH_FROM_BELOW,C02_ACTIVITY_MATCHED,1,25,4,60,NONPOC,4,100,RTH_MIDDAY,3atr,true
R04,APPROACH_FROM_BELOW,C02_ACTIVITY_MATCHED,1,50,2,60,NONPOC,2,100,RTH_MORNING,3atr,true
R04,APPROACH_FROM_BELOW,C02_ACTIVITY_MATCHED,12,60,20,60,NONPOC,17,85,RTH_OPEN,3atr,true
R05,APPROACH_FROM_BELOW,C02_ACTIVITY_MATCHED,14,63.64,22,60,NONPOC,17,77.27,ALL_SESSIONS,3atr,true
R05,APPROACH_FROM_BELOW,C02_ACTIVITY_MATCHED,2,66.67,3,60,NONPOC,2,66.67,RTH_MIDDAY,3atr,true
R05,APPROACH_FROM_BELOW,C02_ACTIVITY_MATCHED,12,63.16,19,60,NONPOC,15,78.95,RTH_MORNING,3atr,true
ALL_ANCHORS,APPROACH_FROM_ABOVE,TREATED,74,43.27,171,60,NONPOC,153,89.47,ALL_SESSIONS,3atr,false
ALL_ANCHORS,APPROACH_FROM_ABOVE,TREATED,4,23.53,17,60,NONPOC,14,82.35,ETH_EVENING,3atr,true
ALL_ANCHORS,APPROACH_FROM_ABOVE,TREATED,3,25,12,60,NONPOC,9,75,ETH_OVERNIGHT,3atr,true
ALL_ANCHORS,APPROACH_FROM_ABOVE,TREATED,3,75,4,60,NONPOC,4,100,RTH_AFTERNOON,3atr,true
ALL_ANCHORS,APPROACH_FROM_ABOVE,TREATED,10,55.56,18,60,NONPOC,17,94.44,RTH_MIDDAY,3atr,true
ALL_ANCHORS,APPROACH_FROM_ABOVE,TREATED,18,46.15,39,60,NONPOC,34,87.18,RTH_MORNING,3atr,false
ALL_ANCHORS,APPROACH_FROM_ABOVE,TREATED,36,44.44,81,60,NONPOC,75,92.59,RTH_OPEN,3atr,false
R01,APPROACH_FROM_ABOVE,TREATED,7,24.14,29,60,NONPOC,23,79.31,ALL_SESSIONS,3atr,true
R01,APPROACH_FROM_ABOVE,TREATED,4,23.53,17,60,NONPOC,14,82.35,ETH_EVENING,3atr,true
R01,APPROACH_FROM_ABOVE,TREATED,3,25,12,60,NONPOC,9,75,ETH_OVERNIGHT,3atr,true
R02,APPROACH_FROM_ABOVE,TREATED,12,31.58,38,60,NONPOC,36,94.74,ALL_SESSIONS,3atr,false
R02,APPROACH_FROM_ABOVE,TREATED,0,0,1,60,NONPOC,1,100,RTH_AFTERNOON,3atr,true
R02,APPROACH_FROM_ABOVE,TREATED,1,20,5,60,NONPOC,5,100,RTH_MIDDAY,3atr,true
R02,APPROACH_FROM_ABOVE,TREATED,5,62.5,8,60,NONPOC,6,75,RTH_MORNING,3atr,true
R02,APPROACH_FROM_ABOVE,TREATED,6,25,24,60,NONPOC,24,100,RTH_OPEN,3atr,true
R03,APPROACH_FROM_ABOVE,TREATED,28,51.85,54,60,NONPOC,47,87.04,ALL_SESSIONS,3atr,false
R03,APPROACH_FROM_ABOVE,TREATED,2,100,2,60,NONPOC,2,100,RTH_AFTERNOON,3atr,true
R03,APPROACH_FROM_ABOVE,TREATED,3,50,6,60,NONPOC,5,83.33,RTH_MIDDAY,3atr,true
R03,APPROACH_FROM_ABOVE,TREATED,2,33.33,6,60,NONPOC,5,83.33,RTH_MORNING,3atr,true
R03,APPROACH_FROM_ABOVE,TREATED,21,52.5,40,60,NONPOC,35,87.5,RTH_OPEN,3atr,false
R04,APPROACH_FROM_ABOVE,TREATED,14,56,25,60,NONPOC,23,92,ALL_SESSIONS,3atr,true
R04,APPROACH_FROM_ABOVE,TREATED,1,100,1,60,NONPOC,1,100,RTH_AFTERNOON,3atr,true
R04,APPROACH_FROM_ABOVE,TREATED,1,100,1,60,NONPOC,1,100,RTH_MIDDAY,3atr,true
R04,APPROACH_FROM_ABOVE,TREATED,3,50,6,60,NONPOC,5,83.33,RTH_MORNING,3atr,true
R04,APPROACH_FROM_ABOVE,TREATED,9,52.94,17,60,NONPOC,16,94.12,RTH_OPEN,3atr,true
R05,APPROACH_FROM_ABOVE,TREATED,13,52,25,60,NONPOC,24,96,ALL_SESSIONS,3atr,true
R05,APPROACH_FROM_ABOVE,TREATED,5,83.33,6,60,NONPOC,6,100,RTH_MIDDAY,3atr,true
R05,APPROACH_FROM_ABOVE,TREATED,8,42.11,19,60,NONPOC,18,94.74,RTH_MORNING,3atr,true
ALL_ANCHORS,APPROACH_FROM_BELOW,TREATED,90,58.06,155,60,NONPOC,131,84.52,ALL_SESSIONS,3atr,false
ALL_ANCHORS,APPROACH_FROM_BELOW,TREATED,8,44.44,18,60,NONPOC,14,77.78,ETH_EVENING,3atr,true
ALL_ANCHORS,APPROACH_FROM_BELOW,TREATED,4,40,10,60,NONPOC,9,90,ETH_OVERNIGHT,3atr,true
ALL_ANCHORS,APPROACH_FROM_BELOW,TREATED,7,100,7,60,NONPOC,5,71.43,RTH_AFTERNOON,3atr,true
ALL_ANCHORS,APPROACH_FROM_BELOW,TREATED,6,40,15,60,NONPOC,14,93.33,RTH_MIDDAY,3atr,true
ALL_ANCHORS,APPROACH_FROM_BELOW,TREATED,24,70.59,34,60,NONPOC,26,76.47,RTH_MORNING,3atr,false
ALL_ANCHORS,APPROACH_FROM_BELOW,TREATED,41,57.75,71,60,NONPOC,63,88.73,RTH_OPEN,3atr,false
R01,APPROACH_FROM_BELOW,TREATED,12,42.86,28,60,NONPOC,23,82.14,ALL_SESSIONS,3atr,true
R01,APPROACH_FROM_BELOW,TREATED,8,44.44,18,60,NONPOC,14,77.78,ETH_EVENING,3atr,true
R01,APPROACH_FROM_BELOW,TREATED,4,40,10,60,NONPOC,9,90,ETH_OVERNIGHT,3atr,true
R02,APPROACH_FROM_BELOW,TREATED,15,65.22,23,60,NONPOC,18,78.26,ALL_SESSIONS,3atr,true
R02,APPROACH_FROM_BELOW,TREATED,2,50,4,60,NONPOC,3,75,RTH_MIDDAY,3atr,true
R02,APPROACH_FROM_BELOW,TREATED,2,66.67,3,60,NONPOC,2,66.67,RTH_MORNING,3atr,true
R02,APPROACH_FROM_BELOW,TREATED,11,68.75,16,60,NONPOC,13,81.25,RTH_OPEN,3atr,true
R03,APPROACH_FROM_BELOW,TREATED,26,52,50,60,NONPOC,44,88,ALL_SESSIONS,3atr,false
R03,APPROACH_FROM_BELOW,TREATED,3,100,3,60,NONPOC,2,66.67,RTH_AFTERNOON,3atr,true
R03,APPROACH_FROM_BELOW,TREATED,2,28.57,7,60,NONPOC,7,100,RTH_MIDDAY,3atr,true
R03,APPROACH_FROM_BELOW,TREATED,5,83.33,6,60,NONPOC,4,66.67,RTH_MORNING,3atr,true
R03,APPROACH_FROM_BELOW,TREATED,16,47.06,34,60,NONPOC,31,91.18,RTH_OPEN,3atr,false
R04,APPROACH_FROM_BELOW,TREATED,21,67.74,31,60,NONPOC,28,90.32,ALL_SESSIONS,3atr,false
R04,APPROACH_FROM_BELOW,TREATED,4,100,4,60,NONPOC,3,75,RTH_AFTERNOON,3atr,true
R04,APPROACH_FROM_BELOW,TREATED,1,33.33,3,60,NONPOC,3,100,RTH_MIDDAY,3atr,true
R04,APPROACH_FROM_BELOW,TREATED,2,66.67,3,60,NONPOC,3,100,RTH_MORNING,3atr,true
R04,APPROACH_FROM_BELOW,TREATED,14,66.67,21,60,NONPOC,19,90.48,RTH_OPEN,3atr,true
R05,APPROACH_FROM_BELOW,TREATED,16,69.57,23,60,NONPOC,18,78.26,ALL_SESSIONS,3atr,true
R05,APPROACH_FROM_BELOW,TREATED,1,100,1,60,NONPOC,1,100,RTH_MIDDAY,3atr,true
R05,APPROACH_FROM_BELOW,TREATED,15,68.18,22,60,NONPOC,17,77.27,RTH_MORNING,3atr,true
ALL_ANCHORS,APPROACH_FROM_ABOVE,C01_NEUTRAL,135,53.57,252,60,POC,217,86.11,ALL_SESSIONS,3atr,false
ALL_ANCHORS,APPROACH_FROM_ABOVE,C01_NEUTRAL,10,40,25,60,POC,24,96,ETH_EVENING,3atr,true
ALL_ANCHORS,APPROACH_FROM_ABOVE,C01_NEUTRAL,8,47.06,17,60,POC,9,52.94,ETH_OVERNIGHT,3atr,true
ALL_ANCHORS,APPROACH_FROM_ABOVE,C01_NEUTRAL,6,60,10,60,POC,8,80,RTH_AFTERNOON,3atr,true
ALL_ANCHORS,APPROACH_FROM_ABOVE,C01_NEUTRAL,10,66.67,15,60,POC,14,93.33,RTH_MIDDAY,3atr,true
ALL_ANCHORS,APPROACH_FROM_ABOVE,C01_NEUTRAL,37,54.41,68,60,POC,55,80.88,RTH_MORNING,3atr,false
ALL_ANCHORS,APPROACH_FROM_ABOVE,C01_NEUTRAL,64,54.7,117,60,POC,107,91.45,RTH_OPEN,3atr,false
R01,APPROACH_FROM_ABOVE,C01_NEUTRAL,18,42.86,42,60,POC,33,78.57,ALL_SESSIONS,3atr,false
R01,APPROACH_FROM_ABOVE,C01_NEUTRAL,10,40,25,60,POC,24,96,ETH_EVENING,3atr,true
R01,APPROACH_FROM_ABOVE,C01_NEUTRAL,8,47.06,17,60,POC,9,52.94,ETH_OVERNIGHT,3atr,true
R02,APPROACH_FROM_ABOVE,C01_NEUTRAL,29,50,58,60,POC,54,93.1,ALL_SESSIONS,3atr,false
R02,APPROACH_FROM_ABOVE,C01_NEUTRAL,2,33.33,6,60,POC,6,100,RTH_AFTERNOON,3atr,true
R02,APPROACH_FROM_ABOVE,C01_NEUTRAL,2,40,5,60,POC,5,100,RTH_MIDDAY,3atr,true
R02,APPROACH_FROM_ABOVE,C01_NEUTRAL,7,50,14,60,POC,12,85.71,RTH_MORNING,3atr,true
R02,APPROACH_FROM_ABOVE,C01_NEUTRAL,18,54.55,33,60,POC,31,93.94,RTH_OPEN,3atr,false
R03,APPROACH_FROM_ABOVE,C01_NEUTRAL,28,57.14,49,60,POC,40,81.63,ALL_SESSIONS,3atr,false
R03,APPROACH_FROM_ABOVE,C01_NEUTRAL,3,100,3,60,POC,1,33.33,RTH_AFTERNOON,3atr,true
R03,APPROACH_FROM_ABOVE,C01_NEUTRAL,1,100,1,60,POC,1,100,RTH_MIDDAY,3atr,true
R03,APPROACH_FROM_ABOVE,C01_NEUTRAL,3,75,4,60,POC,1,25,RTH_MORNING,3atr,true
R03,APPROACH_FROM_ABOVE,C01_NEUTRAL,21,51.22,41,60,POC,37,90.24,RTH_OPEN,3atr,false
R04,APPROACH_FROM_ABOVE,C01_NEUTRAL,29,60.42,48,60,POC,44,91.67,ALL_SESSIONS,3atr,false
R04,APPROACH_FROM_ABOVE,C01_NEUTRAL,1,100,1,60,POC,1,100,RTH_AFTERNOON,3atr,true
R04,APPROACH_FROM_ABOVE,C01_NEUTRAL,2,100,2,60,POC,2,100,RTH_MIDDAY,3atr,true
R04,APPROACH_FROM_ABOVE,C01_NEUTRAL,1,50,2,60,POC,2,100,RTH_MORNING,3atr,true
R04,APPROACH_FROM_ABOVE,C01_NEUTRAL,25,58.14,43,60,POC,39,90.7,RTH_OPEN,3atr,false
R05,APPROACH_FROM_ABOVE,C01_NEUTRAL,31,56.36,55,60,POC,46,83.64,ALL_SESSIONS,3atr,false
R05,APPROACH_FROM_ABOVE,C01_NEUTRAL,5,71.43,7,60,POC,6,85.71,RTH_MIDDAY,3atr,true
R05,APPROACH_FROM_ABOVE,C01_NEUTRAL,26,54.17,48,60,POC,40,83.33,RTH_MORNING,3atr,false
ALL_ANCHORS,APPROACH_FROM_BELOW,C01_NEUTRAL,101,52.33,193,60,POC,166,86.01,ALL_SESSIONS,3atr,false
ALL_ANCHORS,APPROACH_FROM_BELOW,C01_NEUTRAL,13,50,26,60,POC,23,88.46,ETH_EVENING,3atr,true
ALL_ANCHORS,APPROACH_FROM_BELOW,C01_NEUTRAL,5,71.43,7,60,POC,5,71.43,ETH_OVERNIGHT,3atr,true
ALL_ANCHORS,APPROACH_FROM_BELOW,C01_NEUTRAL,3,50,6,60,POC,6,100,RTH_AFTERNOON,3atr,true
ALL_ANCHORS,APPROACH_FROM_BELOW,C01_NEUTRAL,5,33.33,15,60,POC,13,86.67,RTH_MIDDAY,3atr,true
ALL_ANCHORS,APPROACH_FROM_BELOW,C01_NEUTRAL,23,46,50,60,POC,42,84,RTH_MORNING,3atr,false
ALL_ANCHORS,APPROACH_FROM_BELOW,C01_NEUTRAL,52,58.43,89,60,POC,77,86.52,RTH_OPEN,3atr,false
R01,APPROACH_FROM_BELOW,C01_NEUTRAL,18,54.55,33,60,POC,28,84.85,ALL_SESSIONS,3atr,false
R01,APPROACH_FROM_BELOW,C01_NEUTRAL,13,50,26,60,POC,23,88.46,ETH_EVENING,3atr,true
R01,APPROACH_FROM_BELOW,C01_NEUTRAL,5,71.43,7,60,POC,5,71.43,ETH_OVERNIGHT,3atr,true
R02,APPROACH_FROM_BELOW,C01_NEUTRAL,15,51.72,29,60,POC,24,82.76,ALL_SESSIONS,3atr,true
R02,APPROACH_FROM_BELOW,C01_NEUTRAL,1,50,2,60,POC,2,100,RTH_AFTERNOON,3atr,true
R02,APPROACH_FROM_BELOW,C01_NEUTRAL,1,25,4,60,POC,3,75,RTH_MIDDAY,3atr,true
R02,APPROACH_FROM_BELOW,C01_NEUTRAL,3,33.33,9,60,POC,7,77.78,RTH_MORNING,3atr,true
R02,APPROACH_FROM_BELOW,C01_NEUTRAL,10,71.43,14,60,POC,12,85.71,RTH_OPEN,3atr,true
R03,APPROACH_FROM_BELOW,C01_NEUTRAL,27,60,45,60,POC,40,88.89,ALL_SESSIONS,3atr,false
R03,APPROACH_FROM_BELOW,C01_NEUTRAL,1,50,2,60,POC,2,100,RTH_AFTERNOON,3atr,true
R03,APPROACH_FROM_BELOW,C01_NEUTRAL,2,50,4,60,POC,4,100,RTH_MIDDAY,3atr,true
R03,APPROACH_FROM_BELOW,C01_NEUTRAL,5,83.33,6,60,POC,6,100,RTH_MORNING,3atr,true
R03,APPROACH_FROM_BELOW,C01_NEUTRAL,19,57.58,33,60,POC,28,84.85,RTH_OPEN,3atr,false
R04,APPROACH_FROM_BELOW,C01_NEUTRAL,26,52,50,60,POC,45,90,ALL_SESSIONS,3atr,false
R04,APPROACH_FROM_BELOW,C01_NEUTRAL,0,0,1,60,POC,1,100,RTH_AFTERNOON,3atr,true
R04,APPROACH_FROM_BELOW,C01_NEUTRAL,0,0,3,60,POC,3,100,RTH_MIDDAY,3atr,true
R04,APPROACH_FROM_BELOW,C01_NEUTRAL,3,75,4,60,POC,4,100,RTH_MORNING,3atr,true
R04,APPROACH_FROM_BELOW,C01_NEUTRAL,23,54.76,42,60,POC,37,88.1,RTH_OPEN,3atr,false
R05,APPROACH_FROM_BELOW,C01_NEUTRAL,15,41.67,36,60,POC,29,80.56,ALL_SESSIONS,3atr,false
R05,APPROACH_FROM_BELOW,C01_NEUTRAL,1,100,1,60,POC,1,100,RTH_AFTERNOON,3atr,true
R05,APPROACH_FROM_BELOW,C01_NEUTRAL,2,50,4,60,POC,3,75,RTH_MIDDAY,3atr,true
R05,APPROACH_FROM_BELOW,C01_NEUTRAL,12,38.71,31,60,POC,25,80.65,RTH_MORNING,3atr,false
ALL_ANCHORS,APPROACH_FROM_ABOVE,C02_ACTIVITY_MATCHED,97,53.3,182,60,POC,158,86.81,ALL_SESSIONS,3atr,false
ALL_ANCHORS,APPROACH_FROM_ABOVE,C02_ACTIVITY_MATCHED,14,60.87,23,60,POC,18,78.26,ETH_EVENING,3atr,true
ALL_ANCHORS,APPROACH_FROM_ABOVE,C02_ACTIVITY_MATCHED,4,50,8,60,POC,8,100,ETH_OVERNIGHT,3atr,true
ALL_ANCHORS,APPROACH_FROM_ABOVE,C02_ACTIVITY_MATCHED,1,16.67,6,60,POC,6,100,RTH_AFTERNOON,3atr,true
ALL_ANCHORS,APPROACH_FROM_ABOVE,C02_ACTIVITY_MATCHED,8,57.14,14,60,POC,12,85.71,RTH_MIDDAY,3atr,true
ALL_ANCHORS,APPROACH_FROM_ABOVE,C02_ACTIVITY_MATCHED,26,54.17,48,60,POC,38,79.17,RTH_MORNING,3atr,false
ALL_ANCHORS,APPROACH_FROM_ABOVE,C02_ACTIVITY_MATCHED,44,53.01,83,60,POC,76,91.57,RTH_OPEN,3atr,false
R01,APPROACH_FROM_ABOVE,C02_ACTIVITY_MATCHED,18,58.06,31,60,POC,26,83.87,ALL_SESSIONS,3atr,false
R01,APPROACH_FROM_ABOVE,C02_ACTIVITY_MATCHED,14,60.87,23,60,POC,18,78.26,ETH_EVENING,3atr,true
R01,APPROACH_FROM_ABOVE,C02_ACTIVITY_MATCHED,4,50,8,60,POC,8,100,ETH_OVERNIGHT,3atr,true
R02,APPROACH_FROM_ABOVE,C02_ACTIVITY_MATCHED,22,46.81,47,60,POC,40,85.11,ALL_SESSIONS,3atr,false
R02,APPROACH_FROM_ABOVE,C02_ACTIVITY_MATCHED,0,0,5,60,POC,5,100,RTH_AFTERNOON,3atr,true
R02,APPROACH_FROM_ABOVE,C02_ACTIVITY_MATCHED,3,60,5,60,POC,4,80,RTH_MIDDAY,3atr,true
R02,APPROACH_FROM_ABOVE,C02_ACTIVITY_MATCHED,7,53.85,13,60,POC,10,76.92,RTH_MORNING,3atr,true
R02,APPROACH_FROM_ABOVE,C02_ACTIVITY_MATCHED,12,50,24,60,POC,21,87.5,RTH_OPEN,3atr,true
R03,APPROACH_FROM_ABOVE,C02_ACTIVITY_MATCHED,19,55.88,34,60,POC,31,91.18,ALL_SESSIONS,3atr,false
R03,APPROACH_FROM_ABOVE,C02_ACTIVITY_MATCHED,1,100,1,60,POC,1,100,RTH_AFTERNOON,3atr,true
R03,APPROACH_FROM_ABOVE,C02_ACTIVITY_MATCHED,1,50,2,60,POC,2,100,RTH_MIDDAY,3atr,true
R03,APPROACH_FROM_ABOVE,C02_ACTIVITY_MATCHED,1,20,5,60,POC,4,80,RTH_MORNING,3atr,true
R03,APPROACH_FROM_ABOVE,C02_ACTIVITY_MATCHED,16,61.54,26,60,POC,24,92.31,RTH_OPEN,3atr,true
R04,APPROACH_FROM_ABOVE,C02_ACTIVITY_MATCHED,18,47.37,38,60,POC,35,92.11,ALL_SESSIONS,3atr,false
R04,APPROACH_FROM_ABOVE,C02_ACTIVITY_MATCHED,1,50,2,60,POC,2,100,RTH_MIDDAY,3atr,true
R04,APPROACH_FROM_ABOVE,C02_ACTIVITY_MATCHED,1,33.33,3,60,POC,2,66.67,RTH_MORNING,3atr,true
R04,APPROACH_FROM_ABOVE,C02_ACTIVITY_MATCHED,16,48.48,33,60,POC,31,93.94,RTH_OPEN,3atr,false
R05,APPROACH_FROM_ABOVE,C02_ACTIVITY_MATCHED,20,62.5,32,60,POC,26,81.25,ALL_SESSIONS,3atr,false
R05,APPROACH_FROM_ABOVE,C02_ACTIVITY_MATCHED,3,60,5,60,POC,4,80,RTH_MIDDAY,3atr,true
R05,APPROACH_FROM_ABOVE,C02_ACTIVITY_MATCHED,17,62.96,27,60,POC,22,81.48,RTH_MORNING,3atr,true
ALL_ANCHORS,APPROACH_FROM_BELOW,C02_ACTIVITY_MATCHED,87,50,174,60,POC,145,83.33,ALL_SESSIONS,3atr,false
ALL_ANCHORS,APPROACH_FROM_BELOW,C02_ACTIVITY_MATCHED,8,40,20,60,POC,18,90,ETH_EVENING,3atr,true
ALL_ANCHORS,APPROACH_FROM_BELOW,C02_ACTIVITY_MATCHED,6,54.55,11,60,POC,6,54.55,ETH_OVERNIGHT,3atr,true
ALL_ANCHORS,APPROACH_FROM_BELOW,C02_ACTIVITY_MATCHED,2,50,4,60,POC,4,100,RTH_AFTERNOON,3atr,true
ALL_ANCHORS,APPROACH_FROM_BELOW,C02_ACTIVITY_MATCHED,7,46.67,15,60,POC,14,93.33,RTH_MIDDAY,3atr,true
ALL_ANCHORS,APPROACH_FROM_BELOW,C02_ACTIVITY_MATCHED,28,57.14,49,60,POC,40,81.63,RTH_MORNING,3atr,false
ALL_ANCHORS,APPROACH_FROM_BELOW,C02_ACTIVITY_MATCHED,36,48,75,60,POC,63,84,RTH_OPEN,3atr,false
R01,APPROACH_FROM_BELOW,C02_ACTIVITY_MATCHED,14,45.16,31,60,POC,24,77.42,ALL_SESSIONS,3atr,false
R01,APPROACH_FROM_BELOW,C02_ACTIVITY_MATCHED,8,40,20,60,POC,18,90,ETH_EVENING,3atr,true
R01,APPROACH_FROM_BELOW,C02_ACTIVITY_MATCHED,6,54.55,11,60,POC,6,54.55,ETH_OVERNIGHT,3atr,true
R02,APPROACH_FROM_BELOW,C02_ACTIVITY_MATCHED,11,47.83,23,60,POC,21,91.3,ALL_SESSIONS,3atr,true
R02,APPROACH_FROM_BELOW,C02_ACTIVITY_MATCHED,0,0,1,60,POC,1,100,RTH_AFTERNOON,3atr,true
R02,APPROACH_FROM_BELOW,C02_ACTIVITY_MATCHED,2,40,5,60,POC,5,100,RTH_MIDDAY,3atr,true
R02,APPROACH_FROM_BELOW,C02_ACTIVITY_MATCHED,2,50,4,60,POC,4,100,RTH_MORNING,3atr,true
R02,APPROACH_FROM_BELOW,C02_ACTIVITY_MATCHED,7,53.85,13,60,POC,11,84.62,RTH_OPEN,3atr,true
R03,APPROACH_FROM_BELOW,C02_ACTIVITY_MATCHED,20,55.56,36,60,POC,31,86.11,ALL_SESSIONS,3atr,false
R03,APPROACH_FROM_BELOW,C02_ACTIVITY_MATCHED,1,100,1,60,POC,1,100,RTH_AFTERNOON,3atr,true
R03,APPROACH_FROM_BELOW,C02_ACTIVITY_MATCHED,1,50,2,60,POC,2,100,RTH_MIDDAY,3atr,true
R03,APPROACH_FROM_BELOW,C02_ACTIVITY_MATCHED,5,62.5,8,60,POC,8,100,RTH_MORNING,3atr,true
R03,APPROACH_FROM_BELOW,C02_ACTIVITY_MATCHED,13,52,25,60,POC,20,80,RTH_OPEN,3atr,true
R04,APPROACH_FROM_BELOW,C02_ACTIVITY_MATCHED,21,47.73,44,60,POC,39,88.64,ALL_SESSIONS,3atr,false
R04,APPROACH_FROM_BELOW,C02_ACTIVITY_MATCHED,0,0,1,60,POC,1,100,RTH_AFTERNOON,3atr,true
R04,APPROACH_FROM_BELOW,C02_ACTIVITY_MATCHED,3,100,3,60,POC,3,100,RTH_MIDDAY,3atr,true
R04,APPROACH_FROM_BELOW,C02_ACTIVITY_MATCHED,2,66.67,3,60,POC,3,100,RTH_MORNING,3atr,true
R04,APPROACH_FROM_BELOW,C02_ACTIVITY_MATCHED,16,43.24,37,60,POC,32,86.49,RTH_OPEN,3atr,false
R05,APPROACH_FROM_BELOW,C02_ACTIVITY_MATCHED,21,52.5,40,60,POC,30,75,ALL_SESSIONS,3atr,false
R05,APPROACH_FROM_BELOW,C02_ACTIVITY_MATCHED,1,100,1,60,POC,1,100,RTH_AFTERNOON,3atr,true
R05,APPROACH_FROM_BELOW,C02_ACTIVITY_MATCHED,1,20,5,60,POC,4,80,RTH_MIDDAY,3atr,true
R05,APPROACH_FROM_BELOW,C02_ACTIVITY_MATCHED,19,55.88,34,60,POC,25,73.53,RTH_MORNING,3atr,false
ALL_ANCHORS,APPROACH_FROM_ABOVE,TREATED,136,56.9,239,60,POC,207,86.61,ALL_SESSIONS,3atr,false
ALL_ANCHORS,APPROACH_FROM_ABOVE,TREATED,14,53.85,26,60,POC,22,84.62,ETH_EVENING,3atr,true
ALL_ANCHORS,APPROACH_FROM_ABOVE,TREATED,6,40,15,60,POC,11,73.33,ETH_OVERNIGHT,3atr,true
ALL_ANCHORS,APPROACH_FROM_ABOVE,TREATED,5,45.45,11,60,POC,9,81.82,RTH_AFTERNOON,3atr,true
ALL_ANCHORS,APPROACH_FROM_ABOVE,TREATED,8,61.54,13,60,POC,13,100,RTH_MIDDAY,3atr,true
ALL_ANCHORS,APPROACH_FROM_ABOVE,TREATED,38,63.33,60,60,POC,48,80,RTH_MORNING,3atr,false
ALL_ANCHORS,APPROACH_FROM_ABOVE,TREATED,65,57.02,114,60,POC,104,91.23,RTH_OPEN,3atr,false
R01,APPROACH_FROM_ABOVE,TREATED,20,48.78,41,60,POC,33,80.49,ALL_SESSIONS,3atr,false
R01,APPROACH_FROM_ABOVE,TREATED,14,53.85,26,60,POC,22,84.62,ETH_EVENING,3atr,true
R01,APPROACH_FROM_ABOVE,TREATED,6,40,15,60,POC,11,73.33,ETH_OVERNIGHT,3atr,true
R02,APPROACH_FROM_ABOVE,TREATED,33,55.93,59,60,POC,54,91.53,ALL_SESSIONS,3atr,false
R02,APPROACH_FROM_ABOVE,TREATED,3,42.86,7,60,POC,6,85.71,RTH_AFTERNOON,3atr,true
R02,APPROACH_FROM_ABOVE,TREATED,2,50,4,60,POC,4,100,RTH_MIDDAY,3atr,true
R02,APPROACH_FROM_ABOVE,TREATED,7,53.85,13,60,POC,10,76.92,RTH_MORNING,3atr,true
R02,APPROACH_FROM_ABOVE,TREATED,21,60,35,60,POC,34,97.14,RTH_OPEN,3atr,false
R03,APPROACH_FROM_ABOVE,TREATED,27,57.45,47,60,POC,38,80.85,ALL_SESSIONS,3atr,false
R03,APPROACH_FROM_ABOVE,TREATED,2,66.67,3,60,POC,2,66.67,RTH_AFTERNOON,3atr,true
R03,APPROACH_FROM_ABOVE,TREATED,1,100,1,60,POC,1,100,RTH_MIDDAY,3atr,true
R03,APPROACH_FROM_ABOVE,TREATED,3,75,4,60,POC,1,25,RTH_MORNING,3atr,true
R03,APPROACH_FROM_ABOVE,TREATED,21,53.85,39,60,POC,34,87.18,RTH_OPEN,3atr,false
R04,APPROACH_FROM_ABOVE,TREATED,26,57.78,45,60,POC,41,91.11,ALL_SESSIONS,3atr,false
R04,APPROACH_FROM_ABOVE,TREATED,0,0,1,60,POC,1,100,RTH_AFTERNOON,3atr,true
R04,APPROACH_FROM_ABOVE,TREATED,2,100,2,60,POC,2,100,RTH_MIDDAY,3atr,true
R04,APPROACH_FROM_ABOVE,TREATED,1,50,2,60,POC,2,100,RTH_MORNING,3atr,true
R04,APPROACH_FROM_ABOVE,TREATED,23,57.5,40,60,POC,36,90,RTH_OPEN,3atr,false
R05,APPROACH_FROM_ABOVE,TREATED,30,63.83,47,60,POC,41,87.23,ALL_SESSIONS,3atr,false
R05,APPROACH_FROM_ABOVE,TREATED,3,50,6,60,POC,6,100,RTH_MIDDAY,3atr,true
R05,APPROACH_FROM_ABOVE,TREATED,27,65.85,41,60,POC,35,85.37,RTH_MORNING,3atr,false
ALL_ANCHORS,APPROACH_FROM_BELOW,TREATED,124,56.62,219,60,POC,179,81.74,ALL_SESSIONS,3atr,false
ALL_ANCHORS,APPROACH_FROM_BELOW,TREATED,12,42.86,28,60,POC,22,78.57,ETH_EVENING,3atr,true
ALL_ANCHORS,APPROACH_FROM_BELOW,TREATED,7,77.78,9,60,POC,5,55.56,ETH_OVERNIGHT,3atr,true
ALL_ANCHORS,APPROACH_FROM_BELOW,TREATED,3,50,6,60,POC,6,100,RTH_AFTERNOON,3atr,true
ALL_ANCHORS,APPROACH_FROM_BELOW,TREATED,9,52.94,17,60,POC,12,70.59,RTH_MIDDAY,3atr,true
ALL_ANCHORS,APPROACH_FROM_BELOW,TREATED,27,50.94,53,60,POC,44,83.02,RTH_MORNING,3atr,false
ALL_ANCHORS,APPROACH_FROM_BELOW,TREATED,66,62.26,106,60,POC,90,84.91,RTH_OPEN,3atr,false
R01,APPROACH_FROM_BELOW,TREATED,19,51.35,37,60,POC,27,72.97,ALL_SESSIONS,3atr,false
R01,APPROACH_FROM_BELOW,TREATED,12,42.86,28,60,POC,22,78.57,ETH_EVENING,3atr,true
R01,APPROACH_FROM_BELOW,TREATED,7,77.78,9,60,POC,5,55.56,ETH_OVERNIGHT,3atr,true
R02,APPROACH_FROM_BELOW,TREATED,18,64.29,28,60,POC,23,82.14,ALL_SESSIONS,3atr,true
R02,APPROACH_FROM_BELOW,TREATED,1,50,2,60,POC,2,100,RTH_AFTERNOON,3atr,true
R02,APPROACH_FROM_BELOW,TREATED,2,50,4,60,POC,3,75,RTH_MIDDAY,3atr,true
R02,APPROACH_FROM_BELOW,TREATED,4,57.14,7,60,POC,5,71.43,RTH_MORNING,3atr,true
R02,APPROACH_FROM_BELOW,TREATED,11,73.33,15,60,POC,13,86.67,RTH_OPEN,3atr,true
R03,APPROACH_FROM_BELOW,TREATED,34,61.82,55,60,POC,47,85.45,ALL_SESSIONS,3atr,false
R03,APPROACH_FROM_BELOW,TREATED,1,50,2,60,POC,2,100,RTH_AFTERNOON,3atr,true
R03,APPROACH_FROM_BELOW,TREATED,3,60,5,60,POC,4,80,RTH_MIDDAY,3atr,true
R03,APPROACH_FROM_BELOW,TREATED,4,57.14,7,60,POC,7,100,RTH_MORNING,3atr,true
R03,APPROACH_FROM_BELOW,TREATED,26,63.41,41,60,POC,34,82.93,RTH_OPEN,3atr,false
R04,APPROACH_FROM_BELOW,TREATED,33,55,60,60,POC,53,88.33,ALL_SESSIONS,3atr,false
R04,APPROACH_FROM_BELOW,TREATED,0,0,1,60,POC,1,100,RTH_AFTERNOON,3atr,true
R04,APPROACH_FROM_BELOW,TREATED,1,25,4,60,POC,4,100,RTH_MIDDAY,3atr,true
R04,APPROACH_FROM_BELOW,TREATED,3,60,5,60,POC,5,100,RTH_MORNING,3atr,true
R04,APPROACH_FROM_BELOW,TREATED,29,58,50,60,POC,43,86,RTH_OPEN,3atr,false
R05,APPROACH_FROM_BELOW,TREATED,20,51.28,39,60,POC,29,74.36,ALL_SESSIONS,3atr,false
R05,APPROACH_FROM_BELOW,TREATED,1,100,1,60,POC,1,100,RTH_AFTERNOON,3atr,true
R05,APPROACH_FROM_BELOW,TREATED,3,75,4,60,POC,1,25,RTH_MIDDAY,3atr,true
R05,APPROACH_FROM_BELOW,TREATED,16,47.06,34,60,POC,27,79.41,RTH_MORNING,3atr,false
ALL_ANCHORS,APPROACH_FROM_ABOVE,C01_NEUTRAL,80,42.78,187,15,NONPOC,149,79.68,ALL_SESSIONS,5atr,false
ALL_ANCHORS,APPROACH_FROM_ABOVE,C01_NEUTRAL,7,43.75,16,15,NONPOC,12,75,ETH_EVENING,5atr,true
ALL_ANCHORS,APPROACH_FROM_ABOVE,C01_NEUTRAL,4,36.36,11,15,NONPOC,7,63.64,ETH_OVERNIGHT,5atr,true
ALL_ANCHORS,APPROACH_FROM_ABOVE,C01_NEUTRAL,4,80,5,15,NONPOC,3,60,RTH_AFTERNOON,5atr,true
ALL_ANCHORS,APPROACH_FROM_ABOVE,C01_NEUTRAL,9,50,18,15,NONPOC,15,83.33,RTH_MIDDAY,5atr,true
ALL_ANCHORS,APPROACH_FROM_ABOVE,C01_NEUTRAL,19,41.3,46,15,NONPOC,35,76.09,RTH_MORNING,5atr,false
ALL_ANCHORS,APPROACH_FROM_ABOVE,C01_NEUTRAL,37,40.66,91,15,NONPOC,77,84.62,RTH_OPEN,5atr,false
R01,APPROACH_FROM_ABOVE,C01_NEUTRAL,11,40.74,27,15,NONPOC,19,70.37,ALL_SESSIONS,5atr,true
R01,APPROACH_FROM_ABOVE,C01_NEUTRAL,7,43.75,16,15,NONPOC,12,75,ETH_EVENING,5atr,true
R01,APPROACH_FROM_ABOVE,C01_NEUTRAL,4,36.36,11,15,NONPOC,7,63.64,ETH_OVERNIGHT,5atr,true
R02,APPROACH_FROM_ABOVE,C01_NEUTRAL,15,34.88,43,15,NONPOC,34,79.07,ALL_SESSIONS,5atr,false
R02,APPROACH_FROM_ABOVE,C01_NEUTRAL,1,50,2,15,NONPOC,1,50,RTH_AFTERNOON,5atr,true
R02,APPROACH_FROM_ABOVE,C01_NEUTRAL,1,20,5,15,NONPOC,4,80,RTH_MIDDAY,5atr,true
R02,APPROACH_FROM_ABOVE,C01_NEUTRAL,5,55.56,9,15,NONPOC,7,77.78,RTH_MORNING,5atr,true
R02,APPROACH_FROM_ABOVE,C01_NEUTRAL,8,29.63,27,15,NONPOC,22,81.48,RTH_OPEN,5atr,true
R03,APPROACH_FROM_ABOVE,C01_NEUTRAL,30,49.18,61,15,NONPOC,49,80.33,ALL_SESSIONS,5atr,false
R03,APPROACH_FROM_ABOVE,C01_NEUTRAL,2,100,2,15,NONPOC,1,50,RTH_AFTERNOON,5atr,true
R03,APPROACH_FROM_ABOVE,C01_NEUTRAL,4,57.14,7,15,NONPOC,5,71.43,RTH_MIDDAY,5atr,true
R03,APPROACH_FROM_ABOVE,C01_NEUTRAL,3,50,6,15,NONPOC,5,83.33,RTH_MORNING,5atr,true
R03,APPROACH_FROM_ABOVE,C01_NEUTRAL,21,45.65,46,15,NONPOC,38,82.61,RTH_OPEN,5atr,false
R04,APPROACH_FROM_ABOVE,C01_NEUTRAL,12,42.86,28,15,NONPOC,25,89.29,ALL_SESSIONS,5atr,true
R04,APPROACH_FROM_ABOVE,C01_NEUTRAL,1,100,1,15,NONPOC,1,100,RTH_AFTERNOON,5atr,true
R04,APPROACH_FROM_ABOVE,C01_NEUTRAL,0,0,1,15,NONPOC,1,100,RTH_MIDDAY,5atr,true
R04,APPROACH_FROM_ABOVE,C01_NEUTRAL,3,37.5,8,15,NONPOC,6,75,RTH_MORNING,5atr,true
R04,APPROACH_FROM_ABOVE,C01_NEUTRAL,8,44.44,18,15,NONPOC,17,94.44,RTH_OPEN,5atr,true
R05,APPROACH_FROM_ABOVE,C01_NEUTRAL,12,42.86,28,15,NONPOC,22,78.57,ALL_SESSIONS,5atr,true
R05,APPROACH_FROM_ABOVE,C01_NEUTRAL,4,80,5,15,NONPOC,5,100,RTH_MIDDAY,5atr,true
R05,APPROACH_FROM_ABOVE,C01_NEUTRAL,8,34.78,23,15,NONPOC,17,73.91,RTH_MORNING,5atr,true
ALL_ANCHORS,APPROACH_FROM_BELOW,C01_NEUTRAL,78,52.35,149,15,NONPOC,115,77.18,ALL_SESSIONS,5atr,false
ALL_ANCHORS,APPROACH_FROM_BELOW,C01_NEUTRAL,6,46.15,13,15,NONPOC,8,61.54,ETH_EVENING,5atr,true
ALL_ANCHORS,APPROACH_FROM_BELOW,C01_NEUTRAL,3,27.27,11,15,NONPOC,8,72.73,ETH_OVERNIGHT,5atr,true
ALL_ANCHORS,APPROACH_FROM_BELOW,C01_NEUTRAL,3,37.5,8,15,NONPOC,6,75,RTH_AFTERNOON,5atr,true
ALL_ANCHORS,APPROACH_FROM_BELOW,C01_NEUTRAL,5,33.33,15,15,NONPOC,14,93.33,RTH_MIDDAY,5atr,true
ALL_ANCHORS,APPROACH_FROM_BELOW,C01_NEUTRAL,23,67.65,34,15,NONPOC,22,64.71,RTH_MORNING,5atr,false
ALL_ANCHORS,APPROACH_FROM_BELOW,C01_NEUTRAL,38,55.88,68,15,NONPOC,57,83.82,RTH_OPEN,5atr,false
R01,APPROACH_FROM_BELOW,C01_NEUTRAL,9,37.5,24,15,NONPOC,16,66.67,ALL_SESSIONS,5atr,true
R01,APPROACH_FROM_BELOW,C01_NEUTRAL,6,46.15,13,15,NONPOC,8,61.54,ETH_EVENING,5atr,true
R01,APPROACH_FROM_BELOW,C01_NEUTRAL,3,27.27,11,15,NONPOC,8,72.73,ETH_OVERNIGHT,5atr,true
R02,APPROACH_FROM_BELOW,C01_NEUTRAL,18,72,25,15,NONPOC,19,76,ALL_SESSIONS,5atr,true
R02,APPROACH_FROM_BELOW,C01_NEUTRAL,0,0,1,15,NONPOC,1,100,RTH_AFTERNOON,5atr,true
R02,APPROACH_FROM_BELOW,C01_NEUTRAL,1,50,2,15,NONPOC,1,50,RTH_MIDDAY,5atr,true
R02,APPROACH_FROM_BELOW,C01_NEUTRAL,3,75,4,15,NONPOC,3,75,RTH_MORNING,5atr,true
R02,APPROACH_FROM_BELOW,C01_NEUTRAL,14,77.78,18,15,NONPOC,14,77.78,RTH_OPEN,5atr,true
R03,APPROACH_FROM_BELOW,C01_NEUTRAL,23,48.94,47,15,NONPOC,39,82.98,ALL_SESSIONS,5atr,false
R03,APPROACH_FROM_BELOW,C01_NEUTRAL,2,100,2,15,NONPOC,1,50,RTH_AFTERNOON,5atr,true
R03,APPROACH_FROM_BELOW,C01_NEUTRAL,1,12.5,8,15,NONPOC,8,100,RTH_MIDDAY,5atr,true
R03,APPROACH_FROM_BELOW,C01_NEUTRAL,7,100,7,15,NONPOC,3,42.86,RTH_MORNING,5atr,true
R03,APPROACH_FROM_BELOW,C01_NEUTRAL,13,43.33,30,15,NONPOC,27,90,RTH_OPEN,5atr,false
R04,APPROACH_FROM_BELOW,C01_NEUTRAL,16,50,32,15,NONPOC,27,84.38,ALL_SESSIONS,5atr,false
R04,APPROACH_FROM_BELOW,C01_NEUTRAL,1,20,5,15,NONPOC,4,80,RTH_AFTERNOON,5atr,true
R04,APPROACH_FROM_BELOW,C01_NEUTRAL,2,50,4,15,NONPOC,4,100,RTH_MIDDAY,5atr,true
R04,APPROACH_FROM_BELOW,C01_NEUTRAL,2,66.67,3,15,NONPOC,3,100,RTH_MORNING,5atr,true
R04,APPROACH_FROM_BELOW,C01_NEUTRAL,11,55,20,15,NONPOC,16,80,RTH_OPEN,5atr,true
R05,APPROACH_FROM_BELOW,C01_NEUTRAL,12,57.14,21,15,NONPOC,14,66.67,ALL_SESSIONS,5atr,true
R05,APPROACH_FROM_BELOW,C01_NEUTRAL,1,100,1,15,NONPOC,1,100,RTH_MIDDAY,5atr,true
R05,APPROACH_FROM_BELOW,C01_NEUTRAL,11,55,20,15,NONPOC,13,65,RTH_MORNING,5atr,true
ALL_ANCHORS,APPROACH_FROM_ABOVE,C02_ACTIVITY_MATCHED,74,44.05,168,15,NONPOC,130,77.38,ALL_SESSIONS,5atr,false
ALL_ANCHORS,APPROACH_FROM_ABOVE,C02_ACTIVITY_MATCHED,6,30,20,15,NONPOC,14,70,ETH_EVENING,5atr,true
ALL_ANCHORS,APPROACH_FROM_ABOVE,C02_ACTIVITY_MATCHED,4,44.44,9,15,NONPOC,3,33.33,ETH_OVERNIGHT,5atr,true
ALL_ANCHORS,APPROACH_FROM_ABOVE,C02_ACTIVITY_MATCHED,3,50,6,15,NONPOC,5,83.33,RTH_AFTERNOON,5atr,true
ALL_ANCHORS,APPROACH_FROM_ABOVE,C02_ACTIVITY_MATCHED,4,25,16,15,NONPOC,14,87.5,RTH_MIDDAY,5atr,true
ALL_ANCHORS,APPROACH_FROM_ABOVE,C02_ACTIVITY_MATCHED,19,45.24,42,15,NONPOC,30,71.43,RTH_MORNING,5atr,false
ALL_ANCHORS,APPROACH_FROM_ABOVE,C02_ACTIVITY_MATCHED,38,50.67,75,15,NONPOC,64,85.33,RTH_OPEN,5atr,false
R01,APPROACH_FROM_ABOVE,C02_ACTIVITY_MATCHED,10,34.48,29,15,NONPOC,17,58.62,ALL_SESSIONS,5atr,true
R01,APPROACH_FROM_ABOVE,C02_ACTIVITY_MATCHED,6,30,20,15,NONPOC,14,70,ETH_EVENING,5atr,true
R01,APPROACH_FROM_ABOVE,C02_ACTIVITY_MATCHED,4,44.44,9,15,NONPOC,3,33.33,ETH_OVERNIGHT,5atr,true
R02,APPROACH_FROM_ABOVE,C02_ACTIVITY_MATCHED,19,47.5,40,15,NONPOC,33,82.5,ALL_SESSIONS,5atr,false
R02,APPROACH_FROM_ABOVE,C02_ACTIVITY_MATCHED,2,50,4,15,NONPOC,3,75,RTH_AFTERNOON,5atr,true
R02,APPROACH_FROM_ABOVE,C02_ACTIVITY_MATCHED,1,33.33,3,15,NONPOC,2,66.67,RTH_MIDDAY,5atr,true
R02,APPROACH_FROM_ABOVE,C02_ACTIVITY_MATCHED,6,75,8,15,NONPOC,5,62.5,RTH_MORNING,5atr,true
R02,APPROACH_FROM_ABOVE,C02_ACTIVITY_MATCHED,10,40,25,15,NONPOC,23,92,RTH_OPEN,5atr,true
R03,APPROACH_FROM_ABOVE,C02_ACTIVITY_MATCHED,21,43.75,48,15,NONPOC,41,85.42,ALL_SESSIONS,5atr,false
R03,APPROACH_FROM_ABOVE,C02_ACTIVITY_MATCHED,1,50,2,15,NONPOC,2,100,RTH_AFTERNOON,5atr,true
R03,APPROACH_FROM_ABOVE,C02_ACTIVITY_MATCHED,2,28.57,7,15,NONPOC,7,100,RTH_MIDDAY,5atr,true
R03,APPROACH_FROM_ABOVE,C02_ACTIVITY_MATCHED,1,20,5,15,NONPOC,4,80,RTH_MORNING,5atr,true
R03,APPROACH_FROM_ABOVE,C02_ACTIVITY_MATCHED,17,50,34,15,NONPOC,28,82.35,RTH_OPEN,5atr,false
R04,APPROACH_FROM_ABOVE,C02_ACTIVITY_MATCHED,12,57.14,21,15,NONPOC,17,80.95,ALL_SESSIONS,5atr,true
R04,APPROACH_FROM_ABOVE,C02_ACTIVITY_MATCHED,1,20,5,15,NONPOC,4,80,RTH_MORNING,5atr,true
R04,APPROACH_FROM_ABOVE,C02_ACTIVITY_MATCHED,11,68.75,16,15,NONPOC,13,81.25,RTH_OPEN,5atr,true
R05,APPROACH_FROM_ABOVE,C02_ACTIVITY_MATCHED,12,40,30,15,NONPOC,22,73.33,ALL_SESSIONS,5atr,false
R05,APPROACH_FROM_ABOVE,C02_ACTIVITY_MATCHED,1,16.67,6,15,NONPOC,5,83.33,RTH_MIDDAY,5atr,true
R05,APPROACH_FROM_ABOVE,C02_ACTIVITY_MATCHED,11,45.83,24,15,NONPOC,17,70.83,RTH_MORNING,5atr,true
ALL_ANCHORS,APPROACH_FROM_BELOW,C02_ACTIVITY_MATCHED,83,52.87,157,15,NONPOC,122,77.71,ALL_SESSIONS,5atr,false
ALL_ANCHORS,APPROACH_FROM_BELOW,C02_ACTIVITY_MATCHED,10,52.63,19,15,NONPOC,12,63.16,ETH_EVENING,5atr,true
ALL_ANCHORS,APPROACH_FROM_BELOW,C02_ACTIVITY_MATCHED,2,28.57,7,15,NONPOC,5,71.43,ETH_OVERNIGHT,5atr,true
ALL_ANCHORS,APPROACH_FROM_BELOW,C02_ACTIVITY_MATCHED,4,44.44,9,15,NONPOC,7,77.78,RTH_AFTERNOON,5atr,true
ALL_ANCHORS,APPROACH_FROM_BELOW,C02_ACTIVITY_MATCHED,12,57.14,21,15,NONPOC,17,80.95,RTH_MIDDAY,5atr,true
ALL_ANCHORS,APPROACH_FROM_BELOW,C02_ACTIVITY_MATCHED,15,51.72,29,15,NONPOC,19,65.52,RTH_MORNING,5atr,true
ALL_ANCHORS,APPROACH_FROM_BELOW,C02_ACTIVITY_MATCHED,40,55.56,72,15,NONPOC,62,86.11,RTH_OPEN,5atr,false
R01,APPROACH_FROM_BELOW,C02_ACTIVITY_MATCHED,12,46.15,26,15,NONPOC,17,65.38,ALL_SESSIONS,5atr,true
R01,APPROACH_FROM_BELOW,C02_ACTIVITY_MATCHED,10,52.63,19,15,NONPOC,12,63.16,ETH_EVENING,5atr,true
R01,APPROACH_FROM_BELOW,C02_ACTIVITY_MATCHED,2,28.57,7,15,NONPOC,5,71.43,ETH_OVERNIGHT,5atr,true
R02,APPROACH_FROM_BELOW,C02_ACTIVITY_MATCHED,18,60,30,15,NONPOC,22,73.33,ALL_SESSIONS,5atr,false
R02,APPROACH_FROM_BELOW,C02_ACTIVITY_MATCHED,0,0,1,15,NONPOC,1,100,RTH_AFTERNOON,5atr,true
R02,APPROACH_FROM_BELOW,C02_ACTIVITY_MATCHED,3,50,6,15,NONPOC,4,66.67,RTH_MIDDAY,5atr,true
R02,APPROACH_FROM_BELOW,C02_ACTIVITY_MATCHED,4,100,4,15,NONPOC,2,50,RTH_MORNING,5atr,true
R02,APPROACH_FROM_BELOW,C02_ACTIVITY_MATCHED,11,57.89,19,15,NONPOC,15,78.95,RTH_OPEN,5atr,true
R03,APPROACH_FROM_BELOW,C02_ACTIVITY_MATCHED,25,52.08,48,15,NONPOC,41,85.42,ALL_SESSIONS,5atr,false
R03,APPROACH_FROM_BELOW,C02_ACTIVITY_MATCHED,2,66.67,3,15,NONPOC,2,66.67,RTH_AFTERNOON,5atr,true
R03,APPROACH_FROM_BELOW,C02_ACTIVITY_MATCHED,3,37.5,8,15,NONPOC,7,87.5,RTH_MIDDAY,5atr,true
R03,APPROACH_FROM_BELOW,C02_ACTIVITY_MATCHED,3,75,4,15,NONPOC,2,50,RTH_MORNING,5atr,true
R03,APPROACH_FROM_BELOW,C02_ACTIVITY_MATCHED,17,51.52,33,15,NONPOC,30,90.91,RTH_OPEN,5atr,false
R04,APPROACH_FROM_BELOW,C02_ACTIVITY_MATCHED,17,54.84,31,15,NONPOC,27,87.1,ALL_SESSIONS,5atr,false
R04,APPROACH_FROM_BELOW,C02_ACTIVITY_MATCHED,2,40,5,15,NONPOC,4,80,RTH_AFTERNOON,5atr,true
R04,APPROACH_FROM_BELOW,C02_ACTIVITY_MATCHED,3,75,4,15,NONPOC,4,100,RTH_MIDDAY,5atr,true
R04,APPROACH_FROM_BELOW,C02_ACTIVITY_MATCHED,0,0,2,15,NONPOC,2,100,RTH_MORNING,5atr,true
R04,APPROACH_FROM_BELOW,C02_ACTIVITY_MATCHED,12,60,20,15,NONPOC,17,85,RTH_OPEN,5atr,true
R05,APPROACH_FROM_BELOW,C02_ACTIVITY_MATCHED,11,50,22,15,NONPOC,15,68.18,ALL_SESSIONS,5atr,true
R05,APPROACH_FROM_BELOW,C02_ACTIVITY_MATCHED,3,100,3,15,NONPOC,2,66.67,RTH_MIDDAY,5atr,true
R05,APPROACH_FROM_BELOW,C02_ACTIVITY_MATCHED,8,42.11,19,15,NONPOC,13,68.42,RTH_MORNING,5atr,true
ALL_ANCHORS,APPROACH_FROM_ABOVE,TREATED,71,41.76,170,15,NONPOC,137,80.59,ALL_SESSIONS,5atr,false
ALL_ANCHORS,APPROACH_FROM_ABOVE,TREATED,5,31.25,16,15,NONPOC,12,75,ETH_EVENING,5atr,true
ALL_ANCHORS,APPROACH_FROM_ABOVE,TREATED,3,30,10,15,NONPOC,5,50,ETH_OVERNIGHT,5atr,true
ALL_ANCHORS,APPROACH_FROM_ABOVE,TREATED,5,83.33,6,15,NONPOC,5,83.33,RTH_AFTERNOON,5atr,true
ALL_ANCHORS,APPROACH_FROM_ABOVE,TREATED,3,16.67,18,15,NONPOC,16,88.89,RTH_MIDDAY,5atr,true
ALL_ANCHORS,APPROACH_FROM_ABOVE,TREATED,17,43.59,39,15,NONPOC,29,74.36,RTH_MORNING,5atr,false
ALL_ANCHORS,APPROACH_FROM_ABOVE,TREATED,38,46.91,81,15,NONPOC,70,86.42,RTH_OPEN,5atr,false
R01,APPROACH_FROM_ABOVE,TREATED,8,30.77,26,15,NONPOC,17,65.38,ALL_SESSIONS,5atr,true
R01,APPROACH_FROM_ABOVE,TREATED,5,31.25,16,15,NONPOC,12,75,ETH_EVENING,5atr,true
R01,APPROACH_FROM_ABOVE,TREATED,3,30,10,15,NONPOC,5,50,ETH_OVERNIGHT,5atr,true
R02,APPROACH_FROM_ABOVE,TREATED,15,38.46,39,15,NONPOC,33,84.62,ALL_SESSIONS,5atr,false
R02,APPROACH_FROM_ABOVE,TREATED,1,50,2,15,NONPOC,1,50,RTH_AFTERNOON,5atr,true
R02,APPROACH_FROM_ABOVE,TREATED,1,20,5,15,NONPOC,4,80,RTH_MIDDAY,5atr,true
R02,APPROACH_FROM_ABOVE,TREATED,5,62.5,8,15,NONPOC,6,75,RTH_MORNING,5atr,true
R02,APPROACH_FROM_ABOVE,TREATED,8,33.33,24,15,NONPOC,22,91.67,RTH_OPEN,5atr,true
R03,APPROACH_FROM_ABOVE,TREATED,27,49.09,55,15,NONPOC,45,81.82,ALL_SESSIONS,5atr,false
R03,APPROACH_FROM_ABOVE,TREATED,3,100,3,15,NONPOC,3,100,RTH_AFTERNOON,5atr,true
R03,APPROACH_FROM_ABOVE,TREATED,1,16.67,6,15,NONPOC,5,83.33,RTH_MIDDAY,5atr,true
R03,APPROACH_FROM_ABOVE,TREATED,3,50,6,15,NONPOC,5,83.33,RTH_MORNING,5atr,true
R03,APPROACH_FROM_ABOVE,TREATED,20,50,40,15,NONPOC,32,80,RTH_OPEN,5atr,false
R04,APPROACH_FROM_ABOVE,TREATED,14,56,25,15,NONPOC,22,88,ALL_SESSIONS,5atr,true
R04,APPROACH_FROM_ABOVE,TREATED,1,100,1,15,NONPOC,1,100,RTH_AFTERNOON,5atr,true
R04,APPROACH_FROM_ABOVE,TREATED,0,0,1,15,NONPOC,1,100,RTH_MIDDAY,5atr,true
R04,APPROACH_FROM_ABOVE,TREATED,3,50,6,15,NONPOC,4,66.67,RTH_MORNING,5atr,true
R04,APPROACH_FROM_ABOVE,TREATED,10,58.82,17,15,NONPOC,16,94.12,RTH_OPEN,5atr,true
R05,APPROACH_FROM_ABOVE,TREATED,7,28,25,15,NONPOC,20,80,ALL_SESSIONS,5atr,true
R05,APPROACH_FROM_ABOVE,TREATED,1,16.67,6,15,NONPOC,6,100,RTH_MIDDAY,5atr,true
R05,APPROACH_FROM_ABOVE,TREATED,6,31.58,19,15,NONPOC,14,73.68,RTH_MORNING,5atr,true
ALL_ANCHORS,APPROACH_FROM_BELOW,TREATED,80,50.63,158,15,NONPOC,125,79.11,ALL_SESSIONS,5atr,false
ALL_ANCHORS,APPROACH_FROM_BELOW,TREATED,9,50,18,15,NONPOC,14,77.78,ETH_EVENING,5atr,true
ALL_ANCHORS,APPROACH_FROM_BELOW,TREATED,3,27.27,11,15,NONPOC,9,81.82,ETH_OVERNIGHT,5atr,true
ALL_ANCHORS,APPROACH_FROM_BELOW,TREATED,4,44.44,9,15,NONPOC,7,77.78,RTH_AFTERNOON,5atr,true
ALL_ANCHORS,APPROACH_FROM_BELOW,TREATED,8,53.33,15,15,NONPOC,13,86.67,RTH_MIDDAY,5atr,true
ALL_ANCHORS,APPROACH_FROM_BELOW,TREATED,20,58.82,34,15,NONPOC,23,67.65,RTH_MORNING,5atr,false
ALL_ANCHORS,APPROACH_FROM_BELOW,TREATED,36,50.7,71,15,NONPOC,59,83.1,RTH_OPEN,5atr,false
R01,APPROACH_FROM_BELOW,TREATED,12,41.38,29,15,NONPOC,23,79.31,ALL_SESSIONS,5atr,true
R01,APPROACH_FROM_BELOW,TREATED,9,50,18,15,NONPOC,14,77.78,ETH_EVENING,5atr,true
R01,APPROACH_FROM_BELOW,TREATED,3,27.27,11,15,NONPOC,9,81.82,ETH_OVERNIGHT,5atr,true
R02,APPROACH_FROM_BELOW,TREATED,15,65.22,23,15,NONPOC,16,69.57,ALL_SESSIONS,5atr,true
R02,APPROACH_FROM_BELOW,TREATED,3,75,4,15,NONPOC,2,50,RTH_MIDDAY,5atr,true
R02,APPROACH_FROM_BELOW,TREATED,2,66.67,3,15,NONPOC,2,66.67,RTH_MORNING,5atr,true
R02,APPROACH_FROM_BELOW,TREATED,10,62.5,16,15,NONPOC,12,75,RTH_OPEN,5atr,true
R03,APPROACH_FROM_BELOW,TREATED,25,49.02,51,15,NONPOC,43,84.31,ALL_SESSIONS,5atr,false
R03,APPROACH_FROM_BELOW,TREATED,2,50,4,15,NONPOC,3,75,RTH_AFTERNOON,5atr,true
R03,APPROACH_FROM_BELOW,TREATED,3,42.86,7,15,NONPOC,7,100,RTH_MIDDAY,5atr,true
R03,APPROACH_FROM_BELOW,TREATED,6,100,6,15,NONPOC,3,50,RTH_MORNING,5atr,true
R03,APPROACH_FROM_BELOW,TREATED,14,41.18,34,15,NONPOC,30,88.24,RTH_OPEN,5atr,false
R04,APPROACH_FROM_BELOW,TREATED,17,53.12,32,15,NONPOC,27,84.38,ALL_SESSIONS,5atr,false
R04,APPROACH_FROM_BELOW,TREATED,2,40,5,15,NONPOC,4,80,RTH_AFTERNOON,5atr,true
R04,APPROACH_FROM_BELOW,TREATED,1,33.33,3,15,NONPOC,3,100,RTH_MIDDAY,5atr,true
R04,APPROACH_FROM_BELOW,TREATED,2,66.67,3,15,NONPOC,3,100,RTH_MORNING,5atr,true
R04,APPROACH_FROM_BELOW,TREATED,12,57.14,21,15,NONPOC,17,80.95,RTH_OPEN,5atr,true
R05,APPROACH_FROM_BELOW,TREATED,11,47.83,23,15,NONPOC,16,69.57,ALL_SESSIONS,5atr,true
R05,APPROACH_FROM_BELOW,TREATED,1,100,1,15,NONPOC,1,100,RTH_MIDDAY,5atr,true
R05,APPROACH_FROM_BELOW,TREATED,10,45.45,22,15,NONPOC,15,68.18,RTH_MORNING,5atr,true
ALL_ANCHORS,APPROACH_FROM_ABOVE,C01_NEUTRAL,139,54.72,254,15,POC,196,77.17,ALL_SESSIONS,5atr,false
ALL_ANCHORS,APPROACH_FROM_ABOVE,C01_NEUTRAL,11,44,25,15,POC,21,84,ETH_EVENING,5atr,true
ALL_ANCHORS,APPROACH_FROM_ABOVE,C01_NEUTRAL,8,44.44,18,15,POC,7,38.89,ETH_OVERNIGHT,5atr,true
ALL_ANCHORS,APPROACH_FROM_ABOVE,C01_NEUTRAL,7,63.64,11,15,POC,7,63.64,RTH_AFTERNOON,5atr,true
ALL_ANCHORS,APPROACH_FROM_ABOVE,C01_NEUTRAL,6,40,15,15,POC,11,73.33,RTH_MIDDAY,5atr,true
ALL_ANCHORS,APPROACH_FROM_ABOVE,C01_NEUTRAL,34,50,68,15,POC,47,69.12,RTH_MORNING,5atr,false
ALL_ANCHORS,APPROACH_FROM_ABOVE,C01_NEUTRAL,73,62.39,117,15,POC,103,88.03,RTH_OPEN,5atr,false
R01,APPROACH_FROM_ABOVE,C01_NEUTRAL,19,44.19,43,15,POC,28,65.12,ALL_SESSIONS,5atr,false
R01,APPROACH_FROM_ABOVE,C01_NEUTRAL,11,44,25,15,POC,21,84,ETH_EVENING,5atr,true
R01,APPROACH_FROM_ABOVE,C01_NEUTRAL,8,44.44,18,15,POC,7,38.89,ETH_OVERNIGHT,5atr,true
R02,APPROACH_FROM_ABOVE,C01_NEUTRAL,28,48.28,58,15,POC,48,82.76,ALL_SESSIONS,5atr,false
R02,APPROACH_FROM_ABOVE,C01_NEUTRAL,2,33.33,6,15,POC,5,83.33,RTH_AFTERNOON,5atr,true
R02,APPROACH_FROM_ABOVE,C01_NEUTRAL,1,20,5,15,POC,4,80,RTH_MIDDAY,5atr,true
R02,APPROACH_FROM_ABOVE,C01_NEUTRAL,8,57.14,14,15,POC,10,71.43,RTH_MORNING,5atr,true
R02,APPROACH_FROM_ABOVE,C01_NEUTRAL,17,51.52,33,15,POC,29,87.88,RTH_OPEN,5atr,false
R03,APPROACH_FROM_ABOVE,C01_NEUTRAL,32,65.31,49,15,POC,37,75.51,ALL_SESSIONS,5atr,false
R03,APPROACH_FROM_ABOVE,C01_NEUTRAL,3,100,3,15,POC,1,33.33,RTH_AFTERNOON,5atr,true
R03,APPROACH_FROM_ABOVE,C01_NEUTRAL,0,0,1,15,POC,1,100,RTH_MIDDAY,5atr,true
R03,APPROACH_FROM_ABOVE,C01_NEUTRAL,3,75,4,15,POC,0,0,RTH_MORNING,5atr,true
R03,APPROACH_FROM_ABOVE,C01_NEUTRAL,26,63.41,41,15,POC,35,85.37,RTH_OPEN,5atr,false
R04,APPROACH_FROM_ABOVE,C01_NEUTRAL,32,65.31,49,15,POC,44,89.8,ALL_SESSIONS,5atr,false
R04,APPROACH_FROM_ABOVE,C01_NEUTRAL,2,100,2,15,POC,1,50,RTH_AFTERNOON,5atr,true
R04,APPROACH_FROM_ABOVE,C01_NEUTRAL,0,0,2,15,POC,2,100,RTH_MIDDAY,5atr,true
R04,APPROACH_FROM_ABOVE,C01_NEUTRAL,0,0,2,15,POC,2,100,RTH_MORNING,5atr,true
R04,APPROACH_FROM_ABOVE,C01_NEUTRAL,30,69.77,43,15,POC,39,90.7,RTH_OPEN,5atr,false
R05,APPROACH_FROM_ABOVE,C01_NEUTRAL,28,50.91,55,15,POC,39,70.91,ALL_SESSIONS,5atr,false
R05,APPROACH_FROM_ABOVE,C01_NEUTRAL,5,71.43,7,15,POC,4,57.14,RTH_MIDDAY,5atr,true
R05,APPROACH_FROM_ABOVE,C01_NEUTRAL,23,47.92,48,15,POC,35,72.92,RTH_MORNING,5atr,false
ALL_ANCHORS,APPROACH_FROM_BELOW,C01_NEUTRAL,100,50.25,199,15,POC,153,76.88,ALL_SESSIONS,5atr,false
ALL_ANCHORS,APPROACH_FROM_BELOW,C01_NEUTRAL,14,56,25,15,POC,19,76,ETH_EVENING,5atr,true
ALL_ANCHORS,APPROACH_FROM_BELOW,C01_NEUTRAL,5,41.67,12,15,POC,6,50,ETH_OVERNIGHT,5atr,true
ALL_ANCHORS,APPROACH_FROM_BELOW,C01_NEUTRAL,3,37.5,8,15,POC,8,100,RTH_AFTERNOON,5atr,true
ALL_ANCHORS,APPROACH_FROM_BELOW,C01_NEUTRAL,9,60,15,15,POC,9,60,RTH_MIDDAY,5atr,true
ALL_ANCHORS,APPROACH_FROM_BELOW,C01_NEUTRAL,21,42,50,15,POC,37,74,RTH_MORNING,5atr,false
ALL_ANCHORS,APPROACH_FROM_BELOW,C01_NEUTRAL,48,53.93,89,15,POC,74,83.15,RTH_OPEN,5atr,false
R01,APPROACH_FROM_BELOW,C01_NEUTRAL,19,51.35,37,15,POC,25,67.57,ALL_SESSIONS,5atr,false
R01,APPROACH_FROM_BELOW,C01_NEUTRAL,14,56,25,15,POC,19,76,ETH_EVENING,5atr,true
R01,APPROACH_FROM_BELOW,C01_NEUTRAL,5,41.67,12,15,POC,6,50,ETH_OVERNIGHT,5atr,true
R02,APPROACH_FROM_BELOW,C01_NEUTRAL,14,48.28,29,15,POC,18,62.07,ALL_SESSIONS,5atr,true
R02,APPROACH_FROM_BELOW,C01_NEUTRAL,1,50,2,15,POC,2,100,RTH_AFTERNOON,5atr,true
R02,APPROACH_FROM_BELOW,C01_NEUTRAL,3,75,4,15,POC,1,25,RTH_MIDDAY,5atr,true
R02,APPROACH_FROM_BELOW,C01_NEUTRAL,4,44.44,9,15,POC,5,55.56,RTH_MORNING,5atr,true
R02,APPROACH_FROM_BELOW,C01_NEUTRAL,6,42.86,14,15,POC,10,71.43,RTH_OPEN,5atr,true
R03,APPROACH_FROM_BELOW,C01_NEUTRAL,24,52.17,46,15,POC,40,86.96,ALL_SESSIONS,5atr,false
R03,APPROACH_FROM_BELOW,C01_NEUTRAL,1,33.33,3,15,POC,3,100,RTH_AFTERNOON,5atr,true
R03,APPROACH_FROM_BELOW,C01_NEUTRAL,3,75,4,15,POC,4,100,RTH_MIDDAY,5atr,true
R03,APPROACH_FROM_BELOW,C01_NEUTRAL,3,50,6,15,POC,6,100,RTH_MORNING,5atr,true
R03,APPROACH_FROM_BELOW,C01_NEUTRAL,17,51.52,33,15,POC,27,81.82,RTH_OPEN,5atr,false
R04,APPROACH_FROM_BELOW,C01_NEUTRAL,28,54.9,51,15,POC,45,88.24,ALL_SESSIONS,5atr,false
R04,APPROACH_FROM_BELOW,C01_NEUTRAL,0,0,2,15,POC,2,100,RTH_AFTERNOON,5atr,true
R04,APPROACH_FROM_BELOW,C01_NEUTRAL,1,33.33,3,15,POC,3,100,RTH_MIDDAY,5atr,true
R04,APPROACH_FROM_BELOW,C01_NEUTRAL,2,50,4,15,POC,3,75,RTH_MORNING,5atr,true
R04,APPROACH_FROM_BELOW,C01_NEUTRAL,25,59.52,42,15,POC,37,88.1,RTH_OPEN,5atr,false
R05,APPROACH_FROM_BELOW,C01_NEUTRAL,15,41.67,36,15,POC,25,69.44,ALL_SESSIONS,5atr,false
R05,APPROACH_FROM_BELOW,C01_NEUTRAL,1,100,1,15,POC,1,100,RTH_AFTERNOON,5atr,true
R05,APPROACH_FROM_BELOW,C01_NEUTRAL,2,50,4,15,POC,1,25,RTH_MIDDAY,5atr,true
R05,APPROACH_FROM_BELOW,C01_NEUTRAL,12,38.71,31,15,POC,23,74.19,RTH_MORNING,5atr,false
ALL_ANCHORS,APPROACH_FROM_ABOVE,C02_ACTIVITY_MATCHED,97,53.01,183,15,POC,145,79.23,ALL_SESSIONS,5atr,false
ALL_ANCHORS,APPROACH_FROM_ABOVE,C02_ACTIVITY_MATCHED,14,60.87,23,15,POC,15,65.22,ETH_EVENING,5atr,true
ALL_ANCHORS,APPROACH_FROM_ABOVE,C02_ACTIVITY_MATCHED,4,50,8,15,POC,7,87.5,ETH_OVERNIGHT,5atr,true
ALL_ANCHORS,APPROACH_FROM_ABOVE,C02_ACTIVITY_MATCHED,4,57.14,7,15,POC,6,85.71,RTH_AFTERNOON,5atr,true
ALL_ANCHORS,APPROACH_FROM_ABOVE,C02_ACTIVITY_MATCHED,9,64.29,14,15,POC,10,71.43,RTH_MIDDAY,5atr,true
ALL_ANCHORS,APPROACH_FROM_ABOVE,C02_ACTIVITY_MATCHED,22,45.83,48,15,POC,36,75,RTH_MORNING,5atr,false
ALL_ANCHORS,APPROACH_FROM_ABOVE,C02_ACTIVITY_MATCHED,44,53.01,83,15,POC,71,85.54,RTH_OPEN,5atr,false
R01,APPROACH_FROM_ABOVE,C02_ACTIVITY_MATCHED,18,58.06,31,15,POC,22,70.97,ALL_SESSIONS,5atr,false
R01,APPROACH_FROM_ABOVE,C02_ACTIVITY_MATCHED,14,60.87,23,15,POC,15,65.22,ETH_EVENING,5atr,true
R01,APPROACH_FROM_ABOVE,C02_ACTIVITY_MATCHED,4,50,8,15,POC,7,87.5,ETH_OVERNIGHT,5atr,true
R02,APPROACH_FROM_ABOVE,C02_ACTIVITY_MATCHED,28,59.57,47,15,POC,34,72.34,ALL_SESSIONS,5atr,false
R02,APPROACH_FROM_ABOVE,C02_ACTIVITY_MATCHED,2,40,5,15,POC,4,80,RTH_AFTERNOON,5atr,true
R02,APPROACH_FROM_ABOVE,C02_ACTIVITY_MATCHED,4,80,5,15,POC,2,40,RTH_MIDDAY,5atr,true
R02,APPROACH_FROM_ABOVE,C02_ACTIVITY_MATCHED,9,69.23,13,15,POC,9,69.23,RTH_MORNING,5atr,true
R02,APPROACH_FROM_ABOVE,C02_ACTIVITY_MATCHED,13,54.17,24,15,POC,19,79.17,RTH_OPEN,5atr,true
R03,APPROACH_FROM_ABOVE,C02_ACTIVITY_MATCHED,16,47.06,34,15,POC,27,79.41,ALL_SESSIONS,5atr,false
R03,APPROACH_FROM_ABOVE,C02_ACTIVITY_MATCHED,1,100,1,15,POC,1,100,RTH_AFTERNOON,5atr,true
R03,APPROACH_FROM_ABOVE,C02_ACTIVITY_MATCHED,0,0,2,15,POC,2,100,RTH_MIDDAY,5atr,true
R03,APPROACH_FROM_ABOVE,C02_ACTIVITY_MATCHED,2,40,5,15,POC,3,60,RTH_MORNING,5atr,true
R03,APPROACH_FROM_ABOVE,C02_ACTIVITY_MATCHED,13,50,26,15,POC,21,80.77,RTH_OPEN,5atr,true
R04,APPROACH_FROM_ABOVE,C02_ACTIVITY_MATCHED,23,58.97,39,15,POC,36,92.31,ALL_SESSIONS,5atr,false
R04,APPROACH_FROM_ABOVE,C02_ACTIVITY_MATCHED,1,100,1,15,POC,1,100,RTH_AFTERNOON,5atr,true
R04,APPROACH_FROM_ABOVE,C02_ACTIVITY_MATCHED,2,100,2,15,POC,2,100,RTH_MIDDAY,5atr,true
R04,APPROACH_FROM_ABOVE,C02_ACTIVITY_MATCHED,2,66.67,3,15,POC,2,66.67,RTH_MORNING,5atr,true
R04,APPROACH_FROM_ABOVE,C02_ACTIVITY_MATCHED,18,54.55,33,15,POC,31,93.94,RTH_OPEN,5atr,false
R05,APPROACH_FROM_ABOVE,C02_ACTIVITY_MATCHED,12,37.5,32,15,POC,26,81.25,ALL_SESSIONS,5atr,false
R05,APPROACH_FROM_ABOVE,C02_ACTIVITY_MATCHED,3,60,5,15,POC,4,80,RTH_MIDDAY,5atr,true
R05,APPROACH_FROM_ABOVE,C02_ACTIVITY_MATCHED,9,33.33,27,15,POC,22,81.48,RTH_MORNING,5atr,true
ALL_ANCHORS,APPROACH_FROM_BELOW,C02_ACTIVITY_MATCHED,88,48.89,180,15,POC,137,76.11,ALL_SESSIONS,5atr,false
ALL_ANCHORS,APPROACH_FROM_BELOW,C02_ACTIVITY_MATCHED,11,57.89,19,15,POC,15,78.95,ETH_EVENING,5atr,true
ALL_ANCHORS,APPROACH_FROM_BELOW,C02_ACTIVITY_MATCHED,6,37.5,16,15,POC,7,43.75,ETH_OVERNIGHT,5atr,true
ALL_ANCHORS,APPROACH_FROM_BELOW,C02_ACTIVITY_MATCHED,3,33.33,9,15,POC,8,88.89,RTH_AFTERNOON,5atr,true
ALL_ANCHORS,APPROACH_FROM_BELOW,C02_ACTIVITY_MATCHED,8,66.67,12,15,POC,9,75,RTH_MIDDAY,5atr,true
ALL_ANCHORS,APPROACH_FROM_BELOW,C02_ACTIVITY_MATCHED,23,46.94,49,15,POC,39,79.59,RTH_MORNING,5atr,false
ALL_ANCHORS,APPROACH_FROM_BELOW,C02_ACTIVITY_MATCHED,37,49.33,75,15,POC,59,78.67,RTH_OPEN,5atr,false
R01,APPROACH_FROM_BELOW,C02_ACTIVITY_MATCHED,17,48.57,35,15,POC,22,62.86,ALL_SESSIONS,5atr,false
R01,APPROACH_FROM_BELOW,C02_ACTIVITY_MATCHED,11,57.89,19,15,POC,15,78.95,ETH_EVENING,5atr,true
R01,APPROACH_FROM_BELOW,C02_ACTIVITY_MATCHED,6,37.5,16,15,POC,7,43.75,ETH_OVERNIGHT,5atr,true
R02,APPROACH_FROM_BELOW,C02_ACTIVITY_MATCHED,13,54.17,24,15,POC,18,75,ALL_SESSIONS,5atr,true
R02,APPROACH_FROM_BELOW,C02_ACTIVITY_MATCHED,1,50,2,15,POC,1,50,RTH_AFTERNOON,5atr,true
R02,APPROACH_FROM_BELOW,C02_ACTIVITY_MATCHED,3,60,5,15,POC,4,80,RTH_MIDDAY,5atr,true
R02,APPROACH_FROM_BELOW,C02_ACTIVITY_MATCHED,3,75,4,15,POC,4,100,RTH_MORNING,5atr,true
R02,APPROACH_FROM_BELOW,C02_ACTIVITY_MATCHED,6,46.15,13,15,POC,9,69.23,RTH_OPEN,5atr,true
R03,APPROACH_FROM_BELOW,C02_ACTIVITY_MATCHED,18,47.37,38,15,POC,32,84.21,ALL_SESSIONS,5atr,false
R03,APPROACH_FROM_BELOW,C02_ACTIVITY_MATCHED,0,0,3,15,POC,3,100,RTH_AFTERNOON,5atr,true
R03,APPROACH_FROM_BELOW,C02_ACTIVITY_MATCHED,2,100,2,15,POC,2,100,RTH_MIDDAY,5atr,true
R03,APPROACH_FROM_BELOW,C02_ACTIVITY_MATCHED,4,50,8,15,POC,8,100,RTH_MORNING,5atr,true
R03,APPROACH_FROM_BELOW,C02_ACTIVITY_MATCHED,12,48,25,15,POC,19,76,RTH_OPEN,5atr,true
R04,APPROACH_FROM_BELOW,C02_ACTIVITY_MATCHED,24,52.17,46,15,POC,39,84.78,ALL_SESSIONS,5atr,false
R04,APPROACH_FROM_BELOW,C02_ACTIVITY_MATCHED,1,33.33,3,15,POC,3,100,RTH_AFTERNOON,5atr,true
R04,APPROACH_FROM_BELOW,C02_ACTIVITY_MATCHED,2,66.67,3,15,POC,2,66.67,RTH_MIDDAY,5atr,true
R04,APPROACH_FROM_BELOW,C02_ACTIVITY_MATCHED,2,66.67,3,15,POC,3,100,RTH_MORNING,5atr,true
R04,APPROACH_FROM_BELOW,C02_ACTIVITY_MATCHED,19,51.35,37,15,POC,31,83.78,RTH_OPEN,5atr,false
R05,APPROACH_FROM_BELOW,C02_ACTIVITY_MATCHED,16,43.24,37,15,POC,26,70.27,ALL_SESSIONS,5atr,false
R05,APPROACH_FROM_BELOW,C02_ACTIVITY_MATCHED,1,100,1,15,POC,1,100,RTH_AFTERNOON,5atr,true
R05,APPROACH_FROM_BELOW,C02_ACTIVITY_MATCHED,1,50,2,15,POC,1,50,RTH_MIDDAY,5atr,true
R05,APPROACH_FROM_BELOW,C02_ACTIVITY_MATCHED,14,41.18,34,15,POC,24,70.59,RTH_MORNING,5atr,false
ALL_ANCHORS,APPROACH_FROM_ABOVE,TREATED,126,52.72,239,15,POC,186,77.82,ALL_SESSIONS,5atr,false
ALL_ANCHORS,APPROACH_FROM_ABOVE,TREATED,11,42.31,26,15,POC,19,73.08,ETH_EVENING,5atr,true
ALL_ANCHORS,APPROACH_FROM_ABOVE,TREATED,9,60,15,15,POC,8,53.33,ETH_OVERNIGHT,5atr,true
ALL_ANCHORS,APPROACH_FROM_ABOVE,TREATED,8,66.67,12,15,POC,8,66.67,RTH_AFTERNOON,5atr,true
ALL_ANCHORS,APPROACH_FROM_ABOVE,TREATED,3,25,12,15,POC,9,75,RTH_MIDDAY,5atr,true
ALL_ANCHORS,APPROACH_FROM_ABOVE,TREATED,30,50,60,15,POC,43,71.67,RTH_MORNING,5atr,false
ALL_ANCHORS,APPROACH_FROM_ABOVE,TREATED,65,57.02,114,15,POC,99,86.84,RTH_OPEN,5atr,false
R01,APPROACH_FROM_ABOVE,TREATED,20,48.78,41,15,POC,27,65.85,ALL_SESSIONS,5atr,false
R01,APPROACH_FROM_ABOVE,TREATED,11,42.31,26,15,POC,19,73.08,ETH_EVENING,5atr,true
R01,APPROACH_FROM_ABOVE,TREATED,9,60,15,15,POC,8,53.33,ETH_OVERNIGHT,5atr,true
R02,APPROACH_FROM_ABOVE,TREATED,28,48.28,58,15,POC,46,79.31,ALL_SESSIONS,5atr,false
R02,APPROACH_FROM_ABOVE,TREATED,3,42.86,7,15,POC,5,71.43,RTH_AFTERNOON,5atr,true
R02,APPROACH_FROM_ABOVE,TREATED,1,33.33,3,15,POC,2,66.67,RTH_MIDDAY,5atr,true
R02,APPROACH_FROM_ABOVE,TREATED,7,53.85,13,15,POC,8,61.54,RTH_MORNING,5atr,true
R02,APPROACH_FROM_ABOVE,TREATED,17,48.57,35,15,POC,31,88.57,RTH_OPEN,5atr,false
R03,APPROACH_FROM_ABOVE,TREATED,30,63.83,47,15,POC,35,74.47,ALL_SESSIONS,5atr,false
R03,APPROACH_FROM_ABOVE,TREATED,3,100,3,15,POC,1,33.33,RTH_AFTERNOON,5atr,true
R03,APPROACH_FROM_ABOVE,TREATED,0,0,1,15,POC,1,100,RTH_MIDDAY,5atr,true
R03,APPROACH_FROM_ABOVE,TREATED,2,50,4,15,POC,1,25,RTH_MORNING,5atr,true
R03,APPROACH_FROM_ABOVE,TREATED,25,64.1,39,15,POC,32,82.05,RTH_OPEN,5atr,false
R04,APPROACH_FROM_ABOVE,TREATED,25,54.35,46,15,POC,42,91.3,ALL_SESSIONS,5atr,false
R04,APPROACH_FROM_ABOVE,TREATED,2,100,2,15,POC,2,100,RTH_AFTERNOON,5atr,true
R04,APPROACH_FROM_ABOVE,TREATED,0,0,2,15,POC,2,100,RTH_MIDDAY,5atr,true
R04,APPROACH_FROM_ABOVE,TREATED,0,0,2,15,POC,2,100,RTH_MORNING,5atr,true
R04,APPROACH_FROM_ABOVE,TREATED,23,57.5,40,15,POC,36,90,RTH_OPEN,5atr,false
R05,APPROACH_FROM_ABOVE,TREATED,23,48.94,47,15,POC,36,76.6,ALL_SESSIONS,5atr,false
R05,APPROACH_FROM_ABOVE,TREATED,2,33.33,6,15,POC,4,66.67,RTH_MIDDAY,5atr,true
R05,APPROACH_FROM_ABOVE,TREATED,21,51.22,41,15,POC,32,78.05,RTH_MORNING,5atr,false
ALL_ANCHORS,APPROACH_FROM_BELOW,TREATED,116,51.79,224,15,POC,164,73.21,ALL_SESSIONS,5atr,false
ALL_ANCHORS,APPROACH_FROM_BELOW,TREATED,11,40.74,27,15,POC,19,70.37,ETH_EVENING,5atr,true
ALL_ANCHORS,APPROACH_FROM_BELOW,TREATED,7,50,14,15,POC,6,42.86,ETH_OVERNIGHT,5atr,true
ALL_ANCHORS,APPROACH_FROM_BELOW,TREATED,3,37.5,8,15,POC,8,100,RTH_AFTERNOON,5atr,true
ALL_ANCHORS,APPROACH_FROM_BELOW,TREATED,12,70.59,17,15,POC,9,52.94,RTH_MIDDAY,5atr,true
ALL_ANCHORS,APPROACH_FROM_BELOW,TREATED,24,45.28,53,15,POC,39,73.58,RTH_MORNING,5atr,false
ALL_ANCHORS,APPROACH_FROM_BELOW,TREATED,59,56.19,105,15,POC,83,79.05,RTH_OPEN,5atr,false
R01,APPROACH_FROM_BELOW,TREATED,18,43.9,41,15,POC,25,60.98,ALL_SESSIONS,5atr,false
R01,APPROACH_FROM_BELOW,TREATED,11,40.74,27,15,POC,19,70.37,ETH_EVENING,5atr,true
R01,APPROACH_FROM_BELOW,TREATED,7,50,14,15,POC,6,42.86,ETH_OVERNIGHT,5atr,true
R02,APPROACH_FROM_BELOW,TREATED,15,51.72,29,15,POC,18,62.07,ALL_SESSIONS,5atr,true
R02,APPROACH_FROM_BELOW,TREATED,1,50,2,15,POC,2,100,RTH_AFTERNOON,5atr,true
R02,APPROACH_FROM_BELOW,TREATED,3,60,5,15,POC,2,40,RTH_MIDDAY,5atr,true
R02,APPROACH_FROM_BELOW,TREATED,3,42.86,7,15,POC,4,57.14,RTH_MORNING,5atr,true
R02,APPROACH_FROM_BELOW,TREATED,8,53.33,15,15,POC,10,66.67,RTH_OPEN,5atr,true
R03,APPROACH_FROM_BELOW,TREATED,30,54.55,55,15,POC,44,80,ALL_SESSIONS,5atr,false
R03,APPROACH_FROM_BELOW,TREATED,1,33.33,3,15,POC,3,100,RTH_AFTERNOON,5atr,true
R03,APPROACH_FROM_BELOW,TREATED,4,80,5,15,POC,3,60,RTH_MIDDAY,5atr,true
R03,APPROACH_FROM_BELOW,TREATED,2,28.57,7,15,POC,7,100,RTH_MORNING,5atr,true
R03,APPROACH_FROM_BELOW,TREATED,23,57.5,40,15,POC,31,77.5,RTH_OPEN,5atr,false
R04,APPROACH_FROM_BELOW,TREATED,33,54.1,61,15,POC,51,83.61,ALL_SESSIONS,5atr,false
R04,APPROACH_FROM_BELOW,TREATED,0,0,2,15,POC,2,100,RTH_AFTERNOON,5atr,true
R04,APPROACH_FROM_BELOW,TREATED,2,50,4,15,POC,3,75,RTH_MIDDAY,5atr,true
R04,APPROACH_FROM_BELOW,TREATED,3,60,5,15,POC,4,80,RTH_MORNING,5atr,true
R04,APPROACH_FROM_BELOW,TREATED,28,56,50,15,POC,42,84,RTH_OPEN,5atr,false
R05,APPROACH_FROM_BELOW,TREATED,20,52.63,38,15,POC,26,68.42,ALL_SESSIONS,5atr,false
R05,APPROACH_FROM_BELOW,TREATED,1,100,1,15,POC,1,100,RTH_AFTERNOON,5atr,true
R05,APPROACH_FROM_BELOW,TREATED,3,100,3,15,POC,1,33.33,RTH_MIDDAY,5atr,true
R05,APPROACH_FROM_BELOW,TREATED,16,47.06,34,15,POC,24,70.59,RTH_MORNING,5atr,false
ALL_ANCHORS,APPROACH_FROM_ABOVE,C01_NEUTRAL,80,43.24,185,30,NONPOC,149,80.54,ALL_SESSIONS,5atr,false
ALL_ANCHORS,APPROACH_FROM_ABOVE,C01_NEUTRAL,7,43.75,16,30,NONPOC,12,75,ETH_EVENING,5atr,true
ALL_ANCHORS,APPROACH_FROM_ABOVE,C01_NEUTRAL,5,50,10,30,NONPOC,7,70,ETH_OVERNIGHT,5atr,true
ALL_ANCHORS,APPROACH_FROM_ABOVE,C01_NEUTRAL,2,50,4,30,NONPOC,3,75,RTH_AFTERNOON,5atr,true
ALL_ANCHORS,APPROACH_FROM_ABOVE,C01_NEUTRAL,7,38.89,18,30,NONPOC,15,83.33,RTH_MIDDAY,5atr,true
ALL_ANCHORS,APPROACH_FROM_ABOVE,C01_NEUTRAL,21,45.65,46,30,NONPOC,35,76.09,RTH_MORNING,5atr,false
ALL_ANCHORS,APPROACH_FROM_ABOVE,C01_NEUTRAL,38,41.76,91,30,NONPOC,77,84.62,RTH_OPEN,5atr,false
R01,APPROACH_FROM_ABOVE,C01_NEUTRAL,12,46.15,26,30,NONPOC,19,73.08,ALL_SESSIONS,5atr,true
R01,APPROACH_FROM_ABOVE,C01_NEUTRAL,7,43.75,16,30,NONPOC,12,75,ETH_EVENING,5atr,true
R01,APPROACH_FROM_ABOVE,C01_NEUTRAL,5,50,10,30,NONPOC,7,70,ETH_OVERNIGHT,5atr,true
R02,APPROACH_FROM_ABOVE,C01_NEUTRAL,13,30.95,42,30,NONPOC,34,80.95,ALL_SESSIONS,5atr,false
R02,APPROACH_FROM_ABOVE,C01_NEUTRAL,0,0,1,30,NONPOC,1,100,RTH_AFTERNOON,5atr,true
R02,APPROACH_FROM_ABOVE,C01_NEUTRAL,1,20,5,30,NONPOC,4,80,RTH_MIDDAY,5atr,true
R02,APPROACH_FROM_ABOVE,C01_NEUTRAL,4,44.44,9,30,NONPOC,7,77.78,RTH_MORNING,5atr,true
R02,APPROACH_FROM_ABOVE,C01_NEUTRAL,8,29.63,27,30,NONPOC,22,81.48,RTH_OPEN,5atr,true
R03,APPROACH_FROM_ABOVE,C01_NEUTRAL,30,49.18,61,30,NONPOC,49,80.33,ALL_SESSIONS,5atr,false
R03,APPROACH_FROM_ABOVE,C01_NEUTRAL,1,50,2,30,NONPOC,1,50,RTH_AFTERNOON,5atr,true
R03,APPROACH_FROM_ABOVE,C01_NEUTRAL,3,42.86,7,30,NONPOC,5,71.43,RTH_MIDDAY,5atr,true
R03,APPROACH_FROM_ABOVE,C01_NEUTRAL,3,50,6,30,NONPOC,5,83.33,RTH_MORNING,5atr,true
R03,APPROACH_FROM_ABOVE,C01_NEUTRAL,23,50,46,30,NONPOC,38,82.61,RTH_OPEN,5atr,false
R04,APPROACH_FROM_ABOVE,C01_NEUTRAL,13,46.43,28,30,NONPOC,25,89.29,ALL_SESSIONS,5atr,true
R04,APPROACH_FROM_ABOVE,C01_NEUTRAL,1,100,1,30,NONPOC,1,100,RTH_AFTERNOON,5atr,true
R04,APPROACH_FROM_ABOVE,C01_NEUTRAL,1,100,1,30,NONPOC,1,100,RTH_MIDDAY,5atr,true
R04,APPROACH_FROM_ABOVE,C01_NEUTRAL,4,50,8,30,NONPOC,6,75,RTH_MORNING,5atr,true
R04,APPROACH_FROM_ABOVE,C01_NEUTRAL,7,38.89,18,30,NONPOC,17,94.44,RTH_OPEN,5atr,true
R05,APPROACH_FROM_ABOVE,C01_NEUTRAL,12,42.86,28,30,NONPOC,22,78.57,ALL_SESSIONS,5atr,true
R05,APPROACH_FROM_ABOVE,C01_NEUTRAL,2,40,5,30,NONPOC,5,100,RTH_MIDDAY,5atr,true
R05,APPROACH_FROM_ABOVE,C01_NEUTRAL,10,43.48,23,30,NONPOC,17,73.91,RTH_MORNING,5atr,true
ALL_ANCHORS,APPROACH_FROM_BELOW,C01_NEUTRAL,79,54.11,146,30,NONPOC,113,77.4,ALL_SESSIONS,5atr,false
ALL_ANCHORS,APPROACH_FROM_BELOW,C01_NEUTRAL,7,53.85,13,30,NONPOC,8,61.54,ETH_EVENING,5atr,true
ALL_ANCHORS,APPROACH_FROM_BELOW,C01_NEUTRAL,4,36.36,11,30,NONPOC,8,72.73,ETH_OVERNIGHT,5atr,true
ALL_ANCHORS,APPROACH_FROM_BELOW,C01_NEUTRAL,6,100,6,30,NONPOC,4,66.67,RTH_AFTERNOON,5atr,true
ALL_ANCHORS,APPROACH_FROM_BELOW,C01_NEUTRAL,5,35.71,14,30,NONPOC,14,100,RTH_MIDDAY,5atr,true
ALL_ANCHORS,APPROACH_FROM_BELOW,C01_NEUTRAL,18,52.94,34,30,NONPOC,22,64.71,RTH_MORNING,5atr,false
ALL_ANCHORS,APPROACH_FROM_BELOW,C01_NEUTRAL,39,57.35,68,30,NONPOC,57,83.82,RTH_OPEN,5atr,false
R01,APPROACH_FROM_BELOW,C01_NEUTRAL,11,45.83,24,30,NONPOC,16,66.67,ALL_SESSIONS,5atr,true
R01,APPROACH_FROM_BELOW,C01_NEUTRAL,7,53.85,13,30,NONPOC,8,61.54,ETH_EVENING,5atr,true
R01,APPROACH_FROM_BELOW,C01_NEUTRAL,4,36.36,11,30,NONPOC,8,72.73,ETH_OVERNIGHT,5atr,true
R02,APPROACH_FROM_BELOW,C01_NEUTRAL,17,73.91,23,30,NONPOC,18,78.26,ALL_SESSIONS,5atr,true
R02,APPROACH_FROM_BELOW,C01_NEUTRAL,0,0,1,30,NONPOC,1,100,RTH_MIDDAY,5atr,true
R02,APPROACH_FROM_BELOW,C01_NEUTRAL,3,75,4,30,NONPOC,3,75,RTH_MORNING,5atr,true
R02,APPROACH_FROM_BELOW,C01_NEUTRAL,14,77.78,18,30,NONPOC,14,77.78,RTH_OPEN,5atr,true
R03,APPROACH_FROM_BELOW,C01_NEUTRAL,22,46.81,47,30,NONPOC,39,82.98,ALL_SESSIONS,5atr,false
R03,APPROACH_FROM_BELOW,C01_NEUTRAL,2,100,2,30,NONPOC,1,50,RTH_AFTERNOON,5atr,true
R03,APPROACH_FROM_BELOW,C01_NEUTRAL,2,25,8,30,NONPOC,8,100,RTH_MIDDAY,5atr,true
R03,APPROACH_FROM_BELOW,C01_NEUTRAL,5,71.43,7,30,NONPOC,3,42.86,RTH_MORNING,5atr,true
R03,APPROACH_FROM_BELOW,C01_NEUTRAL,13,43.33,30,30,NONPOC,27,90,RTH_OPEN,5atr,false
R04,APPROACH_FROM_BELOW,C01_NEUTRAL,19,61.29,31,30,NONPOC,26,83.87,ALL_SESSIONS,5atr,false
R04,APPROACH_FROM_BELOW,C01_NEUTRAL,4,100,4,30,NONPOC,3,75,RTH_AFTERNOON,5atr,true
R04,APPROACH_FROM_BELOW,C01_NEUTRAL,2,50,4,30,NONPOC,4,100,RTH_MIDDAY,5atr,true
R04,APPROACH_FROM_BELOW,C01_NEUTRAL,1,33.33,3,30,NONPOC,3,100,RTH_MORNING,5atr,true
R04,APPROACH_FROM_BELOW,C01_NEUTRAL,12,60,20,30,NONPOC,16,80,RTH_OPEN,5atr,true
R05,APPROACH_FROM_BELOW,C01_NEUTRAL,10,47.62,21,30,NONPOC,14,66.67,ALL_SESSIONS,5atr,true
R05,APPROACH_FROM_BELOW,C01_NEUTRAL,1,100,1,30,NONPOC,1,100,RTH_MIDDAY,5atr,true
R05,APPROACH_FROM_BELOW,C01_NEUTRAL,9,45,20,30,NONPOC,13,65,RTH_MORNING,5atr,true
ALL_ANCHORS,APPROACH_FROM_ABOVE,C02_ACTIVITY_MATCHED,78,46.71,167,30,NONPOC,130,77.84,ALL_SESSIONS,5atr,false
ALL_ANCHORS,APPROACH_FROM_ABOVE,C02_ACTIVITY_MATCHED,6,31.58,19,30,NONPOC,14,73.68,ETH_EVENING,5atr,true
ALL_ANCHORS,APPROACH_FROM_ABOVE,C02_ACTIVITY_MATCHED,5,55.56,9,30,NONPOC,3,33.33,ETH_OVERNIGHT,5atr,true
ALL_ANCHORS,APPROACH_FROM_ABOVE,C02_ACTIVITY_MATCHED,3,50,6,30,NONPOC,5,83.33,RTH_AFTERNOON,5atr,true
ALL_ANCHORS,APPROACH_FROM_ABOVE,C02_ACTIVITY_MATCHED,10,62.5,16,30,NONPOC,14,87.5,RTH_MIDDAY,5atr,true
ALL_ANCHORS,APPROACH_FROM_ABOVE,C02_ACTIVITY_MATCHED,18,42.86,42,30,NONPOC,30,71.43,RTH_MORNING,5atr,false
ALL_ANCHORS,APPROACH_FROM_ABOVE,C02_ACTIVITY_MATCHED,36,48,75,30,NONPOC,64,85.33,RTH_OPEN,5atr,false
R01,APPROACH_FROM_ABOVE,C02_ACTIVITY_MATCHED,11,39.29,28,30,NONPOC,17,60.71,ALL_SESSIONS,5atr,true
R01,APPROACH_FROM_ABOVE,C02_ACTIVITY_MATCHED,6,31.58,19,30,NONPOC,14,73.68,ETH_EVENING,5atr,true
R01,APPROACH_FROM_ABOVE,C02_ACTIVITY_MATCHED,5,55.56,9,30,NONPOC,3,33.33,ETH_OVERNIGHT,5atr,true
R02,APPROACH_FROM_ABOVE,C02_ACTIVITY_MATCHED,18,45,40,30,NONPOC,33,82.5,ALL_SESSIONS,5atr,false
R02,APPROACH_FROM_ABOVE,C02_ACTIVITY_MATCHED,2,50,4,30,NONPOC,3,75,RTH_AFTERNOON,5atr,true
R02,APPROACH_FROM_ABOVE,C02_ACTIVITY_MATCHED,1,33.33,3,30,NONPOC,2,66.67,RTH_MIDDAY,5atr,true
R02,APPROACH_FROM_ABOVE,C02_ACTIVITY_MATCHED,4,50,8,30,NONPOC,5,62.5,RTH_MORNING,5atr,true
R02,APPROACH_FROM_ABOVE,C02_ACTIVITY_MATCHED,11,44,25,30,NONPOC,23,92,RTH_OPEN,5atr,true
R03,APPROACH_FROM_ABOVE,C02_ACTIVITY_MATCHED,22,45.83,48,30,NONPOC,41,85.42,ALL_SESSIONS,5atr,false
R03,APPROACH_FROM_ABOVE,C02_ACTIVITY_MATCHED,1,50,2,30,NONPOC,2,100,RTH_AFTERNOON,5atr,true
R03,APPROACH_FROM_ABOVE,C02_ACTIVITY_MATCHED,4,57.14,7,30,NONPOC,7,100,RTH_MIDDAY,5atr,true
R03,APPROACH_FROM_ABOVE,C02_ACTIVITY_MATCHED,1,20,5,30,NONPOC,4,80,RTH_MORNING,5atr,true
R03,APPROACH_FROM_ABOVE,C02_ACTIVITY_MATCHED,16,47.06,34,30,NONPOC,28,82.35,RTH_OPEN,5atr,false
R04,APPROACH_FROM_ABOVE,C02_ACTIVITY_MATCHED,12,57.14,21,30,NONPOC,17,80.95,ALL_SESSIONS,5atr,true
R04,APPROACH_FROM_ABOVE,C02_ACTIVITY_MATCHED,3,60,5,30,NONPOC,4,80,RTH_MORNING,5atr,true
R04,APPROACH_FROM_ABOVE,C02_ACTIVITY_MATCHED,9,56.25,16,30,NONPOC,13,81.25,RTH_OPEN,5atr,true
R05,APPROACH_FROM_ABOVE,C02_ACTIVITY_MATCHED,15,50,30,30,NONPOC,22,73.33,ALL_SESSIONS,5atr,false
R05,APPROACH_FROM_ABOVE,C02_ACTIVITY_MATCHED,5,83.33,6,30,NONPOC,5,83.33,RTH_MIDDAY,5atr,true
R05,APPROACH_FROM_ABOVE,C02_ACTIVITY_MATCHED,10,41.67,24,30,NONPOC,17,70.83,RTH_MORNING,5atr,true
ALL_ANCHORS,APPROACH_FROM_BELOW,C02_ACTIVITY_MATCHED,83,53.9,154,30,NONPOC,120,77.92,ALL_SESSIONS,5atr,false
ALL_ANCHORS,APPROACH_FROM_BELOW,C02_ACTIVITY_MATCHED,13,68.42,19,30,NONPOC,12,63.16,ETH_EVENING,5atr,true
ALL_ANCHORS,APPROACH_FROM_BELOW,C02_ACTIVITY_MATCHED,1,14.29,7,30,NONPOC,5,71.43,ETH_OVERNIGHT,5atr,true
ALL_ANCHORS,APPROACH_FROM_BELOW,C02_ACTIVITY_MATCHED,6,85.71,7,30,NONPOC,5,71.43,RTH_AFTERNOON,5atr,true
ALL_ANCHORS,APPROACH_FROM_BELOW,C02_ACTIVITY_MATCHED,9,45,20,30,NONPOC,17,85,RTH_MIDDAY,5atr,true
ALL_ANCHORS,APPROACH_FROM_BELOW,C02_ACTIVITY_MATCHED,15,51.72,29,30,NONPOC,19,65.52,RTH_MORNING,5atr,true
ALL_ANCHORS,APPROACH_FROM_BELOW,C02_ACTIVITY_MATCHED,39,54.17,72,30,NONPOC,62,86.11,RTH_OPEN,5atr,false
R01,APPROACH_FROM_BELOW,C02_ACTIVITY_MATCHED,14,53.85,26,30,NONPOC,17,65.38,ALL_SESSIONS,5atr,true
R01,APPROACH_FROM_BELOW,C02_ACTIVITY_MATCHED,13,68.42,19,30,NONPOC,12,63.16,ETH_EVENING,5atr,true
R01,APPROACH_FROM_BELOW,C02_ACTIVITY_MATCHED,1,14.29,7,30,NONPOC,5,71.43,ETH_OVERNIGHT,5atr,true
R02,APPROACH_FROM_BELOW,C02_ACTIVITY_MATCHED,16,57.14,28,30,NONPOC,21,75,ALL_SESSIONS,5atr,true
R02,APPROACH_FROM_BELOW,C02_ACTIVITY_MATCHED,2,40,5,30,NONPOC,4,80,RTH_MIDDAY,5atr,true
R02,APPROACH_FROM_BELOW,C02_ACTIVITY_MATCHED,4,100,4,30,NONPOC,2,50,RTH_MORNING,5atr,true
R02,APPROACH_FROM_BELOW,C02_ACTIVITY_MATCHED,10,52.63,19,30,NONPOC,15,78.95,RTH_OPEN,5atr,true
R03,APPROACH_FROM_BELOW,C02_ACTIVITY_MATCHED,25,52.08,48,30,NONPOC,41,85.42,ALL_SESSIONS,5atr,false
R03,APPROACH_FROM_BELOW,C02_ACTIVITY_MATCHED,3,100,3,30,NONPOC,2,66.67,RTH_AFTERNOON,5atr,true
R03,APPROACH_FROM_BELOW,C02_ACTIVITY_MATCHED,2,25,8,30,NONPOC,7,87.5,RTH_MIDDAY,5atr,true
R03,APPROACH_FROM_BELOW,C02_ACTIVITY_MATCHED,3,75,4,30,NONPOC,2,50,RTH_MORNING,5atr,true
R03,APPROACH_FROM_BELOW,C02_ACTIVITY_MATCHED,17,51.52,33,30,NONPOC,30,90.91,RTH_OPEN,5atr,false
R04,APPROACH_FROM_BELOW,C02_ACTIVITY_MATCHED,18,60,30,30,NONPOC,26,86.67,ALL_SESSIONS,5atr,false
R04,APPROACH_FROM_BELOW,C02_ACTIVITY_MATCHED,3,75,4,30,NONPOC,3,75,RTH_AFTERNOON,5atr,true
R04,APPROACH_FROM_BELOW,C02_ACTIVITY_MATCHED,3,75,4,30,NONPOC,4,100,RTH_MIDDAY,5atr,true
R04,APPROACH_FROM_BELOW,C02_ACTIVITY_MATCHED,0,0,2,30,NONPOC,2,100,RTH_MORNING,5atr,true
R04,APPROACH_FROM_BELOW,C02_ACTIVITY_MATCHED,12,60,20,30,NONPOC,17,85,RTH_OPEN,5atr,true
R05,APPROACH_FROM_BELOW,C02_ACTIVITY_MATCHED,10,45.45,22,30,NONPOC,15,68.18,ALL_SESSIONS,5atr,true
R05,APPROACH_FROM_BELOW,C02_ACTIVITY_MATCHED,2,66.67,3,30,NONPOC,2,66.67,RTH_MIDDAY,5atr,true
R05,APPROACH_FROM_BELOW,C02_ACTIVITY_MATCHED,8,42.11,19,30,NONPOC,13,68.42,RTH_MORNING,5atr,true
ALL_ANCHORS,APPROACH_FROM_ABOVE,TREATED,76,45.24,168,30,NONPOC,137,81.55,ALL_SESSIONS,5atr,false
ALL_ANCHORS,APPROACH_FROM_ABOVE,TREATED,5,33.33,15,30,NONPOC,12,80,ETH_EVENING,5atr,true
ALL_ANCHORS,APPROACH_FROM_ABOVE,TREATED,5,50,10,30,NONPOC,5,50,ETH_OVERNIGHT,5atr,true
ALL_ANCHORS,APPROACH_FROM_ABOVE,TREATED,2,40,5,30,NONPOC,5,100,RTH_AFTERNOON,5atr,true
ALL_ANCHORS,APPROACH_FROM_ABOVE,TREATED,8,44.44,18,30,NONPOC,16,88.89,RTH_MIDDAY,5atr,true
ALL_ANCHORS,APPROACH_FROM_ABOVE,TREATED,18,46.15,39,30,NONPOC,29,74.36,RTH_MORNING,5atr,false
ALL_ANCHORS,APPROACH_FROM_ABOVE,TREATED,38,46.91,81,30,NONPOC,70,86.42,RTH_OPEN,5atr,false
R01,APPROACH_FROM_ABOVE,TREATED,10,40,25,30,NONPOC,17,68,ALL_SESSIONS,5atr,true
R01,APPROACH_FROM_ABOVE,TREATED,5,33.33,15,30,NONPOC,12,80,ETH_EVENING,5atr,true
R01,APPROACH_FROM_ABOVE,TREATED,5,50,10,30,NONPOC,5,50,ETH_OVERNIGHT,5atr,true
R02,APPROACH_FROM_ABOVE,TREATED,11,28.95,38,30,NONPOC,33,86.84,ALL_SESSIONS,5atr,false
R02,APPROACH_FROM_ABOVE,TREATED,0,0,1,30,NONPOC,1,100,RTH_AFTERNOON,5atr,true
R02,APPROACH_FROM_ABOVE,TREATED,1,20,5,30,NONPOC,4,80,RTH_MIDDAY,5atr,true
R02,APPROACH_FROM_ABOVE,TREATED,3,37.5,8,30,NONPOC,6,75,RTH_MORNING,5atr,true
R02,APPROACH_FROM_ABOVE,TREATED,7,29.17,24,30,NONPOC,22,91.67,RTH_OPEN,5atr,true
R03,APPROACH_FROM_ABOVE,TREATED,28,50.91,55,30,NONPOC,45,81.82,ALL_SESSIONS,5atr,false
R03,APPROACH_FROM_ABOVE,TREATED,2,66.67,3,30,NONPOC,3,100,RTH_AFTERNOON,5atr,true
R03,APPROACH_FROM_ABOVE,TREATED,3,50,6,30,NONPOC,5,83.33,RTH_MIDDAY,5atr,true
R03,APPROACH_FROM_ABOVE,TREATED,3,50,6,30,NONPOC,5,83.33,RTH_MORNING,5atr,true
R03,APPROACH_FROM_ABOVE,TREATED,20,50,40,30,NONPOC,32,80,RTH_OPEN,5atr,false
R04,APPROACH_FROM_ABOVE,TREATED,16,64,25,30,NONPOC,22,88,ALL_SESSIONS,5atr,true
R04,APPROACH_FROM_ABOVE,TREATED,0,0,1,30,NONPOC,1,100,RTH_AFTERNOON,5atr,true
R04,APPROACH_FROM_ABOVE,TREATED,1,100,1,30,NONPOC,1,100,RTH_MIDDAY,5atr,true
R04,APPROACH_FROM_ABOVE,TREATED,4,66.67,6,30,NONPOC,4,66.67,RTH_MORNING,5atr,true
R04,APPROACH_FROM_ABOVE,TREATED,11,64.71,17,30,NONPOC,16,94.12,RTH_OPEN,5atr,true
R05,APPROACH_FROM_ABOVE,TREATED,11,44,25,30,NONPOC,20,80,ALL_SESSIONS,5atr,true
R05,APPROACH_FROM_ABOVE,TREATED,3,50,6,30,NONPOC,6,100,RTH_MIDDAY,5atr,true
R05,APPROACH_FROM_ABOVE,TREATED,8,42.11,19,30,NONPOC,14,73.68,RTH_MORNING,5atr,true
ALL_ANCHORS,APPROACH_FROM_BELOW,TREATED,86,55.84,154,30,NONPOC,123,79.87,ALL_SESSIONS,5atr,false
ALL_ANCHORS,APPROACH_FROM_BELOW,TREATED,10,55.56,18,30,NONPOC,14,77.78,ETH_EVENING,5atr,true
ALL_ANCHORS,APPROACH_FROM_BELOW,TREATED,5,50,10,30,NONPOC,9,90,ETH_OVERNIGHT,5atr,true
ALL_ANCHORS,APPROACH_FROM_BELOW,TREATED,7,100,7,30,NONPOC,5,71.43,RTH_AFTERNOON,5atr,true
ALL_ANCHORS,APPROACH_FROM_BELOW,TREATED,7,50,14,30,NONPOC,13,92.86,RTH_MIDDAY,5atr,true
ALL_ANCHORS,APPROACH_FROM_BELOW,TREATED,21,61.76,34,30,NONPOC,23,67.65,RTH_MORNING,5atr,false
ALL_ANCHORS,APPROACH_FROM_BELOW,TREATED,36,50.7,71,30,NONPOC,59,83.1,RTH_OPEN,5atr,false
R01,APPROACH_FROM_BELOW,TREATED,15,53.57,28,30,NONPOC,23,82.14,ALL_SESSIONS,5atr,true
R01,APPROACH_FROM_BELOW,TREATED,10,55.56,18,30,NONPOC,14,77.78,ETH_EVENING,5atr,true
R01,APPROACH_FROM_BELOW,TREATED,5,50,10,30,NONPOC,9,90,ETH_OVERNIGHT,5atr,true
R02,APPROACH_FROM_BELOW,TREATED,15,68.18,22,30,NONPOC,16,72.73,ALL_SESSIONS,5atr,true
R02,APPROACH_FROM_BELOW,TREATED,2,66.67,3,30,NONPOC,2,66.67,RTH_MIDDAY,5atr,true
R02,APPROACH_FROM_BELOW,TREATED,2,66.67,3,30,NONPOC,2,66.67,RTH_MORNING,5atr,true
R02,APPROACH_FROM_BELOW,TREATED,11,68.75,16,30,NONPOC,12,75,RTH_OPEN,5atr,true
R03,APPROACH_FROM_BELOW,TREATED,24,48,50,30,NONPOC,42,84,ALL_SESSIONS,5atr,false
R03,APPROACH_FROM_BELOW,TREATED,3,100,3,30,NONPOC,2,66.67,RTH_AFTERNOON,5atr,true
R03,APPROACH_FROM_BELOW,TREATED,2,28.57,7,30,NONPOC,7,100,RTH_MIDDAY,5atr,true
R03,APPROACH_FROM_BELOW,TREATED,6,100,6,30,NONPOC,3,50,RTH_MORNING,5atr,true
R03,APPROACH_FROM_BELOW,TREATED,13,38.24,34,30,NONPOC,30,88.24,RTH_OPEN,5atr,false
R04,APPROACH_FROM_BELOW,TREATED,19,61.29,31,30,NONPOC,26,83.87,ALL_SESSIONS,5atr,false
R04,APPROACH_FROM_BELOW,TREATED,4,100,4,30,NONPOC,3,75,RTH_AFTERNOON,5atr,true
R04,APPROACH_FROM_BELOW,TREATED,2,66.67,3,30,NONPOC,3,100,RTH_MIDDAY,5atr,true
R04,APPROACH_FROM_BELOW,TREATED,1,33.33,3,30,NONPOC,3,100,RTH_MORNING,5atr,true
R04,APPROACH_FROM_BELOW,TREATED,12,57.14,21,30,NONPOC,17,80.95,RTH_OPEN,5atr,true
R05,APPROACH_FROM_BELOW,TREATED,13,56.52,23,30,NONPOC,16,69.57,ALL_SESSIONS,5atr,true
R05,APPROACH_FROM_BELOW,TREATED,1,100,1,30,NONPOC,1,100,RTH_MIDDAY,5atr,true
R05,APPROACH_FROM_BELOW,TREATED,12,54.55,22,30,NONPOC,15,68.18,RTH_MORNING,5atr,true
ALL_ANCHORS,APPROACH_FROM_ABOVE,C01_NEUTRAL,130,51.79,251,30,POC,194,77.29,ALL_SESSIONS,5atr,false
ALL_ANCHORS,APPROACH_FROM_ABOVE,C01_NEUTRAL,10,40,25,30,POC,21,84,ETH_EVENING,5atr,true
ALL_ANCHORS,APPROACH_FROM_ABOVE,C01_NEUTRAL,7,41.18,17,30,POC,6,35.29,ETH_OVERNIGHT,5atr,true
ALL_ANCHORS,APPROACH_FROM_ABOVE,C01_NEUTRAL,3,33.33,9,30,POC,6,66.67,RTH_AFTERNOON,5atr,true
ALL_ANCHORS,APPROACH_FROM_ABOVE,C01_NEUTRAL,8,53.33,15,30,POC,11,73.33,RTH_MIDDAY,5atr,true
ALL_ANCHORS,APPROACH_FROM_ABOVE,C01_NEUTRAL,41,60.29,68,30,POC,47,69.12,RTH_MORNING,5atr,false
ALL_ANCHORS,APPROACH_FROM_ABOVE,C01_NEUTRAL,61,52.14,117,30,POC,103,88.03,RTH_OPEN,5atr,false
R01,APPROACH_FROM_ABOVE,C01_NEUTRAL,17,40.48,42,30,POC,27,64.29,ALL_SESSIONS,5atr,false
R01,APPROACH_FROM_ABOVE,C01_NEUTRAL,10,40,25,30,POC,21,84,ETH_EVENING,5atr,true
R01,APPROACH_FROM_ABOVE,C01_NEUTRAL,7,41.18,17,30,POC,6,35.29,ETH_OVERNIGHT,5atr,true
R02,APPROACH_FROM_ABOVE,C01_NEUTRAL,25,43.1,58,30,POC,48,82.76,ALL_SESSIONS,5atr,false
R02,APPROACH_FROM_ABOVE,C01_NEUTRAL,0,0,6,30,POC,5,83.33,RTH_AFTERNOON,5atr,true
R02,APPROACH_FROM_ABOVE,C01_NEUTRAL,1,20,5,30,POC,4,80,RTH_MIDDAY,5atr,true
R02,APPROACH_FROM_ABOVE,C01_NEUTRAL,8,57.14,14,30,POC,10,71.43,RTH_MORNING,5atr,true
R02,APPROACH_FROM_ABOVE,C01_NEUTRAL,16,48.48,33,30,POC,29,87.88,RTH_OPEN,5atr,false
R03,APPROACH_FROM_ABOVE,C01_NEUTRAL,28,58.33,48,30,POC,37,77.08,ALL_SESSIONS,5atr,false
R03,APPROACH_FROM_ABOVE,C01_NEUTRAL,2,100,2,30,POC,1,50,RTH_AFTERNOON,5atr,true
R03,APPROACH_FROM_ABOVE,C01_NEUTRAL,0,0,1,30,POC,1,100,RTH_MIDDAY,5atr,true
R03,APPROACH_FROM_ABOVE,C01_NEUTRAL,4,100,4,30,POC,0,0,RTH_MORNING,5atr,true
R03,APPROACH_FROM_ABOVE,C01_NEUTRAL,22,53.66,41,30,POC,35,85.37,RTH_OPEN,5atr,false
R04,APPROACH_FROM_ABOVE,C01_NEUTRAL,27,56.25,48,30,POC,43,89.58,ALL_SESSIONS,5atr,false
R04,APPROACH_FROM_ABOVE,C01_NEUTRAL,1,100,1,30,POC,0,0,RTH_AFTERNOON,5atr,true
R04,APPROACH_FROM_ABOVE,C01_NEUTRAL,2,100,2,30,POC,2,100,RTH_MIDDAY,5atr,true
R04,APPROACH_FROM_ABOVE,C01_NEUTRAL,1,50,2,30,POC,2,100,RTH_MORNING,5atr,true
R04,APPROACH_FROM_ABOVE,C01_NEUTRAL,23,53.49,43,30,POC,39,90.7,RTH_OPEN,5atr,false
R05,APPROACH_FROM_ABOVE,C01_NEUTRAL,33,60,55,30,POC,39,70.91,ALL_SESSIONS,5atr,false
R05,APPROACH_FROM_ABOVE,C01_NEUTRAL,5,71.43,7,30,POC,4,57.14,RTH_MIDDAY,5atr,true
R05,APPROACH_FROM_ABOVE,C01_NEUTRAL,28,58.33,48,30,POC,35,72.92,RTH_MORNING,5atr,false
ALL_ANCHORS,APPROACH_FROM_BELOW,C01_NEUTRAL,97,50.26,193,30,POC,151,78.24,ALL_SESSIONS,5atr,false
ALL_ANCHORS,APPROACH_FROM_BELOW,C01_NEUTRAL,13,52,25,30,POC,19,76,ETH_EVENING,5atr,true
ALL_ANCHORS,APPROACH_FROM_BELOW,C01_NEUTRAL,5,50,10,30,POC,6,60,ETH_OVERNIGHT,5atr,true
ALL_ANCHORS,APPROACH_FROM_BELOW,C01_NEUTRAL,3,50,6,30,POC,6,100,RTH_AFTERNOON,5atr,true
ALL_ANCHORS,APPROACH_FROM_BELOW,C01_NEUTRAL,6,46.15,13,30,POC,9,69.23,RTH_MIDDAY,5atr,true
ALL_ANCHORS,APPROACH_FROM_BELOW,C01_NEUTRAL,21,42,50,30,POC,37,74,RTH_MORNING,5atr,false
ALL_ANCHORS,APPROACH_FROM_BELOW,C01_NEUTRAL,49,55.06,89,30,POC,74,83.15,RTH_OPEN,5atr,false
R01,APPROACH_FROM_BELOW,C01_NEUTRAL,18,51.43,35,30,POC,25,71.43,ALL_SESSIONS,5atr,false
R01,APPROACH_FROM_BELOW,C01_NEUTRAL,13,52,25,30,POC,19,76,ETH_EVENING,5atr,true
R01,APPROACH_FROM_BELOW,C01_NEUTRAL,5,50,10,30,POC,6,60,ETH_OVERNIGHT,5atr,true
R02,APPROACH_FROM_BELOW,C01_NEUTRAL,14,51.85,27,30,POC,18,66.67,ALL_SESSIONS,5atr,true
R02,APPROACH_FROM_BELOW,C01_NEUTRAL,1,50,2,30,POC,2,100,RTH_AFTERNOON,5atr,true
R02,APPROACH_FROM_BELOW,C01_NEUTRAL,1,50,2,30,POC,1,50,RTH_MIDDAY,5atr,true
R02,APPROACH_FROM_BELOW,C01_NEUTRAL,4,44.44,9,30,POC,5,55.56,RTH_MORNING,5atr,true
R02,APPROACH_FROM_BELOW,C01_NEUTRAL,8,57.14,14,30,POC,10,71.43,RTH_OPEN,5atr,true
R03,APPROACH_FROM_BELOW,C01_NEUTRAL,21,46.67,45,30,POC,39,86.67,ALL_SESSIONS,5atr,false
R03,APPROACH_FROM_BELOW,C01_NEUTRAL,1,50,2,30,POC,2,100,RTH_AFTERNOON,5atr,true
R03,APPROACH_FROM_BELOW,C01_NEUTRAL,2,50,4,30,POC,4,100,RTH_MIDDAY,5atr,true
R03,APPROACH_FROM_BELOW,C01_NEUTRAL,2,33.33,6,30,POC,6,100,RTH_MORNING,5atr,true
R03,APPROACH_FROM_BELOW,C01_NEUTRAL,16,48.48,33,30,POC,27,81.82,RTH_OPEN,5atr,false
R04,APPROACH_FROM_BELOW,C01_NEUTRAL,27,54,50,30,POC,44,88,ALL_SESSIONS,5atr,false
R04,APPROACH_FROM_BELOW,C01_NEUTRAL,0,0,1,30,POC,1,100,RTH_AFTERNOON,5atr,true
R04,APPROACH_FROM_BELOW,C01_NEUTRAL,0,0,3,30,POC,3,100,RTH_MIDDAY,5atr,true
R04,APPROACH_FROM_BELOW,C01_NEUTRAL,2,50,4,30,POC,3,75,RTH_MORNING,5atr,true
R04,APPROACH_FROM_BELOW,C01_NEUTRAL,25,59.52,42,30,POC,37,88.1,RTH_OPEN,5atr,false
R05,APPROACH_FROM_BELOW,C01_NEUTRAL,17,47.22,36,30,POC,25,69.44,ALL_SESSIONS,5atr,false
R05,APPROACH_FROM_BELOW,C01_NEUTRAL,1,100,1,30,POC,1,100,RTH_AFTERNOON,5atr,true
R05,APPROACH_FROM_BELOW,C01_NEUTRAL,3,75,4,30,POC,1,25,RTH_MIDDAY,5atr,true
R05,APPROACH_FROM_BELOW,C01_NEUTRAL,13,41.94,31,30,POC,23,74.19,RTH_MORNING,5atr,false
ALL_ANCHORS,APPROACH_FROM_ABOVE,C02_ACTIVITY_MATCHED,90,49.45,182,30,POC,144,79.12,ALL_SESSIONS,5atr,false
ALL_ANCHORS,APPROACH_FROM_ABOVE,C02_ACTIVITY_MATCHED,13,56.52,23,30,POC,15,65.22,ETH_EVENING,5atr,true
ALL_ANCHORS,APPROACH_FROM_ABOVE,C02_ACTIVITY_MATCHED,4,50,8,30,POC,7,87.5,ETH_OVERNIGHT,5atr,true
ALL_ANCHORS,APPROACH_FROM_ABOVE,C02_ACTIVITY_MATCHED,1,16.67,6,30,POC,5,83.33,RTH_AFTERNOON,5atr,true
ALL_ANCHORS,APPROACH_FROM_ABOVE,C02_ACTIVITY_MATCHED,6,42.86,14,30,POC,10,71.43,RTH_MIDDAY,5atr,true
ALL_ANCHORS,APPROACH_FROM_ABOVE,C02_ACTIVITY_MATCHED,21,43.75,48,30,POC,36,75,RTH_MORNING,5atr,false
ALL_ANCHORS,APPROACH_FROM_ABOVE,C02_ACTIVITY_MATCHED,45,54.22,83,30,POC,71,85.54,RTH_OPEN,5atr,false
R01,APPROACH_FROM_ABOVE,C02_ACTIVITY_MATCHED,17,54.84,31,30,POC,22,70.97,ALL_SESSIONS,5atr,false
R01,APPROACH_FROM_ABOVE,C02_ACTIVITY_MATCHED,13,56.52,23,30,POC,15,65.22,ETH_EVENING,5atr,true
R01,APPROACH_FROM_ABOVE,C02_ACTIVITY_MATCHED,4,50,8,30,POC,7,87.5,ETH_OVERNIGHT,5atr,true
R02,APPROACH_FROM_ABOVE,C02_ACTIVITY_MATCHED,22,46.81,47,30,POC,34,72.34,ALL_SESSIONS,5atr,false
R02,APPROACH_FROM_ABOVE,C02_ACTIVITY_MATCHED,0,0,5,30,POC,4,80,RTH_AFTERNOON,5atr,true
R02,APPROACH_FROM_ABOVE,C02_ACTIVITY_MATCHED,3,60,5,30,POC,2,40,RTH_MIDDAY,5atr,true
R02,APPROACH_FROM_ABOVE,C02_ACTIVITY_MATCHED,6,46.15,13,30,POC,9,69.23,RTH_MORNING,5atr,true
R02,APPROACH_FROM_ABOVE,C02_ACTIVITY_MATCHED,13,54.17,24,30,POC,19,79.17,RTH_OPEN,5atr,true
R03,APPROACH_FROM_ABOVE,C02_ACTIVITY_MATCHED,19,55.88,34,30,POC,27,79.41,ALL_SESSIONS,5atr,false
R03,APPROACH_FROM_ABOVE,C02_ACTIVITY_MATCHED,1,100,1,30,POC,1,100,RTH_AFTERNOON,5atr,true
R03,APPROACH_FROM_ABOVE,C02_ACTIVITY_MATCHED,1,50,2,30,POC,2,100,RTH_MIDDAY,5atr,true
R03,APPROACH_FROM_ABOVE,C02_ACTIVITY_MATCHED,2,40,5,30,POC,3,60,RTH_MORNING,5atr,true
R03,APPROACH_FROM_ABOVE,C02_ACTIVITY_MATCHED,15,57.69,26,30,POC,21,80.77,RTH_OPEN,5atr,true
R04,APPROACH_FROM_ABOVE,C02_ACTIVITY_MATCHED,20,52.63,38,30,POC,35,92.11,ALL_SESSIONS,5atr,false
R04,APPROACH_FROM_ABOVE,C02_ACTIVITY_MATCHED,1,50,2,30,POC,2,100,RTH_MIDDAY,5atr,true
R04,APPROACH_FROM_ABOVE,C02_ACTIVITY_MATCHED,2,66.67,3,30,POC,2,66.67,RTH_MORNING,5atr,true
R04,APPROACH_FROM_ABOVE,C02_ACTIVITY_MATCHED,17,51.52,33,30,POC,31,93.94,RTH_OPEN,5atr,false
R05,APPROACH_FROM_ABOVE,C02_ACTIVITY_MATCHED,12,37.5,32,30,POC,26,81.25,ALL_SESSIONS,5atr,false
R05,APPROACH_FROM_ABOVE,C02_ACTIVITY_MATCHED,1,20,5,30,POC,4,80,RTH_MIDDAY,5atr,true
R05,APPROACH_FROM_ABOVE,C02_ACTIVITY_MATCHED,11,40.74,27,30,POC,22,81.48,RTH_MORNING,5atr,true
ALL_ANCHORS,APPROACH_FROM_BELOW,C02_ACTIVITY_MATCHED,83,47.43,175,30,POC,134,76.57,ALL_SESSIONS,5atr,false
ALL_ANCHORS,APPROACH_FROM_BELOW,C02_ACTIVITY_MATCHED,10,52.63,19,30,POC,15,78.95,ETH_EVENING,5atr,true
ALL_ANCHORS,APPROACH_FROM_BELOW,C02_ACTIVITY_MATCHED,5,31.25,16,30,POC,7,43.75,ETH_OVERNIGHT,5atr,true
ALL_ANCHORS,APPROACH_FROM_BELOW,C02_ACTIVITY_MATCHED,3,60,5,30,POC,5,100,RTH_AFTERNOON,5atr,true
ALL_ANCHORS,APPROACH_FROM_BELOW,C02_ACTIVITY_MATCHED,5,45.45,11,30,POC,9,81.82,RTH_MIDDAY,5atr,true
ALL_ANCHORS,APPROACH_FROM_BELOW,C02_ACTIVITY_MATCHED,24,48.98,49,30,POC,39,79.59,RTH_MORNING,5atr,false
ALL_ANCHORS,APPROACH_FROM_BELOW,C02_ACTIVITY_MATCHED,36,48,75,30,POC,59,78.67,RTH_OPEN,5atr,false
R01,APPROACH_FROM_BELOW,C02_ACTIVITY_MATCHED,15,42.86,35,30,POC,22,62.86,ALL_SESSIONS,5atr,false
R01,APPROACH_FROM_BELOW,C02_ACTIVITY_MATCHED,10,52.63,19,30,POC,15,78.95,ETH_EVENING,5atr,true
R01,APPROACH_FROM_BELOW,C02_ACTIVITY_MATCHED,5,31.25,16,30,POC,7,43.75,ETH_OVERNIGHT,5atr,true
R02,APPROACH_FROM_BELOW,C02_ACTIVITY_MATCHED,12,54.55,22,30,POC,18,81.82,ALL_SESSIONS,5atr,true
R02,APPROACH_FROM_BELOW,C02_ACTIVITY_MATCHED,0,0,1,30,POC,1,100,RTH_AFTERNOON,5atr,true
R02,APPROACH_FROM_BELOW,C02_ACTIVITY_MATCHED,2,50,4,30,POC,4,100,RTH_MIDDAY,5atr,true
R02,APPROACH_FROM_BELOW,C02_ACTIVITY_MATCHED,3,75,4,30,POC,4,100,RTH_MORNING,5atr,true
R02,APPROACH_FROM_BELOW,C02_ACTIVITY_MATCHED,7,53.85,13,30,POC,9,69.23,RTH_OPEN,5atr,true
R03,APPROACH_FROM_BELOW,C02_ACTIVITY_MATCHED,17,45.95,37,30,POC,31,83.78,ALL_SESSIONS,5atr,false
R03,APPROACH_FROM_BELOW,C02_ACTIVITY_MATCHED,1,50,2,30,POC,2,100,RTH_AFTERNOON,5atr,true
R03,APPROACH_FROM_BELOW,C02_ACTIVITY_MATCHED,1,50,2,30,POC,2,100,RTH_MIDDAY,5atr,true
R03,APPROACH_FROM_BELOW,C02_ACTIVITY_MATCHED,4,50,8,30,POC,8,100,RTH_MORNING,5atr,true
R03,APPROACH_FROM_BELOW,C02_ACTIVITY_MATCHED,11,44,25,30,POC,19,76,RTH_OPEN,5atr,true
R04,APPROACH_FROM_BELOW,C02_ACTIVITY_MATCHED,23,52.27,44,30,POC,37,84.09,ALL_SESSIONS,5atr,false
R04,APPROACH_FROM_BELOW,C02_ACTIVITY_MATCHED,1,100,1,30,POC,1,100,RTH_AFTERNOON,5atr,true
R04,APPROACH_FROM_BELOW,C02_ACTIVITY_MATCHED,2,66.67,3,30,POC,2,66.67,RTH_MIDDAY,5atr,true
R04,APPROACH_FROM_BELOW,C02_ACTIVITY_MATCHED,2,66.67,3,30,POC,3,100,RTH_MORNING,5atr,true
R04,APPROACH_FROM_BELOW,C02_ACTIVITY_MATCHED,18,48.65,37,30,POC,31,83.78,RTH_OPEN,5atr,false
R05,APPROACH_FROM_BELOW,C02_ACTIVITY_MATCHED,16,43.24,37,30,POC,26,70.27,ALL_SESSIONS,5atr,false
R05,APPROACH_FROM_BELOW,C02_ACTIVITY_MATCHED,1,100,1,30,POC,1,100,RTH_AFTERNOON,5atr,true
R05,APPROACH_FROM_BELOW,C02_ACTIVITY_MATCHED,0,0,2,30,POC,1,50,RTH_MIDDAY,5atr,true
R05,APPROACH_FROM_BELOW,C02_ACTIVITY_MATCHED,15,44.12,34,30,POC,24,70.59,RTH_MORNING,5atr,false
ALL_ANCHORS,APPROACH_FROM_ABOVE,TREATED,113,47.88,236,30,POC,184,77.97,ALL_SESSIONS,5atr,false
ALL_ANCHORS,APPROACH_FROM_ABOVE,TREATED,9,34.62,26,30,POC,19,73.08,ETH_EVENING,5atr,true
ALL_ANCHORS,APPROACH_FROM_ABOVE,TREATED,6,42.86,14,30,POC,7,50,ETH_OVERNIGHT,5atr,true
ALL_ANCHORS,APPROACH_FROM_ABOVE,TREATED,4,40,10,30,POC,7,70,RTH_AFTERNOON,5atr,true
ALL_ANCHORS,APPROACH_FROM_ABOVE,TREATED,6,50,12,30,POC,9,75,RTH_MIDDAY,5atr,true
ALL_ANCHORS,APPROACH_FROM_ABOVE,TREATED,30,50,60,30,POC,43,71.67,RTH_MORNING,5atr,false
ALL_ANCHORS,APPROACH_FROM_ABOVE,TREATED,58,50.88,114,30,POC,99,86.84,RTH_OPEN,5atr,false
R01,APPROACH_FROM_ABOVE,TREATED,15,37.5,40,30,POC,26,65,ALL_SESSIONS,5atr,false
R01,APPROACH_FROM_ABOVE,TREATED,9,34.62,26,30,POC,19,73.08,ETH_EVENING,5atr,true
R01,APPROACH_FROM_ABOVE,TREATED,6,42.86,14,30,POC,7,50,ETH_OVERNIGHT,5atr,true
R02,APPROACH_FROM_ABOVE,TREATED,25,43.1,58,30,POC,46,79.31,ALL_SESSIONS,5atr,false
R02,APPROACH_FROM_ABOVE,TREATED,1,14.29,7,30,POC,5,71.43,RTH_AFTERNOON,5atr,true
R02,APPROACH_FROM_ABOVE,TREATED,1,33.33,3,30,POC,2,66.67,RTH_MIDDAY,5atr,true
R02,APPROACH_FROM_ABOVE,TREATED,7,53.85,13,30,POC,8,61.54,RTH_MORNING,5atr,true
R02,APPROACH_FROM_ABOVE,TREATED,16,45.71,35,30,POC,31,88.57,RTH_OPEN,5atr,false
R03,APPROACH_FROM_ABOVE,TREATED,28,60.87,46,30,POC,35,76.09,ALL_SESSIONS,5atr,false
R03,APPROACH_FROM_ABOVE,TREATED,2,100,2,30,POC,1,50,RTH_AFTERNOON,5atr,true
R03,APPROACH_FROM_ABOVE,TREATED,1,100,1,30,POC,1,100,RTH_MIDDAY,5atr,true
R03,APPROACH_FROM_ABOVE,TREATED,3,75,4,30,POC,1,25,RTH_MORNING,5atr,true
R03,APPROACH_FROM_ABOVE,TREATED,22,56.41,39,30,POC,32,82.05,RTH_OPEN,5atr,false
R04,APPROACH_FROM_ABOVE,TREATED,24,53.33,45,30,POC,41,91.11,ALL_SESSIONS,5atr,false
R04,APPROACH_FROM_ABOVE,TREATED,1,100,1,30,POC,1,100,RTH_AFTERNOON,5atr,true
R04,APPROACH_FROM_ABOVE,TREATED,2,100,2,30,POC,2,100,RTH_MIDDAY,5atr,true
R04,APPROACH_FROM_ABOVE,TREATED,1,50,2,30,POC,2,100,RTH_MORNING,5atr,true
R04,APPROACH_FROM_ABOVE,TREATED,20,50,40,30,POC,36,90,RTH_OPEN,5atr,false
R05,APPROACH_FROM_ABOVE,TREATED,21,44.68,47,30,POC,36,76.6,ALL_SESSIONS,5atr,false
R05,APPROACH_FROM_ABOVE,TREATED,2,33.33,6,30,POC,4,66.67,RTH_MIDDAY,5atr,true
R05,APPROACH_FROM_ABOVE,TREATED,19,46.34,41,30,POC,32,78.05,RTH_MORNING,5atr,false
ALL_ANCHORS,APPROACH_FROM_BELOW,TREATED,112,51.38,218,30,POC,162,74.31,ALL_SESSIONS,5atr,false
ALL_ANCHORS,APPROACH_FROM_BELOW,TREATED,12,44.44,27,30,POC,19,70.37,ETH_EVENING,5atr,true
ALL_ANCHORS,APPROACH_FROM_BELOW,TREATED,5,41.67,12,30,POC,6,50,ETH_OVERNIGHT,5atr,true
ALL_ANCHORS,APPROACH_FROM_BELOW,TREATED,3,50,6,30,POC,6,100,RTH_AFTERNOON,5atr,true
ALL_ANCHORS,APPROACH_FROM_BELOW,TREATED,8,53.33,15,30,POC,9,60,RTH_MIDDAY,5atr,true
ALL_ANCHORS,APPROACH_FROM_BELOW,TREATED,24,45.28,53,30,POC,39,73.58,RTH_MORNING,5atr,false
ALL_ANCHORS,APPROACH_FROM_BELOW,TREATED,60,57.14,105,30,POC,83,79.05,RTH_OPEN,5atr,false
R01,APPROACH_FROM_BELOW,TREATED,17,43.59,39,30,POC,25,64.1,ALL_SESSIONS,5atr,false
R01,APPROACH_FROM_BELOW,TREATED,12,44.44,27,30,POC,19,70.37,ETH_EVENING,5atr,true
R01,APPROACH_FROM_BELOW,TREATED,5,41.67,12,30,POC,6,50,ETH_OVERNIGHT,5atr,true
R02,APPROACH_FROM_BELOW,TREATED,16,59.26,27,30,POC,18,66.67,ALL_SESSIONS,5atr,true
R02,APPROACH_FROM_BELOW,TREATED,1,50,2,30,POC,2,100,RTH_AFTERNOON,5atr,true
R02,APPROACH_FROM_BELOW,TREATED,1,33.33,3,30,POC,2,66.67,RTH_MIDDAY,5atr,true
R02,APPROACH_FROM_BELOW,TREATED,5,71.43,7,30,POC,4,57.14,RTH_MORNING,5atr,true
R02,APPROACH_FROM_BELOW,TREATED,9,60,15,30,POC,10,66.67,RTH_OPEN,5atr,true
R03,APPROACH_FROM_BELOW,TREATED,28,51.85,54,30,POC,43,79.63,ALL_SESSIONS,5atr,false
R03,APPROACH_FROM_BELOW,TREATED,1,50,2,30,POC,2,100,RTH_AFTERNOON,5atr,true
R03,APPROACH_FROM_BELOW,TREATED,3,60,5,30,POC,3,60,RTH_MIDDAY,5atr,true
R03,APPROACH_FROM_BELOW,TREATED,2,28.57,7,30,POC,7,100,RTH_MORNING,5atr,true
R03,APPROACH_FROM_BELOW,TREATED,22,55,40,30,POC,31,77.5,RTH_OPEN,5atr,false
R04,APPROACH_FROM_BELOW,TREATED,34,56.67,60,30,POC,50,83.33,ALL_SESSIONS,5atr,false
R04,APPROACH_FROM_BELOW,TREATED,0,0,1,30,POC,1,100,RTH_AFTERNOON,5atr,true
R04,APPROACH_FROM_BELOW,TREATED,2,50,4,30,POC,3,75,RTH_MIDDAY,5atr,true
R04,APPROACH_FROM_BELOW,TREATED,3,60,5,30,POC,4,80,RTH_MORNING,5atr,true
R04,APPROACH_FROM_BELOW,TREATED,29,58,50,30,POC,42,84,RTH_OPEN,5atr,false
R05,APPROACH_FROM_BELOW,TREATED,17,44.74,38,30,POC,26,68.42,ALL_SESSIONS,5atr,false
R05,APPROACH_FROM_BELOW,TREATED,1,100,1,30,POC,1,100,RTH_AFTERNOON,5atr,true
R05,APPROACH_FROM_BELOW,TREATED,2,66.67,3,30,POC,1,33.33,RTH_MIDDAY,5atr,true
R05,APPROACH_FROM_BELOW,TREATED,14,41.18,34,30,POC,24,70.59,RTH_MORNING,5atr,false
ALL_ANCHORS,APPROACH_FROM_ABOVE,C01_NEUTRAL,73,39.67,184,60,NONPOC,149,80.98,ALL_SESSIONS,5atr,false
ALL_ANCHORS,APPROACH_FROM_ABOVE,C01_NEUTRAL,7,43.75,16,60,NONPOC,12,75,ETH_EVENING,5atr,true
ALL_ANCHORS,APPROACH_FROM_ABOVE,C01_NEUTRAL,4,40,10,60,NONPOC,7,70,ETH_OVERNIGHT,5atr,true
ALL_ANCHORS,APPROACH_FROM_ABOVE,C01_NEUTRAL,1,33.33,3,60,NONPOC,3,100,RTH_AFTERNOON,5atr,true
ALL_ANCHORS,APPROACH_FROM_ABOVE,C01_NEUTRAL,8,44.44,18,60,NONPOC,15,83.33,RTH_MIDDAY,5atr,true
ALL_ANCHORS,APPROACH_FROM_ABOVE,C01_NEUTRAL,19,41.3,46,60,NONPOC,35,76.09,RTH_MORNING,5atr,false
ALL_ANCHORS,APPROACH_FROM_ABOVE,C01_NEUTRAL,34,37.36,91,60,NONPOC,77,84.62,RTH_OPEN,5atr,false
R01,APPROACH_FROM_ABOVE,C01_NEUTRAL,11,42.31,26,60,NONPOC,19,73.08,ALL_SESSIONS,5atr,true
R01,APPROACH_FROM_ABOVE,C01_NEUTRAL,7,43.75,16,60,NONPOC,12,75,ETH_EVENING,5atr,true
R01,APPROACH_FROM_ABOVE,C01_NEUTRAL,4,40,10,60,NONPOC,7,70,ETH_OVERNIGHT,5atr,true
R02,APPROACH_FROM_ABOVE,C01_NEUTRAL,15,35.71,42,60,NONPOC,34,80.95,ALL_SESSIONS,5atr,false
R02,APPROACH_FROM_ABOVE,C01_NEUTRAL,0,0,1,60,NONPOC,1,100,RTH_AFTERNOON,5atr,true
R02,APPROACH_FROM_ABOVE,C01_NEUTRAL,1,20,5,60,NONPOC,4,80,RTH_MIDDAY,5atr,true
R02,APPROACH_FROM_ABOVE,C01_NEUTRAL,5,55.56,9,60,NONPOC,7,77.78,RTH_MORNING,5atr,true
R02,APPROACH_FROM_ABOVE,C01_NEUTRAL,9,33.33,27,60,NONPOC,22,81.48,RTH_OPEN,5atr,true
R03,APPROACH_FROM_ABOVE,C01_NEUTRAL,25,41.67,60,60,NONPOC,49,81.67,ALL_SESSIONS,5atr,false
R03,APPROACH_FROM_ABOVE,C01_NEUTRAL,1,100,1,60,NONPOC,1,100,RTH_AFTERNOON,5atr,true
R03,APPROACH_FROM_ABOVE,C01_NEUTRAL,3,42.86,7,60,NONPOC,5,71.43,RTH_MIDDAY,5atr,true
R03,APPROACH_FROM_ABOVE,C01_NEUTRAL,1,16.67,6,60,NONPOC,5,83.33,RTH_MORNING,5atr,true
R03,APPROACH_FROM_ABOVE,C01_NEUTRAL,20,43.48,46,60,NONPOC,38,82.61,RTH_OPEN,5atr,false
R04,APPROACH_FROM_ABOVE,C01_NEUTRAL,9,32.14,28,60,NONPOC,25,89.29,ALL_SESSIONS,5atr,true
R04,APPROACH_FROM_ABOVE,C01_NEUTRAL,0,0,1,60,NONPOC,1,100,RTH_AFTERNOON,5atr,true
R04,APPROACH_FROM_ABOVE,C01_NEUTRAL,1,100,1,60,NONPOC,1,100,RTH_MIDDAY,5atr,true
R04,APPROACH_FROM_ABOVE,C01_NEUTRAL,3,37.5,8,60,NONPOC,6,75,RTH_MORNING,5atr,true
R04,APPROACH_FROM_ABOVE,C01_NEUTRAL,5,27.78,18,60,NONPOC,17,94.44,RTH_OPEN,5atr,true
R05,APPROACH_FROM_ABOVE,C01_NEUTRAL,13,46.43,28,60,NONPOC,22,78.57,ALL_SESSIONS,5atr,true
R05,APPROACH_FROM_ABOVE,C01_NEUTRAL,3,60,5,60,NONPOC,5,100,RTH_MIDDAY,5atr,true
R05,APPROACH_FROM_ABOVE,C01_NEUTRAL,10,43.48,23,60,NONPOC,17,73.91,RTH_MORNING,5atr,true
ALL_ANCHORS,APPROACH_FROM_BELOW,C01_NEUTRAL,84,57.93,145,60,NONPOC,113,77.93,ALL_SESSIONS,5atr,false
ALL_ANCHORS,APPROACH_FROM_BELOW,C01_NEUTRAL,6,46.15,13,60,NONPOC,8,61.54,ETH_EVENING,5atr,true
ALL_ANCHORS,APPROACH_FROM_BELOW,C01_NEUTRAL,4,40,10,60,NONPOC,8,80,ETH_OVERNIGHT,5atr,true
ALL_ANCHORS,APPROACH_FROM_BELOW,C01_NEUTRAL,6,100,6,60,NONPOC,4,66.67,RTH_AFTERNOON,5atr,true
ALL_ANCHORS,APPROACH_FROM_BELOW,C01_NEUTRAL,7,50,14,60,NONPOC,14,100,RTH_MIDDAY,5atr,true
ALL_ANCHORS,APPROACH_FROM_BELOW,C01_NEUTRAL,18,52.94,34,60,NONPOC,22,64.71,RTH_MORNING,5atr,false
ALL_ANCHORS,APPROACH_FROM_BELOW,C01_NEUTRAL,43,63.24,68,60,NONPOC,57,83.82,RTH_OPEN,5atr,false
R01,APPROACH_FROM_BELOW,C01_NEUTRAL,10,43.48,23,60,NONPOC,16,69.57,ALL_SESSIONS,5atr,true
R01,APPROACH_FROM_BELOW,C01_NEUTRAL,6,46.15,13,60,NONPOC,8,61.54,ETH_EVENING,5atr,true
R01,APPROACH_FROM_BELOW,C01_NEUTRAL,4,40,10,60,NONPOC,8,80,ETH_OVERNIGHT,5atr,true
R02,APPROACH_FROM_BELOW,C01_NEUTRAL,16,69.57,23,60,NONPOC,18,78.26,ALL_SESSIONS,5atr,true
R02,APPROACH_FROM_BELOW,C01_NEUTRAL,0,0,1,60,NONPOC,1,100,RTH_MIDDAY,5atr,true
R02,APPROACH_FROM_BELOW,C01_NEUTRAL,1,25,4,60,NONPOC,3,75,RTH_MORNING,5atr,true
R02,APPROACH_FROM_BELOW,C01_NEUTRAL,15,83.33,18,60,NONPOC,14,77.78,RTH_OPEN,5atr,true
R03,APPROACH_FROM_BELOW,C01_NEUTRAL,27,57.45,47,60,NONPOC,39,82.98,ALL_SESSIONS,5atr,false
R03,APPROACH_FROM_BELOW,C01_NEUTRAL,2,100,2,60,NONPOC,1,50,RTH_AFTERNOON,5atr,true
R03,APPROACH_FROM_BELOW,C01_NEUTRAL,4,50,8,60,NONPOC,8,100,RTH_MIDDAY,5atr,true
R03,APPROACH_FROM_BELOW,C01_NEUTRAL,6,85.71,7,60,NONPOC,3,42.86,RTH_MORNING,5atr,true
R03,APPROACH_FROM_BELOW,C01_NEUTRAL,15,50,30,60,NONPOC,27,90,RTH_OPEN,5atr,false
R04,APPROACH_FROM_BELOW,C01_NEUTRAL,20,64.52,31,60,NONPOC,26,83.87,ALL_SESSIONS,5atr,false
R04,APPROACH_FROM_BELOW,C01_NEUTRAL,4,100,4,60,NONPOC,3,75,RTH_AFTERNOON,5atr,true
R04,APPROACH_FROM_BELOW,C01_NEUTRAL,2,50,4,60,NONPOC,4,100,RTH_MIDDAY,5atr,true
R04,APPROACH_FROM_BELOW,C01_NEUTRAL,1,33.33,3,60,NONPOC,3,100,RTH_MORNING,5atr,true
R04,APPROACH_FROM_BELOW,C01_NEUTRAL,13,65,20,60,NONPOC,16,80,RTH_OPEN,5atr,true
R05,APPROACH_FROM_BELOW,C01_NEUTRAL,11,52.38,21,60,NONPOC,14,66.67,ALL_SESSIONS,5atr,true
R05,APPROACH_FROM_BELOW,C01_NEUTRAL,1,100,1,60,NONPOC,1,100,RTH_MIDDAY,5atr,true
R05,APPROACH_FROM_BELOW,C01_NEUTRAL,10,50,20,60,NONPOC,13,65,RTH_MORNING,5atr,true
ALL_ANCHORS,APPROACH_FROM_ABOVE,C02_ACTIVITY_MATCHED,82,49.4,166,60,NONPOC,129,77.71,ALL_SESSIONS,5atr,false
ALL_ANCHORS,APPROACH_FROM_ABOVE,C02_ACTIVITY_MATCHED,8,42.11,19,60,NONPOC,14,73.68,ETH_EVENING,5atr,true
ALL_ANCHORS,APPROACH_FROM_ABOVE,C02_ACTIVITY_MATCHED,5,55.56,9,60,NONPOC,3,33.33,ETH_OVERNIGHT,5atr,true
ALL_ANCHORS,APPROACH_FROM_ABOVE,C02_ACTIVITY_MATCHED,3,60,5,60,NONPOC,4,80,RTH_AFTERNOON,5atr,true
ALL_ANCHORS,APPROACH_FROM_ABOVE,C02_ACTIVITY_MATCHED,8,50,16,60,NONPOC,14,87.5,RTH_MIDDAY,5atr,true
ALL_ANCHORS,APPROACH_FROM_ABOVE,C02_ACTIVITY_MATCHED,19,45.24,42,60,NONPOC,30,71.43,RTH_MORNING,5atr,false
ALL_ANCHORS,APPROACH_FROM_ABOVE,C02_ACTIVITY_MATCHED,39,52,75,60,NONPOC,64,85.33,RTH_OPEN,5atr,false
R01,APPROACH_FROM_ABOVE,C02_ACTIVITY_MATCHED,13,46.43,28,60,NONPOC,17,60.71,ALL_SESSIONS,5atr,true
R01,APPROACH_FROM_ABOVE,C02_ACTIVITY_MATCHED,8,42.11,19,60,NONPOC,14,73.68,ETH_EVENING,5atr,true
R01,APPROACH_FROM_ABOVE,C02_ACTIVITY_MATCHED,5,55.56,9,60,NONPOC,3,33.33,ETH_OVERNIGHT,5atr,true
R02,APPROACH_FROM_ABOVE,C02_ACTIVITY_MATCHED,19,48.72,39,60,NONPOC,32,82.05,ALL_SESSIONS,5atr,false
R02,APPROACH_FROM_ABOVE,C02_ACTIVITY_MATCHED,2,66.67,3,60,NONPOC,2,66.67,RTH_AFTERNOON,5atr,true
R02,APPROACH_FROM_ABOVE,C02_ACTIVITY_MATCHED,1,33.33,3,60,NONPOC,2,66.67,RTH_MIDDAY,5atr,true
R02,APPROACH_FROM_ABOVE,C02_ACTIVITY_MATCHED,6,75,8,60,NONPOC,5,62.5,RTH_MORNING,5atr,true
R02,APPROACH_FROM_ABOVE,C02_ACTIVITY_MATCHED,10,40,25,60,NONPOC,23,92,RTH_OPEN,5atr,true
R03,APPROACH_FROM_ABOVE,C02_ACTIVITY_MATCHED,23,47.92,48,60,NONPOC,41,85.42,ALL_SESSIONS,5atr,false
R03,APPROACH_FROM_ABOVE,C02_ACTIVITY_MATCHED,1,50,2,60,NONPOC,2,100,RTH_AFTERNOON,5atr,true
R03,APPROACH_FROM_ABOVE,C02_ACTIVITY_MATCHED,2,28.57,7,60,NONPOC,7,100,RTH_MIDDAY,5atr,true
R03,APPROACH_FROM_ABOVE,C02_ACTIVITY_MATCHED,1,20,5,60,NONPOC,4,80,RTH_MORNING,5atr,true
R03,APPROACH_FROM_ABOVE,C02_ACTIVITY_MATCHED,19,55.88,34,60,NONPOC,28,82.35,RTH_OPEN,5atr,false
R04,APPROACH_FROM_ABOVE,C02_ACTIVITY_MATCHED,13,61.9,21,60,NONPOC,17,80.95,ALL_SESSIONS,5atr,true
R04,APPROACH_FROM_ABOVE,C02_ACTIVITY_MATCHED,3,60,5,60,NONPOC,4,80,RTH_MORNING,5atr,true
R04,APPROACH_FROM_ABOVE,C02_ACTIVITY_MATCHED,10,62.5,16,60,NONPOC,13,81.25,RTH_OPEN,5atr,true
R05,APPROACH_FROM_ABOVE,C02_ACTIVITY_MATCHED,14,46.67,30,60,NONPOC,22,73.33,ALL_SESSIONS,5atr,false
R05,APPROACH_FROM_ABOVE,C02_ACTIVITY_MATCHED,5,83.33,6,60,NONPOC,5,83.33,RTH_MIDDAY,5atr,true
R05,APPROACH_FROM_ABOVE,C02_ACTIVITY_MATCHED,9,37.5,24,60,NONPOC,17,70.83,RTH_MORNING,5atr,true
ALL_ANCHORS,APPROACH_FROM_BELOW,C02_ACTIVITY_MATCHED,82,53.25,154,60,NONPOC,120,77.92,ALL_SESSIONS,5atr,false
ALL_ANCHORS,APPROACH_FROM_BELOW,C02_ACTIVITY_MATCHED,7,36.84,19,60,NONPOC,12,63.16,ETH_EVENING,5atr,true
ALL_ANCHORS,APPROACH_FROM_BELOW,C02_ACTIVITY_MATCHED,0,0,7,60,NONPOC,5,71.43,ETH_OVERNIGHT,5atr,true
ALL_ANCHORS,APPROACH_FROM_BELOW,C02_ACTIVITY_MATCHED,6,85.71,7,60,NONPOC,5,71.43,RTH_AFTERNOON,5atr,true
ALL_ANCHORS,APPROACH_FROM_BELOW,C02_ACTIVITY_MATCHED,8,40,20,60,NONPOC,17,85,RTH_MIDDAY,5atr,true
ALL_ANCHORS,APPROACH_FROM_BELOW,C02_ACTIVITY_MATCHED,21,72.41,29,60,NONPOC,19,65.52,RTH_MORNING,5atr,true
ALL_ANCHORS,APPROACH_FROM_BELOW,C02_ACTIVITY_MATCHED,40,55.56,72,60,NONPOC,62,86.11,RTH_OPEN,5atr,false
R01,APPROACH_FROM_BELOW,C02_ACTIVITY_MATCHED,7,26.92,26,60,NONPOC,17,65.38,ALL_SESSIONS,5atr,true
R01,APPROACH_FROM_BELOW,C02_ACTIVITY_MATCHED,7,36.84,19,60,NONPOC,12,63.16,ETH_EVENING,5atr,true
R01,APPROACH_FROM_BELOW,C02_ACTIVITY_MATCHED,0,0,7,60,NONPOC,5,71.43,ETH_OVERNIGHT,5atr,true
R02,APPROACH_FROM_BELOW,C02_ACTIVITY_MATCHED,17,60.71,28,60,NONPOC,21,75,ALL_SESSIONS,5atr,true
R02,APPROACH_FROM_BELOW,C02_ACTIVITY_MATCHED,2,40,5,60,NONPOC,4,80,RTH_MIDDAY,5atr,true
R02,APPROACH_FROM_BELOW,C02_ACTIVITY_MATCHED,3,75,4,60,NONPOC,2,50,RTH_MORNING,5atr,true
R02,APPROACH_FROM_BELOW,C02_ACTIVITY_MATCHED,12,63.16,19,60,NONPOC,15,78.95,RTH_OPEN,5atr,true
R03,APPROACH_FROM_BELOW,C02_ACTIVITY_MATCHED,28,58.33,48,60,NONPOC,41,85.42,ALL_SESSIONS,5atr,false
R03,APPROACH_FROM_BELOW,C02_ACTIVITY_MATCHED,3,100,3,60,NONPOC,2,66.67,RTH_AFTERNOON,5atr,true
R03,APPROACH_FROM_BELOW,C02_ACTIVITY_MATCHED,4,50,8,60,NONPOC,7,87.5,RTH_MIDDAY,5atr,true
R03,APPROACH_FROM_BELOW,C02_ACTIVITY_MATCHED,4,100,4,60,NONPOC,2,50,RTH_MORNING,5atr,true
R03,APPROACH_FROM_BELOW,C02_ACTIVITY_MATCHED,17,51.52,33,60,NONPOC,30,90.91,RTH_OPEN,5atr,false
R04,APPROACH_FROM_BELOW,C02_ACTIVITY_MATCHED,14,46.67,30,60,NONPOC,26,86.67,ALL_SESSIONS,5atr,false
R04,APPROACH_FROM_BELOW,C02_ACTIVITY_MATCHED,3,75,4,60,NONPOC,3,75,RTH_AFTERNOON,5atr,true
R04,APPROACH_FROM_BELOW,C02_ACTIVITY_MATCHED,0,0,4,60,NONPOC,4,100,RTH_MIDDAY,5atr,true
R04,APPROACH_FROM_BELOW,C02_ACTIVITY_MATCHED,0,0,2,60,NONPOC,2,100,RTH_MORNING,5atr,true
R04,APPROACH_FROM_BELOW,C02_ACTIVITY_MATCHED,11,55,20,60,NONPOC,17,85,RTH_OPEN,5atr,true
R05,APPROACH_FROM_BELOW,C02_ACTIVITY_MATCHED,16,72.73,22,60,NONPOC,15,68.18,ALL_SESSIONS,5atr,true
R05,APPROACH_FROM_BELOW,C02_ACTIVITY_MATCHED,2,66.67,3,60,NONPOC,2,66.67,RTH_MIDDAY,5atr,true
R05,APPROACH_FROM_BELOW,C02_ACTIVITY_MATCHED,14,73.68,19,60,NONPOC,13,68.42,RTH_MORNING,5atr,true
ALL_ANCHORS,APPROACH_FROM_ABOVE,TREATED,71,42.51,167,60,NONPOC,136,81.44,ALL_SESSIONS,5atr,false
ALL_ANCHORS,APPROACH_FROM_ABOVE,TREATED,5,33.33,15,60,NONPOC,12,80,ETH_EVENING,5atr,true
ALL_ANCHORS,APPROACH_FROM_ABOVE,TREATED,6,60,10,60,NONPOC,5,50,ETH_OVERNIGHT,5atr,true
ALL_ANCHORS,APPROACH_FROM_ABOVE,TREATED,2,50,4,60,NONPOC,4,100,RTH_AFTERNOON,5atr,true
ALL_ANCHORS,APPROACH_FROM_ABOVE,TREATED,9,50,18,60,NONPOC,16,88.89,RTH_MIDDAY,5atr,true
ALL_ANCHORS,APPROACH_FROM_ABOVE,TREATED,15,38.46,39,60,NONPOC,29,74.36,RTH_MORNING,5atr,false
ALL_ANCHORS,APPROACH_FROM_ABOVE,TREATED,34,41.98,81,60,NONPOC,70,86.42,RTH_OPEN,5atr,false
R01,APPROACH_FROM_ABOVE,TREATED,11,44,25,60,NONPOC,17,68,ALL_SESSIONS,5atr,true
R01,APPROACH_FROM_ABOVE,TREATED,5,33.33,15,60,NONPOC,12,80,ETH_EVENING,5atr,true
R01,APPROACH_FROM_ABOVE,TREATED,6,60,10,60,NONPOC,5,50,ETH_OVERNIGHT,5atr,true
R02,APPROACH_FROM_ABOVE,TREATED,13,34.21,38,60,NONPOC,33,86.84,ALL_SESSIONS,5atr,false
R02,APPROACH_FROM_ABOVE,TREATED,0,0,1,60,NONPOC,1,100,RTH_AFTERNOON,5atr,true
R02,APPROACH_FROM_ABOVE,TREATED,1,20,5,60,NONPOC,4,80,RTH_MIDDAY,5atr,true
R02,APPROACH_FROM_ABOVE,TREATED,5,62.5,8,60,NONPOC,6,75,RTH_MORNING,5atr,true
R02,APPROACH_FROM_ABOVE,TREATED,7,29.17,24,60,NONPOC,22,91.67,RTH_OPEN,5atr,true
R03,APPROACH_FROM_ABOVE,TREATED,24,44.44,54,60,NONPOC,44,81.48,ALL_SESSIONS,5atr,false
R03,APPROACH_FROM_ABOVE,TREATED,2,100,2,60,NONPOC,2,100,RTH_AFTERNOON,5atr,true
R03,APPROACH_FROM_ABOVE,TREATED,3,50,6,60,NONPOC,5,83.33,RTH_MIDDAY,5atr,true
R03,APPROACH_FROM_ABOVE,TREATED,1,16.67,6,60,NONPOC,5,83.33,RTH_MORNING,5atr,true
R03,APPROACH_FROM_ABOVE,TREATED,18,45,40,60,NONPOC,32,80,RTH_OPEN,5atr,false
R04,APPROACH_FROM_ABOVE,TREATED,12,48,25,60,NONPOC,22,88,ALL_SESSIONS,5atr,true
R04,APPROACH_FROM_ABOVE,TREATED,0,0,1,60,NONPOC,1,100,RTH_AFTERNOON,5atr,true
R04,APPROACH_FROM_ABOVE,TREATED,1,100,1,60,NONPOC,1,100,RTH_MIDDAY,5atr,true
R04,APPROACH_FROM_ABOVE,TREATED,2,33.33,6,60,NONPOC,4,66.67,RTH_MORNING,5atr,true
R04,APPROACH_FROM_ABOVE,TREATED,9,52.94,17,60,NONPOC,16,94.12,RTH_OPEN,5atr,true
R05,APPROACH_FROM_ABOVE,TREATED,11,44,25,60,NONPOC,20,80,ALL_SESSIONS,5atr,true
R05,APPROACH_FROM_ABOVE,TREATED,4,66.67,6,60,NONPOC,6,100,RTH_MIDDAY,5atr,true
R05,APPROACH_FROM_ABOVE,TREATED,7,36.84,19,60,NONPOC,14,73.68,RTH_MORNING,5atr,true
ALL_ANCHORS,APPROACH_FROM_BELOW,TREATED,91,59.09,154,60,NONPOC,123,79.87,ALL_SESSIONS,5atr,false
ALL_ANCHORS,APPROACH_FROM_BELOW,TREATED,8,44.44,18,60,NONPOC,14,77.78,ETH_EVENING,5atr,true
ALL_ANCHORS,APPROACH_FROM_BELOW,TREATED,5,50,10,60,NONPOC,9,90,ETH_OVERNIGHT,5atr,true
ALL_ANCHORS,APPROACH_FROM_BELOW,TREATED,7,100,7,60,NONPOC,5,71.43,RTH_AFTERNOON,5atr,true
ALL_ANCHORS,APPROACH_FROM_BELOW,TREATED,5,35.71,14,60,NONPOC,13,92.86,RTH_MIDDAY,5atr,true
ALL_ANCHORS,APPROACH_FROM_BELOW,TREATED,25,73.53,34,60,NONPOC,23,67.65,RTH_MORNING,5atr,false
ALL_ANCHORS,APPROACH_FROM_BELOW,TREATED,41,57.75,71,60,NONPOC,59,83.1,RTH_OPEN,5atr,false
R01,APPROACH_FROM_BELOW,TREATED,13,46.43,28,60,NONPOC,23,82.14,ALL_SESSIONS,5atr,true
R01,APPROACH_FROM_BELOW,TREATED,8,44.44,18,60,NONPOC,14,77.78,ETH_EVENING,5atr,true
R01,APPROACH_FROM_BELOW,TREATED,5,50,10,60,NONPOC,9,90,ETH_OVERNIGHT,5atr,true
R02,APPROACH_FROM_BELOW,TREATED,17,77.27,22,60,NONPOC,16,72.73,ALL_SESSIONS,5atr,true
R02,APPROACH_FROM_BELOW,TREATED,2,66.67,3,60,NONPOC,2,66.67,RTH_MIDDAY,5atr,true
R02,APPROACH_FROM_BELOW,TREATED,2,66.67,3,60,NONPOC,2,66.67,RTH_MORNING,5atr,true
R02,APPROACH_FROM_BELOW,TREATED,13,81.25,16,60,NONPOC,12,75,RTH_OPEN,5atr,true
R03,APPROACH_FROM_BELOW,TREATED,26,52,50,60,NONPOC,42,84,ALL_SESSIONS,5atr,false
R03,APPROACH_FROM_BELOW,TREATED,3,100,3,60,NONPOC,2,66.67,RTH_AFTERNOON,5atr,true
R03,APPROACH_FROM_BELOW,TREATED,2,28.57,7,60,NONPOC,7,100,RTH_MIDDAY,5atr,true
R03,APPROACH_FROM_BELOW,TREATED,6,100,6,60,NONPOC,3,50,RTH_MORNING,5atr,true
R03,APPROACH_FROM_BELOW,TREATED,15,44.12,34,60,NONPOC,30,88.24,RTH_OPEN,5atr,false
R04,APPROACH_FROM_BELOW,TREATED,18,58.06,31,60,NONPOC,26,83.87,ALL_SESSIONS,5atr,false
R04,APPROACH_FROM_BELOW,TREATED,4,100,4,60,NONPOC,3,75,RTH_AFTERNOON,5atr,true
R04,APPROACH_FROM_BELOW,TREATED,0,0,3,60,NONPOC,3,100,RTH_MIDDAY,5atr,true
R04,APPROACH_FROM_BELOW,TREATED,1,33.33,3,60,NONPOC,3,100,RTH_MORNING,5atr,true
R04,APPROACH_FROM_BELOW,TREATED,13,61.9,21,60,NONPOC,17,80.95,RTH_OPEN,5atr,true
R05,APPROACH_FROM_BELOW,TREATED,17,73.91,23,60,NONPOC,16,69.57,ALL_SESSIONS,5atr,true
R05,APPROACH_FROM_BELOW,TREATED,1,100,1,60,NONPOC,1,100,RTH_MIDDAY,5atr,true
R05,APPROACH_FROM_BELOW,TREATED,16,72.73,22,60,NONPOC,15,68.18,RTH_MORNING,5atr,true
ALL_ANCHORS,APPROACH_FROM_ABOVE,C01_NEUTRAL,138,55.42,249,60,POC,192,77.11,ALL_SESSIONS,5atr,false
ALL_ANCHORS,APPROACH_FROM_ABOVE,C01_NEUTRAL,12,48,25,60,POC,21,84,ETH_EVENING,5atr,true
ALL_ANCHORS,APPROACH_FROM_ABOVE,C01_NEUTRAL,11,68.75,16,60,POC,5,31.25,ETH_OVERNIGHT,5atr,true
ALL_ANCHORS,APPROACH_FROM_ABOVE,C01_NEUTRAL,3,37.5,8,60,POC,5,62.5,RTH_AFTERNOON,5atr,true
ALL_ANCHORS,APPROACH_FROM_ABOVE,C01_NEUTRAL,10,66.67,15,60,POC,11,73.33,RTH_MIDDAY,5atr,true
ALL_ANCHORS,APPROACH_FROM_ABOVE,C01_NEUTRAL,37,54.41,68,60,POC,47,69.12,RTH_MORNING,5atr,false
ALL_ANCHORS,APPROACH_FROM_ABOVE,C01_NEUTRAL,65,55.56,117,60,POC,103,88.03,RTH_OPEN,5atr,false
R01,APPROACH_FROM_ABOVE,C01_NEUTRAL,23,56.1,41,60,POC,26,63.41,ALL_SESSIONS,5atr,false
R01,APPROACH_FROM_ABOVE,C01_NEUTRAL,12,48,25,60,POC,21,84,ETH_EVENING,5atr,true
R01,APPROACH_FROM_ABOVE,C01_NEUTRAL,11,68.75,16,60,POC,5,31.25,ETH_OVERNIGHT,5atr,true
R02,APPROACH_FROM_ABOVE,C01_NEUTRAL,26,45.61,57,60,POC,47,82.46,ALL_SESSIONS,5atr,false
R02,APPROACH_FROM_ABOVE,C01_NEUTRAL,1,20,5,60,POC,4,80,RTH_AFTERNOON,5atr,true
R02,APPROACH_FROM_ABOVE,C01_NEUTRAL,2,40,5,60,POC,4,80,RTH_MIDDAY,5atr,true
R02,APPROACH_FROM_ABOVE,C01_NEUTRAL,7,50,14,60,POC,10,71.43,RTH_MORNING,5atr,true
R02,APPROACH_FROM_ABOVE,C01_NEUTRAL,16,48.48,33,60,POC,29,87.88,RTH_OPEN,5atr,false
R03,APPROACH_FROM_ABOVE,C01_NEUTRAL,31,64.58,48,60,POC,37,77.08,ALL_SESSIONS,5atr,false
R03,APPROACH_FROM_ABOVE,C01_NEUTRAL,1,50,2,60,POC,1,50,RTH_AFTERNOON,5atr,true
R03,APPROACH_FROM_ABOVE,C01_NEUTRAL,1,100,1,60,POC,1,100,RTH_MIDDAY,5atr,true
R03,APPROACH_FROM_ABOVE,C01_NEUTRAL,4,100,4,60,POC,0,0,RTH_MORNING,5atr,true
R03,APPROACH_FROM_ABOVE,C01_NEUTRAL,25,60.98,41,60,POC,35,85.37,RTH_OPEN,5atr,false
R04,APPROACH_FROM_ABOVE,C01_NEUTRAL,28,58.33,48,60,POC,43,89.58,ALL_SESSIONS,5atr,false
R04,APPROACH_FROM_ABOVE,C01_NEUTRAL,1,100,1,60,POC,0,0,RTH_AFTERNOON,5atr,true
R04,APPROACH_FROM_ABOVE,C01_NEUTRAL,2,100,2,60,POC,2,100,RTH_MIDDAY,5atr,true
R04,APPROACH_FROM_ABOVE,C01_NEUTRAL,1,50,2,60,POC,2,100,RTH_MORNING,5atr,true
R04,APPROACH_FROM_ABOVE,C01_NEUTRAL,24,55.81,43,60,POC,39,90.7,RTH_OPEN,5atr,false
R05,APPROACH_FROM_ABOVE,C01_NEUTRAL,30,54.55,55,60,POC,39,70.91,ALL_SESSIONS,5atr,false
R05,APPROACH_FROM_ABOVE,C01_NEUTRAL,5,71.43,7,60,POC,4,57.14,RTH_MIDDAY,5atr,true
R05,APPROACH_FROM_ABOVE,C01_NEUTRAL,25,52.08,48,60,POC,35,72.92,RTH_MORNING,5atr,false
ALL_ANCHORS,APPROACH_FROM_BELOW,C01_NEUTRAL,92,48.94,188,60,POC,147,78.19,ALL_SESSIONS,5atr,false
ALL_ANCHORS,APPROACH_FROM_BELOW,C01_NEUTRAL,9,36,25,60,POC,19,76,ETH_EVENING,5atr,true
ALL_ANCHORS,APPROACH_FROM_BELOW,C01_NEUTRAL,5,83.33,6,60,POC,3,50,ETH_OVERNIGHT,5atr,true
ALL_ANCHORS,APPROACH_FROM_BELOW,C01_NEUTRAL,3,60,5,60,POC,5,100,RTH_AFTERNOON,5atr,true
ALL_ANCHORS,APPROACH_FROM_BELOW,C01_NEUTRAL,5,38.46,13,60,POC,9,69.23,RTH_MIDDAY,5atr,true
ALL_ANCHORS,APPROACH_FROM_BELOW,C01_NEUTRAL,17,34,50,60,POC,37,74,RTH_MORNING,5atr,false
ALL_ANCHORS,APPROACH_FROM_BELOW,C01_NEUTRAL,53,59.55,89,60,POC,74,83.15,RTH_OPEN,5atr,false
R01,APPROACH_FROM_BELOW,C01_NEUTRAL,14,45.16,31,60,POC,22,70.97,ALL_SESSIONS,5atr,false
R01,APPROACH_FROM_BELOW,C01_NEUTRAL,9,36,25,60,POC,19,76,ETH_EVENING,5atr,true
R01,APPROACH_FROM_BELOW,C01_NEUTRAL,5,83.33,6,60,POC,3,50,ETH_OVERNIGHT,5atr,true
R02,APPROACH_FROM_BELOW,C01_NEUTRAL,17,62.96,27,60,POC,18,66.67,ALL_SESSIONS,5atr,true
R02,APPROACH_FROM_BELOW,C01_NEUTRAL,1,50,2,60,POC,2,100,RTH_AFTERNOON,5atr,true
R02,APPROACH_FROM_BELOW,C01_NEUTRAL,1,50,2,60,POC,1,50,RTH_MIDDAY,5atr,true
R02,APPROACH_FROM_BELOW,C01_NEUTRAL,3,33.33,9,60,POC,5,55.56,RTH_MORNING,5atr,true
R02,APPROACH_FROM_BELOW,C01_NEUTRAL,12,85.71,14,60,POC,10,71.43,RTH_OPEN,5atr,true
R03,APPROACH_FROM_BELOW,C01_NEUTRAL,20,45.45,44,60,POC,38,86.36,ALL_SESSIONS,5atr,false
R03,APPROACH_FROM_BELOW,C01_NEUTRAL,1,100,1,60,POC,1,100,RTH_AFTERNOON,5atr,true
R03,APPROACH_FROM_BELOW,C01_NEUTRAL,2,50,4,60,POC,4,100,RTH_MIDDAY,5atr,true
R03,APPROACH_FROM_BELOW,C01_NEUTRAL,1,16.67,6,60,POC,6,100,RTH_MORNING,5atr,true
R03,APPROACH_FROM_BELOW,C01_NEUTRAL,16,48.48,33,60,POC,27,81.82,RTH_OPEN,5atr,false
R04,APPROACH_FROM_BELOW,C01_NEUTRAL,26,52,50,60,POC,44,88,ALL_SESSIONS,5atr,false
R04,APPROACH_FROM_BELOW,C01_NEUTRAL,0,0,1,60,POC,1,100,RTH_AFTERNOON,5atr,true
R04,APPROACH_FROM_BELOW,C01_NEUTRAL,0,0,3,60,POC,3,100,RTH_MIDDAY,5atr,true
R04,APPROACH_FROM_BELOW,C01_NEUTRAL,1,25,4,60,POC,3,75,RTH_MORNING,5atr,true
R04,APPROACH_FROM_BELOW,C01_NEUTRAL,25,59.52,42,60,POC,37,88.1,RTH_OPEN,5atr,false
R05,APPROACH_FROM_BELOW,C01_NEUTRAL,15,41.67,36,60,POC,25,69.44,ALL_SESSIONS,5atr,false
R05,APPROACH_FROM_BELOW,C01_NEUTRAL,1,100,1,60,POC,1,100,RTH_AFTERNOON,5atr,true
R05,APPROACH_FROM_BELOW,C01_NEUTRAL,2,50,4,60,POC,1,25,RTH_MIDDAY,5atr,true
R05,APPROACH_FROM_BELOW,C01_NEUTRAL,12,38.71,31,60,POC,23,74.19,RTH_MORNING,5atr,false
ALL_ANCHORS,APPROACH_FROM_ABOVE,C02_ACTIVITY_MATCHED,91,50.84,179,60,POC,142,79.33,ALL_SESSIONS,5atr,false
ALL_ANCHORS,APPROACH_FROM_ABOVE,C02_ACTIVITY_MATCHED,14,60.87,23,60,POC,15,65.22,ETH_EVENING,5atr,true
ALL_ANCHORS,APPROACH_FROM_ABOVE,C02_ACTIVITY_MATCHED,3,42.86,7,60,POC,6,85.71,ETH_OVERNIGHT,5atr,true
ALL_ANCHORS,APPROACH_FROM_ABOVE,C02_ACTIVITY_MATCHED,2,40,5,60,POC,4,80,RTH_AFTERNOON,5atr,true
ALL_ANCHORS,APPROACH_FROM_ABOVE,C02_ACTIVITY_MATCHED,7,53.85,13,60,POC,10,76.92,RTH_MIDDAY,5atr,true
ALL_ANCHORS,APPROACH_FROM_ABOVE,C02_ACTIVITY_MATCHED,25,52.08,48,60,POC,36,75,RTH_MORNING,5atr,false
ALL_ANCHORS,APPROACH_FROM_ABOVE,C02_ACTIVITY_MATCHED,40,48.19,83,60,POC,71,85.54,RTH_OPEN,5atr,false
R01,APPROACH_FROM_ABOVE,C02_ACTIVITY_MATCHED,17,56.67,30,60,POC,21,70,ALL_SESSIONS,5atr,false
R01,APPROACH_FROM_ABOVE,C02_ACTIVITY_MATCHED,14,60.87,23,60,POC,15,65.22,ETH_EVENING,5atr,true
R01,APPROACH_FROM_ABOVE,C02_ACTIVITY_MATCHED,3,42.86,7,60,POC,6,85.71,ETH_OVERNIGHT,5atr,true
R02,APPROACH_FROM_ABOVE,C02_ACTIVITY_MATCHED,23,51.11,45,60,POC,33,73.33,ALL_SESSIONS,5atr,false
R02,APPROACH_FROM_ABOVE,C02_ACTIVITY_MATCHED,1,25,4,60,POC,3,75,RTH_AFTERNOON,5atr,true
R02,APPROACH_FROM_ABOVE,C02_ACTIVITY_MATCHED,4,100,4,60,POC,2,50,RTH_MIDDAY,5atr,true
R02,APPROACH_FROM_ABOVE,C02_ACTIVITY_MATCHED,7,53.85,13,60,POC,9,69.23,RTH_MORNING,5atr,true
R02,APPROACH_FROM_ABOVE,C02_ACTIVITY_MATCHED,11,45.83,24,60,POC,19,79.17,RTH_OPEN,5atr,true
R03,APPROACH_FROM_ABOVE,C02_ACTIVITY_MATCHED,17,50,34,60,POC,27,79.41,ALL_SESSIONS,5atr,false
R03,APPROACH_FROM_ABOVE,C02_ACTIVITY_MATCHED,1,100,1,60,POC,1,100,RTH_AFTERNOON,5atr,true
R03,APPROACH_FROM_ABOVE,C02_ACTIVITY_MATCHED,1,50,2,60,POC,2,100,RTH_MIDDAY,5atr,true
R03,APPROACH_FROM_ABOVE,C02_ACTIVITY_MATCHED,2,40,5,60,POC,3,60,RTH_MORNING,5atr,true
R03,APPROACH_FROM_ABOVE,C02_ACTIVITY_MATCHED,13,50,26,60,POC,21,80.77,RTH_OPEN,5atr,true
R04,APPROACH_FROM_ABOVE,C02_ACTIVITY_MATCHED,18,47.37,38,60,POC,35,92.11,ALL_SESSIONS,5atr,false
R04,APPROACH_FROM_ABOVE,C02_ACTIVITY_MATCHED,1,50,2,60,POC,2,100,RTH_MIDDAY,5atr,true
R04,APPROACH_FROM_ABOVE,C02_ACTIVITY_MATCHED,1,33.33,3,60,POC,2,66.67,RTH_MORNING,5atr,true
R04,APPROACH_FROM_ABOVE,C02_ACTIVITY_MATCHED,16,48.48,33,60,POC,31,93.94,RTH_OPEN,5atr,false
R05,APPROACH_FROM_ABOVE,C02_ACTIVITY_MATCHED,16,50,32,60,POC,26,81.25,ALL_SESSIONS,5atr,false
R05,APPROACH_FROM_ABOVE,C02_ACTIVITY_MATCHED,1,20,5,60,POC,4,80,RTH_MIDDAY,5atr,true
R05,APPROACH_FROM_ABOVE,C02_ACTIVITY_MATCHED,15,55.56,27,60,POC,22,81.48,RTH_MORNING,5atr,true
ALL_ANCHORS,APPROACH_FROM_BELOW,C02_ACTIVITY_MATCHED,79,47.02,168,60,POC,129,76.79,ALL_SESSIONS,5atr,false
ALL_ANCHORS,APPROACH_FROM_BELOW,C02_ACTIVITY_MATCHED,11,57.89,19,60,POC,15,78.95,ETH_EVENING,5atr,true
ALL_ANCHORS,APPROACH_FROM_BELOW,C02_ACTIVITY_MATCHED,5,45.45,11,60,POC,4,36.36,ETH_OVERNIGHT,5atr,true
ALL_ANCHORS,APPROACH_FROM_BELOW,C02_ACTIVITY_MATCHED,2,66.67,3,60,POC,3,100,RTH_AFTERNOON,5atr,true
ALL_ANCHORS,APPROACH_FROM_BELOW,C02_ACTIVITY_MATCHED,6,54.55,11,60,POC,9,81.82,RTH_MIDDAY,5atr,true
ALL_ANCHORS,APPROACH_FROM_BELOW,C02_ACTIVITY_MATCHED,21,42.86,49,60,POC,39,79.59,RTH_MORNING,5atr,false
ALL_ANCHORS,APPROACH_FROM_BELOW,C02_ACTIVITY_MATCHED,34,45.33,75,60,POC,59,78.67,RTH_OPEN,5atr,false
R01,APPROACH_FROM_BELOW,C02_ACTIVITY_MATCHED,16,53.33,30,60,POC,19,63.33,ALL_SESSIONS,5atr,false
R01,APPROACH_FROM_BELOW,C02_ACTIVITY_MATCHED,11,57.89,19,60,POC,15,78.95,ETH_EVENING,5atr,true
R01,APPROACH_FROM_BELOW,C02_ACTIVITY_MATCHED,5,45.45,11,60,POC,4,36.36,ETH_OVERNIGHT,5atr,true
R02,APPROACH_FROM_BELOW,C02_ACTIVITY_MATCHED,11,50,22,60,POC,18,81.82,ALL_SESSIONS,5atr,true
R02,APPROACH_FROM_BELOW,C02_ACTIVITY_MATCHED,0,0,1,60,POC,1,100,RTH_AFTERNOON,5atr,true
R02,APPROACH_FROM_BELOW,C02_ACTIVITY_MATCHED,2,50,4,60,POC,4,100,RTH_MIDDAY,5atr,true
R02,APPROACH_FROM_BELOW,C02_ACTIVITY_MATCHED,2,50,4,60,POC,4,100,RTH_MORNING,5atr,true
R02,APPROACH_FROM_BELOW,C02_ACTIVITY_MATCHED,7,53.85,13,60,POC,9,69.23,RTH_OPEN,5atr,true
R03,APPROACH_FROM_BELOW,C02_ACTIVITY_MATCHED,16,44.44,36,60,POC,30,83.33,ALL_SESSIONS,5atr,false
R03,APPROACH_FROM_BELOW,C02_ACTIVITY_MATCHED,1,100,1,60,POC,1,100,RTH_AFTERNOON,5atr,true
R03,APPROACH_FROM_BELOW,C02_ACTIVITY_MATCHED,1,50,2,60,POC,2,100,RTH_MIDDAY,5atr,true
R03,APPROACH_FROM_BELOW,C02_ACTIVITY_MATCHED,3,37.5,8,60,POC,8,100,RTH_MORNING,5atr,true
R03,APPROACH_FROM_BELOW,C02_ACTIVITY_MATCHED,11,44,25,60,POC,19,76,RTH_OPEN,5atr,true
R04,APPROACH_FROM_BELOW,C02_ACTIVITY_MATCHED,20,46.51,43,60,POC,36,83.72,ALL_SESSIONS,5atr,false
R04,APPROACH_FROM_BELOW,C02_ACTIVITY_MATCHED,3,100,3,60,POC,2,66.67,RTH_MIDDAY,5atr,true
R04,APPROACH_FROM_BELOW,C02_ACTIVITY_MATCHED,1,33.33,3,60,POC,3,100,RTH_MORNING,5atr,true
R04,APPROACH_FROM_BELOW,C02_ACTIVITY_MATCHED,16,43.24,37,60,POC,31,83.78,RTH_OPEN,5atr,false
R05,APPROACH_FROM_BELOW,C02_ACTIVITY_MATCHED,16,43.24,37,60,POC,26,70.27,ALL_SESSIONS,5atr,false
R05,APPROACH_FROM_BELOW,C02_ACTIVITY_MATCHED,1,100,1,60,POC,1,100,RTH_AFTERNOON,5atr,true
R05,APPROACH_FROM_BELOW,C02_ACTIVITY_MATCHED,0,0,2,60,POC,1,50,RTH_MIDDAY,5atr,true
R05,APPROACH_FROM_BELOW,C02_ACTIVITY_MATCHED,15,44.12,34,60,POC,24,70.59,RTH_MORNING,5atr,false
ALL_ANCHORS,APPROACH_FROM_ABOVE,TREATED,121,51.71,234,60,POC,183,78.21,ALL_SESSIONS,5atr,false
ALL_ANCHORS,APPROACH_FROM_ABOVE,TREATED,11,44,25,60,POC,19,76,ETH_EVENING,5atr,true
ALL_ANCHORS,APPROACH_FROM_ABOVE,TREATED,8,57.14,14,60,POC,7,50,ETH_OVERNIGHT,5atr,true
ALL_ANCHORS,APPROACH_FROM_ABOVE,TREATED,5,55.56,9,60,POC,6,66.67,RTH_AFTERNOON,5atr,true
ALL_ANCHORS,APPROACH_FROM_ABOVE,TREATED,6,50,12,60,POC,9,75,RTH_MIDDAY,5atr,true
ALL_ANCHORS,APPROACH_FROM_ABOVE,TREATED,36,60,60,60,POC,43,71.67,RTH_MORNING,5atr,false
ALL_ANCHORS,APPROACH_FROM_ABOVE,TREATED,55,48.25,114,60,POC,99,86.84,RTH_OPEN,5atr,false
R01,APPROACH_FROM_ABOVE,TREATED,19,48.72,39,60,POC,26,66.67,ALL_SESSIONS,5atr,false
R01,APPROACH_FROM_ABOVE,TREATED,11,44,25,60,POC,19,76,ETH_EVENING,5atr,true
R01,APPROACH_FROM_ABOVE,TREATED,8,57.14,14,60,POC,7,50,ETH_OVERNIGHT,5atr,true
R02,APPROACH_FROM_ABOVE,TREATED,28,49.12,57,60,POC,45,78.95,ALL_SESSIONS,5atr,false
R02,APPROACH_FROM_ABOVE,TREATED,3,50,6,60,POC,4,66.67,RTH_AFTERNOON,5atr,true
R02,APPROACH_FROM_ABOVE,TREATED,1,33.33,3,60,POC,2,66.67,RTH_MIDDAY,5atr,true
R02,APPROACH_FROM_ABOVE,TREATED,9,69.23,13,60,POC,8,61.54,RTH_MORNING,5atr,true
R02,APPROACH_FROM_ABOVE,TREATED,15,42.86,35,60,POC,31,88.57,RTH_OPEN,5atr,false
R03,APPROACH_FROM_ABOVE,TREATED,24,52.17,46,60,POC,35,76.09,ALL_SESSIONS,5atr,false
R03,APPROACH_FROM_ABOVE,TREATED,1,50,2,60,POC,1,50,RTH_AFTERNOON,5atr,true
R03,APPROACH_FROM_ABOVE,TREATED,0,0,1,60,POC,1,100,RTH_MIDDAY,5atr,true
R03,APPROACH_FROM_ABOVE,TREATED,3,75,4,60,POC,1,25,RTH_MORNING,5atr,true
R03,APPROACH_FROM_ABOVE,TREATED,20,51.28,39,60,POC,32,82.05,RTH_OPEN,5atr,false
R04,APPROACH_FROM_ABOVE,TREATED,24,53.33,45,60,POC,41,91.11,ALL_SESSIONS,5atr,false
R04,APPROACH_FROM_ABOVE,TREATED,1,100,1,60,POC,1,100,RTH_AFTERNOON,5atr,true
R04,APPROACH_FROM_ABOVE,TREATED,2,100,2,60,POC,2,100,RTH_MIDDAY,5atr,true
R04,APPROACH_FROM_ABOVE,TREATED,1,50,2,60,POC,2,100,RTH_MORNING,5atr,true
R04,APPROACH_FROM_ABOVE,TREATED,20,50,40,60,POC,36,90,RTH_OPEN,5atr,false
R05,APPROACH_FROM_ABOVE,TREATED,26,55.32,47,60,POC,36,76.6,ALL_SESSIONS,5atr,false
R05,APPROACH_FROM_ABOVE,TREATED,3,50,6,60,POC,4,66.67,RTH_MIDDAY,5atr,true
R05,APPROACH_FROM_ABOVE,TREATED,23,56.1,41,60,POC,32,78.05,RTH_MORNING,5atr,false
ALL_ANCHORS,APPROACH_FROM_BELOW,TREATED,112,52.58,213,60,POC,158,74.18,ALL_SESSIONS,5atr,false
ALL_ANCHORS,APPROACH_FROM_BELOW,TREATED,13,48.15,27,60,POC,19,70.37,ETH_EVENING,5atr,true
ALL_ANCHORS,APPROACH_FROM_BELOW,TREATED,3,37.5,8,60,POC,3,37.5,ETH_OVERNIGHT,5atr,true
ALL_ANCHORS,APPROACH_FROM_BELOW,TREATED,3,60,5,60,POC,5,100,RTH_AFTERNOON,5atr,true
ALL_ANCHORS,APPROACH_FROM_BELOW,TREATED,9,60,15,60,POC,9,60,RTH_MIDDAY,5atr,true
ALL_ANCHORS,APPROACH_FROM_BELOW,TREATED,21,39.62,53,60,POC,39,73.58,RTH_MORNING,5atr,false
ALL_ANCHORS,APPROACH_FROM_BELOW,TREATED,63,60,105,60,POC,83,79.05,RTH_OPEN,5atr,false
R01,APPROACH_FROM_BELOW,TREATED,16,45.71,35,60,POC,22,62.86,ALL_SESSIONS,5atr,false
R01,APPROACH_FROM_BELOW,TREATED,13,48.15,27,60,POC,19,70.37,ETH_EVENING,5atr,true
R01,APPROACH_FROM_BELOW,TREATED,3,37.5,8,60,POC,3,37.5,ETH_OVERNIGHT,5atr,true
R02,APPROACH_FROM_BELOW,TREATED,17,62.96,27,60,POC,18,66.67,ALL_SESSIONS,5atr,true
R02,APPROACH_FROM_BELOW,TREATED,1,50,2,60,POC,2,100,RTH_AFTERNOON,5atr,true
R02,APPROACH_FROM_BELOW,TREATED,1,33.33,3,60,POC,2,66.67,RTH_MIDDAY,5atr,true
R02,APPROACH_FROM_BELOW,TREATED,3,42.86,7,60,POC,4,57.14,RTH_MORNING,5atr,true
R02,APPROACH_FROM_BELOW,TREATED,12,80,15,60,POC,10,66.67,RTH_OPEN,5atr,true
R03,APPROACH_FROM_BELOW,TREATED,27,50.94,53,60,POC,42,79.25,ALL_SESSIONS,5atr,false
R03,APPROACH_FROM_BELOW,TREATED,1,100,1,60,POC,1,100,RTH_AFTERNOON,5atr,true
R03,APPROACH_FROM_BELOW,TREATED,3,60,5,60,POC,3,60,RTH_MIDDAY,5atr,true
R03,APPROACH_FROM_BELOW,TREATED,1,14.29,7,60,POC,7,100,RTH_MORNING,5atr,true
R03,APPROACH_FROM_BELOW,TREATED,22,55,40,60,POC,31,77.5,RTH_OPEN,5atr,false
R04,APPROACH_FROM_BELOW,TREATED,33,55,60,60,POC,50,83.33,ALL_SESSIONS,5atr,false
R04,APPROACH_FROM_BELOW,TREATED,0,0,1,60,POC,1,100,RTH_AFTERNOON,5atr,true
R04,APPROACH_FROM_BELOW,TREATED,2,50,4,60,POC,3,75,RTH_MIDDAY,5atr,true
R04,APPROACH_FROM_BELOW,TREATED,2,40,5,60,POC,4,80,RTH_MORNING,5atr,true
R04,APPROACH_FROM_BELOW,TREATED,29,58,50,60,POC,42,84,RTH_OPEN,5atr,false
R05,APPROACH_FROM_BELOW,TREATED,19,50,38,60,POC,26,68.42,ALL_SESSIONS,5atr,false
R05,APPROACH_FROM_BELOW,TREATED,1,100,1,60,POC,1,100,RTH_AFTERNOON,5atr,true
R05,APPROACH_FROM_BELOW,TREATED,3,100,3,60,POC,1,33.33,RTH_MIDDAY,5atr,true
R05,APPROACH_FROM_BELOW,TREATED,15,44.12,34,60,POC,24,70.59,RTH_MORNING,5atr,false
