bin_ratio,contract,family,mean_active_tpo,mean_active_volume,positive_tpo_bins,positive_volume_bins,profile_id,relationship_id,session_date,year
0.1,NQM9,midnight,27.65467625899280575539568345,397.6906474820143884892086328,139,139,0062469027d533d45a72,R04,2019-06-10,2019
0.1,NQH9,full_overnight,34.265625,387.4296875000000000000000001,256,256,006b191194737bea0026,R03,2019-01-10,2019
0.05,NQH9,prior_rth,19.12378640776699029126213592,1218.524271844660194174757284,412,412,00979fc20eaca6c229f8,R01,2019-02-08,2019
0.05,NQH9,prior_rth,19.12378640776699029126213592,1218.524271844660194174757284,412,412,00979fc20eaca6c229f8,R02,2019-02-08,2019
0.05,NQZ9,opening_hour_rth,5.038216560509554140127388535,404.3248407643312101910828028,157,157,00d38033493193f17284,R05,2019-12-09,2019
0.1,NQM9,prior_rth,22.45402298850574712643678161,1612.488505747126436781609193,174,174,00f9b0c287e65da88a14,R01,2019-04-25,2019
0.1,NQM9,prior_rth,22.45402298850574712643678161,1612.488505747126436781609193,174,174,00f9b0c287e65da88a14,R02,2019-04-25,2019
0.1,NQU9,opening_hour_rth,5.875675675675675675675675676,367.8108108108108108108108104,185,185,0110ef35506cb71453b5,R05,2019-06-28,2019
0.2,NQH9,prior_rth,18.94142259414225941422594142,1770.744769874476987447698745,239,239,01404b61abebe45f2383,R01,2019-01-09,2019
0.2,NQH9,prior_rth,18.94142259414225941422594142,1770.744769874476987447698745,239,239,01404b61abebe45f2383,R02,2019-01-09,2019
0.05,NQU9,midnight,33.92857142857142857142857143,482.6845238095238095238095243,168,168,0163817b5d64fa9a1c11,R04,2019-09-12,2019
0.05,NQM9,midnight,23.36158192090395480225988701,393.4689265536723163841807914,177,177,0164617be5ba286e2f6d,R04,2019-03-27,2019
0.05,NQM9,opening_hour_rth,9.634615384615384615384615385,578.2564102564102564102564105,156,156,01647bd5445fb75d210b,R05,2019-05-24,2019
0.1,NQU9,prior_rth,15.8128654970760233918128655,841.2368421052631578947368427,342,342,017fc555329685535952,R01,2019-09-10,2019
0.1,NQU9,prior_rth,15.8128654970760233918128655,841.2368421052631578947368427,342,342,017fc555329685535952,R02,2019-09-10,2019
0.1,NQM9,opening_hour_rth,11.34693877551020408163265306,878.5918367346938775510204082,98,98,01b318fd99657e5e833f,R05,2019-04-29,2019
0.2,NQM9,prior_rth,23.09821428571428571428571429,4157.125000000000000000000001,112,112,01b7232147c5566ae728,R01,2019-05-20,2019
0.2,NQM9,prior_rth,23.09821428571428571428571429,4157.125000000000000000000001,112,112,01b7232147c5566ae728,R02,2019-05-20,2019
0.1,NQH9,full_overnight,40.4375,422.7556818181818181818181815,176,176,024c69df2b3f2e8b542e,R03,2019-01-11,2019
0.1,NQH9,midnight,27.3525641025641025641025641,457.0576923076923076923076922,156,156,0251c7c87733a555086f,R04,2019-01-31,2019
0.1,NQZ9,full_overnight,32.19827586206896551724137931,426.3706896551724137931034482,116,116,025d82e87074467d7c18,R03,2019-10-30,2019
0.2,NQM9,prior_rth,30.38983050847457627118644068,3023.093220338983050847457628,118,118,0293418b0c709af1f6f0,R01,2019-06-03,2019
0.2,NQM9,prior_rth,30.38983050847457627118644068,3023.093220338983050847457628,118,118,0293418b0c709af1f6f0,R02,2019-06-03,2019
0.2,NQH9,opening_hour_rth,6.516129032258064516129032258,518.7741935483870967741935485,186,186,02a64a8f27b9624b608f,R05,2019-02-05,2019
0.05,NQH9,full_overnight,22.23809523809523809523809524,334.7993197278911564625850337,294,294,02ae3cb469c85164d049,R03,2019-02-14,2019
0.2,NQZ9,full_overnight,31.26136363636363636363636364,716.6060606060606060606060595,264,264,02b873f3a344d16378d0,R03,2019-10-10,2019
0.1,NQU9,opening_hour_rth,5.479838709677419354838709677,439.9758064516129032258064516,248,248,030bfc85f51aeaa4f33e,R05,2019-07-10,2019
0.2,NQZ9,opening_hour_rth,5.803571428571428571428571429,730.6607142857142857142857144,112,112,0337e75fef7d75957a15,R05,2019-12-10,2019
0.2,NQH9,prior_rth,33.25,4303.671052631578947368421055,76,76,0348e2cbbb2bfdc0b54e,R01,2019-01-25,2019
0.2,NQH9,prior_rth,33.25,4303.671052631578947368421055,76,76,0348e2cbbb2bfdc0b54e,R02,2019-01-25,2019
0.2,NQM9,opening_hour_rth,13.09259259259259259259259259,1560.703703703703703703703704,54,54,0349ab6f9a17b28839cc,R05,2019-03-12,2019
0.1,NQU9,opening_hour_rth,5.457399103139013452914798206,309.3587443946188340807174891,223,223,03576bb398babb48090e,R05,2019-06-17,2019
0.05,NQH9,opening_hour_rth,7.804733727810650887573964497,599.4615384615384615384615373,169,169,03677a4da6c53004bda7,R05,2019-01-30,2019
0.1,NQH9,midnight,22.79310344827586206896551724,367.0057471264367816091954024,174,174,0371dc56d91b7f27d1b7,R04,2019-02-07,2019
0.1,NQM9,prior_rth,16.86597938144329896907216495,1290.01718213058419243986254,291,291,037aa209085bb89a10cb,R01,2019-04-26,2019
0.1,NQM9,prior_rth,16.86597938144329896907216495,1290.01718213058419243986254,291,291,037aa209085bb89a10cb,R02,2019-04-26,2019
0.2,NQZ9,full_overnight,22.61691542288557213930348259,530.8557213930348258706467652,201,201,038f64041f2381557b8b,R03,2019-10-02,2019
0.2,NQZ9,full_overnight,23,606.6220930232558139534883709,172,172,03b8d50d256103496202,R03,2019-09-19,2019
0.2,NQH9,prior_rth,16.16990291262135922330097087,1990.111650485436893203883494,206,206,03efdb92cce722c24faa,R01,2019-02-01,2019
0.2,NQH9,prior_rth,16.16990291262135922330097087,1990.111650485436893203883494,206,206,03efdb92cce722c24faa,R02,2019-02-01,2019
0.05,NQZ9,full_overnight,23.19934640522875816993464052,238.797385620915032679738562,306,306,03feb31d1ce4906d8b9e,R03,2019-10-07,2019
0.1,NQH0,midnight,17.45588235294117647058823529,354.1617647058823529411764707,136,136,042b57b2b5ce58c50227,R04,2019-12-30,2019
0.1,NQM9,midnight,13.22760290556900726392251816,245.6707021791767554479418893,413,413,04338a38700594b8553f,R04,2019-05-15,2019
0.05,NQM9,prior_rth,30.75348837209302325581395349,1523.404651162790697674418604,215,215,043db3ef895dc1a07fc0,R01,2019-05-23,2019
0.05,NQM9,prior_rth,30.75348837209302325581395349,1523.404651162790697674418604,215,215,043db3ef895dc1a07fc0,R02,2019-05-23,2019
0.1,NQM9,midnight,35.52173913043478260869565217,588.7934782608695652173913046,92,92,043efba4e0c28f82283c,R04,2019-04-04,2019
0.1,NQU9,prior_rth,12.59362549800796812749003984,661.8386454183266932270916347,502,502,0440299b4c21c3115565,R01,2019-07-22,2019
0.1,NQU9,prior_rth,12.59362549800796812749003984,661.8386454183266932270916347,502,502,0440299b4c21c3115565,R02,2019-07-22,2019
0.1,NQH9,opening_hour_rth,8.486301369863013698630136986,648.897260273972602739726027,146,146,0444b8a3de7234d2bee8,R05,2019-03-06,2019
0.05,NQH9,prior_rth,22.46816479400749063670411985,1111.786516853932584269662926,267,267,045b1bf8971aa9bdf505,R01,2019-02-12,2019
0.05,NQH9,prior_rth,22.46816479400749063670411985,1111.786516853932584269662926,267,267,045b1bf8971aa9bdf505,R02,2019-02-12,2019
0.2,NQZ9,prior_rth,13.76136363636363636363636364,1893.261363636363636363636368,176,176,0461afddad8067d87928,R01,2019-09-23,2019
0.2,NQZ9,prior_rth,13.76136363636363636363636364,1893.261363636363636363636368,176,176,0461afddad8067d87928,R02,2019-09-23,2019
0.05,NQH9,midnight,27.61739130434782608695652174,465.9391304347826086956521739,115,115,0465e628b3aaa68d1ad9,R04,2019-02-12,2019
0.1,NQM9,opening_hour_rth,8.710526315789473684210526316,799.903508771929824561403509,114,114,046b29c18c22be6779e3,R05,2019-04-02,2019
0.2,NQZ9,prior_rth,13.93355481727574750830564784,1288.833887043189368770764114,301,301,04865b258e647447838a,R01,2019-10-02,2019
0.2,NQZ9,prior_rth,13.93355481727574750830564784,1288.833887043189368770764114,301,301,04865b258e647447838a,R02,2019-10-02,2019
0.2,NQH9,prior_rth,19.10652920962199312714776632,1184.312714776632302405498282,291,291,04bdfa3b59b637306de4,R01,2019-02-21,2019
0.2,NQH9,prior_rth,19.10652920962199312714776632,1184.312714776632302405498282,291,291,04bdfa3b59b637306de4,R02,2019-02-21,2019
0.05,NQM9,midnight,22.06779661016949152542372881,400.5847457627118644067796611,118,118,04cbd1e38de0aa2aa744,R04,2019-04-11,2019
0.1,NQM9,prior_rth,25.61458333333333333333333333,692.8802083333333333333333328,192,192,04de1e3b8f46d6567145,R01,2019-06-17,2019
0.1,NQM9,prior_rth,25.61458333333333333333333333,692.8802083333333333333333328,192,192,04de1e3b8f46d6567145,R02,2019-06-17,2019
0.05,NQZ9,full_overnight,27.32203389830508474576271186,384.6779661016949152542372882,236,236,04f18b1a952e5fd726eb,R03,2019-09-26,2019
0.1,NQM9,midnight,18.89090909090909090909090909,393.3393939393939393939393937,165,165,051509658ab53e24126b,R04,2019-05-03,2019
0.05,NQM9,full_overnight,31.65116279069767441860465116,514.6124031007751937984496126,129,129,051c9cd2d907f39f3a34,R03,2019-04-30,2019
0.2,NQM9,prior_rth,23.19512195121951219512195122,3189.609756097560975609756098,123,123,051da0627cf43b3c5b9c,R01,2019-06-06,2019
0.2,NQM9,prior_rth,23.19512195121951219512195122,3189.609756097560975609756098,123,123,051da0627cf43b3c5b9c,R02,2019-06-06,2019
0.1,NQZ9,midnight,17.97340425531914893617021277,406.7819148936170212765957446,188,188,055dedfeb3c0c818532c,R04,2019-12-12,2019
0.1,NQH9,opening_hour_rth,5.946601941747572815533980583,457.6262135922330097087378643,206,206,05713eba6987ad57fa7b,R05,2019-01-16,2019
0.05,NQU9,full_overnight,21.43564356435643564356435644,293.9273927392739273927392738,303,303,0579ef503bd84658f7f5,R03,2019-06-27,2019
0.05,NQZ9,full_overnight,39.91964285714285714285714286,536.8214285714285714285714288,112,112,057c6d4bf33fa1fcc9e1,R03,2019-10-25,2019
0.2,NQM9,opening_hour_rth,7.736842105263157894736842105,1237.694736842105263157894734,95,95,058748e7acf0ed1b7e5f,R05,2019-03-26,2019
0.2,NQZ9,opening_hour_rth,9.974358974358974358974358974,753.3205128205128205128205128,78,78,058ae53784ce9ba8803f,R05,2019-09-16,2019
0.2,NQU9,full_overnight,23.64935064935064935064935065,695.087662337662337662337661,308,308,05904b96ffaaac5ae39b,R03,2019-08-07,2019
0.2,NQM9,full_overnight,31.609375,1272.101562500000000000000002,128,128,05f6f8eeda23110c88d4,R03,2019-05-08,2019
0.1,NQH9,opening_hour_rth,10.14035087719298245614035088,583.7719298245614035087719299,171,171,062b060c3f69e5a91737,R05,2019-02-11,2019
0.05,NQH9,opening_hour_rth,7.084745762711864406779661017,428.5635593220338983050847483,236,236,0633f8fbe556118e5f15,R05,2019-01-10,2019
0.1,NQZ9,opening_hour_rth,7.82300884955752212389380531,665.2212389380530973451327433,113,113,0646af964f2a8be773e7,R05,2019-11-15,2019
0.1,NQH9,full_overnight,27.11157024793388429752066116,345.6611570247933884297520663,242,242,0662bc9c9e90dc0fbc5a,R03,2019-02-08,2019
0.2,NQU9,prior_rth,20.21192052980132450331125828,1893.867549668874172185430466,151,151,067041948b9e1abf44c8,R01,2019-08-30,2019
0.2,NQU9,prior_rth,20.21192052980132450331125828,1893.867549668874172185430466,151,151,067041948b9e1abf44c8,R02,2019-08-30,2019
0.1,NQZ9,full_overnight,26.22374429223744292237442922,449.7579908675799086757990863,219,219,06988566e83b69384aa8,R03,2019-12-05,2019
0.1,NQZ9,full_overnight,20.36151603498542274052478134,304.1953352769679300291545181,343,343,0700656d6b25e755c073,R03,2019-09-19,2019
0.1,NQH9,full_overnight,31.46017699115044247787610619,381.4424778761061946902654869,226,226,071e85393faf32e31f3d,R03,2019-01-23,2019
0.05,NQH9,full_overnight,25.66666666666666666666666667,357.4474885844748858447488586,219,219,07230e42dace37167022,R03,2019-02-07,2019
0.1,NQU9,prior_rth,21.32258064516129032258064516,1932.870967741935483870967741,155,155,07353da5bfa847aa5e31,R01,2019-08-19,2019
0.1,NQU9,prior_rth,21.32258064516129032258064516,1932.870967741935483870967741,155,155,07353da5bfa847aa5e31,R02,2019-08-19,2019
0.2,NQZ9,midnight,17.93220338983050847457627119,283.3008474576271186440677964,236,236,0764b5bcc218fc32db45,R04,2019-09-26,2019
0.2,NQU9,opening_hour_rth,10.5875,1776.887500000000000000000005,80,80,07668f7f0d3bc59c4938,R05,2019-08-05,2019
0.2,NQZ9,opening_hour_rth,4.203539823008849557522123894,609.3893805309734513274336283,113,113,07684ad2ed1b6ad543ea,R05,2019-10-15,2019
0.05,NQU9,midnight,20.48898678414096916299559471,356.0969162995594713656387664,227,227,076b15efbb838ee82fe1,R04,2019-08-01,2019
0.2,NQM9,full_overnight,21.8268656716417910447761194,346.0328358208955223880597021,335,335,078372cbd7cb8c6f890b,R03,2019-05-22,2019
0.1,NQU9,midnight,18.0228136882129277566539924,268.4562737642585551330798477,263,263,078a81d34df66617d350,R04,2019-06-27,2019
0.05,NQH9,midnight,23.284,301.2559999999999999999999999,250,250,079254cfeee26b708eca,R04,2019-01-08,2019
0.1,NQH9,prior_rth,19.12378640776699029126213592,1218.524271844660194174757284,412,412,07c007da4aec0d18d608,R01,2019-02-08,2019
0.1,NQH9,prior_rth,19.12378640776699029126213592,1218.524271844660194174757284,412,412,07c007da4aec0d18d608,R02,2019-02-08,2019
0.05,NQH9,midnight,25.03088803088803088803088803,297.1621621621621621621621623,259,259,07c96ffa331e94f35288,R04,2019-01-07,2019
0.05,NQH9,opening_hour_rth,6.061290322580645161290322581,409.9677419354838709677419355,310,310,07ceedc59a5b7345aa95,R05,2019-01-08,2019
0.05,NQH9,full_overnight,19.61748633879781420765027322,265.6010928961748633879781422,366,366,07da0723d643382408b7,R03,2019-01-25,2019
0.05,NQZ9,midnight,16.64965986394557823129251701,316.8537414965986394557823126,294,294,081ab55b817680ba6c38,R04,2019-09-25,2019
0.05,NQM9,prior_rth,22.54577464788732394366197183,1137.95422535211267605633803,284,284,0822807a469ab6288aed,R01,2019-03-29,2019
0.05,NQM9,prior_rth,22.54577464788732394366197183,1137.95422535211267605633803,284,284,0822807a469ab6288aed,R02,2019-03-29,2019
0.1,NQU9,prior_rth,17.78431372549019607843137255,1474.661764705882352941176468,204,204,082ff18297fa2dba054e,R01,2019-08-29,2019
0.1,NQU9,prior_rth,17.78431372549019607843137255,1474.661764705882352941176468,204,204,082ff18297fa2dba054e,R02,2019-08-29,2019
0.05,NQU9,opening_hour_rth,6.835227272727272727272727273,449.9602272727272727272727277,176,176,083eb82236507989083c,R05,2019-07-19,2019
0.1,NQM9,prior_rth,22.25174825174825174825174825,1745.72027972027972027972028,143,143,084ad169501128272003,R01,2019-04-15,2019
0.1,NQM9,prior_rth,22.25174825174825174825174825,1745.72027972027972027972028,143,143,084ad169501128272003,R02,2019-04-15,2019
0.1,NQH9,prior_rth,24.91803278688524590163934426,1533.102459016393442622950823,244,244,085211a2d63fb28808ad,R01,2019-03-07,2019
0.1,NQH9,prior_rth,24.91803278688524590163934426,1533.102459016393442622950823,244,244,085211a2d63fb28808ad,R02,2019-03-07,2019
0.2,NQU9,opening_hour_rth,4.108433734939759036144578313,652.5120481927710843373493994,166,166,08a63337693bf2ebbbef,R05,2019-09-05,2019
0.1,NQZ9,opening_hour_rth,7.065420560747663551401869159,656.0000000000000000000000001,107,107,08ab6cf5660cd82f53ec,R05,2019-12-13,2019
0.05,NQM9,midnight,19.97435897435897435897435897,294.7435897435897435897435903,117,117,08b1e2d4522627a87409,R04,2019-04-22,2019
0.1,NQU9,opening_hour_rth,8.935251798561151079136690647,795.9568345323741007194244626,139,139,08d08ca6f64c567b3e9d,R05,2019-08-23,2019
0.2,NQZ9,full_overnight,32.72222222222222222222222222,847.729166666666666666666666,144,144,08dc037d54e36661a0f8,R03,2019-10-04,2019
0.1,NQU9,full_overnight,37.50561797752808988764044944,520.8314606741573033707865176,267,267,08ec3c2b283ea40e2a97,R03,2019-08-09,2019
0.2,NQM9,midnight,22.06779661016949152542372881,400.5847457627118644067796611,118,118,08f0fb5fbd9f44d63ea3,R04,2019-04-11,2019
0.05,NQZ9,opening_hour_rth,6.849056603773584905660377358,472.3584905660377358490566039,159,159,08fc0a255bef21ef6773,R05,2019-10-29,2019
0.2,NQZ9,midnight,23.27526132404181184668989547,377.0174216027874564459930317,287,287,09066f1393416a514a81,R04,2019-10-04,2019
0.1,NQM9,full_overnight,24.27868852459016393442622951,362.3934426229508196721311464,366,366,0908bc9d51557b7e5beb,R03,2019-05-16,2019
0.1,NQM9,prior_rth,13.78423236514522821576763485,1081.431535269709543568464729,241,241,090b2dc2ef509d8b26c4,R01,2019-04-16,2019
0.1,NQM9,prior_rth,13.78423236514522821576763485,1081.431535269709543568464729,241,241,090b2dc2ef509d8b26c4,R02,2019-04-16,2019
0.2,NQH9,midnight,21.81042654028436018957345972,319.952606635071090047393365,211,211,092e9a18c3bd0dc0b3ca,R04,2019-01-25,2019
0.05,NQZ9,full_overnight,33.51190476190476190476190476,416.9107142857142857142857143,168,168,09488104ce501c9b23a9,R03,2019-09-24,2019
0.05,NQU9,opening_hour_rth,10.70469798657718120805369128,594.5838926174496644295302015,149,149,095dd4dc84a29664f7ca,R05,2019-08-27,2019
0.2,NQZ9,prior_rth,24.22962962962962962962962963,1474.474074074074074074074073,135,135,097139e698ef4292cd3e,R01,2019-11-27,2019
0.2,NQZ9,prior_rth,24.22962962962962962962962963,1474.474074074074074074074073,135,135,097139e698ef4292cd3e,R02,2019-11-27,2019
0.2,NQZ9,opening_hour_rth,11.375,992.2916666666666666666666672,72,72,0978f286bb16c5be3715,R05,2019-10-09,2019
0.1,NQZ9,prior_rth,26.45251396648044692737430168,1648.011173184357541899441342,179,179,097e617200cc07f921e2,R01,2019-11-14,2019
0.1,NQZ9,prior_rth,26.45251396648044692737430168,1648.011173184357541899441342,179,179,097e617200cc07f921e2,R02,2019-11-14,2019
0.1,NQZ9,prior_rth,17.54527559055118110236220472,891.7322834645669291338582685,508,508,099cccebbddbef51152d,R01,2019-10-03,2019
0.1,NQZ9,prior_rth,17.54527559055118110236220472,891.7322834645669291338582685,508,508,099cccebbddbef51152d,R02,2019-10-03,2019
0.2,NQU9,prior_rth,22.5298013245033112582781457,2191.933774834437086092715228,151,151,09b55eb97da68b9d6857,R01,2019-09-11,2019
0.2,NQU9,prior_rth,22.5298013245033112582781457,2191.933774834437086092715228,151,151,09b55eb97da68b9d6857,R02,2019-09-11,2019
0.1,NQM9,prior_rth,14.47893915756630265210608424,861.3369734789391575663026484,641,641,09bd4f0b2ab0ed6b2d34,R01,2019-03-25,2019
0.1,NQM9,prior_rth,14.47893915756630265210608424,861.3369734789391575663026484,641,641,09bd4f0b2ab0ed6b2d34,R02,2019-03-25,2019
0.05,NQM9,midnight,23.01960784313725490196078431,363.3823529411764705882352939,102,102,09d0847a9ab25c469fa0,R04,2019-03-18,2019
0.1,NQZ9,prior_rth,19.57429718875502008032128514,1130.983935742971887550200805,249,249,09d3320deb2ecf905b4b,R01,2019-10-30,2019
0.1,NQZ9,prior_rth,19.57429718875502008032128514,1130.983935742971887550200805,249,249,09d3320deb2ecf905b4b,R02,2019-10-30,2019
0.2,NQZ9,midnight,26.3795180722891566265060241,321.885542168674698795180723,166,166,09f6c8e967a160f53ff9,R04,2019-10-01,2019
0.05,NQU9,midnight,25.09677419354838709677419355,283.879032258064516129032258,124,124,0a04443fb8f6d415bb04,R04,2019-06-28,2019
0.1,NQH9,prior_rth,34.87078651685393258426966292,1556.651685393258426966292136,178,178,0a2fca64484d739709f2,R01,2019-01-14,2019
0.1,NQH9,prior_rth,34.87078651685393258426966292,1556.651685393258426966292136,178,178,0a2fca64484d739709f2,R02,2019-01-14,2019
0.2,NQZ9,prior_rth,16.01492537313432835820895522,1883.380597014925373134328357,134,134,0a410a86fec0a6e453fb,R01,2019-11-19,2019
0.2,NQZ9,prior_rth,16.01492537313432835820895522,1883.380597014925373134328357,134,134,0a410a86fec0a6e453fb,R02,2019-11-19,2019
0.05,NQZ9,prior_rth,19.67894736842105263157894737,1060.610526315789473684210524,190,190,0a45459c2deb6a72eb37,R01,2019-12-12,2019
0.05,NQZ9,prior_rth,19.67894736842105263157894737,1060.610526315789473684210524,190,190,0a45459c2deb6a72eb37,R02,2019-12-12,2019
0.1,NQU9,midnight,33.92857142857142857142857143,482.6845238095238095238095243,168,168,0a582a1c932f6a9a0673,R04,2019-09-12,2019
0.2,NQU9,midnight,31.56521739130434782608695652,811.173913043478260869565217,69,69,0a62afc55b4e17424852,R04,2019-07-09,2019
0.1,NQU9,prior_rth,17.20775623268698060941828255,1688.659279778393351800554013,361,361,0a9cc7290767f07e2082,R01,2019-08-06,2019
0.1,NQU9,prior_rth,17.20775623268698060941828255,1688.659279778393351800554013,361,361,0a9cc7290767f07e2082,R02,2019-08-06,2019
0.2,NQZ9,prior_rth,17.87553648068669527896995708,828.763948497854077253218885,233,233,0aaae07d62d68736ed32,R01,2019-10-22,2019
0.2,NQZ9,prior_rth,17.87553648068669527896995708,828.763948497854077253218885,233,233,0aaae07d62d68736ed32,R02,2019-10-22,2019
0.1,NQZ9,midnight,34.45771144278606965174129353,422.8059701492537313432835819,201,201,0aacc0dc0267ac53b5ff,R04,2019-10-10,2019
0.05,NQM9,prior_rth,20.96319018404907975460122699,1712.889570552147239263803683,163,163,0acf041fdfc7628f9a32,R01,2019-04-17,2019
0.05,NQM9,prior_rth,20.96319018404907975460122699,1712.889570552147239263803683,163,163,0acf041fdfc7628f9a32,R02,2019-04-17,2019
0.05,NQM9,prior_rth,14.48307692307692307692307692,1078.181538461538461538461537,325,325,0ad57fe7f98cf937d8c0,R01,2019-05-06,2019
0.05,NQM9,prior_rth,14.48307692307692307692307692,1078.181538461538461538461537,325,325,0ad57fe7f98cf937d8c0,R02,2019-05-06,2019
0.05,NQM9,midnight,35.52173913043478260869565217,588.7934782608695652173913046,92,92,0ae69ad8bbe2d6c0aa7c,R04,2019-04-04,2019
0.2,NQM9,prior_rth,19.38043478260869565217391304,1838.815217391304347826086957,184,184,0afb7d534b438ac2c520,R01,2019-05-29,2019
0.2,NQM9,prior_rth,19.38043478260869565217391304,1838.815217391304347826086957,184,184,0afb7d534b438ac2c520,R02,2019-05-29,2019
0.05,NQZ9,opening_hour_rth,6.354166666666666666666666667,475.322916666666666666666666,192,192,0b02418abb8ec6f1b171,R05,2019-10-30,2019
0.05,NQM9,opening_hour_rth,10.69230769230769230769230769,851.8034188034188034188034185,117,117,0b1b28dd302f157cdc60,R05,2019-03-20,2019
0.2,NQU9,midnight,22.97391304347826086956521739,336.5652173913043478260869565,115,115,0b2a7739e0888666cc70,R04,2019-07-15,2019
0.05,NQU9,prior_rth,23.28648648648648648648648649,1285.437837837837837837837838,185,185,0b5025b1c2a3c7c6f45d,R01,2019-07-01,2019
0.05,NQU9,prior_rth,23.28648648648648648648648649,1285.437837837837837837837838,185,185,0b5025b1c2a3c7c6f45d,R02,2019-07-01,2019
0.05,NQU9,opening_hour_rth,10.7247706422018348623853211,627.8440366972477064220183486,109,109,0b5a1d0f834fa9cf52da,R05,2019-06-24,2019
0.05,NQM9,prior_rth,12.64426877470355731225296443,719.7430830039525691699604727,253,253,0b8a860e7fe5e4adf6d5,R01,2019-04-23,2019
0.05,NQM9,prior_rth,12.64426877470355731225296443,719.7430830039525691699604727,253,253,0b8a860e7fe5e4adf6d5,R02,2019-04-23,2019
0.1,NQM9,midnight,19.97435897435897435897435897,294.7435897435897435897435903,117,117,0b8d558af57fa9de1272,R04,2019-04-22,2019
0.1,NQH0,midnight,18.04109589041095890410958904,352.8698630136986301369863015,146,146,0b9bfa8ccccc172dc06b,R04,2019-12-16,2019
0.05,NQM9,opening_hour_rth,9.971311475409836065573770492,564.8278688524590163934426221,244,244,0bae6ac431a949a1da04,R05,2019-05-08,2019
0.05,NQM9,opening_hour_rth,8.24,751.4960000000000000000000001,125,125,0bb0b5de6b994d35dbde,R05,2019-04-24,2019
0.2,NQH9,full_overnight,25.66666666666666666666666667,357.4474885844748858447488586,219,219,0bcb36046200a446ff41,R03,2019-02-07,2019
0.05,NQZ9,midnight,17.08362369337979094076655052,253.4041811846689895470383275,287,287,0be2945538f7e7b4b9e2,R04,2019-09-23,2019
0.05,NQM9,midnight,27.91061452513966480446927374,700.5977653631284916201117313,179,179,0bf3b03454f7ca99f1ba,R04,2019-05-10,2019
0.1,NQM9,prior_rth,21.33510638297872340425531915,1387.675531914893617021276602,188,188,0c2d2e419d84deb31ff9,R01,2019-04-12,2019
0.1,NQM9,prior_rth,21.33510638297872340425531915,1387.675531914893617021276602,188,188,0c2d2e419d84deb31ff9,R02,2019-04-12,2019
0.2,NQU9,opening_hour_rth,8.630952380952380952380952381,1302.821428571428571428571436,84,84,0c3dd91eb1cebb5a357c,R05,2019-06-20,2019
0.05,NQZ9,full_overnight,15.97966101694915254237288136,317.2271186440677966101694916,295,295,0c6de2dc428267f7e3c7,R03,2019-12-06,2019
0.2,NQZ9,opening_hour_rth,3.886462882096069868995633188,671.6986899563318777292576463,229,229,0c7d1e957bb651b435f2,R05,2019-12-02,2019
0.05,NQZ9,prior_rth,35.125,1134.931250000000000000000001,160,160,0cb71717ddd279d7666a,R01,2019-09-17,2019
0.05,NQZ9,prior_rth,35.125,1134.931250000000000000000001,160,160,0cb71717ddd279d7666a,R02,2019-09-17,2019
0.2,NQZ9,full_overnight,30.91044776119402985074626866,461.8208955223880597014925369,134,134,0cc3f8e56c8732825a5b,R03,2019-10-28,2019
0.2,NQZ9,midnight,26.8627450980392156862745098,449.8954248366013071895424839,153,153,0cce1658cac3b92aebf8,R04,2019-10-23,2019
0.1,NQH0,prior_rth,26.92592592592592592592592593,1612.802469135802469135802468,81,81,0ce05766570429554c02,R01,2019-12-26,2019
0.1,NQH0,prior_rth,26.92592592592592592592592593,1612.802469135802469135802468,81,81,0ce05766570429554c02,R02,2019-12-26,2019
0.2,NQH9,prior_rth,21.36666666666666666666666667,1260.15238095238095238095238,210,210,0d08a8204d48b048b0f2,R01,2019-02-26,2019
0.2,NQH9,prior_rth,21.36666666666666666666666667,1260.15238095238095238095238,210,210,0d08a8204d48b048b0f2,R02,2019-02-26,2019
0.05,NQU9,prior_rth,10.52688172043010752688172043,690.0537634408602150537634409,372,372,0d1bde90229eea8adf42,R01,2019-07-10,2019
0.05,NQU9,prior_rth,10.52688172043010752688172043,690.0537634408602150537634409,372,372,0d1bde90229eea8adf42,R02,2019-07-10,2019
0.1,NQU9,midnight,32.78888888888888888888888889,489.9888888888888888888888888,90,90,0d4cee875b34ec03eafb,R04,2019-07-12,2019
0.1,NQH9,full_overnight,37.42523364485981308411214953,475.2102803738317757009345808,214,214,0d57b696aca9080570bf,R03,2019-01-24,2019
0.05,NQZ9,full_overnight,35.86470588235294117647058824,655.6647058823529411764705888,170,170,0d6b2db3a7af0716b2c9,R03,2019-11-20,2019
0.2,NQZ9,opening_hour_rth,7.217391304347826086956521739,1210.880434782608695652173905,92,92,0d7bd8859e09af605ffb,R05,2019-10-08,2019
0.2,NQH9,prior_rth,23.59482758620689655172413793,2458.456896551724137931034482,116,116,0d9363784086d804b46f,R01,2019-03-06,2019
0.2,NQH9,prior_rth,23.59482758620689655172413793,2458.456896551724137931034482,116,116,0d9363784086d804b46f,R02,2019-03-06,2019
0.1,NQU9,prior_rth,19.58083832335329341317365269,952.796407185628742514970059,334,334,0e244ca266d8c825311e,R01,2019-06-20,2019
0.1,NQU9,prior_rth,19.58083832335329341317365269,952.796407185628742514970059,334,334,0e244ca266d8c825311e,R02,2019-06-20,2019
0.1,NQZ9,midnight,13.53468208092485549132947977,326.6127167630057803468208113,346,346,0e29ff85a9442bbb9678,R04,2019-12-10,2019
0.2,NQU9,midnight,28.88165680473372781065088757,396.6568047337278106508875741,169,169,0e36b37cbe4f7dcb401b,R04,2019-06-21,2019
0.1,NQH9,opening_hour_rth,6.571428571428571428571428571,447.8816326530612244897959184,245,245,0e39210219633f003086,R05,2019-02-21,2019
0.1,NQZ9,midnight,14.22222222222222222222222222,257.6523297491039426523297488,279,279,0e4f813ca8560da8b0c9,R04,2019-11-07,2019
0.1,NQM9,midnight,19.58620689655172413793103448,381.4865900383141762452107279,261,261,0e60fdea98b01837dbda,R04,2019-06-05,2019
0.2,NQM9,prior_rth,34.19444444444444444444444444,4549.055555555555555555555557,72,72,0e8457b05f4a32df1080,R01,2019-05-23,2019
0.2,NQM9,prior_rth,34.19444444444444444444444444,4549.055555555555555555555557,72,72,0e8457b05f4a32df1080,R02,2019-05-23,2019
0.2,NQZ9,opening_hour_rth,6.727941176470588235294117647,643.4632352941176470588235293,136,136,0e9872313e9a3c69ab65,R05,2019-11-19,2019
0.2,NQM9,opening_hour_rth,9.337662337662337662337662338,1039.142857142857142857142857,77,77,0ea2286dbd16a3258c74,R05,2019-06-13,2019
0.2,NQZ9,prior_rth,17.89519650655021834061135371,1087.11353711790393013100437,229,229,0eb922f08ee580c70c8d,R01,2019-11-13,2019
0.2,NQZ9,prior_rth,17.89519650655021834061135371,1087.11353711790393013100437,229,229,0eb922f08ee580c70c8d,R02,2019-11-13,2019
0.2,NQM9,full_overnight,20.7375,276.0791666666666666666666665,240,240,0ed814d11c0fd419fd45,R03,2019-03-13,2019
0.1,NQU9,opening_hour_rth,11.08080808080808080808080808,969.3636363636363636363636365,99,99,0ee490492a4b0cb1c23c,R05,2019-08-12,2019
0.2,NQU9,midnight,11.02803738317757009345794393,175.6051401869158878504672898,428,428,0f064a86cabb14608660,R04,2019-06-18,2019
0.1,NQU9,prior_rth,12.8958990536277602523659306,661.1976866456361724500525777,951,951,0f1e1f1eefb81f845eeb,R01,2019-08-02,2019
0.1,NQU9,prior_rth,12.8958990536277602523659306,661.1976866456361724500525777,951,951,0f1e1f1eefb81f845eeb,R02,2019-08-02,2019
0.2,NQM9,prior_rth,35.03174603174603174603174603,4136.920634920634920634920635,63,63,0f6b47a76b64e0955f9b,R01,2019-04-08,2019
0.2,NQM9,prior_rth,35.03174603174603174603174603,4136.920634920634920634920635,63,63,0f6b47a76b64e0955f9b,R02,2019-04-08,2019
0.05,NQU9,opening_hour_rth,7.924050632911392405063291139,552.5316455696202531645569621,158,158,0fa109805af449b8c4d3,R05,2019-07-26,2019
0.1,NQU9,midnight,17.82129277566539923954372624,244.4892268694550063371356138,789,789,0fbfcdbdf79f5fd7756d,R04,2019-08-26,2019
0.05,NQM9,prior_rth,28.76602564102564102564102564,1549.884615384615384615384612,312,312,0fe087db02e6d1892870,R01,2019-05-24,2019
0.05,NQM9,prior_rth,28.76602564102564102564102564,1549.884615384615384615384612,312,312,0fe087db02e6d1892870,R02,2019-05-24,2019
0.1,NQM9,midnight,20.36567164179104477611940299,351.3022388059701492537313432,268,268,1015daa207ceea585c01,R04,2019-05-21,2019
0.05,NQM9,midnight,29.43548387096774193548387097,476.0322580645161290322580647,62,62,102831de63bf267ebe66,R04,2019-04-15,2019
0.1,NQU9,midnight,14.44918032786885245901639344,272.8065573770491803278688524,305,305,102d83a133a5cd1dab79,R04,2019-06-26,2019
0.05,NQZ9,midnight,21.64556962025316455696202532,338.5696202531645569620253166,158,158,104963e3eb2fedecd5c5,R04,2019-10-21,2019
0.2,NQZ9,midnight,30.25714285714285714285714286,428.1333333333333333333333332,105,105,105f4b6de88b89203385,R04,2019-09-24,2019
0.05,NQH9,midnight,21.81042654028436018957345972,319.952606635071090047393365,211,211,106b59bdf8033dd0bc39,R04,2019-01-25,2019
0.1,NQZ9,full_overnight,51.02762430939226519337016575,610.9668508287292817679558006,181,181,10a54013a08d76d0dfd1,R03,2019-10-03,2019
0.05,NQM9,opening_hour_rth,6.221453287197231833910034602,466.8581314878892733564013841,289,289,10af53964f5014ccea7e,R05,2019-03-22,2019
0.2,NQU9,midnight,27.67796610169491525423728814,485.8474576271186440677966097,177,177,10c63f6e89d198167011,R04,2019-08-20,2019
0.2,NQM9,prior_rth,23.66666666666666666666666667,2478.649572649572649572649573,117,117,10cb25276d5c3890f0d5,R01,2019-03-13,2019
0.2,NQM9,prior_rth,23.66666666666666666666666667,2478.649572649572649572649573,117,117,10cb25276d5c3890f0d5,R02,2019-03-13,2019
0.2,NQZ9,prior_rth,15.50485436893203883495145631,697.6456310679611650485436932,412,412,10d281a597ec2cb5bc70,R01,2019-09-19,2019
0.2,NQZ9,prior_rth,15.50485436893203883495145631,697.6456310679611650485436932,412,412,10d281a597ec2cb5bc70,R02,2019-09-19,2019
0.2,NQZ9,full_overnight,25.79640718562874251497005988,583.1676646706586826347305386,167,167,10d7cb9cfbe9ec214c8f,R03,2019-09-23,2019
0.2,NQU9,midnight,25.98198198198198198198198198,367.7117117117117117117117118,222,222,11020b050b2ee98e53a5,R04,2019-09-11,2019
0.2,NQZ9,full_overnight,26.16788321167883211678832117,617.7080291970802919708029199,137,137,1124c9b531aeae399b66,R03,2019-09-27,2019
0.2,NQZ9,midnight,28.86428571428571428571428571,413.2357142857142857142857141,140,140,112712f2b58aeb56c9d6,R04,2019-09-17,2019
0.1,NQU9,full_overnight,25.23076923076923076923076923,307.8778280542986425339366519,221,221,113e83052bdc53de1240,R03,2019-07-08,2019
0.1,NQU9,prior_rth,10.64056939501779359430604982,534.7319098457888493475682074,843,843,115fa7bd87bacca840c7,R01,2019-08-01,2019
0.1,NQU9,prior_rth,10.64056939501779359430604982,534.7319098457888493475682074,843,843,115fa7bd87bacca840c7,R02,2019-08-01,2019
0.05,NQM9,full_overnight,21.74429223744292237442922374,312.1780821917808219178082185,438,438,1160584232ad66d99d2d,R03,2019-05-09,2019
0.2,NQZ9,midnight,23.17197452229299363057324841,418.8726114649681528662420384,157,157,1162f6b22a5d54e0246c,R04,2019-12-11,2019
0.1,NQM9,opening_hour_rth,4.385057471264367816091954023,645.6034482758620689655172454,174,174,117f5706a8603586947b,R05,2019-06-07,2019
0.2,NQH9,midnight,15.36486486486486486486486486,240.6351351351351351351351349,222,222,1181ec0bf4cfa3df2d77,R04,2019-02-22,2019
0.05,NQH9,opening_hour_rth,5.235521235521235521235521236,401.3822393822393822393822375,259,259,1182aba7ed31d292cf41,R05,2019-01-31,2019
0.1,NQZ9,prior_rth,13.39852941176470588235294118,723.6852941176470588235294129,680,680,118dcf9c717991882c83,R01,2019-09-30,2019
0.1,NQZ9,prior_rth,13.39852941176470588235294118,723.6852941176470588235294129,680,680,118dcf9c717991882c83,R02,2019-09-30,2019
0.2,NQZ9,full_overnight,38.56470588235294117647058824,824.0117647058823529411764709,85,85,119da427bd6bd9eba67b,R03,2019-09-24,2019
0.2,NQU9,opening_hour_rth,9.235294117647058823529411765,1371.156862745098039215686274,51,51,11cee6049ae5e703b5eb,R05,2019-07-05,2019
0.05,NQM9,midnight,23.30841121495327102803738318,407.2616822429906542056074769,107,107,121c042758c734dad84a,R04,2019-04-02,2019
0.1,NQM9,opening_hour_rth,9.904,796.584,125,125,123197bc8c366f8ac38b,R05,2019-04-30,2019
0.2,NQU9,full_overnight,27.68,604.2720000000000000000000001,125,125,1235fe6d26ae0e71da8c,R03,2019-07-22,2019
0.2,NQU9,full_overnight,46.76041666666666666666666667,1556.229166666666666666666669,96,96,1268da77dcbdf939b33a,R03,2019-09-03,2019
0.1,NQZ9,opening_hour_rth,7.206278026905829596412556054,411.6278026905829596412556058,223,223,126ac9b396a43d221a5c,R05,2019-09-26,2019
0.2,NQZ9,midnight,28.92436974789915966386554622,461.899159663865546218487395,119,119,12714916ee395847639f,R04,2019-09-20,2019
0.05,NQZ9,opening_hour_rth,6.727941176470588235294117647,643.4632352941176470588235293,136,136,12728a063d9bdbf4df6b,R05,2019-11-19,2019
0.1,NQM9,full_overnight,27.35616438356164383561643836,480.2534246575342465753424657,146,146,127d641243e7b033921e,R03,2019-04-11,2019
0.1,NQM9,full_overnight,21.36069651741293532338308458,333.8084577114427860696517428,402,402,128f020a8b334e88db9b,R03,2019-03-25,2019
0.05,NQU9,midnight,17.60062893081761006289308176,333.1100628930817610062893066,318,318,12951546881f2ab171c2,R04,2019-09-04,2019
0.2,NQZ9,prior_rth,19.86956521739130434782608696,3076.271739130434782608695654,92,92,1295ed5b018507548f43,R01,2019-10-07,2019
0.2,NQZ9,prior_rth,19.86956521739130434782608696,3076.271739130434782608695654,92,92,1295ed5b018507548f43,R02,2019-10-07,2019
0.2,NQH9,opening_hour_rth,8.546511627906976744186046512,1028.06976744186046511627907,86,86,129aaf0a27d5577e0d8c,R05,2019-01-23,2019
0.1,NQM9,prior_rth,22.75225225225225225225225225,1710.59009009009009009009009,222,222,12b7ed19aab5cd9977f6,R01,2019-04-18,2019
0.1,NQM9,prior_rth,22.75225225225225225225225225,1710.59009009009009009009009,222,222,12b7ed19aab5cd9977f6,R02,2019-04-18,2019
0.2,NQH9,full_overnight,22.33816425120772946859903382,331.4347826086956521739130434,207,207,12d141dcd61acef4e162,R03,2019-02-25,2019
0.2,NQH9,prior_rth,19.72950819672131147540983607,2505.401639344262295081967214,122,122,12e534d6d560f4a42e9a,R01,2019-03-04,2019
0.2,NQH9,prior_rth,19.72950819672131147540983607,2505.401639344262295081967214,122,122,12e534d6d560f4a42e9a,R02,2019-03-04,2019
0.1,NQU9,midnight,17.60062893081761006289308176,333.1100628930817610062893066,318,318,130b885d6f9217240831,R04,2019-09-04,2019
0.05,NQU9,opening_hour_rth,8.730215827338129496402877698,397.9784172661870503597122306,278,278,130fe00e1ee70dabac07,R05,2019-08-23,2019
0.05,NQZ9,full_overnight,22.21105527638190954773869347,446.0854271356783919597989953,199,199,131593394e9fe52ce832,R03,2019-12-02,2019
0.1,NQM9,midnight,38.625,569.7692307692307692307692308,104,104,131787f2d31794ba9d06,R04,2019-05-30,2019
0.1,NQU9,full_overnight,35.08988764044943820224719101,491.0337078651685393258426969,178,178,131fbd7552a2ef622858,R03,2019-07-19,2019
0.2,NQZ9,full_overnight,26.22374429223744292237442922,449.7579908675799086757990863,219,219,132ddce239c440e8d5fc,R03,2019-12-05,2019
0.2,NQU9,full_overnight,27.97461928934010152284263959,679.5431472081218274111675117,197,197,133795ce5613a0142832,R03,2019-08-16,2019
0.1,NQU9,opening_hour_rth,8.212643678160919540229885057,566.8275862068965517241379313,174,174,134ff3e594e0e4f11f1a,R05,2019-07-30,2019
0.1,NQU9,full_overnight,24.04819277108433734939759036,303.3493975903614457831325301,249,249,13597af916a23ec93e5a,R03,2019-07-22,2019
0.2,NQZ9,full_overnight,25.43269230769230769230769231,370.3125,208,208,135ab21d06f8dddaa670,R03,2019-11-08,2019
0.1,NQU9,opening_hour_rth,11.87209302325581395348837209,739.1744186046511627906976747,86,86,135d2809a0fbd5b9d7e5,R05,2019-07-02,2019
0.05,NQZ9,full_overnight,32.96,477.3800000000000000000000001,150,150,1371d0f910002d2cf478,R03,2019-11-05,2019
0.05,NQZ9,opening_hour_rth,4.346982758620689655172413793,312.2931034482758620689655162,464,464,137dc4dbf30be7448418,R05,2019-12-12,2019
0.1,NQM9,opening_hour_rth,6.316939890710382513661202186,525.4316939890710382513661202,183,183,1381b93513db73b46552,R05,2019-04-04,2019
0.2,NQH9,prior_rth,26.0081300813008130081300813,2797.886178861788617886178861,123,123,13b0ac385c9ae377bd8b,R01,2019-01-17,2019
0.2,NQH9,prior_rth,26.0081300813008130081300813,2797.886178861788617886178861,123,123,13b0ac385c9ae377bd8b,R02,2019-01-17,2019
0.1,NQH0,midnight,24.21590909090909090909090909,510.2840909090909090909090908,88,88,13bea1b63867e30c7c04,R04,2019-12-27,2019
0.05,NQH9,full_overnight,28.46666666666666666666666667,362.9583333333333333333333331,240,240,13e0529eaca88874b3c0,R03,2019-01-29,2019
0.1,NQU9,prior_rth,23.28648648648648648648648649,1285.437837837837837837837838,185,185,13ebb8888caf3331ea0a,R01,2019-07-01,2019
0.1,NQU9,prior_rth,23.28648648648648648648648649,1285.437837837837837837837838,185,185,13ebb8888caf3331ea0a,R02,2019-07-01,2019
0.05,NQZ9,opening_hour_rth,6.435028248587570621468926554,466.5819209039548022598870056,177,177,140f747a1d35b17f5f8c,R05,2019-11-01,2019
0.05,NQH9,full_overnight,22.33816425120772946859903382,331.4347826086956521739130434,207,207,1421b36dda130d8db1b4,R03,2019-02-25,2019
0.05,NQU9,midnight,11.02803738317757009345794393,175.6051401869158878504672898,428,428,142baae20021a2576575,R04,2019-06-18,2019
0.05,NQH0,prior_rth,9.412698412698412698412698413,508.6468253968253968253968302,252,252,145cfcfb819d60f94748,R01,2019-12-27,2019
0.05,NQH0,prior_rth,9.412698412698412698412698413,508.6468253968253968253968302,252,252,145cfcfb819d60f94748,R02,2019-12-27,2019
0.1,NQH9,midnight,25.03088803088803088803088803,297.1621621621621621621621623,259,259,147e75fcb9e2e65b24c3,R04,2019-01-07,2019
0.2,NQU9,prior_rth,17.07291666666666666666666667,1837.947916666666666666666667,192,192,149db6c0de6402fec10d,R01,2019-06-21,2019
0.2,NQU9,prior_rth,17.07291666666666666666666667,1837.947916666666666666666667,192,192,149db6c0de6402fec10d,R02,2019-06-21,2019
0.05,NQU9,midnight,11.40625,250.5710227272727272727272727,352,352,14a7fc9c04d0a3fe1891,R04,2019-07-30,2019
0.1,NQZ9,full_overnight,23.05688622754491017964071856,291.5838323353293413173652698,334,334,14cea73b70ae109c0264,R03,2019-09-23,2019
0.1,NQM9,prior_rth,14.58088235294117647058823529,962.5919117647058823529411761,272,272,14d11a374dcaee0f8d9b,R01,2019-04-09,2019
0.1,NQM9,prior_rth,14.58088235294117647058823529,962.5919117647058823529411761,272,272,14d11a374dcaee0f8d9b,R02,2019-04-09,2019
0.2,NQU9,full_overnight,30.4950495049504950495049505,1165.79207920792079207920792,101,101,14d45913f93925991c13,R03,2019-08-01,2019
0.05,NQM9,prior_rth,25.8452380952380952380952381,1888.79761904761904761904762,168,168,14d7168fd17823c03fad,R01,2019-04-10,2019
0.05,NQM9,prior_rth,25.8452380952380952380952381,1888.79761904761904761904762,168,168,14d7168fd17823c03fad,R02,2019-04-10,2019
0.1,NQM9,midnight,13.23904382470119521912350598,279.1633466135458167330677298,251,251,14e0ec5feaa82969ded4,R04,2019-04-18,2019
0.05,NQM9,midnight,13.23904382470119521912350598,279.1633466135458167330677298,251,251,14f355c950703f710242,R04,2019-04-18,2019
0.1,NQU9,opening_hour_rth,7.037267080745341614906832298,719.7639751552795031055900621,161,161,150d9bc157ec54c3d31d,R05,2019-09-03,2019
0.2,NQZ9,prior_rth,15.02136752136752136752136752,1684.200854700854700854700856,234,234,150ebbbef360dd23e79d,R01,2019-11-21,2019
0.2,NQZ9,prior_rth,15.02136752136752136752136752,1684.200854700854700854700856,234,234,150ebbbef360dd23e79d,R02,2019-11-21,2019
0.1,NQH9,opening_hour_rth,7.137362637362637362637362637,503.4725274725274725274725271,182,182,151cbbfb8835846e1205,R05,2019-01-25,2019
0.05,NQH9,midnight,17.68354430379746835443037975,270.8860759493670886075949361,237,237,1541a80b4f4b01157afe,R04,2019-01-18,2019
0.2,NQZ9,prior_rth,20.0897959183673469387755102,1125.061224489795918367346938,245,245,156c0230695fabc79ba5,R01,2019-10-25,2019
0.2,NQZ9,prior_rth,20.0897959183673469387755102,1125.061224489795918367346938,245,245,156c0230695fabc79ba5,R02,2019-10-25,2019
0.05,NQZ9,prior_rth,19.5019011406844106463878327,997.346007604562737642585551,263,263,15952a4b3bea7f1229d3,R01,2019-09-20,2019
0.05,NQZ9,prior_rth,19.5019011406844106463878327,997.346007604562737642585551,263,263,15952a4b3bea7f1229d3,R02,2019-09-20,2019
0.2,NQM9,midnight,27.9222797927461139896373057,483.0777202072538860103626945,193,193,159c385b03c186bc99d0,R04,2019-05-29,2019
0.2,NQM9,full_overnight,21.77862595419847328244274809,632.3511450381679389312977095,131,131,159f48c2c86531b1796f,R03,2019-05-03,2019
0.1,NQM9,opening_hour_rth,8.203007518796992481203007519,625.8270676691729323308270674,133,133,15d3c7d33cbfe30dda71,R05,2019-04-08,2019
0.1,NQH0,opening_hour_rth,7.922413793103448275862068966,579.405172413793103448275863,116,116,1616feeea926cbb18ddb,R05,2019-12-17,2019
0.05,NQZ9,prior_rth,24.10447761194029850746268657,1772.925373134328358208955222,134,134,161c1d7d52eb4c0ff5f2,R01,2019-11-18,2019
0.05,NQZ9,prior_rth,24.10447761194029850746268657,1772.925373134328358208955222,134,134,161c1d7d52eb4c0ff5f2,R02,2019-11-18,2019
0.1,NQM9,opening_hour_rth,5.194444444444444444444444444,375.2499999999999999999999983,288,288,166be850851e185b5597,R05,2019-06-10,2019
0.05,NQM9,prior_rth,15.19402985074626865671641791,1179.608208955223880597014924,268,268,166e0ad0c20dd858a986,R01,2019-03-18,2019
0.05,NQM9,prior_rth,15.19402985074626865671641791,1179.608208955223880597014924,268,268,166e0ad0c20dd858a986,R02,2019-03-18,2019
0.2,NQZ9,prior_rth,30.28461538461538461538461538,1898.446153846153846153846157,130,130,1691b2d66ebd085a8b0c,R01,2019-11-05,2019
0.2,NQZ9,prior_rth,30.28461538461538461538461538,1898.446153846153846153846157,130,130,1691b2d66ebd085a8b0c,R02,2019-11-05,2019
0.2,NQZ9,midnight,26.57608695652173913043478261,330.6086956521739130434782603,184,184,16a9d3e31debfed7e230,R04,2019-09-30,2019
0.2,NQZ9,midnight,17.87019230769230769230769231,310.5624999999999999999999998,208,208,16c4a44d84a2dce9fdea,R04,2019-12-05,2019
0.2,NQZ9,full_overnight,33.00641025641025641025641026,443.5897435897435897435897436,156,156,16ce9ec3ea66c48356ca,R03,2019-09-20,2019
0.2,NQU9,midnight,24.58741258741258741258741259,339.7762237762237762237762236,143,143,16d083d840faf61b936a,R04,2019-07-08,2019
0.1,NQU9,opening_hour_rth,8.872549019607843137254901961,903.4607843137254901960784314,102,102,16da1d2382cc114c060f,R05,2019-08-16,2019
0.05,NQZ9,full_overnight,33.025,423.4333333333333333333333333,120,120,16da7d261c83845c61b1,R03,2019-09-18,2019
0.05,NQU9,opening_hour_rth,12.01818181818181818181818182,548.0772727272727272727272673,220,220,16ddda9e1db0acd0d909,R05,2019-08-14,2019
0.2,NQH9,full_overnight,32.4375,481.6328125000000000000000002,128,128,16dfdd1b23b8e8e46395,R03,2019-03-04,2019
0.1,NQU9,full_overnight,20.15018315018315018315018315,482.7582417582417582417582414,546,546,16f5c608c8840696d151,R03,2019-08-26,2019
0.05,NQU9,opening_hour_rth,10.82741116751269035532994924,487.1421319796954314720812186,197,197,172dfc5ee20d6fa12cf8,R05,2019-08-12,2019
0.2,NQU9,prior_rth,20.34666666666666666666666667,1747.44,150,150,173c39e4f18941b7ec40,R01,2019-06-27,2019
0.2,NQU9,prior_rth,20.34666666666666666666666667,1747.44,150,150,173c39e4f18941b7ec40,R02,2019-06-27,2019
0.05,NQZ9,prior_rth,13.39852941176470588235294118,723.6852941176470588235294129,680,680,173cda18ceb665c705f0,R01,2019-09-30,2019
0.05,NQZ9,prior_rth,13.39852941176470588235294118,723.6852941176470588235294129,680,680,173cda18ceb665c705f0,R02,2019-09-30,2019
0.1,NQU9,opening_hour_rth,5.605187319884726224783861671,411.3544668587896253602305481,347,347,17974fef89aeaabdd1fb,R05,2019-06-18,2019
0.1,NQM9,full_overnight,20.5570934256055363321799308,303.9446366782006920415224913,289,289,17d0fa51d06a554a8060,R03,2019-03-21,2019
0.2,NQM9,prior_rth,18.55284552845528455284552846,1192.056910569105691056910567,246,246,17d802fa16c5dcc54855,R01,2019-04-02,2019
0.2,NQM9,prior_rth,18.55284552845528455284552846,1192.056910569105691056910567,246,246,17d802fa16c5dcc54855,R02,2019-04-02,2019
0.1,NQU9,prior_rth,11.54749199573105656350053362,520.3884738527214514407684092,937,937,17dd54a2732db3d69736,R01,2019-08-14,2019
0.1,NQU9,prior_rth,11.54749199573105656350053362,520.3884738527214514407684092,937,937,17dd54a2732db3d69736,R02,2019-08-14,2019
0.05,NQM9,opening_hour_rth,8.015873015873015873015873016,502.4365079365079365079365048,252,252,17e66288acd7526e46bf,R05,2019-05-17,2019
0.05,NQU9,full_overnight,23.86925795053003533568904594,329.409893992932862190812721,283,283,17ec3014d3f799cbeebe,R03,2019-07-01,2019
0.1,NQM9,opening_hour_rth,4.237442922374429223744292237,462.4703196347031963470319644,219,219,18019328904419af44b1,R05,2019-04-23,2019
0.1,NQH9,opening_hour_rth,14.26415094339622641509433962,590.4905660377358490566037738,159,159,1808182254f61245a4af,R05,2019-01-07,2019
0.05,NQM9,opening_hour_rth,4.672222222222222222222222222,385.4222222222222222222222226,180,180,18116b885b858a286fed,R05,2019-04-15,2019
0.2,NQH9,full_overnight,25.525,755.8,200,200,1825d2b9246143ef28fc,R03,2019-01-04,2019
0.05,NQU9,prior_rth,17.42412451361867704280155642,965.7626459143968871595330759,257,257,1829c23ff8d2c525a0e8,R01,2019-09-05,2019
0.05,NQU9,prior_rth,17.42412451361867704280155642,965.7626459143968871595330759,257,257,1829c23ff8d2c525a0e8,R02,2019-09-05,2019
0.05,NQZ9,prior_rth,13.30897009966777408637873754,644.4169435215946843853820591,602,602,182cffec429d4ee2e28b,R01,2019-10-02,2019
0.05,NQZ9,prior_rth,13.30897009966777408637873754,644.4169435215946843853820591,602,602,182cffec429d4ee2e28b,R02,2019-10-02,2019
0.1,NQH9,prior_rth,23.18297872340425531914893617,1322.982978723404255319148932,235,235,184a398cbe6f719bf1a8,R01,2019-02-19,2019
0.1,NQH9,prior_rth,23.18297872340425531914893617,1322.982978723404255319148932,235,235,184a398cbe6f719bf1a8,R02,2019-02-19,2019
0.2,NQH9,full_overnight,38.46031746031746031746031746,773.4365079365079365079365078,126,126,1887790f5a1131ea3713,R03,2019-01-09,2019
0.05,NQM9,full_overnight,23.05508474576271186440677966,428.7330508474576271186440674,236,236,1895aaae485b7e8a79c7,R03,2019-04-01,2019
0.2,NQZ9,opening_hour_rth,6.354166666666666666666666667,475.322916666666666666666666,192,192,189ed434aa5510213d34,R05,2019-10-30,2019
0.2,NQU9,prior_rth,22.71428571428571428571428571,4119.836734693877551020408161,147,147,18b6fbfc04073aaa2c51,R01,2019-08-15,2019
0.2,NQU9,prior_rth,22.71428571428571428571428571,4119.836734693877551020408161,147,147,18b6fbfc04073aaa2c51,R02,2019-08-15,2019
0.2,NQH9,midnight,27.61739130434782608695652174,465.9391304347826086956521739,115,115,1949c1bc86039477c460,R04,2019-02-12,2019
0.1,NQU9,midnight,36.81111111111111111111111111,617.5333333333333333333333329,90,90,1975021a485e00f7b036,R04,2019-07-31,2019
0.1,NQM9,opening_hour_rth,7.86,474.715,200,200,198186f15e766c18e055,R05,2019-03-28,2019
0.05,NQZ9,prior_rth,16.83529411764705882352941176,901.0617647058823529411764665,340,340,19896d888bc736335823,R01,2019-10-31,2019
0.05,NQZ9,prior_rth,16.83529411764705882352941176,901.0617647058823529411764665,340,340,19896d888bc736335823,R02,2019-10-31,2019
0.05,NQU9,midnight,14.38888888888888888888888889,235.7539682539682539682539688,504,504,19c32a0517b0321f3277,R04,2019-08-12,2019
0.1,NQM9,prior_rth,14.48307692307692307692307692,1078.181538461538461538461537,325,325,19cb59e3f8dfae4c662f,R01,2019-05-06,2019
0.1,NQM9,prior_rth,14.48307692307692307692307692,1078.181538461538461538461537,325,325,19cb59e3f8dfae4c662f,R02,2019-05-06,2019
0.2,NQH9,opening_hour_rth,5.077464788732394366197183099,727.3521126760563380281690141,142,142,19cc9ed4410e87abcb92,R05,2019-02-27,2019
0.2,NQM9,full_overnight,23.50641025641025641025641026,352.6410256410256410256410255,156,156,19da7bdeaa646897a4ba,R03,2019-03-19,2019
0.1,NQH9,opening_hour_rth,7.084745762711864406779661017,428.5635593220338983050847483,236,236,1a05c85cf46b24db1d5a,R05,2019-01-10,2019
0.05,NQZ9,full_overnight,22.93065693430656934306569343,308.8540145985401459854014597,274,274,1a2035d35bb90538236a,R03,2019-09-27,2019
0.2,NQU9,midnight,27.69148936170212765957446809,387.952127659574468085106383,188,188,1a65ec3a2ff45ecb9191,R04,2019-09-10,2019
0.2,NQZ9,midnight,20.48818897637795275590551181,355.7952755905511811023622046,127,127,1a9bbbc58cb89f93ac0f,R04,2019-10-28,2019
0.1,NQU9,opening_hour_rth,8.303571428571428571428571429,651.4107142857142857142857131,168,168,1aa5821b0fe187ddb4f0,R05,2019-06-20,2019
0.05,NQZ9,full_overnight,29.45171339563862928348909657,249.3520249221183800623052957,321,321,1aa8ce4d845dddae2940,R03,2019-09-16,2019
0.1,NQU9,midnight,36.4,546.9294117647058823529411765,85,85,1aad93b841f8c619d22c,R04,2019-09-09,2019
0.2,NQH9,opening_hour_rth,11.23611111111111111111111111,1566.402777777777777777777776,72,72,1add49b954f1e3003eb1,R05,2019-02-08,2019
0.2,NQH9,prior_rth,22.95495495495495495495495495,2445.648648648648648648648649,111,111,1b2064ef32b4e55f27ff,R01,2019-02-14,2019
0.2,NQH9,prior_rth,22.95495495495495495495495495,2445.648648648648648648648649,111,111,1b2064ef32b4e55f27ff,R02,2019-02-14,2019
0.05,NQM9,midnight,21.2654320987654320987654321,352.3765432098765432098765427,162,162,1b5f3c334de9596eb136,R04,2019-03-14,2019
0.1,NQZ9,full_overnight,20.17768595041322314049586777,444.9710743801652892561983467,242,242,1b610779a1413eff1990,R03,2019-11-18,2019
0.05,NQH9,prior_rth,19.19066147859922178988326848,1176.747081712062256809338519,257,257,1b6c8f3da6469a7e2af8,R01,2019-02-06,2019
0.05,NQH9,prior_rth,19.19066147859922178988326848,1176.747081712062256809338519,257,257,1b6c8f3da6469a7e2af8,R02,2019-02-06,2019
0.2,NQM9,full_overnight,23.63681592039800995024875622,667.6169154228855721393034821,201,201,1b84a1788aaeab7316b8,R03,2019-03-25,2019
0.2,NQU9,opening_hour_rth,6.865384615384615384615384615,753.8717948717948717948717897,156,156,1b88e1549e71554666d3,R05,2019-08-09,2019
0.2,NQU9,prior_rth,28.76119402985074626865671642,8069.880597014925373134328358,67,67,1ba161912e8f7b243fd2,R01,2019-08-05,2019
0.2,NQU9,prior_rth,28.76119402985074626865671642,8069.880597014925373134328358,67,67,1ba161912e8f7b243fd2,R02,2019-08-05,2019
0.1,NQZ9,opening_hour_rth,6.846153846153846153846153846,408.0622710622710622710622659,273,273,1bbd19e55502ad3f3b7c,R05,2019-10-08,2019
0.2,NQZ9,opening_hour_rth,6.849056603773584905660377358,472.3584905660377358490566039,159,159,1bdb70db8451425adffd,R05,2019-10-29,2019
0.1,NQZ9,midnight,26.57608695652173913043478261,330.6086956521739130434782603,184,184,1bec95ab3a9131a4ecb5,R04,2019-09-30,2019
0.1,NQM9,midnight,23.63157894736842105263157895,370.7631578947368421052631576,114,114,1bef2bc31b61058d624c,R04,2019-03-20,2019
0.2,NQH9,midnight,26.38674033149171270718232044,384.5138121546961325966850829,181,181,1bf3e3d5578d2132f193,R04,2019-01-15,2019
0.05,NQU9,midnight,18.0228136882129277566539924,268.4562737642585551330798477,263,263,1c0f29d854bcff7c617c,R04,2019-06-27,2019
0.05,NQM9,midnight,16.24285714285714285714285714,284.0071428571428571428571427,140,140,1c28a6b79af1ec67f9cc,R04,2019-03-19,2019
0.1,NQZ9,midnight,14.90954773869346733668341709,333.2914572864321608040201011,199,199,1c38267d2bf388c9802c,R04,2019-12-02,2019
0.05,NQH9,full_overnight,18.22580645161290322580645161,262.1774193548387096774193546,248,248,1cc77bd1d2e939e88324,R03,2019-03-01,2019
0.05,NQM9,opening_hour_rth,7.931034482758620689655172414,537.9386973180076628352490379,261,261,1cd915b511c4123ec81c,R05,2019-06-04,2019
0.1,NQM9,midnight,20.49832775919732441471571906,370.5050167224080267558528435,299,299,1d0359d58de025b3851e,R04,2019-05-23,2019
0.1,NQZ9,prior_rth,16.65086206896551724137931034,921.8491379310344827586206875,464,464,1d0a6937450a7f6b8414,R01,2019-12-13,2019
0.1,NQZ9,prior_rth,16.65086206896551724137931034,921.8491379310344827586206875,464,464,1d0a6937450a7f6b8414,R02,2019-12-13,2019
0.1,NQH9,prior_rth,25.39393939393939393939393939,1179.597402597402597402597401,231,231,1d3385687f1758463fcf,R01,2019-01-15,2019
0.1,NQH9,prior_rth,25.39393939393939393939393939,1179.597402597402597402597401,231,231,1d3385687f1758463fcf,R02,2019-01-15,2019
0.05,NQM9,opening_hour_rth,9.132183908045977011494252874,652.8160919540229885057471253,174,174,1d33acbddc3d0a17db61,R05,2019-03-27,2019
0.1,NQU9,prior_rth,23.64734299516908212560386473,1094.149758454106280193236711,207,207,1d35ef0dedda6d7f8496,R01,2019-08-22,2019
0.1,NQU9,prior_rth,23.64734299516908212560386473,1094.149758454106280193236711,207,207,1d35ef0dedda6d7f8496,R02,2019-08-22,2019
0.05,NQU9,full_overnight,14.34699453551912568306010929,281.1448087431693989071038249,366,366,1d36633bb86021570893,R03,2019-07-30,2019
0.2,NQH9,midnight,9.258333333333333333333333333,178.4624999999999999999999992,480,480,1d3b3cb7667d470039cb,R04,2019-02-15,2019
0.1,NQM9,prior_rth,31.34640522875816993464052288,2993.267973856209150326797386,153,153,1d5284ce1d3cf5e9dd82,R01,2019-05-21,2019
0.1,NQM9,prior_rth,31.34640522875816993464052288,2993.267973856209150326797386,153,153,1d5284ce1d3cf5e9dd82,R02,2019-05-21,2019
0.05,NQU9,full_overnight,26.28239202657807308970099668,459.4385382059800664451827249,301,301,1d71804677628339c872,R03,2019-08-22,2019
0.2,NQM9,prior_rth,17.66820276497695852534562212,2118.299539170506912442396316,217,217,1d83531d56557a46ee38,R01,2019-03-21,2019
0.2,NQM9,prior_rth,17.66820276497695852534562212,2118.299539170506912442396316,217,217,1d83531d56557a46ee38,R02,2019-03-21,2019
0.05,NQZ9,prior_rth,15.50485436893203883495145631,697.6456310679611650485436932,412,412,1d86174b123a50cb6df0,R01,2019-09-19,2019
0.05,NQZ9,prior_rth,15.50485436893203883495145631,697.6456310679611650485436932,412,412,1d86174b123a50cb6df0,R02,2019-09-19,2019
0.05,NQZ9,full_overnight,23.05688622754491017964071856,291.5838323353293413173652698,334,334,1d8eb4d8007594f869cd,R03,2019-09-23,2019
0.2,NQH9,prior_rth,27.18235294117647058823529412,2257.194117647058823529411764,170,170,1d963bd94d8762c7fd01,R01,2019-01-10,2019
0.2,NQH9,prior_rth,27.18235294117647058823529412,2257.194117647058823529411764,170,170,1d963bd94d8762c7fd01,R02,2019-01-10,2019
0.2,NQH9,full_overnight,17.51980198019801980198019802,234.0866336633663366336633659,404,404,1dad03701e25da8a16c5,R03,2019-01-28,2019
0.1,NQU9,midnight,10.92537313432835820895522388,207.8034825870646766169154226,402,402,1db7505bb0b51a241b91,R04,2019-07-10,2019
0.05,NQM9,opening_hour_rth,10.07262569832402234636871508,721.3240223463687150837988838,179,179,1db8fd13a3b6d7a60b85,R05,2019-05-23,2019
0.05,NQH9,full_overnight,29.15891472868217054263565891,383.1976744186046511627906978,258,258,1dd7a1f1d67a80e56846,R03,2019-01-15,2019
0.1,NQH9,prior_rth,15.28977272727272727272727273,780.8712121212121212121212116,528,528,1dda7d4eeb4b01dfc696,R01,2019-01-24,2019
0.1,NQH9,prior_rth,15.28977272727272727272727273,780.8712121212121212121212116,528,528,1dda7d4eeb4b01dfc696,R02,2019-01-24,2019
0.05,NQZ9,opening_hour_rth,5.575862068965517241379310345,333.0241379310344827586206893,290,290,1e050cf4e3825565a75c,R05,2019-10-10,2019
0.1,NQZ9,opening_hour_rth,9.446428571428571428571428571,1461.65178571428571428571429,112,112,1e07907d79580a3e54af,R05,2019-12-03,2019
0.2,NQM9,opening_hour_rth,4.798387096774193548387096774,1028.35483870967741935483871,124,124,1e5485701860f661307f,R05,2019-05-06,2019
0.2,NQH9,opening_hour_rth,8.141592920353982300884955752,1061.39823008849557522123894,113,113,1e72d27b5ec8c841dd82,R05,2019-02-01,2019
0.05,NQU9,full_overnight,34.66978193146417445482866044,517.9127725856697819314641729,321,321,1e83e85f8c0443727c57,R03,2019-08-13,2019
0.05,NQU9,midnight,20.61627906976744186046511628,343.8662790697674418604651166,172,172,1ea9f8dce54c83cea0c3,R04,2019-07-19,2019
0.05,NQM9,midnight,20.1935483870967741935483871,394.9838709677419354838709678,124,124,1eb82630ea003ab9911d,R04,2019-04-24,2019
0.2,NQZ9,midnight,14.59915611814345991561181435,325.0886075949367088607594933,237,237,1ebeb6c15c1b3d4b6d21,R04,2019-11-18,2019
0.1,NQZ9,full_overnight,21.9103139013452914798206278,336.1300448430493273542600897,223,223,1ec57f00cecb9e098515,R03,2019-11-26,2019
0.05,NQM9,opening_hour_rth,12.83544303797468354430379747,995.848101265822784810126582,79,79,1f0cb2112f7e57313ef8,R05,2019-04-10,2019
0.2,NQU9,opening_hour_rth,5.89,865.3499999999999999999999996,100,100,1f192826917275f86198,R05,2019-07-09,2019
0.2,NQU9,midnight,14.20289855072463768115942029,260.5942028985507246376811593,276,276,1f2181d56e317a3c3432,R04,2019-06-20,2019
0.1,NQH9,midnight,26.51829268292682926829268293,406.493902439024390243902439,164,164,1f22207da8e85135ac62,R04,2019-02-01,2019
0.2,NQH9,full_overnight,32.50769230769230769230769231,760.5,130,130,1f3beaa18540a40cbc2b,R03,2019-01-15,2019
0.2,NQM9,prior_rth,31.01904761904761904761904762,4605.371428571428571428571433,105,105,1f46191ebac5447ce5ad,R01,2019-05-24,2019
0.2,NQM9,prior_rth,31.01904761904761904761904762,4605.371428571428571428571433,105,105,1f46191ebac5447ce5ad,R02,2019-05-24,2019
0.2,NQM9,midnight,15.85,255.903846153846153846153846,260,260,1f474b5b2b9136c5621b,R04,2019-03-21,2019
0.05,NQM9,opening_hour_rth,9.017094017094017094017094017,845.1196581196581196581196585,117,117,1f50a00f770fd152c5b5,R05,2019-04-03,2019
0.05,NQU9,full_overnight,54.73626373626373626373626374,844.9890109890109890109890109,91,91,1f609a92898de3a9f47f,R03,2019-07-31,2019
0.2,NQM9,opening_hour_rth,11.34693877551020408163265306,878.5918367346938775510204082,98,98,1f6c5f244eb1c8d1a5b7,R05,2019-04-29,2019
0.05,NQH9,opening_hour_rth,4.685483870967741935483870968,372.9139784946236559139784954,372,372,1f76d4b24f41aef12490,R05,2019-01-15,2019
0.05,NQH0,full_overnight,18.98265895953757225433526012,375.0520231213872832369942198,173,173,1f78fb0b9978ec921259,R03,2019-12-27,2019
0.05,NQH9,full_overnight,31.46017699115044247787610619,381.4424778761061946902654869,226,226,1f9b825faf33e1a0b0e1,R03,2019-01-23,2019
0.2,NQH9,full_overnight,27.21827411167512690355329949,384.5076142131979695431472082,197,197,1f9bae202a9013b94696,R03,2019-02-26,2019
0.2,NQM9,prior_rth,18.09090909090909090909090909,1315.774891774891774891774893,231,231,1fa25297af500de376aa,R01,2019-03-19,2019
0.2,NQM9,prior_rth,18.09090909090909090909090909,1315.774891774891774891774893,231,231,1fa25297af500de376aa,R02,2019-03-19,2019
0.05,NQM9,opening_hour_rth,7.502645502645502645502645503,622.1216931216931216931216921,189,189,1fb77cd9457093349602,R05,2019-03-26,2019
0.1,NQU9,midnight,27.76415094339622641509433962,407.657232704402515723270439,318,318,1fbb5805e4b7325d88a3,R04,2019-08-02,2019
0.2,NQZ9,full_overnight,24.36979166666666666666666667,350.307291666666666666666667,192,192,1fd734c02d99417364c0,R03,2019-11-11,2019
0.1,NQZ9,prior_rth,22.78476821192052980132450331,979.5099337748344370860927146,302,302,1fdb964757322429bac8,R01,2019-10-08,2019
0.1,NQZ9,prior_rth,22.78476821192052980132450331,979.5099337748344370860927146,302,302,1fdb964757322429bac8,R02,2019-10-08,2019
0.1,NQM9,full_overnight,20.7375,276.0791666666666666666666665,240,240,2007a4b0db056911534b,R03,2019-03-13,2019
0.2,NQU9,opening_hour_rth,5.869047619047619047619047619,1298.976190476190476190476192,84,84,20229f182281c14ae2d8,R05,2019-07-10,2019
0.1,NQH9,full_overnight,30.93333333333333333333333333,704.2000000000000000000000003,120,120,2055664debccb4ee1a7e,R03,2019-01-30,2019
0.05,NQZ9,opening_hour_rth,9.384057971014492753623188406,538.6231884057971014492753622,138,138,205e9e7508f4655cda61,R05,2019-10-23,2019
0.05,NQM9,opening_hour_rth,9.761194029850746268656716418,597.4253731343283582089552241,134,134,2064900e81fe94875d87,R05,2019-03-29,2019
0.1,NQH9,full_overnight,31.0172413793103448275862069,393.7183908045977011494252874,174,174,208c1d2eeb64ef4630a9,R03,2019-03-05,2019
0.2,NQH9,opening_hour_rth,10.09803921568627450980392157,811.5392156862745098039215686,102,102,208e369c8836bbdc397d,R05,2019-02-25,2019
0.05,NQZ9,opening_hour_rth,7.587301587301587301587301587,564.8809523809523809523809524,126,126,20b398494646053b50cc,R05,2019-11-13,2019
0.05,NQH9,opening_hour_rth,12.59124087591240875912408759,461.6131386861313868613138677,137,137,20cf5035a38da4e63e34,R05,2019-03-08,2019
0.1,NQZ9,opening_hour_rth,6.435028248587570621468926554,466.5819209039548022598870056,177,177,20f3402f9ad14372aeb3,R05,2019-11-01,2019
0.2,NQU9,prior_rth,33.67272727272727272727272727,4259.54545454545454545454546,55,55,20f665cbc14ea782d2a2,R01,2019-09-09,2019
0.2,NQU9,prior_rth,33.67272727272727272727272727,4259.54545454545454545454546,55,55,20f665cbc14ea782d2a2,R02,2019-09-09,2019
0.2,NQU9,opening_hour_rth,6.435294117647058823529411765,811.8941176470588235294117649,85,85,20fc4ab18549270a83e9,R05,2019-07-24,2019
0.2,NQM9,prior_rth,18.55497382198952879581151832,1654.570680628272251308900527,191,191,210686ba71fb37ca5fb0,R01,2019-06-07,2019
0.2,NQM9,prior_rth,18.55497382198952879581151832,1654.570680628272251308900527,191,191,210686ba71fb37ca5fb0,R02,2019-06-07,2019
0.05,NQM9,full_overnight,18.42307692307692307692307692,318.6076923076923076923076921,260,260,210a54b7d6e5e8dd0b8d,R03,2019-05-03,2019
0.2,NQZ9,opening_hour_rth,6.928571428571428571428571429,550.5396825396825396825396821,126,126,2168b7f037aefc2f42c0,R05,2019-11-07,2019
0.2,NQM9,full_overnight,23.05508474576271186440677966,428.7330508474576271186440674,236,236,21a5ed5c9a37e1b3a1e4,R03,2019-04-01,2019
0.2,NQM9,prior_rth,15.78851174934725848563968668,1620.002610966057441253263707,383,383,21c9753464f2c103b330,R01,2019-06-04,2019
0.2,NQM9,prior_rth,15.78851174934725848563968668,1620.002610966057441253263707,383,383,21c9753464f2c103b330,R02,2019-06-04,2019
0.05,NQU9,prior_rth,24.77155172413793103448275862,2330.525862068965517241379309,232,232,21dc9a8ce6ef3c65ef58,R01,2019-08-05,2019
0.05,NQU9,prior_rth,24.77155172413793103448275862,2330.525862068965517241379309,232,232,21dc9a8ce6ef3c65ef58,R02,2019-08-05,2019
0.1,NQM9,opening_hour_rth,9.017094017094017094017094017,845.1196581196581196581196585,117,117,21df1876ccf82144195b,R05,2019-04-03,2019
0.1,NQZ9,prior_rth,16.83529411764705882352941176,901.0617647058823529411764665,340,340,21e84cfc683154c49cfe,R01,2019-10-31,2019
0.1,NQZ9,prior_rth,16.83529411764705882352941176,901.0617647058823529411764665,340,340,21e84cfc683154c49cfe,R02,2019-10-31,2019
0.05,NQH9,prior_rth,14.70149253731343283582089552,909.2865671641791044776119394,335,335,21f89196388324d26cbc,R01,2019-02-28,2019
0.05,NQH9,prior_rth,14.70149253731343283582089552,909.2865671641791044776119394,335,335,21f89196388324d26cbc,R02,2019-02-28,2019
0.05,NQZ9,midnight,14.51050420168067226890756303,225.1218487394957983193277311,476,476,2206a06135c62c2922ed,R04,2019-10-08,2019
0.2,NQM9,midnight,18.47887323943661971830985915,384.5962441314553990610328643,213,213,22115e5ece01a3f0c508,R04,2019-06-07,2019
0.1,NQU9,opening_hour_rth,6.241573033707865168539325843,499.910112359550561797752809,178,178,2233e3110fd873fea200,R05,2019-07-22,2019
0.1,NQZ9,full_overnight,27.32203389830508474576271186,384.6779661016949152542372882,236,236,225479f576f540f3d886,R03,2019-09-26,2019
0.05,NQH9,prior_rth,18.41576086956521739130434783,1058.133152173913043478260869,368,368,227a6dd6d6378647efb5,R01,2019-01-22,2019
0.05,NQH9,prior_rth,18.41576086956521739130434783,1058.133152173913043478260869,368,368,227a6dd6d6378647efb5,R02,2019-01-22,2019
0.1,NQM9,prior_rth,22.17901234567901234567901235,1481.981481481481481481481479,162,162,22b81f16e4c44aaa9260,R01,2019-04-30,2019
0.1,NQM9,prior_rth,22.17901234567901234567901235,1481.981481481481481481481479,162,162,22b81f16e4c44aaa9260,R02,2019-04-30,2019
0.1,NQH0,prior_rth,9.412698412698412698412698413,508.6468253968253968253968302,252,252,22e12fd7e2094f4703ac,R01,2019-12-27,2019
0.1,NQH0,prior_rth,9.412698412698412698412698413,508.6468253968253968253968302,252,252,22e12fd7e2094f4703ac,R02,2019-12-27,2019
0.1,NQH9,prior_rth,15.10200364298724954462659381,843.8961748633879781420765029,549,549,22e62e05cd105b77e92b,R01,2019-01-23,2019
0.1,NQH9,prior_rth,15.10200364298724954462659381,843.8961748633879781420765029,549,549,22e62e05cd105b77e92b,R02,2019-01-23,2019
0.1,NQM9,opening_hour_rth,9.515723270440251572327044025,633.0000000000000000000000006,159,159,22f007c78a43648d5df6,R05,2019-06-12,2019
0.05,NQH9,prior_rth,14.83849557522123893805309735,831.8517699115044247787610617,452,452,2303c662cceefff36d82,R01,2019-01-16,2019
0.05,NQH9,prior_rth,14.83849557522123893805309735,831.8517699115044247787610617,452,452,2303c662cceefff36d82,R02,2019-01-16,2019
0.1,NQM9,prior_rth,17.56692913385826771653543307,829.456692913385826771653543,381,381,2344378a3228385ae619,R01,2019-06-07,2019
0.1,NQM9,prior_rth,17.56692913385826771653543307,829.456692913385826771653543,381,381,2344378a3228385ae619,R02,2019-06-07,2019
0.1,NQM9,opening_hour_rth,9.125,692.2763157894736842105263105,152,152,23562d31ae14b5cea20f,R05,2019-05-03,2019
0.1,NQM9,full_overnight,26.88841201716738197424892704,387.4420600858369098712446354,233,233,236a55a08aad24ee8744,R03,2019-06-12,2019
0.05,NQM9,full_overnight,29.63805970149253731343283582,473.6417910447761194029850757,268,268,23762c3452f0fc385707,R03,2019-05-21,2019
0.1,NQZ9,opening_hour_rth,9.645669291338582677165354331,665.3464566929133858267716539,127,127,237aac572425f3c21331,R05,2019-12-04,2019
0.05,NQH9,prior_rth,13.68456375838926174496644295,905.0436241610738255033557091,298,298,238658c30069c9b368d0,R01,2019-02-13,2019
0.05,NQH9,prior_rth,13.68456375838926174496644295,905.0436241610738255033557091,298,298,238658c30069c9b368d0,R02,2019-02-13,2019
0.1,NQH9,prior_rth,21.40271493212669683257918552,1228.357466063348416289592764,221,221,238aaddcacd92ed12047,R01,2019-02-14,2019
0.1,NQH9,prior_rth,21.40271493212669683257918552,1228.357466063348416289592764,221,221,238aaddcacd92ed12047,R02,2019-02-14,2019
0.1,NQH9,opening_hour_rth,9.911504424778761061946902655,711.6106194690265486725663715,113,113,23b764f1fa425f4c729b,R05,2019-02-22,2019
0.2,NQU9,opening_hour_rth,6.895604395604395604395604396,418.0879120879120879120879125,182,182,23bd75ca6fda55535f2b,R05,2019-06-19,2019
0.2,NQM9,midnight,18.18589743589743589743589744,422.9423076923076923076923076,156,156,23c3a9a7d04a573b1f6c,R04,2019-06-13,2019
0.1,NQU9,opening_hour_rth,10.40594059405940594059405941,736.5742574257425742574257426,101,101,23cbdc4e6bf4114c1b52,R05,2019-07-31,2019
0.05,NQU9,full_overnight,40.79447852760736196319018405,547.4723926380368098159509206,326,326,23f8a219e93eb8271447,R03,2019-08-02,2019
0.05,NQM9,opening_hour_rth,11.35294117647058823529411765,660.7450980392156862745098033,153,153,241dec128511cb72d6d0,R05,2019-05-21,2019
0.05,NQU9,opening_hour_rth,12.36458333333333333333333333,901.3541666666666666666666669,96,96,2447eb1113cb1d94c7a5,R05,2019-07-11,2019
0.05,NQM9,full_overnight,28.82683982683982683982683983,492.6493506493506493506493511,231,231,2462d75c0901af9228f5,R03,2019-03-22,2019
0.05,NQU9,midnight,25.65734265734265734265734266,412.3356643356643356643356642,143,143,249f55470578d4e9295b,R04,2019-07-11,2019
0.1,NQM9,midnight,10.40178571428571428571428571,181.3437499999999999999999994,672,672,24aff396df2719d44899,R04,2019-05-20,2019
0.2,NQM9,opening_hour_rth,4.965635738831615120274914089,513.0996563573883161512027478,291,291,24b89987efb8a231d789,R05,2019-04-25,2019
0.2,NQH9,midnight,19.23952095808383233532934132,322.5449101796407185628742517,167,167,24d250f5299f996b483b,R04,2019-02-19,2019
0.1,NQU9,midnight,12.9856262833675564681724846,245.3634496919917864476386033,487,487,24e2059db76a371cbcb0,R04,2019-08-23,2019
0.05,NQZ9,midnight,17.93220338983050847457627119,283.3008474576271186440677964,236,236,25029f24f0c29ea9b8ea,R04,2019-09-26,2019
0.05,NQU9,opening_hour_rth,7.647798742138364779874213836,549.3459119496855345911949685,159,159,250f285a567d3ac0ebfb,R05,2019-09-09,2019
0.1,NQZ9,prior_rth,14.24358974358974358974358974,842.1004273504273504273504291,468,468,25136e63f58ac17370cf,R01,2019-11-21,2019
0.1,NQZ9,prior_rth,14.24358974358974358974358974,842.1004273504273504273504291,468,468,25136e63f58ac17370cf,R02,2019-11-21,2019
0.05,NQM9,midnight,23.69306930693069306930693069,398.0099009900990099009900984,202,202,251372fc57f3e3776fe4,R04,2019-03-28,2019
0.2,NQU9,full_overnight,44.67777777777777777777777778,999.7777777777777777777777779,90,90,251ba51d69a4f59669ce,R03,2019-06-21,2019
0.1,NQH9,prior_rth,22.46816479400749063670411985,1111.786516853932584269662926,267,267,253ccc1c29f36f021413,R01,2019-02-12,2019
0.1,NQH9,prior_rth,22.46816479400749063670411985,1111.786516853932584269662926,267,267,253ccc1c29f36f021413,R02,2019-02-12,2019
0.1,NQH9,prior_rth,13.30839416058394160583941606,878.7956204379562043795620467,548,548,254ab01bc7f2ae966df1,R01,2019-03-05,2019
0.1,NQH9,prior_rth,13.30839416058394160583941606,878.7956204379562043795620467,548,548,254ab01bc7f2ae966df1,R02,2019-03-05,2019
0.2,NQU9,prior_rth,15.65269461077844311377245509,1588.802395209580838323353293,167,167,255a284acf54c0162855,R01,2019-09-12,2019
0.2,NQU9,prior_rth,15.65269461077844311377245509,1588.802395209580838323353293,167,167,255a284acf54c0162855,R02,2019-09-12,2019
0.2,NQZ9,opening_hour_rth,5.538461538461538461538461538,698.9112426035502958579881645,169,169,257c38ad767221bdd3c9,R05,2019-10-01,2019
0.2,NQZ9,prior_rth,23.8297872340425531914893617,1875.716312056737588652482269,141,141,25b0ee346ae757b5fa11,R01,2019-10-10,2019
0.2,NQZ9,prior_rth,23.8297872340425531914893617,1875.716312056737588652482269,141,141,25b0ee346ae757b5fa11,R02,2019-10-10,2019
0.05,NQZ9,midnight,26.57608695652173913043478261,330.6086956521739130434782603,184,184,25b796c2cb49756d72bc,R04,2019-09-30,2019
0.1,NQU9,opening_hour_rth,7.278947368421052631578947368,490.9105263157894736842105265,190,190,25d770238230e808d456,R05,2019-07-01,2019
0.1,NQZ9,opening_hour_rth,5.931372549019607843137254902,445.8529411764705882352941178,204,204,25ed0124220b965d0dd4,R05,2019-10-11,2019
0.2,NQU9,midnight,19.00257069408740359897172237,269.095115681233933161953729,389,389,25ef00acb7ed5239cd8c,R04,2019-08-27,2019
0.05,NQM9,opening_hour_rth,10.71794871794871794871794872,592.4935897435897435897435901,156,156,25f7e0899a3309121018,R05,2019-06-06,2019
0.1,NQZ9,prior_rth,12.30988593155893536121673004,633.4866920152091254752851736,526,526,25fa083ea937c642a534,R01,2019-09-23,2019
0.1,NQZ9,prior_rth,12.30988593155893536121673004,633.4866920152091254752851736,526,526,25fa083ea937c642a534,R02,2019-09-23,2019
0.05,NQH9,opening_hour_rth,8.486301369863013698630136986,648.897260273972602739726027,146,146,25fd32f0b9887813e225,R05,2019-03-06,2019
0.05,NQH9,midnight,25.82926829268292682926829268,375.1646341463414634146341465,164,164,2649d2190ac51ca4b1b4,R04,2019-02-08,2019
0.1,NQZ9,prior_rth,20.18552036199095022624434389,830.565610859728506787330319,221,221,265d78747cd1c284552c,R01,2019-09-18,2019
0.1,NQZ9,prior_rth,20.18552036199095022624434389,830.565610859728506787330319,221,221,265d78747cd1c284552c,R02,2019-09-18,2019
0.2,NQH0,midnight,15.51219512195121951219512195,314.0813008130081300813008128,123,123,265f7911814ab08531aa,R04,2019-12-23,2019
0.05,NQZ9,midnight,14.90954773869346733668341709,333.2914572864321608040201011,199,199,26613765af84842e21c1,R04,2019-12-02,2019
0.05,NQU9,midnight,28.88165680473372781065088757,396.6568047337278106508875741,169,169,2662ebc665161d3610f7,R04,2019-06-21,2019
0.05,NQU9,midnight,24.54098360655737704918032787,433.6967213114754098360655737,122,122,26714133f81e25e946b6,R04,2019-07-26,2019
0.05,NQU9,full_overnight,41.71098265895953757225433526,633.0924855491329479768786087,173,173,2676c92c7c3afdf5225c,R03,2019-09-06,2019
0.1,NQH9,opening_hour_rth,4.685483870967741935483870968,372.9139784946236559139784954,372,372,268d90589658627d888a,R05,2019-01-15,2019
0.1,NQM9,prior_rth,9.317803660565723793677204659,696.6405990016638935108153063,601,601,268f7d96f98c2ab5fe3b,R01,2019-03-22,2019
0.1,NQM9,prior_rth,9.317803660565723793677204659,696.6405990016638935108153063,601,601,268f7d96f98c2ab5fe3b,R02,2019-03-22,2019
0.2,NQU9,full_overnight,18.32835820895522388059701493,534.6318407960199004975124373,201,201,269a11f13f37096177d6,R03,2019-08-21,2019
0.2,NQU9,opening_hour_rth,12.55357142857142857142857143,2153.160714285714285714285718,56,56,26c48ac8c0e42d9fb691,R05,2019-08-14,2019
0.2,NQH9,opening_hour_rth,14.98113207547169811320754717,1771.471698113207547169811321,53,53,26d260f73766d119994c,R05,2019-01-07,2019
0.2,NQZ9,midnight,14.51050420168067226890756303,225.1218487394957983193277311,476,476,26d3054e10744da9a41c,R04,2019-10-08,2019
0.05,NQZ9,prior_rth,15.59160305343511450381679389,905.9694656488549618320610676,262,262,26e6202c8a627a45d518,R01,2019-11-25,2019
0.05,NQZ9,prior_rth,15.59160305343511450381679389,905.9694656488549618320610676,262,262,26e6202c8a627a45d518,R02,2019-11-25,2019
0.1,NQM9,midnight,21.2654320987654320987654321,352.3765432098765432098765427,162,162,27023171b999c13b1913,R04,2019-03-14,2019
0.05,NQM9,prior_rth,25.61458333333333333333333333,692.8802083333333333333333328,192,192,270976d5a160d0a71b48,R01,2019-06-17,2019
0.05,NQM9,prior_rth,25.61458333333333333333333333,692.8802083333333333333333328,192,192,270976d5a160d0a71b48,R02,2019-06-17,2019
0.1,NQU9,opening_hour_rth,8.41958041958041958041958042,1058.734265734265734265734261,143,143,27181fee585fa576739e,R05,2019-08-06,2019
0.1,NQM9,opening_hour_rth,9.761194029850746268656716418,597.4253731343283582089552241,134,134,2724d4fa136eaccc2b75,R05,2019-03-29,2019
0.1,NQH9,opening_hour_rth,10.83333333333333333333333333,783.2013888888888888888888889,144,144,272d42b507fe1bed410a,R05,2019-02-08,2019
0.05,NQM9,midnight,32.25714285714285714285714286,536.4428571428571428571428552,210,210,277e64be7c8479ffd3f2,R04,2019-05-06,2019
0.1,NQZ9,full_overnight,32.26288659793814432989690722,443.7010309278350515463917528,194,194,27808ad712956ea18eef,R03,2019-10-15,2019
0.05,NQZ9,prior_rth,16.65086206896551724137931034,921.8491379310344827586206875,464,464,2782ab97a5e466a0fcce,R01,2019-12-13,2019
0.05,NQZ9,prior_rth,16.65086206896551724137931034,921.8491379310344827586206875,464,464,2782ab97a5e466a0fcce,R02,2019-12-13,2019
0.1,NQZ9,prior_rth,31.77952755905511811023622047,1832.929133858267716535433074,127,127,27982519c230a42786c7,R01,2019-12-05,2019
0.1,NQZ9,prior_rth,31.77952755905511811023622047,1832.929133858267716535433074,127,127,27982519c230a42786c7,R02,2019-12-05,2019
0.2,NQH9,full_overnight,22.81040892193308550185873606,348.0855018587360594795539034,269,269,279feb44989449835638,R03,2019-02-21,2019
0.1,NQM9,full_overnight,22.32732732732732732732732733,304.8228228228228228228228228,333,333,27cd495db915c39c5951,R03,2019-06-06,2019
0.1,NQU9,midnight,14.13170731707317073170731707,263.3788617886178861788617888,615,615,27e2f9844705c9535bd4,R04,2019-08-07,2019
0.05,NQM9,prior_rth,16.76497695852534562211981567,1059.149769585253456221198154,434,434,281a511c642450da140c,R01,2019-03-21,2019
0.05,NQM9,prior_rth,16.76497695852534562211981567,1059.149769585253456221198154,434,434,281a511c642450da140c,R02,2019-03-21,2019
0.2,NQM9,prior_rth,9.910299003322259136212624585,1390.966777408637873754152827,301,301,282aab9dff75f3b5a7bd,R01,2019-03-22,2019
0.2,NQM9,prior_rth,9.910299003322259136212624585,1390.966777408637873754152827,301,301,282aab9dff75f3b5a7bd,R02,2019-03-22,2019
0.05,NQU9,full_overnight,25.80916030534351145038167939,340.6361323155216284987277356,393,393,28479828402c5874ce83,R03,2019-08-16,2019
0.2,NQH0,prior_rth,9.412698412698412698412698413,508.6468253968253968253968302,252,252,286621fdd9531ef7a9af,R01,2019-12-27,2019
0.2,NQH0,prior_rth,9.412698412698412698412698413,508.6468253968253968253968302,252,252,286621fdd9531ef7a9af,R02,2019-12-27,2019
0.1,NQZ9,prior_rth,17.76630434782608695652173913,1538.135869565217391304347826,184,184,286b37fa7a7e0a32a743,R01,2019-10-07,2019
0.1,NQZ9,prior_rth,17.76630434782608695652173913,1538.135869565217391304347826,184,184,286b37fa7a7e0a32a743,R02,2019-10-07,2019
0.05,NQZ9,prior_rth,17.45783132530120481927710843,1178.55421686746987951807229,166,166,288ac72ad23bc28479e8,R01,2019-12-09,2019
0.05,NQZ9,prior_rth,17.45783132530120481927710843,1178.55421686746987951807229,166,166,288ac72ad23bc28479e8,R02,2019-12-09,2019
0.1,NQM9,full_overnight,33.37288135593220338983050847,657.6525423728813559322033895,118,118,289e2c319b2ca52491b0,R03,2019-04-25,2019
0.2,NQU9,midnight,31.09090909090909090909090909,411.8290909090909090909090902,275,275,28b02472b6d20cf86579,R04,2019-09-03,2019
0.05,NQH0,full_overnight,28.92592592592592592592592593,473.1999999999999999999999997,135,135,28c232626c203b575a47,R03,2019-12-17,2019
0.05,NQM9,prior_rth,24.74184782608695652173913043,1183.86684782608695652173913,368,368,28c52d51dece9af8b30b,R01,2019-05-09,2019
0.05,NQM9,prior_rth,24.74184782608695652173913043,1183.86684782608695652173913,368,368,28c52d51dece9af8b30b,R02,2019-05-09,2019
0.2,NQH9,full_overnight,30.78289473684210526315789474,405.9407894736842105263157893,152,152,28c57b15121a453ea81c,R03,2019-02-06,2019
0.05,NQH9,prior_rth,18.19327731092436974789915966,889.0924369747899159663865557,476,476,28d639f4fb5459528db1,R01,2019-01-09,2019
0.05,NQH9,prior_rth,18.19327731092436974789915966,889.0924369747899159663865557,476,476,28d639f4fb5459528db1,R02,2019-01-09,2019
0.1,NQU9,midnight,25.09677419354838709677419355,283.879032258064516129032258,124,124,2910f3614357def0cf93,R04,2019-06-28,2019
0.05,NQU9,midnight,30.57575757575757575757575758,493.8848484848484848484848482,165,165,296e17ff70f8b5f8b3db,R04,2019-09-06,2019
0.1,NQH9,opening_hour_rth,11.5,579.6102941176470588235294118,136,136,299c0645d401a4eb06fa,R05,2019-01-11,2019
0.2,NQM9,prior_rth,24.63888888888888888888888889,3467.194444444444444444444446,72,72,29a42fd554dd20debefb,R01,2019-04-15,2019
0.2,NQM9,prior_rth,24.63888888888888888888888889,3467.194444444444444444444446,72,72,29a42fd554dd20debefb,R02,2019-04-15,2019
0.05,NQZ9,opening_hour_rth,4.20074349442379182156133829,294.1003717472118959107806692,269,269,29ada2e58dc40486aa1d,R05,2019-10-25,2019
0.2,NQZ9,prior_rth,23.62393162393162393162393162,2017.79487179487179487179487,117,117,29b09126d47dedbf114d,R01,2019-09-24,2019
0.2,NQZ9,prior_rth,23.62393162393162393162393162,2017.79487179487179487179487,117,117,29b09126d47dedbf114d,R02,2019-09-24,2019
0.2,NQM9,opening_hour_rth,11.68831168831168831168831169,1312.909090909090909090909091,77,77,29bcca6c255bf77d9af8,R05,2019-05-21,2019
0.05,NQH9,midnight,12.94752186588921282798833819,204.0962099125364431486880464,343,343,29c28df966c3066b5d54,R04,2019-01-28,2019
0.05,NQH9,full_overnight,28.76284584980237154150197628,342.0434782608695652173913046,253,253,29d2bea5d3314e7dca3a,R03,2019-01-17,2019
0.05,NQZ9,midnight,29.47422680412371134020618557,473.6494845360824742268041236,97,97,2a00c41ee227f902ef24,R04,2019-11-05,2019
0.05,NQH9,full_overnight,22.41402337228714524207011686,252.3539232053422370617696157,599,599,2a14b211b277955ce84e,R03,2019-01-04,2019
0.05,NQU9,opening_hour_rth,6.18452380952380952380952381,410.7797619047619047619047621,168,168,2a3d9dab04b3576e7107,R05,2019-07-24,2019
0.05,NQM9,prior_rth,25.32530120481927710843373494,1238.048192771084337349397593,249,249,2a4005915e5c35712f41,R01,2019-05-31,2019
0.05,NQM9,prior_rth,25.32530120481927710843373494,1238.048192771084337349397593,249,249,2a4005915e5c35712f41,R02,2019-05-31,2019
0.2,NQM9,opening_hour_rth,6.776699029126213592233009709,1015.650485436893203883495144,103,103,2a48297b094ebf1b30ae,R05,2019-05-02,2019
0.1,NQM9,full_overnight,26.31511254019292604501607717,416.4212218649517684887459768,311,311,2a4a3fb6a2e6a8a3007c,R03,2019-05-29,2019
0.2,NQH9,midnight,30.96363636363636363636363636,330.8636363636363636363636364,110,110,2a62b56b4bafe744e9c5,R04,2019-02-04,2019
0.05,NQH9,opening_hour_rth,5.828402366863905325443786982,424.6035502958579881656804733,169,169,2a76ab55f79e863a893b,R05,2019-02-19,2019
0.2,NQM9,full_overnight,18.27157894736842105263157895,296.637894736842105263157896,475,475,2aacf963bf38a3d27b6e,R03,2019-05-23,2019
0.1,NQU9,midnight,30.26446280991735537190082645,370.433884297520661157024793,242,242,2b1226b4230c1b12490e,R04,2019-08-08,2019
0.2,NQU9,full_overnight,24.49342105263157894736842105,329.7763157894736842105263155,304,304,2b15d7c4450664f0cd82,R03,2019-09-10,2019
0.1,NQH9,midnight,27.66336633663366336633663366,433.2772277227722772277227721,101,101,2b231988859a1852e017,R04,2019-03-01,2019
0.1,NQZ9,prior_rth,18.69518716577540106951871658,2267.962566844919786096256687,187,187,2b4cf6070c10b6d45d99,R01,2019-12-04,2019
0.1,NQZ9,prior_rth,18.69518716577540106951871658,2267.962566844919786096256687,187,187,2b4cf6070c10b6d45d99,R02,2019-12-04,2019
0.1,NQM9,midnight,20.46017699115044247787610619,396.4070796460176991150442477,113,113,2b50c485663afdb8b31b,R04,2019-04-23,2019
0.2,NQH9,opening_hour_rth,6.163461538461538461538461538,906.4519230769230769230769221,104,104,2b649a55acbc980d19c3,R05,2019-01-16,2019
0.1,NQM9,midnight,29.25694444444444444444444444,474.6527777777777777777777783,144,144,2b73966e6cacb60d857d,R04,2019-06-12,2019
0.2,NQH0,opening_hour_rth,7.94186046511627906976744186,716.2441860465116279069767448,86,86,2b78a7166cb8ae3a3c14,R05,2019-12-18,2019
0.2,NQH9,opening_hour_rth,9.301204819277108433734939759,1445.518072289156626506024095,83,83,2bd10cc140870ff0576a,R05,2019-02-07,2019
0.05,NQM9,midnight,25.61574074074074074074074074,425.8425925925925925925925925,216,216,2bd4a7b47282eaff9c84,R04,2019-05-14,2019
0.05,NQH9,prior_rth,34.87078651685393258426966292,1556.651685393258426966292136,178,178,2bf345af12d4a8bbf09d,R01,2019-01-14,2019
0.05,NQH9,prior_rth,34.87078651685393258426966292,1556.651685393258426966292136,178,178,2bf345af12d4a8bbf09d,R02,2019-01-14,2019
0.05,NQM9,prior_rth,23.1656804733727810650887574,1510.43195266272189349112426,169,169,2c0a21476f5f9793dac3,R01,2019-04-11,2019
0.05,NQM9,prior_rth,23.1656804733727810650887574,1510.43195266272189349112426,169,169,2c0a21476f5f9793dac3,R02,2019-04-11,2019
0.05,NQH9,midnight,25.83739837398373983739837398,384.9024390243902439024390247,123,123,2c125f06defbb9a84d48,R04,2019-03-05,2019
0.1,NQM9,prior_rth,18.59925093632958801498127341,1378.44569288389513108614232,267,267,2c1554c049813f26a889,R01,2019-05-01,2019
0.1,NQM9,prior_rth,18.59925093632958801498127341,1378.44569288389513108614232,267,267,2c1554c049813f26a889,R02,2019-05-01,2019
0.1,NQM9,opening_hour_rth,7.306451612903225806451612903,890.7204301075268817204301161,186,186,2c18df4a508c63c24fb9,R05,2019-05-13,2019
0.05,NQH0,prior_rth,26.92592592592592592592592593,1612.802469135802469135802468,81,81,2c2456386485e4aab004,R01,2019-12-26,2019
0.05,NQH0,prior_rth,26.92592592592592592592592593,1612.802469135802469135802468,81,81,2c2456386485e4aab004,R02,2019-12-26,2019
0.05,NQZ9,prior_rth,17.70967741935483870967741935,1140.077956989247311827956989,372,372,2c74a41b002a813f3900,R01,2019-12-04,2019
0.05,NQZ9,prior_rth,17.70967741935483870967741935,1140.077956989247311827956989,372,372,2c74a41b002a813f3900,R02,2019-12-04,2019
0.05,NQU9,midnight,24.7251461988304093567251462,385.3099415204678362573099427,342,342,2c7583699d10c1b4eda1,R04,2019-08-05,2019
0.2,NQZ9,prior_rth,13.98235294117647058823529412,1447.370588235294117647058819,340,340,2cbbf7e2d92c7a4e29ed,R01,2019-09-30,2019
0.2,NQZ9,prior_rth,13.98235294117647058823529412,1447.370588235294117647058819,340,340,2cbbf7e2d92c7a4e29ed,R02,2019-09-30,2019
0.2,NQM9,full_overnight,44.52941176470588235294117647,1270.539215686274509803921567,102,102,2ccbb1fa7e3e285093ec,R03,2019-06-03,2019
0.05,NQM9,opening_hour_rth,7.736559139784946236559139785,471.7473118279569892473118276,186,186,2cd4591fb09b4b3b9144,R05,2019-05-28,2019
0.2,NQH9,midnight,37,505.4594594594594594594594595,111,111,2cd53546a1bed09ebe12,R04,2019-01-16,2019
0.1,NQM9,prior_rth,15.19402985074626865671641791,1179.608208955223880597014924,268,268,2cdfe10bb312a0c748fb,R01,2019-03-18,2019
0.1,NQM9,prior_rth,15.19402985074626865671641791,1179.608208955223880597014924,268,268,2cdfe10bb312a0c748fb,R02,2019-03-18,2019
0.2,NQZ9,full_overnight,32.96,477.3800000000000000000000001,150,150,2d5997979a27c8900bf8,R03,2019-11-05,2019
0.05,NQU9,prior_rth,31.03,1984.600000000000000000000002,200,200,2d775885c29f8c6b55af,R01,2019-08-16,2019
0.05,NQU9,prior_rth,31.03,1984.600000000000000000000002,200,200,2d775885c29f8c6b55af,R02,2019-08-16,2019
0.1,NQZ9,midnight,26.90816326530612244897959184,437.7346938775510204081632655,98,98,2d870a7679bc32db9867,R04,2019-11-26,2019
0.2,NQM9,opening_hour_rth,9.493421052631578947368421053,719.3815789473684210526315789,152,152,2d876ba3672df2a6b3a8,R05,2019-04-01,2019
0.1,NQU9,full_overnight,23.86925795053003533568904594,329.409893992932862190812721,283,283,2d877ce283b090792dee,R03,2019-07-01,2019
0.05,NQZ9,opening_hour_rth,10.43333333333333333333333333,778.8333333333333333333333332,90,90,2d9b1a2f169a8db560f0,R05,2019-11-26,2019
0.05,NQZ9,midnight,17.97340425531914893617021277,406.7819148936170212765957446,188,188,2da7c77a4371d9b2715b,R04,2019-12-12,2019
0.2,NQU9,opening_hour_rth,7.734375,1793.187499999999999999999997,64,64,2e2cd749b3432493ffff,R05,2019-08-08,2019
0.05,NQM9,opening_hour_rth,4.52972972972972972972972973,344.6378378378378378378378376,370,370,2e6c74bf616fbbbb539a,R05,2019-05-06,2019
0.1,NQH9,opening_hour_rth,5.473684210526315789473684211,419.5338345864661654135338335,266,266,2e747e59d38b631b6614,R05,2019-02-06,2019
0.1,NQM9,midnight,23.36158192090395480225988701,393.4689265536723163841807914,177,177,2e7d8cd23dbf6c3be6dc,R04,2019-03-27,2019
0.1,NQM9,midnight,38.47297297297297297297297297,783.864864864864864864864865,74,74,2ea0f53e8f3c02f38438,R04,2019-04-03,2019
0.1,NQU9,prior_rth,19.06333333333333333333333333,873.7199999999999999999999997,300,300,2eafdeb9130a30076dc8,R01,2019-06-27,2019
0.1,NQU9,prior_rth,19.06333333333333333333333333,873.7199999999999999999999997,300,300,2eafdeb9130a30076dc8,R02,2019-06-27,2019
0.1,NQU9,full_overnight,16.56790123456790123456790123,288.6913580246913580246913574,486,486,2ed478a77e466768d33a,R03,2019-09-04,2019
0.1,NQU9,prior_rth,22.5959595959595959595959596,1931.737373737373737373737374,198,198,2ee5e6cf6a5a02077626,R01,2019-08-13,2019
0.1,NQU9,prior_rth,22.5959595959595959595959596,1931.737373737373737373737374,198,198,2ee5e6cf6a5a02077626,R02,2019-08-13,2019
0.1,NQM9,midnight,21.8075601374570446735395189,387.6666666666666666666666674,291,291,2ef09d66eb71810a2a91,R04,2019-05-17,2019
0.1,NQZ9,full_overnight,27.18181818181818181818181818,652.2499999999999999999999983,176,176,2ef2e51502abc612348f,R03,2019-10-14,2019
0.05,NQU9,opening_hour_rth,7.114457831325301204819277108,506.7349397590361445783132523,166,166,2f03496903d666494c50,R05,2019-07-18,2019
0.2,NQM9,midnight,23.69306930693069306930693069,398.0099009900990099009900984,202,202,2f12b17ad987d5cfaaef,R04,2019-03-28,2019
0.1,NQZ9,midnight,26.3795180722891566265060241,321.885542168674698795180723,166,166,2f415d5c47b0323874a8,R04,2019-10-01,2019
0.2,NQM9,full_overnight,30.79487179487179487179487179,771.5726495726495726495726499,117,117,2f655b826c3c0f2f0278,R03,2019-06-12,2019
0.2,NQM9,prior_rth,18.63157894736842105263157895,2600.039473684210526315789477,152,152,2f6d7dbc1a7d2a89b9a0,R01,2019-05-15,2019
0.2,NQM9,prior_rth,18.63157894736842105263157895,2600.039473684210526315789477,152,152,2f6d7dbc1a7d2a89b9a0,R02,2019-05-15,2019
0.2,NQH9,full_overnight,51.91489361702127659574468085,2867.489361702127659574468085,47,47,2fa2d48d639384bc28a1,R03,2019-01-03,2019
0.2,NQU9,full_overnight,22.92048929663608562691131498,389.4250764525993883792048924,327,327,2fb95975adaaf09ac7a0,R03,2019-08-30,2019
0.05,NQZ9,midnight,34.87096774193548387096774194,541.2795698924731182795698924,93,93,2fbaa7066a7d48a63466,R04,2019-11-11,2019
0.1,NQU9,opening_hour_rth,11.71296296296296296296296296,633.6296296296296296296296297,108,108,2feccab556dd5cd1626f,R05,2019-06-27,2019
0.1,NQU9,opening_hour_rth,8.33125,490.0374999999999999999999996,160,160,2fee74f85af2c90f3652,R05,2019-09-04,2019
0.1,NQM9,midnight,12.77506112469437652811735941,248.6625916870415647921760381,409,409,3048e44699580ad5c391,R04,2019-05-07,2019
0.05,NQH9,prior_rth,19.7,1141.995833333333333333333333,240,240,30656ae5ac73f139ee2f,R01,2019-02-27,2019
0.05,NQH9,prior_rth,19.7,1141.995833333333333333333333,240,240,30656ae5ac73f139ee2f,R02,2019-02-27,2019
0.2,NQH9,prior_rth,26.48507462686567164179104478,2594.029850746268656716417914,134,134,3081718482b7f51c316b,R01,2019-02-04,2019
0.2,NQH9,prior_rth,26.48507462686567164179104478,2594.029850746268656716417914,134,134,3081718482b7f51c316b,R02,2019-02-04,2019
0.05,NQM9,full_overnight,24.27868852459016393442622951,362.3934426229508196721311464,366,366,30a7ed088f40a1f4bac6,R03,2019-05-16,2019
0.1,NQZ9,prior_rth,16.80769230769230769230769231,845.7472527472527472527472516,182,182,30baa6fc76dfec300368,R01,2019-11-12,2019
0.1,NQZ9,prior_rth,16.80769230769230769230769231,845.7472527472527472527472516,182,182,30baa6fc76dfec300368,R02,2019-11-12,2019
0.2,NQZ9,prior_rth,28.39534883720930232558139535,2168.395348837209302325581393,86,86,30e4ba85b0d8bfc57e81,R01,2019-10-15,2019
0.2,NQZ9,prior_rth,28.39534883720930232558139535,2168.395348837209302325581393,86,86,30e4ba85b0d8bfc57e81,R02,2019-10-15,2019
0.2,NQU9,midnight,33.34444444444444444444444444,405.9777777777777777777777779,90,90,30efd065979961a63294,R04,2019-06-19,2019
0.2,NQM9,midnight,34.8952380952380952380952381,1072.885714285714285714285713,105,105,31034d1b7358b70f414a,R04,2019-05-06,2019
0.2,NQM9,opening_hour_rth,3.619289340101522842639593909,560.5177664974619289340101523,197,197,310e6a826ed10fa6c6ef,R05,2019-05-16,2019
0.1,NQU9,full_overnight,36.84827586206896551724137931,417.4896551724137931034482755,145,145,313ce03fa6712ebb6cb6,R03,2019-07-02,2019
0.1,NQZ9,midnight,27.27972027972027972027972028,379.6363636363636363636363638,143,143,313e87d574d54782e076,R04,2019-11-14,2019
0.2,NQH9,prior_rth,20.53416149068322981366459627,2277.72670807453416149068323,161,161,3160b310ac0d71d51ccd,R01,2019-02-11,2019
0.2,NQH9,prior_rth,20.53416149068322981366459627,2277.72670807453416149068323,161,161,3160b310ac0d71d51ccd,R02,2019-02-11,2019
0.05,NQZ9,full_overnight,30.91044776119402985074626866,461.8208955223880597014925369,134,134,31700fa579b83df22711,R03,2019-10-28,2019
0.1,NQM9,prior_rth,15.32156862745098039215686275,811.0601307189542483660130715,765,765,31847f750e2e5999cf99,R01,2019-06-04,2019
0.1,NQM9,prior_rth,15.32156862745098039215686275,811.0601307189542483660130715,765,765,31847f750e2e5999cf99,R02,2019-06-04,2019
0.1,NQH0,prior_rth,20.15555555555555555555555556,1467.014814814814814814814816,135,135,319c8a693eede8508c53,R01,2019-12-19,2019
0.1,NQH0,prior_rth,20.15555555555555555555555556,1467.014814814814814814814816,135,135,319c8a693eede8508c53,R02,2019-12-19,2019
0.1,NQM9,full_overnight,35.46408839779005524861878453,467.7182320441988950276243093,181,181,31a46a4c48d2598d38f3,R03,2019-05-30,2019
0.2,NQU9,opening_hour_rth,11.87209302325581395348837209,739.1744186046511627906976747,86,86,31a46f2f95a7585240ce,R05,2019-07-02,2019
0.05,NQM9,opening_hour_rth,6.307291666666666666666666667,509.8593750000000000000000001,192,192,31bb8554c9a14fdb956e,R05,2019-04-18,2019
0.1,NQH9,full_overnight,23.77,503.8666666666666666666666643,300,300,31f4550464ec0c60e19c,R03,2019-01-04,2019
0.1,NQH9,prior_rth,19.72026431718061674008810573,844.0837004405286343612334775,454,454,320ab29d8f547b39cee3,R01,2019-01-08,2019
0.1,NQH9,prior_rth,19.72026431718061674008810573,844.0837004405286343612334775,454,454,320ab29d8f547b39cee3,R02,2019-01-08,2019
0.05,NQU9,opening_hour_rth,10.19831223628691983122362869,599.793248945147679324894511,237,237,32278f805a0127cc48d5,R05,2019-08-05,2019
0.1,NQZ9,prior_rth,25.64457831325301204819277108,1358.524096385542168674698792,166,166,322cdb226480fe367b8b,R01,2019-11-06,2019
0.1,NQZ9,prior_rth,25.64457831325301204819277108,1358.524096385542168674698792,166,166,322cdb226480fe367b8b,R02,2019-11-06,2019
0.2,NQH9,opening_hour_rth,5.525974025974025974025974026,903.3506493506493506493506487,154,154,323b35054845bd72b238,R05,2019-03-07,2019
0.1,NQZ9,opening_hour_rth,6.727941176470588235294117647,643.4632352941176470588235293,136,136,323dedd4a1205e2c99d0,R05,2019-11-19,2019
0.05,NQM9,prior_rth,28.85531914893617021276595745,1517.978723404255319148936172,235,235,32466bfed2e5747740f9,R01,2019-06-03,2019
0.05,NQM9,prior_rth,28.85531914893617021276595745,1517.978723404255319148936172,235,235,32466bfed2e5747740f9,R02,2019-06-03,2019
0.1,NQH9,prior_rth,20.10843373493975903614457831,2274.289156626506024096385541,166,166,324eb00e105a13abb84f,R01,2019-02-15,2019
0.1,NQH9,prior_rth,20.10843373493975903614457831,2274.289156626506024096385541,166,166,324eb00e105a13abb84f,R02,2019-02-15,2019
0.2,NQZ9,prior_rth,20.9469696969696969696969697,1987.136363636363636363636366,132,132,326891e2a036be0f1744,R01,2019-09-20,2019
0.2,NQZ9,prior_rth,20.9469696969696969696969697,1987.136363636363636363636366,132,132,326891e2a036be0f1744,R02,2019-09-20,2019
0.2,NQZ9,opening_hour_rth,6.697916666666666666666666667,1211.072916666666666666666666,96,96,326b5d806b19285423f5,R05,2019-10-02,2019
0.2,NQU9,prior_rth,20.24390243902439024390243902,2182.35772357723577235772358,123,123,329cb4d54d4f8dadf699,R01,2019-07-23,2019
0.2,NQU9,prior_rth,20.24390243902439024390243902,2182.35772357723577235772358,123,123,329cb4d54d4f8dadf699,R02,2019-07-23,2019
0.05,NQZ9,opening_hour_rth,6.846153846153846153846153846,408.0622710622710622710622659,273,273,32a6efa312ab665e9662,R05,2019-10-08,2019
0.1,NQZ9,full_overnight,34,422.1204188481675392670157069,191,191,330005836a5c0d3ea467,R03,2019-09-17,2019
0.2,NQU9,opening_hour_rth,6.660714285714285714285714286,949.7857142857142857142857188,112,112,3327da5ad57eaade64b8,R05,2019-09-10,2019
0.1,NQZ9,prior_rth,14.44728434504792332268370607,854.932907348242811501597439,313,313,332f2e973ebfe4eb0011,R01,2019-11-08,2019
0.1,NQZ9,prior_rth,14.44728434504792332268370607,854.932907348242811501597439,313,313,332f2e973ebfe4eb0011,R02,2019-11-08,2019
0.05,NQM9,opening_hour_rth,4.965635738831615120274914089,513.0996563573883161512027478,291,291,3339277c4ac8d3392a2a,R05,2019-04-25,2019
0.1,NQU9,opening_hour_rth,6.237373737373737373737373737,445.7373737373737373737373741,198,198,33431addcade21ef412b,R05,2019-08-19,2019
0.1,NQH9,full_overnight,18.22580645161290322580645161,262.1774193548387096774193546,248,248,3361291acf612f0ec365,R03,2019-03-01,2019
0.1,NQZ9,opening_hour_rth,5.283687943262411347517730496,458.6099290780141843971631208,141,141,33671c62b97c807a1cc8,R05,2019-11-12,2019
0.1,NQU9,opening_hour_rth,10.70469798657718120805369128,594.5838926174496644295302015,149,149,33aa5f1386fa8f4f7cb6,R05,2019-08-27,2019
0.1,NQZ9,prior_rth,22.51245551601423487544483986,941.1957295373665480427046242,281,281,33afbe40bbbed8b707c5,R01,2019-10-10,2019
0.1,NQZ9,prior_rth,22.51245551601423487544483986,941.1957295373665480427046242,281,281,33afbe40bbbed8b707c5,R02,2019-10-10,2019
0.1,NQH9,midnight,29.73584905660377358490566038,416.6132075471698113207547173,106,106,33cf52db2b05f22619f5,R04,2019-02-20,2019
0.05,NQH9,full_overnight,32.4375,481.6328125000000000000000002,128,128,33e00b0cd8a89ea031a4,R03,2019-03-04,2019
0.2,NQM9,midnight,22.32524271844660194174757282,425.2475728155339805825242721,206,206,33fb3355c7b2c84eef96,R04,2019-03-22,2019
0.2,NQH9,opening_hour_rth,10.20212765957446808510638298,752.6808510638297872340425527,94,94,3404effa9bfec0395957,R05,2019-02-20,2019
0.2,NQM9,full_overnight,24.2245614035087719298245614,340.8035087719298245614034958,570,570,340a62e1b639dbc55967,R03,2019-05-06,2019
0.2,NQM9,prior_rth,26.768,2466.192000000000000000000003,125,125,3410c4cf3aace2c2316e,R01,2019-05-31,2019
0.2,NQM9,prior_rth,26.768,2466.192000000000000000000003,125,125,3410c4cf3aace2c2316e,R02,2019-05-31,2019
0.2,NQM9,midnight,23.63013698630136986301369863,772.6780821917808219178082185,146,146,344799e7e3d0952b21c9,R04,2019-05-17,2019
0.2,NQH9,full_overnight,29.67391304347826086956521739,601.3478260869565217391304347,92,92,346530c7903dcb45077e,R03,2019-02-05,2019
0.05,NQM9,full_overnight,21.53413654618473895582329317,395.2329317269076305220883531,249,249,346c603e07d7161860a5,R03,2019-04-26,2019
0.2,NQZ9,opening_hour_rth,3.928571428571428571428571429,351.2040816326530612244897961,196,196,3471519749d7aa31bea3,R05,2019-11-25,2019
0.05,NQH9,midnight,36.67295597484276729559748428,417.8490566037735849056603771,159,159,34adf59b2f160671ac20,R04,2019-01-09,2019
0.1,NQM9,prior_rth,18.25480769230769230769230769,1397.355769230769230769230767,208,208,34b37e74ab80680df357,R01,2019-04-22,2019
0.1,NQM9,prior_rth,18.25480769230769230769230769,1397.355769230769230769230767,208,208,34b37e74ab80680df357,R02,2019-04-22,2019
0.2,NQM9,opening_hour_rth,9.511627906976744186046511628,1653.825581395348837209302319,86,86,34e67b76292ad5cf6106,R05,2019-05-20,2019
0.1,NQZ9,midnight,17.96226415094339622641509434,338.6226415094339622641509436,159,159,34ee9c0bca23aefcc2bd,R04,2019-11-19,2019
0.1,NQZ9,midnight,17.93220338983050847457627119,283.3008474576271186440677964,236,236,353ab45b19ce41cffcaf,R04,2019-09-26,2019
0.2,NQH9,opening_hour_rth,8.964285714285714285714285714,716.8392857142857142857142859,112,112,353ca2e75aea51269f06,R05,2019-03-04,2019
0.1,NQH0,full_overnight,28.92592592592592592592592593,473.1999999999999999999999997,135,135,3548f32e2cba61b185ce,R03,2019-12-17,2019
0.05,NQH9,opening_hour_rth,8.239766081871345029239766082,517.040935672514619883040936,171,171,354bf494f3c0e2c2fde7,R05,2019-01-23,2019
0.1,NQM9,midnight,21.65909090909090909090909091,345.9636363636363636363636363,220,220,3553a975ef24c6339759,R04,2019-06-06,2019
0.2,NQU9,midnight,32.78888888888888888888888889,489.9888888888888888888888888,90,90,3554e79d13615ba05791,R04,2019-07-12,2019
0.2,NQU9,prior_rth,11.30541012216404886561954625,581.460732984293193717277488,573,573,35754c510089a4097326,R01,2019-06-26,2019
0.2,NQU9,prior_rth,11.30541012216404886561954625,581.460732984293193717277488,573,573,35754c510089a4097326,R02,2019-06-26,2019
0.1,NQU9,opening_hour_rth,7.296928327645051194539249147,407.8430034129692832764505119,293,293,358146c9fbf9785840ae,R05,2019-09-12,2019
0.1,NQM9,full_overnight,21.02606635071090047393364929,333.5450236966824644549763036,422,422,35948f1e90545a84f047,R03,2019-05-17,2019
0.1,NQZ9,full_overnight,30.9375,436.6406250000000000000000002,192,192,35be46e85c962eadd005,R03,2019-11-14,2019
0.1,NQZ9,midnight,26.81690140845070422535211268,536.0000000000000000000000002,142,142,35cab3b0b261d4597c85,R04,2019-11-20,2019
0.05,NQM9,full_overnight,26.88841201716738197424892704,387.4420600858369098712446354,233,233,35ea862c556e0ef0e2cb,R03,2019-06-12,2019
0.05,NQH9,opening_hour_rth,6.642512077294685990338164251,427.5942028985507246376811596,207,207,3604529064056d513810,R05,2019-01-17,2019
0.2,NQM9,opening_hour_rth,9.540816326530612244897959184,1143.244897959183673469387754,98,98,362050abb67f520312a2,R05,2019-06-11,2019
0.05,NQZ9,midnight,14.85185185185185185185185185,280.2222222222222222222222222,189,189,3649e64c41b4db3253c6,R04,2019-11-04,2019
0.2,NQH9,full_overnight,27.58333333333333333333333333,377.1973684210526315789473685,228,228,367e3f310ae763fb3fb4,R03,2019-01-22,2019
0.1,NQZ9,midnight,23.59006211180124223602484472,358.5341614906832298136645963,161,161,36a86407f2200b3b2667,R04,2019-10-18,2019
0.2,NQM9,prior_rth,16.23287671232876712328767123,1646.831050228310502283105022,219,219,36c04f9827b30baa5012,R01,2019-06-11,2019
0.2,NQM9,prior_rth,16.23287671232876712328767123,1646.831050228310502283105022,219,219,36c04f9827b30baa5012,R02,2019-06-11,2019
0.1,NQM9,midnight,29.43548387096774193548387097,476.0322580645161290322580647,62,62,36d243bdeb97a21e4a02,R04,2019-04-15,2019
0.05,NQM9,prior_rth,12.4084745762711864406779661,715.7881355932203389830508473,590,590,36e35a7e8d158e440558,R01,2019-06-05,2019
0.05,NQM9,prior_rth,12.4084745762711864406779661,715.7881355932203389830508473,590,590,36e35a7e8d158e440558,R02,2019-06-05,2019
0.1,NQU9,midnight,16.34730538922155688622754491,254.8622754491017964071856289,167,167,370441d3c0051fd72d2b,R04,2019-07-23,2019
0.1,NQZ9,opening_hour_rth,6.928571428571428571428571429,550.5396825396825396825396821,126,126,3725038cf2acf6247096,R05,2019-11-07,2019
0.2,NQM9,full_overnight,15.58287292817679558011049724,435.6408839779005524861878456,362,362,374625ef3ffa31a85462,R03,2019-05-20,2019
0.05,NQM9,prior_rth,16.33568904593639575971731449,1332.448763250883392226148412,283,283,3785c166f1d63112bae5,R01,2019-04-04,2019
0.05,NQM9,prior_rth,16.33568904593639575971731449,1332.448763250883392226148412,283,283,3785c166f1d63112bae5,R02,2019-04-04,2019
0.2,NQZ9,midnight,34.61363636363636363636363636,539.8863636363636363636363635,132,132,3793344c841c975159e1,R04,2019-10-16,2019
0.1,NQH9,prior_rth,24.53469387755102040816326531,1404.653061224489795918367349,245,245,37a09cc1700206f0734e,R01,2019-01-17,2019
0.1,NQH9,prior_rth,24.53469387755102040816326531,1404.653061224489795918367349,245,245,37a09cc1700206f0734e,R02,2019-01-17,2019
0.2,NQH9,opening_hour_rth,11.89705882352941176470588235,1159.220588235294117647058823,68,68,37cd02b8801332de84ca,R05,2019-01-11,2019
0.2,NQU9,prior_rth,17.76348547717842323651452282,2529.485477178423236514522822,241,241,380be4d0c8e37a2cbd91,R01,2019-08-06,2019
0.2,NQU9,prior_rth,17.76348547717842323651452282,2529.485477178423236514522822,241,241,380be4d0c8e37a2cbd91,R02,2019-08-06,2019
0.1,NQU9,opening_hour_rth,3.945454545454545454545454545,328.2333333333333333333333324,330,330,3819ef1f59f780a17b5f,R05,2019-09-05,2019
0.2,NQU9,midnight,36.81111111111111111111111111,617.5333333333333333333333329,90,90,38379d91c8a3d394e5f2,R04,2019-07-31,2019
0.05,NQU9,midnight,12.9856262833675564681724846,245.3634496919917864476386033,487,487,384dfe8a53ed10ac04fb,R04,2019-08-23,2019
0.05,NQZ9,midnight,26.90816326530612244897959184,437.7346938775510204081632655,98,98,3854976f6fbaaa16d310,R04,2019-11-26,2019
0.05,NQU9,midnight,31.09090909090909090909090909,411.8290909090909090909090902,275,275,385fe5482b1ccfb23c25,R04,2019-09-03,2019
0.05,NQZ9,opening_hour_rth,7.856209150326797385620915033,442.9673202614379084967320263,153,153,387fffbb0402fc2c95e6,R05,2019-10-14,2019
0.1,NQH9,full_overnight,30.12883435582822085889570552,471.558282208588957055214724,163,163,389f6bf2665af07c9813,R03,2019-03-07,2019
0.2,NQM9,prior_rth,25.07518796992481203007518797,4391.43609022556390977443609,133,133,38a93ce1041211328f24,R01,2019-05-14,2019
0.2,NQM9,prior_rth,25.07518796992481203007518797,4391.43609022556390977443609,133,133,38a93ce1041211328f24,R02,2019-05-14,2019
0.1,NQZ9,prior_rth,10.37642585551330798479087452,738.6425855513307984790874502,263,263,38dfba7a4a7d4991dcbc,R01,2019-11-26,2019
0.1,NQZ9,prior_rth,10.37642585551330798479087452,738.6425855513307984790874502,263,263,38dfba7a4a7d4991dcbc,R02,2019-11-26,2019
0.1,NQU9,opening_hour_rth,9.90243902439024390243902439,1039.695121951219512195121951,82,82,38eeeacb6ce39103413b,R05,2019-08-20,2019
0.05,NQZ9,opening_hour_rth,5.517857142857142857142857143,365.3303571428571428571428567,224,224,38fd5b384d15ed070e1f,R05,2019-12-10,2019
0.2,NQZ9,opening_hour_rth,12.28888888888888888888888889,1652.333333333333333333333333,45,45,391fea26ab1c0ec01e6b,R05,2019-11-20,2019
0.05,NQU9,midnight,14.44918032786885245901639344,272.8065573770491803278688524,305,305,3942ffa41af0373b8ef2,R04,2019-06-26,2019
0.2,NQU9,midnight,30.57575757575757575757575758,493.8848484848484848484848482,165,165,3989421df57070a21819,R04,2019-09-06,2019
0.1,NQZ9,midnight,23.17197452229299363057324841,418.8726114649681528662420384,157,157,3990dcab23c522b64fbd,R04,2019-12-11,2019
0.1,NQH0,full_overnight,41.11627906976744186046511628,722.3255813953488372093023255,86,86,39bda778a0467c148341,R03,2019-12-19,2019
0.05,NQZ9,opening_hour_rth,10.28571428571428571428571429,523.2032967032967032967032964,182,182,39d3fb6b2b6abbcbf10f,R05,2019-10-04,2019
0.1,NQU9,full_overnight,27.375,774.6381578947368421052631579,152,152,39ffd5bd4a83a9ab73e5,R03,2019-08-01,2019
0.05,NQZ9,prior_rth,19.48943661971830985915492958,810.5105633802816901408450683,284,284,3a0918137c3feac31097,R01,2019-10-01,2019
0.05,NQZ9,prior_rth,19.48943661971830985915492958,810.5105633802816901408450683,284,284,3a0918137c3feac31097,R02,2019-10-01,2019
0.05,NQZ9,midnight,9.786516853932584269662921348,244.8558052434456928838951316,534,534,3a382ab85d2203b822a8,R04,2019-12-03,2019
0.1,NQZ9,prior_rth,24.22962962962962962962962963,1474.474074074074074074074073,135,135,3a4a50c6821c92bc4403,R01,2019-11-27,2019
0.1,NQZ9,prior_rth,24.22962962962962962962962963,1474.474074074074074074074073,135,135,3a4a50c6821c92bc4403,R02,2019-11-27,2019
0.05,NQZ9,midnight,26.07,417.3500000000000000000000003,100,100,3a5c86f3fd6fce38daf0,R04,2019-11-06,2019
0.2,NQM9,opening_hour_rth,10.72,1413.52,75,75,3a7b0b4ea4223bc0f4c6,R05,2019-05-31,2019
0.2,NQU9,midnight,28,1155.929824561403508771929825,114,114,3a857a06085bde3c0e1f,R04,2019-08-05,2019
0.1,NQU9,full_overnight,34.61650485436893203883495146,557.5582524271844660194174786,206,206,3a9deac52486037f1d18,R03,2019-08-20,2019
0.2,NQU9,opening_hour_rth,8.736111111111111111111111111,2102.763888888888888888888893,72,72,3ab3b4b43fcfd81e8c74,R05,2019-08-06,2019
0.1,NQZ9,prior_rth,10.7175,616.8175000000000000000000012,400,400,3ab4b6d7707a47f43df0,R01,2019-10-16,2019
0.1,NQZ9,prior_rth,10.7175,616.8175000000000000000000012,400,400,3ab4b6d7707a47f43df0,R02,2019-10-16,2019
0.05,NQH9,prior_rth,14.24838012958963282937365011,777.7170626349892008639308911,463,463,3aded5ea06665b89e1dc,R01,2019-01-18,2019
0.05,NQH9,prior_rth,14.24838012958963282937365011,777.7170626349892008639308911,463,463,3aded5ea06665b89e1dc,R02,2019-01-18,2019
0.05,NQU9,midnight,21.05263157894736842105263158,301.7894736842105263157894739,114,114,3ae656cac7c26b61b362,R04,2019-07-29,2019
0.2,NQH9,full_overnight,32.66891891891891891891891892,667.6891891891891891891891893,148,148,3b01d3cc90de35ace011,R03,2019-01-08,2019
0.2,NQU9,prior_rth,12.35463258785942492012779553,1557.840255591054313099041531,313,313,3b1d3f5d2f57b1bc2f50,R01,2019-08-14,2019
0.2,NQU9,prior_rth,12.35463258785942492012779553,1557.840255591054313099041531,313,313,3b1d3f5d2f57b1bc2f50,R02,2019-08-14,2019
0.05,NQZ9,full_overnight,13.91760299625468164794007491,324.6273408239700374531835202,534,534,3b2bdc82ea007c025c16,R03,2019-12-03,2019
0.1,NQM9,midnight,16.24285714285714285714285714,284.0071428571428571428571427,140,140,3b4cdfb0989e172d9c17,R04,2019-03-19,2019
0.05,NQH9,prior_rth,22.12554112554112554112554113,1234.549783549783549783549785,231,231,3bafcf86b80a7b5f282d,R01,2019-03-06,2019
0.05,NQH9,prior_rth,22.12554112554112554112554113,1234.549783549783549783549785,231,231,3bafcf86b80a7b5f282d,R02,2019-03-06,2019
0.2,NQM9,prior_rth,16.73643410852713178294573643,1871.480620155038759689922479,258,258,3bb53e33a71cf4de6eca,R01,2019-03-28,2019
0.2,NQM9,prior_rth,16.73643410852713178294573643,1871.480620155038759689922479,258,258,3bb53e33a71cf4de6eca,R02,2019-03-28,2019
0.05,NQH9,full_overnight,27.11157024793388429752066116,345.6611570247933884297520663,242,242,3bcb3e64fa4a53c882b6,R03,2019-02-08,2019
0.1,NQH9,opening_hour_rth,8.539393939393939393939393939,561.7636363636363636363636368,165,165,3bcb8b6ab32943def87d,R05,2019-02-13,2019
0.05,NQU9,prior_rth,19.85192697768762677484787018,936.799188640973630831642999,493,493,3bd1c1641091dca2051a,R01,2019-08-12,2019
0.05,NQU9,prior_rth,19.85192697768762677484787018,936.799188640973630831642999,493,493,3bd1c1641091dca2051a,R02,2019-08-12,2019
0.2,NQH0,midnight,17.45588235294117647058823529,354.1617647058823529411764707,136,136,3be94d2d5ac9b06ca988,R04,2019-12-30,2019
0.05,NQM9,prior_rth,16.79439252336448598130841121,1038.70560747663551401869159,428,428,3c0d10b8042054c0fd9f,R01,2019-03-27,2019
0.05,NQM9,prior_rth,16.79439252336448598130841121,1038.70560747663551401869159,428,428,3c0d10b8042054c0fd9f,R02,2019-03-27,2019
0.05,NQZ9,prior_rth,18.03937007874015748031496063,847.6194225721784776902887142,381,381,3c0e412318d776a74813,R01,2019-10-11,2019
0.05,NQZ9,prior_rth,18.03937007874015748031496063,847.6194225721784776902887142,381,381,3c0e412318d776a74813,R02,2019-10-11,2019
0.05,NQM9,prior_rth,22.17901234567901234567901235,1481.981481481481481481481479,162,162,3c88b4064cb9db64e1c6,R01,2019-04-30,2019
0.05,NQM9,prior_rth,22.17901234567901234567901235,1481.981481481481481481481479,162,162,3c88b4064cb9db64e1c6,R02,2019-04-30,2019
0.05,NQM9,midnight,27.9222797927461139896373057,483.0777202072538860103626945,193,193,3c96472ac1867960ac10,R04,2019-05-29,2019
0.1,NQZ9,full_overnight,15.97966101694915254237288136,317.2271186440677966101694916,295,295,3c9b2ffe0a1f7f72c404,R03,2019-12-06,2019
0.2,NQZ9,opening_hour_rth,7.453125,1096.75,64,64,3c9eb8302bf021b948f5,R05,2019-12-13,2019
0.05,NQZ9,full_overnight,27.96376811594202898550724638,420.8913043478260869565217386,138,138,3cb837bde2454bb25fab,R03,2019-12-09,2019
0.1,NQZ9,opening_hour_rth,7.734693877551020408163265306,471.9795918367346938775510204,147,147,3cea1a644e86a427b430,R05,2019-10-18,2019
0.2,NQH9,prior_rth,23.89552238805970149253731343,2215.276119402985074626865672,134,134,3d053ec90d21b4288ee6,R01,2019-02-12,2019
0.2,NQH9,prior_rth,23.89552238805970149253731343,2215.276119402985074626865672,134,134,3d053ec90d21b4288ee6,R02,2019-02-12,2019
0.1,NQH9,full_overnight,42.07070707070707070707070707,999.1313131313131313131313134,99,99,3d0a5747a28dc3c4d2a9,R03,2019-02-01,2019
0.1,NQZ9,full_overnight,22.21105527638190954773869347,446.0854271356783919597989953,199,199,3d2135e943b37a9567e4,R03,2019-12-02,2019
0.2,NQZ9,full_overnight,27.2265625,873.4687500000000000000000016,128,128,3d322ed7010eff1ba67f,R03,2019-10-11,2019
0.05,NQH9,opening_hour_rth,8.111111111111111111111111111,616.2415458937198067632850261,207,207,3d3e9bf0ea4f5a363b02,R05,2019-01-28,2019
0.1,NQU9,prior_rth,11.79742765273311897106109325,1251.234726688102893890675241,311,311,3d86a3cd6dfec296f868,R01,2019-08-09,2019
0.1,NQU9,prior_rth,11.79742765273311897106109325,1251.234726688102893890675241,311,311,3d86a3cd6dfec296f868,R02,2019-08-09,2019
0.2,NQU9,full_overnight,32.16556291390728476821192053,794.1192052980132450331125834,151,151,3db198620601136f7dde,R03,2019-09-12,2019
0.1,NQU9,full_overnight,22.92048929663608562691131498,389.4250764525993883792048924,327,327,3db53b75bccbaa84e98f,R03,2019-08-30,2019
0.1,NQH9,prior_rth,24.77297297297297297297297297,1532.6,185,185,3dc3dc3dea99c377030f,R01,2019-03-01,2019
0.1,NQH9,prior_rth,24.77297297297297297297297297,1532.6,185,185,3dc3dc3dea99c377030f,R02,2019-03-01,2019
0.05,NQH0,midnight,22.304,393.864,125,125,3dd8ff8276c7b217bceb,R04,2019-12-17,2019
0.1,NQZ9,midnight,34.61363636363636363636363636,539.8863636363636363636363635,132,132,3df2cf16452275a7b4fd,R04,2019-10-16,2019
0.05,NQM9,prior_rth,18.39071038251366120218579235,924.4316939890710382513661219,366,366,3e012cd8aa09a0cbb352,R01,2019-05-29,2019
0.05,NQM9,prior_rth,18.39071038251366120218579235,924.4316939890710382513661219,366,366,3e012cd8aa09a0cbb352,R02,2019-05-29,2019
0.05,NQU9,full_overnight,20.36391437308868501529051988,319.0642201834862385321100924,327,327,3e0b6158bce1041aa04d,R03,2019-06-26,2019
0.1,NQH9,full_overnight,22.81040892193308550185873606,348.0855018587360594795539034,269,269,3e1f5d70dc374c79e948,R03,2019-02-21,2019
0.1,NQZ9,midnight,26.8627450980392156862745098,449.8954248366013071895424839,153,153,3e4ac0f0d4e8842c39ea,R04,2019-10-23,2019
0.1,NQU9,full_overnight,16.21751824817518248175182482,275.1737226277372262773722635,685,685,3e4c28ec586877388458,R03,2019-08-14,2019
0.05,NQU9,opening_hour_rth,6.237373737373737373737373737,445.7373737373737373737373741,198,198,3e544d1390607d1589f2,R05,2019-08-19,2019
0.05,NQZ9,midnight,36.41269841269841269841269841,570.9841269841269841269841267,63,63,3e6427c989d2760e6bd5,R04,2019-12-09,2019
0.1,NQH9,opening_hour_rth,5.828402366863905325443786982,424.6035502958579881656804733,169,169,3e98df4272368ef30b7f,R05,2019-02-19,2019
0.05,NQM9,midnight,18.52864583333333333333333333,347.9739583333333333333333372,384,384,3ef2e98f0875e3d7ff14,R04,2019-05-08,2019
0.1,NQH0,midnight,21.10309278350515463917525773,372.5773195876288659793814433,97,97,3f05ac20d1a699ec352d,R04,2019-12-18,2019
0.1,NQZ9,prior_rth,20.0897959183673469387755102,1125.061224489795918367346938,245,245,3f132ce3d78369e56f61,R01,2019-10-25,2019
0.1,NQZ9,prior_rth,20.0897959183673469387755102,1125.061224489795918367346938,245,245,3f132ce3d78369e56f61,R02,2019-10-25,2019
0.1,NQU9,prior_rth,29.60655737704918032786885246,752.606557377049180327868853,183,183,3f6a488b8d10cf96ae8d,R01,2019-09-16,2019
0.1,NQU9,prior_rth,29.60655737704918032786885246,752.606557377049180327868853,183,183,3f6a488b8d10cf96ae8d,R02,2019-09-16,2019
0.05,NQZ9,prior_rth,20.80250783699059561128526646,500.5423197492163009404388699,319,319,3f868801233b816318b5,R01,2019-12-16,2019
0.05,NQZ9,prior_rth,20.80250783699059561128526646,500.5423197492163009404388699,319,319,3f868801233b816318b5,R02,2019-12-16,2019
0.2,NQU9,prior_rth,20.41085271317829457364341085,2128.14728682170542635658915,129,129,3f872b5d0f2105a816eb,R01,2019-07-31,2019
0.2,NQU9,prior_rth,20.41085271317829457364341085,2128.14728682170542635658915,129,129,3f872b5d0f2105a816eb,R02,2019-07-31,2019
0.05,NQU9,midnight,27.69148936170212765957446809,387.952127659574468085106383,188,188,3fa2993966d4ac30bc21,R04,2019-09-10,2019
0.05,NQH9,prior_rth,19.40498442367601246105919003,1142.411214953271028037383183,321,321,3fa5758b54b3e0016cf5,R01,2019-02-11,2019
0.05,NQH9,prior_rth,19.40498442367601246105919003,1142.411214953271028037383183,321,321,3fa5758b54b3e0016cf5,R02,2019-02-11,2019
0.05,NQM9,midnight,12.92622950819672131147540984,244.4221311475409836065573773,488,488,3fa618e906fa1a6bcc07,R04,2019-05-13,2019
0.2,NQZ9,midnight,16.64965986394557823129251701,316.8537414965986394557823126,294,294,3fb0264b6207856c8e44,R04,2019-09-25,2019
0.2,NQU9,opening_hour_rth,9.6125,623.9499999999999999999999998,80,80,3fbe09500baa38988bc5,R05,2019-07-16,2019
0.2,NQM9,opening_hour_rth,6.964912280701754385964912281,1298.429824561403508771929825,114,114,3fe1c5f4567725933149,R05,2019-05-09,2019
0.2,NQZ9,full_overnight,26.81052631578947368421052632,499.6368421052631578947368425,190,190,401a930797962966f682,R03,2019-11-22,2019
0.2,NQM9,opening_hour_rth,9.96202531645569620253164557,1141.873417721518987341772152,79,79,401f9728d1778693197c,R05,2019-05-24,2019
0.1,NQU9,prior_rth,14.45547945205479452054794521,835.5205479452054794520547973,292,292,4024015c16494c5dd670,R01,2019-07-30,2019
0.1,NQU9,prior_rth,14.45547945205479452054794521,835.5205479452054794520547973,292,292,4024015c16494c5dd670,R02,2019-07-30,2019
0.2,NQU9,midnight,16.34730538922155688622754491,254.8622754491017964071856289,167,167,404428cf59202b905535,R04,2019-07-23,2019
0.2,NQH9,prior_rth,23.21705426356589147286821705,2548.620155038759689922480619,129,129,408beffcbfea332346c7,R01,2019-02-22,2019
0.2,NQH9,prior_rth,23.21705426356589147286821705,2548.620155038759689922480619,129,129,408beffcbfea332346c7,R02,2019-02-22,2019
0.1,NQZ9,prior_rth,10.36748329621380846325167038,605.7104677060133630289532312,449,449,40ab831641a80402dbbf,R01,2019-10-28,2019
0.1,NQZ9,prior_rth,10.36748329621380846325167038,605.7104677060133630289532312,449,449,40ab831641a80402dbbf,R02,2019-10-28,2019
0.1,NQH9,prior_rth,25.06716417910447761194029851,1297.014925373134328358208954,268,268,40daba95f589b6b1688a,R01,2019-02-04,2019
0.1,NQH9,prior_rth,25.06716417910447761194029851,1297.014925373134328358208954,268,268,40daba95f589b6b1688a,R02,2019-02-04,2019
0.05,NQU9,midnight,27.23913043478260869565217391,405.5869565217391304347826084,138,138,40de8da391fffa14f12c,R04,2019-07-09,2019
0.05,NQH9,opening_hour_rth,10.83333333333333333333333333,783.2013888888888888888888889,144,144,4103e71b9c5be01f224b,R05,2019-02-08,2019
0.05,NQH9,full_overnight,29.71864406779661016949152542,334.9762711864406779661016948,295,295,410891397338d966013d,R03,2019-01-08,2019
0.1,NQZ9,full_overnight,15.41886792452830188679245283,249.6792452830188679245283018,265,265,4114c12bf1f6dc1a25b6,R03,2019-11-04,2019
0.1,NQU9,full_overnight,16.12718204488778054862842893,267.9825436408977556109725691,401,401,41168f68918ac21d0ed0,R03,2019-08-21,2019
0.1,NQM9,midnight,23.01960784313725490196078431,363.3823529411764705882352939,102,102,412eb2da1aee5fc0fdd7,R04,2019-03-18,2019
0.05,NQH0,opening_hour_rth,5.305555555555555555555555556,304.8796296296296296296296297,108,108,41661c016b137f9527d9,R05,2019-12-26,2019
0.1,NQZ9,prior_rth,19.66346153846153846153846154,1400.663461538461538461538462,208,208,419627771bc6dd05558c,R01,2019-11-20,2019
0.1,NQZ9,prior_rth,19.66346153846153846153846154,1400.663461538461538461538462,208,208,419627771bc6dd05558c,R02,2019-11-20,2019
0.05,NQU9,midnight,22.78877887788778877887788779,408.1782178217821782178217832,303,303,41b95044d441cab53d2b,R04,2019-08-28,2019
0.05,NQU9,prior_rth,18.27188940092165898617511521,1041.299539170506912442396313,217,217,41e957ac2fbdc6f56192,R01,2019-07-18,2019
0.05,NQU9,prior_rth,18.27188940092165898617511521,1041.299539170506912442396313,217,217,41e957ac2fbdc6f56192,R02,2019-07-18,2019
0.2,NQH9,prior_rth,12.94117647058823529411764706,2332.669683257918552036199098,221,221,42233af127820540712b,R01,2019-01-07,2019
0.2,NQH9,prior_rth,12.94117647058823529411764706,2332.669683257918552036199098,221,221,42233af127820540712b,R02,2019-01-07,2019
0.2,NQU9,prior_rth,12.16842105263157894736842105,2028.336842105263157894736841,285,285,4233d4864d8de5e955eb,R01,2019-08-26,2019
0.2,NQU9,prior_rth,12.16842105263157894736842105,2028.336842105263157894736841,285,285,4233d4864d8de5e955eb,R02,2019-08-26,2019
0.1,NQM9,prior_rth,18.09090909090909090909090909,1315.774891774891774891774893,231,231,42395e9dfab638a50495,R01,2019-03-19,2019
0.1,NQM9,prior_rth,18.09090909090909090909090909,1315.774891774891774891774893,231,231,42395e9dfab638a50495,R02,2019-03-19,2019
0.05,NQZ9,midnight,16.20505617977528089887640449,240.483146067415730337078652,356,356,42615e32f09dbb8bc112,R04,2019-10-02,2019
0.1,NQM9,midnight,22.32524271844660194174757282,425.2475728155339805825242721,206,206,427777b49c240a495483,R04,2019-03-22,2019
0.1,NQM9,midnight,19.16883116883116883116883117,345.688311688311688311688312,308,308,42829c92936cbddc6859,R04,2019-05-31,2019
0.2,NQM9,opening_hour_rth,7.185897435897435897435897436,930.0769230769230769230769314,156,156,4285a64acbfade4988b2,R05,2019-03-25,2019
0.1,NQZ9,midnight,17.96296296296296296296296296,241.8032407407407407407407414,432,432,428cea2de20e7a4be43b,R04,2019-10-09,2019
0.2,NQU9,prior_rth,10.64056939501779359430604982,534.7319098457888493475682074,843,843,4298d54e9b7126e52a0c,R01,2019-08-01,2019
0.2,NQU9,prior_rth,10.64056939501779359430604982,534.7319098457888493475682074,843,843,4298d54e9b7126e52a0c,R02,2019-08-01,2019
0.05,NQH9,prior_rth,11.93035714285714285714285714,727.4696428571428571428571432,560,560,42a1d6f38006b8dbb9cf,R01,2019-01-31,2019
0.05,NQH9,prior_rth,11.93035714285714285714285714,727.4696428571428571428571432,560,560,42a1d6f38006b8dbb9cf,R02,2019-01-31,2019
0.05,NQH9,opening_hour_rth,5.386892177589852008456659619,313.1966173361522198731501072,473,473,42ae4f2988eaec059b10,R05,2019-01-03,2019
0.1,NQU9,midnight,17.72509960159362549800796813,342.7888446215139442231075697,251,251,42b7582e6b62bdbacd40,R04,2019-08-21,2019
0.05,NQZ9,prior_rth,17.54527559055118110236220472,891.7322834645669291338582685,508,508,42bc84d7636a3bbe7729,R01,2019-10-03,2019
0.05,NQZ9,prior_rth,17.54527559055118110236220472,891.7322834645669291338582685,508,508,42bc84d7636a3bbe7729,R02,2019-10-03,2019
0.05,NQZ9,prior_rth,14.23936170212765957446808511,909.5372340425531914893617021,188,188,42d62a9abbdc1879a908,R01,2019-12-02,2019
0.05,NQZ9,prior_rth,14.23936170212765957446808511,909.5372340425531914893617021,188,188,42d62a9abbdc1879a908,R02,2019-12-02,2019
0.2,NQZ9,opening_hour_rth,8.350877192982456140350877193,1318.771929824561403508771931,57,57,42d6f66d5c5faf04ea3d,R05,2019-11-15,2019
0.1,NQH9,prior_rth,15.60752688172043010752688172,890.3548387096774193548387091,372,372,42f4b12958d6e04c1afd,R01,2019-01-30,2019
0.1,NQH9,prior_rth,15.60752688172043010752688172,890.3548387096774193548387091,372,372,42f4b12958d6e04c1afd,R02,2019-01-30,2019
0.05,NQM9,midnight,20.6204819277108433734939759,345.0481927710843373493975904,166,166,430c5e24e07e1bf02c3f,R04,2019-03-29,2019
0.05,NQH9,midnight,27.28961748633879781420765027,390.4972677595628415300546448,183,183,439e28682b82c3e57db5,R04,2019-01-24,2019
0.1,NQZ9,prior_rth,30.28461538461538461538461538,1898.446153846153846153846157,130,130,43a7d6a065894c60f43e,R01,2019-11-05,2019
0.1,NQZ9,prior_rth,30.28461538461538461538461538,1898.446153846153846153846157,130,130,43a7d6a065894c60f43e,R02,2019-11-05,2019
0.2,NQZ9,prior_rth,26.85326086956521739130434783,1242.380434782608695652173912,184,184,43a7ed3b17fb9b737773,R01,2019-10-24,2019
0.2,NQZ9,prior_rth,26.85326086956521739130434783,1242.380434782608695652173912,184,184,43a7ed3b17fb9b737773,R02,2019-10-24,2019
0.2,NQU9,prior_rth,18.69506726457399103139013453,1641.363228699551569506726455,223,223,43c1d53eb3c5ad390877,R01,2019-08-28,2019
0.2,NQU9,prior_rth,18.69506726457399103139013453,1641.363228699551569506726455,223,223,43c1d53eb3c5ad390877,R02,2019-08-28,2019
0.1,NQM9,prior_rth,14.6674937965260545905707196,1440.707196029776674937965262,403,403,43d86dd7f2fbb2de5105,R01,2019-05-13,2019
0.1,NQM9,prior_rth,14.6674937965260545905707196,1440.707196029776674937965262,403,403,43d86dd7f2fbb2de5105,R02,2019-05-13,2019
0.05,NQU9,full_overnight,12.40350877192982456140350877,200.5672514619883040935672511,513,513,43ef81bd2c4de8f4210b,R03,2019-06-20,2019
0.1,NQM9,midnight,22.06779661016949152542372881,400.5847457627118644067796611,118,118,443c242695413e64ed42,R04,2019-04-11,2019
0.05,NQU9,opening_hour_rth,10.40594059405940594059405941,736.5742574257425742574257426,101,101,444f1ec66d29193b7116,R05,2019-07-31,2019
0.1,NQM9,prior_rth,12.58607350096711798839458414,726.0831721470019342359767907,517,517,44a0cec16a703b2b3c6e,R01,2019-05-17,2019
0.1,NQM9,prior_rth,12.58607350096711798839458414,726.0831721470019342359767907,517,517,44a0cec16a703b2b3c6e,R02,2019-05-17,2019
0.1,NQM9,prior_rth,19.41785714285714285714285714,1277.492857142857142857142855,280,280,44a29b7568b1791dca90,R01,2019-03-20,2019
0.1,NQM9,prior_rth,19.41785714285714285714285714,1277.492857142857142857142855,280,280,44a29b7568b1791dca90,R02,2019-03-20,2019
0.05,NQU9,prior_rth,16.09375,918.9739583333333333333333328,384,384,44a53f9e899f51e62e2a,R01,2019-06-21,2019
0.05,NQU9,prior_rth,16.09375,918.9739583333333333333333328,384,384,44a53f9e899f51e62e2a,R02,2019-06-21,2019
0.1,NQZ9,full_overnight,23.05458515283842794759825328,272.6004366812227074235807869,458,458,44ab6d79bca9dbcc9be8,R03,2019-10-09,2019
0.2,NQZ9,midnight,17.96296296296296296296296296,241.8032407407407407407407414,432,432,44c83a4c6325fdcfc634,R04,2019-10-09,2019
0.2,NQH0,opening_hour_rth,8.433734939759036144578313253,633.0120481927710843373493982,83,83,44d95e0c9a37d8fef337,R05,2019-12-19,2019
0.05,NQU9,full_overnight,24.41254125412541254125412541,388.5973597359735973597359726,303,303,44e734a6e6e7530a333d,R03,2019-08-01,2019
0.2,NQZ9,prior_rth,34.40625,3637.218749999999999999999997,64,64,451c3b2b14d41158d7a8,R01,2019-12-05,2019
0.2,NQZ9,prior_rth,34.40625,3637.218749999999999999999997,64,64,451c3b2b14d41158d7a8,R02,2019-12-05,2019
0.05,NQU9,prior_rth,12.8958990536277602523659306,661.1976866456361724500525777,951,951,451da585684727f5c98b,R01,2019-08-02,2019
0.05,NQU9,prior_rth,12.8958990536277602523659306,661.1976866456361724500525777,951,951,451da585684727f5c98b,R02,2019-08-02,2019
0.1,NQZ9,midnight,30.25714285714285714285714286,428.1333333333333333333333332,105,105,453b12cf6ca4fe2402ef,R04,2019-09-24,2019
0.1,NQU9,prior_rth,26.36809815950920245398773006,1617.276073619631901840490796,163,163,45508d972761efd77b3d,R01,2019-07-09,2019
0.1,NQU9,prior_rth,26.36809815950920245398773006,1617.276073619631901840490796,163,163,45508d972761efd77b3d,R02,2019-07-09,2019
0.1,NQU9,prior_rth,16.09375,918.9739583333333333333333328,384,384,45d8866b8936ae20abbd,R01,2019-06-21,2019
0.1,NQU9,prior_rth,16.09375,918.9739583333333333333333328,384,384,45d8866b8936ae20abbd,R02,2019-06-21,2019
0.05,NQM9,prior_rth,18.25480769230769230769230769,1397.355769230769230769230767,208,208,45eda4d070b1b85831d3,R01,2019-04-22,2019
0.05,NQM9,prior_rth,18.25480769230769230769230769,1397.355769230769230769230767,208,208,45eda4d070b1b85831d3,R02,2019-04-22,2019
0.05,NQH9,opening_hour_rth,5.946601941747572815533980583,457.6262135922330097087378643,206,206,4607d405fa90a19aebe5,R05,2019-01-16,2019
0.05,NQM9,prior_rth,18.59925093632958801498127341,1378.44569288389513108614232,267,267,460e2c758fc909b73b65,R01,2019-05-01,2019
0.05,NQM9,prior_rth,18.59925093632958801498127341,1378.44569288389513108614232,267,267,460e2c758fc909b73b65,R02,2019-05-01,2019
0.05,NQU9,prior_rth,22.80672268907563025210084034,985.8851540616246498599439787,357,357,4622db4fecd2669ace77,R01,2019-09-04,2019
0.05,NQU9,prior_rth,22.80672268907563025210084034,985.8851540616246498599439787,357,357,4622db4fecd2669ace77,R02,2019-09-04,2019
0.05,NQH9,opening_hour_rth,8.284848484848484848484848485,561.5515151515151515151515146,165,165,462a1433a6ff2b05692f,R05,2019-01-29,2019
0.2,NQM9,opening_hour_rth,9.8125,1258.0875,80,80,4646256092b5a8809aed,R05,2019-06-12,2019
0.1,NQU9,prior_rth,30.14193548387096774193548387,1307.638709677419354838709677,155,155,464c57a519de958cd91c,R01,2019-06-28,2019
0.1,NQU9,prior_rth,30.14193548387096774193548387,1307.638709677419354838709677,155,155,464c57a519de958cd91c,R02,2019-06-28,2019
0.05,NQZ9,full_overnight,22.15813953488372093023255814,339.7720930232558139534883719,215,215,46649d3077464ad7f582,R03,2019-11-13,2019
0.2,NQU9,full_overnight,37.39751552795031055900621118,1032.608695652173913043478258,161,161,46738acf88dc44e9d391,R03,2019-08-13,2019
0.2,NQZ9,opening_hour_rth,9.034782608695652173913043478,756.8695652173913043478260868,115,115,467dc68e3e398fb04a66,R05,2019-11-04,2019
0.05,NQM9,midnight,36.0289855072463768115942029,593.3043478260869565217391304,69,69,46a0bcf63700512c01b3,R04,2019-04-08,2019
0.05,NQH9,midnight,19.31288343558282208588957055,375.4723926380368098159509206,163,163,46c08a9990f079bec2b0,R04,2019-03-07,2019
0.05,NQU9,prior_rth,19.90601503759398496240601504,1014.052631578947368421052629,266,266,46dd4ed0790c0baea7fd,R01,2019-06-24,2019
0.05,NQU9,prior_rth,19.90601503759398496240601504,1014.052631578947368421052629,266,266,46dd4ed0790c0baea7fd,R02,2019-06-24,2019
0.05,NQZ9,prior_rth,16.80769230769230769230769231,845.7472527472527472527472516,182,182,46eb6b07a1e637597901,R01,2019-11-12,2019
0.05,NQZ9,prior_rth,16.80769230769230769230769231,845.7472527472527472527472516,182,182,46eb6b07a1e637597901,R02,2019-11-12,2019
0.05,NQU9,opening_hour_rth,5.209183673469387755102040816,374.0561224489795918367346944,196,196,46ef6fea083f8ee98473,R05,2019-07-23,2019
0.05,NQH9,prior_rth,24.77297297297297297297297297,1532.6,185,185,46ff8bb717d23d451b08,R01,2019-03-01,2019
0.05,NQH9,prior_rth,24.77297297297297297297297297,1532.6,185,185,46ff8bb717d23d451b08,R02,2019-03-01,2019
0.2,NQM9,full_overnight,34.60617760617760617760617761,783.9613899613899613899613931,259,259,4710358bd4658fa30368,R03,2019-05-10,2019
0.2,NQZ9,prior_rth,12.42392717815344603381014304,659.9765929778933680104031213,769,769,4724ee0cc0da64233d7c,R01,2019-09-25,2019
0.2,NQZ9,prior_rth,12.42392717815344603381014304,659.9765929778933680104031213,769,769,4724ee0cc0da64233d7c,R02,2019-09-25,2019
0.05,NQM9,midnight,21.40287769784172661870503597,249.7769784172661870503597124,139,139,4740de60153b171e7823,R04,2019-03-11,2019
0.1,NQH9,opening_hour_rth,10.20212765957446808510638298,752.6808510638297872340425527,94,94,474303763caeb1305083,R05,2019-02-20,2019
0.05,NQH0,opening_hour_rth,9.150943396226415094339622642,742.9245283018867924528301883,106,106,475ef88734d74e04ed9f,R05,2019-12-20,2019
0.1,NQH9,full_overnight,28.46666666666666666666666667,362.9583333333333333333333331,240,240,47621231317e4df573d0,R03,2019-01-29,2019
0.1,NQZ9,prior_rth,22.12068965517241379310344828,1017.594827586206896551724137,232,232,47a256ad0fb471b646b1,R01,2019-09-24,2019
0.1,NQZ9,prior_rth,22.12068965517241379310344828,1017.594827586206896551724137,232,232,47a256ad0fb471b646b1,R02,2019-09-24,2019
0.05,NQM9,opening_hour_rth,5.09375,351.01923076923076923076923,416,416,47a446369c8218734fd0,R05,2019-06-03,2019
0.2,NQZ9,prior_rth,22.91071428571428571428571429,2283.863095238095238095238092,168,168,47b1728898fe622da1c4,R01,2019-09-27,2019
0.2,NQZ9,prior_rth,22.91071428571428571428571429,2283.863095238095238095238092,168,168,47b1728898fe622da1c4,R02,2019-09-27,2019
0.1,NQU9,full_overnight,39.73184357541899441340782123,502.6815642458100558659217878,179,179,47b72d16ec3b6d07846c,R03,2019-06-21,2019
0.1,NQH9,midnight,20.89440993788819875776397516,305.6645962732919254658385093,161,161,47bd99afada962223153,R04,2019-02-28,2019
0.1,NQZ9,full_overnight,27.96376811594202898550724638,420.8913043478260869565217386,138,138,47dba4cd1872369bbe96,R03,2019-12-09,2019
0.2,NQM9,opening_hour_rth,8.5,1535.196969696969696969696971,66,66,47dbe61bba6370bae674,R05,2019-04-09,2019
0.05,NQH9,midnight,22.9919137466307277628032345,267.7547169811320754716981133,371,371,47e845e56d0c5e7c0906,R04,2019-01-03,2019
0.05,NQM9,prior_rth,32.67741935483870967741935484,2101.822580645161290322580644,124,124,480d245710ac50d70f47,R01,2019-04-08,2019
0.05,NQM9,prior_rth,32.67741935483870967741935484,2101.822580645161290322580644,124,124,480d245710ac50d70f47,R02,2019-04-08,2019
0.2,NQH9,prior_rth,12.93871866295264623955431755,757.7103064066852367688022262,359,359,4824c6e8b7732f0d008a,R01,2019-02-05,2019
0.2,NQH9,prior_rth,12.93871866295264623955431755,757.7103064066852367688022262,359,359,4824c6e8b7732f0d008a,R02,2019-02-05,2019
0.05,NQM9,midnight,23.64039408866995073891625616,404.2561576354679802955665023,203,203,484977c86909d81d0b84,R04,2019-06-03,2019
0.1,NQM9,opening_hour_rth,5.861271676300578034682080925,657.4335260115606936416184942,173,173,484d1f995cb8c162ba13,R05,2019-05-10,2019
0.05,NQM9,full_overnight,31.22897196261682242990654206,396.8317757009345794392523367,214,214,487915a6d38acd625932,R03,2019-06-10,2019
0.2,NQU9,full_overnight,23.06097560975609756097560976,636.1829268292682926829268311,164,164,48b96d111b27eb2200d1,R03,2019-06-26,2019
0.1,NQZ9,full_overnight,25.02617801047120418848167539,585.3612565445026178010471204,191,191,48d91ffde19d61fc3daa,R03,2019-10-11,2019
0.05,NQH9,full_overnight,35.55483870967741935483870968,328.8903225806451612903225805,155,155,48f335df09b0a85b00ad,R03,2019-02-04,2019
0.1,NQH9,prior_rth,11.93035714285714285714285714,727.4696428571428571428571432,560,560,490062fa68a8a8f50827,R01,2019-01-31,2019
0.1,NQH9,prior_rth,11.93035714285714285714285714,727.4696428571428571428571432,560,560,490062fa68a8a8f50827,R02,2019-01-31,2019
0.2,NQM9,midnight,27.94017094017094017094017094,521.8974358974358974358974358,117,117,49034bb6e3a994ed758c,R04,2019-05-02,2019
0.05,NQH9,full_overnight,37.42523364485981308411214953,475.2102803738317757009345808,214,214,4918b26f101564a003b4,R03,2019-01-24,2019
0.1,NQZ9,prior_rth,12.42392717815344603381014304,659.9765929778933680104031213,769,769,49367fc5cf5429479fab,R01,2019-09-25,2019
0.1,NQZ9,prior_rth,12.42392717815344603381014304,659.9765929778933680104031213,769,769,49367fc5cf5429479fab,R02,2019-09-25,2019
0.1,NQM9,opening_hour_rth,4.965635738831615120274914089,513.0996563573883161512027478,291,291,493d56a0a7f36f82752b,R05,2019-04-25,2019
0.1,NQM9,full_overnight,32.82432432432432432432432432,391.9806949806949806949806938,518,518,494a44b7de577e0b4d89,R03,2019-05-10,2019
0.2,NQH9,prior_rth,13.30839416058394160583941606,878.7956204379562043795620467,548,548,49a894fdfb793be237c7,R01,2019-03-05,2019
0.2,NQH9,prior_rth,13.30839416058394160583941606,878.7956204379562043795620467,548,548,49a894fdfb793be237c7,R02,2019-03-05,2019
0.1,NQZ9,opening_hour_rth,7.044943820224719101123595506,490.5617977528089887640449431,178,178,49cc24eaac7a68c6e1ab,R05,2019-10-24,2019
0.2,NQH9,prior_rth,15.02586206896551724137931034,1552.08189655172413793103448,232,232,49de048dfb042cb62802,R01,2019-01-18,2019
0.2,NQH9,prior_rth,15.02586206896551724137931034,1552.08189655172413793103448,232,232,49de048dfb042cb62802,R02,2019-01-18,2019
0.05,NQU9,prior_rth,12.59362549800796812749003984,661.8386454183266932270916347,502,502,4a15fa024dc696097a42,R01,2019-07-22,2019
0.05,NQU9,prior_rth,12.59362549800796812749003984,661.8386454183266932270916347,502,502,4a15fa024dc696097a42,R02,2019-07-22,2019
0.05,NQU9,opening_hour_rth,8.303571428571428571428571429,651.4107142857142857142857131,168,168,4abbecb6c91995f6a6df,R05,2019-06-20,2019
0.2,NQU9,opening_hour_rth,9.627450980392156862745098039,691.5490196078431372549019615,102,102,4aea509e3eb799ed17af,R05,2019-07-12,2019
0.05,NQH9,midnight,14.92592592592592592592592593,237.8412698412698412698412699,189,189,4b1bd0427df7c9a47db3,R04,2019-02-25,2019
0.2,NQZ9,prior_rth,22.15920398009950248756218905,1235.233830845771144278606967,201,201,4b4bd73fd3f675e1e7f1,R01,2019-11-07,2019
0.2,NQZ9,prior_rth,22.15920398009950248756218905,1235.233830845771144278606967,201,201,4b4bd73fd3f675e1e7f1,R02,2019-11-07,2019
0.2,NQU9,full_overnight,46.04347826086956521739130435,1577.934782608695652173913043,46,46,4b63c36c303cba504ca5,R03,2019-07-26,2019
0.2,NQZ9,full_overnight,36.61224489795918367346938776,878.3469387755102040816326529,98,98,4b75c578f71da551079e,R03,2019-10-15,2019
0.1,NQM9,prior_rth,26.83739837398373983739837398,3541.975609756097560975609759,123,123,4b8d63512ebc254a573d,R01,2019-05-09,2019
0.1,NQM9,prior_rth,26.83739837398373983739837398,3541.975609756097560975609759,123,123,4b8d63512ebc254a573d,R02,2019-05-09,2019
0.05,NQU9,opening_hour_rth,9.6125,623.9499999999999999999999998,80,80,4b9672c8eed796bf7679,R05,2019-07-16,2019
0.2,NQH9,full_overnight,56.11594202898550724637681159,1217.086956521739130434782608,69,69,4bae4935aa8beec644c9,R03,2019-01-16,2019
0.05,NQH9,midnight,15.72240802675585284280936455,162.7725752508361204013377927,299,299,4bce709b3424bfc254c8,R04,2019-03-08,2019
0.1,NQU9,full_overnight,32.67213114754098360655737705,416.8565573770491803278688541,244,244,4bd2aaed8c513c7bc98d,R03,2019-09-11,2019
0.05,NQZ9,opening_hour_rth,5.800925925925925925925925926,415.3009259259259259259259263,216,216,4bd2ba528b7241dd5dc6,R05,2019-12-05,2019
0.05,NQZ9,opening_hour_rth,7.044943820224719101123595506,490.5617977528089887640449431,178,178,4bd8249b8f71363a8bb3,R05,2019-10-24,2019
0.05,NQM9,prior_rth,25.83829787234042553191489362,1264.519148936170212765957446,235,235,4bdd12df9afd80a6b3ba,R01,2019-05-22,2019
0.05,NQM9,prior_rth,25.83829787234042553191489362,1264.519148936170212765957446,235,235,4bdd12df9afd80a6b3ba,R02,2019-05-22,2019
0.05,NQH9,full_overnight,17.51980198019801980198019802,234.0866336633663366336633659,404,404,4be9377fbf4a1d8c527b,R03,2019-01-28,2019
0.1,NQZ9,prior_rth,35.125,1134.931250000000000000000001,160,160,4c24a5122a0006a82b50,R01,2019-09-17,2019
0.1,NQZ9,prior_rth,35.125,1134.931250000000000000000001,160,160,4c24a5122a0006a82b50,R02,2019-09-17,2019
0.1,NQH9,opening_hour_rth,6.871345029239766081871345029,562.1345029239766081871345025,171,171,4c25c3c65bf7ccace2fe,R05,2019-03-01,2019
0.05,NQM9,midnight,11.42073170731707317073170732,239.396341463414634146341463,164,164,4c2ee0fa60797ebbb006,R04,2019-04-17,2019
0.05,NQM9,opening_hour_rth,9.280991735537190082644628099,727.5537190082644628099173554,121,121,4c44d4ce366a648890d4,R05,2019-05-01,2019
0.05,NQU9,full_overnight,37.50561797752808988764044944,520.8314606741573033707865176,267,267,4c49d07997cbf325f00d,R03,2019-08-09,2019
0.2,NQM9,midnight,21.65909090909090909090909091,345.9636363636363636363636363,220,220,4c778b5521cb0e286929,R04,2019-06-06,2019
0.05,NQU9,opening_hour_rth,5.05,301.4321428571428571428571432,280,280,4c8c023704b0669b1f5e,R05,2019-08-22,2019
0.2,NQU9,opening_hour_rth,5.79885057471264367816091954,820.3448275862068965517241368,174,174,4c8d5656646a130308e4,R05,2019-06-18,2019
0.05,NQH0,full_overnight,13.74789915966386554621848739,329.823529411764705882352941,238,238,4d1e514f3cb04c2adf7a,R03,2019-12-20,2019
0.1,NQH9,prior_rth,31.57017543859649122807017544,3343.991228070175438596491226,114,114,4d24e972c72090945abc,R01,2019-01-29,2019
0.1,NQH9,prior_rth,31.57017543859649122807017544,3343.991228070175438596491226,114,114,4d24e972c72090945abc,R02,2019-01-29,2019
0.05,NQM9,prior_rth,18.18113207547169811320754717,1121.686792452830188679245283,265,265,4d279dca821faf8842bd,R01,2019-03-14,2019
0.05,NQM9,prior_rth,18.18113207547169811320754717,1121.686792452830188679245283,265,265,4d279dca821faf8842bd,R02,2019-03-14,2019
0.2,NQH9,opening_hour_rth,8.573333333333333333333333333,1189.773333333333333333333333,75,75,4d478cf04e93e10bce88,R05,2019-02-28,2019
0.1,NQM9,prior_rth,20.43783783783783783783783784,1540.929729729729729729729732,185,185,4d478d1d74489a9f276a,R01,2019-04-03,2019
0.1,NQM9,prior_rth,20.43783783783783783783783784,1540.929729729729729729729732,185,185,4d478d1d74489a9f276a,R02,2019-04-03,2019
0.05,NQH9,prior_rth,17.67415730337078651685393258,857.4584269662921348314606751,445,445,4d48be33ffa49773813b,R01,2019-01-11,2019
0.05,NQH9,prior_rth,17.67415730337078651685393258,857.4584269662921348314606751,445,445,4d48be33ffa49773813b,R02,2019-01-11,2019
0.2,NQM9,full_overnight,22.8,622.5909090909090909090909077,220,220,4d75bec1205068b31645,R03,2019-05-14,2019
0.1,NQZ9,opening_hour_rth,9.384057971014492753623188406,538.6231884057971014492753622,138,138,4d86b971d643c226175c,R05,2019-10-23,2019
0.05,NQH9,opening_hour_rth,10.14035087719298245614035088,583.7719298245614035087719299,171,171,4d945c074244226fe76e,R05,2019-02-11,2019
0.1,NQM9,midnight,13.91428571428571428571428571,218.7952380952380952380952379,210,210,4daca5cf363ee92c581a,R04,2019-03-13,2019
0.2,NQZ9,opening_hour_rth,11.11940298507462686567164179,1393.238805970149253731343284,67,67,4dca03d637f1482e99f7,R05,2019-11-21,2019
0.05,NQH9,midnight,15.36486486486486486486486486,240.6351351351351351351351349,222,222,4dd505690365e54496ca,R04,2019-02-22,2019
0.1,NQH9,opening_hour_rth,5.32247557003257328990228013,453.1465798045602605863192192,307,307,4ddaaf94fb032d69c1ff,R05,2019-03-07,2019
0.2,NQM9,opening_hour_rth,10.97959183673469387755102041,2812.612244897959183673469386,49,49,4defdcb1ec9d887ae5e0,R05,2019-05-08,2019
0.2,NQH9,full_overnight,32.33070866141732283464566929,681.3937007874015748031496065,127,127,4e0710a6e76d195706f7,R03,2019-01-17,2019
0.2,NQZ9,opening_hour_rth,9.074074074074074074074074074,1072.123456790123456790123457,81,81,4e18af468aede8669c2d,R05,2019-09-23,2019
0.1,NQU9,opening_hour_rth,3.849382716049382716049382716,310.2790123456790123456790119,405,405,4e3f71d20fe93a563633,R05,2019-08-01,2019
0.05,NQU9,midnight,30.26446280991735537190082645,370.433884297520661157024793,242,242,4e54b1016c301b6d6812,R04,2019-08-08,2019
0.1,NQM9,midnight,20.69607843137254901960784314,345.0686274509803921568627448,204,204,4e7aa9b3ffa5b541b251,R04,2019-03-26,2019
0.05,NQM9,full_overnight,15.88955223880597014925373134,244.5223880597014925373134331,335,335,4ec3c9b494ecfda72540,R03,2019-06-11,2019
0.1,NQH9,prior_rth,21.36666666666666666666666667,1260.15238095238095238095238,210,210,4eca7754ef41c5460a5f,R01,2019-02-26,2019
0.1,NQH9,prior_rth,21.36666666666666666666666667,1260.15238095238095238095238,210,210,4eca7754ef41c5460a5f,R02,2019-02-26,2019
0.2,NQM9,opening_hour_rth,7.6,1735.842105263157894736842102,95,95,4ee1ce25528440b95053,R05,2019-05-07,2019
0.1,NQU9,prior_rth,22.94539249146757679180887372,1015.491467576791808873720138,293,293,4ef128db4680c21eb6b5,R01,2019-09-13,2019
0.1,NQU9,prior_rth,22.94539249146757679180887372,1015.491467576791808873720138,293,293,4ef128db4680c21eb6b5,R02,2019-09-13,2019
0.1,NQM9,prior_rth,23.75471698113207547169811321,2204.003773584905660377358497,265,265,4f0120e6f0a3258872ac,R01,2019-05-14,2019
0.1,NQM9,prior_rth,23.75471698113207547169811321,2204.003773584905660377358497,265,265,4f0120e6f0a3258872ac,R02,2019-05-14,2019
0.1,NQH9,opening_hour_rth,6.921568627450980392156862745,479.8431372549019607843137257,204,204,4f16280beef89729af21,R05,2019-02-04,2019
0.2,NQM9,prior_rth,19.54887218045112781954887218,2234.939849624060150375939849,133,133,4f226bfd4f6192591e5a,R01,2019-03-14,2019
0.2,NQM9,prior_rth,19.54887218045112781954887218,2234.939849624060150375939849,133,133,4f226bfd4f6192591e5a,R02,2019-03-14,2019
0.1,NQM9,opening_hour_rth,10.07262569832402234636871508,721.3240223463687150837988838,179,179,4f28322f0d5a957a4122,R05,2019-05-23,2019
0.05,NQH9,prior_rth,21.07518796992481203007518797,1140.477443609022556390977442,266,266,4f536fcf4008de85660a,R01,2019-02-07,2019
0.05,NQH9,prior_rth,21.07518796992481203007518797,1140.477443609022556390977442,266,266,4f536fcf4008de85660a,R02,2019-02-07,2019
0.1,NQM9,prior_rth,16.76157407407407407407407407,840.0138888888888888888888896,432,432,4f56c029ef8e175d8d6e,R01,2019-06-12,2019
0.1,NQM9,prior_rth,16.76157407407407407407407407,840.0138888888888888888888896,432,432,4f56c029ef8e175d8d6e,R02,2019-06-12,2019
0.05,NQZ9,midnight,17.96226415094339622641509434,338.6226415094339622641509436,159,159,4f5ef7f81e7264d12ad1,R04,2019-11-19,2019
0.05,NQM9,opening_hour_rth,9.340206185567010309278350515,577.5154639175257731958762897,194,194,4f7f54d6a6ed02818e3a,R05,2019-06-11,2019
0.2,NQH9,opening_hour_rth,5.613924050632911392405063291,937.6075949367088607594936703,158,158,4f8ffb97a4dee98ade69,R05,2019-01-03,2019
0.1,NQU9,midnight,24.58741258741258741258741259,339.7762237762237762237762236,143,143,4f905173b70f67c78ec0,R04,2019-07-08,2019
0.2,NQU9,midnight,26.74901960784313725490196078,406.760784313725490196078431,255,255,4fc9462db1943d021584,R04,2019-08-16,2019
0.2,NQZ9,midnight,24.35433070866141732283464567,353.9291338582677165354330707,127,127,500b5b7c135610556db9,R04,2019-11-12,2019
0.1,NQU9,prior_rth,18.01265822784810126582278481,762.2278481012658227848101278,237,237,501ef37c13fcb6895dc7,R01,2019-06-18,2019
0.1,NQU9,prior_rth,18.01265822784810126582278481,762.2278481012658227848101278,237,237,501ef37c13fcb6895dc7,R02,2019-06-18,2019
0.2,NQM9,opening_hour_rth,9.017094017094017094017094017,845.1196581196581196581196585,117,117,50219ca7c906159bab9b,R05,2019-04-03,2019
0.05,NQZ9,opening_hour_rth,9.237037037037037037037037037,533.9851851851851851851851853,135,135,5022e85d986607f4c41e,R05,2019-10-17,2019
0.05,NQZ9,prior_rth,21.89820359281437125748502994,1148.769461077844311377245505,334,334,502cd77ef1189f54008a,R01,2019-09-27,2019
0.05,NQZ9,prior_rth,21.89820359281437125748502994,1148.769461077844311377245505,334,334,502cd77ef1189f54008a,R02,2019-09-27,2019
0.1,NQZ9,opening_hour_rth,7.856209150326797385620915033,442.9673202614379084967320263,153,153,50326a5c8d11642c3611,R05,2019-10-14,2019
0.1,NQM9,opening_hour_rth,7.736559139784946236559139785,471.7473118279569892473118276,186,186,5037890a05d77e83dd3a,R05,2019-05-28,2019
0.2,NQU9,midnight,22.01379310344827586206896552,271.9999999999999999999999999,145,145,504072d6891308234181,R04,2019-07-02,2019
0.05,NQH9,full_overnight,43.92792792792792792792792793,571.4864864864864864864864864,111,111,5063493beca6f98665c4,R03,2019-02-20,2019
0.05,NQU9,midnight,22.01379310344827586206896552,271.9999999999999999999999999,145,145,50bf35ad69200c9cb972,R04,2019-07-02,2019
0.05,NQZ9,opening_hour_rth,6.928571428571428571428571429,550.5396825396825396825396821,126,126,50d9ebf1960ffb2ec6de,R05,2019-11-07,2019
0.1,NQM9,midnight,23.48780487804878048780487805,476.6097560975609756097560975,123,123,50db157166c156bac75b,R04,2019-03-15,2019
0.2,NQM9,opening_hour_rth,10.32692307692307692307692308,1460.461538461538461538461538,52,52,50e33e0fb3a79afb9d7a,R05,2019-03-13,2019
0.1,NQU9,prior_rth,21.56164383561643835616438356,2074.027397260273972602739726,292,292,510ab98f82b44ae07a84,R01,2019-08-15,2019
0.1,NQU9,prior_rth,21.56164383561643835616438356,2074.027397260273972602739726,292,292,510ab98f82b44ae07a84,R02,2019-08-15,2019
0.05,NQZ9,prior_rth,20.92592592592592592592592593,1194.939814814814814814814816,216,216,51286bc273cd6c3e44ff,R01,2019-12-06,2019
0.05,NQZ9,prior_rth,20.92592592592592592592592593,1194.939814814814814814814816,216,216,51286bc273cd6c3e44ff,R02,2019-12-06,2019
0.2,NQZ9,opening_hour_rth,8.054054054054054054054054054,937.5810810810810810810810809,74,74,512ef4fdef0e94d48c02,R05,2019-10-18,2019
0.2,NQH9,midnight,20.89440993788819875776397516,305.6645962732919254658385093,161,161,515e2e41e7a054f85c5d,R04,2019-02-28,2019
0.2,NQU9,full_overnight,19.6885245901639344262295082,603.7377049180327868852459016,244,244,516c76b05ee9fd814959,R03,2019-08-23,2019
0.2,NQZ9,prior_rth,19.79518072289156626506024096,2357.10843373493975903614458,83,83,518a582296e28df87eea,R01,2019-12-09,2019
0.2,NQZ9,prior_rth,19.79518072289156626506024096,2357.10843373493975903614458,83,83,518a582296e28df87eea,R02,2019-12-09,2019
0.2,NQH0,prior_rth,14.46666666666666666666666667,970.6392156862745098039215702,255,255,518f614cccc72e8b05d7,R01,2019-12-30,2019
0.2,NQH0,prior_rth,14.46666666666666666666666667,970.6392156862745098039215702,255,255,518f614cccc72e8b05d7,R02,2019-12-30,2019
0.2,NQM9,full_overnight,18.58928571428571428571428571,487.5892857142857142857142858,168,168,519d6c7e3ad14fdb054c,R03,2019-06-11,2019
0.1,NQH9,midnight,23.284,301.2559999999999999999999999,250,250,51b1e3547d407842726f,R04,2019-01-08,2019
0.1,NQH9,full_overnight,29.15891472868217054263565891,383.1976744186046511627906978,258,258,51c5b950ce68ef9305d4,R03,2019-01-15,2019
0.1,NQU9,full_overnight,20.98342541436464088397790055,595.3241252302025782688766101,543,543,51ce1252427f479d637c,R03,2019-08-06,2019
0.1,NQZ9,prior_rth,18.92376681614349775784753363,1284.340807174887892376681615,223,223,51e62477555d6576cf13,R01,2019-11-15,2019
0.1,NQZ9,prior_rth,18.92376681614349775784753363,1284.340807174887892376681615,223,223,51e62477555d6576cf13,R02,2019-11-15,2019
0.05,NQH9,midnight,26.51829268292682926829268293,406.493902439024390243902439,164,164,51eb13da078989d4a355,R04,2019-02-01,2019
0.05,NQU9,full_overnight,16.21751824817518248175182482,275.1737226277372262773722635,685,685,51eca6ccbf8da842bb8a,R03,2019-08-14,2019
0.1,NQH9,full_overnight,49.5289855072463768115942029,608.5434782608695652173913043,138,138,51ee0c221e5de9e0a08c,R03,2019-01-16,2019
0.2,NQU9,prior_rth,26.72222222222222222222222222,3651.544444444444444444444444,90,90,51fb0c78fa5945ba8e79,R01,2019-07-26,2019
0.2,NQU9,prior_rth,26.72222222222222222222222222,3651.544444444444444444444444,90,90,51fb0c78fa5945ba8e79,R02,2019-07-26,2019
0.1,NQU9,opening_hour_rth,6.269230769230769230769230769,410.0336538461538461538461543,208,208,520a30e17c51dab236d6,R05,2019-06-25,2019
0.05,NQU9,prior_rth,19.30708661417322834645669291,1241.984251968503937007874013,254,254,52148a6b36e7a3aaffa3,R01,2019-07-12,2019
0.05,NQU9,prior_rth,19.30708661417322834645669291,1241.984251968503937007874013,254,254,52148a6b36e7a3aaffa3,R02,2019-07-12,2019
0.05,NQU9,midnight,16.34730538922155688622754491,254.8622754491017964071856289,167,167,5216303611269150dbb9,R04,2019-07-23,2019
0.2,NQZ9,opening_hour_rth,8.142857142857142857142857143,641.9761904761904761904761904,84,84,521aca160a3b12ab44e4,R05,2019-11-27,2019
0.05,NQM9,opening_hour_rth,7.448529411764705882352941176,628.7647058823529411764705882,136,136,5292f2ff5d3d0400edd9,R05,2019-04-11,2019
0.05,NQU9,prior_rth,22.01075268817204301075268817,1274.048387096774193548387096,186,186,52c58695a1cc3da26fa4,R01,2019-07-29,2019
0.05,NQU9,prior_rth,22.01075268817204301075268817,1274.048387096774193548387096,186,186,52c58695a1cc3da26fa4,R02,2019-07-29,2019
0.1,NQU9,full_overnight,20.36391437308868501529051988,319.0642201834862385321100924,327,327,52e1d6d49abc742fadd8,R03,2019-06-26,2019
0.2,NQM9,midnight,19.58620689655172413793103448,381.4865900383141762452107279,261,261,530079098fdc67b58d12,R04,2019-06-05,2019
0.2,NQM9,midnight,24.64356435643564356435643564,450.2970297029702970297029704,101,101,5305cebcbeb99c312c29,R04,2019-04-16,2019
0.1,NQZ9,midnight,28.40860215053763440860215054,248.6881720430107526881720434,186,186,530d6f10cbbc63600303,R04,2019-09-16,2019
0.05,NQH0,prior_rth,14.46666666666666666666666667,970.6392156862745098039215702,255,255,5314c14d65ed976e90ac,R01,2019-12-30,2019
0.05,NQH0,prior_rth,14.46666666666666666666666667,970.6392156862745098039215702,255,255,5314c14d65ed976e90ac,R02,2019-12-30,2019
0.1,NQZ9,full_overnight,20.3341645885286783042394015,266.0897755610972568578553618,401,401,53471a180b62eef7291f,R03,2019-10-02,2019
0.1,NQH9,midnight,19.23952095808383233532934132,322.5449101796407185628742517,167,167,5371dcb98360eaa7a66a,R04,2019-02-19,2019
0.2,NQU9,prior_rth,22.92727272727272727272727273,2345.081818181818181818181816,110,110,537793bd9ababa960ccc,R01,2019-08-20,2019
0.2,NQU9,prior_rth,22.92727272727272727272727273,2345.081818181818181818181816,110,110,537793bd9ababa960ccc,R02,2019-08-20,2019
0.2,NQU9,midnight,25.65734265734265734265734266,412.3356643356643356643356642,143,143,5388378b102b609f884d,R04,2019-07-11,2019
0.1,NQU9,midnight,28.85853658536585365853658537,867.3219512195121951219512176,205,205,538d473bb8cae9cfc3b2,R04,2019-08-06,2019
0.1,NQH9,full_overnight,32.4375,481.6328125000000000000000002,128,128,53b4831fe3c5cf2b403f,R03,2019-03-04,2019
0.2,NQH9,midnight,25.82926829268292682926829268,375.1646341463414634146341465,164,164,54045dfc037d1dd82399,R04,2019-02-08,2019
0.2,NQM9,opening_hour_rth,8.343283582089552238805970149,1417.059701492537313432835821,67,67,541409b61ffc1dc92e84,R05,2019-03-28,2019
0.1,NQM9,full_overnight,29.63805970149253731343283582,473.6417910447761194029850757,268,268,543ea2540313a790d538,R03,2019-05-21,2019
0.05,NQH0,opening_hour_rth,4.272727272727272727272727273,315.8796068796068796068796049,407,407,544291621588c41c73f4,R05,2019-12-30,2019
0.05,NQZ9,midnight,19.68794326241134751773049645,473.2836879432624113475177309,141,141,54855963dcfc0a142d60,R04,2019-11-15,2019
0.05,NQZ9,midnight,18.44444444444444444444444444,309.5614035087719298245614036,171,171,548718f713856098eeca,R04,2019-11-13,2019
0.1,NQZ9,full_overnight,33.025,423.4333333333333333333333333,120,120,549dc2c7a09a3e5117a9,R03,2019-09-18,2019
0.1,NQZ9,midnight,21.5045045045045045045045045,325.2432432432432432432432432,111,111,54b837f3286aa9639207,R04,2019-10-30,2019
0.2,NQH9,midnight,17.68354430379746835443037975,270.8860759493670886075949361,237,237,54c6609027dd57545198,R04,2019-01-18,2019
0.1,NQZ9,full_overnight,29.02573529411764705882352941,484.8602941176470588235294143,272,272,54d6cf7623ddbc3df81a,R03,2019-11-21,2019
0.1,NQZ9,midnight,16.64965986394557823129251701,316.8537414965986394557823126,294,294,5501378b38c72d76c59e,R04,2019-09-25,2019
0.05,NQH9,midnight,19.74778761061946902654867257,260.526548672566371681415929,226,226,553c8c866a19866dce07,R04,2019-01-23,2019
0.1,NQM9,midnight,27.9222797927461139896373057,483.0777202072538860103626945,193,193,5586f9665f2374bb0de3,R04,2019-05-29,2019
0.05,NQM9,opening_hour_rth,7.594339622641509433962264151,478.8820754716981132075471693,212,212,55a0ad653c328b37c83f,R05,2019-05-22,2019
0.1,NQM9,opening_hour_rth,5.986666666666666666666666667,428.2733333333333333333333337,150,150,55ad41772449d894cbd7,R05,2019-04-22,2019
0.05,NQH9,midnight,25.27272727272727272727272727,294.5113636363636363636363638,176,176,55d747c281109eec6880,R04,2019-01-11,2019
0.1,NQH9,midnight,15.36486486486486486486486486,240.6351351351351351351351349,222,222,55e8d3901cb142c512c7,R04,2019-02-22,2019
0.1,NQU9,opening_hour_rth,9.127272727272727272727272727,990.3727272727272727272727273,110,110,560c3262ff6f0f9a0339,R05,2019-08-26,2019
0.2,NQU9,midnight,18.0228136882129277566539924,268.4562737642585551330798477,263,263,565ae2f50f0ca37df4ce,R04,2019-06-27,2019
0.1,NQM9,midnight,17.1935483870967741935483871,369.7741935483870967741935481,186,186,5673717725b06543850c,R04,2019-04-26,2019
0.2,NQU9,full_overnight,40.71641791044776119402985075,1037.77611940298507462686567,134,134,5682f098223306996315,R03,2019-08-09,2019
0.2,NQU9,opening_hour_rth,8.2,1091.25,80,80,56934d45a1c91bb10616,R05,2019-07-26,2019
0.1,NQM9,full_overnight,20.07569721115537848605577689,362.3266932270916334661354589,251,251,56b8a96b2455d66c4c89,R03,2019-04-18,2019
0.2,NQZ9,opening_hour_rth,10.37704918032786885245901639,1273.278688524590163934426229,61,61,56c5de6d95548638a6fe,R05,2019-10-16,2019
0.05,NQM9,prior_rth,17.56692913385826771653543307,829.456692913385826771653543,381,381,56d0a3f3f777ec14b49c,R01,2019-06-07,2019
0.05,NQM9,prior_rth,17.56692913385826771653543307,829.456692913385826771653543,381,381,56d0a3f3f777ec14b49c,R02,2019-06-07,2019
0.2,NQZ9,midnight,17.05696202531645569620253165,268.0759493670886075949367092,316,316,56d129fcf18f8b4de701,R04,2019-10-14,2019
0.2,NQZ9,full_overnight,35.67708333333333333333333333,873.2812499999999999999999999,96,96,56dd388a882772860bdf,R03,2019-11-14,2019
0.05,NQM9,opening_hour_rth,13.23188405797101449275362319,1181.420289855072463768115942,69,69,56f6be270d448066305d,R05,2019-04-12,2019
0.05,NQZ9,midnight,30.25714285714285714285714286,428.1333333333333333333333332,105,105,5705f8dceba673e45270,R04,2019-09-24,2019
0.2,NQM9,opening_hour_rth,7.602150537634408602150537634,1439.301075268817204301075272,93,93,570ed573a52b5fdaeb9a,R05,2019-06-05,2019
0.05,NQU9,full_overnight,32.63503649635036496350364964,529.8175182481751824817518253,137,137,57120a2e504935f3eb27,R03,2019-07-26,2019
0.2,NQM9,midnight,15.24479166666666666666666667,345.5208333333333333333333331,192,192,573093e0333f6cd55589,R04,2019-04-12,2019
0.1,NQU9,full_overnight,21.30753968253968253968253968,308.3968253968253968253968258,504,504,574d645fd3479ec829a3,R03,2019-08-12,2019
0.1,NQM9,opening_hour_rth,4.232283464566929133858267717,262.606299212598425196850394,254,254,5777e0a246420302a3ce,R05,2019-03-11,2019
0.2,NQM9,opening_hour_rth,9.352272727272727272727272727,1290.795454545454545454545452,88,88,578f7a5687699181b7a5,R05,2019-03-27,2019
0.05,NQU9,midnight,27.56968215158924205378973105,434.7212713936430317848410751,409,409,579998ad962e74054273,R04,2019-08-06,2019
0.05,NQM9,opening_hour_rth,4.956521739130434782608695652,311.9000000000000000000000024,460,460,57afc113ebef5937d795,R05,2019-05-15,2019
0.05,NQU9,midnight,12.04776579352850539291217257,225.2187981510015408320493076,649,649,57bf3efc99c7158f79c7,R04,2019-08-14,2019
0.2,NQM9,full_overnight,24.43076923076923076923076923,411.0076923076923076923076922,130,130,57cbe1850483355e43a7,R03,2019-03-11,2019
0.05,NQM9,full_overnight,32.82432432432432432432432432,391.9806949806949806949806938,518,518,57ea5114c802b2c5b9f7,R03,2019-05-10,2019
0.05,NQM9,midnight,15.85,255.903846153846153846153846,260,260,57f4e1375ca8472809b2,R04,2019-03-21,2019
0.2,NQM9,prior_rth,17.59907834101382488479262673,1672.285714285714285714285714,217,217,57f8182b7d7cd041a638,R01,2019-06-12,2019
0.2,NQM9,prior_rth,17.59907834101382488479262673,1672.285714285714285714285714,217,217,57f8182b7d7cd041a638,R02,2019-06-12,2019
0.1,NQM9,full_overnight,40.2660098522167487684729064,638.3990147783251231527093576,203,203,57fa93b27bd941e5a253,R03,2019-06-03,2019
0.2,NQZ9,opening_hour_rth,9.9375,1320.296875,64,64,5817fde6c7374b176574,R05,2019-12-04,2019
0.05,NQH0,full_overnight,41.11627906976744186046511628,722.3255813953488372093023255,86,86,583f0c80eaabb87d5107,R03,2019-12-19,2019
0.2,NQZ9,prior_rth,19.66346153846153846153846154,1400.663461538461538461538462,208,208,5847ce6977975a6da4bf,R01,2019-11-20,2019
0.2,NQZ9,prior_rth,19.66346153846153846153846154,1400.663461538461538461538462,208,208,5847ce6977975a6da4bf,R02,2019-11-20,2019
0.1,NQM9,midnight,20.1935483870967741935483871,394.9838709677419354838709678,124,124,58480db2ab3bd8a2387c,R04,2019-04-24,2019
0.2,NQU9,opening_hour_rth,7.48299319727891156462585034,812.9115646258503401360544238,147,147,5852d8f099bb09818fe6,R05,2019-09-12,2019
0.1,NQU9,prior_rth,18.27188940092165898617511521,1041.299539170506912442396313,217,217,5865c4da61b3bc4297a2,R01,2019-07-18,2019
0.1,NQU9,prior_rth,18.27188940092165898617511521,1041.299539170506912442396313,217,217,5865c4da61b3bc4297a2,R02,2019-07-18,2019
0.05,NQU9,full_overnight,24.63392857142857142857142857,375.6160714285714285714285714,224,224,58688cc78d9323ef01f4,R03,2019-07-18,2019
0.2,NQU9,midnight,12.9856262833675564681724846,245.3634496919917864476386033,487,487,587c4fbb4a9785453274,R04,2019-08-23,2019
0.2,NQH9,full_overnight,41.49532710280373831775700935,950.4205607476635514018691598,107,107,58b72669dbbcd4434b4c,R03,2019-01-24,2019
0.2,NQZ9,midnight,17.38505747126436781609195402,304.8563218390804597701149424,174,174,58be3e2120b8ae7d09bc,R04,2019-10-22,2019
0.2,NQU9,full_overnight,14.34699453551912568306010929,281.1448087431693989071038249,366,366,58d1b93b1cf753c5e5e0,R03,2019-07-30,2019
0.2,NQZ9,opening_hour_rth,11.57317073170731707317073171,580.0243902439024390243902434,82,82,58dfe17814d63e218b11,R05,2019-09-18,2019
0.2,NQZ9,opening_hour_rth,8.12987012987012987012987013,880.1818181818181818181818181,77,77,58f60c286215ac37f5ea,R05,2019-10-14,2019
0.05,NQZ9,midnight,17.38505747126436781609195402,304.8563218390804597701149424,174,174,5908b807f45dd7a8446c,R04,2019-10-22,2019
0.05,NQU9,opening_hour_rth,5.479838709677419354838709677,439.9758064516129032258064516,248,248,5922e13d4a2c1eca65f6,R05,2019-07-10,2019
0.1,NQZ9,prior_rth,13.05131761442441054091539528,634.0665742024965325936199752,721,721,594068e21a45c92e3947,R01,2019-10-04,2019
0.1,NQZ9,prior_rth,13.05131761442441054091539528,634.0665742024965325936199752,721,721,594068e21a45c92e3947,R02,2019-10-04,2019
0.2,NQH9,full_overnight,25.25850340136054421768707483,669.5986394557823129251700682,147,147,594559e9433955ca2c5e,R03,2019-02-14,2019
0.05,NQH9,opening_hour_rth,8.964285714285714285714285714,716.8392857142857142857142859,112,112,59663df901f220c0f76b,R05,2019-03-04,2019
0.2,NQH9,prior_rth,23.28365384615384615384615385,2652.533653846153846153846155,208,208,5979910f3ba789e27aa5,R01,2019-01-04,2019
0.2,NQH9,prior_rth,23.28365384615384615384615385,2652.533653846153846153846155,208,208,5979910f3ba789e27aa5,R02,2019-01-04,2019
0.1,NQM9,full_overnight,14.34163208852005532503457815,218.12171507607192254495159,723,723,598aaeba494006ef1705,R03,2019-05-20,2019
0.1,NQH9,full_overnight,25.66666666666666666666666667,357.4474885844748858447488586,219,219,598cdcdb21914cf863f5,R03,2019-02-07,2019
0.05,NQZ9,opening_hour_rth,9.469879518072289156626506024,421.8313253012048192771084341,166,166,59d55e469899a55f3df0,R05,2019-09-30,2019
0.2,NQZ9,opening_hour_rth,9.653333333333333333333333333,2182.733333333333333333333332,75,75,59fd929a75a670eb71df,R05,2019-12-03,2019
0.05,NQU9,prior_rth,26.36809815950920245398773006,1617.276073619631901840490796,163,163,5a4fca6154eab318f37f,R01,2019-07-09,2019
0.05,NQU9,prior_rth,26.36809815950920245398773006,1617.276073619631901840490796,163,163,5a4fca6154eab318f37f,R02,2019-07-09,2019
0.2,NQZ9,midnight,26.6259541984732824427480916,550.5572519083969465648854966,131,131,5a54c273ae77a60d54a6,R04,2019-11-22,2019
0.05,NQM9,opening_hour_rth,10.03305785123966942148760331,789.6776859504132231404958679,121,121,5a739511e36c78bc6c2a,R05,2019-04-05,2019
0.2,NQU9,prior_rth,17.48221343873517786561264822,953.3122529644268774703557316,253,253,5a90f0ab2ac1484aa1bb,R01,2019-07-17,2019
0.2,NQU9,prior_rth,17.48221343873517786561264822,953.3122529644268774703557316,253,253,5a90f0ab2ac1484aa1bb,R02,2019-07-17,2019
0.1,NQZ9,full_overnight,29.45171339563862928348909657,249.3520249221183800623052957,321,321,5aa43740c4226acee91b,R03,2019-09-16,2019
0.1,NQH9,midnight,24.51704545454545454545454545,309.8068181818181818181818176,352,352,5ac1e791435eae7cd5f9,R04,2019-01-04,2019
0.1,NQM9,prior_rth,21.47085201793721973094170404,2087.883408071748878923766818,223,223,5ac857a6951e50ec5d3e,R01,2019-05-20,2019
0.1,NQM9,prior_rth,21.47085201793721973094170404,2087.883408071748878923766818,223,223,5ac857a6951e50ec5d3e,R02,2019-05-20,2019
0.05,NQU9,prior_rth,15.63007159904534606205250597,729.7350835322195704057279215,419,419,5acf83460c817c996c64,R01,2019-09-03,2019
0.05,NQU9,prior_rth,15.63007159904534606205250597,729.7350835322195704057279215,419,419,5acf83460c817c996c64,R02,2019-09-03,2019
0.05,NQZ9,full_overnight,32.19827586206896551724137931,426.3706896551724137931034482,116,116,5ad27631ad7b5c7c4846,R03,2019-10-30,2019
0.05,NQM9,opening_hour_rth,7.575289575289575289575289575,479.3590733590733590733590714,259,259,5adeb2d619d8357c0ecc,R05,2019-05-14,2019
0.05,NQZ9,opening_hour_rth,8.914728682170542635658914729,572.6666666666666666666666675,129,129,5ae345715ba798b10589,R05,2019-10-22,2019
0.05,NQM9,midnight,17.1935483870967741935483871,369.7741935483870967741935481,186,186,5afb520f6ce97372a710,R04,2019-04-26,2019
0.2,NQU9,prior_rth,18.75735294117647058823529412,2211.992647058823529411764704,136,136,5aff66849ca861a6e654,R01,2019-08-29,2019
0.2,NQU9,prior_rth,18.75735294117647058823529412,2211.992647058823529411764704,136,136,5aff66849ca861a6e654,R02,2019-08-29,2019
0.1,NQU9,midnight,24.54098360655737704918032787,433.6967213114754098360655737,122,122,5aff8cd54d66ab35f32e,R04,2019-07-26,2019
0.05,NQH9,midnight,9.258333333333333333333333333,178.4624999999999999999999992,480,480,5b073bde734be7d2ca53,R04,2019-02-15,2019
0.2,NQU9,opening_hour_rth,10.79591836734693877551020408,1552.265306122448979591836735,49,49,5b3a12d393efe7f5b8b2,R05,2019-09-06,2019
0.2,NQH9,prior_rth,15.85119047619047619047619048,1813.160714285714285714285716,168,168,5b665be4ec74e9086a0b,R01,2019-02-28,2019
0.2,NQH9,prior_rth,15.85119047619047619047619048,1813.160714285714285714285716,168,168,5b665be4ec74e9086a0b,R02,2019-02-28,2019
0.2,NQH9,prior_rth,21.23333333333333333333333333,2283.991666666666666666666664,120,120,5b8e89a7b72ab98f5d2b,R01,2019-02-27,2019
0.2,NQH9,prior_rth,21.23333333333333333333333333,2283.991666666666666666666664,120,120,5b8e89a7b72ab98f5d2b,R02,2019-02-27,2019
0.2,NQZ9,prior_rth,23.89473684210526315789473684,1946.131578947368421052631581,152,152,5bbbcc07bc6955239869,R01,2019-10-08,2019
0.2,NQZ9,prior_rth,23.89473684210526315789473684,1946.131578947368421052631581,152,152,5bbbcc07bc6955239869,R02,2019-10-08,2019
0.2,NQU9,opening_hour_rth,10.87142857142857142857142857,687.4285714285714285714285723,70,70,5bd6bed094bb18585d2d,R05,2019-09-13,2019
0.2,NQU9,opening_hour_rth,6.269230769230769230769230769,410.0336538461538461538461543,208,208,5bfd25e3f57e1500eb2b,R05,2019-06-25,2019
0.05,NQZ9,opening_hour_rth,7.734693877551020408163265306,471.9795918367346938775510204,147,147,5c069f06d3091dbb9fe6,R05,2019-10-18,2019
0.1,NQM9,opening_hour_rth,6.285714285714285714285714286,628.6038961038961038961038955,154,154,5c12e2bbe4abda90d2d4,R05,2019-03-15,2019
0.1,NQZ9,opening_hour_rth,10.43333333333333333333333333,778.8333333333333333333333332,90,90,5c42b059066bf00d49ad,R05,2019-11-26,2019
0.1,NQU9,prior_rth,14.95757575757575757575757576,884.0575757575757575757575748,330,330,5c4523894d3cc070b937,R01,2019-09-06,2019
0.1,NQU9,prior_rth,14.95757575757575757575757576,884.0575757575757575757575748,330,330,5c4523894d3cc070b937,R02,2019-09-06,2019
0.1,NQM9,opening_hour_rth,12.83544303797468354430379747,995.848101265822784810126582,79,79,5c63ffc917f1a5fbdfb0,R05,2019-04-10,2019
0.1,NQU9,midnight,33.34444444444444444444444444,405.9777777777777777777777779,90,90,5c70cdecc6191cfdaa54,R04,2019-06-19,2019
0.05,NQZ9,opening_hour_rth,7.12,523.6057142857142857142857143,175,175,5c87e41a7ae71c5e1edb,R05,2019-11-08,2019
0.05,NQZ9,full_overnight,26.81052631578947368421052632,499.6368421052631578947368425,190,190,5c8aa37e092c2b749311,R03,2019-11-22,2019
0.1,NQM9,prior_rth,39,2191.205357142857142857142857,112,112,5c9f5d3aafa95032bb15,R01,2019-03-15,2019
0.1,NQM9,prior_rth,39,2191.205357142857142857142857,112,112,5c9f5d3aafa95032bb15,R02,2019-03-15,2019
0.2,NQH9,prior_rth,15.78308823529411764705882353,1762.897058823529411764705885,272,272,5cab0ad364474f70f053,R01,2019-01-03,2019
0.2,NQH9,prior_rth,15.78308823529411764705882353,1762.897058823529411764705885,272,272,5cab0ad364474f70f053,R02,2019-01-03,2019
0.1,NQM9,prior_rth,23.1656804733727810650887574,1510.43195266272189349112426,169,169,5cb954f8e229cce2bdda,R01,2019-04-11,2019
0.1,NQM9,prior_rth,23.1656804733727810650887574,1510.43195266272189349112426,169,169,5cb954f8e229cce2bdda,R02,2019-04-11,2019
0.2,NQH9,full_overnight,23.58048780487804878048780488,334.5756097560975609756097562,205,205,5cf0273848f5f086379a,R03,2019-02-19,2019
0.1,NQU9,full_overnight,20.45390070921985815602836879,298.2553191489361702127659589,705,705,5cf16448e35b45106763,R03,2019-08-05,2019
0.1,NQZ9,opening_hour_rth,6.327464788732394366197183099,409.3767605633802816901408419,284,284,5d24339e4b9288fbadbd,R05,2019-10-02,2019
0.2,NQZ9,full_overnight,26.13071895424836601307189542,477.5947712418300653594771241,153,153,5d36f5b3d079a1bb2e27,R03,2019-10-07,2019
0.05,NQH9,full_overnight,22.06514657980456026058631922,254.931596091205211726384365,307,307,5d525ed6e2d68d17d7c1,R03,2019-01-14,2019
0.05,NQH9,opening_hour_rth,9.44910179640718562874251497,638.0119760479041916167664653,167,167,5d59c3123b4b8640eb13,R05,2019-01-22,2019
0.2,NQZ9,opening_hour_rth,7.397058823529411764705882353,525.0588235294117647058823529,136,136,5dae66684ae77ace342d,R05,2019-10-28,2019
0.05,NQZ9,opening_hour_rth,9.608974358974358974358974359,376.6602564102564102564102562,156,156,5dc0eda4e430e706e83d,R05,2019-09-16,2019
0.2,NQZ9,prior_rth,23.55063291139240506329113924,2229.000000000000000000000001,158,158,5dd6120a06201c6d23ba,R01,2019-10-14,2019
0.2,NQZ9,prior_rth,23.55063291139240506329113924,2229.000000000000000000000001,158,158,5dd6120a06201c6d23ba,R02,2019-10-14,2019
0.05,NQU9,opening_hour_rth,7.278947368421052631578947368,490.9105263157894736842105265,190,190,5df8939b8316c32da0f6,R05,2019-07-01,2019
0.1,NQM9,prior_rth,25.32530120481927710843373494,1238.048192771084337349397593,249,249,5e0203245d0b9aeb271d,R01,2019-05-31,2019
0.1,NQM9,prior_rth,25.32530120481927710843373494,1238.048192771084337349397593,249,249,5e0203245d0b9aeb271d,R02,2019-05-31,2019
0.05,NQZ9,opening_hour_rth,6.924836601307189542483660131,404.274509803921568627450981,306,306,5e07f096eeb4d45fe65a,R05,2019-09-25,2019
0.1,NQM9,midnight,27.94017094017094017094017094,521.8974358974358974358974358,117,117,5e12615eb629051d0556,R04,2019-05-02,2019
0.05,NQZ9,prior_rth,12.62307692307692307692307692,820.6384615384615384615384608,260,260,5e8df72605a4f96aa80f,R01,2019-12-10,2019
0.05,NQZ9,prior_rth,12.62307692307692307692307692,820.6384615384615384615384608,260,260,5e8df72605a4f96aa80f,R02,2019-12-10,2019
0.2,NQH9,midnight,29.73584905660377358490566038,416.6132075471698113207547173,106,106,5eab72a7b4e6cb4e6f4b,R04,2019-02-20,2019
0.1,NQZ9,opening_hour_rth,3.928571428571428571428571429,351.2040816326530612244897961,196,196,5ebe70c64f42380584df,R05,2019-11-25,2019
0.2,NQZ9,opening_hour_rth,9.573529411764705882352941176,1060.117647058823529411764706,68,68,5ec6ee449dbd857cbc78,R05,2019-10-17,2019
0.05,NQM9,full_overnight,17.30185497470489038785834739,275.4013490725126475548060693,593,593,5ed56c0d0582f0c1b670,R03,2019-05-13,2019
0.1,NQM9,prior_rth,8.727454909819639278557114228,497.5631262525050100200400812,499,499,5ee3e23bf838d15afea9,R01,2019-03-12,2019
0.1,NQM9,prior_rth,8.727454909819639278557114228,497.5631262525050100200400812,499,499,5ee3e23bf838d15afea9,R02,2019-03-12,2019
0.1,NQU9,midnight,26.74901960784313725490196078,406.760784313725490196078431,255,255,5ee6611ff411b90824de,R04,2019-08-16,2019
0.1,NQU9,midnight,19.05945945945945945945945946,315.3675675675675675675675673,185,185,5ee6b5108e373ca858cb,R04,2019-07-24,2019
0.1,NQU9,prior_rth,25.63225806451612903225806452,3488.270967741935483870967742,155,155,5efc6cbb25f4e5bbdd1d,R01,2019-08-05,2019
0.1,NQU9,prior_rth,25.63225806451612903225806452,3488.270967741935483870967742,155,155,5efc6cbb25f4e5bbdd1d,R02,2019-08-05,2019
0.1,NQM9,midnight,23.64039408866995073891625616,404.2561576354679802955665023,203,203,5f38458cac325cea9264,R04,2019-06-03,2019
0.05,NQM9,opening_hour_rth,9.904,796.584,125,125,5f866d631745b212e9e4,R05,2019-04-30,2019
0.1,NQU9,midnight,19.00257069408740359897172237,269.095115681233933161953729,389,389,5fb409a1d2fd68617ae6,R04,2019-08-27,2019
0.1,NQZ9,full_overnight,26.44360902255639097744360902,433.4060150375939849624060148,133,133,5fb735663c80a8c5d2a3,R03,2019-11-27,2019
0.05,NQZ9,opening_hour_rth,9.1375,442.1749999999999999999999997,160,160,5fba3da14c6400bbd53e,R05,2019-10-07,2019
0.05,NQZ9,full_overnight,25.43269230769230769230769231,370.3125,208,208,5fda5e085ef04a8cb352,R03,2019-11-08,2019
0.2,NQU9,full_overnight,28.77678571428571428571428571,751.2321428571428571428571428,112,112,5fdd530aeac02c8e1e1c,R03,2019-07-18,2019
0.05,NQZ9,full_overnight,15.41886792452830188679245283,249.6792452830188679245283018,265,265,600a65a189b7b1728c22,R03,2019-11-04,2019
0.2,NQZ9,prior_rth,20.92592592592592592592592593,1194.939814814814814814814816,216,216,600ba5a19f07797a39db,R01,2019-12-06,2019
0.2,NQZ9,prior_rth,20.92592592592592592592592593,1194.939814814814814814814816,216,216,600ba5a19f07797a39db,R02,2019-12-06,2019
0.1,NQU9,prior_rth,28.13821138211382113821138211,1480.382113821138211382113819,123,123,600e59e591018ce97560,R01,2019-07-16,2019
0.1,NQU9,prior_rth,28.13821138211382113821138211,1480.382113821138211382113819,123,123,600e59e591018ce97560,R02,2019-07-16,2019
0.05,NQZ9,opening_hour_rth,9.034782608695652173913043478,756.8695652173913043478260868,115,115,600fe0ac4136fbd6d379,R05,2019-11-04,2019
0.1,NQH9,prior_rth,15.24330900243309002433090024,997.476885644768856447688563,411,411,605f223ba0f01be36950,R01,2019-02-01,2019
0.1,NQH9,prior_rth,15.24330900243309002433090024,997.476885644768856447688563,411,411,605f223ba0f01be36950,R02,2019-02-01,2019
0.1,NQU9,midnight,27.46757679180887372013651877,443.2662116040955631399317444,293,293,606335fc90316b29c9e5,R04,2019-08-13,2019
0.1,NQH9,midnight,37,505.4594594594594594594594595,111,111,606bcac22082d9b73c44,R04,2019-01-16,2019
0.2,NQU9,full_overnight,46.60919540229885057471264368,1258.908045977011494252873563,87,87,609a8b658e1f90ad0364,R03,2019-09-06,2019
0.2,NQU9,opening_hour_rth,13,1802.708333333333333333333333,48,48,60ad59b3ed2fee826335,R05,2019-07-11,2019
0.05,NQH9,opening_hour_rth,7.784688995215311004784688995,560.4736842105263157894736828,209,209,60c83ab652e25d82ab30,R05,2019-02-14,2019
0.2,NQH9,midnight,25.85875706214689265536723164,616.1129943502824858757062119,177,177,610b1f8be2afb1e5652b,R04,2019-01-04,2019
0.2,NQZ9,prior_rth,22.54545454545454545454545455,2352.832167832167832167832172,143,143,612304435023ce6494f2,R01,2019-11-01,2019
0.2,NQZ9,prior_rth,22.54545454545454545454545455,2352.832167832167832167832172,143,143,612304435023ce6494f2,R02,2019-11-01,2019
0.1,NQU9,prior_rth,18.86055776892430278884462151,1071.131474103585657370517929,251,251,61253b1036ffb3c17f17,R01,2019-07-24,2019
0.1,NQU9,prior_rth,18.86055776892430278884462151,1071.131474103585657370517929,251,251,61253b1036ffb3c17f17,R02,2019-07-24,2019
0.2,NQH9,prior_rth,19.08585858585858585858585859,2263.237373737373737373737371,198,198,614f915e267bb6a3ad00,R01,2019-03-08,2019
0.2,NQH9,prior_rth,19.08585858585858585858585859,2263.237373737373737373737371,198,198,614f915e267bb6a3ad00,R02,2019-03-08,2019
0.1,NQZ9,opening_hour_rth,4.346982758620689655172413793,312.2931034482758620689655162,464,464,61b95444f3cde1bd2402,R05,2019-12-12,2019
0.2,NQU9,midnight,18.76470588235294117647058824,270.9068627450980392156862747,204,204,61bcd0958f6d6e4777b0,R04,2019-07-01,2019
0.1,NQZ9,full_overnight,20.57866666666666666666666667,439.5733333333333333333333347,375,375,61d5094f9f18ffe872f6,R03,2019-12-04,2019
0.2,NQM9,full_overnight,26.26126126126126126126126126,743.9099099099099099099099101,111,111,61f0204be6420d89750f,R03,2019-05-02,2019
0.1,NQH9,prior_rth,14.70149253731343283582089552,909.2865671641791044776119394,335,335,61f211bed26b04278610,R01,2019-02-28,2019
0.1,NQH9,prior_rth,14.70149253731343283582089552,909.2865671641791044776119394,335,335,61f211bed26b04278610,R02,2019-02-28,2019
0.2,NQM9,full_overnight,19.36650485436893203883495146,252.7524271844660194174757282,412,412,61fe14961117b8699ee0,R03,2019-06-13,2019
0.1,NQH9,opening_hour_rth,7.866666666666666666666666667,533.0577777777777777777777769,225,225,6208fbcbf9a7cf42cb20,R05,2019-02-01,2019
0.1,NQM9,full_overnight,17.30185497470489038785834739,275.4013490725126475548060693,593,593,620e9b69ef1890706fca,R03,2019-05-13,2019
0.05,NQM9,prior_rth,16.90769230769230769230769231,868.5846153846153846153846138,455,455,621c180885b3d6ef6c6e,R01,2019-05-15,2019
0.05,NQM9,prior_rth,16.90769230769230769230769231,868.5846153846153846153846138,455,455,621c180885b3d6ef6c6e,R02,2019-05-15,2019
0.05,NQM9,opening_hour_rth,3.489795918367346938775510204,281.688775510204081632653064,392,392,62222c8353dcd5f1bfc6,R05,2019-05-16,2019
0.2,NQZ9,midnight,34.45771144278606965174129353,422.8059701492537313432835819,201,201,62316c5faab76462beb7,R04,2019-10-10,2019
0.2,NQM9,prior_rth,22.45402298850574712643678161,1612.488505747126436781609193,174,174,628154dd4d9cbf1089e9,R01,2019-04-25,2019
0.2,NQM9,prior_rth,22.45402298850574712643678161,1612.488505747126436781609193,174,174,628154dd4d9cbf1089e9,R02,2019-04-25,2019
0.1,NQM9,opening_hour_rth,5.09375,351.01923076923076923076923,416,416,62820f26ae2aff8598d1,R05,2019-06-03,2019
0.1,NQH9,prior_rth,19.19066147859922178988326848,1176.747081712062256809338519,257,257,629e49f49d44fea6fd37,R01,2019-02-06,2019
0.1,NQH9,prior_rth,19.19066147859922178988326848,1176.747081712062256809338519,257,257,629e49f49d44fea6fd37,R02,2019-02-06,2019
0.05,NQM9,opening_hour_rth,9.125,692.2763157894736842105263105,152,152,62a293a90970002bc680,R05,2019-05-03,2019
0.05,NQZ9,prior_rth,26.45251396648044692737430168,1648.011173184357541899441342,179,179,62ba4b3bfee61495bd32,R01,2019-11-14,2019
0.05,NQZ9,prior_rth,26.45251396648044692737430168,1648.011173184357541899441342,179,179,62ba4b3bfee61495bd32,R02,2019-11-14,2019
0.1,NQU9,full_overnight,41.71098265895953757225433526,633.0924855491329479768786087,173,173,62bcc5e9c2ec533d875a,R03,2019-09-06,2019
0.2,NQM9,midnight,17.63422818791946308724832215,312.9228187919463087248322147,298,298,62c92d4aac52b38b7519,R04,2019-05-22,2019
0.05,NQM9,full_overnight,20.07569721115537848605577689,362.3266932270916334661354589,251,251,62dd10087d18dfe9ddca,R03,2019-04-18,2019
0.1,NQH0,full_overnight,18.98265895953757225433526012,375.0520231213872832369942198,173,173,62e9fbec0df02175f519,R03,2019-12-27,2019
0.2,NQM9,prior_rth,29.57692307692307692307692308,2857.019230769230769230769228,156,156,62eff045fcd945786ef9,R01,2019-03-26,2019
0.2,NQM9,prior_rth,29.57692307692307692307692308,2857.019230769230769230769228,156,156,62eff045fcd945786ef9,R02,2019-03-26,2019
0.2,NQU9,opening_hour_rth,10.7247706422018348623853211,627.8440366972477064220183486,109,109,6312f0d18fa6e164730e,R05,2019-06-24,2019
0.2,NQU9,midnight,32.86516853932584269662921348,818.7078651685393258426966297,89,89,632b571c7e3b59731b4d,R04,2019-08-09,2019
0.1,NQM9,prior_rth,26.57425742574257425742574257,1472.549504950495049504950496,202,202,632d2217bfea6628ac06,R01,2019-04-01,2019
0.1,NQM9,prior_rth,26.57425742574257425742574257,1472.549504950495049504950496,202,202,632d2217bfea6628ac06,R02,2019-04-01,2019
0.2,NQZ9,midnight,18.44444444444444444444444444,309.5614035087719298245614036,171,171,6335fc6a1f81c125e371,R04,2019-11-13,2019
0.2,NQM9,full_overnight,26.75409836065573770491803279,724.7868852459016393442622951,183,183,636097fc5dcaefe99717,R03,2019-05-16,2019
0.2,NQZ9,opening_hour_rth,4.487068965517241379310344828,624.5862068965517241379310362,232,232,636a6d24ff5c4b3c89dc,R05,2019-12-12,2019
0.2,NQZ9,opening_hour_rth,6.945783132530120481927710843,497.1024096385542168674698792,166,166,63a3a50e248091c6c7ef,R05,2019-11-05,2019
0.2,NQH9,prior_rth,24.91803278688524590163934426,1533.102459016393442622950823,244,244,63bde5645b4abf1789e3,R01,2019-03-07,2019
0.2,NQH9,prior_rth,24.91803278688524590163934426,1533.102459016393442622950823,244,244,63bde5645b4abf1789e3,R02,2019-03-07,2019
0.05,NQM9,full_overnight,36.07142857142857142857142857,555.0446428571428571428571433,112,112,63d5387077ec8269cab0,R03,2019-04-02,2019
0.05,NQU9,midnight,17.72509960159362549800796813,342.7888446215139442231075697,251,251,640f7f2f731bc3a0e2ff,R04,2019-08-21,2019
0.05,NQZ9,midnight,34.61363636363636363636363636,539.8863636363636363636363635,132,132,64488131f623aa338dc9,R04,2019-10-16,2019
0.05,NQM9,opening_hour_rth,8.710526315789473684210526316,799.903508771929824561403509,114,114,646622e355b2575f1497,R05,2019-04-02,2019
0.05,NQH9,prior_rth,18.97289156626506024096385542,1137.144578313253012048192773,332,332,646ac4abc22085907dcf,R01,2019-02-15,2019
0.05,NQH9,prior_rth,18.97289156626506024096385542,1137.144578313253012048192773,332,332,646ac4abc22085907dcf,R02,2019-02-15,2019
0.1,NQM9,prior_rth,20.05047318611987381703470032,931.410094637223974763406941,317,317,64a19feba22efbfe18f0,R01,2019-05-28,2019
0.1,NQM9,prior_rth,20.05047318611987381703470032,931.410094637223974763406941,317,317,64a19feba22efbfe18f0,R02,2019-05-28,2019
0.05,NQH9,midnight,19.86486486486486486486486486,283.3693693693693693693693691,222,222,64cbe8c8775ca297ec35,R04,2019-01-29,2019
0.1,NQH9,full_overnight,27.58333333333333333333333333,377.1973684210526315789473685,228,228,64cffac4f5a1b6e4cbb8,R03,2019-01-22,2019
0.05,NQU9,prior_rth,21.45,1103.273333333333333333333329,300,300,64e076e916bfdd4424c8,R01,2019-09-11,2019
0.05,NQU9,prior_rth,21.45,1103.273333333333333333333329,300,300,64e076e916bfdd4424c8,R02,2019-09-11,2019
0.2,NQH9,opening_hour_rth,7.162790697674418604651162791,1117.732558139534883720930233,86,86,64eec7dd9ac9e90ca043,R05,2019-03-01,2019
0.2,NQZ9,opening_hour_rth,11.29508196721311475409836066,1039.508196721311475409836065,61,61,65297f0d3f24320b651c,R05,2019-09-17,2019
0.05,NQM9,prior_rth,27.57766990291262135922330097,1357.101941747572815533980585,206,206,65351ffc0a5711e4aec1,R01,2019-06-13,2019
0.05,NQM9,prior_rth,27.57766990291262135922330097,1357.101941747572815533980585,206,206,65351ffc0a5711e4aec1,R02,2019-06-13,2019
0.2,NQM9,opening_hour_rth,5.416666666666666666666666667,750.4999999999999999999999972,144,144,6549090e9bdae713b3af,R05,2019-06-10,2019
0.05,NQM9,full_overnight,19.7620578778135048231511254,335.4083601286173633440514486,311,311,65751184cedc31803195,R03,2019-06-07,2019
0.05,NQU9,midnight,21.30501930501930501930501931,407.9884169884169884169884174,259,259,658ee0209c787cae9db8,R04,2019-08-22,2019
0.1,NQM9,prior_rth,18.55284552845528455284552846,1192.056910569105691056910567,246,246,65aa16db47725ed2aacf,R01,2019-04-02,2019
0.1,NQM9,prior_rth,18.55284552845528455284552846,1192.056910569105691056910567,246,246,65aa16db47725ed2aacf,R02,2019-04-02,2019
0.05,NQM9,opening_hour_rth,7.230496453900709219858156028,584.7695035460992907801418422,282,282,65ae5cfabd4a8a8a2d68,R05,2019-05-07,2019
0.1,NQZ9,prior_rth,21.25524475524475524475524476,1176.416083916083916083916079,286,286,65d18e22fb63829b2b5d,R01,2019-11-01,2019
0.1,NQZ9,prior_rth,21.25524475524475524475524476,1176.416083916083916083916079,286,286,65d18e22fb63829b2b5d,R02,2019-11-01,2019
0.1,NQM9,prior_rth,8.872817955112219451371571072,869.1645885286783042394014975,401,401,65d8bc19d5252e84b51b,R01,2019-04-24,2019
0.1,NQM9,prior_rth,8.872817955112219451371571072,869.1645885286783042394014975,401,401,65d8bc19d5252e84b51b,R02,2019-04-24,2019
0.05,NQH9,midnight,34.14285714285714285714285714,542.8482142857142857142857143,112,112,65da86e43e2949ec856b,R04,2019-01-22,2019
0.05,NQU9,prior_rth,11.20598591549295774647887324,508.8697183098591549295774651,1136,1136,65e064eeac669ba846cb,R01,2019-08-26,2019
0.05,NQU9,prior_rth,11.20598591549295774647887324,508.8697183098591549295774651,1136,1136,65e064eeac669ba846cb,R02,2019-08-26,2019
0.1,NQZ9,midnight,13.05533596837944664031620553,303.2332015810276679841897234,253,253,65f489f9cb5b9aa0f410,R04,2019-12-06,2019
0.1,NQM9,prior_rth,14.6937799043062200956937799,979.1100478468899521531100469,418,418,6633befedb5071c99485,R01,2019-05-02,2019
0.1,NQM9,prior_rth,14.6937799043062200956937799,979.1100478468899521531100469,418,418,6633befedb5071c99485,R02,2019-05-02,2019
0.1,NQM9,midnight,16.33974358974358974358974359,211.4711538461538461538461538,312,312,663e2fcc62adcd898830,R04,2019-06-13,2019
0.1,NQZ9,opening_hour_rth,8.142857142857142857142857143,641.9761904761904761904761904,84,84,6672c06942a446e3552c,R05,2019-11-27,2019
0.05,NQU9,full_overnight,40.7754385964912280701754386,524.2035087719298245614035098,285,285,6674d37be79173ce4739,R03,2019-09-03,2019
0.1,NQZ9,full_overnight,35.47417840375586854460093897,411.619718309859154929577465,213,213,6689879d38e8f8874c1c,R03,2019-09-30,2019
0.05,NQM9,prior_rth,28.40064102564102564102564103,1428.509615384615384615384617,312,312,66a7ac8020cb86b0763c,R01,2019-03-26,2019
0.05,NQM9,prior_rth,28.40064102564102564102564103,1428.509615384615384615384617,312,312,66a7ac8020cb86b0763c,R02,2019-03-26,2019
0.2,NQU9,prior_rth,15.8128654970760233918128655,841.2368421052631578947368427,342,342,66be5aeb79286e82c7d5,R01,2019-09-10,2019
0.2,NQU9,prior_rth,15.8128654970760233918128655,841.2368421052631578947368427,342,342,66be5aeb79286e82c7d5,R02,2019-09-10,2019
0.1,NQM9,midnight,25.61574074074074074074074074,425.8425925925925925925925925,216,216,66c2af3c0c78894bd6ea,R04,2019-05-14,2019
0.1,NQU9,prior_rth,18.58378378378378378378378378,1213.297297297297297297297301,185,185,66d14f093007b77f4cc2,R01,2019-07-15,2019
0.1,NQU9,prior_rth,18.58378378378378378378378378,1213.297297297297297297297301,185,185,66d14f093007b77f4cc2,R02,2019-07-15,2019
0.1,NQU9,opening_hour_rth,6.685840707964601769911504425,453.5973451327433628318584058,226,226,66d682719dc5f854e9a6,R05,2019-09-11,2019
0.1,NQU9,opening_hour_rth,8.759615384615384615384615385,1282.519230769230769230769229,104,104,66e04b4b211a39a682e4,R05,2019-08-02,2019
0.05,NQZ9,prior_rth,14.24358974358974358974358974,842.1004273504273504273504291,468,468,66e718705308bf129403,R01,2019-11-21,2019
0.05,NQZ9,prior_rth,14.24358974358974358974358974,842.1004273504273504273504291,468,468,66e718705308bf129403,R02,2019-11-21,2019
0.05,NQM9,full_overnight,18.89763779527559055118110236,361.3700787401574803149606296,254,254,670204fc71233a5dd527,R03,2019-04-03,2019
0.2,NQM9,opening_hour_rth,15.15686274509803921568627451,893.2156862745098039215686275,51,51,6722bb542f82c60f7c69,R05,2019-06-14,2019
0.2,NQZ9,opening_hour_rth,7.587301587301587301587301587,564.8809523809523809523809524,126,126,67710248173df418f90d,R05,2019-11-13,2019
0.05,NQH9,opening_hour_rth,8.42931937172774869109947644,599.1727748691099476439790545,191,191,6780fd755234d8857a10,R05,2019-02-15,2019
0.05,NQZ9,full_overnight,26.22374429223744292237442922,449.7579908675799086757990863,219,219,6793f2bff62cca7a7e07,R03,2019-12-05,2019
0.2,NQM9,prior_rth,22.75225225225225225225225225,1710.59009009009009009009009,222,222,67bc4add238e283ceb1c,R01,2019-04-18,2019
0.2,NQM9,prior_rth,22.75225225225225225225225225,1710.59009009009009009009009,222,222,67bc4add238e283ceb1c,R02,2019-04-18,2019
0.1,NQH9,opening_hour_rth,6.061290322580645161290322581,409.9677419354838709677419355,310,310,67bf5cc15bf1bdcb7659,R05,2019-01-08,2019
0.2,NQH0,midnight,22.304,393.864,125,125,67e225fc65e20a0bee6e,R04,2019-12-17,2019
0.05,NQZ9,midnight,27.20588235294117647058823529,429.8627450980392156862745094,102,102,67ee65db5f07a15884ef,R04,2019-10-25,2019
0.1,NQH9,opening_hour_rth,8.345,614.660000000000000000000004,200,200,681b43c7150d9581d9ff,R05,2019-01-18,2019
0.05,NQZ9,opening_hour_rth,9.959183673469387755102040816,759.3469387755102040816326533,98,98,6847d3060ce5c7935328,R05,2019-12-06,2019
0.2,NQM9,prior_rth,18.80921052631578947368421053,2279.868421052631578947368421,152,152,684bed4d0417d2bbcd0d,R01,2019-04-05,2019
0.2,NQM9,prior_rth,18.80921052631578947368421053,2279.868421052631578947368421,152,152,684bed4d0417d2bbcd0d,R02,2019-04-05,2019
0.2,NQZ9,prior_rth,12.55691056910569105691056911,1389.365853658536585365853658,246,246,687b6e239cdbeec3a9da,R01,2019-10-21,2019
0.2,NQZ9,prior_rth,12.55691056910569105691056911,1389.365853658536585365853658,246,246,687b6e239cdbeec3a9da,R02,2019-10-21,2019
0.1,NQM9,opening_hour_rth,5.082608695652173913043478261,623.7999999999999999999999991,230,230,68af572a0bfcad2cc1c2,R05,2019-05-15,2019
0.05,NQH9,opening_hour_rth,12.09836065573770491803278689,656.4863387978142076502732235,183,183,68ba81b639ca6c11d1f5,R05,2019-01-09,2019
0.1,NQM9,opening_hour_rth,7.446808510638297872340425532,1169.539007092198581560283687,141,141,68bc5249cb0d35cd44c9,R05,2019-05-07,2019
0.1,NQH9,prior_rth,19.7,1141.995833333333333333333333,240,240,68d6280ee00d4e32703f,R01,2019-02-27,2019
0.1,NQH9,prior_rth,19.7,1141.995833333333333333333333,240,240,68d6280ee00d4e32703f,R02,2019-02-27,2019
0.05,NQH9,prior_rth,22.07223113964686998394863563,885.597110754414125200642056,623,623,68db0b39a491f720f732,R01,2019-01-04,2019
0.05,NQH9,prior_rth,22.07223113964686998394863563,885.597110754414125200642056,623,623,68db0b39a491f720f732,R02,2019-01-04,2019
0.1,NQZ9,full_overnight,25.43269230769230769230769231,370.3125,208,208,68f83510499d521ace79,R03,2019-11-08,2019
0.2,NQU9,prior_rth,19.58083832335329341317365269,952.796407185628742514970059,334,334,69413934500ece920598,R01,2019-06-20,2019
0.2,NQU9,prior_rth,19.58083832335329341317365269,952.796407185628742514970059,334,334,69413934500ece920598,R02,2019-06-20,2019
0.2,NQH9,opening_hour_rth,8.779411764705882352941176471,1807.823529411764705882352937,68,68,6943567c7dae77fa6c51,R05,2019-01-18,2019
0.1,NQU9,full_overnight,21.43564356435643564356435644,293.9273927392739273927392738,303,303,69458edd87476967d16a,R03,2019-06-27,2019
0.2,NQH9,prior_rth,23.6886792452830188679245283,1829.537735849056603773584907,106,106,696c518d2ac211aeb517,R01,2019-03-11,2019
0.2,NQH9,prior_rth,23.6886792452830188679245283,1829.537735849056603773584907,106,106,696c518d2ac211aeb517,R02,2019-03-11,2019
0.1,NQZ9,midnight,19.68794326241134751773049645,473.2836879432624113475177309,141,141,699966b742b04d957931,R04,2019-11-15,2019
0.2,NQZ9,prior_rth,20.31914893617021276595744681,1824.148936170212765957446809,141,141,69b3e235d2840019a91a,R01,2019-10-18,2019
0.2,NQZ9,prior_rth,20.31914893617021276595744681,1824.148936170212765957446809,141,141,69b3e235d2840019a91a,R02,2019-10-18,2019
0.2,NQZ9,full_overnight,26.66836734693877551020408163,427.3418367346938775510204085,196,196,69ba93988cceb9b71128,R03,2019-12-11,2019
0.1,NQZ9,midnight,17.08362369337979094076655052,253.4041811846689895470383275,287,287,69df2a001008f0c91ba7,R04,2019-09-23,2019
0.05,NQH9,midnight,16.41869918699186991869918699,258.8943089430894308943089436,246,246,69df2c0d3420cc50cdc2,R04,2019-02-21,2019
0.1,NQZ9,midnight,17.05696202531645569620253165,268.0759493670886075949367092,316,316,6a1b6168a8a550913b4d,R04,2019-10-14,2019
0.05,NQH9,prior_rth,25.39393939393939393939393939,1179.597402597402597402597401,231,231,6a21f29bf36f0f65f488,R01,2019-01-15,2019
0.05,NQH9,prior_rth,25.39393939393939393939393939,1179.597402597402597402597401,231,231,6a21f29bf36f0f65f488,R02,2019-01-15,2019
0.1,NQZ9,midnight,16.44672131147540983606557377,248.4344262295081967213114752,244,244,6a263190097293bddd38,R04,2019-09-27,2019
0.05,NQM9,prior_rth,11.72614840989399293286219081,736.492932862190812720848056,566,566,6a52b5d215246ff8b670,R01,2019-05-07,2019
0.05,NQM9,prior_rth,11.72614840989399293286219081,736.492932862190812720848056,566,566,6a52b5d215246ff8b670,R02,2019-05-07,2019
0.2,NQM9,prior_rth,28.46534653465346534653465347,2945.09900990099009900990099,101,101,6a5b7d8703bc5cd9905f,R01,2019-04-01,2019
0.2,NQM9,prior_rth,28.46534653465346534653465347,2945.09900990099009900990099,101,101,6a5b7d8703bc5cd9905f,R02,2019-04-01,2019
0.1,NQZ9,opening_hour_rth,7.602339181286549707602339181,445.2690058479532163742690056,171,171,6a5ebe46e90fb29b7f8e,R05,2019-10-21,2019
0.2,NQM9,opening_hour_rth,5.201298701298701298701298701,931.6493506493506493506493532,154,154,6a6be64ad4a9b4ff090f,R05,2019-05-15,2019
0.05,NQH9,full_overnight,23.58048780487804878048780488,334.5756097560975609756097562,205,205,6a7b94911762819dfa34,R03,2019-02-19,2019
0.2,NQM9,midnight,10.40178571428571428571428571,181.3437499999999999999999994,672,672,6acc96f970c8f8b280a3,R04,2019-05-20,2019
0.2,NQU9,full_overnight,26.28239202657807308970099668,459.4385382059800664451827249,301,301,6ad10792af94915fb253,R03,2019-08-22,2019
0.2,NQM9,opening_hour_rth,11.13559322033898305084745763,1689.169491525423728813559322,59,59,6b3eb7b1ffdf21972447,R05,2019-03-20,2019
0.1,NQH9,opening_hour_rth,8.166666666666666666666666667,594.8866666666666666666666674,150,150,6b735f2a67106434ca57,R05,2019-02-28,2019
0.2,NQU9,prior_rth,14.45547945205479452054794521,835.5205479452054794520547973,292,292,6b787751327c92bca130,R01,2019-07-30,2019
0.2,NQU9,prior_rth,14.45547945205479452054794521,835.5205479452054794520547973,292,292,6b787751327c92bca130,R02,2019-07-30,2019
0.2,NQZ9,full_overnight,32.36363636363636363636363636,1304.499999999999999999999999,88,88,6b8f31fcb9d309c73790,R03,2019-10-14,2019
0.05,NQM9,midnight,27.65467625899280575539568345,397.6906474820143884892086328,139,139,6b92c6e7fb4956469e13,R04,2019-06-10,2019
0.1,NQZ9,midnight,26.88271604938271604938271605,417.351851851851851851851852,162,162,6b94b6795b803dc8f0f8,R04,2019-10-15,2019
0.05,NQU9,prior_rth,22.89208633093525179856115108,1018.025179856115107913669066,278,278,6bae5204264cfe7c958b,R01,2019-08-21,2019
0.05,NQU9,prior_rth,22.89208633093525179856115108,1018.025179856115107913669066,278,278,6bae5204264cfe7c958b,R02,2019-08-21,2019
0.05,NQU9,opening_hour_rth,3.945454545454545454545454545,328.2333333333333333333333324,330,330,6bcfaf4a6e1d532450f1,R05,2019-09-05,2019
0.2,NQZ9,opening_hour_rth,7.143790849673202614379084967,808.5490196078431372549019601,153,153,6c03baf8c51c3ecf42f2,R05,2019-09-25,2019
0.2,NQM9,prior_rth,21.28301886792452830188679245,1856.962264150943396226415096,159,159,6c0d1391d06733e05b5f,R01,2019-05-28,2019
0.2,NQM9,prior_rth,21.28301886792452830188679245,1856.962264150943396226415096,159,159,6c0d1391d06733e05b5f,R02,2019-05-28,2019
0.2,NQZ9,opening_hour_rth,5.738461538461538461538461538,413.6230769230769230769230766,130,130,6c100b43b722136ed79c,R05,2019-12-11,2019
0.05,NQM9,prior_rth,16.76157407407407407407407407,840.0138888888888888888888896,432,432,6c4d4e0329cf21960c49,R01,2019-06-12,2019
0.05,NQM9,prior_rth,16.76157407407407407407407407,840.0138888888888888888888896,432,432,6c4d4e0329cf21960c49,R02,2019-06-12,2019
0.1,NQZ9,prior_rth,14.23936170212765957446808511,909.5372340425531914893617021,188,188,6c5efb4b057bcfc16856,R01,2019-12-02,2019
0.1,NQZ9,prior_rth,14.23936170212765957446808511,909.5372340425531914893617021,188,188,6c5efb4b057bcfc16856,R02,2019-12-02,2019
0.2,NQH9,opening_hour_rth,10,1308.194805194805194805194805,77,77,6c69afcc2d41ff5ca7f8,R05,2019-03-05,2019
0.1,NQZ9,prior_rth,22.99065420560747663551401869,1492.271028037383177570093457,107,107,6c72732b573406325bbf,R01,2019-12-16,2019
0.1,NQZ9,prior_rth,22.99065420560747663551401869,1492.271028037383177570093457,107,107,6c72732b573406325bbf,R02,2019-12-16,2019
0.1,NQU9,midnight,29.8361581920903954802259887,411.6666666666666666666666667,177,177,6c86a1c6b818bbb1b6b6,R04,2019-08-09,2019
0.2,NQU9,prior_rth,20.65625,2464.562500000000000000000002,128,128,6c9c20f01f07c13898af,R01,2019-07-12,2019
0.2,NQU9,prior_rth,20.65625,2464.562500000000000000000002,128,128,6c9c20f01f07c13898af,R02,2019-07-12,2019
0.2,NQH9,midnight,17.4450867052023121387283237,249.1502890173410404624277456,173,173,6cc04b6e44556950a15e,R04,2019-02-05,2019
0.2,NQZ9,full_overnight,26.44360902255639097744360902,433.4060150375939849624060148,133,133,6cc6757c67cabaed8519,R03,2019-11-27,2019
0.05,NQM9,prior_rth,12.58607350096711798839458414,726.0831721470019342359767907,517,517,6cd042a0a0ce1561e037,R01,2019-05-17,2019
0.05,NQM9,prior_rth,12.58607350096711798839458414,726.0831721470019342359767907,517,517,6cd042a0a0ce1561e037,R02,2019-05-17,2019
0.05,NQH9,prior_rth,21.40271493212669683257918552,1228.357466063348416289592764,221,221,6cd7484313a5bb4c9aee,R01,2019-02-14,2019
0.05,NQH9,prior_rth,21.40271493212669683257918552,1228.357466063348416289592764,221,221,6cd7484313a5bb4c9aee,R02,2019-02-14,2019
0.05,NQU9,full_overnight,35.08988764044943820224719101,491.0337078651685393258426969,178,178,6d105cccc093cb6cf63a,R03,2019-07-19,2019
0.1,NQZ9,prior_rth,20.01463414634146341463414634,1281.936585365853658536585362,205,205,6d2bfdca715b1108bdd8,R01,2019-11-04,2019
0.1,NQZ9,prior_rth,20.01463414634146341463414634,1281.936585365853658536585362,205,205,6d2bfdca715b1108bdd8,R02,2019-11-04,2019
0.2,NQU9,prior_rth,39.01818181818181818181818182,1754.60909090909090909090909,110,110,6d358dc2038f810c0f64,R01,2019-06-25,2019
0.2,NQU9,prior_rth,39.01818181818181818181818182,1754.60909090909090909090909,110,110,6d358dc2038f810c0f64,R02,2019-06-25,2019
0.2,NQZ9,opening_hour_rth,5.897959183673469387755102041,985.4795918367346938775510207,98,98,6d3cc678cdccdd13d706,R05,2019-10-10,2019
0.05,NQZ9,full_overnight,29.02573529411764705882352941,484.8602941176470588235294143,272,272,6d57dc135041c781f7da,R03,2019-11-21,2019
0.2,NQZ9,midnight,27.39583333333333333333333333,360.2604166666666666666666668,96,96,6d57ff5325e4813d886c,R04,2019-09-18,2019
0.1,NQM9,full_overnight,19.36650485436893203883495146,252.7524271844660194174757282,412,412,6d6dc74bfa4cabaed952,R03,2019-06-13,2019
0.1,NQH0,opening_hour_rth,8.433734939759036144578313253,633.0120481927710843373493982,83,83,6d8369355cdbb63a93ed,R05,2019-12-19,2019
0.1,NQZ9,opening_hour_rth,5.355029585798816568047337278,349.4556213017751479289940828,338,338,6d85e7687db1a79a4397,R05,2019-10-01,2019
0.05,NQH9,midnight,17.4450867052023121387283237,249.1502890173410404624277456,173,173,6d8a07b7a8af2e9fb852,R04,2019-02-05,2019
0.1,NQM9,midnight,22.35593220338983050847457627,473.9661016949152542372881354,118,118,6d8a4668c24a4e316f4f,R04,2019-04-25,2019
0.05,NQU9,full_overnight,27.35135135135135135135135135,418.4594594594594594594594592,185,185,6dac81880ddc8ff3bbe1,R03,2019-07-24,2019
0.05,NQH0,midnight,18.04109589041095890410958904,352.8698630136986301369863015,146,146,6db3407f9752279106d0,R04,2019-12-16,2019
0.1,NQU9,prior_rth,27.44897959183673469387755102,2290.074829931972789115646258,147,147,6dba6821fbfb679e032f,R01,2019-08-27,2019
0.1,NQU9,prior_rth,27.44897959183673469387755102,2290.074829931972789115646258,147,147,6dba6821fbfb679e032f,R02,2019-08-27,2019
0.2,NQU9,midnight,24.54098360655737704918032787,433.6967213114754098360655737,122,122,6df32989d792bd6dd137,R04,2019-07-26,2019
0.05,NQH9,full_overnight,30.78289473684210526315789474,405.9407894736842105263157893,152,152,6e08f49372e7de6fe3ff,R03,2019-02-06,2019
0.05,NQZ9,midnight,26.6259541984732824427480916,550.5572519083969465648854966,131,131,6e2d6a93b4dd37d0d204,R04,2019-11-22,2019
0.1,NQM9,prior_rth,17.10794297352342158859470468,1003.454175152749490835030549,491,491,6e42e765a0fe2195d924,R01,2019-05-03,2019
0.1,NQM9,prior_rth,17.10794297352342158859470468,1003.454175152749490835030549,491,491,6e42e765a0fe2195d924,R02,2019-05-03,2019
0.1,NQM9,opening_hour_rth,4.52972972972972972972972973,344.6378378378378378378378376,370,370,6e687ead608f29bc5b22,R05,2019-05-06,2019
0.1,NQU9,opening_hour_rth,6.412556053811659192825112108,477.0224215246636771300448395,223,223,6e8bc8d64e6d0ee6c405,R05,2019-09-10,2019
0.05,NQZ9,prior_rth,21.25524475524475524475524476,1176.416083916083916083916079,286,286,6e962ef5028de8da5035,R01,2019-11-01,2019
0.05,NQZ9,prior_rth,21.25524475524475524475524476,1176.416083916083916083916079,286,286,6e962ef5028de8da5035,R02,2019-11-01,2019
0.1,NQH9,prior_rth,21.6937984496124031007751938,1274.310077519379844961240312,258,258,6ea28f07d2d1af9b2d64,R01,2019-02-22,2019
0.1,NQH9,prior_rth,21.6937984496124031007751938,1274.310077519379844961240312,258,258,6ea28f07d2d1af9b2d64,R02,2019-02-22,2019
0.05,NQM9,full_overnight,29.42168674698795180722891566,452.8835341365461847389558217,249,249,6eb98e1458d149e751c2,R03,2019-03-28,2019
0.05,NQU9,full_overnight,17.82135523613963039014373717,302.4887063655030800821355232,487,487,6f2216ce7981f59ccfaf,R03,2019-08-23,2019
0.1,NQU9,prior_rth,15.63007159904534606205250597,729.7350835322195704057279215,419,419,6f26653ed2e3d07d47be,R01,2019-09-03,2019
0.1,NQU9,prior_rth,15.63007159904534606205250597,729.7350835322195704057279215,419,419,6f26653ed2e3d07d47be,R02,2019-09-03,2019
0.05,NQZ9,midnight,23.59006211180124223602484472,358.5341614906832298136645963,161,161,6f48b6676d53d632dec6,R04,2019-10-18,2019
0.05,NQZ9,opening_hour_rth,7.468253968253968253968253968,470.4761904761904761904761904,126,126,6f69d91776019918d779,R05,2019-11-11,2019
0.2,NQZ9,prior_rth,26.95522388059701492537313433,3545.850746268656716417910449,67,67,6f7652a1a493f635481f,R01,2019-11-18,2019
0.2,NQZ9,prior_rth,26.95522388059701492537313433,3545.850746268656716417910449,67,67,6f7652a1a493f635481f,R02,2019-11-18,2019
0.2,NQU9,full_overnight,28.96923076923076923076923077,702.2461538461538461538461538,195,195,6fe7d9288fa90700e6f5,R03,2019-08-27,2019
0.1,NQM9,opening_hour_rth,9.132183908045977011494252874,652.8160919540229885057471253,174,174,6ff72ced771e58b8f7ea,R05,2019-03-27,2019
0.2,NQM9,midnight,20.69607843137254901960784314,345.0686274509803921568627448,204,204,7017dbaa7c0d532aee11,R04,2019-03-26,2019
0.2,NQM9,prior_rth,14.58088235294117647058823529,962.5919117647058823529411761,272,272,701d15dff76b3fd6c6e1,R01,2019-04-09,2019
0.2,NQM9,prior_rth,14.58088235294117647058823529,962.5919117647058823529411761,272,272,701d15dff76b3fd6c6e1,R02,2019-04-09,2019
0.2,NQU9,prior_rth,29.97297297297297297297297297,4549.202702702702702702702705,74,74,70283e8bf191eff4c62e,R01,2019-08-27,2019
0.2,NQU9,prior_rth,29.97297297297297297297297297,4549.202702702702702702702705,74,74,70283e8bf191eff4c62e,R02,2019-08-27,2019
0.1,NQH0,full_overnight,25.51470588235294117647058824,487.8235294117647058823529413,136,136,7047de5f3dd22f2c98b1,R03,2019-12-30,2019
0.1,NQM9,opening_hour_rth,10.36,706.7599999999999999999999987,150,150,704d14510919cba608e8,R05,2019-05-31,2019
0.1,NQM9,opening_hour_rth,7.502645502645502645502645503,622.1216931216931216931216921,189,189,7052e85bfb98cb0758a9,R05,2019-03-26,2019
0.05,NQM9,midnight,20.69607843137254901960784314,345.0686274509803921568627448,204,204,70a1ea6bf85967656915,R04,2019-03-26,2019
0.1,NQZ9,prior_rth,17.89519650655021834061135371,1087.11353711790393013100437,229,229,70a3008ec2b8e039d3ec,R01,2019-11-13,2019
0.1,NQZ9,prior_rth,17.89519650655021834061135371,1087.11353711790393013100437,229,229,70a3008ec2b8e039d3ec,R02,2019-11-13,2019
0.2,NQM9,prior_rth,13.05067567567567567567567568,1426.739864864864864864864865,296,296,70b359992c9dd0bde0c0,R01,2019-06-05,2019
0.2,NQM9,prior_rth,13.05067567567567567567567568,1426.739864864864864864864865,296,296,70b359992c9dd0bde0c0,R02,2019-06-05,2019
0.05,NQU9,opening_hour_rth,7.121568627450980392156862745,450.0549019607843137254901953,255,255,70b3c73d62f092ac57a0,R05,2019-08-08,2019
0.1,NQZ9,opening_hour_rth,7.397058823529411764705882353,525.0588235294117647058823529,136,136,70b6621361b6d3755347,R05,2019-10-28,2019
0.1,NQZ9,opening_hour_rth,5.8,666.0482758620689655172413786,145,145,711dc0c46284c31c0674,R05,2019-10-10,2019
0.05,NQZ9,midnight,17.96296296296296296296296296,241.8032407407407407407407414,432,432,715239e02c4743a71718,R04,2019-10-09,2019
0.2,NQZ9,prior_rth,14.44728434504792332268370607,854.932907348242811501597439,313,313,715333eb03bb9d865953,R01,2019-11-08,2019
0.2,NQZ9,prior_rth,14.44728434504792332268370607,854.932907348242811501597439,313,313,715333eb03bb9d865953,R02,2019-11-08,2019
0.2,NQZ9,prior_rth,11.65671641791044776119402985,1227.497512437810945273631841,201,201,716340d1de644dfb55cd,R01,2019-10-16,2019
0.2,NQZ9,prior_rth,11.65671641791044776119402985,1227.497512437810945273631841,201,201,716340d1de644dfb55cd,R02,2019-10-16,2019
0.1,NQH9,prior_rth,18.41576086956521739130434783,1058.133152173913043478260869,368,368,7173f6f3b0fb1a1baa93,R01,2019-01-22,2019
0.1,NQH9,prior_rth,18.41576086956521739130434783,1058.133152173913043478260869,368,368,7173f6f3b0fb1a1baa93,R02,2019-01-22,2019
0.1,NQM9,full_overnight,18.27157894736842105263157895,296.637894736842105263157896,475,475,7185220f5708ae9e9c56,R03,2019-05-23,2019
0.05,NQZ9,prior_rth,10.35310344827586206896551724,547.3572413793103448275862061,725,725,71a37d8437d5bd0bba6f,R01,2019-09-26,2019
0.05,NQZ9,prior_rth,10.35310344827586206896551724,547.3572413793103448275862061,725,725,71a37d8437d5bd0bba6f,R02,2019-09-26,2019
0.1,NQU9,midnight,22.78877887788778877887788779,408.1782178217821782178217832,303,303,71a447b921f92ececfec,R04,2019-08-28,2019
0.05,NQM9,full_overnight,20.87596899224806201550387597,207.0968992248062015503875971,258,258,71c45d57de9c886021d5,R03,2019-03-11,2019
0.1,NQM9,opening_hour_rth,10.35365853658536585365853659,1680.707317073170731707317076,82,82,71cf49e5ef22782b1e2d,R05,2019-05-08,2019
0.05,NQZ9,full_overnight,18.81932773109243697478991597,268.7226890756302521008403366,476,476,71d7969d16971ddc199d,R03,2019-10-08,2019
0.05,NQZ9,full_overnight,20.3341645885286783042394015,266.0897755610972568578553618,401,401,71ed31fcd0bf29792ec8,R03,2019-10-02,2019
0.1,NQZ9,opening_hour_rth,8.914728682170542635658914729,572.6666666666666666666666675,129,129,7251b5232767b8be1e95,R05,2019-10-22,2019
0.1,NQM9,opening_hour_rth,8.246031746031746031746031746,1004.873015873015873015873012,126,126,72556c6c88e51804332d,R05,2019-05-17,2019
0.1,NQH9,midnight,31.12571428571428571428571429,351.2399999999999999999999999,175,175,726680990a91a6918fb3,R04,2019-01-10,2019
0.05,NQM9,full_overnight,19.49144254278728606356968215,339.7652811735941320293398526,409,409,727dc0d0edc6d7d5eb85,R03,2019-05-07,2019
0.1,NQZ9,midnight,16.20505617977528089887640449,240.483146067415730337078652,356,356,728348db3cc27328df33,R04,2019-10-02,2019
0.1,NQM9,full_overnight,19.7620578778135048231511254,335.4083601286173633440514486,311,311,728a1a4b26e72008a1c4,R03,2019-06-07,2019
0.2,NQU9,opening_hour_rth,7.647798742138364779874213836,549.3459119496855345911949685,159,159,72a3161df02bd0e56181,R05,2019-09-09,2019
0.2,NQM9,full_overnight,32.93333333333333333333333333,940.2666666666666666666666696,135,135,72a93e070f0da409d0a5,R03,2019-05-21,2019
0.2,NQM9,prior_rth,15.04672897196261682242990654,1719.990654205607476635514017,321,321,72ac8837a549ff65ee58,R01,2019-03-25,2019
0.2,NQM9,prior_rth,15.04672897196261682242990654,1719.990654205607476635514017,321,321,72ac8837a549ff65ee58,R02,2019-03-25,2019
0.2,NQM9,full_overnight,28.20689655172413793103448276,504.1494252873563218390804605,261,261,72ad6ad19869065f3473,R03,2019-06-05,2019
0.2,NQH9,prior_rth,19.19066147859922178988326848,1176.747081712062256809338519,257,257,72e2a302244e8abce7a7,R01,2019-02-06,2019
0.2,NQH9,prior_rth,19.19066147859922178988326848,1176.747081712062256809338519,257,257,72e2a302244e8abce7a7,R02,2019-02-06,2019
0.1,NQH0,opening_hour_rth,5.035294117647058823529411765,360.7705882352941176470588231,170,170,732101c275d5d3e03302,R05,2019-12-16,2019
0.1,NQU9,opening_hour_rth,9.93,661.9800000000000000000000002,100,100,7333cc386b60ee255bec,R05,2019-07-17,2019
0.2,NQM9,midnight,18.52864583333333333333333333,347.9739583333333333333333372,384,384,7335b1b3b0dfa9c8a69f,R04,2019-05-08,2019
0.2,NQU9,opening_hour_rth,6.780487804878048780487804878,1027.939024390243902439024389,82,82,7359845ef1c065c036dc,R05,2019-07-08,2019
0.05,NQU9,opening_hour_rth,6.412556053811659192825112108,477.0224215246636771300448395,223,223,7361aba4a1ac135f3095,R05,2019-09-10,2019
0.2,NQZ9,prior_rth,18.29439252336448598130841121,1056.757009345794392523364489,214,214,7383e05f3056d4e6ddf8,R01,2019-10-29,2019
0.2,NQZ9,prior_rth,18.29439252336448598130841121,1056.757009345794392523364489,214,214,7383e05f3056d4e6ddf8,R02,2019-10-29,2019
0.1,NQU9,full_overnight,24.49342105263157894736842105,329.7763157894736842105263155,304,304,73885066728da9a75b88,R03,2019-09-10,2019
0.1,NQZ9,opening_hour_rth,4.959409594095940959409594096,356.10701107011070110701107,271,271,7396b39773bfd1dd2ead,R05,2019-09-27,2019
0.2,NQZ9,prior_rth,18.92376681614349775784753363,1284.340807174887892376681615,223,223,73d9d59c6a97825fae96,R01,2019-11-15,2019
0.2,NQZ9,prior_rth,18.92376681614349775784753363,1284.340807174887892376681615,223,223,73d9d59c6a97825fae96,R02,2019-11-15,2019
0.2,NQZ9,full_overnight,33.30120481927710843373493976,1170.228915662650602409638554,83,83,73f936eda19cea48bb56,R03,2019-10-23,2019
0.1,NQH9,midnight,14.0102040816326530612244898,256.47278911564625850340136,294,294,740a1b1292d1b627e92b,R04,2019-02-14,2019
0.1,NQM9,midnight,21.40287769784172661870503597,249.7769784172661870503597124,139,139,74253e5f1f24f16b93bd,R04,2019-03-11,2019
0.05,NQU9,prior_rth,19.84581497797356828193832599,993.4889867841409691629955969,227,227,7433083557b370baa38c,R01,2019-07-05,2019
0.05,NQU9,prior_rth,19.84581497797356828193832599,993.4889867841409691629955969,227,227,7433083557b370baa38c,R02,2019-07-05,2019
0.2,NQZ9,prior_rth,27.41758241758241758241758242,2533.945054945054945054945051,91,91,7480a3ca3476aee669d9,R01,2019-10-17,2019
0.2,NQZ9,prior_rth,27.41758241758241758241758242,2533.945054945054945054945051,91,91,7480a3ca3476aee669d9,R02,2019-10-17,2019
0.2,NQM9,opening_hour_rth,4.672222222222222222222222222,385.4222222222222222222222226,180,180,74b41a11ec91dd3cfb0b,R05,2019-04-15,2019
0.1,NQZ9,full_overnight,26.048582995951417004048583,393.2348178137651821862348177,247,247,74e626a27105252c811b,R03,2019-10-23,2019
0.1,NQH0,opening_hour_rth,4.272727272727272727272727273,315.8796068796068796068796049,407,407,7528ac366737995ef454,R05,2019-12-30,2019
0.2,NQM9,opening_hour_rth,10.40983606557377049180327869,1566.409836065573770491803278,61,61,7538d4786c5b1a62055a,R05,2019-04-05,2019
0.2,NQH9,opening_hour_rth,9.726190476190476190476190476,1268.428571428571428571428569,84,84,7582815119f9a516efba,R05,2019-01-22,2019
0.05,NQU9,opening_hour_rth,8.212643678160919540229885057,566.8275862068965517241379313,174,174,75aa171c2f51db1f1b41,R05,2019-07-30,2019
0.05,NQU9,opening_hour_rth,8.064705882352941176470588235,542.8764705882352941176470583,170,170,75b8fcd3be2c5076571e,R05,2019-08-29,2019
0.05,NQZ9,full_overnight,21.9103139013452914798206278,336.1300448430493273542600897,223,223,75f3b237c2975a7e69f5,R03,2019-11-26,2019
0.1,NQM9,opening_hour_rth,7.025641025641025641025641026,465.0384615384615384615384567,312,312,75f7f475c4379b0b2008,R05,2019-03-25,2019
0.05,NQZ9,midnight,24.35433070866141732283464567,353.9291338582677165354330707,127,127,75fd841d9ce227332acc,R04,2019-11-12,2019
0.1,NQH9,prior_rth,21.18296529968454258675078864,611.769716088328075709779182,317,317,764277e947e977ab9325,R01,2019-03-11,2019
0.1,NQH9,prior_rth,21.18296529968454258675078864,611.769716088328075709779182,317,317,764277e947e977ab9325,R02,2019-03-11,2019
0.1,NQH9,full_overnight,21.68211920529801324503311258,296.1324503311258278145695361,302,302,766fb566a02856d65248,R03,2019-01-18,2019
0.2,NQU9,midnight,21.05263157894736842105263158,301.7894736842105263157894739,114,114,7698c92e2b25bf13679f,R04,2019-07-29,2019
0.05,NQM9,prior_rth,22.25174825174825174825174825,1745.72027972027972027972028,143,143,7699f0d54d1f606ab8c1,R01,2019-04-15,2019
0.05,NQM9,prior_rth,22.25174825174825174825174825,1745.72027972027972027972028,143,143,7699f0d54d1f606ab8c1,R02,2019-04-15,2019
0.05,NQZ9,prior_rth,20.18552036199095022624434389,830.565610859728506787330319,221,221,76c40ef4cb9993d1c4fd,R01,2019-09-18,2019
0.05,NQZ9,prior_rth,20.18552036199095022624434389,830.565610859728506787330319,221,221,76c40ef4cb9993d1c4fd,R02,2019-09-18,2019
0.1,NQH9,opening_hour_rth,10.09803921568627450980392157,811.5392156862745098039215686,102,102,76e9ab0a3afb6a101989,R05,2019-02-25,2019
0.1,NQZ9,prior_rth,11.80244399185336048879837067,696.0977596741344195519348269,491,491,773d428fa4069179f7b5,R01,2019-10-21,2019
0.1,NQZ9,prior_rth,11.80244399185336048879837067,696.0977596741344195519348269,491,491,773d428fa4069179f7b5,R02,2019-10-21,2019
0.2,NQU9,opening_hour_rth,3.948630136986301369863013699,324.5479452054794520547945209,292,292,773f788198c49e831b77,R05,2019-07-29,2019
0.05,NQM9,midnight,14.41896024464831804281345566,274.397553516819571865443425,327,327,774ee7853a1e2046836f,R04,2019-06-04,2019
0.05,NQM9,midnight,17.52352941176470588235294118,281.4558823529411764705882355,340,340,7752de392ef4cee8004e,R04,2019-05-16,2019
0.2,NQU9,full_overnight,44.66666666666666666666666667,1456.733333333333333333333334,60,60,77563e0c51e644f9eaea,R03,2019-07-19,2019
0.2,NQM9,prior_rth,8.727454909819639278557114228,497.5631262525050100200400812,499,499,775cdb41c4d6c86af62e,R01,2019-03-12,2019
0.2,NQM9,prior_rth,8.727454909819639278557114228,497.5631262525050100200400812,499,499,775cdb41c4d6c86af62e,R02,2019-03-12,2019
0.05,NQU9,prior_rth,17.8183856502242152466367713,820.6816143497757847533632283,446,446,779769d64951308d21cb,R01,2019-08-28,2019
0.05,NQU9,prior_rth,17.8183856502242152466367713,820.6816143497757847533632283,446,446,779769d64951308d21cb,R02,2019-08-28,2019
0.1,NQH9,opening_hour_rth,8.284848484848484848484848485,561.5515151515151515151515146,165,165,77fc370fd2b61a268800,R05,2019-01-29,2019
0.1,NQH0,opening_hour_rth,4.829383886255924170616113744,420.6540284360189573459715639,211,211,781b4c8f273c29037ba4,R05,2019-12-27,2019
0.05,NQH0,opening_hour_rth,4.829383886255924170616113744,420.6540284360189573459715639,211,211,782461af6d729ccc7dde,R05,2019-12-27,2019
0.1,NQH9,full_overnight,22.06514657980456026058631922,254.931596091205211726384365,307,307,782ef9b69ddc52f98cde,R03,2019-01-14,2019
0.2,NQZ9,midnight,17.08362369337979094076655052,253.4041811846689895470383275,287,287,78798aa476a7b6d65a50,R04,2019-09-23,2019
0.05,NQZ9,midnight,25.63529411764705882352941176,491.2823529411764705882352934,85,85,78799c2bfcad79c282b6,R04,2019-11-27,2019
0.05,NQM9,midnight,16.33974358974358974358974359,211.4711538461538461538461538,312,312,787df53e06cbc2d9eed5,R04,2019-06-13,2019
0.2,NQM9,full_overnight,32.75,981.0517241379310344827586216,116,116,7884583a60b18c2fd5dd,R03,2019-03-22,2019
0.1,NQZ9,prior_rth,12.08759124087591240875912409,828.8284671532846715328467128,548,548,7884e3e80edfde0dca1b,R01,2019-12-03,2019
0.1,NQZ9,prior_rth,12.08759124087591240875912409,828.8284671532846715328467128,548,548,7884e3e80edfde0dca1b,R02,2019-12-03,2019
0.2,NQH9,midnight,14.92592592592592592592592593,237.8412698412698412698412699,189,189,788c416398c5d3f4591a,R04,2019-02-25,2019
0.2,NQM9,midnight,21.40287769784172661870503597,249.7769784172661870503597124,139,139,789dfec589e550622f60,R04,2019-03-11,2019
0.05,NQM9,midnight,15.24479166666666666666666667,345.5208333333333333333333331,192,192,78a1c1fea295a1da102e,R04,2019-04-12,2019
0.1,NQH9,prior_rth,15.38235294117647058823529412,1175.264705882352941176470589,408,408,78bbc747bfc744d30e91,R01,2019-01-03,2019
0.1,NQH9,prior_rth,15.38235294117647058823529412,1175.264705882352941176470589,408,408,78bbc747bfc744d30e91,R02,2019-01-03,2019
0.2,NQU9,opening_hour_rth,10.03571428571428571428571429,1522.410714285714285714285714,56,56,78c04115aef53b3d46e9,R05,2019-08-20,2019
0.2,NQM9,prior_rth,12.64426877470355731225296443,719.7430830039525691699604727,253,253,78cc56c7b644d78bc808,R01,2019-04-23,2019
0.2,NQM9,prior_rth,12.64426877470355731225296443,719.7430830039525691699604727,253,253,78cc56c7b644d78bc808,R02,2019-04-23,2019
0.1,NQZ9,prior_rth,19.07563025210084033613445378,1038.613445378151260504201681,238,238,7900b63b759fb92acae5,R01,2019-12-11,2019
0.1,NQZ9,prior_rth,19.07563025210084033613445378,1038.613445378151260504201681,238,238,7900b63b759fb92acae5,R02,2019-12-11,2019
0.05,NQU9,prior_rth,26.19795221843003412969283276,1148.945392491467576791808873,293,293,79014ac801f46d710f12,R01,2019-08-27,2019
0.05,NQU9,prior_rth,26.19795221843003412969283276,1148.945392491467576791808873,293,293,79014ac801f46d710f12,R02,2019-08-27,2019
0.2,NQH9,full_overnight,22.06514657980456026058631922,254.931596091205211726384365,307,307,7904d1c3c57c5a0bc88c,R03,2019-01-14,2019
0.2,NQZ9,prior_rth,20.8450704225352112676056338,1621.021126760563380281690142,142,142,7913a6e43612af554728,R01,2019-10-01,2019
0.2,NQZ9,prior_rth,20.8450704225352112676056338,1621.021126760563380281690142,142,142,7913a6e43612af554728,R02,2019-10-01,2019
0.2,NQU9,prior_rth,13.28361344537815126050420168,1321.006302521008403361344537,476,476,793dadc80012dd44a9a7,R01,2019-08-02,2019
0.2,NQU9,prior_rth,13.28361344537815126050420168,1321.006302521008403361344537,476,476,793dadc80012dd44a9a7,R02,2019-08-02,2019
0.1,NQH9,full_overnight,22.33816425120772946859903382,331.4347826086956521739130434,207,207,79457d76a0cb13ebcd96,R03,2019-02-25,2019
0.05,NQH9,opening_hour_rth,9.911504424778761061946902655,711.6106194690265486725663715,113,113,7950461aa69eca94700c,R05,2019-02-22,2019
0.1,NQZ9,midnight,34.87096774193548387096774194,541.2795698924731182795698924,93,93,796cc486f018f416b48a,R04,2019-11-11,2019
0.1,NQM9,opening_hour_rth,7.594339622641509433962264151,478.8820754716981132075471693,212,212,798e12cc4b18e49a116e,R05,2019-05-22,2019
0.1,NQU9,opening_hour_rth,10.56834532374100719424460432,346.1870503597122302158273375,139,139,79a0ca5b39f763217a28,R05,2019-09-13,2019
0.05,NQU9,midnight,21.52208835341365461847389558,407.5341365461847389558232916,249,249,79ad102b553b5c1ff505,R04,2019-09-05,2019
0.1,NQM9,prior_rth,13.87679083094555873925501433,1010.487106017191977077363899,349,349,79c5e14db5339b58d465,R01,2019-04-29,2019
0.1,NQM9,prior_rth,13.87679083094555873925501433,1010.487106017191977077363899,349,349,79c5e14db5339b58d465,R02,2019-04-29,2019
0.2,NQU9,opening_hour_rth,7.194444444444444444444444444,1072.981481481481481481481484,108,108,79cd238eb21f5e0e167a,R05,2019-09-03,2019
0.2,NQZ9,opening_hour_rth,11.13043478260869565217391304,2070.065217391304347826086957,46,46,79d3fb09579129ffd041,R05,2019-10-04,2019
0.1,NQM9,opening_hour_rth,8.922077922077922077922077922,519.5714285714285714285714284,154,154,79e39498915f561c7030,R05,2019-06-13,2019
0.05,NQH9,full_overnight,22.81040892193308550185873606,348.0855018587360594795539034,269,269,79fb389d3e80dce7b21d,R03,2019-02-21,2019
0.05,NQZ9,midnight,34.45771144278606965174129353,422.8059701492537313432835819,201,201,7a01d347bfca4d545a44,R04,2019-10-10,2019
0.1,NQU9,opening_hour_rth,8.894736842105263157894736842,920.1184210526315789473684217,76,76,7a059c1352ac60920809,R05,2019-07-05,2019
0.2,NQH9,midnight,15.72240802675585284280936455,162.7725752508361204013377927,299,299,7a0f82217ae3058c11bb,R04,2019-03-08,2019
0.05,NQH9,opening_hour_rth,6.921568627450980392156862745,479.8431372549019607843137257,204,204,7a222da1c20ac8e767c0,R05,2019-02-04,2019
0.1,NQM9,midnight,31.51851851851851851851851852,595.2839506172839506172839506,81,81,7a29fdbc862a3c27812c,R04,2019-04-10,2019
0.05,NQZ9,opening_hour_rth,3.928571428571428571428571429,351.2040816326530612244897961,196,196,7a463bfd4a6620a33fbc,R05,2019-11-25,2019
0.2,NQM9,prior_rth,27.36082474226804123711340206,1371.474226804123711340206184,97,97,7a59b4c35f6bfb7dd782,R01,2019-06-17,2019
0.2,NQM9,prior_rth,27.36082474226804123711340206,1371.474226804123711340206184,97,97,7a59b4c35f6bfb7dd782,R02,2019-06-17,2019
0.1,NQM9,full_overnight,24.2245614035087719298245614,340.8035087719298245614034958,570,570,7a67a44651b0fb74f1bc,R03,2019-05-06,2019
0.2,NQU9,prior_rth,15.82857142857142857142857143,1742.737142857142857142857146,175,175,7a7d519e780850b4c547,R01,2019-07-19,2019
0.2,NQU9,prior_rth,15.82857142857142857142857143,1742.737142857142857142857146,175,175,7a7d519e780850b4c547,R02,2019-07-19,2019
0.1,NQH0,prior_rth,11.6,848.3227272727272727272727286,220,220,7a85825001ab822a4717,R01,2019-12-20,2019
0.1,NQH0,prior_rth,11.6,848.3227272727272727272727286,220,220,7a85825001ab822a4717,R02,2019-12-20,2019
0.05,NQZ9,opening_hour_rth,9.909090909090909090909090909,641.900826446280991735537191,121,121,7a9bd456a00da367aad0,R05,2019-10-16,2019
0.2,NQU9,midnight,20.48898678414096916299559471,356.0969162995594713656387664,227,227,7aa166cf7de27e8e03c4,R04,2019-08-01,2019
0.05,NQU9,midnight,26.74901960784313725490196078,406.760784313725490196078431,255,255,7aa19302d731a23a474d,R04,2019-08-16,2019
0.05,NQM9,midnight,21.8075601374570446735395189,387.6666666666666666666666674,291,291,7ab153ac122be0169093,R04,2019-05-17,2019
0.2,NQM9,opening_hour_rth,8.710526315789473684210526316,799.903508771929824561403509,114,114,7acd25a42330e0da5919,R05,2019-04-02,2019
0.1,NQM9,prior_rth,16.8279883381924198250728863,1930.139941690962099125364431,343,343,7ae8410113f969a1ddae,R01,2019-05-08,2019
0.1,NQM9,prior_rth,16.8279883381924198250728863,1930.139941690962099125364431,343,343,7ae8410113f969a1ddae,R02,2019-05-08,2019
0.1,NQM9,prior_rth,25.8452380952380952380952381,1888.79761904761904761904762,168,168,7b8dd55bf8ac27c2a2b1,R01,2019-04-10,2019
0.1,NQM9,prior_rth,25.8452380952380952380952381,1888.79761904761904761904762,168,168,7b8dd55bf8ac27c2a2b1,R02,2019-04-10,2019
0.2,NQZ9,prior_rth,19.05882352941176470588235294,2664.705882352941176470588236,170,170,7b95d8138d9719bb7e82,R01,2019-10-03,2019
0.2,NQZ9,prior_rth,19.05882352941176470588235294,2664.705882352941176470588236,170,170,7b95d8138d9719bb7e82,R02,2019-10-03,2019
0.05,NQZ9,midnight,13.58600583090379008746355685,224.8250728862973760932944602,343,343,7ba8709b4eaa95527dba,R04,2019-09-19,2019
0.1,NQU9,midnight,15.5,264.4464285714285714285714287,224,224,7bb34c75629c96548f6e,R04,2019-07-18,2019
0.1,NQH9,midnight,9.258333333333333333333333333,178.4624999999999999999999992,480,480,7c22798b5033902dd173,R04,2019-02-15,2019
0.1,NQU9,opening_hour_rth,6.835227272727272727272727273,449.9602272727272727272727277,176,176,7c3688bda2119619a662,R05,2019-07-19,2019
0.05,NQZ9,full_overnight,24.59340659340659340659340659,330.3516483516483516483516483,182,182,7c379121ac70bc177460,R03,2019-11-12,2019
0.2,NQZ9,opening_hour_rth,8.896226415094339622641509434,630.1226415094339622641509433,106,106,7c4c8efe4c1163115a6c,R05,2019-11-14,2019
0.1,NQZ9,full_overnight,23.19934640522875816993464052,238.797385620915032679738562,306,306,7c50d11c638467407cff,R03,2019-10-07,2019
0.1,NQU9,midnight,27.69148936170212765957446809,387.952127659574468085106383,188,188,7c7a37e39ad09e75d3fb,R04,2019-09-10,2019
0.2,NQM9,opening_hour_rth,10.23809523809523809523809524,1580.52380952380952380952381,63,63,7ca07436f810d16c5f2d,R05,2019-04-30,2019
0.1,NQM9,opening_hour_rth,11.35294117647058823529411765,660.7450980392156862745098033,153,153,7cb65492499eaddc18ab,R05,2019-05-21,2019
0.05,NQM9,prior_rth,22.06410256410256410256410256,1239.324786324786324786324785,234,234,7cbd5b12a45e8049b59d,R01,2019-03-13,2019
0.05,NQM9,prior_rth,22.06410256410256410256410256,1239.324786324786324786324785,234,234,7cbd5b12a45e8049b59d,R02,2019-03-13,2019
0.05,NQH9,full_overnight,22.61506276150627615062761506,308.9748953974895397489539747,239,239,7cf039a4d9079e0e3b14,R03,2019-02-22,2019
0.05,NQZ9,midnight,26.3795180722891566265060241,321.885542168674698795180723,166,166,7cf40d103c9fe4c62da8,R04,2019-10-01,2019
0.05,NQU9,full_overnight,42.85714285714285714285714286,475.6875000000000000000000004,112,112,7cf880352ee24c7c4d83,R03,2019-06-19,2019
0.1,NQZ9,opening_hour_rth,5.800925925925925925925925926,415.3009259259259259259259263,216,216,7cf9d9dec48079b8cf34,R05,2019-12-05,2019
0.05,NQZ9,prior_rth,20.01463414634146341463414634,1281.936585365853658536585362,205,205,7d14bf993b80552d0833,R01,2019-11-04,2019
0.05,NQZ9,prior_rth,20.01463414634146341463414634,1281.936585365853658536585362,205,205,7d14bf993b80552d0833,R02,2019-11-04,2019
0.2,NQU9,prior_rth,23.65151515151515151515151515,2897.606060606060606060606053,132,132,7d39d0977c000f8c854f,R01,2019-08-13,2019
0.2,NQU9,prior_rth,23.65151515151515151515151515,2897.606060606060606060606053,132,132,7d39d0977c000f8c854f,R02,2019-08-13,2019
0.1,NQM9,opening_hour_rth,6.307291666666666666666666667,509.8593750000000000000000001,192,192,7d9eae63d5a3dfb25435,R05,2019-04-18,2019
0.1,NQH9,opening_hour_rth,9.718954248366013071895424837,658.3725490196078431372549013,153,153,7dc3d8c18b7c697b8dea,R05,2019-03-05,2019
0.05,NQM9,full_overnight,14.34163208852005532503457815,218.12171507607192254495159,723,723,7dd181bc2d8e06dd7f6b,R03,2019-05-20,2019
0.05,NQZ9,opening_hour_rth,4.959409594095940959409594096,356.10701107011070110701107,271,271,7dd834b3e3f051406847,R05,2019-09-27,2019
0.2,NQH9,midnight,12.94752186588921282798833819,204.0962099125364431486880464,343,343,7de061823d8499f16c62,R04,2019-01-28,2019
0.2,NQU9,opening_hour_rth,7.44047619047619047619047619,1001.404761904761904761904762,84,84,7e04b6ef1489d7105986,R05,2019-07-18,2019
0.2,NQU9,prior_rth,25.66666666666666666666666667,3043.129032258064516129032259,93,93,7e084d4e40676f12f7ef,R01,2019-08-21,2019
0.2,NQU9,prior_rth,25.66666666666666666666666667,3043.129032258064516129032259,93,93,7e084d4e40676f12f7ef,R02,2019-08-21,2019
0.2,NQU9,midnight,22.78877887788778877887788779,408.1782178217821782178217832,303,303,7e2846cd3ac61a55c839,R04,2019-08-28,2019
0.2,NQM9,prior_rth,42.30357142857142857142857143,4382.41071428571428571428572,56,56,7e41a873e34bf246925e,R01,2019-03-15,2019
0.2,NQM9,prior_rth,42.30357142857142857142857143,4382.41071428571428571428572,56,56,7e41a873e34bf246925e,R02,2019-03-15,2019
0.1,NQU9,full_overnight,14.34699453551912568306010929,281.1448087431693989071038249,366,366,7e46370de9ec82e85170,R03,2019-07-30,2019
0.1,NQM9,opening_hour_rth,9.634615384615384615384615385,578.2564102564102564102564105,156,156,7e470fba7383fd8678d1,R05,2019-05-24,2019
0.2,NQZ9,midnight,21.64556962025316455696202532,338.5696202531645569620253166,158,158,7e4791f92760e40e513d,R04,2019-10-21,2019
0.1,NQM9,opening_hour_rth,7.611650485436893203883495146,783.2330097087378640776699027,103,103,7e4fa7ce6451fbf85a6d,R05,2019-04-16,2019
0.05,NQH9,opening_hour_rth,7.866666666666666666666666667,533.0577777777777777777777769,225,225,7e647154ca74c29b303b,R05,2019-02-01,2019
0.1,NQM9,full_overnight,28.82683982683982683982683983,492.6493506493506493506493511,231,231,7e6810bf2f819eb9c276,R03,2019-03-22,2019
0.05,NQZ9,full_overnight,33.00641025641025641025641026,443.5897435897435897435897436,156,156,7e7bf755c01705b30a61,R03,2019-09-20,2019
0.05,NQM9,prior_rth,20.05047318611987381703470032,931.410094637223974763406941,317,317,7e7cd642ea5ee654d38e,R01,2019-05-28,2019
0.05,NQM9,prior_rth,20.05047318611987381703470032,931.410094637223974763406941,317,317,7e7cd642ea5ee654d38e,R02,2019-05-28,2019
0.1,NQZ9,midnight,25.63529411764705882352941176,491.2823529411764705882352934,85,85,7e9838c47d9ec4ff4f91,R04,2019-11-27,2019
0.05,NQH0,prior_rth,20.15555555555555555555555556,1467.014814814814814814814816,135,135,7ea64e58229c51bf99be,R01,2019-12-19,2019
0.05,NQH0,prior_rth,20.15555555555555555555555556,1467.014814814814814814814816,135,135,7ea64e58229c51bf99be,R02,2019-12-19,2019
0.05,NQH9,full_overnight,27.58333333333333333333333333,377.1973684210526315789473685,228,228,7eae8ac501eb0d42176c,R03,2019-01-22,2019
0.1,NQU9,midnight,11.40625,250.5710227272727272727272727,352,352,7ec1af6bbf62bb9376f2,R04,2019-07-30,2019
0.2,NQH9,midnight,14.0102040816326530612244898,256.47278911564625850340136,294,294,7ec6041a35f4e7ae7e40,R04,2019-02-14,2019
0.1,NQU9,full_overnight,25.80916030534351145038167939,340.6361323155216284987277356,393,393,7eff19e5c8be8a426054,R03,2019-08-16,2019
0.1,NQM9,midnight,18.52864583333333333333333333,347.9739583333333333333333372,384,384,7f1b1e6a25116670a6dc,R04,2019-05-08,2019
0.2,NQU9,full_overnight,25.23076923076923076923076923,307.8778280542986425339366519,221,221,7f2dcb56444b9a761caa,R03,2019-07-08,2019
0.1,NQZ9,midnight,20.48818897637795275590551181,355.7952755905511811023622046,127,127,7f3091273e82e786181e,R04,2019-10-28,2019
0.1,NQU9,midnight,22.01379310344827586206896552,271.9999999999999999999999999,145,145,7f864b676761d6448f90,R04,2019-07-02,2019
0.05,NQM9,opening_hour_rth,9.116731517509727626459143969,553.4202334630350194552529206,257,257,7f95a523a580861547a6,R05,2019-05-20,2019
0.2,NQZ9,prior_rth,16.83529411764705882352941176,901.0617647058823529411764665,340,340,7f985825b22cecf99e31,R01,2019-10-31,2019
0.2,NQZ9,prior_rth,16.83529411764705882352941176,901.0617647058823529411764665,340,340,7f985825b22cecf99e31,R02,2019-10-31,2019
0.2,NQZ9,full_overnight,24.59340659340659340659340659,330.3516483516483516483516483,182,182,7fb02b22cbd8f9153898,R03,2019-11-12,2019
0.05,NQH0,midnight,24.21590909090909090909090909,510.2840909090909090909090908,88,88,7fb6dbb108d3b4a48f7f,R04,2019-12-27,2019
0.2,NQZ9,prior_rth,11.16,1208.728888888888888888888889,225,225,7fc96b27bf4306c09979,R01,2019-10-28,2019
0.2,NQZ9,prior_rth,11.16,1208.728888888888888888888889,225,225,7fc96b27bf4306c09979,R02,2019-10-28,2019
0.05,NQM9,opening_hour_rth,6.285714285714285714285714286,628.6038961038961038961038955,154,154,8000ac3a3a8956d587da,R05,2019-03-15,2019
0.05,NQM9,prior_rth,11.06552706552706552706552707,548.8703703703703703703703749,702,702,8014d0b1ca85de51ce28,R01,2019-05-16,2019
0.05,NQM9,prior_rth,11.06552706552706552706552707,548.8703703703703703703703749,702,702,8014d0b1ca85de51ce28,R02,2019-05-16,2019
0.2,NQM9,opening_hour_rth,5.230769230769230769230769231,702.0384615384615384615384596,208,208,8035471e48da63fda62c,R05,2019-06-03,2019
0.05,NQU9,opening_hour_rth,7.296928327645051194539249147,407.8430034129692832764505119,293,293,803a04bcd25ba4a5362d,R05,2019-09-12,2019
0.05,NQZ9,full_overnight,24.51851851851851851851851852,327.0541310541310541310541302,351,351,803f6f4abc7bd7a8072d,R03,2019-10-14,2019
0.2,NQM9,midnight,36.0289855072463768115942029,593.3043478260869565217391304,69,69,80793c4839e0c4d6438b,R04,2019-04-08,2019
0.05,NQH9,opening_hour_rth,14.26415094339622641509433962,590.4905660377358490566037738,159,159,80b257b6e32d7be97e17,R05,2019-01-07,2019
0.05,NQM9,midnight,17.63422818791946308724832215,312.9228187919463087248322147,298,298,80bf2f970404c5fef32d,R04,2019-05-22,2019
0.05,NQM9,full_overnight,20.5570934256055363321799308,303.9446366782006920415224913,289,289,80d071337aee3b8fe686,R03,2019-03-21,2019
0.2,NQZ9,opening_hour_rth,8.914728682170542635658914729,572.6666666666666666666666675,129,129,80d631a353b5ac6a768c,R05,2019-10-22,2019
0.2,NQM9,opening_hour_rth,4.85,788.592857142857142857142855,140,140,80e0d34097a6b3f5677e,R05,2019-03-21,2019
0.1,NQM9,opening_hour_rth,9.392,608.6799999999999999999999999,125,125,80efae4a1d106d9d0c37,R05,2019-05-30,2019
0.05,NQH9,prior_rth,21.6937984496124031007751938,1274.310077519379844961240312,258,258,80f78fa653b2ebee7322,R01,2019-02-22,2019
0.05,NQH9,prior_rth,21.6937984496124031007751938,1274.310077519379844961240312,258,258,80f78fa653b2ebee7322,R02,2019-02-22,2019
0.2,NQH9,midnight,21.49767441860465116279069767,273.5906976744186046511627907,215,215,8120d727dbed3c7498db,R04,2019-01-17,2019
0.2,NQM9,full_overnight,27.35616438356164383561643836,480.2534246575342465753424657,146,146,812232707567524503f6,R03,2019-04-11,2019
0.1,NQU9,prior_rth,21.07749077490774907749077491,1213.49077490774907749077491,271,271,813f4c09136595161cf8,R01,2019-07-11,2019
0.1,NQU9,prior_rth,21.07749077490774907749077491,1213.49077490774907749077491,271,271,813f4c09136595161cf8,R02,2019-07-11,2019
0.1,NQU9,midnight,18.785,261.8,200,200,813fea828129b81357ec,R04,2019-07-22,2019
0.1,NQZ9,midnight,24.35433070866141732283464567,353.9291338582677165354330707,127,127,81422662438d2c5e37aa,R04,2019-11-12,2019
0.2,NQU9,midnight,15.5,264.4464285714285714285714287,224,224,8172c62ecf1e162f0757,R04,2019-07-18,2019
0.2,NQU9,prior_rth,20.01834862385321100917431193,2073.045871559633027522935777,109,109,8185e891976e094f6aef,R01,2019-07-18,2019
0.2,NQU9,prior_rth,20.01834862385321100917431193,2073.045871559633027522935777,109,109,8185e891976e094f6aef,R02,2019-07-18,2019
0.2,NQH9,prior_rth,18.5022421524663677130044843,1711.071748878923766816143496,223,223,81988045278628f1c9d9,R01,2019-01-11,2019
0.2,NQH9,prior_rth,18.5022421524663677130044843,1711.071748878923766816143496,223,223,81988045278628f1c9d9,R02,2019-01-11,2019
0.05,NQZ9,opening_hour_rth,10.82786885245901639344262295,519.754098360655737704918032,122,122,819b8926c0c9d9bdccc7,R05,2019-09-17,2019
0.05,NQM9,prior_rth,18.55284552845528455284552846,1192.056910569105691056910567,246,246,81a10005007e2ea1b9f1,R01,2019-04-02,2019
0.05,NQM9,prior_rth,18.55284552845528455284552846,1192.056910569105691056910567,246,246,81a10005007e2ea1b9f1,R02,2019-04-02,2019
0.2,NQH9,prior_rth,19.94685990338164251207729469,2425.275362318840579710144927,207,207,81ea70f4f00e69f78e82,R01,2019-02-08,2019
0.2,NQH9,prior_rth,19.94685990338164251207729469,2425.275362318840579710144927,207,207,81ea70f4f00e69f78e82,R02,2019-02-08,2019
0.05,NQM9,full_overnight,28.20689655172413793103448276,504.1494252873563218390804605,261,261,81f9c88c118d1d6d7843,R03,2019-06-05,2019
0.1,NQH9,opening_hour_rth,6.516129032258064516129032258,518.7741935483870967741935485,186,186,8208f5a64bdaba3dad46,R05,2019-02-05,2019
0.1,NQH9,opening_hour_rth,8.964285714285714285714285714,716.8392857142857142857142859,112,112,821d5fb9f5d6dd19d9fe,R05,2019-03-04,2019
0.2,NQM9,midnight,23.63157894736842105263157895,370.7631578947368421052631576,114,114,8237c9dd9bedfe5d950f,R04,2019-03-20,2019
0.05,NQZ9,prior_rth,22.15920398009950248756218905,1235.233830845771144278606967,201,201,824570fc76908502fdcb,R01,2019-11-07,2019
0.05,NQZ9,prior_rth,22.15920398009950248756218905,1235.233830845771144278606967,201,201,824570fc76908502fdcb,R02,2019-11-07,2019
0.1,NQZ9,prior_rth,12.57540603248259860788863109,645.5823665893271461716937327,431,431,8263139dc4664625f979,R01,2019-10-23,2019
0.1,NQZ9,prior_rth,12.57540603248259860788863109,645.5823665893271461716937327,431,431,8263139dc4664625f979,R02,2019-10-23,2019
0.1,NQZ9,midnight,27.20588235294117647058823529,429.8627450980392156862745094,102,102,8266f6bdc5437e664577,R04,2019-10-25,2019
0.05,NQZ9,opening_hour_rth,8.142857142857142857142857143,641.9761904761904761904761904,84,84,82d5e6b6867af37dc2b4,R05,2019-11-27,2019
0.05,NQU9,prior_rth,17.48221343873517786561264822,953.3122529644268774703557316,253,253,82ecfcb9d0046b189332,R01,2019-07-17,2019
0.05,NQU9,prior_rth,17.48221343873517786561264822,953.3122529644268774703557316,253,253,82ecfcb9d0046b189332,R02,2019-07-17,2019
0.1,NQZ9,opening_hour_rth,7.38297872340425531914893617,552.2411347517730496453900713,141,141,82f1714a9c107d00f36f,R05,2019-11-18,2019
0.1,NQH0,midnight,22.304,393.864,125,125,8327136e8332180c1a55,R04,2019-12-17,2019
0.05,NQM9,midnight,10.40178571428571428571428571,181.3437499999999999999999994,672,672,839052723e326bb381f8,R04,2019-05-20,2019
0.2,NQM9,opening_hour_rth,7.611650485436893203883495146,783.2330097087378640776699027,103,103,83b3ce7b82282ff27fc5,R05,2019-04-16,2019
0.1,NQH9,prior_rth,18.17258883248730964467005076,1137.362944162436548223350255,394,394,83bc353fc3ea519f18e8,R01,2019-03-08,2019
0.1,NQH9,prior_rth,18.17258883248730964467005076,1137.362944162436548223350255,394,394,83bc353fc3ea519f18e8,R02,2019-03-08,2019
0.05,NQU9,full_overnight,20.45390070921985815602836879,298.2553191489361702127659589,705,705,83d02e9dec34eec9f249,R03,2019-08-05,2019
0.2,NQU9,prior_rth,18.01265822784810126582278481,762.2278481012658227848101278,237,237,83e7016dd1715c338e17,R01,2019-06-18,2019
0.2,NQU9,prior_rth,18.01265822784810126582278481,762.2278481012658227848101278,237,237,83e7016dd1715c338e17,R02,2019-06-18,2019
0.2,NQH9,full_overnight,30.90909090909090909090909091,691.3223140495867768595041318,121,121,83f0156b15414498f59c,R03,2019-02-08,2019
0.1,NQH9,prior_rth,23.41489361702127659574468085,1493.05851063829787234042553,188,188,83f1e6d05024aee4d686,R01,2019-02-25,2019
0.1,NQH9,prior_rth,23.41489361702127659574468085,1493.05851063829787234042553,188,188,83f1e6d05024aee4d686,R02,2019-02-25,2019
0.2,NQZ9,full_overnight,27.96376811594202898550724638,420.8913043478260869565217386,138,138,83f7246df49057a4501c,R03,2019-12-09,2019
0.05,NQH9,full_overnight,34.89243027888446215139442231,388.2589641434262948207171318,251,251,842aecdd0a2a50f88d32,R03,2019-01-09,2019
0.05,NQU9,opening_hour_rth,8.223776223776223776223776224,529.3671328671328671328671304,286,286,8433964104e0526aa666,R05,2019-08-06,2019
0.2,NQZ9,midnight,23.59006211180124223602484472,358.5341614906832298136645963,161,161,843e94ebf18f8b22d001,R04,2019-10-18,2019
0.1,NQM9,prior_rth,12.0950704225352112676056338,1260.327464788732394366197187,284,284,84560b7aeef411927c53,R01,2019-06-10,2019
0.1,NQM9,prior_rth,12.0950704225352112676056338,1260.327464788732394366197187,284,284,84560b7aeef411927c53,R02,2019-06-10,2019
0.1,NQU9,prior_rth,19.90601503759398496240601504,1014.052631578947368421052629,266,266,8459fc26f48f9cf47149,R01,2019-06-24,2019
0.1,NQU9,prior_rth,19.90601503759398496240601504,1014.052631578947368421052629,266,266,8459fc26f48f9cf47149,R02,2019-06-24,2019
0.2,NQU9,midnight,18.785,261.8,200,200,84955b4d7bce4f9c22d7,R04,2019-07-22,2019
0.2,NQH9,full_overnight,46.42424242424242424242424242,1498.696969696969696969696969,66,66,84a3efad45e5b6334d10,R03,2019-02-01,2019
0.1,NQZ9,prior_rth,31.39644970414201183431952663,1595.585798816568047337278109,169,169,84df1483dd3cd35d1657,R01,2019-11-22,2019
0.1,NQZ9,prior_rth,31.39644970414201183431952663,1595.585798816568047337278109,169,169,84df1483dd3cd35d1657,R02,2019-11-22,2019
0.05,NQZ9,prior_rth,19.07563025210084033613445378,1038.613445378151260504201681,238,238,850df25885d7c3079dce,R01,2019-12-11,2019
0.05,NQZ9,prior_rth,19.07563025210084033613445378,1038.613445378151260504201681,238,238,850df25885d7c3079dce,R02,2019-12-11,2019
0.2,NQZ9,full_overnight,60.40983606557377049180327869,1812.868852459016393442622951,61,61,85184b5c4f5a7fce5afe,R03,2019-10-03,2019
0.1,NQZ9,prior_rth,10.35310344827586206896551724,547.3572413793103448275862061,725,725,85298da540e70c84fc0c,R01,2019-09-26,2019
0.1,NQZ9,prior_rth,10.35310344827586206896551724,547.3572413793103448275862061,725,725,85298da540e70c84fc0c,R02,2019-09-26,2019
0.2,NQH9,opening_hour_rth,9.634615384615384615384615385,574.4230769230769230769230769,156,156,8542dc58e9e3e4c760c5,R05,2019-01-14,2019
0.2,NQZ9,opening_hour_rth,7.774647887323943661971830986,1096.704225352112676056338028,71,71,854e949eab665f9f6b54,R05,2019-11-18,2019
0.2,NQM9,midnight,23.36158192090395480225988701,393.4689265536723163841807914,177,177,855aaa7ed045fe90233d,R04,2019-03-27,2019
0.2,NQU9,prior_rth,22.93258426966292134831460674,3030.764044943820224719101128,89,89,8581d587409020f9c9c5,R01,2019-06-24,2019
0.2,NQU9,prior_rth,22.93258426966292134831460674,3030.764044943820224719101128,89,89,8581d587409020f9c9c5,R02,2019-06-24,2019
0.1,NQH9,full_overnight,27.21827411167512690355329949,384.5076142131979695431472082,197,197,85be8b16933b1a03cc53,R03,2019-02-26,2019
0.1,NQH9,midnight,26.38674033149171270718232044,384.5138121546961325966850829,181,181,85e248615584612fd780,R04,2019-01-15,2019
0.05,NQM9,prior_rth,30.23655913978494623655913978,1394.016129032258064516129033,186,186,85f107d4e51017cde663,R01,2019-06-14,2019
0.05,NQM9,prior_rth,30.23655913978494623655913978,1394.016129032258064516129033,186,186,85f107d4e51017cde663,R02,2019-06-14,2019
0.1,NQZ9,prior_rth,19.5019011406844106463878327,997.346007604562737642585551,263,263,85f163063ab16f649268,R01,2019-09-20,2019
0.1,NQZ9,prior_rth,19.5019011406844106463878327,997.346007604562737642585551,263,263,85f163063ab16f649268,R02,2019-09-20,2019
0.1,NQU9,full_overnight,32.63503649635036496350364964,529.8175182481751824817518253,137,137,86001d2228d22c24ed58,R03,2019-07-26,2019
0.2,NQU9,midnight,33.0487804878048780487804878,2168.304878048780487804878049,82,82,86126c32dfc1cf52f8ea,R04,2019-08-06,2019
0.2,NQH9,prior_rth,12.64285714285714285714285714,1454.93928571428571428571429,280,280,862dcaeef02a76537053,R01,2019-01-31,2019
0.2,NQH9,prior_rth,12.64285714285714285714285714,1454.93928571428571428571429,280,280,862dcaeef02a76537053,R02,2019-01-31,2019
0.2,NQM9,opening_hour_rth,8.145038167938931297709923664,1071.770992366412213740458016,131,131,863ab6967decf08350e7,R05,2019-06-04,2019
0.05,NQM9,midnight,23.48780487804878048780487805,476.6097560975609756097560975,123,123,863d79a47c5403b41c13,R04,2019-03-15,2019
0.05,NQU9,opening_hour_rth,3.847385272145144076840981857,217.2860192102454642475987173,937,937,863e9361ecf13ce742a2,R05,2019-08-13,2019
0.05,NQH9,opening_hour_rth,10.09803921568627450980392157,811.5392156862745098039215686,102,102,867b8d99ae07b33823af,R05,2019-02-25,2019
0.05,NQH9,opening_hour_rth,6.571428571428571428571428571,447.8816326530612244897959184,245,245,86a813141471f8935135,R05,2019-02-21,2019
0.05,NQH9,prior_rth,11.73469387755102040816326531,584.4897959183673469387755104,882,882,86b6ed82b8c2a718d602,R01,2019-01-07,2019
0.05,NQH9,prior_rth,11.73469387755102040816326531,584.4897959183673469387755104,882,882,86b6ed82b8c2a718d602,R02,2019-01-07,2019
0.2,NQM9,full_overnight,23.07547169811320754716981132,663.9433962264150943396226406,212,212,86cd7e62f276640a1404,R03,2019-05-17,2019
0.05,NQM9,full_overnight,20.7375,276.0791666666666666666666665,240,240,86dd503aa5adf4c3f102,R03,2019-03-13,2019
0.05,NQH9,full_overnight,23.29126213592233009708737864,365.4514563106796116504854366,206,206,86ec329fdb497a57543a,R03,2019-02-13,2019
0.2,NQU9,midnight,12.04776579352850539291217257,225.2187981510015408320493076,649,649,86f5749d5e2e9c28ac94,R04,2019-08-14,2019
0.2,NQZ9,prior_rth,26.45251396648044692737430168,1648.011173184357541899441342,179,179,871213450b68c085fda1,R01,2019-11-14,2019
0.2,NQZ9,prior_rth,26.45251396648044692737430168,1648.011173184357541899441342,179,179,871213450b68c085fda1,R02,2019-11-14,2019
0.2,NQU9,prior_rth,18.86055776892430278884462151,1071.131474103585657370517929,251,251,874db3c9ee2aad847f52,R01,2019-07-24,2019
0.2,NQU9,prior_rth,18.86055776892430278884462151,1071.131474103585657370517929,251,251,874db3c9ee2aad847f52,R02,2019-07-24,2019
0.2,NQU9,midnight,10.92537313432835820895522388,207.8034825870646766169154226,402,402,875424525e7c2b3f85c6,R04,2019-07-10,2019
0.1,NQM9,prior_rth,27.57766990291262135922330097,1357.101941747572815533980585,206,206,876e5b0218291df8822a,R01,2019-06-13,2019
0.1,NQM9,prior_rth,27.57766990291262135922330097,1357.101941747572815533980585,206,206,876e5b0218291df8822a,R02,2019-06-13,2019
0.05,NQU9,prior_rth,18.71836734693877551020408163,1095.632653061224489795918369,245,245,8783b43f26aa4560966e,R01,2019-07-23,2019
0.05,NQU9,prior_rth,18.71836734693877551020408163,1095.632653061224489795918369,245,245,8783b43f26aa4560966e,R02,2019-07-23,2019
0.2,NQM9,opening_hour_rth,9.280991735537190082644628099,727.5537190082644628099173554,121,121,879628732d189ff18216,R05,2019-05-01,2019
0.05,NQU9,midnight,29.8361581920903954802259887,411.6666666666666666666666667,177,177,87b87e3d0b55120a3141,R04,2019-08-09,2019
0.05,NQM9,prior_rth,39,2191.205357142857142857142857,112,112,87baa69ce4ec32bcb147,R01,2019-03-15,2019
0.05,NQM9,prior_rth,39,2191.205357142857142857142857,112,112,87baa69ce4ec32bcb147,R02,2019-03-15,2019
0.1,NQZ9,opening_hour_rth,7.12,523.6057142857142857142857143,175,175,87bde4073541b04964d0,R05,2019-11-08,2019
0.2,NQM9,midnight,23.30841121495327102803738318,407.2616822429906542056074769,107,107,87cf7d105c4a27a5c8c3,R04,2019-04-02,2019
0.1,NQH9,midnight,19.73658536585365853658536585,266.0390243902439024390243898,205,205,87d98644a038b931f2b1,R04,2019-01-30,2019
0.2,NQU9,opening_hour_rth,6.45,882.5599999999999999999999998,100,100,87da13ba768f3ce7f70f,R05,2019-08-19,2019
0.2,NQH9,midnight,27.66336633663366336633663366,433.2772277227722772277227721,101,101,87f3a85ca719320dbd45,R04,2019-03-01,2019
0.2,NQM9,opening_hour_rth,13.91428571428571428571428571,2329.085714285714285714285715,35,35,8816832671892d88ba4a,R05,2019-04-12,2019
0.05,NQZ9,midnight,17.87019230769230769230769231,310.5624999999999999999999998,208,208,882285a21843c8d13f14,R04,2019-12-05,2019
0.05,NQU9,prior_rth,18.58378378378378378378378378,1213.297297297297297297297301,185,185,883ca03933eb899788e9,R01,2019-07-15,2019
0.05,NQU9,prior_rth,18.58378378378378378378378378,1213.297297297297297297297301,185,185,883ca03933eb899788e9,R02,2019-07-15,2019
0.05,NQM9,midnight,24.64356435643564356435643564,450.2970297029702970297029704,101,101,88414aa9aae8e0a0bfdf,R04,2019-04-16,2019
0.05,NQH0,opening_hour_rth,5.035294117647058823529411765,360.7705882352941176470588231,170,170,886e916870c007b74ea2,R05,2019-12-16,2019
0.1,NQZ9,prior_rth,15.59160305343511450381679389,905.9694656488549618320610676,262,262,8871a1532178c7c0062f,R01,2019-11-25,2019
0.1,NQZ9,prior_rth,15.59160305343511450381679389,905.9694656488549618320610676,262,262,8871a1532178c7c0062f,R02,2019-11-25,2019
0.2,NQH9,midnight,13.77815699658703071672354949,209.4880546075085324232081909,293,293,887a66c447920362fb7d,R04,2019-02-11,2019
0.05,NQZ9,opening_hour_rth,7.38297872340425531914893617,552.2411347517730496453900713,141,141,887ce5aa0ceeff43ce23,R05,2019-11-18,2019
0.2,NQM9,opening_hour_rth,7.634408602150537634408602151,1781.440860215053763440860212,93,93,8898b2c8f43bb593e158,R05,2019-05-13,2019
0.05,NQZ9,prior_rth,10.36748329621380846325167038,605.7104677060133630289532312,449,449,889ddd37cf5a2bf46f49,R01,2019-10-28,2019
0.05,NQZ9,prior_rth,10.36748329621380846325167038,605.7104677060133630289532312,449,449,889ddd37cf5a2bf46f49,R02,2019-10-28,2019
0.05,NQH9,prior_rth,15.10200364298724954462659381,843.8961748633879781420765029,549,549,88d12dfb0475c99942a0,R01,2019-01-23,2019
0.05,NQH9,prior_rth,15.10200364298724954462659381,843.8961748633879781420765029,549,549,88d12dfb0475c99942a0,R02,2019-01-23,2019
0.05,NQM9,opening_hour_rth,8.922077922077922077922077922,519.5714285714285714285714284,154,154,88e22a6ae756dad1c35c,R05,2019-06-13,2019
0.2,NQU9,midnight,20.61627906976744186046511628,343.8662790697674418604651166,172,172,88e4668d0126eb6ab3e7,R04,2019-07-19,2019
0.1,NQM9,prior_rth,28.85531914893617021276595745,1517.978723404255319148936172,235,235,88f0d4f99921c1b7b4e4,R01,2019-06-03,2019
0.1,NQM9,prior_rth,28.85531914893617021276595745,1517.978723404255319148936172,235,235,88f0d4f99921c1b7b4e4,R02,2019-06-03,2019
0.1,NQU9,opening_hour_rth,6.895604395604395604395604396,418.0879120879120879120879125,182,182,8914731079f31234bd7f,R05,2019-06-19,2019
0.2,NQZ9,midnight,15.2093023255813953488372093,448.3430232558139534883720928,172,172,8917809c54528163a6fb,R04,2019-09-19,2019
0.05,NQM9,midnight,15.18502202643171806167400881,272.4449339207048458149779737,227,227,893199484647df0b8cc2,R04,2019-06-11,2019
0.1,NQZ9,opening_hour_rth,5.038216560509554140127388535,404.3248407643312101910828028,157,157,89b1faf4f0653746086a,R05,2019-12-09,2019
0.2,NQU9,midnight,36.82352941176470588235294118,954.0117647058823529411764704,85,85,89baf5ee4d35bfe373fe,R04,2019-09-12,2019
0.2,NQM9,opening_hour_rth,10.68333333333333333333333333,2151.950000000000000000000003,60,60,89ecfdb55bfa0b94dbbc,R05,2019-05-23,2019
0.1,NQM9,opening_hour_rth,12.5462962962962962962962963,780.3518518518518518518518519,108,108,89f2a794d2a2eebe8df5,R05,2019-03-12,2019
0.2,NQU9,prior_rth,12.87820512820512820512820513,2494.448717948717948717948715,156,156,89fa23d7d7b738abe101,R01,2019-08-09,2019
0.2,NQU9,prior_rth,12.87820512820512820512820513,2494.448717948717948717948715,156,156,89fa23d7d7b738abe101,R02,2019-08-09,2019
0.1,NQZ9,midnight,14.25066666666666666666666667,320.6773333333333333333333349,375,375,8a1faa7d8596cc1bffab,R04,2019-12-04,2019
0.2,NQH9,prior_rth,15.31355932203389830508474576,1019.322033898305084745762714,236,236,8a7528e5ec188a23c690,R01,2019-02-20,2019
0.2,NQH9,prior_rth,15.31355932203389830508474576,1019.322033898305084745762714,236,236,8a7528e5ec188a23c690,R02,2019-02-20,2019
0.2,NQU9,opening_hour_rth,7.450549450549450549450549451,1163.274725274725274725274729,91,91,8a77eba60d50cc7ea7c8,R05,2019-08-28,2019
0.05,NQZ9,midnight,20.48818897637795275590551181,355.7952755905511811023622046,127,127,8aa9588537a66ee73d60,R04,2019-10-28,2019
0.05,NQM9,midnight,23.63157894736842105263157895,370.7631578947368421052631576,114,114,8aab203bdd8070cc1c34,R04,2019-03-20,2019
0.1,NQM9,midnight,36.0289855072463768115942029,593.3043478260869565217391304,69,69,8aae7d115612b80cb133,R04,2019-04-08,2019
0.05,NQH0,midnight,21.10309278350515463917525773,372.5773195876288659793814433,97,97,8ab7a78d75c7d1bb044d,R04,2019-12-18,2019
0.1,NQU9,prior_rth,16.30538922155688622754491018,1463.329341317365269461077847,167,167,8abfaa917dba0e1e51c7,R01,2019-07-08,2019
0.1,NQU9,prior_rth,16.30538922155688622754491018,1463.329341317365269461077847,167,167,8abfaa917dba0e1e51c7,R02,2019-07-08,2019
0.2,NQZ9,midnight,26.81690140845070422535211268,536.0000000000000000000000002,142,142,8ac09b53241d5491d6b3,R04,2019-11-20,2019
0.2,NQH9,midnight,23.66206896551724137931034483,297.1793103448275862068965511,145,145,8b0a77908a905efa9e88,R04,2019-02-27,2019
0.05,NQM9,midnight,22.06194690265486725663716814,400.601769911504424778761062,113,113,8b3074ef00358fc9e133,R04,2019-04-30,2019
0.2,NQM9,opening_hour_rth,8.203007518796992481203007519,625.8270676691729323308270674,133,133,8b3f416c5d4036abe549,R05,2019-04-08,2019
0.05,NQH9,full_overnight,37.64795918367346938775510204,504.6632653061224489795918368,196,196,8b5f1e946fe97f074464,R03,2019-02-01,2019
0.2,NQU9,full_overnight,24.34868421052631578947368421,585.9210526315789473684210522,152,152,8b7c9c973f0e6958128c,R03,2019-06-27,2019
0.05,NQU9,midnight,14.20289855072463768115942029,260.5942028985507246376811593,276,276,8b7f34e22c6ff7ce36ae,R04,2019-06-20,2019
0.2,NQH9,opening_hour_rth,10.26315789473684210526315789,1410.736842105263157894736842,57,57,8baa117bc4d9f50a792e,R05,2019-02-22,2019
0.1,NQM9,midnight,32.25714285714285714285714286,536.4428571428571428571428552,210,210,8bbbfff0e197a492f4cf,R04,2019-05-06,2019
0.05,NQU9,prior_rth,16.74722222222222222222222222,846.6749999999999999999999992,720,720,8bc5d97d9326d6001a7e,R01,2019-08-06,2019
0.05,NQU9,prior_rth,16.74722222222222222222222222,846.6749999999999999999999992,720,720,8bc5d97d9326d6001a7e,R02,2019-08-06,2019
0.2,NQH9,midnight,23.284,301.2559999999999999999999999,250,250,8be426e1f63c300f1cbb,R04,2019-01-08,2019
0.2,NQM9,full_overnight,20.07569721115537848605577689,362.3266932270916334661354589,251,251,8bfea4ee3e4c920e7da4,R03,2019-04-18,2019
0.1,NQZ9,opening_hour_rth,4.20074349442379182156133829,294.1003717472118959107806692,269,269,8c0b31d68fcb4dffe3a9,R05,2019-10-25,2019
0.2,NQH9,midnight,22.79310344827586206896551724,367.0057471264367816091954024,174,174,8c186fc2d61dfd40cd26,R04,2019-02-07,2019
0.05,NQH9,full_overnight,27.4579831932773109243697479,355.0588235294117647058823529,238,238,8c1db9845a56725767b4,R03,2019-01-30,2019
0.1,NQZ9,opening_hour_rth,9.237037037037037037037037037,533.9851851851851851851851853,135,135,8c2717291ae03bd2dc95,R05,2019-10-17,2019
0.1,NQU9,prior_rth,16.71243523316062176165803109,845.2953367875647668393782365,386,386,8c2bcb6febae5946f15a,R01,2019-06-19,2019
0.1,NQU9,prior_rth,16.71243523316062176165803109,845.2953367875647668393782365,386,386,8c2bcb6febae5946f15a,R02,2019-06-19,2019
0.05,NQZ9,full_overnight,24.36979166666666666666666667,350.307291666666666666666667,192,192,8c62de97e1eb9f19d1f3,R03,2019-11-11,2019
0.1,NQM9,prior_rth,21.02564102564102564102564103,2156.934065934065934065934066,273,273,8c715115147f3cf9ce63,R01,2019-05-10,2019
0.1,NQM9,prior_rth,21.02564102564102564102564103,2156.934065934065934065934066,273,273,8c715115147f3cf9ce63,R02,2019-05-10,2019
0.1,NQZ9,midnight,17.38505747126436781609195402,304.8563218390804597701149424,174,174,8c71c1dc52c2e9f651b9,R04,2019-10-22,2019
0.05,NQM9,opening_hour_rth,10.36,706.7599999999999999999999987,150,150,8c76a69c7fe0ed8507ea,R05,2019-05-31,2019
0.2,NQH9,opening_hour_rth,10.5,1160.755813953488372093023256,86,86,8cd5ee3d4df73c26d0e7,R05,2019-02-11,2019
0.05,NQM9,full_overnight,27.35616438356164383561643836,480.2534246575342465753424657,146,146,8cd9540ca3806f2150c1,R03,2019-04-11,2019
0.1,NQU9,full_overnight,41.52985074626865671641791045,539.4552238805970149253731343,134,134,8cdc37074f2377c379c7,R03,2019-09-09,2019
0.2,NQZ9,full_overnight,18.23121387283236994219653179,397.5317919075144508670520254,346,346,8ced259ad8a80bb33b31,R03,2019-12-10,2019
0.1,NQU9,opening_hour_rth,7.06,496.9450000000000000000000002,200,200,8d11b6dce33c1cebe31c,R05,2019-06-26,2019
0.05,NQU9,prior_rth,20.15210355987055016181229773,969.5631067961165048543689346,309,309,8d11c264a16c3328acfd,R01,2019-08-19,2019
0.05,NQU9,prior_rth,20.15210355987055016181229773,969.5631067961165048543689346,309,309,8d11c264a16c3328acfd,R02,2019-08-19,2019
0.05,NQU9,prior_rth,14.45547945205479452054794521,835.5205479452054794520547973,292,292,8d1c9913e1a89a292aa1,R01,2019-07-30,2019
0.05,NQU9,prior_rth,14.45547945205479452054794521,835.5205479452054794520547973,292,292,8d1c9913e1a89a292aa1,R02,2019-07-30,2019
0.05,NQZ9,midnight,14.22222222222222222222222222,257.6523297491039426523297488,279,279,8d250e5dde9e4678c209,R04,2019-11-07,2019
0.05,NQM9,opening_hour_rth,9.844660194174757281553398058,737.3203883495145631067961164,103,103,8d2e7232206e8381f4a9,R05,2019-03-13,2019
0.1,NQZ9,opening_hour_rth,9.469879518072289156626506024,421.8313253012048192771084341,166,166,8d749054125640c000d1,R05,2019-09-30,2019
0.2,NQU9,prior_rth,13.53409090909090909090909091,1449.551136363636363636363634,176,176,8d77ea9090f8b7863c89,R01,2019-07-25,2019
0.2,NQU9,prior_rth,13.53409090909090909090909091,1449.551136363636363636363634,176,176,8d77ea9090f8b7863c89,R02,2019-07-25,2019
0.2,NQM9,opening_hour_rth,4.237442922374429223744292237,462.4703196347031963470319644,219,219,8d8a87bc3651d6d31dcf,R05,2019-04-23,2019
0.1,NQU9,midnight,27.67796610169491525423728814,485.8474576271186440677966097,177,177,8d965c28f53b34de425f,R04,2019-08-20,2019
0.2,NQM9,full_overnight,38.18461538461538461538461538,1021.307692307692307692307693,65,65,8dba9a967340a0d2433e,R03,2019-04-30,2019
0.05,NQZ9,midnight,31.62585034013605442176870748,358.3469387755102040816326528,147,147,8df54cd43b581ecda49f,R04,2019-10-07,2019
0.05,NQU9,opening_hour_rth,8.208633093525179856115107914,513.2086330935251798561151072,139,139,8dff63bb0d5a1afa02ad,R05,2019-08-21,2019
0.1,NQU9,full_overnight,34.66978193146417445482866044,517.9127725856697819314641729,321,321,8e130a4fc0e160bf2e32,R03,2019-08-13,2019
0.05,NQM9,midnight,19.58620689655172413793103448,381.4865900383141762452107279,261,261,8e7969efda06e4e32cb4,R04,2019-06-05,2019
0.2,NQH9,full_overnight,27.46534653465346534653465347,885.4653465346534653465346538,101,101,8e97b75aad651973776c,R03,2019-01-18,2019
0.1,NQM9,full_overnight,28.20689655172413793103448276,504.1494252873563218390804605,261,261,8eb2d81c3e852ac8c054,R03,2019-06-05,2019
0.1,NQM9,opening_hour_rth,13.23188405797101449275362319,1181.420289855072463768115942,69,69,8f045687048e230ece8e,R05,2019-04-12,2019
0.05,NQZ9,opening_hour_rth,7.072847682119205298013245033,459.9668874172185430463576162,151,151,8f07d3d1d14aba3706c1,R05,2019-11-22,2019
0.05,NQZ9,prior_rth,25.64457831325301204819277108,1358.524096385542168674698792,166,166,8f0c8b498b8aa4e82314,R01,2019-11-06,2019
0.05,NQZ9,prior_rth,25.64457831325301204819277108,1358.524096385542168674698792,166,166,8f0c8b498b8aa4e82314,R02,2019-11-06,2019
0.1,NQH9,opening_hour_rth,4.617529880478087649402390438,549.6932270916334661354581681,251,251,8f167cf119d8f5e0ca67,R05,2019-01-04,2019
0.2,NQM9,midnight,21.2654320987654320987654321,352.3765432098765432098765427,162,162,8f279fbe40474aaa0537,R04,2019-03-14,2019
0.05,NQM9,opening_hour_rth,4.237442922374429223744292237,462.4703196347031963470319644,219,219,8f3e1c78e0060cc2fe8e,R05,2019-04-23,2019
0.2,NQH9,midnight,27.28961748633879781420765027,390.4972677595628415300546448,183,183,8f3ee9b225f5897fcf99,R04,2019-01-24,2019
0.05,NQZ9,opening_hour_rth,10.75373134328358208955223881,696.6194029850746268656716426,134,134,8f45c2405dc41822625e,R05,2019-11-21,2019
0.05,NQM9,prior_rth,17.47697368421052631578947368,1139.934210526315789473684208,304,304,8f56ded0d3bb2f059c59,R01,2019-04-05,2019
0.05,NQM9,prior_rth,17.47697368421052631578947368,1139.934210526315789473684208,304,304,8f56ded0d3bb2f059c59,R02,2019-04-05,2019
0.1,NQU9,opening_hour_rth,6.460122699386503067484662577,517.1226993865030674846625778,163,163,8f88ec6b124eeb7153b7,R05,2019-07-08,2019
0.2,NQU9,full_overnight,17.54227405247813411078717201,549.5451895043731778425655988,343,343,8f9350e64a74d91e9043,R03,2019-08-14,2019
0.2,NQZ9,full_overnight,15.97966101694915254237288136,317.2271186440677966101694916,295,295,8fbf92e17ed690a35783,R03,2019-12-06,2019
0.1,NQZ9,full_overnight,26.81052631578947368421052632,499.6368421052631578947368425,190,190,900c338a40aaf1e6e8a1,R03,2019-11-22,2019
0.05,NQU9,midnight,18.30894308943089430894308943,333.1707317073170731707317061,738,738,902fe75402dce15f747a,R04,2019-08-15,2019
0.1,NQU9,opening_hour_rth,5.209183673469387755102040816,374.0561224489795918367346944,196,196,904308e0b8290da6ed4b,R05,2019-07-23,2019
0.05,NQH9,opening_hour_rth,8.345,614.660000000000000000000004,200,200,90631b18291da2728591,R05,2019-01-18,2019
0.1,NQZ9,midnight,14.59915611814345991561181435,325.0886075949367088607594933,237,237,9084b9b20c0bc2901aab,R04,2019-11-18,2019
0.1,NQZ9,opening_hour_rth,8.896226415094339622641509434,630.1226415094339622641509433,106,106,90927c83f41d8bd71197,R05,2019-11-14,2019
0.1,NQM9,prior_rth,30.23655913978494623655913978,1394.016129032258064516129033,186,186,90c8ec27509eda45511e,R01,2019-06-14,2019
0.1,NQM9,prior_rth,30.23655913978494623655913978,1394.016129032258064516129033,186,186,90c8ec27509eda45511e,R02,2019-06-14,2019
0.05,NQM9,prior_rth,21.23433242506811989100817439,1068.997275204359673024523157,367,367,91027614ff0cdcd00611,R01,2019-06-06,2019
0.05,NQM9,prior_rth,21.23433242506811989100817439,1068.997275204359673024523157,367,367,91027614ff0cdcd00611,R02,2019-06-06,2019
0.2,NQU9,full_overnight,26.99295774647887323943661972,656.4999999999999999999999997,142,142,91275b8734e66cb37cba,R03,2019-07-01,2019
0.2,NQZ9,prior_rth,20.71428571428571428571428571,2077.22689075630252100840336,119,119,9132d6b5a4bca7b84c9a,R01,2019-12-11,2019
0.2,NQZ9,prior_rth,20.71428571428571428571428571,2077.22689075630252100840336,119,119,9132d6b5a4bca7b84c9a,R02,2019-12-11,2019
0.05,NQU9,prior_rth,23.64734299516908212560386473,1094.149758454106280193236711,207,207,9136eb4653044405de6d,R01,2019-08-22,2019
0.05,NQU9,prior_rth,23.64734299516908212560386473,1094.149758454106280193236711,207,207,9136eb4653044405de6d,R02,2019-08-22,2019
0.1,NQU9,prior_rth,17.48221343873517786561264822,953.3122529644268774703557316,253,253,913d7ae900939ed75b72,R01,2019-07-17,2019
0.1,NQU9,prior_rth,17.48221343873517786561264822,953.3122529644268774703557316,253,253,913d7ae900939ed75b72,R02,2019-07-17,2019
0.1,NQM9,prior_rth,32.67741935483870967741935484,2101.822580645161290322580644,124,124,915baba3c66be668d2ef,R01,2019-04-08,2019
0.1,NQM9,prior_rth,32.67741935483870967741935484,2101.822580645161290322580644,124,124,915baba3c66be668d2ef,R02,2019-04-08,2019
0.2,NQZ9,full_overnight,39.67289719626168224299065421,819.3925233644859813084112144,107,107,9179e205ccd7716132c9,R03,2019-09-30,2019
0.05,NQU9,prior_rth,11.54749199573105656350053362,520.3884738527214514407684092,937,937,918d72d4554298b2a6d7,R01,2019-08-14,2019
0.05,NQU9,prior_rth,11.54749199573105656350053362,520.3884738527214514407684092,937,937,918d72d4554298b2a6d7,R02,2019-08-14,2019
0.05,NQU9,prior_rth,18.46052631578947368421052632,1628.550000000000000000000001,380,380,91b387fd755eb097fa3b,R01,2019-08-08,2019
0.05,NQU9,prior_rth,18.46052631578947368421052632,1628.550000000000000000000001,380,380,91b387fd755eb097fa3b,R02,2019-08-08,2019
0.05,NQZ9,prior_rth,10.37642585551330798479087452,738.6425855513307984790874502,263,263,91d70883930382022e68,R01,2019-11-26,2019
0.05,NQZ9,prior_rth,10.37642585551330798479087452,738.6425855513307984790874502,263,263,91d70883930382022e68,R02,2019-11-26,2019
0.05,NQZ9,prior_rth,12.57540603248259860788863109,645.5823665893271461716937327,431,431,91d84938653f29a2d0ee,R01,2019-10-23,2019
0.05,NQZ9,prior_rth,12.57540603248259860788863109,645.5823665893271461716937327,431,431,91d84938653f29a2d0ee,R02,2019-10-23,2019
0.2,NQU9,opening_hour_rth,7.435643564356435643564356436,775.5445544554455445544554456,101,101,91df1cccda0966895f75,R05,2019-08-30,2019
0.2,NQZ9,prior_rth,25.64457831325301204819277108,1358.524096385542168674698792,166,166,91f056a9d19e8f7638cf,R01,2019-11-06,2019
0.2,NQZ9,prior_rth,25.64457831325301204819277108,1358.524096385542168674698792,166,166,91f056a9d19e8f7638cf,R02,2019-11-06,2019
0.2,NQU9,full_overnight,21.74787535410764872521246459,595.665722379603399433427762,353,353,920ab86313a550dfbe17,R03,2019-08-05,2019
0.2,NQH0,midnight,9.609243697478991596638655462,271.4243697478991596638655459,238,238,9213c916e1657cfe9a06,R04,2019-12-20,2019
0.2,NQM9,prior_rth,12.13617021276595744680851064,1639.604255319148936170212769,235,235,921d729c37e2957ee5c9,R01,2019-05-16,2019
0.2,NQM9,prior_rth,12.13617021276595744680851064,1639.604255319148936170212769,235,235,921d729c37e2957ee5c9,R02,2019-05-16,2019
0.1,NQH9,prior_rth,14.24838012958963282937365011,777.7170626349892008639308911,463,463,92261f2add969a693243,R01,2019-01-18,2019
0.1,NQH9,prior_rth,14.24838012958963282937365011,777.7170626349892008639308911,463,463,92261f2add969a693243,R02,2019-01-18,2019
0.05,NQU9,midnight,27.76415094339622641509433962,407.657232704402515723270439,318,318,9244d9129f01cb960f30,R04,2019-08-02,2019
0.05,NQU9,opening_hour_rth,9.93,661.9800000000000000000000002,100,100,925c9c21f3cada1aa924,R05,2019-07-17,2019
0.2,NQH9,opening_hour_rth,12.29347826086956521739130435,1305.83695652173913043478261,92,92,928ddf002fdbf39b5316,R05,2019-01-09,2019
0.1,NQM9,full_overnight,20.87596899224806201550387597,207.0968992248062015503875971,258,258,92adf09eff940a0e37b3,R03,2019-03-11,2019
0.1,NQM9,midnight,11.42073170731707317073170732,239.396341463414634146341463,164,164,92c07f7b10fdf15c2bf8,R04,2019-04-17,2019
0.05,NQZ9,full_overnight,22.62041884816753926701570681,292.6806282722513089005235599,382,382,92c14c0e13195721bb0b,R03,2019-10-11,2019
0.1,NQM9,full_overnight,21.74429223744292237442922374,312.1780821917808219178082185,438,438,92f75301f74e44a55f93,R03,2019-05-09,2019
0.05,NQH0,midnight,15.51219512195121951219512195,314.0813008130081300813008128,123,123,931fb5ba1885b74dc790,R04,2019-12-23,2019
0.05,NQH9,midnight,20.42105263157894736842105263,304.986842105263157894736842,152,152,932d868e6a5ce1e3f8cb,R04,2019-02-06,2019
0.2,NQM9,prior_rth,20.43783783783783783783783784,1540.929729729729729729729732,185,185,9339a1bd2b32fc6de17a,R01,2019-04-03,2019
0.2,NQM9,prior_rth,20.43783783783783783783783784,1540.929729729729729729729732,185,185,9339a1bd2b32fc6de17a,R02,2019-04-03,2019
0.1,NQH9,midnight,14.92592592592592592592592593,237.8412698412698412698412699,189,189,939612cbf0635c9c6b2f,R04,2019-02-25,2019
0.2,NQM9,prior_rth,14.6937799043062200956937799,979.1100478468899521531100469,418,418,93d0c49fa644b32f6ccb,R01,2019-05-02,2019
0.2,NQM9,prior_rth,14.6937799043062200956937799,979.1100478468899521531100469,418,418,93d0c49fa644b32f6ccb,R02,2019-05-02,2019
0.05,NQZ9,full_overnight,30.9375,436.6406250000000000000000002,192,192,93ddbee886cf6cbf459f,R03,2019-11-14,2019
0.1,NQU9,opening_hour_rth,10.78787878787878787878787879,1136.878787878787878787878789,99,99,93f5aced77121c4449ce,R05,2019-08-15,2019
0.05,NQU9,full_overnight,16.12718204488778054862842893,267.9825436408977556109725691,401,401,93f9180626ef287f7012,R03,2019-08-21,2019
0.2,NQM9,opening_hour_rth,7.942528735632183908045977011,1427.057471264367816091954021,87,87,93fff340e5d3aac0822f,R05,2019-05-14,2019
0.1,NQM9,full_overnight,20.73576309794988610478359909,312.0045558086560364464692485,439,439,940a9a479be50e1caa53,R03,2019-05-14,2019
0.05,NQZ9,prior_rth,26.34502923976608187134502924,1090.538011695906432748538013,171,171,942311fa76168c43b4c0,R01,2019-10-15,2019
0.05,NQZ9,prior_rth,26.34502923976608187134502924,1090.538011695906432748538013,171,171,942311fa76168c43b4c0,R02,2019-10-15,2019
0.2,NQM9,prior_rth,15.68098159509202453987730061,2149.748466257668711656441718,163,163,944c94dad1aa6e0cdcc7,R01,2019-05-06,2019
0.2,NQM9,prior_rth,15.68098159509202453987730061,2149.748466257668711656441718,163,163,944c94dad1aa6e0cdcc7,R02,2019-05-06,2019
0.2,NQZ9,midnight,20.4125,305.3125000000000000000000002,160,160,945f80a056dd607bb989,R04,2019-11-08,2019
0.2,NQM9,opening_hour_rth,7.448529411764705882352941176,628.7647058823529411764705882,136,136,9466cb27f536b2f3498e,R05,2019-04-11,2019
0.1,NQM9,prior_rth,18.39071038251366120218579235,924.4316939890710382513661219,366,366,9474b772fa1c8ebd6a84,R01,2019-05-29,2019
0.1,NQM9,prior_rth,18.39071038251366120218579235,924.4316939890710382513661219,366,366,9474b772fa1c8ebd6a84,R02,2019-05-29,2019
0.2,NQZ9,midnight,14.25066666666666666666666667,320.6773333333333333333333349,375,375,948b013e9eadd157504d,R04,2019-12-04,2019
0.1,NQZ9,opening_hour_rth,9.1375,442.1749999999999999999999997,160,160,94c031e4631cfab7a1b3,R05,2019-10-07,2019
0.2,NQZ9,opening_hour_rth,7.221621621621621621621621622,481.3783783783783783783783782,185,185,950de8d2a47bb2dfae2e,R05,2019-09-24,2019
0.05,NQU9,prior_rth,18.86055776892430278884462151,1071.131474103585657370517929,251,251,951ce7cee884628b4222,R01,2019-07-24,2019
0.05,NQU9,prior_rth,18.86055776892430278884462151,1071.131474103585657370517929,251,251,951ce7cee884628b4222,R02,2019-07-24,2019
0.05,NQU9,opening_hour_rth,6.488584474885844748858447489,495.4520547945205479452054758,219,219,955ad013203db52daf2a,R05,2019-07-25,2019
0.05,NQH9,prior_rth,18.17258883248730964467005076,1137.362944162436548223350255,394,394,956afdcf56eba285a366,R01,2019-03-08,2019
0.05,NQH9,prior_rth,18.17258883248730964467005076,1137.362944162436548223350255,394,394,956afdcf56eba285a366,R02,2019-03-08,2019
0.2,NQM9,opening_hour_rth,9.513157894736842105263157895,1384.552631578947368421052629,76,76,9581d14ae20dc676e7be,R05,2019-05-03,2019
0.05,NQH9,opening_hour_rth,5.32247557003257328990228013,453.1465798045602605863192192,307,307,95a262c9599f50d07e5f,R05,2019-03-07,2019
0.2,NQZ9,opening_hour_rth,10.43333333333333333333333333,778.8333333333333333333333332,90,90,95a5ffc7559a52f0c59d,R05,2019-11-26,2019
0.05,NQU9,midnight,24.58741258741258741258741259,339.7762237762237762237762236,143,143,95ae7ab26d624152b99c,R04,2019-07-08,2019
0.2,NQM9,midnight,13.23904382470119521912350598,279.1633466135458167330677298,251,251,95dbeb1f94bdcb893281,R04,2019-04-18,2019
0.1,NQZ9,midnight,31.62585034013605442176870748,358.3469387755102040816326528,147,147,96048f918ae0f2e4b7b8,R04,2019-10-07,2019
0.1,NQM9,prior_rth,16.03106796116504854368932039,937.5572815533980582524271847,515,515,9607a1758168bec4c816,R01,2019-03-28,2019
0.1,NQM9,prior_rth,16.03106796116504854368932039,937.5572815533980582524271847,515,515,9607a1758168bec4c816,R02,2019-03-28,2019
0.05,NQU9,prior_rth,19.04669260700389105058365759,1068.214007782101167315175096,257,257,960e1e4a971a26a6e289,R01,2019-07-31,2019
0.05,NQU9,prior_rth,19.04669260700389105058365759,1068.214007782101167315175096,257,257,960e1e4a971a26a6e289,R02,2019-07-31,2019
0.1,NQM9,full_overnight,24.81318681318681318681318681,421.8956043956043956043956043,182,182,961ef6068880120a8315,R03,2019-03-15,2019
0.2,NQM9,opening_hour_rth,11.22340425531914893617021277,879.9787234042553191489361701,94,94,96224cc736294f12cf33,R05,2019-03-19,2019
0.2,NQZ9,opening_hour_rth,5.800925925925925925925925926,415.3009259259259259259259263,216,216,962733b7b5fa9542ea1d,R05,2019-12-05,2019
0.05,NQM9,opening_hour_rth,4.652329749103942652329749104,395.709677419354838709677419,279,279,9638ba0761b1c52f9c56,R05,2019-03-21,2019
0.05,NQZ9,full_overnight,34,422.1204188481675392670157069,191,191,965692f35142910ed231,R03,2019-09-17,2019
0.1,NQM9,opening_hour_rth,7.575289575289575289575289575,479.3590733590733590733590714,259,259,967aad64db3a2b648913,R05,2019-05-14,2019
0.2,NQH9,prior_rth,15.80727272727272727272727273,1684.723636363636363636363637,275,275,967c61a24a4afdb2ba9e,R01,2019-01-23,2019
0.2,NQH9,prior_rth,15.80727272727272727272727273,1684.723636363636363636363637,275,275,967c61a24a4afdb2ba9e,R02,2019-01-23,2019
0.1,NQU9,prior_rth,21.2968036529680365296803653,1177.894977168949771689497718,219,219,967f8ca0d294b3331b47,R01,2019-08-20,2019
0.1,NQU9,prior_rth,21.2968036529680365296803653,1177.894977168949771689497718,219,219,967f8ca0d294b3331b47,R02,2019-08-20,2019
0.05,NQH0,opening_hour_rth,7.922413793103448275862068966,579.405172413793103448275863,116,116,968bfe69e5d0b8b328b8,R05,2019-12-17,2019
0.1,NQM9,midnight,17.52352941176470588235294118,281.4558823529411764705882355,340,340,969275b517d8093c5219,R04,2019-05-16,2019
0.05,NQM9,midnight,17.22027972027972027972027972,282.4055944055944055944055941,286,286,96d345fc6df31b334b04,R04,2019-03-25,2019
0.05,NQZ9,midnight,13.05533596837944664031620553,303.2332015810276679841897234,253,253,96de1b565b31b8728707,R04,2019-12-06,2019
0.1,NQM9,full_overnight,29.42168674698795180722891566,452.8835341365461847389558217,249,249,97199df288925f99e7a5,R03,2019-03-28,2019
0.05,NQU9,prior_rth,15.16216216216216216216216216,733.8618618618618618618618592,333,333,9723cd3f3a39db3d5cf5,R01,2019-07-08,2019
0.05,NQU9,prior_rth,15.16216216216216216216216216,733.8618618618618618618618592,333,333,9723cd3f3a39db3d5cf5,R02,2019-07-08,2019
0.2,NQH9,full_overnight,50.77192982456140350877192982,1882.877192982456140350877193,57,57,976dd2f269bff10ce283,R03,2019-01-31,2019
0.1,NQU9,opening_hour_rth,8.208633093525179856115107914,513.2086330935251798561151072,139,139,9780aa82aff0dbb3a096,R05,2019-08-21,2019
0.05,NQH9,prior_rth,15.31355932203389830508474576,1019.322033898305084745762714,236,236,979d4ca3e161a06af667,R01,2019-02-20,2019
0.05,NQH9,prior_rth,15.31355932203389830508474576,1019.322033898305084745762714,236,236,979d4ca3e161a06af667,R02,2019-02-20,2019
0.05,NQZ9,opening_hour_rth,9.645669291338582677165354331,665.3464566929133858267716539,127,127,97b2fbc0f8c04c4ab095,R05,2019-12-04,2019
0.2,NQU9,full_overnight,41.52985074626865671641791045,539.4552238805970149253731343,134,134,97be3755eb89e0b5d3a1,R03,2019-09-09,2019
0.05,NQH9,opening_hour_rth,5.473684210526315789473684211,419.5338345864661654135338335,266,266,97c982d554bc0825664d,R05,2019-02-06,2019
0.05,NQU9,full_overnight,31.55238095238095238095238095,525.8793650793650793650793641,315,315,983ef65adfe80b078274,R03,2019-08-28,2019
0.2,NQU9,midnight,25.09677419354838709677419355,283.879032258064516129032258,124,124,984b86ffafcaba3e505c,R04,2019-06-28,2019
0.1,NQZ9,opening_hour_rth,9.034782608695652173913043478,756.8695652173913043478260868,115,115,984d807d854de5969ef6,R05,2019-11-04,2019
0.2,NQM9,opening_hour_rth,11.1025641025641025641025641,1184.987179487179487179487179,78,78,98621913f671d67886ac,R05,2019-06-06,2019
0.05,NQU9,prior_rth,22.94539249146757679180887372,1015.491467576791808873720138,293,293,986c27564851493fd270,R01,2019-09-13,2019
0.05,NQU9,prior_rth,22.94539249146757679180887372,1015.491467576791808873720138,293,293,986c27564851493fd270,R02,2019-09-13,2019
0.2,NQZ9,prior_rth,21.84466019417475728155339806,2551.427184466019417475728152,103,103,988929d74d16f63b8a4c,R01,2019-11-04,2019
0.2,NQZ9,prior_rth,21.84466019417475728155339806,2551.427184466019417475728152,103,103,988929d74d16f63b8a4c,R02,2019-11-04,2019
0.2,NQM9,opening_hour_rth,12.09803921568627450980392157,1485.843137254901960784313725,51,51,98c4726f093b7c9645a8,R05,2019-03-14,2019
0.2,NQZ9,midnight,29.47422680412371134020618557,473.6494845360824742268041236,97,97,98c5ad3a5ab686f796da,R04,2019-11-05,2019
0.2,NQH9,full_overnight,32.832,891.6400000000000000000000024,125,125,98e62c8de52caa070302,R03,2019-01-07,2019
0.2,NQU9,opening_hour_rth,10.40594059405940594059405941,736.5742574257425742574257426,101,101,991223ba91b812f4b5ab,R05,2019-07-31,2019
0.2,NQU9,full_overnight,22.56985294117647058823529412,1188.459558823529411764705884,272,272,9920c9762ee3b9a5ddbe,R03,2019-08-06,2019
0.05,NQM9,prior_rth,14.47893915756630265210608424,861.3369734789391575663026484,641,641,993e74dc9e6aeac7675b,R01,2019-03-25,2019
0.05,NQM9,prior_rth,14.47893915756630265210608424,861.3369734789391575663026484,641,641,993e74dc9e6aeac7675b,R02,2019-03-25,2019
0.2,NQM9,opening_hour_rth,5.269767441860465116279069767,565.4837209302325581395348847,215,215,99470cfe0e9560cbb771,R05,2019-04-17,2019
0.05,NQH9,full_overnight,30.12883435582822085889570552,471.558282208588957055214724,163,163,9950fcf595d7acc57d74,R03,2019-03-07,2019
0.1,NQZ9,full_overnight,32.96,477.3800000000000000000000001,150,150,995d75227803c5e99a3b,R03,2019-11-05,2019
0.2,NQH9,midnight,25.03088803088803088803088803,297.1621621621621621621621623,259,259,9976f635d9faef32d741,R04,2019-01-07,2019
0.05,NQM9,opening_hour_rth,6.316939890710382513661202186,525.4316939890710382513661202,183,183,997ab861e98af5547397,R05,2019-04-04,2019
0.1,NQH9,opening_hour_rth,5.235521235521235521235521236,401.3822393822393822393822375,259,259,9987cb26bcdf41d49552,R05,2019-01-31,2019
0.1,NQU9,midnight,21.30501930501930501930501931,407.9884169884169884169884174,259,259,99a79a34ae3a741ab6e6,R04,2019-08-22,2019
0.05,NQU9,full_overnight,41.52985074626865671641791045,539.4552238805970149253731343,134,134,99b5f02acc5250e4b142,R03,2019-09-09,2019
0.2,NQH9,prior_rth,13.68456375838926174496644295,905.0436241610738255033557091,298,298,99ccf3e9348e62d52275,R01,2019-02-13,2019
0.2,NQH9,prior_rth,13.68456375838926174496644295,905.0436241610738255033557091,298,298,99ccf3e9348e62d52275,R02,2019-02-13,2019
0.1,NQZ9,opening_hour_rth,6.354166666666666666666666667,475.322916666666666666666666,192,192,99e0df740cd6fb47582f,R05,2019-10-30,2019
0.05,NQZ9,prior_rth,17.89519650655021834061135371,1087.11353711790393013100437,229,229,99f8625a549dc21d3454,R01,2019-11-13,2019
0.05,NQZ9,prior_rth,17.89519650655021834061135371,1087.11353711790393013100437,229,229,99f8625a549dc21d3454,R02,2019-11-13,2019
0.1,NQU9,opening_hour_rth,6.708333333333333333333333333,376.9358974358974358974358958,312,312,99fde6d3e7d2523479ec,R05,2019-08-09,2019
0.1,NQH0,prior_rth,23.32258064516129032258064516,1696.37903225806451612903226,124,124,9a196a23d2a9bc42cd43,R01,2019-12-23,2019
0.1,NQH0,prior_rth,23.32258064516129032258064516,1696.37903225806451612903226,124,124,9a196a23d2a9bc42cd43,R02,2019-12-23,2019
0.1,NQU9,midnight,12.04776579352850539291217257,225.2187981510015408320493076,649,649,9a25e08d3bfa3241c77e,R04,2019-08-14,2019
0.1,NQZ9,full_overnight,18.23121387283236994219653179,397.5317919075144508670520254,346,346,9a3610f1e4bbccadadc6,R03,2019-12-10,2019
0.1,NQM9,prior_rth,20.96319018404907975460122699,1712.889570552147239263803683,163,163,9ab16d9c462ef726ef67,R01,2019-04-17,2019
0.1,NQM9,prior_rth,20.96319018404907975460122699,1712.889570552147239263803683,163,163,9ab16d9c462ef726ef67,R02,2019-04-17,2019
0.2,NQU9,opening_hour_rth,8.411764705882352941176470588,1085.752941176470588235294117,85,85,9abb841bd2158b01eedb,R05,2019-08-29,2019
0.2,NQU9,opening_hour_rth,8.1875,2473.640625000000000000000003,64,64,9ac22d142703b236bf22,R05,2019-08-07,2019
0.2,NQM9,midnight,12.92622950819672131147540984,244.4221311475409836065573773,488,488,9ae08676416fbeae2a07,R04,2019-05-13,2019
0.1,NQM9,full_overnight,26.828125,424.0338541666666666666666688,384,384,9ae28c0a64bcff1fcc7d,R03,2019-05-08,2019
0.05,NQM9,prior_rth,9.317803660565723793677204659,696.6405990016638935108153063,601,601,9af40195d955f670abab,R01,2019-03-22,2019
0.05,NQM9,prior_rth,9.317803660565723793677204659,696.6405990016638935108153063,601,601,9af40195d955f670abab,R02,2019-03-22,2019
0.2,NQZ9,midnight,27.20588235294117647058823529,429.8627450980392156862745094,102,102,9af9d30bff54dde8bf4c,R04,2019-10-25,2019
0.2,NQM9,full_overnight,29.1025641025641025641025641,830.1730769230769230769230795,156,156,9b0b3fc154a69d1c8731,R03,2019-05-29,2019
0.1,NQZ9,midnight,27.39583333333333333333333333,360.2604166666666666666666668,96,96,9b1adafcee0dda7f1e62,R04,2019-09-18,2019
0.2,NQM9,opening_hour_rth,5.75,513.2560975609756097560975607,164,164,9b70e4ecbf2ba154a719,R05,2019-03-18,2019
0.05,NQH0,midnight,17.45588235294117647058823529,354.1617647058823529411764707,136,136,9b72cc61952c99d96fc4,R04,2019-12-30,2019
0.05,NQU9,midnight,19.00257069408740359897172237,269.095115681233933161953729,389,389,9b7facf4bd0bc70bce5d,R04,2019-08-27,2019
0.2,NQM9,midnight,13.91428571428571428571428571,218.7952380952380952380952379,210,210,9b81b40639db4a6e12cb,R04,2019-03-13,2019
0.1,NQU9,full_overnight,43.6257668711656441717791411,1094.944785276073619631901839,163,163,9bb24a67169e30e161b6,R03,2019-08-02,2019
0.1,NQH9,full_overnight,23.29126213592233009708737864,365.4514563106796116504854366,206,206,9bbaedc043b5a2768f25,R03,2019-02-13,2019
0.1,NQH9,opening_hour_rth,12.09836065573770491803278689,656.4863387978142076502732235,183,183,9bf6f148e5b70d64a980,R05,2019-01-09,2019
0.05,NQU9,midnight,36.4,546.9294117647058823529411765,85,85,9c0ef5e11ef9dc86e2f5,R04,2019-09-09,2019
0.05,NQM9,midnight,27.94017094017094017094017094,521.8974358974358974358974358,117,117,9c12bd1bded292ac539a,R04,2019-05-02,2019
0.2,NQZ9,prior_rth,12.57540603248259860788863109,645.5823665893271461716937327,431,431,9c254aebed34a108a194,R01,2019-10-23,2019
0.2,NQZ9,prior_rth,12.57540603248259860788863109,645.5823665893271461716937327,431,431,9c254aebed34a108a194,R02,2019-10-23,2019
0.05,NQU9,opening_hour_rth,7.731818181818181818181818182,719.6045454545454545454545436,220,220,9c33c26eebeda0cef26a,R05,2019-08-07,2019
0.1,NQH9,prior_rth,18.19327731092436974789915966,889.0924369747899159663865557,476,476,9c522b695454efb25bc9,R01,2019-01-09,2019
0.1,NQH9,prior_rth,18.19327731092436974789915966,889.0924369747899159663865557,476,476,9c522b695454efb25bc9,R02,2019-01-09,2019
0.1,NQM9,opening_hour_rth,7.223826714801444043321299639,483.2310469314079422382671433,277,277,9c61b05720517f18ed5e,R05,2019-06-05,2019
0.05,NQZ9,prior_rth,31.77952755905511811023622047,1832.929133858267716535433074,127,127,9c8070de5c27ed6c2189,R01,2019-12-05,2019
0.05,NQZ9,prior_rth,31.77952755905511811023622047,1832.929133858267716535433074,127,127,9c8070de5c27ed6c2189,R02,2019-12-05,2019
0.05,NQH0,full_overnight,25.51470588235294117647058824,487.8235294117647058823529413,136,136,9c9473cb5b523a71e4e1,R03,2019-12-30,2019
0.05,NQM9,prior_rth,20.43783783783783783783783784,1540.929729729729729729729732,185,185,9cb49d08b25e81100696,R01,2019-04-03,2019
0.05,NQM9,prior_rth,20.43783783783783783783783784,1540.929729729729729729729732,185,185,9cb49d08b25e81100696,R02,2019-04-03,2019
0.2,NQM9,midnight,14.08780487804878048780487805,496.112195121951219512195122,205,205,9cce6b370ea08ee36ef4,R04,2019-05-07,2019
0.2,NQU9,opening_hour_rth,6.555555555555555555555555556,988.711111111111111111111111,90,90,9d3682694cb42e6d421a,R05,2019-07-22,2019
0.05,NQZ9,opening_hour_rth,12.53333333333333333333333333,858.5600000000000000000000003,75,75,9d3cc06fad1d9f5f35f7,R05,2019-09-20,2019
0.05,NQZ9,prior_rth,18.92376681614349775784753363,1284.340807174887892376681615,223,223,9d6926f9e5b38db1c8de,R01,2019-11-15,2019
0.05,NQZ9,prior_rth,18.92376681614349775784753363,1284.340807174887892376681615,223,223,9d6926f9e5b38db1c8de,R02,2019-11-15,2019
0.1,NQH9,opening_hour_rth,8,1115.609523809523809523809524,105,105,9d739f269dc1494f6570,R05,2019-02-14,2019
0.2,NQH9,midnight,28.85840707964601769911504425,399.8938053097345132743362831,113,113,9d769034b9653b5841f2,R04,2019-02-26,2019
0.2,NQZ9,full_overnight,20.17768595041322314049586777,444.9710743801652892561983467,242,242,9d78bad978c5b1dd5eff,R03,2019-11-18,2019
0.2,NQM9,prior_rth,21.33510638297872340425531915,1387.675531914893617021276602,188,188,9dc536ca0e9dfa2795fe,R01,2019-04-12,2019
0.2,NQM9,prior_rth,21.33510638297872340425531915,1387.675531914893617021276602,188,188,9dc536ca0e9dfa2795fe,R02,2019-04-12,2019
0.05,NQM9,full_overnight,19.36650485436893203883495146,252.7524271844660194174757282,412,412,9dd29901ebe5af993ddf,R03,2019-06-13,2019
0.05,NQU9,opening_hour_rth,10.00684931506849315068493151,520.9657534246575342465753423,146,146,9de0f87bbb23851f4c6c,R05,2019-09-06,2019
0.05,NQH9,midnight,20.89440993788819875776397516,305.6645962732919254658385093,161,161,9dfc46527e3e96c5309b,R04,2019-02-28,2019
0.2,NQH9,midnight,25.71559633027522935779816514,339.9174311926605504587155967,109,109,9e35033db9af4abf0f24,R04,2019-03-06,2019
0.1,NQU9,midnight,27.23913043478260869565217391,405.5869565217391304347826084,138,138,9e3cba333c0e4a229390,R04,2019-07-09,2019
0.1,NQZ9,midnight,36.41269841269841269841269841,570.9841269841269841269841267,63,63,9e612c3a25851f07a976,R04,2019-12-09,2019
0.1,NQZ9,full_overnight,30.91044776119402985074626866,461.8208955223880597014925369,134,134,9e7429b2e3ab5b2bd93c,R03,2019-10-28,2019
0.2,NQU9,prior_rth,24.85,2933.008333333333333333333335,120,120,9e7bbdbfe8dcc72dc08f,R01,2019-09-04,2019
0.2,NQU9,prior_rth,24.85,2933.008333333333333333333335,120,120,9e7bbdbfe8dcc72dc08f,R02,2019-09-04,2019
0.05,NQZ9,midnight,23.27526132404181184668989547,377.0174216027874564459930317,287,287,9ea2944ff6afdee270d4,R04,2019-10-04,2019
0.1,NQM9,opening_hour_rth,3.489795918367346938775510204,281.688775510204081632653064,392,392,9eadfa0f7dcc03bb6a3f,R05,2019-05-16,2019
0.05,NQZ9,opening_hour_rth,7.602339181286549707602339181,445.2690058479532163742690056,171,171,9ebf58f6e6121cebc13d,R05,2019-10-21,2019
0.05,NQH9,prior_rth,20.1048951048951048951048951,1174.360139860139860139860142,286,286,9ec1ed854d101956b7e8,R01,2019-01-28,2019
0.05,NQH9,prior_rth,20.1048951048951048951048951,1174.360139860139860139860142,286,286,9ec1ed854d101956b7e8,R02,2019-01-28,2019
0.2,NQZ9,full_overnight,22.15813953488372093023255814,339.7720930232558139534883719,215,215,9ee40e66c4cb824fcbcd,R03,2019-11-13,2019
0.1,NQM9,opening_hour_rth,10.03305785123966942148760331,789.6776859504132231404958679,121,121,9ef482d97876c7a63033,R05,2019-04-05,2019
0.05,NQZ9,prior_rth,17.87553648068669527896995708,828.763948497854077253218885,233,233,9f1111745b5d3e510af3,R01,2019-10-22,2019
0.05,NQZ9,prior_rth,17.87553648068669527896995708,828.763948497854077253218885,233,233,9f1111745b5d3e510af3,R02,2019-10-22,2019
0.2,NQZ9,prior_rth,19.8064516129032258064516129,3420.233870967741935483870969,124,124,9f4d884c2dd7a2d14215,R01,2019-12-04,2019
0.2,NQZ9,prior_rth,19.8064516129032258064516129,3420.233870967741935483870969,124,124,9f4d884c2dd7a2d14215,R02,2019-12-04,2019
0.2,NQU9,opening_hour_rth,7.46875,971.5937499999999999999999999,96,96,9f501092845f427bfff8,R05,2019-07-01,2019
0.2,NQZ9,full_overnight,13.91760299625468164794007491,324.6273408239700374531835202,534,534,9f5c3365e08f2b221bf5,R03,2019-12-03,2019
0.05,NQU9,prior_rth,19.09333333333333333333333333,953.2466666666666666666666677,300,300,9f882bf430ee35b4b7c9,R01,2019-08-30,2019
0.05,NQU9,prior_rth,19.09333333333333333333333333,953.2466666666666666666666677,300,300,9f882bf430ee35b4b7c9,R02,2019-08-30,2019
0.05,NQU9,opening_hour_rth,6.241573033707865168539325843,499.910112359550561797752809,178,178,9fb928e7ef388a5416f8,R05,2019-07-22,2019
0.2,NQH9,opening_hour_rth,4.811827956989247311827956989,745.8279569892473118279569903,186,186,9fd6acc3ec099a0fc537,R05,2019-01-15,2019
0.2,NQH9,prior_rth,26.60215053763440860215053763,3048.72043010752688172043011,93,93,9fd9ea3f951e151f18f3,R01,2019-03-01,2019
0.2,NQH9,prior_rth,26.60215053763440860215053763,3048.72043010752688172043011,93,93,9fd9ea3f951e151f18f3,R02,2019-03-01,2019
0.1,NQH9,midnight,24.17355371900826446280991736,434.322314049586776859504132,121,121,9fdf9d75a7f16183bab3,R04,2019-02-13,2019
0.1,NQH9,full_overnight,42.7311827956989247311827957,1449.161290322580645161290324,93,93,9feca359850dd2e431f4,R03,2019-01-03,2019
0.2,NQU9,prior_rth,19.84581497797356828193832599,993.4889867841409691629955969,227,227,a003a8fb9bff53147718,R01,2019-07-05,2019
0.2,NQU9,prior_rth,19.84581497797356828193832599,993.4889867841409691629955969,227,227,a003a8fb9bff53147718,R02,2019-07-05,2019
0.05,NQU9,prior_rth,14.95757575757575757575757576,884.0575757575757575757575748,330,330,a021e51b5cb8703c80a4,R01,2019-09-06,2019
0.05,NQU9,prior_rth,14.95757575757575757575757576,884.0575757575757575757575748,330,330,a021e51b5cb8703c80a4,R02,2019-09-06,2019
0.2,NQU9,opening_hour_rth,5.209183673469387755102040816,374.0561224489795918367346944,196,196,a0422f9059a965628cb3,R05,2019-07-23,2019
0.2,NQM9,midnight,17.22027972027972027972027972,282.4055944055944055944055941,286,286,a051a00ab58a97646cfd,R04,2019-03-25,2019
0.1,NQZ9,prior_rth,19.48943661971830985915492958,810.5105633802816901408450683,284,284,a061c3fad6ff7e460c70,R01,2019-10-01,2019
0.1,NQZ9,prior_rth,19.48943661971830985915492958,810.5105633802816901408450683,284,284,a061c3fad6ff7e460c70,R02,2019-10-01,2019
0.1,NQM9,midnight,23.30841121495327102803738318,407.2616822429906542056074769,107,107,a09291c8c4495a20eea7,R04,2019-04-02,2019
0.05,NQM9,opening_hour_rth,12.5462962962962962962962963,780.3518518518518518518518519,108,108,a092bbd37f1ca9b34e5b,R05,2019-03-12,2019
0.05,NQM9,prior_rth,14.58088235294117647058823529,962.5919117647058823529411761,272,272,a0a7559adc3eb30eca3d,R01,2019-04-09,2019
0.05,NQM9,prior_rth,14.58088235294117647058823529,962.5919117647058823529411761,272,272,a0a7559adc3eb30eca3d,R02,2019-04-09,2019
0.05,NQZ9,midnight,17.46078431372549019607843137,292.4771241830065359477124183,306,306,a0bf34ffb68bf91bb132,R04,2019-10-11,2019
0.05,NQM9,prior_rth,22.45402298850574712643678161,1612.488505747126436781609193,174,174,a0cd18573835dc35d676,R01,2019-04-25,2019
0.05,NQM9,prior_rth,22.45402298850574712643678161,1612.488505747126436781609193,174,174,a0cd18573835dc35d676,R02,2019-04-25,2019
0.1,NQU9,opening_hour_rth,7.647798742138364779874213836,549.3459119496855345911949685,159,159,a10136e8bc95982f0fdc,R05,2019-09-09,2019
0.05,NQH9,opening_hour_rth,5.538888888888888888888888889,468.3166666666666666666666671,180,180,a14819d93bc17f3dd768,R05,2019-02-12,2019
0.1,NQM9,prior_rth,16.76497695852534562211981567,1059.149769585253456221198154,434,434,a1513a806ae6e9a2606a,R01,2019-03-21,2019
0.1,NQM9,prior_rth,16.76497695852534562211981567,1059.149769585253456221198154,434,434,a1513a806ae6e9a2606a,R02,2019-03-21,2019
0.05,NQU9,full_overnight,22.92048929663608562691131498,389.4250764525993883792048924,327,327,a1517e51f540d9e47eb8,R03,2019-08-30,2019
0.1,NQM9,opening_hour_rth,9.340206185567010309278350515,577.5154639175257731958762897,194,194,a16fd35d41d0946a8d6c,R05,2019-06-11,2019
0.1,NQZ9,opening_hour_rth,6.679012345679012345679012346,425.2921810699588477366255148,243,243,a1dc06fa08f66ca77695,R05,2019-10-31,2019
0.2,NQH0,midnight,34.11594202898550724637681159,632.5362318840579710144927535,69,69,a209b59814d368b23b60,R04,2019-12-19,2019
0.2,NQH9,midnight,19.86486486486486486486486486,283.3693693693693693693693691,222,222,a21462bf1a10844d3963,R04,2019-01-29,2019
0.2,NQU9,full_overnight,21.79487179487179487179487179,965.5164835164835164835164842,273,273,a228e56f8b97ac2b3132,R03,2019-08-26,2019
0.2,NQU9,midnight,21.30501930501930501930501931,407.9884169884169884169884174,259,259,a2294b48f07554a730ed,R04,2019-08-22,2019
0.05,NQM9,prior_rth,23.14933837429111531190926276,1104.085066162570888468809073,529,529,a22df949c95dd1bf8f3c,R01,2019-05-14,2019
0.05,NQM9,prior_rth,23.14933837429111531190926276,1104.085066162570888468809073,529,529,a22df949c95dd1bf8f3c,R02,2019-05-14,2019
0.1,NQU9,full_overnight,26.28239202657807308970099668,459.4385382059800664451827249,301,301,a2328707cd7e8410a51c,R03,2019-08-22,2019
0.2,NQM9,opening_hour_rth,7.019230769230769230769230769,1861.634615384615384615384615,52,52,a233421a26c8d327f229,R05,2019-03-15,2019
0.2,NQM9,prior_rth,32.2688172043010752688172043,2788.032258064516129032258068,93,93,a28a274094a36f40ffb7,R01,2019-06-14,2019
0.2,NQM9,prior_rth,32.2688172043010752688172043,2788.032258064516129032258068,93,93,a28a274094a36f40ffb7,R02,2019-06-14,2019
0.2,NQZ9,full_overnight,21.9103139013452914798206278,336.1300448430493273542600897,223,223,a2a2f5cb18eb90aaa899,R03,2019-11-26,2019
0.2,NQH9,midnight,16.41869918699186991869918699,258.8943089430894308943089436,246,246,a2ba495d2eb3707e1b6e,R04,2019-02-21,2019
0.2,NQM9,midnight,30.51851851851851851851851852,597.8888888888888888888888892,108,108,a2cbdbd61cbf4e80c05a,R04,2019-04-01,2019
0.1,NQM9,midnight,17.22027972027972027972027972,282.4055944055944055944055941,286,286,a2ea7950b00ce5fcd428,R04,2019-03-25,2019
0.1,NQH9,opening_hour_rth,9.44910179640718562874251497,638.0119760479041916167664653,167,167,a32b98f44e35c6812502,R05,2019-01-22,2019
0.2,NQZ9,midnight,14.85185185185185185185185185,280.2222222222222222222222222,189,189,a37824eb357e326d800f,R04,2019-11-04,2019
0.1,NQU9,prior_rth,17.8183856502242152466367713,820.6816143497757847533632283,446,446,a3bd26052223da0eb4c3,R01,2019-08-28,2019
0.1,NQU9,prior_rth,17.8183856502242152466367713,820.6816143497757847533632283,446,446,a3bd26052223da0eb4c3,R02,2019-08-28,2019
0.1,NQU9,midnight,11.02803738317757009345794393,175.6051401869158878504672898,428,428,a3e3ca62600df12e9461,R04,2019-06-18,2019
0.1,NQH9,full_overnight,28.76284584980237154150197628,342.0434782608695652173913046,253,253,a417b0df1697d8106c91,R03,2019-01-17,2019
0.2,NQH9,midnight,25.27272727272727272727272727,294.5113636363636363636363638,176,176,a41b925dc03282f6e994,R04,2019-01-11,2019
0.1,NQM9,opening_hour_rth,7.448529411764705882352941176,628.7647058823529411764705882,136,136,a4315f459928f88643b6,R05,2019-04-11,2019
0.05,NQU9,opening_hour_rth,6.269230769230769230769230769,410.0336538461538461538461543,208,208,a43888c4a6cc53ca1eb3,R05,2019-06-25,2019
0.05,NQM9,opening_hour_rth,5.742028985507246376811594203,329.6695652173913043478260861,345,345,a446d6854e4e3060bb3e,R05,2019-05-10,2019
0.1,NQZ9,prior_rth,24.10447761194029850746268657,1772.925373134328358208955222,134,134,a45926f101261c4435a5,R01,2019-11-18,2019
0.1,NQZ9,prior_rth,24.10447761194029850746268657,1772.925373134328358208955222,134,134,a45926f101261c4435a5,R02,2019-11-18,2019
0.2,NQM9,midnight,22.06194690265486725663716814,400.601769911504424778761062,113,113,a46e9bc5eb64437173f3,R04,2019-04-30,2019
0.2,NQH0,prior_rth,11.6,848.3227272727272727272727286,220,220,a47133e79ddde0901949,R01,2019-12-20,2019
0.2,NQH0,prior_rth,11.6,848.3227272727272727272727286,220,220,a47133e79ddde0901949,R02,2019-12-20,2019
0.1,NQM9,full_overnight,21.8268656716417910447761194,346.0328358208955223880597021,335,335,a4bd5039f8273741ee1d,R03,2019-05-22,2019
0.2,NQM9,midnight,19.97435897435897435897435897,294.7435897435897435897435903,117,117,a4e401fb63ddba364fac,R04,2019-04-22,2019
0.05,NQM9,midnight,20.05806451612903225806451613,313.1225806451612903225806452,310,310,a4f66677f27ffcb53cbf,R04,2019-05-09,2019
0.05,NQM9,midnight,19.16883116883116883116883117,345.688311688311688311688312,308,308,a4fd1d77d52e58e330cc,R04,2019-05-31,2019
0.05,NQM9,midnight,13.22760290556900726392251816,245.6707021791767554479418893,413,413,a506f04c595924aafc2a,R04,2019-05-15,2019
0.05,NQU9,opening_hour_rth,11.71296296296296296296296296,633.6296296296296296296296297,108,108,a53a53a99f4540171a02,R05,2019-06-27,2019
0.1,NQZ9,prior_rth,19.02135231316725978647686833,915.3202846975088967971530231,281,281,a54678ef65fb797b585d,R01,2019-10-18,2019
0.1,NQZ9,prior_rth,19.02135231316725978647686833,915.3202846975088967971530231,281,281,a54678ef65fb797b585d,R02,2019-10-18,2019
0.1,NQH9,full_overnight,43.92792792792792792792792793,571.4864864864864864864864864,111,111,a54d609ca40fdfd10aaa,R03,2019-02-20,2019
0.2,NQU9,opening_hour_rth,11.44186046511627906976744186,2617.465116279069767441860463,43,43,a57b332c4f1ca7a0dcbb,R05,2019-08-15,2019
0.2,NQZ9,prior_rth,37.7,2269.8625,80,80,a57c0413ddf6525b9ddf,R01,2019-09-17,2019
0.2,NQZ9,prior_rth,37.7,2269.8625,80,80,a57c0413ddf6525b9ddf,R02,2019-09-17,2019
0.05,NQH9,midnight,28.85840707964601769911504425,399.8938053097345132743362831,113,113,a57cd0b2756a20b1dc97,R04,2019-02-26,2019
0.2,NQH0,midnight,21.10309278350515463917525773,372.5773195876288659793814433,97,97,a57e16ce0657ed4e42b1,R04,2019-12-18,2019
0.2,NQH0,prior_rth,26.15873015873015873015873016,3338.904761904761904761904763,63,63,a5a0c2f2afbc44313977,R01,2019-12-23,2019
0.2,NQH0,prior_rth,26.15873015873015873015873016,3338.904761904761904761904763,63,63,a5a0c2f2afbc44313977,R02,2019-12-23,2019
0.1,NQM9,midnight,15.18502202643171806167400881,272.4449339207048458149779737,227,227,a5a0e8fb31ac7a8b84a8,R04,2019-06-11,2019
0.2,NQH9,full_overnight,35.21929824561403508771929825,756.1929824561403508771929828,114,114,a5a67a8c17490b403e23,R03,2019-01-23,2019
0.1,NQZ9,midnight,22.90196078431372549019607843,387.0588235294117647058823526,204,204,a5a9d6df43f4125d76ca,R04,2019-11-21,2019
0.05,NQZ9,opening_hour_rth,7.82300884955752212389380531,665.2212389380530973451327433,113,113,a5ad90a7b80faf9ec30a,R05,2019-11-15,2019
0.1,NQM9,opening_hour_rth,10.71794871794871794871794872,592.4935897435897435897435901,156,156,a5b893f7f34856e7184a,R05,2019-06-06,2019
0.05,NQU9,opening_hour_rth,3.948630136986301369863013699,324.5479452054794520547945209,292,292,a6002a46176548c69b87,R05,2019-07-29,2019
0.05,NQU9,midnight,18.55789473684210526315789474,335.4105263157894736842105261,190,190,a610d30e5bbcae63bd2b,R04,2019-07-25,2019
0.05,NQU9,opening_hour_rth,5.605187319884726224783861671,411.3544668587896253602305481,347,347,a6116197ee5b5ae0bd46,R05,2019-06-18,2019
0.2,NQM9,full_overnight,40.72881355932203389830508475,1315.305084745762711864406779,59,59,a621fe12ae57548e7dda,R03,2019-04-25,2019
0.05,NQU9,midnight,16.14376996805111821086261981,309.7795527156549520766773166,313,313,a65fea3507ef3e981363,R04,2019-08-30,2019
0.05,NQZ9,prior_rth,25.28571428571428571428571429,1266.97252747252747252747253,182,182,a67a269fdb630d92668f,R01,2019-10-17,2019
0.05,NQZ9,prior_rth,25.28571428571428571428571429,1266.97252747252747252747253,182,182,a67a269fdb630d92668f,R02,2019-10-17,2019
0.2,NQZ9,midnight,16.44672131147540983606557377,248.4344262295081967213114752,244,244,a67b084286b0a0d109f9,R04,2019-09-27,2019
0.2,NQU9,opening_hour_rth,11.96363636363636363636363636,1244.218181818181818181818181,55,55,a690be76971e8144e02a,R05,2019-06-27,2019
0.1,NQM9,opening_hour_rth,6.810650887573964497041420118,875.8639053254437869822485183,169,169,a695e03d576baeb4cd60,R05,2019-05-09,2019
0.05,NQU9,midnight,19.05945945945945945945945946,315.3675675675675675675675673,185,185,a6981a04dc1b413eeef5,R04,2019-07-24,2019
0.1,NQZ9,full_overnight,23.2875,302.0375000000000000000000001,240,240,a6bc07e24087398fff11,R03,2019-10-21,2019
0.05,NQM9,prior_rth,22.75225225225225225225225225,1710.59009009009009009009009,222,222,a6d0cacabcea6314cfb0,R01,2019-04-18,2019
0.05,NQM9,prior_rth,22.75225225225225225225225225,1710.59009009009009009009009,222,222,a6d0cacabcea6314cfb0,R02,2019-04-18,2019
0.2,NQU9,opening_hour_rth,7.101123595505617977528089888,889.8089887640449438202247191,89,89,a6e56aa59d6e3ef55b38,R05,2019-07-19,2019
0.05,NQU9,midnight,14.13170731707317073170731707,263.3788617886178861788617888,615,615,a6fbf4e882a4b58268e3,R04,2019-08-07,2019
0.1,NQU9,prior_rth,19.04669260700389105058365759,1068.214007782101167315175096,257,257,a715c677b1e3ba42dcad,R01,2019-07-31,2019
0.1,NQU9,prior_rth,19.04669260700389105058365759,1068.214007782101167315175096,257,257,a715c677b1e3ba42dcad,R02,2019-07-31,2019
0.1,NQH0,prior_rth,15.81521739130434782608695652,913.8641304347826086956521739,184,184,a71cb9c0e0a9513dbf37,R01,2019-12-17,2019
0.1,NQH0,prior_rth,15.81521739130434782608695652,913.8641304347826086956521739,184,184,a71cb9c0e0a9513dbf37,R02,2019-12-17,2019
0.05,NQM9,full_overnight,35.46408839779005524861878453,467.7182320441988950276243093,181,181,a74145cf9ce851a1d992,R03,2019-05-30,2019
0.1,NQM9,opening_hour_rth,8.398963730569948186528497409,590.2331606217616580310880834,193,193,a7644403034154f35a78,R05,2019-05-29,2019
0.1,NQH9,full_overnight,22.61506276150627615062761506,308.9748953974895397489539747,239,239,a787cd0005ac35e5b64a,R03,2019-02-22,2019
0.1,NQU9,midnight,21.05263157894736842105263158,301.7894736842105263157894739,114,114,a7bb47fccb040bb694b2,R04,2019-07-29,2019
0.2,NQU9,opening_hour_rth,9.450980392156862745098039216,1806.921568627450980392156862,51,51,a7d2a3c326fddaa790b1,R05,2019-08-16,2019
0.2,NQZ9,prior_rth,17.45689655172413793103448276,1843.698275862068965517241381,232,232,a7f41acad63a0de37a3b,R01,2019-12-13,2019
0.2,NQZ9,prior_rth,17.45689655172413793103448276,1843.698275862068965517241381,232,232,a7f41acad63a0de37a3b,R02,2019-12-13,2019
0.2,NQM9,prior_rth,28.83783783783783783783783784,5887.337837837837837837837839,74,74,a80384a42df6ef7b6bed,R01,2019-05-09,2019
0.2,NQM9,prior_rth,28.83783783783783783783783784,5887.337837837837837837837839,74,74,a80384a42df6ef7b6bed,R02,2019-05-09,2019
0.2,NQU9,prior_rth,25.53846153846153846153846154,2177.778846153846153846153847,104,104,a82538a2eb631f638720,R01,2019-08-22,2019
0.2,NQU9,prior_rth,25.53846153846153846153846154,2177.778846153846153846153847,104,104,a82538a2eb631f638720,R02,2019-08-22,2019
0.1,NQZ9,full_overnight,24.59340659340659340659340659,330.3516483516483516483516483,182,182,a828ef692ba5d40c756a,R03,2019-11-12,2019
0.1,NQM9,midnight,15.24479166666666666666666667,345.5208333333333333333333331,192,192,a830f4233f0292811328,R04,2019-04-12,2019
0.2,NQH0,opening_hour_rth,11.35593220338983050847457627,786.8644067796610169491525424,59,59,a83d35841be89e4c623c,R05,2019-12-23,2019
0.2,NQM9,midnight,38.47297297297297297297297297,783.864864864864864864864865,74,74,a85ed6428d216cadcace,R04,2019-04-03,2019
0.1,NQH9,opening_hour_rth,5.538888888888888888888888889,468.3166666666666666666666671,180,180,a8b310b6220256c7b24b,R05,2019-02-12,2019
0.1,NQM9,prior_rth,22.54577464788732394366197183,1137.95422535211267605633803,284,284,a8d3ca64a902b3e35abe,R01,2019-03-29,2019
0.1,NQM9,prior_rth,22.54577464788732394366197183,1137.95422535211267605633803,284,284,a8d3ca64a902b3e35abe,R02,2019-03-29,2019
0.1,NQH9,midnight,21.81042654028436018957345972,319.952606635071090047393365,211,211,a8d815614bf71d6dbf51,R04,2019-01-25,2019
0.05,NQH9,opening_hour_rth,6.39010989010989010989010989,467.7857142857142857142857142,182,182,a90972147917c8b41274,R05,2019-02-26,2019
0.2,NQM9,midnight,22.35593220338983050847457627,473.9661016949152542372881354,118,118,a91ec3fef8c35952debf,R04,2019-04-25,2019
0.05,NQH0,midnight,9.609243697478991596638655462,271.4243697478991596638655459,238,238,a91fe6cbad53fd5c6f87,R04,2019-12-20,2019
0.2,NQH9,midnight,31.12571428571428571428571429,351.2399999999999999999999999,175,175,a945a0ccb8c4aa512a3f,R04,2019-01-10,2019
0.1,NQZ9,full_overnight,24.36979166666666666666666667,350.307291666666666666666667,192,192,a94ab20311b0104301ac,R03,2019-11-11,2019
0.05,NQU9,prior_rth,15.8128654970760233918128655,841.2368421052631578947368427,342,342,a98bcdb6eafaf0a8ae4f,R01,2019-09-10,2019
0.05,NQU9,prior_rth,15.8128654970760233918128655,841.2368421052631578947368427,342,342,a98bcdb6eafaf0a8ae4f,R02,2019-09-10,2019
0.2,NQH0,full_overnight,28.92592592592592592592592593,473.1999999999999999999999997,135,135,a98d83d75538db5f1e90,R03,2019-12-17,2019
0.1,NQU9,full_overnight,26.63753213367609254498714653,352.0257069408740359897172239,389,389,a9c1465573af4da08160,R03,2019-08-27,2019
0.2,NQM9,midnight,20.6204819277108433734939759,345.0481927710843373493975904,166,166,a9f1b06adf011ed10210,R04,2019-03-29,2019
0.2,NQZ9,full_overnight,24.98253275109170305676855895,545.2008733624454148471615729,229,229,aa02cc5c3ac9046f93df,R03,2019-10-09,2019
0.2,NQZ9,full_overnight,20.57866666666666666666666667,439.5733333333333333333333347,375,375,aa1704b6e3c3d316476c,R03,2019-12-04,2019
0.05,NQH9,full_overnight,40.4375,422.7556818181818181818181815,176,176,aa4b2d39f772f9a25389,R03,2019-01-11,2019
0.05,NQH9,full_overnight,49.5289855072463768115942029,608.5434782608695652173913043,138,138,aa5c8ffa1966ca045911,R03,2019-01-16,2019
0.05,NQZ9,prior_rth,12.42392717815344603381014304,659.9765929778933680104031213,769,769,aa8133343d295d4579d4,R01,2019-09-25,2019
0.05,NQZ9,prior_rth,12.42392717815344603381014304,659.9765929778933680104031213,769,769,aa8133343d295d4579d4,R02,2019-09-25,2019
0.2,NQH9,full_overnight,18.22580645161290322580645161,262.1774193548387096774193546,248,248,aaa0fc7d9af8ce444f51,R03,2019-03-01,2019
0.2,NQH0,midnight,24.21590909090909090909090909,510.2840909090909090909090908,88,88,aaa6d4b4981b1a9c9bb5,R04,2019-12-27,2019
0.05,NQU9,full_overnight,24.49342105263157894736842105,329.7763157894736842105263155,304,304,aab7d1505754850ff98a,R03,2019-09-10,2019
0.2,NQM9,full_overnight,23.55862068965517241379310345,605.7931034482758620689655172,145,145,aac8253f6eaca45b5c3c,R03,2019-03-21,2019
0.1,NQZ9,midnight,29.47422680412371134020618557,473.6494845360824742268041236,97,97,aac97e56958bce84d833,R04,2019-11-05,2019
0.1,NQU9,full_overnight,12.40350877192982456140350877,200.5672514619883040935672511,513,513,aacc47f93c9ab6b4b0cf,R03,2019-06-20,2019
0.1,NQU9,opening_hour_rth,3.948630136986301369863013699,324.5479452054794520547945209,292,292,aacddb2a39879c5ac238,R05,2019-07-29,2019
0.2,NQH9,prior_rth,15.92452830188679245283018868,1555.849056603773584905660378,265,265,aae0d1c15fda0b6f647c,R01,2019-01-24,2019
0.2,NQH9,prior_rth,15.92452830188679245283018868,1555.849056603773584905660378,265,265,aae0d1c15fda0b6f647c,R02,2019-01-24,2019
0.2,NQH9,opening_hour_rth,13.5,1374.80434782608695652173913,46,46,ab0990ad565797288d7c,R05,2019-03-08,2019
0.1,NQH9,midnight,16.41869918699186991869918699,258.8943089430894308943089436,246,246,ab1ad677c96524a98af6,R04,2019-02-21,2019
0.05,NQM9,full_overnight,18.27157894736842105263157895,296.637894736842105263157896,475,475,ab223e63ccf73cd99921,R03,2019-05-23,2019
0.1,NQH9,full_overnight,35.55483870967741935483870968,328.8903225806451612903225805,155,155,ab234d0766154611715d,R03,2019-02-04,2019
0.05,NQM9,full_overnight,24.2245614035087719298245614,340.8035087719298245614034958,570,570,ab4c75748a0c6a1cad0a,R03,2019-05-06,2019
0.05,NQH0,opening_hour_rth,11.35593220338983050847457627,786.8644067796610169491525424,59,59,ab5c804d3c892be696c3,R05,2019-12-23,2019
0.2,NQH9,opening_hour_rth,8.984375,1788.15625,64,64,ab639aa16488b9476c49,R05,2019-02-15,2019
0.1,NQU9,midnight,24.7251461988304093567251462,385.3099415204678362573099427,342,342,ab654d5d0f48b97f238d,R04,2019-08-05,2019
0.05,NQZ9,full_overnight,23.05458515283842794759825328,272.6004366812227074235807869,458,458,ab74fd04d66e3ef0acc8,R03,2019-10-09,2019
0.1,NQZ9,full_overnight,32.96923076923076923076923077,386.8820512820512820512820515,195,195,abc169e4ba57b2a47c33,R03,2019-10-01,2019
0.05,NQM9,prior_rth,18.09090909090909090909090909,1315.774891774891774891774893,231,231,abcd05cd12f06dc4874a,R01,2019-03-19,2019
0.05,NQM9,prior_rth,18.09090909090909090909090909,1315.774891774891774891774893,231,231,abcd05cd12f06dc4874a,R02,2019-03-19,2019
0.1,NQU9,opening_hour_rth,5.05,301.4321428571428571428571432,280,280,abd05ad7e3227e507dda,R05,2019-08-22,2019
0.1,NQU9,prior_rth,11.30541012216404886561954625,581.460732984293193717277488,573,573,abe97c95d33689a6b662,R01,2019-06-26,2019
0.1,NQU9,prior_rth,11.30541012216404886561954625,581.460732984293193717277488,573,573,abe97c95d33689a6b662,R02,2019-06-26,2019
0.2,NQU9,opening_hour_rth,9.257142857142857142857142857,1580.542857142857142857142857,70,70,abf85eab235d0808a93a,R05,2019-08-23,2019
0.2,NQH9,opening_hour_rth,8.571428571428571428571428571,1822.31428571428571428571429,70,70,ac0e93cce05952d3fef3,R05,2019-01-28,2019
0.05,NQZ9,prior_rth,24.22962962962962962962962963,1474.474074074074074074074073,135,135,ac116d4da36ffd2d7f86,R01,2019-11-27,2019
0.05,NQZ9,prior_rth,24.22962962962962962962962963,1474.474074074074074074074073,135,135,ac116d4da36ffd2d7f86,R02,2019-11-27,2019
0.1,NQZ9,opening_hour_rth,9.959183673469387755102040816,759.3469387755102040816326533,98,98,ac1a958e5a6bafcf41b8,R05,2019-12-06,2019
0.05,NQU9,midnight,15.5,264.4464285714285714285714287,224,224,ac2bba7924a6a9f4a4b9,R04,2019-07-18,2019
0.2,NQH0,prior_rth,15.81521739130434782608695652,913.8641304347826086956521739,184,184,ac30290cc967aff459b0,R01,2019-12-17,2019
0.2,NQH0,prior_rth,15.81521739130434782608695652,913.8641304347826086956521739,184,184,ac30290cc967aff459b0,R02,2019-12-17,2019
0.2,NQH9,opening_hour_rth,6.921568627450980392156862745,479.8431372549019607843137257,204,204,ac4118405b67c6b440dd,R05,2019-02-04,2019
0.1,NQM9,opening_hour_rth,5.269767441860465116279069767,565.4837209302325581395348847,215,215,ac44a3b4427d01b14ac8,R05,2019-04-17,2019
0.05,NQH9,midnight,14.0102040816326530612244898,256.47278911564625850340136,294,294,ac59f48e4ab6a0a77a13,R04,2019-02-14,2019
0.05,NQH9,prior_rth,24.53469387755102040816326531,1404.653061224489795918367349,245,245,ac6402e9573058b3ee68,R01,2019-01-17,2019
0.05,NQH9,prior_rth,24.53469387755102040816326531,1404.653061224489795918367349,245,245,ac6402e9573058b3ee68,R02,2019-01-17,2019
0.1,NQH9,full_overnight,29.71864406779661016949152542,334.9762711864406779661016948,295,295,ac790320b35fe14d38c6,R03,2019-01-08,2019
0.2,NQM9,prior_rth,17.84959349593495934959349593,2002.829268292682926829268293,246,246,aca72078f0921e3e72b2,R01,2019-05-03,2019
0.2,NQM9,prior_rth,17.84959349593495934959349593,2002.829268292682926829268293,246,246,aca72078f0921e3e72b2,R02,2019-05-03,2019
0.05,NQU9,opening_hour_rth,6.906542056074766355140186916,361.0031152647975077881619935,321,321,ace1343f80e705f0821d,R05,2019-09-03,2019
0.2,NQZ9,opening_hour_rth,7.602339181286549707602339181,445.2690058479532163742690056,171,171,acfc6e1ce5382087bef9,R05,2019-10-21,2019
0.05,NQM9,opening_hour_rth,5.194444444444444444444444444,375.2499999999999999999999983,288,288,acfed98ac496cefe6e9b,R05,2019-06-10,2019
0.05,NQM9,prior_rth,16.86597938144329896907216495,1290.01718213058419243986254,291,291,ad107a03f785ac88501c,R01,2019-04-26,2019
0.05,NQM9,prior_rth,16.86597938144329896907216495,1290.01718213058419243986254,291,291,ad107a03f785ac88501c,R02,2019-04-26,2019
0.1,NQH9,midnight,30.47887323943661971830985915,390.6619718309859154929577463,142,142,ad1782a19ca10f7e5865,R04,2019-01-14,2019
0.05,NQZ9,full_overnight,20.17768595041322314049586777,444.9710743801652892561983467,242,242,ad4ec4295d5119e10058,R03,2019-11-18,2019
0.2,NQU9,midnight,23.00588235294117647058823529,272.6529411764705882352941175,170,170,ad967c6d06ad8986db84,R04,2019-06-25,2019
0.05,NQU9,opening_hour_rth,8.549668874172185430463576159,463.1059602649006622516556293,151,151,ad9e2b8e0fcce5c1e770,R05,2019-07-05,2019
0.1,NQH9,midnight,21.49767441860465116279069767,273.5906976744186046511627907,215,215,adab7bc1b2dc5a6f65ab,R04,2019-01-17,2019
0.1,NQM9,opening_hour_rth,4.672222222222222222222222222,385.4222222222222222222222226,180,180,adbeb05e6cbd4df27af4,R05,2019-04-15,2019
0.1,NQH9,opening_hour_rth,6.642512077294685990338164251,427.5942028985507246376811596,207,207,adc787c74bb98e185ec7,R05,2019-01-17,2019
0.2,NQU9,prior_rth,17.65979381443298969072164948,1681.876288659793814432989691,194,194,addb2ba48149c95d2f18,R01,2019-06-19,2019
0.2,NQU9,prior_rth,17.65979381443298969072164948,1681.876288659793814432989691,194,194,addb2ba48149c95d2f18,R02,2019-06-19,2019
0.2,NQU9,midnight,15.02597402597402597402597403,525.9025974025974025974025971,308,308,addb87b3e702ab472798,R04,2019-08-07,2019
0.05,NQH9,opening_hour_rth,10.20212765957446808510638298,752.6808510638297872340425527,94,94,adf3560042e5bfcfdc4a,R05,2019-02-20,2019
0.1,NQU9,midnight,14.38888888888888888888888889,235.7539682539682539682539688,504,504,ae0aa1d28fccbaa3d8bc,R04,2019-08-12,2019
0.2,NQM9,prior_rth,27.44067796610169491525423729,2518.322033898305084745762711,118,118,ae165421c20cd4da8248,R01,2019-05-22,2019
0.2,NQM9,prior_rth,27.44067796610169491525423729,2518.322033898305084745762711,118,118,ae165421c20cd4da8248,R02,2019-05-22,2019
0.2,NQH9,opening_hour_rth,5.828402366863905325443786982,424.6035502958579881656804733,169,169,ae38efd5ce20948c17e9,R05,2019-02-19,2019
0.05,NQZ9,prior_rth,19.57429718875502008032128514,1130.983935742971887550200805,249,249,ae8dd4feb0f0e0be01f0,R01,2019-10-30,2019
0.05,NQZ9,prior_rth,19.57429718875502008032128514,1130.983935742971887550200805,249,249,ae8dd4feb0f0e0be01f0,R02,2019-10-30,2019
0.2,NQU9,prior_rth,32.5,2598.512820512820512820512823,78,78,aeb0e2e3576ce0893f8e,R01,2019-06-28,2019
0.2,NQU9,prior_rth,32.5,2598.512820512820512820512823,78,78,aeb0e2e3576ce0893f8e,R02,2019-06-28,2019
0.1,NQM9,opening_hour_rth,9.493421052631578947368421053,719.3815789473684210526315789,152,152,aed6cf05ecb14b5bd2a8,R05,2019-04-01,2019
0.1,NQU9,opening_hour_rth,6.18452380952380952380952381,410.7797619047619047619047621,168,168,af54882bdc66fdca0d06,R05,2019-07-24,2019
0.1,NQH9,midnight,27.28961748633879781420765027,390.4972677595628415300546448,183,183,af598cbd0df4f119b290,R04,2019-01-24,2019
0.2,NQZ9,opening_hour_rth,4.407407407407407407407407407,586.0222222222222222222222225,135,135,af6d6b62432093bee9d5,R05,2019-10-25,2019
0.2,NQU9,prior_rth,16.51904761904761904761904762,1455.995238095238095238095239,210,210,af73fbf15247a87348df,R01,2019-09-03,2019
0.2,NQU9,prior_rth,16.51904761904761904761904762,1455.995238095238095238095239,210,210,af73fbf15247a87348df,R02,2019-09-03,2019
0.1,NQM9,prior_rth,25.83829787234042553191489362,1264.519148936170212765957446,235,235,af77b420a92462f42db1,R01,2019-05-22,2019
0.1,NQM9,prior_rth,25.83829787234042553191489362,1264.519148936170212765957446,235,235,af77b420a92462f42db1,R02,2019-05-22,2019
0.2,NQU9,prior_rth,24.1700680272108843537414966,2024.074829931972789115646261,147,147,afa594642ea548db70fc,R01,2019-09-13,2019
0.2,NQU9,prior_rth,24.1700680272108843537414966,2024.074829931972789115646261,147,147,afa594642ea548db70fc,R02,2019-09-13,2019
0.1,NQU9,prior_rth,17.42412451361867704280155642,965.7626459143968871595330759,257,257,afb30409ab5fd19a1cb7,R01,2019-09-05,2019
0.1,NQU9,prior_rth,17.42412451361867704280155642,965.7626459143968871595330759,257,257,afb30409ab5fd19a1cb7,R02,2019-09-05,2019
0.2,NQM9,prior_rth,14.90857142857142857142857143,2015.200000000000000000000002,175,175,afbc6e2225e0a6b72187,R01,2019-04-29,2019
0.2,NQM9,prior_rth,14.90857142857142857142857143,2015.200000000000000000000002,175,175,afbc6e2225e0a6b72187,R02,2019-04-29,2019
0.1,NQH0,prior_rth,14.46666666666666666666666667,970.6392156862745098039215702,255,255,afc210b4963addc7f57c,R01,2019-12-30,2019
0.1,NQH0,prior_rth,14.46666666666666666666666667,970.6392156862745098039215702,255,255,afc210b4963addc7f57c,R02,2019-12-30,2019
0.1,NQZ9,full_overnight,33.00641025641025641025641026,443.5897435897435897435897436,156,156,afdcdc18f8c1dc7b9e57,R03,2019-09-20,2019
0.2,NQM9,midnight,20.49832775919732441471571906,370.5050167224080267558528435,299,299,b03d0380ea8301eb1717,R04,2019-05-23,2019
0.05,NQM9,prior_rth,11.36971830985915492957746479,630.1637323943661971830985915,568,568,b06e504c00b06e9b74c9,R01,2019-06-10,2019
0.05,NQM9,prior_rth,11.36971830985915492957746479,630.1637323943661971830985915,568,568,b06e504c00b06e9b74c9,R02,2019-06-10,2019
0.05,NQZ9,opening_hour_rth,7.206278026905829596412556054,411.6278026905829596412556058,223,223,b07a76dd1e8620718271,R05,2019-09-26,2019
0.1,NQM9,prior_rth,16.33568904593639575971731449,1332.448763250883392226148412,283,283,b07c70c0c6dfb7bce439,R01,2019-04-04,2019
0.1,NQM9,prior_rth,16.33568904593639575971731449,1332.448763250883392226148412,283,283,b07c70c0c6dfb7bce439,R02,2019-04-04,2019
0.1,NQZ9,prior_rth,26.34502923976608187134502924,1090.538011695906432748538013,171,171,b082cce3ca3ac619746f,R01,2019-10-15,2019
0.1,NQZ9,prior_rth,26.34502923976608187134502924,1090.538011695906432748538013,171,171,b082cce3ca3ac619746f,R02,2019-10-15,2019
0.2,NQM9,prior_rth,20.08653846153846153846153846,2794.711538461538461538461541,104,104,b084029ee4692e38454b,R01,2019-04-22,2019
0.2,NQM9,prior_rth,20.08653846153846153846153846,2794.711538461538461538461541,104,104,b084029ee4692e38454b,R02,2019-04-22,2019
0.05,NQZ9,midnight,13.53468208092485549132947977,326.6127167630057803468208113,346,346,b0a2cc38c9c76c9ded32,R04,2019-12-10,2019
0.05,NQU9,midnight,27.46757679180887372013651877,443.2662116040955631399317444,293,293,b0a7bcdb5c6e2e8a42ac,R04,2019-08-13,2019
0.2,NQZ9,prior_rth,19.57429718875502008032128514,1130.983935742971887550200805,249,249,b0abdcfeb338a7207fd4,R01,2019-10-30,2019
0.2,NQZ9,prior_rth,19.57429718875502008032128514,1130.983935742971887550200805,249,249,b0abdcfeb338a7207fd4,R02,2019-10-30,2019
0.1,NQH9,midnight,23.66206896551724137931034483,297.1793103448275862068965511,145,145,b0b017ab2d3bba6d7893,R04,2019-02-27,2019
0.1,NQH9,midnight,13.77815699658703071672354949,209.4880546075085324232081909,293,293,b0c5d12fab96bc43589c,R04,2019-02-11,2019
0.05,NQU9,opening_hour_rth,10.56375838926174496644295302,755.3758389261744966442953007,149,149,b0d31ccac7aea2eb367b,R05,2019-08-15,2019
0.2,NQZ9,opening_hour_rth,7.12,523.6057142857142857142857143,175,175,b0e604d95a12287c89f4,R05,2019-11-08,2019
0.1,NQU9,prior_rth,19.30708661417322834645669291,1241.984251968503937007874013,254,254,b100fff2aeb27273e379,R01,2019-07-12,2019
0.1,NQU9,prior_rth,19.30708661417322834645669291,1241.984251968503937007874013,254,254,b100fff2aeb27273e379,R02,2019-07-12,2019
0.05,NQZ9,prior_rth,22.09813084112149532710280374,949.0700934579439252336448638,428,428,b10b2be7a5cd81cdeb41,R01,2019-10-09,2019
0.05,NQZ9,prior_rth,22.09813084112149532710280374,949.0700934579439252336448638,428,428,b10b2be7a5cd81cdeb41,R02,2019-10-09,2019
0.2,NQU9,midnight,18.55789473684210526315789474,335.4105263157894736842105261,190,190,b11b59be77f3e7440086,R04,2019-07-25,2019
0.05,NQU9,full_overnight,34.61650485436893203883495146,557.5582524271844660194174786,206,206,b131e7ffa2302d02e288,R03,2019-08-20,2019
0.1,NQM9,full_overnight,18.89763779527559055118110236,361.3700787401574803149606296,254,254,b144d2e2f0a318d58c7b,R03,2019-04-03,2019
0.2,NQH9,full_overnight,31.0172413793103448275862069,393.7183908045977011494252874,174,174,b1497b68f01dd7efb97a,R03,2019-03-05,2019
0.2,NQZ9,opening_hour_rth,5.038216560509554140127388535,404.3248407643312101910828028,157,157,b152f6647ced82e82362,R05,2019-12-09,2019
0.2,NQZ9,midnight,14.22222222222222222222222222,257.6523297491039426523297488,279,279,b154cdfbe74a9277104a,R04,2019-11-07,2019
0.2,NQZ9,opening_hour_rth,6.148648648648648648648648649,640.5450450450450450450450441,222,222,b17a7b9b309607a1455c,R05,2019-10-03,2019
0.1,NQH9,prior_rth,18.31687242798353909465020576,1257.855967078189300411522633,243,243,b18d1391906b01336164,R01,2019-03-04,2019
0.1,NQH9,prior_rth,18.31687242798353909465020576,1257.855967078189300411522633,243,243,b18d1391906b01336164,R02,2019-03-04,2019
0.05,NQU9,midnight,23.00588235294117647058823529,272.6529411764705882352941175,170,170,b18eb26bb7407a265ad4,R04,2019-06-25,2019
0.05,NQZ9,full_overnight,51.02762430939226519337016575,610.9668508287292817679558006,181,181,b19bee3c7d8cb4f040a6,R03,2019-10-03,2019
0.1,NQU9,full_overnight,24.63392857142857142857142857,375.6160714285714285714285714,224,224,b1a80dab3973e4bdbf45,R03,2019-07-18,2019
0.2,NQM9,midnight,23.64039408866995073891625616,404.2561576354679802955665023,203,203,b1c647babcb73ff1754b,R04,2019-06-03,2019
0.2,NQZ9,full_overnight,33.025,423.4333333333333333333333333,120,120,b1d6d87a75af563b2111,R03,2019-09-18,2019
0.05,NQM9,opening_hour_rth,5.985401459854014598540145985,523.7189781021897810218978128,274,274,b1d7c63f3246e02f66dc,R05,2019-04-26,2019
0.1,NQM9,opening_hour_rth,5.985401459854014598540145985,523.7189781021897810218978128,274,274,b1db63c5b64b9791065c,R05,2019-04-26,2019
0.05,NQZ9,opening_hour_rth,6.344262295081967213114754098,397.2677595628415300546448091,183,183,b1f317c368d8226a0a2d,R05,2019-09-19,2019
0.1,NQH9,opening_hour_rth,9.459016393442622950819672131,580.8524590163934426229508175,183,183,b20a784205cf2ef6105e,R05,2019-01-24,2019
0.2,NQM9,midnight,29.43548387096774193548387097,476.0322580645161290322580647,62,62,b217e5e9732768b9629a,R04,2019-04-15,2019
0.2,NQZ9,midnight,33.92817679558011049723756906,460.6187845303867403314917127,181,181,b2376d9d2bc0efc0a759,R04,2019-10-03,2019
0.1,NQH9,midnight,34.14285714285714285714285714,542.8482142857142857142857143,112,112,b23bb0f2663117e732ce,R04,2019-01-22,2019
0.1,NQZ9,midnight,14.85185185185185185185185185,280.2222222222222222222222222,189,189,b2416325540746286fd6,R04,2019-11-04,2019
0.05,NQZ9,prior_rth,13.54703832752613240418118467,830.1602787456445993031358878,287,287,b27cff07cd8dc434bf0e,R01,2019-11-11,2019
0.05,NQZ9,prior_rth,13.54703832752613240418118467,830.1602787456445993031358878,287,287,b27cff07cd8dc434bf0e,R02,2019-11-11,2019
0.05,NQU9,midnight,17.82129277566539923954372624,244.4892268694550063371356138,789,789,b2b17c2d8ddff0c0bbd1,R04,2019-08-26,2019
0.1,NQU9,prior_rth,19.09333333333333333333333333,953.2466666666666666666666677,300,300,b2bcde005b353fb45dac,R01,2019-08-30,2019
0.1,NQU9,prior_rth,19.09333333333333333333333333,953.2466666666666666666666677,300,300,b2bcde005b353fb45dac,R02,2019-08-30,2019
0.1,NQU9,prior_rth,11.52372583479789103690685413,1015.950790861159929701230229,569,569,b2cfdfbc398dd25e1024,R01,2019-08-26,2019
0.1,NQU9,prior_rth,11.52372583479789103690685413,1015.950790861159929701230229,569,569,b2cfdfbc398dd25e1024,R02,2019-08-26,2019
0.2,NQZ9,prior_rth,16.80769230769230769230769231,845.7472527472527472527472516,182,182,b2d627e382d07f9dfb44,R01,2019-11-12,2019
0.2,NQZ9,prior_rth,16.80769230769230769230769231,845.7472527472527472527472516,182,182,b2d627e382d07f9dfb44,R02,2019-11-12,2019
0.1,NQH9,prior_rth,21.07518796992481203007518797,1140.477443609022556390977442,266,266,b2e4ad0d78ee0ded1252,R01,2019-02-07,2019
0.1,NQH9,prior_rth,21.07518796992481203007518797,1140.477443609022556390977442,266,266,b2e4ad0d78ee0ded1252,R02,2019-02-07,2019
0.05,NQH9,opening_hour_rth,6.871345029239766081871345029,562.1345029239766081871345025,171,171,b2e77612e9795d84d3c1,R05,2019-03-01,2019
0.05,NQM9,midnight,31.51851851851851851851851852,595.2839506172839506172839506,81,81,b2eecef711c71154b685,R04,2019-04-10,2019
0.2,NQU9,prior_rth,28.70731707317073170731707317,3214.829268292682926829268294,82,82,b303c361661d6582abd1,R01,2019-07-09,2019
0.2,NQU9,prior_rth,28.70731707317073170731707317,3214.829268292682926829268294,82,82,b303c361661d6582abd1,R02,2019-07-09,2019
0.1,NQU9,full_overnight,31.55238095238095238095238095,525.8793650793650793650793641,315,315,b30dd2e4c2037a330170,R03,2019-08-28,2019
0.05,NQH9,opening_hour_rth,9.459016393442622950819672131,580.8524590163934426229508175,183,183,b314175dbe85318ac8c5,R05,2019-01-24,2019
0.05,NQZ9,midnight,28.86428571428571428571428571,413.2357142857142857142857141,140,140,b32c5e81becd6e77c857,R04,2019-09-17,2019
0.2,NQZ9,opening_hour_rth,7.044943820224719101123595506,490.5617977528089887640449431,178,178,b368db181b220c7af90d,R05,2019-10-24,2019
0.2,NQH9,full_overnight,35.55483870967741935483870968,328.8903225806451612903225805,155,155,b36f72e2087051d6e934,R03,2019-02-04,2019
0.05,NQZ9,full_overnight,48.61594202898550724637681159,718.8985507246376811594202895,138,138,b3749474a2903d4a8781,R03,2019-10-16,2019
0.05,NQH9,opening_hour_rth,8.166666666666666666666666667,594.8866666666666666666666674,150,150,b39ab412ec1134a7277c,R05,2019-02-28,2019
0.1,NQU9,midnight,16.14376996805111821086261981,309.7795527156549520766773166,313,313,b39bfe2cf3d46c5b0eb1,R04,2019-08-30,2019
0.05,NQU9,prior_rth,16.9334975369458128078817734,740.963054187192118226600984,406,406,b3a93ef2775bebca4917,R01,2019-08-29,2019
0.05,NQU9,prior_rth,16.9334975369458128078817734,740.963054187192118226600984,406,406,b3a93ef2775bebca4917,R02,2019-08-29,2019
0.05,NQU9,opening_hour_rth,8.6,860.5290322580645161290322574,155,155,b3d5c1662733a5e31b3c,R05,2019-08-02,2019
0.05,NQM9,opening_hour_rth,4.232283464566929133858267717,262.606299212598425196850394,254,254,b3f8054806691723488d,R05,2019-03-11,2019
0.05,NQU9,prior_rth,14.80459770114942528735632184,876.37643678160919540229885,348,348,b40ff2b7389954145bd2,R01,2019-07-19,2019
0.05,NQU9,prior_rth,14.80459770114942528735632184,876.37643678160919540229885,348,348,b40ff2b7389954145bd2,R02,2019-07-19,2019
0.1,NQZ9,midnight,14.51050420168067226890756303,225.1218487394957983193277311,476,476,b42fc0b16daa5aac970d,R04,2019-10-08,2019
0.05,NQM9,midnight,38.625,569.7692307692307692307692308,104,104,b430402047f6c759fd61,R04,2019-05-30,2019
0.1,NQZ9,opening_hour_rth,10.82786885245901639344262295,519.754098360655737704918032,122,122,b4324c7802e4fdeeca66,R05,2019-09-17,2019
0.2,NQH9,midnight,19.73658536585365853658536585,266.0390243902439024390243898,205,205,b442d1b970d72d7742be,R04,2019-01-30,2019
0.05,NQH9,prior_rth,23.41489361702127659574468085,1493.05851063829787234042553,188,188,b45f038c7bd195949868,R01,2019-02-25,2019
0.05,NQH9,prior_rth,23.41489361702127659574468085,1493.05851063829787234042553,188,188,b45f038c7bd195949868,R02,2019-02-25,2019
0.2,NQZ9,midnight,25.63529411764705882352941176,491.2823529411764705882352934,85,85,b46e3a29860b4d5c208e,R04,2019-11-27,2019
0.2,NQM9,prior_rth,29.34951456310679611650485437,2714.203883495145631067961163,103,103,b4a33e754a831afb7946,R01,2019-06-13,2019
0.2,NQM9,prior_rth,29.34951456310679611650485437,2714.203883495145631067961163,103,103,b4a33e754a831afb7946,R02,2019-06-13,2019
0.05,NQU9,opening_hour_rth,3.849382716049382716049382716,310.2790123456790123456790119,405,405,b4b0d346bdb38e96eadf,R05,2019-08-01,2019
0.1,NQU9,opening_hour_rth,8.064705882352941176470588235,542.8764705882352941176470583,170,170,b4b0dd9be067f84cd135,R05,2019-08-29,2019
0.1,NQM9,midnight,12.92622950819672131147540984,244.4221311475409836065573773,488,488,b4bac0b59e90aad4a94a,R04,2019-05-13,2019
0.1,NQU9,midnight,14.20289855072463768115942029,260.5942028985507246376811593,276,276,b4c6b457a528338a7162,R04,2019-06-20,2019
0.05,NQM9,opening_hour_rth,9.392,608.6799999999999999999999999,125,125,b4f58c05c68a55bbdb08,R05,2019-05-30,2019
0.05,NQM9,prior_rth,13.78423236514522821576763485,1081.431535269709543568464729,241,241,b4f99902943c020eeb9b,R01,2019-04-16,2019
0.05,NQM9,prior_rth,13.78423236514522821576763485,1081.431535269709543568464729,241,241,b4f99902943c020eeb9b,R02,2019-04-16,2019
0.1,NQH9,full_overnight,40.3609467455621301775147929,635.0532544378698224852071006,169,169,b51fd803900f80ccd4fc,R03,2019-01-31,2019
0.05,NQM9,opening_hour_rth,8.398963730569948186528497409,590.2331606217616580310880834,193,193,b567da086cb36f2b84ed,R05,2019-05-29,2019
0.1,NQZ9,opening_hour_rth,5.738461538461538461538461538,413.6230769230769230769230766,130,130,b57b2fc4ec7d3b93ad39,R05,2019-12-11,2019
0.1,NQH9,opening_hour_rth,8.42931937172774869109947644,599.1727748691099476439790545,191,191,b5836b7789ed4efa5ff4,R05,2019-02-15,2019
0.1,NQH9,full_overnight,24.95604395604395604395604396,303.9780219780219780219780219,182,182,b63da749cf65e08aa7a8,R03,2019-02-05,2019
0.05,NQZ9,prior_rth,19.66346153846153846153846154,1400.663461538461538461538462,208,208,b67d1c07fe5f44b43d09,R01,2019-11-20,2019
0.05,NQZ9,prior_rth,19.66346153846153846153846154,1400.663461538461538461538462,208,208,b67d1c07fe5f44b43d09,R02,2019-11-20,2019
0.1,NQU9,midnight,23.00588235294117647058823529,272.6529411764705882352941175,170,170,b68397cc5a7b1c0a545d,R04,2019-06-25,2019
0.2,NQZ9,midnight,26.88271604938271604938271605,417.351851851851851851851852,162,162,b68d5266a66d185d7c90,R04,2019-10-15,2019
0.2,NQM9,opening_hour_rth,6.597826086956521739130434783,1045.152173913043478260869565,92,92,b697f158a0b744861d5c,R05,2019-04-04,2019
0.2,NQZ9,full_overnight,47.92857142857142857142857143,1073.642857142857142857142857,56,56,b6b388f5c9338d682284,R03,2019-10-25,2019
0.1,NQM9,opening_hour_rth,9.317829457364341085271317829,1102.550387596899224806201553,129,129,b6ca84596efb37994fb5,R05,2019-05-20,2019
0.2,NQH9,full_overnight,45.63636363636363636363636364,845.5113636363636363636363641,88,88,b6d4dbaacf96123b7c42,R03,2019-01-11,2019
0.1,NQH9,prior_rth,14.83849557522123893805309735,831.8517699115044247787610617,452,452,b70eb8bf10b6ac9e5000,R01,2019-01-16,2019
0.1,NQH9,prior_rth,14.83849557522123893805309735,831.8517699115044247787610617,452,452,b70eb8bf10b6ac9e5000,R02,2019-01-16,2019
0.2,NQH9,prior_rth,25.17894736842105263157894737,2954.684210526315789473684211,95,95,b73f59030c7b4e3d6492,R01,2019-02-25,2019
0.2,NQH9,prior_rth,25.17894736842105263157894737,2954.684210526315789473684211,95,95,b73f59030c7b4e3d6492,R02,2019-02-25,2019
0.2,NQZ9,full_overnight,32.32352941176470588235294118,969.7205882352941176470588243,136,136,b73fc4a07565b76ac4ed,R03,2019-11-21,2019
0.2,NQM9,full_overnight,24.81318681318681318681318681,421.8956043956043956043956043,182,182,b74421134a390807d6db,R03,2019-03-15,2019
0.1,NQU9,opening_hour_rth,7.924050632911392405063291139,552.5316455696202531645569621,158,158,b7497f266f5b31a42159,R05,2019-07-26,2019
0.05,NQU9,prior_rth,24.01123595505617977528089888,1230.857677902621722846441943,267,267,b77d3f501e3f92424dee,R01,2019-07-26,2019
0.05,NQU9,prior_rth,24.01123595505617977528089888,1230.857677902621722846441943,267,267,b77d3f501e3f92424dee,R02,2019-07-26,2019
0.1,NQU9,midnight,18.76470588235294117647058824,270.9068627450980392156862747,204,204,b79998b0f81c84df74bf,R04,2019-07-01,2019
0.2,NQH9,opening_hour_rth,8.530120481927710843373493976,1116.337349397590361445783132,83,83,b7aab041dbc8e5ed7b6b,R05,2019-01-29,2019
0.2,NQH9,prior_rth,20.34677419354838709677419355,3140.266129032258064516129032,124,124,b7b17c58ff489416a62f,R01,2019-01-22,2019
0.2,NQH9,prior_rth,20.34677419354838709677419355,3140.266129032258064516129032,124,124,b7b17c58ff489416a62f,R02,2019-01-22,2019
0.2,NQZ9,full_overnight,28.00653594771241830065359477,831.1633986928104575163398693,153,153,b7e7843f37e4bf58f255,R03,2019-09-25,2019
0.2,NQH0,full_overnight,13.74789915966386554621848739,329.823529411764705882352941,238,238,b7f283f7f68f3e2fcecc,R03,2019-12-20,2019
0.05,NQH0,prior_rth,15.81521739130434782608695652,913.8641304347826086956521739,184,184,b8161f09005154385186,R01,2019-12-17,2019
0.05,NQH0,prior_rth,15.81521739130434782608695652,913.8641304347826086956521739,184,184,b8161f09005154385186,R02,2019-12-17,2019
0.2,NQH9,full_overnight,43.92792792792792792792792793,571.4864864864864864864864864,111,111,b837a0131985f1450b52,R03,2019-02-20,2019
0.2,NQM9,prior_rth,19.91044776119402985074626866,2746.60447761194029850746269,134,134,b860d5450f515873befd,R01,2019-05-01,2019
0.2,NQM9,prior_rth,19.91044776119402985074626866,2746.60447761194029850746269,134,134,b860d5450f515873befd,R02,2019-05-01,2019
0.2,NQU9,opening_hour_rth,8.6875,980.075,80,80,b866f0aeca34fc42b1f0,R05,2019-09-04,2019
0.05,NQM9,opening_hour_rth,8.203007518796992481203007519,625.8270676691729323308270674,133,133,b87db2f9e3485c4fd43a,R05,2019-04-08,2019
0.05,NQM9,prior_rth,30.17704918032786885245901639,1501.540983606557377049180327,305,305,b89423d6540c7804be93,R01,2019-05-21,2019
0.05,NQM9,prior_rth,30.17704918032786885245901639,1501.540983606557377049180327,305,305,b89423d6540c7804be93,R02,2019-05-21,2019
0.1,NQH9,midnight,25.83739837398373983739837398,384.9024390243902439024390247,123,123,b8b33bb25415fdc964bb,R04,2019-03-05,2019
0.05,NQM9,midnight,22.35593220338983050847457627,473.9661016949152542372881354,118,118,b8b4281d3551f9b4d2c6,R04,2019-04-25,2019
0.05,NQU9,full_overnight,19.32630614115490375802016499,241.6003666361136571952337305,1091,1091,b8f3f650706fe16f0592,R03,2019-08-26,2019
0.1,NQH9,full_overnight,17.51980198019801980198019802,234.0866336633663366336633659,404,404,b90ce26bfb8fdb463d55,R03,2019-01-28,2019
0.1,NQU9,opening_hour_rth,7.114457831325301204819277108,506.7349397590361445783132523,166,166,b92c8e7efc6913adfaf1,R05,2019-07-18,2019
0.05,NQZ9,opening_hour_rth,6.679012345679012345679012346,425.2921810699588477366255148,243,243,b92ee97c7ae817cab278,R05,2019-10-31,2019
0.1,NQH9,midnight,19.31288343558282208588957055,375.4723926380368098159509206,163,163,b941f36964683924dbec,R04,2019-03-07,2019
0.05,NQZ9,prior_rth,10.7175,616.8175000000000000000000012,400,400,b96140c7024b4cfdf720,R01,2019-10-16,2019
0.05,NQZ9,prior_rth,10.7175,616.8175000000000000000000012,400,400,b96140c7024b4cfdf720,R02,2019-10-16,2019
0.05,NQH9,prior_rth,29.96929824561403508771929825,1434.557017543859649122807018,228,228,b97065f87024ee86059d,R01,2019-01-25,2019
0.05,NQH9,prior_rth,29.96929824561403508771929825,1434.557017543859649122807018,228,228,b97065f87024ee86059d,R02,2019-01-25,2019
0.2,NQM9,opening_hour_rth,8.154929577464788732394366197,1429.901408450704225352112677,71,71,b973541d8d97147a6ca2,R05,2019-05-22,2019
0.2,NQM9,prior_rth,22.17901234567901234567901235,1481.981481481481481481481479,162,162,b97647e9b822552c434d,R01,2019-04-30,2019
0.2,NQM9,prior_rth,22.17901234567901234567901235,1481.981481481481481481481479,162,162,b97647e9b822552c434d,R02,2019-04-30,2019
0.2,NQZ9,opening_hour_rth,10.55102040816326530612244898,1518.693877551020408163265306,49,49,b97961d8f439f41a1d7d,R05,2019-12-06,2019
0.1,NQM9,full_overnight,22.22072072072072072072072072,371.954954954954954954954955,222,222,b97dbd6c1a7a3e102696,R03,2019-05-02,2019
0.1,NQH9,opening_hour_rth,5.502109704641350210970464135,625.071729957805907172995784,237,237,b984c433c2395e6d38f1,R05,2019-01-03,2019
0.05,NQU9,prior_rth,21.77157360406091370558375635,970.7715736040609137055837556,394,394,b98715b683675041eebe,R01,2019-08-13,2019
0.05,NQU9,prior_rth,21.77157360406091370558375635,970.7715736040609137055837556,394,394,b98715b683675041eebe,R02,2019-08-13,2019
0.05,NQZ9,prior_rth,22.78476821192052980132450331,979.5099337748344370860927146,302,302,b9a5578fd9b13735c107,R01,2019-10-08,2019
0.05,NQZ9,prior_rth,22.78476821192052980132450331,979.5099337748344370860927146,302,302,b9a5578fd9b13735c107,R02,2019-10-08,2019
0.05,NQZ9,midnight,28.92436974789915966386554622,461.899159663865546218487395,119,119,b9abf966f19202e4031a,R04,2019-09-20,2019
0.1,NQZ9,midnight,26.6259541984732824427480916,550.5572519083969465648854966,131,131,b9b8ed835c7074e90f0d,R04,2019-11-22,2019
0.1,NQZ9,opening_hour_rth,11.84090909090909090909090909,844.9431818181818181818181817,88,88,b9cd17d906b6b75376f4,R05,2019-11-20,2019
0.2,NQU9,prior_rth,20.55060728744939271255060729,1869.805668016194331983805665,247,247,ba023e3a8b5bc63460a6,R01,2019-08-12,2019
0.2,NQU9,prior_rth,20.55060728744939271255060729,1869.805668016194331983805665,247,247,ba023e3a8b5bc63460a6,R02,2019-08-12,2019
0.1,NQM9,opening_hour_rth,14.79207920792079207920792079,451.0297029702970297029702973,101,101,ba4839dcb7d84c0d629d,R05,2019-06-14,2019
0.1,NQM9,prior_rth,18.18113207547169811320754717,1121.686792452830188679245283,265,265,ba57a3e933420785d285,R01,2019-03-14,2019
0.1,NQM9,prior_rth,18.18113207547169811320754717,1121.686792452830188679245283,265,265,ba57a3e933420785d285,R02,2019-03-14,2019
0.1,NQM9,prior_rth,11.62962962962962962962962963,1097.74074074074074074074074,351,351,ba5dce3c1578d324f7f7,R01,2019-05-16,2019
0.1,NQM9,prior_rth,11.62962962962962962962962963,1097.74074074074074074074074,351,351,ba5dce3c1578d324f7f7,R02,2019-05-16,2019
0.1,NQZ9,prior_rth,17.45783132530120481927710843,1178.55421686746987951807229,166,166,ba65fffd24ae0ac6d41f,R01,2019-12-09,2019
0.1,NQZ9,prior_rth,17.45783132530120481927710843,1178.55421686746987951807229,166,166,ba65fffd24ae0ac6d41f,R02,2019-12-09,2019
0.05,NQU9,opening_hour_rth,6.460122699386503067484662577,517.1226993865030674846625778,163,163,ba8767092c5e1ce7ae26,R05,2019-07-08,2019
0.1,NQZ9,midnight,9.786516853932584269662921348,244.8558052434456928838951316,534,534,baa4702352d3fce140d9,R04,2019-12-03,2019
0.2,NQM9,prior_rth,25.28421052631578947368421053,3401.884210526315789473684209,95,95,baaa63d5609bcf38c249,R01,2019-03-29,2019
0.2,NQM9,prior_rth,25.28421052631578947368421053,3401.884210526315789473684209,95,95,baaa63d5609bcf38c249,R02,2019-03-29,2019
0.1,NQU9,opening_hour_rth,7.213235294117647058823529412,778.3676470588235294117647044,136,136,bac3b03feee11b2eb498,R05,2019-08-28,2019
0.2,NQZ9,prior_rth,13.54703832752613240418118467,830.1602787456445993031358878,287,287,bac5b09a0622354bab2a,R01,2019-11-11,2019
0.2,NQZ9,prior_rth,13.54703832752613240418118467,830.1602787456445993031358878,287,287,bac5b09a0622354bab2a,R02,2019-11-11,2019
0.05,NQH9,opening_hour_rth,8.897590361445783132530120482,722.7590361445783132530120452,166,166,baec3309b973ac9a4539,R05,2019-02-07,2019
0.05,NQU9,opening_hour_rth,10.56834532374100719424460432,346.1870503597122302158273375,139,139,bb12c01b93f81eccf5c5,R05,2019-09-13,2019
0.2,NQZ9,opening_hour_rth,6.71910112359550561797752809,927.9213483146067415730337078,89,89,bb17ab3e98948ac3f1cf,R05,2019-11-01,2019
0.2,NQU9,midnight,11.40625,250.5710227272727272727272727,352,352,bb2408524e131a73add1,R04,2019-07-30,2019
0.2,NQU9,midnight,18.52911392405063291139240506,488.3594936708860759493670868,395,395,bb352f0b5adf58dad09a,R04,2019-08-26,2019
0.05,NQH9,midnight,13.77815699658703071672354949,209.4880546075085324232081909,293,293,bb37fd0a0105e6ea5977,R04,2019-02-11,2019
0.2,NQM9,full_overnight,23.84931506849315068493150685,624.356164383561643835616437,219,219,bb53a6c6afe96fdf384d,R03,2019-05-09,2019
0.05,NQH9,full_overnight,31.0172413793103448275862069,393.7183908045977011494252874,174,174,bb54455113fb57c7bfb2,R03,2019-03-05,2019
0.05,NQZ9,full_overnight,23.2875,302.0375000000000000000000001,240,240,bb59e266f6c4cfd4085c,R03,2019-10-21,2019
0.2,NQU9,midnight,17.60062893081761006289308176,333.1100628930817610062893066,318,318,bb5f369d82781e6e6a1b,R04,2019-09-04,2019
0.2,NQH0,full_overnight,41.11627906976744186046511628,722.3255813953488372093023255,86,86,bb747cd48b38d28dbe08,R03,2019-12-19,2019
0.05,NQZ9,midnight,23.17197452229299363057324841,418.8726114649681528662420384,157,157,bb94eec0e5d4aa1c345c,R04,2019-12-11,2019
0.05,NQM9,opening_hour_rth,7.025641025641025641025641026,465.0384615384615384615384567,312,312,bb9927eed7831c0db5f9,R05,2019-03-25,2019
0.05,NQZ9,opening_hour_rth,3.746170678336980306345733042,336.5842450765864332603938718,457,457,bbd04a2b4587930fe2c1,R05,2019-12-02,2019
0.05,NQZ9,opening_hour_rth,6.027088036117381489841986456,320.9954853273137697516930002,443,443,bbf976b06cd0442c5f23,R05,2019-10-03,2019
0.2,NQM9,opening_hour_rth,6.572916666666666666666666667,1019.71875,96,96,bc11806e69ed2b1b0077,R05,2019-04-18,2019
0.05,NQM9,opening_hour_rth,5.75,513.2560975609756097560975607,164,164,bc14911290bec3f0a987,R05,2019-03-18,2019
0.05,NQH9,full_overnight,38.08064516129032258064516129,724.5806451612903225806451629,186,186,bc1d9dc10f8f9dd197cc,R03,2019-01-03,2019
0.05,NQM9,opening_hour_rth,9.493421052631578947368421053,719.3815789473684210526315789,152,152,bc274b11350bb336b896,R05,2019-04-01,2019
0.1,NQZ9,full_overnight,35.86470588235294117647058824,655.6647058823529411764705888,170,170,bc55d26e0fbecc7048e8,R03,2019-11-20,2019
0.05,NQU9,prior_rth,14.6036036036036036036036036,796.7867867867867867867867877,333,333,bc58d880b4f42fbd756c,R01,2019-09-12,2019
0.05,NQU9,prior_rth,14.6036036036036036036036036,796.7867867867867867867867877,333,333,bc58d880b4f42fbd756c,R02,2019-09-12,2019
0.2,NQU9,full_overnight,24.80813953488372093023255814,352.8430232558139534883720929,172,172,bc7461f2bd8f93c95918,R03,2019-07-23,2019
0.2,NQZ9,midnight,17.96226415094339622641509434,338.6226415094339622641509436,159,159,bc9b4742312ae7ac36ed,R04,2019-11-19,2019
0.2,NQZ9,full_overnight,54.54285714285714285714285714,1417.257142857142857142857143,70,70,bca7aa2dad27c8b35b77,R03,2019-10-16,2019
0.05,NQU9,midnight,32.78888888888888888888888889,489.9888888888888888888888888,90,90,bcae79f385b0907da9e5,R04,2019-07-12,2019
0.05,NQH9,prior_rth,24.91803278688524590163934426,1533.102459016393442622950823,244,244,bcc737e9f3412d49c1a7,R01,2019-03-07,2019
0.05,NQH9,prior_rth,24.91803278688524590163934426,1533.102459016393442622950823,244,244,bcc737e9f3412d49c1a7,R02,2019-03-07,2019
0.1,NQM9,opening_hour_rth,9.844660194174757281553398058,737.3203883495145631067961164,103,103,bccbc09fbfb7b9a4fe76,R05,2019-03-13,2019
0.1,NQZ9,opening_hour_rth,11,499.6153846153846153846153848,143,143,bce062fab962582bc702,R05,2019-10-09,2019
0.1,NQU9,midnight,30.57575757575757575757575758,493.8848484848484848484848482,165,165,bcf670081bbf1fe92205,R04,2019-09-06,2019
0.1,NQH9,prior_rth,15.31355932203389830508474576,1019.322033898305084745762714,236,236,bd0041d3e297d83cf9e4,R01,2019-02-20,2019
0.1,NQH9,prior_rth,15.31355932203389830508474576,1019.322033898305084745762714,236,236,bd0041d3e297d83cf9e4,R02,2019-02-20,2019
0.05,NQU9,full_overnight,25.23076923076923076923076923,307.8778280542986425339366519,221,221,bd01820ea7fe2be4a13d,R03,2019-07-08,2019
0.2,NQM9,prior_rth,8.872817955112219451371571072,869.1645885286783042394014975,401,401,bd01b8f94e61309f3b8b,R01,2019-04-24,2019
0.2,NQM9,prior_rth,8.872817955112219451371571072,869.1645885286783042394014975,401,401,bd01b8f94e61309f3b8b,R02,2019-04-24,2019
0.1,NQZ9,opening_hour_rth,3.746170678336980306345733042,336.5842450765864332603938718,457,457,bd1d5ae8d07924b63211,R05,2019-12-02,2019
0.2,NQU9,full_overnight,72.96774193548387096774193548,2480.451612903225806451612903,31,31,bd59ba04924e452844a2,R03,2019-07-31,2019
0.05,NQM9,full_overnight,21.36069651741293532338308458,333.8084577114427860696517428,402,402,bd73b840ddf849f04b47,R03,2019-03-25,2019
0.2,NQU9,midnight,27.46757679180887372013651877,443.2662116040955631399317444,293,293,bd7bc1331dd10c470666,R04,2019-08-13,2019
0.2,NQM9,full_overnight,35.21296296296296296296296296,786.3148148148148148148148156,108,108,bd9938369a3c310539fd,R03,2019-06-10,2019
0.1,NQU9,prior_rth,16.14876033057851239669421488,828.0633608815426997245179083,363,363,bdaf0a95d6eba085470e,R01,2019-07-02,2019
0.1,NQU9,prior_rth,16.14876033057851239669421488,828.0633608815426997245179083,363,363,bdaf0a95d6eba085470e,R02,2019-07-02,2019
0.05,NQZ9,midnight,26.81690140845070422535211268,536.0000000000000000000000002,142,142,bdbf9e9c3ebc5df93ebe,R04,2019-11-20,2019
0.05,NQM9,prior_rth,8.872817955112219451371571072,869.1645885286783042394014975,401,401,bdd51488eced02ea42e7,R01,2019-04-24,2019
0.05,NQM9,prior_rth,8.872817955112219451371571072,869.1645885286783042394014975,401,401,bdd51488eced02ea42e7,R02,2019-04-24,2019
0.05,NQZ9,midnight,20.4125,305.3125000000000000000000002,160,160,bdd681f5568a1fa71638,R04,2019-11-08,2019
0.05,NQU9,opening_hour_rth,5.875675675675675675675675676,367.8108108108108108108108104,185,185,bdf1f7149e7174b1d642,R05,2019-06-28,2019
0.05,NQU9,opening_hour_rth,10.05376344086021505376344086,629.4731182795698924731182799,93,93,be02fc706358b7ef2697,R05,2019-07-15,2019
0.1,NQZ9,opening_hour_rth,12.53333333333333333333333333,858.5600000000000000000000003,75,75,be3e3672dc9e9b9a6247,R05,2019-09-20,2019
0.2,NQM9,prior_rth,21.71038251366120218579234973,3217.72131147540983606557377,183,183,be434b41327fa2188590,R01,2019-05-10,2019
0.2,NQM9,prior_rth,21.71038251366120218579234973,3217.72131147540983606557377,183,183,be434b41327fa2188590,R02,2019-05-10,2019
0.2,NQU9,opening_hour_rth,10.05376344086021505376344086,629.4731182795698924731182799,93,93,be4392afaf269372e766,R05,2019-07-15,2019
0.2,NQM9,midnight,11.42073170731707317073170732,239.396341463414634146341463,164,164,be59972b1a170607dd75,R04,2019-04-17,2019
0.05,NQU9,midnight,27.67796610169491525423728814,485.8474576271186440677966097,177,177,beb44434a5ab40ada272,R04,2019-08-20,2019
0.05,NQU9,prior_rth,23.77232142857142857142857143,1120.220982142857142857142858,448,448,beba1cc35f51dec07706,R01,2019-08-07,2019
0.05,NQU9,prior_rth,23.77232142857142857142857143,1120.220982142857142857142858,448,448,beba1cc35f51dec07706,R02,2019-08-07,2019
0.1,NQH9,midnight,22.9919137466307277628032345,267.7547169811320754716981133,371,371,bec7352504f1a8afcddb,R04,2019-01-03,2019
0.2,NQM9,full_overnight,24.9820359281437125748502994,607.8203592814371257485029946,167,167,bf08e8859808d1e23543,R03,2019-06-06,2019
0.05,NQM9,opening_hour_rth,7.223826714801444043321299639,483.2310469314079422382671433,277,277,bf13e1fe4cb22c51818f,R05,2019-06-05,2019
0.05,NQU9,prior_rth,13.65481171548117154811715481,699.5334728033472803347280343,478,478,bf2cc0337a27237b5eee,R01,2019-08-23,2019
0.05,NQU9,prior_rth,13.65481171548117154811715481,699.5334728033472803347280343,478,478,bf2cc0337a27237b5eee,R02,2019-08-23,2019
0.2,NQU9,opening_hour_rth,6.929203539823008849557522124,907.194690265486725663716815,113,113,bf9848cf54356010814e,R05,2019-09-11,2019
0.1,NQM9,full_overnight,18.42307692307692307692307692,318.6076923076923076923076921,260,260,bfb0b69c35c61fa01e8e,R03,2019-05-03,2019
0.2,NQM9,opening_hour_rth,9.793650793650793650793650794,1207.698412698412698412698413,63,63,bfc3093a20572dda617e,R05,2019-05-30,2019
0.05,NQH9,prior_rth,21.36666666666666666666666667,1260.15238095238095238095238,210,210,bfcf4e9b7af4b816f018,R01,2019-02-26,2019
0.05,NQH9,prior_rth,21.36666666666666666666666667,1260.15238095238095238095238,210,210,bfcf4e9b7af4b816f018,R02,2019-02-26,2019
0.2,NQU9,full_overnight,23.15873015873015873015873016,616.7936507936507936507936492,252,252,bfd7b44c0614a0e95ecb,R03,2019-08-12,2019
0.2,NQM9,opening_hour_rth,4.594827586206896551724137931,968.4051724137931034482758612,116,116,c0035b96ccf42ff6df87,R05,2019-06-07,2019
0.05,NQH9,midnight,19.73658536585365853658536585,266.0390243902439024390243898,205,205,c00e7dd6aeb86090d4b5,R04,2019-01-30,2019
0.2,NQU9,opening_hour_rth,5.457399103139013452914798206,309.3587443946188340807174891,223,223,c01dd3fbd5a2076549e8,R05,2019-06-17,2019
0.2,NQZ9,opening_hour_rth,6.909836065573770491803278689,847.0983606557377049180327861,122,122,c06c73a8b923d781d2b0,R05,2019-10-31,2019
0.05,NQM9,midnight,22.32524271844660194174757282,425.2475728155339805825242721,206,206,c0739c15adc8d7e9b0eb,R04,2019-03-22,2019
0.05,NQH9,full_overnight,21.68211920529801324503311258,296.1324503311258278145695361,302,302,c07a2c036142d2d6835c,R03,2019-01-18,2019
0.2,NQU9,midnight,17.72509960159362549800796813,342.7888446215139442231075697,251,251,c07be204d9a7cb70d9cf,R04,2019-08-21,2019
0.05,NQU9,midnight,33.34444444444444444444444444,405.9777777777777777777777779,90,90,c0b45b6459a2a8d744b2,R04,2019-06-19,2019
0.05,NQU9,midnight,36.81111111111111111111111111,617.5333333333333333333333329,90,90,c0e365cb94457a4030fe,R04,2019-07-31,2019
0.05,NQZ9,prior_rth,19.02135231316725978647686833,915.3202846975088967971530231,281,281,c0ff00c174afddc6e12f,R01,2019-10-18,2019
0.05,NQZ9,prior_rth,19.02135231316725978647686833,915.3202846975088967971530231,281,281,c0ff00c174afddc6e12f,R02,2019-10-18,2019
0.05,NQM9,opening_hour_rth,4.230547550432276657060518732,323.7319884726224783861671455,347,347,c1608669a8bba6f809fc,R05,2019-06-07,2019
0.2,NQU9,opening_hour_rth,5.25,602.8642857142857142857142855,140,140,c17590cad4d43ceb4841,R05,2019-08-22,2019
0.05,NQZ9,full_overnight,26.66836734693877551020408163,427.3418367346938775510204085,196,196,c1907b76264a5962bf46,R03,2019-12-11,2019
0.1,NQZ9,midnight,28.86428571428571428571428571,413.2357142857142857142857141,140,140,c1a82de212a3aef158c0,R04,2019-09-17,2019
0.2,NQH9,midnight,24.4623655913978494623655914,534.0698924731182795698924731,186,186,c1e8f9fb335ce1d21dc6,R04,2019-01-03,2019
0.2,NQZ9,prior_rth,12.77737226277372262773722628,1657.656934306569343065693436,274,274,c1ea134f0032ddd39208,R01,2019-12-03,2019
0.2,NQZ9,prior_rth,12.77737226277372262773722628,1657.656934306569343065693436,274,274,c1ea134f0032ddd39208,R02,2019-12-03,2019
0.05,NQU9,opening_hour_rth,8.66502463054187192118226601,453.9556650246305418719211831,203,203,c1f62717ce31e7a37735,R05,2019-08-16,2019
0.2,NQZ9,opening_hour_rth,5.283687943262411347517730496,458.6099290780141843971631208,141,141,c20628ea7e6b3c9beadf,R05,2019-11-12,2019
0.05,NQZ9,opening_hour_rth,4,306.0488888888888888888888882,225,225,c2166010d21de73310a5,R05,2019-10-15,2019
0.1,NQM9,midnight,20.6204819277108433734939759,345.0481927710843373493975904,166,166,c219289214f7d25858b0,R04,2019-03-29,2019
0.1,NQZ9,full_overnight,39.91964285714285714285714286,536.8214285714285714285714288,112,112,c21b9006aab9af1a0685,R03,2019-10-25,2019
0.1,NQH9,prior_rth,17.67415730337078651685393258,857.4584269662921348314606751,445,445,c222b1d11700513b8166,R01,2019-01-11,2019
0.1,NQH9,prior_rth,17.67415730337078651685393258,857.4584269662921348314606751,445,445,c222b1d11700513b8166,R02,2019-01-11,2019
0.05,NQH9,prior_rth,15.24330900243309002433090024,997.476885644768856447688563,411,411,c23166401271899ef13e,R01,2019-02-01,2019
0.05,NQH9,prior_rth,15.24330900243309002433090024,997.476885644768856447688563,411,411,c23166401271899ef13e,R02,2019-02-01,2019
0.05,NQH9,midnight,24.17355371900826446280991736,434.322314049586776859504132,121,121,c25197a4285c5215ae30,R04,2019-02-13,2019
0.1,NQU9,prior_rth,32.01503759398496240601503759,2984.360902255639097744360902,133,133,c2648a5c44b6d0319fb5,R01,2019-08-16,2019
0.1,NQU9,prior_rth,32.01503759398496240601503759,2984.360902255639097744360902,133,133,c2648a5c44b6d0319fb5,R02,2019-08-16,2019
0.1,NQM9,opening_hour_rth,6.526829268292682926829268293,510.3024390243902439024390229,205,205,c266b70302d167bbeef4,R05,2019-05-02,2019
0.1,NQM9,prior_rth,16.79439252336448598130841121,1038.70560747663551401869159,428,428,c26b15613e46d0cf930a,R01,2019-03-27,2019
0.1,NQM9,prior_rth,16.79439252336448598130841121,1038.70560747663551401869159,428,428,c26b15613e46d0cf930a,R02,2019-03-27,2019
0.05,NQZ9,full_overnight,20.57866666666666666666666667,439.5733333333333333333333347,375,375,c2a7dc71148ce0d4bc71,R03,2019-12-04,2019
0.05,NQH9,opening_hour_rth,4.504990019960079840319361277,275.3952095808383233532934118,501,501,c2caa220fc13fda8909b,R05,2019-01-04,2019
0.05,NQZ9,opening_hour_rth,11,499.6153846153846153846153848,143,143,c2d3fb82dab739f89e72,R05,2019-10-09,2019
0.1,NQZ9,opening_hour_rth,9.425742574257425742574257426,690.168316831683168316831683,101,101,c2da846b3f1bf63cd562,R05,2019-11-06,2019
0.05,NQH9,prior_rth,23.18297872340425531914893617,1322.982978723404255319148932,235,235,c2e226377d07e8324f66,R01,2019-02-19,2019
0.05,NQH9,prior_rth,23.18297872340425531914893617,1322.982978723404255319148932,235,235,c2e226377d07e8324f66,R02,2019-02-19,2019
0.2,NQH9,midnight,19.74778761061946902654867257,260.526548672566371681415929,226,226,c3063a8c8977b490f633,R04,2019-01-23,2019
0.1,NQM9,full_overnight,31.65116279069767441860465116,514.6124031007751937984496126,129,129,c3396d4ed07c7f776b91,R03,2019-04-30,2019
0.2,NQM9,opening_hour_rth,8.24,751.4960000000000000000000001,125,125,c340c35a8e21c568a524,R05,2019-04-24,2019
0.2,NQH0,opening_hour_rth,5.305555555555555555555555556,304.8796296296296296296296297,108,108,c36f744118dd43b6f948,R05,2019-12-26,2019
0.1,NQM9,prior_rth,28.76602564102564102564102564,1549.884615384615384615384612,312,312,c38bd6bf78a117803bc8,R01,2019-05-24,2019
0.1,NQM9,prior_rth,28.76602564102564102564102564,1549.884615384615384615384612,312,312,c38bd6bf78a117803bc8,R02,2019-05-24,2019
0.1,NQM9,full_overnight,37.21468926553672316384180791,550.4915254237288135593220341,177,177,c39c9bdc99b2ac9e531b,R03,2019-03-27,2019
0.2,NQZ9,prior_rth,25.5625,2494.890624999999999999999997,64,64,c3b6caeea50d13690c0e,R01,2019-12-16,2019
0.2,NQZ9,prior_rth,25.5625,2494.890624999999999999999997,64,64,c3b6caeea50d13690c0e,R02,2019-12-16,2019
0.05,NQZ9,prior_rth,22.51245551601423487544483986,941.1957295373665480427046242,281,281,c3d37ec882d4066f9f33,R01,2019-10-10,2019
0.05,NQZ9,prior_rth,22.51245551601423487544483986,941.1957295373665480427046242,281,281,c3d37ec882d4066f9f33,R02,2019-10-10,2019
0.2,NQU9,prior_rth,11.47058823529411764705882353,1372.727272727272727272727273,187,187,c3e3025128d66d7c2b78,R01,2019-07-10,2019
0.2,NQU9,prior_rth,11.47058823529411764705882353,1372.727272727272727272727273,187,187,c3e3025128d66d7c2b78,R02,2019-07-10,2019
0.05,NQU9,full_overnight,29.21594684385382059800664452,398.3787375415282392026578047,301,301,c3f4bd0cdcc55ecbadd9,R03,2019-09-12,2019
0.1,NQM9,opening_hour_rth,6.221453287197231833910034602,466.8581314878892733564013841,289,289,c404db015853f136925a,R05,2019-03-22,2019
0.05,NQH9,prior_rth,19.72026431718061674008810573,844.0837004405286343612334775,454,454,c419afb403dbd57bd2d3,R01,2019-01-08,2019
0.05,NQH9,prior_rth,19.72026431718061674008810573,844.0837004405286343612334775,454,454,c419afb403dbd57bd2d3,R02,2019-01-08,2019
0.2,NQH9,full_overnight,22.61506276150627615062761506,308.9748953974895397489539747,239,239,c41a35349e1492218da4,R03,2019-02-22,2019
0.1,NQH9,midnight,19.86486486486486486486486486,283.3693693693693693693693691,222,222,c41d243e29109a3eb54d,R04,2019-01-29,2019
0.05,NQM9,midnight,20.36567164179104477611940299,351.3022388059701492537313432,268,268,c4275311fb11360270c7,R04,2019-05-21,2019
0.1,NQM9,full_overnight,15.88955223880597014925373134,244.5223880597014925373134331,335,335,c427fb43d50da30363f0,R03,2019-06-11,2019
0.2,NQM9,full_overnight,25.5,1002.999999999999999999999999,104,104,c443c5334840fd4a4ab2,R03,2019-06-07,2019
0.1,NQH9,full_overnight,34.89243027888446215139442231,388.2589641434262948207171318,251,251,c457eb22d3d5352da3e5,R03,2019-01-09,2019
0.2,NQH9,opening_hour_rth,5.538888888888888888888888889,468.3166666666666666666666671,180,180,c458c703baa501bf9ce0,R05,2019-02-12,2019
0.1,NQU9,prior_rth,39.01818181818181818181818182,1754.60909090909090909090909,110,110,c4595f62823a4ed2e8f1,R01,2019-06-25,2019
0.1,NQU9,prior_rth,39.01818181818181818181818182,1754.60909090909090909090909,110,110,c4595f62823a4ed2e8f1,R02,2019-06-25,2019
0.1,NQH9,midnight,12.94752186588921282798833819,204.0962099125364431486880464,343,343,c474bad5cc9cf18e3ab2,R04,2019-01-28,2019
0.1,NQU9,full_overnight,24.80813953488372093023255814,352.8430232558139534883720929,172,172,c4964d9dc2e7ee53851c,R03,2019-07-23,2019
0.2,NQH9,midnight,27.3525641025641025641025641,457.0576923076923076923076922,156,156,c49d33ac8654e949e422,R04,2019-01-31,2019
0.05,NQU9,full_overnight,16.56790123456790123456790123,288.6913580246913580246913574,486,486,c4a9fb3b10264ba793de,R03,2019-09-04,2019
0.05,NQH9,midnight,37,505.4594594594594594594594595,111,111,c4b7466208ba92a79847,R04,2019-01-16,2019
0.05,NQU9,opening_hour_rth,11.87209302325581395348837209,739.1744186046511627906976747,86,86,c4bc0a4784b505161eed,R05,2019-07-02,2019
0.05,NQU9,full_overnight,24.04819277108433734939759036,303.3493975903614457831325301,249,249,c4e6fb327c7feebdba77,R03,2019-07-22,2019
0.05,NQM9,prior_rth,19.41785714285714285714285714,1277.492857142857142857142855,280,280,c52966cfb5ec794a5891,R01,2019-03-20,2019
0.05,NQM9,prior_rth,19.41785714285714285714285714,1277.492857142857142857142855,280,280,c52966cfb5ec794a5891,R02,2019-03-20,2019
0.2,NQM9,prior_rth,25.24705882352941176470588235,3003.094117647058823529411765,85,85,c539466e504ae6aa8cd1,R01,2019-04-11,2019
0.2,NQM9,prior_rth,25.24705882352941176470588235,3003.094117647058823529411765,85,85,c539466e504ae6aa8cd1,R02,2019-04-11,2019
0.05,NQU9,prior_rth,12.52706552706552706552706553,726.8404558404558404558404553,351,351,c559e2373ff450890fba,R01,2019-07-25,2019
0.05,NQU9,prior_rth,12.52706552706552706552706553,726.8404558404558404558404553,351,351,c559e2373ff450890fba,R02,2019-07-25,2019
0.1,NQU9,full_overnight,31.75806451612903225806451613,378.7849462365591397849462358,372,372,c5c994ca21e44eb51c90,R03,2019-08-08,2019
0.05,NQM9,midnight,21.65909090909090909090909091,345.9636363636363636363636363,220,220,c60411faaf316b3f0173,R04,2019-06-06,2019
0.2,NQH0,full_overnight,25.51470588235294117647058824,487.8235294117647058823529413,136,136,c607a95bc9fb5c26d086,R03,2019-12-30,2019
0.2,NQZ9,full_overnight,32.19827586206896551724137931,426.3706896551724137931034482,116,116,c628d1b642f840963128,R03,2019-10-30,2019
0.05,NQU9,prior_rth,19.06333333333333333333333333,873.7199999999999999999999997,300,300,c62da359290daa2e0172,R01,2019-06-27,2019
0.05,NQU9,prior_rth,19.06333333333333333333333333,873.7199999999999999999999997,300,300,c62da359290daa2e0172,R02,2019-06-27,2019
0.05,NQU9,full_overnight,24.80813953488372093023255814,352.8430232558139534883720929,172,172,c6725c08cb39f8a39ba5,R03,2019-07-23,2019
0.1,NQU9,opening_hour_rth,7.199004975124378109452736318,389.7014925373134328358208951,201,201,c693a635a258cdae29ee,R05,2019-08-30,2019
0.05,NQH0,prior_rth,27.37068965517241379310344828,1505.094827586206896551724129,116,116,c6cbc250da5eb14efc34,R01,2019-12-18,2019
0.05,NQH0,prior_rth,27.37068965517241379310344828,1505.094827586206896551724129,116,116,c6cbc250da5eb14efc34,R02,2019-12-18,2019
0.05,NQH0,prior_rth,11.6,848.3227272727272727272727286,220,220,c6cd88281219e49b5106,R01,2019-12-20,2019
0.05,NQH0,prior_rth,11.6,848.3227272727272727272727286,220,220,c6cd88281219e49b5106,R02,2019-12-20,2019
0.05,NQH9,prior_rth,21.18296529968454258675078864,611.769716088328075709779182,317,317,c70053b43df0cd0e8a5f,R01,2019-03-11,2019
0.05,NQH9,prior_rth,21.18296529968454258675078864,611.769716088328075709779182,317,317,c70053b43df0cd0e8a5f,R02,2019-03-11,2019
0.05,NQM9,full_overnight,40.2660098522167487684729064,638.3990147783251231527093576,203,203,c7073d1a3286fb404d00,R03,2019-06-03,2019
0.2,NQH9,prior_rth,21.30921052631578947368421053,2521.144736842105263157894736,152,152,c719498730f719338db4,R01,2019-01-08,2019
0.2,NQH9,prior_rth,21.30921052631578947368421053,2521.144736842105263157894736,152,152,c719498730f719338db4,R02,2019-01-08,2019
0.05,NQH9,opening_hour_rth,8.539393939393939393939393939,561.7636363636363636363636368,165,165,c722c74bb0c824785264,R05,2019-02-13,2019
0.1,NQU9,opening_hour_rth,10.38655462184873949579831933,1194.54621848739495798319327,119,119,c7306384e41afc831fbb,R05,2019-08-05,2019
0.05,NQM9,full_overnight,24.81318681318681318681318681,421.8956043956043956043956043,182,182,c74c4e2db0791d1a596f,R03,2019-03-15,2019
0.05,NQM9,prior_rth,25.61075949367088607594936709,1335.607594936708860759493674,316,316,c7bba8cae38e72dd2f56,R01,2019-05-30,2019
0.05,NQM9,prior_rth,25.61075949367088607594936709,1335.607594936708860759493674,316,316,c7bba8cae38e72dd2f56,R02,2019-05-30,2019
0.05,NQU9,opening_hour_rth,9.518292682926829268292682927,519.8475609756097560975609763,164,164,c818d810f41eb063ceb7,R05,2019-08-20,2019
0.05,NQU9,opening_hour_rth,8.33125,490.0374999999999999999999996,160,160,c844dcf2e927d9302b3c,R05,2019-09-04,2019
0.1,NQU9,full_overnight,29.21594684385382059800664452,398.3787375415282392026578047,301,301,c84744cd9d1bc84074a8,R03,2019-09-12,2019
0.05,NQU9,prior_rth,16.14876033057851239669421488,828.0633608815426997245179083,363,363,c85c45649419f4e4ebf4,R01,2019-07-02,2019
0.05,NQU9,prior_rth,16.14876033057851239669421488,828.0633608815426997245179083,363,363,c85c45649419f4e4ebf4,R02,2019-07-02,2019
0.1,NQU9,opening_hour_rth,9.6125,623.9499999999999999999999998,80,80,c8706d1bcda94f7122b7,R05,2019-07-16,2019
0.2,NQZ9,full_overnight,35.86470588235294117647058824,655.6647058823529411764705888,170,170,c88701e4386ecf594422,R03,2019-11-20,2019
0.05,NQZ9,opening_hour_rth,11.57317073170731707317073171,580.0243902439024390243902434,82,82,c8c38fc06c82cbd4174a,R05,2019-09-18,2019
0.1,NQH0,prior_rth,27.37068965517241379310344828,1505.094827586206896551724129,116,116,c914c89db42c097ae81b,R01,2019-12-18,2019
0.1,NQH0,prior_rth,27.37068965517241379310344828,1505.094827586206896551724129,116,116,c914c89db42c097ae81b,R02,2019-12-18,2019
0.2,NQH9,opening_hour_rth,8.486301369863013698630136986,648.897260273972602739726027,146,146,c938a56513e1a655c38d,R05,2019-03-06,2019
0.05,NQM9,full_overnight,33.37288135593220338983050847,657.6525423728813559322033895,118,118,c97839e4c00a19a843e7,R03,2019-04-25,2019
0.2,NQU9,opening_hour_rth,6.972972972972972972972972973,1466.270270270270270270270272,74,74,c98a356d5bf766f1651b,R05,2019-07-25,2019
0.05,NQM9,opening_hour_rth,8.083969465648854961832061069,773.4580152671755725190839718,131,131,c995add98355b2d6ec00,R05,2019-04-09,2019
0.05,NQU9,opening_hour_rth,7.07037037037037037037037037,392.066666666666666666666667,270,270,c9a5714f64e9c349e28e,R05,2019-08-28,2019
0.05,NQU9,opening_hour_rth,9.627450980392156862745098039,691.5490196078431372549019615,102,102,c9ac75b9026d0d084eb3,R05,2019-07-12,2019
0.1,NQM9,prior_rth,15.33789954337899543378995434,823.4155251141552511415525126,438,438,c9cfe754e5d194a7cb8b,R01,2019-06-11,2019
0.1,NQM9,prior_rth,15.33789954337899543378995434,823.4155251141552511415525126,438,438,c9cfe754e5d194a7cb8b,R02,2019-06-11,2019
0.05,NQH9,midnight,29.73584905660377358490566038,416.6132075471698113207547173,106,106,c9d2e7d7ab7fa8b7a48e,R04,2019-02-20,2019
0.1,NQZ9,prior_rth,26.85326086956521739130434783,1242.380434782608695652173912,184,184,c9da37482eada86437e1,R01,2019-10-24,2019
0.1,NQZ9,prior_rth,26.85326086956521739130434783,1242.380434782608695652173912,184,184,c9da37482eada86437e1,R02,2019-10-24,2019
0.2,NQM9,midnight,13.22760290556900726392251816,245.6707021791767554479418893,413,413,c9e849fba0c46b0aaf92,R04,2019-05-15,2019
0.2,NQU9,opening_hour_rth,10.58,1323.959999999999999999999999,50,50,c9f620059820dbd22257,R05,2019-07-17,2019
0.2,NQM9,opening_hour_rth,5.986666666666666666666666667,428.2733333333333333333333337,150,150,ca0cb42369dc89106eda,R05,2019-04-22,2019
0.1,NQM9,midnight,30.51851851851851851851851852,597.8888888888888888888888892,108,108,ca1550837a50729642d3,R04,2019-04-01,2019
0.05,NQU9,full_overnight,21.30753968253968253968253968,308.3968253968253968253968258,504,504,ca2d6ef22e19f47b1303,R03,2019-08-12,2019
0.05,NQH9,midnight,19.23952095808383233532934132,322.5449101796407185628742517,167,167,ca32a5717418c77bb327,R04,2019-02-19,2019
0.2,NQU9,full_overnight,36.84827586206896551724137931,417.4896551724137931034482755,145,145,ca619633ff59210fe3b8,R03,2019-07-02,2019
0.2,NQU9,prior_rth,23.53846153846153846153846154,3840.961538461538461538461536,78,78,ca77517ff1630691cbd5,R01,2019-08-19,2019
0.2,NQU9,prior_rth,23.53846153846153846153846154,3840.961538461538461538461536,78,78,ca77517ff1630691cbd5,R02,2019-08-19,2019
0.05,NQU9,midnight,18.76470588235294117647058824,270.9068627450980392156862747,204,204,ca7a050cadb4e5b89138,R04,2019-07-01,2019
0.1,NQZ9,opening_hour_rth,8.708074534161490683229813665,539.3913043478260869565217394,161,161,ca94b7fa9d25ecffe4a9,R05,2019-09-23,2019
0.2,NQH9,prior_rth,37.06741573033707865168539326,3113.303370786516853932584267,89,89,ca99e0fb6d07ab778049,R01,2019-01-14,2019
0.2,NQH9,prior_rth,37.06741573033707865168539326,3113.303370786516853932584267,89,89,ca99e0fb6d07ab778049,R02,2019-01-14,2019
0.05,NQZ9,opening_hour_rth,7.397058823529411764705882353,525.0588235294117647058823529,136,136,caac2ef20ede6f4b0ede,R05,2019-10-28,2019
0.1,NQH9,opening_hour_rth,9.634615384615384615384615385,574.4230769230769230769230769,156,156,cac6c18bd96defe62730,R05,2019-01-14,2019
0.05,NQZ9,midnight,33.92817679558011049723756906,460.6187845303867403314917127,181,181,cac7369c2613f74c07ba,R04,2019-10-03,2019
0.1,NQZ9,midnight,21.64556962025316455696202532,338.5696202531645569620253166,158,158,caec81c2e617d892a2a8,R04,2019-10-21,2019
0.05,NQZ9,opening_hour_rth,11.84090909090909090909090909,844.9431818181818181818181817,88,88,caf125f3a274932a81e4,R05,2019-11-20,2019
0.2,NQH9,midnight,36.67295597484276729559748428,417.8490566037735849056603771,159,159,caf8ecc1f5eaf49e0229,R04,2019-01-09,2019
0.1,NQU9,full_overnight,17.82135523613963039014373717,302.4887063655030800821355232,487,487,cafb9274951689898a8f,R03,2019-08-23,2019
0.05,NQM9,full_overnight,21.02606635071090047393364929,333.5450236966824644549763036,422,422,cb2b8ad90dbd63f2d068,R03,2019-05-17,2019
0.2,NQM9,prior_rth,32.5686274509803921568627451,4489.901960784313725490196078,102,102,cb54c71760d8d2384570,R01,2019-05-21,2019
0.2,NQM9,prior_rth,32.5686274509803921568627451,4489.901960784313725490196078,102,102,cb54c71760d8d2384570,R02,2019-05-21,2019
0.05,NQU9,prior_rth,28.13821138211382113821138211,1480.382113821138211382113819,123,123,cb55ac8b5e6efd808c11,R01,2019-07-16,2019
0.05,NQU9,prior_rth,28.13821138211382113821138211,1480.382113821138211382113819,123,123,cb55ac8b5e6efd808c11,R02,2019-07-16,2019
0.1,NQM9,midnight,18.47887323943661971830985915,384.5962441314553990610328643,213,213,cb75e8b7b6fce64bd7c9,R04,2019-06-07,2019
0.05,NQU9,opening_hour_rth,6.708333333333333333333333333,376.9358974358974358974358958,312,312,cb986d6703e7e4567ad6,R05,2019-08-09,2019
0.05,NQZ9,midnight,26.88271604938271604938271605,417.351851851851851851851852,162,162,cb9b2e86d34a41bfd3c7,R04,2019-10-15,2019
0.1,NQU9,prior_rth,14.6036036036036036036036036,796.7867867867867867867867877,333,333,cbbc8cf42adc5b31159e,R01,2019-09-12,2019
0.1,NQU9,prior_rth,14.6036036036036036036036036,796.7867867867867867867867877,333,333,cbbc8cf42adc5b31159e,R02,2019-09-12,2019
0.2,NQH0,opening_hour_rth,7.922413793103448275862068966,579.405172413793103448275863,116,116,cbc518fa2d0457922fca,R05,2019-12-17,2019
0.1,NQH9,midnight,25.71559633027522935779816514,339.9174311926605504587155967,109,109,cbd5013615ab6ab6ea77,R04,2019-03-06,2019
0.1,NQU9,opening_hour_rth,7.3515625,896.5937500000000000000000031,128,128,cbf6f4de19a3bd1c4ce8,R05,2019-08-08,2019
0.1,NQM9,midnight,17.63422818791946308724832215,312.9228187919463087248322147,298,298,cc1a151e113c5e8b7e68,R04,2019-05-22,2019
0.05,NQM9,opening_hour_rth,7.182795698924731182795698925,445.3602150537634408602150497,372,372,cc27ecedc65e1554ff71,R05,2019-05-13,2019
0.2,NQU9,opening_hour_rth,5.875675675675675675675675676,367.8108108108108108108108104,185,185,cc3df3f8457639a2d493,R05,2019-06-28,2019
0.05,NQZ9,prior_rth,26.85326086956521739130434783,1242.380434782608695652173912,184,184,cc52daa12a1b4e92c98d,R01,2019-10-24,2019
0.05,NQZ9,prior_rth,26.85326086956521739130434783,1242.380434782608695652173912,184,184,cc52daa12a1b4e92c98d,R02,2019-10-24,2019
0.05,NQH0,opening_hour_rth,8.433734939759036144578313253,633.0120481927710843373493982,83,83,cc56588e70b3f27b56cb,R05,2019-12-19,2019
0.2,NQU9,midnight,14.38888888888888888888888889,235.7539682539682539682539688,504,504,cc760f1f3dc0ab375bcf,R04,2019-08-12,2019
0.05,NQM9,opening_hour_rth,5.269767441860465116279069767,565.4837209302325581395348847,215,215,cc77377a7bd118f1ef7d,R05,2019-04-17,2019
0.1,NQM9,opening_hour_rth,10.69230769230769230769230769,851.8034188034188034188034185,117,117,cc80627ba4336d418562,R05,2019-03-20,2019
0.2,NQU9,full_overnight,37.06451612903225806451612903,1248.629032258064516129032258,62,62,ccc1a042656ea7300ae1,R03,2019-07-24,2019
0.05,NQH9,midnight,27.66336633663366336633663366,433.2772277227722772277227721,101,101,ccc93a597333d2019d8d,R04,2019-03-01,2019
0.2,NQZ9,midnight,28.40860215053763440860215054,248.6881720430107526881720434,186,186,cd021a3c7cee7de1daa2,R04,2019-09-16,2019
0.1,NQM9,midnight,14.41896024464831804281345566,274.397553516819571865443425,327,327,cd1148085b8481927fe1,R04,2019-06-04,2019
0.2,NQZ9,full_overnight,20.70588235294117647058823529,537.445378151260504201680671,238,238,cd2918b324bf3c46b6b7,R03,2019-10-08,2019
0.05,NQZ9,midnight,16.44672131147540983606557377,248.4344262295081967213114752,244,244,cd36304c47fa681e0444,R04,2019-09-27,2019
0.05,NQH9,prior_rth,18.31687242798353909465020576,1257.855967078189300411522633,243,243,cd37287c686d030b8766,R01,2019-03-04,2019
0.05,NQH9,prior_rth,18.31687242798353909465020576,1257.855967078189300411522633,243,243,cd37287c686d030b8766,R02,2019-03-04,2019
0.05,NQZ9,midnight,21.5045045045045045045045045,325.2432432432432432432432432,111,111,cd6e2b8d5d747dcbabfe,R04,2019-10-30,2019
0.2,NQM9,full_overnight,18.81481481481481481481481481,549.8754208754208754208754195,297,297,cd72d8d1574a9a13e557,R03,2019-05-13,2019
0.2,NQZ9,midnight,31.62585034013605442176870748,358.3469387755102040816326528,147,147,cd8d7260d7310489db41,R04,2019-10-07,2019
0.2,NQM9,opening_hour_rth,8.659793814432989690721649485,1174.381443298969072164948455,97,97,cd9558226227fa4f6f7f,R05,2019-05-29,2019
0.1,NQM9,opening_hour_rth,8.083969465648854961832061069,773.4580152671755725190839718,131,131,cd95bc88dec69d734d66,R05,2019-04-09,2019
0.2,NQZ9,prior_rth,10.37642585551330798479087452,738.6425855513307984790874502,263,263,cd98b39fdf748b1e3477,R01,2019-11-26,2019
0.2,NQZ9,prior_rth,10.37642585551330798479087452,738.6425855513307984790874502,263,263,cd98b39fdf748b1e3477,R02,2019-11-26,2019
0.05,NQZ9,opening_hour_rth,6.739811912225705329153605016,220.0376175548589341692789975,319,319,cdbd159c7cef6515c034,R05,2019-12-13,2019
0.05,NQH0,opening_hour_rth,7.94186046511627906976744186,716.2441860465116279069767448,86,86,cdc3c3ab31f7d51273c5,R05,2019-12-18,2019
0.05,NQZ9,prior_rth,18.29439252336448598130841121,1056.757009345794392523364489,214,214,cdd6317216e01f582dc0,R01,2019-10-29,2019
0.05,NQZ9,prior_rth,18.29439252336448598130841121,1056.757009345794392523364489,214,214,cdd6317216e01f582dc0,R02,2019-10-29,2019
0.05,NQU9,opening_hour_rth,6.895604395604395604395604396,418.0879120879120879120879125,182,182,cdd9387744989635ea69,R05,2019-06-19,2019
0.05,NQU9,midnight,12.00353982300884955752212389,210.0495575221238938053097343,565,565,cde36a7ef0d3f134face,R04,2019-08-29,2019
0.2,NQH9,midnight,24.17355371900826446280991736,434.322314049586776859504132,121,121,cde98011b57b426de068,R04,2019-02-13,2019
0.2,NQH0,opening_hour_rth,5.035294117647058823529411765,360.7705882352941176470588231,170,170,ce0b40b8959f2fd88f74,R05,2019-12-16,2019
0.1,NQM9,prior_rth,21.23433242506811989100817439,1068.997275204359673024523157,367,367,ce15ad161059973a97a8,R01,2019-06-06,2019
0.1,NQM9,prior_rth,21.23433242506811989100817439,1068.997275204359673024523157,367,367,ce15ad161059973a97a8,R02,2019-06-06,2019
0.05,NQM9,midnight,18.47887323943661971830985915,384.5962441314553990610328643,213,213,ce4ed6b0b15afeb1ff2e,R04,2019-06-07,2019
0.2,NQH0,midnight,18.04109589041095890410958904,352.8698630136986301369863015,146,146,ce5cf2632e858511ce4e,R04,2019-12-16,2019
0.1,NQH0,opening_hour_rth,7.94186046511627906976744186,716.2441860465116279069767448,86,86,ce7e3e233eb71fbfc519,R05,2019-12-18,2019
0.2,NQH9,opening_hour_rth,6.884615384615384615384615385,851.0769230769230769230769234,104,104,ce96c5035086f47385d6,R05,2019-01-17,2019
0.1,NQH9,opening_hour_rth,8.239766081871345029239766082,517.040935672514619883040936,171,171,cead05ba0a9b1ef8228d,R05,2019-01-23,2019
0.1,NQH9,prior_rth,19.10652920962199312714776632,1184.312714776632302405498282,291,291,cf2c39db4376cd8c562a,R01,2019-02-21,2019
0.1,NQH9,prior_rth,19.10652920962199312714776632,1184.312714776632302405498282,291,291,cf2c39db4376cd8c562a,R02,2019-02-21,2019
0.1,NQZ9,full_overnight,48.61594202898550724637681159,718.8985507246376811594202895,138,138,cf39f1f5d9de31b5c74a,R03,2019-10-16,2019
0.2,NQZ9,opening_hour_rth,9.425742574257425742574257426,690.168316831683168316831683,101,101,cf42fb52e1944e9592a3,R05,2019-11-06,2019
0.1,NQU9,midnight,31.09090909090909090909090909,411.8290909090909090909090902,275,275,cf5fed1deb8cc28b5350,R04,2019-09-03,2019
0.2,NQH9,full_overnight,28.46666666666666666666666667,362.9583333333333333333333331,240,240,cf77f92bdb5d5a7af9b1,R03,2019-01-29,2019
0.1,NQU9,opening_hour_rth,10.85123966942148760330578512,625.3719008264462809917355372,121,121,cf7801d331d7accd358e,R05,2019-06-21,2019
0.2,NQZ9,opening_hour_rth,6.194174757281553398058252427,883.0485436893203883495145628,103,103,cfca9c5606f666b6b30f,R05,2019-10-11,2019
0.05,NQH9,opening_hour_rth,9.634615384615384615384615385,574.4230769230769230769230769,156,156,d024b1a5ac1062148dce,R05,2019-01-14,2019
0.2,NQM9,midnight,18.89090909090909090909090909,393.3393939393939393939393937,165,165,d02746a470a82782ed09,R04,2019-05-03,2019
0.05,NQM9,full_overnight,23.50641025641025641025641026,352.6410256410256410256410255,156,156,d06eba5e14e11b0cc217,R03,2019-03-19,2019
0.2,NQH9,midnight,26.55555555555555555555555556,416.5454545454545454545454544,99,99,d0e39361555cb9804b88,R04,2019-03-04,2019
0.05,NQH9,midnight,30.96363636363636363636363636,330.8636363636363636363636364,110,110,d0edfca37c667afae682,R04,2019-02-04,2019
0.2,NQU9,full_overnight,26.13414634146341463414634146,1212.898373983739837398373986,246,246,d0ef7a9efdf56f1af28b,R03,2019-08-15,2019
0.1,NQM9,prior_rth,25.61075949367088607594936709,1335.607594936708860759493674,316,316,d1006c7543c96b54feb0,R01,2019-05-30,2019
0.1,NQM9,prior_rth,25.61075949367088607594936709,1335.607594936708860759493674,316,316,d1006c7543c96b54feb0,R02,2019-05-30,2019
0.05,NQU9,full_overnight,39.73184357541899441340782123,502.6815642458100558659217878,179,179,d1007b83c60d64a313f3,R03,2019-06-21,2019
0.2,NQU9,prior_rth,20.83486238532110091743119266,5677.51376146788990825688073,109,109,d11161c0bf0d06eff5ef,R01,2019-08-08,2019
0.2,NQU9,prior_rth,20.83486238532110091743119266,5677.51376146788990825688073,109,109,d11161c0bf0d06eff5ef,R02,2019-08-08,2019
0.1,NQH9,opening_hour_rth,6.39010989010989010989010989,467.7857142857142857142857142,182,182,d127badef7c0b66eaeb8,R05,2019-02-26,2019
0.2,NQH9,opening_hour_rth,8.285714285714285714285714286,1673.414285714285714285714284,70,70,d15f35803a73e2a98182,R05,2019-02-14,2019
0.05,NQM9,opening_hour_rth,11.34693877551020408163265306,878.5918367346938775510204082,98,98,d16e584e68ce520fb9ba,R05,2019-04-29,2019
0.1,NQU9,opening_hour_rth,10.05376344086021505376344086,629.4731182795698924731182799,93,93,d17d228509af7a807362,R05,2019-07-15,2019
0.05,NQZ9,midnight,27.39583333333333333333333333,360.2604166666666666666666668,96,96,d18f73a63a6e8121ae42,R04,2019-09-18,2019
0.1,NQU9,midnight,12.00353982300884955752212389,210.0495575221238938053097343,565,565,d1dc4cae886d631b8a5f,R04,2019-08-29,2019
0.2,NQM9,prior_rth,13.28571428571428571428571429,1449.362934362934362934362934,259,259,d2099ed64e3c4e44765f,R01,2019-05-17,2019
0.2,NQM9,prior_rth,13.28571428571428571428571429,1449.362934362934362934362934,259,259,d2099ed64e3c4e44765f,R02,2019-05-17,2019
0.1,NQZ9,midnight,20.4125,305.3125000000000000000000002,160,160,d256163a4530874aaa74,R04,2019-11-08,2019
0.2,NQU9,midnight,21.52208835341365461847389558,407.5341365461847389558232916,249,249,d2afeece1da423cfaed7,R04,2019-09-05,2019
0.2,NQH9,opening_hour_rth,8.094117647058823529411764706,1191.870588235294117647058825,85,85,d2c31a9c0bb6c0512b50,R05,2019-01-30,2019
0.05,NQH9,prior_rth,19.10652920962199312714776632,1184.312714776632302405498282,291,291,d2df03c16381aa57308c,R01,2019-02-21,2019
0.05,NQH9,prior_rth,19.10652920962199312714776632,1184.312714776632302405498282,291,291,d2df03c16381aa57308c,R02,2019-02-21,2019
0.1,NQH0,midnight,34.11594202898550724637681159,632.5362318840579710144927535,69,69,d2dfba2356df3e37359b,R04,2019-12-19,2019
0.05,NQM9,prior_rth,14.6937799043062200956937799,979.1100478468899521531100469,418,418,d30d2793616b371e229a,R01,2019-05-02,2019
0.05,NQM9,prior_rth,14.6937799043062200956937799,979.1100478468899521531100469,418,418,d30d2793616b371e229a,R02,2019-05-02,2019
0.1,NQH9,midnight,19.74778761061946902654867257,260.526548672566371681415929,226,226,d3421b02ba318d55717a,R04,2019-01-23,2019
0.05,NQZ9,full_overnight,25.22697368421052631578947368,418.3157894736842105263157908,304,304,d37660cb1588083fdd05,R03,2019-09-25,2019
0.2,NQU9,full_overnight,12.40350877192982456140350877,200.5672514619883040935672511,513,513,d3891a39cde6db155bd6,R03,2019-06-20,2019
0.05,NQZ9,prior_rth,30.28461538461538461538461538,1898.446153846153846153846157,130,130,d38ece9406c09f8049de,R01,2019-11-05,2019
0.05,NQZ9,prior_rth,30.28461538461538461538461538,1898.446153846153846153846157,130,130,d38ece9406c09f8049de,R02,2019-11-05,2019
0.1,NQH9,midnight,25.82926829268292682926829268,375.1646341463414634146341465,164,164,d39179b91785ee6766eb,R04,2019-02-08,2019
0.1,NQU9,prior_rth,19.85192697768762677484787018,936.799188640973630831642999,493,493,d3d09f8114617feb67ea,R01,2019-08-12,2019
0.1,NQU9,prior_rth,19.85192697768762677484787018,936.799188640973630831642999,493,493,d3d09f8114617feb67ea,R02,2019-08-12,2019
0.05,NQZ9,midnight,17.05696202531645569620253165,268.0759493670886075949367092,316,316,d4199a171946563bbad2,R04,2019-10-14,2019
0.2,NQM9,midnight,27.65467625899280575539568345,397.6906474820143884892086328,139,139,d432a4a3fb4f3226293e,R04,2019-06-10,2019
0.1,NQH9,midnight,28.85840707964601769911504425,399.8938053097345132743362831,113,113,d4378ca34008fccda4b0,R04,2019-02-26,2019
0.2,NQM9,prior_rth,16.33568904593639575971731449,1332.448763250883392226148412,283,283,d44eeb54485de360bc95,R01,2019-04-04,2019
0.2,NQM9,prior_rth,16.33568904593639575971731449,1332.448763250883392226148412,283,283,d44eeb54485de360bc95,R02,2019-04-04,2019
0.1,NQZ9,prior_rth,18.29439252336448598130841121,1056.757009345794392523364489,214,214,d47b6816a96409541218,R01,2019-10-29,2019
0.1,NQZ9,prior_rth,18.29439252336448598130841121,1056.757009345794392523364489,214,214,d47b6816a96409541218,R02,2019-10-29,2019
0.1,NQM9,full_overnight,36.07142857142857142857142857,555.0446428571428571428571433,112,112,d491dd12d73a9bec2707,R03,2019-04-02,2019
0.2,NQZ9,prior_rth,21.84684684684684684684684685,1653.648648648648648648648648,111,111,d4a8299c1cb2be278006,R01,2019-09-18,2019
0.2,NQZ9,prior_rth,21.84684684684684684684684685,1653.648648648648648648648648,111,111,d4a8299c1cb2be278006,R02,2019-09-18,2019
0.2,NQM9,midnight,20.1935483870967741935483871,394.9838709677419354838709678,124,124,d4b0846a469bce30415d,R04,2019-04-24,2019
0.05,NQU9,prior_rth,11.30541012216404886561954625,581.460732984293193717277488,573,573,d4b2bdc92807c6007df7,R01,2019-06-26,2019
0.05,NQU9,prior_rth,11.30541012216404886561954625,581.460732984293193717277488,573,573,d4b2bdc92807c6007df7,R02,2019-06-26,2019
0.05,NQZ9,full_overnight,35.47417840375586854460093897,411.619718309859154929577465,213,213,d4c051546e4e68480940,R03,2019-09-30,2019
0.1,NQM9,opening_hour_rth,11.22340425531914893617021277,879.9787234042553191489361701,94,94,d4cc38ed00c44a854d3a,R05,2019-03-19,2019
0.05,NQU9,full_overnight,36.84827586206896551724137931,417.4896551724137931034482755,145,145,d4fe4cbe7f26b8230cb5,R03,2019-07-02,2019
0.05,NQU9,opening_hour_rth,5.457399103139013452914798206,309.3587443946188340807174891,223,223,d5105a2b6395f92514ec,R05,2019-06-17,2019
0.1,NQH0,opening_hour_rth,5.305555555555555555555555556,304.8796296296296296296296297,108,108,d52a19f6c41d201515ae,R05,2019-12-26,2019
0.05,NQH9,midnight,21.49767441860465116279069767,273.5906976744186046511627907,215,215,d54e39acc5ab6eea92e9,R04,2019-01-17,2019
0.05,NQZ9,full_overnight,32.96923076923076923076923077,386.8820512820512820512820515,195,195,d54e5e6f58e6a6974d26,R03,2019-10-01,2019
0.1,NQZ9,opening_hour_rth,6.027088036117381489841986456,320.9954853273137697516930002,443,443,d550f36cd645b9dd335d,R05,2019-10-03,2019
0.2,NQU9,opening_hour_rth,11.70731707317073170731707317,1845.609756097560975609756098,41,41,d56e522ab1a6ae7c287c,R05,2019-06-21,2019
0.05,NQU9,prior_rth,29.60655737704918032786885246,752.606557377049180327868853,183,183,d57f061057b0548de492,R01,2019-09-16,2019
0.05,NQU9,prior_rth,29.60655737704918032786885246,752.606557377049180327868853,183,183,d57f061057b0548de492,R02,2019-09-16,2019
0.1,NQH9,midnight,17.68354430379746835443037975,270.8860759493670886075949361,237,237,d594443ddd1a4b173dd2,R04,2019-01-18,2019
0.05,NQM9,prior_rth,8.727454909819639278557114228,497.5631262525050100200400812,499,499,d595e40e5a3fc2ed2d00,R01,2019-03-12,2019
0.05,NQM9,prior_rth,8.727454909819639278557114228,497.5631262525050100200400812,499,499,d595e40e5a3fc2ed2d00,R02,2019-03-12,2019
0.2,NQM9,midnight,19.15294117647058823529411765,562.9117647058823529411764711,170,170,d5a434034c908df13dcc,R04,2019-05-16,2019
0.2,NQH9,midnight,26.51829268292682926829268293,406.493902439024390243902439,164,164,d5e1547a1bda6d734e5b,R04,2019-02-01,2019
0.05,NQZ9,full_overnight,26.048582995951417004048583,393.2348178137651821862348177,247,247,d608a976b511fb9a53a3,R03,2019-10-23,2019
0.05,NQZ9,opening_hour_rth,7.221621621621621621621621622,481.3783783783783783783783782,185,185,d60dad21bd0ad68d3b15,R05,2019-09-24,2019
0.05,NQU9,full_overnight,32.67213114754098360655737705,416.8565573770491803278688541,244,244,d611a3ad44d06d373854,R03,2019-09-11,2019
0.1,NQZ9,full_overnight,33.51190476190476190476190476,416.9107142857142857142857143,168,168,d62a5260d5e8addfedfe,R03,2019-09-24,2019
0.05,NQZ9,prior_rth,14.76691729323308270676691729,948.7706766917293233082706793,266,266,d66156074a640e4c0965,R01,2019-11-19,2019
0.05,NQZ9,prior_rth,14.76691729323308270676691729,948.7706766917293233082706793,266,266,d66156074a640e4c0965,R02,2019-11-19,2019
0.2,NQH9,full_overnight,23.29126213592233009708737864,365.4514563106796116504854366,206,206,d686b5bcc326f12a1fc8,R03,2019-02-13,2019
0.05,NQU9,midnight,22.97391304347826086956521739,336.5652173913043478260869565,115,115,d68d240ea59657399cd2,R04,2019-07-15,2019
0.1,NQZ9,prior_rth,17.87553648068669527896995708,828.763948497854077253218885,233,233,d6981058fbf93e730920,R01,2019-10-22,2019
0.1,NQZ9,prior_rth,17.87553648068669527896995708,828.763948497854077253218885,233,233,d6981058fbf93e730920,R02,2019-10-22,2019
0.05,NQM9,prior_rth,14.18509316770186335403726708,721.248447204968944099378881,805,805,d6a3f3686b5aaa501588,R01,2019-05-13,2019
0.05,NQM9,prior_rth,14.18509316770186335403726708,721.248447204968944099378881,805,805,d6a3f3686b5aaa501588,R02,2019-05-13,2019
0.2,NQZ9,full_overnight,26.58,887.7099999999999999999999998,100,100,d6abbe8b60a9532b6a2d,R03,2019-12-02,2019
0.2,NQU9,full_overnight,36.41803278688524590163934426,833.7131147540983606557377033,122,122,d6c799ab8586f83801ba,R03,2019-09-11,2019
0.2,NQU9,midnight,19.05945945945945945945945946,315.3675675675675675675675673,185,185,d6db4bc089a808034cbd,R04,2019-07-24,2019
0.2,NQM9,opening_hour_rth,7.989361702127659574468085106,933.4574468085106382978723401,94,94,d6f0a3d212b5e47a00d1,R05,2019-05-28,2019
0.05,NQH9,prior_rth,15.28977272727272727272727273,780.8712121212121212121212116,528,528,d705a707e5dfe5ed4201,R01,2019-01-24,2019
0.05,NQH9,prior_rth,15.28977272727272727272727273,780.8712121212121212121212116,528,528,d705a707e5dfe5ed4201,R02,2019-01-24,2019
0.05,NQH9,midnight,30.47887323943661971830985915,390.6619718309859154929577463,142,142,d7118bad0d342e9382d9,R04,2019-01-14,2019
0.1,NQM9,prior_rth,12.4084745762711864406779661,715.7881355932203389830508473,590,590,d718bd236d5de0ac9cdd,R01,2019-06-05,2019
0.1,NQM9,prior_rth,12.4084745762711864406779661,715.7881355932203389830508473,590,590,d718bd236d5de0ac9cdd,R02,2019-06-05,2019
0.2,NQZ9,full_overnight,37.56122448979591836734693878,769.8163265306122448979591834,98,98,d71b9e9e74acf377d19f,R03,2019-10-01,2019
0.1,NQZ9,midnight,13.58600583090379008746355685,224.8250728862973760932944602,343,343,d73bfc10e6e8a4a4bc24,R04,2019-09-19,2019
0.1,NQU9,prior_rth,18.71836734693877551020408163,1095.632653061224489795918369,245,245,d7a41806d2d4d9945d7e,R01,2019-07-23,2019
0.1,NQU9,prior_rth,18.71836734693877551020408163,1095.632653061224489795918369,245,245,d7a41806d2d4d9945d7e,R02,2019-07-23,2019
0.1,NQU9,prior_rth,10.52688172043010752688172043,690.0537634408602150537634409,372,372,d7a587639caddb62ad06,R01,2019-07-10,2019
0.1,NQU9,prior_rth,10.52688172043010752688172043,690.0537634408602150537634409,372,372,d7a587639caddb62ad06,R02,2019-07-10,2019
0.1,NQU9,full_overnight,27.35135135135135135135135135,418.4594594594594594594594592,185,185,d7b4bb048e3f61fe99ac,R03,2019-07-24,2019
0.2,NQZ9,midnight,13.53468208092485549132947977,326.6127167630057803468208113,346,346,d7b56ee1bdfee4db7d74,R04,2019-12-10,2019
0.1,NQM9,full_overnight,31.22897196261682242990654206,396.8317757009345794392523367,214,214,d7f3d1a579a8b798ee1a,R03,2019-06-10,2019
0.1,NQU9,prior_rth,22.01075268817204301075268817,1274.048387096774193548387096,186,186,d7fcb3be94c1a922e1de,R01,2019-07-29,2019
0.1,NQU9,prior_rth,22.01075268817204301075268817,1274.048387096774193548387096,186,186,d7fcb3be94c1a922e1de,R02,2019-07-29,2019
0.05,NQU9,prior_rth,21.07749077490774907749077491,1213.49077490774907749077491,271,271,d80b7c1dda1f7dbfffd8,R01,2019-07-11,2019
0.05,NQU9,prior_rth,21.07749077490774907749077491,1213.49077490774907749077491,271,271,d80b7c1dda1f7dbfffd8,R02,2019-07-11,2019
0.2,NQU9,opening_hour_rth,3.96485623003194888178913738,650.4696485623003194888178914,313,313,d8102a75911b92c6beec,R05,2019-08-13,2019
0.1,NQH9,prior_rth,20.1048951048951048951048951,1174.360139860139860139860142,286,286,d832536ccd8615c4ffde,R01,2019-01-28,2019
0.1,NQH9,prior_rth,20.1048951048951048951048951,1174.360139860139860139860142,286,286,d832536ccd8615c4ffde,R02,2019-01-28,2019
0.05,NQM9,midnight,20.46017699115044247787610619,396.4070796460176991150442477,113,113,d8417584b1f2aa248958,R04,2019-04-23,2019
0.1,NQZ9,prior_rth,20.92592592592592592592592593,1194.939814814814814814814816,216,216,d84971e09aebce9b5dc3,R01,2019-12-06,2019
0.1,NQZ9,prior_rth,20.92592592592592592592592593,1194.939814814814814814814816,216,216,d84971e09aebce9b5dc3,R02,2019-12-06,2019
0.05,NQZ9,full_overnight,29.6185958254269449715370019,358.982922201138519924098671,527,527,d862cc4f4e8304c09a28,R03,2019-10-10,2019
0.1,NQH9,full_overnight,19.61748633879781420765027322,265.6010928961748633879781422,366,366,d86ccdfbd8142089eee0,R03,2019-01-25,2019
0.2,NQZ9,prior_rth,20.015625,2522.992187499999999999999997,128,128,d8a8d137c449a14e7534,R01,2019-10-11,2019
0.2,NQZ9,prior_rth,20.015625,2522.992187499999999999999997,128,128,d8a8d137c449a14e7534,R02,2019-10-11,2019
0.1,NQZ9,opening_hour_rth,9.608974358974358974358974359,376.6602564102564102564102562,156,156,d8b321d6dfa623f0acbb,R05,2019-09-16,2019
0.2,NQU9,midnight,19.02972972972972972972972973,664.5405405405405405405405411,370,370,d8d3b61d0d03f21db022,R04,2019-08-15,2019
0.2,NQZ9,midnight,17.46078431372549019607843137,292.4771241830065359477124183,306,306,d8e73069c26f0461984b,R04,2019-10-11,2019
0.1,NQZ9,midnight,33.92817679558011049723756906,460.6187845303867403314917127,181,181,d8ec9397ba90a2029b39,R04,2019-10-03,2019
0.2,NQM9,midnight,20.46017699115044247787610619,396.4070796460176991150442477,113,113,d902bd897591deda9acb,R04,2019-04-23,2019
0.2,NQM9,full_overnight,36.07142857142857142857142857,555.0446428571428571428571433,112,112,d902f530289abc842b02,R03,2019-04-02,2019
0.1,NQU9,prior_rth,12.52706552706552706552706553,726.8404558404558404558404553,351,351,d94ff59f610ce819f841,R01,2019-07-25,2019
0.1,NQU9,prior_rth,12.52706552706552706552706553,726.8404558404558404558404553,351,351,d94ff59f610ce819f841,R02,2019-07-25,2019
0.05,NQM9,prior_rth,16.31532846715328467153284672,966.4788321167883211678832105,685,685,d963ffc5038ce70c25c5,R01,2019-05-08,2019
0.05,NQM9,prior_rth,16.31532846715328467153284672,966.4788321167883211678832105,685,685,d963ffc5038ce70c25c5,R02,2019-05-08,2019
0.2,NQZ9,midnight,13.05533596837944664031620553,303.2332015810276679841897234,253,253,d96e57d0e125570e5434,R04,2019-12-06,2019
0.2,NQU9,prior_rth,26.29464285714285714285714286,4480.883928571428571428571433,112,112,d97ecf16e151af5e0488,R01,2019-08-07,2019
0.2,NQU9,prior_rth,26.29464285714285714285714286,4480.883928571428571428571433,112,112,d97ecf16e151af5e0488,R02,2019-08-07,2019
0.1,NQZ9,prior_rth,21.89820359281437125748502994,1148.769461077844311377245505,334,334,d984d3162984e7a15b84,R01,2019-09-27,2019
0.1,NQZ9,prior_rth,21.89820359281437125748502994,1148.769461077844311377245505,334,334,d984d3162984e7a15b84,R02,2019-09-27,2019
0.1,NQU9,opening_hour_rth,6.772727272727272727272727273,986.3999999999999999999999973,110,110,d9e5855f1209f6f3cf7b,R05,2019-07-25,2019
0.05,NQH9,midnight,26.55555555555555555555555556,416.5454545454545454545454544,99,99,da05aafdcb26b8c19584,R04,2019-03-04,2019
0.2,NQH9,midnight,30.47887323943661971830985915,390.6619718309859154929577463,142,142,da076b0f0e16e5f41df1,R04,2019-01-14,2019
0.05,NQM9,midnight,29.25694444444444444444444444,474.6527777777777777777777783,144,144,da46d9295a58bc340131,R04,2019-06-12,2019
0.05,NQU9,prior_rth,30.14193548387096774193548387,1307.638709677419354838709677,155,155,da64447c8503a9341278,R01,2019-06-28,2019
0.05,NQU9,prior_rth,30.14193548387096774193548387,1307.638709677419354838709677,155,155,da64447c8503a9341278,R02,2019-06-28,2019
0.1,NQZ9,opening_hour_rth,7.221621621621621621621621622,481.3783783783783783783783782,185,185,da76f9b51d999c453cb0,R05,2019-09-24,2019
0.2,NQU9,full_overnight,48.86585365853658536585365854,2176.536585365853658536585366,82,82,daa089e4f06df041f016,R03,2019-08-02,2019
0.05,NQU9,prior_rth,20.96397941680960548885077187,1038.792452830188679245283017,583,583,dab30d49a171e950889f,R01,2019-08-15,2019
0.05,NQU9,prior_rth,20.96397941680960548885077187,1038.792452830188679245283017,583,583,dab30d49a171e950889f,R02,2019-08-15,2019
0.1,NQZ9,prior_rth,19.67894736842105263157894737,1060.610526315789473684210524,190,190,dac4d8a58831694e2dbf,R01,2019-12-12,2019
0.1,NQZ9,prior_rth,19.67894736842105263157894737,1060.610526315789473684210524,190,190,dac4d8a58831694e2dbf,R02,2019-12-12,2019
0.05,NQM9,midnight,38.47297297297297297297297297,783.864864864864864864864865,74,74,dac895eadaf05ad9332d,R04,2019-04-03,2019
0.2,NQU9,prior_rth,18.58378378378378378378378378,1213.297297297297297297297301,185,185,dadefb8a4ee2e69233f5,R01,2019-07-15,2019
0.2,NQU9,prior_rth,18.58378378378378378378378378,1213.297297297297297297297301,185,185,dadefb8a4ee2e69233f5,R02,2019-07-15,2019
0.1,NQM9,prior_rth,12.64426877470355731225296443,719.7430830039525691699604727,253,253,daebe254a30192a93157,R01,2019-04-23,2019
0.1,NQM9,prior_rth,12.64426877470355731225296443,719.7430830039525691699604727,253,253,daebe254a30192a93157,R02,2019-04-23,2019
0.2,NQH9,midnight,20.42105263157894736842105263,304.986842105263157894736842,152,152,daecba00dafa9b6d3d12,R04,2019-02-06,2019
0.2,NQU9,opening_hour_rth,3.970443349753694581280788177,619.0295566502463054187192133,203,203,daf2f09c5b82ce34c822,R05,2019-08-01,2019
0.2,NQH9,prior_rth,25.39393939393939393939393939,1179.597402597402597402597401,231,231,daf7ce9978c51528f414,R01,2019-01-15,2019
0.2,NQH9,prior_rth,25.39393939393939393939393939,1179.597402597402597402597401,231,231,daf7ce9978c51528f414,R02,2019-01-15,2019
0.05,NQM9,opening_hour_rth,6.526829268292682926829268293,510.3024390243902439024390229,205,205,db0e16e9ff11e16d488f,R05,2019-05-02,2019
0.1,NQM9,midnight,15.85,255.903846153846153846153846,260,260,db145aa97d73b20cdceb,R04,2019-03-21,2019
0.05,NQU9,full_overnight,23.66395663956639566395663957,404.2994579945799457994579935,738,738,db323832cb70f82bf669,R03,2019-08-15,2019
0.2,NQM9,prior_rth,15.5990099009900990099009901,2874.282178217821782178217822,202,202,db364928259c8ecc156f,R01,2019-05-13,2019
0.2,NQM9,prior_rth,15.5990099009900990099009901,2874.282178217821782178217822,202,202,db364928259c8ecc156f,R02,2019-05-13,2019
0.1,NQM9,prior_rth,22.06410256410256410256410256,1239.324786324786324786324785,234,234,db45442d668850d0f2ba,R01,2019-03-13,2019
0.1,NQM9,prior_rth,22.06410256410256410256410256,1239.324786324786324786324785,234,234,db45442d668850d0f2ba,R02,2019-03-13,2019
0.1,NQZ9,prior_rth,19.01047120418848167539267016,1690.801047120418848167539268,191,191,db569a93296edb837127,R01,2019-10-11,2019
0.1,NQZ9,prior_rth,19.01047120418848167539267016,1690.801047120418848167539268,191,191,db569a93296edb837127,R02,2019-10-11,2019
0.2,NQM9,opening_hour_rth,13.3,1966.799999999999999999999999,40,40,dbb4e749ce2ca1cb3a58,R05,2019-04-10,2019
0.2,NQU9,midnight,29.54088050314465408805031447,815.3144654088050314465408811,159,159,dbf6d0a8fc442f2c1473,R04,2019-08-02,2019
0.1,NQH9,prior_rth,22.12554112554112554112554113,1234.549783549783549783549785,231,231,dc02338ac5fb76626896,R01,2019-03-06,2019
0.1,NQH9,prior_rth,22.12554112554112554112554113,1234.549783549783549783549785,231,231,dc02338ac5fb76626896,R02,2019-03-06,2019
0.2,NQU9,midnight,12.00353982300884955752212389,210.0495575221238938053097343,565,565,dc09c4babdacc0ef3e5e,R04,2019-08-29,2019
0.05,NQH0,midnight,34.11594202898550724637681159,632.5362318840579710144927535,69,69,dc0f1a66d3e22d2e23d5,R04,2019-12-19,2019
0.2,NQM9,midnight,38.625,569.7692307692307692307692308,104,104,dc44421555eb9010fc13,R04,2019-05-30,2019
0.1,NQH9,midnight,20.42105263157894736842105263,304.986842105263157894736842,152,152,dc57ea434cabd23037e4,R04,2019-02-06,2019
0.1,NQH9,prior_rth,29.96929824561403508771929825,1434.557017543859649122807018,228,228,dc64a26b8dc574d0dbb1,R01,2019-01-25,2019
0.1,NQH9,prior_rth,29.96929824561403508771929825,1434.557017543859649122807018,228,228,dc64a26b8dc574d0dbb1,R02,2019-01-25,2019
0.1,NQZ9,prior_rth,22.31329113924050632911392405,1114.499999999999999999999998,316,316,dcb22b0be5abccdf2cb0,R01,2019-10-14,2019
0.1,NQZ9,prior_rth,22.31329113924050632911392405,1114.499999999999999999999998,316,316,dcb22b0be5abccdf2cb0,R02,2019-10-14,2019
0.05,NQH9,prior_rth,12.93871866295264623955431755,757.7103064066852367688022262,359,359,dcb8bfe5f13144cb7678,R01,2019-02-05,2019
0.05,NQH9,prior_rth,12.93871866295264623955431755,757.7103064066852367688022262,359,359,dcb8bfe5f13144cb7678,R02,2019-02-05,2019
0.2,NQM9,prior_rth,17.36681222707423580786026201,2890.995633187772925764192139,229,229,dcf562a4ffb0a8aac7ab,R01,2019-05-08,2019
0.2,NQM9,prior_rth,17.36681222707423580786026201,2890.995633187772925764192139,229,229,dcf562a4ffb0a8aac7ab,R02,2019-05-08,2019
0.1,NQM9,opening_hour_rth,4.652329749103942652329749104,395.709677419354838709677419,279,279,dd01bc15fc16810495ca,R05,2019-03-21,2019
0.2,NQM9,full_overnight,28.81927710843373493975903614,1185.69879518072289156626506,83,83,dd150596f930e2331a5b,R03,2019-04-26,2019
0.05,NQZ9,full_overnight,29.75609756097560975609756098,425.3414634146341463414634153,287,287,dd1ff1f82ddb11c4a299,R03,2019-10-04,2019
0.2,NQZ9,prior_rth,33.48235294117647058823529412,3172.399999999999999999999999,85,85,dd2c7a3d71b87e74da03,R01,2019-11-22,2019
0.2,NQZ9,prior_rth,33.48235294117647058823529412,3172.399999999999999999999999,85,85,dd2c7a3d71b87e74da03,R02,2019-11-22,2019
0.1,NQU9,prior_rth,25.35820895522388059701492537,2452.529850746268656716417908,134,134,dd37f813a90311c23df8,R01,2019-07-26,2019
0.1,NQU9,prior_rth,25.35820895522388059701492537,2452.529850746268656716417908,134,134,dd37f813a90311c23df8,R02,2019-07-26,2019
0.2,NQZ9,prior_rth,10.88429752066115702479338843,1093.206611570247933884297521,363,363,dd3b5921a341223b755c,R01,2019-09-26,2019
0.2,NQZ9,prior_rth,10.88429752066115702479338843,1093.206611570247933884297521,363,363,dd3b5921a341223b755c,R02,2019-09-26,2019
0.1,NQZ9,prior_rth,12.62307692307692307692307692,820.6384615384615384615384608,260,260,dd3b77bad37c09cd4840,R01,2019-12-10,2019
0.1,NQZ9,prior_rth,12.62307692307692307692307692,820.6384615384615384615384608,260,260,dd3b77bad37c09cd4840,R02,2019-12-10,2019
0.2,NQH9,prior_rth,26.46835443037974683544303797,3935.455696202531645569620248,79,79,dd42dd3b4dc417abbaaf,R01,2019-02-19,2019
0.2,NQH9,prior_rth,26.46835443037974683544303797,3935.455696202531645569620248,79,79,dd42dd3b4dc417abbaaf,R02,2019-02-19,2019
0.05,NQH0,prior_rth,23.32258064516129032258064516,1696.37903225806451612903226,124,124,dd5d55e41f8df1ea54f0,R01,2019-12-23,2019
0.05,NQH0,prior_rth,23.32258064516129032258064516,1696.37903225806451612903226,124,124,dd5d55e41f8df1ea54f0,R02,2019-12-23,2019
0.05,NQH9,midnight,24.51704545454545454545454545,309.8068181818181818181818176,352,352,dd5f5d1c73462690829e,R04,2019-01-04,2019
0.2,NQM9,opening_hour_rth,4.232283464566929133858267717,262.606299212598425196850394,254,254,dd76ac92e685434c9e4d,R05,2019-03-11,2019
0.1,NQZ9,midnight,18.44444444444444444444444444,309.5614035087719298245614036,171,171,dd843466fa2023fce4b8,R04,2019-11-13,2019
0.2,NQZ9,midnight,27.27972027972027972027972028,379.6363636363636363636363638,143,143,dd89718d219de273458c,R04,2019-11-14,2019
0.1,NQH9,opening_hour_rth,12.59124087591240875912408759,461.6131386861313868613138677,137,137,dd955f9144c9f9e24d92,R05,2019-03-08,2019
0.1,NQH9,full_overnight,22.23809523809523809523809524,334.7993197278911564625850337,294,294,dd99c83ddbc7280c26dd,R03,2019-02-14,2019
0.2,NQH9,opening_hour_rth,4.80952380952380952380952381,1095.023809523809523809523814,126,126,ddb1d1b9a48ca6dedd63,R05,2019-01-04,2019
0.2,NQM9,prior_rth,13.78423236514522821576763485,1081.431535269709543568464729,241,241,ddd80e3161df8f576764,R01,2019-04-16,2019
0.2,NQM9,prior_rth,13.78423236514522821576763485,1081.431535269709543568464729,241,241,ddd80e3161df8f576764,R02,2019-04-16,2019
0.05,NQM9,prior_rth,13.87679083094555873925501433,1010.487106017191977077363899,349,349,ddd9a5fbd1292ab41144,R01,2019-04-29,2019
0.05,NQM9,prior_rth,13.87679083094555873925501433,1010.487106017191977077363899,349,349,ddd9a5fbd1292ab41144,R02,2019-04-29,2019
0.2,NQH9,opening_hour_rth,10.14754098360655737704918033,1742.557377049180327868852459,61,61,dde2eeec46e7c7679f19,R05,2019-01-24,2019
0.1,NQU9,midnight,18.30894308943089430894308943,333.1707317073170731707317061,738,738,ddf3a1ef3f779a340b55,R04,2019-08-15,2019
0.2,NQH9,full_overnight,22.02717391304347826086956522,528.3152173913043478260869562,184,184,de3204aa45e67ef18ca0,R03,2019-01-25,2019
0.05,NQU9,prior_rth,10.64056939501779359430604982,534.7319098457888493475682074,843,843,de6ab99b64f8d0b545ee,R01,2019-08-01,2019
0.05,NQU9,prior_rth,10.64056939501779359430604982,534.7319098457888493475682074,843,843,de6ab99b64f8d0b545ee,R02,2019-08-01,2019
0.2,NQZ9,midnight,34.87096774193548387096774194,541.2795698924731182795698924,93,93,de8ace268a60f9660550,R04,2019-11-11,2019
0.05,NQZ9,prior_rth,16.81198910081743869209809264,771.1634877384196185286103542,367,367,dea22f775d825df0a8e9,R01,2019-10-07,2019
0.05,NQZ9,prior_rth,16.81198910081743869209809264,771.1634877384196185286103542,367,367,dea22f775d825df0a8e9,R02,2019-10-07,2019
0.05,NQU9,prior_rth,19.58083832335329341317365269,952.796407185628742514970059,334,334,deaba8de8c4bd786838c,R01,2019-06-20,2019
0.05,NQU9,prior_rth,19.58083832335329341317365269,952.796407185628742514970059,334,334,deaba8de8c4bd786838c,R02,2019-06-20,2019
0.1,NQZ9,opening_hour_rth,7.468253968253968253968253968,470.4761904761904761904761904,126,126,deb59cb5fd83bd1d454d,R05,2019-11-11,2019
0.1,NQZ9,midnight,17.87019230769230769230769231,310.5624999999999999999999998,208,208,decff2731f1b02b81d26,R04,2019-12-05,2019
0.05,NQM9,full_overnight,21.8268656716417910447761194,346.0328358208955223880597021,335,335,ded1bc9ee45cb8707db0,R03,2019-05-22,2019
0.1,NQM9,prior_rth,17.47697368421052631578947368,1139.934210526315789473684208,304,304,ded80ccfc98437162dc5,R01,2019-04-05,2019
0.1,NQM9,prior_rth,17.47697368421052631578947368,1139.934210526315789473684208,304,304,ded80ccfc98437162dc5,R02,2019-04-05,2019
0.1,NQZ9,full_overnight,29.6185958254269449715370019,358.982922201138519924098671,527,527,dedee3b45e0d75d5c691,R03,2019-10-10,2019
0.2,NQM9,midnight,14.41896024464831804281345566,274.397553516819571865443425,327,327,df0e9dca16b0c90d0432,R04,2019-06-04,2019
0.1,NQM9,prior_rth,11.72614840989399293286219081,736.492932862190812720848056,566,566,df24ec4841a377104886,R01,2019-05-07,2019
0.1,NQM9,prior_rth,11.72614840989399293286219081,736.492932862190812720848056,566,566,df24ec4841a377104886,R02,2019-05-07,2019
0.2,NQU9,prior_rth,31.5869565217391304347826087,1497.032608695652173913043482,92,92,df2842bfa284d332d5ca,R01,2019-09-16,2019
0.2,NQU9,prior_rth,31.5869565217391304347826087,1497.032608695652173913043482,92,92,df2842bfa284d332d5ca,R02,2019-09-16,2019
0.1,NQH9,midnight,17.4450867052023121387283237,249.1502890173410404624277456,173,173,df317ee14f1fb7f3287f,R04,2019-02-05,2019
0.2,NQM9,full_overnight,18.89763779527559055118110236,361.3700787401574803149606296,254,254,df538b6fe07e120e5aa3,R03,2019-04-03,2019
0.05,NQM9,opening_hour_rth,9.515723270440251572327044025,633.0000000000000000000000006,159,159,df5f9974b6a0548ede05,R05,2019-06-12,2019
0.2,NQZ9,midnight,14.90954773869346733668341709,333.2914572864321608040201011,199,199,dfa4bba4c38026f79e0a,R04,2019-12-02,2019
0.1,NQZ9,opening_hour_rth,6.924836601307189542483660131,404.274509803921568627450981,306,306,dfa8da645f0bdd7bd5f5,R05,2019-09-25,2019
0.1,NQZ9,opening_hour_rth,6.344262295081967213114754098,397.2677595628415300546448091,183,183,dfc6c802ddbc719c9824,R05,2019-09-19,2019
0.05,NQM9,full_overnight,26.31511254019292604501607717,416.4212218649517684887459768,311,311,dff0e6ef034cc8a8fa74,R03,2019-05-29,2019
0.05,NQZ9,midnight,27.27972027972027972027972028,379.6363636363636363636363638,143,143,dffe645e76d1c3baf46e,R04,2019-11-14,2019
0.1,NQH9,midnight,26.55555555555555555555555556,416.5454545454545454545454544,99,99,e0069e476d80c5ebd604,R04,2019-03-04,2019
0.1,NQZ9,prior_rth,25.28571428571428571428571429,1266.97252747252747252747253,182,182,e00b052e543dbf76d452,R01,2019-10-17,2019
0.1,NQZ9,prior_rth,25.28571428571428571428571429,1266.97252747252747252747253,182,182,e00b052e543dbf76d452,R02,2019-10-17,2019
0.1,NQH9,full_overnight,23.58048780487804878048780488,334.5756097560975609756097562,205,205,e016fb385ba063bcdfb3,R03,2019-02-19,2019
0.05,NQH9,full_overnight,28.13440860215053763440860215,299.6102150537634408602150524,372,372,e0173a1c621cc8ebd450,R03,2019-01-07,2019
0.2,NQM9,prior_rth,19.41785714285714285714285714,1277.492857142857142857142855,280,280,e01a2303eb2e21fd762d,R01,2019-03-20,2019
0.2,NQM9,prior_rth,19.41785714285714285714285714,1277.492857142857142857142855,280,280,e01a2303eb2e21fd762d,R02,2019-03-20,2019
0.05,NQM9,opening_hour_rth,11.22340425531914893617021277,879.9787234042553191489361701,94,94,e02dfaabaef477ac1fcd,R05,2019-03-19,2019
0.2,NQM9,prior_rth,17.64953271028037383177570093,2077.411214953271028037383176,214,214,e03c5607dac0663a2943,R01,2019-03-27,2019
0.2,NQM9,prior_rth,17.64953271028037383177570093,2077.411214953271028037383176,214,214,e03c5607dac0663a2943,R02,2019-03-27,2019
0.05,NQU9,opening_hour_rth,6.685840707964601769911504425,453.5973451327433628318584058,226,226,e0c6f97f0640809c596c,R05,2019-09-11,2019
0.1,NQH9,midnight,36.67295597484276729559748428,417.8490566037735849056603771,159,159,e0cdfd8eb777418d9c3b,R04,2019-01-09,2019
0.1,NQM9,full_overnight,23.05508474576271186440677966,428.7330508474576271186440674,236,236,e0cec5dce9740f5c40ea,R03,2019-04-01,2019
0.1,NQM9,midnight,23.69306930693069306930693069,398.0099009900990099009900984,202,202,e0d7a92f7a7a6461e551,R04,2019-03-28,2019
0.05,NQZ9,prior_rth,12.30988593155893536121673004,633.4866920152091254752851736,526,526,e1100cf79dc558606ccb,R01,2019-09-23,2019
0.05,NQZ9,prior_rth,12.30988593155893536121673004,633.4866920152091254752851736,526,526,e1100cf79dc558606ccb,R02,2019-09-23,2019
0.05,NQM9,full_overnight,22.32732732732732732732732733,304.8228228228228228228228228,333,333,e1191ebf632729c24f3f,R03,2019-06-06,2019
0.05,NQH9,opening_hour_rth,11.5,579.6102941176470588235294118,136,136,e15ef844e6bef0dd2e36,R05,2019-01-11,2019
0.2,NQM9,prior_rth,12.74210526315789473684210526,1883.857894736842105263157893,190,190,e181c5efd46406e08f69,R01,2019-06-10,2019
0.2,NQM9,prior_rth,12.74210526315789473684210526,1883.857894736842105263157893,190,190,e181c5efd46406e08f69,R02,2019-06-10,2019
0.1,NQH9,midnight,30.96363636363636363636363636,330.8636363636363636363636364,110,110,e1a81cdeed83b6cf86bd,R04,2019-02-04,2019
0.1,NQZ9,prior_rth,22.15920398009950248756218905,1235.233830845771144278606967,201,201,e1e48cc0f6a798eb02f8,R01,2019-11-07,2019
0.1,NQZ9,prior_rth,22.15920398009950248756218905,1235.233830845771144278606967,201,201,e1e48cc0f6a798eb02f8,R02,2019-11-07,2019
0.05,NQH9,prior_rth,25.06716417910447761194029851,1297.014925373134328358208954,268,268,e21726444d1a39c2c93c,R01,2019-02-04,2019
0.05,NQH9,prior_rth,25.06716417910447761194029851,1297.014925373134328358208954,268,268,e21726444d1a39c2c93c,R02,2019-02-04,2019
0.1,NQU9,prior_rth,18.88188976377952755905511811,2436.413385826771653543307086,254,254,e22414af2f5827e80f0b,R01,2019-08-08,2019
0.1,NQU9,prior_rth,18.88188976377952755905511811,2436.413385826771653543307086,254,254,e22414af2f5827e80f0b,R02,2019-08-08,2019
0.05,NQH9,prior_rth,14.91779141104294478527607362,588.3533742331288343558282201,815,815,e230745eaae3a070a990,R01,2019-01-03,2019
0.05,NQH9,prior_rth,14.91779141104294478527607362,588.3533742331288343558282201,815,815,e230745eaae3a070a990,R02,2019-01-03,2019
0.2,NQU9,prior_rth,17.17032967032967032967032967,1651.576923076923076923076923,182,182,e248b6ff9b7ac5b7487d,R01,2019-07-02,2019
0.2,NQU9,prior_rth,17.17032967032967032967032967,1651.576923076923076923076923,182,182,e248b6ff9b7ac5b7487d,R02,2019-07-02,2019
0.2,NQM9,prior_rth,26.67295597484276729559748428,2654.415094339622641509433965,159,159,e2767dac4c92c548c0c4,R01,2019-05-30,2019
0.2,NQM9,prior_rth,26.67295597484276729559748428,2654.415094339622641509433965,159,159,e2767dac4c92c548c0c4,R02,2019-05-30,2019
0.2,NQU9,prior_rth,16.04216867469879518072289157,1757.463855421686746987951807,166,166,e288b20ee96fba062620,R01,2019-09-06,2019
0.2,NQU9,prior_rth,16.04216867469879518072289157,1757.463855421686746987951807,166,166,e288b20ee96fba062620,R02,2019-09-06,2019
0.05,NQZ9,prior_rth,13.05131761442441054091539528,634.0665742024965325936199752,721,721,e2b007409010bb0eeade,R01,2019-10-04,2019
0.05,NQZ9,prior_rth,13.05131761442441054091539528,634.0665742024965325936199752,721,721,e2b007409010bb0eeade,R02,2019-10-04,2019
0.1,NQU9,prior_rth,13.65481171548117154811715481,699.5334728033472803347280343,478,478,e2d0ea146985280b839f,R01,2019-08-23,2019
0.1,NQU9,prior_rth,13.65481171548117154811715481,699.5334728033472803347280343,478,478,e2d0ea146985280b839f,R02,2019-08-23,2019
0.2,NQM9,full_overnight,42.11235955056179775280898876,1094.79775280898876404494382,89,89,e2de561b3d77f6b17edf,R03,2019-03-27,2019
0.05,NQH9,full_overnight,40.3609467455621301775147929,635.0532544378698224852071006,169,169,e2e88eee066d69531f34,R03,2019-01-31,2019
0.2,NQM9,midnight,31.51851851851851851851851852,595.2839506172839506172839506,81,81,e30188e7a2fb61968cea,R04,2019-04-10,2019
0.2,NQU9,prior_rth,23.71428571428571428571428571,3613.802197802197802197802199,91,91,e302a39f0ea4ccd2cfd9,R01,2019-07-11,2019
0.2,NQU9,prior_rth,23.71428571428571428571428571,3613.802197802197802197802199,91,91,e302a39f0ea4ccd2cfd9,R02,2019-07-11,2019
0.1,NQU9,midnight,20.48898678414096916299559471,356.0969162995594713656387664,227,227,e30576c3fc2608f1e6d4,R04,2019-08-01,2019
0.2,NQM9,full_overnight,32.824,902.1439999999999999999999968,125,125,e313b8bcf9badd9c992b,R03,2019-03-28,2019
0.05,NQH9,prior_rth,15.60752688172043010752688172,890.3548387096774193548387091,372,372,e36fd30b5c25f22273ce,R01,2019-01-30,2019
0.05,NQH9,prior_rth,15.60752688172043010752688172,890.3548387096774193548387091,372,372,e36fd30b5c25f22273ce,R02,2019-01-30,2019
0.2,NQH9,prior_rth,21.16216216216216216216216216,3401.189189189189189189189185,111,111,e3906c2b0535275cafc0,R01,2019-02-15,2019
0.2,NQH9,prior_rth,21.16216216216216216216216216,3401.189189189189189189189185,111,111,e3906c2b0535275cafc0,R02,2019-02-15,2019
0.2,NQH0,prior_rth,27.37068965517241379310344828,1505.094827586206896551724129,116,116,e39305ec35f426e9d96d,R01,2019-12-18,2019
0.2,NQH0,prior_rth,27.37068965517241379310344828,1505.094827586206896551724129,116,116,e39305ec35f426e9d96d,R02,2019-12-18,2019
0.05,NQU9,full_overnight,26.63753213367609254498714653,352.0257069408740359897172239,389,389,e3d2b0c1ca326310991c,R03,2019-08-27,2019
0.1,NQZ9,full_overnight,25.22697368421052631578947368,418.3157894736842105263157908,304,304,e3db9e72d72202fcfde8,R03,2019-09-25,2019
0.05,NQZ9,midnight,26.8627450980392156862745098,449.8954248366013071895424839,153,153,e3f508166412dd66465a,R04,2019-10-23,2019
0.05,NQH9,opening_hour_rth,7.137362637362637362637362637,503.4725274725274725274725271,182,182,e401ab3020d12001556c,R05,2019-01-25,2019
0.1,NQM9,midnight,20.05806451612903225806451613,313.1225806451612903225806452,310,310,e449e4dddf2ad8132d89,R04,2019-05-09,2019
0.2,NQU9,midnight,32.49586776859504132231404959,740.8677685950413223140495864,121,121,e4762d1683b0d1935e34,R04,2019-08-08,2019
0.1,NQH9,opening_hour_rth,7.804733727810650887573964497,599.4615384615384615384615373,169,169,e48a40b971d5b4a98679,R05,2019-01-30,2019
0.1,NQZ9,prior_rth,13.54703832752613240418118467,830.1602787456445993031358878,287,287,e49acfc9c84e3e77b412,R01,2019-11-11,2019
0.1,NQZ9,prior_rth,13.54703832752613240418118467,830.1602787456445993031358878,287,287,e49acfc9c84e3e77b412,R02,2019-11-11,2019
0.05,NQM9,prior_rth,26.57425742574257425742574257,1472.549504950495049504950496,202,202,e4b84ffb20c06060e6a9,R01,2019-04-01,2019
0.05,NQM9,prior_rth,26.57425742574257425742574257,1472.549504950495049504950496,202,202,e4b84ffb20c06060e6a9,R02,2019-04-01,2019
0.2,NQZ9,opening_hour_rth,6.586956521739130434782608696,790.2173913043478260869565218,92,92,e5343f31a256186dbe0c,R05,2019-09-19,2019
0.05,NQH9,midnight,25.71559633027522935779816514,339.9174311926605504587155967,109,109,e54f0eed75fd5295ff0b,R04,2019-03-06,2019
0.2,NQH9,midnight,19.31288343558282208588957055,375.4723926380368098159509206,163,163,e55eeb2173486a7f4a76,R04,2019-03-07,2019
0.1,NQU9,midnight,25.65734265734265734265734266,412.3356643356643356643356642,143,143,e56f66048e92f5449c5a,R04,2019-07-11,2019
0.2,NQM9,midnight,15.18502202643171806167400881,272.4449339207048458149779737,227,227,e56feeb8631894828c91,R04,2019-06-11,2019
0.1,NQZ9,prior_rth,22.09813084112149532710280374,949.0700934579439252336448638,428,428,e581682c21c729ec0387,R01,2019-10-09,2019
0.1,NQZ9,prior_rth,22.09813084112149532710280374,949.0700934579439252336448638,428,428,e581682c21c729ec0387,R02,2019-10-09,2019
0.1,NQU9,opening_hour_rth,5.633165829145728643216080402,434.8492462311557788944723623,199,199,e5858712aba633057129,R05,2019-07-09,2019
0.1,NQH0,full_overnight,13.74789915966386554621848739,329.823529411764705882352941,238,238,e590260f1d3b3f42f202,R03,2019-12-20,2019
0.05,NQM9,prior_rth,21.33510638297872340425531915,1387.675531914893617021276602,188,188,e596d25c73ee71872bfe,R01,2019-04-12,2019
0.05,NQM9,prior_rth,21.33510638297872340425531915,1387.675531914893617021276602,188,188,e596d25c73ee71872bfe,R02,2019-04-12,2019
0.05,NQU9,prior_rth,21.2968036529680365296803653,1177.894977168949771689497718,219,219,e5e99b6a4485ff1aed14,R01,2019-08-20,2019
0.05,NQU9,prior_rth,21.2968036529680365296803653,1177.894977168949771689497718,219,219,e5e99b6a4485ff1aed14,R02,2019-08-20,2019
0.1,NQM9,prior_rth,16.90769230769230769230769231,868.5846153846153846153846138,455,455,e5ef002ac87bafa37f13,R01,2019-05-15,2019
0.1,NQM9,prior_rth,16.90769230769230769230769231,868.5846153846153846153846138,455,455,e5ef002ac87bafa37f13,R02,2019-05-15,2019
0.05,NQZ9,midnight,14.25066666666666666666666667,320.6773333333333333333333349,375,375,e5f8357ec15ae021cdef,R04,2019-12-04,2019
0.05,NQU9,prior_rth,16.71243523316062176165803109,845.2953367875647668393782365,386,386,e60653b3a14186216672,R01,2019-06-19,2019
0.05,NQU9,prior_rth,16.71243523316062176165803109,845.2953367875647668393782365,386,386,e60653b3a14186216672,R02,2019-06-19,2019
0.2,NQM9,opening_hour_rth,6.167883211678832116788321168,1047.437956204379562043795619,137,137,e60f1e59e45437261d59,R05,2019-04-26,2019
0.2,NQU9,opening_hour_rth,8.571428571428571428571428571,1019.085714285714285714285715,70,70,e64b03e66a5c4513badd,R05,2019-08-21,2019
0.2,NQU9,opening_hour_rth,8.505747126436781609195402299,1133.655172413793103448275862,87,87,e6628849c1fdd6d7f11c,R05,2019-07-30,2019
0.05,NQM9,prior_rth,16.03106796116504854368932039,937.5572815533980582524271847,515,515,e68c1774460a779c26c1,R01,2019-03-28,2019
0.05,NQM9,prior_rth,16.03106796116504854368932039,937.5572815533980582524271847,515,515,e68c1774460a779c26c1,R02,2019-03-28,2019
0.1,NQU9,midnight,20.61627906976744186046511628,343.8662790697674418604651166,172,172,e6dba7ac5639079e7413,R04,2019-07-19,2019
0.1,NQU9,full_overnight,22.18048780487804878048780488,348.1089430894308943089430914,615,615,e6e69c7ee61e1042f2dd,R03,2019-08-07,2019
0.2,NQH9,midnight,34.14285714285714285714285714,542.8482142857142857142857143,112,112,e70d1e52b5f38de38ef9,R04,2019-01-22,2019
0.2,NQM9,prior_rth,20.96319018404907975460122699,1712.889570552147239263803683,163,163,e76c24b5de127b3f5529,R01,2019-04-17,2019
0.2,NQM9,prior_rth,20.96319018404907975460122699,1712.889570552147239263803683,163,163,e76c24b5de127b3f5529,R02,2019-04-17,2019
0.2,NQU9,prior_rth,17.44642857142857142857142857,2181.928571428571428571428577,112,112,e77841076fdf72ec42ee,R01,2019-07-08,2019
0.2,NQU9,prior_rth,17.44642857142857142857142857,2181.928571428571428571428577,112,112,e77841076fdf72ec42ee,R02,2019-07-08,2019
0.1,NQU9,opening_hour_rth,12.36458333333333333333333333,901.3541666666666666666666669,96,96,e79df6eb4ffdbc02548e,R05,2019-07-11,2019
0.2,NQZ9,midnight,19.68794326241134751773049645,473.2836879432624113475177309,141,141,e7d847b6935185b6e6c2,R04,2019-11-15,2019
0.1,NQU9,midnight,28.88165680473372781065088757,396.6568047337278106508875741,169,169,e81e299303d6e3a59ed5,R04,2019-06-21,2019
0.2,NQZ9,opening_hour_rth,5.183823529411764705882352941,709.5955882352941176470588224,136,136,e830b9b33972680b7388,R05,2019-09-27,2019
0.1,NQU9,prior_rth,14.80459770114942528735632184,876.37643678160919540229885,348,348,e8359390af9a48ce481a,R01,2019-07-19,2019
0.1,NQU9,prior_rth,14.80459770114942528735632184,876.37643678160919540229885,348,348,e8359390af9a48ce481a,R02,2019-07-19,2019
0.2,NQH9,full_overnight,30.12883435582822085889570552,471.558282208588957055214724,163,163,e846f1429c0c7eb576da,R03,2019-03-07,2019
0.2,NQZ9,midnight,36.41269841269841269841269841,570.9841269841269841269841267,63,63,e85f91b7082c54c9e7e9,R04,2019-12-09,2019
0.1,NQU9,prior_rth,23.78770949720670391061452514,1966.26256983240223463687151,179,179,e899eb08f6fe6cefa7f7,R01,2019-09-04,2019
0.1,NQU9,prior_rth,23.78770949720670391061452514,1966.26256983240223463687151,179,179,e899eb08f6fe6cefa7f7,R02,2019-09-04,2019
0.05,NQU9,full_overnight,22.18048780487804878048780488,348.1089430894308943089430914,615,615,e8d1c01bd3f75680cc05,R03,2019-08-07,2019
0.1,NQH0,midnight,15.51219512195121951219512195,314.0813008130081300813008128,123,123,e8d82c198808ef65c101,R04,2019-12-23,2019
0.2,NQH9,full_overnight,37.8359375,774.8593750000000000000000004,128,128,e8e6c43f4bc242fcc7e8,R03,2019-01-10,2019
0.1,NQU9,full_overnight,42.85714285714285714285714286,475.6875000000000000000000004,112,112,e8f8db67478c812cca18,R03,2019-06-19,2019
0.2,NQZ9,opening_hour_rth,13.61538461538461538461538462,2476.615384615384615384615385,26,26,e91f257293b6a344b8bf,R05,2019-09-20,2019
0.05,NQZ9,prior_rth,22.31329113924050632911392405,1114.499999999999999999999998,316,316,e91ff7eaaf604fccf50e,R01,2019-10-14,2019
0.05,NQZ9,prior_rth,22.31329113924050632911392405,1114.499999999999999999999998,316,316,e91ff7eaaf604fccf50e,R02,2019-10-14,2019
0.1,NQM9,midnight,24.64356435643564356435643564,450.2970297029702970297029704,101,101,e938d53a99f23ecba6a3,R04,2019-04-16,2019
0.2,NQH0,prior_rth,20.15555555555555555555555556,1467.014814814814814814814816,135,135,e941a5a18829033d6eee,R01,2019-12-19,2019
0.2,NQH0,prior_rth,20.15555555555555555555555556,1467.014814814814814814814816,135,135,e941a5a18829033d6eee,R02,2019-12-19,2019
0.05,NQM9,opening_hour_rth,7.611650485436893203883495146,783.2330097087378640776699027,103,103,e945339126277d4e3614,R05,2019-04-16,2019
0.1,NQM9,full_overnight,21.53413654618473895582329317,395.2329317269076305220883531,249,249,e97f8e25f659af88f920,R03,2019-04-26,2019
0.05,NQZ9,opening_hour_rth,5.931372549019607843137254902,445.8529411764705882352941178,204,204,e992ae2ce76537d6c3db,R05,2019-10-11,2019
0.2,NQZ9,opening_hour_rth,9.384057971014492753623188406,538.6231884057971014492753622,138,138,e9c43f1f66d8e0170f12,R05,2019-10-23,2019
0.1,NQH9,opening_hour_rth,8.897590361445783132530120482,722.7590361445783132530120452,166,166,e9eeed3c4fa53e4804ad,R05,2019-02-07,2019
0.05,NQM9,prior_rth,17.10794297352342158859470468,1003.454175152749490835030549,491,491,e9f4258a21f202385e22,R01,2019-05-03,2019
0.05,NQM9,prior_rth,17.10794297352342158859470468,1003.454175152749490835030549,491,491,e9f4258a21f202385e22,R02,2019-05-03,2019
0.1,NQZ9,full_overnight,18.81932773109243697478991597,268.7226890756302521008403366,476,476,ea08ade7258b5fe2cabf,R03,2019-10-08,2019
0.2,NQM9,prior_rth,16.86597938144329896907216495,1290.01718213058419243986254,291,291,ea301a21208b93d8c580,R01,2019-04-26,2019
0.2,NQM9,prior_rth,16.86597938144329896907216495,1290.01718213058419243986254,291,291,ea301a21208b93d8c580,R02,2019-04-26,2019
0.05,NQM9,full_overnight,20.73576309794988610478359909,312.0045558086560364464692485,439,439,ea3635192ac6423bc908,R03,2019-05-14,2019
0.05,NQZ9,opening_hour_rth,9.425742574257425742574257426,690.168316831683168316831683,101,101,ea4539ac4fd8300c6002,R05,2019-11-06,2019
0.2,NQM9,midnight,17.1935483870967741935483871,369.7741935483870967741935481,186,186,ea59b80f182701071981,R04,2019-04-26,2019
0.1,NQU9,full_overnight,54.73626373626373626373626374,844.9890109890109890109890109,91,91,ea70899fd7a6ee66481e,R03,2019-07-31,2019
0.05,NQU9,prior_rth,18.01265822784810126582278481,762.2278481012658227848101278,237,237,ea73ff1fc2ad78c31471,R01,2019-06-18,2019
0.05,NQU9,prior_rth,18.01265822784810126582278481,762.2278481012658227848101278,237,237,ea73ff1fc2ad78c31471,R02,2019-06-18,2019
0.05,NQH9,midnight,22.79310344827586206896551724,367.0057471264367816091954024,174,174,ea8b02531f165684a68b,R04,2019-02-07,2019
0.05,NQM9,midnight,12.77506112469437652811735941,248.6625916870415647921760381,409,409,eae290fe5352cc3082af,R04,2019-05-07,2019
0.2,NQZ9,prior_rth,12.62307692307692307692307692,820.6384615384615384615384608,260,260,eb0584efe9a1ad9cff8a,R01,2019-12-10,2019
0.2,NQZ9,prior_rth,12.62307692307692307692307692,820.6384615384615384615384608,260,260,eb0584efe9a1ad9cff8a,R02,2019-12-10,2019
0.05,NQZ9,opening_hour_rth,5.355029585798816568047337278,349.4556213017751479289940828,338,338,eb2c407b88615cc6d301,R05,2019-10-01,2019
0.05,NQU9,opening_hour_rth,7.06,496.9450000000000000000000002,200,200,eb359e5763446e56a0e3,R05,2019-06-26,2019
0.2,NQM9,full_overnight,25.91262135922330097087378641,1349.165048543689320388349517,103,103,eb45f697411c09edf305,R03,2019-05-07,2019
0.1,NQU9,opening_hour_rth,10.7247706422018348623853211,627.8440366972477064220183486,109,109,eb5ee5dfee20e40cc150,R05,2019-06-24,2019
0.2,NQU9,opening_hour_rth,7.38,993.8899999999999999999999997,100,100,eb74113b126492fd8043,R05,2019-06-26,2019
0.2,NQM9,midnight,23.48780487804878048780487805,476.6097560975609756097560975,123,123,eb859f340045a2db3ba2,R04,2019-03-15,2019
0.05,NQH9,full_overnight,24.95604395604395604395604396,303.9780219780219780219780219,182,182,eba11d31e5565b2538d3,R03,2019-02-05,2019
0.05,NQU9,midnight,25.98198198198198198198198198,367.7117117117117117117117118,222,222,ebad19d43f5700bb1a11,R04,2019-09-11,2019
0.1,NQM9,opening_hour_rth,11.48039215686274509803921569,742.921568627450980392156863,102,102,ebbc90e1ac746db81b3f,R05,2019-03-14,2019
0.2,NQZ9,prior_rth,23.65972222222222222222222222,2820.847222222222222222222225,144,144,ebc07e43c3c060d00798,R01,2019-10-09,2019
0.2,NQZ9,prior_rth,23.65972222222222222222222222,2820.847222222222222222222225,144,144,ebc07e43c3c060d00798,R02,2019-10-09,2019
0.1,NQU9,prior_rth,24.5625,2240.441964285714285714285717,224,224,ebc568385922f4196a41,R01,2019-08-07,2019
0.1,NQU9,prior_rth,24.5625,2240.441964285714285714285717,224,224,ebc568385922f4196a41,R02,2019-08-07,2019
0.05,NQU9,full_overnight,31.75806451612903225806451613,378.7849462365591397849462358,372,372,ebcbe7ab41b5a8ca7762,R03,2019-08-08,2019
0.05,NQZ9,full_overnight,26.44360902255639097744360902,433.4060150375939849624060148,133,133,ebf77c785c734c2bb593,R03,2019-11-27,2019
0.2,NQM9,prior_rth,27.84705882352941176470588235,3733.152941176470588235294115,85,85,ebf8e130047d10d1fcb8,R01,2019-04-10,2019
0.2,NQM9,prior_rth,27.84705882352941176470588235,3733.152941176470588235294115,85,85,ebf8e130047d10d1fcb8,R02,2019-04-10,2019
0.2,NQH9,opening_hour_rth,8.819277108433734939759036145,1116.759036144578313253012048,83,83,ebfed9fd1b0d2bab0f40,R05,2019-02-13,2019
0.2,NQZ9,prior_rth,14.23936170212765957446808511,909.5372340425531914893617021,188,188,ec1c0e14c2709a1a603f,R01,2019-12-02,2019
0.2,NQZ9,prior_rth,14.23936170212765957446808511,909.5372340425531914893617021,188,188,ec1c0e14c2709a1a603f,R02,2019-12-02,2019
0.1,NQM9,prior_rth,28.40064102564102564102564103,1428.509615384615384615384617,312,312,ec1eae6609ed59171646,R01,2019-03-26,2019
0.1,NQM9,prior_rth,28.40064102564102564102564103,1428.509615384615384615384617,312,312,ec1eae6609ed59171646,R02,2019-03-26,2019
0.05,NQM9,opening_hour_rth,14.79207920792079207920792079,451.0297029702970297029702973,101,101,ec20eafa73680a1404d7,R05,2019-06-14,2019
0.1,NQZ9,opening_hour_rth,5.517857142857142857142857143,365.3303571428571428571428567,224,224,ec308809d5abd411fc59,R05,2019-12-10,2019
0.05,NQU9,opening_hour_rth,8.904109589041095890410958904,497.447488584474885844748863,219,219,ec343e8be508399beb69,R05,2019-08-26,2019
0.1,NQM9,opening_hour_rth,8.24,751.4960000000000000000000001,125,125,ec38a8cb2c91ec4ea4b5,R05,2019-04-24,2019
0.05,NQM9,midnight,13.91428571428571428571428571,218.7952380952380952380952379,210,210,ec41e7f04ad7fddcc933,R04,2019-03-13,2019
0.1,NQH9,prior_rth,12.14965986394557823129251701,1168.979591836734693877551021,441,441,ec7007e4c860c0ad5854,R01,2019-01-07,2019
0.1,NQH9,prior_rth,12.14965986394557823129251701,1168.979591836734693877551021,441,441,ec7007e4c860c0ad5854,R02,2019-01-07,2019
0.05,NQH9,full_overnight,34.265625,387.4296875000000000000000001,256,256,ec7b6845a78f14878546,R03,2019-01-10,2019
0.05,NQZ9,prior_rth,31.39644970414201183431952663,1595.585798816568047337278109,169,169,ec7ddfc981a1a1cafbf8,R01,2019-11-22,2019
0.05,NQZ9,prior_rth,31.39644970414201183431952663,1595.585798816568047337278109,169,169,ec7ddfc981a1a1cafbf8,R02,2019-11-22,2019
0.05,NQM9,full_overnight,26.828125,424.0338541666666666666666688,384,384,ecaa41bf0106019a648b,R03,2019-05-08,2019
0.2,NQU9,prior_rth,13.3531746031746031746031746,1318.424603174603174603174602,252,252,ed19f66318632b3fa005,R01,2019-07-22,2019
0.2,NQU9,prior_rth,13.3531746031746031746031746,1318.424603174603174603174602,252,252,ed19f66318632b3fa005,R02,2019-07-22,2019
0.2,NQM9,opening_hour_rth,6.195402298850574712643678161,1307.310344827586206896551724,87,87,ed2289853f0969f1c91b,R05,2019-05-10,2019
0.2,NQM9,midnight,16.24285714285714285714285714,284.0071428571428571428571427,140,140,ed28a82dff9c87a28ad9,R04,2019-03-19,2019
0.2,NQZ9,full_overnight,27.32203389830508474576271186,384.6779661016949152542372882,236,236,ed325d1350d8ffd4445c,R03,2019-09-26,2019
0.05,NQM9,opening_hour_rth,5.986666666666666666666666667,428.2733333333333333333333337,150,150,ed911b5d578362b356a6,R05,2019-04-22,2019
0.1,NQH9,prior_rth,12.93871866295264623955431755,757.7103064066852367688022262,359,359,edb586bb7917cd1a02d4,R01,2019-02-05,2019
0.1,NQH9,prior_rth,12.93871866295264623955431755,757.7103064066852367688022262,359,359,edb586bb7917cd1a02d4,R02,2019-02-05,2019
0.05,NQU9,opening_hour_rth,7.199004975124378109452736318,389.7014925373134328358208951,201,201,edcbd051eaa4d5c6572e,R05,2019-08-30,2019
0.2,NQM9,midnight,20.92903225806451612903225806,686.9161290322580645161290329,155,155,edd99a9e531858f3370a,R04,2019-05-31,2019
0.05,NQH9,full_overnight,27.21827411167512690355329949,384.5076142131979695431472082,197,197,edf9311b5bb33fdb3955,R03,2019-02-26,2019
0.1,NQZ9,opening_hour_rth,7.072847682119205298013245033,459.9668874172185430463576162,151,151,ee1784ab1bec1ae6f6f6,R05,2019-11-22,2019
0.2,NQH9,prior_rth,21.43356643356643356643356643,2348.720279720279720279720278,143,143,ee17fd2a0bf03cbd99a4,R01,2019-01-28,2019
0.2,NQH9,prior_rth,21.43356643356643356643356643,2348.720279720279720279720278,143,143,ee17fd2a0bf03cbd99a4,R02,2019-01-28,2019
0.2,NQU9,prior_rth,23.80851063829787234042553191,2520.989361702127659574468085,94,94,ee1be0411330e9bbf979,R01,2019-07-29,2019
0.2,NQU9,prior_rth,23.80851063829787234042553191,2520.989361702127659574468085,94,94,ee1be0411330e9bbf979,R02,2019-07-29,2019
0.2,NQM9,midnight,35.52173913043478260869565217,588.7934782608695652173913046,92,92,ee2c3353816b2f0b432f,R04,2019-04-04,2019
0.2,NQU9,opening_hour_rth,11.36363636363636363636363636,1454.045454545454545454545455,66,66,ee2fb8044a49a91775cf,R05,2019-08-12,2019
0.2,NQZ9,full_overnight,23.2875,302.0375000000000000000000001,240,240,ee3e401bb399ee2b884a,R03,2019-10-21,2019
0.1,NQZ9,full_overnight,29.75609756097560975609756098,425.3414634146341463414634153,287,287,ee409a8fe54f03282f52,R03,2019-10-04,2019
0.1,NQZ9,midnight,23.27526132404181184668989547,377.0174216027874564459930317,287,287,ee47599602dbea47cc8e,R04,2019-10-04,2019
0.1,NQM9,midnight,29.34166666666666666666666667,1045.058333333333333333333332,120,120,ee5f11538c913a0e8d40,R04,2019-05-10,2019
0.05,NQH9,midnight,23.66206896551724137931034483,297.1793103448275862068965511,145,145,ee6221e1659966f3f435,R04,2019-02-27,2019
0.2,NQZ9,opening_hour_rth,9.37037037037037037037037037,873.4320987654320987654320986,81,81,ee6b379556e635500890,R05,2019-10-07,2019
0.2,NQU9,prior_rth,28.13821138211382113821138211,1480.382113821138211382113819,123,123,ee7c11ee41e5f29d8b73,R01,2019-07-16,2019
0.2,NQU9,prior_rth,28.13821138211382113821138211,1480.382113821138211382113819,123,123,ee7c11ee41e5f29d8b73,R02,2019-07-16,2019
0.1,NQH9,prior_rth,26.16814159292035398230088496,1131.926253687315634218289086,339,339,eea01511b151dca375f8,R01,2019-01-10,2019
0.1,NQH9,prior_rth,26.16814159292035398230088496,1131.926253687315634218289086,339,339,eea01511b151dca375f8,R02,2019-01-10,2019
0.05,NQU9,opening_hour_rth,10.85123966942148760330578512,625.3719008264462809917355372,121,121,eea08a29f7e55c5fd996,R05,2019-06-21,2019
0.05,NQZ9,opening_hour_rth,5.738461538461538461538461538,413.6230769230769230769230766,130,130,eea0af44f2921d92de4a,R05,2019-12-11,2019
0.2,NQU9,opening_hour_rth,10.96,1181.24,75,75,eea17fc14601876f7a91,R05,2019-08-27,2019
0.1,NQZ9,prior_rth,14.76691729323308270676691729,948.7706766917293233082706793,266,266,eea5e2c3f0631f3d51dd,R01,2019-11-19,2019
0.1,NQZ9,prior_rth,14.76691729323308270676691729,948.7706766917293233082706793,266,266,eea5e2c3f0631f3d51dd,R02,2019-11-19,2019
0.2,NQM9,midnight,21.94193548387096774193548387,626.2451612903225806451612906,155,155,eeab707d171de2241e8e,R04,2019-05-09,2019
0.1,NQH9,full_overnight,30.78289473684210526315789474,405.9407894736842105263157893,152,152,eecbef2c09e3d522e795,R03,2019-02-06,2019
0.05,NQH9,midnight,26.38674033149171270718232044,384.5138121546961325966850829,181,181,eecd00ea3e06155c6d0b,R04,2019-01-15,2019
0.1,NQZ9,opening_hour_rth,7.587301587301587301587301587,564.8809523809523809523809524,126,126,eedd0629600a3309c8a5,R05,2019-11-13,2019
0.2,NQH9,opening_hour_rth,6.230769230769230769230769231,814.6794871794871794871794872,156,156,eee5b6c47bd652349a3e,R05,2019-01-08,2019
0.1,NQM9,prior_rth,30.75348837209302325581395349,1523.404651162790697674418604,215,215,ef04d4201e2ee00a6ccf,R01,2019-05-23,2019
0.1,NQM9,prior_rth,30.75348837209302325581395349,1523.404651162790697674418604,215,215,ef04d4201e2ee00a6ccf,R02,2019-05-23,2019
0.2,NQH9,opening_hour_rth,6.739837398373983739837398374,892.1219512195121951219512211,123,123,ef18a7c05d54b71c5920,R05,2019-02-21,2019
0.1,NQU9,midnight,25.98198198198198198198198198,367.7117117117117117117117118,222,222,ef4ad86313bbbd182309,R04,2019-09-11,2019
0.2,NQM9,prior_rth,12.94210526315789473684210526,2193.973684210526315789473686,190,190,efb66ae87e597b56405a,R01,2019-05-07,2019
0.2,NQM9,prior_rth,12.94210526315789473684210526,2193.973684210526315789473686,190,190,efb66ae87e597b56405a,R02,2019-05-07,2019
0.05,NQZ9,opening_hour_rth,5.283687943262411347517730496,458.6099290780141843971631208,141,141,efd52686c3cfb56d4cb2,R05,2019-11-12,2019
0.1,NQM9,opening_hour_rth,9.280991735537190082644628099,727.5537190082644628099173554,121,121,efdfeb837f9f72304bdd,R05,2019-05-01,2019
0.1,NQU9,midnight,22.97391304347826086956521739,336.5652173913043478260869565,115,115,eff86952cae87e97d4cb,R04,2019-07-15,2019
0.1,NQH0,opening_hour_rth,9.150943396226415094339622642,742.9245283018867924528301883,106,106,f005e35aacec043701dc,R05,2019-12-20,2019
0.2,NQH9,prior_rth,22.35074626865671641791044776,2263.932835820895522388059704,134,134,f02dc829469c70a91156,R01,2019-02-07,2019
0.2,NQH9,prior_rth,22.35074626865671641791044776,2263.932835820895522388059704,134,134,f02dc829469c70a91156,R02,2019-02-07,2019
0.1,NQZ9,prior_rth,13.30897009966777408637873754,644.4169435215946843853820591,602,602,f04c728cc7bb076568c2,R01,2019-10-02,2019
0.1,NQZ9,prior_rth,13.30897009966777408637873754,644.4169435215946843853820591,602,602,f04c728cc7bb076568c2,R02,2019-10-02,2019
0.2,NQM9,midnight,23.01960784313725490196078431,363.3823529411764705882352939,102,102,f067192a9af11ab204ff,R04,2019-03-18,2019
0.2,NQZ9,prior_rth,19.67894736842105263157894737,1060.610526315789473684210524,190,190,f07a108446408d044426,R01,2019-12-12,2019
0.2,NQZ9,prior_rth,19.67894736842105263157894737,1060.610526315789473684210524,190,190,f07a108446408d044426,R02,2019-12-12,2019
0.05,NQZ9,opening_hour_rth,6.945783132530120481927710843,497.1024096385542168674698792,166,166,f07a28391a0e54ce3df8,R05,2019-11-05,2019
0.05,NQZ9,full_overnight,20.36151603498542274052478134,304.1953352769679300291545181,343,343,f07ed6678d3b6affe23f,R03,2019-09-19,2019
0.05,NQH9,prior_rth,13.30839416058394160583941606,878.7956204379562043795620467,548,548,f08a1d1f65978015cb8e,R01,2019-03-05,2019
0.05,NQH9,prior_rth,13.30839416058394160583941606,878.7956204379562043795620467,548,548,f08a1d1f65978015cb8e,R02,2019-03-05,2019
0.2,NQU9,opening_hour_rth,9.4,2964.044444444444444444444447,45,45,f0c9646a88e08720e173,R05,2019-08-02,2019
0.2,NQZ9,opening_hour_rth,9.807228915662650602409638554,843.6626506024096385542168669,83,83,f0d5ff2e48d9a0bf90f7,R05,2019-09-30,2019
0.2,NQZ9,full_overnight,15.41886792452830188679245283,249.6792452830188679245283018,265,265,f0e4c3fb8a850722ca0f,R03,2019-11-04,2019
0.1,NQH9,full_overnight,28.13440860215053763440860215,299.6102150537634408602150524,372,372,f0e9f17dce65430ab477,R03,2019-01-07,2019
0.05,NQZ9,midnight,22.90196078431372549019607843,387.0588235294117647058823526,204,204,f12680b2638af2e40fd1,R04,2019-11-21,2019
0.2,NQU9,prior_rth,14.46025104602510460251046025,1399.066945606694560669456071,239,239,f196b5246ded9e74cacd,R01,2019-08-23,2019
0.2,NQU9,prior_rth,14.46025104602510460251046025,1399.066945606694560669456071,239,239,f196b5246ded9e74cacd,R02,2019-08-23,2019
0.1,NQZ9,midnight,28.92436974789915966386554622,461.899159663865546218487395,119,119,f1f02e55c57b5c363874,R04,2019-09-20,2019
0.05,NQU9,prior_rth,28.92682926829268292682926829,1428.506097560975609756097565,164,164,f204b0ff9aa20c8b3247,R01,2019-09-09,2019
0.05,NQU9,prior_rth,28.92682926829268292682926829,1428.506097560975609756097565,164,164,f204b0ff9aa20c8b3247,R02,2019-09-09,2019
0.1,NQM9,full_overnight,23.50641025641025641025641026,352.6410256410256410256410255,156,156,f20d64ec02e03166154b,R03,2019-03-19,2019
0.2,NQH9,opening_hour_rth,6.681318681318681318681318681,935.5714285714285714285714288,91,91,f21c92fa887d65ff4dea,R05,2019-02-26,2019
0.05,NQZ9,midnight,14.59915611814345991561181435,325.0886075949367088607594933,237,237,f26190267f3dd5b3da44,R04,2019-11-18,2019
0.2,NQM9,full_overnight,40.37362637362637362637362637,930.2967032967032967032967033,91,91,f277b58721341bbe452e,R03,2019-05-30,2019
0.05,NQU9,midnight,18.785,261.8,200,200,f2a5482003e4331aa746,R04,2019-07-22,2019
0.05,NQZ9,opening_hour_rth,8.708074534161490683229813665,539.3913043478260869565217394,161,161,f2c0b43e82d4e69f96da,R05,2019-09-23,2019
0.2,NQZ9,full_overnight,34,422.1204188481675392670157069,191,191,f2c2cc3761c5aeac8b0a,R03,2019-09-17,2019
0.05,NQH9,opening_hour_rth,6.516129032258064516129032258,518.7741935483870967741935485,186,186,f2d5a1ca2ac14ab7013b,R05,2019-02-05,2019
0.05,NQZ9,opening_hour_rth,9.183856502242152466367713004,734.1031390134529147982062812,223,223,f2d81194a7dc2d3d14d7,R05,2019-12-03,2019
0.2,NQU9,prior_rth,35.22413793103448275862068966,6843.448275862068965517241376,58,58,f2ffc0b86e08082f5998,R01,2019-08-16,2019
0.2,NQU9,prior_rth,35.22413793103448275862068966,6843.448275862068965517241376,58,58,f2ffc0b86e08082f5998,R02,2019-08-16,2019
0.05,NQH9,prior_rth,30.01321585903083700440528634,1679.361233480176211453744492,227,227,f30d903980efec0da4a4,R01,2019-01-29,2019
0.05,NQH9,prior_rth,30.01321585903083700440528634,1679.361233480176211453744492,227,227,f30d903980efec0da4a4,R02,2019-01-29,2019
0.1,NQM9,opening_hour_rth,5.75,513.2560975609756097560975607,164,164,f348960ed4fa43ea6196,R05,2019-03-18,2019
0.2,NQU9,full_overnight,39.08737864077669902912621359,1115.116504854368932038834951,103,103,f36b652dcbfd958da03d,R03,2019-08-20,2019
0.1,NQU9,full_overnight,23.66395663956639566395663957,404.2994579945799457994579935,738,738,f375de4aabbd9fa6a04d,R03,2019-08-15,2019
0.05,NQU9,full_overnight,20.13996316758747697974217311,297.6620626151012891344383051,1086,1086,f38b7b1489dc61bb331a,R03,2019-08-06,2019
0.1,NQH9,prior_rth,13.68456375838926174496644295,905.0436241610738255033557091,298,298,f3a671b28f83e29702aa,R01,2019-02-13,2019
0.1,NQH9,prior_rth,13.68456375838926174496644295,905.0436241610738255033557091,298,298,f3a671b28f83e29702aa,R02,2019-02-13,2019
0.2,NQZ9,opening_hour_rth,7.455357142857142857142857143,819.5803571428571428571428576,112,112,f41951f247b0df205639,R05,2019-09-26,2019
0.2,NQZ9,prior_rth,13.559556786703601108033241,1266.376731301939058171745153,361,361,f4197d294de173567ccd,R01,2019-10-04,2019
0.2,NQZ9,prior_rth,13.559556786703601108033241,1266.376731301939058171745153,361,361,f4197d294de173567ccd,R02,2019-10-04,2019
0.05,NQH9,opening_hour_rth,9.718954248366013071895424837,658.3725490196078431372549013,153,153,f44eed16950e0f49b0aa,R05,2019-03-05,2019
0.2,NQH0,full_overnight,18.98265895953757225433526012,375.0520231213872832369942198,173,173,f47a30a88a2a0ab2b358,R03,2019-12-27,2019
0.05,NQH9,midnight,27.3525641025641025641025641,457.0576923076923076923076922,156,156,f489d762e4049b7b6046,R04,2019-01-31,2019
0.05,NQM9,opening_hour_rth,11.48039215686274509803921569,742.921568627450980392156863,102,102,f48af74325690fb428e1,R05,2019-03-14,2019
0.05,NQH9,prior_rth,26.16814159292035398230088496,1131.926253687315634218289086,339,339,f493ccf6d2a73a8ad716,R01,2019-01-10,2019
0.05,NQH9,prior_rth,26.16814159292035398230088496,1131.926253687315634218289086,339,339,f493ccf6d2a73a8ad716,R02,2019-01-10,2019
0.1,NQH9,midnight,25.27272727272727272727272727,294.5113636363636363636363638,176,176,f49d76e02c79298a9518,R04,2019-01-11,2019
0.2,NQH9,opening_hour_rth,7.322033898305084745762711864,857.1271186440677966101694898,118,118,f4aacc6c5c99e08526c0,R05,2019-01-10,2019
0.05,NQM9,midnight,18.89090909090909090909090909,393.3393939393939393939393937,165,165,f4b370a3915bdbdde2b4,R04,2019-05-03,2019
0.1,NQZ9,full_overnight,26.66836734693877551020408163,427.3418367346938775510204085,196,196,f4b77c33cf670d7464fb,R03,2019-12-11,2019
0.2,NQZ9,full_overnight,29.45171339563862928348909657,249.3520249221183800623052957,321,321,f4c4d08a0cdd85c47781,R03,2019-09-16,2019
0.05,NQZ9,opening_hour_rth,8.896226415094339622641509434,630.1226415094339622641509433,106,106,f4e0df613b99c97d696a,R05,2019-11-14,2019
0.2,NQZ9,midnight,21.5045045045045045045045045,325.2432432432432432432432432,111,111,f50705cf082b270f3fc1,R04,2019-10-30,2019
0.2,NQZ9,opening_hour_rth,7.407894736842105263157894737,913.8815789473684210526315792,76,76,f508af41bbf12579a763,R05,2019-11-22,2019
0.1,NQZ9,opening_hour_rth,10.75373134328358208955223881,696.6194029850746268656716426,134,134,f5398421e6f638770bac,R05,2019-11-21,2019
0.05,NQM9,midnight,20.49832775919732441471571906,370.5050167224080267558528435,299,299,f550d383178cd6b6a8a2,R04,2019-05-23,2019
0.2,NQZ9,prior_rth,16.89393939393939393939393939,1798.212121212121212121212126,132,132,f55479e1bfcc61cbdca2,R01,2019-11-25,2019
0.2,NQZ9,prior_rth,16.89393939393939393939393939,1798.212121212121212121212126,132,132,f55479e1bfcc61cbdca2,R02,2019-11-25,2019
0.1,NQM9,midnight,22.06194690265486725663716814,400.601769911504424778761062,113,113,f58af649823cc4e27156,R04,2019-04-30,2019
0.2,NQM9,opening_hour_rth,6.386206896551724137931034483,930.4965517241379310344827579,145,145,f591189ae8d4f8e52939,R05,2019-03-22,2019
0.05,NQM9,opening_hour_rth,6.656804733727810650887573964,437.9319526627218934911242577,338,338,f59cae450bd94cc7f815,R05,2019-05-09,2019
0.1,NQU9,full_overnight,43.8041958041958041958041958,1044.74125874125874125874126,143,143,f5c08be792865338f6dc,R03,2019-09-03,2019
0.1,NQU9,opening_hour_rth,9.627450980392156862745098039,691.5490196078431372549019615,102,102,f5c536bbdad60a4377c7,R05,2019-07-12,2019
0.1,NQU9,prior_rth,21.45,1103.273333333333333333333329,300,300,f5c6372c26f2d6219fcd,R01,2019-09-11,2019
0.1,NQU9,prior_rth,21.45,1103.273333333333333333333329,300,300,f5c6372c26f2d6219fcd,R02,2019-09-11,2019
0.2,NQU9,full_overnight,42.85714285714285714285714286,475.6875000000000000000000004,112,112,f5f58de21596151aa946,R03,2019-06-19,2019
0.1,NQH9,prior_rth,19.40498442367601246105919003,1142.411214953271028037383183,321,321,f5fe75998e455c9c02d0,R01,2019-02-11,2019
0.1,NQH9,prior_rth,19.40498442367601246105919003,1142.411214953271028037383183,321,321,f5fe75998e455c9c02d0,R02,2019-02-11,2019
0.2,NQH9,prior_rth,16.5133689839572192513368984,1771.187165775401069518716582,187,187,f6155256ba2966dd6952,R01,2019-01-30,2019
0.2,NQH9,prior_rth,16.5133689839572192513368984,1771.187165775401069518716582,187,187,f6155256ba2966dd6952,R02,2019-01-30,2019
0.1,NQU9,prior_rth,19.84581497797356828193832599,993.4889867841409691629955969,227,227,f61ab4ff81b303cd8f89,R01,2019-07-05,2019
0.1,NQU9,prior_rth,19.84581497797356828193832599,993.4889867841409691629955969,227,227,f61ab4ff81b303cd8f89,R02,2019-07-05,2019
0.2,NQZ9,midnight,22.90196078431372549019607843,387.0588235294117647058823526,204,204,f61e2239d11e5ebeb129,R04,2019-11-21,2019
0.05,NQU9,prior_rth,11.21095008051529790660225443,626.6247987117552334943639293,621,621,f62a633a49abffb0e652,R01,2019-08-09,2019
0.05,NQU9,prior_rth,11.21095008051529790660225443,626.6247987117552334943639293,621,621,f62a633a49abffb0e652,R02,2019-08-09,2019
0.2,NQH0,opening_hour_rth,9.592592592592592592592592593,1458.333333333333333333333333,54,54,f68212e3b495e51fe316,R05,2019-12-20,2019
0.1,NQU9,prior_rth,24.31654676258992805755395683,2036.050359712230215827338129,139,139,f694f441b0acd59812ae,R01,2019-08-21,2019
0.1,NQU9,prior_rth,24.31654676258992805755395683,2036.050359712230215827338129,139,139,f694f441b0acd59812ae,R02,2019-08-21,2019
0.2,NQH9,prior_rth,33.22368421052631578947368421,5015.986842105263157894736842,76,76,f6b7df5e8620158057a4,R01,2019-01-29,2019
0.2,NQH9,prior_rth,33.22368421052631578947368421,5015.986842105263157894736842,76,76,f6b7df5e8620158057a4,R02,2019-01-29,2019
0.05,NQM9,prior_rth,20.36330275229357798165137615,1080.445871559633027522935781,545,545,f6e6eb7e167570411a92,R01,2019-05-10,2019
0.05,NQM9,prior_rth,20.36330275229357798165137615,1080.445871559633027522935781,545,545,f6e6eb7e167570411a92,R02,2019-05-10,2019
0.1,NQZ9,opening_hour_rth,9.909090909090909090909090909,641.900826446280991735537191,121,121,f70a60d28bae24217b3e,R05,2019-10-16,2019
0.2,NQM9,opening_hour_rth,8.682539682539682539682539683,2009.746031746031746031746029,63,63,f719acb758f520d4ee83,R05,2019-05-17,2019
0.2,NQM9,midnight,29.25694444444444444444444444,474.6527777777777777777777783,144,144,f756e86732edd8605024,R04,2019-06-12,2019
0.2,NQZ9,opening_hour_rth,7.468253968253968253968253968,470.4761904761904761904761904,126,126,f75a5c9b196a6a24079d,R05,2019-11-11,2019
0.05,NQZ9,full_overnight,18.23121387283236994219653179,397.5317919075144508670520254,346,346,f768079d0c8e87f923af,R03,2019-12-10,2019
0.2,NQM9,midnight,20.36567164179104477611940299,351.3022388059701492537313432,268,268,f76a9083783a0ac29a17,R04,2019-05-21,2019
0.05,NQZ9,prior_rth,14.44728434504792332268370607,854.932907348242811501597439,313,313,f77cb1f6f2f0b73b9f79,R01,2019-11-08,2019
0.05,NQZ9,prior_rth,14.44728434504792332268370607,854.932907348242811501597439,313,313,f77cb1f6f2f0b73b9f79,R02,2019-11-08,2019
0.2,NQH0,prior_rth,26.92592592592592592592592593,1612.802469135802469135802468,81,81,f788e74fe9b6ae3e81f6,R01,2019-12-26,2019
0.2,NQH0,prior_rth,26.92592592592592592592592593,1612.802469135802469135802468,81,81,f788e74fe9b6ae3e81f6,R02,2019-12-26,2019
0.1,NQH9,midnight,15.72240802675585284280936455,162.7725752508361204013377927,299,299,f7dffd34793b38182f35,R04,2019-03-08,2019
0.1,NQM9,opening_hour_rth,7.931034482758620689655172414,537.9386973180076628352490379,261,261,f7f1b3e18c63ff626cc6,R05,2019-06-04,2019
0.1,NQH0,midnight,9.609243697478991596638655462,271.4243697478991596638655459,238,238,f811d0d281cd76feac6d,R04,2019-12-20,2019
0.2,NQZ9,midnight,26.90816326530612244897959184,437.7346938775510204081632655,98,98,f830dd0bc423ab73973a,R04,2019-11-26,2019
0.1,NQU9,opening_hour_rth,12.24545454545454545454545455,1096.154545454545454545454544,110,110,f84ac0350245ca8561da,R05,2019-08-14,2019
0.2,NQU9,full_overnight,34.23417721518987341772151899,1048.430379746835443037974685,158,158,f8579014fec95eac6012,R03,2019-08-28,2019
0.05,NQM9,full_overnight,37.21468926553672316384180791,550.4915254237288135593220341,177,177,f8618574ddf49e9b0040,R03,2019-03-27,2019
0.05,NQU9,midnight,10.92537313432835820895522388,207.8034825870646766169154226,402,402,f86f74043f6fdfe190d3,R04,2019-07-10,2019
0.1,NQZ9,midnight,17.46078431372549019607843137,292.4771241830065359477124183,306,306,f8896ed4fa8d87d7001b,R04,2019-10-11,2019
0.05,NQZ9,prior_rth,22.12068965517241379310344828,1017.594827586206896551724137,232,232,f8bee255b4a289f333d4,R01,2019-09-24,2019
0.05,NQZ9,prior_rth,22.12068965517241379310344828,1017.594827586206896551724137,232,232,f8bee255b4a289f333d4,R02,2019-09-24,2019
0.2,NQH9,opening_hour_rth,5.626865671641791044776119403,832.8059701492537313432835813,134,134,f8f3dc02ebac69d74872,R05,2019-02-06,2019
0.2,NQU9,full_overnight,18.4691358024691358024691358,577.3827160493827160493827165,243,243,f8fe9b535eefcba67125,R03,2019-09-04,2019
0.1,NQH9,midnight,27.61739130434782608695652174,465.9391304347826086956521739,115,115,f90c58787441988d889f,R04,2019-02-12,2019
0.05,NQU9,prior_rth,39.01818181818181818181818182,1754.60909090909090909090909,110,110,f91e09b61a9f10ba792b,R01,2019-06-25,2019
0.05,NQU9,prior_rth,39.01818181818181818181818182,1754.60909090909090909090909,110,110,f91e09b61a9f10ba792b,R02,2019-06-25,2019
0.1,NQZ9,midnight,26.07,417.3500000000000000000000003,100,100,f92df53e21b4c60525e7,R04,2019-11-06,2019
0.05,NQM9,prior_rth,15.33789954337899543378995434,823.4155251141552511415525126,438,438,f9bcb34a82e331487c57,R01,2019-06-11,2019
0.05,NQM9,prior_rth,15.33789954337899543378995434,823.4155251141552511415525126,438,438,f9bcb34a82e331487c57,R02,2019-06-11,2019
0.1,NQZ9,opening_hour_rth,4,306.0488888888888888888888882,225,225,f9bfe1ff2bcf5082fe68,R05,2019-10-15,2019
0.1,NQU9,opening_hour_rth,10.00684931506849315068493151,520.9657534246575342465753423,146,146,f9e18fb6705970186013,R05,2019-09-06,2019
0.1,NQZ9,full_overnight,13.91760299625468164794007491,324.6273408239700374531835202,534,534,f9f5c520621a461d1872,R03,2019-12-03,2019
0.05,NQU9,opening_hour_rth,5.633165829145728643216080402,434.8492462311557788944723623,199,199,f9f7449e828e4c212096,R05,2019-07-09,2019
0.2,NQZ9,midnight,16.20505617977528089887640449,240.483146067415730337078652,356,356,f9fde052b3e6935fd270,R04,2019-10-02,2019
0.05,NQM9,opening_hour_rth,7.86,474.715,200,200,fa13a7fe817cbef95a06,R05,2019-03-28,2019
0.1,NQU9,midnight,18.55789473684210526315789474,335.4105263157894736842105261,190,190,fa2e53f5b4000410a862,R04,2019-07-25,2019
0.2,NQU9,prior_rth,23.28648648648648648648648649,1285.437837837837837837837838,185,185,fa6e2a8221c5fc7f41a3,R01,2019-07-01,2019
0.2,NQU9,prior_rth,23.28648648648648648648648649,1285.437837837837837837837838,185,185,fa6e2a8221c5fc7f41a3,R02,2019-07-01,2019
0.05,NQM9,prior_rth,20.59865470852017937219730942,1043.941704035874439461883409,446,446,fad4e662ea80581a96ec,R01,2019-05-20,2019
0.05,NQM9,prior_rth,20.59865470852017937219730942,1043.941704035874439461883409,446,446,fad4e662ea80581a96ec,R02,2019-05-20,2019
0.1,NQH9,prior_rth,22.64423076923076923076923077,1768.355769230769230769230771,312,312,fb1f7604e0eb75559603,R01,2019-01-04,2019
0.1,NQH9,prior_rth,22.64423076923076923076923077,1768.355769230769230769230771,312,312,fb1f7604e0eb75559603,R02,2019-01-04,2019
0.05,NQZ9,prior_rth,20.0897959183673469387755102,1125.061224489795918367346938,245,245,fb25a2ea32a0d830327d,R01,2019-10-25,2019
0.05,NQZ9,prior_rth,20.0897959183673469387755102,1125.061224489795918367346938,245,245,fb25a2ea32a0d830327d,R02,2019-10-25,2019
0.2,NQZ9,midnight,9.786516853932584269662921348,244.8558052434456928838951316,534,534,fb295e15ad79a7e1317b,R04,2019-12-03,2019
0.1,NQH9,opening_hour_rth,4.883802816901408450704225352,363.6760563380281690140845063,284,284,fb50d8e79885cd888ff3,R05,2019-02-27,2019
0.05,NQZ9,prior_rth,12.08759124087591240875912409,828.8284671532846715328467128,548,548,fba4da4877afcf03d5e7,R01,2019-12-03,2019
0.05,NQZ9,prior_rth,12.08759124087591240875912409,828.8284671532846715328467128,548,548,fba4da4877afcf03d5e7,R02,2019-12-03,2019
0.2,NQH9,opening_hour_rth,5.469230769230769230769230769,799.6769230769230769230769254,130,130,fbb19c98f2deea166f3b,R05,2019-01-31,2019
0.1,NQH0,opening_hour_rth,11.35593220338983050847457627,786.8644067796610169491525424,59,59,fbbf9b21281c969a6dfb,R05,2019-12-23,2019
0.05,NQZ9,opening_hour_rth,6.327464788732394366197183099,409.3767605633802816901408419,284,284,fbdc5c18d35092bde928,R05,2019-10-02,2019
0.2,NQZ9,midnight,26.07,417.3500000000000000000000003,100,100,fbf7c24e5c52aeb6fa18,R04,2019-11-06,2019
0.05,NQZ9,midnight,28.40860215053763440860215054,248.6881720430107526881720434,186,186,fc0cf44c08afe001266d,R04,2019-09-16,2019
0.1,NQU9,opening_hour_rth,3.847385272145144076840981857,217.2860192102454642475987173,937,937,fc41e48f635a5fca588f,R05,2019-08-13,2019
0.1,NQZ9,opening_hour_rth,6.849056603773584905660377358,472.3584905660377358490566039,159,159,fc63a82e6dc0804c21e3,R05,2019-10-29,2019
0.1,NQZ9,full_overnight,22.93065693430656934306569343,308.8540145985401459854014597,274,274,fc9032cd9b1717aec332,R03,2019-09-27,2019
0.2,NQH9,opening_hour_rth,7.461538461538461538461538462,1006.945054945054945054945055,91,91,fcabcc7c9942b9d66339,R05,2019-01-25,2019
0.05,NQM9,prior_rth,15.32156862745098039215686275,811.0601307189542483660130715,765,765,fcb957c5e0896b80d561,R01,2019-06-04,2019
0.05,NQM9,prior_rth,15.32156862745098039215686275,811.0601307189542483660130715,765,765,fcb957c5e0896b80d561,R02,2019-06-04,2019
0.2,NQU9,midnight,36.4,546.9294117647058823529411765,85,85,fcce226b38ab93d7748b,R04,2019-09-09,2019
0.2,NQU9,midnight,14.44918032786885245901639344,272.8065573770491803278688524,305,305,fce07c16c14c40ff3608,R04,2019-06-26,2019
0.05,NQH9,opening_hour_rth,4.883802816901408450704225352,363.6760563380281690140845063,284,284,fced8e0f87542586601f,R05,2019-02-27,2019
0.2,NQH9,prior_rth,15.62389380530973451327433628,1663.703539823008849557522125,226,226,fcef6762f604837253a4,R01,2019-01-16,2019
0.2,NQH9,prior_rth,15.62389380530973451327433628,1663.703539823008849557522125,226,226,fcef6762f604837253a4,R02,2019-01-16,2019
0.1,NQZ9,prior_rth,15.50485436893203883495145631,697.6456310679611650485436932,412,412,fcfb576effde553d08cb,R01,2019-09-19,2019
0.1,NQZ9,prior_rth,15.50485436893203883495145631,697.6456310679611650485436932,412,412,fcfb576effde553d08cb,R02,2019-09-19,2019
0.2,NQU9,prior_rth,18.95348837209302325581395349,1924.03875968992248062015504,129,129,fcfee7102b7ab07dfa46,R01,2019-09-05,2019
0.2,NQU9,prior_rth,18.95348837209302325581395349,1924.03875968992248062015504,129,129,fcfee7102b7ab07dfa46,R02,2019-09-05,2019
0.2,NQH9,midnight,25.83739837398373983739837398,384.9024390243902439024390247,123,123,fd224fcb315e154a1711,R04,2019-03-05,2019
0.1,NQM9,full_overnight,21.65853658536585365853658537,677.8731707317073170731707322,205,205,fd2af440d1eaf06b7b95,R03,2019-05-07,2019
0.2,NQM9,opening_hour_rth,10.13432835820895522388059701,1194.850746268656716417910447,67,67,fd3c369461ffc313b5e0,R05,2019-03-29,2019
0.1,NQZ9,opening_hour_rth,10.6043956043956043956043956,1046.406593406593406593406593,91,91,fd5951fe57614f27353f,R05,2019-10-04,2019
0.2,NQM9,prior_rth,18.04444444444444444444444444,3512.611111111111111111111112,90,90,fd65f467d6829de8e69b,R01,2019-03-18,2019
0.2,NQM9,prior_rth,18.04444444444444444444444444,3512.611111111111111111111112,90,90,fd65f467d6829de8e69b,R02,2019-03-18,2019
0.2,NQU9,opening_hour_rth,9.517857142857142857142857143,1945.374999999999999999999998,56,56,fd76e278f387479b488a,R05,2019-08-26,2019
0.05,NQH9,midnight,31.12571428571428571428571429,351.2399999999999999999999999,175,175,fd8377ec387691b080c8,R04,2019-01-10,2019
0.2,NQH0,opening_hour_rth,4.272727272727272727272727273,315.8796068796068796068796049,407,407,fd9dd879fc1f1fe0b01c,R05,2019-12-30,2019
0.2,NQZ9,midnight,17.97340425531914893617021277,406.7819148936170212765957446,188,188,fdde8d09a95555f4ce97,R04,2019-12-12,2019
0.1,NQZ9,full_overnight,22.15813953488372093023255814,339.7720930232558139534883719,215,215,fe09ca8b2e0e693d0244,R03,2019-11-13,2019
0.1,NQU9,opening_hour_rth,7.829931972789115646258503401,1076.959183673469387755102042,147,147,fe16e242ec835430a368,R05,2019-08-07,2019
0.1,NQZ9,opening_hour_rth,6.945783132530120481927710843,497.1024096385542168674698792,166,166,fe1b4866fe0425fd47cd,R05,2019-11-05,2019
0.05,NQZ9,prior_rth,11.80244399185336048879837067,696.0977596741344195519348269,491,491,fe3af625ffaff2557e27,R01,2019-10-21,2019
0.05,NQZ9,prior_rth,11.80244399185336048879837067,696.0977596741344195519348269,491,491,fe3af625ffaff2557e27,R02,2019-10-21,2019
0.2,NQH0,opening_hour_rth,4.829383886255924170616113744,420.6540284360189573459715639,211,211,fe5fbe1800c339a650dd,R05,2019-12-27,2019
0.1,NQH9,opening_hour_rth,8.346153846153846153846153846,1226.557692307692307692307689,104,104,fe60367801c7ff1541b5,R05,2019-01-28,2019
0.05,NQM9,midnight,30.51851851851851851851851852,597.8888888888888888888888892,108,108,fea11f9d97a0a26446c8,R04,2019-04-01,2019
0.1,NQU9,prior_rth,28.92682926829268292682926829,1428.506097560975609756097565,164,164,fed563abe74dd7177764,R01,2019-09-09,2019
0.1,NQU9,prior_rth,28.92682926829268292682926829,1428.506097560975609756097565,164,164,fed563abe74dd7177764,R02,2019-09-09,2019
0.2,NQM9,midnight,25.61574074074074074074074074,425.8425925925925925925925925,216,216,fed9d64c20fa74c867a0,R04,2019-05-14,2019
0.05,NQZ9,full_overnight,32.26288659793814432989690722,443.7010309278350515463917528,194,194,ff1665a28da8d7095703,R03,2019-10-15,2019
0.1,NQU9,midnight,21.52208835341365461847389558,407.5341365461847389558232916,249,249,ff204e44c1c68d7ca59e,R04,2019-09-05,2019
0.05,NQM9,full_overnight,22.22072072072072072072072072,371.954954954954954954954955,222,222,ff46655303440d607dd1,R03,2019-05-02,2019
0.2,NQH9,full_overnight,34.8125,1056.3,80,80,ff7dc65000981b6e4875,R03,2019-01-30,2019
0.2,NQM9,midnight,33.37704918032786885245901639,2055.85245901639344262295082,61,61,ff870efc29290792ce67,R04,2019-05-10,2019
0.2,NQU9,full_overnight,34.10752688172043010752688172,757.569892473118279569892471,186,186,ffd9235eedcdc6429632,R03,2019-08-08,2019
0.1,NQZ9,opening_hour_rth,11.57317073170731707317073171,580.0243902439024390243902434,82,82,ffdcc810c037fc0de701,R05,2019-09-18,2019
0.2,NQU9,midnight,16.14376996805111821086261981,309.7795527156549520766773166,313,313,fffa59e9c329172562ba,R04,2019-08-30,2019
