anchor,approach_side,arm,continued,continued_pct,evaluated_events,horizon_minutes,population,returned_inside,returned_inside_pct,session,threshold,underpowered
ALL_ANCHORS,APPROACH_FROM_ABOVE,C01_NEUTRAL,45,55.56,81,15,NONPOC,72,88.89,ALL_SESSIONS,3atr,false
ALL_ANCHORS,APPROACH_FROM_ABOVE,C01_NEUTRAL,4,33.33,12,15,NONPOC,10,83.33,ETH_EVENING,3atr,true
ALL_ANCHORS,APPROACH_FROM_ABOVE,C01_NEUTRAL,5,71.43,7,15,NONPOC,5,71.43,ETH_OVERNIGHT,3atr,true
ALL_ANCHORS,APPROACH_FROM_ABOVE,C01_NEUTRAL,5,62.5,8,15,NONPOC,8,100,RTH_MIDDAY,3atr,true
ALL_ANCHORS,APPROACH_FROM_ABOVE,C01_NEUTRAL,9,56.25,16,15,NONPOC,15,93.75,RTH_MORNING,3atr,true
ALL_ANCHORS,APPROACH_FROM_ABOVE,C01_NEUTRAL,22,57.89,38,15,NONPOC,34,89.47,RTH_OPEN,3atr,false
R01,APPROACH_FROM_ABOVE,C01_NEUTRAL,9,47.37,19,15,NONPOC,15,78.95,ALL_SESSIONS,3atr,true
R01,APPROACH_FROM_ABOVE,C01_NEUTRAL,4,33.33,12,15,NONPOC,10,83.33,ETH_EVENING,3atr,true
R01,APPROACH_FROM_ABOVE,C01_NEUTRAL,5,71.43,7,15,NONPOC,5,71.43,ETH_OVERNIGHT,3atr,true
R02,APPROACH_FROM_ABOVE,C01_NEUTRAL,2,66.67,3,15,NONPOC,3,100,ALL_SESSIONS,3atr,true
R02,APPROACH_FROM_ABOVE,C01_NEUTRAL,1,100,1,15,NONPOC,1,100,RTH_MIDDAY,3atr,true
R02,APPROACH_FROM_ABOVE,C01_NEUTRAL,1,50,2,15,NONPOC,2,100,RTH_OPEN,3atr,true
R03,APPROACH_FROM_ABOVE,C01_NEUTRAL,18,56.25,32,15,NONPOC,30,93.75,ALL_SESSIONS,3atr,false
R03,APPROACH_FROM_ABOVE,C01_NEUTRAL,2,50,4,15,NONPOC,4,100,RTH_MIDDAY,3atr,true
R03,APPROACH_FROM_ABOVE,C01_NEUTRAL,3,60,5,15,NONPOC,5,100,RTH_MORNING,3atr,true
R03,APPROACH_FROM_ABOVE,C01_NEUTRAL,13,56.52,23,15,NONPOC,21,91.3,RTH_OPEN,3atr,true
R04,APPROACH_FROM_ABOVE,C01_NEUTRAL,12,63.16,19,15,NONPOC,17,89.47,ALL_SESSIONS,3atr,true
R04,APPROACH_FROM_ABOVE,C01_NEUTRAL,1,50,2,15,NONPOC,2,100,RTH_MIDDAY,3atr,true
R04,APPROACH_FROM_ABOVE,C01_NEUTRAL,3,75,4,15,NONPOC,4,100,RTH_MORNING,3atr,true
R04,APPROACH_FROM_ABOVE,C01_NEUTRAL,8,61.54,13,15,NONPOC,11,84.62,RTH_OPEN,3atr,true
R05,APPROACH_FROM_ABOVE,C01_NEUTRAL,4,50,8,15,NONPOC,7,87.5,ALL_SESSIONS,3atr,true
R05,APPROACH_FROM_ABOVE,C01_NEUTRAL,1,100,1,15,NONPOC,1,100,RTH_MIDDAY,3atr,true
R05,APPROACH_FROM_ABOVE,C01_NEUTRAL,3,42.86,7,15,NONPOC,6,85.71,RTH_MORNING,3atr,true
ALL_ANCHORS,APPROACH_FROM_BELOW,C01_NEUTRAL,38,52.05,73,15,NONPOC,63,86.3,ALL_SESSIONS,3atr,false
ALL_ANCHORS,APPROACH_FROM_BELOW,C01_NEUTRAL,4,57.14,7,15,NONPOC,6,85.71,ETH_EVENING,3atr,true
ALL_ANCHORS,APPROACH_FROM_BELOW,C01_NEUTRAL,2,28.57,7,15,NONPOC,4,57.14,ETH_OVERNIGHT,3atr,true
ALL_ANCHORS,APPROACH_FROM_BELOW,C01_NEUTRAL,1,25,4,15,NONPOC,3,75,RTH_MIDDAY,3atr,true
ALL_ANCHORS,APPROACH_FROM_BELOW,C01_NEUTRAL,12,70.59,17,15,NONPOC,14,82.35,RTH_MORNING,3atr,true
ALL_ANCHORS,APPROACH_FROM_BELOW,C01_NEUTRAL,19,50,38,15,NONPOC,36,94.74,RTH_OPEN,3atr,false
R01,APPROACH_FROM_BELOW,C01_NEUTRAL,6,42.86,14,15,NONPOC,10,71.43,ALL_SESSIONS,3atr,true
R01,APPROACH_FROM_BELOW,C01_NEUTRAL,4,57.14,7,15,NONPOC,6,85.71,ETH_EVENING,3atr,true
R01,APPROACH_FROM_BELOW,C01_NEUTRAL,2,28.57,7,15,NONPOC,4,57.14,ETH_OVERNIGHT,3atr,true
R02,APPROACH_FROM_BELOW,C01_NEUTRAL,3,23.08,13,15,NONPOC,13,100,ALL_SESSIONS,3atr,true
R02,APPROACH_FROM_BELOW,C01_NEUTRAL,3,23.08,13,15,NONPOC,13,100,RTH_OPEN,3atr,true
R03,APPROACH_FROM_BELOW,C01_NEUTRAL,14,77.78,18,15,NONPOC,16,88.89,ALL_SESSIONS,3atr,true
R03,APPROACH_FROM_BELOW,C01_NEUTRAL,3,60,5,15,NONPOC,5,100,RTH_MORNING,3atr,true
R03,APPROACH_FROM_BELOW,C01_NEUTRAL,11,84.62,13,15,NONPOC,11,84.62,RTH_OPEN,3atr,true
R04,APPROACH_FROM_BELOW,C01_NEUTRAL,8,47.06,17,15,NONPOC,16,94.12,ALL_SESSIONS,3atr,true
R04,APPROACH_FROM_BELOW,C01_NEUTRAL,0,0,1,15,NONPOC,1,100,RTH_MIDDAY,3atr,true
R04,APPROACH_FROM_BELOW,C01_NEUTRAL,3,75,4,15,NONPOC,3,75,RTH_MORNING,3atr,true
R04,APPROACH_FROM_BELOW,C01_NEUTRAL,5,41.67,12,15,NONPOC,12,100,RTH_OPEN,3atr,true
R05,APPROACH_FROM_BELOW,C01_NEUTRAL,7,63.64,11,15,NONPOC,8,72.73,ALL_SESSIONS,3atr,true
R05,APPROACH_FROM_BELOW,C01_NEUTRAL,1,33.33,3,15,NONPOC,2,66.67,RTH_MIDDAY,3atr,true
R05,APPROACH_FROM_BELOW,C01_NEUTRAL,6,75,8,15,NONPOC,6,75,RTH_MORNING,3atr,true
ALL_ANCHORS,APPROACH_FROM_ABOVE,C02_ACTIVITY_MATCHED,43,54.43,79,15,NONPOC,67,84.81,ALL_SESSIONS,3atr,false
ALL_ANCHORS,APPROACH_FROM_ABOVE,C02_ACTIVITY_MATCHED,4,44.44,9,15,NONPOC,9,100,ETH_EVENING,3atr,true
ALL_ANCHORS,APPROACH_FROM_ABOVE,C02_ACTIVITY_MATCHED,5,71.43,7,15,NONPOC,4,57.14,ETH_OVERNIGHT,3atr,true
ALL_ANCHORS,APPROACH_FROM_ABOVE,C02_ACTIVITY_MATCHED,4,66.67,6,15,NONPOC,5,83.33,RTH_MIDDAY,3atr,true
ALL_ANCHORS,APPROACH_FROM_ABOVE,C02_ACTIVITY_MATCHED,10,58.82,17,15,NONPOC,13,76.47,RTH_MORNING,3atr,true
ALL_ANCHORS,APPROACH_FROM_ABOVE,C02_ACTIVITY_MATCHED,20,50,40,15,NONPOC,36,90,RTH_OPEN,3atr,false
R01,APPROACH_FROM_ABOVE,C02_ACTIVITY_MATCHED,9,56.25,16,15,NONPOC,13,81.25,ALL_SESSIONS,3atr,true
R01,APPROACH_FROM_ABOVE,C02_ACTIVITY_MATCHED,4,44.44,9,15,NONPOC,9,100,ETH_EVENING,3atr,true
R01,APPROACH_FROM_ABOVE,C02_ACTIVITY_MATCHED,5,71.43,7,15,NONPOC,4,57.14,ETH_OVERNIGHT,3atr,true
R02,APPROACH_FROM_ABOVE,C02_ACTIVITY_MATCHED,4,57.14,7,15,NONPOC,5,71.43,ALL_SESSIONS,3atr,true
R02,APPROACH_FROM_ABOVE,C02_ACTIVITY_MATCHED,2,100,2,15,NONPOC,1,50,RTH_MIDDAY,3atr,true
R02,APPROACH_FROM_ABOVE,C02_ACTIVITY_MATCHED,1,100,1,15,NONPOC,0,0,RTH_MORNING,3atr,true
R02,APPROACH_FROM_ABOVE,C02_ACTIVITY_MATCHED,1,25,4,15,NONPOC,4,100,RTH_OPEN,3atr,true
R03,APPROACH_FROM_ABOVE,C02_ACTIVITY_MATCHED,14,45.16,31,15,NONPOC,28,90.32,ALL_SESSIONS,3atr,false
R03,APPROACH_FROM_ABOVE,C02_ACTIVITY_MATCHED,1,50,2,15,NONPOC,2,100,RTH_MIDDAY,3atr,true
R03,APPROACH_FROM_ABOVE,C02_ACTIVITY_MATCHED,2,40,5,15,NONPOC,5,100,RTH_MORNING,3atr,true
R03,APPROACH_FROM_ABOVE,C02_ACTIVITY_MATCHED,11,45.83,24,15,NONPOC,21,87.5,RTH_OPEN,3atr,true
R04,APPROACH_FROM_ABOVE,C02_ACTIVITY_MATCHED,11,64.71,17,15,NONPOC,16,94.12,ALL_SESSIONS,3atr,true
R04,APPROACH_FROM_ABOVE,C02_ACTIVITY_MATCHED,1,50,2,15,NONPOC,2,100,RTH_MIDDAY,3atr,true
R04,APPROACH_FROM_ABOVE,C02_ACTIVITY_MATCHED,2,66.67,3,15,NONPOC,3,100,RTH_MORNING,3atr,true
R04,APPROACH_FROM_ABOVE,C02_ACTIVITY_MATCHED,8,66.67,12,15,NONPOC,11,91.67,RTH_OPEN,3atr,true
R05,APPROACH_FROM_ABOVE,C02_ACTIVITY_MATCHED,5,62.5,8,15,NONPOC,5,62.5,ALL_SESSIONS,3atr,true
R05,APPROACH_FROM_ABOVE,C02_ACTIVITY_MATCHED,5,62.5,8,15,NONPOC,5,62.5,RTH_MORNING,3atr,true
ALL_ANCHORS,APPROACH_FROM_BELOW,C02_ACTIVITY_MATCHED,26,43.33,60,15,NONPOC,53,88.33,ALL_SESSIONS,3atr,false
ALL_ANCHORS,APPROACH_FROM_BELOW,C02_ACTIVITY_MATCHED,2,50,4,15,NONPOC,4,100,ETH_EVENING,3atr,true
ALL_ANCHORS,APPROACH_FROM_BELOW,C02_ACTIVITY_MATCHED,3,37.5,8,15,NONPOC,5,62.5,ETH_OVERNIGHT,3atr,true
ALL_ANCHORS,APPROACH_FROM_BELOW,C02_ACTIVITY_MATCHED,0,0,2,15,NONPOC,1,50,RTH_AFTERNOON,3atr,true
ALL_ANCHORS,APPROACH_FROM_BELOW,C02_ACTIVITY_MATCHED,3,60,5,15,NONPOC,5,100,RTH_MIDDAY,3atr,true
ALL_ANCHORS,APPROACH_FROM_BELOW,C02_ACTIVITY_MATCHED,4,44.44,9,15,NONPOC,9,100,RTH_MORNING,3atr,true
ALL_ANCHORS,APPROACH_FROM_BELOW,C02_ACTIVITY_MATCHED,14,43.75,32,15,NONPOC,29,90.62,RTH_OPEN,3atr,false
R01,APPROACH_FROM_BELOW,C02_ACTIVITY_MATCHED,5,41.67,12,15,NONPOC,9,75,ALL_SESSIONS,3atr,true
R01,APPROACH_FROM_BELOW,C02_ACTIVITY_MATCHED,2,50,4,15,NONPOC,4,100,ETH_EVENING,3atr,true
R01,APPROACH_FROM_BELOW,C02_ACTIVITY_MATCHED,3,37.5,8,15,NONPOC,5,62.5,ETH_OVERNIGHT,3atr,true
R02,APPROACH_FROM_BELOW,C02_ACTIVITY_MATCHED,4,36.36,11,15,NONPOC,10,90.91,ALL_SESSIONS,3atr,true
R02,APPROACH_FROM_BELOW,C02_ACTIVITY_MATCHED,1,100,1,15,NONPOC,1,100,RTH_MORNING,3atr,true
R02,APPROACH_FROM_BELOW,C02_ACTIVITY_MATCHED,3,30,10,15,NONPOC,9,90,RTH_OPEN,3atr,true
R03,APPROACH_FROM_BELOW,C02_ACTIVITY_MATCHED,6,40,15,15,NONPOC,13,86.67,ALL_SESSIONS,3atr,true
R03,APPROACH_FROM_BELOW,C02_ACTIVITY_MATCHED,0,0,2,15,NONPOC,2,100,RTH_MIDDAY,3atr,true
R03,APPROACH_FROM_BELOW,C02_ACTIVITY_MATCHED,0,0,2,15,NONPOC,2,100,RTH_MORNING,3atr,true
R03,APPROACH_FROM_BELOW,C02_ACTIVITY_MATCHED,6,54.55,11,15,NONPOC,9,81.82,RTH_OPEN,3atr,true
R04,APPROACH_FROM_BELOW,C02_ACTIVITY_MATCHED,6,42.86,14,15,NONPOC,14,100,ALL_SESSIONS,3atr,true
R04,APPROACH_FROM_BELOW,C02_ACTIVITY_MATCHED,1,100,1,15,NONPOC,1,100,RTH_MIDDAY,3atr,true
R04,APPROACH_FROM_BELOW,C02_ACTIVITY_MATCHED,0,0,2,15,NONPOC,2,100,RTH_MORNING,3atr,true
R04,APPROACH_FROM_BELOW,C02_ACTIVITY_MATCHED,5,45.45,11,15,NONPOC,11,100,RTH_OPEN,3atr,true
R05,APPROACH_FROM_BELOW,C02_ACTIVITY_MATCHED,5,62.5,8,15,NONPOC,7,87.5,ALL_SESSIONS,3atr,true
R05,APPROACH_FROM_BELOW,C02_ACTIVITY_MATCHED,0,0,2,15,NONPOC,1,50,RTH_AFTERNOON,3atr,true
R05,APPROACH_FROM_BELOW,C02_ACTIVITY_MATCHED,2,100,2,15,NONPOC,2,100,RTH_MIDDAY,3atr,true
R05,APPROACH_FROM_BELOW,C02_ACTIVITY_MATCHED,3,75,4,15,NONPOC,4,100,RTH_MORNING,3atr,true
ALL_ANCHORS,APPROACH_FROM_ABOVE,TREATED,53,62.35,85,15,NONPOC,70,82.35,ALL_SESSIONS,3atr,false
ALL_ANCHORS,APPROACH_FROM_ABOVE,TREATED,5,41.67,12,15,NONPOC,11,91.67,ETH_EVENING,3atr,true
ALL_ANCHORS,APPROACH_FROM_ABOVE,TREATED,5,62.5,8,15,NONPOC,6,75,ETH_OVERNIGHT,3atr,true
ALL_ANCHORS,APPROACH_FROM_ABOVE,TREATED,3,42.86,7,15,NONPOC,7,100,RTH_MIDDAY,3atr,true
ALL_ANCHORS,APPROACH_FROM_ABOVE,TREATED,14,77.78,18,15,NONPOC,14,77.78,RTH_MORNING,3atr,true
ALL_ANCHORS,APPROACH_FROM_ABOVE,TREATED,26,65,40,15,NONPOC,32,80,RTH_OPEN,3atr,false
R01,APPROACH_FROM_ABOVE,TREATED,10,50,20,15,NONPOC,17,85,ALL_SESSIONS,3atr,true
R01,APPROACH_FROM_ABOVE,TREATED,5,41.67,12,15,NONPOC,11,91.67,ETH_EVENING,3atr,true
R01,APPROACH_FROM_ABOVE,TREATED,5,62.5,8,15,NONPOC,6,75,ETH_OVERNIGHT,3atr,true
R02,APPROACH_FROM_ABOVE,TREATED,5,83.33,6,15,NONPOC,3,50,ALL_SESSIONS,3atr,true
R02,APPROACH_FROM_ABOVE,TREATED,1,100,1,15,NONPOC,1,100,RTH_MIDDAY,3atr,true
R02,APPROACH_FROM_ABOVE,TREATED,1,100,1,15,NONPOC,0,0,RTH_MORNING,3atr,true
R02,APPROACH_FROM_ABOVE,TREATED,3,75,4,15,NONPOC,2,50,RTH_OPEN,3atr,true
R03,APPROACH_FROM_ABOVE,TREATED,21,63.64,33,15,NONPOC,30,90.91,ALL_SESSIONS,3atr,false
R03,APPROACH_FROM_ABOVE,TREATED,1,25,4,15,NONPOC,4,100,RTH_MIDDAY,3atr,true
R03,APPROACH_FROM_ABOVE,TREATED,4,80,5,15,NONPOC,5,100,RTH_MORNING,3atr,true
R03,APPROACH_FROM_ABOVE,TREATED,16,66.67,24,15,NONPOC,21,87.5,RTH_OPEN,3atr,true
R04,APPROACH_FROM_ABOVE,TREATED,11,61.11,18,15,NONPOC,15,83.33,ALL_SESSIONS,3atr,true
R04,APPROACH_FROM_ABOVE,TREATED,1,50,2,15,NONPOC,2,100,RTH_MIDDAY,3atr,true
R04,APPROACH_FROM_ABOVE,TREATED,3,75,4,15,NONPOC,4,100,RTH_MORNING,3atr,true
R04,APPROACH_FROM_ABOVE,TREATED,7,58.33,12,15,NONPOC,9,75,RTH_OPEN,3atr,true
R05,APPROACH_FROM_ABOVE,TREATED,6,75,8,15,NONPOC,5,62.5,ALL_SESSIONS,3atr,true
R05,APPROACH_FROM_ABOVE,TREATED,6,75,8,15,NONPOC,5,62.5,RTH_MORNING,3atr,true
ALL_ANCHORS,APPROACH_FROM_BELOW,TREATED,38,50.67,75,15,NONPOC,63,84,ALL_SESSIONS,3atr,false
ALL_ANCHORS,APPROACH_FROM_BELOW,TREATED,1,20,5,15,NONPOC,4,80,ETH_EVENING,3atr,true
ALL_ANCHORS,APPROACH_FROM_BELOW,TREATED,3,33.33,9,15,NONPOC,7,77.78,ETH_OVERNIGHT,3atr,true
ALL_ANCHORS,APPROACH_FROM_BELOW,TREATED,3,50,6,15,NONPOC,4,66.67,RTH_MIDDAY,3atr,true
ALL_ANCHORS,APPROACH_FROM_BELOW,TREATED,11,73.33,15,15,NONPOC,13,86.67,RTH_MORNING,3atr,true
ALL_ANCHORS,APPROACH_FROM_BELOW,TREATED,20,50,40,15,NONPOC,35,87.5,RTH_OPEN,3atr,false
R01,APPROACH_FROM_BELOW,TREATED,4,28.57,14,15,NONPOC,11,78.57,ALL_SESSIONS,3atr,true
R01,APPROACH_FROM_BELOW,TREATED,1,20,5,15,NONPOC,4,80,ETH_EVENING,3atr,true
R01,APPROACH_FROM_BELOW,TREATED,3,33.33,9,15,NONPOC,7,77.78,ETH_OVERNIGHT,3atr,true
R02,APPROACH_FROM_BELOW,TREATED,5,33.33,15,15,NONPOC,14,93.33,ALL_SESSIONS,3atr,true
R02,APPROACH_FROM_BELOW,TREATED,5,33.33,15,15,NONPOC,14,93.33,RTH_OPEN,3atr,true
R03,APPROACH_FROM_BELOW,TREATED,12,63.16,19,15,NONPOC,15,78.95,ALL_SESSIONS,3atr,true
R03,APPROACH_FROM_BELOW,TREATED,1,50,2,15,NONPOC,1,50,RTH_MIDDAY,3atr,true
R03,APPROACH_FROM_BELOW,TREATED,2,66.67,3,15,NONPOC,3,100,RTH_MORNING,3atr,true
R03,APPROACH_FROM_BELOW,TREATED,9,64.29,14,15,NONPOC,11,78.57,RTH_OPEN,3atr,true
R04,APPROACH_FROM_BELOW,TREATED,11,68.75,16,15,NONPOC,14,87.5,ALL_SESSIONS,3atr,true
R04,APPROACH_FROM_BELOW,TREATED,1,100,1,15,NONPOC,1,100,RTH_MIDDAY,3atr,true
R04,APPROACH_FROM_BELOW,TREATED,4,100,4,15,NONPOC,3,75,RTH_MORNING,3atr,true
R04,APPROACH_FROM_BELOW,TREATED,6,54.55,11,15,NONPOC,10,90.91,RTH_OPEN,3atr,true
R05,APPROACH_FROM_BELOW,TREATED,6,54.55,11,15,NONPOC,9,81.82,ALL_SESSIONS,3atr,true
R05,APPROACH_FROM_BELOW,TREATED,1,33.33,3,15,NONPOC,2,66.67,RTH_MIDDAY,3atr,true
R05,APPROACH_FROM_BELOW,TREATED,5,62.5,8,15,NONPOC,7,87.5,RTH_MORNING,3atr,true
ALL_ANCHORS,APPROACH_FROM_ABOVE,C01_NEUTRAL,47,52.22,90,15,POC,80,88.89,ALL_SESSIONS,3atr,false
ALL_ANCHORS,APPROACH_FROM_ABOVE,C01_NEUTRAL,6,50,12,15,POC,11,91.67,ETH_EVENING,3atr,true
ALL_ANCHORS,APPROACH_FROM_ABOVE,C01_NEUTRAL,2,40,5,15,POC,5,100,ETH_OVERNIGHT,3atr,true
ALL_ANCHORS,APPROACH_FROM_ABOVE,C01_NEUTRAL,0,0,1,15,POC,1,100,RTH_AFTERNOON,3atr,true
ALL_ANCHORS,APPROACH_FROM_ABOVE,C01_NEUTRAL,6,66.67,9,15,POC,8,88.89,RTH_MIDDAY,3atr,true
ALL_ANCHORS,APPROACH_FROM_ABOVE,C01_NEUTRAL,12,54.55,22,15,POC,18,81.82,RTH_MORNING,3atr,true
ALL_ANCHORS,APPROACH_FROM_ABOVE,C01_NEUTRAL,21,51.22,41,15,POC,37,90.24,RTH_OPEN,3atr,false
R01,APPROACH_FROM_ABOVE,C01_NEUTRAL,8,44.44,18,15,POC,17,94.44,ALL_SESSIONS,3atr,true
R01,APPROACH_FROM_ABOVE,C01_NEUTRAL,6,50,12,15,POC,11,91.67,ETH_EVENING,3atr,true
R01,APPROACH_FROM_ABOVE,C01_NEUTRAL,2,40,5,15,POC,5,100,ETH_OVERNIGHT,3atr,true
R01,APPROACH_FROM_ABOVE,C01_NEUTRAL,0,0,1,15,POC,1,100,RTH_OPEN,3atr,true
R02,APPROACH_FROM_ABOVE,C01_NEUTRAL,9,75,12,15,POC,10,83.33,ALL_SESSIONS,3atr,true
R02,APPROACH_FROM_ABOVE,C01_NEUTRAL,1,100,1,15,POC,1,100,RTH_MIDDAY,3atr,true
R02,APPROACH_FROM_ABOVE,C01_NEUTRAL,3,100,3,15,POC,2,66.67,RTH_MORNING,3atr,true
R02,APPROACH_FROM_ABOVE,C01_NEUTRAL,5,62.5,8,15,POC,7,87.5,RTH_OPEN,3atr,true
R03,APPROACH_FROM_ABOVE,C01_NEUTRAL,9,45,20,15,POC,20,100,ALL_SESSIONS,3atr,true
R03,APPROACH_FROM_ABOVE,C01_NEUTRAL,1,50,2,15,POC,2,100,RTH_MIDDAY,3atr,true
R03,APPROACH_FROM_ABOVE,C01_NEUTRAL,1,33.33,3,15,POC,3,100,RTH_MORNING,3atr,true
R03,APPROACH_FROM_ABOVE,C01_NEUTRAL,7,46.67,15,15,POC,15,100,RTH_OPEN,3atr,true
R04,APPROACH_FROM_ABOVE,C01_NEUTRAL,11,50,22,15,POC,19,86.36,ALL_SESSIONS,3atr,true
R04,APPROACH_FROM_ABOVE,C01_NEUTRAL,1,50,2,15,POC,2,100,RTH_MIDDAY,3atr,true
R04,APPROACH_FROM_ABOVE,C01_NEUTRAL,1,33.33,3,15,POC,3,100,RTH_MORNING,3atr,true
R04,APPROACH_FROM_ABOVE,C01_NEUTRAL,9,52.94,17,15,POC,14,82.35,RTH_OPEN,3atr,true
R05,APPROACH_FROM_ABOVE,C01_NEUTRAL,10,55.56,18,15,POC,14,77.78,ALL_SESSIONS,3atr,true
R05,APPROACH_FROM_ABOVE,C01_NEUTRAL,0,0,1,15,POC,1,100,RTH_AFTERNOON,3atr,true
R05,APPROACH_FROM_ABOVE,C01_NEUTRAL,3,75,4,15,POC,3,75,RTH_MIDDAY,3atr,true
R05,APPROACH_FROM_ABOVE,C01_NEUTRAL,7,53.85,13,15,POC,10,76.92,RTH_MORNING,3atr,true
ALL_ANCHORS,APPROACH_FROM_BELOW,C01_NEUTRAL,36,60,60,15,POC,50,83.33,ALL_SESSIONS,3atr,false
ALL_ANCHORS,APPROACH_FROM_BELOW,C01_NEUTRAL,5,55.56,9,15,POC,8,88.89,ETH_EVENING,3atr,true
ALL_ANCHORS,APPROACH_FROM_BELOW,C01_NEUTRAL,3,60,5,15,POC,3,60,ETH_OVERNIGHT,3atr,true
ALL_ANCHORS,APPROACH_FROM_BELOW,C01_NEUTRAL,1,50,2,15,POC,1,50,RTH_AFTERNOON,3atr,true
ALL_ANCHORS,APPROACH_FROM_BELOW,C01_NEUTRAL,2,100,2,15,POC,1,50,RTH_MIDDAY,3atr,true
ALL_ANCHORS,APPROACH_FROM_BELOW,C01_NEUTRAL,10,62.5,16,15,POC,14,87.5,RTH_MORNING,3atr,true
ALL_ANCHORS,APPROACH_FROM_BELOW,C01_NEUTRAL,15,57.69,26,15,POC,23,88.46,RTH_OPEN,3atr,true
R01,APPROACH_FROM_BELOW,C01_NEUTRAL,8,57.14,14,15,POC,11,78.57,ALL_SESSIONS,3atr,true
R01,APPROACH_FROM_BELOW,C01_NEUTRAL,5,55.56,9,15,POC,8,88.89,ETH_EVENING,3atr,true
R01,APPROACH_FROM_BELOW,C01_NEUTRAL,3,60,5,15,POC,3,60,ETH_OVERNIGHT,3atr,true
R02,APPROACH_FROM_BELOW,C01_NEUTRAL,6,60,10,15,POC,9,90,ALL_SESSIONS,3atr,true
R02,APPROACH_FROM_BELOW,C01_NEUTRAL,1,33.33,3,15,POC,3,100,RTH_MORNING,3atr,true
R02,APPROACH_FROM_BELOW,C01_NEUTRAL,5,71.43,7,15,POC,6,85.71,RTH_OPEN,3atr,true
R03,APPROACH_FROM_BELOW,C01_NEUTRAL,5,38.46,13,15,POC,12,92.31,ALL_SESSIONS,3atr,true
R03,APPROACH_FROM_BELOW,C01_NEUTRAL,0,0,1,15,POC,1,100,RTH_AFTERNOON,3atr,true
R03,APPROACH_FROM_BELOW,C01_NEUTRAL,0,0,1,15,POC,1,100,RTH_MORNING,3atr,true
R03,APPROACH_FROM_BELOW,C01_NEUTRAL,5,45.45,11,15,POC,10,90.91,RTH_OPEN,3atr,true
R04,APPROACH_FROM_BELOW,C01_NEUTRAL,10,71.43,14,15,POC,12,85.71,ALL_SESSIONS,3atr,true
R04,APPROACH_FROM_BELOW,C01_NEUTRAL,1,100,1,15,POC,0,0,RTH_MIDDAY,3atr,true
R04,APPROACH_FROM_BELOW,C01_NEUTRAL,4,80,5,15,POC,5,100,RTH_MORNING,3atr,true
R04,APPROACH_FROM_BELOW,C01_NEUTRAL,5,62.5,8,15,POC,7,87.5,RTH_OPEN,3atr,true
R05,APPROACH_FROM_BELOW,C01_NEUTRAL,7,77.78,9,15,POC,6,66.67,ALL_SESSIONS,3atr,true
R05,APPROACH_FROM_BELOW,C01_NEUTRAL,1,100,1,15,POC,0,0,RTH_AFTERNOON,3atr,true
R05,APPROACH_FROM_BELOW,C01_NEUTRAL,1,100,1,15,POC,1,100,RTH_MIDDAY,3atr,true
R05,APPROACH_FROM_BELOW,C01_NEUTRAL,5,71.43,7,15,POC,5,71.43,RTH_MORNING,3atr,true
ALL_ANCHORS,APPROACH_FROM_ABOVE,C02_ACTIVITY_MATCHED,34,49.28,69,15,POC,60,86.96,ALL_SESSIONS,3atr,false
ALL_ANCHORS,APPROACH_FROM_ABOVE,C02_ACTIVITY_MATCHED,3,33.33,9,15,POC,8,88.89,ETH_EVENING,3atr,true
ALL_ANCHORS,APPROACH_FROM_ABOVE,C02_ACTIVITY_MATCHED,1,100,1,15,POC,0,0,ETH_OVERNIGHT,3atr,true
ALL_ANCHORS,APPROACH_FROM_ABOVE,C02_ACTIVITY_MATCHED,0,0,1,15,POC,1,100,RTH_AFTERNOON,3atr,true
ALL_ANCHORS,APPROACH_FROM_ABOVE,C02_ACTIVITY_MATCHED,2,28.57,7,15,POC,7,100,RTH_MIDDAY,3atr,true
ALL_ANCHORS,APPROACH_FROM_ABOVE,C02_ACTIVITY_MATCHED,7,53.85,13,15,POC,12,92.31,RTH_MORNING,3atr,true
ALL_ANCHORS,APPROACH_FROM_ABOVE,C02_ACTIVITY_MATCHED,21,55.26,38,15,POC,32,84.21,RTH_OPEN,3atr,false
R01,APPROACH_FROM_ABOVE,C02_ACTIVITY_MATCHED,4,40,10,15,POC,8,80,ALL_SESSIONS,3atr,true
R01,APPROACH_FROM_ABOVE,C02_ACTIVITY_MATCHED,3,33.33,9,15,POC,8,88.89,ETH_EVENING,3atr,true
R01,APPROACH_FROM_ABOVE,C02_ACTIVITY_MATCHED,1,100,1,15,POC,0,0,ETH_OVERNIGHT,3atr,true
R02,APPROACH_FROM_ABOVE,C02_ACTIVITY_MATCHED,5,50,10,15,POC,9,90,ALL_SESSIONS,3atr,true
R02,APPROACH_FROM_ABOVE,C02_ACTIVITY_MATCHED,1,33.33,3,15,POC,3,100,RTH_MORNING,3atr,true
R02,APPROACH_FROM_ABOVE,C02_ACTIVITY_MATCHED,4,57.14,7,15,POC,6,85.71,RTH_OPEN,3atr,true
R03,APPROACH_FROM_ABOVE,C02_ACTIVITY_MATCHED,8,47.06,17,15,POC,14,82.35,ALL_SESSIONS,3atr,true
R03,APPROACH_FROM_ABOVE,C02_ACTIVITY_MATCHED,0,0,1,15,POC,1,100,RTH_MIDDAY,3atr,true
R03,APPROACH_FROM_ABOVE,C02_ACTIVITY_MATCHED,0,0,2,15,POC,2,100,RTH_MORNING,3atr,true
R03,APPROACH_FROM_ABOVE,C02_ACTIVITY_MATCHED,8,57.14,14,15,POC,11,78.57,RTH_OPEN,3atr,true
R04,APPROACH_FROM_ABOVE,C02_ACTIVITY_MATCHED,11,50,22,15,POC,20,90.91,ALL_SESSIONS,3atr,true
R04,APPROACH_FROM_ABOVE,C02_ACTIVITY_MATCHED,0,0,2,15,POC,2,100,RTH_MIDDAY,3atr,true
R04,APPROACH_FROM_ABOVE,C02_ACTIVITY_MATCHED,2,66.67,3,15,POC,3,100,RTH_MORNING,3atr,true
R04,APPROACH_FROM_ABOVE,C02_ACTIVITY_MATCHED,9,52.94,17,15,POC,15,88.24,RTH_OPEN,3atr,true
R05,APPROACH_FROM_ABOVE,C02_ACTIVITY_MATCHED,6,60,10,15,POC,9,90,ALL_SESSIONS,3atr,true
R05,APPROACH_FROM_ABOVE,C02_ACTIVITY_MATCHED,0,0,1,15,POC,1,100,RTH_AFTERNOON,3atr,true
R05,APPROACH_FROM_ABOVE,C02_ACTIVITY_MATCHED,2,50,4,15,POC,4,100,RTH_MIDDAY,3atr,true
R05,APPROACH_FROM_ABOVE,C02_ACTIVITY_MATCHED,4,80,5,15,POC,4,80,RTH_MORNING,3atr,true
ALL_ANCHORS,APPROACH_FROM_BELOW,C02_ACTIVITY_MATCHED,36,59.02,61,15,POC,48,78.69,ALL_SESSIONS,3atr,false
ALL_ANCHORS,APPROACH_FROM_BELOW,C02_ACTIVITY_MATCHED,3,30,10,15,POC,7,70,ETH_EVENING,3atr,true
ALL_ANCHORS,APPROACH_FROM_BELOW,C02_ACTIVITY_MATCHED,3,75,4,15,POC,3,75,ETH_OVERNIGHT,3atr,true
ALL_ANCHORS,APPROACH_FROM_BELOW,C02_ACTIVITY_MATCHED,1,33.33,3,15,POC,2,66.67,RTH_AFTERNOON,3atr,true
ALL_ANCHORS,APPROACH_FROM_BELOW,C02_ACTIVITY_MATCHED,2,100,2,15,POC,2,100,RTH_MIDDAY,3atr,true
ALL_ANCHORS,APPROACH_FROM_BELOW,C02_ACTIVITY_MATCHED,11,57.89,19,15,POC,13,68.42,RTH_MORNING,3atr,true
ALL_ANCHORS,APPROACH_FROM_BELOW,C02_ACTIVITY_MATCHED,16,69.57,23,15,POC,21,91.3,RTH_OPEN,3atr,true
R01,APPROACH_FROM_BELOW,C02_ACTIVITY_MATCHED,6,42.86,14,15,POC,10,71.43,ALL_SESSIONS,3atr,true
R01,APPROACH_FROM_BELOW,C02_ACTIVITY_MATCHED,3,30,10,15,POC,7,70,ETH_EVENING,3atr,true
R01,APPROACH_FROM_BELOW,C02_ACTIVITY_MATCHED,3,75,4,15,POC,3,75,ETH_OVERNIGHT,3atr,true
R02,APPROACH_FROM_BELOW,C02_ACTIVITY_MATCHED,6,60,10,15,POC,8,80,ALL_SESSIONS,3atr,true
R02,APPROACH_FROM_BELOW,C02_ACTIVITY_MATCHED,2,50,4,15,POC,3,75,RTH_MORNING,3atr,true
R02,APPROACH_FROM_BELOW,C02_ACTIVITY_MATCHED,4,66.67,6,15,POC,5,83.33,RTH_OPEN,3atr,true
R03,APPROACH_FROM_BELOW,C02_ACTIVITY_MATCHED,8,61.54,13,15,POC,12,92.31,ALL_SESSIONS,3atr,true
R03,APPROACH_FROM_BELOW,C02_ACTIVITY_MATCHED,0,0,1,15,POC,1,100,RTH_AFTERNOON,3atr,true
R03,APPROACH_FROM_BELOW,C02_ACTIVITY_MATCHED,1,100,1,15,POC,1,100,RTH_MIDDAY,3atr,true
R03,APPROACH_FROM_BELOW,C02_ACTIVITY_MATCHED,2,50,4,15,POC,3,75,RTH_MORNING,3atr,true
R03,APPROACH_FROM_BELOW,C02_ACTIVITY_MATCHED,5,71.43,7,15,POC,7,100,RTH_OPEN,3atr,true
R04,APPROACH_FROM_BELOW,C02_ACTIVITY_MATCHED,10,71.43,14,15,POC,12,85.71,ALL_SESSIONS,3atr,true
R04,APPROACH_FROM_BELOW,C02_ACTIVITY_MATCHED,0,0,1,15,POC,1,100,RTH_AFTERNOON,3atr,true
R04,APPROACH_FROM_BELOW,C02_ACTIVITY_MATCHED,3,100,3,15,POC,2,66.67,RTH_MORNING,3atr,true
R04,APPROACH_FROM_BELOW,C02_ACTIVITY_MATCHED,7,70,10,15,POC,9,90,RTH_OPEN,3atr,true
R05,APPROACH_FROM_BELOW,C02_ACTIVITY_MATCHED,6,60,10,15,POC,6,60,ALL_SESSIONS,3atr,true
R05,APPROACH_FROM_BELOW,C02_ACTIVITY_MATCHED,1,100,1,15,POC,0,0,RTH_AFTERNOON,3atr,true
R05,APPROACH_FROM_BELOW,C02_ACTIVITY_MATCHED,1,100,1,15,POC,1,100,RTH_MIDDAY,3atr,true
R05,APPROACH_FROM_BELOW,C02_ACTIVITY_MATCHED,4,50,8,15,POC,5,62.5,RTH_MORNING,3atr,true
ALL_ANCHORS,APPROACH_FROM_ABOVE,TREATED,51,57.95,88,15,POC,79,89.77,ALL_SESSIONS,3atr,false
ALL_ANCHORS,APPROACH_FROM_ABOVE,TREATED,6,54.55,11,15,POC,10,90.91,ETH_EVENING,3atr,true
ALL_ANCHORS,APPROACH_FROM_ABOVE,TREATED,1,20,5,15,POC,5,100,ETH_OVERNIGHT,3atr,true
ALL_ANCHORS,APPROACH_FROM_ABOVE,TREATED,0,0,1,15,POC,1,100,RTH_AFTERNOON,3atr,true
ALL_ANCHORS,APPROACH_FROM_ABOVE,TREATED,6,60,10,15,POC,8,80,RTH_MIDDAY,3atr,true
ALL_ANCHORS,APPROACH_FROM_ABOVE,TREATED,11,68.75,16,15,POC,16,100,RTH_MORNING,3atr,true
ALL_ANCHORS,APPROACH_FROM_ABOVE,TREATED,27,60,45,15,POC,39,86.67,RTH_OPEN,3atr,false
R01,APPROACH_FROM_ABOVE,TREATED,7,43.75,16,15,POC,15,93.75,ALL_SESSIONS,3atr,true
R01,APPROACH_FROM_ABOVE,TREATED,6,54.55,11,15,POC,10,90.91,ETH_EVENING,3atr,true
R01,APPROACH_FROM_ABOVE,TREATED,1,20,5,15,POC,5,100,ETH_OVERNIGHT,3atr,true
R02,APPROACH_FROM_ABOVE,TREATED,9,75,12,15,POC,9,75,ALL_SESSIONS,3atr,true
R02,APPROACH_FROM_ABOVE,TREATED,1,100,1,15,POC,0,0,RTH_MIDDAY,3atr,true
R02,APPROACH_FROM_ABOVE,TREATED,2,100,2,15,POC,2,100,RTH_MORNING,3atr,true
R02,APPROACH_FROM_ABOVE,TREATED,6,66.67,9,15,POC,7,77.78,RTH_OPEN,3atr,true
R03,APPROACH_FROM_ABOVE,TREATED,10,47.62,21,15,POC,20,95.24,ALL_SESSIONS,3atr,true
R03,APPROACH_FROM_ABOVE,TREATED,1,50,2,15,POC,2,100,RTH_MIDDAY,3atr,true
R03,APPROACH_FROM_ABOVE,TREATED,0,0,2,15,POC,2,100,RTH_MORNING,3atr,true
R03,APPROACH_FROM_ABOVE,TREATED,9,52.94,17,15,POC,16,94.12,RTH_OPEN,3atr,true
R04,APPROACH_FROM_ABOVE,TREATED,15,65.22,23,15,POC,20,86.96,ALL_SESSIONS,3atr,true
R04,APPROACH_FROM_ABOVE,TREATED,1,50,2,15,POC,2,100,RTH_MIDDAY,3atr,true
R04,APPROACH_FROM_ABOVE,TREATED,2,100,2,15,POC,2,100,RTH_MORNING,3atr,true
R04,APPROACH_FROM_ABOVE,TREATED,12,63.16,19,15,POC,16,84.21,RTH_OPEN,3atr,true
R05,APPROACH_FROM_ABOVE,TREATED,10,62.5,16,15,POC,15,93.75,ALL_SESSIONS,3atr,true
R05,APPROACH_FROM_ABOVE,TREATED,0,0,1,15,POC,1,100,RTH_AFTERNOON,3atr,true
R05,APPROACH_FROM_ABOVE,TREATED,3,60,5,15,POC,4,80,RTH_MIDDAY,3atr,true
R05,APPROACH_FROM_ABOVE,TREATED,7,70,10,15,POC,10,100,RTH_MORNING,3atr,true
ALL_ANCHORS,APPROACH_FROM_BELOW,TREATED,33,49.25,67,15,POC,55,82.09,ALL_SESSIONS,3atr,false
ALL_ANCHORS,APPROACH_FROM_BELOW,TREATED,2,20,10,15,POC,7,70,ETH_EVENING,3atr,true
ALL_ANCHORS,APPROACH_FROM_BELOW,TREATED,3,60,5,15,POC,3,60,ETH_OVERNIGHT,3atr,true
ALL_ANCHORS,APPROACH_FROM_BELOW,TREATED,0,0,2,15,POC,2,100,RTH_AFTERNOON,3atr,true
ALL_ANCHORS,APPROACH_FROM_BELOW,TREATED,1,33.33,3,15,POC,2,66.67,RTH_MIDDAY,3atr,true
ALL_ANCHORS,APPROACH_FROM_BELOW,TREATED,11,68.75,16,15,POC,13,81.25,RTH_MORNING,3atr,true
ALL_ANCHORS,APPROACH_FROM_BELOW,TREATED,16,51.61,31,15,POC,28,90.32,RTH_OPEN,3atr,false
R01,APPROACH_FROM_BELOW,TREATED,5,33.33,15,15,POC,10,66.67,ALL_SESSIONS,3atr,true
R01,APPROACH_FROM_BELOW,TREATED,2,20,10,15,POC,7,70,ETH_EVENING,3atr,true
R01,APPROACH_FROM_BELOW,TREATED,3,60,5,15,POC,3,60,ETH_OVERNIGHT,3atr,true
R02,APPROACH_FROM_BELOW,TREATED,4,44.44,9,15,POC,7,77.78,ALL_SESSIONS,3atr,true
R02,APPROACH_FROM_BELOW,TREATED,1,33.33,3,15,POC,3,100,RTH_MORNING,3atr,true
R02,APPROACH_FROM_BELOW,TREATED,3,50,6,15,POC,4,66.67,RTH_OPEN,3atr,true
R03,APPROACH_FROM_BELOW,TREATED,8,50,16,15,POC,13,81.25,ALL_SESSIONS,3atr,true
R03,APPROACH_FROM_BELOW,TREATED,0,0,1,15,POC,1,100,RTH_AFTERNOON,3atr,true
R03,APPROACH_FROM_BELOW,TREATED,0,0,1,15,POC,0,0,RTH_MIDDAY,3atr,true
R03,APPROACH_FROM_BELOW,TREATED,1,100,1,15,POC,0,0,RTH_MORNING,3atr,true
R03,APPROACH_FROM_BELOW,TREATED,7,53.85,13,15,POC,12,92.31,RTH_OPEN,3atr,true
R04,APPROACH_FROM_BELOW,TREATED,10,55.56,18,15,POC,17,94.44,ALL_SESSIONS,3atr,true
R04,APPROACH_FROM_BELOW,TREATED,0,0,1,15,POC,1,100,RTH_AFTERNOON,3atr,true
R04,APPROACH_FROM_BELOW,TREATED,0,0,1,15,POC,1,100,RTH_MIDDAY,3atr,true
R04,APPROACH_FROM_BELOW,TREATED,4,100,4,15,POC,3,75,RTH_MORNING,3atr,true
R04,APPROACH_FROM_BELOW,TREATED,6,50,12,15,POC,12,100,RTH_OPEN,3atr,true
R05,APPROACH_FROM_BELOW,TREATED,6,66.67,9,15,POC,8,88.89,ALL_SESSIONS,3atr,true
R05,APPROACH_FROM_BELOW,TREATED,1,100,1,15,POC,1,100,RTH_MIDDAY,3atr,true
R05,APPROACH_FROM_BELOW,TREATED,5,62.5,8,15,POC,7,87.5,RTH_MORNING,3atr,true
ALL_ANCHORS,APPROACH_FROM_ABOVE,C01_NEUTRAL,44,54.32,81,30,NONPOC,72,88.89,ALL_SESSIONS,3atr,false
ALL_ANCHORS,APPROACH_FROM_ABOVE,C01_NEUTRAL,5,41.67,12,30,NONPOC,10,83.33,ETH_EVENING,3atr,true
ALL_ANCHORS,APPROACH_FROM_ABOVE,C01_NEUTRAL,3,42.86,7,30,NONPOC,5,71.43,ETH_OVERNIGHT,3atr,true
ALL_ANCHORS,APPROACH_FROM_ABOVE,C01_NEUTRAL,5,62.5,8,30,NONPOC,8,100,RTH_MIDDAY,3atr,true
ALL_ANCHORS,APPROACH_FROM_ABOVE,C01_NEUTRAL,8,50,16,30,NONPOC,15,93.75,RTH_MORNING,3atr,true
ALL_ANCHORS,APPROACH_FROM_ABOVE,C01_NEUTRAL,23,60.53,38,30,NONPOC,34,89.47,RTH_OPEN,3atr,false
R01,APPROACH_FROM_ABOVE,C01_NEUTRAL,8,42.11,19,30,NONPOC,15,78.95,ALL_SESSIONS,3atr,true
R01,APPROACH_FROM_ABOVE,C01_NEUTRAL,5,41.67,12,30,NONPOC,10,83.33,ETH_EVENING,3atr,true
R01,APPROACH_FROM_ABOVE,C01_NEUTRAL,3,42.86,7,30,NONPOC,5,71.43,ETH_OVERNIGHT,3atr,true
R02,APPROACH_FROM_ABOVE,C01_NEUTRAL,1,33.33,3,30,NONPOC,3,100,ALL_SESSIONS,3atr,true
R02,APPROACH_FROM_ABOVE,C01_NEUTRAL,1,100,1,30,NONPOC,1,100,RTH_MIDDAY,3atr,true
R02,APPROACH_FROM_ABOVE,C01_NEUTRAL,0,0,2,30,NONPOC,2,100,RTH_OPEN,3atr,true
R03,APPROACH_FROM_ABOVE,C01_NEUTRAL,19,59.38,32,30,NONPOC,30,93.75,ALL_SESSIONS,3atr,false
R03,APPROACH_FROM_ABOVE,C01_NEUTRAL,2,50,4,30,NONPOC,4,100,RTH_MIDDAY,3atr,true
R03,APPROACH_FROM_ABOVE,C01_NEUTRAL,3,60,5,30,NONPOC,5,100,RTH_MORNING,3atr,true
R03,APPROACH_FROM_ABOVE,C01_NEUTRAL,14,60.87,23,30,NONPOC,21,91.3,RTH_OPEN,3atr,true
R04,APPROACH_FROM_ABOVE,C01_NEUTRAL,13,68.42,19,30,NONPOC,17,89.47,ALL_SESSIONS,3atr,true
R04,APPROACH_FROM_ABOVE,C01_NEUTRAL,1,50,2,30,NONPOC,2,100,RTH_MIDDAY,3atr,true
R04,APPROACH_FROM_ABOVE,C01_NEUTRAL,3,75,4,30,NONPOC,4,100,RTH_MORNING,3atr,true
R04,APPROACH_FROM_ABOVE,C01_NEUTRAL,9,69.23,13,30,NONPOC,11,84.62,RTH_OPEN,3atr,true
R05,APPROACH_FROM_ABOVE,C01_NEUTRAL,3,37.5,8,30,NONPOC,7,87.5,ALL_SESSIONS,3atr,true
R05,APPROACH_FROM_ABOVE,C01_NEUTRAL,1,100,1,30,NONPOC,1,100,RTH_MIDDAY,3atr,true
R05,APPROACH_FROM_ABOVE,C01_NEUTRAL,2,28.57,7,30,NONPOC,6,85.71,RTH_MORNING,3atr,true
ALL_ANCHORS,APPROACH_FROM_BELOW,C01_NEUTRAL,32,43.84,73,30,NONPOC,63,86.3,ALL_SESSIONS,3atr,false
ALL_ANCHORS,APPROACH_FROM_BELOW,C01_NEUTRAL,4,57.14,7,30,NONPOC,6,85.71,ETH_EVENING,3atr,true
ALL_ANCHORS,APPROACH_FROM_BELOW,C01_NEUTRAL,2,28.57,7,30,NONPOC,4,57.14,ETH_OVERNIGHT,3atr,true
ALL_ANCHORS,APPROACH_FROM_BELOW,C01_NEUTRAL,1,25,4,30,NONPOC,3,75,RTH_MIDDAY,3atr,true
ALL_ANCHORS,APPROACH_FROM_BELOW,C01_NEUTRAL,8,47.06,17,30,NONPOC,14,82.35,RTH_MORNING,3atr,true
ALL_ANCHORS,APPROACH_FROM_BELOW,C01_NEUTRAL,17,44.74,38,30,NONPOC,36,94.74,RTH_OPEN,3atr,false
R01,APPROACH_FROM_BELOW,C01_NEUTRAL,6,42.86,14,30,NONPOC,10,71.43,ALL_SESSIONS,3atr,true
R01,APPROACH_FROM_BELOW,C01_NEUTRAL,4,57.14,7,30,NONPOC,6,85.71,ETH_EVENING,3atr,true
R01,APPROACH_FROM_BELOW,C01_NEUTRAL,2,28.57,7,30,NONPOC,4,57.14,ETH_OVERNIGHT,3atr,true
R02,APPROACH_FROM_BELOW,C01_NEUTRAL,6,46.15,13,30,NONPOC,13,100,ALL_SESSIONS,3atr,true
R02,APPROACH_FROM_BELOW,C01_NEUTRAL,6,46.15,13,30,NONPOC,13,100,RTH_OPEN,3atr,true
R03,APPROACH_FROM_BELOW,C01_NEUTRAL,8,44.44,18,30,NONPOC,16,88.89,ALL_SESSIONS,3atr,true
R03,APPROACH_FROM_BELOW,C01_NEUTRAL,1,20,5,30,NONPOC,5,100,RTH_MORNING,3atr,true
R03,APPROACH_FROM_BELOW,C01_NEUTRAL,7,53.85,13,30,NONPOC,11,84.62,RTH_OPEN,3atr,true
R04,APPROACH_FROM_BELOW,C01_NEUTRAL,6,35.29,17,30,NONPOC,16,94.12,ALL_SESSIONS,3atr,true
R04,APPROACH_FROM_BELOW,C01_NEUTRAL,0,0,1,30,NONPOC,1,100,RTH_MIDDAY,3atr,true
R04,APPROACH_FROM_BELOW,C01_NEUTRAL,2,50,4,30,NONPOC,3,75,RTH_MORNING,3atr,true
R04,APPROACH_FROM_BELOW,C01_NEUTRAL,4,33.33,12,30,NONPOC,12,100,RTH_OPEN,3atr,true
R05,APPROACH_FROM_BELOW,C01_NEUTRAL,6,54.55,11,30,NONPOC,8,72.73,ALL_SESSIONS,3atr,true
R05,APPROACH_FROM_BELOW,C01_NEUTRAL,1,33.33,3,30,NONPOC,2,66.67,RTH_MIDDAY,3atr,true
R05,APPROACH_FROM_BELOW,C01_NEUTRAL,5,62.5,8,30,NONPOC,6,75,RTH_MORNING,3atr,true
ALL_ANCHORS,APPROACH_FROM_ABOVE,C02_ACTIVITY_MATCHED,44,55.7,79,30,NONPOC,67,84.81,ALL_SESSIONS,3atr,false
ALL_ANCHORS,APPROACH_FROM_ABOVE,C02_ACTIVITY_MATCHED,2,22.22,9,30,NONPOC,9,100,ETH_EVENING,3atr,true
ALL_ANCHORS,APPROACH_FROM_ABOVE,C02_ACTIVITY_MATCHED,4,57.14,7,30,NONPOC,4,57.14,ETH_OVERNIGHT,3atr,true
ALL_ANCHORS,APPROACH_FROM_ABOVE,C02_ACTIVITY_MATCHED,6,100,6,30,NONPOC,5,83.33,RTH_MIDDAY,3atr,true
ALL_ANCHORS,APPROACH_FROM_ABOVE,C02_ACTIVITY_MATCHED,9,52.94,17,30,NONPOC,13,76.47,RTH_MORNING,3atr,true
ALL_ANCHORS,APPROACH_FROM_ABOVE,C02_ACTIVITY_MATCHED,23,57.5,40,30,NONPOC,36,90,RTH_OPEN,3atr,false
R01,APPROACH_FROM_ABOVE,C02_ACTIVITY_MATCHED,6,37.5,16,30,NONPOC,13,81.25,ALL_SESSIONS,3atr,true
R01,APPROACH_FROM_ABOVE,C02_ACTIVITY_MATCHED,2,22.22,9,30,NONPOC,9,100,ETH_EVENING,3atr,true
R01,APPROACH_FROM_ABOVE,C02_ACTIVITY_MATCHED,4,57.14,7,30,NONPOC,4,57.14,ETH_OVERNIGHT,3atr,true
R02,APPROACH_FROM_ABOVE,C02_ACTIVITY_MATCHED,4,57.14,7,30,NONPOC,5,71.43,ALL_SESSIONS,3atr,true
R02,APPROACH_FROM_ABOVE,C02_ACTIVITY_MATCHED,2,100,2,30,NONPOC,1,50,RTH_MIDDAY,3atr,true
R02,APPROACH_FROM_ABOVE,C02_ACTIVITY_MATCHED,1,100,1,30,NONPOC,0,0,RTH_MORNING,3atr,true
R02,APPROACH_FROM_ABOVE,C02_ACTIVITY_MATCHED,1,25,4,30,NONPOC,4,100,RTH_OPEN,3atr,true
R03,APPROACH_FROM_ABOVE,C02_ACTIVITY_MATCHED,16,51.61,31,30,NONPOC,28,90.32,ALL_SESSIONS,3atr,false
R03,APPROACH_FROM_ABOVE,C02_ACTIVITY_MATCHED,2,100,2,30,NONPOC,2,100,RTH_MIDDAY,3atr,true
R03,APPROACH_FROM_ABOVE,C02_ACTIVITY_MATCHED,2,40,5,30,NONPOC,5,100,RTH_MORNING,3atr,true
R03,APPROACH_FROM_ABOVE,C02_ACTIVITY_MATCHED,12,50,24,30,NONPOC,21,87.5,RTH_OPEN,3atr,true
R04,APPROACH_FROM_ABOVE,C02_ACTIVITY_MATCHED,14,82.35,17,30,NONPOC,16,94.12,ALL_SESSIONS,3atr,true
R04,APPROACH_FROM_ABOVE,C02_ACTIVITY_MATCHED,2,100,2,30,NONPOC,2,100,RTH_MIDDAY,3atr,true
R04,APPROACH_FROM_ABOVE,C02_ACTIVITY_MATCHED,2,66.67,3,30,NONPOC,3,100,RTH_MORNING,3atr,true
R04,APPROACH_FROM_ABOVE,C02_ACTIVITY_MATCHED,10,83.33,12,30,NONPOC,11,91.67,RTH_OPEN,3atr,true
R05,APPROACH_FROM_ABOVE,C02_ACTIVITY_MATCHED,4,50,8,30,NONPOC,5,62.5,ALL_SESSIONS,3atr,true
R05,APPROACH_FROM_ABOVE,C02_ACTIVITY_MATCHED,4,50,8,30,NONPOC,5,62.5,RTH_MORNING,3atr,true
ALL_ANCHORS,APPROACH_FROM_BELOW,C02_ACTIVITY_MATCHED,24,40.68,59,30,NONPOC,53,89.83,ALL_SESSIONS,3atr,false
ALL_ANCHORS,APPROACH_FROM_BELOW,C02_ACTIVITY_MATCHED,3,75,4,30,NONPOC,4,100,ETH_EVENING,3atr,true
ALL_ANCHORS,APPROACH_FROM_BELOW,C02_ACTIVITY_MATCHED,3,37.5,8,30,NONPOC,5,62.5,ETH_OVERNIGHT,3atr,true
ALL_ANCHORS,APPROACH_FROM_BELOW,C02_ACTIVITY_MATCHED,0,0,1,30,NONPOC,1,100,RTH_AFTERNOON,3atr,true
ALL_ANCHORS,APPROACH_FROM_BELOW,C02_ACTIVITY_MATCHED,0,0,5,30,NONPOC,5,100,RTH_MIDDAY,3atr,true
ALL_ANCHORS,APPROACH_FROM_BELOW,C02_ACTIVITY_MATCHED,5,55.56,9,30,NONPOC,9,100,RTH_MORNING,3atr,true
ALL_ANCHORS,APPROACH_FROM_BELOW,C02_ACTIVITY_MATCHED,13,40.62,32,30,NONPOC,29,90.62,RTH_OPEN,3atr,false
R01,APPROACH_FROM_BELOW,C02_ACTIVITY_MATCHED,6,50,12,30,NONPOC,9,75,ALL_SESSIONS,3atr,true
R01,APPROACH_FROM_BELOW,C02_ACTIVITY_MATCHED,3,75,4,30,NONPOC,4,100,ETH_EVENING,3atr,true
R01,APPROACH_FROM_BELOW,C02_ACTIVITY_MATCHED,3,37.5,8,30,NONPOC,5,62.5,ETH_OVERNIGHT,3atr,true
R02,APPROACH_FROM_BELOW,C02_ACTIVITY_MATCHED,5,45.45,11,30,NONPOC,10,90.91,ALL_SESSIONS,3atr,true
R02,APPROACH_FROM_BELOW,C02_ACTIVITY_MATCHED,0,0,1,30,NONPOC,1,100,RTH_MORNING,3atr,true
R02,APPROACH_FROM_BELOW,C02_ACTIVITY_MATCHED,5,50,10,30,NONPOC,9,90,RTH_OPEN,3atr,true
R03,APPROACH_FROM_BELOW,C02_ACTIVITY_MATCHED,5,33.33,15,30,NONPOC,13,86.67,ALL_SESSIONS,3atr,true
R03,APPROACH_FROM_BELOW,C02_ACTIVITY_MATCHED,0,0,2,30,NONPOC,2,100,RTH_MIDDAY,3atr,true
R03,APPROACH_FROM_BELOW,C02_ACTIVITY_MATCHED,1,50,2,30,NONPOC,2,100,RTH_MORNING,3atr,true
R03,APPROACH_FROM_BELOW,C02_ACTIVITY_MATCHED,4,36.36,11,30,NONPOC,9,81.82,RTH_OPEN,3atr,true
R04,APPROACH_FROM_BELOW,C02_ACTIVITY_MATCHED,5,35.71,14,30,NONPOC,14,100,ALL_SESSIONS,3atr,true
R04,APPROACH_FROM_BELOW,C02_ACTIVITY_MATCHED,0,0,1,30,NONPOC,1,100,RTH_MIDDAY,3atr,true
R04,APPROACH_FROM_BELOW,C02_ACTIVITY_MATCHED,1,50,2,30,NONPOC,2,100,RTH_MORNING,3atr,true
R04,APPROACH_FROM_BELOW,C02_ACTIVITY_MATCHED,4,36.36,11,30,NONPOC,11,100,RTH_OPEN,3atr,true
R05,APPROACH_FROM_BELOW,C02_ACTIVITY_MATCHED,3,42.86,7,30,NONPOC,7,100,ALL_SESSIONS,3atr,true
R05,APPROACH_FROM_BELOW,C02_ACTIVITY_MATCHED,0,0,1,30,NONPOC,1,100,RTH_AFTERNOON,3atr,true
R05,APPROACH_FROM_BELOW,C02_ACTIVITY_MATCHED,0,0,2,30,NONPOC,2,100,RTH_MIDDAY,3atr,true
R05,APPROACH_FROM_BELOW,C02_ACTIVITY_MATCHED,3,75,4,30,NONPOC,4,100,RTH_MORNING,3atr,true
ALL_ANCHORS,APPROACH_FROM_ABOVE,TREATED,52,61.18,85,30,NONPOC,70,82.35,ALL_SESSIONS,3atr,false
ALL_ANCHORS,APPROACH_FROM_ABOVE,TREATED,5,41.67,12,30,NONPOC,11,91.67,ETH_EVENING,3atr,true
ALL_ANCHORS,APPROACH_FROM_ABOVE,TREATED,4,50,8,30,NONPOC,6,75,ETH_OVERNIGHT,3atr,true
ALL_ANCHORS,APPROACH_FROM_ABOVE,TREATED,4,57.14,7,30,NONPOC,7,100,RTH_MIDDAY,3atr,true
ALL_ANCHORS,APPROACH_FROM_ABOVE,TREATED,13,72.22,18,30,NONPOC,14,77.78,RTH_MORNING,3atr,true
ALL_ANCHORS,APPROACH_FROM_ABOVE,TREATED,26,65,40,30,NONPOC,32,80,RTH_OPEN,3atr,false
R01,APPROACH_FROM_ABOVE,TREATED,9,45,20,30,NONPOC,17,85,ALL_SESSIONS,3atr,true
R01,APPROACH_FROM_ABOVE,TREATED,5,41.67,12,30,NONPOC,11,91.67,ETH_EVENING,3atr,true
R01,APPROACH_FROM_ABOVE,TREATED,4,50,8,30,NONPOC,6,75,ETH_OVERNIGHT,3atr,true
R02,APPROACH_FROM_ABOVE,TREATED,2,33.33,6,30,NONPOC,3,50,ALL_SESSIONS,3atr,true
R02,APPROACH_FROM_ABOVE,TREATED,1,100,1,30,NONPOC,1,100,RTH_MIDDAY,3atr,true
R02,APPROACH_FROM_ABOVE,TREATED,1,100,1,30,NONPOC,0,0,RTH_MORNING,3atr,true
R02,APPROACH_FROM_ABOVE,TREATED,0,0,4,30,NONPOC,2,50,RTH_OPEN,3atr,true
R03,APPROACH_FROM_ABOVE,TREATED,22,66.67,33,30,NONPOC,30,90.91,ALL_SESSIONS,3atr,false
R03,APPROACH_FROM_ABOVE,TREATED,1,25,4,30,NONPOC,4,100,RTH_MIDDAY,3atr,true
R03,APPROACH_FROM_ABOVE,TREATED,5,100,5,30,NONPOC,5,100,RTH_MORNING,3atr,true
R03,APPROACH_FROM_ABOVE,TREATED,16,66.67,24,30,NONPOC,21,87.5,RTH_OPEN,3atr,true
R04,APPROACH_FROM_ABOVE,TREATED,15,83.33,18,30,NONPOC,15,83.33,ALL_SESSIONS,3atr,true
R04,APPROACH_FROM_ABOVE,TREATED,2,100,2,30,NONPOC,2,100,RTH_MIDDAY,3atr,true
R04,APPROACH_FROM_ABOVE,TREATED,3,75,4,30,NONPOC,4,100,RTH_MORNING,3atr,true
R04,APPROACH_FROM_ABOVE,TREATED,10,83.33,12,30,NONPOC,9,75,RTH_OPEN,3atr,true
R05,APPROACH_FROM_ABOVE,TREATED,4,50,8,30,NONPOC,5,62.5,ALL_SESSIONS,3atr,true
R05,APPROACH_FROM_ABOVE,TREATED,4,50,8,30,NONPOC,5,62.5,RTH_MORNING,3atr,true
ALL_ANCHORS,APPROACH_FROM_BELOW,TREATED,33,44,75,30,NONPOC,63,84,ALL_SESSIONS,3atr,false
ALL_ANCHORS,APPROACH_FROM_BELOW,TREATED,2,40,5,30,NONPOC,4,80,ETH_EVENING,3atr,true
ALL_ANCHORS,APPROACH_FROM_BELOW,TREATED,3,33.33,9,30,NONPOC,7,77.78,ETH_OVERNIGHT,3atr,true
ALL_ANCHORS,APPROACH_FROM_BELOW,TREATED,2,33.33,6,30,NONPOC,4,66.67,RTH_MIDDAY,3atr,true
ALL_ANCHORS,APPROACH_FROM_BELOW,TREATED,8,53.33,15,30,NONPOC,13,86.67,RTH_MORNING,3atr,true
ALL_ANCHORS,APPROACH_FROM_BELOW,TREATED,18,45,40,30,NONPOC,35,87.5,RTH_OPEN,3atr,false
R01,APPROACH_FROM_BELOW,TREATED,5,35.71,14,30,NONPOC,11,78.57,ALL_SESSIONS,3atr,true
R01,APPROACH_FROM_BELOW,TREATED,2,40,5,30,NONPOC,4,80,ETH_EVENING,3atr,true
R01,APPROACH_FROM_BELOW,TREATED,3,33.33,9,30,NONPOC,7,77.78,ETH_OVERNIGHT,3atr,true
R02,APPROACH_FROM_BELOW,TREATED,6,40,15,30,NONPOC,14,93.33,ALL_SESSIONS,3atr,true
R02,APPROACH_FROM_BELOW,TREATED,6,40,15,30,NONPOC,14,93.33,RTH_OPEN,3atr,true
R03,APPROACH_FROM_BELOW,TREATED,8,42.11,19,30,NONPOC,15,78.95,ALL_SESSIONS,3atr,true
R03,APPROACH_FROM_BELOW,TREATED,1,50,2,30,NONPOC,1,50,RTH_MIDDAY,3atr,true
R03,APPROACH_FROM_BELOW,TREATED,0,0,3,30,NONPOC,3,100,RTH_MORNING,3atr,true
R03,APPROACH_FROM_BELOW,TREATED,7,50,14,30,NONPOC,11,78.57,RTH_OPEN,3atr,true
R04,APPROACH_FROM_BELOW,TREATED,6,37.5,16,30,NONPOC,14,87.5,ALL_SESSIONS,3atr,true
R04,APPROACH_FROM_BELOW,TREATED,0,0,1,30,NONPOC,1,100,RTH_MIDDAY,3atr,true
R04,APPROACH_FROM_BELOW,TREATED,1,25,4,30,NONPOC,3,75,RTH_MORNING,3atr,true
R04,APPROACH_FROM_BELOW,TREATED,5,45.45,11,30,NONPOC,10,90.91,RTH_OPEN,3atr,true
R05,APPROACH_FROM_BELOW,TREATED,8,72.73,11,30,NONPOC,9,81.82,ALL_SESSIONS,3atr,true
R05,APPROACH_FROM_BELOW,TREATED,1,33.33,3,30,NONPOC,2,66.67,RTH_MIDDAY,3atr,true
R05,APPROACH_FROM_BELOW,TREATED,7,87.5,8,30,NONPOC,7,87.5,RTH_MORNING,3atr,true
ALL_ANCHORS,APPROACH_FROM_ABOVE,C01_NEUTRAL,46,51.69,89,30,POC,79,88.76,ALL_SESSIONS,3atr,false
ALL_ANCHORS,APPROACH_FROM_ABOVE,C01_NEUTRAL,4,33.33,12,30,POC,11,91.67,ETH_EVENING,3atr,true
ALL_ANCHORS,APPROACH_FROM_ABOVE,C01_NEUTRAL,3,60,5,30,POC,5,100,ETH_OVERNIGHT,3atr,true
ALL_ANCHORS,APPROACH_FROM_ABOVE,C01_NEUTRAL,7,77.78,9,30,POC,8,88.89,RTH_MIDDAY,3atr,true
ALL_ANCHORS,APPROACH_FROM_ABOVE,C01_NEUTRAL,11,50,22,30,POC,18,81.82,RTH_MORNING,3atr,true
ALL_ANCHORS,APPROACH_FROM_ABOVE,C01_NEUTRAL,21,51.22,41,30,POC,37,90.24,RTH_OPEN,3atr,false
R01,APPROACH_FROM_ABOVE,C01_NEUTRAL,7,38.89,18,30,POC,17,94.44,ALL_SESSIONS,3atr,true
R01,APPROACH_FROM_ABOVE,C01_NEUTRAL,4,33.33,12,30,POC,11,91.67,ETH_EVENING,3atr,true
R01,APPROACH_FROM_ABOVE,C01_NEUTRAL,3,60,5,30,POC,5,100,ETH_OVERNIGHT,3atr,true
R01,APPROACH_FROM_ABOVE,C01_NEUTRAL,0,0,1,30,POC,1,100,RTH_OPEN,3atr,true
R02,APPROACH_FROM_ABOVE,C01_NEUTRAL,7,58.33,12,30,POC,10,83.33,ALL_SESSIONS,3atr,true
R02,APPROACH_FROM_ABOVE,C01_NEUTRAL,1,100,1,30,POC,1,100,RTH_MIDDAY,3atr,true
R02,APPROACH_FROM_ABOVE,C01_NEUTRAL,2,66.67,3,30,POC,2,66.67,RTH_MORNING,3atr,true
R02,APPROACH_FROM_ABOVE,C01_NEUTRAL,4,50,8,30,POC,7,87.5,RTH_OPEN,3atr,true
R03,APPROACH_FROM_ABOVE,C01_NEUTRAL,10,50,20,30,POC,20,100,ALL_SESSIONS,3atr,true
R03,APPROACH_FROM_ABOVE,C01_NEUTRAL,2,100,2,30,POC,2,100,RTH_MIDDAY,3atr,true
R03,APPROACH_FROM_ABOVE,C01_NEUTRAL,1,33.33,3,30,POC,3,100,RTH_MORNING,3atr,true
R03,APPROACH_FROM_ABOVE,C01_NEUTRAL,7,46.67,15,30,POC,15,100,RTH_OPEN,3atr,true
R04,APPROACH_FROM_ABOVE,C01_NEUTRAL,12,54.55,22,30,POC,19,86.36,ALL_SESSIONS,3atr,true
R04,APPROACH_FROM_ABOVE,C01_NEUTRAL,1,50,2,30,POC,2,100,RTH_MIDDAY,3atr,true
R04,APPROACH_FROM_ABOVE,C01_NEUTRAL,1,33.33,3,30,POC,3,100,RTH_MORNING,3atr,true
R04,APPROACH_FROM_ABOVE,C01_NEUTRAL,10,58.82,17,30,POC,14,82.35,RTH_OPEN,3atr,true
R05,APPROACH_FROM_ABOVE,C01_NEUTRAL,10,58.82,17,30,POC,13,76.47,ALL_SESSIONS,3atr,true
R05,APPROACH_FROM_ABOVE,C01_NEUTRAL,3,75,4,30,POC,3,75,RTH_MIDDAY,3atr,true
R05,APPROACH_FROM_ABOVE,C01_NEUTRAL,7,53.85,13,30,POC,10,76.92,RTH_MORNING,3atr,true
ALL_ANCHORS,APPROACH_FROM_BELOW,C01_NEUTRAL,26,44.07,59,30,POC,49,83.05,ALL_SESSIONS,3atr,false
ALL_ANCHORS,APPROACH_FROM_BELOW,C01_NEUTRAL,3,33.33,9,30,POC,8,88.89,ETH_EVENING,3atr,true
ALL_ANCHORS,APPROACH_FROM_BELOW,C01_NEUTRAL,2,50,4,30,POC,2,50,ETH_OVERNIGHT,3atr,true
ALL_ANCHORS,APPROACH_FROM_BELOW,C01_NEUTRAL,0,0,2,30,POC,1,50,RTH_AFTERNOON,3atr,true
ALL_ANCHORS,APPROACH_FROM_BELOW,C01_NEUTRAL,1,50,2,30,POC,1,50,RTH_MIDDAY,3atr,true
ALL_ANCHORS,APPROACH_FROM_BELOW,C01_NEUTRAL,7,43.75,16,30,POC,14,87.5,RTH_MORNING,3atr,true
ALL_ANCHORS,APPROACH_FROM_BELOW,C01_NEUTRAL,13,50,26,30,POC,23,88.46,RTH_OPEN,3atr,true
R01,APPROACH_FROM_BELOW,C01_NEUTRAL,5,38.46,13,30,POC,10,76.92,ALL_SESSIONS,3atr,true
R01,APPROACH_FROM_BELOW,C01_NEUTRAL,3,33.33,9,30,POC,8,88.89,ETH_EVENING,3atr,true
R01,APPROACH_FROM_BELOW,C01_NEUTRAL,2,50,4,30,POC,2,50,ETH_OVERNIGHT,3atr,true
R02,APPROACH_FROM_BELOW,C01_NEUTRAL,4,40,10,30,POC,9,90,ALL_SESSIONS,3atr,true
R02,APPROACH_FROM_BELOW,C01_NEUTRAL,0,0,3,30,POC,3,100,RTH_MORNING,3atr,true
R02,APPROACH_FROM_BELOW,C01_NEUTRAL,4,57.14,7,30,POC,6,85.71,RTH_OPEN,3atr,true
R03,APPROACH_FROM_BELOW,C01_NEUTRAL,6,46.15,13,30,POC,12,92.31,ALL_SESSIONS,3atr,true
R03,APPROACH_FROM_BELOW,C01_NEUTRAL,0,0,1,30,POC,1,100,RTH_AFTERNOON,3atr,true
R03,APPROACH_FROM_BELOW,C01_NEUTRAL,0,0,1,30,POC,1,100,RTH_MORNING,3atr,true
R03,APPROACH_FROM_BELOW,C01_NEUTRAL,6,54.55,11,30,POC,10,90.91,RTH_OPEN,3atr,true
R04,APPROACH_FROM_BELOW,C01_NEUTRAL,7,50,14,30,POC,12,85.71,ALL_SESSIONS,3atr,true
R04,APPROACH_FROM_BELOW,C01_NEUTRAL,1,100,1,30,POC,0,0,RTH_MIDDAY,3atr,true
R04,APPROACH_FROM_BELOW,C01_NEUTRAL,3,60,5,30,POC,5,100,RTH_MORNING,3atr,true
R04,APPROACH_FROM_BELOW,C01_NEUTRAL,3,37.5,8,30,POC,7,87.5,RTH_OPEN,3atr,true
R05,APPROACH_FROM_BELOW,C01_NEUTRAL,4,44.44,9,30,POC,6,66.67,ALL_SESSIONS,3atr,true
R05,APPROACH_FROM_BELOW,C01_NEUTRAL,0,0,1,30,POC,0,0,RTH_AFTERNOON,3atr,true
R05,APPROACH_FROM_BELOW,C01_NEUTRAL,0,0,1,30,POC,1,100,RTH_MIDDAY,3atr,true
R05,APPROACH_FROM_BELOW,C01_NEUTRAL,4,57.14,7,30,POC,5,71.43,RTH_MORNING,3atr,true
ALL_ANCHORS,APPROACH_FROM_ABOVE,C02_ACTIVITY_MATCHED,32,47.06,68,30,POC,59,86.76,ALL_SESSIONS,3atr,false
ALL_ANCHORS,APPROACH_FROM_ABOVE,C02_ACTIVITY_MATCHED,4,44.44,9,30,POC,8,88.89,ETH_EVENING,3atr,true
ALL_ANCHORS,APPROACH_FROM_ABOVE,C02_ACTIVITY_MATCHED,1,100,1,30,POC,0,0,ETH_OVERNIGHT,3atr,true
ALL_ANCHORS,APPROACH_FROM_ABOVE,C02_ACTIVITY_MATCHED,3,42.86,7,30,POC,7,100,RTH_MIDDAY,3atr,true
ALL_ANCHORS,APPROACH_FROM_ABOVE,C02_ACTIVITY_MATCHED,3,23.08,13,30,POC,12,92.31,RTH_MORNING,3atr,true
ALL_ANCHORS,APPROACH_FROM_ABOVE,C02_ACTIVITY_MATCHED,21,55.26,38,30,POC,32,84.21,RTH_OPEN,3atr,false
R01,APPROACH_FROM_ABOVE,C02_ACTIVITY_MATCHED,5,50,10,30,POC,8,80,ALL_SESSIONS,3atr,true
R01,APPROACH_FROM_ABOVE,C02_ACTIVITY_MATCHED,4,44.44,9,30,POC,8,88.89,ETH_EVENING,3atr,true
R01,APPROACH_FROM_ABOVE,C02_ACTIVITY_MATCHED,1,100,1,30,POC,0,0,ETH_OVERNIGHT,3atr,true
R02,APPROACH_FROM_ABOVE,C02_ACTIVITY_MATCHED,3,30,10,30,POC,9,90,ALL_SESSIONS,3atr,true
R02,APPROACH_FROM_ABOVE,C02_ACTIVITY_MATCHED,0,0,3,30,POC,3,100,RTH_MORNING,3atr,true
R02,APPROACH_FROM_ABOVE,C02_ACTIVITY_MATCHED,3,42.86,7,30,POC,6,85.71,RTH_OPEN,3atr,true
R03,APPROACH_FROM_ABOVE,C02_ACTIVITY_MATCHED,9,52.94,17,30,POC,14,82.35,ALL_SESSIONS,3atr,true
R03,APPROACH_FROM_ABOVE,C02_ACTIVITY_MATCHED,1,100,1,30,POC,1,100,RTH_MIDDAY,3atr,true
R03,APPROACH_FROM_ABOVE,C02_ACTIVITY_MATCHED,0,0,2,30,POC,2,100,RTH_MORNING,3atr,true
R03,APPROACH_FROM_ABOVE,C02_ACTIVITY_MATCHED,8,57.14,14,30,POC,11,78.57,RTH_OPEN,3atr,true
R04,APPROACH_FROM_ABOVE,C02_ACTIVITY_MATCHED,11,50,22,30,POC,20,90.91,ALL_SESSIONS,3atr,true
R04,APPROACH_FROM_ABOVE,C02_ACTIVITY_MATCHED,0,0,2,30,POC,2,100,RTH_MIDDAY,3atr,true
R04,APPROACH_FROM_ABOVE,C02_ACTIVITY_MATCHED,1,33.33,3,30,POC,3,100,RTH_MORNING,3atr,true
R04,APPROACH_FROM_ABOVE,C02_ACTIVITY_MATCHED,10,58.82,17,30,POC,15,88.24,RTH_OPEN,3atr,true
R05,APPROACH_FROM_ABOVE,C02_ACTIVITY_MATCHED,4,44.44,9,30,POC,8,88.89,ALL_SESSIONS,3atr,true
R05,APPROACH_FROM_ABOVE,C02_ACTIVITY_MATCHED,2,50,4,30,POC,4,100,RTH_MIDDAY,3atr,true
R05,APPROACH_FROM_ABOVE,C02_ACTIVITY_MATCHED,2,40,5,30,POC,4,80,RTH_MORNING,3atr,true
ALL_ANCHORS,APPROACH_FROM_BELOW,C02_ACTIVITY_MATCHED,25,40.98,61,30,POC,48,78.69,ALL_SESSIONS,3atr,false
ALL_ANCHORS,APPROACH_FROM_BELOW,C02_ACTIVITY_MATCHED,5,50,10,30,POC,7,70,ETH_EVENING,3atr,true
ALL_ANCHORS,APPROACH_FROM_BELOW,C02_ACTIVITY_MATCHED,2,50,4,30,POC,3,75,ETH_OVERNIGHT,3atr,true
ALL_ANCHORS,APPROACH_FROM_BELOW,C02_ACTIVITY_MATCHED,0,0,3,30,POC,2,66.67,RTH_AFTERNOON,3atr,true
ALL_ANCHORS,APPROACH_FROM_BELOW,C02_ACTIVITY_MATCHED,1,50,2,30,POC,2,100,RTH_MIDDAY,3atr,true
ALL_ANCHORS,APPROACH_FROM_BELOW,C02_ACTIVITY_MATCHED,7,36.84,19,30,POC,13,68.42,RTH_MORNING,3atr,true
ALL_ANCHORS,APPROACH_FROM_BELOW,C02_ACTIVITY_MATCHED,10,43.48,23,30,POC,21,91.3,RTH_OPEN,3atr,true
R01,APPROACH_FROM_BELOW,C02_ACTIVITY_MATCHED,7,50,14,30,POC,10,71.43,ALL_SESSIONS,3atr,true
R01,APPROACH_FROM_BELOW,C02_ACTIVITY_MATCHED,5,50,10,30,POC,7,70,ETH_EVENING,3atr,true
R01,APPROACH_FROM_BELOW,C02_ACTIVITY_MATCHED,2,50,4,30,POC,3,75,ETH_OVERNIGHT,3atr,true
R02,APPROACH_FROM_BELOW,C02_ACTIVITY_MATCHED,4,40,10,30,POC,8,80,ALL_SESSIONS,3atr,true
R02,APPROACH_FROM_BELOW,C02_ACTIVITY_MATCHED,0,0,4,30,POC,3,75,RTH_MORNING,3atr,true
R02,APPROACH_FROM_BELOW,C02_ACTIVITY_MATCHED,4,66.67,6,30,POC,5,83.33,RTH_OPEN,3atr,true
R03,APPROACH_FROM_BELOW,C02_ACTIVITY_MATCHED,3,23.08,13,30,POC,12,92.31,ALL_SESSIONS,3atr,true
R03,APPROACH_FROM_BELOW,C02_ACTIVITY_MATCHED,0,0,1,30,POC,1,100,RTH_AFTERNOON,3atr,true
R03,APPROACH_FROM_BELOW,C02_ACTIVITY_MATCHED,1,100,1,30,POC,1,100,RTH_MIDDAY,3atr,true
R03,APPROACH_FROM_BELOW,C02_ACTIVITY_MATCHED,1,25,4,30,POC,3,75,RTH_MORNING,3atr,true
R03,APPROACH_FROM_BELOW,C02_ACTIVITY_MATCHED,1,14.29,7,30,POC,7,100,RTH_OPEN,3atr,true
R04,APPROACH_FROM_BELOW,C02_ACTIVITY_MATCHED,7,50,14,30,POC,12,85.71,ALL_SESSIONS,3atr,true
R04,APPROACH_FROM_BELOW,C02_ACTIVITY_MATCHED,0,0,1,30,POC,1,100,RTH_AFTERNOON,3atr,true
R04,APPROACH_FROM_BELOW,C02_ACTIVITY_MATCHED,2,66.67,3,30,POC,2,66.67,RTH_MORNING,3atr,true
R04,APPROACH_FROM_BELOW,C02_ACTIVITY_MATCHED,5,50,10,30,POC,9,90,RTH_OPEN,3atr,true
R05,APPROACH_FROM_BELOW,C02_ACTIVITY_MATCHED,4,40,10,30,POC,6,60,ALL_SESSIONS,3atr,true
R05,APPROACH_FROM_BELOW,C02_ACTIVITY_MATCHED,0,0,1,30,POC,0,0,RTH_AFTERNOON,3atr,true
R05,APPROACH_FROM_BELOW,C02_ACTIVITY_MATCHED,0,0,1,30,POC,1,100,RTH_MIDDAY,3atr,true
R05,APPROACH_FROM_BELOW,C02_ACTIVITY_MATCHED,4,50,8,30,POC,5,62.5,RTH_MORNING,3atr,true
ALL_ANCHORS,APPROACH_FROM_ABOVE,TREATED,50,57.47,87,30,POC,78,89.66,ALL_SESSIONS,3atr,false
ALL_ANCHORS,APPROACH_FROM_ABOVE,TREATED,5,45.45,11,30,POC,10,90.91,ETH_EVENING,3atr,true
ALL_ANCHORS,APPROACH_FROM_ABOVE,TREATED,2,40,5,30,POC,5,100,ETH_OVERNIGHT,3atr,true
ALL_ANCHORS,APPROACH_FROM_ABOVE,TREATED,7,70,10,30,POC,8,80,RTH_MIDDAY,3atr,true
ALL_ANCHORS,APPROACH_FROM_ABOVE,TREATED,11,68.75,16,30,POC,16,100,RTH_MORNING,3atr,true
ALL_ANCHORS,APPROACH_FROM_ABOVE,TREATED,25,55.56,45,30,POC,39,86.67,RTH_OPEN,3atr,false
R01,APPROACH_FROM_ABOVE,TREATED,7,43.75,16,30,POC,15,93.75,ALL_SESSIONS,3atr,true
R01,APPROACH_FROM_ABOVE,TREATED,5,45.45,11,30,POC,10,90.91,ETH_EVENING,3atr,true
R01,APPROACH_FROM_ABOVE,TREATED,2,40,5,30,POC,5,100,ETH_OVERNIGHT,3atr,true
R02,APPROACH_FROM_ABOVE,TREATED,7,58.33,12,30,POC,9,75,ALL_SESSIONS,3atr,true
R02,APPROACH_FROM_ABOVE,TREATED,1,100,1,30,POC,0,0,RTH_MIDDAY,3atr,true
R02,APPROACH_FROM_ABOVE,TREATED,1,50,2,30,POC,2,100,RTH_MORNING,3atr,true
R02,APPROACH_FROM_ABOVE,TREATED,5,55.56,9,30,POC,7,77.78,RTH_OPEN,3atr,true
R03,APPROACH_FROM_ABOVE,TREATED,10,47.62,21,30,POC,20,95.24,ALL_SESSIONS,3atr,true
R03,APPROACH_FROM_ABOVE,TREATED,2,100,2,30,POC,2,100,RTH_MIDDAY,3atr,true
R03,APPROACH_FROM_ABOVE,TREATED,0,0,2,30,POC,2,100,RTH_MORNING,3atr,true
R03,APPROACH_FROM_ABOVE,TREATED,8,47.06,17,30,POC,16,94.12,RTH_OPEN,3atr,true
R04,APPROACH_FROM_ABOVE,TREATED,16,69.57,23,30,POC,20,86.96,ALL_SESSIONS,3atr,true
R04,APPROACH_FROM_ABOVE,TREATED,2,100,2,30,POC,2,100,RTH_MIDDAY,3atr,true
R04,APPROACH_FROM_ABOVE,TREATED,2,100,2,30,POC,2,100,RTH_MORNING,3atr,true
R04,APPROACH_FROM_ABOVE,TREATED,12,63.16,19,30,POC,16,84.21,RTH_OPEN,3atr,true
R05,APPROACH_FROM_ABOVE,TREATED,10,66.67,15,30,POC,14,93.33,ALL_SESSIONS,3atr,true
R05,APPROACH_FROM_ABOVE,TREATED,2,40,5,30,POC,4,80,RTH_MIDDAY,3atr,true
R05,APPROACH_FROM_ABOVE,TREATED,8,80,10,30,POC,10,100,RTH_MORNING,3atr,true
ALL_ANCHORS,APPROACH_FROM_BELOW,TREATED,25,37.31,67,30,POC,55,82.09,ALL_SESSIONS,3atr,false
ALL_ANCHORS,APPROACH_FROM_BELOW,TREATED,4,40,10,30,POC,7,70,ETH_EVENING,3atr,true
ALL_ANCHORS,APPROACH_FROM_BELOW,TREATED,2,40,5,30,POC,3,60,ETH_OVERNIGHT,3atr,true
ALL_ANCHORS,APPROACH_FROM_BELOW,TREATED,1,50,2,30,POC,2,100,RTH_AFTERNOON,3atr,true
ALL_ANCHORS,APPROACH_FROM_BELOW,TREATED,0,0,3,30,POC,2,66.67,RTH_MIDDAY,3atr,true
ALL_ANCHORS,APPROACH_FROM_BELOW,TREATED,8,50,16,30,POC,13,81.25,RTH_MORNING,3atr,true
ALL_ANCHORS,APPROACH_FROM_BELOW,TREATED,10,32.26,31,30,POC,28,90.32,RTH_OPEN,3atr,false
R01,APPROACH_FROM_BELOW,TREATED,6,40,15,30,POC,10,66.67,ALL_SESSIONS,3atr,true
R01,APPROACH_FROM_BELOW,TREATED,4,40,10,30,POC,7,70,ETH_EVENING,3atr,true
R01,APPROACH_FROM_BELOW,TREATED,2,40,5,30,POC,3,60,ETH_OVERNIGHT,3atr,true
R02,APPROACH_FROM_BELOW,TREATED,3,33.33,9,30,POC,7,77.78,ALL_SESSIONS,3atr,true
R02,APPROACH_FROM_BELOW,TREATED,0,0,3,30,POC,3,100,RTH_MORNING,3atr,true
R02,APPROACH_FROM_BELOW,TREATED,3,50,6,30,POC,4,66.67,RTH_OPEN,3atr,true
R03,APPROACH_FROM_BELOW,TREATED,4,25,16,30,POC,13,81.25,ALL_SESSIONS,3atr,true
R03,APPROACH_FROM_BELOW,TREATED,0,0,1,30,POC,1,100,RTH_AFTERNOON,3atr,true
R03,APPROACH_FROM_BELOW,TREATED,0,0,1,30,POC,0,0,RTH_MIDDAY,3atr,true
R03,APPROACH_FROM_BELOW,TREATED,1,100,1,30,POC,0,0,RTH_MORNING,3atr,true
R03,APPROACH_FROM_BELOW,TREATED,3,23.08,13,30,POC,12,92.31,RTH_OPEN,3atr,true
R04,APPROACH_FROM_BELOW,TREATED,8,44.44,18,30,POC,17,94.44,ALL_SESSIONS,3atr,true
R04,APPROACH_FROM_BELOW,TREATED,1,100,1,30,POC,1,100,RTH_AFTERNOON,3atr,true
R04,APPROACH_FROM_BELOW,TREATED,0,0,1,30,POC,1,100,RTH_MIDDAY,3atr,true
R04,APPROACH_FROM_BELOW,TREATED,3,75,4,30,POC,3,75,RTH_MORNING,3atr,true
R04,APPROACH_FROM_BELOW,TREATED,4,33.33,12,30,POC,12,100,RTH_OPEN,3atr,true
R05,APPROACH_FROM_BELOW,TREATED,4,44.44,9,30,POC,8,88.89,ALL_SESSIONS,3atr,true
R05,APPROACH_FROM_BELOW,TREATED,0,0,1,30,POC,1,100,RTH_MIDDAY,3atr,true
R05,APPROACH_FROM_BELOW,TREATED,4,50,8,30,POC,7,87.5,RTH_MORNING,3atr,true
ALL_ANCHORS,APPROACH_FROM_ABOVE,C01_NEUTRAL,46,56.79,81,60,NONPOC,72,88.89,ALL_SESSIONS,3atr,false
ALL_ANCHORS,APPROACH_FROM_ABOVE,C01_NEUTRAL,6,50,12,60,NONPOC,10,83.33,ETH_EVENING,3atr,true
ALL_ANCHORS,APPROACH_FROM_ABOVE,C01_NEUTRAL,4,57.14,7,60,NONPOC,5,71.43,ETH_OVERNIGHT,3atr,true
ALL_ANCHORS,APPROACH_FROM_ABOVE,C01_NEUTRAL,4,50,8,60,NONPOC,8,100,RTH_MIDDAY,3atr,true
ALL_ANCHORS,APPROACH_FROM_ABOVE,C01_NEUTRAL,11,68.75,16,60,NONPOC,15,93.75,RTH_MORNING,3atr,true
ALL_ANCHORS,APPROACH_FROM_ABOVE,C01_NEUTRAL,21,55.26,38,60,NONPOC,34,89.47,RTH_OPEN,3atr,false
R01,APPROACH_FROM_ABOVE,C01_NEUTRAL,10,52.63,19,60,NONPOC,15,78.95,ALL_SESSIONS,3atr,true
R01,APPROACH_FROM_ABOVE,C01_NEUTRAL,6,50,12,60,NONPOC,10,83.33,ETH_EVENING,3atr,true
R01,APPROACH_FROM_ABOVE,C01_NEUTRAL,4,57.14,7,60,NONPOC,5,71.43,ETH_OVERNIGHT,3atr,true
R02,APPROACH_FROM_ABOVE,C01_NEUTRAL,0,0,3,60,NONPOC,3,100,ALL_SESSIONS,3atr,true
R02,APPROACH_FROM_ABOVE,C01_NEUTRAL,0,0,1,60,NONPOC,1,100,RTH_MIDDAY,3atr,true
R02,APPROACH_FROM_ABOVE,C01_NEUTRAL,0,0,2,60,NONPOC,2,100,RTH_OPEN,3atr,true
R03,APPROACH_FROM_ABOVE,C01_NEUTRAL,17,53.12,32,60,NONPOC,30,93.75,ALL_SESSIONS,3atr,false
R03,APPROACH_FROM_ABOVE,C01_NEUTRAL,2,50,4,60,NONPOC,4,100,RTH_MIDDAY,3atr,true
R03,APPROACH_FROM_ABOVE,C01_NEUTRAL,2,40,5,60,NONPOC,5,100,RTH_MORNING,3atr,true
R03,APPROACH_FROM_ABOVE,C01_NEUTRAL,13,56.52,23,60,NONPOC,21,91.3,RTH_OPEN,3atr,true
R04,APPROACH_FROM_ABOVE,C01_NEUTRAL,13,68.42,19,60,NONPOC,17,89.47,ALL_SESSIONS,3atr,true
R04,APPROACH_FROM_ABOVE,C01_NEUTRAL,1,50,2,60,NONPOC,2,100,RTH_MIDDAY,3atr,true
R04,APPROACH_FROM_ABOVE,C01_NEUTRAL,4,100,4,60,NONPOC,4,100,RTH_MORNING,3atr,true
R04,APPROACH_FROM_ABOVE,C01_NEUTRAL,8,61.54,13,60,NONPOC,11,84.62,RTH_OPEN,3atr,true
R05,APPROACH_FROM_ABOVE,C01_NEUTRAL,6,75,8,60,NONPOC,7,87.5,ALL_SESSIONS,3atr,true
R05,APPROACH_FROM_ABOVE,C01_NEUTRAL,1,100,1,60,NONPOC,1,100,RTH_MIDDAY,3atr,true
R05,APPROACH_FROM_ABOVE,C01_NEUTRAL,5,71.43,7,60,NONPOC,6,85.71,RTH_MORNING,3atr,true
ALL_ANCHORS,APPROACH_FROM_BELOW,C01_NEUTRAL,30,42.86,70,60,NONPOC,60,85.71,ALL_SESSIONS,3atr,false
ALL_ANCHORS,APPROACH_FROM_BELOW,C01_NEUTRAL,4,57.14,7,60,NONPOC,6,85.71,ETH_EVENING,3atr,true
ALL_ANCHORS,APPROACH_FROM_BELOW,C01_NEUTRAL,2,50,4,60,NONPOC,1,25,ETH_OVERNIGHT,3atr,true
ALL_ANCHORS,APPROACH_FROM_BELOW,C01_NEUTRAL,1,25,4,60,NONPOC,3,75,RTH_MIDDAY,3atr,true
ALL_ANCHORS,APPROACH_FROM_BELOW,C01_NEUTRAL,5,29.41,17,60,NONPOC,14,82.35,RTH_MORNING,3atr,true
ALL_ANCHORS,APPROACH_FROM_BELOW,C01_NEUTRAL,18,47.37,38,60,NONPOC,36,94.74,RTH_OPEN,3atr,false
R01,APPROACH_FROM_BELOW,C01_NEUTRAL,6,54.55,11,60,NONPOC,7,63.64,ALL_SESSIONS,3atr,true
R01,APPROACH_FROM_BELOW,C01_NEUTRAL,4,57.14,7,60,NONPOC,6,85.71,ETH_EVENING,3atr,true
R01,APPROACH_FROM_BELOW,C01_NEUTRAL,2,50,4,60,NONPOC,1,25,ETH_OVERNIGHT,3atr,true
R02,APPROACH_FROM_BELOW,C01_NEUTRAL,5,38.46,13,60,NONPOC,13,100,ALL_SESSIONS,3atr,true
R02,APPROACH_FROM_BELOW,C01_NEUTRAL,5,38.46,13,60,NONPOC,13,100,RTH_OPEN,3atr,true
R03,APPROACH_FROM_BELOW,C01_NEUTRAL,7,38.89,18,60,NONPOC,16,88.89,ALL_SESSIONS,3atr,true
R03,APPROACH_FROM_BELOW,C01_NEUTRAL,0,0,5,60,NONPOC,5,100,RTH_MORNING,3atr,true
R03,APPROACH_FROM_BELOW,C01_NEUTRAL,7,53.85,13,60,NONPOC,11,84.62,RTH_OPEN,3atr,true
R04,APPROACH_FROM_BELOW,C01_NEUTRAL,8,47.06,17,60,NONPOC,16,94.12,ALL_SESSIONS,3atr,true
R04,APPROACH_FROM_BELOW,C01_NEUTRAL,0,0,1,60,NONPOC,1,100,RTH_MIDDAY,3atr,true
R04,APPROACH_FROM_BELOW,C01_NEUTRAL,2,50,4,60,NONPOC,3,75,RTH_MORNING,3atr,true
R04,APPROACH_FROM_BELOW,C01_NEUTRAL,6,50,12,60,NONPOC,12,100,RTH_OPEN,3atr,true
R05,APPROACH_FROM_BELOW,C01_NEUTRAL,4,36.36,11,60,NONPOC,8,72.73,ALL_SESSIONS,3atr,true
R05,APPROACH_FROM_BELOW,C01_NEUTRAL,1,33.33,3,60,NONPOC,2,66.67,RTH_MIDDAY,3atr,true
R05,APPROACH_FROM_BELOW,C01_NEUTRAL,3,37.5,8,60,NONPOC,6,75,RTH_MORNING,3atr,true
ALL_ANCHORS,APPROACH_FROM_ABOVE,C02_ACTIVITY_MATCHED,44,55.7,79,60,NONPOC,67,84.81,ALL_SESSIONS,3atr,false
ALL_ANCHORS,APPROACH_FROM_ABOVE,C02_ACTIVITY_MATCHED,5,55.56,9,60,NONPOC,9,100,ETH_EVENING,3atr,true
ALL_ANCHORS,APPROACH_FROM_ABOVE,C02_ACTIVITY_MATCHED,5,71.43,7,60,NONPOC,4,57.14,ETH_OVERNIGHT,3atr,true
ALL_ANCHORS,APPROACH_FROM_ABOVE,C02_ACTIVITY_MATCHED,5,83.33,6,60,NONPOC,5,83.33,RTH_MIDDAY,3atr,true
ALL_ANCHORS,APPROACH_FROM_ABOVE,C02_ACTIVITY_MATCHED,9,52.94,17,60,NONPOC,13,76.47,RTH_MORNING,3atr,true
ALL_ANCHORS,APPROACH_FROM_ABOVE,C02_ACTIVITY_MATCHED,20,50,40,60,NONPOC,36,90,RTH_OPEN,3atr,false
R01,APPROACH_FROM_ABOVE,C02_ACTIVITY_MATCHED,10,62.5,16,60,NONPOC,13,81.25,ALL_SESSIONS,3atr,true
R01,APPROACH_FROM_ABOVE,C02_ACTIVITY_MATCHED,5,55.56,9,60,NONPOC,9,100,ETH_EVENING,3atr,true
R01,APPROACH_FROM_ABOVE,C02_ACTIVITY_MATCHED,5,71.43,7,60,NONPOC,4,57.14,ETH_OVERNIGHT,3atr,true
R02,APPROACH_FROM_ABOVE,C02_ACTIVITY_MATCHED,3,42.86,7,60,NONPOC,5,71.43,ALL_SESSIONS,3atr,true
R02,APPROACH_FROM_ABOVE,C02_ACTIVITY_MATCHED,1,50,2,60,NONPOC,1,50,RTH_MIDDAY,3atr,true
R02,APPROACH_FROM_ABOVE,C02_ACTIVITY_MATCHED,1,100,1,60,NONPOC,0,0,RTH_MORNING,3atr,true
R02,APPROACH_FROM_ABOVE,C02_ACTIVITY_MATCHED,1,25,4,60,NONPOC,4,100,RTH_OPEN,3atr,true
R03,APPROACH_FROM_ABOVE,C02_ACTIVITY_MATCHED,14,45.16,31,60,NONPOC,28,90.32,ALL_SESSIONS,3atr,false
R03,APPROACH_FROM_ABOVE,C02_ACTIVITY_MATCHED,2,100,2,60,NONPOC,2,100,RTH_MIDDAY,3atr,true
R03,APPROACH_FROM_ABOVE,C02_ACTIVITY_MATCHED,1,20,5,60,NONPOC,5,100,RTH_MORNING,3atr,true
R03,APPROACH_FROM_ABOVE,C02_ACTIVITY_MATCHED,11,45.83,24,60,NONPOC,21,87.5,RTH_OPEN,3atr,true
R04,APPROACH_FROM_ABOVE,C02_ACTIVITY_MATCHED,13,76.47,17,60,NONPOC,16,94.12,ALL_SESSIONS,3atr,true
R04,APPROACH_FROM_ABOVE,C02_ACTIVITY_MATCHED,2,100,2,60,NONPOC,2,100,RTH_MIDDAY,3atr,true
R04,APPROACH_FROM_ABOVE,C02_ACTIVITY_MATCHED,3,100,3,60,NONPOC,3,100,RTH_MORNING,3atr,true
R04,APPROACH_FROM_ABOVE,C02_ACTIVITY_MATCHED,8,66.67,12,60,NONPOC,11,91.67,RTH_OPEN,3atr,true
R05,APPROACH_FROM_ABOVE,C02_ACTIVITY_MATCHED,4,50,8,60,NONPOC,5,62.5,ALL_SESSIONS,3atr,true
R05,APPROACH_FROM_ABOVE,C02_ACTIVITY_MATCHED,4,50,8,60,NONPOC,5,62.5,RTH_MORNING,3atr,true
ALL_ANCHORS,APPROACH_FROM_BELOW,C02_ACTIVITY_MATCHED,29,51.79,56,60,NONPOC,51,91.07,ALL_SESSIONS,3atr,false
ALL_ANCHORS,APPROACH_FROM_BELOW,C02_ACTIVITY_MATCHED,2,50,4,60,NONPOC,4,100,ETH_EVENING,3atr,true
ALL_ANCHORS,APPROACH_FROM_BELOW,C02_ACTIVITY_MATCHED,4,66.67,6,60,NONPOC,4,66.67,ETH_OVERNIGHT,3atr,true
ALL_ANCHORS,APPROACH_FROM_BELOW,C02_ACTIVITY_MATCHED,1,20,5,60,NONPOC,5,100,RTH_MIDDAY,3atr,true
ALL_ANCHORS,APPROACH_FROM_BELOW,C02_ACTIVITY_MATCHED,5,55.56,9,60,NONPOC,9,100,RTH_MORNING,3atr,true
ALL_ANCHORS,APPROACH_FROM_BELOW,C02_ACTIVITY_MATCHED,17,53.12,32,60,NONPOC,29,90.62,RTH_OPEN,3atr,false
R01,APPROACH_FROM_BELOW,C02_ACTIVITY_MATCHED,6,60,10,60,NONPOC,8,80,ALL_SESSIONS,3atr,true
R01,APPROACH_FROM_BELOW,C02_ACTIVITY_MATCHED,2,50,4,60,NONPOC,4,100,ETH_EVENING,3atr,true
R01,APPROACH_FROM_BELOW,C02_ACTIVITY_MATCHED,4,66.67,6,60,NONPOC,4,66.67,ETH_OVERNIGHT,3atr,true
R02,APPROACH_FROM_BELOW,C02_ACTIVITY_MATCHED,5,45.45,11,60,NONPOC,10,90.91,ALL_SESSIONS,3atr,true
R02,APPROACH_FROM_BELOW,C02_ACTIVITY_MATCHED,0,0,1,60,NONPOC,1,100,RTH_MORNING,3atr,true
R02,APPROACH_FROM_BELOW,C02_ACTIVITY_MATCHED,5,50,10,60,NONPOC,9,90,RTH_OPEN,3atr,true
R03,APPROACH_FROM_BELOW,C02_ACTIVITY_MATCHED,8,53.33,15,60,NONPOC,13,86.67,ALL_SESSIONS,3atr,true
R03,APPROACH_FROM_BELOW,C02_ACTIVITY_MATCHED,1,50,2,60,NONPOC,2,100,RTH_MIDDAY,3atr,true
R03,APPROACH_FROM_BELOW,C02_ACTIVITY_MATCHED,1,50,2,60,NONPOC,2,100,RTH_MORNING,3atr,true
R03,APPROACH_FROM_BELOW,C02_ACTIVITY_MATCHED,6,54.55,11,60,NONPOC,9,81.82,RTH_OPEN,3atr,true
R04,APPROACH_FROM_BELOW,C02_ACTIVITY_MATCHED,7,50,14,60,NONPOC,14,100,ALL_SESSIONS,3atr,true
R04,APPROACH_FROM_BELOW,C02_ACTIVITY_MATCHED,0,0,1,60,NONPOC,1,100,RTH_MIDDAY,3atr,true
R04,APPROACH_FROM_BELOW,C02_ACTIVITY_MATCHED,1,50,2,60,NONPOC,2,100,RTH_MORNING,3atr,true
R04,APPROACH_FROM_BELOW,C02_ACTIVITY_MATCHED,6,54.55,11,60,NONPOC,11,100,RTH_OPEN,3atr,true
R05,APPROACH_FROM_BELOW,C02_ACTIVITY_MATCHED,3,50,6,60,NONPOC,6,100,ALL_SESSIONS,3atr,true
R05,APPROACH_FROM_BELOW,C02_ACTIVITY_MATCHED,0,0,2,60,NONPOC,2,100,RTH_MIDDAY,3atr,true
R05,APPROACH_FROM_BELOW,C02_ACTIVITY_MATCHED,3,75,4,60,NONPOC,4,100,RTH_MORNING,3atr,true
ALL_ANCHORS,APPROACH_FROM_ABOVE,TREATED,50,58.82,85,60,NONPOC,70,82.35,ALL_SESSIONS,3atr,false
ALL_ANCHORS,APPROACH_FROM_ABOVE,TREATED,6,50,12,60,NONPOC,11,91.67,ETH_EVENING,3atr,true
ALL_ANCHORS,APPROACH_FROM_ABOVE,TREATED,5,62.5,8,60,NONPOC,6,75,ETH_OVERNIGHT,3atr,true
ALL_ANCHORS,APPROACH_FROM_ABOVE,TREATED,4,57.14,7,60,NONPOC,7,100,RTH_MIDDAY,3atr,true
ALL_ANCHORS,APPROACH_FROM_ABOVE,TREATED,12,66.67,18,60,NONPOC,14,77.78,RTH_MORNING,3atr,true
ALL_ANCHORS,APPROACH_FROM_ABOVE,TREATED,23,57.5,40,60,NONPOC,32,80,RTH_OPEN,3atr,false
R01,APPROACH_FROM_ABOVE,TREATED,11,55,20,60,NONPOC,17,85,ALL_SESSIONS,3atr,true
R01,APPROACH_FROM_ABOVE,TREATED,6,50,12,60,NONPOC,11,91.67,ETH_EVENING,3atr,true
R01,APPROACH_FROM_ABOVE,TREATED,5,62.5,8,60,NONPOC,6,75,ETH_OVERNIGHT,3atr,true
R02,APPROACH_FROM_ABOVE,TREATED,3,50,6,60,NONPOC,3,50,ALL_SESSIONS,3atr,true
R02,APPROACH_FROM_ABOVE,TREATED,0,0,1,60,NONPOC,1,100,RTH_MIDDAY,3atr,true
R02,APPROACH_FROM_ABOVE,TREATED,1,100,1,60,NONPOC,0,0,RTH_MORNING,3atr,true
R02,APPROACH_FROM_ABOVE,TREATED,2,50,4,60,NONPOC,2,50,RTH_OPEN,3atr,true
R03,APPROACH_FROM_ABOVE,TREATED,17,51.52,33,60,NONPOC,30,90.91,ALL_SESSIONS,3atr,false
R03,APPROACH_FROM_ABOVE,TREATED,2,50,4,60,NONPOC,4,100,RTH_MIDDAY,3atr,true
R03,APPROACH_FROM_ABOVE,TREATED,2,40,5,60,NONPOC,5,100,RTH_MORNING,3atr,true
R03,APPROACH_FROM_ABOVE,TREATED,13,54.17,24,60,NONPOC,21,87.5,RTH_OPEN,3atr,true
R04,APPROACH_FROM_ABOVE,TREATED,14,77.78,18,60,NONPOC,15,83.33,ALL_SESSIONS,3atr,true
R04,APPROACH_FROM_ABOVE,TREATED,2,100,2,60,NONPOC,2,100,RTH_MIDDAY,3atr,true
R04,APPROACH_FROM_ABOVE,TREATED,4,100,4,60,NONPOC,4,100,RTH_MORNING,3atr,true
R04,APPROACH_FROM_ABOVE,TREATED,8,66.67,12,60,NONPOC,9,75,RTH_OPEN,3atr,true
R05,APPROACH_FROM_ABOVE,TREATED,5,62.5,8,60,NONPOC,5,62.5,ALL_SESSIONS,3atr,true
R05,APPROACH_FROM_ABOVE,TREATED,5,62.5,8,60,NONPOC,5,62.5,RTH_MORNING,3atr,true
ALL_ANCHORS,APPROACH_FROM_BELOW,TREATED,34,47.22,72,60,NONPOC,60,83.33,ALL_SESSIONS,3atr,false
ALL_ANCHORS,APPROACH_FROM_BELOW,TREATED,3,60,5,60,NONPOC,4,80,ETH_EVENING,3atr,true
ALL_ANCHORS,APPROACH_FROM_BELOW,TREATED,2,33.33,6,60,NONPOC,4,66.67,ETH_OVERNIGHT,3atr,true
ALL_ANCHORS,APPROACH_FROM_BELOW,TREATED,3,50,6,60,NONPOC,4,66.67,RTH_MIDDAY,3atr,true
ALL_ANCHORS,APPROACH_FROM_BELOW,TREATED,6,40,15,60,NONPOC,13,86.67,RTH_MORNING,3atr,true
ALL_ANCHORS,APPROACH_FROM_BELOW,TREATED,20,50,40,60,NONPOC,35,87.5,RTH_OPEN,3atr,false
R01,APPROACH_FROM_BELOW,TREATED,5,45.45,11,60,NONPOC,8,72.73,ALL_SESSIONS,3atr,true
R01,APPROACH_FROM_BELOW,TREATED,3,60,5,60,NONPOC,4,80,ETH_EVENING,3atr,true
R01,APPROACH_FROM_BELOW,TREATED,2,33.33,6,60,NONPOC,4,66.67,ETH_OVERNIGHT,3atr,true
R02,APPROACH_FROM_BELOW,TREATED,5,33.33,15,60,NONPOC,14,93.33,ALL_SESSIONS,3atr,true
R02,APPROACH_FROM_BELOW,TREATED,5,33.33,15,60,NONPOC,14,93.33,RTH_OPEN,3atr,true
R03,APPROACH_FROM_BELOW,TREATED,12,63.16,19,60,NONPOC,15,78.95,ALL_SESSIONS,3atr,true
R03,APPROACH_FROM_BELOW,TREATED,2,100,2,60,NONPOC,1,50,RTH_MIDDAY,3atr,true
R03,APPROACH_FROM_BELOW,TREATED,0,0,3,60,NONPOC,3,100,RTH_MORNING,3atr,true
R03,APPROACH_FROM_BELOW,TREATED,10,71.43,14,60,NONPOC,11,78.57,RTH_OPEN,3atr,true
R04,APPROACH_FROM_BELOW,TREATED,6,37.5,16,60,NONPOC,14,87.5,ALL_SESSIONS,3atr,true
R04,APPROACH_FROM_BELOW,TREATED,0,0,1,60,NONPOC,1,100,RTH_MIDDAY,3atr,true
R04,APPROACH_FROM_BELOW,TREATED,1,25,4,60,NONPOC,3,75,RTH_MORNING,3atr,true
R04,APPROACH_FROM_BELOW,TREATED,5,45.45,11,60,NONPOC,10,90.91,RTH_OPEN,3atr,true
R05,APPROACH_FROM_BELOW,TREATED,6,54.55,11,60,NONPOC,9,81.82,ALL_SESSIONS,3atr,true
R05,APPROACH_FROM_BELOW,TREATED,1,33.33,3,60,NONPOC,2,66.67,RTH_MIDDAY,3atr,true
R05,APPROACH_FROM_BELOW,TREATED,5,62.5,8,60,NONPOC,7,87.5,RTH_MORNING,3atr,true
ALL_ANCHORS,APPROACH_FROM_ABOVE,C01_NEUTRAL,45,50.56,89,60,POC,79,88.76,ALL_SESSIONS,3atr,false
ALL_ANCHORS,APPROACH_FROM_ABOVE,C01_NEUTRAL,5,41.67,12,60,POC,11,91.67,ETH_EVENING,3atr,true
ALL_ANCHORS,APPROACH_FROM_ABOVE,C01_NEUTRAL,1,20,5,60,POC,5,100,ETH_OVERNIGHT,3atr,true
ALL_ANCHORS,APPROACH_FROM_ABOVE,C01_NEUTRAL,6,66.67,9,60,POC,8,88.89,RTH_MIDDAY,3atr,true
ALL_ANCHORS,APPROACH_FROM_ABOVE,C01_NEUTRAL,14,63.64,22,60,POC,18,81.82,RTH_MORNING,3atr,true
ALL_ANCHORS,APPROACH_FROM_ABOVE,C01_NEUTRAL,19,46.34,41,60,POC,37,90.24,RTH_OPEN,3atr,false
R01,APPROACH_FROM_ABOVE,C01_NEUTRAL,6,33.33,18,60,POC,17,94.44,ALL_SESSIONS,3atr,true
R01,APPROACH_FROM_ABOVE,C01_NEUTRAL,5,41.67,12,60,POC,11,91.67,ETH_EVENING,3atr,true
R01,APPROACH_FROM_ABOVE,C01_NEUTRAL,1,20,5,60,POC,5,100,ETH_OVERNIGHT,3atr,true
R01,APPROACH_FROM_ABOVE,C01_NEUTRAL,0,0,1,60,POC,1,100,RTH_OPEN,3atr,true
R02,APPROACH_FROM_ABOVE,C01_NEUTRAL,6,50,12,60,POC,10,83.33,ALL_SESSIONS,3atr,true
R02,APPROACH_FROM_ABOVE,C01_NEUTRAL,1,100,1,60,POC,1,100,RTH_MIDDAY,3atr,true
R02,APPROACH_FROM_ABOVE,C01_NEUTRAL,2,66.67,3,60,POC,2,66.67,RTH_MORNING,3atr,true
R02,APPROACH_FROM_ABOVE,C01_NEUTRAL,3,37.5,8,60,POC,7,87.5,RTH_OPEN,3atr,true
R03,APPROACH_FROM_ABOVE,C01_NEUTRAL,8,40,20,60,POC,20,100,ALL_SESSIONS,3atr,true
R03,APPROACH_FROM_ABOVE,C01_NEUTRAL,2,100,2,60,POC,2,100,RTH_MIDDAY,3atr,true
R03,APPROACH_FROM_ABOVE,C01_NEUTRAL,1,33.33,3,60,POC,3,100,RTH_MORNING,3atr,true
R03,APPROACH_FROM_ABOVE,C01_NEUTRAL,5,33.33,15,60,POC,15,100,RTH_OPEN,3atr,true
R04,APPROACH_FROM_ABOVE,C01_NEUTRAL,13,59.09,22,60,POC,19,86.36,ALL_SESSIONS,3atr,true
R04,APPROACH_FROM_ABOVE,C01_NEUTRAL,1,50,2,60,POC,2,100,RTH_MIDDAY,3atr,true
R04,APPROACH_FROM_ABOVE,C01_NEUTRAL,1,33.33,3,60,POC,3,100,RTH_MORNING,3atr,true
R04,APPROACH_FROM_ABOVE,C01_NEUTRAL,11,64.71,17,60,POC,14,82.35,RTH_OPEN,3atr,true
R05,APPROACH_FROM_ABOVE,C01_NEUTRAL,12,70.59,17,60,POC,13,76.47,ALL_SESSIONS,3atr,true
R05,APPROACH_FROM_ABOVE,C01_NEUTRAL,2,50,4,60,POC,3,75,RTH_MIDDAY,3atr,true
R05,APPROACH_FROM_ABOVE,C01_NEUTRAL,10,76.92,13,60,POC,10,76.92,RTH_MORNING,3atr,true
ALL_ANCHORS,APPROACH_FROM_BELOW,C01_NEUTRAL,26,47.27,55,60,POC,47,85.45,ALL_SESSIONS,3atr,false
ALL_ANCHORS,APPROACH_FROM_BELOW,C01_NEUTRAL,3,33.33,9,60,POC,8,88.89,ETH_EVENING,3atr,true
ALL_ANCHORS,APPROACH_FROM_BELOW,C01_NEUTRAL,1,50,2,60,POC,1,50,ETH_OVERNIGHT,3atr,true
ALL_ANCHORS,APPROACH_FROM_BELOW,C01_NEUTRAL,2,100,2,60,POC,1,50,RTH_MIDDAY,3atr,true
ALL_ANCHORS,APPROACH_FROM_BELOW,C01_NEUTRAL,6,37.5,16,60,POC,14,87.5,RTH_MORNING,3atr,true
ALL_ANCHORS,APPROACH_FROM_BELOW,C01_NEUTRAL,14,53.85,26,60,POC,23,88.46,RTH_OPEN,3atr,true
R01,APPROACH_FROM_BELOW,C01_NEUTRAL,4,36.36,11,60,POC,9,81.82,ALL_SESSIONS,3atr,true
R01,APPROACH_FROM_BELOW,C01_NEUTRAL,3,33.33,9,60,POC,8,88.89,ETH_EVENING,3atr,true
R01,APPROACH_FROM_BELOW,C01_NEUTRAL,1,50,2,60,POC,1,50,ETH_OVERNIGHT,3atr,true
R02,APPROACH_FROM_BELOW,C01_NEUTRAL,5,50,10,60,POC,9,90,ALL_SESSIONS,3atr,true
R02,APPROACH_FROM_BELOW,C01_NEUTRAL,0,0,3,60,POC,3,100,RTH_MORNING,3atr,true
R02,APPROACH_FROM_BELOW,C01_NEUTRAL,5,71.43,7,60,POC,6,85.71,RTH_OPEN,3atr,true
R03,APPROACH_FROM_BELOW,C01_NEUTRAL,4,33.33,12,60,POC,11,91.67,ALL_SESSIONS,3atr,true
R03,APPROACH_FROM_BELOW,C01_NEUTRAL,0,0,1,60,POC,1,100,RTH_MORNING,3atr,true
R03,APPROACH_FROM_BELOW,C01_NEUTRAL,4,36.36,11,60,POC,10,90.91,RTH_OPEN,3atr,true
R04,APPROACH_FROM_BELOW,C01_NEUTRAL,9,64.29,14,60,POC,12,85.71,ALL_SESSIONS,3atr,true
R04,APPROACH_FROM_BELOW,C01_NEUTRAL,1,100,1,60,POC,0,0,RTH_MIDDAY,3atr,true
R04,APPROACH_FROM_BELOW,C01_NEUTRAL,3,60,5,60,POC,5,100,RTH_MORNING,3atr,true
R04,APPROACH_FROM_BELOW,C01_NEUTRAL,5,62.5,8,60,POC,7,87.5,RTH_OPEN,3atr,true
R05,APPROACH_FROM_BELOW,C01_NEUTRAL,4,50,8,60,POC,6,75,ALL_SESSIONS,3atr,true
R05,APPROACH_FROM_BELOW,C01_NEUTRAL,1,100,1,60,POC,1,100,RTH_MIDDAY,3atr,true
R05,APPROACH_FROM_BELOW,C01_NEUTRAL,3,42.86,7,60,POC,5,71.43,RTH_MORNING,3atr,true
ALL_ANCHORS,APPROACH_FROM_ABOVE,C02_ACTIVITY_MATCHED,40,58.82,68,60,POC,59,86.76,ALL_SESSIONS,3atr,false
ALL_ANCHORS,APPROACH_FROM_ABOVE,C02_ACTIVITY_MATCHED,7,77.78,9,60,POC,8,88.89,ETH_EVENING,3atr,true
ALL_ANCHORS,APPROACH_FROM_ABOVE,C02_ACTIVITY_MATCHED,1,100,1,60,POC,0,0,ETH_OVERNIGHT,3atr,true
ALL_ANCHORS,APPROACH_FROM_ABOVE,C02_ACTIVITY_MATCHED,5,71.43,7,60,POC,7,100,RTH_MIDDAY,3atr,true
ALL_ANCHORS,APPROACH_FROM_ABOVE,C02_ACTIVITY_MATCHED,6,46.15,13,60,POC,12,92.31,RTH_MORNING,3atr,true
ALL_ANCHORS,APPROACH_FROM_ABOVE,C02_ACTIVITY_MATCHED,21,55.26,38,60,POC,32,84.21,RTH_OPEN,3atr,false
R01,APPROACH_FROM_ABOVE,C02_ACTIVITY_MATCHED,8,80,10,60,POC,8,80,ALL_SESSIONS,3atr,true
R01,APPROACH_FROM_ABOVE,C02_ACTIVITY_MATCHED,7,77.78,9,60,POC,8,88.89,ETH_EVENING,3atr,true
R01,APPROACH_FROM_ABOVE,C02_ACTIVITY_MATCHED,1,100,1,60,POC,0,0,ETH_OVERNIGHT,3atr,true
R02,APPROACH_FROM_ABOVE,C02_ACTIVITY_MATCHED,2,20,10,60,POC,9,90,ALL_SESSIONS,3atr,true
R02,APPROACH_FROM_ABOVE,C02_ACTIVITY_MATCHED,0,0,3,60,POC,3,100,RTH_MORNING,3atr,true
R02,APPROACH_FROM_ABOVE,C02_ACTIVITY_MATCHED,2,28.57,7,60,POC,6,85.71,RTH_OPEN,3atr,true
R03,APPROACH_FROM_ABOVE,C02_ACTIVITY_MATCHED,8,47.06,17,60,POC,14,82.35,ALL_SESSIONS,3atr,true
R03,APPROACH_FROM_ABOVE,C02_ACTIVITY_MATCHED,1,100,1,60,POC,1,100,RTH_MIDDAY,3atr,true
R03,APPROACH_FROM_ABOVE,C02_ACTIVITY_MATCHED,0,0,2,60,POC,2,100,RTH_MORNING,3atr,true
R03,APPROACH_FROM_ABOVE,C02_ACTIVITY_MATCHED,7,50,14,60,POC,11,78.57,RTH_OPEN,3atr,true
R04,APPROACH_FROM_ABOVE,C02_ACTIVITY_MATCHED,15,68.18,22,60,POC,20,90.91,ALL_SESSIONS,3atr,true
R04,APPROACH_FROM_ABOVE,C02_ACTIVITY_MATCHED,1,50,2,60,POC,2,100,RTH_MIDDAY,3atr,true
R04,APPROACH_FROM_ABOVE,C02_ACTIVITY_MATCHED,2,66.67,3,60,POC,3,100,RTH_MORNING,3atr,true
R04,APPROACH_FROM_ABOVE,C02_ACTIVITY_MATCHED,12,70.59,17,60,POC,15,88.24,RTH_OPEN,3atr,true
R05,APPROACH_FROM_ABOVE,C02_ACTIVITY_MATCHED,7,77.78,9,60,POC,8,88.89,ALL_SESSIONS,3atr,true
R05,APPROACH_FROM_ABOVE,C02_ACTIVITY_MATCHED,3,75,4,60,POC,4,100,RTH_MIDDAY,3atr,true
R05,APPROACH_FROM_ABOVE,C02_ACTIVITY_MATCHED,4,80,5,60,POC,4,80,RTH_MORNING,3atr,true
ALL_ANCHORS,APPROACH_FROM_BELOW,C02_ACTIVITY_MATCHED,31,55.36,56,60,POC,44,78.57,ALL_SESSIONS,3atr,false
ALL_ANCHORS,APPROACH_FROM_BELOW,C02_ACTIVITY_MATCHED,6,60,10,60,POC,7,70,ETH_EVENING,3atr,true
ALL_ANCHORS,APPROACH_FROM_BELOW,C02_ACTIVITY_MATCHED,1,50,2,60,POC,1,50,ETH_OVERNIGHT,3atr,true
ALL_ANCHORS,APPROACH_FROM_BELOW,C02_ACTIVITY_MATCHED,1,50,2,60,POC,2,100,RTH_MIDDAY,3atr,true
ALL_ANCHORS,APPROACH_FROM_BELOW,C02_ACTIVITY_MATCHED,11,57.89,19,60,POC,13,68.42,RTH_MORNING,3atr,true
ALL_ANCHORS,APPROACH_FROM_BELOW,C02_ACTIVITY_MATCHED,12,52.17,23,60,POC,21,91.3,RTH_OPEN,3atr,true
R01,APPROACH_FROM_BELOW,C02_ACTIVITY_MATCHED,7,58.33,12,60,POC,8,66.67,ALL_SESSIONS,3atr,true
R01,APPROACH_FROM_BELOW,C02_ACTIVITY_MATCHED,6,60,10,60,POC,7,70,ETH_EVENING,3atr,true
R01,APPROACH_FROM_BELOW,C02_ACTIVITY_MATCHED,1,50,2,60,POC,1,50,ETH_OVERNIGHT,3atr,true
R02,APPROACH_FROM_BELOW,C02_ACTIVITY_MATCHED,5,50,10,60,POC,8,80,ALL_SESSIONS,3atr,true
R02,APPROACH_FROM_BELOW,C02_ACTIVITY_MATCHED,1,25,4,60,POC,3,75,RTH_MORNING,3atr,true
R02,APPROACH_FROM_BELOW,C02_ACTIVITY_MATCHED,4,66.67,6,60,POC,5,83.33,RTH_OPEN,3atr,true
R03,APPROACH_FROM_BELOW,C02_ACTIVITY_MATCHED,7,58.33,12,60,POC,11,91.67,ALL_SESSIONS,3atr,true
R03,APPROACH_FROM_BELOW,C02_ACTIVITY_MATCHED,1,100,1,60,POC,1,100,RTH_MIDDAY,3atr,true
R03,APPROACH_FROM_BELOW,C02_ACTIVITY_MATCHED,3,75,4,60,POC,3,75,RTH_MORNING,3atr,true
R03,APPROACH_FROM_BELOW,C02_ACTIVITY_MATCHED,3,42.86,7,60,POC,7,100,RTH_OPEN,3atr,true
R04,APPROACH_FROM_BELOW,C02_ACTIVITY_MATCHED,8,61.54,13,60,POC,11,84.62,ALL_SESSIONS,3atr,true
R04,APPROACH_FROM_BELOW,C02_ACTIVITY_MATCHED,3,100,3,60,POC,2,66.67,RTH_MORNING,3atr,true
R04,APPROACH_FROM_BELOW,C02_ACTIVITY_MATCHED,5,50,10,60,POC,9,90,RTH_OPEN,3atr,true
R05,APPROACH_FROM_BELOW,C02_ACTIVITY_MATCHED,4,44.44,9,60,POC,6,66.67,ALL_SESSIONS,3atr,true
R05,APPROACH_FROM_BELOW,C02_ACTIVITY_MATCHED,0,0,1,60,POC,1,100,RTH_MIDDAY,3atr,true
R05,APPROACH_FROM_BELOW,C02_ACTIVITY_MATCHED,4,50,8,60,POC,5,62.5,RTH_MORNING,3atr,true
ALL_ANCHORS,APPROACH_FROM_ABOVE,TREATED,51,58.62,87,60,POC,78,89.66,ALL_SESSIONS,3atr,false
ALL_ANCHORS,APPROACH_FROM_ABOVE,TREATED,6,54.55,11,60,POC,10,90.91,ETH_EVENING,3atr,true
ALL_ANCHORS,APPROACH_FROM_ABOVE,TREATED,2,40,5,60,POC,5,100,ETH_OVERNIGHT,3atr,true
ALL_ANCHORS,APPROACH_FROM_ABOVE,TREATED,8,80,10,60,POC,8,80,RTH_MIDDAY,3atr,true
ALL_ANCHORS,APPROACH_FROM_ABOVE,TREATED,13,81.25,16,60,POC,16,100,RTH_MORNING,3atr,true
ALL_ANCHORS,APPROACH_FROM_ABOVE,TREATED,22,48.89,45,60,POC,39,86.67,RTH_OPEN,3atr,false
R01,APPROACH_FROM_ABOVE,TREATED,8,50,16,60,POC,15,93.75,ALL_SESSIONS,3atr,true
R01,APPROACH_FROM_ABOVE,TREATED,6,54.55,11,60,POC,10,90.91,ETH_EVENING,3atr,true
R01,APPROACH_FROM_ABOVE,TREATED,2,40,5,60,POC,5,100,ETH_OVERNIGHT,3atr,true
R02,APPROACH_FROM_ABOVE,TREATED,5,41.67,12,60,POC,9,75,ALL_SESSIONS,3atr,true
R02,APPROACH_FROM_ABOVE,TREATED,1,100,1,60,POC,0,0,RTH_MIDDAY,3atr,true
R02,APPROACH_FROM_ABOVE,TREATED,1,50,2,60,POC,2,100,RTH_MORNING,3atr,true
R02,APPROACH_FROM_ABOVE,TREATED,3,33.33,9,60,POC,7,77.78,RTH_OPEN,3atr,true
R03,APPROACH_FROM_ABOVE,TREATED,9,42.86,21,60,POC,20,95.24,ALL_SESSIONS,3atr,true
R03,APPROACH_FROM_ABOVE,TREATED,2,100,2,60,POC,2,100,RTH_MIDDAY,3atr,true
R03,APPROACH_FROM_ABOVE,TREATED,0,0,2,60,POC,2,100,RTH_MORNING,3atr,true
R03,APPROACH_FROM_ABOVE,TREATED,7,41.18,17,60,POC,16,94.12,RTH_OPEN,3atr,true
R04,APPROACH_FROM_ABOVE,TREATED,16,69.57,23,60,POC,20,86.96,ALL_SESSIONS,3atr,true
R04,APPROACH_FROM_ABOVE,TREATED,2,100,2,60,POC,2,100,RTH_MIDDAY,3atr,true
R04,APPROACH_FROM_ABOVE,TREATED,2,100,2,60,POC,2,100,RTH_MORNING,3atr,true
R04,APPROACH_FROM_ABOVE,TREATED,12,63.16,19,60,POC,16,84.21,RTH_OPEN,3atr,true
R05,APPROACH_FROM_ABOVE,TREATED,13,86.67,15,60,POC,14,93.33,ALL_SESSIONS,3atr,true
R05,APPROACH_FROM_ABOVE,TREATED,3,60,5,60,POC,4,80,RTH_MIDDAY,3atr,true
R05,APPROACH_FROM_ABOVE,TREATED,10,100,10,60,POC,10,100,RTH_MORNING,3atr,true
ALL_ANCHORS,APPROACH_FROM_BELOW,TREATED,29,46.03,63,60,POC,52,82.54,ALL_SESSIONS,3atr,false
ALL_ANCHORS,APPROACH_FROM_BELOW,TREATED,5,50,10,60,POC,7,70,ETH_EVENING,3atr,true
ALL_ANCHORS,APPROACH_FROM_BELOW,TREATED,1,33.33,3,60,POC,2,66.67,ETH_OVERNIGHT,3atr,true
ALL_ANCHORS,APPROACH_FROM_BELOW,TREATED,1,33.33,3,60,POC,2,66.67,RTH_MIDDAY,3atr,true
ALL_ANCHORS,APPROACH_FROM_BELOW,TREATED,7,43.75,16,60,POC,13,81.25,RTH_MORNING,3atr,true
ALL_ANCHORS,APPROACH_FROM_BELOW,TREATED,15,48.39,31,60,POC,28,90.32,RTH_OPEN,3atr,false
R01,APPROACH_FROM_BELOW,TREATED,6,46.15,13,60,POC,9,69.23,ALL_SESSIONS,3atr,true
R01,APPROACH_FROM_BELOW,TREATED,5,50,10,60,POC,7,70,ETH_EVENING,3atr,true
R01,APPROACH_FROM_BELOW,TREATED,1,33.33,3,60,POC,2,66.67,ETH_OVERNIGHT,3atr,true
R02,APPROACH_FROM_BELOW,TREATED,3,33.33,9,60,POC,7,77.78,ALL_SESSIONS,3atr,true
R02,APPROACH_FROM_BELOW,TREATED,0,0,3,60,POC,3,100,RTH_MORNING,3atr,true
R02,APPROACH_FROM_BELOW,TREATED,3,50,6,60,POC,4,66.67,RTH_OPEN,3atr,true
R03,APPROACH_FROM_BELOW,TREATED,7,46.67,15,60,POC,12,80,ALL_SESSIONS,3atr,true
R03,APPROACH_FROM_BELOW,TREATED,0,0,1,60,POC,0,0,RTH_MIDDAY,3atr,true
R03,APPROACH_FROM_BELOW,TREATED,1,100,1,60,POC,0,0,RTH_MORNING,3atr,true
R03,APPROACH_FROM_BELOW,TREATED,6,46.15,13,60,POC,12,92.31,RTH_OPEN,3atr,true
R04,APPROACH_FROM_BELOW,TREATED,9,52.94,17,60,POC,16,94.12,ALL_SESSIONS,3atr,true
R04,APPROACH_FROM_BELOW,TREATED,0,0,1,60,POC,1,100,RTH_MIDDAY,3atr,true
R04,APPROACH_FROM_BELOW,TREATED,3,75,4,60,POC,3,75,RTH_MORNING,3atr,true
R04,APPROACH_FROM_BELOW,TREATED,6,50,12,60,POC,12,100,RTH_OPEN,3atr,true
R05,APPROACH_FROM_BELOW,TREATED,4,44.44,9,60,POC,8,88.89,ALL_SESSIONS,3atr,true
R05,APPROACH_FROM_BELOW,TREATED,1,100,1,60,POC,1,100,RTH_MIDDAY,3atr,true
R05,APPROACH_FROM_BELOW,TREATED,3,37.5,8,60,POC,7,87.5,RTH_MORNING,3atr,true
ALL_ANCHORS,APPROACH_FROM_ABOVE,C01_NEUTRAL,40,49.38,81,15,NONPOC,62,76.54,ALL_SESSIONS,5atr,false
ALL_ANCHORS,APPROACH_FROM_ABOVE,C01_NEUTRAL,3,25,12,15,NONPOC,7,58.33,ETH_EVENING,5atr,true
ALL_ANCHORS,APPROACH_FROM_ABOVE,C01_NEUTRAL,3,42.86,7,15,NONPOC,4,57.14,ETH_OVERNIGHT,5atr,true
ALL_ANCHORS,APPROACH_FROM_ABOVE,C01_NEUTRAL,3,37.5,8,15,NONPOC,7,87.5,RTH_MIDDAY,5atr,true
ALL_ANCHORS,APPROACH_FROM_ABOVE,C01_NEUTRAL,10,62.5,16,15,NONPOC,12,75,RTH_MORNING,5atr,true
ALL_ANCHORS,APPROACH_FROM_ABOVE,C01_NEUTRAL,21,55.26,38,15,NONPOC,32,84.21,RTH_OPEN,5atr,false
R01,APPROACH_FROM_ABOVE,C01_NEUTRAL,6,31.58,19,15,NONPOC,11,57.89,ALL_SESSIONS,5atr,true
R01,APPROACH_FROM_ABOVE,C01_NEUTRAL,3,25,12,15,NONPOC,7,58.33,ETH_EVENING,5atr,true
R01,APPROACH_FROM_ABOVE,C01_NEUTRAL,3,42.86,7,15,NONPOC,4,57.14,ETH_OVERNIGHT,5atr,true
R02,APPROACH_FROM_ABOVE,C01_NEUTRAL,1,33.33,3,15,NONPOC,3,100,ALL_SESSIONS,5atr,true
R02,APPROACH_FROM_ABOVE,C01_NEUTRAL,0,0,1,15,NONPOC,1,100,RTH_MIDDAY,5atr,true
R02,APPROACH_FROM_ABOVE,C01_NEUTRAL,1,50,2,15,NONPOC,2,100,RTH_OPEN,5atr,true
R03,APPROACH_FROM_ABOVE,C01_NEUTRAL,15,46.88,32,15,NONPOC,29,90.62,ALL_SESSIONS,5atr,false
R03,APPROACH_FROM_ABOVE,C01_NEUTRAL,1,25,4,15,NONPOC,4,100,RTH_MIDDAY,5atr,true
R03,APPROACH_FROM_ABOVE,C01_NEUTRAL,3,60,5,15,NONPOC,5,100,RTH_MORNING,5atr,true
R03,APPROACH_FROM_ABOVE,C01_NEUTRAL,11,47.83,23,15,NONPOC,20,86.96,RTH_OPEN,5atr,true
R04,APPROACH_FROM_ABOVE,C01_NEUTRAL,13,68.42,19,15,NONPOC,15,78.95,ALL_SESSIONS,5atr,true
R04,APPROACH_FROM_ABOVE,C01_NEUTRAL,1,50,2,15,NONPOC,2,100,RTH_MIDDAY,5atr,true
R04,APPROACH_FROM_ABOVE,C01_NEUTRAL,3,75,4,15,NONPOC,3,75,RTH_MORNING,5atr,true
R04,APPROACH_FROM_ABOVE,C01_NEUTRAL,9,69.23,13,15,NONPOC,10,76.92,RTH_OPEN,5atr,true
R05,APPROACH_FROM_ABOVE,C01_NEUTRAL,5,62.5,8,15,NONPOC,4,50,ALL_SESSIONS,5atr,true
R05,APPROACH_FROM_ABOVE,C01_NEUTRAL,1,100,1,15,NONPOC,0,0,RTH_MIDDAY,5atr,true
R05,APPROACH_FROM_ABOVE,C01_NEUTRAL,4,57.14,7,15,NONPOC,4,57.14,RTH_MORNING,5atr,true
ALL_ANCHORS,APPROACH_FROM_BELOW,C01_NEUTRAL,31,43.66,71,15,NONPOC,53,74.65,ALL_SESSIONS,5atr,false
ALL_ANCHORS,APPROACH_FROM_BELOW,C01_NEUTRAL,2,28.57,7,15,NONPOC,3,42.86,ETH_EVENING,5atr,true
ALL_ANCHORS,APPROACH_FROM_BELOW,C01_NEUTRAL,2,28.57,7,15,NONPOC,3,42.86,ETH_OVERNIGHT,5atr,true
ALL_ANCHORS,APPROACH_FROM_BELOW,C01_NEUTRAL,2,50,4,15,NONPOC,3,75,RTH_MIDDAY,5atr,true
ALL_ANCHORS,APPROACH_FROM_BELOW,C01_NEUTRAL,7,41.18,17,15,NONPOC,14,82.35,RTH_MORNING,5atr,true
ALL_ANCHORS,APPROACH_FROM_BELOW,C01_NEUTRAL,18,50,36,15,NONPOC,30,83.33,RTH_OPEN,5atr,false
R01,APPROACH_FROM_BELOW,C01_NEUTRAL,4,28.57,14,15,NONPOC,6,42.86,ALL_SESSIONS,5atr,true
R01,APPROACH_FROM_BELOW,C01_NEUTRAL,2,28.57,7,15,NONPOC,3,42.86,ETH_EVENING,5atr,true
R01,APPROACH_FROM_BELOW,C01_NEUTRAL,2,28.57,7,15,NONPOC,3,42.86,ETH_OVERNIGHT,5atr,true
R02,APPROACH_FROM_BELOW,C01_NEUTRAL,6,54.55,11,15,NONPOC,7,63.64,ALL_SESSIONS,5atr,true
R02,APPROACH_FROM_BELOW,C01_NEUTRAL,6,54.55,11,15,NONPOC,7,63.64,RTH_OPEN,5atr,true
R03,APPROACH_FROM_BELOW,C01_NEUTRAL,8,44.44,18,15,NONPOC,16,88.89,ALL_SESSIONS,5atr,true
R03,APPROACH_FROM_BELOW,C01_NEUTRAL,1,20,5,15,NONPOC,5,100,RTH_MORNING,5atr,true
R03,APPROACH_FROM_BELOW,C01_NEUTRAL,7,53.85,13,15,NONPOC,11,84.62,RTH_OPEN,5atr,true
R04,APPROACH_FROM_BELOW,C01_NEUTRAL,8,47.06,17,15,NONPOC,16,94.12,ALL_SESSIONS,5atr,true
R04,APPROACH_FROM_BELOW,C01_NEUTRAL,1,100,1,15,NONPOC,1,100,RTH_MIDDAY,5atr,true
R04,APPROACH_FROM_BELOW,C01_NEUTRAL,2,50,4,15,NONPOC,3,75,RTH_MORNING,5atr,true
R04,APPROACH_FROM_BELOW,C01_NEUTRAL,5,41.67,12,15,NONPOC,12,100,RTH_OPEN,5atr,true
R05,APPROACH_FROM_BELOW,C01_NEUTRAL,5,45.45,11,15,NONPOC,8,72.73,ALL_SESSIONS,5atr,true
R05,APPROACH_FROM_BELOW,C01_NEUTRAL,1,33.33,3,15,NONPOC,2,66.67,RTH_MIDDAY,5atr,true
R05,APPROACH_FROM_BELOW,C01_NEUTRAL,4,50,8,15,NONPOC,6,75,RTH_MORNING,5atr,true
ALL_ANCHORS,APPROACH_FROM_ABOVE,C02_ACTIVITY_MATCHED,42,53.16,79,15,NONPOC,63,79.75,ALL_SESSIONS,5atr,false
ALL_ANCHORS,APPROACH_FROM_ABOVE,C02_ACTIVITY_MATCHED,1,11.11,9,15,NONPOC,9,100,ETH_EVENING,5atr,true
ALL_ANCHORS,APPROACH_FROM_ABOVE,C02_ACTIVITY_MATCHED,3,42.86,7,15,NONPOC,4,57.14,ETH_OVERNIGHT,5atr,true
ALL_ANCHORS,APPROACH_FROM_ABOVE,C02_ACTIVITY_MATCHED,4,66.67,6,15,NONPOC,4,66.67,RTH_MIDDAY,5atr,true
ALL_ANCHORS,APPROACH_FROM_ABOVE,C02_ACTIVITY_MATCHED,11,64.71,17,15,NONPOC,12,70.59,RTH_MORNING,5atr,true
ALL_ANCHORS,APPROACH_FROM_ABOVE,C02_ACTIVITY_MATCHED,23,57.5,40,15,NONPOC,34,85,RTH_OPEN,5atr,false
R01,APPROACH_FROM_ABOVE,C02_ACTIVITY_MATCHED,4,25,16,15,NONPOC,13,81.25,ALL_SESSIONS,5atr,true
R01,APPROACH_FROM_ABOVE,C02_ACTIVITY_MATCHED,1,11.11,9,15,NONPOC,9,100,ETH_EVENING,5atr,true
R01,APPROACH_FROM_ABOVE,C02_ACTIVITY_MATCHED,3,42.86,7,15,NONPOC,4,57.14,ETH_OVERNIGHT,5atr,true
R02,APPROACH_FROM_ABOVE,C02_ACTIVITY_MATCHED,2,28.57,7,15,NONPOC,5,71.43,ALL_SESSIONS,5atr,true
R02,APPROACH_FROM_ABOVE,C02_ACTIVITY_MATCHED,1,50,2,15,NONPOC,1,50,RTH_MIDDAY,5atr,true
R02,APPROACH_FROM_ABOVE,C02_ACTIVITY_MATCHED,1,100,1,15,NONPOC,0,0,RTH_MORNING,5atr,true
R02,APPROACH_FROM_ABOVE,C02_ACTIVITY_MATCHED,0,0,4,15,NONPOC,4,100,RTH_OPEN,5atr,true
R03,APPROACH_FROM_ABOVE,C02_ACTIVITY_MATCHED,18,58.06,31,15,NONPOC,26,83.87,ALL_SESSIONS,5atr,false
R03,APPROACH_FROM_ABOVE,C02_ACTIVITY_MATCHED,2,100,2,15,NONPOC,1,50,RTH_MIDDAY,5atr,true
R03,APPROACH_FROM_ABOVE,C02_ACTIVITY_MATCHED,3,60,5,15,NONPOC,4,80,RTH_MORNING,5atr,true
R03,APPROACH_FROM_ABOVE,C02_ACTIVITY_MATCHED,13,54.17,24,15,NONPOC,21,87.5,RTH_OPEN,5atr,true
R04,APPROACH_FROM_ABOVE,C02_ACTIVITY_MATCHED,13,76.47,17,15,NONPOC,14,82.35,ALL_SESSIONS,5atr,true
R04,APPROACH_FROM_ABOVE,C02_ACTIVITY_MATCHED,1,50,2,15,NONPOC,2,100,RTH_MIDDAY,5atr,true
R04,APPROACH_FROM_ABOVE,C02_ACTIVITY_MATCHED,2,66.67,3,15,NONPOC,3,100,RTH_MORNING,5atr,true
R04,APPROACH_FROM_ABOVE,C02_ACTIVITY_MATCHED,10,83.33,12,15,NONPOC,9,75,RTH_OPEN,5atr,true
R05,APPROACH_FROM_ABOVE,C02_ACTIVITY_MATCHED,5,62.5,8,15,NONPOC,5,62.5,ALL_SESSIONS,5atr,true
R05,APPROACH_FROM_ABOVE,C02_ACTIVITY_MATCHED,5,62.5,8,15,NONPOC,5,62.5,RTH_MORNING,5atr,true
ALL_ANCHORS,APPROACH_FROM_BELOW,C02_ACTIVITY_MATCHED,29,49.15,59,15,NONPOC,46,77.97,ALL_SESSIONS,5atr,false
ALL_ANCHORS,APPROACH_FROM_BELOW,C02_ACTIVITY_MATCHED,2,50,4,15,NONPOC,2,50,ETH_EVENING,5atr,true
ALL_ANCHORS,APPROACH_FROM_BELOW,C02_ACTIVITY_MATCHED,1,12.5,8,15,NONPOC,4,50,ETH_OVERNIGHT,5atr,true
ALL_ANCHORS,APPROACH_FROM_BELOW,C02_ACTIVITY_MATCHED,0,0,1,15,NONPOC,1,100,RTH_AFTERNOON,5atr,true
ALL_ANCHORS,APPROACH_FROM_BELOW,C02_ACTIVITY_MATCHED,2,40,5,15,NONPOC,5,100,RTH_MIDDAY,5atr,true
ALL_ANCHORS,APPROACH_FROM_BELOW,C02_ACTIVITY_MATCHED,4,44.44,9,15,NONPOC,9,100,RTH_MORNING,5atr,true
ALL_ANCHORS,APPROACH_FROM_BELOW,C02_ACTIVITY_MATCHED,20,62.5,32,15,NONPOC,25,78.12,RTH_OPEN,5atr,false
R01,APPROACH_FROM_BELOW,C02_ACTIVITY_MATCHED,3,25,12,15,NONPOC,6,50,ALL_SESSIONS,5atr,true
R01,APPROACH_FROM_BELOW,C02_ACTIVITY_MATCHED,2,50,4,15,NONPOC,2,50,ETH_EVENING,5atr,true
R01,APPROACH_FROM_BELOW,C02_ACTIVITY_MATCHED,1,12.5,8,15,NONPOC,4,50,ETH_OVERNIGHT,5atr,true
R02,APPROACH_FROM_BELOW,C02_ACTIVITY_MATCHED,8,72.73,11,15,NONPOC,6,54.55,ALL_SESSIONS,5atr,true
R02,APPROACH_FROM_BELOW,C02_ACTIVITY_MATCHED,0,0,1,15,NONPOC,1,100,RTH_MORNING,5atr,true
R02,APPROACH_FROM_BELOW,C02_ACTIVITY_MATCHED,8,80,10,15,NONPOC,5,50,RTH_OPEN,5atr,true
R03,APPROACH_FROM_BELOW,C02_ACTIVITY_MATCHED,10,66.67,15,15,NONPOC,13,86.67,ALL_SESSIONS,5atr,true
R03,APPROACH_FROM_BELOW,C02_ACTIVITY_MATCHED,2,100,2,15,NONPOC,2,100,RTH_MIDDAY,5atr,true
R03,APPROACH_FROM_BELOW,C02_ACTIVITY_MATCHED,0,0,2,15,NONPOC,2,100,RTH_MORNING,5atr,true
R03,APPROACH_FROM_BELOW,C02_ACTIVITY_MATCHED,8,72.73,11,15,NONPOC,9,81.82,RTH_OPEN,5atr,true
R04,APPROACH_FROM_BELOW,C02_ACTIVITY_MATCHED,4,28.57,14,15,NONPOC,14,100,ALL_SESSIONS,5atr,true
R04,APPROACH_FROM_BELOW,C02_ACTIVITY_MATCHED,0,0,1,15,NONPOC,1,100,RTH_MIDDAY,5atr,true
R04,APPROACH_FROM_BELOW,C02_ACTIVITY_MATCHED,0,0,2,15,NONPOC,2,100,RTH_MORNING,5atr,true
R04,APPROACH_FROM_BELOW,C02_ACTIVITY_MATCHED,4,36.36,11,15,NONPOC,11,100,RTH_OPEN,5atr,true
R05,APPROACH_FROM_BELOW,C02_ACTIVITY_MATCHED,4,57.14,7,15,NONPOC,7,100,ALL_SESSIONS,5atr,true
R05,APPROACH_FROM_BELOW,C02_ACTIVITY_MATCHED,0,0,1,15,NONPOC,1,100,RTH_AFTERNOON,5atr,true
R05,APPROACH_FROM_BELOW,C02_ACTIVITY_MATCHED,0,0,2,15,NONPOC,2,100,RTH_MIDDAY,5atr,true
R05,APPROACH_FROM_BELOW,C02_ACTIVITY_MATCHED,4,100,4,15,NONPOC,4,100,RTH_MORNING,5atr,true
ALL_ANCHORS,APPROACH_FROM_ABOVE,TREATED,52,61.18,85,15,NONPOC,64,75.29,ALL_SESSIONS,5atr,false
ALL_ANCHORS,APPROACH_FROM_ABOVE,TREATED,4,33.33,12,15,NONPOC,7,58.33,ETH_EVENING,5atr,true
ALL_ANCHORS,APPROACH_FROM_ABOVE,TREATED,6,75,8,15,NONPOC,5,62.5,ETH_OVERNIGHT,5atr,true
ALL_ANCHORS,APPROACH_FROM_ABOVE,TREATED,2,28.57,7,15,NONPOC,7,100,RTH_MIDDAY,5atr,true
ALL_ANCHORS,APPROACH_FROM_ABOVE,TREATED,14,77.78,18,15,NONPOC,13,72.22,RTH_MORNING,5atr,true
ALL_ANCHORS,APPROACH_FROM_ABOVE,TREATED,26,65,40,15,NONPOC,32,80,RTH_OPEN,5atr,false
R01,APPROACH_FROM_ABOVE,TREATED,10,50,20,15,NONPOC,12,60,ALL_SESSIONS,5atr,true
R01,APPROACH_FROM_ABOVE,TREATED,4,33.33,12,15,NONPOC,7,58.33,ETH_EVENING,5atr,true
R01,APPROACH_FROM_ABOVE,TREATED,6,75,8,15,NONPOC,5,62.5,ETH_OVERNIGHT,5atr,true
R02,APPROACH_FROM_ABOVE,TREATED,4,66.67,6,15,NONPOC,3,50,ALL_SESSIONS,5atr,true
R02,APPROACH_FROM_ABOVE,TREATED,0,0,1,15,NONPOC,1,100,RTH_MIDDAY,5atr,true
R02,APPROACH_FROM_ABOVE,TREATED,1,100,1,15,NONPOC,0,0,RTH_MORNING,5atr,true
R02,APPROACH_FROM_ABOVE,TREATED,3,75,4,15,NONPOC,2,50,RTH_OPEN,5atr,true
R03,APPROACH_FROM_ABOVE,TREATED,21,63.64,33,15,NONPOC,30,90.91,ALL_SESSIONS,5atr,false
R03,APPROACH_FROM_ABOVE,TREATED,1,25,4,15,NONPOC,4,100,RTH_MIDDAY,5atr,true
R03,APPROACH_FROM_ABOVE,TREATED,5,100,5,15,NONPOC,5,100,RTH_MORNING,5atr,true
R03,APPROACH_FROM_ABOVE,TREATED,15,62.5,24,15,NONPOC,21,87.5,RTH_OPEN,5atr,true
R04,APPROACH_FROM_ABOVE,TREATED,12,66.67,18,15,NONPOC,15,83.33,ALL_SESSIONS,5atr,true
R04,APPROACH_FROM_ABOVE,TREATED,1,50,2,15,NONPOC,2,100,RTH_MIDDAY,5atr,true
R04,APPROACH_FROM_ABOVE,TREATED,3,75,4,15,NONPOC,4,100,RTH_MORNING,5atr,true
R04,APPROACH_FROM_ABOVE,TREATED,8,66.67,12,15,NONPOC,9,75,RTH_OPEN,5atr,true
R05,APPROACH_FROM_ABOVE,TREATED,5,62.5,8,15,NONPOC,4,50,ALL_SESSIONS,5atr,true
R05,APPROACH_FROM_ABOVE,TREATED,5,62.5,8,15,NONPOC,4,50,RTH_MORNING,5atr,true
ALL_ANCHORS,APPROACH_FROM_BELOW,TREATED,36,50,72,15,NONPOC,52,72.22,ALL_SESSIONS,5atr,false
ALL_ANCHORS,APPROACH_FROM_BELOW,TREATED,1,20,5,15,NONPOC,2,40,ETH_EVENING,5atr,true
ALL_ANCHORS,APPROACH_FROM_BELOW,TREATED,3,33.33,9,15,NONPOC,6,66.67,ETH_OVERNIGHT,5atr,true
ALL_ANCHORS,APPROACH_FROM_BELOW,TREATED,3,50,6,15,NONPOC,4,66.67,RTH_MIDDAY,5atr,true
ALL_ANCHORS,APPROACH_FROM_BELOW,TREATED,7,46.67,15,15,NONPOC,13,86.67,RTH_MORNING,5atr,true
ALL_ANCHORS,APPROACH_FROM_BELOW,TREATED,22,59.46,37,15,NONPOC,27,72.97,RTH_OPEN,5atr,false
R01,APPROACH_FROM_BELOW,TREATED,4,28.57,14,15,NONPOC,8,57.14,ALL_SESSIONS,5atr,true
R01,APPROACH_FROM_BELOW,TREATED,1,20,5,15,NONPOC,2,40,ETH_EVENING,5atr,true
R01,APPROACH_FROM_BELOW,TREATED,3,33.33,9,15,NONPOC,6,66.67,ETH_OVERNIGHT,5atr,true
R02,APPROACH_FROM_BELOW,TREATED,8,66.67,12,15,NONPOC,6,50,ALL_SESSIONS,5atr,true
R02,APPROACH_FROM_BELOW,TREATED,8,66.67,12,15,NONPOC,6,50,RTH_OPEN,5atr,true
R03,APPROACH_FROM_BELOW,TREATED,12,63.16,19,15,NONPOC,15,78.95,ALL_SESSIONS,5atr,true
R03,APPROACH_FROM_BELOW,TREATED,2,100,2,15,NONPOC,1,50,RTH_MIDDAY,5atr,true
R03,APPROACH_FROM_BELOW,TREATED,0,0,3,15,NONPOC,3,100,RTH_MORNING,5atr,true
R03,APPROACH_FROM_BELOW,TREATED,10,71.43,14,15,NONPOC,11,78.57,RTH_OPEN,5atr,true
R04,APPROACH_FROM_BELOW,TREATED,6,37.5,16,15,NONPOC,14,87.5,ALL_SESSIONS,5atr,true
R04,APPROACH_FROM_BELOW,TREATED,0,0,1,15,NONPOC,1,100,RTH_MIDDAY,5atr,true
R04,APPROACH_FROM_BELOW,TREATED,2,50,4,15,NONPOC,3,75,RTH_MORNING,5atr,true
R04,APPROACH_FROM_BELOW,TREATED,4,36.36,11,15,NONPOC,10,90.91,RTH_OPEN,5atr,true
R05,APPROACH_FROM_BELOW,TREATED,6,54.55,11,15,NONPOC,9,81.82,ALL_SESSIONS,5atr,true
R05,APPROACH_FROM_BELOW,TREATED,1,33.33,3,15,NONPOC,2,66.67,RTH_MIDDAY,5atr,true
R05,APPROACH_FROM_BELOW,TREATED,5,62.5,8,15,NONPOC,7,87.5,RTH_MORNING,5atr,true
ALL_ANCHORS,APPROACH_FROM_ABOVE,C01_NEUTRAL,40,45.98,87,15,POC,68,78.16,ALL_SESSIONS,5atr,false
ALL_ANCHORS,APPROACH_FROM_ABOVE,C01_NEUTRAL,3,25,12,15,POC,10,83.33,ETH_EVENING,5atr,true
ALL_ANCHORS,APPROACH_FROM_ABOVE,C01_NEUTRAL,3,60,5,15,POC,3,60,ETH_OVERNIGHT,5atr,true
ALL_ANCHORS,APPROACH_FROM_ABOVE,C01_NEUTRAL,3,37.5,8,15,POC,7,87.5,RTH_MIDDAY,5atr,true
ALL_ANCHORS,APPROACH_FROM_ABOVE,C01_NEUTRAL,10,45.45,22,15,POC,16,72.73,RTH_MORNING,5atr,true
ALL_ANCHORS,APPROACH_FROM_ABOVE,C01_NEUTRAL,21,52.5,40,15,POC,32,80,RTH_OPEN,5atr,false
R01,APPROACH_FROM_ABOVE,C01_NEUTRAL,6,33.33,18,15,POC,14,77.78,ALL_SESSIONS,5atr,true
R01,APPROACH_FROM_ABOVE,C01_NEUTRAL,3,25,12,15,POC,10,83.33,ETH_EVENING,5atr,true
R01,APPROACH_FROM_ABOVE,C01_NEUTRAL,3,60,5,15,POC,3,60,ETH_OVERNIGHT,5atr,true
R01,APPROACH_FROM_ABOVE,C01_NEUTRAL,0,0,1,15,POC,1,100,RTH_OPEN,5atr,true
R02,APPROACH_FROM_ABOVE,C01_NEUTRAL,8,66.67,12,15,POC,8,66.67,ALL_SESSIONS,5atr,true
R02,APPROACH_FROM_ABOVE,C01_NEUTRAL,0,0,1,15,POC,1,100,RTH_MIDDAY,5atr,true
R02,APPROACH_FROM_ABOVE,C01_NEUTRAL,2,66.67,3,15,POC,2,66.67,RTH_MORNING,5atr,true
R02,APPROACH_FROM_ABOVE,C01_NEUTRAL,6,75,8,15,POC,5,62.5,RTH_OPEN,5atr,true
R03,APPROACH_FROM_ABOVE,C01_NEUTRAL,8,42.11,19,15,POC,17,89.47,ALL_SESSIONS,5atr,true
R03,APPROACH_FROM_ABOVE,C01_NEUTRAL,0,0,2,15,POC,2,100,RTH_MIDDAY,5atr,true
R03,APPROACH_FROM_ABOVE,C01_NEUTRAL,1,33.33,3,15,POC,3,100,RTH_MORNING,5atr,true
R03,APPROACH_FROM_ABOVE,C01_NEUTRAL,7,50,14,15,POC,12,85.71,RTH_OPEN,5atr,true
R04,APPROACH_FROM_ABOVE,C01_NEUTRAL,10,45.45,22,15,POC,19,86.36,ALL_SESSIONS,5atr,true
R04,APPROACH_FROM_ABOVE,C01_NEUTRAL,1,50,2,15,POC,2,100,RTH_MIDDAY,5atr,true
R04,APPROACH_FROM_ABOVE,C01_NEUTRAL,1,33.33,3,15,POC,3,100,RTH_MORNING,5atr,true
R04,APPROACH_FROM_ABOVE,C01_NEUTRAL,8,47.06,17,15,POC,14,82.35,RTH_OPEN,5atr,true
R05,APPROACH_FROM_ABOVE,C01_NEUTRAL,8,50,16,15,POC,10,62.5,ALL_SESSIONS,5atr,true
R05,APPROACH_FROM_ABOVE,C01_NEUTRAL,2,66.67,3,15,POC,2,66.67,RTH_MIDDAY,5atr,true
R05,APPROACH_FROM_ABOVE,C01_NEUTRAL,6,46.15,13,15,POC,8,61.54,RTH_MORNING,5atr,true
ALL_ANCHORS,APPROACH_FROM_BELOW,C01_NEUTRAL,29,50,58,15,POC,44,75.86,ALL_SESSIONS,5atr,false
ALL_ANCHORS,APPROACH_FROM_BELOW,C01_NEUTRAL,5,55.56,9,15,POC,7,77.78,ETH_EVENING,5atr,true
ALL_ANCHORS,APPROACH_FROM_BELOW,C01_NEUTRAL,2,50,4,15,POC,2,50,ETH_OVERNIGHT,5atr,true
ALL_ANCHORS,APPROACH_FROM_BELOW,C01_NEUTRAL,0,0,1,15,POC,1,100,RTH_AFTERNOON,5atr,true
ALL_ANCHORS,APPROACH_FROM_BELOW,C01_NEUTRAL,2,100,2,15,POC,1,50,RTH_MIDDAY,5atr,true
ALL_ANCHORS,APPROACH_FROM_BELOW,C01_NEUTRAL,7,43.75,16,15,POC,12,75,RTH_MORNING,5atr,true
ALL_ANCHORS,APPROACH_FROM_BELOW,C01_NEUTRAL,13,50,26,15,POC,21,80.77,RTH_OPEN,5atr,true
R01,APPROACH_FROM_BELOW,C01_NEUTRAL,7,53.85,13,15,POC,9,69.23,ALL_SESSIONS,5atr,true
R01,APPROACH_FROM_BELOW,C01_NEUTRAL,5,55.56,9,15,POC,7,77.78,ETH_EVENING,5atr,true
R01,APPROACH_FROM_BELOW,C01_NEUTRAL,2,50,4,15,POC,2,50,ETH_OVERNIGHT,5atr,true
R02,APPROACH_FROM_BELOW,C01_NEUTRAL,4,40,10,15,POC,7,70,ALL_SESSIONS,5atr,true
R02,APPROACH_FROM_BELOW,C01_NEUTRAL,1,33.33,3,15,POC,3,100,RTH_MORNING,5atr,true
R02,APPROACH_FROM_BELOW,C01_NEUTRAL,3,42.86,7,15,POC,4,57.14,RTH_OPEN,5atr,true
R03,APPROACH_FROM_BELOW,C01_NEUTRAL,6,46.15,13,15,POC,12,92.31,ALL_SESSIONS,5atr,true
R03,APPROACH_FROM_BELOW,C01_NEUTRAL,0,0,1,15,POC,1,100,RTH_AFTERNOON,5atr,true
R03,APPROACH_FROM_BELOW,C01_NEUTRAL,0,0,1,15,POC,1,100,RTH_MORNING,5atr,true
R03,APPROACH_FROM_BELOW,C01_NEUTRAL,6,54.55,11,15,POC,10,90.91,RTH_OPEN,5atr,true
R04,APPROACH_FROM_BELOW,C01_NEUTRAL,7,50,14,15,POC,12,85.71,ALL_SESSIONS,5atr,true
R04,APPROACH_FROM_BELOW,C01_NEUTRAL,1,100,1,15,POC,0,0,RTH_MIDDAY,5atr,true
R04,APPROACH_FROM_BELOW,C01_NEUTRAL,2,40,5,15,POC,5,100,RTH_MORNING,5atr,true
R04,APPROACH_FROM_BELOW,C01_NEUTRAL,4,50,8,15,POC,7,87.5,RTH_OPEN,5atr,true
R05,APPROACH_FROM_BELOW,C01_NEUTRAL,5,62.5,8,15,POC,4,50,ALL_SESSIONS,5atr,true
R05,APPROACH_FROM_BELOW,C01_NEUTRAL,1,100,1,15,POC,1,100,RTH_MIDDAY,5atr,true
R05,APPROACH_FROM_BELOW,C01_NEUTRAL,4,57.14,7,15,POC,3,42.86,RTH_MORNING,5atr,true
ALL_ANCHORS,APPROACH_FROM_ABOVE,C02_ACTIVITY_MATCHED,34,50.75,67,15,POC,55,82.09,ALL_SESSIONS,5atr,false
ALL_ANCHORS,APPROACH_FROM_ABOVE,C02_ACTIVITY_MATCHED,2,22.22,9,15,POC,8,88.89,ETH_EVENING,5atr,true
ALL_ANCHORS,APPROACH_FROM_ABOVE,C02_ACTIVITY_MATCHED,1,100,1,15,POC,0,0,ETH_OVERNIGHT,5atr,true
ALL_ANCHORS,APPROACH_FROM_ABOVE,C02_ACTIVITY_MATCHED,3,50,6,15,POC,5,83.33,RTH_MIDDAY,5atr,true
ALL_ANCHORS,APPROACH_FROM_ABOVE,C02_ACTIVITY_MATCHED,4,30.77,13,15,POC,12,92.31,RTH_MORNING,5atr,true
ALL_ANCHORS,APPROACH_FROM_ABOVE,C02_ACTIVITY_MATCHED,24,63.16,38,15,POC,30,78.95,RTH_OPEN,5atr,false
R01,APPROACH_FROM_ABOVE,C02_ACTIVITY_MATCHED,3,30,10,15,POC,8,80,ALL_SESSIONS,5atr,true
R01,APPROACH_FROM_ABOVE,C02_ACTIVITY_MATCHED,2,22.22,9,15,POC,8,88.89,ETH_EVENING,5atr,true
R01,APPROACH_FROM_ABOVE,C02_ACTIVITY_MATCHED,1,100,1,15,POC,0,0,ETH_OVERNIGHT,5atr,true
R02,APPROACH_FROM_ABOVE,C02_ACTIVITY_MATCHED,6,60,10,15,POC,8,80,ALL_SESSIONS,5atr,true
R02,APPROACH_FROM_ABOVE,C02_ACTIVITY_MATCHED,1,33.33,3,15,POC,3,100,RTH_MORNING,5atr,true
R02,APPROACH_FROM_ABOVE,C02_ACTIVITY_MATCHED,5,71.43,7,15,POC,5,71.43,RTH_OPEN,5atr,true
R03,APPROACH_FROM_ABOVE,C02_ACTIVITY_MATCHED,10,58.82,17,15,POC,13,76.47,ALL_SESSIONS,5atr,true
R03,APPROACH_FROM_ABOVE,C02_ACTIVITY_MATCHED,0,0,1,15,POC,1,100,RTH_MIDDAY,5atr,true
R03,APPROACH_FROM_ABOVE,C02_ACTIVITY_MATCHED,0,0,2,15,POC,2,100,RTH_MORNING,5atr,true
R03,APPROACH_FROM_ABOVE,C02_ACTIVITY_MATCHED,10,71.43,14,15,POC,10,71.43,RTH_OPEN,5atr,true
R04,APPROACH_FROM_ABOVE,C02_ACTIVITY_MATCHED,10,45.45,22,15,POC,20,90.91,ALL_SESSIONS,5atr,true
R04,APPROACH_FROM_ABOVE,C02_ACTIVITY_MATCHED,0,0,2,15,POC,2,100,RTH_MIDDAY,5atr,true
R04,APPROACH_FROM_ABOVE,C02_ACTIVITY_MATCHED,1,33.33,3,15,POC,3,100,RTH_MORNING,5atr,true
R04,APPROACH_FROM_ABOVE,C02_ACTIVITY_MATCHED,9,52.94,17,15,POC,15,88.24,RTH_OPEN,5atr,true
R05,APPROACH_FROM_ABOVE,C02_ACTIVITY_MATCHED,5,62.5,8,15,POC,6,75,ALL_SESSIONS,5atr,true
R05,APPROACH_FROM_ABOVE,C02_ACTIVITY_MATCHED,3,100,3,15,POC,2,66.67,RTH_MIDDAY,5atr,true
R05,APPROACH_FROM_ABOVE,C02_ACTIVITY_MATCHED,2,40,5,15,POC,4,80,RTH_MORNING,5atr,true
ALL_ANCHORS,APPROACH_FROM_BELOW,C02_ACTIVITY_MATCHED,31,51.67,60,15,POC,44,73.33,ALL_SESSIONS,5atr,false
ALL_ANCHORS,APPROACH_FROM_BELOW,C02_ACTIVITY_MATCHED,3,30,10,15,POC,6,60,ETH_EVENING,5atr,true
ALL_ANCHORS,APPROACH_FROM_BELOW,C02_ACTIVITY_MATCHED,2,50,4,15,POC,3,75,ETH_OVERNIGHT,5atr,true
ALL_ANCHORS,APPROACH_FROM_BELOW,C02_ACTIVITY_MATCHED,1,50,2,15,POC,2,100,RTH_AFTERNOON,5atr,true
ALL_ANCHORS,APPROACH_FROM_BELOW,C02_ACTIVITY_MATCHED,2,100,2,15,POC,2,100,RTH_MIDDAY,5atr,true
ALL_ANCHORS,APPROACH_FROM_BELOW,C02_ACTIVITY_MATCHED,10,52.63,19,15,POC,11,57.89,RTH_MORNING,5atr,true
ALL_ANCHORS,APPROACH_FROM_BELOW,C02_ACTIVITY_MATCHED,13,56.52,23,15,POC,20,86.96,RTH_OPEN,5atr,true
R01,APPROACH_FROM_BELOW,C02_ACTIVITY_MATCHED,5,35.71,14,15,POC,9,64.29,ALL_SESSIONS,5atr,true
R01,APPROACH_FROM_BELOW,C02_ACTIVITY_MATCHED,3,30,10,15,POC,6,60,ETH_EVENING,5atr,true
R01,APPROACH_FROM_BELOW,C02_ACTIVITY_MATCHED,2,50,4,15,POC,3,75,ETH_OVERNIGHT,5atr,true
R02,APPROACH_FROM_BELOW,C02_ACTIVITY_MATCHED,3,30,10,15,POC,8,80,ALL_SESSIONS,5atr,true
R02,APPROACH_FROM_BELOW,C02_ACTIVITY_MATCHED,1,25,4,15,POC,3,75,RTH_MORNING,5atr,true
R02,APPROACH_FROM_BELOW,C02_ACTIVITY_MATCHED,2,33.33,6,15,POC,5,83.33,RTH_OPEN,5atr,true
R03,APPROACH_FROM_BELOW,C02_ACTIVITY_MATCHED,8,61.54,13,15,POC,12,92.31,ALL_SESSIONS,5atr,true
R03,APPROACH_FROM_BELOW,C02_ACTIVITY_MATCHED,0,0,1,15,POC,1,100,RTH_AFTERNOON,5atr,true
R03,APPROACH_FROM_BELOW,C02_ACTIVITY_MATCHED,1,100,1,15,POC,1,100,RTH_MIDDAY,5atr,true
R03,APPROACH_FROM_BELOW,C02_ACTIVITY_MATCHED,3,75,4,15,POC,3,75,RTH_MORNING,5atr,true
R03,APPROACH_FROM_BELOW,C02_ACTIVITY_MATCHED,4,57.14,7,15,POC,7,100,RTH_OPEN,5atr,true
R04,APPROACH_FROM_BELOW,C02_ACTIVITY_MATCHED,11,78.57,14,15,POC,11,78.57,ALL_SESSIONS,5atr,true
R04,APPROACH_FROM_BELOW,C02_ACTIVITY_MATCHED,1,100,1,15,POC,1,100,RTH_AFTERNOON,5atr,true
R04,APPROACH_FROM_BELOW,C02_ACTIVITY_MATCHED,3,100,3,15,POC,2,66.67,RTH_MORNING,5atr,true
R04,APPROACH_FROM_BELOW,C02_ACTIVITY_MATCHED,7,70,10,15,POC,8,80,RTH_OPEN,5atr,true
R05,APPROACH_FROM_BELOW,C02_ACTIVITY_MATCHED,4,44.44,9,15,POC,4,44.44,ALL_SESSIONS,5atr,true
R05,APPROACH_FROM_BELOW,C02_ACTIVITY_MATCHED,1,100,1,15,POC,1,100,RTH_MIDDAY,5atr,true
R05,APPROACH_FROM_BELOW,C02_ACTIVITY_MATCHED,3,37.5,8,15,POC,3,37.5,RTH_MORNING,5atr,true
ALL_ANCHORS,APPROACH_FROM_ABOVE,TREATED,46,54.12,85,15,POC,70,82.35,ALL_SESSIONS,5atr,false
ALL_ANCHORS,APPROACH_FROM_ABOVE,TREATED,5,45.45,11,15,POC,10,90.91,ETH_EVENING,5atr,true
ALL_ANCHORS,APPROACH_FROM_ABOVE,TREATED,2,50,4,15,POC,3,75,ETH_OVERNIGHT,5atr,true
ALL_ANCHORS,APPROACH_FROM_ABOVE,TREATED,4,44.44,9,15,POC,6,66.67,RTH_MIDDAY,5atr,true
ALL_ANCHORS,APPROACH_FROM_ABOVE,TREATED,8,50,16,15,POC,16,100,RTH_MORNING,5atr,true
ALL_ANCHORS,APPROACH_FROM_ABOVE,TREATED,27,60,45,15,POC,35,77.78,RTH_OPEN,5atr,false
R01,APPROACH_FROM_ABOVE,TREATED,7,46.67,15,15,POC,13,86.67,ALL_SESSIONS,5atr,true
R01,APPROACH_FROM_ABOVE,TREATED,5,45.45,11,15,POC,10,90.91,ETH_EVENING,5atr,true
R01,APPROACH_FROM_ABOVE,TREATED,2,50,4,15,POC,3,75,ETH_OVERNIGHT,5atr,true
R02,APPROACH_FROM_ABOVE,TREATED,8,66.67,12,15,POC,7,58.33,ALL_SESSIONS,5atr,true
R02,APPROACH_FROM_ABOVE,TREATED,0,0,1,15,POC,0,0,RTH_MIDDAY,5atr,true
R02,APPROACH_FROM_ABOVE,TREATED,1,50,2,15,POC,2,100,RTH_MORNING,5atr,true
R02,APPROACH_FROM_ABOVE,TREATED,7,77.78,9,15,POC,5,55.56,RTH_OPEN,5atr,true
R03,APPROACH_FROM_ABOVE,TREATED,10,47.62,21,15,POC,18,85.71,ALL_SESSIONS,5atr,true
R03,APPROACH_FROM_ABOVE,TREATED,0,0,2,15,POC,2,100,RTH_MIDDAY,5atr,true
R03,APPROACH_FROM_ABOVE,TREATED,1,50,2,15,POC,2,100,RTH_MORNING,5atr,true
R03,APPROACH_FROM_ABOVE,TREATED,9,52.94,17,15,POC,14,82.35,RTH_OPEN,5atr,true
R04,APPROACH_FROM_ABOVE,TREATED,12,52.17,23,15,POC,20,86.96,ALL_SESSIONS,5atr,true
R04,APPROACH_FROM_ABOVE,TREATED,0,0,2,15,POC,2,100,RTH_MIDDAY,5atr,true
R04,APPROACH_FROM_ABOVE,TREATED,1,50,2,15,POC,2,100,RTH_MORNING,5atr,true
R04,APPROACH_FROM_ABOVE,TREATED,11,57.89,19,15,POC,16,84.21,RTH_OPEN,5atr,true
R05,APPROACH_FROM_ABOVE,TREATED,9,64.29,14,15,POC,12,85.71,ALL_SESSIONS,5atr,true
R05,APPROACH_FROM_ABOVE,TREATED,4,100,4,15,POC,2,50,RTH_MIDDAY,5atr,true
R05,APPROACH_FROM_ABOVE,TREATED,5,50,10,15,POC,10,100,RTH_MORNING,5atr,true
ALL_ANCHORS,APPROACH_FROM_BELOW,TREATED,29,44.62,65,15,POC,48,73.85,ALL_SESSIONS,5atr,false
ALL_ANCHORS,APPROACH_FROM_BELOW,TREATED,4,40,10,15,POC,6,60,ETH_EVENING,5atr,true
ALL_ANCHORS,APPROACH_FROM_BELOW,TREATED,2,50,4,15,POC,2,50,ETH_OVERNIGHT,5atr,true
ALL_ANCHORS,APPROACH_FROM_BELOW,TREATED,1,50,2,15,POC,2,100,RTH_AFTERNOON,5atr,true
ALL_ANCHORS,APPROACH_FROM_BELOW,TREATED,1,50,2,15,POC,1,50,RTH_MIDDAY,5atr,true
ALL_ANCHORS,APPROACH_FROM_BELOW,TREATED,6,37.5,16,15,POC,10,62.5,RTH_MORNING,5atr,true
ALL_ANCHORS,APPROACH_FROM_BELOW,TREATED,15,48.39,31,15,POC,27,87.1,RTH_OPEN,5atr,false
R01,APPROACH_FROM_BELOW,TREATED,6,42.86,14,15,POC,8,57.14,ALL_SESSIONS,5atr,true
R01,APPROACH_FROM_BELOW,TREATED,4,40,10,15,POC,6,60,ETH_EVENING,5atr,true
R01,APPROACH_FROM_BELOW,TREATED,2,50,4,15,POC,2,50,ETH_OVERNIGHT,5atr,true
R02,APPROACH_FROM_BELOW,TREATED,4,44.44,9,15,POC,7,77.78,ALL_SESSIONS,5atr,true
R02,APPROACH_FROM_BELOW,TREATED,1,33.33,3,15,POC,3,100,RTH_MORNING,5atr,true
R02,APPROACH_FROM_BELOW,TREATED,3,50,6,15,POC,4,66.67,RTH_OPEN,5atr,true
R03,APPROACH_FROM_BELOW,TREATED,5,33.33,15,15,POC,13,86.67,ALL_SESSIONS,5atr,true
R03,APPROACH_FROM_BELOW,TREATED,0,0,1,15,POC,1,100,RTH_AFTERNOON,5atr,true
R03,APPROACH_FROM_BELOW,TREATED,0,0,1,15,POC,0,0,RTH_MORNING,5atr,true
R03,APPROACH_FROM_BELOW,TREATED,5,38.46,13,15,POC,12,92.31,RTH_OPEN,5atr,true
R04,APPROACH_FROM_BELOW,TREATED,10,55.56,18,15,POC,14,77.78,ALL_SESSIONS,5atr,true
R04,APPROACH_FROM_BELOW,TREATED,1,100,1,15,POC,1,100,RTH_AFTERNOON,5atr,true
R04,APPROACH_FROM_BELOW,TREATED,0,0,1,15,POC,0,0,RTH_MIDDAY,5atr,true
R04,APPROACH_FROM_BELOW,TREATED,2,50,4,15,POC,2,50,RTH_MORNING,5atr,true
R04,APPROACH_FROM_BELOW,TREATED,7,58.33,12,15,POC,11,91.67,RTH_OPEN,5atr,true
R05,APPROACH_FROM_BELOW,TREATED,4,44.44,9,15,POC,6,66.67,ALL_SESSIONS,5atr,true
R05,APPROACH_FROM_BELOW,TREATED,1,100,1,15,POC,1,100,RTH_MIDDAY,5atr,true
R05,APPROACH_FROM_BELOW,TREATED,3,37.5,8,15,POC,5,62.5,RTH_MORNING,5atr,true
ALL_ANCHORS,APPROACH_FROM_ABOVE,C01_NEUTRAL,40,49.38,81,30,NONPOC,62,76.54,ALL_SESSIONS,5atr,false
ALL_ANCHORS,APPROACH_FROM_ABOVE,C01_NEUTRAL,4,33.33,12,30,NONPOC,7,58.33,ETH_EVENING,5atr,true
ALL_ANCHORS,APPROACH_FROM_ABOVE,C01_NEUTRAL,3,42.86,7,30,NONPOC,4,57.14,ETH_OVERNIGHT,5atr,true
ALL_ANCHORS,APPROACH_FROM_ABOVE,C01_NEUTRAL,2,25,8,30,NONPOC,7,87.5,RTH_MIDDAY,5atr,true
ALL_ANCHORS,APPROACH_FROM_ABOVE,C01_NEUTRAL,8,50,16,30,NONPOC,12,75,RTH_MORNING,5atr,true
ALL_ANCHORS,APPROACH_FROM_ABOVE,C01_NEUTRAL,23,60.53,38,30,NONPOC,32,84.21,RTH_OPEN,5atr,false
R01,APPROACH_FROM_ABOVE,C01_NEUTRAL,7,36.84,19,30,NONPOC,11,57.89,ALL_SESSIONS,5atr,true
R01,APPROACH_FROM_ABOVE,C01_NEUTRAL,4,33.33,12,30,NONPOC,7,58.33,ETH_EVENING,5atr,true
R01,APPROACH_FROM_ABOVE,C01_NEUTRAL,3,42.86,7,30,NONPOC,4,57.14,ETH_OVERNIGHT,5atr,true
R02,APPROACH_FROM_ABOVE,C01_NEUTRAL,0,0,3,30,NONPOC,3,100,ALL_SESSIONS,5atr,true
R02,APPROACH_FROM_ABOVE,C01_NEUTRAL,0,0,1,30,NONPOC,1,100,RTH_MIDDAY,5atr,true
R02,APPROACH_FROM_ABOVE,C01_NEUTRAL,0,0,2,30,NONPOC,2,100,RTH_OPEN,5atr,true
R03,APPROACH_FROM_ABOVE,C01_NEUTRAL,17,53.12,32,30,NONPOC,29,90.62,ALL_SESSIONS,5atr,false
R03,APPROACH_FROM_ABOVE,C01_NEUTRAL,1,25,4,30,NONPOC,4,100,RTH_MIDDAY,5atr,true
R03,APPROACH_FROM_ABOVE,C01_NEUTRAL,3,60,5,30,NONPOC,5,100,RTH_MORNING,5atr,true
R03,APPROACH_FROM_ABOVE,C01_NEUTRAL,13,56.52,23,30,NONPOC,20,86.96,RTH_OPEN,5atr,true
R04,APPROACH_FROM_ABOVE,C01_NEUTRAL,13,68.42,19,30,NONPOC,15,78.95,ALL_SESSIONS,5atr,true
R04,APPROACH_FROM_ABOVE,C01_NEUTRAL,1,50,2,30,NONPOC,2,100,RTH_MIDDAY,5atr,true
R04,APPROACH_FROM_ABOVE,C01_NEUTRAL,2,50,4,30,NONPOC,3,75,RTH_MORNING,5atr,true
R04,APPROACH_FROM_ABOVE,C01_NEUTRAL,10,76.92,13,30,NONPOC,10,76.92,RTH_OPEN,5atr,true
R05,APPROACH_FROM_ABOVE,C01_NEUTRAL,3,37.5,8,30,NONPOC,4,50,ALL_SESSIONS,5atr,true
R05,APPROACH_FROM_ABOVE,C01_NEUTRAL,0,0,1,30,NONPOC,0,0,RTH_MIDDAY,5atr,true
R05,APPROACH_FROM_ABOVE,C01_NEUTRAL,3,42.86,7,30,NONPOC,4,57.14,RTH_MORNING,5atr,true
ALL_ANCHORS,APPROACH_FROM_BELOW,C01_NEUTRAL,32,45.07,71,30,NONPOC,53,74.65,ALL_SESSIONS,5atr,false
ALL_ANCHORS,APPROACH_FROM_BELOW,C01_NEUTRAL,5,71.43,7,30,NONPOC,3,42.86,ETH_EVENING,5atr,true
ALL_ANCHORS,APPROACH_FROM_BELOW,C01_NEUTRAL,2,28.57,7,30,NONPOC,3,42.86,ETH_OVERNIGHT,5atr,true
ALL_ANCHORS,APPROACH_FROM_BELOW,C01_NEUTRAL,2,50,4,30,NONPOC,3,75,RTH_MIDDAY,5atr,true
ALL_ANCHORS,APPROACH_FROM_BELOW,C01_NEUTRAL,8,47.06,17,30,NONPOC,14,82.35,RTH_MORNING,5atr,true
ALL_ANCHORS,APPROACH_FROM_BELOW,C01_NEUTRAL,15,41.67,36,30,NONPOC,30,83.33,RTH_OPEN,5atr,false
R01,APPROACH_FROM_BELOW,C01_NEUTRAL,7,50,14,30,NONPOC,6,42.86,ALL_SESSIONS,5atr,true
R01,APPROACH_FROM_BELOW,C01_NEUTRAL,5,71.43,7,30,NONPOC,3,42.86,ETH_EVENING,5atr,true
R01,APPROACH_FROM_BELOW,C01_NEUTRAL,2,28.57,7,30,NONPOC,3,42.86,ETH_OVERNIGHT,5atr,true
R02,APPROACH_FROM_BELOW,C01_NEUTRAL,5,45.45,11,30,NONPOC,7,63.64,ALL_SESSIONS,5atr,true
R02,APPROACH_FROM_BELOW,C01_NEUTRAL,5,45.45,11,30,NONPOC,7,63.64,RTH_OPEN,5atr,true
R03,APPROACH_FROM_BELOW,C01_NEUTRAL,9,50,18,30,NONPOC,16,88.89,ALL_SESSIONS,5atr,true
R03,APPROACH_FROM_BELOW,C01_NEUTRAL,2,40,5,30,NONPOC,5,100,RTH_MORNING,5atr,true
R03,APPROACH_FROM_BELOW,C01_NEUTRAL,7,53.85,13,30,NONPOC,11,84.62,RTH_OPEN,5atr,true
R04,APPROACH_FROM_BELOW,C01_NEUTRAL,5,29.41,17,30,NONPOC,16,94.12,ALL_SESSIONS,5atr,true
R04,APPROACH_FROM_BELOW,C01_NEUTRAL,1,100,1,30,NONPOC,1,100,RTH_MIDDAY,5atr,true
R04,APPROACH_FROM_BELOW,C01_NEUTRAL,1,25,4,30,NONPOC,3,75,RTH_MORNING,5atr,true
R04,APPROACH_FROM_BELOW,C01_NEUTRAL,3,25,12,30,NONPOC,12,100,RTH_OPEN,5atr,true
R05,APPROACH_FROM_BELOW,C01_NEUTRAL,6,54.55,11,30,NONPOC,8,72.73,ALL_SESSIONS,5atr,true
R05,APPROACH_FROM_BELOW,C01_NEUTRAL,1,33.33,3,30,NONPOC,2,66.67,RTH_MIDDAY,5atr,true
R05,APPROACH_FROM_BELOW,C01_NEUTRAL,5,62.5,8,30,NONPOC,6,75,RTH_MORNING,5atr,true
ALL_ANCHORS,APPROACH_FROM_ABOVE,C02_ACTIVITY_MATCHED,42,53.16,79,30,NONPOC,63,79.75,ALL_SESSIONS,5atr,false
ALL_ANCHORS,APPROACH_FROM_ABOVE,C02_ACTIVITY_MATCHED,3,33.33,9,30,NONPOC,9,100,ETH_EVENING,5atr,true
ALL_ANCHORS,APPROACH_FROM_ABOVE,C02_ACTIVITY_MATCHED,3,42.86,7,30,NONPOC,4,57.14,ETH_OVERNIGHT,5atr,true
ALL_ANCHORS,APPROACH_FROM_ABOVE,C02_ACTIVITY_MATCHED,3,50,6,30,NONPOC,4,66.67,RTH_MIDDAY,5atr,true
ALL_ANCHORS,APPROACH_FROM_ABOVE,C02_ACTIVITY_MATCHED,9,52.94,17,30,NONPOC,12,70.59,RTH_MORNING,5atr,true
ALL_ANCHORS,APPROACH_FROM_ABOVE,C02_ACTIVITY_MATCHED,24,60,40,30,NONPOC,34,85,RTH_OPEN,5atr,false
R01,APPROACH_FROM_ABOVE,C02_ACTIVITY_MATCHED,6,37.5,16,30,NONPOC,13,81.25,ALL_SESSIONS,5atr,true
R01,APPROACH_FROM_ABOVE,C02_ACTIVITY_MATCHED,3,33.33,9,30,NONPOC,9,100,ETH_EVENING,5atr,true
R01,APPROACH_FROM_ABOVE,C02_ACTIVITY_MATCHED,3,42.86,7,30,NONPOC,4,57.14,ETH_OVERNIGHT,5atr,true
R02,APPROACH_FROM_ABOVE,C02_ACTIVITY_MATCHED,2,28.57,7,30,NONPOC,5,71.43,ALL_SESSIONS,5atr,true
R02,APPROACH_FROM_ABOVE,C02_ACTIVITY_MATCHED,1,50,2,30,NONPOC,1,50,RTH_MIDDAY,5atr,true
R02,APPROACH_FROM_ABOVE,C02_ACTIVITY_MATCHED,1,100,1,30,NONPOC,0,0,RTH_MORNING,5atr,true
R02,APPROACH_FROM_ABOVE,C02_ACTIVITY_MATCHED,0,0,4,30,NONPOC,4,100,RTH_OPEN,5atr,true
R03,APPROACH_FROM_ABOVE,C02_ACTIVITY_MATCHED,17,54.84,31,30,NONPOC,26,83.87,ALL_SESSIONS,5atr,false
R03,APPROACH_FROM_ABOVE,C02_ACTIVITY_MATCHED,1,50,2,30,NONPOC,1,50,RTH_MIDDAY,5atr,true
R03,APPROACH_FROM_ABOVE,C02_ACTIVITY_MATCHED,3,60,5,30,NONPOC,4,80,RTH_MORNING,5atr,true
R03,APPROACH_FROM_ABOVE,C02_ACTIVITY_MATCHED,13,54.17,24,30,NONPOC,21,87.5,RTH_OPEN,5atr,true
R04,APPROACH_FROM_ABOVE,C02_ACTIVITY_MATCHED,13,76.47,17,30,NONPOC,14,82.35,ALL_SESSIONS,5atr,true
R04,APPROACH_FROM_ABOVE,C02_ACTIVITY_MATCHED,1,50,2,30,NONPOC,2,100,RTH_MIDDAY,5atr,true
R04,APPROACH_FROM_ABOVE,C02_ACTIVITY_MATCHED,1,33.33,3,30,NONPOC,3,100,RTH_MORNING,5atr,true
R04,APPROACH_FROM_ABOVE,C02_ACTIVITY_MATCHED,11,91.67,12,30,NONPOC,9,75,RTH_OPEN,5atr,true
R05,APPROACH_FROM_ABOVE,C02_ACTIVITY_MATCHED,4,50,8,30,NONPOC,5,62.5,ALL_SESSIONS,5atr,true
R05,APPROACH_FROM_ABOVE,C02_ACTIVITY_MATCHED,4,50,8,30,NONPOC,5,62.5,RTH_MORNING,5atr,true
ALL_ANCHORS,APPROACH_FROM_BELOW,C02_ACTIVITY_MATCHED,26,44.07,59,30,NONPOC,46,77.97,ALL_SESSIONS,5atr,false
ALL_ANCHORS,APPROACH_FROM_BELOW,C02_ACTIVITY_MATCHED,2,50,4,30,NONPOC,2,50,ETH_EVENING,5atr,true
ALL_ANCHORS,APPROACH_FROM_BELOW,C02_ACTIVITY_MATCHED,3,37.5,8,30,NONPOC,4,50,ETH_OVERNIGHT,5atr,true
ALL_ANCHORS,APPROACH_FROM_BELOW,C02_ACTIVITY_MATCHED,0,0,1,30,NONPOC,1,100,RTH_AFTERNOON,5atr,true
ALL_ANCHORS,APPROACH_FROM_BELOW,C02_ACTIVITY_MATCHED,2,40,5,30,NONPOC,5,100,RTH_MIDDAY,5atr,true
ALL_ANCHORS,APPROACH_FROM_BELOW,C02_ACTIVITY_MATCHED,3,33.33,9,30,NONPOC,9,100,RTH_MORNING,5atr,true
ALL_ANCHORS,APPROACH_FROM_BELOW,C02_ACTIVITY_MATCHED,16,50,32,30,NONPOC,25,78.12,RTH_OPEN,5atr,false
R01,APPROACH_FROM_BELOW,C02_ACTIVITY_MATCHED,5,41.67,12,30,NONPOC,6,50,ALL_SESSIONS,5atr,true
R01,APPROACH_FROM_BELOW,C02_ACTIVITY_MATCHED,2,50,4,30,NONPOC,2,50,ETH_EVENING,5atr,true
R01,APPROACH_FROM_BELOW,C02_ACTIVITY_MATCHED,3,37.5,8,30,NONPOC,4,50,ETH_OVERNIGHT,5atr,true
R02,APPROACH_FROM_BELOW,C02_ACTIVITY_MATCHED,7,63.64,11,30,NONPOC,6,54.55,ALL_SESSIONS,5atr,true
R02,APPROACH_FROM_BELOW,C02_ACTIVITY_MATCHED,0,0,1,30,NONPOC,1,100,RTH_MORNING,5atr,true
R02,APPROACH_FROM_BELOW,C02_ACTIVITY_MATCHED,7,70,10,30,NONPOC,5,50,RTH_OPEN,5atr,true
R03,APPROACH_FROM_BELOW,C02_ACTIVITY_MATCHED,7,46.67,15,30,NONPOC,13,86.67,ALL_SESSIONS,5atr,true
R03,APPROACH_FROM_BELOW,C02_ACTIVITY_MATCHED,2,100,2,30,NONPOC,2,100,RTH_MIDDAY,5atr,true
R03,APPROACH_FROM_BELOW,C02_ACTIVITY_MATCHED,0,0,2,30,NONPOC,2,100,RTH_MORNING,5atr,true
R03,APPROACH_FROM_BELOW,C02_ACTIVITY_MATCHED,5,45.45,11,30,NONPOC,9,81.82,RTH_OPEN,5atr,true
R04,APPROACH_FROM_BELOW,C02_ACTIVITY_MATCHED,4,28.57,14,30,NONPOC,14,100,ALL_SESSIONS,5atr,true
R04,APPROACH_FROM_BELOW,C02_ACTIVITY_MATCHED,0,0,1,30,NONPOC,1,100,RTH_MIDDAY,5atr,true
R04,APPROACH_FROM_BELOW,C02_ACTIVITY_MATCHED,0,0,2,30,NONPOC,2,100,RTH_MORNING,5atr,true
R04,APPROACH_FROM_BELOW,C02_ACTIVITY_MATCHED,4,36.36,11,30,NONPOC,11,100,RTH_OPEN,5atr,true
R05,APPROACH_FROM_BELOW,C02_ACTIVITY_MATCHED,3,42.86,7,30,NONPOC,7,100,ALL_SESSIONS,5atr,true
R05,APPROACH_FROM_BELOW,C02_ACTIVITY_MATCHED,0,0,1,30,NONPOC,1,100,RTH_AFTERNOON,5atr,true
R05,APPROACH_FROM_BELOW,C02_ACTIVITY_MATCHED,0,0,2,30,NONPOC,2,100,RTH_MIDDAY,5atr,true
R05,APPROACH_FROM_BELOW,C02_ACTIVITY_MATCHED,3,75,4,30,NONPOC,4,100,RTH_MORNING,5atr,true
ALL_ANCHORS,APPROACH_FROM_ABOVE,TREATED,44,51.76,85,30,NONPOC,64,75.29,ALL_SESSIONS,5atr,false
ALL_ANCHORS,APPROACH_FROM_ABOVE,TREATED,4,33.33,12,30,NONPOC,7,58.33,ETH_EVENING,5atr,true
ALL_ANCHORS,APPROACH_FROM_ABOVE,TREATED,2,25,8,30,NONPOC,5,62.5,ETH_OVERNIGHT,5atr,true
ALL_ANCHORS,APPROACH_FROM_ABOVE,TREATED,2,28.57,7,30,NONPOC,7,100,RTH_MIDDAY,5atr,true
ALL_ANCHORS,APPROACH_FROM_ABOVE,TREATED,10,55.56,18,30,NONPOC,13,72.22,RTH_MORNING,5atr,true
ALL_ANCHORS,APPROACH_FROM_ABOVE,TREATED,26,65,40,30,NONPOC,32,80,RTH_OPEN,5atr,false
R01,APPROACH_FROM_ABOVE,TREATED,6,30,20,30,NONPOC,12,60,ALL_SESSIONS,5atr,true
R01,APPROACH_FROM_ABOVE,TREATED,4,33.33,12,30,NONPOC,7,58.33,ETH_EVENING,5atr,true
R01,APPROACH_FROM_ABOVE,TREATED,2,25,8,30,NONPOC,5,62.5,ETH_OVERNIGHT,5atr,true
R02,APPROACH_FROM_ABOVE,TREATED,1,16.67,6,30,NONPOC,3,50,ALL_SESSIONS,5atr,true
R02,APPROACH_FROM_ABOVE,TREATED,0,0,1,30,NONPOC,1,100,RTH_MIDDAY,5atr,true
R02,APPROACH_FROM_ABOVE,TREATED,1,100,1,30,NONPOC,0,0,RTH_MORNING,5atr,true
R02,APPROACH_FROM_ABOVE,TREATED,0,0,4,30,NONPOC,2,50,RTH_OPEN,5atr,true
R03,APPROACH_FROM_ABOVE,TREATED,20,60.61,33,30,NONPOC,30,90.91,ALL_SESSIONS,5atr,false
R03,APPROACH_FROM_ABOVE,TREATED,1,25,4,30,NONPOC,4,100,RTH_MIDDAY,5atr,true
R03,APPROACH_FROM_ABOVE,TREATED,3,60,5,30,NONPOC,5,100,RTH_MORNING,5atr,true
R03,APPROACH_FROM_ABOVE,TREATED,16,66.67,24,30,NONPOC,21,87.5,RTH_OPEN,5atr,true
R04,APPROACH_FROM_ABOVE,TREATED,13,72.22,18,30,NONPOC,15,83.33,ALL_SESSIONS,5atr,true
R04,APPROACH_FROM_ABOVE,TREATED,1,50,2,30,NONPOC,2,100,RTH_MIDDAY,5atr,true
R04,APPROACH_FROM_ABOVE,TREATED,2,50,4,30,NONPOC,4,100,RTH_MORNING,5atr,true
R04,APPROACH_FROM_ABOVE,TREATED,10,83.33,12,30,NONPOC,9,75,RTH_OPEN,5atr,true
R05,APPROACH_FROM_ABOVE,TREATED,4,50,8,30,NONPOC,4,50,ALL_SESSIONS,5atr,true
R05,APPROACH_FROM_ABOVE,TREATED,4,50,8,30,NONPOC,4,50,RTH_MORNING,5atr,true
ALL_ANCHORS,APPROACH_FROM_BELOW,TREATED,31,43.06,72,30,NONPOC,52,72.22,ALL_SESSIONS,5atr,false
ALL_ANCHORS,APPROACH_FROM_BELOW,TREATED,1,20,5,30,NONPOC,2,40,ETH_EVENING,5atr,true
ALL_ANCHORS,APPROACH_FROM_BELOW,TREATED,2,22.22,9,30,NONPOC,6,66.67,ETH_OVERNIGHT,5atr,true
ALL_ANCHORS,APPROACH_FROM_BELOW,TREATED,3,50,6,30,NONPOC,4,66.67,RTH_MIDDAY,5atr,true
ALL_ANCHORS,APPROACH_FROM_BELOW,TREATED,7,46.67,15,30,NONPOC,13,86.67,RTH_MORNING,5atr,true
ALL_ANCHORS,APPROACH_FROM_BELOW,TREATED,18,48.65,37,30,NONPOC,27,72.97,RTH_OPEN,5atr,false
R01,APPROACH_FROM_BELOW,TREATED,3,21.43,14,30,NONPOC,8,57.14,ALL_SESSIONS,5atr,true
R01,APPROACH_FROM_BELOW,TREATED,1,20,5,30,NONPOC,2,40,ETH_EVENING,5atr,true
R01,APPROACH_FROM_BELOW,TREATED,2,22.22,9,30,NONPOC,6,66.67,ETH_OVERNIGHT,5atr,true
R02,APPROACH_FROM_BELOW,TREATED,6,50,12,30,NONPOC,6,50,ALL_SESSIONS,5atr,true
R02,APPROACH_FROM_BELOW,TREATED,6,50,12,30,NONPOC,6,50,RTH_OPEN,5atr,true
R03,APPROACH_FROM_BELOW,TREATED,10,52.63,19,30,NONPOC,15,78.95,ALL_SESSIONS,5atr,true
R03,APPROACH_FROM_BELOW,TREATED,2,100,2,30,NONPOC,1,50,RTH_MIDDAY,5atr,true
R03,APPROACH_FROM_BELOW,TREATED,1,33.33,3,30,NONPOC,3,100,RTH_MORNING,5atr,true
R03,APPROACH_FROM_BELOW,TREATED,7,50,14,30,NONPOC,11,78.57,RTH_OPEN,5atr,true
R04,APPROACH_FROM_BELOW,TREATED,6,37.5,16,30,NONPOC,14,87.5,ALL_SESSIONS,5atr,true
R04,APPROACH_FROM_BELOW,TREATED,0,0,1,30,NONPOC,1,100,RTH_MIDDAY,5atr,true
R04,APPROACH_FROM_BELOW,TREATED,1,25,4,30,NONPOC,3,75,RTH_MORNING,5atr,true
R04,APPROACH_FROM_BELOW,TREATED,5,45.45,11,30,NONPOC,10,90.91,RTH_OPEN,5atr,true
R05,APPROACH_FROM_BELOW,TREATED,6,54.55,11,30,NONPOC,9,81.82,ALL_SESSIONS,5atr,true
R05,APPROACH_FROM_BELOW,TREATED,1,33.33,3,30,NONPOC,2,66.67,RTH_MIDDAY,5atr,true
R05,APPROACH_FROM_BELOW,TREATED,5,62.5,8,30,NONPOC,7,87.5,RTH_MORNING,5atr,true
ALL_ANCHORS,APPROACH_FROM_ABOVE,C01_NEUTRAL,42,48.28,87,30,POC,68,78.16,ALL_SESSIONS,5atr,false
ALL_ANCHORS,APPROACH_FROM_ABOVE,C01_NEUTRAL,7,58.33,12,30,POC,10,83.33,ETH_EVENING,5atr,true
ALL_ANCHORS,APPROACH_FROM_ABOVE,C01_NEUTRAL,2,40,5,30,POC,3,60,ETH_OVERNIGHT,5atr,true
ALL_ANCHORS,APPROACH_FROM_ABOVE,C01_NEUTRAL,6,75,8,30,POC,7,87.5,RTH_MIDDAY,5atr,true
ALL_ANCHORS,APPROACH_FROM_ABOVE,C01_NEUTRAL,8,36.36,22,30,POC,16,72.73,RTH_MORNING,5atr,true
ALL_ANCHORS,APPROACH_FROM_ABOVE,C01_NEUTRAL,19,47.5,40,30,POC,32,80,RTH_OPEN,5atr,false
R01,APPROACH_FROM_ABOVE,C01_NEUTRAL,9,50,18,30,POC,14,77.78,ALL_SESSIONS,5atr,true
R01,APPROACH_FROM_ABOVE,C01_NEUTRAL,7,58.33,12,30,POC,10,83.33,ETH_EVENING,5atr,true
R01,APPROACH_FROM_ABOVE,C01_NEUTRAL,2,40,5,30,POC,3,60,ETH_OVERNIGHT,5atr,true
R01,APPROACH_FROM_ABOVE,C01_NEUTRAL,0,0,1,30,POC,1,100,RTH_OPEN,5atr,true
R02,APPROACH_FROM_ABOVE,C01_NEUTRAL,8,66.67,12,30,POC,8,66.67,ALL_SESSIONS,5atr,true
R02,APPROACH_FROM_ABOVE,C01_NEUTRAL,1,100,1,30,POC,1,100,RTH_MIDDAY,5atr,true
R02,APPROACH_FROM_ABOVE,C01_NEUTRAL,2,66.67,3,30,POC,2,66.67,RTH_MORNING,5atr,true
R02,APPROACH_FROM_ABOVE,C01_NEUTRAL,5,62.5,8,30,POC,5,62.5,RTH_OPEN,5atr,true
R03,APPROACH_FROM_ABOVE,C01_NEUTRAL,8,42.11,19,30,POC,17,89.47,ALL_SESSIONS,5atr,true
R03,APPROACH_FROM_ABOVE,C01_NEUTRAL,1,50,2,30,POC,2,100,RTH_MIDDAY,5atr,true
R03,APPROACH_FROM_ABOVE,C01_NEUTRAL,1,33.33,3,30,POC,3,100,RTH_MORNING,5atr,true
R03,APPROACH_FROM_ABOVE,C01_NEUTRAL,6,42.86,14,30,POC,12,85.71,RTH_OPEN,5atr,true
R04,APPROACH_FROM_ABOVE,C01_NEUTRAL,11,50,22,30,POC,19,86.36,ALL_SESSIONS,5atr,true
R04,APPROACH_FROM_ABOVE,C01_NEUTRAL,2,100,2,30,POC,2,100,RTH_MIDDAY,5atr,true
R04,APPROACH_FROM_ABOVE,C01_NEUTRAL,1,33.33,3,30,POC,3,100,RTH_MORNING,5atr,true
R04,APPROACH_FROM_ABOVE,C01_NEUTRAL,8,47.06,17,30,POC,14,82.35,RTH_OPEN,5atr,true
R05,APPROACH_FROM_ABOVE,C01_NEUTRAL,6,37.5,16,30,POC,10,62.5,ALL_SESSIONS,5atr,true
R05,APPROACH_FROM_ABOVE,C01_NEUTRAL,2,66.67,3,30,POC,2,66.67,RTH_MIDDAY,5atr,true
R05,APPROACH_FROM_ABOVE,C01_NEUTRAL,4,30.77,13,30,POC,8,61.54,RTH_MORNING,5atr,true
ALL_ANCHORS,APPROACH_FROM_BELOW,C01_NEUTRAL,23,39.66,58,30,POC,44,75.86,ALL_SESSIONS,5atr,false
ALL_ANCHORS,APPROACH_FROM_BELOW,C01_NEUTRAL,2,22.22,9,30,POC,7,77.78,ETH_EVENING,5atr,true
ALL_ANCHORS,APPROACH_FROM_BELOW,C01_NEUTRAL,2,50,4,30,POC,2,50,ETH_OVERNIGHT,5atr,true
ALL_ANCHORS,APPROACH_FROM_BELOW,C01_NEUTRAL,0,0,1,30,POC,1,100,RTH_AFTERNOON,5atr,true
ALL_ANCHORS,APPROACH_FROM_BELOW,C01_NEUTRAL,1,50,2,30,POC,1,50,RTH_MIDDAY,5atr,true
ALL_ANCHORS,APPROACH_FROM_BELOW,C01_NEUTRAL,6,37.5,16,30,POC,12,75,RTH_MORNING,5atr,true
ALL_ANCHORS,APPROACH_FROM_BELOW,C01_NEUTRAL,12,46.15,26,30,POC,21,80.77,RTH_OPEN,5atr,true
R01,APPROACH_FROM_BELOW,C01_NEUTRAL,4,30.77,13,30,POC,9,69.23,ALL_SESSIONS,5atr,true
R01,APPROACH_FROM_BELOW,C01_NEUTRAL,2,22.22,9,30,POC,7,77.78,ETH_EVENING,5atr,true
R01,APPROACH_FROM_BELOW,C01_NEUTRAL,2,50,4,30,POC,2,50,ETH_OVERNIGHT,5atr,true
R02,APPROACH_FROM_BELOW,C01_NEUTRAL,5,50,10,30,POC,7,70,ALL_SESSIONS,5atr,true
R02,APPROACH_FROM_BELOW,C01_NEUTRAL,0,0,3,30,POC,3,100,RTH_MORNING,5atr,true
R02,APPROACH_FROM_BELOW,C01_NEUTRAL,5,71.43,7,30,POC,4,57.14,RTH_OPEN,5atr,true
R03,APPROACH_FROM_BELOW,C01_NEUTRAL,4,30.77,13,30,POC,12,92.31,ALL_SESSIONS,5atr,true
R03,APPROACH_FROM_BELOW,C01_NEUTRAL,0,0,1,30,POC,1,100,RTH_AFTERNOON,5atr,true
R03,APPROACH_FROM_BELOW,C01_NEUTRAL,0,0,1,30,POC,1,100,RTH_MORNING,5atr,true
R03,APPROACH_FROM_BELOW,C01_NEUTRAL,4,36.36,11,30,POC,10,90.91,RTH_OPEN,5atr,true
R04,APPROACH_FROM_BELOW,C01_NEUTRAL,7,50,14,30,POC,12,85.71,ALL_SESSIONS,5atr,true
R04,APPROACH_FROM_BELOW,C01_NEUTRAL,1,100,1,30,POC,0,0,RTH_MIDDAY,5atr,true
R04,APPROACH_FROM_BELOW,C01_NEUTRAL,3,60,5,30,POC,5,100,RTH_MORNING,5atr,true
R04,APPROACH_FROM_BELOW,C01_NEUTRAL,3,37.5,8,30,POC,7,87.5,RTH_OPEN,5atr,true
R05,APPROACH_FROM_BELOW,C01_NEUTRAL,3,37.5,8,30,POC,4,50,ALL_SESSIONS,5atr,true
R05,APPROACH_FROM_BELOW,C01_NEUTRAL,0,0,1,30,POC,1,100,RTH_MIDDAY,5atr,true
R05,APPROACH_FROM_BELOW,C01_NEUTRAL,3,42.86,7,30,POC,3,42.86,RTH_MORNING,5atr,true
ALL_ANCHORS,APPROACH_FROM_ABOVE,C02_ACTIVITY_MATCHED,30,44.78,67,30,POC,55,82.09,ALL_SESSIONS,5atr,false
ALL_ANCHORS,APPROACH_FROM_ABOVE,C02_ACTIVITY_MATCHED,2,22.22,9,30,POC,8,88.89,ETH_EVENING,5atr,true
ALL_ANCHORS,APPROACH_FROM_ABOVE,C02_ACTIVITY_MATCHED,1,100,1,30,POC,0,0,ETH_OVERNIGHT,5atr,true
ALL_ANCHORS,APPROACH_FROM_ABOVE,C02_ACTIVITY_MATCHED,3,50,6,30,POC,5,83.33,RTH_MIDDAY,5atr,true
ALL_ANCHORS,APPROACH_FROM_ABOVE,C02_ACTIVITY_MATCHED,3,23.08,13,30,POC,12,92.31,RTH_MORNING,5atr,true
ALL_ANCHORS,APPROACH_FROM_ABOVE,C02_ACTIVITY_MATCHED,21,55.26,38,30,POC,30,78.95,RTH_OPEN,5atr,false
R01,APPROACH_FROM_ABOVE,C02_ACTIVITY_MATCHED,3,30,10,30,POC,8,80,ALL_SESSIONS,5atr,true
R01,APPROACH_FROM_ABOVE,C02_ACTIVITY_MATCHED,2,22.22,9,30,POC,8,88.89,ETH_EVENING,5atr,true
R01,APPROACH_FROM_ABOVE,C02_ACTIVITY_MATCHED,1,100,1,30,POC,0,0,ETH_OVERNIGHT,5atr,true
R02,APPROACH_FROM_ABOVE,C02_ACTIVITY_MATCHED,4,40,10,30,POC,8,80,ALL_SESSIONS,5atr,true
R02,APPROACH_FROM_ABOVE,C02_ACTIVITY_MATCHED,1,33.33,3,30,POC,3,100,RTH_MORNING,5atr,true
R02,APPROACH_FROM_ABOVE,C02_ACTIVITY_MATCHED,3,42.86,7,30,POC,5,71.43,RTH_OPEN,5atr,true
R03,APPROACH_FROM_ABOVE,C02_ACTIVITY_MATCHED,10,58.82,17,30,POC,13,76.47,ALL_SESSIONS,5atr,true
R03,APPROACH_FROM_ABOVE,C02_ACTIVITY_MATCHED,1,100,1,30,POC,1,100,RTH_MIDDAY,5atr,true
R03,APPROACH_FROM_ABOVE,C02_ACTIVITY_MATCHED,0,0,2,30,POC,2,100,RTH_MORNING,5atr,true
R03,APPROACH_FROM_ABOVE,C02_ACTIVITY_MATCHED,9,64.29,14,30,POC,10,71.43,RTH_OPEN,5atr,true
R04,APPROACH_FROM_ABOVE,C02_ACTIVITY_MATCHED,10,45.45,22,30,POC,20,90.91,ALL_SESSIONS,5atr,true
R04,APPROACH_FROM_ABOVE,C02_ACTIVITY_MATCHED,1,50,2,30,POC,2,100,RTH_MIDDAY,5atr,true
R04,APPROACH_FROM_ABOVE,C02_ACTIVITY_MATCHED,0,0,3,30,POC,3,100,RTH_MORNING,5atr,true
R04,APPROACH_FROM_ABOVE,C02_ACTIVITY_MATCHED,9,52.94,17,30,POC,15,88.24,RTH_OPEN,5atr,true
R05,APPROACH_FROM_ABOVE,C02_ACTIVITY_MATCHED,3,37.5,8,30,POC,6,75,ALL_SESSIONS,5atr,true
R05,APPROACH_FROM_ABOVE,C02_ACTIVITY_MATCHED,1,33.33,3,30,POC,2,66.67,RTH_MIDDAY,5atr,true
R05,APPROACH_FROM_ABOVE,C02_ACTIVITY_MATCHED,2,40,5,30,POC,4,80,RTH_MORNING,5atr,true
ALL_ANCHORS,APPROACH_FROM_BELOW,C02_ACTIVITY_MATCHED,24,40,60,30,POC,44,73.33,ALL_SESSIONS,5atr,false
ALL_ANCHORS,APPROACH_FROM_BELOW,C02_ACTIVITY_MATCHED,3,30,10,30,POC,6,60,ETH_EVENING,5atr,true
ALL_ANCHORS,APPROACH_FROM_BELOW,C02_ACTIVITY_MATCHED,2,50,4,30,POC,3,75,ETH_OVERNIGHT,5atr,true
ALL_ANCHORS,APPROACH_FROM_BELOW,C02_ACTIVITY_MATCHED,0,0,2,30,POC,2,100,RTH_AFTERNOON,5atr,true
ALL_ANCHORS,APPROACH_FROM_BELOW,C02_ACTIVITY_MATCHED,1,50,2,30,POC,2,100,RTH_MIDDAY,5atr,true
ALL_ANCHORS,APPROACH_FROM_BELOW,C02_ACTIVITY_MATCHED,9,47.37,19,30,POC,11,57.89,RTH_MORNING,5atr,true
ALL_ANCHORS,APPROACH_FROM_BELOW,C02_ACTIVITY_MATCHED,9,39.13,23,30,POC,20,86.96,RTH_OPEN,5atr,true
R01,APPROACH_FROM_BELOW,C02_ACTIVITY_MATCHED,5,35.71,14,30,POC,9,64.29,ALL_SESSIONS,5atr,true
R01,APPROACH_FROM_BELOW,C02_ACTIVITY_MATCHED,3,30,10,30,POC,6,60,ETH_EVENING,5atr,true
R01,APPROACH_FROM_BELOW,C02_ACTIVITY_MATCHED,2,50,4,30,POC,3,75,ETH_OVERNIGHT,5atr,true
R02,APPROACH_FROM_BELOW,C02_ACTIVITY_MATCHED,5,50,10,30,POC,8,80,ALL_SESSIONS,5atr,true
R02,APPROACH_FROM_BELOW,C02_ACTIVITY_MATCHED,1,25,4,30,POC,3,75,RTH_MORNING,5atr,true
R02,APPROACH_FROM_BELOW,C02_ACTIVITY_MATCHED,4,66.67,6,30,POC,5,83.33,RTH_OPEN,5atr,true
R03,APPROACH_FROM_BELOW,C02_ACTIVITY_MATCHED,4,30.77,13,30,POC,12,92.31,ALL_SESSIONS,5atr,true
R03,APPROACH_FROM_BELOW,C02_ACTIVITY_MATCHED,0,0,1,30,POC,1,100,RTH_AFTERNOON,5atr,true
R03,APPROACH_FROM_BELOW,C02_ACTIVITY_MATCHED,1,100,1,30,POC,1,100,RTH_MIDDAY,5atr,true
R03,APPROACH_FROM_BELOW,C02_ACTIVITY_MATCHED,3,75,4,30,POC,3,75,RTH_MORNING,5atr,true
R03,APPROACH_FROM_BELOW,C02_ACTIVITY_MATCHED,0,0,7,30,POC,7,100,RTH_OPEN,5atr,true
R04,APPROACH_FROM_BELOW,C02_ACTIVITY_MATCHED,6,42.86,14,30,POC,11,78.57,ALL_SESSIONS,5atr,true
R04,APPROACH_FROM_BELOW,C02_ACTIVITY_MATCHED,0,0,1,30,POC,1,100,RTH_AFTERNOON,5atr,true
R04,APPROACH_FROM_BELOW,C02_ACTIVITY_MATCHED,1,33.33,3,30,POC,2,66.67,RTH_MORNING,5atr,true
R04,APPROACH_FROM_BELOW,C02_ACTIVITY_MATCHED,5,50,10,30,POC,8,80,RTH_OPEN,5atr,true
R05,APPROACH_FROM_BELOW,C02_ACTIVITY_MATCHED,4,44.44,9,30,POC,4,44.44,ALL_SESSIONS,5atr,true
R05,APPROACH_FROM_BELOW,C02_ACTIVITY_MATCHED,0,0,1,30,POC,1,100,RTH_MIDDAY,5atr,true
R05,APPROACH_FROM_BELOW,C02_ACTIVITY_MATCHED,4,50,8,30,POC,3,37.5,RTH_MORNING,5atr,true
ALL_ANCHORS,APPROACH_FROM_ABOVE,TREATED,48,56.47,85,30,POC,70,82.35,ALL_SESSIONS,5atr,false
ALL_ANCHORS,APPROACH_FROM_ABOVE,TREATED,7,63.64,11,30,POC,10,90.91,ETH_EVENING,5atr,true
ALL_ANCHORS,APPROACH_FROM_ABOVE,TREATED,2,50,4,30,POC,3,75,ETH_OVERNIGHT,5atr,true
ALL_ANCHORS,APPROACH_FROM_ABOVE,TREATED,6,66.67,9,30,POC,6,66.67,RTH_MIDDAY,5atr,true
ALL_ANCHORS,APPROACH_FROM_ABOVE,TREATED,10,62.5,16,30,POC,16,100,RTH_MORNING,5atr,true
ALL_ANCHORS,APPROACH_FROM_ABOVE,TREATED,23,51.11,45,30,POC,35,77.78,RTH_OPEN,5atr,false
R01,APPROACH_FROM_ABOVE,TREATED,9,60,15,30,POC,13,86.67,ALL_SESSIONS,5atr,true
R01,APPROACH_FROM_ABOVE,TREATED,7,63.64,11,30,POC,10,90.91,ETH_EVENING,5atr,true
R01,APPROACH_FROM_ABOVE,TREATED,2,50,4,30,POC,3,75,ETH_OVERNIGHT,5atr,true
R02,APPROACH_FROM_ABOVE,TREATED,7,58.33,12,30,POC,7,58.33,ALL_SESSIONS,5atr,true
R02,APPROACH_FROM_ABOVE,TREATED,1,100,1,30,POC,0,0,RTH_MIDDAY,5atr,true
R02,APPROACH_FROM_ABOVE,TREATED,1,50,2,30,POC,2,100,RTH_MORNING,5atr,true
R02,APPROACH_FROM_ABOVE,TREATED,5,55.56,9,30,POC,5,55.56,RTH_OPEN,5atr,true
R03,APPROACH_FROM_ABOVE,TREATED,9,42.86,21,30,POC,18,85.71,ALL_SESSIONS,5atr,true
R03,APPROACH_FROM_ABOVE,TREATED,1,50,2,30,POC,2,100,RTH_MIDDAY,5atr,true
R03,APPROACH_FROM_ABOVE,TREATED,1,50,2,30,POC,2,100,RTH_MORNING,5atr,true
R03,APPROACH_FROM_ABOVE,TREATED,7,41.18,17,30,POC,14,82.35,RTH_OPEN,5atr,true
R04,APPROACH_FROM_ABOVE,TREATED,13,56.52,23,30,POC,20,86.96,ALL_SESSIONS,5atr,true
R04,APPROACH_FROM_ABOVE,TREATED,1,50,2,30,POC,2,100,RTH_MIDDAY,5atr,true
R04,APPROACH_FROM_ABOVE,TREATED,1,50,2,30,POC,2,100,RTH_MORNING,5atr,true
R04,APPROACH_FROM_ABOVE,TREATED,11,57.89,19,30,POC,16,84.21,RTH_OPEN,5atr,true
R05,APPROACH_FROM_ABOVE,TREATED,10,71.43,14,30,POC,12,85.71,ALL_SESSIONS,5atr,true
R05,APPROACH_FROM_ABOVE,TREATED,3,75,4,30,POC,2,50,RTH_MIDDAY,5atr,true
R05,APPROACH_FROM_ABOVE,TREATED,7,70,10,30,POC,10,100,RTH_MORNING,5atr,true
ALL_ANCHORS,APPROACH_FROM_BELOW,TREATED,22,33.85,65,30,POC,48,73.85,ALL_SESSIONS,5atr,false
ALL_ANCHORS,APPROACH_FROM_BELOW,TREATED,2,20,10,30,POC,6,60,ETH_EVENING,5atr,true
ALL_ANCHORS,APPROACH_FROM_BELOW,TREATED,2,50,4,30,POC,2,50,ETH_OVERNIGHT,5atr,true
ALL_ANCHORS,APPROACH_FROM_BELOW,TREATED,0,0,2,30,POC,2,100,RTH_AFTERNOON,5atr,true
ALL_ANCHORS,APPROACH_FROM_BELOW,TREATED,0,0,2,30,POC,1,50,RTH_MIDDAY,5atr,true
ALL_ANCHORS,APPROACH_FROM_BELOW,TREATED,8,50,16,30,POC,10,62.5,RTH_MORNING,5atr,true
ALL_ANCHORS,APPROACH_FROM_BELOW,TREATED,10,32.26,31,30,POC,27,87.1,RTH_OPEN,5atr,false
R01,APPROACH_FROM_BELOW,TREATED,4,28.57,14,30,POC,8,57.14,ALL_SESSIONS,5atr,true
R01,APPROACH_FROM_BELOW,TREATED,2,20,10,30,POC,6,60,ETH_EVENING,5atr,true
R01,APPROACH_FROM_BELOW,TREATED,2,50,4,30,POC,2,50,ETH_OVERNIGHT,5atr,true
R02,APPROACH_FROM_BELOW,TREATED,5,55.56,9,30,POC,7,77.78,ALL_SESSIONS,5atr,true
R02,APPROACH_FROM_BELOW,TREATED,0,0,3,30,POC,3,100,RTH_MORNING,5atr,true
R02,APPROACH_FROM_BELOW,TREATED,5,83.33,6,30,POC,4,66.67,RTH_OPEN,5atr,true
R03,APPROACH_FROM_BELOW,TREATED,3,20,15,30,POC,13,86.67,ALL_SESSIONS,5atr,true
R03,APPROACH_FROM_BELOW,TREATED,0,0,1,30,POC,1,100,RTH_AFTERNOON,5atr,true
R03,APPROACH_FROM_BELOW,TREATED,1,100,1,30,POC,0,0,RTH_MORNING,5atr,true
R03,APPROACH_FROM_BELOW,TREATED,2,15.38,13,30,POC,12,92.31,RTH_OPEN,5atr,true
R04,APPROACH_FROM_BELOW,TREATED,6,33.33,18,30,POC,14,77.78,ALL_SESSIONS,5atr,true
R04,APPROACH_FROM_BELOW,TREATED,0,0,1,30,POC,1,100,RTH_AFTERNOON,5atr,true
R04,APPROACH_FROM_BELOW,TREATED,0,0,1,30,POC,0,0,RTH_MIDDAY,5atr,true
R04,APPROACH_FROM_BELOW,TREATED,3,75,4,30,POC,2,50,RTH_MORNING,5atr,true
R04,APPROACH_FROM_BELOW,TREATED,3,25,12,30,POC,11,91.67,RTH_OPEN,5atr,true
R05,APPROACH_FROM_BELOW,TREATED,4,44.44,9,30,POC,6,66.67,ALL_SESSIONS,5atr,true
R05,APPROACH_FROM_BELOW,TREATED,0,0,1,30,POC,1,100,RTH_MIDDAY,5atr,true
R05,APPROACH_FROM_BELOW,TREATED,4,50,8,30,POC,5,62.5,RTH_MORNING,5atr,true
ALL_ANCHORS,APPROACH_FROM_ABOVE,C01_NEUTRAL,40,49.38,81,60,NONPOC,62,76.54,ALL_SESSIONS,5atr,false
ALL_ANCHORS,APPROACH_FROM_ABOVE,C01_NEUTRAL,6,50,12,60,NONPOC,7,58.33,ETH_EVENING,5atr,true
ALL_ANCHORS,APPROACH_FROM_ABOVE,C01_NEUTRAL,2,28.57,7,60,NONPOC,4,57.14,ETH_OVERNIGHT,5atr,true
ALL_ANCHORS,APPROACH_FROM_ABOVE,C01_NEUTRAL,3,37.5,8,60,NONPOC,7,87.5,RTH_MIDDAY,5atr,true
ALL_ANCHORS,APPROACH_FROM_ABOVE,C01_NEUTRAL,9,56.25,16,60,NONPOC,12,75,RTH_MORNING,5atr,true
ALL_ANCHORS,APPROACH_FROM_ABOVE,C01_NEUTRAL,20,52.63,38,60,NONPOC,32,84.21,RTH_OPEN,5atr,false
R01,APPROACH_FROM_ABOVE,C01_NEUTRAL,8,42.11,19,60,NONPOC,11,57.89,ALL_SESSIONS,5atr,true
R01,APPROACH_FROM_ABOVE,C01_NEUTRAL,6,50,12,60,NONPOC,7,58.33,ETH_EVENING,5atr,true
R01,APPROACH_FROM_ABOVE,C01_NEUTRAL,2,28.57,7,60,NONPOC,4,57.14,ETH_OVERNIGHT,5atr,true
R02,APPROACH_FROM_ABOVE,C01_NEUTRAL,0,0,3,60,NONPOC,3,100,ALL_SESSIONS,5atr,true
R02,APPROACH_FROM_ABOVE,C01_NEUTRAL,0,0,1,60,NONPOC,1,100,RTH_MIDDAY,5atr,true
R02,APPROACH_FROM_ABOVE,C01_NEUTRAL,0,0,2,60,NONPOC,2,100,RTH_OPEN,5atr,true
R03,APPROACH_FROM_ABOVE,C01_NEUTRAL,15,46.88,32,60,NONPOC,29,90.62,ALL_SESSIONS,5atr,false
R03,APPROACH_FROM_ABOVE,C01_NEUTRAL,2,50,4,60,NONPOC,4,100,RTH_MIDDAY,5atr,true
R03,APPROACH_FROM_ABOVE,C01_NEUTRAL,2,40,5,60,NONPOC,5,100,RTH_MORNING,5atr,true
R03,APPROACH_FROM_ABOVE,C01_NEUTRAL,11,47.83,23,60,NONPOC,20,86.96,RTH_OPEN,5atr,true
R04,APPROACH_FROM_ABOVE,C01_NEUTRAL,12,63.16,19,60,NONPOC,15,78.95,ALL_SESSIONS,5atr,true
R04,APPROACH_FROM_ABOVE,C01_NEUTRAL,0,0,2,60,NONPOC,2,100,RTH_MIDDAY,5atr,true
R04,APPROACH_FROM_ABOVE,C01_NEUTRAL,3,75,4,60,NONPOC,3,75,RTH_MORNING,5atr,true
R04,APPROACH_FROM_ABOVE,C01_NEUTRAL,9,69.23,13,60,NONPOC,10,76.92,RTH_OPEN,5atr,true
R05,APPROACH_FROM_ABOVE,C01_NEUTRAL,5,62.5,8,60,NONPOC,4,50,ALL_SESSIONS,5atr,true
R05,APPROACH_FROM_ABOVE,C01_NEUTRAL,1,100,1,60,NONPOC,0,0,RTH_MIDDAY,5atr,true
R05,APPROACH_FROM_ABOVE,C01_NEUTRAL,4,57.14,7,60,NONPOC,4,57.14,RTH_MORNING,5atr,true
ALL_ANCHORS,APPROACH_FROM_BELOW,C01_NEUTRAL,33,48.53,68,60,NONPOC,51,75,ALL_SESSIONS,5atr,false
ALL_ANCHORS,APPROACH_FROM_BELOW,C01_NEUTRAL,6,85.71,7,60,NONPOC,3,42.86,ETH_EVENING,5atr,true
ALL_ANCHORS,APPROACH_FROM_BELOW,C01_NEUTRAL,2,50,4,60,NONPOC,1,25,ETH_OVERNIGHT,5atr,true
ALL_ANCHORS,APPROACH_FROM_BELOW,C01_NEUTRAL,2,50,4,60,NONPOC,3,75,RTH_MIDDAY,5atr,true
ALL_ANCHORS,APPROACH_FROM_BELOW,C01_NEUTRAL,5,29.41,17,60,NONPOC,14,82.35,RTH_MORNING,5atr,true
ALL_ANCHORS,APPROACH_FROM_BELOW,C01_NEUTRAL,18,50,36,60,NONPOC,30,83.33,RTH_OPEN,5atr,false
R01,APPROACH_FROM_BELOW,C01_NEUTRAL,8,72.73,11,60,NONPOC,4,36.36,ALL_SESSIONS,5atr,true
R01,APPROACH_FROM_BELOW,C01_NEUTRAL,6,85.71,7,60,NONPOC,3,42.86,ETH_EVENING,5atr,true
R01,APPROACH_FROM_BELOW,C01_NEUTRAL,2,50,4,60,NONPOC,1,25,ETH_OVERNIGHT,5atr,true
R02,APPROACH_FROM_BELOW,C01_NEUTRAL,7,63.64,11,60,NONPOC,7,63.64,ALL_SESSIONS,5atr,true
R02,APPROACH_FROM_BELOW,C01_NEUTRAL,7,63.64,11,60,NONPOC,7,63.64,RTH_OPEN,5atr,true
R03,APPROACH_FROM_BELOW,C01_NEUTRAL,9,50,18,60,NONPOC,16,88.89,ALL_SESSIONS,5atr,true
R03,APPROACH_FROM_BELOW,C01_NEUTRAL,2,40,5,60,NONPOC,5,100,RTH_MORNING,5atr,true
R03,APPROACH_FROM_BELOW,C01_NEUTRAL,7,53.85,13,60,NONPOC,11,84.62,RTH_OPEN,5atr,true
R04,APPROACH_FROM_BELOW,C01_NEUTRAL,6,35.29,17,60,NONPOC,16,94.12,ALL_SESSIONS,5atr,true
R04,APPROACH_FROM_BELOW,C01_NEUTRAL,1,100,1,60,NONPOC,1,100,RTH_MIDDAY,5atr,true
R04,APPROACH_FROM_BELOW,C01_NEUTRAL,1,25,4,60,NONPOC,3,75,RTH_MORNING,5atr,true
R04,APPROACH_FROM_BELOW,C01_NEUTRAL,4,33.33,12,60,NONPOC,12,100,RTH_OPEN,5atr,true
R05,APPROACH_FROM_BELOW,C01_NEUTRAL,3,27.27,11,60,NONPOC,8,72.73,ALL_SESSIONS,5atr,true
R05,APPROACH_FROM_BELOW,C01_NEUTRAL,1,33.33,3,60,NONPOC,2,66.67,RTH_MIDDAY,5atr,true
R05,APPROACH_FROM_BELOW,C01_NEUTRAL,2,25,8,60,NONPOC,6,75,RTH_MORNING,5atr,true
ALL_ANCHORS,APPROACH_FROM_ABOVE,C02_ACTIVITY_MATCHED,35,44.3,79,60,NONPOC,63,79.75,ALL_SESSIONS,5atr,false
ALL_ANCHORS,APPROACH_FROM_ABOVE,C02_ACTIVITY_MATCHED,3,33.33,9,60,NONPOC,9,100,ETH_EVENING,5atr,true
ALL_ANCHORS,APPROACH_FROM_ABOVE,C02_ACTIVITY_MATCHED,3,42.86,7,60,NONPOC,4,57.14,ETH_OVERNIGHT,5atr,true
ALL_ANCHORS,APPROACH_FROM_ABOVE,C02_ACTIVITY_MATCHED,3,50,6,60,NONPOC,4,66.67,RTH_MIDDAY,5atr,true
ALL_ANCHORS,APPROACH_FROM_ABOVE,C02_ACTIVITY_MATCHED,7,41.18,17,60,NONPOC,12,70.59,RTH_MORNING,5atr,true
ALL_ANCHORS,APPROACH_FROM_ABOVE,C02_ACTIVITY_MATCHED,19,47.5,40,60,NONPOC,34,85,RTH_OPEN,5atr,false
R01,APPROACH_FROM_ABOVE,C02_ACTIVITY_MATCHED,6,37.5,16,60,NONPOC,13,81.25,ALL_SESSIONS,5atr,true
R01,APPROACH_FROM_ABOVE,C02_ACTIVITY_MATCHED,3,33.33,9,60,NONPOC,9,100,ETH_EVENING,5atr,true
R01,APPROACH_FROM_ABOVE,C02_ACTIVITY_MATCHED,3,42.86,7,60,NONPOC,4,57.14,ETH_OVERNIGHT,5atr,true
R02,APPROACH_FROM_ABOVE,C02_ACTIVITY_MATCHED,2,28.57,7,60,NONPOC,5,71.43,ALL_SESSIONS,5atr,true
R02,APPROACH_FROM_ABOVE,C02_ACTIVITY_MATCHED,1,50,2,60,NONPOC,1,50,RTH_MIDDAY,5atr,true
R02,APPROACH_FROM_ABOVE,C02_ACTIVITY_MATCHED,1,100,1,60,NONPOC,0,0,RTH_MORNING,5atr,true
R02,APPROACH_FROM_ABOVE,C02_ACTIVITY_MATCHED,0,0,4,60,NONPOC,4,100,RTH_OPEN,5atr,true
R03,APPROACH_FROM_ABOVE,C02_ACTIVITY_MATCHED,15,48.39,31,60,NONPOC,26,83.87,ALL_SESSIONS,5atr,false
R03,APPROACH_FROM_ABOVE,C02_ACTIVITY_MATCHED,1,50,2,60,NONPOC,1,50,RTH_MIDDAY,5atr,true
R03,APPROACH_FROM_ABOVE,C02_ACTIVITY_MATCHED,2,40,5,60,NONPOC,4,80,RTH_MORNING,5atr,true
R03,APPROACH_FROM_ABOVE,C02_ACTIVITY_MATCHED,12,50,24,60,NONPOC,21,87.5,RTH_OPEN,5atr,true
R04,APPROACH_FROM_ABOVE,C02_ACTIVITY_MATCHED,10,58.82,17,60,NONPOC,14,82.35,ALL_SESSIONS,5atr,true
R04,APPROACH_FROM_ABOVE,C02_ACTIVITY_MATCHED,1,50,2,60,NONPOC,2,100,RTH_MIDDAY,5atr,true
R04,APPROACH_FROM_ABOVE,C02_ACTIVITY_MATCHED,2,66.67,3,60,NONPOC,3,100,RTH_MORNING,5atr,true
R04,APPROACH_FROM_ABOVE,C02_ACTIVITY_MATCHED,7,58.33,12,60,NONPOC,9,75,RTH_OPEN,5atr,true
R05,APPROACH_FROM_ABOVE,C02_ACTIVITY_MATCHED,2,25,8,60,NONPOC,5,62.5,ALL_SESSIONS,5atr,true
R05,APPROACH_FROM_ABOVE,C02_ACTIVITY_MATCHED,2,25,8,60,NONPOC,5,62.5,RTH_MORNING,5atr,true
ALL_ANCHORS,APPROACH_FROM_BELOW,C02_ACTIVITY_MATCHED,30,53.57,56,60,NONPOC,45,80.36,ALL_SESSIONS,5atr,false
ALL_ANCHORS,APPROACH_FROM_BELOW,C02_ACTIVITY_MATCHED,2,50,4,60,NONPOC,2,50,ETH_EVENING,5atr,true
ALL_ANCHORS,APPROACH_FROM_BELOW,C02_ACTIVITY_MATCHED,4,66.67,6,60,NONPOC,4,66.67,ETH_OVERNIGHT,5atr,true
ALL_ANCHORS,APPROACH_FROM_BELOW,C02_ACTIVITY_MATCHED,2,40,5,60,NONPOC,5,100,RTH_MIDDAY,5atr,true
ALL_ANCHORS,APPROACH_FROM_BELOW,C02_ACTIVITY_MATCHED,0,0,9,60,NONPOC,9,100,RTH_MORNING,5atr,true
ALL_ANCHORS,APPROACH_FROM_BELOW,C02_ACTIVITY_MATCHED,22,68.75,32,60,NONPOC,25,78.12,RTH_OPEN,5atr,false
R01,APPROACH_FROM_BELOW,C02_ACTIVITY_MATCHED,6,60,10,60,NONPOC,6,60,ALL_SESSIONS,5atr,true
R01,APPROACH_FROM_BELOW,C02_ACTIVITY_MATCHED,2,50,4,60,NONPOC,2,50,ETH_EVENING,5atr,true
R01,APPROACH_FROM_BELOW,C02_ACTIVITY_MATCHED,4,66.67,6,60,NONPOC,4,66.67,ETH_OVERNIGHT,5atr,true
R02,APPROACH_FROM_BELOW,C02_ACTIVITY_MATCHED,9,81.82,11,60,NONPOC,6,54.55,ALL_SESSIONS,5atr,true
R02,APPROACH_FROM_BELOW,C02_ACTIVITY_MATCHED,0,0,1,60,NONPOC,1,100,RTH_MORNING,5atr,true
R02,APPROACH_FROM_BELOW,C02_ACTIVITY_MATCHED,9,90,10,60,NONPOC,5,50,RTH_OPEN,5atr,true
R03,APPROACH_FROM_BELOW,C02_ACTIVITY_MATCHED,10,66.67,15,60,NONPOC,13,86.67,ALL_SESSIONS,5atr,true
R03,APPROACH_FROM_BELOW,C02_ACTIVITY_MATCHED,2,100,2,60,NONPOC,2,100,RTH_MIDDAY,5atr,true
R03,APPROACH_FROM_BELOW,C02_ACTIVITY_MATCHED,0,0,2,60,NONPOC,2,100,RTH_MORNING,5atr,true
R03,APPROACH_FROM_BELOW,C02_ACTIVITY_MATCHED,8,72.73,11,60,NONPOC,9,81.82,RTH_OPEN,5atr,true
R04,APPROACH_FROM_BELOW,C02_ACTIVITY_MATCHED,5,35.71,14,60,NONPOC,14,100,ALL_SESSIONS,5atr,true
R04,APPROACH_FROM_BELOW,C02_ACTIVITY_MATCHED,0,0,1,60,NONPOC,1,100,RTH_MIDDAY,5atr,true
R04,APPROACH_FROM_BELOW,C02_ACTIVITY_MATCHED,0,0,2,60,NONPOC,2,100,RTH_MORNING,5atr,true
R04,APPROACH_FROM_BELOW,C02_ACTIVITY_MATCHED,5,45.45,11,60,NONPOC,11,100,RTH_OPEN,5atr,true
R05,APPROACH_FROM_BELOW,C02_ACTIVITY_MATCHED,0,0,6,60,NONPOC,6,100,ALL_SESSIONS,5atr,true
R05,APPROACH_FROM_BELOW,C02_ACTIVITY_MATCHED,0,0,2,60,NONPOC,2,100,RTH_MIDDAY,5atr,true
R05,APPROACH_FROM_BELOW,C02_ACTIVITY_MATCHED,0,0,4,60,NONPOC,4,100,RTH_MORNING,5atr,true
ALL_ANCHORS,APPROACH_FROM_ABOVE,TREATED,42,49.41,85,60,NONPOC,64,75.29,ALL_SESSIONS,5atr,false
ALL_ANCHORS,APPROACH_FROM_ABOVE,TREATED,6,50,12,60,NONPOC,7,58.33,ETH_EVENING,5atr,true
ALL_ANCHORS,APPROACH_FROM_ABOVE,TREATED,2,25,8,60,NONPOC,5,62.5,ETH_OVERNIGHT,5atr,true
ALL_ANCHORS,APPROACH_FROM_ABOVE,TREATED,2,28.57,7,60,NONPOC,7,100,RTH_MIDDAY,5atr,true
ALL_ANCHORS,APPROACH_FROM_ABOVE,TREATED,11,61.11,18,60,NONPOC,13,72.22,RTH_MORNING,5atr,true
ALL_ANCHORS,APPROACH_FROM_ABOVE,TREATED,21,52.5,40,60,NONPOC,32,80,RTH_OPEN,5atr,false
R01,APPROACH_FROM_ABOVE,TREATED,8,40,20,60,NONPOC,12,60,ALL_SESSIONS,5atr,true
R01,APPROACH_FROM_ABOVE,TREATED,6,50,12,60,NONPOC,7,58.33,ETH_EVENING,5atr,true
R01,APPROACH_FROM_ABOVE,TREATED,2,25,8,60,NONPOC,5,62.5,ETH_OVERNIGHT,5atr,true
R02,APPROACH_FROM_ABOVE,TREATED,3,50,6,60,NONPOC,3,50,ALL_SESSIONS,5atr,true
R02,APPROACH_FROM_ABOVE,TREATED,0,0,1,60,NONPOC,1,100,RTH_MIDDAY,5atr,true
R02,APPROACH_FROM_ABOVE,TREATED,1,100,1,60,NONPOC,0,0,RTH_MORNING,5atr,true
R02,APPROACH_FROM_ABOVE,TREATED,2,50,4,60,NONPOC,2,50,RTH_OPEN,5atr,true
R03,APPROACH_FROM_ABOVE,TREATED,15,45.45,33,60,NONPOC,30,90.91,ALL_SESSIONS,5atr,false
R03,APPROACH_FROM_ABOVE,TREATED,2,50,4,60,NONPOC,4,100,RTH_MIDDAY,5atr,true
R03,APPROACH_FROM_ABOVE,TREATED,2,40,5,60,NONPOC,5,100,RTH_MORNING,5atr,true
R03,APPROACH_FROM_ABOVE,TREATED,11,45.83,24,60,NONPOC,21,87.5,RTH_OPEN,5atr,true
R04,APPROACH_FROM_ABOVE,TREATED,11,61.11,18,60,NONPOC,15,83.33,ALL_SESSIONS,5atr,true
R04,APPROACH_FROM_ABOVE,TREATED,0,0,2,60,NONPOC,2,100,RTH_MIDDAY,5atr,true
R04,APPROACH_FROM_ABOVE,TREATED,3,75,4,60,NONPOC,4,100,RTH_MORNING,5atr,true
R04,APPROACH_FROM_ABOVE,TREATED,8,66.67,12,60,NONPOC,9,75,RTH_OPEN,5atr,true
R05,APPROACH_FROM_ABOVE,TREATED,5,62.5,8,60,NONPOC,4,50,ALL_SESSIONS,5atr,true
R05,APPROACH_FROM_ABOVE,TREATED,5,62.5,8,60,NONPOC,4,50,RTH_MORNING,5atr,true
ALL_ANCHORS,APPROACH_FROM_BELOW,TREATED,38,55.07,69,60,NONPOC,49,71.01,ALL_SESSIONS,5atr,false
ALL_ANCHORS,APPROACH_FROM_BELOW,TREATED,4,80,5,60,NONPOC,2,40,ETH_EVENING,5atr,true
ALL_ANCHORS,APPROACH_FROM_BELOW,TREATED,5,83.33,6,60,NONPOC,3,50,ETH_OVERNIGHT,5atr,true
ALL_ANCHORS,APPROACH_FROM_BELOW,TREATED,3,50,6,60,NONPOC,4,66.67,RTH_MIDDAY,5atr,true
ALL_ANCHORS,APPROACH_FROM_BELOW,TREATED,5,33.33,15,60,NONPOC,13,86.67,RTH_MORNING,5atr,true
ALL_ANCHORS,APPROACH_FROM_BELOW,TREATED,21,56.76,37,60,NONPOC,27,72.97,RTH_OPEN,5atr,false
R01,APPROACH_FROM_BELOW,TREATED,9,81.82,11,60,NONPOC,5,45.45,ALL_SESSIONS,5atr,true
R01,APPROACH_FROM_BELOW,TREATED,4,80,5,60,NONPOC,2,40,ETH_EVENING,5atr,true
R01,APPROACH_FROM_BELOW,TREATED,5,83.33,6,60,NONPOC,3,50,ETH_OVERNIGHT,5atr,true
R02,APPROACH_FROM_BELOW,TREATED,6,50,12,60,NONPOC,6,50,ALL_SESSIONS,5atr,true
R02,APPROACH_FROM_BELOW,TREATED,6,50,12,60,NONPOC,6,50,RTH_OPEN,5atr,true
R03,APPROACH_FROM_BELOW,TREATED,13,68.42,19,60,NONPOC,15,78.95,ALL_SESSIONS,5atr,true
R03,APPROACH_FROM_BELOW,TREATED,2,100,2,60,NONPOC,1,50,RTH_MIDDAY,5atr,true
R03,APPROACH_FROM_BELOW,TREATED,1,33.33,3,60,NONPOC,3,100,RTH_MORNING,5atr,true
R03,APPROACH_FROM_BELOW,TREATED,10,71.43,14,60,NONPOC,11,78.57,RTH_OPEN,5atr,true
R04,APPROACH_FROM_BELOW,TREATED,6,37.5,16,60,NONPOC,14,87.5,ALL_SESSIONS,5atr,true
R04,APPROACH_FROM_BELOW,TREATED,0,0,1,60,NONPOC,1,100,RTH_MIDDAY,5atr,true
R04,APPROACH_FROM_BELOW,TREATED,1,25,4,60,NONPOC,3,75,RTH_MORNING,5atr,true
R04,APPROACH_FROM_BELOW,TREATED,5,45.45,11,60,NONPOC,10,90.91,RTH_OPEN,5atr,true
R05,APPROACH_FROM_BELOW,TREATED,4,36.36,11,60,NONPOC,9,81.82,ALL_SESSIONS,5atr,true
R05,APPROACH_FROM_BELOW,TREATED,1,33.33,3,60,NONPOC,2,66.67,RTH_MIDDAY,5atr,true
R05,APPROACH_FROM_BELOW,TREATED,3,37.5,8,60,NONPOC,7,87.5,RTH_MORNING,5atr,true
ALL_ANCHORS,APPROACH_FROM_ABOVE,C01_NEUTRAL,49,56.98,86,60,POC,68,79.07,ALL_SESSIONS,5atr,false
ALL_ANCHORS,APPROACH_FROM_ABOVE,C01_NEUTRAL,7,58.33,12,60,POC,10,83.33,ETH_EVENING,5atr,true
ALL_ANCHORS,APPROACH_FROM_ABOVE,C01_NEUTRAL,2,50,4,60,POC,3,75,ETH_OVERNIGHT,5atr,true
ALL_ANCHORS,APPROACH_FROM_ABOVE,C01_NEUTRAL,7,87.5,8,60,POC,7,87.5,RTH_MIDDAY,5atr,true
ALL_ANCHORS,APPROACH_FROM_ABOVE,C01_NEUTRAL,13,59.09,22,60,POC,16,72.73,RTH_MORNING,5atr,true
ALL_ANCHORS,APPROACH_FROM_ABOVE,C01_NEUTRAL,20,50,40,60,POC,32,80,RTH_OPEN,5atr,false
R01,APPROACH_FROM_ABOVE,C01_NEUTRAL,9,52.94,17,60,POC,14,82.35,ALL_SESSIONS,5atr,true
R01,APPROACH_FROM_ABOVE,C01_NEUTRAL,7,58.33,12,60,POC,10,83.33,ETH_EVENING,5atr,true
R01,APPROACH_FROM_ABOVE,C01_NEUTRAL,2,50,4,60,POC,3,75,ETH_OVERNIGHT,5atr,true
R01,APPROACH_FROM_ABOVE,C01_NEUTRAL,0,0,1,60,POC,1,100,RTH_OPEN,5atr,true
R02,APPROACH_FROM_ABOVE,C01_NEUTRAL,6,50,12,60,POC,8,66.67,ALL_SESSIONS,5atr,true
R02,APPROACH_FROM_ABOVE,C01_NEUTRAL,0,0,1,60,POC,1,100,RTH_MIDDAY,5atr,true
R02,APPROACH_FROM_ABOVE,C01_NEUTRAL,2,66.67,3,60,POC,2,66.67,RTH_MORNING,5atr,true
R02,APPROACH_FROM_ABOVE,C01_NEUTRAL,4,50,8,60,POC,5,62.5,RTH_OPEN,5atr,true
R03,APPROACH_FROM_ABOVE,C01_NEUTRAL,9,47.37,19,60,POC,17,89.47,ALL_SESSIONS,5atr,true
R03,APPROACH_FROM_ABOVE,C01_NEUTRAL,2,100,2,60,POC,2,100,RTH_MIDDAY,5atr,true
R03,APPROACH_FROM_ABOVE,C01_NEUTRAL,1,33.33,3,60,POC,3,100,RTH_MORNING,5atr,true
R03,APPROACH_FROM_ABOVE,C01_NEUTRAL,6,42.86,14,60,POC,12,85.71,RTH_OPEN,5atr,true
R04,APPROACH_FROM_ABOVE,C01_NEUTRAL,13,59.09,22,60,POC,19,86.36,ALL_SESSIONS,5atr,true
R04,APPROACH_FROM_ABOVE,C01_NEUTRAL,2,100,2,60,POC,2,100,RTH_MIDDAY,5atr,true
R04,APPROACH_FROM_ABOVE,C01_NEUTRAL,1,33.33,3,60,POC,3,100,RTH_MORNING,5atr,true
R04,APPROACH_FROM_ABOVE,C01_NEUTRAL,10,58.82,17,60,POC,14,82.35,RTH_OPEN,5atr,true
R05,APPROACH_FROM_ABOVE,C01_NEUTRAL,12,75,16,60,POC,10,62.5,ALL_SESSIONS,5atr,true
R05,APPROACH_FROM_ABOVE,C01_NEUTRAL,3,100,3,60,POC,2,66.67,RTH_MIDDAY,5atr,true
R05,APPROACH_FROM_ABOVE,C01_NEUTRAL,9,69.23,13,60,POC,8,61.54,RTH_MORNING,5atr,true
ALL_ANCHORS,APPROACH_FROM_BELOW,C01_NEUTRAL,26,47.27,55,60,POC,42,76.36,ALL_SESSIONS,5atr,false
ALL_ANCHORS,APPROACH_FROM_BELOW,C01_NEUTRAL,3,33.33,9,60,POC,7,77.78,ETH_EVENING,5atr,true
ALL_ANCHORS,APPROACH_FROM_BELOW,C01_NEUTRAL,1,50,2,60,POC,1,50,ETH_OVERNIGHT,5atr,true
ALL_ANCHORS,APPROACH_FROM_BELOW,C01_NEUTRAL,1,50,2,60,POC,1,50,RTH_MIDDAY,5atr,true
ALL_ANCHORS,APPROACH_FROM_BELOW,C01_NEUTRAL,5,31.25,16,60,POC,12,75,RTH_MORNING,5atr,true
ALL_ANCHORS,APPROACH_FROM_BELOW,C01_NEUTRAL,16,61.54,26,60,POC,21,80.77,RTH_OPEN,5atr,true
R01,APPROACH_FROM_BELOW,C01_NEUTRAL,4,36.36,11,60,POC,8,72.73,ALL_SESSIONS,5atr,true
R01,APPROACH_FROM_BELOW,C01_NEUTRAL,3,33.33,9,60,POC,7,77.78,ETH_EVENING,5atr,true
R01,APPROACH_FROM_BELOW,C01_NEUTRAL,1,50,2,60,POC,1,50,ETH_OVERNIGHT,5atr,true
R02,APPROACH_FROM_BELOW,C01_NEUTRAL,6,60,10,60,POC,7,70,ALL_SESSIONS,5atr,true
R02,APPROACH_FROM_BELOW,C01_NEUTRAL,0,0,3,60,POC,3,100,RTH_MORNING,5atr,true
R02,APPROACH_FROM_BELOW,C01_NEUTRAL,6,85.71,7,60,POC,4,57.14,RTH_OPEN,5atr,true
R03,APPROACH_FROM_BELOW,C01_NEUTRAL,5,41.67,12,60,POC,11,91.67,ALL_SESSIONS,5atr,true
R03,APPROACH_FROM_BELOW,C01_NEUTRAL,0,0,1,60,POC,1,100,RTH_MORNING,5atr,true
R03,APPROACH_FROM_BELOW,C01_NEUTRAL,5,45.45,11,60,POC,10,90.91,RTH_OPEN,5atr,true
R04,APPROACH_FROM_BELOW,C01_NEUTRAL,7,50,14,60,POC,12,85.71,ALL_SESSIONS,5atr,true
R04,APPROACH_FROM_BELOW,C01_NEUTRAL,1,100,1,60,POC,0,0,RTH_MIDDAY,5atr,true
R04,APPROACH_FROM_BELOW,C01_NEUTRAL,1,20,5,60,POC,5,100,RTH_MORNING,5atr,true
R04,APPROACH_FROM_BELOW,C01_NEUTRAL,5,62.5,8,60,POC,7,87.5,RTH_OPEN,5atr,true
R05,APPROACH_FROM_BELOW,C01_NEUTRAL,4,50,8,60,POC,4,50,ALL_SESSIONS,5atr,true
R05,APPROACH_FROM_BELOW,C01_NEUTRAL,0,0,1,60,POC,1,100,RTH_MIDDAY,5atr,true
R05,APPROACH_FROM_BELOW,C01_NEUTRAL,4,57.14,7,60,POC,3,42.86,RTH_MORNING,5atr,true
ALL_ANCHORS,APPROACH_FROM_ABOVE,C02_ACTIVITY_MATCHED,37,55.22,67,60,POC,55,82.09,ALL_SESSIONS,5atr,false
ALL_ANCHORS,APPROACH_FROM_ABOVE,C02_ACTIVITY_MATCHED,4,44.44,9,60,POC,8,88.89,ETH_EVENING,5atr,true
ALL_ANCHORS,APPROACH_FROM_ABOVE,C02_ACTIVITY_MATCHED,1,100,1,60,POC,0,0,ETH_OVERNIGHT,5atr,true
ALL_ANCHORS,APPROACH_FROM_ABOVE,C02_ACTIVITY_MATCHED,6,100,6,60,POC,5,83.33,RTH_MIDDAY,5atr,true
ALL_ANCHORS,APPROACH_FROM_ABOVE,C02_ACTIVITY_MATCHED,6,46.15,13,60,POC,12,92.31,RTH_MORNING,5atr,true
ALL_ANCHORS,APPROACH_FROM_ABOVE,C02_ACTIVITY_MATCHED,20,52.63,38,60,POC,30,78.95,RTH_OPEN,5atr,false
R01,APPROACH_FROM_ABOVE,C02_ACTIVITY_MATCHED,5,50,10,60,POC,8,80,ALL_SESSIONS,5atr,true
R01,APPROACH_FROM_ABOVE,C02_ACTIVITY_MATCHED,4,44.44,9,60,POC,8,88.89,ETH_EVENING,5atr,true
R01,APPROACH_FROM_ABOVE,C02_ACTIVITY_MATCHED,1,100,1,60,POC,0,0,ETH_OVERNIGHT,5atr,true
R02,APPROACH_FROM_ABOVE,C02_ACTIVITY_MATCHED,4,40,10,60,POC,8,80,ALL_SESSIONS,5atr,true
R02,APPROACH_FROM_ABOVE,C02_ACTIVITY_MATCHED,1,33.33,3,60,POC,3,100,RTH_MORNING,5atr,true
R02,APPROACH_FROM_ABOVE,C02_ACTIVITY_MATCHED,3,42.86,7,60,POC,5,71.43,RTH_OPEN,5atr,true
R03,APPROACH_FROM_ABOVE,C02_ACTIVITY_MATCHED,8,47.06,17,60,POC,13,76.47,ALL_SESSIONS,5atr,true
R03,APPROACH_FROM_ABOVE,C02_ACTIVITY_MATCHED,1,100,1,60,POC,1,100,RTH_MIDDAY,5atr,true
R03,APPROACH_FROM_ABOVE,C02_ACTIVITY_MATCHED,0,0,2,60,POC,2,100,RTH_MORNING,5atr,true
R03,APPROACH_FROM_ABOVE,C02_ACTIVITY_MATCHED,7,50,14,60,POC,10,71.43,RTH_OPEN,5atr,true
R04,APPROACH_FROM_ABOVE,C02_ACTIVITY_MATCHED,13,59.09,22,60,POC,20,90.91,ALL_SESSIONS,5atr,true
R04,APPROACH_FROM_ABOVE,C02_ACTIVITY_MATCHED,2,100,2,60,POC,2,100,RTH_MIDDAY,5atr,true
R04,APPROACH_FROM_ABOVE,C02_ACTIVITY_MATCHED,1,33.33,3,60,POC,3,100,RTH_MORNING,5atr,true
R04,APPROACH_FROM_ABOVE,C02_ACTIVITY_MATCHED,10,58.82,17,60,POC,15,88.24,RTH_OPEN,5atr,true
R05,APPROACH_FROM_ABOVE,C02_ACTIVITY_MATCHED,7,87.5,8,60,POC,6,75,ALL_SESSIONS,5atr,true
R05,APPROACH_FROM_ABOVE,C02_ACTIVITY_MATCHED,3,100,3,60,POC,2,66.67,RTH_MIDDAY,5atr,true
R05,APPROACH_FROM_ABOVE,C02_ACTIVITY_MATCHED,4,80,5,60,POC,4,80,RTH_MORNING,5atr,true
ALL_ANCHORS,APPROACH_FROM_BELOW,C02_ACTIVITY_MATCHED,29,51.79,56,60,POC,40,71.43,ALL_SESSIONS,5atr,false
ALL_ANCHORS,APPROACH_FROM_BELOW,C02_ACTIVITY_MATCHED,6,60,10,60,POC,6,60,ETH_EVENING,5atr,true
ALL_ANCHORS,APPROACH_FROM_BELOW,C02_ACTIVITY_MATCHED,1,50,2,60,POC,1,50,ETH_OVERNIGHT,5atr,true
ALL_ANCHORS,APPROACH_FROM_BELOW,C02_ACTIVITY_MATCHED,1,50,2,60,POC,2,100,RTH_MIDDAY,5atr,true
ALL_ANCHORS,APPROACH_FROM_BELOW,C02_ACTIVITY_MATCHED,10,52.63,19,60,POC,11,57.89,RTH_MORNING,5atr,true
ALL_ANCHORS,APPROACH_FROM_BELOW,C02_ACTIVITY_MATCHED,11,47.83,23,60,POC,20,86.96,RTH_OPEN,5atr,true
R01,APPROACH_FROM_BELOW,C02_ACTIVITY_MATCHED,7,58.33,12,60,POC,7,58.33,ALL_SESSIONS,5atr,true
R01,APPROACH_FROM_BELOW,C02_ACTIVITY_MATCHED,6,60,10,60,POC,6,60,ETH_EVENING,5atr,true
R01,APPROACH_FROM_BELOW,C02_ACTIVITY_MATCHED,1,50,2,60,POC,1,50,ETH_OVERNIGHT,5atr,true
R02,APPROACH_FROM_BELOW,C02_ACTIVITY_MATCHED,5,50,10,60,POC,8,80,ALL_SESSIONS,5atr,true
R02,APPROACH_FROM_BELOW,C02_ACTIVITY_MATCHED,1,25,4,60,POC,3,75,RTH_MORNING,5atr,true
R02,APPROACH_FROM_BELOW,C02_ACTIVITY_MATCHED,4,66.67,6,60,POC,5,83.33,RTH_OPEN,5atr,true
R03,APPROACH_FROM_BELOW,C02_ACTIVITY_MATCHED,6,50,12,60,POC,11,91.67,ALL_SESSIONS,5atr,true
R03,APPROACH_FROM_BELOW,C02_ACTIVITY_MATCHED,1,100,1,60,POC,1,100,RTH_MIDDAY,5atr,true
R03,APPROACH_FROM_BELOW,C02_ACTIVITY_MATCHED,2,50,4,60,POC,3,75,RTH_MORNING,5atr,true
R03,APPROACH_FROM_BELOW,C02_ACTIVITY_MATCHED,3,42.86,7,60,POC,7,100,RTH_OPEN,5atr,true
R04,APPROACH_FROM_BELOW,C02_ACTIVITY_MATCHED,6,46.15,13,60,POC,10,76.92,ALL_SESSIONS,5atr,true
R04,APPROACH_FROM_BELOW,C02_ACTIVITY_MATCHED,2,66.67,3,60,POC,2,66.67,RTH_MORNING,5atr,true
R04,APPROACH_FROM_BELOW,C02_ACTIVITY_MATCHED,4,40,10,60,POC,8,80,RTH_OPEN,5atr,true
R05,APPROACH_FROM_BELOW,C02_ACTIVITY_MATCHED,5,55.56,9,60,POC,4,44.44,ALL_SESSIONS,5atr,true
R05,APPROACH_FROM_BELOW,C02_ACTIVITY_MATCHED,0,0,1,60,POC,1,100,RTH_MIDDAY,5atr,true
R05,APPROACH_FROM_BELOW,C02_ACTIVITY_MATCHED,5,62.5,8,60,POC,3,37.5,RTH_MORNING,5atr,true
ALL_ANCHORS,APPROACH_FROM_ABOVE,TREATED,52,61.18,85,60,POC,70,82.35,ALL_SESSIONS,5atr,false
ALL_ANCHORS,APPROACH_FROM_ABOVE,TREATED,5,45.45,11,60,POC,10,90.91,ETH_EVENING,5atr,true
ALL_ANCHORS,APPROACH_FROM_ABOVE,TREATED,1,25,4,60,POC,3,75,ETH_OVERNIGHT,5atr,true
ALL_ANCHORS,APPROACH_FROM_ABOVE,TREATED,9,100,9,60,POC,6,66.67,RTH_MIDDAY,5atr,true
ALL_ANCHORS,APPROACH_FROM_ABOVE,TREATED,11,68.75,16,60,POC,16,100,RTH_MORNING,5atr,true
ALL_ANCHORS,APPROACH_FROM_ABOVE,TREATED,26,57.78,45,60,POC,35,77.78,RTH_OPEN,5atr,false
R01,APPROACH_FROM_ABOVE,TREATED,6,40,15,60,POC,13,86.67,ALL_SESSIONS,5atr,true
R01,APPROACH_FROM_ABOVE,TREATED,5,45.45,11,60,POC,10,90.91,ETH_EVENING,5atr,true
R01,APPROACH_FROM_ABOVE,TREATED,1,25,4,60,POC,3,75,ETH_OVERNIGHT,5atr,true
R02,APPROACH_FROM_ABOVE,TREATED,7,58.33,12,60,POC,7,58.33,ALL_SESSIONS,5atr,true
R02,APPROACH_FROM_ABOVE,TREATED,1,100,1,60,POC,0,0,RTH_MIDDAY,5atr,true
R02,APPROACH_FROM_ABOVE,TREATED,1,50,2,60,POC,2,100,RTH_MORNING,5atr,true
R02,APPROACH_FROM_ABOVE,TREATED,5,55.56,9,60,POC,5,55.56,RTH_OPEN,5atr,true
R03,APPROACH_FROM_ABOVE,TREATED,11,52.38,21,60,POC,18,85.71,ALL_SESSIONS,5atr,true
R03,APPROACH_FROM_ABOVE,TREATED,2,100,2,60,POC,2,100,RTH_MIDDAY,5atr,true
R03,APPROACH_FROM_ABOVE,TREATED,1,50,2,60,POC,2,100,RTH_MORNING,5atr,true
R03,APPROACH_FROM_ABOVE,TREATED,8,47.06,17,60,POC,14,82.35,RTH_OPEN,5atr,true
R04,APPROACH_FROM_ABOVE,TREATED,16,69.57,23,60,POC,20,86.96,ALL_SESSIONS,5atr,true
R04,APPROACH_FROM_ABOVE,TREATED,2,100,2,60,POC,2,100,RTH_MIDDAY,5atr,true
R04,APPROACH_FROM_ABOVE,TREATED,1,50,2,60,POC,2,100,RTH_MORNING,5atr,true
R04,APPROACH_FROM_ABOVE,TREATED,13,68.42,19,60,POC,16,84.21,RTH_OPEN,5atr,true
R05,APPROACH_FROM_ABOVE,TREATED,12,85.71,14,60,POC,12,85.71,ALL_SESSIONS,5atr,true
R05,APPROACH_FROM_ABOVE,TREATED,4,100,4,60,POC,2,50,RTH_MIDDAY,5atr,true
R05,APPROACH_FROM_ABOVE,TREATED,8,80,10,60,POC,10,100,RTH_MORNING,5atr,true
ALL_ANCHORS,APPROACH_FROM_BELOW,TREATED,30,49.18,61,60,POC,45,73.77,ALL_SESSIONS,5atr,false
ALL_ANCHORS,APPROACH_FROM_BELOW,TREATED,5,50,10,60,POC,6,60,ETH_EVENING,5atr,true
ALL_ANCHORS,APPROACH_FROM_BELOW,TREATED,1,50,2,60,POC,1,50,ETH_OVERNIGHT,5atr,true
ALL_ANCHORS,APPROACH_FROM_BELOW,TREATED,0,0,2,60,POC,1,50,RTH_MIDDAY,5atr,true
ALL_ANCHORS,APPROACH_FROM_BELOW,TREATED,9,56.25,16,60,POC,10,62.5,RTH_MORNING,5atr,true
ALL_ANCHORS,APPROACH_FROM_BELOW,TREATED,15,48.39,31,60,POC,27,87.1,RTH_OPEN,5atr,false
R01,APPROACH_FROM_BELOW,TREATED,6,50,12,60,POC,7,58.33,ALL_SESSIONS,5atr,true
R01,APPROACH_FROM_BELOW,TREATED,5,50,10,60,POC,6,60,ETH_EVENING,5atr,true
R01,APPROACH_FROM_BELOW,TREATED,1,50,2,60,POC,1,50,ETH_OVERNIGHT,5atr,true
R02,APPROACH_FROM_BELOW,TREATED,5,55.56,9,60,POC,7,77.78,ALL_SESSIONS,5atr,true
R02,APPROACH_FROM_BELOW,TREATED,0,0,3,60,POC,3,100,RTH_MORNING,5atr,true
R02,APPROACH_FROM_BELOW,TREATED,5,83.33,6,60,POC,4,66.67,RTH_OPEN,5atr,true
R03,APPROACH_FROM_BELOW,TREATED,7,50,14,60,POC,12,85.71,ALL_SESSIONS,5atr,true
R03,APPROACH_FROM_BELOW,TREATED,1,100,1,60,POC,0,0,RTH_MORNING,5atr,true
R03,APPROACH_FROM_BELOW,TREATED,6,46.15,13,60,POC,12,92.31,RTH_OPEN,5atr,true
R04,APPROACH_FROM_BELOW,TREATED,6,35.29,17,60,POC,13,76.47,ALL_SESSIONS,5atr,true
R04,APPROACH_FROM_BELOW,TREATED,0,0,1,60,POC,0,0,RTH_MIDDAY,5atr,true
R04,APPROACH_FROM_BELOW,TREATED,2,50,4,60,POC,2,50,RTH_MORNING,5atr,true
R04,APPROACH_FROM_BELOW,TREATED,4,33.33,12,60,POC,11,91.67,RTH_OPEN,5atr,true
R05,APPROACH_FROM_BELOW,TREATED,6,66.67,9,60,POC,6,66.67,ALL_SESSIONS,5atr,true
R05,APPROACH_FROM_BELOW,TREATED,0,0,1,60,POC,1,100,RTH_MIDDAY,5atr,true
R05,APPROACH_FROM_BELOW,TREATED,6,75,8,60,POC,5,62.5,RTH_MORNING,5atr,true
