bin_ratio,contract,family,poc_class,poc_high_bin_index,poc_low_bin_index,poc_price,poc_volume,poc_width_bins,profile_id,relationship_id,session_date,year
0.1,NQM9,midnight,POC_ATOMIC,29776,29776,7444.125,1044.099057560086971851677734,1,0062469027d533d45a72,R04,2019-06-10,2019
0.1,NQH9,full_overnight,POC_ATOMIC,26258,26258,6564.625,1527.42034889326584036504618,1,006b191194737bea0026,R03,2019-01-10,2019
0.05,NQH9,prior_rth,POC_ATOMIC,27548,27548,6887.125,3399.777102360381812463166359,1,00979fc20eaca6c229f8,R01,2019-02-08,2019
0.05,NQH9,prior_rth,POC_ATOMIC,27548,27548,6887.125,3399.777102360381812463166359,1,00979fc20eaca6c229f8,R02,2019-02-08,2019
0.05,NQZ9,opening_hour_rth,POC_ATOMIC,33684,33684,8421.125,1663.698718753637617734980818,1,00d38033493193f17284,R05,2019-12-09,2019
0.1,NQM9,prior_rth,POC_ATOMIC,31286,31286,7821.625,4634.647339773516244104479399,1,00f9b0c287e65da88a14,R01,2019-04-25,2019
0.1,NQM9,prior_rth,POC_ATOMIC,31286,31286,7821.625,4634.647339773516244104479399,1,00f9b0c287e65da88a14,R02,2019-04-25,2019
0.1,NQU9,opening_hour_rth,POC_ATOMIC,30700,30700,7675.125,1152.219329281829281829281829,1,0110ef35506cb71453b5,R05,2019-06-28,2019
0.2,NQH9,prior_rth,POC_ATOMIC,13115,13115,6557.75,4737.099539285104300584176745,1,01404b61abebe45f2383,R01,2019-01-09,2019
0.2,NQH9,prior_rth,POC_ATOMIC,13115,13115,6557.75,4737.099539285104300584176745,1,01404b61abebe45f2383,R02,2019-01-09,2019
0.05,NQU9,midnight,POC_ATOMIC,31742,31742,7935.625,1000.487225261015761789915632,1,0163817b5d64fa9a1c11,R04,2019-09-12,2019
0.05,NQM9,midnight,POC_ATOMIC,29534,29534,7383.625,748.5089611532258591082120494,1,0164617be5ba286e2f6d,R04,2019-03-27,2019
0.05,NQM9,opening_hour_rth,POC_ATOMIC,29474,29471,7367.875,5997.559185986050183777828512,4,01647bd5445fb75d210b,R05,2019-05-24,2019
0.1,NQU9,prior_rth,POC_ATOMIC,31474,31474,7868.625,2140.627667704543972292450994,1,017fc555329685535952,R01,2019-09-10,2019
0.1,NQU9,prior_rth,POC_ATOMIC,31474,31474,7868.625,2140.627667704543972292450994,1,017fc555329685535952,R02,2019-09-10,2019
0.1,NQM9,opening_hour_rth,POC_ATOMIC,31380,31380,7845.125,1976.158934822186616593018705,1,01b318fd99657e5e833f,R05,2019-04-29,2019
0.2,NQM9,prior_rth,POC_ATOMIC,7571,7571,7571.5,13508.75714285714285714285714,1,01b7232147c5566ae728,R01,2019-05-20,2019
0.2,NQM9,prior_rth,POC_ATOMIC,7571,7571,7571.5,13508.75714285714285714285714,1,01b7232147c5566ae728,R02,2019-05-20,2019
0.1,NQH9,full_overnight,POC_ATOMIC,26461,26461,6615.375,983.9492634996582365003417635,1,024c69df2b3f2e8b542e,R03,2019-01-11,2019
0.1,NQH9,midnight,POC_ATOMIC,27461,27461,6865.375,1182.575918525918525918525919,1,0251c7c87733a555086f,R04,2019-01-31,2019
0.1,NQZ9,full_overnight,POC_ATOMIC,32219,32219,8054.875,1219.425197025197025197025197,1,025d82e87074467d7c18,R03,2019-10-30,2019
0.2,NQM9,prior_rth,POC_ATOMIC,14313,14313,7156.75,5645.115247954659719365601719,1,0293418b0c709af1f6f0,R01,2019-06-03,2019
0.2,NQM9,prior_rth,POC_ATOMIC,14313,14313,7156.75,5645.115247954659719365601719,1,0293418b0c709af1f6f0,R02,2019-06-03,2019
0.2,NQH9,opening_hour_rth,POC_ATOMIC,28032,28032,7008.125,1673.757055759944775963082599,1,02a64a8f27b9624b608f,R05,2019-02-05,2019
0.05,NQH9,full_overnight,POC_ATOMIC,28170,28170,7042.625,1189.07563336601027058124091,1,02ae3cb469c85164d049,R03,2019-02-14,2019
0.2,NQZ9,full_overnight,POC_ATOMIC,15387,15387,7693.75,3311.04825767049989463448483,1,02b873f3a344d16378d0,R03,2019-10-10,2019
0.1,NQU9,opening_hour_rth,POC_ATOMIC,31691,31691,7922.875,1131.73679749827246031537787,1,030bfc85f51aeaa4f33e,R05,2019-07-10,2019
0.2,NQZ9,opening_hour_rth,POC_ATOMIC,16722,16722,8361.25,2491.806994720965309200603318,1,0337e75fef7d75957a15,R05,2019-12-10,2019
0.2,NQH9,prior_rth,POC_ATOMIC,8928,8928,6696.375,7972.549259769784066459258275,1,0348e2cbbb2bfdc0b54e,R01,2019-01-25,2019
0.2,NQH9,prior_rth,POC_ATOMIC,8928,8928,6696.375,7972.549259769784066459258275,1,0348e2cbbb2bfdc0b54e,R02,2019-01-25,2019
0.2,NQM9,opening_hour_rth,POC_ATOMIC,14424,14424,7212.25,2770.757212245099242003266771,1,0349ab6f9a17b28839cc,R05,2019-03-12,2019
0.1,NQU9,opening_hour_rth,POC_ATOMIC,30256,30256,7564.125,990.4425633353636786131065307,1,03576bb398babb48090e,R05,2019-06-17,2019
0.05,NQH9,opening_hour_rth,POC_ATOMIC,26895,26895,6723.875,1381.165644561836512300908586,1,03677a4da6c53004bda7,R05,2019-01-30,2019
0.1,NQH9,midnight,POC_ATOMIC,27813,27813,6953.375,1163.192099464003488771290629,1,0371dc56d91b7f27d1b7,R04,2019-02-07,2019
0.1,NQM9,prior_rth,POC_ATOMIC,31374,31374,7843.625,4698.980608540770023496152692,1,037aa209085bb89a10cb,R01,2019-04-26,2019
0.1,NQM9,prior_rth,POC_ATOMIC,31374,31374,7843.625,4698.980608540770023496152692,1,037aa209085bb89a10cb,R02,2019-04-26,2019
0.2,NQZ9,full_overnight,POC_ATOMIC,15285,15285,7642.75,2024.129989454989454989454989,1,038f64041f2381557b8b,R03,2019-10-02,2019
0.2,NQZ9,full_overnight,POC_ATOMIC,15788,15788,7894.25,1636.787265512265512265512266,1,03b8d50d256103496202,R03,2019-09-19,2019
0.2,NQH9,prior_rth,POC_ATOMIC,13803,13803,6901.75,6756.088631956279015102544514,1,03efdb92cce722c24faa,R01,2019-02-01,2019
0.2,NQH9,prior_rth,POC_ATOMIC,13803,13803,6901.75,6756.088631956279015102544514,1,03efdb92cce722c24faa,R02,2019-02-01,2019
0.05,NQZ9,full_overnight,POC_ATOMIC,30912,30912,7728.125,1257.369599395266635241652193,1,03feb31d1ce4906d8b9e,R03,2019-10-07,2019
0.1,NQH0,midnight,POC_ATOMIC,35156,35156,8789.125,1097.365692640692640692640693,1,042b57b2b5ce58c50227,R04,2019-12-30,2019
0.1,NQM9,midnight,POC_ATOMIC,29459,29459,7364.875,586.2656793017783729858033264,1,04338a38700594b8553f,R04,2019-05-15,2019
0.05,NQM9,prior_rth,POC_ATOMIC,29767,29767,7441.875,4057.190054454038202814535784,1,043db3ef895dc1a07fc0,R01,2019-05-23,2019
0.05,NQM9,prior_rth,POC_ATOMIC,29767,29767,7441.875,4057.190054454038202814535784,1,043db3ef895dc1a07fc0,R02,2019-05-23,2019
0.1,NQM9,midnight,POC_ATOMIC,30274,30274,7568.625,1878.438922188922188922188922,1,043efba4e0c28f82283c,R04,2019-04-04,2019
0.1,NQU9,prior_rth,POC_ATOMIC,31681,31681,7920.375,2106.584467248437836673130791,1,0440299b4c21c3115565,R01,2019-07-22,2019
0.1,NQU9,prior_rth,POC_ATOMIC,31681,31681,7920.375,2106.584467248437836673130791,1,0440299b4c21c3115565,R02,2019-07-22,2019
0.1,NQH9,opening_hour_rth,POC_ATOMIC,28635,28635,7158.875,1639.763908129193869800047287,1,0444b8a3de7234d2bee8,R05,2019-03-06,2019
0.05,NQH9,prior_rth,POC_ATOMIC,27713,27713,6928.375,3103.451249864982331572159282,1,045b1bf8971aa9bdf505,R01,2019-02-12,2019
0.05,NQH9,prior_rth,POC_ATOMIC,27713,27713,6928.375,3103.451249864982331572159282,1,045b1bf8971aa9bdf505,R02,2019-02-12,2019
0.2,NQZ9,prior_rth,POC_ATOMIC,10575,10575,7931.625,5445.980128205128205128205128,1,0461afddad8067d87928,R01,2019-09-23,2019
0.2,NQZ9,prior_rth,POC_ATOMIC,10575,10575,7931.625,5445.980128205128205128205128,1,0461afddad8067d87928,R02,2019-09-23,2019
0.05,NQH9,midnight,POC_ATOMIC,27869,27869,6967.375,1393.998718907586184474056328,1,0465e628b3aaa68d1ad9,R04,2019-02-12,2019
0.1,NQM9,opening_hour_rth,POC_ATOMIC,29997,29997,7499.375,1704.396308587926234985058514,1,046b29c18c22be6779e3,R05,2019-04-02,2019
0.2,NQZ9,prior_rth,POC_ATOMIC,15446,15446,7723.25,3987.575924075924075924075924,1,04865b258e647447838a,R01,2019-10-02,2019
0.2,NQZ9,prior_rth,POC_ATOMIC,15446,15446,7723.25,3987.575924075924075924075924,1,04865b258e647447838a,R02,2019-10-02,2019
0.2,NQH9,prior_rth,POC_ATOMIC,28262,28262,7065.625,2971.501804519973507970028134,1,04bdfa3b59b637306de4,R01,2019-02-21,2019
0.2,NQH9,prior_rth,POC_ATOMIC,28262,28262,7065.625,2971.501804519973507970028134,1,04bdfa3b59b637306de4,R02,2019-02-21,2019
0.05,NQM9,midnight,POC_ATOMIC,30581,30581,7645.375,1177.303652066887361005008064,1,04cbd1e38de0aa2aa744,R04,2019-04-11,2019
0.1,NQM9,prior_rth,POC_ATOMIC,29919,29919,7479.875,1536.959291877908432201804306,1,04de1e3b8f46d6567145,R01,2019-06-17,2019
0.1,NQM9,prior_rth,POC_ATOMIC,29919,29919,7479.875,1536.959291877908432201804306,1,04de1e3b8f46d6567145,R02,2019-06-17,2019
0.05,NQZ9,full_overnight,POC_ATOMIC,31241,31241,7810.375,1183.308417138417138417138417,1,04f18b1a952e5fd726eb,R03,2019-09-26,2019
0.1,NQM9,midnight,POC_ATOMIC,31099,31099,7774.875,871.6536428110896196002578981,1,051509658ab53e24126b,R04,2019-05-03,2019
0.05,NQM9,full_overnight,POC_ATOMIC,31220,31220,7805.125,1001.620887445887445887445887,1,051c9cd2d907f39f3a34,R03,2019-04-30,2019
0.2,NQM9,prior_rth,POC_ATOMIC,9607,9607,7205.625,8988.253159340659340659340659,1,051da0627cf43b3c5b9c,R01,2019-06-06,2019
0.2,NQM9,prior_rth,POC_ATOMIC,9607,9607,7205.625,8988.253159340659340659340659,1,051da0627cf43b3c5b9c,R02,2019-06-06,2019
0.1,NQZ9,midnight,POC_ATOMIC,33587,33587,8396.875,1062.377296046788420117726166,1,055dedfeb3c0c818532c,R04,2019-12-12,2019
0.1,NQH9,opening_hour_rth,POC_ATOMIC,26900,26900,6725.125,1726.39239571312633078963536,1,05713eba6987ad57fa7b,R05,2019-01-16,2019
0.05,NQU9,full_overnight,POC_ATOMIC,30726,30726,7681.625,846.7502424539609894300969816,1,0579ef503bd84658f7f5,R03,2019-06-27,2019
0.05,NQZ9,full_overnight,POC_ATOMIC,31736,31736,7934.125,1327.451426351426351426351426,1,057c6d4bf33fa1fcc9e1,R03,2019-10-25,2019
0.2,NQM9,opening_hour_rth,POC_ATOMIC,14829,14829,7414.75,2670.162351846639772336366764,1,058748e7acf0ed1b7e5f,R05,2019-03-26,2019
0.2,NQZ9,opening_hour_rth,POC_ATOMIC,15773,15773,7886.75,1767.513897686420906235147721,1,058ae53784ce9ba8803f,R05,2019-09-16,2019
0.2,NQU9,full_overnight,POC_ATOMIC,14991,14991,7495.75,1892.484915409887510110708325,1,05904b96ffaaac5ae39b,R03,2019-08-07,2019
0.2,NQM9,full_overnight,POC_ATOMIC,10165,10165,7624.125,3358.381907097890070026292937,1,05f6f8eeda23110c88d4,R03,2019-05-08,2019
0.1,NQH9,opening_hour_rth,POC_ATOMIC,27748,27748,6937.125,1377.993433535541853372724317,1,062b060c3f69e5a91737,R05,2019-02-11,2019
0.05,NQH9,opening_hour_rth,POC_ATOMIC,26207,26207,6551.875,969.4746354935678001738634544,1,0633f8fbe556118e5f15,R05,2019-01-10,2019
0.1,NQZ9,opening_hour_rth,POC_ATOMIC,33201,33201,8300.375,1793.724694229918688123022488,1,0646af964f2a8be773e7,R05,2019-11-15,2019
0.1,NQH9,full_overnight,POC_ATOMIC,27493,27493,6873.375,1307.536712062447356565003624,1,0662bc9c9e90dc0fbc5a,R03,2019-02-08,2019
0.2,NQU9,prior_rth,POC_ATOMIC,15429,15429,7714.75,7088.462141393178544881331259,1,067041948b9e1abf44c8,R01,2019-08-30,2019
0.2,NQU9,prior_rth,POC_ATOMIC,15429,15429,7714.75,7088.462141393178544881331259,1,067041948b9e1abf44c8,R02,2019-08-30,2019
0.1,NQZ9,full_overnight,POC_ATOMIC,33172,33172,8293.125,1531.975394437004344125087159,1,06988566e83b69384aa8,R03,2019-12-05,2019
0.1,NQZ9,full_overnight,POC_ATOMIC,31597,31597,7899.375,834.4639919240872053939204574,1,0700656d6b25e755c073,R03,2019-09-19,2019
0.1,NQH9,full_overnight,POC_ATOMIC,26712,26712,6678.125,970.6005501034912799618681972,1,071e85393faf32e31f3d,R03,2019-01-23,2019
0.05,NQH9,full_overnight,POC_ATOMIC,27813,27813,6953.375,1163.192099464003488771290629,1,07230e42dace37167022,R03,2019-02-07,2019
0.1,NQU9,prior_rth,POC_ATOMIC,15231,15231,7615.75,5670.677218614718614718614719,1,07353da5bfa847aa5e31,R01,2019-08-19,2019
0.1,NQU9,prior_rth,POC_ATOMIC,15231,15231,7615.75,5670.677218614718614718614719,1,07353da5bfa847aa5e31,R02,2019-08-19,2019
0.2,NQZ9,midnight,POC_ATOMIC,31323,31323,7830.875,905.4890412727369249108379543,1,0764b5bcc218fc32db45,R04,2019-09-26,2019
0.2,NQU9,opening_hour_rth,POC_ATOMIC,9995,9995,7496.625,4942.227858923356298507732079,1,07668f7f0d3bc59c4938,R05,2019-08-05,2019
0.2,NQZ9,opening_hour_rth,POC_ATOMIC,15791,15791,7895.75,1787.327922077922077922077922,1,07684ad2ed1b6ad543ea,R05,2019-10-15,2019
0.05,NQU9,midnight,POC_ATOMIC,31479,31479,7869.875,1298.61518033050540790478871,1,076b15efbb838ee82fe1,R04,2019-08-01,2019
0.2,NQM9,full_overnight,POC_ATOMIC,29661,29661,7415.375,855.266024906466082936671172,1,078372cbd7cb8c6f890b,R03,2019-05-22,2019
0.1,NQU9,midnight,POC_ATOMIC,30752,30752,7688.125,762.0751178343737327403389109,1,078a81d34df66617d350,R04,2019-06-27,2019
0.05,NQH9,midnight,POC_ATOMIC,26180,26180,6545.125,613.459369783982787078762311,1,079254cfeee26b708eca,R04,2019-01-08,2019
0.1,NQH9,prior_rth,POC_ATOMIC,27548,27548,6887.125,3399.777102360381812463166359,1,07c007da4aec0d18d608,R01,2019-02-08,2019
0.1,NQH9,prior_rth,POC_ATOMIC,27548,27548,6887.125,3399.777102360381812463166359,1,07c007da4aec0d18d608,R02,2019-02-08,2019
0.05,NQH9,midnight,POC_ATOMIC,25702,25702,6425.625,996.0818243452453978769768243,1,07c96ffa331e94f35288,R04,2019-01-07,2019
0.05,NQH9,opening_hour_rth,POC_ATOMIC,26306,26306,6576.625,989.4389203618995735132788557,1,07ceedc59a5b7345aa95,R05,2019-01-08,2019
0.05,NQH9,full_overnight,POC_ATOMIC,26945,26945,6736.375,939.8256036786394046094366712,1,07da0723d643382408b7,R03,2019-01-25,2019
0.05,NQZ9,midnight,POC_ATOMIC,30835,30835,7708.875,1168.687218538629828952409598,1,081ab55b817680ba6c38,R04,2019-09-25,2019
0.05,NQM9,prior_rth,POC_ATOMIC,29388,29388,7347.125,2541.029836267218129631404954,1,0822807a469ab6288aed,R01,2019-03-29,2019
0.05,NQM9,prior_rth,POC_ATOMIC,29388,29388,7347.125,2541.029836267218129631404954,1,0822807a469ab6288aed,R02,2019-03-29,2019
0.1,NQU9,prior_rth,POC_ATOMIC,15181,15181,7590.75,4762.573545898545898545898546,1,082ff18297fa2dba054e,R01,2019-08-29,2019
0.1,NQU9,prior_rth,POC_ATOMIC,15181,15181,7590.75,4762.573545898545898545898546,1,082ff18297fa2dba054e,R02,2019-08-29,2019
0.05,NQU9,opening_hour_rth,POC_ATOMIC,31799,31799,7949.875,1027.417722043641402822293751,1,083eb82236507989083c,R05,2019-07-19,2019
0.1,NQM9,prior_rth,POC_ATOMIC,30572,30572,7643.125,5362.759619459712002449921416,1,084ad169501128272003,R01,2019-04-15,2019
0.1,NQM9,prior_rth,POC_ATOMIC,30572,30572,7643.125,5362.759619459712002449921416,1,084ad169501128272003,R02,2019-04-15,2019
0.1,NQH9,prior_rth,POC_ATOMIC,28494,28494,7123.625,4349.145721341577350954066771,1,085211a2d63fb28808ad,R01,2019-03-07,2019
0.1,NQH9,prior_rth,POC_ATOMIC,28494,28494,7123.625,4349.145721341577350954066771,1,085211a2d63fb28808ad,R02,2019-03-07,2019
0.2,NQU9,opening_hour_rth,POC_ATOMIC,15659,15659,7829.75,1722.452564102564102564102564,1,08a63337693bf2ebbbef,R05,2019-09-05,2019
0.1,NQZ9,opening_hour_rth,POC_ATOMIC,11350,11350,8512.875,1558.819050969670164716604345,1,08ab6cf5660cd82f53ec,R05,2019-12-13,2019
0.05,NQM9,midnight,POC_ATOMIC,30699,30699,7674.875,723.6061612364243943191311612,1,08b1e2d4522627a87409,R04,2019-04-22,2019
0.1,NQU9,opening_hour_rth,POC_ATOMIC,15334,15334,7667.25,1909.50729116525587076558484,1,08d08ca6f64c567b3e9d,R05,2019-08-23,2019
0.2,NQZ9,full_overnight,POC_ATOMIC,15279,15279,7639.75,1849.383827283827283827283827,1,08dc037d54e36661a0f8,R03,2019-10-04,2019
0.1,NQU9,full_overnight,POC_ATOMIC,30714,30714,7678.625,1306.220077994426621196827425,1,08ec3c2b283ea40e2a97,R03,2019-08-09,2019
0.2,NQM9,midnight,POC_ATOMIC,30581,30581,7645.375,1177.303652066887361005008064,1,08f0fb5fbd9f44d63ea3,R04,2019-04-11,2019
0.05,NQZ9,opening_hour_rth,POC_ATOMIC,32329,32329,8082.375,1076.117356843923340087022951,1,08fc0a255bef21ef6773,R05,2019-10-29,2019
0.2,NQZ9,midnight,POC_ATOMIC,30558,30558,7639.625,975.5847892382217325009087023,1,09066f1393416a514a81,R04,2019-10-04,2019
0.1,NQM9,full_overnight,POC_ATOMIC,30102,30102,7525.625,677.7501918383497330865751918,1,0908bc9d51557b7e5beb,R03,2019-05-16,2019
0.1,NQM9,prior_rth,POC_ATOMIC,30596,30596,7649.125,2855.358316683316683316683317,1,090b2dc2ef509d8b26c4,R01,2019-04-16,2019
0.1,NQM9,prior_rth,POC_ATOMIC,30596,30596,7649.125,2855.358316683316683316683317,1,090b2dc2ef509d8b26c4,R02,2019-04-16,2019
0.2,NQH9,midnight,POC_ATOMIC,26955,26955,6738.875,773.7392207792207792207792208,1,092e9a18c3bd0dc0b3ca,R04,2019-01-25,2019
0.05,NQZ9,full_overnight,POC_ATOMIC,31508,31508,7877.125,1512.639980647767533013434653,1,09488104ce501c9b23a9,R03,2019-09-24,2019
0.05,NQU9,opening_hour_rth,POC_ATOMIC,30510,30510,7627.625,1578.100918195742654821420234,1,095dd4dc84a29664f7ca,R05,2019-08-27,2019
0.2,NQZ9,prior_rth,POC_ATOMIC,33573,33573,8393.375,3224.087802325231167735911569,1,097139e698ef4292cd3e,R01,2019-11-27,2019
0.2,NQZ9,prior_rth,POC_ATOMIC,33573,33573,8393.375,3224.087802325231167735911569,1,097139e698ef4292cd3e,R02,2019-11-27,2019
0.2,NQZ9,opening_hour_rth,POC_ATOMIC,15369,15369,7684.75,2097.633541671177120093528762,1,0978f286bb16c5be3715,R05,2019-10-09,2019
0.1,NQZ9,prior_rth,POC_ATOMIC,33108,33108,8277.125,3693.668488198248260167764812,1,097e617200cc07f921e2,R01,2019-11-14,2019
0.1,NQZ9,prior_rth,POC_ATOMIC,33108,33108,8277.125,3693.668488198248260167764812,1,097e617200cc07f921e2,R02,2019-11-14,2019
0.1,NQZ9,prior_rth,POC_ATOMIC,30255,30255,7563.875,2783.01452160050669741529136,1,099cccebbddbef51152d,R01,2019-10-03,2019
0.1,NQZ9,prior_rth,POC_ATOMIC,30255,30255,7563.875,2783.01452160050669741529136,1,099cccebbddbef51152d,R02,2019-10-03,2019
0.2,NQU9,prior_rth,POC_ATOMIC,15550,15550,7775.25,5851.760287767787767787767788,1,09b55eb97da68b9d6857,R01,2019-09-11,2019
0.2,NQU9,prior_rth,POC_ATOMIC,15550,15550,7775.25,5851.760287767787767787767788,1,09b55eb97da68b9d6857,R02,2019-09-11,2019
0.1,NQM9,prior_rth,POC_ATOMIC,29586,29586,7396.625,2972.570101430752503050954559,1,09bd4f0b2ab0ed6b2d34,R01,2019-03-25,2019
0.1,NQM9,prior_rth,POC_ATOMIC,29586,29586,7396.625,2972.570101430752503050954559,1,09bd4f0b2ab0ed6b2d34,R02,2019-03-25,2019
0.05,NQM9,midnight,POC_ATOMIC,29393,29393,7348.375,1025.214285714285714285714286,1,09d0847a9ab25c469fa0,R04,2019-03-18,2019
0.1,NQZ9,prior_rth,POC_ATOMIC,32267,32267,8066.875,2352.514131470570484992928107,1,09d3320deb2ecf905b4b,R01,2019-10-30,2019
0.1,NQZ9,prior_rth,POC_ATOMIC,32267,32267,8066.875,2352.514131470570484992928107,1,09d3320deb2ecf905b4b,R02,2019-10-30,2019
0.2,NQZ9,midnight,POC_ATOMIC,31197,31197,7799.375,875.2207319641143170554935261,1,09f6c8e967a160f53ff9,R04,2019-10-01,2019
0.05,NQU9,midnight,POC_ATOMIC,30802,30802,7700.625,900.3937728937728937728937729,1,0a04443fb8f6d415bb04,R04,2019-06-28,2019
0.1,NQH9,prior_rth,POC_ATOMIC,26404,26404,6601.125,3596.382507537194911000268383,1,0a2fca64484d739709f2,R01,2019-01-14,2019
0.1,NQH9,prior_rth,POC_ATOMIC,26404,26404,6601.125,3596.382507537194911000268383,1,0a2fca64484d739709f2,R02,2019-01-14,2019
0.2,NQZ9,prior_rth,POC_ATOMIC,16641,16641,8320.75,3697.212265512265512265512266,1,0a410a86fec0a6e453fb,R01,2019-11-19,2019
0.2,NQZ9,prior_rth,POC_ATOMIC,16641,16641,8320.75,3697.212265512265512265512266,1,0a410a86fec0a6e453fb,R02,2019-11-19,2019
0.05,NQZ9,prior_rth,POC_ATOMIC,33538,33538,8384.625,2371.673419717537364596188126,1,0a45459c2deb6a72eb37,R01,2019-12-12,2019
0.05,NQZ9,prior_rth,POC_ATOMIC,33538,33538,8384.625,2371.673419717537364596188126,1,0a45459c2deb6a72eb37,R02,2019-12-12,2019
0.1,NQU9,midnight,POC_ATOMIC,31742,31742,7935.625,1000.487225261015761789915632,1,0a582a1c932f6a9a0673,R04,2019-09-12,2019
0.2,NQU9,midnight,POC_ATOMIC,15540,15540,7770.25,1559.015934065934065934065934,1,0a62afc55b4e17424852,R04,2019-07-09,2019
0.1,NQU9,prior_rth,POC_ATOMIC,14993,14993,7496.75,4910.778484161807519478529175,1,0a9cc7290767f07e2082,R01,2019-08-06,2019
0.1,NQU9,prior_rth,POC_ATOMIC,14993,14993,7496.75,4910.778484161807519478529175,1,0a9cc7290767f07e2082,R02,2019-08-06,2019
0.2,NQZ9,prior_rth,POC_ATOMIC,31761,31761,7940.375,2021.851019156282314177051019,1,0aaae07d62d68736ed32,R01,2019-10-22,2019
0.2,NQZ9,prior_rth,POC_ATOMIC,31761,31761,7940.375,2021.851019156282314177051019,1,0aaae07d62d68736ed32,R02,2019-10-22,2019
0.1,NQZ9,midnight,POC_ATOMIC,30778,30778,7694.625,1271.158095573006233001312861,1,0aacc0dc0267ac53b5ff,R04,2019-10-10,2019
0.05,NQM9,prior_rth,POC_ATOMIC,30714,30714,7678.625,5984.935086390217969165337586,1,0acf041fdfc7628f9a32,R01,2019-04-17,2019
0.05,NQM9,prior_rth,POC_ATOMIC,30714,30714,7678.625,5984.935086390217969165337586,1,0acf041fdfc7628f9a32,R02,2019-04-17,2019
0.05,NQM9,prior_rth,POC_ATOMIC,31424,31424,7856.125,2896.238689691950561515778907,1,0ad57fe7f98cf937d8c0,R01,2019-05-06,2019
0.05,NQM9,prior_rth,POC_ATOMIC,31424,31424,7856.125,2896.238689691950561515778907,1,0ad57fe7f98cf937d8c0,R02,2019-05-06,2019
0.05,NQM9,midnight,POC_ATOMIC,30274,30274,7568.625,1878.438922188922188922188922,1,0ae69ad8bbe2d6c0aa7c,R04,2019-04-04,2019
0.2,NQM9,prior_rth,POC_ATOMIC,14654,14654,7327.25,4327.765097565832859950507009,1,0afb7d534b438ac2c520,R01,2019-05-29,2019
0.2,NQM9,prior_rth,POC_ATOMIC,14654,14654,7327.25,4327.765097565832859950507009,1,0afb7d534b438ac2c520,R02,2019-05-29,2019
0.05,NQZ9,opening_hour_rth,POC_ATOMIC,32209,32209,8052.375,1679.451562750115381694329063,1,0b02418abb8ec6f1b171,R05,2019-10-30,2019
0.05,NQM9,opening_hour_rth,POC_ATOMIC,29500,29500,7375.125,1985.047135505195530196396108,1,0b1b28dd302f157cdc60,R05,2019-03-20,2019
0.2,NQU9,midnight,POC_ATOMIC,31923,31923,7980.875,733.4761967607555842849960497,1,0b2a7739e0888666cc70,R04,2019-07-15,2019
0.05,NQU9,prior_rth,POC_ATOMIC,30706,30706,7676.625,4029.42474656985526550743942,1,0b5025b1c2a3c7c6f45d,R01,2019-07-01,2019
0.05,NQU9,prior_rth,POC_ATOMIC,30706,30706,7676.625,4029.42474656985526550743942,1,0b5025b1c2a3c7c6f45d,R02,2019-07-01,2019
0.05,NQU9,opening_hour_rth,POC_ATOMIC,31072,31072,7768.125,1513.740792658725961811261267,1,0b5a1d0f834fa9cf52da,R05,2019-06-24,2019
0.05,NQM9,prior_rth,POC_ATOMIC,30898,30898,7724.625,2310.237950937950937950937951,1,0b8a860e7fe5e4adf6d5,R01,2019-04-23,2019
0.05,NQM9,prior_rth,POC_ATOMIC,30898,30898,7724.625,2310.237950937950937950937951,1,0b8a860e7fe5e4adf6d5,R02,2019-04-23,2019
0.1,NQM9,midnight,POC_ATOMIC,30699,30699,7674.875,723.6061612364243943191311612,1,0b8d558af57fa9de1272,R04,2019-04-22,2019
0.1,NQH0,midnight,POC_ATOMIC,34206,34206,8551.625,1085.339490377776381833176965,1,0b9bfa8ccccc172dc06b,R04,2019-12-16,2019
0.05,NQM9,opening_hour_rth,POC_ATOMIC,30585,30585,7646.375,1592.868060868763301291725323,1,0bae6ac431a949a1da04,R05,2019-05-08,2019
0.05,NQM9,opening_hour_rth,POC_ATOMIC,31331,31331,7832.875,2099.212981964715710845741805,1,0bb0b5de6b994d35dbde,R05,2019-04-24,2019
0.2,NQH9,full_overnight,POC_ATOMIC,27813,27813,6953.375,1163.192099464003488771290629,1,0bcb36046200a446ff41,R03,2019-02-07,2019
0.05,NQZ9,midnight,POC_ATOMIC,31352,31352,7838.125,864.9523109330203383795782643,1,0be2945538f7e7b4b9e2,R04,2019-09-23,2019
0.05,NQM9,midnight,POC_ATOMIC,15093,15093,7546.75,1607.960598761403714964086481,1,0bf3b03454f7ca99f1ba,R04,2019-05-10,2019
0.1,NQM9,prior_rth,POC_ATOMIC,30507,30507,7626.875,3309.247625546967652230810126,1,0c2d2e419d84deb31ff9,R01,2019-04-12,2019
0.1,NQM9,prior_rth,POC_ATOMIC,30507,30507,7626.875,3309.247625546967652230810126,1,0c2d2e419d84deb31ff9,R02,2019-04-12,2019
0.2,NQU9,opening_hour_rth,POC_ATOMIC,15574,15574,7787.25,3324.547785547785547785547786,1,0c3dd91eb1cebb5a357c,R05,2019-06-20,2019
0.05,NQZ9,full_overnight,POC_ATOMIC,33338,33338,8334.625,1419.796542428160075218898748,1,0c6de2dc428267f7e3c7,R03,2019-12-06,2019
0.2,NQZ9,opening_hour_rth,POC_ATOMIC,16624,16624,8312.25,2058.479742732900627637469743,1,0c7d1e957bb651b435f2,R05,2019-12-02,2019
0.05,NQZ9,prior_rth,POC_ATOMIC,31501,31501,7875.375,2990.432563791326509758905928,1,0cb71717ddd279d7666a,R01,2019-09-17,2019
0.05,NQZ9,prior_rth,POC_ATOMIC,31501,31501,7875.375,2990.432563791326509758905928,1,0cb71717ddd279d7666a,R02,2019-09-17,2019
0.2,NQZ9,full_overnight,POC_ATOMIC,32231,32231,8057.875,1328.960365515416666311806977,1,0cc3f8e56c8732825a5b,R03,2019-10-28,2019
0.2,NQZ9,midnight,POC_ATOMIC,31423,31423,7855.875,949.5901265401265401265401265,1,0cce1658cac3b92aebf8,R04,2019-10-23,2019
0.1,NQH0,prior_rth,POC_ATOMIC,34912,34912,8728.125,3933.557126699465409142828498,1,0ce05766570429554c02,R01,2019-12-26,2019
0.1,NQH0,prior_rth,POC_ATOMIC,34912,34912,8728.125,3933.557126699465409142828498,1,0ce05766570429554c02,R02,2019-12-26,2019
0.2,NQH9,prior_rth,POC_ATOMIC,28528,28528,7132.125,2382.978647421774020239493385,1,0d08a8204d48b048b0f2,R01,2019-02-26,2019
0.2,NQH9,prior_rth,POC_ATOMIC,28528,28528,7132.125,2382.978647421774020239493385,1,0d08a8204d48b048b0f2,R02,2019-02-26,2019
0.05,NQU9,prior_rth,POC_ATOMIC,31341,31341,7835.375,1979.251226551226551226551227,1,0d1bde90229eea8adf42,R01,2019-07-10,2019
0.05,NQU9,prior_rth,POC_ATOMIC,31341,31341,7835.375,1979.251226551226551226551227,1,0d1bde90229eea8adf42,R02,2019-07-10,2019
0.1,NQU9,midnight,POC_ATOMIC,31743,31743,7935.875,997.4048701298701298701298701,1,0d4cee875b34ec03eafb,R04,2019-07-12,2019
0.1,NQH9,full_overnight,POC_ATOMIC,26776,26776,6694.125,946.7110438656950284857261601,1,0d57b696aca9080570bf,R03,2019-01-24,2019
0.05,NQZ9,full_overnight,POC_ATOMIC,33261,33261,8315.375,1516.970972387406756556127759,1,0d6b2db3a7af0716b2c9,R03,2019-11-20,2019
0.2,NQZ9,opening_hour_rth,POC_ATOMIC,10193,10193,7645.125,2638.701532128002716238010356,1,0d7bd8859e09af605ffb,R05,2019-10-08,2019
0.2,NQH9,prior_rth,POC_ATOMIC,14324,14324,7162.25,5934.608965310052266574005704,1,0d9363784086d804b46f,R01,2019-03-06,2019
0.2,NQH9,prior_rth,POC_ATOMIC,14324,14324,7162.25,5934.608965310052266574005704,1,0d9363784086d804b46f,R02,2019-03-06,2019
0.1,NQU9,prior_rth,POC_ATOMIC,30622,30622,7655.625,3127.268110890604384671037738,1,0e244ca266d8c825311e,R01,2019-06-20,2019
0.1,NQU9,prior_rth,POC_ATOMIC,30622,30622,7655.625,3127.268110890604384671037738,1,0e244ca266d8c825311e,R02,2019-06-20,2019
0.1,NQZ9,midnight,POC_ATOMIC,33290,33290,8322.625,1384.6161445927952187206461,1,0e29ff85a9442bbb9678,R04,2019-12-10,2019
0.2,NQU9,midnight,POC_ATOMIC,30974,30974,7743.625,1148.628986578177876570761032,1,0e36b37cbe4f7dcb401b,R04,2019-06-21,2019
0.1,NQH9,opening_hour_rth,POC_ATOMIC,28070,28070,7017.625,1736.934063827844636177538366,1,0e39210219633f003086,R05,2019-02-21,2019
0.1,NQZ9,midnight,POC_ATOMIC,32989,32989,8247.375,1263.298252981228475155335754,1,0e4f813ca8560da8b0c9,R04,2019-11-07,2019
0.1,NQM9,midnight,POC_ATOMIC,28940,28940,7235.125,899.6744254237615529106006777,1,0e60fdea98b01837dbda,R04,2019-06-05,2019
0.2,NQM9,prior_rth,POC_ATOMIC,9919,9919,7439.625,11635.12382568411980176686059,1,0e8457b05f4a32df1080,R01,2019-05-23,2019
0.2,NQM9,prior_rth,POC_ATOMIC,9919,9919,7439.625,11635.12382568411980176686059,1,0e8457b05f4a32df1080,R02,2019-05-23,2019
0.2,NQZ9,opening_hour_rth,POC_ATOMIC,33370,33370,8342.625,1538.888288767664664364807837,1,0e9872313e9a3c69ab65,R05,2019-11-19,2019
0.2,NQM9,opening_hour_rth,POC_ATOMIC,15037,15037,7518.75,2095.142235542235542235542236,1,0ea2286dbd16a3258c74,R05,2019-06-13,2019
0.2,NQZ9,prior_rth,POC_ATOMIC,33073,33073,8268.375,2682.016732093126616453188461,1,0eb922f08ee580c70c8d,R01,2019-11-13,2019
0.2,NQZ9,prior_rth,POC_ATOMIC,33073,33073,8268.375,2682.016732093126616453188461,1,0eb922f08ee580c70c8d,R02,2019-11-13,2019
0.2,NQM9,full_overnight,POC_ATOMIC,28963,28963,7240.875,611.384706959706959706959707,1,0ed814d11c0fd419fd45,R03,2019-03-13,2019
0.1,NQU9,opening_hour_rth,POC_ATOMIC,15186,15186,7593.25,2114.141717565258070547221637,1,0ee490492a4b0cb1c23c,R05,2019-08-12,2019
0.2,NQU9,midnight,POC_ATOMIC,30570,30570,7642.625,878.3504624159809918323850212,1,0f064a86cabb14608660,R04,2019-06-18,2019
0.1,NQU9,prior_rth,POC_ATOMIC,31981,31981,7995.375,3225.553796662499045053897659,1,0f1e1f1eefb81f845eeb,R01,2019-08-02,2019
0.1,NQU9,prior_rth,POC_ATOMIC,31981,31981,7995.375,3225.553796662499045053897659,1,0f1e1f1eefb81f845eeb,R02,2019-08-02,2019
0.2,NQM9,prior_rth,POC_ATOMIC,15198,15198,7599.25,13341.46771284271284271284271,1,0f6b47a76b64e0955f9b,R01,2019-04-08,2019
0.2,NQM9,prior_rth,POC_ATOMIC,15198,15198,7599.25,13341.46771284271284271284271,1,0f6b47a76b64e0955f9b,R02,2019-04-08,2019
0.05,NQU9,opening_hour_rth,POC_ATOMIC,32090,32090,8022.625,1537.090687808401020608366428,1,0fa109805af449b8c4d3,R05,2019-07-26,2019
0.1,NQU9,midnight,POC_ATOMIC,30249,30249,7562.375,1477.338948686361696595361305,1,0fbfcdbdf79f5fd7756d,R04,2019-08-26,2019
0.05,NQM9,prior_rth,POC_ATOMIC,29253,29253,7313.375,3296.811074843185303895535318,1,0fe087db02e6d1892870,R01,2019-05-24,2019
0.05,NQM9,prior_rth,POC_ATOMIC,29253,29253,7313.375,3296.811074843185303895535318,1,0fe087db02e6d1892870,R02,2019-05-24,2019
0.1,NQM9,midnight,POC_ATOMIC,29758,29758,7439.625,1189.337403057562231071451693,1,1015daa207ceea585c01,R04,2019-05-21,2019
0.05,NQM9,midnight,POC_ATOMIC,30598,30598,7649.625,962.2770562770562770562770563,1,102831de63bf267ebe66,R04,2019-04-15,2019
0.1,NQU9,midnight,POC_ATOMIC,30724,30724,7681.125,668.9737385163855752091046209,1,102d83a133a5cd1dab79,R04,2019-06-26,2019
0.05,NQZ9,midnight,POC_ATOMIC,31617,31617,7904.375,1172.548652981005922182392771,1,104963e3eb2fedecd5c5,R04,2019-10-21,2019
0.2,NQZ9,midnight,POC_ATOMIC,31508,31508,7877.125,1158.487193362193362193362193,1,105f4b6de88b89203385,R04,2019-09-24,2019
0.05,NQH9,midnight,POC_ATOMIC,26955,26955,6738.875,773.7392207792207792207792208,1,106b59bdf8033dd0bc39,R04,2019-01-25,2019
0.1,NQZ9,full_overnight,POC_ATOMIC,30236,30236,7559.125,1429.280913775013619129312207,1,10a54013a08d76d0dfd1,R03,2019-10-03,2019
0.05,NQM9,opening_hour_rth,POC_ATOMIC,29883,29882,7470.625,1939.082896037682210169736898,2,10af53964f5014ccea7e,R05,2019-03-22,2019
0.2,NQU9,midnight,POC_ATOMIC,30945,30945,7736.375,1371.379038502179234444680669,1,10c63f6e89d198167011,R04,2019-08-20,2019
0.2,NQM9,prior_rth,POC_ATOMIC,14473,14473,7236.75,4973.769230769230769230769231,1,10cb25276d5c3890f0d5,R01,2019-03-13,2019
0.2,NQM9,prior_rth,POC_ATOMIC,14473,14473,7236.75,4973.769230769230769230769231,1,10cb25276d5c3890f0d5,R02,2019-03-13,2019
0.2,NQZ9,prior_rth,POC_ATOMIC,31569,31569,7892.375,3251.159925923089968002496258,1,10d281a597ec2cb5bc70,R01,2019-09-19,2019
0.2,NQZ9,prior_rth,POC_ATOMIC,31569,31569,7892.375,3251.159925923089968002496258,1,10d281a597ec2cb5bc70,R02,2019-09-19,2019
0.2,NQZ9,full_overnight,POC_ATOMIC,15676,15676,7838.25,1639.084185259185259185259185,1,10d7cb9cfbe9ec214c8f,R03,2019-09-23,2019
0.2,NQU9,midnight,POC_ATOMIC,31312,31312,7828.125,1348.461848832568646810132878,1,11020b050b2ee98e53a5,R04,2019-09-11,2019
0.2,NQZ9,full_overnight,POC_ATOMIC,15611,15611,7805.75,1951.586883876357560568086884,1,1124c9b531aeae399b66,R03,2019-09-27,2019
0.2,NQZ9,midnight,POC_ATOMIC,31470,31470,7867.625,1101.003580781449200181010746,1,112712f2b58aeb56c9d6,R04,2019-09-17,2019
0.1,NQU9,full_overnight,POC_ATOMIC,31291,31291,7822.875,1153.341597291597291597291597,1,113e83052bdc53de1240,R03,2019-07-08,2019
0.1,NQU9,prior_rth,POC_ATOMIC,31895,31895,7973.875,3745.75691021430918031011869,1,115fa7bd87bacca840c7,R01,2019-08-01,2019
0.1,NQU9,prior_rth,POC_ATOMIC,31895,31895,7973.875,3745.75691021430918031011869,1,115fa7bd87bacca840c7,R02,2019-08-01,2019
0.05,NQM9,full_overnight,POC_ATOMIC,30304,30304,7576.125,947.3397319023463188222913623,1,1160584232ad66d99d2d,R03,2019-05-09,2019
0.2,NQZ9,midnight,POC_ATOMIC,33517,33517,8379.375,1049.288416976574871311713417,1,1162f6b22a5d54e0246c,R04,2019-12-11,2019
0.1,NQM9,opening_hour_rth,POC_ATOMIC,14756,14756,7378.25,2622.945715395715395715395715,1,117f5706a8603586947b,R05,2019-06-07,2019
0.2,NQH9,midnight,POC_ATOMIC,28248,28248,7062.125,762.140925087983911513323278,1,1181ec0bf4cfa3df2d77,R04,2019-02-22,2019
0.05,NQH9,opening_hour_rth,POC_BROAD,27397,27392,6848.125,5508.252593836454127290285622,6,1182aba7ed31d292cf41,R05,2019-01-31,2019
0.1,NQZ9,prior_rth,POC_ATOMIC,31022,31022,7755.625,1901.793666669594591856371183,1,118dcf9c717991882c83,R01,2019-09-30,2019
0.1,NQZ9,prior_rth,POC_ATOMIC,31022,31022,7755.625,1901.793666669594591856371183,1,118dcf9c717991882c83,R02,2019-09-30,2019
0.2,NQZ9,full_overnight,POC_ATOMIC,15752,15752,7876.25,2832.458892509248888436343889,1,119da427bd6bd9eba67b,R03,2019-09-24,2019
0.2,NQU9,opening_hour_rth,POC_ATOMIC,10439,10439,7829.625,2332.405160199277846336669866,1,11cee6049ae5e703b5eb,R05,2019-07-05,2019
0.05,NQM9,midnight,POC_ATOMIC,29950,29950,7487.625,867.5111111111111111111111111,1,121c042758c734dad84a,R04,2019-04-02,2019
0.1,NQM9,opening_hour_rth,POC_ATOMIC,31181,31181,7795.375,2097.525621191134367028959872,1,123197bc8c366f8ac38b,R05,2019-04-30,2019
0.2,NQU9,full_overnight,POC_ATOMIC,15760,15760,7880.25,1467.242698967698967698967699,1,1235fe6d26ae0e71da8c,R03,2019-07-22,2019
0.2,NQU9,full_overnight,POC_ATOMIC,10179,10179,7634.625,3701.145889567948391477803243,1,1268da77dcbdf939b33a,R03,2019-09-03,2019
0.1,NQZ9,opening_hour_rth,POC_ATOMIC,31119,31119,7779.875,1277.155663858065464455940701,1,126ac9b396a43d221a5c,R05,2019-09-26,2019
0.2,NQZ9,midnight,POC_ATOMIC,31748,31748,7937.125,1015.737910411101900463602591,1,12714916ee395847639f,R04,2019-09-20,2019
0.05,NQZ9,opening_hour_rth,POC_ATOMIC,33370,33370,8342.625,1538.888288767664664364807837,1,12728a063d9bdbf4df6b,R05,2019-11-19,2019
0.1,NQM9,full_overnight,POC_ATOMIC,30581,30581,7645.375,1490.299485400220694338341397,1,127d641243e7b033921e,R03,2019-04-11,2019
0.1,NQM9,full_overnight,POC_ATOMIC,29262,29262,7315.625,1034.614339002071200213615074,1,128f020a8b334e88db9b,R03,2019-03-25,2019
0.05,NQU9,midnight,POC_ATOMIC,30770,30770,7692.625,1234.067774466700297902343938,1,12951546881f2ab171c2,R04,2019-09-04,2019
0.2,NQZ9,prior_rth,POC_ATOMIC,7737,7737,7737.5,6801.404761904761904761904762,1,1295ed5b018507548f43,R01,2019-10-07,2019
0.2,NQZ9,prior_rth,POC_ATOMIC,7737,7737,7737.5,6801.404761904761904761904762,1,1295ed5b018507548f43,R02,2019-10-07,2019
0.2,NQH9,opening_hour_rth,POC_ATOMIC,13415,13415,6707.75,2038.369758672699849170437406,1,129aaf0a27d5577e0d8c,R05,2019-01-23,2019
0.1,NQM9,prior_rth,POC_ATOMIC,30798,30798,7699.625,4530.901813777897369228638578,1,12b7ed19aab5cd9977f6,R01,2019-04-18,2019
0.1,NQM9,prior_rth,POC_ATOMIC,30798,30798,7699.625,4530.901813777897369228638578,1,12b7ed19aab5cd9977f6,R02,2019-04-18,2019
0.2,NQH9,full_overnight,POC_ATOMIC,28472,28472,7118.125,1127.316375480175223435813936,1,12d141dcd61acef4e162,R03,2019-02-25,2019
0.2,NQH9,prior_rth,POC_ATOMIC,14304,14304,7152.25,6606.689603271125010255445038,1,12e534d6d560f4a42e9a,R01,2019-03-04,2019
0.2,NQH9,prior_rth,POC_ATOMIC,14304,14304,7152.25,6606.689603271125010255445038,1,12e534d6d560f4a42e9a,R02,2019-03-04,2019
0.1,NQU9,midnight,POC_ATOMIC,30770,30770,7692.625,1234.067774466700297902343938,1,130b885d6f9217240831,R04,2019-09-04,2019
0.05,NQU9,opening_hour_rth,POC_ATOMIC,30668,30668,7667.125,980.6642496183478325415598213,1,130fe00e1ee70dabac07,R05,2019-08-23,2019
0.05,NQZ9,full_overnight,POC_ATOMIC,33786,33786,8446.625,1692.408044733044733044733045,1,131593394e9fe52ce832,R03,2019-12-02,2019
0.1,NQM9,midnight,POC_ATOMIC,28976,28976,7244.125,1171.079646771107871677131639,1,131787f2d31794ba9d06,R04,2019-05-30,2019
0.1,NQU9,full_overnight,POC_ATOMIC,31857,31857,7964.375,1297.444720655161831632419868,1,131fbd7552a2ef622858,R03,2019-07-19,2019
0.2,NQZ9,full_overnight,POC_ATOMIC,33172,33172,8293.125,1531.975394437004344125087159,1,132ddce239c440e8d5fc,R03,2019-12-05,2019
0.2,NQU9,full_overnight,POC_ATOMIC,15181,15181,7590.75,1481.608191808191808191808192,1,133795ce5613a0142832,R03,2019-08-16,2019
0.1,NQU9,opening_hour_rth,POC_ATOMIC,31854,31854,7963.625,1666.655414674087421336244459,1,134ff3e594e0e4f11f1a,R05,2019-07-30,2019
0.1,NQU9,full_overnight,POC_ATOMIC,31520,31520,7880.125,752.2259648780338435510849304,1,13597af916a23ec93e5a,R03,2019-07-22,2019
0.2,NQZ9,full_overnight,POC_ATOMIC,32863,32863,8215.875,1291.477575202575202575202575,1,135ab21d06f8dddaa670,R03,2019-11-08,2019
0.1,NQU9,opening_hour_rth,POC_ATOMIC,31150,31150,7787.625,1775.917028115127426910175941,1,135d2809a0fbd5b9d7e5,R05,2019-07-02,2019
0.05,NQZ9,full_overnight,POC_ATOMIC,32951,32951,8237.875,1969.870880590917384811940594,1,1371d0f910002d2cf478,R03,2019-11-05,2019
0.05,NQZ9,opening_hour_rth,POC_ATOMIC,33921,33921,8480.375,870.0547278509924665217602743,1,137dc4dbf30be7448418,R05,2019-12-12,2019
0.1,NQM9,opening_hour_rth,POC_ATOMIC,30364,30363,7590.875,3414.453424183340726617076058,2,1381b93513db73b46552,R05,2019-04-04,2019
0.2,NQH9,prior_rth,POC_ATOMIC,13375,13375,6687.75,7381.524502210546765668585564,1,13b0ac385c9ae377bd8b,R01,2019-01-17,2019
0.2,NQH9,prior_rth,POC_ATOMIC,13375,13375,6687.75,7381.524502210546765668585564,1,13b0ac385c9ae377bd8b,R02,2019-01-17,2019
0.1,NQH0,midnight,POC_ATOMIC,35341,35341,8835.375,1267.687049062049062049062049,1,13bea1b63867e30c7c04,R04,2019-12-27,2019
0.05,NQH9,full_overnight,POC_ATOMIC,26673,26673,6668.375,750.5523260236495530613177672,1,13e0529eaca88874b3c0,R03,2019-01-29,2019
0.1,NQU9,prior_rth,POC_ATOMIC,30706,30706,7676.625,4029.42474656985526550743942,1,13ebb8888caf3331ea0a,R01,2019-07-01,2019
0.1,NQU9,prior_rth,POC_ATOMIC,30706,30706,7676.625,4029.42474656985526550743942,1,13ebb8888caf3331ea0a,R02,2019-07-01,2019
0.05,NQZ9,opening_hour_rth,POC_ATOMIC,32626,32626,8156.625,961.8389904177947656208525774,1,140f747a1d35b17f5f8c,R05,2019-11-01,2019
0.05,NQH9,full_overnight,POC_ATOMIC,28472,28472,7118.125,1127.316375480175223435813936,1,1421b36dda130d8db1b4,R03,2019-02-25,2019
0.05,NQU9,midnight,POC_ATOMIC,30570,30570,7642.625,878.3504624159809918323850212,1,142baae20021a2576575,R04,2019-06-18,2019
0.05,NQH0,prior_rth,POC_ATOMIC,35147,35147,8786.875,1879.08787031681768523873787,1,145cfcfb819d60f94748,R01,2019-12-27,2019
0.05,NQH0,prior_rth,POC_ATOMIC,35147,35147,8786.875,1879.08787031681768523873787,1,145cfcfb819d60f94748,R02,2019-12-27,2019
0.1,NQH9,midnight,POC_ATOMIC,25702,25702,6425.625,996.0818243452453978769768243,1,147e75fcb9e2e65b24c3,R04,2019-01-07,2019
0.2,NQU9,prior_rth,POC_ATOMIC,15491,15491,7745.75,4246.956243756243756243756244,1,149db6c0de6402fec10d,R01,2019-06-21,2019
0.2,NQU9,prior_rth,POC_ATOMIC,15491,15491,7745.75,4246.956243756243756243756244,1,149db6c0de6402fec10d,R02,2019-06-21,2019
0.05,NQU9,midnight,POC_ATOMIC,31763,31763,7940.875,866.8342681501505030916795623,1,14a7fc9c04d0a3fe1891,R04,2019-07-30,2019
0.1,NQZ9,full_overnight,POC_ATOMIC,31352,31352,7838.125,864.9523109330203383795782643,1,14cea73b70ae109c0264,R03,2019-09-23,2019
0.1,NQM9,prior_rth,POC_ATOMIC,30372,30372,7593.125,2576.786259106390685338053759,1,14d11a374dcaee0f8d9b,R01,2019-04-09,2019
0.1,NQM9,prior_rth,POC_ATOMIC,30372,30372,7593.125,2576.786259106390685338053759,1,14d11a374dcaee0f8d9b,R02,2019-04-09,2019
0.2,NQU9,full_overnight,POC_ATOMIC,10493,10493,7870.125,4421.380808080808080808080808,1,14d45913f93925991c13,R03,2019-08-01,2019
0.05,NQM9,prior_rth,POC_ATOMIC,30373,30373,7593.375,3682.655168510777030046806923,1,14d7168fd17823c03fad,R01,2019-04-10,2019
0.05,NQM9,prior_rth,POC_ATOMIC,30373,30373,7593.375,3682.655168510777030046806923,1,14d7168fd17823c03fad,R02,2019-04-10,2019
0.1,NQM9,midnight,POC_ATOMIC,30738,30738,7684.625,820.255772005772005772005772,1,14e0ec5feaa82969ded4,R04,2019-04-18,2019
0.05,NQM9,midnight,POC_ATOMIC,30738,30738,7684.625,820.255772005772005772005772,1,14f355c950703f710242,R04,2019-04-18,2019
0.1,NQU9,opening_hour_rth,POC_ATOMIC,15224,15224,7612.25,2095.598272664922293989412396,1,150d9bc157ec54c3d31d,R05,2019-09-03,2019
0.2,NQZ9,prior_rth,POC_ATOMIC,16649,16649,8324.75,5351.52919025419025419025419,1,150ebbbef360dd23e79d,R01,2019-11-21,2019
0.2,NQZ9,prior_rth,POC_ATOMIC,16649,16649,8324.75,5351.52919025419025419025419,1,150ebbbef360dd23e79d,R02,2019-11-21,2019
0.1,NQH9,opening_hour_rth,POC_ATOMIC,27114,27114,6778.625,1132.251415180443313435640801,1,151cbbfb8835846e1205,R05,2019-01-25,2019
0.05,NQH9,midnight,POC_ATOMIC,27006,27006,6751.625,941.0617635632341514694455871,1,1541a80b4f4b01157afe,R04,2019-01-18,2019
0.2,NQZ9,prior_rth,POC_ATOMIC,31812,31812,7953.125,2897.789727739326760599106549,1,156c0230695fabc79ba5,R01,2019-10-25,2019
0.2,NQZ9,prior_rth,POC_ATOMIC,31812,31812,7953.125,2897.789727739326760599106549,1,156c0230695fabc79ba5,R02,2019-10-25,2019
0.05,NQZ9,prior_rth,POC_ATOMIC,31713,31713,7928.375,2614.788243916143532511818957,1,15952a4b3bea7f1229d3,R01,2019-09-20,2019
0.05,NQZ9,prior_rth,POC_ATOMIC,31713,31713,7928.375,2614.788243916143532511818957,1,15952a4b3bea7f1229d3,R02,2019-09-20,2019
0.2,NQM9,midnight,POC_ATOMIC,28937,28937,7234.375,2046.108839479171959990374313,1,159c385b03c186bc99d0,R04,2019-05-29,2019
0.2,NQM9,full_overnight,POC_ATOMIC,15549,15549,7774.75,1712.866666666666666666666667,1,159f48c2c86531b1796f,R03,2019-05-03,2019
0.1,NQM9,opening_hour_rth,POC_ATOMIC,30304,30304,7576.125,1297.319372709641855254807293,1,15d3c7d33cbfe30dda71,R05,2019-04-08,2019
0.1,NQH0,opening_hour_rth,POC_ATOMIC,34416,34416,8604.125,1103.937207857931542142068458,1,1616feeea926cbb18ddb,R05,2019-12-17,2019
0.05,NQZ9,prior_rth,POC_ATOMIC,33238,33238,8309.625,5338.2724997224997224997225,1,161c1d7d52eb4c0ff5f2,R01,2019-11-18,2019
0.05,NQZ9,prior_rth,POC_ATOMIC,33238,33238,8309.625,5338.2724997224997224997225,1,161c1d7d52eb4c0ff5f2,R02,2019-11-18,2019
0.1,NQM9,opening_hour_rth,POC_ATOMIC,30036,30036,7509.125,966.5174238240350076073081443,1,166be850851e185b5597,R05,2019-06-10,2019
0.05,NQM9,prior_rth,POC_ATOMIC,29409,29409,7352.375,3431.551463210702341137123746,1,166e0ad0c20dd858a986,R01,2019-03-18,2019
0.05,NQM9,prior_rth,POC_ATOMIC,29409,29409,7352.375,3431.551463210702341137123746,1,166e0ad0c20dd858a986,R02,2019-03-18,2019
0.2,NQZ9,prior_rth,POC_ATOMIC,32851,32851,8212.875,4009.888129944854604970367523,1,1691b2d66ebd085a8b0c,R01,2019-11-05,2019
0.2,NQZ9,prior_rth,POC_ATOMIC,32851,32851,8212.875,4009.888129944854604970367523,1,1691b2d66ebd085a8b0c,R02,2019-11-05,2019
0.2,NQZ9,midnight,POC_ATOMIC,30935,30935,7733.875,989.6159189243394431821889919,1,16a9d3e31debfed7e230,R04,2019-09-30,2019
0.2,NQZ9,midnight,POC_ATOMIC,33247,33247,8311.875,842.8490962180782631178248951,1,16c4a44d84a2dce9fdea,R04,2019-12-05,2019
0.2,NQZ9,full_overnight,POC_ATOMIC,31735,31735,7933.875,1302.075751736443225804927933,1,16ce9ec3ea66c48356ca,R03,2019-09-20,2019
0.2,NQU9,midnight,POC_ATOMIC,31291,31291,7822.875,1153.341597291597291597291597,1,16d083d840faf61b936a,R04,2019-07-08,2019
0.1,NQU9,opening_hour_rth,POC_ATOMIC,15147,15147,7573.75,2715.851487547726947376967568,1,16da1d2382cc114c060f,R05,2019-08-16,2019
0.05,NQZ9,full_overnight,POC_ATOMIC,31611,31611,7902.875,1238.369170698582463288345641,1,16da7d261c83845c61b1,R03,2019-09-18,2019
0.05,NQU9,opening_hour_rth,POC_ATOMIC,30469,30469,7617.375,870.8823980775710453969690239,1,16ddda9e1db0acd0d909,R05,2019-08-14,2019
0.2,NQH9,full_overnight,POC_ATOMIC,28763,28763,7190.875,1475.082904677022324081147611,1,16dfdd1b23b8e8e46395,R03,2019-03-04,2019
0.1,NQU9,full_overnight,POC_ATOMIC,15124,15124,7562.25,2847.044335976167154600990733,1,16f5c608c8840696d151,R03,2019-08-26,2019
0.05,NQU9,opening_hour_rth,POC_ATOMIC,30375,30375,7593.875,1090.421718977493908049284059,1,172dfc5ee20d6fa12cf8,R05,2019-08-12,2019
0.2,NQU9,prior_rth,POC_ATOMIC,15374,15374,7687.25,4794.537895437895437895437895,1,173c39e4f18941b7ec40,R01,2019-06-27,2019
0.2,NQU9,prior_rth,POC_ATOMIC,15374,15374,7687.25,4794.537895437895437895437895,1,173c39e4f18941b7ec40,R02,2019-06-27,2019
0.05,NQZ9,prior_rth,POC_ATOMIC,31022,31022,7755.625,1901.793666669594591856371183,1,173cda18ceb665c705f0,R01,2019-09-30,2019
0.05,NQZ9,prior_rth,POC_ATOMIC,31022,31022,7755.625,1901.793666669594591856371183,1,173cda18ceb665c705f0,R02,2019-09-30,2019
0.1,NQU9,opening_hour_rth,POC_ATOMIC,30798,30798,7699.625,2139.637635208108137461901036,1,17974fef89aeaabdd1fb,R05,2019-06-18,2019
0.1,NQM9,full_overnight,POC_ATOMIC,29651,29651,7412.875,789.4947691197691197691197691,1,17d0fa51d06a554a8060,R03,2019-03-21,2019
0.2,NQM9,prior_rth,POC_ATOMIC,29986,29986,7496.625,3279.707002719502719502719503,1,17d802fa16c5dcc54855,R01,2019-04-02,2019
0.2,NQM9,prior_rth,POC_ATOMIC,29986,29986,7496.625,3279.707002719502719502719503,1,17d802fa16c5dcc54855,R02,2019-04-02,2019
0.1,NQU9,prior_rth,POC_ATOMIC,30955,30955,7738.875,4002.603154504039440812694377,1,17dd54a2732db3d69736,R01,2019-08-14,2019
0.1,NQU9,prior_rth,POC_ATOMIC,30955,30955,7738.875,4002.603154504039440812694377,1,17dd54a2732db3d69736,R02,2019-08-14,2019
0.05,NQM9,opening_hour_rth,POC_ATOMIC,30161,30161,7540.375,1201.721553202377214021915134,1,17e66288acd7526e46bf,R05,2019-05-17,2019
0.05,NQU9,full_overnight,POC_ATOMIC,31296,31296,7824.125,1060.335778493706401711709098,1,17ec3014d3f799cbeebe,R03,2019-07-01,2019
0.1,NQM9,opening_hour_rth,POC_ATOMIC,31145,31145,7786.375,1211.295917313168365061773196,1,18019328904419af44b1,R05,2019-04-23,2019
0.1,NQH9,opening_hour_rth,POC_ATOMIC,25738,25738,6434.625,1178.951287529868920847319185,1,1808182254f61245a4af,R05,2019-01-07,2019
0.05,NQM9,opening_hour_rth,POC_ATOMIC,30615,30615,7653.875,1270.156761294261294261294261,1,18116b885b858a286fed,R05,2019-04-15,2019
0.2,NQH9,full_overnight,POC_ATOMIC,8318,8318,6238.875,2526.712966119337933430886954,1,1825d2b9246143ef28fc,R03,2019-01-04,2019
0.05,NQU9,prior_rth,POC_ATOMIC,30738,30738,7684.625,1826.805934913078400158389575,1,1829c23ff8d2c525a0e8,R01,2019-09-05,2019
0.05,NQU9,prior_rth,POC_ATOMIC,30738,30738,7684.625,1826.805934913078400158389575,1,1829c23ff8d2c525a0e8,R02,2019-09-05,2019
0.05,NQZ9,prior_rth,POC_ATOMIC,30888,30888,7722.125,2051.815621047108751399021125,1,182cffec429d4ee2e28b,R01,2019-10-02,2019
0.05,NQZ9,prior_rth,POC_ATOMIC,30888,30888,7722.125,2051.815621047108751399021125,1,182cffec429d4ee2e28b,R02,2019-10-02,2019
0.1,NQH9,prior_rth,POC_ATOMIC,28169,28169,7042.375,3633.3849500114473464660078,1,184a398cbe6f719bf1a8,R01,2019-02-19,2019
0.1,NQH9,prior_rth,POC_ATOMIC,28169,28169,7042.375,3633.3849500114473464660078,1,184a398cbe6f719bf1a8,R02,2019-02-19,2019
0.2,NQH9,full_overnight,POC_ATOMIC,13174,13174,6587.25,2730.186804315694475877542239,1,1887790f5a1131ea3713,R03,2019-01-09,2019
0.05,NQM9,full_overnight,POC_ATOMIC,29895,29895,7473.875,2100.292369472632630527367369,1,1895aaae485b7e8a79c7,R03,2019-04-01,2019
0.2,NQZ9,opening_hour_rth,POC_ATOMIC,32209,32209,8052.375,1679.451562750115381694329063,1,189ed434aa5510213d34,R05,2019-10-30,2019
0.2,NQU9,prior_rth,POC_ATOMIC,7511,7511,7511.5,12976.33413628014348165108698,1,18b6fbfc04073aaa2c51,R01,2019-08-15,2019
0.2,NQU9,prior_rth,POC_ATOMIC,7511,7511,7511.5,12976.33413628014348165108698,1,18b6fbfc04073aaa2c51,R02,2019-08-15,2019
0.2,NQH9,midnight,POC_ATOMIC,27869,27869,6967.375,1393.998718907586184474056328,1,1949c1bc86039477c460,R04,2019-02-12,2019
0.1,NQU9,midnight,POC_ATOMIC,31978,31978,7994.625,1774.771079458176232369780757,1,1975021a485e00f7b036,R04,2019-07-31,2019
0.1,NQM9,opening_hour_rth,POC_ATOMIC,29392,29392,7348.125,987.5827913289297650685615319,1,198186f15e766c18e055,R05,2019-03-28,2019
0.05,NQZ9,prior_rth,POC_ATOMIC,32205,32205,8051.375,4312.347652889957255675243671,1,19896d888bc736335823,R01,2019-10-31,2019
0.05,NQZ9,prior_rth,POC_ATOMIC,32205,32205,8051.375,4312.347652889957255675243671,1,19896d888bc736335823,R02,2019-10-31,2019
0.05,NQU9,midnight,POC_ATOMIC,30452,30452,7613.125,944.0123453382279463877549179,1,19c32a0517b0321f3277,R04,2019-08-12,2019
0.1,NQM9,prior_rth,POC_ATOMIC,31424,31424,7856.125,2896.238689691950561515778907,1,19cb59e3f8dfae4c662f,R01,2019-05-06,2019
0.1,NQM9,prior_rth,POC_ATOMIC,31424,31424,7856.125,2896.238689691950561515778907,1,19cb59e3f8dfae4c662f,R02,2019-05-06,2019
0.2,NQH9,opening_hour_rth,POC_ATOMIC,14226,14226,7113.25,1759.962454212454212454212454,1,19cc9ed4410e87abcb92,R05,2019-02-27,2019
0.2,NQM9,full_overnight,POC_ATOMIC,29464,29464,7366.125,1142.629365079365079365079365,1,19da7bdeaa646897a4ba,R03,2019-03-19,2019
0.1,NQH9,opening_hour_rth,POC_ATOMIC,26207,26207,6551.875,969.4746354935678001738634544,1,1a05c85cf46b24db1d5a,R05,2019-01-10,2019
0.05,NQZ9,full_overnight,POC_ATOMIC,31223,31223,7805.875,1016.995780776160033125977398,1,1a2035d35bb90538236a,R03,2019-09-27,2019
0.2,NQU9,midnight,POC_ATOMIC,31230,31230,7807.625,883.4646914517657551713279267,1,1a65ec3a2ff45ecb9191,R04,2019-09-10,2019
0.2,NQZ9,midnight,POC_ATOMIC,32231,32231,8057.875,823.7969887955182072829131653,1,1a9bbbc58cb89f93ac0f,R04,2019-10-28,2019
0.1,NQU9,opening_hour_rth,POC_ATOMIC,31149,31149,7787.375,1730.952378917342422431982915,1,1aa5821b0fe187ddb4f0,R05,2019-06-20,2019
0.05,NQZ9,full_overnight,POC_ATOMIC,31437,31437,7859.375,961.4564584842550735765119285,1,1aa8ce4d845dddae2940,R03,2019-09-16,2019
0.1,NQU9,midnight,POC_ATOMIC,31517,31517,7879.375,1217.703407703407703407703408,1,1aad93b841f8c619d22c,R04,2019-09-09,2019
0.2,NQH9,opening_hour_rth,POC_ATOMIC,13710,13710,6855.25,3093.244539474748789596009949,1,1add49b954f1e3003eb1,R05,2019-02-08,2019
0.2,NQH9,prior_rth,POC_ATOMIC,14089,14089,7044.75,6466.798949091246170260842491,1,1b2064ef32b4e55f27ff,R01,2019-02-14,2019
0.2,NQH9,prior_rth,POC_ATOMIC,14089,14089,7044.75,6466.798949091246170260842491,1,1b2064ef32b4e55f27ff,R02,2019-02-14,2019
0.05,NQM9,midnight,POC_ATOMIC,29185,29185,7296.375,754.1607332725753778385357333,1,1b5f3c334de9596eb136,R04,2019-03-14,2019
0.1,NQZ9,full_overnight,POC_ATOMIC,33279,33279,8319.875,3800.926447245564892623716153,1,1b610779a1413eff1990,R03,2019-11-18,2019
0.05,NQH9,prior_rth,POC_ATOMIC,28088,28088,7022.125,2919.311325120639967860320532,1,1b6c8f3da6469a7e2af8,R01,2019-02-06,2019
0.05,NQH9,prior_rth,POC_ATOMIC,28088,28088,7022.125,2919.311325120639967860320532,1,1b6c8f3da6469a7e2af8,R02,2019-02-06,2019
0.2,NQM9,full_overnight,POC_ATOMIC,14631,14631,7315.75,2067.927128427128427128427128,1,1b84a1788aaeab7316b8,R03,2019-03-25,2019
0.2,NQU9,opening_hour_rth,POC_ATOMIC,15335,15335,7667.75,1898.63843719844864009623735,1,1b88e1549e71554666d3,R05,2019-08-09,2019
0.2,NQU9,prior_rth,POC_ATOMIC,4380,4380,7665.875,18304.82142857142857142857143,1,1ba161912e8f7b243fd2,R01,2019-08-05,2019
0.2,NQU9,prior_rth,POC_ATOMIC,4380,4380,7665.875,18304.82142857142857142857143,1,1ba161912e8f7b243fd2,R02,2019-08-05,2019
0.1,NQZ9,opening_hour_rth,POC_ATOMIC,30589,30589,7647.375,964.4320671951924475817328153,1,1bbd19e55502ad3f3b7c,R05,2019-10-08,2019
0.2,NQZ9,opening_hour_rth,POC_ATOMIC,32329,32329,8082.375,1076.117356843923340087022951,1,1bdb70db8451425adffd,R05,2019-10-29,2019
0.1,NQZ9,midnight,POC_ATOMIC,30935,30935,7733.875,989.6159189243394431821889919,1,1bec95ab3a9131a4ecb5,R04,2019-09-30,2019
0.1,NQM9,midnight,POC_ATOMIC,29528,29528,7382.125,1165.266628469569646040234276,1,1bef2bc31b61058d624c,R04,2019-03-20,2019
0.2,NQH9,midnight,POC_ATOMIC,26286,26286,6571.625,1305.025271950271950271950272,1,1bf3e3d5578d2132f193,R04,2019-01-15,2019
0.05,NQU9,midnight,POC_ATOMIC,30752,30752,7688.125,762.0751178343737327403389109,1,1c0f29d854bcff7c617c,R04,2019-06-27,2019
0.05,NQM9,midnight,POC_ATOMIC,29562,29562,7390.625,847.1388444888444888444888445,1,1c28a6b79af1ec67f9cc,R04,2019-03-19,2019
0.1,NQZ9,midnight,POC_ATOMIC,33786,33786,8446.625,1261.332611832611832611832612,1,1c38267d2bf388c9802c,R04,2019-12-02,2019
0.05,NQH9,full_overnight,POC_ATOMIC,28620,28620,7155.125,1332.899240302181478652066887,1,1cc77bd1d2e939e88324,R03,2019-03-01,2019
0.05,NQM9,opening_hour_rth,POC_ATOMIC,28160,28160,7040.125,1409.631855559666280728899325,1,1cd915b511c4123ec81c,R05,2019-06-04,2019
0.1,NQM9,midnight,POC_ATOMIC,29371,29371,7342.875,1542.945034418536873965506399,1,1d0359d58de025b3851e,R04,2019-05-23,2019
0.1,NQZ9,prior_rth,POC_ATOMIC,33766,33766,8441.625,2314.088691098441811305491268,1,1d0a6937450a7f6b8414,R01,2019-12-13,2019
0.1,NQZ9,prior_rth,POC_ATOMIC,33766,33766,8441.625,2314.088691098441811305491268,1,1d0a6937450a7f6b8414,R02,2019-12-13,2019
0.1,NQH9,prior_rth,POC_ATOMIC,26277,26277,6569.375,3247.26746529021556647422597,1,1d3385687f1758463fcf,R01,2019-01-15,2019
0.1,NQH9,prior_rth,POC_ATOMIC,26277,26277,6569.375,3247.26746529021556647422597,1,1d3385687f1758463fcf,R02,2019-01-15,2019
0.05,NQM9,opening_hour_rth,POC_ATOMIC,29514,29514,7378.625,1256.288714444509639017648171,1,1d33acbddc3d0a17db61,R05,2019-03-27,2019
0.1,NQU9,prior_rth,POC_ATOMIC,30983,30983,7745.875,2710.624488302803733310112753,1,1d35ef0dedda6d7f8496,R01,2019-08-22,2019
0.1,NQU9,prior_rth,POC_ATOMIC,30983,30983,7745.875,2710.624488302803733310112753,1,1d35ef0dedda6d7f8496,R02,2019-08-22,2019
0.05,NQU9,full_overnight,POC_ATOMIC,31763,31763,7940.875,866.8342681501505030916795623,1,1d36633bb86021570893,R03,2019-07-30,2019
0.2,NQH9,midnight,POC_ATOMIC,28096,28096,7024.125,881.9759407259407259407259407,1,1d3b3cb7667d470039cb,R04,2019-02-15,2019
0.1,NQM9,prior_rth,POC_ATOMIC,14788,14788,7394.25,7263.120798309037402563644536,1,1d5284ce1d3cf5e9dd82,R01,2019-05-21,2019
0.1,NQM9,prior_rth,POC_ATOMIC,14788,14788,7394.25,7263.120798309037402563644536,1,1d5284ce1d3cf5e9dd82,R02,2019-05-21,2019
0.05,NQU9,full_overnight,POC_ATOMIC,31036,31036,7759.125,1171.882419166763792006790063,1,1d71804677628339c872,R03,2019-08-22,2019
0.2,NQM9,prior_rth,POC_ATOMIC,14743,14743,7371.75,7910.903650769595042040862474,1,1d83531d56557a46ee38,R01,2019-03-21,2019
0.2,NQM9,prior_rth,POC_ATOMIC,14743,14743,7371.75,7910.903650769595042040862474,1,1d83531d56557a46ee38,R02,2019-03-21,2019
0.05,NQZ9,prior_rth,POC_ATOMIC,31569,31569,7892.375,3251.159925923089968002496258,1,1d86174b123a50cb6df0,R01,2019-09-19,2019
0.05,NQZ9,prior_rth,POC_ATOMIC,31569,31569,7892.375,3251.159925923089968002496258,1,1d86174b123a50cb6df0,R02,2019-09-19,2019
0.05,NQZ9,full_overnight,POC_ATOMIC,31352,31352,7838.125,864.9523109330203383795782643,1,1d8eb4d8007594f869cd,R03,2019-09-23,2019
0.2,NQH9,prior_rth,POC_ATOMIC,13210,13210,6605.25,5469.24887188760493980948769,1,1d963bd94d8762c7fd01,R01,2019-01-10,2019
0.2,NQH9,prior_rth,POC_ATOMIC,13210,13210,6605.25,5469.24887188760493980948769,1,1d963bd94d8762c7fd01,R02,2019-01-10,2019
0.2,NQH9,full_overnight,POC_ATOMIC,27004,27004,6751.125,834.0867599720540897011485247,1,1dad03701e25da8a16c5,R03,2019-01-28,2019
0.1,NQU9,midnight,POC_ATOMIC,31325,31325,7831.375,870.3427489177489177489177489,1,1db7505bb0b51a241b91,R04,2019-07-10,2019
0.05,NQM9,opening_hour_rth,POC_ATOMIC,29267,29267,7316.875,1499.633306694357120069370607,1,1db8fd13a3b6d7a60b85,R05,2019-05-23,2019
0.05,NQH9,full_overnight,POC_ATOMIC,26286,26286,6571.625,1364.029473630944219179513297,1,1dd7a1f1d67a80e56846,R03,2019-01-15,2019
0.1,NQH9,prior_rth,POC_ATOMIC,26568,26568,6642.125,3242.277798199858716277327106,1,1dda7d4eeb4b01dfc696,R01,2019-01-24,2019
0.1,NQH9,prior_rth,POC_ATOMIC,26568,26568,6642.125,3242.277798199858716277327106,1,1dda7d4eeb4b01dfc696,R02,2019-01-24,2019
0.05,NQZ9,opening_hour_rth,POC_ATOMIC,31017,31017,7754.375,1063.188212115589087740645303,1,1e050cf4e3825565a75c,R05,2019-10-10,2019
0.1,NQZ9,opening_hour_rth,POC_ATOMIC,16390,16390,8195.25,3263.31118148063470231608174,1,1e07907d79580a3e54af,R05,2019-12-03,2019
0.2,NQM9,opening_hour_rth,POC_ATOMIC,10319,10319,7739.625,4408.308413808413808413808414,1,1e5485701860f661307f,R05,2019-05-06,2019
0.2,NQH9,opening_hour_rth,POC_ATOMIC,13767,13766,6883.25,3312.05031803720725513698996,2,1e72d27b5ec8c841dd82,R05,2019-02-01,2019
0.05,NQU9,full_overnight,POC_ATOMIC,30165,30165,7541.375,1267.148502895410063946832735,1,1e83e85f8c0443727c57,R03,2019-08-13,2019
0.05,NQU9,midnight,POC_ATOMIC,31857,31857,7964.375,1082.397587135087135087135087,1,1ea9f8dce54c83cea0c3,R04,2019-07-19,2019
0.05,NQM9,midnight,POC_ATOMIC,31345,31345,7836.375,1063.031421356421356421356421,1,1eb82630ea003ab9911d,R04,2019-04-24,2019
0.2,NQZ9,midnight,POC_ATOMIC,33256,33256,8314.125,1888.699674560046077073940851,1,1ebeb6c15c1b3d4b6d21,R04,2019-11-18,2019
0.1,NQZ9,full_overnight,POC_ATOMIC,33529,33529,8382.375,1443.375349869873196445204559,1,1ec57f00cecb9e098515,R03,2019-11-26,2019
0.05,NQM9,opening_hour_rth,POC_ATOMIC,30421,30421,7605.375,2080.591054452431639225239329,1,1f0cb2112f7e57313ef8,R05,2019-04-10,2019
0.2,NQU9,opening_hour_rth,POC_ATOMIC,15588,15588,7794.25,2723.205353134997097845395059,1,1f192826917275f86198,R05,2019-07-09,2019
0.2,NQU9,midnight,POC_ATOMIC,31188,31188,7797.125,694.8567432567432567432567433,1,1f2181d56e317a3c3432,R04,2019-06-20,2019
0.1,NQH9,midnight,POC_ATOMIC,27545,27545,6886.375,1226.322502497502497502497502,1,1f22207da8e85135ac62,R04,2019-02-01,2019
0.2,NQH9,full_overnight,POC_ATOMIC,13143,13143,6571.75,2523.081767252355487649605297,1,1f3beaa18540a40cbc2b,R03,2019-01-15,2019
0.2,NQM9,prior_rth,POC_ATOMIC,9751,9751,7313.625,9418.228239081180257650845886,1,1f46191ebac5447ce5ad,R01,2019-05-24,2019
0.2,NQM9,prior_rth,POC_ATOMIC,9751,9751,7313.625,9418.228239081180257650845886,1,1f46191ebac5447ce5ad,R02,2019-05-24,2019
0.2,NQM9,midnight,POC_ATOMIC,29651,29651,7412.875,725.7947691197691197691197691,1,1f474b5b2b9136c5621b,R04,2019-03-21,2019
0.05,NQM9,opening_hour_rth,POC_ATOMIC,30266,30266,7566.625,1696.988755045282407537562792,1,1f50a00f770fd152c5b5,R05,2019-04-03,2019
0.05,NQU9,full_overnight,POC_ATOMIC,31974,31974,7993.625,2119.657996952446667816686792,1,1f609a92898de3a9f47f,R03,2019-07-31,2019
0.2,NQM9,opening_hour_rth,POC_ATOMIC,31380,31380,7845.125,1976.158934822186616593018705,1,1f6c5f244eb1c8d1a5b7,R05,2019-04-29,2019
0.05,NQH9,opening_hour_rth,POC_ATOMIC,26571,26571,6642.875,1217.810000389036993026020184,1,1f76d4b24f41aef12490,R05,2019-01-15,2019
0.05,NQH0,full_overnight,POC_ATOMIC,35305,35305,8826.375,1420.100045787545787545787546,1,1f78fb0b9978ec921259,R03,2019-12-27,2019
0.05,NQH9,full_overnight,POC_ATOMIC,26712,26712,6678.125,970.6005501034912799618681972,1,1f9b825faf33e1a0b0e1,R03,2019-01-23,2019
0.2,NQH9,full_overnight,POC_ATOMIC,28391,28391,7097.875,961.6795621045621045621045621,1,1f9bae202a9013b94696,R03,2019-02-26,2019
0.2,NQM9,prior_rth,POC_ATOMIC,29397,29397,7349.375,3291.280632787405233225666662,1,1fa25297af500de376aa,R01,2019-03-19,2019
0.2,NQM9,prior_rth,POC_ATOMIC,29397,29397,7349.375,3291.280632787405233225666662,1,1fa25297af500de376aa,R02,2019-03-19,2019
0.05,NQM9,opening_hour_rth,POC_ATOMIC,29650,29650,7412.625,1350.124244601866085242044321,1,1fb77cd9457093349602,R05,2019-03-26,2019
0.1,NQU9,midnight,POC_ATOMIC,31013,31013,7753.375,1076.092142854816622302860229,1,1fbb5805e4b7325d88a3,R04,2019-08-02,2019
0.2,NQZ9,full_overnight,POC_ATOMIC,32888,32888,8222.125,1452.351682576682576682576683,1,1fd734c02d99417364c0,R03,2019-11-11,2019
0.1,NQZ9,prior_rth,POC_ATOMIC,31011,31011,7752.875,2161.144594535207443791686681,1,1fdb964757322429bac8,R01,2019-10-08,2019
0.1,NQZ9,prior_rth,POC_ATOMIC,31011,31011,7752.875,2161.144594535207443791686681,1,1fdb964757322429bac8,R02,2019-10-08,2019
0.1,NQM9,full_overnight,POC_ATOMIC,28963,28963,7240.875,611.384706959706959706959707,1,2007a4b0db056911534b,R03,2019-03-13,2019
0.2,NQU9,opening_hour_rth,POC_ATOMIC,10563,10563,7922.625,3157.058333333333333333333333,1,20229f182281c14ae2d8,R05,2019-07-10,2019
0.1,NQH9,full_overnight,POC_ATOMIC,13354,13354,6677.25,1928.01626984126984126984127,1,2055664debccb4ee1a7e,R03,2019-01-30,2019
0.05,NQZ9,opening_hour_rth,POC_ATOMIC,31510,31510,7877.625,1055.14916324102674238801621,1,205e9e7508f4655cda61,R05,2019-10-23,2019
0.05,NQM9,opening_hour_rth,POC_ATOMIC,29566,29566,7391.625,1353.843270403487121753375623,1,2064900e81fe94875d87,R05,2019-03-29,2019
0.1,NQH9,full_overnight,POC_ATOMIC,28574,28574,7143.625,1055.587511344864286040756629,1,208c1d2eeb64ef4630a9,R03,2019-03-05,2019
0.2,NQH9,opening_hour_rth,POC_ATOMIC,28617,28617,7154.375,1547.499911716823481529363882,1,208e369c8836bbdc397d,R05,2019-02-25,2019
0.05,NQZ9,opening_hour_rth,POC_ATOMIC,33041,33041,8260.375,1399.999164724164724164724165,1,20b398494646053b50cc,R05,2019-11-13,2019
0.05,NQH9,opening_hour_rth,POC_ATOMIC,27825,27825,6956.375,880.482213054669451415792973,1,20cf5035a38da4e63e34,R05,2019-03-08,2019
0.1,NQZ9,opening_hour_rth,POC_ATOMIC,32626,32626,8156.625,961.8389904177947656208525774,1,20f3402f9ad14372aeb3,R05,2019-11-01,2019
0.2,NQU9,prior_rth,POC_ATOMIC,10494,10494,7870.875,10453.4989010989010989010989,1,20f665cbc14ea782d2a2,R01,2019-09-09,2019
0.2,NQU9,prior_rth,POC_ATOMIC,10494,10494,7870.875,10453.4989010989010989010989,1,20f665cbc14ea782d2a2,R02,2019-09-09,2019
0.2,NQU9,opening_hour_rth,POC_ATOMIC,15947,15947,7973.75,2445.938035575535575535575536,1,20fc4ab18549270a83e9,R05,2019-07-24,2019
0.2,NQM9,prior_rth,POC_ATOMIC,14470,14470,7235.25,4786.811747396536399093943851,1,210686ba71fb37ca5fb0,R01,2019-06-07,2019
0.2,NQM9,prior_rth,POC_ATOMIC,14470,14470,7235.25,4786.811747396536399093943851,1,210686ba71fb37ca5fb0,R02,2019-06-07,2019
0.05,NQM9,full_overnight,POC_ATOMIC,31099,31099,7774.875,871.6536428110896196002578981,1,210a54b7d6e5e8dd0b8d,R03,2019-05-03,2019
0.2,NQZ9,opening_hour_rth,POC_ATOMIC,33012,33012,8253.125,1896.24915329768270944741533,1,2168b7f037aefc2f42c0,R05,2019-11-07,2019
0.2,NQM9,full_overnight,POC_ATOMIC,29895,29895,7473.875,2100.292369472632630527367369,1,21a5ed5c9a37e1b3a1e4,R03,2019-04-01,2019
0.2,NQM9,prior_rth,POC_ATOMIC,14013,14013,7006.75,4395.74652396952319552938748,1,21c9753464f2c103b330,R01,2019-06-04,2019
0.2,NQM9,prior_rth,POC_ATOMIC,14013,14013,7006.75,4395.74652396952319552938748,1,21c9753464f2c103b330,R02,2019-06-04,2019
0.05,NQU9,prior_rth,POC_ATOMIC,15328,15328,7664.25,5625.76047826289499183702237,1,21dc9a8ce6ef3c65ef58,R01,2019-08-05,2019
0.05,NQU9,prior_rth,POC_ATOMIC,15328,15328,7664.25,5625.76047826289499183702237,1,21dc9a8ce6ef3c65ef58,R02,2019-08-05,2019
0.1,NQM9,opening_hour_rth,POC_ATOMIC,30266,30266,7566.625,1696.988755045282407537562792,1,21df1876ccf82144195b,R05,2019-04-03,2019
0.1,NQZ9,prior_rth,POC_ATOMIC,32205,32205,8051.375,4312.347652889957255675243671,1,21e84cfc683154c49cfe,R01,2019-10-31,2019
0.1,NQZ9,prior_rth,POC_ATOMIC,32205,32205,8051.375,4312.347652889957255675243671,1,21e84cfc683154c49cfe,R02,2019-10-31,2019
0.05,NQH9,prior_rth,POC_ATOMIC,28483,28483,7120.875,2199.749292374292374292374292,1,21f89196388324d26cbc,R01,2019-02-28,2019
0.05,NQH9,prior_rth,POC_ATOMIC,28483,28483,7120.875,2199.749292374292374292374292,1,21f89196388324d26cbc,R02,2019-02-28,2019
0.05,NQZ9,midnight,POC_ATOMIC,30777,30777,7694.375,1046.81264997996177341077751,1,2206a06135c62c2922ed,R04,2019-10-08,2019
0.2,NQM9,midnight,POC_ATOMIC,29231,29231,7307.875,1304.158429391362723914508591,1,22115e5ece01a3f0c508,R04,2019-06-07,2019
0.1,NQU9,opening_hour_rth,POC_ATOMIC,31590,31590,7897.625,1030.805834662413609782030835,1,2233e3110fd873fea200,R05,2019-07-22,2019
0.1,NQZ9,full_overnight,POC_ATOMIC,31241,31241,7810.375,1183.308417138417138417138417,1,225479f576f540f3d886,R03,2019-09-26,2019
0.05,NQH9,prior_rth,POC_ATOMIC,27239,27239,6809.875,2282.872872334175943831218062,1,227a6dd6d6378647efb5,R01,2019-01-22,2019
0.05,NQH9,prior_rth,POC_ATOMIC,27239,27239,6809.875,2282.872872334175943831218062,1,227a6dd6d6378647efb5,R02,2019-01-22,2019
0.1,NQM9,prior_rth,POC_ATOMIC,31416,31416,7854.125,3843.588679998162756783446439,1,22b81f16e4c44aaa9260,R01,2019-04-30,2019
0.1,NQM9,prior_rth,POC_ATOMIC,31416,31416,7854.125,3843.588679998162756783446439,1,22b81f16e4c44aaa9260,R02,2019-04-30,2019
0.1,NQH0,prior_rth,POC_ATOMIC,35147,35147,8786.875,1879.08787031681768523873787,1,22e12fd7e2094f4703ac,R01,2019-12-27,2019
0.1,NQH0,prior_rth,POC_ATOMIC,35147,35147,8786.875,1879.08787031681768523873787,1,22e12fd7e2094f4703ac,R02,2019-12-27,2019
0.1,NQH9,prior_rth,POC_ATOMIC,26627,26627,6656.875,2586.160481000120806192297395,1,22e62e05cd105b77e92b,R01,2019-01-23,2019
0.1,NQH9,prior_rth,POC_ATOMIC,26627,26627,6656.875,2586.160481000120806192297395,1,22e62e05cd105b77e92b,R02,2019-01-23,2019
0.1,NQM9,opening_hour_rth,POC_ATOMIC,29984,29984,7496.125,1145.966002160699546017307736,1,22f007c78a43648d5df6,R05,2019-06-12,2019
0.05,NQH9,prior_rth,POC_ATOMIC,26583,26583,6645.875,3541.964625293072793441011507,1,2303c662cceefff36d82,R01,2019-01-16,2019
0.05,NQH9,prior_rth,POC_ATOMIC,26583,26583,6645.875,3541.964625293072793441011507,1,2303c662cceefff36d82,R02,2019-01-16,2019
0.1,NQM9,prior_rth,POC_ATOMIC,28942,28942,7235.625,2489.720944277147962357190361,1,2344378a3228385ae619,R01,2019-06-07,2019
0.1,NQM9,prior_rth,POC_ATOMIC,28942,28942,7235.625,2489.720944277147962357190361,1,2344378a3228385ae619,R02,2019-06-07,2019
0.1,NQM9,opening_hour_rth,POC_ATOMIC,31228,31228,7807.125,1392.022513356956081414285749,1,23562d31ae14b5cea20f,R05,2019-05-03,2019
0.1,NQM9,full_overnight,POC_ATOMIC,29948,29948,7487.125,1383.68200070225612021277656,1,236a55a08aad24ee8744,R03,2019-06-12,2019
0.05,NQM9,full_overnight,POC_ATOMIC,29759,29759,7439.875,1434.986090481249654758875381,1,23762c3452f0fc385707,R03,2019-05-21,2019
0.1,NQZ9,opening_hour_rth,POC_ATOMIC,33234,33234,8308.625,1708.22117092287370925141823,1,237aac572425f3c21331,R05,2019-12-04,2019
0.05,NQH9,prior_rth,POC_ATOMIC,28037,28037,7009.375,2786.516065290059098108633712,1,238658c30069c9b368d0,R01,2019-02-13,2019
0.05,NQH9,prior_rth,POC_ATOMIC,28037,28037,7009.375,2786.516065290059098108633712,1,238658c30069c9b368d0,R02,2019-02-13,2019
0.1,NQH9,prior_rth,POC_ATOMIC,28178,28178,7044.625,3334.471253905324271456994569,1,238aaddcacd92ed12047,R01,2019-02-14,2019
0.1,NQH9,prior_rth,POC_ATOMIC,28178,28178,7044.625,3334.471253905324271456994569,1,238aaddcacd92ed12047,R02,2019-02-14,2019
0.1,NQH9,opening_hour_rth,POC_ATOMIC,28282,28282,7070.625,1369.077707526391736918052708,1,23b764f1fa425f4c729b,R05,2019-02-22,2019
0.2,NQU9,opening_hour_rth,POC_ATOMIC,30617,30617,7654.375,1391.66893277254081769106209,1,23bd75ca6fda55535f2b,R05,2019-06-19,2019
0.2,NQM9,midnight,POC_ATOMIC,15018,15018,7509.25,1553.878342490842490842490842,1,23c3a9a7d04a573b1f6c,R04,2019-06-13,2019
0.1,NQU9,opening_hour_rth,POC_ATOMIC,31896,31896,7974.125,1507.957541457205643763119045,1,23cbdc4e6bf4114c1b52,R05,2019-07-31,2019
0.05,NQU9,full_overnight,POC_ATOMIC,31152,31152,7788.125,1112.195461049526058188188863,1,23f8a219e93eb8271447,R03,2019-08-02,2019
0.05,NQM9,opening_hour_rth,POC_ATOMIC,29811,29811,7452.875,1267.025489700925959554144063,1,241dec128511cb72d6d0,R05,2019-05-21,2019
0.05,NQU9,opening_hour_rth,POC_ATOMIC,31755,31755,7938.875,1784.957561609798451903715062,1,2447eb1113cb1d94c7a5,R05,2019-07-11,2019
0.05,NQM9,full_overnight,POC_ATOMIC,30014,30014,7503.625,1150.514128324039819530464301,1,2462d75c0901af9228f5,R03,2019-03-22,2019
0.05,NQU9,midnight,POC_ATOMIC,31792,31792,7948.125,1215.236613338352468787251396,1,249f55470578d4e9295b,R04,2019-07-11,2019
0.1,NQM9,midnight,POC_ATOMIC,29602,29602,7400.625,688.5022652112360491467652159,1,24aff396df2719d44899,R04,2019-05-20,2019
0.2,NQM9,opening_hour_rth,POC_ATOMIC,31416,31416,7854.125,1849.152958184111724988345502,1,24b89987efb8a231d789,R05,2019-04-25,2019
0.2,NQH9,midnight,POC_ATOMIC,28173,28173,7043.375,1074.063766658178422884305237,1,24d250f5299f996b483b,R04,2019-02-19,2019
0.1,NQU9,midnight,POC_ATOMIC,30996,30996,7749.125,753.1164318524612642259701083,1,24e2059db76a371cbcb0,R04,2019-08-23,2019
0.05,NQZ9,midnight,POC_ATOMIC,31323,31323,7830.875,905.4890412727369249108379543,1,25029f24f0c29ea9b8ea,R04,2019-09-26,2019
0.05,NQU9,opening_hour_rth,POC_ATOMIC,31428,31428,7857.125,1649.708533812417073959677271,1,250f285a567d3ac0ebfb,R05,2019-09-09,2019
0.1,NQZ9,prior_rth,POC_ATOMIC,33313,33313,8328.375,2806.160855459091705486655696,1,25136e63f58ac17370cf,R01,2019-11-21,2019
0.1,NQZ9,prior_rth,POC_ATOMIC,33313,33313,8328.375,2806.160855459091705486655696,1,25136e63f58ac17370cf,R02,2019-11-21,2019
0.05,NQM9,midnight,POC_ATOMIC,29344,29344,7336.125,992.4143740409916880505115799,1,251372fc57f3e3776fe4,R04,2019-03-28,2019
0.2,NQU9,full_overnight,POC_ATOMIC,15487,15487,7743.75,2433.29679024679024679024679,1,251ba51d69a4f59669ce,R03,2019-06-21,2019
0.1,NQH9,prior_rth,POC_ATOMIC,27713,27713,6928.375,3103.451249864982331572159282,1,253ccc1c29f36f021413,R01,2019-02-12,2019
0.1,NQH9,prior_rth,POC_ATOMIC,27713,27713,6928.375,3103.451249864982331572159282,1,253ccc1c29f36f021413,R02,2019-02-12,2019
0.1,NQH9,prior_rth,POC_ATOMIC,28394,28394,7098.625,1986.234659474282252179018082,1,254ab01bc7f2ae966df1,R01,2019-03-05,2019
0.1,NQH9,prior_rth,POC_ATOMIC,28394,28394,7098.625,1986.234659474282252179018082,1,254ab01bc7f2ae966df1,R02,2019-03-05,2019
0.2,NQU9,prior_rth,POC_ATOMIC,15724,15724,7862.25,5018.384626484626484626484626,1,255a284acf54c0162855,R01,2019-09-12,2019
0.2,NQU9,prior_rth,POC_ATOMIC,15724,15724,7862.25,5018.384626484626484626484626,1,255a284acf54c0162855,R02,2019-09-12,2019
0.2,NQZ9,opening_hour_rth,POC_ATOMIC,15670,15670,7835.25,1472.687074037074037074037074,1,257c38ad767221bdd3c9,R05,2019-10-01,2019
0.2,NQZ9,prior_rth,POC_ATOMIC,15406,15406,7703.25,4855.969746090682623190363128,1,25b0ee346ae757b5fa11,R01,2019-10-10,2019
0.2,NQZ9,prior_rth,POC_ATOMIC,15406,15406,7703.25,4855.969746090682623190363128,1,25b0ee346ae757b5fa11,R02,2019-10-10,2019
0.05,NQZ9,midnight,POC_ATOMIC,30935,30935,7733.875,989.6159189243394431821889919,1,25b796c2cb49756d72bc,R04,2019-09-30,2019
0.1,NQU9,opening_hour_rth,POC_ATOMIC,31303,31303,7825.875,1309.120847059343200606058283,1,25d770238230e808d456,R05,2019-07-01,2019
0.1,NQZ9,opening_hour_rth,POC_ATOMIC,31528,31528,7882.125,1038.169427365040464562809652,1,25ed0124220b965d0dd4,R05,2019-10-11,2019
0.2,NQU9,midnight,POC_ATOMIC,30255,30255,7563.875,556.5758479409774665642918181,1,25ef00acb7ed5239cd8c,R04,2019-08-27,2019
0.05,NQM9,opening_hour_rth,POC_ATOMIC,28871,28871,7217.875,1429.898240474884324948207418,1,25f7e0899a3309121018,R05,2019-06-06,2019
0.1,NQZ9,prior_rth,POC_ATOMIC,31726,31726,7931.625,1872.032284402330841959324931,1,25fa083ea937c642a534,R01,2019-09-23,2019
0.1,NQZ9,prior_rth,POC_ATOMIC,31726,31726,7931.625,1872.032284402330841959324931,1,25fa083ea937c642a534,R02,2019-09-23,2019
0.05,NQH9,opening_hour_rth,POC_ATOMIC,28635,28635,7158.875,1639.763908129193869800047287,1,25fd32f0b9887813e225,R05,2019-03-06,2019
0.05,NQH9,midnight,POC_ATOMIC,27404,27404,6851.125,933.2561760478943141481841172,1,2649d2190ac51ca4b1b4,R04,2019-02-08,2019
0.1,NQZ9,prior_rth,POC_ATOMIC,31543,31543,7885.875,2673.451156660909958293561095,1,265d78747cd1c284552c,R01,2019-09-18,2019
0.1,NQZ9,prior_rth,POC_ATOMIC,31543,31543,7885.875,2673.451156660909958293561095,1,265d78747cd1c284552c,R02,2019-09-18,2019
0.2,NQH0,midnight,POC_ATOMIC,34936,34936,8734.125,790.5145370968900380665086547,1,265f7911814ab08531aa,R04,2019-12-23,2019
0.05,NQZ9,midnight,POC_ATOMIC,33786,33786,8446.625,1261.332611832611832611832612,1,26613765af84842e21c1,R04,2019-12-02,2019
0.05,NQU9,midnight,POC_ATOMIC,30974,30974,7743.625,1148.628986578177876570761032,1,2662ebc665161d3610f7,R04,2019-06-21,2019
0.05,NQU9,midnight,POC_ATOMIC,32018,32018,8004.625,1435.496442897487789128656002,1,26714133f81e25e946b6,R04,2019-07-26,2019
0.05,NQU9,full_overnight,POC_ATOMIC,31483,31483,7870.875,1851.451012429890263493500893,1,2676c92c7c3afdf5225c,R03,2019-09-06,2019
0.1,NQH9,opening_hour_rth,POC_ATOMIC,26571,26571,6642.875,1217.810000389036993026020184,1,268d90589658627d888a,R05,2019-01-15,2019
0.1,NQM9,prior_rth,POC_ATOMIC,29926,29926,7481.625,2761.027974601937450234663857,1,268f7d96f98c2ab5fe3b,R01,2019-03-22,2019
0.1,NQM9,prior_rth,POC_ATOMIC,29926,29926,7481.625,2761.027974601937450234663857,1,268f7d96f98c2ab5fe3b,R02,2019-03-22,2019
0.2,NQU9,full_overnight,POC_ATOMIC,15466,15466,7733.25,2140.389714855037435682596973,1,269a11f13f37096177d6,R03,2019-08-21,2019
0.2,NQU9,opening_hour_rth,POC_ATOMIC,7617,7617,7617.5,3521.120658039930485750919187,1,26c48ac8c0e42d9fb691,R05,2019-08-14,2019
0.2,NQH9,opening_hour_rth,POC_ATOMIC,8579,8579,6434.625,3382.934626836871418914762568,1,26d260f73766d119994c,R05,2019-01-07,2019
0.2,NQZ9,midnight,POC_ATOMIC,30777,30777,7694.375,1046.81264997996177341077751,1,26d3054e10744da9a41c,R04,2019-10-08,2019
0.05,NQZ9,prior_rth,POC_ATOMIC,33097,33097,8274.375,2421.973924321292742345373924,1,26e6202c8a627a45d518,R01,2019-11-25,2019
0.05,NQZ9,prior_rth,POC_ATOMIC,33097,33097,8274.375,2421.973924321292742345373924,1,26e6202c8a627a45d518,R02,2019-11-25,2019
0.1,NQM9,midnight,POC_ATOMIC,29185,29185,7296.375,754.1607332725753778385357333,1,27023171b999c13b1913,R04,2019-03-14,2019
0.05,NQM9,prior_rth,POC_ATOMIC,29919,29919,7479.875,1536.959291877908432201804306,1,270976d5a160d0a71b48,R01,2019-06-17,2019
0.05,NQM9,prior_rth,POC_ATOMIC,29919,29919,7479.875,1536.959291877908432201804306,1,270976d5a160d0a71b48,R02,2019-06-17,2019
0.1,NQU9,opening_hour_rth,POC_ATOMIC,15026,15026,7513.25,2725.790050726563884458621301,1,27181fee585fa576739e,R05,2019-08-06,2019
0.1,NQM9,opening_hour_rth,POC_ATOMIC,29566,29566,7391.625,1353.843270403487121753375623,1,2724d4fa136eaccc2b75,R05,2019-03-29,2019
0.1,NQH9,opening_hour_rth,POC_ATOMIC,27420,27420,6855.125,1613.216621734366883872988128,1,272d42b507fe1bed410a,R05,2019-02-08,2019
0.05,NQM9,midnight,POC_ATOMIC,30870,30870,7717.625,1016.288923870420448612740616,1,277e64be7c8479ffd3f2,R04,2019-05-06,2019
0.1,NQZ9,full_overnight,POC_ATOMIC,31509,31509,7877.375,1689.280431429595516282822784,1,27808ad712956ea18eef,R03,2019-10-15,2019
0.05,NQZ9,prior_rth,POC_ATOMIC,33766,33766,8441.625,2314.088691098441811305491268,1,2782ab97a5e466a0fcce,R01,2019-12-13,2019
0.05,NQZ9,prior_rth,POC_ATOMIC,33766,33766,8441.625,2314.088691098441811305491268,1,2782ab97a5e466a0fcce,R02,2019-12-13,2019
0.1,NQZ9,prior_rth,POC_ATOMIC,33234,33234,8308.625,4253.350827377530163907872886,1,27982519c230a42786c7,R01,2019-12-05,2019
0.1,NQZ9,prior_rth,POC_ATOMIC,33234,33234,8308.625,4253.350827377530163907872886,1,27982519c230a42786c7,R02,2019-12-05,2019
0.2,NQH9,full_overnight,POC_ATOMIC,28262,28262,7065.625,1078.816638770586139007191639,1,279feb44989449835638,R03,2019-02-21,2019
0.1,NQM9,full_overnight,POC_ATOMIC,29016,29016,7254.125,1097.357040232063951229036618,1,27cd495db915c39c5951,R03,2019-06-06,2019
0.1,NQU9,midnight,POC_ATOMIC,29745,29745,7436.375,574.9579743141997796861144293,1,27e2f9844705c9535bd4,R04,2019-08-07,2019
0.05,NQM9,prior_rth,POC_ATOMIC,29486,29486,7371.625,3964.108658660018935139539224,1,281a511c642450da140c,R01,2019-03-21,2019
0.05,NQM9,prior_rth,POC_ATOMIC,29486,29486,7371.625,3964.108658660018935139539224,1,281a511c642450da140c,R02,2019-03-21,2019
0.2,NQM9,prior_rth,POC_ATOMIC,14963,14963,7481.75,5206.987118437118437118437118,1,282aab9dff75f3b5a7bd,R01,2019-03-22,2019
0.2,NQM9,prior_rth,POC_ATOMIC,14963,14963,7481.75,5206.987118437118437118437118,1,282aab9dff75f3b5a7bd,R02,2019-03-22,2019
0.05,NQU9,full_overnight,POC_ATOMIC,30363,30363,7590.875,758.9951422218991878434602893,1,28479828402c5874ce83,R03,2019-08-16,2019
0.2,NQH0,prior_rth,POC_ATOMIC,35147,35147,8786.875,1879.08787031681768523873787,1,286621fdd9531ef7a9af,R01,2019-12-27,2019
0.2,NQH0,prior_rth,POC_ATOMIC,35147,35147,8786.875,1879.08787031681768523873787,1,286621fdd9531ef7a9af,R02,2019-12-27,2019
0.1,NQZ9,prior_rth,POC_ATOMIC,15473,15473,7736.75,3741.826837051837051837051837,1,286b37fa7a7e0a32a743,R01,2019-10-07,2019
0.1,NQZ9,prior_rth,POC_ATOMIC,15473,15473,7736.75,3741.826837051837051837051837,1,286b37fa7a7e0a32a743,R02,2019-10-07,2019
0.05,NQZ9,prior_rth,POC_ATOMIC,33602,33602,8400.625,3118.870601620601620601620602,1,288ac72ad23bc28479e8,R01,2019-12-09,2019
0.05,NQZ9,prior_rth,POC_ATOMIC,33602,33602,8400.625,3118.870601620601620601620602,1,288ac72ad23bc28479e8,R02,2019-12-09,2019
0.1,NQM9,full_overnight,POC_ATOMIC,31439,31439,7859.875,1050.867883326351068286552158,1,289e2c319b2ca52491b0,R03,2019-04-25,2019
0.2,NQU9,midnight,POC_ATOMIC,30536,30536,7634.125,926.3278823553370683156347492,1,28b02472b6d20cf86579,R04,2019-09-03,2019
0.05,NQH0,full_overnight,POC_ATOMIC,34432,34432,8608.125,943.9138167388167388167388167,1,28c232626c203b575a47,R03,2019-12-17,2019
0.05,NQM9,prior_rth,POC_ATOMIC,30584,30584,7646.125,3406.76099995166552129368765,1,28c52d51dece9af8b30b,R01,2019-05-09,2019
0.05,NQM9,prior_rth,POC_ATOMIC,30584,30584,7646.125,3406.76099995166552129368765,1,28c52d51dece9af8b30b,R02,2019-05-09,2019
0.2,NQH9,full_overnight,POC_ATOMIC,28068,28068,7017.125,853.393253968253968253968254,1,28c57b15121a453ea81c,R03,2019-02-06,2019
0.05,NQH9,prior_rth,POC_ATOMIC,26231,26231,6557.875,2393.77394706633411459566244,1,28d639f4fb5459528db1,R01,2019-01-09,2019
0.05,NQH9,prior_rth,POC_ATOMIC,26231,26231,6557.875,2393.77394706633411459566244,1,28d639f4fb5459528db1,R02,2019-01-09,2019
0.1,NQU9,midnight,POC_ATOMIC,30802,30802,7700.625,900.3937728937728937728937729,1,2910f3614357def0cf93,R04,2019-06-28,2019
0.05,NQU9,midnight,POC_ATOMIC,31505,31505,7876.375,1385.54155491783412814839084,1,296e17ff70f8b5f8b3db,R04,2019-09-06,2019
0.1,NQH9,opening_hour_rth,POC_ATOMIC,26355,26355,6588.875,980.6147974817561801291463369,1,299c0645d401a4eb06fa,R05,2019-01-11,2019
0.2,NQM9,prior_rth,POC_ATOMIC,15286,15286,7643.25,10550.86646825396825396825397,1,29a42fd554dd20debefb,R01,2019-04-15,2019
0.2,NQM9,prior_rth,POC_ATOMIC,15286,15286,7643.25,10550.86646825396825396825397,1,29a42fd554dd20debefb,R02,2019-04-15,2019
0.05,NQZ9,opening_hour_rth,POC_ATOMIC,31859,31859,7964.875,764.0442814867645088358161363,1,29ada2e58dc40486aa1d,R05,2019-10-25,2019
0.2,NQZ9,prior_rth,POC_ATOMIC,15701,15701,7850.75,4758.971031746031746031746032,1,29b09126d47dedbf114d,R01,2019-09-24,2019
0.2,NQZ9,prior_rth,POC_ATOMIC,15701,15701,7850.75,4758.971031746031746031746032,1,29b09126d47dedbf114d,R02,2019-09-24,2019
0.2,NQM9,opening_hour_rth,POC_ATOMIC,14905,14905,7452.75,2466.474785128664439009266595,1,29bcca6c255bf77d9af8,R05,2019-05-21,2019
0.05,NQH9,midnight,POC_ATOMIC,27004,27004,6751.125,834.0867599720540897011485247,1,29c28df966c3066b5d54,R04,2019-01-28,2019
0.05,NQH9,full_overnight,POC_ATOMIC,26627,26627,6656.875,1104.778955467190761308408367,1,29d2bea5d3314e7dca3a,R03,2019-01-17,2019
0.05,NQZ9,midnight,POC_ATOMIC,32944,32944,8236.125,1411.52019610270883615535568,1,2a00c41ee227f902ef24,R04,2019-11-05,2019
0.05,NQH9,full_overnight,POC_ATOMIC,24956,24956,6239.125,843.6483507608419528207591515,1,2a14b211b277955ce84e,R03,2019-01-04,2019
0.05,NQU9,opening_hour_rth,POC_ATOMIC,31893,31893,7973.375,1261.43062430636709074739635,1,2a3d9dab04b3576e7107,R05,2019-07-24,2019
0.05,NQM9,prior_rth,POC_ATOMIC,29019,29019,7254.875,2609.20960623645709121547054,1,2a4005915e5c35712f41,R01,2019-05-31,2019
0.05,NQM9,prior_rth,POC_ATOMIC,29019,29019,7254.875,2609.20960623645709121547054,1,2a4005915e5c35712f41,R02,2019-05-31,2019
0.2,NQM9,opening_hour_rth,POC_ATOMIC,15555,15555,7777.75,2070.465390749601275917065391,1,2a48297b094ebf1b30ae,R05,2019-05-02,2019
0.1,NQM9,full_overnight,POC_ATOMIC,28937,28937,7234.375,2046.108839479171959990374313,1,2a4a3fb6a2e6a8a3007c,R03,2019-05-29,2019
0.2,NQH9,midnight,POC_ATOMIC,27502,27502,6875.625,856.6904456654456654456654457,1,2a62b56b4bafe744e9c5,R04,2019-02-04,2019
0.05,NQH9,opening_hour_rth,POC_ATOMIC,28254,28254,7063.625,1129.409717412752814556556648,1,2a76ab55f79e863a893b,R05,2019-02-19,2019
0.2,NQM9,full_overnight,POC_ATOMIC,29371,29371,7342.875,1542.945034418536873965506399,1,2aacf963bf38a3d27b6e,R03,2019-05-23,2019
0.1,NQU9,midnight,POC_ATOMIC,30371,30371,7592.875,926.3980521650726254306816967,1,2b1226b4230c1b12490e,R04,2019-08-08,2019
0.2,NQU9,full_overnight,POC_ATOMIC,31230,31230,7807.625,883.4646914517657551713279267,1,2b15d7c4450664f0cd82,R03,2019-09-10,2019
0.1,NQH9,midnight,POC_ATOMIC,28620,28620,7155.125,1332.899240302181478652066887,1,2b231988859a1852e017,R04,2019-03-01,2019
0.1,NQZ9,prior_rth,POC_ATOMIC,16407,16407,8203.75,7411.162175763020425828340756,1,2b4cf6070c10b6d45d99,R01,2019-12-04,2019
0.1,NQZ9,prior_rth,POC_ATOMIC,16407,16407,8203.75,7411.162175763020425828340756,1,2b4cf6070c10b6d45d99,R02,2019-12-04,2019
0.1,NQM9,midnight,POC_ATOMIC,30974,30974,7743.625,777.0518037518037518037518038,1,2b50c485663afdb8b31b,R04,2019-04-23,2019
0.2,NQH9,opening_hour_rth,POC_ATOMIC,13450,13450,6725.25,3315.761587390417759774804918,1,2b649a55acbc980d19c3,R05,2019-01-16,2019
0.1,NQM9,midnight,POC_ATOMIC,29948,29948,7487.125,1383.68200070225612021277656,1,2b73966e6cacb60d857d,R04,2019-06-12,2019
0.2,NQH0,opening_hour_rth,POC_ATOMIC,34490,34490,8622.625,1554.878767087745415918790532,1,2b78a7166cb8ae3a3c14,R05,2019-12-18,2019
0.2,NQH9,opening_hour_rth,POC_ATOMIC,13861,13861,6930.75,2971.128258656548130232340759,1,2bd10cc140870ff0576a,R05,2019-02-07,2019
0.05,NQM9,midnight,POC_ATOMIC,29475,29475,7368.875,1026.076152639929729713011447,1,2bd4a7b47282eaff9c84,R04,2019-05-14,2019
0.05,NQH9,prior_rth,POC_ATOMIC,26404,26404,6601.125,3596.382507537194911000268383,1,2bf345af12d4a8bbf09d,R01,2019-01-14,2019
0.05,NQH9,prior_rth,POC_ATOMIC,26404,26404,6601.125,3596.382507537194911000268383,1,2bf345af12d4a8bbf09d,R02,2019-01-14,2019
0.05,NQM9,prior_rth,POC_ATOMIC,30423,30423,7605.875,3040.985703561268391082586152,1,2c0a21476f5f9793dac3,R01,2019-04-11,2019
0.05,NQM9,prior_rth,POC_ATOMIC,30423,30423,7605.875,3040.985703561268391082586152,1,2c0a21476f5f9793dac3,R02,2019-04-11,2019
0.05,NQH9,midnight,POC_ATOMIC,28615,28615,7153.875,1047.435195360195360195360195,1,2c125f06defbb9a84d48,R04,2019-03-05,2019
0.1,NQM9,prior_rth,POC_ATOMIC,31186,31186,7796.625,4092.51351047763046467056835,1,2c1554c049813f26a889,R01,2019-05-01,2019
0.1,NQM9,prior_rth,POC_ATOMIC,31186,31186,7796.625,4092.51351047763046467056835,1,2c1554c049813f26a889,R02,2019-05-01,2019
0.1,NQM9,opening_hour_rth,POC_ATOMIC,14738,14738,7369.25,2511.221101807549175970228602,1,2c18df4a508c63c24fb9,R05,2019-05-13,2019
0.05,NQH0,prior_rth,POC_ATOMIC,34912,34912,8728.125,3933.557126699465409142828498,1,2c2456386485e4aab004,R01,2019-12-26,2019
0.05,NQH0,prior_rth,POC_ATOMIC,34912,34912,8728.125,3933.557126699465409142828498,1,2c2456386485e4aab004,R02,2019-12-26,2019
0.05,NQZ9,prior_rth,POC_ATOMIC,32814,32814,8203.625,3796.496843840793919811939523,1,2c74a41b002a813f3900,R01,2019-12-04,2019
0.05,NQZ9,prior_rth,POC_ATOMIC,32814,32814,8203.625,3796.496843840793919811939523,1,2c74a41b002a813f3900,R02,2019-12-04,2019
0.05,NQU9,midnight,POC_ATOMIC,30221,30221,7555.375,700.6733281887459290686027605,1,2c7583699d10c1b4eda1,R04,2019-08-05,2019
0.2,NQZ9,prior_rth,POC_ATOMIC,15513,15513,7756.75,3769.468334849368635880952478,1,2cbbf7e2d92c7a4e29ed,R01,2019-09-30,2019
0.2,NQZ9,prior_rth,POC_ATOMIC,15513,15513,7756.75,3769.468334849368635880952478,1,2cbbf7e2d92c7a4e29ed,R02,2019-09-30,2019
0.2,NQM9,full_overnight,POC_ATOMIC,14172,14172,7086.25,2928.48020999468367889420521,1,2ccbb1fa7e3e285093ec,R03,2019-06-03,2019
0.05,NQM9,opening_hour_rth,POC_ATOMIC,29443,29443,7360.875,1253.688318049143936509851076,1,2cd4591fb09b4b3b9144,R05,2019-05-28,2019
0.2,NQH9,midnight,POC_ATOMIC,26742,26742,6685.625,1488.709054085749132188760672,1,2cd53546a1bed09ebe12,R04,2019-01-16,2019
0.1,NQM9,prior_rth,POC_ATOMIC,29409,29409,7352.375,3431.551463210702341137123746,1,2cdfe10bb312a0c748fb,R01,2019-03-18,2019
0.1,NQM9,prior_rth,POC_ATOMIC,29409,29409,7352.375,3431.551463210702341137123746,1,2cdfe10bb312a0c748fb,R02,2019-03-18,2019
0.2,NQZ9,full_overnight,POC_ATOMIC,32951,32951,8237.875,1969.870880590917384811940594,1,2d5997979a27c8900bf8,R03,2019-11-05,2019
0.05,NQU9,prior_rth,POC_ATOMIC,14998,14998,7499.25,5277.850120364373085835185106,1,2d775885c29f8c6b55af,R01,2019-08-16,2019
0.05,NQU9,prior_rth,POC_ATOMIC,14998,14998,7499.25,5277.850120364373085835185106,1,2d775885c29f8c6b55af,R02,2019-08-16,2019
0.1,NQZ9,midnight,POC_ATOMIC,33526,33526,8381.625,1132.975010095268715958371131,1,2d870a7679bc32db9867,R04,2019-11-26,2019
0.2,NQM9,opening_hour_rth,POC_ATOMIC,29871,29870,7467.625,2780.573106528491626640226758,2,2d876ba3672df2a6b3a8,R05,2019-04-01,2019
0.1,NQU9,full_overnight,POC_ATOMIC,31296,31296,7824.125,1060.335778493706401711709098,1,2d877ce283b090792dee,R03,2019-07-01,2019
0.05,NQZ9,opening_hour_rth,POC_ATOMIC,33532,33532,8383.125,1593.408038418110237535682132,1,2d9b1a2f169a8db560f0,R05,2019-11-26,2019
0.05,NQZ9,midnight,POC_ATOMIC,33587,33587,8396.875,1062.377296046788420117726166,1,2da7c77a4371d9b2715b,R04,2019-12-12,2019
0.2,NQU9,opening_hour_rth,POC_ATOMIC,7599,7599,7599.5,4035.970156451735399103820156,1,2e2cd749b3432493ffff,R05,2019-08-08,2019
0.05,NQM9,opening_hour_rth,POC_ATOMIC,30959,30959,7739.875,1580.08626466118916450726477,1,2e6c74bf616fbbbb539a,R05,2019-05-06,2019
0.1,NQH9,opening_hour_rth,POC_ATOMIC,28134,28133,7033.375,2014.218922673252045068683438,2,2e747e59d38b631b6614,R05,2019-02-06,2019
0.1,NQM9,midnight,POC_ATOMIC,29534,29534,7383.625,748.5089611532258591082120494,1,2e7d8cd23dbf6c3be6dc,R04,2019-03-27,2019
0.1,NQM9,midnight,POC_ATOMIC,30270,30270,7567.625,1613.240195686666274901569019,1,2ea0f53e8f3c02f38438,R04,2019-04-03,2019
0.1,NQU9,prior_rth,POC_ATOMIC,30748,30748,7687.125,2505.847214474925472367927611,1,2eafdeb9130a30076dc8,R01,2019-06-27,2019
0.1,NQU9,prior_rth,POC_ATOMIC,30748,30748,7687.125,2505.847214474925472367927611,1,2eafdeb9130a30076dc8,R02,2019-06-27,2019
0.1,NQU9,full_overnight,POC_ATOMIC,30770,30770,7692.625,1234.067774466700297902343938,1,2ed478a77e466768d33a,R03,2019-09-04,2019
0.1,NQU9,prior_rth,POC_ATOMIC,15214,15214,7607.25,4420.824248080631173914253737,1,2ee5e6cf6a5a02077626,R01,2019-08-13,2019
0.1,NQU9,prior_rth,POC_ATOMIC,15214,15214,7607.25,4420.824248080631173914253737,1,2ee5e6cf6a5a02077626,R02,2019-08-13,2019
0.1,NQM9,midnight,POC_ATOMIC,30093,30093,7523.375,990.2505254208969379248017019,1,2ef09d66eb71810a2a91,R04,2019-05-17,2019
0.1,NQZ9,full_overnight,POC_ATOMIC,15682,15682,7841.25,1669.784821428571428571428571,1,2ef2e51502abc612348f,R03,2019-10-14,2019
0.05,NQU9,opening_hour_rth,POC_ATOMIC,31569,31569,7892.375,1494.457002473902460441698563,1,2f03496903d666494c50,R05,2019-07-18,2019
0.2,NQM9,midnight,POC_ATOMIC,29344,29344,7336.125,992.4143740409916880505115799,1,2f12b17ad987d5cfaaef,R04,2019-03-28,2019
0.1,NQZ9,midnight,POC_ATOMIC,31197,31197,7799.375,875.2207319641143170554935261,1,2f415d5c47b0323874a8,R04,2019-10-01,2019
0.2,NQM9,full_overnight,POC_ATOMIC,14974,14974,7487.25,2731.48933011433011433011433,1,2f655b826c3c0f2f0278,R03,2019-06-12,2019
0.2,NQM9,prior_rth,POC_ATOMIC,9920,9920,7440.375,8102.879906204906204906204906,1,2f6d7dbc1a7d2a89b9a0,R01,2019-05-15,2019
0.2,NQM9,prior_rth,POC_ATOMIC,9920,9920,7440.375,8102.879906204906204906204906,1,2f6d7dbc1a7d2a89b9a0,R02,2019-05-15,2019
0.2,NQH9,full_overnight,POC_ATOMIC,3115,3115,6231,6024.629761904761904761904762,1,2fa2d48d639384bc28a1,R03,2019-01-03,2019
0.2,NQU9,full_overnight,POC_ATOMIC,31021,31021,7755.375,1240.71331030081030081030081,1,2fb95975adaaf09ac7a0,R03,2019-08-30,2019
0.05,NQZ9,midnight,POC_ATOMIC,32888,32888,8222.125,1452.351682576682576682576683,1,2fbaa7066a7d48a63466,R04,2019-11-11,2019
0.1,NQU9,opening_hour_rth,POC_ATOMIC,30764,30764,7691.125,1528.324726360953309398591402,1,2feccab556dd5cd1626f,R05,2019-06-27,2019
0.1,NQU9,opening_hour_rth,POC_ATOMIC,30750,30750,7687.625,1176.487862381035279879975179,1,2fee74f85af2c90f3652,R05,2019-09-04,2019
0.1,NQM9,midnight,POC_ATOMIC,30980,30980,7745.125,818.6154249519080557879056002,1,3048e44699580ad5c391,R04,2019-05-07,2019
0.05,NQH9,prior_rth,POC_ATOMIC,28497,28497,7124.375,2912.575906427880112090638406,1,30656ae5ac73f139ee2f,R01,2019-02-27,2019
0.05,NQH9,prior_rth,POC_ATOMIC,28497,28497,7124.375,2912.575906427880112090638406,1,30656ae5ac73f139ee2f,R02,2019-02-27,2019
0.2,NQH9,prior_rth,POC_ATOMIC,13758,13758,6879.25,5161.212102140840867452793688,1,3081718482b7f51c316b,R01,2019-02-04,2019
0.2,NQH9,prior_rth,POC_ATOMIC,13758,13758,6879.25,5161.212102140840867452793688,1,3081718482b7f51c316b,R02,2019-02-04,2019
0.05,NQM9,full_overnight,POC_ATOMIC,30102,30102,7525.625,677.7501918383497330865751918,1,30a7ed088f40a1f4bac6,R03,2019-05-16,2019
0.1,NQZ9,prior_rth,POC_ATOMIC,32942,32942,8235.625,2137.78792041292041292041292,1,30baa6fc76dfec300368,R01,2019-11-12,2019
0.1,NQZ9,prior_rth,POC_ATOMIC,32942,32942,8235.625,2137.78792041292041292041292,1,30baa6fc76dfec300368,R02,2019-11-12,2019
0.2,NQZ9,prior_rth,POC_ATOMIC,15714,15714,7857.25,5322.581749171880750828119249,1,30e4ba85b0d8bfc57e81,R01,2019-10-15,2019
0.2,NQZ9,prior_rth,POC_ATOMIC,15714,15714,7857.25,5322.581749171880750828119249,1,30e4ba85b0d8bfc57e81,R02,2019-10-15,2019
0.2,NQU9,midnight,POC_ATOMIC,30716,30716,7679.125,1321.389291345908992967816497,1,30efd065979961a63294,R04,2019-06-19,2019
0.2,NQM9,midnight,POC_ATOMIC,15434,15434,7717.25,2002.640043290043290043290043,1,31034d1b7358b70f414a,R04,2019-05-06,2019
0.2,NQM9,opening_hour_rth,POC_ATOMIC,15159,15158,7579.25,5736.233477633477633477633478,2,310e6a826ed10fa6c6ef,R05,2019-05-16,2019
0.1,NQU9,full_overnight,POC_ATOMIC,31113,31113,7778.375,808.8003139344315814904050198,1,313ce03fa6712ebb6cb6,R03,2019-07-02,2019
0.1,NQZ9,midnight,POC_ATOMIC,33017,33017,8254.375,865.722168354521295697766286,1,313e87d574d54782e076,R04,2019-11-14,2019
0.2,NQH9,prior_rth,POC_ATOMIC,13727,13727,6863.75,5679.580673975782671434845348,1,3160b310ac0d71d51ccd,R01,2019-02-11,2019
0.2,NQH9,prior_rth,POC_ATOMIC,13727,13727,6863.75,5679.580673975782671434845348,1,3160b310ac0d71d51ccd,R02,2019-02-11,2019
0.05,NQZ9,full_overnight,POC_ATOMIC,32231,32231,8057.875,1328.960365515416666311806977,1,31700fa579b83df22711,R03,2019-10-28,2019
0.1,NQM9,prior_rth,POC_ATOMIC,28026,28026,7006.625,2285.282713113738935301380714,1,31847f750e2e5999cf99,R01,2019-06-04,2019
0.1,NQM9,prior_rth,POC_ATOMIC,28026,28026,7006.625,2285.282713113738935301380714,1,31847f750e2e5999cf99,R02,2019-06-04,2019
0.1,NQH0,prior_rth,POC_ATOMIC,34531,34531,8632.875,3960.581084520055108290402408,1,319c8a693eede8508c53,R01,2019-12-19,2019
0.1,NQH0,prior_rth,POC_ATOMIC,34531,34531,8632.875,3960.581084520055108290402408,1,319c8a693eede8508c53,R02,2019-12-19,2019
0.1,NQM9,full_overnight,POC_ATOMIC,28976,28976,7244.125,1171.079646771107871677131639,1,31a46a4c48d2598d38f3,R03,2019-05-30,2019
0.2,NQU9,opening_hour_rth,POC_ATOMIC,31150,31150,7787.625,1775.917028115127426910175941,1,31a46f2f95a7585240ce,R05,2019-07-02,2019
0.05,NQM9,opening_hour_rth,POC_ATOMIC,30803,30803,7700.875,1215.683655233655233655233655,1,31bb8554c9a14fdb956e,R05,2019-04-18,2019
0.1,NQH9,full_overnight,POC_ATOMIC,12477,12477,6238.75,1665.182773944901347882124036,1,31f4550464ec0c60e19c,R03,2019-01-04,2019
0.1,NQH9,prior_rth,POC_ATOMIC,26056,26056,6514.125,2152.619858531539082288224682,1,320ab29d8f547b39cee3,R01,2019-01-08,2019
0.1,NQH9,prior_rth,POC_ATOMIC,26056,26056,6514.125,2152.619858531539082288224682,1,320ab29d8f547b39cee3,R02,2019-01-08,2019
0.05,NQU9,opening_hour_rth,POC_ATOMIC,29987,29987,7496.875,1696.043924800323575361797984,1,32278f805a0127cc48d5,R05,2019-08-05,2019
0.1,NQZ9,prior_rth,POC_ATOMIC,32913,32913,8228.375,3793.297152555047291889397153,1,322cdb226480fe367b8b,R01,2019-11-06,2019
0.1,NQZ9,prior_rth,POC_ATOMIC,32913,32913,8228.375,3793.297152555047291889397153,1,322cdb226480fe367b8b,R02,2019-11-06,2019
0.2,NQH9,opening_hour_rth,POC_ATOMIC,14084,14084,7042.25,2583.073406620570135586820793,1,323b35054845bd72b238,R05,2019-03-07,2019
0.1,NQZ9,opening_hour_rth,POC_ATOMIC,33370,33370,8342.625,1538.888288767664664364807837,1,323dedd4a1205e2c99d0,R05,2019-11-19,2019
0.05,NQM9,prior_rth,POC_ATOMIC,28626,28626,7156.625,2837.02527361455139637027153,1,32466bfed2e5747740f9,R01,2019-06-03,2019
0.05,NQM9,prior_rth,POC_ATOMIC,28626,28626,7156.625,2837.02527361455139637027153,1,32466bfed2e5747740f9,R02,2019-06-03,2019
0.1,NQH9,prior_rth,POC_ATOMIC,14083,14083,7041.75,6027.559785828206880838459786,1,324eb00e105a13abb84f,R01,2019-02-15,2019
0.1,NQH9,prior_rth,POC_ATOMIC,14083,14083,7041.75,6027.559785828206880838459786,1,324eb00e105a13abb84f,R02,2019-02-15,2019
0.2,NQZ9,prior_rth,POC_ATOMIC,15858,15858,7929.25,5117.950694077164665399959518,1,326891e2a036be0f1744,R01,2019-09-20,2019
0.2,NQZ9,prior_rth,POC_ATOMIC,15858,15858,7929.25,5117.950694077164665399959518,1,326891e2a036be0f1744,R02,2019-09-20,2019
0.2,NQZ9,opening_hour_rth,POC_ATOMIC,10149,10149,7612.125,3649.062103174603174603174603,1,326b5d806b19285423f5,R05,2019-10-02,2019
0.2,NQU9,prior_rth,POC_ATOMIC,15794,15794,7897.25,5469.000055500055500055500056,1,329cb4d54d4f8dadf699,R01,2019-07-23,2019
0.2,NQU9,prior_rth,POC_ATOMIC,15794,15794,7897.25,5469.000055500055500055500056,1,329cb4d54d4f8dadf699,R02,2019-07-23,2019
0.05,NQZ9,opening_hour_rth,POC_ATOMIC,30589,30589,7647.375,964.4320671951924475817328153,1,32a6efa312ab665e9662,R05,2019-10-08,2019
0.1,NQZ9,full_overnight,POC_ATOMIC,31470,31470,7867.625,1341.001014369682357669788103,1,330005836a5c0d3ea467,R03,2019-09-17,2019
0.2,NQU9,opening_hour_rth,POC_ATOMIC,15512,15512,7756.25,2271.571772671772671772671773,1,3327da5ad57eaade64b8,R05,2019-09-10,2019
0.1,NQZ9,prior_rth,POC_ATOMIC,33066,33066,8266.625,2927.606852438353986341602441,1,332f2e973ebfe4eb0011,R01,2019-11-08,2019
0.1,NQZ9,prior_rth,POC_ATOMIC,33066,33066,8266.625,2927.606852438353986341602441,1,332f2e973ebfe4eb0011,R02,2019-11-08,2019
0.05,NQM9,opening_hour_rth,POC_ATOMIC,31416,31416,7854.125,1849.152958184111724988345502,1,3339277c4ac8d3392a2a,R05,2019-04-25,2019
0.1,NQU9,opening_hour_rth,POC_ATOMIC,30878,30877,7719.375,2139.485307343080933066126228,2,33431addcade21ef412b,R05,2019-08-19,2019
0.1,NQH9,full_overnight,POC_ATOMIC,28620,28620,7155.125,1332.899240302181478652066887,1,3361291acf612f0ec365,R03,2019-03-01,2019
0.1,NQZ9,opening_hour_rth,POC_ATOMIC,33073,33073,8268.375,2004.653636855031378357950366,1,33671c62b97c807a1cc8,R05,2019-11-12,2019
0.1,NQU9,opening_hour_rth,POC_ATOMIC,30510,30510,7627.625,1578.100918195742654821420234,1,33aa5f1386fa8f4f7cb6,R05,2019-08-27,2019
0.1,NQZ9,prior_rth,POC_ATOMIC,30813,30813,7703.375,2551.819695371340243875513243,1,33afbe40bbbed8b707c5,R01,2019-10-10,2019
0.1,NQZ9,prior_rth,POC_ATOMIC,30813,30813,7703.375,2551.819695371340243875513243,1,33afbe40bbbed8b707c5,R02,2019-10-10,2019
0.1,NQH9,midnight,POC_ATOMIC,28277,28277,7069.375,1148.777972027972027972027972,1,33cf52db2b05f22619f5,R04,2019-02-20,2019
0.05,NQH9,full_overnight,POC_ATOMIC,28763,28763,7190.875,1475.082904677022324081147611,1,33e00b0cd8a89ea031a4,R03,2019-03-04,2019
0.2,NQM9,midnight,POC_ATOMIC,30014,30014,7503.625,1150.514128324039819530464301,1,33fb3355c7b2c84eef96,R04,2019-03-22,2019
0.2,NQH9,opening_hour_rth,POC_ATOMIC,28363,28363,7090.875,1700.096041199493884915879801,1,3404effa9bfec0395957,R05,2019-02-20,2019
0.2,NQM9,full_overnight,POC_ATOMIC,30870,30870,7717.625,1218.668477999773936340323154,1,340a62e1b639dbc55967,R03,2019-05-06,2019
0.2,NQM9,prior_rth,POC_ATOMIC,14510,14510,7255.25,5353.564954489954489954489954,1,3410c4cf3aace2c2316e,R01,2019-05-31,2019
0.2,NQM9,prior_rth,POC_ATOMIC,14510,14510,7255.25,5353.564954489954489954489954,1,3410c4cf3aace2c2316e,R02,2019-05-31,2019
0.2,NQM9,midnight,POC_ATOMIC,15046,15046,7523.25,1912.145547873179452126820548,1,344799e7e3d0952b21c9,R04,2019-05-17,2019
0.2,NQH9,full_overnight,POC_ATOMIC,13865,13865,6932.75,1301.455555555555555555555556,1,346530c7903dcb45077e,R03,2019-02-05,2019
0.05,NQM9,full_overnight,POC_ATOMIC,31225,31225,7806.375,1343.501184926184926184926185,1,346c603e07d7161860a5,R03,2019-04-26,2019
0.2,NQZ9,opening_hour_rth,POC_ATOMIC,33374,33374,8343.625,1125.46437459599224305106658,1,3471519749d7aa31bea3,R05,2019-11-25,2019
0.05,NQH9,midnight,POC_ATOMIC,26347,26347,6586.875,1208.574266408685913329876178,1,34adf59b2f160671ac20,R04,2019-01-09,2019
0.1,NQM9,prior_rth,POC_ATOMIC,30824,30824,7706.125,3409.42792150659797718621248,1,34b37e74ab80680df357,R01,2019-04-22,2019
0.1,NQM9,prior_rth,POC_ATOMIC,30824,30824,7706.125,3409.42792150659797718621248,1,34b37e74ab80680df357,R02,2019-04-22,2019
0.2,NQM9,opening_hour_rth,POC_ATOMIC,9863,9863,7397.625,3497.727192909429751535014693,1,34e67b76292ad5cf6106,R05,2019-05-20,2019
0.1,NQZ9,midnight,POC_ATOMIC,33472,33472,8368.125,1823.516046176046176046176046,1,34ee9c0bca23aefcc2bd,R04,2019-11-19,2019
0.1,NQZ9,midnight,POC_ATOMIC,31323,31323,7830.875,905.4890412727369249108379543,1,353ab45b19ce41cffcaf,R04,2019-09-26,2019
0.2,NQH9,opening_hour_rth,POC_ATOMIC,28829,28829,7207.375,1411.897183317438666519344397,1,353ca2e75aea51269f06,R05,2019-03-04,2019
0.1,NQH0,full_overnight,POC_ATOMIC,34432,34432,8608.125,943.9138167388167388167388167,1,3548f32e2cba61b185ce,R03,2019-12-17,2019
0.05,NQH9,opening_hour_rth,POC_ATOMIC,26866,26866,6716.625,1015.093132220931082411158312,1,354bf494f3c0e2c2fde7,R05,2019-01-23,2019
0.1,NQM9,midnight,POC_ATOMIC,29016,29016,7254.125,1097.357040232063951229036618,1,3553a975ef24c6339759,R04,2019-06-06,2019
0.2,NQU9,midnight,POC_ATOMIC,31743,31743,7935.875,997.4048701298701298701298701,1,3554e79d13615ba05791,R04,2019-07-12,2019
0.2,NQU9,prior_rth,POC_ATOMIC,30748,30748,7687.125,1803.02515471942245397622972,1,35754c510089a4097326,R01,2019-06-26,2019
0.2,NQU9,prior_rth,POC_ATOMIC,30748,30748,7687.125,1803.02515471942245397622972,1,35754c510089a4097326,R02,2019-06-26,2019
0.1,NQU9,opening_hour_rth,POC_ATOMIC,31769,31769,7942.375,829.2234965785973376614305419,1,358146c9fbf9785840ae,R05,2019-09-12,2019
0.1,NQM9,full_overnight,POC_ATOMIC,30093,30093,7523.375,990.2505254208969379248017019,1,35948f1e90545a84f047,R03,2019-05-17,2019
0.1,NQZ9,full_overnight,POC_ATOMIC,33014,33014,8253.625,1202.658127117980059156529745,1,35be46e85c962eadd005,R03,2019-11-14,2019
0.1,NQZ9,midnight,POC_ATOMIC,33261,33261,8315.375,1480.824383127609949589509472,1,35cab3b0b261d4597c85,R04,2019-11-20,2019
0.05,NQM9,full_overnight,POC_ATOMIC,29948,29948,7487.125,1383.68200070225612021277656,1,35ea862c556e0ef0e2cb,R03,2019-06-12,2019
0.05,NQH9,opening_hour_rth,POC_ATOMIC,26733,26733,6683.375,865.317724168950107838248907,1,3604529064056d513810,R05,2019-01-17,2019
0.2,NQM9,opening_hour_rth,POC_ATOMIC,15139,15139,7569.75,2754.806326844846768945440672,1,362050abb67f520312a2,R05,2019-06-11,2019
0.05,NQZ9,midnight,POC_ATOMIC,32876,32876,8219.125,753.9603535353535353535353535,1,3649e64c41b4db3253c6,R04,2019-11-04,2019
0.2,NQH9,full_overnight,POC_ATOMIC,26962,26962,6740.625,1546.230961422090454348518865,1,367e3f310ae763fb3fb4,R03,2019-01-22,2019
0.1,NQZ9,midnight,POC_ATOMIC,31802,31802,7950.625,898.4158521303258145363408521,1,36a86407f2200b3b2667,R04,2019-10-18,2019
0.2,NQM9,prior_rth,POC_ATOMIC,15018,15018,7509.25,3841.976745729405575952890531,1,36c04f9827b30baa5012,R01,2019-06-11,2019
0.2,NQM9,prior_rth,POC_ATOMIC,15018,15018,7509.25,3841.976745729405575952890531,1,36c04f9827b30baa5012,R02,2019-06-11,2019
0.1,NQM9,midnight,POC_ATOMIC,30598,30598,7649.625,962.2770562770562770562770563,1,36d243bdeb97a21e4a02,R04,2019-04-15,2019
0.05,NQM9,prior_rth,POC_ATOMIC,28576,28576,7144.125,1857.63339000181105444263339,1,36e35a7e8d158e440558,R01,2019-06-05,2019
0.05,NQM9,prior_rth,POC_ATOMIC,28576,28576,7144.125,1857.63339000181105444263339,1,36e35a7e8d158e440558,R02,2019-06-05,2019
0.1,NQU9,midnight,POC_ATOMIC,31836,31836,7959.125,771.3808982683982683982683983,1,370441d3c0051fd72d2b,R04,2019-07-23,2019
0.1,NQZ9,opening_hour_rth,POC_ATOMIC,33012,33012,8253.125,1896.24915329768270944741533,1,3725038cf2acf6247096,R05,2019-11-07,2019
0.2,NQM9,full_overnight,POC_ATOMIC,14801,14801,7400.75,1299.702965580171462524403701,1,374625ef3ffa31a85462,R03,2019-05-20,2019
0.05,NQM9,prior_rth,POC_ATOMIC,30266,30266,7566.625,3779.340569897097259352414607,1,3785c166f1d63112bae5,R01,2019-04-04,2019
0.05,NQM9,prior_rth,POC_ATOMIC,30266,30266,7566.625,3779.340569897097259352414607,1,3785c166f1d63112bae5,R02,2019-04-04,2019
0.2,NQZ9,midnight,POC_ATOMIC,31748,31748,7937.125,1808.86981573122439995505011,1,3793344c841c975159e1,R04,2019-10-16,2019
0.1,NQH9,prior_rth,POC_ATOMIC,26752,26752,6688.125,3885.954261202110572703913804,1,37a09cc1700206f0734e,R01,2019-01-17,2019
0.1,NQH9,prior_rth,POC_ATOMIC,26752,26752,6688.125,3885.954261202110572703913804,1,37a09cc1700206f0734e,R02,2019-01-17,2019
0.2,NQH9,opening_hour_rth,POC_ATOMIC,13189,13189,6594.75,1916.110792801969272557507852,1,37cd02b8801332de84ca,R05,2019-01-11,2019
0.2,NQU9,prior_rth,POC_ATOMIC,9995,9995,7496.625,7142.221486374336690664594824,1,380be4d0c8e37a2cbd91,R01,2019-08-06,2019
0.2,NQU9,prior_rth,POC_ATOMIC,9995,9995,7496.625,7142.221486374336690664594824,1,380be4d0c8e37a2cbd91,R02,2019-08-06,2019
0.1,NQU9,opening_hour_rth,POC_ATOMIC,31319,31319,7829.875,902.8630180523773201118738876,1,3819ef1f59f780a17b5f,R05,2019-09-05,2019
0.2,NQU9,midnight,POC_ATOMIC,31978,31978,7994.625,1774.771079458176232369780757,1,38379d91c8a3d394e5f2,R04,2019-07-31,2019
0.05,NQU9,midnight,POC_ATOMIC,30996,30996,7749.125,753.1164318524612642259701083,1,384dfe8a53ed10ac04fb,R04,2019-08-23,2019
0.05,NQZ9,midnight,POC_ATOMIC,33526,33526,8381.625,1132.975010095268715958371131,1,3854976f6fbaaa16d310,R04,2019-11-26,2019
0.05,NQU9,midnight,POC_ATOMIC,30536,30536,7634.125,926.3278823553370683156347492,1,385fe5482b1ccfb23c25,R04,2019-09-03,2019
0.05,NQZ9,opening_hour_rth,POC_ATOMIC,31424,31422,7855.625,2710.718168248178582569960735,3,387fffbb0402fc2c95e6,R05,2019-10-14,2019
0.1,NQH9,full_overnight,POC_ATOMIC,28398,28398,7099.625,1076.462342129834389896309401,1,389f6bf2665af07c9813,R03,2019-03-07,2019
0.2,NQM9,prior_rth,POC_ATOMIC,7365,7365,7365.5,11200.67911163999399293516941,1,38a93ce1041211328f24,R01,2019-05-14,2019
0.2,NQM9,prior_rth,POC_ATOMIC,7365,7365,7365.5,11200.67911163999399293516941,1,38a93ce1041211328f24,R02,2019-05-14,2019
0.1,NQZ9,prior_rth,POC_ATOMIC,33455,33455,8363.875,5148.14416000666000666000666,1,38dfba7a4a7d4991dcbc,R01,2019-11-26,2019
0.1,NQZ9,prior_rth,POC_ATOMIC,33455,33455,8363.875,5148.14416000666000666000666,1,38dfba7a4a7d4991dcbc,R02,2019-11-26,2019
0.1,NQU9,opening_hour_rth,POC_ATOMIC,15385,15385,7692.75,1920.261044599126831355369039,1,38eeeacb6ce39103413b,R05,2019-08-20,2019
0.05,NQZ9,opening_hour_rth,POC_ATOMIC,33444,33444,8361.125,1303.906799610353794262538981,1,38fd5b384d15ed070e1f,R05,2019-12-10,2019
0.2,NQZ9,opening_hour_rth,POC_ATOMIC,16656,16656,8328.25,3216.89792135968606556841851,1,391fea26ab1c0ec01e6b,R05,2019-11-20,2019
0.05,NQU9,midnight,POC_ATOMIC,30724,30724,7681.125,668.9737385163855752091046209,1,3942ffa41af0373b8ef2,R04,2019-06-26,2019
0.2,NQU9,midnight,POC_ATOMIC,31505,31505,7876.375,1385.54155491783412814839084,1,3989421df57070a21819,R04,2019-09-06,2019
0.1,NQZ9,midnight,POC_ATOMIC,33517,33517,8379.375,1049.288416976574871311713417,1,3990dcab23c522b64fbd,R04,2019-12-11,2019
0.1,NQH0,full_overnight,POC_ATOMIC,34478,34478,8619.625,1599.685106560106560106560107,1,39bda778a0467c148341,R03,2019-12-19,2019
0.05,NQZ9,opening_hour_rth,POC_ATOMIC,30859,30859,7714.875,991.4242234679531491651747313,1,39d3fb6b2b6abbcbf10f,R05,2019-10-04,2019
0.1,NQU9,full_overnight,POC_ATOMIC,15740,15740,7870.25,2935.827380952380952380952381,1,39ffd5bd4a83a9ab73e5,R03,2019-08-01,2019
0.05,NQZ9,prior_rth,POC_ATOMIC,31086,31086,7771.625,1843.709647297147297147297147,1,3a0918137c3feac31097,R01,2019-10-01,2019
0.05,NQZ9,prior_rth,POC_ATOMIC,31086,31086,7771.625,1843.709647297147297147297147,1,3a0918137c3feac31097,R02,2019-10-01,2019
0.05,NQZ9,midnight,POC_ATOMIC,33314,33314,8328.625,1581.978586609468962410138881,1,3a382ab85d2203b822a8,R04,2019-12-03,2019
0.1,NQZ9,prior_rth,POC_ATOMIC,33573,33573,8393.375,3224.087802325231167735911569,1,3a4a50c6821c92bc4403,R01,2019-11-27,2019
0.1,NQZ9,prior_rth,POC_ATOMIC,33573,33573,8393.375,3224.087802325231167735911569,1,3a4a50c6821c92bc4403,R02,2019-11-27,2019
0.05,NQZ9,midnight,POC_ATOMIC,32870,32870,8217.625,1406.568217893217893217893218,1,3a5c86f3fd6fce38daf0,R04,2019-11-06,2019
0.2,NQM9,opening_hour_rth,POC_ATOMIC,14306,14306,7153.25,2623.915742296918767507002801,1,3a7b0b4ea4223bc0f4c6,R05,2019-05-31,2019
0.2,NQU9,midnight,POC_ATOMIC,10073,10073,7555.125,2048.179362794068676421617598,1,3a857a06085bde3c0e1f,R04,2019-08-05,2019
0.1,NQU9,full_overnight,POC_ATOMIC,30945,30945,7736.375,1499.718937492078224343670568,1,3a9deac52486037f1d18,R03,2019-08-20,2019
0.2,NQU9,opening_hour_rth,POC_ATOMIC,7513,7513,7513.5,5659.450983575248281130634072,1,3ab3b4b43fcfd81e8c74,R05,2019-08-06,2019
0.1,NQZ9,prior_rth,POC_ATOMIC,31778,31778,7944.625,2646.918982406482406482406482,1,3ab4b6d7707a47f43df0,R01,2019-10-16,2019
0.1,NQZ9,prior_rth,POC_ATOMIC,31778,31778,7944.625,2646.918982406482406482406482,1,3ab4b6d7707a47f43df0,R02,2019-10-16,2019
0.05,NQH9,prior_rth,POC_ATOMIC,26763,26763,6690.875,3669.227754723162728470114582,1,3aded5ea06665b89e1dc,R01,2019-01-18,2019
0.05,NQH9,prior_rth,POC_ATOMIC,26763,26763,6690.875,3669.227754723162728470114582,1,3aded5ea06665b89e1dc,R02,2019-01-18,2019
0.05,NQU9,midnight,POC_ATOMIC,32102,32102,8025.625,969.6214285714285714285714286,1,3ae656cac7c26b61b362,R04,2019-07-29,2019
0.2,NQH9,full_overnight,POC_ATOMIC,13089,13089,6544.75,1184.334253294598122184329081,1,3b01d3cc90de35ace011,R03,2019-01-08,2019
0.2,NQU9,prior_rth,POC_ATOMIC,10318,10318,7738.875,11933.58975775610176205857516,1,3b1d3f5d2f57b1bc2f50,R01,2019-08-14,2019
0.2,NQU9,prior_rth,POC_ATOMIC,10318,10318,7738.875,11933.58975775610176205857516,1,3b1d3f5d2f57b1bc2f50,R02,2019-08-14,2019
0.05,NQZ9,full_overnight,POC_ATOMIC,33314,33314,8328.625,1626.978586609468962410138881,1,3b2bdc82ea007c025c16,R03,2019-12-03,2019
0.1,NQM9,midnight,POC_ATOMIC,29562,29562,7390.625,847.1388444888444888444888445,1,3b4cdfb0989e172d9c17,R04,2019-03-19,2019
0.05,NQH9,prior_rth,POC_ATOMIC,28649,28649,7162.375,3067.389863177591630602716191,1,3bafcf86b80a7b5f282d,R01,2019-03-06,2019
0.05,NQH9,prior_rth,POC_ATOMIC,28649,28649,7162.375,3067.389863177591630602716191,1,3bafcf86b80a7b5f282d,R02,2019-03-06,2019
0.2,NQM9,prior_rth,POC_ATOMIC,14662,14662,7331.25,4338.561284548784548784548785,1,3bb53e33a71cf4de6eca,R01,2019-03-28,2019
0.2,NQM9,prior_rth,POC_ATOMIC,14662,14662,7331.25,4338.561284548784548784548785,1,3bb53e33a71cf4de6eca,R02,2019-03-28,2019
0.05,NQH9,full_overnight,POC_ATOMIC,27493,27493,6873.375,1307.536712062447356565003624,1,3bcb3e64fa4a53c882b6,R03,2019-02-08,2019
0.1,NQH9,opening_hour_rth,POC_ATOMIC,28229,28229,7057.375,1421.947186099004659538634037,1,3bcb8b6ab32943def87d,R05,2019-02-13,2019
0.05,NQU9,prior_rth,POC_ATOMIC,30664,30664,7666.125,2133.350079105157327212448717,1,3bd1c1641091dca2051a,R01,2019-08-12,2019
0.05,NQU9,prior_rth,POC_ATOMIC,30664,30664,7666.125,2133.350079105157327212448717,1,3bd1c1641091dca2051a,R02,2019-08-12,2019
0.2,NQH0,midnight,POC_ATOMIC,35156,35156,8789.125,1097.365692640692640692640693,1,3be94d2d5ac9b06ca988,R04,2019-12-30,2019
0.05,NQM9,prior_rth,POC_ATOMIC,29647,29647,7411.875,2294.830034583260483855078199,1,3c0d10b8042054c0fd9f,R01,2019-03-27,2019
0.05,NQM9,prior_rth,POC_ATOMIC,29647,29647,7411.875,2294.830034583260483855078199,1,3c0d10b8042054c0fd9f,R02,2019-03-27,2019
0.05,NQZ9,prior_rth,POC_ATOMIC,31011,31011,7752.875,2890.758558933361534803710215,1,3c0e412318d776a74813,R01,2019-10-11,2019
0.05,NQZ9,prior_rth,POC_ATOMIC,31011,31011,7752.875,2890.758558933361534803710215,1,3c0e412318d776a74813,R02,2019-10-11,2019
0.05,NQM9,prior_rth,POC_ATOMIC,31416,31416,7854.125,3843.588679998162756783446439,1,3c88b4064cb9db64e1c6,R01,2019-04-30,2019
0.05,NQM9,prior_rth,POC_ATOMIC,31416,31416,7854.125,3843.588679998162756783446439,1,3c88b4064cb9db64e1c6,R02,2019-04-30,2019
0.05,NQM9,midnight,POC_ATOMIC,28937,28937,7234.375,2046.108839479171959990374313,1,3c96472ac1867960ac10,R04,2019-05-29,2019
0.1,NQZ9,full_overnight,POC_ATOMIC,33338,33338,8334.625,1419.796542428160075218898748,1,3c9b2ffe0a1f7f72c404,R03,2019-12-06,2019
0.2,NQZ9,opening_hour_rth,POC_ATOMIC,6810,6810,8513.125,2504.081142167011732229123533,1,3c9eb8302bf021b948f5,R05,2019-12-13,2019
0.05,NQZ9,full_overnight,POC_ATOMIC,33547,33547,8386.875,1874.373841947526158052473842,1,3cb837bde2454bb25fab,R03,2019-12-09,2019
0.1,NQZ9,opening_hour_rth,POC_ATOMIC,31791,31791,7947.875,1299.920821504360903142487083,1,3cea1a644e86a427b430,R05,2019-10-18,2019
0.2,NQH9,prior_rth,POC_ATOMIC,13857,13857,6928.75,6153.974372555835404132617755,1,3d053ec90d21b4288ee6,R01,2019-02-12,2019
0.2,NQH9,prior_rth,POC_ATOMIC,13857,13857,6928.75,6153.974372555835404132617755,1,3d053ec90d21b4288ee6,R02,2019-02-12,2019
0.1,NQH9,full_overnight,POC_ATOMIC,13773,13773,6886.75,3366.308795093795093795093795,1,3d0a5747a28dc3c4d2a9,R03,2019-02-01,2019
0.1,NQZ9,full_overnight,POC_ATOMIC,33786,33786,8446.625,1692.408044733044733044733045,1,3d2135e943b37a9567e4,R03,2019-12-02,2019
0.2,NQZ9,full_overnight,POC_ATOMIC,10462,10462,7846.875,3085.942857142857142857142857,1,3d322ed7010eff1ba67f,R03,2019-10-11,2019
0.05,NQH9,opening_hour_rth,POC_ATOMIC,26713,26711,6677.875,4938.051146035447818504657207,3,3d3e9bf0ea4f5a363b02,R05,2019-01-28,2019
0.1,NQU9,prior_rth,POC_ATOMIC,15400,15400,7700.25,3895.53928016428016428016428,1,3d86a3cd6dfec296f868,R01,2019-08-09,2019
0.1,NQU9,prior_rth,POC_ATOMIC,15400,15400,7700.25,3895.53928016428016428016428,1,3d86a3cd6dfec296f868,R02,2019-08-09,2019
0.2,NQU9,full_overnight,POC_ATOMIC,15871,15871,7935.75,2566.655233557292380821792586,1,3db198620601136f7dde,R03,2019-09-12,2019
0.1,NQU9,full_overnight,POC_ATOMIC,31021,31021,7755.375,1240.71331030081030081030081,1,3db53b75bccbaa84e98f,R03,2019-08-30,2019
0.1,NQH9,prior_rth,POC_ATOMIC,28469,28469,7117.375,3104.678965015033126488234847,1,3dc3dc3dea99c377030f,R01,2019-03-01,2019
0.1,NQH9,prior_rth,POC_ATOMIC,28469,28469,7117.375,3104.678965015033126488234847,1,3dc3dc3dea99c377030f,R02,2019-03-01,2019
0.05,NQH0,midnight,POC_ATOMIC,34432,34432,8608.125,872.0804834054834054834054834,1,3dd8ff8276c7b217bceb,R04,2019-12-17,2019
0.1,NQZ9,midnight,POC_ATOMIC,31748,31748,7937.125,1808.86981573122439995505011,1,3df2cf16452275a7b4fd,R04,2019-10-16,2019
0.05,NQM9,prior_rth,POC_ATOMIC,29367,29367,7341.875,2236.260806991108848693988013,1,3e012cd8aa09a0cbb352,R01,2019-05-29,2019
0.05,NQM9,prior_rth,POC_ATOMIC,29367,29367,7341.875,2236.260806991108848693988013,1,3e012cd8aa09a0cbb352,R02,2019-05-29,2019
0.05,NQU9,full_overnight,POC_ATOMIC,30550,30550,7637.625,1179.987308045747943446153165,1,3e0b6158bce1041aa04d,R03,2019-06-26,2019
0.1,NQH9,full_overnight,POC_ATOMIC,28262,28262,7065.625,1078.816638770586139007191639,1,3e1f5d70dc374c79e948,R03,2019-02-21,2019
0.1,NQZ9,midnight,POC_ATOMIC,31423,31423,7855.875,949.5901265401265401265401265,1,3e4ac0f0d4e8842c39ea,R04,2019-10-23,2019
0.1,NQU9,full_overnight,POC_ATOMIC,30493,30493,7623.375,828.102460320263423605390892,1,3e4c28ec586877388458,R03,2019-08-14,2019
0.05,NQU9,opening_hour_rth,POC_ATOMIC,30878,30877,7719.375,2139.485307343080933066126228,2,3e544d1390607d1589f2,R05,2019-08-19,2019
0.05,NQZ9,midnight,POC_ATOMIC,33547,33547,8386.875,1244.100793650793650793650794,1,3e6427c989d2760e6bd5,R04,2019-12-09,2019
0.1,NQH9,opening_hour_rth,POC_ATOMIC,28254,28254,7063.625,1129.409717412752814556556648,1,3e98df4272368ef30b7f,R05,2019-02-19,2019
0.05,NQM9,midnight,POC_ATOMIC,30515,30515,7628.875,1190.5644976776952073007199,1,3ef2e98f0875e3d7ff14,R04,2019-05-08,2019
0.1,NQH0,midnight,POC_ATOMIC,34448,34448,8612.125,1125.330158730158730158730159,1,3f05ac20d1a699ec352d,R04,2019-12-18,2019
0.1,NQZ9,prior_rth,POC_ATOMIC,31812,31812,7953.125,2897.789727739326760599106549,1,3f132ce3d78369e56f61,R01,2019-10-25,2019
0.1,NQZ9,prior_rth,POC_ATOMIC,31812,31812,7953.125,2897.789727739326760599106549,1,3f132ce3d78369e56f61,R02,2019-10-25,2019
0.1,NQU9,prior_rth,POC_ATOMIC,31587,31587,7896.875,1819.318299060054360365341137,1,3f6a488b8d10cf96ae8d,R01,2019-09-16,2019
0.1,NQU9,prior_rth,POC_ATOMIC,31587,31587,7896.875,1819.318299060054360365341137,1,3f6a488b8d10cf96ae8d,R02,2019-09-16,2019
0.05,NQZ9,prior_rth,POC_ATOMIC,33985,33985,8496.375,1704.939990031884998451240021,1,3f868801233b816318b5,R01,2019-12-16,2019
0.05,NQZ9,prior_rth,POC_ATOMIC,33985,33985,8496.375,1704.939990031884998451240021,1,3f868801233b816318b5,R02,2019-12-16,2019
0.2,NQU9,prior_rth,POC_ATOMIC,15927,15927,7963.75,8838.189910008292361233537704,1,3f872b5d0f2105a816eb,R01,2019-07-31,2019
0.2,NQU9,prior_rth,POC_ATOMIC,15927,15927,7963.75,8838.189910008292361233537704,1,3f872b5d0f2105a816eb,R02,2019-07-31,2019
0.05,NQU9,midnight,POC_ATOMIC,31230,31230,7807.625,883.4646914517657551713279267,1,3fa2993966d4ac30bc21,R04,2019-09-10,2019
0.05,NQH9,prior_rth,POC_ATOMIC,27450,27450,6862.625,2953.373911877832316975716271,1,3fa5758b54b3e0016cf5,R01,2019-02-11,2019
0.05,NQH9,prior_rth,POC_ATOMIC,27450,27450,6862.625,2953.373911877832316975716271,1,3fa5758b54b3e0016cf5,R02,2019-02-11,2019
0.05,NQM9,midnight,POC_ATOMIC,29651,29651,7412.875,1045.817520027238014918498057,1,3fa618e906fa1a6bcc07,R04,2019-05-13,2019
0.2,NQZ9,midnight,POC_ATOMIC,30835,30835,7708.875,1168.687218538629828952409598,1,3fb0264b6207856c8e44,R04,2019-09-25,2019
0.2,NQU9,opening_hour_rth,POC_ATOMIC,31910,31910,7977.625,1272.013916152758863756306212,1,3fbe09500baa38988bc5,R05,2019-07-16,2019
0.2,NQM9,opening_hour_rth,POC_ATOMIC,10008,10008,7506.375,3927.543476158344579397210976,1,3fe1c5f4567725933149,R05,2019-05-09,2019
0.2,NQZ9,full_overnight,POC_ATOMIC,33182,33182,8295.625,2217.776012453081322062285108,1,401a930797962966f682,R03,2019-11-22,2019
0.2,NQM9,opening_hour_rth,POC_ATOMIC,14735,14735,7367.75,2941.223706702654071075123707,1,401f9728d1778693197c,R05,2019-05-24,2019
0.1,NQU9,prior_rth,POC_ATOMIC,32016,32016,8004.125,1993.765187590187590187590188,1,4024015c16494c5dd670,R01,2019-07-30,2019
0.1,NQU9,prior_rth,POC_ATOMIC,32016,32016,8004.125,1993.765187590187590187590188,1,4024015c16494c5dd670,R02,2019-07-30,2019
0.2,NQU9,midnight,POC_ATOMIC,31836,31836,7959.125,771.3808982683982683982683983,1,404428cf59202b905535,R04,2019-07-23,2019
0.2,NQH9,prior_rth,POC_ATOMIC,14038,14038,7019.25,6333.557297454007980323769797,1,408beffcbfea332346c7,R01,2019-02-22,2019
0.2,NQH9,prior_rth,POC_ATOMIC,14038,14038,7019.25,6333.557297454007980323769797,1,408beffcbfea332346c7,R02,2019-02-22,2019
0.1,NQZ9,prior_rth,POC_ATOMIC,32106,32106,8026.625,2961.426947784184626289889448,1,40ab831641a80402dbbf,R01,2019-10-28,2019
0.1,NQZ9,prior_rth,POC_ATOMIC,32106,32106,8026.625,2961.426947784184626289889448,1,40ab831641a80402dbbf,R02,2019-10-28,2019
0.1,NQH9,prior_rth,POC_ATOMIC,27517,27517,6879.375,2666.957427306243095716779927,1,40daba95f589b6b1688a,R01,2019-02-04,2019
0.1,NQH9,prior_rth,POC_ATOMIC,27517,27517,6879.375,2666.957427306243095716779927,1,40daba95f589b6b1688a,R02,2019-02-04,2019
0.05,NQU9,midnight,POC_ATOMIC,31081,31081,7770.375,802.3460013670539986329460014,1,40de8da391fffa14f12c,R04,2019-07-09,2019
0.05,NQH9,opening_hour_rth,POC_ATOMIC,27420,27420,6855.125,1613.216621734366883872988128,1,4103e71b9c5be01f224b,R05,2019-02-08,2019
0.05,NQH9,full_overnight,POC_ATOMIC,26180,26180,6545.125,613.459369783982787078762311,1,410891397338d966013d,R03,2019-01-08,2019
0.1,NQZ9,full_overnight,POC_ATOMIC,32876,32876,8219.125,753.9603535353535353535353535,1,4114c12bf1f6dc1a25b6,R03,2019-11-04,2019
0.1,NQU9,full_overnight,POC_ATOMIC,30933,30933,7733.375,1122.739479095622394940477835,1,41168f68918ac21d0ed0,R03,2019-08-21,2019
0.1,NQM9,midnight,POC_ATOMIC,29393,29393,7348.375,1025.214285714285714285714286,1,412eb2da1aee5fc0fdd7,R04,2019-03-18,2019
0.05,NQH0,opening_hour_rth,POC_ATOMIC,35042,35042,8760.625,758.1215728715728715728715729,1,41661c016b137f9527d9,R05,2019-12-26,2019
0.1,NQZ9,prior_rth,POC_ATOMIC,33386,33386,8346.625,4063.510964709102084523957544,1,419627771bc6dd05558c,R01,2019-11-20,2019
0.1,NQZ9,prior_rth,POC_ATOMIC,33386,33386,8346.625,4063.510964709102084523957544,1,419627771bc6dd05558c,R02,2019-11-20,2019
0.05,NQU9,midnight,POC_ATOMIC,30277,30277,7569.375,883.3662283496156468060834878,1,41b95044d441cab53d2b,R04,2019-08-28,2019
0.05,NQU9,prior_rth,POC_ATOMIC,31751,31751,7937.875,3403.252554557042386656991119,1,41e957ac2fbdc6f56192,R01,2019-07-18,2019
0.05,NQU9,prior_rth,POC_ATOMIC,31751,31751,7937.875,3403.252554557042386656991119,1,41e957ac2fbdc6f56192,R02,2019-07-18,2019
0.2,NQH9,prior_rth,POC_ATOMIC,6434,6434,6434.5,9230.174206349206349206349206,1,42233af127820540712b,R01,2019-01-07,2019
0.2,NQH9,prior_rth,POC_ATOMIC,6434,6434,6434.5,9230.174206349206349206349206,1,42233af127820540712b,R02,2019-01-07,2019
0.2,NQU9,prior_rth,POC_ATOMIC,7494,7494,7494.5,5103.532972582972582972582973,1,4233d4864d8de5e955eb,R01,2019-08-26,2019
0.2,NQU9,prior_rth,POC_ATOMIC,7494,7494,7494.5,5103.532972582972582972582973,1,4233d4864d8de5e955eb,R02,2019-08-26,2019
0.1,NQM9,prior_rth,POC_ATOMIC,29397,29397,7349.375,3291.280632787405233225666662,1,42395e9dfab638a50495,R01,2019-03-19,2019
0.1,NQM9,prior_rth,POC_ATOMIC,29397,29397,7349.375,3291.280632787405233225666662,1,42395e9dfab638a50495,R02,2019-03-19,2019
0.05,NQZ9,midnight,POC_ATOMIC,30569,30569,7642.375,1022.537307922644476503769767,1,42615e32f09dbb8bc112,R04,2019-10-02,2019
0.1,NQM9,midnight,POC_ATOMIC,30014,30014,7503.625,1150.514128324039819530464301,1,427777b49c240a495483,R04,2019-03-22,2019
0.1,NQM9,midnight,POC_ATOMIC,28647,28647,7161.875,1215.704388074945350487146153,1,42829c92936cbddc6859,R04,2019-05-31,2019
0.2,NQM9,opening_hour_rth,POC_ATOMIC,14616,14616,7308.25,2985.885856953703231802572225,1,4285a64acbfade4988b2,R05,2019-03-25,2019
0.1,NQZ9,midnight,POC_ATOMIC,30800,30800,7700.125,1042.053596902345782334202121,1,428cea2de20e7a4be43b,R04,2019-10-09,2019
0.2,NQU9,prior_rth,POC_ATOMIC,31895,31895,7973.875,3745.75691021430918031011869,1,4298d54e9b7126e52a0c,R01,2019-08-01,2019
0.2,NQU9,prior_rth,POC_ATOMIC,31895,31895,7973.875,3745.75691021430918031011869,1,4298d54e9b7126e52a0c,R02,2019-08-01,2019
0.05,NQH9,prior_rth,POC_ATOMIC,26889,26889,6722.375,2472.408125672116811222181138,1,42a1d6f38006b8dbb9cf,R01,2019-01-31,2019
0.05,NQH9,prior_rth,POC_ATOMIC,26889,26889,6722.375,2472.408125672116811222181138,1,42a1d6f38006b8dbb9cf,R02,2019-01-31,2019
0.05,NQH9,opening_hour_rth,POC_ATOMIC,24905,24905,6226.375,695.8405895078240038051049196,1,42ae4f2988eaec059b10,R05,2019-01-03,2019
0.1,NQU9,midnight,POC_ATOMIC,30933,30933,7733.375,1122.739479095622394940477835,1,42b7582e6b62bdbacd40,R04,2019-08-21,2019
0.05,NQZ9,prior_rth,POC_ATOMIC,30255,30255,7563.875,2783.01452160050669741529136,1,42bc84d7636a3bbe7729,R01,2019-10-03,2019
0.05,NQZ9,prior_rth,POC_ATOMIC,30255,30255,7563.875,2783.01452160050669741529136,1,42bc84d7636a3bbe7729,R02,2019-10-03,2019
0.05,NQZ9,prior_rth,POC_ATOMIC,33763,33763,8440.875,2497.96038961038961038961039,1,42d62a9abbdc1879a908,R01,2019-12-02,2019
0.05,NQZ9,prior_rth,POC_ATOMIC,33763,33763,8440.875,2497.96038961038961038961039,1,42d62a9abbdc1879a908,R02,2019-12-02,2019
0.2,NQZ9,opening_hour_rth,POC_ATOMIC,16600,16600,8300.25,3471.348412698412698412698413,1,42d6f66d5c5faf04ea3d,R05,2019-11-15,2019
0.1,NQH9,prior_rth,POC_ATOMIC,26547,26547,6636.875,3001.045779761081113887682739,1,42f4b12958d6e04c1afd,R01,2019-01-30,2019
0.1,NQH9,prior_rth,POC_ATOMIC,26547,26547,6636.875,3001.045779761081113887682739,1,42f4b12958d6e04c1afd,R02,2019-01-30,2019
0.05,NQM9,midnight,POC_ATOMIC,29543,29543,7385.875,699.5014069264069264069264069,1,430c5e24e07e1bf02c3f,R04,2019-03-29,2019
0.05,NQH9,midnight,POC_ATOMIC,26776,26776,6694.125,928.9033515580027207934184678,1,439e28682b82c3e57db5,R04,2019-01-24,2019
0.1,NQZ9,prior_rth,POC_ATOMIC,32851,32851,8212.875,4009.888129944854604970367523,1,43a7d6a065894c60f43e,R01,2019-11-05,2019
0.1,NQZ9,prior_rth,POC_ATOMIC,32851,32851,8212.875,4009.888129944854604970367523,1,43a7d6a065894c60f43e,R02,2019-11-05,2019
0.2,NQZ9,prior_rth,POC_ATOMIC,31544,31544,7886.125,2307.361404930638676768707728,1,43a7ed3b17fb9b737773,R01,2019-10-24,2019
0.2,NQZ9,prior_rth,POC_ATOMIC,31544,31544,7886.125,2307.361404930638676768707728,1,43a7ed3b17fb9b737773,R02,2019-10-24,2019
0.2,NQU9,prior_rth,POC_ATOMIC,15151,15151,7575.75,4811.346821610659273871011655,1,43c1d53eb3c5ad390877,R01,2019-08-28,2019
0.2,NQU9,prior_rth,POC_ATOMIC,15151,15151,7575.75,4811.346821610659273871011655,1,43c1d53eb3c5ad390877,R02,2019-08-28,2019
0.1,NQM9,prior_rth,POC_ATOMIC,14947,14947,7473.75,3468.633267765973723838256044,1,43d86dd7f2fbb2de5105,R01,2019-05-13,2019
0.1,NQM9,prior_rth,POC_ATOMIC,14947,14947,7473.75,3468.633267765973723838256044,1,43d86dd7f2fbb2de5105,R02,2019-05-13,2019
0.05,NQU9,full_overnight,POC_ATOMIC,31188,31188,7797.125,694.8567432567432567432567433,1,43ef81bd2c4de8f4210b,R03,2019-06-20,2019
0.1,NQM9,midnight,POC_ATOMIC,30581,30581,7645.375,1177.303652066887361005008064,1,443c242695413e64ed42,R04,2019-04-11,2019
0.05,NQU9,opening_hour_rth,POC_ATOMIC,31896,31896,7974.125,1507.957541457205643763119045,1,444f1ec66d29193b7116,R05,2019-07-31,2019
0.1,NQM9,prior_rth,POC_ATOMIC,30457,30457,7614.375,2779.062465707504276929241866,1,44a0cec16a703b2b3c6e,R01,2019-05-17,2019
0.1,NQM9,prior_rth,POC_ATOMIC,30457,30457,7614.375,2779.062465707504276929241866,1,44a0cec16a703b2b3c6e,R02,2019-05-17,2019
0.1,NQM9,prior_rth,POC_ATOMIC,29581,29581,7395.375,4564.614080771884637728605788,1,44a29b7568b1791dca90,R01,2019-03-20,2019
0.1,NQM9,prior_rth,POC_ATOMIC,29581,29581,7395.375,4564.614080771884637728605788,1,44a29b7568b1791dca90,R02,2019-03-20,2019
0.05,NQU9,prior_rth,POC_ATOMIC,30980,30980,7745.125,2239.747019581650756775268823,1,44a53f9e899f51e62e2a,R01,2019-06-21,2019
0.05,NQU9,prior_rth,POC_ATOMIC,30980,30980,7745.125,2239.747019581650756775268823,1,44a53f9e899f51e62e2a,R02,2019-06-21,2019
0.1,NQZ9,full_overnight,POC_ATOMIC,30800,30800,7700.125,1042.053596902345782334202121,1,44ab6d79bca9dbcc9be8,R03,2019-10-09,2019
0.2,NQZ9,midnight,POC_ATOMIC,30800,30800,7700.125,1042.053596902345782334202121,1,44c83a4c6325fdcfc634,R04,2019-10-09,2019
0.2,NQH0,opening_hour_rth,POC_ATOMIC,34524,34524,8631.125,2167.695256344962227315168492,1,44d95e0c9a37d8fef337,R05,2019-12-19,2019
0.05,NQU9,full_overnight,POC_ATOMIC,31479,31479,7869.875,1550.666885488092918433475709,1,44e734a6e6e7530a333d,R03,2019-08-01,2019
0.2,NQZ9,prior_rth,POC_ATOMIC,16617,16617,8308.75,7839.349016553621816779711517,1,451c3b2b14d41158d7a8,R01,2019-12-05,2019
0.2,NQZ9,prior_rth,POC_ATOMIC,16617,16617,8308.75,7839.349016553621816779711517,1,451c3b2b14d41158d7a8,R02,2019-12-05,2019
0.05,NQU9,prior_rth,POC_ATOMIC,31981,31981,7995.375,3225.553796662499045053897659,1,451da585684727f5c98b,R01,2019-08-02,2019
0.05,NQU9,prior_rth,POC_ATOMIC,31981,31981,7995.375,3225.553796662499045053897659,1,451da585684727f5c98b,R02,2019-08-02,2019
0.1,NQZ9,midnight,POC_ATOMIC,31508,31508,7877.125,1158.487193362193362193362193,1,453b12cf6ca4fe2402ef,R04,2019-09-24,2019
0.1,NQU9,prior_rth,POC_ATOMIC,31187,31187,7796.875,3172.327338518906548213646155,1,45508d972761efd77b3d,R01,2019-07-09,2019
0.1,NQU9,prior_rth,POC_ATOMIC,31187,31187,7796.875,3172.327338518906548213646155,1,45508d972761efd77b3d,R02,2019-07-09,2019
0.1,NQU9,prior_rth,POC_ATOMIC,30980,30980,7745.125,2239.747019581650756775268823,1,45d8866b8936ae20abbd,R01,2019-06-21,2019
0.1,NQU9,prior_rth,POC_ATOMIC,30980,30980,7745.125,2239.747019581650756775268823,1,45d8866b8936ae20abbd,R02,2019-06-21,2019
0.05,NQM9,prior_rth,POC_ATOMIC,30824,30824,7706.125,3409.42792150659797718621248,1,45eda4d070b1b85831d3,R01,2019-04-22,2019
0.05,NQM9,prior_rth,POC_ATOMIC,30824,30824,7706.125,3409.42792150659797718621248,1,45eda4d070b1b85831d3,R02,2019-04-22,2019
0.05,NQH9,opening_hour_rth,POC_ATOMIC,26900,26900,6725.125,1726.39239571312633078963536,1,4607d405fa90a19aebe5,R05,2019-01-16,2019
0.05,NQM9,prior_rth,POC_ATOMIC,31186,31186,7796.625,4092.51351047763046467056835,1,460e2c758fc909b73b65,R01,2019-05-01,2019
0.05,NQM9,prior_rth,POC_ATOMIC,31186,31186,7796.625,4092.51351047763046467056835,1,460e2c758fc909b73b65,R02,2019-05-01,2019
0.05,NQU9,prior_rth,POC_ATOMIC,30448,30448,7612.125,2326.418967314101173557111607,1,4622db4fecd2669ace77,R01,2019-09-04,2019
0.05,NQU9,prior_rth,POC_ATOMIC,30448,30448,7612.125,2326.418967314101173557111607,1,4622db4fecd2669ace77,R02,2019-09-04,2019
0.05,NQH9,opening_hour_rth,POC_ATOMIC,26707,26706,6676.625,1842.106858054226475279106858,2,462a1433a6ff2b05692f,R05,2019-01-29,2019
0.2,NQM9,opening_hour_rth,POC_ATOMIC,14996,14996,7498.25,2225.371877400205573580186583,1,4646256092b5a8809aed,R05,2019-06-12,2019
0.1,NQU9,prior_rth,POC_ATOMIC,30765,30765,7691.375,4240.381623557324189979998299,1,464c57a519de958cd91c,R01,2019-06-28,2019
0.1,NQU9,prior_rth,POC_ATOMIC,30765,30765,7691.375,4240.381623557324189979998299,1,464c57a519de958cd91c,R02,2019-06-28,2019
0.05,NQZ9,full_overnight,POC_ATOMIC,32984,32984,8246.125,1007.114696414696414696414696,1,46649d3077464ad7f582,R03,2019-11-13,2019
0.2,NQU9,full_overnight,POC_ATOMIC,15082,15082,7541.25,2533.688611603317485670426847,1,46738acf88dc44e9d391,R03,2019-08-13,2019
0.2,NQZ9,opening_hour_rth,POC_ATOMIC,32887,32884,8221.125,6497.712930394911819060425872,4,467dc68e3e398fb04a66,R05,2019-11-04,2019
0.05,NQM9,midnight,POC_ATOMIC,30367,30367,7591.875,1749.648556998556998556998557,1,46a0bcf63700512c01b3,R04,2019-04-08,2019
0.05,NQH9,midnight,POC_ATOMIC,28381,28381,7095.375,921.5725885225885225885225885,1,46c08a9990f079bec2b0,R04,2019-03-07,2019
0.05,NQU9,prior_rth,POC_ATOMIC,31043,31043,7760.875,2893.368536727228143903707051,1,46dd4ed0790c0baea7fd,R01,2019-06-24,2019
0.05,NQU9,prior_rth,POC_ATOMIC,31043,31043,7760.875,2893.368536727228143903707051,1,46dd4ed0790c0baea7fd,R02,2019-06-24,2019
0.05,NQZ9,prior_rth,POC_ATOMIC,32942,32942,8235.625,2137.78792041292041292041292,1,46eb6b07a1e637597901,R01,2019-11-12,2019
0.05,NQZ9,prior_rth,POC_ATOMIC,32942,32942,8235.625,2137.78792041292041292041292,1,46eb6b07a1e637597901,R02,2019-11-12,2019
0.05,NQU9,opening_hour_rth,POC_ATOMIC,31751,31751,7937.875,834.3007711457788857169662123,1,46ef6fea083f8ee98473,R05,2019-07-23,2019
0.05,NQH9,prior_rth,POC_ATOMIC,28469,28469,7117.375,3104.678965015033126488234847,1,46ff8bb717d23d451b08,R01,2019-03-01,2019
0.05,NQH9,prior_rth,POC_ATOMIC,28469,28469,7117.375,3104.678965015033126488234847,1,46ff8bb717d23d451b08,R02,2019-03-01,2019
0.2,NQM9,full_overnight,POC_ATOMIC,15175,15175,7587.75,1765.181073842273796993934829,1,4710358bd4658fa30368,R03,2019-05-10,2019
0.2,NQZ9,prior_rth,POC_ATOMIC,30919,30919,7729.875,2793.772439343793367776966282,1,4724ee0cc0da64233d7c,R01,2019-09-25,2019
0.2,NQZ9,prior_rth,POC_ATOMIC,30919,30919,7729.875,2793.772439343793367776966282,1,4724ee0cc0da64233d7c,R02,2019-09-25,2019
0.05,NQM9,midnight,POC_ATOMIC,28290,28290,7072.625,715.4880827511430553562738244,1,4740de60153b171e7823,R04,2019-03-11,2019
0.1,NQH9,opening_hour_rth,POC_ATOMIC,28363,28363,7090.875,1700.096041199493884915879801,1,474303763caeb1305083,R05,2019-02-20,2019
0.05,NQH0,opening_hour_rth,POC_ATOMIC,34775,34775,8693.875,1861.792570991100402865108747,1,475ef88734d74e04ed9f,R05,2019-12-20,2019
0.1,NQH9,full_overnight,POC_ATOMIC,26673,26673,6668.375,750.5523260236495530613177672,1,47621231317e4df573d0,R03,2019-01-29,2019
0.1,NQZ9,prior_rth,POC_ATOMIC,31402,31402,7850.625,2393.588494462717103718584402,1,47a256ad0fb471b646b1,R01,2019-09-24,2019
0.1,NQZ9,prior_rth,POC_ATOMIC,31402,31402,7850.625,2393.588494462717103718584402,1,47a256ad0fb471b646b1,R02,2019-09-24,2019
0.05,NQM9,opening_hour_rth,POC_ATOMIC,28250,28250,7062.625,964.988656744946866634028798,1,47a446369c8218734fd0,R05,2019-06-03,2019
0.2,NQZ9,prior_rth,POC_ATOMIC,15582,15582,7791.25,5354.571691350445220414260662,1,47b1728898fe622da1c4,R01,2019-09-27,2019
0.2,NQZ9,prior_rth,POC_ATOMIC,15582,15582,7791.25,5354.571691350445220414260662,1,47b1728898fe622da1c4,R02,2019-09-27,2019
0.1,NQU9,full_overnight,POC_ATOMIC,30974,30974,7743.625,1249.409938959130257523141984,1,47b72d16ec3b6d07846c,R03,2019-06-21,2019
0.1,NQH9,midnight,POC_ATOMIC,28399,28399,7099.875,992.8759754134754134754134754,1,47bd99afada962223153,R04,2019-02-28,2019
0.1,NQZ9,full_overnight,POC_ATOMIC,33547,33547,8386.875,1874.373841947526158052473842,1,47dba4cd1872369bbe96,R03,2019-12-09,2019
0.2,NQM9,opening_hour_rth,POC_ATOMIC,15211,15211,7605.75,4068.468847818847818847818848,1,47dbe61bba6370bae674,R05,2019-04-09,2019
0.05,NQH9,midnight,POC_ATOMIC,24793,24793,6198.375,720.1957824947333415835976563,1,47e845e56d0c5e7c0906,R04,2019-01-03,2019
0.05,NQM9,prior_rth,POC_ATOMIC,30397,30397,7599.375,6744.903198674751862504336013,1,480d245710ac50d70f47,R01,2019-04-08,2019
0.05,NQM9,prior_rth,POC_ATOMIC,30397,30397,7599.375,6744.903198674751862504336013,1,480d245710ac50d70f47,R02,2019-04-08,2019
0.2,NQH9,prior_rth,POC_ATOMIC,27778,27778,6944.625,3535.302115225787658147329705,1,4824c6e8b7732f0d008a,R01,2019-02-05,2019
0.2,NQH9,prior_rth,POC_ATOMIC,27778,27778,6944.625,3535.302115225787658147329705,1,4824c6e8b7732f0d008a,R02,2019-02-05,2019
0.05,NQM9,midnight,POC_ATOMIC,28386,28386,7096.625,853.9636336224064418790585119,1,484977c86909d81d0b84,R04,2019-06-03,2019
0.1,NQM9,opening_hour_rth,POC_ATOMIC,15135,15135,7567.75,1362.608318143844459633933318,1,484d1f995cb8c162ba13,R05,2019-05-10,2019
0.05,NQM9,full_overnight,POC_ATOMIC,29776,29776,7444.125,1191.175175886205297970003852,1,487915a6d38acd625932,R03,2019-06-10,2019
0.2,NQU9,full_overnight,POC_ATOMIC,15276,15276,7638.25,2188.54971972471972471972472,1,48b96d111b27eb2200d1,R03,2019-06-26,2019
0.1,NQZ9,full_overnight,POC_ATOMIC,15692,15692,7846.25,2011.944474969474969474969475,1,48d91ffde19d61fc3daa,R03,2019-10-11,2019
0.05,NQH9,full_overnight,POC_ATOMIC,27535,27535,6883.875,1024.069286269286269286269286,1,48f335df09b0a85b00ad,R03,2019-02-04,2019
0.1,NQH9,prior_rth,POC_ATOMIC,26889,26889,6722.375,2472.408125672116811222181138,1,490062fa68a8a8f50827,R01,2019-01-31,2019
0.1,NQH9,prior_rth,POC_ATOMIC,26889,26889,6722.375,2472.408125672116811222181138,1,490062fa68a8a8f50827,R02,2019-01-31,2019
0.2,NQM9,midnight,POC_ATOMIC,31072,31072,7768.125,1233.669116966911084558143382,1,49034bb6e3a994ed758c,R04,2019-05-02,2019
0.05,NQH9,full_overnight,POC_ATOMIC,26776,26776,6694.125,946.7110438656950284857261601,1,4918b26f101564a003b4,R03,2019-01-24,2019
0.1,NQZ9,prior_rth,POC_ATOMIC,30919,30919,7729.875,2793.772439343793367776966282,1,49367fc5cf5429479fab,R01,2019-09-25,2019
0.1,NQZ9,prior_rth,POC_ATOMIC,30919,30919,7729.875,2793.772439343793367776966282,1,49367fc5cf5429479fab,R02,2019-09-25,2019
0.1,NQM9,opening_hour_rth,POC_ATOMIC,31416,31416,7854.125,1849.152958184111724988345502,1,493d56a0a7f36f82752b,R05,2019-04-25,2019
0.1,NQM9,full_overnight,POC_ATOMIC,30351,30351,7587.875,894.0070394136436124771619793,1,494a44b7de577e0b4d89,R03,2019-05-10,2019
0.2,NQH9,prior_rth,POC_ATOMIC,28394,28394,7098.625,1986.234659474282252179018082,1,49a894fdfb793be237c7,R01,2019-03-05,2019
0.2,NQH9,prior_rth,POC_ATOMIC,28394,28394,7098.625,1986.234659474282252179018082,1,49a894fdfb793be237c7,R02,2019-03-05,2019
0.1,NQZ9,opening_hour_rth,POC_ATOMIC,31807,31807,7951.875,1404.89503783944336226369583,1,49cc24eaac7a68c6e1ab,R05,2019-10-24,2019
0.2,NQH9,prior_rth,POC_ATOMIC,13376,13376,6688.25,7249.33031004083635662583031,1,49de048dfb042cb62802,R01,2019-01-18,2019
0.2,NQH9,prior_rth,POC_ATOMIC,13376,13376,6688.25,7249.33031004083635662583031,1,49de048dfb042cb62802,R02,2019-01-18,2019
0.05,NQU9,prior_rth,POC_ATOMIC,31681,31681,7920.375,2106.584467248437836673130791,1,4a15fa024dc696097a42,R01,2019-07-22,2019
0.05,NQU9,prior_rth,POC_ATOMIC,31681,31681,7920.375,2106.584467248437836673130791,1,4a15fa024dc696097a42,R02,2019-07-22,2019
0.05,NQU9,opening_hour_rth,POC_ATOMIC,31149,31149,7787.375,1730.952378917342422431982915,1,4abbecb6c91995f6a6df,R05,2019-06-20,2019
0.2,NQU9,opening_hour_rth,POC_ATOMIC,31778,31778,7944.625,1291.119410971725213211281323,1,4aea509e3eb799ed17af,R05,2019-07-12,2019
0.05,NQH9,midnight,POC_ATOMIC,28541,28541,7135.375,535.3402625152625152625152625,1,4b1bd0427df7c9a47db3,R04,2019-02-25,2019
0.2,NQZ9,prior_rth,POC_ATOMIC,32779,32779,8194.875,4043.831401356708772285913307,1,4b4bd73fd3f675e1e7f1,R01,2019-11-07,2019
0.2,NQZ9,prior_rth,POC_ATOMIC,32779,32779,8194.875,4043.831401356708772285913307,1,4b4bd73fd3f675e1e7f1,R02,2019-11-07,2019
0.2,NQU9,full_overnight,POC_ATOMIC,10672,10672,8004.375,4241.379365079365079365079365,1,4b63c36c303cba504ca5,R03,2019-07-26,2019
0.2,NQZ9,full_overnight,POC_ATOMIC,15754,15754,7877.25,3262.98006993006993006993007,1,4b75c578f71da551079e,R03,2019-10-15,2019
0.1,NQM9,prior_rth,POC_ATOMIC,10195,10195,7646.625,10014.42591694056729727748707,1,4b8d63512ebc254a573d,R01,2019-05-09,2019
0.1,NQM9,prior_rth,POC_ATOMIC,10195,10195,7646.625,10014.42591694056729727748707,1,4b8d63512ebc254a573d,R02,2019-05-09,2019
0.05,NQU9,opening_hour_rth,POC_ATOMIC,31910,31910,7977.625,1272.013916152758863756306212,1,4b9672c8eed796bf7679,R05,2019-07-16,2019
0.2,NQH9,full_overnight,POC_ATOMIC,13371,13371,6685.75,3869.307728382728382728382728,1,4bae4935aa8beec644c9,R03,2019-01-16,2019
0.05,NQH9,midnight,POC_ATOMIC,27947,27947,6986.875,544.6026589831736890560419972,1,4bce709b3424bfc254c8,R04,2019-03-08,2019
0.1,NQU9,full_overnight,POC_ATOMIC,31312,31312,7828.125,1348.461848832568646810132878,1,4bd2aaed8c513c7bc98d,R03,2019-09-11,2019
0.05,NQZ9,opening_hour_rth,POC_ATOMIC,33256,33256,8314.125,1258.245226611062578527762345,1,4bd2ba528b7241dd5dc6,R05,2019-12-05,2019
0.05,NQZ9,opening_hour_rth,POC_ATOMIC,31807,31807,7951.875,1404.89503783944336226369583,1,4bd8249b8f71363a8bb3,R05,2019-10-24,2019
0.05,NQM9,prior_rth,POC_ATOMIC,29860,29860,7465.125,3574.685541779830906552375539,1,4bdd12df9afd80a6b3ba,R01,2019-05-22,2019
0.05,NQM9,prior_rth,POC_ATOMIC,29860,29860,7465.125,3574.685541779830906552375539,1,4bdd12df9afd80a6b3ba,R02,2019-05-22,2019
0.05,NQH9,full_overnight,POC_ATOMIC,27004,27004,6751.125,834.0867599720540897011485247,1,4be9377fbf4a1d8c527b,R03,2019-01-28,2019
0.1,NQZ9,prior_rth,POC_ATOMIC,31501,31501,7875.375,2990.432563791326509758905928,1,4c24a5122a0006a82b50,R01,2019-09-17,2019
0.1,NQZ9,prior_rth,POC_ATOMIC,31501,31501,7875.375,2990.432563791326509758905928,1,4c24a5122a0006a82b50,R02,2019-09-17,2019
0.1,NQH9,opening_hour_rth,POC_ATOMIC,28607,28607,7151.875,1947.130071809020860037147559,1,4c25c3c65bf7ccace2fe,R05,2019-03-01,2019
0.05,NQM9,midnight,POC_ATOMIC,30772,30772,7693.125,745.65,1,4c2ee0fa60797ebbb006,R04,2019-04-17,2019
0.05,NQM9,opening_hour_rth,POC_ATOMIC,31368,31368,7842.125,1840.418130843297083706290867,1,4c44d4ce366a648890d4,R05,2019-05-01,2019
0.05,NQU9,full_overnight,POC_ATOMIC,30714,30714,7678.625,1306.220077994426621196827425,1,4c49d07997cbf325f00d,R03,2019-08-09,2019
0.2,NQM9,midnight,POC_ATOMIC,29016,29016,7254.125,1097.357040232063951229036618,1,4c778b5521cb0e286929,R04,2019-06-06,2019
0.05,NQU9,opening_hour_rth,POC_ATOMIC,31040,31040,7760.125,1410.95546352872486837978896,1,4c8c023704b0669b1f5e,R05,2019-08-22,2019
0.2,NQU9,opening_hour_rth,POC_ATOMIC,15399,15399,7699.75,4062.067196491270195454755527,1,4c8d5656646a130308e4,R05,2019-06-18,2019
0.05,NQH0,full_overnight,POC_ATOMIC,34680,34680,8670.125,1430.705952380952380952380952,1,4d1e514f3cb04c2adf7a,R03,2019-12-20,2019
0.1,NQH9,prior_rth,POC_ATOMIC,13357,13357,6678.75,6550.472523666563914241932818,1,4d24e972c72090945abc,R01,2019-01-29,2019
0.1,NQH9,prior_rth,POC_ATOMIC,13357,13357,6678.75,6550.472523666563914241932818,1,4d24e972c72090945abc,R02,2019-01-29,2019
0.05,NQM9,prior_rth,POC_ATOMIC,29223,29223,7305.875,2786.692536578488590872491801,1,4d279dca821faf8842bd,R01,2019-03-14,2019
0.05,NQM9,prior_rth,POC_ATOMIC,29223,29223,7305.875,2786.692536578488590872491801,1,4d279dca821faf8842bd,R02,2019-03-14,2019
0.2,NQH9,opening_hour_rth,POC_ATOMIC,14234,14234,7117.25,2074.760714285714285714285714,1,4d478cf04e93e10bce88,R05,2019-02-28,2019
0.1,NQM9,prior_rth,POC_ATOMIC,30041,30041,7510.375,3817.707252388134741075917547,1,4d478d1d74489a9f276a,R01,2019-04-03,2019
0.1,NQM9,prior_rth,POC_ATOMIC,30041,30041,7510.375,3817.707252388134741075917547,1,4d478d1d74489a9f276a,R02,2019-04-03,2019
0.05,NQH9,prior_rth,POC_ATOMIC,26402,26402,6600.625,1993.612115087031293788596252,1,4d48be33ffa49773813b,R01,2019-01-11,2019
0.05,NQH9,prior_rth,POC_ATOMIC,26402,26402,6600.625,1993.612115087031293788596252,1,4d48be33ffa49773813b,R02,2019-01-11,2019
0.2,NQM9,full_overnight,POC_ATOMIC,14723,14723,7361.75,2029.996817071817071817071817,1,4d75bec1205068b31645,R03,2019-05-14,2019
0.1,NQZ9,opening_hour_rth,POC_ATOMIC,31510,31510,7877.625,1055.14916324102674238801621,1,4d86b971d643c226175c,R05,2019-10-23,2019
0.05,NQH9,opening_hour_rth,POC_ATOMIC,27748,27748,6937.125,1377.993433535541853372724317,1,4d945c074244226fe76e,R05,2019-02-11,2019
0.1,NQM9,midnight,POC_ATOMIC,28963,28963,7240.875,611.384706959706959706959707,1,4daca5cf363ee92c581a,R04,2019-03-13,2019
0.2,NQZ9,opening_hour_rth,POC_ATOMIC,16540,16540,8270.25,2551.221641215681463359481935,1,4dca03d637f1482e99f7,R05,2019-11-21,2019
0.05,NQH9,midnight,POC_ATOMIC,28248,28248,7062.125,762.140925087983911513323278,1,4dd505690365e54496ca,R04,2019-02-22,2019
0.1,NQH9,opening_hour_rth,POC_ATOMIC,28169,28169,7042.375,1277.678372503944282905332756,1,4ddaaf94fb032d69c1ff,R05,2019-03-07,2019
0.2,NQM9,opening_hour_rth,POC_ATOMIC,6117,6117,7646.875,7688.109942834942834942834943,1,4defdcb1ec9d887ae5e0,R05,2019-05-08,2019
0.2,NQH9,full_overnight,POC_ATOMIC,13313,13313,6656.75,2051.558748980488110922893532,1,4e0710a6e76d195706f7,R03,2019-01-17,2019
0.2,NQZ9,opening_hour_rth,POC_ATOMIC,15663,15663,7831.75,2735.516990883885300454105835,1,4e18af468aede8669c2d,R05,2019-09-23,2019
0.1,NQU9,opening_hour_rth,POC_ATOMIC,31671,31669,7917.375,3012.085771733154579383432034,3,4e3f71d20fe93a563633,R05,2019-08-01,2019
0.05,NQU9,midnight,POC_ATOMIC,30371,30371,7592.875,926.3980521650726254306816967,1,4e54b1016c301b6d6812,R04,2019-08-08,2019
0.1,NQM9,midnight,POC_ATOMIC,29562,29562,7390.625,783.2070197776080129021305492,1,4e7aa9b3ffa5b541b251,R04,2019-03-26,2019
0.05,NQM9,full_overnight,POC_ATOMIC,30179,30179,7544.875,842.8451685741159425369951686,1,4ec3c9b494ecfda72540,R03,2019-06-11,2019
0.1,NQH9,prior_rth,POC_ATOMIC,28528,28528,7132.125,2382.978647421774020239493385,1,4eca7754ef41c5460a5f,R01,2019-02-26,2019
0.1,NQH9,prior_rth,POC_ATOMIC,28528,28528,7132.125,2382.978647421774020239493385,1,4eca7754ef41c5460a5f,R02,2019-02-26,2019
0.2,NQM9,opening_hour_rth,POC_ATOMIC,10260,10260,7695.375,3992.688371862056072582388372,1,4ee1ce25528440b95053,R05,2019-05-07,2019
0.1,NQU9,prior_rth,POC_ATOMIC,31798,31798,7949.625,2734.869038184419028772545252,1,4ef128db4680c21eb6b5,R01,2019-09-13,2019
0.1,NQU9,prior_rth,POC_ATOMIC,31798,31798,7949.625,2734.869038184419028772545252,1,4ef128db4680c21eb6b5,R02,2019-09-13,2019
0.1,NQM9,prior_rth,POC_ATOMIC,14731,14731,7365.75,5756.003501056549991226836793,1,4f0120e6f0a3258872ac,R01,2019-05-14,2019
0.1,NQM9,prior_rth,POC_ATOMIC,14731,14731,7365.75,5756.003501056549991226836793,1,4f0120e6f0a3258872ac,R02,2019-05-14,2019
0.1,NQH9,opening_hour_rth,POC_ATOMIC,27627,27624,6906.125,4548.089910089910089910089912,4,4f16280beef89729af21,R05,2019-02-04,2019
0.2,NQM9,prior_rth,POC_ATOMIC,14602,14602,7301.25,5439.895304695304695304695305,1,4f226bfd4f6192591e5a,R01,2019-03-14,2019
0.2,NQM9,prior_rth,POC_ATOMIC,14602,14602,7301.25,5439.895304695304695304695305,1,4f226bfd4f6192591e5a,R02,2019-03-14,2019
0.1,NQM9,opening_hour_rth,POC_ATOMIC,29267,29267,7316.875,1499.633306694357120069370607,1,4f28322f0d5a957a4122,R05,2019-05-23,2019
0.05,NQH9,prior_rth,POC_ATOMIC,28013,28013,7003.375,3371.4373273569756945716025,1,4f536fcf4008de85660a,R01,2019-02-07,2019
0.05,NQH9,prior_rth,POC_ATOMIC,28013,28013,7003.375,3371.4373273569756945716025,1,4f536fcf4008de85660a,R02,2019-02-07,2019
0.1,NQM9,prior_rth,POC_ATOMIC,30038,30038,7509.625,2135.175823310762048012318313,1,4f56c029ef8e175d8d6e,R01,2019-06-12,2019
0.1,NQM9,prior_rth,POC_ATOMIC,30038,30038,7509.625,2135.175823310762048012318313,1,4f56c029ef8e175d8d6e,R02,2019-06-12,2019
0.05,NQZ9,midnight,POC_ATOMIC,33472,33472,8368.125,1823.516046176046176046176046,1,4f5ef7f81e7264d12ad1,R04,2019-11-19,2019
0.05,NQM9,opening_hour_rth,POC_ATOMIC,30278,30278,7569.625,1388.612160832143213723036722,1,4f7f54d6a6ed02818e3a,R05,2019-06-11,2019
0.2,NQH9,opening_hour_rth,POC_ATOMIC,8301,8301,6226.125,1987.482017982017982017982018,1,4f8ffb97a4dee98ade69,R05,2019-01-03,2019
0.1,NQU9,midnight,POC_ATOMIC,31291,31291,7822.875,1153.341597291597291597291597,1,4f905173b70f67c78ec0,R04,2019-07-08,2019
0.2,NQU9,midnight,POC_ATOMIC,30363,30363,7590.875,758.9951422218991878434602893,1,4fc9462db1943d021584,R04,2019-08-16,2019
0.2,NQZ9,midnight,POC_ATOMIC,33021,33021,8255.375,1070.316910866910866910866911,1,500b5b7c135610556db9,R04,2019-11-12,2019
0.1,NQU9,prior_rth,POC_ATOMIC,30251,30251,7562.875,2300.964767048056521740732267,1,501ef37c13fcb6895dc7,R01,2019-06-18,2019
0.1,NQU9,prior_rth,POC_ATOMIC,30251,30251,7562.875,2300.964767048056521740732267,1,501ef37c13fcb6895dc7,R02,2019-06-18,2019
0.2,NQM9,opening_hour_rth,POC_ATOMIC,30266,30266,7566.625,1696.988755045282407537562792,1,50219ca7c906159bab9b,R05,2019-04-03,2019
0.05,NQZ9,opening_hour_rth,POC_ATOMIC,31936,31936,7984.125,1162.994268210289882116507504,1,5022e85d986607f4c41e,R05,2019-10-17,2019
0.05,NQZ9,prior_rth,POC_ATOMIC,31163,31163,7790.875,2760.838685037711904866185462,1,502cd77ef1189f54008a,R01,2019-09-27,2019
0.05,NQZ9,prior_rth,POC_ATOMIC,31163,31163,7790.875,2760.838685037711904866185462,1,502cd77ef1189f54008a,R02,2019-09-27,2019
0.1,NQZ9,opening_hour_rth,POC_ATOMIC,31424,31422,7855.625,2710.718168248178582569960735,3,50326a5c8d11642c3611,R05,2019-10-14,2019
0.1,NQM9,opening_hour_rth,POC_ATOMIC,29443,29443,7360.875,1253.688318049143936509851076,1,5037890a05d77e83dd3a,R05,2019-05-28,2019
0.2,NQU9,midnight,POC_ATOMIC,31079,31079,7769.875,520.7380661005661005661005661,1,504072d6891308234181,R04,2019-07-02,2019
0.05,NQH9,full_overnight,POC_ATOMIC,28276,28276,7069.125,1442.555172605172605172605173,1,5063493beca6f98665c4,R03,2019-02-20,2019
0.05,NQU9,midnight,POC_ATOMIC,31079,31079,7769.875,520.7380661005661005661005661,1,50bf35ad69200c9cb972,R04,2019-07-02,2019
0.05,NQZ9,opening_hour_rth,POC_ATOMIC,33012,33012,8253.125,1896.24915329768270944741533,1,50d9ebf1960ffb2ec6de,R05,2019-11-07,2019
0.1,NQM9,midnight,POC_ATOMIC,29198,29198,7299.625,1033.42774650123262402488643,1,50db157166c156bac75b,R04,2019-03-15,2019
0.2,NQM9,opening_hour_rth,POC_ATOMIC,14538,14538,7269.25,3016.765972915972915972915973,1,50e33e0fb3a79afb9d7a,R05,2019-03-13,2019
0.1,NQU9,prior_rth,POC_ATOMIC,15018,15018,7509.25,6452.902929403620613743106676,1,510ab98f82b44ae07a84,R01,2019-08-15,2019
0.1,NQU9,prior_rth,POC_ATOMIC,15018,15018,7509.25,6452.902929403620613743106676,1,510ab98f82b44ae07a84,R02,2019-08-15,2019
0.05,NQZ9,prior_rth,POC_ATOMIC,33172,33172,8293.125,3192.991460173942566397592255,1,51286bc273cd6c3e44ff,R01,2019-12-06,2019
0.05,NQZ9,prior_rth,POC_ATOMIC,33172,33172,8293.125,3192.991460173942566397592255,1,51286bc273cd6c3e44ff,R02,2019-12-06,2019
0.2,NQZ9,opening_hour_rth,POC_ATOMIC,15895,15895,7947.75,2587.581411643911643911643912,1,512ef4fdef0e94d48c02,R05,2019-10-18,2019
0.2,NQH9,midnight,POC_ATOMIC,28399,28399,7099.875,992.8759754134754134754134754,1,515e2e41e7a054f85c5d,R04,2019-02-28,2019
0.2,NQU9,full_overnight,POC_ATOMIC,15497,15497,7748.75,1914.093217893217893217893218,1,516c76b05ee9fd814959,R03,2019-08-23,2019
0.2,NQZ9,prior_rth,POC_ATOMIC,16801,16801,8400.75,6029.138095238095238095238095,1,518a582296e28df87eea,R01,2019-12-09,2019
0.2,NQZ9,prior_rth,POC_ATOMIC,16801,16801,8400.75,6029.138095238095238095238095,1,518a582296e28df87eea,R02,2019-12-09,2019
0.2,NQH0,prior_rth,POC_ATOMIC,35214,35214,8803.625,2989.361759309375408446615877,1,518f614cccc72e8b05d7,R01,2019-12-30,2019
0.2,NQH0,prior_rth,POC_ATOMIC,35214,35214,8803.625,2989.361759309375408446615877,1,518f614cccc72e8b05d7,R02,2019-12-30,2019
0.2,NQM9,full_overnight,POC_ATOMIC,15089,15089,7544.75,1562.728571428571428571428571,1,519d6c7e3ad14fdb054c,R03,2019-06-11,2019
0.1,NQH9,midnight,POC_ATOMIC,26180,26180,6545.125,613.459369783982787078762311,1,51b1e3547d407842726f,R04,2019-01-08,2019
0.1,NQH9,full_overnight,POC_ATOMIC,26286,26286,6571.625,1364.029473630944219179513297,1,51c5b950ce68ef9305d4,R03,2019-01-15,2019
0.1,NQU9,full_overnight,POC_ATOMIC,14940,14940,7470.25,2353.056651325111077433058857,1,51ce1252427f479d637c,R03,2019-08-06,2019
0.1,NQZ9,prior_rth,POC_ATOMIC,33007,33007,8251.875,3101.386726765228884138469593,1,51e62477555d6576cf13,R01,2019-11-15,2019
0.1,NQZ9,prior_rth,POC_ATOMIC,33007,33007,8251.875,3101.386726765228884138469593,1,51e62477555d6576cf13,R02,2019-11-15,2019
0.05,NQH9,midnight,POC_ATOMIC,27545,27545,6886.375,1226.322502497502497502497502,1,51eb13da078989d4a355,R04,2019-02-01,2019
0.05,NQU9,full_overnight,POC_ATOMIC,30493,30493,7623.375,828.102460320263423605390892,1,51eca6ccbf8da842bb8a,R03,2019-08-14,2019
0.1,NQH9,full_overnight,POC_ATOMIC,26742,26742,6685.625,1990.661980162939915261896686,1,51ee0c221e5de9e0a08c,R03,2019-01-16,2019
0.2,NQU9,prior_rth,POC_ATOMIC,10603,10603,7952.625,8400.44126984126984126984127,1,51fb0c78fa5945ba8e79,R01,2019-07-26,2019
0.2,NQU9,prior_rth,POC_ATOMIC,10603,10603,7952.625,8400.44126984126984126984127,1,51fb0c78fa5945ba8e79,R02,2019-07-26,2019
0.1,NQU9,opening_hour_rth,POC_ATOMIC,30906,30906,7726.625,1163.930521410465259858564091,1,520a30e17c51dab236d6,R05,2019-06-25,2019
0.05,NQU9,prior_rth,POC_ATOMIC,31648,31648,7912.125,2771.12979556863188576743564,1,52148a6b36e7a3aaffa3,R01,2019-07-12,2019
0.05,NQU9,prior_rth,POC_ATOMIC,31648,31648,7912.125,2771.12979556863188576743564,1,52148a6b36e7a3aaffa3,R02,2019-07-12,2019
0.05,NQU9,midnight,POC_ATOMIC,31836,31836,7959.125,771.3808982683982683982683983,1,5216303611269150dbb9,R04,2019-07-23,2019
0.2,NQZ9,opening_hour_rth,POC_ATOMIC,33657,33657,8414.375,1230.303978482954455494501261,1,521aca160a3b12ab44e4,R05,2019-11-27,2019
0.05,NQM9,opening_hour_rth,POC_ATOMIC,30501,30501,7625.375,1619.349161184532701560565338,1,5292f2ff5d3d0400edd9,R05,2019-04-11,2019
0.05,NQU9,prior_rth,POC_ATOMIC,32107,32107,8026.875,3215.004107599823908006486024,1,52c58695a1cc3da26fa4,R01,2019-07-29,2019
0.05,NQU9,prior_rth,POC_ATOMIC,32107,32107,8026.875,3215.004107599823908006486024,1,52c58695a1cc3da26fa4,R02,2019-07-29,2019
0.1,NQU9,full_overnight,POC_ATOMIC,30550,30550,7637.625,1179.987308045747943446153165,1,52e1d6d49abc742fadd8,R03,2019-06-26,2019
0.2,NQM9,midnight,POC_ATOMIC,28940,28940,7235.125,899.6744254237615529106006777,1,530079098fdc67b58d12,R04,2019-06-05,2019
0.2,NQM9,midnight,POC_ATOMIC,30719,30719,7679.875,1653.970384586174059858270385,1,5305cebcbeb99c312c29,R04,2019-04-16,2019
0.1,NQZ9,midnight,POC_ATOMIC,31438,31438,7859.625,835.2390334610300285357493595,1,530d6f10cbbc63600303,R04,2019-09-16,2019
0.05,NQH0,prior_rth,POC_ATOMIC,35214,35214,8803.625,2989.361759309375408446615877,1,5314c14d65ed976e90ac,R01,2019-12-30,2019
0.05,NQH0,prior_rth,POC_ATOMIC,35214,35214,8803.625,2989.361759309375408446615877,1,5314c14d65ed976e90ac,R02,2019-12-30,2019
0.1,NQZ9,full_overnight,POC_ATOMIC,30569,30569,7642.375,1022.537307922644476503769767,1,53471a180b62eef7291f,R03,2019-10-02,2019
0.1,NQH9,midnight,POC_ATOMIC,28173,28173,7043.375,1074.063766658178422884305237,1,5371dcb98360eaa7a66a,R04,2019-02-19,2019
0.2,NQU9,prior_rth,POC_ATOMIC,15470,15470,7735.25,7396.348182781271016565134212,1,537793bd9ababa960ccc,R01,2019-08-20,2019
0.2,NQU9,prior_rth,POC_ATOMIC,15470,15470,7735.25,7396.348182781271016565134212,1,537793bd9ababa960ccc,R02,2019-08-20,2019
0.2,NQU9,midnight,POC_ATOMIC,31792,31792,7948.125,1215.236613338352468787251396,1,5388378b102b609f884d,R04,2019-07-11,2019
0.1,NQU9,midnight,POC_ATOMIC,14940,14940,7470.25,2353.056651325111077433058857,1,538d473bb8cae9cfc3b2,R04,2019-08-06,2019
0.1,NQH9,full_overnight,POC_ATOMIC,28763,28763,7190.875,1475.082904677022324081147611,1,53b4831fe3c5cf2b403f,R03,2019-03-04,2019
0.2,NQH9,midnight,POC_ATOMIC,27404,27404,6851.125,933.2561760478943141481841172,1,54045dfc037d1dd82399,R04,2019-02-08,2019
0.2,NQM9,opening_hour_rth,POC_ATOMIC,9800,9800,7350.375,2872.049747474747474747474747,1,541409b61ffc1dc92e84,R05,2019-03-28,2019
0.1,NQM9,full_overnight,POC_ATOMIC,29759,29759,7439.875,1434.986090481249654758875381,1,543ea2540313a790d538,R03,2019-05-21,2019
0.05,NQH0,opening_hour_rth,POC_ATOMIC,34862,34862,8715.625,1244.584726033136351222090136,1,544291621588c41c73f4,R05,2019-12-30,2019
0.05,NQZ9,midnight,POC_ATOMIC,33189,33189,8297.375,3317.668295110686415034241121,1,54855963dcfc0a142d60,R04,2019-11-15,2019
0.05,NQZ9,midnight,POC_ATOMIC,32984,32984,8246.125,682.2146964146964146964146964,1,548718f713856098eeca,R04,2019-11-13,2019
0.1,NQZ9,full_overnight,POC_ATOMIC,31611,31611,7902.875,1238.369170698582463288345641,1,549dc2c7a09a3e5117a9,R03,2019-09-18,2019
0.1,NQZ9,midnight,POC_ATOMIC,32220,32220,8055.125,849.5517704517704517704517705,1,54b837f3286aa9639207,R04,2019-10-30,2019
0.2,NQH9,midnight,POC_ATOMIC,27006,27006,6751.625,941.0617635632341514694455871,1,54c6609027dd57545198,R04,2019-01-18,2019
0.1,NQZ9,full_overnight,POC_ATOMIC,33078,33078,8269.625,1300.407383677046640583744757,1,54d6cf7623ddbc3df81a,R03,2019-11-21,2019
0.1,NQZ9,midnight,POC_ATOMIC,30835,30835,7708.875,1168.687218538629828952409598,1,5501378b38c72d76c59e,R04,2019-09-25,2019
0.05,NQH9,midnight,POC_ATOMIC,26713,26713,6678.375,704.4073620823620823620823621,1,553c8c866a19866dce07,R04,2019-01-23,2019
0.1,NQM9,midnight,POC_ATOMIC,28937,28937,7234.375,2046.108839479171959990374313,1,5586f9665f2374bb0de3,R04,2019-05-29,2019
0.05,NQM9,opening_hour_rth,POC_ATOMIC,29757,29756,7439.125,2603.158606080333769120954476,2,55a0ad653c328b37c83f,R05,2019-05-22,2019
0.1,NQM9,opening_hour_rth,POC_ATOMIC,30796,30796,7699.125,898.4610416054533701592525122,1,55ad41772449d894cbd7,R05,2019-04-22,2019
0.05,NQH9,midnight,POC_ATOMIC,26379,26379,6594.875,601.1021503865931110513153857,1,55d747c281109eec6880,R04,2019-01-11,2019
0.1,NQH9,midnight,POC_ATOMIC,28248,28248,7062.125,762.140925087983911513323278,1,55e8d3901cb142c512c7,R04,2019-02-22,2019
0.1,NQU9,opening_hour_rth,POC_ATOMIC,15095,15094,7547.25,3620.600845547818032788580328,2,560c3262ff6f0f9a0339,R05,2019-08-26,2019
0.2,NQU9,midnight,POC_ATOMIC,30752,30752,7688.125,762.0751178343737327403389109,1,565ae2f50f0ca37df4ce,R04,2019-06-27,2019
0.1,NQM9,midnight,POC_ATOMIC,31225,31225,7806.375,1225.49801032301032301032301,1,5673717725b06543850c,R04,2019-04-26,2019
0.2,NQU9,full_overnight,POC_ATOMIC,15357,15357,7678.75,2533.218602231102231102231102,1,5682f098223306996315,R03,2019-08-09,2019
0.2,NQU9,opening_hour_rth,POC_ATOMIC,16045,16045,8022.75,2964.774360035389447154153037,1,56934d45a1c91bb10616,R05,2019-07-26,2019
0.1,NQM9,full_overnight,POC_ATOMIC,30697,30697,7674.375,890.8979622229622229622229622,1,56b8a96b2455d66c4c89,R03,2019-04-18,2019
0.2,NQZ9,opening_hour_rth,POC_ATOMIC,15846,15846,7923.25,2769.514707997316692968866882,1,56c5de6d95548638a6fe,R05,2019-10-16,2019
0.05,NQM9,prior_rth,POC_ATOMIC,28942,28942,7235.625,2489.720944277147962357190361,1,56d0a3f3f777ec14b49c,R01,2019-06-07,2019
0.05,NQM9,prior_rth,POC_ATOMIC,28942,28942,7235.625,2489.720944277147962357190361,1,56d0a3f3f777ec14b49c,R02,2019-06-07,2019
0.2,NQZ9,midnight,POC_ATOMIC,31364,31364,7841.125,859.2277014041977135687020154,1,56d129fcf18f8b4de701,R04,2019-10-14,2019
0.2,NQZ9,full_overnight,POC_ATOMIC,16507,16507,8253.75,2338.995268620268620268620269,1,56dd388a882772860bdf,R03,2019-11-14,2019
0.05,NQM9,opening_hour_rth,POC_ATOMIC,30580,30580,7645.125,3107.350934190732615823475966,1,56f6be270d448066305d,R05,2019-04-12,2019
0.05,NQZ9,midnight,POC_ATOMIC,31508,31508,7877.125,1158.487193362193362193362193,1,5705f8dceba673e45270,R04,2019-09-24,2019
0.2,NQM9,opening_hour_rth,POC_ATOMIC,9602,9602,7201.875,2834.117963980463980463980464,1,570ed573a52b5fdaeb9a,R05,2019-06-05,2019
0.05,NQU9,full_overnight,POC_ATOMIC,32018,32018,8004.625,1583.384538135583027223894097,1,57120a2e504935f3eb27,R03,2019-07-26,2019
0.2,NQM9,midnight,POC_ATOMIC,30600,30600,7650.125,1181.550506334910359678161536,1,573093e0333f6cd55589,R04,2019-04-12,2019
0.1,NQU9,full_overnight,POC_ATOMIC,30452,30452,7613.125,944.0123453382279463877549179,1,574d645fd3479ec829a3,R03,2019-08-12,2019
0.1,NQM9,opening_hour_rth,POC_ATOMIC,28521,28521,7130.375,972.3440536920042910081946291,1,5777e0a246420302a3ce,R05,2019-03-11,2019
0.2,NQM9,opening_hour_rth,POC_ATOMIC,14756,14756,7378.25,2418.183649274701906280853649,1,578f7a5687699181b7a5,R05,2019-03-27,2019
0.05,NQU9,midnight,POC_ATOMIC,29881,29881,7470.375,1222.284865208096590695014843,1,579998ad962e74054273,R04,2019-08-06,2019
0.05,NQM9,opening_hour_rth,POC_ATOMIC,29631,29631,7407.875,922.6437912967378275491427025,1,57afc113ebef5937d795,R05,2019-05-15,2019
0.05,NQU9,midnight,POC_ATOMIC,30493,30493,7623.375,828.102460320263423605390892,1,57bf3efc99c7158f79c7,R04,2019-08-14,2019
0.2,NQM9,full_overnight,POC_ATOMIC,14145,14145,7072.75,1348.76105006105006105006105,1,57cbe1850483355e43a7,R03,2019-03-11,2019
0.05,NQM9,full_overnight,POC_ATOMIC,30351,30351,7587.875,894.0070394136436124771619793,1,57ea5114c802b2c5b9f7,R03,2019-05-10,2019
0.05,NQM9,midnight,POC_ATOMIC,29651,29651,7412.875,725.7947691197691197691197691,1,57f4e1375ca8472809b2,R04,2019-03-21,2019
0.2,NQM9,prior_rth,POC_ATOMIC,15019,15019,7509.75,4187.004386570601740880378651,1,57f8182b7d7cd041a638,R01,2019-06-12,2019
0.2,NQM9,prior_rth,POC_ATOMIC,15019,15019,7509.75,4187.004386570601740880378651,1,57f8182b7d7cd041a638,R02,2019-06-12,2019
0.1,NQM9,full_overnight,POC_ATOMIC,28348,28348,7087.125,1507.624359404270626503313216,1,57fa93b27bd941e5a253,R03,2019-06-03,2019
0.2,NQZ9,opening_hour_rth,POC_ATOMIC,16617,16617,8308.75,3267.836751041356304514199251,1,5817fde6c7374b176574,R05,2019-12-04,2019
0.05,NQH0,full_overnight,POC_ATOMIC,34478,34478,8619.625,1599.685106560106560106560107,1,583f0c80eaabb87d5107,R03,2019-12-19,2019
0.2,NQZ9,prior_rth,POC_ATOMIC,33386,33386,8346.625,4063.510964709102084523957544,1,5847ce6977975a6da4bf,R01,2019-11-20,2019
0.2,NQZ9,prior_rth,POC_ATOMIC,33386,33386,8346.625,4063.510964709102084523957544,1,5847ce6977975a6da4bf,R02,2019-11-20,2019
0.1,NQM9,midnight,POC_ATOMIC,31345,31345,7836.375,1063.031421356421356421356421,1,58480db2ab3bd8a2387c,R04,2019-04-24,2019
0.2,NQU9,opening_hour_rth,POC_ATOMIC,15884,15884,7942.25,1616.713209769006990506055661,1,5852d8f099bb09818fe6,R05,2019-09-12,2019
0.1,NQU9,prior_rth,POC_ATOMIC,31751,31751,7937.875,3403.252554557042386656991119,1,5865c4da61b3bc4297a2,R01,2019-07-18,2019
0.1,NQU9,prior_rth,POC_ATOMIC,31751,31751,7937.875,3403.252554557042386656991119,1,5865c4da61b3bc4297a2,R02,2019-07-18,2019
0.05,NQU9,full_overnight,POC_ATOMIC,31491,31491,7872.875,1118.504045904022184857099468,1,58688cc78d9323ef01f4,R03,2019-07-18,2019
0.2,NQU9,midnight,POC_ATOMIC,30996,30996,7749.125,753.1164318524612642259701083,1,587c4fbb4a9785453274,R04,2019-08-23,2019
0.2,NQH9,full_overnight,POC_ATOMIC,13388,13388,6694.25,1762.865830100132425713821063,1,58b72669dbbcd4434b4c,R03,2019-01-24,2019
0.2,NQZ9,midnight,POC_ATOMIC,31877,31877,7969.375,824.8629148629148629148629149,1,58be3e2120b8ae7d09bc,R04,2019-10-22,2019
0.2,NQU9,full_overnight,POC_ATOMIC,31763,31763,7940.875,866.8342681501505030916795623,1,58d1b93b1cf753c5e5e0,R03,2019-07-30,2019
0.2,NQZ9,opening_hour_rth,POC_ATOMIC,31570,31570,7892.625,1506.484303787564076924040905,1,58dfe17814d63e218b11,R05,2019-09-18,2019
0.2,NQZ9,opening_hour_rth,POC_ATOMIC,15712,15712,7856.25,1818.091870994502573449941871,1,58f60c286215ac37f5ea,R05,2019-10-14,2019
0.05,NQZ9,midnight,POC_ATOMIC,31877,31877,7969.375,824.8629148629148629148629149,1,5908b807f45dd7a8446c,R04,2019-10-22,2019
0.05,NQU9,opening_hour_rth,POC_ATOMIC,31691,31691,7922.875,1131.73679749827246031537787,1,5922e13d4a2c1eca65f6,R05,2019-07-10,2019
0.1,NQZ9,prior_rth,POC_ATOMIC,30528,30528,7632.125,1815.353594556812042767184057,1,594068e21a45c92e3947,R01,2019-10-04,2019
0.1,NQZ9,prior_rth,POC_ATOMIC,30528,30528,7632.125,1815.353594556812042767184057,1,594068e21a45c92e3947,R02,2019-10-04,2019
0.2,NQH9,full_overnight,POC_ATOMIC,14085,14085,7042.75,2079.787878787878787878787879,1,594559e9433955ca2c5e,R03,2019-02-14,2019
0.05,NQH9,opening_hour_rth,POC_ATOMIC,28829,28829,7207.375,1411.897183317438666519344397,1,59663df901f220c0f76b,R05,2019-03-04,2019
0.2,NQH9,prior_rth,POC_ATOMIC,8272,8272,6204.375,5467.111484568063515431936485,1,5979910f3ba789e27aa5,R01,2019-01-04,2019
0.2,NQH9,prior_rth,POC_ATOMIC,8272,8272,6204.375,5467.111484568063515431936485,1,5979910f3ba789e27aa5,R02,2019-01-04,2019
0.1,NQM9,full_overnight,POC_ATOMIC,29602,29602,7400.625,688.5022652112360491467652159,1,598aaeba494006ef1705,R03,2019-05-20,2019
0.1,NQH9,full_overnight,POC_ATOMIC,27813,27813,6953.375,1163.192099464003488771290629,1,598cdcdb21914cf863f5,R03,2019-02-07,2019
0.05,NQZ9,opening_hour_rth,POC_ATOMIC,30938,30938,7734.625,1102.393681064365207587713982,1,59d55e469899a55f3df0,R05,2019-09-30,2019
0.2,NQZ9,opening_hour_rth,POC_ATOMIC,10927,10927,8195.625,5013.906135754697135771304569,1,59fd929a75a670eb71df,R05,2019-12-03,2019
0.05,NQU9,prior_rth,POC_ATOMIC,31187,31187,7796.875,3172.327338518906548213646155,1,5a4fca6154eab318f37f,R01,2019-07-09,2019
0.05,NQU9,prior_rth,POC_ATOMIC,31187,31187,7796.875,3172.327338518906548213646155,1,5a4fca6154eab318f37f,R02,2019-07-09,2019
0.2,NQZ9,midnight,POC_ATOMIC,33182,33182,8295.625,1632.924710903753456944946307,1,5a54c273ae77a60d54a6,R04,2019-11-22,2019
0.05,NQM9,opening_hour_rth,POC_ATOMIC,30362,30362,7590.625,1512.524231154859268159986176,1,5a739511e36c78bc6c2a,R05,2019-04-05,2019
0.2,NQU9,prior_rth,POC_ATOMIC,31914,31914,7978.625,2267.770664916924507717346592,1,5a90f0ab2ac1484aa1bb,R01,2019-07-17,2019
0.2,NQU9,prior_rth,POC_ATOMIC,31914,31914,7978.625,2267.770664916924507717346592,1,5a90f0ab2ac1484aa1bb,R02,2019-07-17,2019
0.1,NQZ9,full_overnight,POC_ATOMIC,31437,31437,7859.375,961.4564584842550735765119285,1,5aa43740c4226acee91b,R03,2019-09-16,2019
0.1,NQH9,midnight,POC_ATOMIC,24956,24956,6239.125,843.6483507608419528207591515,1,5ac1e791435eae7cd5f9,R04,2019-01-04,2019
0.1,NQM9,prior_rth,POC_ATOMIC,15142,15142,7571.25,6687.270819643033265324286996,1,5ac857a6951e50ec5d3e,R01,2019-05-20,2019
0.1,NQM9,prior_rth,POC_ATOMIC,15142,15142,7571.25,6687.270819643033265324286996,1,5ac857a6951e50ec5d3e,R02,2019-05-20,2019
0.05,NQU9,prior_rth,POC_ATOMIC,30714,30714,7678.625,2912.01671003034002873342167,1,5acf83460c817c996c64,R01,2019-09-03,2019
0.05,NQU9,prior_rth,POC_ATOMIC,30714,30714,7678.625,2912.01671003034002873342167,1,5acf83460c817c996c64,R02,2019-09-03,2019
0.05,NQZ9,full_overnight,POC_ATOMIC,32219,32219,8054.875,1219.425197025197025197025197,1,5ad27631ad7b5c7c4846,R03,2019-10-30,2019
0.05,NQM9,opening_hour_rth,POC_ATOMIC,29532,29532,7383.125,1207.917352183496971159527723,1,5adeb2d619d8357c0ecc,R05,2019-05-14,2019
0.05,NQZ9,opening_hour_rth,POC_ATOMIC,31851,31851,7962.875,1152.941111048967086118788905,1,5ae345715ba798b10589,R05,2019-10-22,2019
0.05,NQM9,midnight,POC_ATOMIC,31225,31225,7806.375,1225.49801032301032301032301,1,5afb520f6ce97372a710,R04,2019-04-26,2019
0.2,NQU9,prior_rth,POC_ATOMIC,10121,10121,7591.125,6668.368253968253968253968254,1,5aff66849ca861a6e654,R01,2019-08-29,2019
0.2,NQU9,prior_rth,POC_ATOMIC,10121,10121,7591.125,6668.368253968253968253968254,1,5aff66849ca861a6e654,R02,2019-08-29,2019
0.1,NQU9,midnight,POC_ATOMIC,32018,32018,8004.625,1435.496442897487789128656002,1,5aff8cd54d66ab35f32e,R04,2019-07-26,2019
0.05,NQH9,midnight,POC_ATOMIC,28096,28096,7024.125,881.9759407259407259407259407,1,5b073bde734be7d2ca53,R04,2019-02-15,2019
0.2,NQU9,opening_hour_rth,POC_ATOMIC,10464,10464,7848.375,3233.513585434173669467787115,1,5b3a12d393efe7f5b8b2,R05,2019-09-06,2019
0.2,NQH9,prior_rth,POC_ATOMIC,14241,14241,7120.75,4152.047619047619047619047619,1,5b665be4ec74e9086a0b,R01,2019-02-28,2019
0.2,NQH9,prior_rth,POC_ATOMIC,14241,14241,7120.75,4152.047619047619047619047619,1,5b665be4ec74e9086a0b,R02,2019-02-28,2019
0.2,NQH9,prior_rth,POC_ATOMIC,14249,14249,7124.75,5766.316919191919191919191919,1,5b8e89a7b72ab98f5d2b,R01,2019-02-27,2019
0.2,NQH9,prior_rth,POC_ATOMIC,14249,14249,7124.75,5766.316919191919191919191919,1,5b8e89a7b72ab98f5d2b,R02,2019-02-27,2019
0.2,NQZ9,prior_rth,POC_ATOMIC,15505,15505,7752.75,4261.410545255211428316826082,1,5bbbcc07bc6955239869,R01,2019-10-08,2019
0.2,NQZ9,prior_rth,POC_ATOMIC,15505,15505,7752.75,4261.410545255211428316826082,1,5bbbcc07bc6955239869,R02,2019-10-08,2019
0.2,NQU9,opening_hour_rth,POC_ATOMIC,15808,15808,7904.25,1314.056366895917979509310779,1,5bd6bed094bb18585d2d,R05,2019-09-13,2019
0.2,NQU9,opening_hour_rth,POC_ATOMIC,30906,30906,7726.625,1163.930521410465259858564091,1,5bfd25e3f57e1500eb2b,R05,2019-06-25,2019
0.05,NQZ9,opening_hour_rth,POC_ATOMIC,31791,31791,7947.875,1299.920821504360903142487083,1,5c069f06d3091dbb9fe6,R05,2019-10-18,2019
0.1,NQM9,opening_hour_rth,POC_ATOMIC,29286,29286,7321.625,1351.564295353769037979564295,1,5c12e2bbe4abda90d2d4,R05,2019-03-15,2019
0.1,NQZ9,opening_hour_rth,POC_ATOMIC,33532,33532,8383.125,1593.408038418110237535682132,1,5c42b059066bf00d49ad,R05,2019-11-26,2019
0.1,NQU9,prior_rth,POC_ATOMIC,31431,31431,7857.875,2765.712683750185464489591136,1,5c4523894d3cc070b937,R01,2019-09-06,2019
0.1,NQU9,prior_rth,POC_ATOMIC,31431,31431,7857.875,2765.712683750185464489591136,1,5c4523894d3cc070b937,R02,2019-09-06,2019
0.1,NQM9,opening_hour_rth,POC_ATOMIC,30421,30421,7605.375,2080.591054452431639225239329,1,5c63ffc917f1a5fbdfb0,R05,2019-04-10,2019
0.1,NQU9,midnight,POC_ATOMIC,30716,30716,7679.125,1321.389291345908992967816497,1,5c70cdecc6191cfdaa54,R04,2019-06-19,2019
0.05,NQZ9,opening_hour_rth,POC_ATOMIC,32852,32852,8213.125,1320.938307622098488492723932,1,5c87e41a7ae71c5e1edb,R05,2019-11-08,2019
0.05,NQZ9,full_overnight,POC_ATOMIC,33182,33182,8295.625,2217.776012453081322062285108,1,5c8aa37e092c2b749311,R03,2019-11-22,2019
0.1,NQM9,prior_rth,POC_ATOMIC,29117,29117,7279.375,4324.096144273540338539734587,1,5c9f5d3aafa95032bb15,R01,2019-03-15,2019
0.1,NQM9,prior_rth,POC_ATOMIC,29117,29117,7279.375,4324.096144273540338539734587,1,5c9f5d3aafa95032bb15,R02,2019-03-15,2019
0.2,NQH9,prior_rth,POC_ATOMIC,8456,8456,6342.375,4438.81946696421390189057439,1,5cab0ad364474f70f053,R01,2019-01-03,2019
0.2,NQH9,prior_rth,POC_ATOMIC,8456,8456,6342.375,4438.81946696421390189057439,1,5cab0ad364474f70f053,R02,2019-01-03,2019
0.1,NQM9,prior_rth,POC_ATOMIC,30423,30423,7605.875,3040.985703561268391082586152,1,5cb954f8e229cce2bdda,R01,2019-04-11,2019
0.1,NQM9,prior_rth,POC_ATOMIC,30423,30423,7605.875,3040.985703561268391082586152,1,5cb954f8e229cce2bdda,R02,2019-04-11,2019
0.2,NQH9,full_overnight,POC_ATOMIC,28173,28173,7043.375,1074.063766658178422884305237,1,5cf0273848f5f086379a,R03,2019-02-19,2019
0.1,NQU9,full_overnight,POC_ATOMIC,30417,30417,7604.375,728.6781609405823141264165029,1,5cf16448e35b45106763,R03,2019-08-05,2019
0.1,NQZ9,opening_hour_rth,POC_ATOMIC,30451,30451,7612.875,1290.329803578365592727623227,1,5d24339e4b9288fbadbd,R05,2019-10-02,2019
0.2,NQZ9,full_overnight,POC_ATOMIC,15456,15456,7728.25,2435.350144300144300144300144,1,5d36f5b3d079a1bb2e27,R03,2019-10-07,2019
0.05,NQH9,full_overnight,POC_ATOMIC,26187,26187,6546.875,1301.042184759684759684759685,1,5d525ed6e2d68d17d7c1,R03,2019-01-14,2019
0.05,NQH9,opening_hour_rth,POC_ATOMIC,26897,26897,6724.375,1166.527380653707380050091048,1,5d59c3123b4b8640eb13,R05,2019-01-22,2019
0.2,NQZ9,opening_hour_rth,POC_ATOMIC,32372,32372,8093.125,1761.211174796047220516100627,1,5dae66684ae77ace342d,R05,2019-10-28,2019
0.05,NQZ9,opening_hour_rth,POC_ATOMIC,31546,31546,7886.625,904.7312589326326685151517218,1,5dc0eda4e430e706e83d,R05,2019-09-16,2019
0.2,NQZ9,prior_rth,POC_ATOMIC,15763,15763,7881.75,5869.091068638797205824550778,1,5dd6120a06201c6d23ba,R01,2019-10-14,2019
0.2,NQZ9,prior_rth,POC_ATOMIC,15763,15763,7881.75,5869.091068638797205824550778,1,5dd6120a06201c6d23ba,R02,2019-10-14,2019
0.05,NQU9,opening_hour_rth,POC_ATOMIC,31303,31303,7825.875,1309.120847059343200606058283,1,5df8939b8316c32da0f6,R05,2019-07-01,2019
0.1,NQM9,prior_rth,POC_ATOMIC,29019,29019,7254.875,2609.20960623645709121547054,1,5e0203245d0b9aeb271d,R01,2019-05-31,2019
0.1,NQM9,prior_rth,POC_ATOMIC,29019,29019,7254.875,2609.20960623645709121547054,1,5e0203245d0b9aeb271d,R02,2019-05-31,2019
0.05,NQZ9,opening_hour_rth,POC_ATOMIC,30793,30793,7698.375,1225.227547126851228192674137,1,5e07f096eeb4d45fe65a,R05,2019-09-25,2019
0.1,NQM9,midnight,POC_ATOMIC,31072,31072,7768.125,1233.669116966911084558143382,1,5e12615eb629051d0556,R04,2019-05-02,2019
0.05,NQZ9,prior_rth,POC_ATOMIC,33563,33563,8390.875,1857.439575702075702075702076,1,5e8df72605a4f96aa80f,R01,2019-12-10,2019
0.05,NQZ9,prior_rth,POC_ATOMIC,33563,33563,8390.875,1857.439575702075702075702076,1,5e8df72605a4f96aa80f,R02,2019-12-10,2019
0.2,NQH9,midnight,POC_ATOMIC,28277,28277,7069.375,1148.777972027972027972027972,1,5eab72a7b4e6cb4e6f4b,R04,2019-02-20,2019
0.1,NQZ9,opening_hour_rth,POC_ATOMIC,33374,33374,8343.625,1125.46437459599224305106658,1,5ebe70c64f42380584df,R05,2019-11-25,2019
0.2,NQZ9,opening_hour_rth,POC_ATOMIC,15968,15968,7984.25,2375.059730302377361200890613,1,5ec6ee449dbd857cbc78,R05,2019-10-17,2019
0.05,NQM9,full_overnight,POC_ATOMIC,29651,29651,7412.875,1045.817520027238014918498057,1,5ed56c0d0582f0c1b670,R03,2019-05-13,2019
0.1,NQM9,prior_rth,POC_ATOMIC,28732,28732,7183.125,2046.197898227503490661385398,1,5ee3e23bf838d15afea9,R01,2019-03-12,2019
0.1,NQM9,prior_rth,POC_ATOMIC,28732,28732,7183.125,2046.197898227503490661385398,1,5ee3e23bf838d15afea9,R02,2019-03-12,2019
0.1,NQU9,midnight,POC_ATOMIC,30363,30363,7590.875,758.9951422218991878434602893,1,5ee6611ff411b90824de,R04,2019-08-16,2019
0.1,NQU9,midnight,POC_ATOMIC,31776,31776,7944.125,802.9326334630281998703051335,1,5ee6b5108e373ca858cb,R04,2019-07-24,2019
0.1,NQU9,prior_rth,POC_ATOMIC,10220,10220,7665.375,8429.039647035970565382330088,1,5efc6cbb25f4e5bbdd1d,R01,2019-08-05,2019
0.1,NQU9,prior_rth,POC_ATOMIC,10220,10220,7665.375,8429.039647035970565382330088,1,5efc6cbb25f4e5bbdd1d,R02,2019-08-05,2019
0.1,NQM9,midnight,POC_ATOMIC,28386,28386,7096.625,853.9636336224064418790585119,1,5f38458cac325cea9264,R04,2019-06-03,2019
0.05,NQM9,opening_hour_rth,POC_ATOMIC,31181,31181,7795.375,2097.525621191134367028959872,1,5f866d631745b212e9e4,R05,2019-04-30,2019
0.1,NQU9,midnight,POC_ATOMIC,30255,30255,7563.875,556.5758479409774665642918181,1,5fb409a1d2fd68617ae6,R04,2019-08-27,2019
0.1,NQZ9,full_overnight,POC_ATOMIC,33663,33663,8415.875,1030.073376623376623376623377,1,5fb735663c80a8c5d2a3,R03,2019-11-27,2019
0.05,NQZ9,opening_hour_rth,POC_ATOMIC,31011,31011,7752.875,922.3753261891370382247136084,1,5fba3da14c6400bbd53e,R05,2019-10-07,2019
0.05,NQZ9,full_overnight,POC_ATOMIC,32863,32863,8215.875,1291.477575202575202575202575,1,5fda5e085ef04a8cb352,R03,2019-11-08,2019
0.2,NQU9,full_overnight,POC_ATOMIC,15746,15746,7873.25,2138.069187675070028011204482,1,5fdd530aeac02c8e1e1c,R03,2019-07-18,2019
0.05,NQZ9,full_overnight,POC_ATOMIC,32876,32876,8219.125,753.9603535353535353535353535,1,600a65a189b7b1728c22,R03,2019-11-04,2019
0.2,NQZ9,prior_rth,POC_ATOMIC,33172,33172,8293.125,3192.991460173942566397592255,1,600ba5a19f07797a39db,R01,2019-12-06,2019
0.2,NQZ9,prior_rth,POC_ATOMIC,33172,33172,8293.125,3192.991460173942566397592255,1,600ba5a19f07797a39db,R02,2019-12-06,2019
0.1,NQU9,prior_rth,POC_ATOMIC,31889,31889,7972.375,3148.077231779079268647178191,1,600e59e591018ce97560,R01,2019-07-16,2019
0.1,NQU9,prior_rth,POC_ATOMIC,31889,31889,7972.375,3148.077231779079268647178191,1,600e59e591018ce97560,R02,2019-07-16,2019
0.05,NQZ9,opening_hour_rth,POC_ATOMIC,32887,32884,8221.125,6497.712930394911819060425872,4,600fe0ac4136fbd6d379,R05,2019-11-04,2019
0.1,NQH9,prior_rth,POC_ATOMIC,27609,27609,6902.375,3417.033208761710741371066008,1,605f223ba0f01be36950,R01,2019-02-01,2019
0.1,NQH9,prior_rth,POC_ATOMIC,27609,27609,6902.375,3417.033208761710741371066008,1,605f223ba0f01be36950,R02,2019-02-01,2019
0.1,NQU9,midnight,POC_ATOMIC,30165,30165,7541.375,1267.148502895410063946832735,1,606335fc90316b29c9e5,R04,2019-08-13,2019
0.1,NQH9,midnight,POC_ATOMIC,26742,26742,6685.625,1488.709054085749132188760672,1,606bcac22082d9b73c44,R04,2019-01-16,2019
0.2,NQU9,full_overnight,POC_ATOMIC,15741,15741,7870.75,3511.662777083143215866327994,1,609a8b658e1f90ad0364,R03,2019-09-06,2019
0.2,NQU9,opening_hour_rth,POC_ATOMIC,15874,15874,7937.25,3595.364929447692942106725927,1,60ad59b3ed2fee826335,R05,2019-07-11,2019
0.05,NQH9,opening_hour_rth,POC_ATOMIC,27964,27964,6991.125,1158.64367678485422307509067,1,60c83ab652e25d82ab30,R05,2019-02-14,2019
0.2,NQH9,midnight,POC_ATOMIC,12477,12477,6238.75,1665.182773944901347882124036,1,610b1f8be2afb1e5652b,R04,2019-01-04,2019
0.2,NQZ9,prior_rth,POC_ATOMIC,16143,16143,8071.75,6440.808172464790111848935378,1,612304435023ce6494f2,R01,2019-11-01,2019
0.2,NQZ9,prior_rth,POC_ATOMIC,16143,16143,8071.75,6440.808172464790111848935378,1,612304435023ce6494f2,R02,2019-11-01,2019
0.1,NQU9,prior_rth,POC_ATOMIC,31741,31741,7935.375,2593.313713053232167514035868,1,61253b1036ffb3c17f17,R01,2019-07-24,2019
0.1,NQU9,prior_rth,POC_ATOMIC,31741,31741,7935.375,2593.313713053232167514035868,1,61253b1036ffb3c17f17,R02,2019-07-24,2019
0.2,NQH9,prior_rth,POC_ATOMIC,14099,14099,7049.75,5732.368644380745976258017501,1,614f915e267bb6a3ad00,R01,2019-03-08,2019
0.2,NQH9,prior_rth,POC_ATOMIC,14099,14099,7049.75,5732.368644380745976258017501,1,614f915e267bb6a3ad00,R02,2019-03-08,2019
0.1,NQZ9,opening_hour_rth,POC_ATOMIC,33921,33921,8480.375,870.0547278509924665217602743,1,61b95444f3cde1bd2402,R05,2019-12-12,2019
0.2,NQU9,midnight,POC_ATOMIC,31296,31296,7824.125,1039.72353359574721803823971,1,61bcd0958f6d6e4777b0,R04,2019-07-01,2019
0.1,NQZ9,full_overnight,POC_ATOMIC,33033,33033,8258.375,2096.446440132567176031362244,1,61d5094f9f18ffe872f6,R03,2019-12-04,2019
0.2,NQM9,full_overnight,POC_ATOMIC,15535,15535,7767.75,2597.358087082000125478386348,1,61f0204be6420d89750f,R03,2019-05-02,2019
0.1,NQH9,prior_rth,POC_ATOMIC,28483,28483,7120.875,2199.749292374292374292374292,1,61f211bed26b04278610,R01,2019-02-28,2019
0.1,NQH9,prior_rth,POC_ATOMIC,28483,28483,7120.875,2199.749292374292374292374292,1,61f211bed26b04278610,R02,2019-02-28,2019
0.2,NQM9,full_overnight,POC_ATOMIC,30036,30036,7509.125,779.920165706456029036674198,1,61fe14961117b8699ee0,R03,2019-06-13,2019
0.1,NQH9,opening_hour_rth,POC_ATOMIC,27533,27533,6883.375,861.5460084960084960084960085,1,6208fbcbf9a7cf42cb20,R05,2019-02-01,2019
0.1,NQM9,full_overnight,POC_ATOMIC,29651,29651,7412.875,1045.817520027238014918498057,1,620e9b69ef1890706fca,R03,2019-05-13,2019
0.05,NQM9,prior_rth,POC_ATOMIC,29761,29761,7440.375,2911.19931846797763684521544,1,621c180885b3d6ef6c6e,R01,2019-05-15,2019
0.05,NQM9,prior_rth,POC_ATOMIC,29761,29761,7440.375,2911.19931846797763684521544,1,621c180885b3d6ef6c6e,R02,2019-05-15,2019
0.05,NQM9,opening_hour_rth,POC_ATOMIC,30318,30316,7579.125,4459.551081323217546127762845,3,62222c8353dcd5f1bfc6,R05,2019-05-16,2019
0.2,NQZ9,midnight,POC_ATOMIC,30778,30778,7694.625,1271.158095573006233001312861,1,62316c5faab76462beb7,R04,2019-10-10,2019
0.2,NQM9,prior_rth,POC_ATOMIC,31286,31286,7821.625,4634.647339773516244104479399,1,628154dd4d9cbf1089e9,R01,2019-04-25,2019
0.2,NQM9,prior_rth,POC_ATOMIC,31286,31286,7821.625,4634.647339773516244104479399,1,628154dd4d9cbf1089e9,R02,2019-04-25,2019
0.1,NQM9,opening_hour_rth,POC_ATOMIC,28250,28250,7062.625,964.988656744946866634028798,1,62820f26ae2aff8598d1,R05,2019-06-03,2019
0.1,NQH9,prior_rth,POC_ATOMIC,28088,28088,7022.125,2919.311325120639967860320532,1,629e49f49d44fea6fd37,R01,2019-02-06,2019
0.1,NQH9,prior_rth,POC_ATOMIC,28088,28088,7022.125,2919.311325120639967860320532,1,629e49f49d44fea6fd37,R02,2019-02-06,2019
0.05,NQM9,opening_hour_rth,POC_ATOMIC,31228,31228,7807.125,1392.022513356956081414285749,1,62a293a90970002bc680,R05,2019-05-03,2019
0.05,NQZ9,prior_rth,POC_ATOMIC,33108,33108,8277.125,3693.668488198248260167764812,1,62ba4b3bfee61495bd32,R01,2019-11-14,2019
0.05,NQZ9,prior_rth,POC_ATOMIC,33108,33108,8277.125,3693.668488198248260167764812,1,62ba4b3bfee61495bd32,R02,2019-11-14,2019
0.1,NQU9,full_overnight,POC_ATOMIC,31483,31483,7870.875,1851.451012429890263493500893,1,62bcc5e9c2ec533d875a,R03,2019-09-06,2019
0.2,NQM9,midnight,POC_ATOMIC,29661,29661,7415.375,855.266024906466082936671172,1,62c92d4aac52b38b7519,R04,2019-05-22,2019
0.05,NQM9,full_overnight,POC_ATOMIC,30697,30697,7674.375,890.8979622229622229622229622,1,62dd10087d18dfe9ddca,R03,2019-04-18,2019
0.1,NQH0,full_overnight,POC_ATOMIC,35305,35305,8826.375,1420.100045787545787545787546,1,62e9fbec0df02175f519,R03,2019-12-27,2019
0.2,NQM9,prior_rth,POC_ATOMIC,14691,14691,7345.75,5653.807251185347160579358722,1,62eff045fcd945786ef9,R01,2019-03-26,2019
0.2,NQM9,prior_rth,POC_ATOMIC,14691,14691,7345.75,5653.807251185347160579358722,1,62eff045fcd945786ef9,R02,2019-03-26,2019
0.2,NQU9,opening_hour_rth,POC_ATOMIC,31072,31072,7768.125,1513.740792658725961811261267,1,6312f0d18fa6e164730e,R05,2019-06-24,2019
0.2,NQU9,midnight,POC_ATOMIC,15357,15357,7678.75,1654.485056610056610056610057,1,632b571c7e3b59731b4d,R04,2019-08-09,2019
0.1,NQM9,prior_rth,POC_ATOMIC,29563,29563,7390.875,3882.807394511270874173014434,1,632d2217bfea6628ac06,R01,2019-04-01,2019
0.1,NQM9,prior_rth,POC_ATOMIC,29563,29563,7390.875,3882.807394511270874173014434,1,632d2217bfea6628ac06,R02,2019-04-01,2019
0.2,NQZ9,midnight,POC_ATOMIC,32984,32984,8246.125,682.2146964146964146964146964,1,6335fc6a1f81c125e371,R04,2019-11-13,2019
0.2,NQM9,full_overnight,POC_ATOMIC,14990,14990,7495.25,1291.467258960551643478472747,1,636097fc5dcaefe99717,R03,2019-05-16,2019
0.2,NQZ9,opening_hour_rth,POC_ATOMIC,16960,16960,8480.25,1689.876186536790251960530598,1,636a6d24ff5c4b3c89dc,R05,2019-12-12,2019
0.2,NQZ9,opening_hour_rth,POC_ATOMIC,32875,32875,8218.875,1196.256219270925153278094455,1,63a3a50e248091c6c7ef,R05,2019-11-05,2019
0.2,NQH9,prior_rth,POC_ATOMIC,28494,28494,7123.625,4349.145721341577350954066771,1,63bde5645b4abf1789e3,R01,2019-03-07,2019
0.2,NQH9,prior_rth,POC_ATOMIC,28494,28494,7123.625,4349.145721341577350954066771,1,63bde5645b4abf1789e3,R02,2019-03-07,2019
0.05,NQM9,full_overnight,POC_ATOMIC,29975,29975,7493.875,980.2760101010101010101010101,1,63d5387077ec8269cab0,R03,2019-04-02,2019
0.05,NQU9,midnight,POC_ATOMIC,30933,30933,7733.375,1122.739479095622394940477835,1,640f7f2f731bc3a0e2ff,R04,2019-08-21,2019
0.05,NQZ9,midnight,POC_ATOMIC,31748,31748,7937.125,1808.86981573122439995505011,1,64488131f623aa338dc9,R04,2019-10-16,2019
0.05,NQM9,opening_hour_rth,POC_ATOMIC,29997,29997,7499.375,1704.396308587926234985058514,1,646622e355b2575f1497,R05,2019-04-02,2019
0.05,NQH9,prior_rth,POC_ATOMIC,28166,28166,7041.625,3030.208744383442792752070002,1,646ac4abc22085907dcf,R01,2019-02-15,2019
0.05,NQH9,prior_rth,POC_ATOMIC,28166,28166,7041.625,3030.208744383442792752070002,1,646ac4abc22085907dcf,R02,2019-02-15,2019
0.1,NQM9,prior_rth,POC_ATOMIC,29297,29297,7324.375,2364.757809411601981261423986,1,64a19feba22efbfe18f0,R01,2019-05-28,2019
0.1,NQM9,prior_rth,POC_ATOMIC,29297,29297,7324.375,2364.757809411601981261423986,1,64a19feba22efbfe18f0,R02,2019-05-28,2019
0.05,NQH9,midnight,POC_ATOMIC,26748,26748,6687.125,682.4875260894711695627027435,1,64cbe8c8775ca297ec35,R04,2019-01-29,2019
0.1,NQH9,full_overnight,POC_ATOMIC,26962,26962,6740.625,1546.230961422090454348518865,1,64cffac4f5a1b6e4cbb8,R03,2019-01-22,2019
0.05,NQU9,prior_rth,POC_ATOMIC,31107,31107,7776.875,3003.006087210043299136473512,1,64e076e916bfdd4424c8,R01,2019-09-11,2019
0.05,NQU9,prior_rth,POC_ATOMIC,31107,31107,7776.875,3003.006087210043299136473512,1,64e076e916bfdd4424c8,R02,2019-09-11,2019
0.2,NQH9,opening_hour_rth,POC_ATOMIC,14303,14303,7151.75,3856.179682636204375334810117,1,64eec7dd9ac9e90ca043,R05,2019-03-01,2019
0.2,NQZ9,opening_hour_rth,POC_ATOMIC,15754,15754,7877.25,2183.896327769985058987616532,1,65297f0d3f24320b651c,R05,2019-09-17,2019
0.05,NQM9,prior_rth,POC_ATOMIC,29901,29901,7475.375,3237.89692979277537810964596,1,65351ffc0a5711e4aec1,R01,2019-06-13,2019
0.05,NQM9,prior_rth,POC_ATOMIC,29901,29901,7475.375,3237.89692979277537810964596,1,65351ffc0a5711e4aec1,R02,2019-06-13,2019
0.2,NQM9,opening_hour_rth,POC_ATOMIC,15018,15018,7509.25,1866.311837051837051837051837,1,6549090e9bdae713b3af,R05,2019-06-10,2019
0.05,NQM9,full_overnight,POC_ATOMIC,29231,29231,7307.875,1304.158429391362723914508591,1,65751184cedc31803195,R03,2019-06-07,2019
0.05,NQU9,midnight,POC_ATOMIC,30915,30915,7728.875,1107.000319274974722892429873,1,658ee0209c787cae9db8,R04,2019-08-22,2019
0.1,NQM9,prior_rth,POC_ATOMIC,29986,29986,7496.625,3279.707002719502719502719503,1,65aa16db47725ed2aacf,R01,2019-04-02,2019
0.1,NQM9,prior_rth,POC_ATOMIC,29986,29986,7496.625,3279.707002719502719502719503,1,65aa16db47725ed2aacf,R02,2019-04-02,2019
0.05,NQM9,opening_hour_rth,POC_ATOMIC,30780,30780,7695.125,1426.522660491182254981068435,1,65ae5cfabd4a8a8a2d68,R05,2019-05-07,2019
0.1,NQZ9,prior_rth,POC_ATOMIC,32291,32291,8072.875,3394.793549066748707747324439,1,65d18e22fb63829b2b5d,R01,2019-11-01,2019
0.1,NQZ9,prior_rth,POC_ATOMIC,32291,32291,8072.875,3394.793549066748707747324439,1,65d18e22fb63829b2b5d,R02,2019-11-01,2019
0.1,NQM9,prior_rth,POC_ATOMIC,31299,31299,7824.875,4715.381843595001489738331844,1,65d8bc19d5252e84b51b,R01,2019-04-24,2019
0.1,NQM9,prior_rth,POC_ATOMIC,31299,31299,7824.875,4715.381843595001489738331844,1,65d8bc19d5252e84b51b,R02,2019-04-24,2019
0.05,NQH9,midnight,POC_ATOMIC,26962,26962,6740.625,1410.694508985638017896082412,1,65da86e43e2949ec856b,R04,2019-01-22,2019
0.05,NQU9,prior_rth,POC_ATOMIC,29996,29996,7499.125,1334.857548886918987085622034,1,65e064eeac669ba846cb,R01,2019-08-26,2019
0.05,NQU9,prior_rth,POC_ATOMIC,29996,29996,7499.125,1334.857548886918987085622034,1,65e064eeac669ba846cb,R02,2019-08-26,2019
0.1,NQZ9,midnight,POC_ATOMIC,33338,33338,8334.625,1419.796542428160075218898748,1,65f489f9cb5b9aa0f410,R04,2019-12-06,2019
0.1,NQM9,prior_rth,POC_ATOMIC,31358,31358,7839.625,4411.856929689005609344163921,1,6633befedb5071c99485,R01,2019-05-02,2019
0.1,NQM9,prior_rth,POC_ATOMIC,31358,31358,7839.625,4411.856929689005609344163921,1,6633befedb5071c99485,R02,2019-05-02,2019
0.1,NQM9,midnight,POC_ATOMIC,30036,30036,7509.125,779.920165706456029036674198,1,663e2fcc62adcd898830,R04,2019-06-13,2019
0.1,NQZ9,opening_hour_rth,POC_ATOMIC,33657,33657,8414.375,1230.303978482954455494501261,1,6672c06942a446e3552c,R05,2019-11-27,2019
0.05,NQU9,full_overnight,POC_ATOMIC,30536,30536,7634.125,1277.433739096062230093428106,1,6674d37be79173ce4739,R03,2019-09-03,2019
0.1,NQZ9,full_overnight,POC_ATOMIC,30935,30935,7733.875,1055.551991627283243360601124,1,6689879d38e8f8874c1c,R03,2019-09-30,2019
0.05,NQM9,prior_rth,POC_ATOMIC,29383,29383,7345.875,2951.235021803101095654209889,1,66a7ac8020cb86b0763c,R01,2019-03-26,2019
0.05,NQM9,prior_rth,POC_ATOMIC,29383,29383,7345.875,2951.235021803101095654209889,1,66a7ac8020cb86b0763c,R02,2019-03-26,2019
0.2,NQU9,prior_rth,POC_ATOMIC,31474,31474,7868.625,2140.627667704543972292450994,1,66be5aeb79286e82c7d5,R01,2019-09-10,2019
0.2,NQU9,prior_rth,POC_ATOMIC,31474,31474,7868.625,2140.627667704543972292450994,1,66be5aeb79286e82c7d5,R02,2019-09-10,2019
0.1,NQM9,midnight,POC_ATOMIC,29475,29475,7368.875,1026.076152639929729713011447,1,66c2af3c0c78894bd6ea,R04,2019-05-14,2019
0.1,NQU9,prior_rth,POC_ATOMIC,31811,31811,7952.875,2881.612698412698412698412698,1,66d14f093007b77f4cc2,R01,2019-07-15,2019
0.1,NQU9,prior_rth,POC_ATOMIC,31811,31811,7952.875,2881.612698412698412698412698,1,66d14f093007b77f4cc2,R02,2019-07-15,2019
0.1,NQU9,opening_hour_rth,POC_ATOMIC,31452,31452,7863.125,977.759584344963601929546202,1,66d682719dc5f854e9a6,R05,2019-09-11,2019
0.1,NQU9,opening_hour_rth,POC_ATOMIC,10309,10309,7732.125,2740.070099020317073055409769,1,66e04b4b211a39a682e4,R05,2019-08-02,2019
0.05,NQZ9,prior_rth,POC_ATOMIC,33313,33313,8328.375,2806.160855459091705486655696,1,66e718705308bf129403,R01,2019-11-21,2019
0.05,NQZ9,prior_rth,POC_ATOMIC,33313,33313,8328.375,2806.160855459091705486655696,1,66e718705308bf129403,R02,2019-11-21,2019
0.05,NQM9,full_overnight,POC_ATOMIC,30270,30270,7567.625,1641.603832050302638537932656,1,670204fc71233a5dd527,R03,2019-04-03,2019
0.2,NQM9,opening_hour_rth,POC_ATOMIC,14946,14946,7473.25,1474.733377772038762750837054,1,6722bb542f82c60f7c69,R05,2019-06-14,2019
0.2,NQZ9,opening_hour_rth,POC_ATOMIC,33041,33041,8260.375,1399.999164724164724164724165,1,67710248173df418f90d,R05,2019-11-13,2019
0.05,NQH9,opening_hour_rth,POC_ATOMIC,28231,28231,7057.875,1626.999437533037664780404902,1,6780fd755234d8857a10,R05,2019-02-15,2019
0.05,NQZ9,full_overnight,POC_ATOMIC,33172,33172,8293.125,1531.975394437004344125087159,1,6793f2bff62cca7a7e07,R03,2019-12-05,2019
0.2,NQM9,prior_rth,POC_ATOMIC,30798,30798,7699.625,4530.901813777897369228638578,1,67bc4add238e283ceb1c,R01,2019-04-18,2019
0.2,NQM9,prior_rth,POC_ATOMIC,30798,30798,7699.625,4530.901813777897369228638578,1,67bc4add238e283ceb1c,R02,2019-04-18,2019
0.1,NQH9,opening_hour_rth,POC_ATOMIC,26306,26306,6576.625,989.4389203618995735132788557,1,67bf5cc15bf1bdcb7659,R05,2019-01-08,2019
0.2,NQH0,midnight,POC_ATOMIC,34432,34432,8608.125,872.0804834054834054834054834,1,67e225fc65e20a0bee6e,R04,2019-12-17,2019
0.05,NQZ9,midnight,POC_ATOMIC,31759,31759,7939.875,1246.912806637806637806637807,1,67ee65db5f07a15884ef,R04,2019-10-25,2019
0.1,NQH9,opening_hour_rth,POC_ATOMIC,27019,27019,6754.875,1221.577931104097432697838377,1,681b43c7150d9581d9ff,R05,2019-01-18,2019
0.05,NQZ9,opening_hour_rth,POC_ATOMIC,33542,33542,8385.625,1476.361206964689936826159736,1,6847d3060ce5c7935328,R05,2019-12-06,2019
0.2,NQM9,prior_rth,POC_ATOMIC,15121,15121,7560.75,6865.137383449883449883449883,1,684bed4d0417d2bbcd0d,R01,2019-04-05,2019
0.2,NQM9,prior_rth,POC_ATOMIC,15121,15121,7560.75,6865.137383449883449883449883,1,684bed4d0417d2bbcd0d,R02,2019-04-05,2019
0.2,NQZ9,prior_rth,POC_ATOMIC,15779,15779,7889.75,3389.348626373626373626373626,1,687b6e239cdbeec3a9da,R01,2019-10-21,2019
0.2,NQZ9,prior_rth,POC_ATOMIC,15779,15779,7889.75,3389.348626373626373626373626,1,687b6e239cdbeec3a9da,R02,2019-10-21,2019
0.1,NQM9,opening_hour_rth,POC_ATOMIC,14815,14815,7407.75,1811.23994388208784493614215,1,68af572a0bfcad2cc1c2,R05,2019-05-15,2019
0.05,NQH9,opening_hour_rth,POC_ATOMIC,26378,26378,6594.625,1329.754573760558942103138845,1,68ba81b639ca6c11d1f5,R05,2019-01-09,2019
0.1,NQM9,opening_hour_rth,POC_ATOMIC,15390,15390,7695.25,2732.266737429237429237429237,1,68bc5249cb0d35cd44c9,R05,2019-05-07,2019
0.1,NQH9,prior_rth,POC_ATOMIC,28497,28497,7124.375,2912.575906427880112090638406,1,68d6280ee00d4e32703f,R01,2019-02-27,2019
0.1,NQH9,prior_rth,POC_ATOMIC,28497,28497,7124.375,2912.575906427880112090638406,1,68d6280ee00d4e32703f,R02,2019-02-27,2019
0.05,NQH9,prior_rth,POC_ATOMIC,24816,24816,6204.125,1806.479692389660028874141932,1,68db0b39a491f720f732,R01,2019-01-04,2019
0.05,NQH9,prior_rth,POC_ATOMIC,24816,24816,6204.125,1806.479692389660028874141932,1,68db0b39a491f720f732,R02,2019-01-04,2019
0.1,NQZ9,full_overnight,POC_ATOMIC,32863,32863,8215.875,1291.477575202575202575202575,1,68f83510499d521ace79,R03,2019-11-08,2019
0.2,NQU9,prior_rth,POC_ATOMIC,30622,30622,7655.625,3127.268110890604384671037738,1,69413934500ece920598,R01,2019-06-20,2019
0.2,NQU9,prior_rth,POC_ATOMIC,30622,30622,7655.625,3127.268110890604384671037738,1,69413934500ece920598,R02,2019-06-20,2019
0.2,NQH9,opening_hour_rth,POC_ATOMIC,9006,9006,6754.875,3346.265657545069309775192128,1,6943567c7dae77fa6c51,R05,2019-01-18,2019
0.1,NQU9,full_overnight,POC_ATOMIC,30726,30726,7681.625,846.7502424539609894300969816,1,69458edd87476967d16a,R03,2019-06-27,2019
0.2,NQH9,prior_rth,POC_ATOMIC,9294,9294,6970.875,3826.038492063492063492063492,1,696c518d2ac211aeb517,R01,2019-03-11,2019
0.2,NQH9,prior_rth,POC_ATOMIC,9294,9294,6970.875,3826.038492063492063492063492,1,696c518d2ac211aeb517,R02,2019-03-11,2019
0.1,NQZ9,midnight,POC_ATOMIC,33189,33189,8297.375,3317.668295110686415034241121,1,699966b742b04d957931,R04,2019-11-15,2019
0.2,NQZ9,prior_rth,POC_ATOMIC,15907,15907,7953.75,6652.327976190476190476190476,1,69b3e235d2840019a91a,R01,2019-10-18,2019
0.2,NQZ9,prior_rth,POC_ATOMIC,15907,15907,7953.75,6652.327976190476190476190476,1,69b3e235d2840019a91a,R02,2019-10-18,2019
0.2,NQZ9,full_overnight,POC_ATOMIC,33454,33454,8363.625,1151.548921986421986421986422,1,69ba93988cceb9b71128,R03,2019-12-11,2019
0.1,NQZ9,midnight,POC_ATOMIC,31352,31352,7838.125,864.9523109330203383795782643,1,69df2a001008f0c91ba7,R04,2019-09-23,2019
0.05,NQH9,midnight,POC_ATOMIC,28341,28341,7085.375,695.5363553113553113553113553,1,69df2c0d3420cc50cdc2,R04,2019-02-21,2019
0.1,NQZ9,midnight,POC_ATOMIC,31364,31364,7841.125,859.2277014041977135687020154,1,6a1b6168a8a550913b4d,R04,2019-10-14,2019
0.05,NQH9,prior_rth,POC_ATOMIC,26277,26277,6569.375,3247.26746529021556647422597,1,6a21f29bf36f0f65f488,R01,2019-01-15,2019
0.05,NQH9,prior_rth,POC_ATOMIC,26277,26277,6569.375,3247.26746529021556647422597,1,6a21f29bf36f0f65f488,R02,2019-01-15,2019
0.1,NQZ9,midnight,POC_ATOMIC,31223,31223,7805.875,1016.995780776160033125977398,1,6a263190097293bddd38,R04,2019-09-27,2019
0.05,NQM9,prior_rth,POC_ATOMIC,31022,31022,7755.625,2505.731624193037236515497385,1,6a52b5d215246ff8b670,R01,2019-05-07,2019
0.05,NQM9,prior_rth,POC_ATOMIC,31022,31022,7755.625,2505.731624193037236515497385,1,6a52b5d215246ff8b670,R02,2019-05-07,2019
0.2,NQM9,prior_rth,POC_ATOMIC,14781,14781,7390.75,7544.656364095141184924466658,1,6a5b7d8703bc5cd9905f,R01,2019-04-01,2019
0.2,NQM9,prior_rth,POC_ATOMIC,14781,14781,7390.75,7544.656364095141184924466658,1,6a5b7d8703bc5cd9905f,R02,2019-04-01,2019
0.1,NQZ9,opening_hour_rth,POC_ATOMIC,31656,31656,7914.125,1011.571339643211269600747972,1,6a5ebe46e90fb29b7f8e,R05,2019-10-21,2019
0.2,NQM9,opening_hour_rth,POC_ATOMIC,9877,9877,7408.125,2614.999019663809579775966331,1,6a6be64ad4a9b4ff090f,R05,2019-05-15,2019
0.05,NQH9,full_overnight,POC_ATOMIC,28173,28173,7043.375,1074.063766658178422884305237,1,6a7b94911762819dfa34,R03,2019-02-19,2019
0.2,NQM9,midnight,POC_ATOMIC,29602,29602,7400.625,688.5022652112360491467652159,1,6acc96f970c8f8b280a3,R04,2019-05-20,2019
0.2,NQU9,full_overnight,POC_ATOMIC,31036,31036,7759.125,1171.882419166763792006790063,1,6ad10792af94915fb253,R03,2019-08-22,2019
0.2,NQM9,opening_hour_rth,POC_ATOMIC,14749,14749,7374.75,4038.9680766945472827825769,1,6b3eb7b1ffdf21972447,R05,2019-03-20,2019
0.1,NQH9,opening_hour_rth,POC_ATOMIC,28469,28469,7117.375,1140.841764960186012817591765,1,6b735f2a67106434ca57,R05,2019-02-28,2019
0.2,NQU9,prior_rth,POC_ATOMIC,32016,32016,8004.125,1993.765187590187590187590188,1,6b787751327c92bca130,R01,2019-07-30,2019
0.2,NQU9,prior_rth,POC_ATOMIC,32016,32016,8004.125,1993.765187590187590187590188,1,6b787751327c92bca130,R02,2019-07-30,2019
0.2,NQZ9,full_overnight,POC_ATOMIC,7840,7840,7840.5,3075.40211038961038961038961,1,6b8f31fcb9d309c73790,R03,2019-10-14,2019
0.05,NQM9,midnight,POC_ATOMIC,29776,29776,7444.125,1044.099057560086971851677734,1,6b92c6e7fb4956469e13,R04,2019-06-10,2019
0.1,NQZ9,midnight,POC_ATOMIC,31510,31510,7877.625,1213.411819485983572670879172,1,6b94b6795b803dc8f0f8,R04,2019-10-15,2019
0.05,NQU9,prior_rth,POC_ATOMIC,30792,30792,7698.125,2378.566976245238181159439924,1,6bae5204264cfe7c958b,R01,2019-08-21,2019
0.05,NQU9,prior_rth,POC_ATOMIC,30792,30792,7698.125,2378.566976245238181159439924,1,6bae5204264cfe7c958b,R02,2019-08-21,2019
0.05,NQU9,opening_hour_rth,POC_ATOMIC,31319,31319,7829.875,902.8630180523773201118738876,1,6bcfaf4a6e1d532450f1,R05,2019-09-05,2019
0.2,NQZ9,opening_hour_rth,POC_ATOMIC,15396,15396,7698.25,2477.989691512992730031269585,1,6c03baf8c51c3ecf42f2,R05,2019-09-25,2019
0.2,NQM9,prior_rth,POC_ATOMIC,14641,14641,7320.75,4549.501339173793407203018187,1,6c0d1391d06733e05b5f,R01,2019-05-28,2019
0.2,NQM9,prior_rth,POC_ATOMIC,14641,14641,7320.75,4549.501339173793407203018187,1,6c0d1391d06733e05b5f,R02,2019-05-28,2019
0.2,NQZ9,opening_hour_rth,POC_ATOMIC,33556,33556,8389.125,1127.580167055167055167055167,1,6c100b43b722136ed79c,R05,2019-12-11,2019
0.05,NQM9,prior_rth,POC_ATOMIC,30038,30038,7509.625,2135.175823310762048012318313,1,6c4d4e0329cf21960c49,R01,2019-06-12,2019
0.05,NQM9,prior_rth,POC_ATOMIC,30038,30038,7509.625,2135.175823310762048012318313,1,6c4d4e0329cf21960c49,R02,2019-06-12,2019
0.1,NQZ9,prior_rth,POC_ATOMIC,33763,33763,8440.875,2497.96038961038961038961039,1,6c5efb4b057bcfc16856,R01,2019-12-02,2019
0.1,NQZ9,prior_rth,POC_ATOMIC,33763,33763,8440.875,2497.96038961038961038961039,1,6c5efb4b057bcfc16856,R02,2019-12-02,2019
0.2,NQH9,opening_hour_rth,POC_ATOMIC,14300,14300,7150.25,2869.830313107944686892055313,1,6c69afcc2d41ff5ca7f8,R05,2019-03-05,2019
0.1,NQZ9,prior_rth,POC_ATOMIC,11328,11328,8496.375,4719.815704481149719057081166,1,6c72732b573406325bbf,R01,2019-12-16,2019
0.1,NQZ9,prior_rth,POC_ATOMIC,11328,11328,8496.375,4719.815704481149719057081166,1,6c72732b573406325bbf,R02,2019-12-16,2019
0.1,NQU9,midnight,POC_ATOMIC,30714,30714,7678.625,877.8707656971511460675547363,1,6c86a1c6b818bbb1b6b6,R04,2019-08-09,2019
0.2,NQU9,prior_rth,POC_ATOMIC,15823,15823,7911.75,5473.877993059572006940427993,1,6c9c20f01f07c13898af,R01,2019-07-12,2019
0.2,NQU9,prior_rth,POC_ATOMIC,15823,15823,7911.75,5473.877993059572006940427993,1,6c9c20f01f07c13898af,R02,2019-07-12,2019
0.2,NQH9,midnight,POC_ATOMIC,27831,27831,6957.875,585.5761904761904761904761905,1,6cc04b6e44556950a15e,R04,2019-02-05,2019
0.2,NQZ9,full_overnight,POC_ATOMIC,33663,33663,8415.875,1030.073376623376623376623377,1,6cc6757c67cabaed8519,R03,2019-11-27,2019
0.05,NQM9,prior_rth,POC_ATOMIC,30457,30457,7614.375,2779.062465707504276929241866,1,6cd042a0a0ce1561e037,R01,2019-05-17,2019
0.05,NQM9,prior_rth,POC_ATOMIC,30457,30457,7614.375,2779.062465707504276929241866,1,6cd042a0a0ce1561e037,R02,2019-05-17,2019
0.05,NQH9,prior_rth,POC_ATOMIC,28178,28178,7044.625,3334.471253905324271456994569,1,6cd7484313a5bb4c9aee,R01,2019-02-14,2019
0.05,NQH9,prior_rth,POC_ATOMIC,28178,28178,7044.625,3334.471253905324271456994569,1,6cd7484313a5bb4c9aee,R02,2019-02-14,2019
0.05,NQU9,full_overnight,POC_ATOMIC,31857,31857,7964.375,1297.444720655161831632419868,1,6d105cccc093cb6cf63a,R03,2019-07-19,2019
0.1,NQZ9,prior_rth,POC_ATOMIC,32583,32583,8145.875,4491.139496980781055386507323,1,6d2bfdca715b1108bdd8,R01,2019-11-04,2019
0.1,NQZ9,prior_rth,POC_ATOMIC,32583,32583,8145.875,4491.139496980781055386507323,1,6d2bfdca715b1108bdd8,R02,2019-11-04,2019
0.2,NQU9,prior_rth,POC_ATOMIC,31071,31071,7767.875,3557.145617572374404871469033,1,6d358dc2038f810c0f64,R01,2019-06-25,2019
0.2,NQU9,prior_rth,POC_ATOMIC,31071,31071,7767.875,3557.145617572374404871469033,1,6d358dc2038f810c0f64,R02,2019-06-25,2019
0.2,NQZ9,opening_hour_rth,POC_ATOMIC,10339,10339,7754.625,3087.509235209235209235209235,1,6d3cc678cdccdd13d706,R05,2019-10-10,2019
0.05,NQZ9,full_overnight,POC_ATOMIC,33078,33078,8269.625,1300.407383677046640583744757,1,6d57dc135041c781f7da,R03,2019-11-21,2019
0.2,NQZ9,midnight,POC_ATOMIC,31611,31611,7902.875,1039.848932603344368050250403,1,6d57ff5325e4813d886c,R04,2019-09-18,2019
0.1,NQM9,full_overnight,POC_ATOMIC,30036,30036,7509.125,779.920165706456029036674198,1,6d6dc74bfa4cabaed952,R03,2019-06-13,2019
0.1,NQH0,opening_hour_rth,POC_ATOMIC,34524,34524,8631.125,2167.695256344962227315168492,1,6d8369355cdbb63a93ed,R05,2019-12-19,2019
0.1,NQZ9,opening_hour_rth,POC_ATOMIC,31341,31341,7835.375,762.0439934953247646746098758,1,6d85e7687db1a79a4397,R05,2019-10-01,2019
0.05,NQH9,midnight,POC_ATOMIC,27831,27831,6957.875,585.5761904761904761904761905,1,6d8a07b7a8af2e9fb852,R04,2019-02-05,2019
0.1,NQM9,midnight,POC_ATOMIC,31497,31497,7874.375,1010.75329774284882644015771,1,6d8a4668c24a4e316f4f,R04,2019-04-25,2019
0.05,NQU9,full_overnight,POC_ATOMIC,31804,31804,7951.125,1348.182579022284904637845814,1,6dac81880ddc8ff3bbe1,R03,2019-07-24,2019
0.05,NQH0,midnight,POC_ATOMIC,34206,34206,8551.625,1085.339490377776381833176965,1,6db3407f9752279106d0,R04,2019-12-16,2019
0.1,NQU9,prior_rth,POC_ATOMIC,15108,15108,7554.25,5712.879820130823079850718112,1,6dba6821fbfb679e032f,R01,2019-08-27,2019
0.1,NQU9,prior_rth,POC_ATOMIC,15108,15108,7554.25,5712.879820130823079850718112,1,6dba6821fbfb679e032f,R02,2019-08-27,2019
0.2,NQU9,midnight,POC_ATOMIC,32018,32018,8004.625,1435.496442897487789128656002,1,6df32989d792bd6dd137,R04,2019-07-26,2019
0.05,NQH9,full_overnight,POC_ATOMIC,28068,28068,7017.125,853.393253968253968253968254,1,6e08f49372e7de6fe3ff,R03,2019-02-06,2019
0.05,NQZ9,midnight,POC_ATOMIC,33182,33182,8295.625,1632.924710903753456944946307,1,6e2d6a93b4dd37d0d204,R04,2019-11-22,2019
0.1,NQM9,prior_rth,POC_ATOMIC,30909,30909,7727.375,2909.80492802048563254647519,1,6e42e765a0fe2195d924,R01,2019-05-03,2019
0.1,NQM9,prior_rth,POC_ATOMIC,30909,30909,7727.375,2909.80492802048563254647519,1,6e42e765a0fe2195d924,R02,2019-05-03,2019
0.1,NQM9,opening_hour_rth,POC_ATOMIC,30959,30959,7739.875,1580.08626466118916450726477,1,6e687ead608f29bc5b22,R05,2019-05-06,2019
0.1,NQU9,opening_hour_rth,POC_ATOMIC,31025,31025,7756.375,1148.288630412608100646770039,1,6e8bc8d64e6d0ee6c405,R05,2019-09-10,2019
0.05,NQZ9,prior_rth,POC_ATOMIC,32291,32291,8072.875,3394.793549066748707747324439,1,6e962ef5028de8da5035,R01,2019-11-01,2019
0.05,NQZ9,prior_rth,POC_ATOMIC,32291,32291,8072.875,3394.793549066748707747324439,1,6e962ef5028de8da5035,R02,2019-11-01,2019
0.1,NQH9,prior_rth,POC_ATOMIC,28077,28077,7019.375,3237.726548870220182217660787,1,6ea28f07d2d1af9b2d64,R01,2019-02-22,2019
0.1,NQH9,prior_rth,POC_ATOMIC,28077,28077,7019.375,3237.726548870220182217660787,1,6ea28f07d2d1af9b2d64,R02,2019-02-22,2019
0.05,NQM9,full_overnight,POC_ATOMIC,29344,29344,7336.125,992.4143740409916880505115799,1,6eb98e1458d149e751c2,R03,2019-03-28,2019
0.05,NQU9,full_overnight,POC_ATOMIC,30993,30993,7748.375,958.4694260804554922201981026,1,6f2216ce7981f59ccfaf,R03,2019-08-23,2019
0.1,NQU9,prior_rth,POC_ATOMIC,30714,30714,7678.625,2912.01671003034002873342167,1,6f26653ed2e3d07d47be,R01,2019-09-03,2019
0.1,NQU9,prior_rth,POC_ATOMIC,30714,30714,7678.625,2912.01671003034002873342167,1,6f26653ed2e3d07d47be,R02,2019-09-03,2019
0.05,NQZ9,midnight,POC_ATOMIC,31802,31802,7950.625,898.4158521303258145363408521,1,6f48b6676d53d632dec6,R04,2019-10-18,2019
0.05,NQZ9,opening_hour_rth,POC_ATOMIC,32896,32895,8223.875,1910.516876391490697241047872,2,6f69d91776019918d779,R05,2019-11-11,2019
0.2,NQZ9,prior_rth,POC_ATOMIC,16619,16619,8309.75,10471.68452380952380952380952,1,6f7652a1a493f635481f,R01,2019-11-18,2019
0.2,NQZ9,prior_rth,POC_ATOMIC,16619,16619,8309.75,10471.68452380952380952380952,1,6f7652a1a493f635481f,R02,2019-11-18,2019
0.2,NQU9,full_overnight,POC_ATOMIC,15186,15186,7593.25,1439.376525326525326525326525,1,6fe7d9288fa90700e6f5,R03,2019-08-27,2019
0.1,NQM9,opening_hour_rth,POC_ATOMIC,29514,29514,7378.625,1256.288714444509639017648171,1,6ff72ced771e58b8f7ea,R05,2019-03-27,2019
0.2,NQM9,midnight,POC_ATOMIC,29562,29562,7390.625,783.2070197776080129021305492,1,7017dbaa7c0d532aee11,R04,2019-03-26,2019
0.2,NQM9,prior_rth,POC_ATOMIC,30372,30372,7593.125,2576.786259106390685338053759,1,701d15dff76b3fd6c6e1,R01,2019-04-09,2019
0.2,NQM9,prior_rth,POC_ATOMIC,30372,30372,7593.125,2576.786259106390685338053759,1,701d15dff76b3fd6c6e1,R02,2019-04-09,2019
0.2,NQU9,prior_rth,POC_ATOMIC,7554,7554,7554.5,11008.80909433703551350610174,1,70283e8bf191eff4c62e,R01,2019-08-27,2019
0.2,NQU9,prior_rth,POC_ATOMIC,7554,7554,7554.5,11008.80909433703551350610174,1,70283e8bf191eff4c62e,R02,2019-08-27,2019
0.1,NQH0,full_overnight,POC_ATOMIC,35156,35156,8789.125,1185.322041847041847041847042,1,7047de5f3dd22f2c98b1,R03,2019-12-30,2019
0.1,NQM9,opening_hour_rth,POC_ATOMIC,28613,28613,7153.375,1356.04256089585059935269562,1,704d14510919cba608e8,R05,2019-05-31,2019
0.1,NQM9,opening_hour_rth,POC_ATOMIC,29650,29650,7412.625,1350.124244601866085242044321,1,7052e85bfb98cb0758a9,R05,2019-03-26,2019
0.05,NQM9,midnight,POC_ATOMIC,29562,29562,7390.625,783.2070197776080129021305492,1,70a1ea6bf85967656915,R04,2019-03-26,2019
0.1,NQZ9,prior_rth,POC_ATOMIC,33073,33073,8268.375,2682.016732093126616453188461,1,70a3008ec2b8e039d3ec,R01,2019-11-13,2019
0.1,NQZ9,prior_rth,POC_ATOMIC,33073,33073,8268.375,2682.016732093126616453188461,1,70a3008ec2b8e039d3ec,R02,2019-11-13,2019
0.2,NQM9,prior_rth,POC_ATOMIC,14288,14288,7144.25,3643.510264408793820558526441,1,70b359992c9dd0bde0c0,R01,2019-06-05,2019
0.2,NQM9,prior_rth,POC_ATOMIC,14288,14288,7144.25,3643.510264408793820558526441,1,70b359992c9dd0bde0c0,R02,2019-06-05,2019
0.05,NQU9,opening_hour_rth,POC_ATOMIC,30398,30398,7599.625,1081.3049322089204719779027,1,70b3c73d62f092ac57a0,R05,2019-08-08,2019
0.1,NQZ9,opening_hour_rth,POC_ATOMIC,32372,32372,8093.125,1761.211174796047220516100627,1,70b6621361b6d3755347,R05,2019-10-28,2019
0.1,NQZ9,opening_hour_rth,POC_ATOMIC,15508,15508,7754.25,2044.673508898508898508898509,1,711dc0c46284c31c0674,R05,2019-10-10,2019
0.05,NQZ9,midnight,POC_ATOMIC,30800,30800,7700.125,1042.053596902345782334202121,1,715239e02c4743a71718,R04,2019-10-09,2019
0.2,NQZ9,prior_rth,POC_ATOMIC,33066,33066,8266.625,2927.606852438353986341602441,1,715333eb03bb9d865953,R01,2019-11-08,2019
0.2,NQZ9,prior_rth,POC_ATOMIC,33066,33066,8266.625,2927.606852438353986341602441,1,715333eb03bb9d865953,R02,2019-11-08,2019
0.2,NQZ9,prior_rth,POC_ATOMIC,15889,15889,7944.75,5288.662282162282162282162282,1,716340d1de644dfb55cd,R01,2019-10-16,2019
0.2,NQZ9,prior_rth,POC_ATOMIC,15889,15889,7944.75,5288.662282162282162282162282,1,716340d1de644dfb55cd,R02,2019-10-16,2019
0.1,NQH9,prior_rth,POC_ATOMIC,27239,27239,6809.875,2282.872872334175943831218062,1,7173f6f3b0fb1a1baa93,R01,2019-01-22,2019
0.1,NQH9,prior_rth,POC_ATOMIC,27239,27239,6809.875,2282.872872334175943831218062,1,7173f6f3b0fb1a1baa93,R02,2019-01-22,2019
0.1,NQM9,full_overnight,POC_ATOMIC,29371,29371,7342.875,1542.945034418536873965506399,1,7185220f5708ae9e9c56,R03,2019-05-23,2019
0.05,NQZ9,prior_rth,POC_ATOMIC,31057,31057,7764.375,1553.764720026826492424396485,1,71a37d8437d5bd0bba6f,R01,2019-09-26,2019
0.05,NQZ9,prior_rth,POC_ATOMIC,31057,31057,7764.375,1553.764720026826492424396485,1,71a37d8437d5bd0bba6f,R02,2019-09-26,2019
0.1,NQU9,midnight,POC_ATOMIC,30277,30277,7569.375,883.3662283496156468060834878,1,71a447b921f92ececfec,R04,2019-08-28,2019
0.05,NQM9,full_overnight,POC_ATOMIC,28290,28290,7072.625,715.4880827511430553562738244,1,71c45d57de9c886021d5,R03,2019-03-11,2019
0.1,NQM9,opening_hour_rth,POC_ATOMIC,10195,10195,7646.625,4918.588481228131584841774639,1,71cf49e5ef22782b1e2d,R05,2019-05-08,2019
0.05,NQZ9,full_overnight,POC_ATOMIC,30777,30777,7694.375,1046.81264997996177341077751,1,71d7969d16971ddc199d,R03,2019-10-08,2019
0.05,NQZ9,full_overnight,POC_ATOMIC,30569,30569,7642.375,1022.537307922644476503769767,1,71ed31fcd0bf29792ec8,R03,2019-10-02,2019
0.1,NQZ9,opening_hour_rth,POC_ATOMIC,31851,31851,7962.875,1152.941111048967086118788905,1,7251b5232767b8be1e95,R05,2019-10-22,2019
0.1,NQM9,opening_hour_rth,POC_ATOMIC,15085,15085,7542.75,2468.185455920628022981919438,1,72556c6c88e51804332d,R05,2019-05-17,2019
0.1,NQH9,midnight,POC_ATOMIC,26257,26257,6564.375,1199.109405730148764204491759,1,726680990a91a6918fb3,R04,2019-01-10,2019
0.05,NQM9,full_overnight,POC_ATOMIC,30982,30982,7745.625,1040.513908083496981933460367,1,727dc0d0edc6d7d5eb85,R03,2019-05-07,2019
0.1,NQZ9,midnight,POC_ATOMIC,30569,30569,7642.375,1022.537307922644476503769767,1,728348db3cc27328df33,R04,2019-10-02,2019
0.1,NQM9,full_overnight,POC_ATOMIC,29231,29231,7307.875,1304.158429391362723914508591,1,728a1a4b26e72008a1c4,R03,2019-06-07,2019
0.2,NQU9,opening_hour_rth,POC_ATOMIC,31428,31428,7857.125,1649.708533812417073959677271,1,72a3161df02bd0e56181,R05,2019-09-09,2019
0.2,NQM9,full_overnight,POC_ATOMIC,14880,14880,7440.25,2844.497072397472855138759029,1,72a93e070f0da409d0a5,R03,2019-05-21,2019
0.2,NQM9,prior_rth,POC_ATOMIC,14793,14793,7396.75,6118.364762528156995783863465,1,72ac8837a549ff65ee58,R01,2019-03-25,2019
0.2,NQM9,prior_rth,POC_ATOMIC,14793,14793,7396.75,6118.364762528156995783863465,1,72ac8837a549ff65ee58,R02,2019-03-25,2019
0.2,NQM9,full_overnight,POC_ATOMIC,28830,28830,7207.625,1185.080085519056107291401409,1,72ad6ad19869065f3473,R03,2019-06-05,2019
0.2,NQH9,prior_rth,POC_ATOMIC,28088,28088,7022.125,2919.311325120639967860320532,1,72e2a302244e8abce7a7,R01,2019-02-06,2019
0.2,NQH9,prior_rth,POC_ATOMIC,28088,28088,7022.125,2919.311325120639967860320532,1,72e2a302244e8abce7a7,R02,2019-02-06,2019
0.1,NQH0,opening_hour_rth,POC_ATOMIC,34395,34395,8598.875,1043.352879473467708761826409,1,732101c275d5d3e03302,R05,2019-12-16,2019
0.1,NQU9,opening_hour_rth,POC_ATOMIC,31831,31831,7957.875,1361.023369888612855364773523,1,7333cc386b60ee255bec,R05,2019-07-17,2019
0.2,NQM9,midnight,POC_ATOMIC,30515,30515,7628.875,1190.5644976776952073007199,1,7335b1b3b0dfa9c8a69f,R04,2019-05-08,2019
0.2,NQU9,opening_hour_rth,POC_ATOMIC,15564,15564,7782.25,2410.915079365079365079365079,1,7359845ef1c065c036dc,R05,2019-07-08,2019
0.05,NQU9,opening_hour_rth,POC_ATOMIC,31025,31025,7756.375,1148.288630412608100646770039,1,7361aba4a1ac135f3095,R05,2019-09-10,2019
0.2,NQZ9,prior_rth,POC_ATOMIC,32462,32462,8115.625,3104.244345839345839345839346,1,7383e05f3056d4e6ddf8,R01,2019-10-29,2019
0.2,NQZ9,prior_rth,POC_ATOMIC,32462,32462,8115.625,3104.244345839345839345839346,1,7383e05f3056d4e6ddf8,R02,2019-10-29,2019
0.1,NQU9,full_overnight,POC_ATOMIC,31230,31230,7807.625,883.4646914517657551713279267,1,73885066728da9a75b88,R03,2019-09-10,2019
0.1,NQZ9,opening_hour_rth,POC_ATOMIC,31022,31022,7755.625,1300.304639910537406835697319,1,7396b39773bfd1dd2ead,R05,2019-09-27,2019
0.2,NQZ9,prior_rth,POC_ATOMIC,33007,33007,8251.875,3101.386726765228884138469593,1,73d9d59c6a97825fae96,R01,2019-11-15,2019
0.2,NQZ9,prior_rth,POC_ATOMIC,33007,33007,8251.875,3101.386726765228884138469593,1,73d9d59c6a97825fae96,R02,2019-11-15,2019
0.2,NQZ9,full_overnight,POC_ATOMIC,10474,10474,7855.875,2845.213888888888888888888889,1,73f936eda19cea48bb56,R03,2019-10-23,2019
0.1,NQH9,midnight,POC_ATOMIC,28170,28170,7042.625,1189.07563336601027058124091,1,740a1b1292d1b627e92b,R04,2019-02-14,2019
0.1,NQM9,midnight,POC_ATOMIC,28290,28290,7072.625,715.4880827511430553562738244,1,74253e5f1f24f16b93bd,R04,2019-03-11,2019
0.05,NQU9,prior_rth,POC_ATOMIC,31150,31150,7787.625,2959.486486499879929309737165,1,7433083557b370baa38c,R01,2019-07-05,2019
0.05,NQU9,prior_rth,POC_ATOMIC,31150,31150,7787.625,2959.486486499879929309737165,1,7433083557b370baa38c,R02,2019-07-05,2019
0.2,NQZ9,prior_rth,POC_ATOMIC,15846,15846,7923.25,7110.105501648110343762517676,1,7480a3ca3476aee669d9,R01,2019-10-17,2019
0.2,NQZ9,prior_rth,POC_ATOMIC,15846,15846,7923.25,7110.105501648110343762517676,1,7480a3ca3476aee669d9,R02,2019-10-17,2019
0.2,NQM9,opening_hour_rth,POC_ATOMIC,30615,30615,7653.875,1270.156761294261294261294261,1,74b41a11ec91dd3cfb0b,R05,2019-04-15,2019
0.1,NQZ9,full_overnight,POC_ATOMIC,31384,31384,7846.125,1078.523557259285486503147023,1,74e626a27105252c811b,R03,2019-10-23,2019
0.1,NQH0,opening_hour_rth,POC_ATOMIC,34862,34862,8715.625,1244.584726033136351222090136,1,7528ac366737995ef454,R05,2019-12-30,2019
0.2,NQM9,opening_hour_rth,POC_ATOMIC,15180,15180,7590.25,3024.296924995294560511951816,1,7538d4786c5b1a62055a,R05,2019-04-05,2019
0.2,NQH9,opening_hour_rth,POC_ATOMIC,13450,13450,6725.25,2286.896052359831132209648834,1,7582815119f9a516efba,R05,2019-01-22,2019
0.05,NQU9,opening_hour_rth,POC_ATOMIC,31854,31854,7963.625,1666.655414674087421336244459,1,75aa171c2f51db1f1b41,R05,2019-07-30,2019
0.05,NQU9,opening_hour_rth,POC_ATOMIC,30856,30856,7714.125,1343.91744017434806908491119,1,75b8fcd3be2c5076571e,R05,2019-08-29,2019
0.05,NQZ9,full_overnight,POC_ATOMIC,33529,33529,8382.375,1443.375349869873196445204559,1,75f3b237c2975a7e69f5,R03,2019-11-26,2019
0.1,NQM9,opening_hour_rth,POC_ATOMIC,29232,29232,7308.125,1486.613541201643978893045499,1,75f7f475c4379b0b2008,R05,2019-03-25,2019
0.05,NQZ9,midnight,POC_ATOMIC,33021,33021,8255.375,1070.316910866910866910866911,1,75fd841d9ce227332acc,R04,2019-11-12,2019
0.1,NQH9,prior_rth,POC_ATOMIC,27884,27884,6971.125,1353.086481806622692062325187,1,764277e947e977ab9325,R01,2019-03-11,2019
0.1,NQH9,prior_rth,POC_ATOMIC,27884,27884,6971.125,1353.086481806622692062325187,1,764277e947e977ab9325,R02,2019-03-11,2019
0.1,NQH9,full_overnight,POC_ATOMIC,26952,26952,6738.125,1188.507617382617382617382617,1,766fb566a02856d65248,R03,2019-01-18,2019
0.2,NQU9,midnight,POC_ATOMIC,32102,32102,8025.625,969.6214285714285714285714286,1,7698c92e2b25bf13679f,R04,2019-07-29,2019
0.05,NQM9,prior_rth,POC_ATOMIC,30572,30572,7643.125,5362.759619459712002449921416,1,7699f0d54d1f606ab8c1,R01,2019-04-15,2019
0.05,NQM9,prior_rth,POC_ATOMIC,30572,30572,7643.125,5362.759619459712002449921416,1,7699f0d54d1f606ab8c1,R02,2019-04-15,2019
0.05,NQZ9,prior_rth,POC_ATOMIC,31543,31543,7885.875,2673.451156660909958293561095,1,76c40ef4cb9993d1c4fd,R01,2019-09-18,2019
0.05,NQZ9,prior_rth,POC_ATOMIC,31543,31543,7885.875,2673.451156660909958293561095,1,76c40ef4cb9993d1c4fd,R02,2019-09-18,2019
0.1,NQH9,opening_hour_rth,POC_ATOMIC,28617,28617,7154.375,1547.499911716823481529363882,1,76e9ab0a3afb6a101989,R05,2019-02-25,2019
0.1,NQZ9,prior_rth,POC_ATOMIC,31558,31558,7889.625,1795.13861004492583439951861,1,773d428fa4069179f7b5,R01,2019-10-21,2019
0.1,NQZ9,prior_rth,POC_ATOMIC,31558,31558,7889.625,1795.13861004492583439951861,1,773d428fa4069179f7b5,R02,2019-10-21,2019
0.2,NQU9,opening_hour_rth,POC_ATOMIC,31872,31872,7968.125,1221.70235042735042735042735,1,773f788198c49e831b77,R05,2019-07-29,2019
0.05,NQM9,midnight,POC_ATOMIC,28127,28127,7031.875,680.9122969350910527381115616,1,774ee7853a1e2046836f,R04,2019-06-04,2019
0.05,NQM9,midnight,POC_ATOMIC,30150,30150,7537.625,592.8705003295272381630329065,1,7752de392ef4cee8004e,R04,2019-05-16,2019
0.2,NQU9,full_overnight,POC_ATOMIC,10619,10619,7964.625,3451.179365079365079365079365,1,77563e0c51e644f9eaea,R03,2019-07-19,2019
0.2,NQM9,prior_rth,POC_ATOMIC,28732,28732,7183.125,2046.197898227503490661385398,1,775cdb41c4d6c86af62e,R01,2019-03-12,2019
0.2,NQM9,prior_rth,POC_ATOMIC,28732,28732,7183.125,2046.197898227503490661385398,1,775cdb41c4d6c86af62e,R02,2019-03-12,2019
0.05,NQU9,prior_rth,POC_ATOMIC,30302,30302,7575.625,2433.725844912735805786945117,1,779769d64951308d21cb,R01,2019-08-28,2019
0.05,NQU9,prior_rth,POC_ATOMIC,30302,30302,7575.625,2433.725844912735805786945117,1,779769d64951308d21cb,R02,2019-08-28,2019
0.1,NQH9,opening_hour_rth,POC_ATOMIC,26707,26706,6676.625,1842.106858054226475279106858,2,77fc370fd2b61a268800,R05,2019-01-29,2019
0.1,NQH0,opening_hour_rth,POC_ATOMIC,35225,35225,8806.375,997.8883852977661027196630912,1,781b4c8f273c29037ba4,R05,2019-12-27,2019
0.05,NQH0,opening_hour_rth,POC_ATOMIC,35225,35225,8806.375,997.8883852977661027196630912,1,782461af6d729ccc7dde,R05,2019-12-27,2019
0.1,NQH9,full_overnight,POC_ATOMIC,26187,26187,6546.875,1301.042184759684759684759685,1,782ef9b69ddc52f98cde,R03,2019-01-14,2019
0.2,NQZ9,midnight,POC_ATOMIC,31352,31352,7838.125,864.9523109330203383795782643,1,78798aa476a7b6d65a50,R04,2019-09-23,2019
0.05,NQZ9,midnight,POC_ATOMIC,33663,33663,8415.875,1030.073376623376623376623377,1,78799c2bfcad79c282b6,R04,2019-11-27,2019
0.05,NQM9,midnight,POC_ATOMIC,30036,30036,7509.125,779.920165706456029036674198,1,787df53e06cbc2d9eed5,R04,2019-06-13,2019
0.2,NQM9,full_overnight,POC_ATOMIC,15007,15007,7503.75,2209.982251082251082251082251,1,7884583a60b18c2fd5dd,R03,2019-03-22,2019
0.1,NQZ9,prior_rth,POC_ATOMIC,33264,33264,8316.125,3563.87583898283054168982748,1,7884e3e80edfde0dca1b,R01,2019-12-03,2019
0.1,NQZ9,prior_rth,POC_ATOMIC,33264,33264,8316.125,3563.87583898283054168982748,1,7884e3e80edfde0dca1b,R02,2019-12-03,2019
0.2,NQH9,midnight,POC_ATOMIC,28541,28541,7135.375,535.3402625152625152625152625,1,788c416398c5d3f4591a,R04,2019-02-25,2019
0.2,NQM9,midnight,POC_ATOMIC,28290,28290,7072.625,715.4880827511430553562738244,1,789dfec589e550622f60,R04,2019-03-11,2019
0.05,NQM9,midnight,POC_ATOMIC,30600,30600,7650.125,1181.550506334910359678161536,1,78a1c1fea295a1da102e,R04,2019-04-12,2019
0.1,NQH9,prior_rth,POC_ATOMIC,12685,12685,6342.75,3104.377896586460779097308131,1,78bbc747bfc744d30e91,R01,2019-01-03,2019
0.1,NQH9,prior_rth,POC_ATOMIC,12685,12685,6342.75,3104.377896586460779097308131,1,78bbc747bfc744d30e91,R02,2019-01-03,2019
0.2,NQU9,opening_hour_rth,POC_ATOMIC,10266,10266,7699.875,2828.165358910095752201015359,1,78c04115aef53b3d46e9,R05,2019-08-20,2019
0.2,NQM9,prior_rth,POC_ATOMIC,30898,30898,7724.625,2310.237950937950937950937951,1,78cc56c7b644d78bc808,R01,2019-04-23,2019
0.2,NQM9,prior_rth,POC_ATOMIC,30898,30898,7724.625,2310.237950937950937950937951,1,78cc56c7b644d78bc808,R02,2019-04-23,2019
0.1,NQZ9,prior_rth,POC_ATOMIC,33485,33485,8371.375,2500.288552630943935291761379,1,7900b63b759fb92acae5,R01,2019-12-11,2019
0.1,NQZ9,prior_rth,POC_ATOMIC,33485,33485,8371.375,2500.288552630943935291761379,1,7900b63b759fb92acae5,R02,2019-12-11,2019
0.05,NQU9,prior_rth,POC_ATOMIC,30192,30192,7548.125,2984.722726249431956376764681,1,79014ac801f46d710f12,R01,2019-08-27,2019
0.05,NQU9,prior_rth,POC_ATOMIC,30192,30192,7548.125,2984.722726249431956376764681,1,79014ac801f46d710f12,R02,2019-08-27,2019
0.2,NQH9,full_overnight,POC_ATOMIC,26187,26187,6546.875,1301.042184759684759684759685,1,7904d1c3c57c5a0bc88c,R03,2019-01-14,2019
0.2,NQZ9,prior_rth,POC_ATOMIC,15543,15543,7771.75,3581.228209290709290709290709,1,7913a6e43612af554728,R01,2019-10-01,2019
0.2,NQZ9,prior_rth,POC_ATOMIC,15543,15543,7771.75,3581.228209290709290709290709,1,7913a6e43612af554728,R02,2019-10-01,2019
0.2,NQU9,prior_rth,POC_ATOMIC,15991,15991,7995.75,6258.643073593073593073593074,1,793dadc80012dd44a9a7,R01,2019-08-02,2019
0.2,NQU9,prior_rth,POC_ATOMIC,15991,15991,7995.75,6258.643073593073593073593074,1,793dadc80012dd44a9a7,R02,2019-08-02,2019
0.1,NQH9,full_overnight,POC_ATOMIC,28472,28472,7118.125,1127.316375480175223435813936,1,79457d76a0cb13ebcd96,R03,2019-02-25,2019
0.05,NQH9,opening_hour_rth,POC_ATOMIC,28282,28282,7070.625,1369.077707526391736918052708,1,7950461aa69eca94700c,R05,2019-02-22,2019
0.1,NQZ9,midnight,POC_ATOMIC,32888,32888,8222.125,1452.351682576682576682576683,1,796cc486f018f416b48a,R04,2019-11-11,2019
0.1,NQM9,opening_hour_rth,POC_ATOMIC,29757,29756,7439.125,2603.158606080333769120954476,2,798e12cc4b18e49a116e,R05,2019-05-22,2019
0.1,NQU9,opening_hour_rth,POC_ATOMIC,31617,31617,7904.375,679.0192745622499779250539202,1,79a0ca5b39f763217a28,R05,2019-09-13,2019
0.05,NQU9,midnight,POC_ATOMIC,31237,31237,7809.375,1154.03238047770942507784613,1,79ad102b553b5c1ff505,R04,2019-09-05,2019
0.1,NQM9,prior_rth,POC_ATOMIC,31230,31230,7807.625,3072.25409710115592468533645,1,79c5e14db5339b58d465,R01,2019-04-29,2019
0.1,NQM9,prior_rth,POC_ATOMIC,31230,31230,7807.625,3072.25409710115592468533645,1,79c5e14db5339b58d465,R02,2019-04-29,2019
0.2,NQU9,opening_hour_rth,POC_ATOMIC,10149,10149,7612.125,3050.024786218328417816908866,1,79cd238eb21f5e0e167a,R05,2019-09-03,2019
0.2,NQZ9,opening_hour_rth,POC_ATOMIC,7714,7714,7714.5,3641.946031746031746031746032,1,79d3fb09579129ffd041,R05,2019-10-04,2019
0.1,NQM9,opening_hour_rth,POC_ATOMIC,30074,30074,7518.625,1097.255863321815625178623376,1,79e39498915f561c7030,R05,2019-06-13,2019
0.05,NQH9,full_overnight,POC_ATOMIC,28262,28262,7065.625,1078.816638770586139007191639,1,79fb389d3e80dce7b21d,R03,2019-02-21,2019
0.05,NQZ9,midnight,POC_ATOMIC,30778,30778,7694.625,1271.158095573006233001312861,1,7a01d347bfca4d545a44,R04,2019-10-10,2019
0.1,NQU9,opening_hour_rth,POC_ATOMIC,15623,15623,7811.75,1595.369624819624819624819625,1,7a059c1352ac60920809,R05,2019-07-05,2019
0.2,NQH9,midnight,POC_ATOMIC,27947,27947,6986.875,544.6026589831736890560419972,1,7a0f82217ae3058c11bb,R04,2019-03-08,2019
0.05,NQH9,opening_hour_rth,POC_ATOMIC,27627,27624,6906.125,4548.089910089910089910089912,4,7a222da1c20ac8e767c0,R05,2019-02-04,2019
0.1,NQM9,midnight,POC_ATOMIC,30410,30410,7602.625,1307.779381729381729381729382,1,7a29fdbc862a3c27812c,R04,2019-04-10,2019
0.05,NQZ9,opening_hour_rth,POC_ATOMIC,33374,33374,8343.625,1125.46437459599224305106658,1,7a463bfd4a6620a33fbc,R05,2019-11-25,2019
0.2,NQM9,prior_rth,POC_ATOMIC,14959,14959,7479.75,2871.796354582809691168824296,1,7a59b4c35f6bfb7dd782,R01,2019-06-17,2019
0.2,NQM9,prior_rth,POC_ATOMIC,14959,14959,7479.75,2871.796354582809691168824296,1,7a59b4c35f6bfb7dd782,R02,2019-06-17,2019
0.1,NQM9,full_overnight,POC_ATOMIC,30870,30870,7717.625,1218.668477999773936340323154,1,7a67a44651b0fb74f1bc,R03,2019-05-06,2019
0.2,NQU9,prior_rth,POC_ATOMIC,15780,15780,7890.25,3999.811885336885336885336885,1,7a7d519e780850b4c547,R01,2019-07-19,2019
0.2,NQU9,prior_rth,POC_ATOMIC,15780,15780,7890.25,3999.811885336885336885336885,1,7a7d519e780850b4c547,R02,2019-07-19,2019
0.1,NQH0,prior_rth,POC_ATOMIC,34646,34646,8661.625,2679.100432900432900432900433,1,7a85825001ab822a4717,R01,2019-12-20,2019
0.1,NQH0,prior_rth,POC_ATOMIC,34646,34646,8661.625,2679.100432900432900432900433,1,7a85825001ab822a4717,R02,2019-12-20,2019
0.05,NQZ9,opening_hour_rth,POC_ATOMIC,31706,31706,7926.625,1452.949492955146138616323029,1,7a9bd456a00da367aad0,R05,2019-10-16,2019
0.2,NQU9,midnight,POC_ATOMIC,31479,31479,7869.875,1298.61518033050540790478871,1,7aa166cf7de27e8e03c4,R04,2019-08-01,2019
0.05,NQU9,midnight,POC_ATOMIC,30363,30363,7590.875,758.9951422218991878434602893,1,7aa19302d731a23a474d,R04,2019-08-16,2019
0.05,NQM9,midnight,POC_ATOMIC,30093,30093,7523.375,990.2505254208969379248017019,1,7ab153ac122be0169093,R04,2019-05-17,2019
0.2,NQM9,opening_hour_rth,POC_ATOMIC,29997,29997,7499.375,1704.396308587926234985058514,1,7acd25a42330e0da5919,R05,2019-04-02,2019
0.1,NQM9,prior_rth,POC_ATOMIC,15342,15342,7671.25,4853.311424326958046166553368,1,7ae8410113f969a1ddae,R01,2019-05-08,2019
0.1,NQM9,prior_rth,POC_ATOMIC,15342,15342,7671.25,4853.311424326958046166553368,1,7ae8410113f969a1ddae,R02,2019-05-08,2019
0.1,NQM9,prior_rth,POC_ATOMIC,30373,30373,7593.375,3682.655168510777030046806923,1,7b8dd55bf8ac27c2a2b1,R01,2019-04-10,2019
0.1,NQM9,prior_rth,POC_ATOMIC,30373,30373,7593.375,3682.655168510777030046806923,1,7b8dd55bf8ac27c2a2b1,R02,2019-04-10,2019
0.2,NQZ9,prior_rth,POC_ATOMIC,10085,10085,7564.125,7806.331383893883893883893884,1,7b95d8138d9719bb7e82,R01,2019-10-03,2019
0.2,NQZ9,prior_rth,POC_ATOMIC,10085,10085,7564.125,7806.331383893883893883893884,1,7b95d8138d9719bb7e82,R02,2019-10-03,2019
0.05,NQZ9,midnight,POC_ATOMIC,31597,31597,7899.375,705.6639613990566803633954269,1,7ba8709b4eaa95527dba,R04,2019-09-19,2019
0.1,NQU9,midnight,POC_ATOMIC,31491,31491,7872.875,925.0903342572460219519043048,1,7bb34c75629c96548f6e,R04,2019-07-18,2019
0.1,NQH9,midnight,POC_ATOMIC,28096,28096,7024.125,881.9759407259407259407259407,1,7c22798b5033902dd173,R04,2019-02-15,2019
0.1,NQU9,opening_hour_rth,POC_ATOMIC,31799,31799,7949.875,1027.417722043641402822293751,1,7c3688bda2119619a662,R05,2019-07-19,2019
0.05,NQZ9,full_overnight,POC_ATOMIC,33021,33021,8255.375,1079.566910866910866910866911,1,7c379121ac70bc177460,R03,2019-11-12,2019
0.2,NQZ9,opening_hour_rth,POC_ATOMIC,33007,33007,8251.875,1601.366160118342444362097074,1,7c4c8efe4c1163115a6c,R05,2019-11-14,2019
0.1,NQZ9,full_overnight,POC_ATOMIC,30912,30912,7728.125,1257.369599395266635241652193,1,7c50d11c638467407cff,R03,2019-10-07,2019
0.1,NQU9,midnight,POC_ATOMIC,31230,31230,7807.625,883.4646914517657551713279267,1,7c7a37e39ad09e75d3fb,R04,2019-09-10,2019
0.2,NQM9,opening_hour_rth,POC_ATOMIC,15591,15591,7795.75,4161.507721956406166932482722,1,7ca07436f810d16c5f2d,R05,2019-04-30,2019
0.1,NQM9,opening_hour_rth,POC_ATOMIC,29811,29811,7452.875,1267.025489700925959554144063,1,7cb65492499eaddc18ab,R05,2019-05-21,2019
0.05,NQM9,prior_rth,POC_ATOMIC,28946,28946,7236.625,2541.989435319582378405907818,1,7cbd5b12a45e8049b59d,R01,2019-03-13,2019
0.05,NQM9,prior_rth,POC_ATOMIC,28946,28946,7236.625,2541.989435319582378405907818,1,7cbd5b12a45e8049b59d,R02,2019-03-13,2019
0.05,NQH9,full_overnight,POC_ATOMIC,28105,28105,7026.375,996.6601287601287601287601288,1,7cf039a4d9079e0e3b14,R03,2019-02-22,2019
0.05,NQZ9,midnight,POC_ATOMIC,31197,31197,7799.375,875.2207319641143170554935261,1,7cf40d103c9fe4c62da8,R04,2019-10-01,2019
0.05,NQU9,full_overnight,POC_ATOMIC,30716,30716,7679.125,1659.110719917337564396387926,1,7cf880352ee24c7c4d83,R03,2019-06-19,2019
0.1,NQZ9,opening_hour_rth,POC_ATOMIC,33256,33256,8314.125,1258.245226611062578527762345,1,7cf9d9dec48079b8cf34,R05,2019-12-05,2019
0.05,NQZ9,prior_rth,POC_ATOMIC,32583,32583,8145.875,4491.139496980781055386507323,1,7d14bf993b80552d0833,R01,2019-11-04,2019
0.05,NQZ9,prior_rth,POC_ATOMIC,32583,32583,8145.875,4491.139496980781055386507323,1,7d14bf993b80552d0833,R02,2019-11-04,2019
0.2,NQU9,prior_rth,POC_ATOMIC,10142,10142,7606.875,6547.716497861018733884009026,1,7d39d0977c000f8c854f,R01,2019-08-13,2019
0.2,NQU9,prior_rth,POC_ATOMIC,10142,10142,7606.875,6547.716497861018733884009026,1,7d39d0977c000f8c854f,R02,2019-08-13,2019
0.1,NQM9,opening_hour_rth,POC_ATOMIC,30803,30803,7700.875,1215.683655233655233655233655,1,7d9eae63d5a3dfb25435,R05,2019-04-18,2019
0.1,NQH9,opening_hour_rth,POC_ATOMIC,28600,28600,7150.125,1475.284993669320306311408284,1,7dc3d8c18b7c697b8dea,R05,2019-03-05,2019
0.05,NQM9,full_overnight,POC_ATOMIC,29602,29602,7400.625,688.5022652112360491467652159,1,7dd181bc2d8e06dd7f6b,R03,2019-05-20,2019
0.05,NQZ9,opening_hour_rth,POC_ATOMIC,31022,31022,7755.625,1300.304639910537406835697319,1,7dd834b3e3f051406847,R05,2019-09-27,2019
0.2,NQH9,midnight,POC_ATOMIC,27004,27004,6751.125,834.0867599720540897011485247,1,7de061823d8499f16c62,R04,2019-01-28,2019
0.2,NQU9,opening_hour_rth,POC_ATOMIC,15791,15791,7895.75,2867.427458652458652458652459,1,7e04b6ef1489d7105986,R05,2019-07-18,2019
0.2,NQU9,prior_rth,POC_ATOMIC,10264,10264,7698.375,6620.830743525480367585630744,1,7e084d4e40676f12f7ef,R01,2019-08-21,2019
0.2,NQU9,prior_rth,POC_ATOMIC,10264,10264,7698.375,6620.830743525480367585630744,1,7e084d4e40676f12f7ef,R02,2019-08-21,2019
0.2,NQU9,midnight,POC_ATOMIC,30277,30277,7569.375,883.3662283496156468060834878,1,7e2846cd3ac61a55c839,R04,2019-08-28,2019
0.2,NQM9,prior_rth,POC_ATOMIC,14561,14561,7280.75,8680.164652014652014652014652,1,7e41a873e34bf246925e,R01,2019-03-15,2019
0.2,NQM9,prior_rth,POC_ATOMIC,14561,14561,7280.75,8680.164652014652014652014652,1,7e41a873e34bf246925e,R02,2019-03-15,2019
0.1,NQU9,full_overnight,POC_ATOMIC,31763,31763,7940.875,866.8342681501505030916795623,1,7e46370de9ec82e85170,R03,2019-07-30,2019
0.1,NQM9,opening_hour_rth,POC_ATOMIC,29474,29471,7367.875,5997.559185986050183777828512,4,7e470fba7383fd8678d1,R05,2019-05-24,2019
0.2,NQZ9,midnight,POC_ATOMIC,31617,31617,7904.375,1172.548652981005922182392771,1,7e4791f92760e40e513d,R04,2019-10-21,2019
0.1,NQM9,opening_hour_rth,POC_ATOMIC,30691,30690,7672.625,3428.847795595209388312836588,2,7e4fa7ce6451fbf85a6d,R05,2019-04-16,2019
0.05,NQH9,opening_hour_rth,POC_ATOMIC,27533,27533,6883.375,861.5460084960084960084960085,1,7e647154ca74c29b303b,R05,2019-02-01,2019
0.1,NQM9,full_overnight,POC_ATOMIC,30014,30014,7503.625,1150.514128324039819530464301,1,7e6810bf2f819eb9c276,R03,2019-03-22,2019
0.05,NQZ9,full_overnight,POC_ATOMIC,31735,31735,7933.875,1302.075751736443225804927933,1,7e7bf755c01705b30a61,R03,2019-09-20,2019
0.05,NQM9,prior_rth,POC_ATOMIC,29297,29297,7324.375,2364.757809411601981261423986,1,7e7cd642ea5ee654d38e,R01,2019-05-28,2019
0.05,NQM9,prior_rth,POC_ATOMIC,29297,29297,7324.375,2364.757809411601981261423986,1,7e7cd642ea5ee654d38e,R02,2019-05-28,2019
0.1,NQZ9,midnight,POC_ATOMIC,33663,33663,8415.875,1030.073376623376623376623377,1,7e9838c47d9ec4ff4f91,R04,2019-11-27,2019
0.05,NQH0,prior_rth,POC_ATOMIC,34531,34531,8632.875,3960.581084520055108290402408,1,7ea64e58229c51bf99be,R01,2019-12-19,2019
0.05,NQH0,prior_rth,POC_ATOMIC,34531,34531,8632.875,3960.581084520055108290402408,1,7ea64e58229c51bf99be,R02,2019-12-19,2019
0.05,NQH9,full_overnight,POC_ATOMIC,26962,26962,6740.625,1546.230961422090454348518865,1,7eae8ac501eb0d42176c,R03,2019-01-22,2019
0.1,NQU9,midnight,POC_ATOMIC,31763,31763,7940.875,866.8342681501505030916795623,1,7ec1af6bbf62bb9376f2,R04,2019-07-30,2019
0.2,NQH9,midnight,POC_ATOMIC,28170,28170,7042.625,1189.07563336601027058124091,1,7ec6041a35f4e7ae7e40,R04,2019-02-14,2019
0.1,NQU9,full_overnight,POC_ATOMIC,30363,30363,7590.875,758.9951422218991878434602893,1,7eff19e5c8be8a426054,R03,2019-08-16,2019
0.1,NQM9,midnight,POC_ATOMIC,30515,30515,7628.875,1190.5644976776952073007199,1,7f1b1e6a25116670a6dc,R04,2019-05-08,2019
0.2,NQU9,full_overnight,POC_ATOMIC,31291,31291,7822.875,1153.341597291597291597291597,1,7f2dcb56444b9a761caa,R03,2019-07-08,2019
0.1,NQZ9,midnight,POC_ATOMIC,32231,32231,8057.875,823.7969887955182072829131653,1,7f3091273e82e786181e,R04,2019-10-28,2019
0.1,NQU9,midnight,POC_ATOMIC,31079,31079,7769.875,520.7380661005661005661005661,1,7f864b676761d6448f90,R04,2019-07-02,2019
0.05,NQM9,opening_hour_rth,POC_ATOMIC,29590,29590,7397.625,1185.829934927024037825184379,1,7f95a523a580861547a6,R05,2019-05-20,2019
0.2,NQZ9,prior_rth,POC_ATOMIC,32205,32205,8051.375,4312.347652889957255675243671,1,7f985825b22cecf99e31,R01,2019-10-31,2019
0.2,NQZ9,prior_rth,POC_ATOMIC,32205,32205,8051.375,4312.347652889957255675243671,1,7f985825b22cecf99e31,R02,2019-10-31,2019
0.2,NQZ9,full_overnight,POC_ATOMIC,33021,33021,8255.375,1079.566910866910866910866911,1,7fb02b22cbd8f9153898,R03,2019-11-12,2019
0.05,NQH0,midnight,POC_ATOMIC,35341,35341,8835.375,1267.687049062049062049062049,1,7fb6dbb108d3b4a48f7f,R04,2019-12-27,2019
0.2,NQZ9,prior_rth,POC_ATOMIC,16053,16053,8026.75,6009.551515151515151515151515,1,7fc96b27bf4306c09979,R01,2019-10-28,2019
0.2,NQZ9,prior_rth,POC_ATOMIC,16053,16053,8026.75,6009.551515151515151515151515,1,7fc96b27bf4306c09979,R02,2019-10-28,2019
0.05,NQM9,opening_hour_rth,POC_ATOMIC,29286,29286,7321.625,1351.564295353769037979564295,1,8000ac3a3a8956d587da,R05,2019-03-15,2019
0.05,NQM9,prior_rth,POC_ATOMIC,30014,30014,7503.625,2253.873828156802101567240707,1,8014d0b1ca85de51ce28,R01,2019-05-16,2019
0.05,NQM9,prior_rth,POC_ATOMIC,30014,30014,7503.625,2253.873828156802101567240707,1,8014d0b1ca85de51ce28,R02,2019-05-16,2019
0.2,NQM9,opening_hour_rth,POC_ATOMIC,14125,14125,7062.75,1878.993147208543160136947175,1,8035471e48da63fda62c,R05,2019-06-03,2019
0.05,NQU9,opening_hour_rth,POC_ATOMIC,31769,31769,7942.375,829.2234965785973376614305419,1,803a04bcd25ba4a5362d,R05,2019-09-12,2019
0.05,NQZ9,full_overnight,POC_ATOMIC,31364,31364,7841.125,859.2277014041977135687020154,1,803f6f4abc7bd7a8072d,R03,2019-10-14,2019
0.2,NQM9,midnight,POC_ATOMIC,30367,30367,7591.875,1749.648556998556998556998557,1,80793c4839e0c4d6438b,R04,2019-04-08,2019
0.05,NQH9,opening_hour_rth,POC_ATOMIC,25738,25738,6434.625,1178.951287529868920847319185,1,80b257b6e32d7be97e17,R05,2019-01-07,2019
0.05,NQM9,midnight,POC_ATOMIC,29661,29661,7415.375,855.266024906466082936671172,1,80bf2f970404c5fef32d,R04,2019-05-22,2019
0.05,NQM9,full_overnight,POC_ATOMIC,29651,29651,7412.875,789.4947691197691197691197691,1,80d071337aee3b8fe686,R03,2019-03-21,2019
0.2,NQZ9,opening_hour_rth,POC_ATOMIC,31851,31851,7962.875,1152.941111048967086118788905,1,80d631a353b5ac6a768c,R05,2019-10-22,2019
0.2,NQM9,opening_hour_rth,POC_ATOMIC,14879,14879,7439.75,3143.680935489631141805054849,1,80e0d34097a6b3f5677e,R05,2019-03-21,2019
0.1,NQM9,opening_hour_rth,POC_ATOMIC,29030,29030,7257.625,1792.266168447708695386713963,1,80efae4a1d106d9d0c37,R05,2019-05-30,2019
0.05,NQH9,prior_rth,POC_ATOMIC,28077,28077,7019.375,3237.726548870220182217660787,1,80f78fa653b2ebee7322,R01,2019-02-22,2019
0.05,NQH9,prior_rth,POC_ATOMIC,28077,28077,7019.375,3237.726548870220182217660787,1,80f78fa653b2ebee7322,R02,2019-02-22,2019
0.2,NQH9,midnight,POC_ATOMIC,26627,26627,6656.875,821.1616189366189366189366189,1,8120d727dbed3c7498db,R04,2019-01-17,2019
0.2,NQM9,full_overnight,POC_ATOMIC,30581,30581,7645.375,1490.299485400220694338341397,1,812232707567524503f6,R03,2019-04-11,2019
0.1,NQU9,prior_rth,POC_ATOMIC,31669,31669,7917.375,3426.772436848156808434862059,1,813f4c09136595161cf8,R01,2019-07-11,2019
0.1,NQU9,prior_rth,POC_ATOMIC,31669,31669,7917.375,3426.772436848156808434862059,1,813f4c09136595161cf8,R02,2019-07-11,2019
0.1,NQU9,midnight,POC_ATOMIC,31520,31520,7880.125,752.2259648780338435510849304,1,813fea828129b81357ec,R04,2019-07-22,2019
0.1,NQZ9,midnight,POC_ATOMIC,33021,33021,8255.375,1070.316910866910866910866911,1,81422662438d2c5e37aa,R04,2019-11-12,2019
0.2,NQU9,midnight,POC_ATOMIC,31491,31491,7872.875,925.0903342572460219519043048,1,8172c62ecf1e162f0757,R04,2019-07-18,2019
0.2,NQU9,prior_rth,POC_ATOMIC,15875,15875,7937.75,6251.625324675324675324675325,1,8185e891976e094f6aef,R01,2019-07-18,2019
0.2,NQU9,prior_rth,POC_ATOMIC,15875,15875,7937.75,6251.625324675324675324675325,1,8185e891976e094f6aef,R02,2019-07-18,2019
0.2,NQH9,prior_rth,POC_ATOMIC,13203,13203,6601.75,3764.309814939961998785528197,1,81988045278628f1c9d9,R01,2019-01-11,2019
0.2,NQH9,prior_rth,POC_ATOMIC,13203,13203,6601.75,3764.309814939961998785528197,1,81988045278628f1c9d9,R02,2019-01-11,2019
0.05,NQZ9,opening_hour_rth,POC_ATOMIC,31507,31507,7876.875,1138.171338447010059936338957,1,819b8926c0c9d9bdccc7,R05,2019-09-17,2019
0.05,NQM9,prior_rth,POC_ATOMIC,29986,29986,7496.625,3279.707002719502719502719503,1,81a10005007e2ea1b9f1,R01,2019-04-02,2019
0.05,NQM9,prior_rth,POC_ATOMIC,29986,29986,7496.625,3279.707002719502719502719503,1,81a10005007e2ea1b9f1,R02,2019-04-02,2019
0.2,NQH9,prior_rth,POC_ATOMIC,13771,13771,6885.75,6719.213058382367845283446306,1,81ea70f4f00e69f78e82,R01,2019-02-08,2019
0.2,NQH9,prior_rth,POC_ATOMIC,13771,13771,6885.75,6719.213058382367845283446306,1,81ea70f4f00e69f78e82,R02,2019-02-08,2019
0.05,NQM9,full_overnight,POC_ATOMIC,28830,28830,7207.625,1185.080085519056107291401409,1,81f9c88c118d1d6d7843,R03,2019-06-05,2019
0.1,NQH9,opening_hour_rth,POC_ATOMIC,28032,28032,7008.125,1673.757055759944775963082599,1,8208f5a64bdaba3dad46,R05,2019-02-05,2019
0.1,NQH9,opening_hour_rth,POC_ATOMIC,28829,28829,7207.375,1411.897183317438666519344397,1,821d5fb9f5d6dd19d9fe,R05,2019-03-04,2019
0.2,NQM9,midnight,POC_ATOMIC,29528,29528,7382.125,1165.266628469569646040234276,1,8237c9dd9bedfe5d950f,R04,2019-03-20,2019
0.05,NQZ9,prior_rth,POC_ATOMIC,32779,32779,8194.875,4043.831401356708772285913307,1,824570fc76908502fdcb,R01,2019-11-07,2019
0.05,NQZ9,prior_rth,POC_ATOMIC,32779,32779,8194.875,4043.831401356708772285913307,1,824570fc76908502fdcb,R02,2019-11-07,2019
0.1,NQZ9,prior_rth,POC_ATOMIC,31745,31745,7936.375,1911.145699480258303787715552,1,8263139dc4664625f979,R01,2019-10-23,2019
0.1,NQZ9,prior_rth,POC_ATOMIC,31745,31745,7936.375,1911.145699480258303787715552,1,8263139dc4664625f979,R02,2019-10-23,2019
0.1,NQZ9,midnight,POC_ATOMIC,31759,31759,7939.875,1246.912806637806637806637807,1,8266f6bdc5437e664577,R04,2019-10-25,2019
0.05,NQZ9,opening_hour_rth,POC_ATOMIC,33657,33657,8414.375,1230.303978482954455494501261,1,82d5e6b6867af37dc2b4,R05,2019-11-27,2019
0.05,NQU9,prior_rth,POC_ATOMIC,31914,31914,7978.625,2267.770664916924507717346592,1,82ecfcb9d0046b189332,R01,2019-07-17,2019
0.05,NQU9,prior_rth,POC_ATOMIC,31914,31914,7978.625,2267.770664916924507717346592,1,82ecfcb9d0046b189332,R02,2019-07-17,2019
0.1,NQZ9,opening_hour_rth,POC_ATOMIC,33178,33178,8294.625,1422.610906577083047671282965,1,82f1714a9c107d00f36f,R05,2019-11-18,2019
0.1,NQH0,midnight,POC_ATOMIC,34432,34432,8608.125,872.0804834054834054834054834,1,8327136e8332180c1a55,R04,2019-12-17,2019
0.05,NQM9,midnight,POC_ATOMIC,29602,29602,7400.625,688.5022652112360491467652159,1,839052723e326bb381f8,R04,2019-05-20,2019
0.2,NQM9,opening_hour_rth,POC_ATOMIC,30691,30690,7672.625,3428.847795595209388312836588,2,83b3ce7b82282ff27fc5,R05,2019-04-16,2019
0.1,NQH9,prior_rth,POC_ATOMIC,28198,28198,7049.625,2904.682912234421777057811889,1,83bc353fc3ea519f18e8,R01,2019-03-08,2019
0.1,NQH9,prior_rth,POC_ATOMIC,28198,28198,7049.625,2904.682912234421777057811889,1,83bc353fc3ea519f18e8,R02,2019-03-08,2019
0.05,NQU9,full_overnight,POC_ATOMIC,30417,30417,7604.375,728.6781609405823141264165029,1,83d02e9dec34eec9f249,R03,2019-08-05,2019
0.2,NQU9,prior_rth,POC_ATOMIC,30251,30251,7562.875,2300.964767048056521740732267,1,83e7016dd1715c338e17,R01,2019-06-18,2019
0.2,NQU9,prior_rth,POC_ATOMIC,30251,30251,7562.875,2300.964767048056521740732267,1,83e7016dd1715c338e17,R02,2019-06-18,2019
0.2,NQH9,full_overnight,POC_ATOMIC,13746,13746,6873.25,2401.677258852258852258852259,1,83f0156b15414498f59c,R03,2019-02-08,2019
0.1,NQH9,prior_rth,POC_ATOMIC,28349,28349,7087.375,2746.906983571983571983571984,1,83f1e6d05024aee4d686,R01,2019-02-25,2019
0.1,NQH9,prior_rth,POC_ATOMIC,28349,28349,7087.375,2746.906983571983571983571984,1,83f1e6d05024aee4d686,R02,2019-02-25,2019
0.2,NQZ9,full_overnight,POC_ATOMIC,33547,33547,8386.875,1874.373841947526158052473842,1,83f7246df49057a4501c,R03,2019-12-09,2019
0.05,NQH9,full_overnight,POC_ATOMIC,26348,26348,6587.125,1373.631183103102607746570595,1,842aecdd0a2a50f88d32,R03,2019-01-09,2019
0.05,NQU9,opening_hour_rth,POC_ATOMIC,30052,30052,7513.125,1396.863017889398703352191724,1,8433964104e0526aa666,R05,2019-08-06,2019
0.2,NQZ9,midnight,POC_ATOMIC,31802,31802,7950.625,898.4158521303258145363408521,1,843e94ebf18f8b22d001,R04,2019-10-18,2019
0.1,NQM9,prior_rth,POC_ATOMIC,14849,14849,7424.75,7333.338913863913863913863914,1,84560b7aeef411927c53,R01,2019-06-10,2019
0.1,NQM9,prior_rth,POC_ATOMIC,14849,14849,7424.75,7333.338913863913863913863914,1,84560b7aeef411927c53,R02,2019-06-10,2019
0.1,NQU9,prior_rth,POC_ATOMIC,31043,31043,7760.875,2893.368536727228143903707051,1,8459fc26f48f9cf47149,R01,2019-06-24,2019
0.1,NQU9,prior_rth,POC_ATOMIC,31043,31043,7760.875,2893.368536727228143903707051,1,8459fc26f48f9cf47149,R02,2019-06-24,2019
0.2,NQU9,midnight,POC_ATOMIC,31520,31520,7880.125,752.2259648780338435510849304,1,84955b4d7bce4f9c22d7,R04,2019-07-22,2019
0.2,NQH9,full_overnight,POC_ATOMIC,9182,9182,6886.875,4938.139845938375350140056022,1,84a3efad45e5b6334d10,R03,2019-02-01,2019
0.1,NQZ9,prior_rth,POC_ATOMIC,33089,33089,8272.375,3410.523459260569521540603961,1,84df1483dd3cd35d1657,R01,2019-11-22,2019
0.1,NQZ9,prior_rth,POC_ATOMIC,33089,33089,8272.375,3410.523459260569521540603961,1,84df1483dd3cd35d1657,R02,2019-11-22,2019
0.05,NQZ9,prior_rth,POC_ATOMIC,33485,33485,8371.375,2500.288552630943935291761379,1,850df25885d7c3079dce,R01,2019-12-11,2019
0.05,NQZ9,prior_rth,POC_ATOMIC,33485,33485,8371.375,2500.288552630943935291761379,1,850df25885d7c3079dce,R02,2019-12-11,2019
0.2,NQZ9,full_overnight,POC_ATOMIC,10079,10079,7559.625,4045.021428571428571428571429,1,85184b5c4f5a7fce5afe,R03,2019-10-03,2019
0.1,NQZ9,prior_rth,POC_ATOMIC,31057,31057,7764.375,1553.764720026826492424396485,1,85298da540e70c84fc0c,R01,2019-09-26,2019
0.1,NQZ9,prior_rth,POC_ATOMIC,31057,31057,7764.375,1553.764720026826492424396485,1,85298da540e70c84fc0c,R02,2019-09-26,2019
0.2,NQH9,opening_hour_rth,POC_ATOMIC,26151,26151,6537.875,1282.935594737622495748256829,1,8542dc58e9e3e4c760c5,R05,2019-01-14,2019
0.2,NQZ9,opening_hour_rth,POC_ATOMIC,16588,16588,8294.25,2722.276031403237285590226767,1,854e949eab665f9f6b54,R05,2019-11-18,2019
0.2,NQM9,midnight,POC_ATOMIC,29534,29534,7383.625,748.5089611532258591082120494,1,855aaa7ed045fe90233d,R04,2019-03-27,2019
0.2,NQU9,prior_rth,POC_ATOMIC,10351,10351,7763.625,8646.673820623820623820623821,1,8581d587409020f9c9c5,R01,2019-06-24,2019
0.2,NQU9,prior_rth,POC_ATOMIC,10351,10351,7763.625,8646.673820623820623820623821,1,8581d587409020f9c9c5,R02,2019-06-24,2019
0.1,NQH9,full_overnight,POC_ATOMIC,28391,28391,7097.875,961.6795621045621045621045621,1,85be8b16933b1a03cc53,R03,2019-02-26,2019
0.1,NQH9,midnight,POC_ATOMIC,26286,26286,6571.625,1305.025271950271950271950272,1,85e248615584612fd780,R04,2019-01-15,2019
0.05,NQM9,prior_rth,POC_ATOMIC,30057,30057,7514.375,3075.269719202656356747890608,1,85f107d4e51017cde663,R01,2019-06-14,2019
0.05,NQM9,prior_rth,POC_ATOMIC,30057,30057,7514.375,3075.269719202656356747890608,1,85f107d4e51017cde663,R02,2019-06-14,2019
0.1,NQZ9,prior_rth,POC_ATOMIC,31713,31713,7928.375,2614.788243916143532511818957,1,85f163063ab16f649268,R01,2019-09-20,2019
0.1,NQZ9,prior_rth,POC_ATOMIC,31713,31713,7928.375,2614.788243916143532511818957,1,85f163063ab16f649268,R02,2019-09-20,2019
0.1,NQU9,full_overnight,POC_ATOMIC,32018,32018,8004.625,1583.384538135583027223894097,1,86001d2228d22c24ed58,R03,2019-07-26,2019
0.2,NQU9,midnight,POC_ATOMIC,5977,5977,7471.875,5902.138095238095238095238095,1,86126c32dfc1cf52f8ea,R04,2019-08-06,2019
0.2,NQH9,prior_rth,POC_ATOMIC,13444,13444,6722.25,5063.346780453845671236975585,1,862dcaeef02a76537053,R01,2019-01-31,2019
0.2,NQH9,prior_rth,POC_ATOMIC,13444,13444,6722.25,5063.346780453845671236975585,1,862dcaeef02a76537053,R02,2019-01-31,2019
0.2,NQM9,opening_hour_rth,POC_ATOMIC,14080,14080,7040.25,2740.738132609303022548412237,1,863ab6967decf08350e7,R05,2019-06-04,2019
0.05,NQM9,midnight,POC_ATOMIC,29198,29198,7299.625,1033.42774650123262402488643,1,863d79a47c5403b41c13,R04,2019-03-15,2019
0.05,NQU9,opening_hour_rth,POC_ATOMIC,30971,30971,7742.875,783.5246390393375482318628464,1,863e9361ecf13ce742a2,R05,2019-08-13,2019
0.05,NQH9,opening_hour_rth,POC_ATOMIC,28617,28617,7154.375,1547.499911716823481529363882,1,867b8d99ae07b33823af,R05,2019-02-25,2019
0.05,NQH9,opening_hour_rth,POC_ATOMIC,28070,28070,7017.625,1736.934063827844636177538366,1,86a813141471f8935135,R05,2019-02-21,2019
0.05,NQH9,prior_rth,POC_ATOMIC,25740,25740,6435.125,2463.724356578805503574656853,1,86b6ed82b8c2a718d602,R01,2019-01-07,2019
0.05,NQH9,prior_rth,POC_ATOMIC,25740,25740,6435.125,2463.724356578805503574656853,1,86b6ed82b8c2a718d602,R02,2019-01-07,2019
0.2,NQM9,full_overnight,POC_ATOMIC,15046,15046,7523.25,1912.145547873179452126820548,1,86cd7e62f276640a1404,R03,2019-05-17,2019
0.05,NQM9,full_overnight,POC_ATOMIC,28963,28963,7240.875,611.384706959706959706959707,1,86dd503aa5adf4c3f102,R03,2019-03-13,2019
0.05,NQH9,full_overnight,POC_ATOMIC,28187,28187,7046.875,1645.651812671653150217457296,1,86ec329fdb497a57543a,R03,2019-02-13,2019
0.2,NQU9,midnight,POC_ATOMIC,30493,30493,7623.375,828.102460320263423605390892,1,86f5749d5e2e9c28ac94,R04,2019-08-14,2019
0.2,NQZ9,prior_rth,POC_ATOMIC,33108,33108,8277.125,3693.668488198248260167764812,1,871213450b68c085fda1,R01,2019-11-14,2019
0.2,NQZ9,prior_rth,POC_ATOMIC,33108,33108,8277.125,3693.668488198248260167764812,1,871213450b68c085fda1,R02,2019-11-14,2019
0.2,NQU9,prior_rth,POC_ATOMIC,31741,31741,7935.375,2593.313713053232167514035868,1,874db3c9ee2aad847f52,R01,2019-07-24,2019
0.2,NQU9,prior_rth,POC_ATOMIC,31741,31741,7935.375,2593.313713053232167514035868,1,874db3c9ee2aad847f52,R02,2019-07-24,2019
0.2,NQU9,midnight,POC_ATOMIC,31325,31325,7831.375,870.3427489177489177489177489,1,875424525e7c2b3f85c6,R04,2019-07-10,2019
0.1,NQM9,prior_rth,POC_ATOMIC,29901,29901,7475.375,3237.89692979277537810964596,1,876e5b0218291df8822a,R01,2019-06-13,2019
0.1,NQM9,prior_rth,POC_ATOMIC,29901,29901,7475.375,3237.89692979277537810964596,1,876e5b0218291df8822a,R02,2019-06-13,2019
0.05,NQU9,prior_rth,POC_ATOMIC,31588,31588,7897.125,2872.6972937236482128122995,1,8783b43f26aa4560966e,R01,2019-07-23,2019
0.05,NQU9,prior_rth,POC_ATOMIC,31588,31588,7897.125,2872.6972937236482128122995,1,8783b43f26aa4560966e,R02,2019-07-23,2019
0.2,NQM9,opening_hour_rth,POC_ATOMIC,31368,31368,7842.125,1840.418130843297083706290867,1,879628732d189ff18216,R05,2019-05-01,2019
0.05,NQU9,midnight,POC_ATOMIC,30714,30714,7678.625,877.8707656971511460675547363,1,87b87e3d0b55120a3141,R04,2019-08-09,2019
0.05,NQM9,prior_rth,POC_ATOMIC,29117,29117,7279.375,4324.096144273540338539734587,1,87baa69ce4ec32bcb147,R01,2019-03-15,2019
0.05,NQM9,prior_rth,POC_ATOMIC,29117,29117,7279.375,4324.096144273540338539734587,1,87baa69ce4ec32bcb147,R02,2019-03-15,2019
0.1,NQZ9,opening_hour_rth,POC_ATOMIC,32852,32852,8213.125,1320.938307622098488492723932,1,87bde4073541b04964d0,R05,2019-11-08,2019
0.2,NQM9,midnight,POC_ATOMIC,29950,29950,7487.625,867.5111111111111111111111111,1,87cf7d105c4a27a5c8c3,R04,2019-04-02,2019
0.1,NQH9,midnight,POC_ATOMIC,26800,26800,6700.125,686.0999278499278499278499278,1,87d98644a038b931f2b1,R04,2019-01-30,2019
0.2,NQU9,opening_hour_rth,POC_ATOMIC,15438,15438,7719.25,2040.797474747474747474747475,1,87da13ba768f3ce7f70f,R05,2019-08-19,2019
0.2,NQH9,midnight,POC_ATOMIC,28620,28620,7155.125,1332.899240302181478652066887,1,87f3a85ca719320dbd45,R04,2019-03-01,2019
0.2,NQM9,opening_hour_rth,POC_ATOMIC,15290,15290,7645.25,5888.191468253968253968253968,1,8816832671892d88ba4a,R05,2019-04-12,2019
0.05,NQZ9,midnight,POC_ATOMIC,33247,33247,8311.875,842.8490962180782631178248951,1,882285a21843c8d13f14,R04,2019-12-05,2019
0.05,NQU9,prior_rth,POC_ATOMIC,31811,31811,7952.875,2881.612698412698412698412698,1,883ca03933eb899788e9,R01,2019-07-15,2019
0.05,NQU9,prior_rth,POC_ATOMIC,31811,31811,7952.875,2881.612698412698412698412698,1,883ca03933eb899788e9,R02,2019-07-15,2019
0.05,NQM9,midnight,POC_ATOMIC,30719,30719,7679.875,1653.970384586174059858270385,1,88414aa9aae8e0a0bfdf,R04,2019-04-16,2019
0.05,NQH0,opening_hour_rth,POC_ATOMIC,34395,34395,8598.875,1043.352879473467708761826409,1,886e916870c007b74ea2,R05,2019-12-16,2019
0.1,NQZ9,prior_rth,POC_ATOMIC,33097,33097,8274.375,2421.973924321292742345373924,1,8871a1532178c7c0062f,R01,2019-11-25,2019
0.1,NQZ9,prior_rth,POC_ATOMIC,33097,33097,8274.375,2421.973924321292742345373924,1,8871a1532178c7c0062f,R02,2019-11-25,2019
0.2,NQH9,midnight,POC_ATOMIC,27803,27803,6950.875,776.67586996336996336996337,1,887a66c447920362fb7d,R04,2019-02-11,2019
0.05,NQZ9,opening_hour_rth,POC_ATOMIC,33178,33178,8294.625,1422.610906577083047671282965,1,887ce5aa0ceeff43ce23,R05,2019-11-18,2019
0.2,NQM9,opening_hour_rth,POC_ATOMIC,7369,7369,7369.5,4759.766266383255547342234649,1,8898b2c8f43bb593e158,R05,2019-05-13,2019
0.05,NQZ9,prior_rth,POC_ATOMIC,32106,32106,8026.625,2961.426947784184626289889448,1,889ddd37cf5a2bf46f49,R01,2019-10-28,2019
0.05,NQZ9,prior_rth,POC_ATOMIC,32106,32106,8026.625,2961.426947784184626289889448,1,889ddd37cf5a2bf46f49,R02,2019-10-28,2019
0.05,NQH9,prior_rth,POC_ATOMIC,26627,26627,6656.875,2586.160481000120806192297395,1,88d12dfb0475c99942a0,R01,2019-01-23,2019
0.05,NQH9,prior_rth,POC_ATOMIC,26627,26627,6656.875,2586.160481000120806192297395,1,88d12dfb0475c99942a0,R02,2019-01-23,2019
0.05,NQM9,opening_hour_rth,POC_ATOMIC,30074,30074,7518.625,1097.255863321815625178623376,1,88e22a6ae756dad1c35c,R05,2019-06-13,2019
0.2,NQU9,midnight,POC_ATOMIC,31857,31857,7964.375,1082.397587135087135087135087,1,88e4668d0126eb6ab3e7,R04,2019-07-19,2019
0.1,NQM9,prior_rth,POC_ATOMIC,28626,28626,7156.625,2837.02527361455139637027153,1,88f0d4f99921c1b7b4e4,R01,2019-06-03,2019
0.1,NQM9,prior_rth,POC_ATOMIC,28626,28626,7156.625,2837.02527361455139637027153,1,88f0d4f99921c1b7b4e4,R02,2019-06-03,2019
0.1,NQU9,opening_hour_rth,POC_ATOMIC,30617,30617,7654.375,1391.66893277254081769106209,1,8914731079f31234bd7f,R05,2019-06-19,2019
0.2,NQZ9,midnight,POC_ATOMIC,15798,15798,7899.25,1361.948358585858585858585859,1,8917809c54528163a6fb,R04,2019-09-19,2019
0.05,NQM9,midnight,POC_ATOMIC,30179,30179,7544.875,828.0118352407826092036618352,1,893199484647df0b8cc2,R04,2019-06-11,2019
0.1,NQZ9,opening_hour_rth,POC_ATOMIC,33684,33684,8421.125,1663.698718753637617734980818,1,89b1faf4f0653746086a,R05,2019-12-09,2019
0.2,NQU9,midnight,POC_ATOMIC,15871,15871,7935.75,2023.653934855993679523091288,1,89baf5ee4d35bfe373fe,R04,2019-09-12,2019
0.2,NQM9,opening_hour_rth,POC_ATOMIC,9755,9755,7316.625,4343.357341269841269841269841,1,89ecfdb55bfa0b94dbbc,R05,2019-05-23,2019
0.1,NQM9,opening_hour_rth,POC_ATOMIC,28848,28848,7212.125,1464.741588293551589093471603,1,89f2a794d2a2eebe8df5,R05,2019-03-12,2019
0.2,NQU9,prior_rth,POC_ATOMIC,7700,7700,7700.5,7530.77322954822954822954823,1,89fa23d7d7b738abe101,R01,2019-08-09,2019
0.2,NQU9,prior_rth,POC_ATOMIC,7700,7700,7700.5,7530.77322954822954822954823,1,89fa23d7d7b738abe101,R02,2019-08-09,2019
0.1,NQZ9,midnight,POC_ATOMIC,33214,33214,8303.625,1327.448054035350776006726065,1,8a1faa7d8596cc1bffab,R04,2019-12-04,2019
0.2,NQH9,prior_rth,POC_ATOMIC,28336,28336,7084.125,2990.402973415473415473415473,1,8a7528e5ec188a23c690,R01,2019-02-20,2019
0.2,NQH9,prior_rth,POC_ATOMIC,28336,28336,7084.125,2990.402973415473415473415473,1,8a7528e5ec188a23c690,R02,2019-02-20,2019
0.2,NQU9,opening_hour_rth,POC_ATOMIC,10063,10063,7547.625,2719.281529615894940972340353,1,8a77eba60d50cc7ea7c8,R05,2019-08-28,2019
0.05,NQZ9,midnight,POC_ATOMIC,32231,32231,8057.875,823.7969887955182072829131653,1,8aa9588537a66ee73d60,R04,2019-10-28,2019
0.05,NQM9,midnight,POC_ATOMIC,29528,29528,7382.125,1165.266628469569646040234276,1,8aab203bdd8070cc1c34,R04,2019-03-20,2019
0.1,NQM9,midnight,POC_ATOMIC,30367,30367,7591.875,1749.648556998556998556998557,1,8aae7d115612b80cb133,R04,2019-04-08,2019
0.05,NQH0,midnight,POC_ATOMIC,34448,34448,8612.125,1125.330158730158730158730159,1,8ab7a78d75c7d1bb044d,R04,2019-12-18,2019
0.1,NQU9,prior_rth,POC_ATOMIC,15620,15620,7810.25,2680.953499278499278499278499,1,8abfaa917dba0e1e51c7,R01,2019-07-08,2019
0.1,NQU9,prior_rth,POC_ATOMIC,15620,15620,7810.25,2680.953499278499278499278499,1,8abfaa917dba0e1e51c7,R02,2019-07-08,2019
0.2,NQZ9,midnight,POC_ATOMIC,33261,33261,8315.375,1480.824383127609949589509472,1,8ac09b53241d5491d6b3,R04,2019-11-20,2019
0.2,NQH9,midnight,POC_ATOMIC,28405,28405,7101.375,1045.679757660640013581190052,1,8b0a77908a905efa9e88,R04,2019-02-27,2019
0.05,NQM9,midnight,POC_ATOMIC,31196,31196,7799.125,839.3641025641025641025641026,1,8b3074ef00358fc9e133,R04,2019-04-30,2019
0.2,NQM9,opening_hour_rth,POC_ATOMIC,30304,30304,7576.125,1297.319372709641855254807293,1,8b3f416c5d4036abe549,R05,2019-04-08,2019
0.05,NQH9,full_overnight,POC_ATOMIC,27547,27547,6886.875,1719.068455573470771039160097,1,8b5f1e946fe97f074464,R03,2019-02-01,2019
0.2,NQU9,full_overnight,POC_ATOMIC,15363,15363,7681.75,1642.254609116373822256175197,1,8b7c9c973f0e6958128c,R03,2019-06-27,2019
0.05,NQU9,midnight,POC_ATOMIC,31188,31188,7797.125,694.8567432567432567432567433,1,8b7f34e22c6ff7ce36ae,R04,2019-06-20,2019
0.2,NQH9,opening_hour_rth,POC_ATOMIC,14141,14141,7070.75,2642.702325452325452325452325,1,8baa117bc4d9f50a792e,R05,2019-02-22,2019
0.1,NQM9,midnight,POC_ATOMIC,30870,30870,7717.625,1016.288923870420448612740616,1,8bbbfff0e197a492f4cf,R04,2019-05-06,2019
0.05,NQU9,prior_rth,POC_ATOMIC,29987,29987,7496.875,2491.891724941359010514880196,1,8bc5d97d9326d6001a7e,R01,2019-08-06,2019
0.05,NQU9,prior_rth,POC_ATOMIC,29987,29987,7496.875,2491.891724941359010514880196,1,8bc5d97d9326d6001a7e,R02,2019-08-06,2019
0.2,NQH9,midnight,POC_ATOMIC,26180,26180,6545.125,613.459369783982787078762311,1,8be426e1f63c300f1cbb,R04,2019-01-08,2019
0.2,NQM9,full_overnight,POC_ATOMIC,30697,30697,7674.375,890.8979622229622229622229622,1,8bfea4ee3e4c920e7da4,R03,2019-04-18,2019
0.1,NQZ9,opening_hour_rth,POC_ATOMIC,31859,31859,7964.875,764.0442814867645088358161363,1,8c0b31d68fcb4dffe3a9,R05,2019-10-25,2019
0.2,NQH9,midnight,POC_ATOMIC,27813,27813,6953.375,1163.192099464003488771290629,1,8c186fc2d61dfd40cd26,R04,2019-02-07,2019
0.05,NQH9,full_overnight,POC_ATOMIC,26708,26708,6677.125,1018.570808120792948917271601,1,8c1db9845a56725767b4,R03,2019-01-30,2019
0.1,NQZ9,opening_hour_rth,POC_ATOMIC,31936,31936,7984.125,1162.994268210289882116507504,1,8c2717291ae03bd2dc95,R05,2019-10-17,2019
0.1,NQU9,prior_rth,POC_ATOMIC,30797,30797,7699.375,2485.426762902664220764787408,1,8c2bcb6febae5946f15a,R01,2019-06-19,2019
0.1,NQU9,prior_rth,POC_ATOMIC,30797,30797,7699.375,2485.426762902664220764787408,1,8c2bcb6febae5946f15a,R02,2019-06-19,2019
0.05,NQZ9,full_overnight,POC_ATOMIC,32888,32888,8222.125,1452.351682576682576682576683,1,8c62de97e1eb9f19d1f3,R03,2019-11-11,2019
0.1,NQM9,prior_rth,POC_ATOMIC,15013,15013,7506.75,5038.522878158584488855885665,1,8c715115147f3cf9ce63,R01,2019-05-10,2019
0.1,NQM9,prior_rth,POC_ATOMIC,15013,15013,7506.75,5038.522878158584488855885665,1,8c715115147f3cf9ce63,R02,2019-05-10,2019
0.1,NQZ9,midnight,POC_ATOMIC,31877,31877,7969.375,824.8629148629148629148629149,1,8c71c1dc52c2e9f651b9,R04,2019-10-22,2019
0.05,NQM9,opening_hour_rth,POC_ATOMIC,28613,28613,7153.375,1356.04256089585059935269562,1,8c76a69c7fe0ed8507ea,R05,2019-05-31,2019
0.2,NQH9,opening_hour_rth,POC_ATOMIC,13874,13874,6937.25,2645.730731401667934175674114,1,8cd5ee3d4df73c26d0e7,R05,2019-02-11,2019
0.05,NQM9,full_overnight,POC_ATOMIC,30581,30581,7645.375,1490.299485400220694338341397,1,8cd9540ca3806f2150c1,R03,2019-04-11,2019
0.1,NQU9,full_overnight,POC_ATOMIC,31485,31485,7871.375,1822.908669728522669699140287,1,8cdc37074f2377c379c7,R03,2019-09-09,2019
0.2,NQZ9,full_overnight,POC_ATOMIC,33460,33460,8365.125,1585.76090992340992340992341,1,8ced259ad8a80bb33b31,R03,2019-12-10,2019
0.1,NQU9,opening_hour_rth,POC_ATOMIC,30802,30802,7700.625,1303.279314458126643589889197,1,8d11b6dce33c1cebe31c,R05,2019-06-26,2019
0.05,NQU9,prior_rth,POC_ATOMIC,30463,30463,7615.875,2888.317341837645692634207565,1,8d11c264a16c3328acfd,R01,2019-08-19,2019
0.05,NQU9,prior_rth,POC_ATOMIC,30463,30463,7615.875,2888.317341837645692634207565,1,8d11c264a16c3328acfd,R02,2019-08-19,2019
0.05,NQU9,prior_rth,POC_ATOMIC,32016,32016,8004.125,1993.765187590187590187590188,1,8d1c9913e1a89a292aa1,R01,2019-07-30,2019
0.05,NQU9,prior_rth,POC_ATOMIC,32016,32016,8004.125,1993.765187590187590187590188,1,8d1c9913e1a89a292aa1,R02,2019-07-30,2019
0.05,NQZ9,midnight,POC_ATOMIC,32989,32989,8247.375,1263.298252981228475155335754,1,8d250e5dde9e4678c209,R04,2019-11-07,2019
0.05,NQM9,opening_hour_rth,POC_ATOMIC,29076,29076,7269.125,1533.43398283385712658692268,1,8d2e7232206e8381f4a9,R05,2019-03-13,2019
0.1,NQZ9,opening_hour_rth,POC_ATOMIC,30938,30938,7734.625,1102.393681064365207587713982,1,8d749054125640c000d1,R05,2019-09-30,2019
0.2,NQU9,prior_rth,POC_ATOMIC,15976,15976,7988.25,4554.239538239538239538239538,1,8d77ea9090f8b7863c89,R01,2019-07-25,2019
0.2,NQU9,prior_rth,POC_ATOMIC,15976,15976,7988.25,4554.239538239538239538239538,1,8d77ea9090f8b7863c89,R02,2019-07-25,2019
0.2,NQM9,opening_hour_rth,POC_ATOMIC,31145,31145,7786.375,1211.295917313168365061773196,1,8d8a87bc3651d6d31dcf,R05,2019-04-23,2019
0.1,NQU9,midnight,POC_ATOMIC,30945,30945,7736.375,1371.379038502179234444680669,1,8d965c28f53b34de425f,R04,2019-08-20,2019
0.2,NQM9,full_overnight,POC_ATOMIC,15610,15610,7805.25,1967.490909090909090909090909,1,8dba9a967340a0d2433e,R03,2019-04-30,2019
0.05,NQZ9,midnight,POC_ATOMIC,30968,30968,7742.125,739.138678635746278395541999,1,8df54cd43b581ecda49f,R04,2019-10-07,2019
0.05,NQU9,opening_hour_rth,POC_ATOMIC,31016,31016,7754.125,1211.906629791383102644500563,1,8dff63bb0d5a1afa02ad,R05,2019-08-21,2019
0.1,NQU9,full_overnight,POC_ATOMIC,30165,30165,7541.375,1267.148502895410063946832735,1,8e130a4fc0e160bf2e32,R03,2019-08-13,2019
0.05,NQM9,midnight,POC_ATOMIC,28940,28940,7235.125,899.6744254237615529106006777,1,8e7969efda06e4e32cb4,R04,2019-06-05,2019
0.2,NQH9,full_overnight,POC_ATOMIC,8983,8983,6737.625,3574.546031746031746031746032,1,8e97b75aad651973776c,R03,2019-01-18,2019
0.1,NQM9,full_overnight,POC_ATOMIC,28830,28830,7207.625,1185.080085519056107291401409,1,8eb2d81c3e852ac8c054,R03,2019-06-05,2019
0.1,NQM9,opening_hour_rth,POC_ATOMIC,30580,30580,7645.125,3107.350934190732615823475966,1,8f045687048e230ece8e,R05,2019-04-12,2019
0.05,NQZ9,opening_hour_rth,POC_ATOMIC,33142,33142,8285.625,1243.931426662516057381235951,1,8f07d3d1d14aba3706c1,R05,2019-11-22,2019
0.05,NQZ9,prior_rth,POC_ATOMIC,32913,32913,8228.375,3793.297152555047291889397153,1,8f0c8b498b8aa4e82314,R01,2019-11-06,2019
0.05,NQZ9,prior_rth,POC_ATOMIC,32913,32913,8228.375,3793.297152555047291889397153,1,8f0c8b498b8aa4e82314,R02,2019-11-06,2019
0.1,NQH9,opening_hour_rth,POC_ATOMIC,12581,12581,6290.75,1533.774513650247613645567461,1,8f167cf119d8f5e0ca67,R05,2019-01-04,2019
0.2,NQM9,midnight,POC_ATOMIC,29185,29185,7296.375,754.1607332725753778385357333,1,8f279fbe40474aaa0537,R04,2019-03-14,2019
0.05,NQM9,opening_hour_rth,POC_ATOMIC,31145,31145,7786.375,1211.295917313168365061773196,1,8f3e1c78e0060cc2fe8e,R05,2019-04-23,2019
0.2,NQH9,midnight,POC_ATOMIC,26776,26776,6694.125,928.9033515580027207934184678,1,8f3ee9b225f5897fcf99,R04,2019-01-24,2019
0.05,NQZ9,opening_hour_rth,POC_ATOMIC,33080,33080,8270.125,1263.270645866679591802449329,1,8f45c2405dc41822625e,R05,2019-11-21,2019
0.05,NQM9,prior_rth,POC_ATOMIC,30244,30244,7561.125,3576.185013207679082558980072,1,8f56ded0d3bb2f059c59,R01,2019-04-05,2019
0.05,NQM9,prior_rth,POC_ATOMIC,30244,30244,7561.125,3576.185013207679082558980072,1,8f56ded0d3bb2f059c59,R02,2019-04-05,2019
0.1,NQU9,opening_hour_rth,POC_ATOMIC,31129,31129,7782.375,1201.704865194357909300747479,1,8f88ec6b124eeb7153b7,R05,2019-07-08,2019
0.2,NQU9,full_overnight,POC_ATOMIC,15246,15246,7623.25,1596.335625859348769565487832,1,8f9350e64a74d91e9043,R03,2019-08-14,2019
0.2,NQZ9,full_overnight,POC_ATOMIC,33338,33338,8334.625,1419.796542428160075218898748,1,8fbf92e17ed690a35783,R03,2019-12-06,2019
0.1,NQZ9,full_overnight,POC_ATOMIC,33182,33182,8295.625,2217.776012453081322062285108,1,900c338a40aaf1e6e8a1,R03,2019-11-22,2019
0.05,NQU9,midnight,POC_ATOMIC,30099,30099,7524.875,1190.579901673697359001250084,1,902fe75402dce15f747a,R04,2019-08-15,2019
0.1,NQU9,opening_hour_rth,POC_ATOMIC,31751,31751,7937.875,834.3007711457788857169662123,1,904308e0b8290da6ed4b,R05,2019-07-23,2019
0.05,NQH9,opening_hour_rth,POC_ATOMIC,27019,27019,6754.875,1221.577931104097432697838377,1,90631b18291da2728591,R05,2019-01-18,2019
0.1,NQZ9,midnight,POC_ATOMIC,33256,33256,8314.125,1888.699674560046077073940851,1,9084b9b20c0bc2901aab,R04,2019-11-18,2019
0.1,NQZ9,opening_hour_rth,POC_ATOMIC,33007,33007,8251.875,1601.366160118342444362097074,1,90927c83f41d8bd71197,R05,2019-11-14,2019
0.1,NQM9,prior_rth,POC_ATOMIC,30057,30057,7514.375,3075.269719202656356747890608,1,90c8ec27509eda45511e,R01,2019-06-14,2019
0.1,NQM9,prior_rth,POC_ATOMIC,30057,30057,7514.375,3075.269719202656356747890608,1,90c8ec27509eda45511e,R02,2019-06-14,2019
0.05,NQM9,prior_rth,POC_ATOMIC,28813,28813,7203.375,3023.526775521404901006423963,1,91027614ff0cdcd00611,R01,2019-06-06,2019
0.05,NQM9,prior_rth,POC_ATOMIC,28813,28813,7203.375,3023.526775521404901006423963,1,91027614ff0cdcd00611,R02,2019-06-06,2019
0.2,NQU9,full_overnight,POC_ATOMIC,15647,15647,7823.75,2067.950396825396825396825397,1,91275b8734e66cb37cba,R03,2019-07-01,2019
0.2,NQZ9,prior_rth,POC_ATOMIC,16742,16742,8371.25,4926.295984570984570984570985,1,9132d6b5a4bca7b84c9a,R01,2019-12-11,2019
0.2,NQZ9,prior_rth,POC_ATOMIC,16742,16742,8371.25,4926.295984570984570984570985,1,9132d6b5a4bca7b84c9a,R02,2019-12-11,2019
0.05,NQU9,prior_rth,POC_ATOMIC,30983,30983,7745.875,2710.624488302803733310112753,1,9136eb4653044405de6d,R01,2019-08-22,2019
0.05,NQU9,prior_rth,POC_ATOMIC,30983,30983,7745.875,2710.624488302803733310112753,1,9136eb4653044405de6d,R02,2019-08-22,2019
0.1,NQU9,prior_rth,POC_ATOMIC,31914,31914,7978.625,2267.770664916924507717346592,1,913d7ae900939ed75b72,R01,2019-07-17,2019
0.1,NQU9,prior_rth,POC_ATOMIC,31914,31914,7978.625,2267.770664916924507717346592,1,913d7ae900939ed75b72,R02,2019-07-17,2019
0.1,NQM9,prior_rth,POC_ATOMIC,30397,30397,7599.375,6744.903198674751862504336013,1,915baba3c66be668d2ef,R01,2019-04-08,2019
0.1,NQM9,prior_rth,POC_ATOMIC,30397,30397,7599.375,6744.903198674751862504336013,1,915baba3c66be668d2ef,R02,2019-04-08,2019
0.2,NQZ9,full_overnight,POC_ATOMIC,15467,15467,7733.75,2123.502633477633477633477633,1,9179e205ccd7716132c9,R03,2019-09-30,2019
0.05,NQU9,prior_rth,POC_ATOMIC,30955,30955,7738.875,4002.603154504039440812694377,1,918d72d4554298b2a6d7,R01,2019-08-14,2019
0.05,NQU9,prior_rth,POC_ATOMIC,30955,30955,7738.875,4002.603154504039440812694377,1,918d72d4554298b2a6d7,R02,2019-08-14,2019
0.05,NQU9,prior_rth,POC_ATOMIC,14949,14949,7474.75,3745.215849338663943331762509,1,91b387fd755eb097fa3b,R01,2019-08-08,2019
0.05,NQU9,prior_rth,POC_ATOMIC,14949,14949,7474.75,3745.215849338663943331762509,1,91b387fd755eb097fa3b,R02,2019-08-08,2019
0.05,NQZ9,prior_rth,POC_ATOMIC,33455,33455,8363.875,5148.14416000666000666000666,1,91d70883930382022e68,R01,2019-11-26,2019
0.05,NQZ9,prior_rth,POC_ATOMIC,33455,33455,8363.875,5148.14416000666000666000666,1,91d70883930382022e68,R02,2019-11-26,2019
0.05,NQZ9,prior_rth,POC_ATOMIC,31745,31745,7936.375,1911.145699480258303787715552,1,91d84938653f29a2d0ee,R01,2019-10-23,2019
0.05,NQZ9,prior_rth,POC_ATOMIC,31745,31745,7936.375,1911.145699480258303787715552,1,91d84938653f29a2d0ee,R02,2019-10-23,2019
0.2,NQU9,opening_hour_rth,POC_ATOMIC,15473,15473,7736.75,2373.718021140079963609375374,1,91df1cccda0966895f75,R05,2019-08-30,2019
0.2,NQZ9,prior_rth,POC_ATOMIC,32913,32913,8228.375,3793.297152555047291889397153,1,91f056a9d19e8f7638cf,R01,2019-11-06,2019
0.2,NQZ9,prior_rth,POC_ATOMIC,32913,32913,8228.375,3793.297152555047291889397153,1,91f056a9d19e8f7638cf,R02,2019-11-06,2019
0.2,NQU9,full_overnight,POC_ATOMIC,15208,15208,7604.25,1429.354150651730215470605244,1,920ab86313a550dfbe17,R03,2019-08-05,2019
0.2,NQH0,midnight,POC_ATOMIC,34680,34680,8670.125,1372.777380952380952380952381,1,9213c916e1657cfe9a06,R04,2019-12-20,2019
0.2,NQM9,prior_rth,POC_ATOMIC,10004,10004,7503.375,6269.478427128427128427128427,1,921d729c37e2957ee5c9,R01,2019-05-16,2019
0.2,NQM9,prior_rth,POC_ATOMIC,10004,10004,7503.375,6269.478427128427128427128427,1,921d729c37e2957ee5c9,R02,2019-05-16,2019
0.1,NQH9,prior_rth,POC_ATOMIC,26763,26763,6690.875,3669.227754723162728470114582,1,92261f2add969a693243,R01,2019-01-18,2019
0.1,NQH9,prior_rth,POC_ATOMIC,26763,26763,6690.875,3669.227754723162728470114582,1,92261f2add969a693243,R02,2019-01-18,2019
0.05,NQU9,midnight,POC_ATOMIC,31013,31013,7753.375,1076.092142854816622302860229,1,9244d9129f01cb960f30,R04,2019-08-02,2019
0.05,NQU9,opening_hour_rth,POC_ATOMIC,31831,31831,7957.875,1361.023369888612855364773523,1,925c9c21f3cada1aa924,R05,2019-07-17,2019
0.2,NQH9,opening_hour_rth,POC_ATOMIC,13189,13189,6594.75,2587.153491077318308439589904,1,928ddf002fdbf39b5316,R05,2019-01-09,2019
0.1,NQM9,full_overnight,POC_ATOMIC,28290,28290,7072.625,715.4880827511430553562738244,1,92adf09eff940a0e37b3,R03,2019-03-11,2019
0.1,NQM9,midnight,POC_ATOMIC,30772,30772,7693.125,745.65,1,92c07f7b10fdf15c2bf8,R04,2019-04-17,2019
0.05,NQZ9,full_overnight,POC_ATOMIC,31384,31384,7846.125,1039.9143526897938662644545,1,92c14c0e13195721bb0b,R03,2019-10-11,2019
0.1,NQM9,full_overnight,POC_ATOMIC,30304,30304,7576.125,947.3397319023463188222913623,1,92f75301f74e44a55f93,R03,2019-05-09,2019
0.05,NQH0,midnight,POC_ATOMIC,34936,34936,8734.125,790.5145370968900380665086547,1,931fb5ba1885b74dc790,R04,2019-12-23,2019
0.05,NQH9,midnight,POC_ATOMIC,28010,28010,7002.625,753.3262864912864912864912865,1,932d868e6a5ce1e3f8cb,R04,2019-02-06,2019
0.2,NQM9,prior_rth,POC_ATOMIC,30041,30041,7510.375,3817.707252388134741075917547,1,9339a1bd2b32fc6de17a,R01,2019-04-03,2019
0.2,NQM9,prior_rth,POC_ATOMIC,30041,30041,7510.375,3817.707252388134741075917547,1,9339a1bd2b32fc6de17a,R02,2019-04-03,2019
0.1,NQH9,midnight,POC_ATOMIC,28541,28541,7135.375,535.3402625152625152625152625,1,939612cbf0635c9c6b2f,R04,2019-02-25,2019
0.2,NQM9,prior_rth,POC_ATOMIC,31358,31358,7839.625,4411.856929689005609344163921,1,93d0c49fa644b32f6ccb,R01,2019-05-02,2019
0.2,NQM9,prior_rth,POC_ATOMIC,31358,31358,7839.625,4411.856929689005609344163921,1,93d0c49fa644b32f6ccb,R02,2019-05-02,2019
0.05,NQZ9,full_overnight,POC_ATOMIC,33014,33014,8253.625,1202.658127117980059156529745,1,93ddbee886cf6cbf459f,R03,2019-11-14,2019
0.1,NQU9,opening_hour_rth,POC_ATOMIC,10012,10012,7509.375,3060.34573284018195850205542,1,93f5aced77121c4449ce,R05,2019-08-15,2019
0.05,NQU9,full_overnight,POC_ATOMIC,30933,30933,7733.375,1122.739479095622394940477835,1,93f9180626ef287f7012,R03,2019-08-21,2019
0.2,NQM9,opening_hour_rth,POC_ATOMIC,9844,9844,7383.375,3620.289880952380952380952381,1,93fff340e5d3aac0822f,R05,2019-05-14,2019
0.1,NQM9,full_overnight,POC_ATOMIC,29447,29447,7361.875,1076.373062243054503116422621,1,940a9a479be50e1caa53,R03,2019-05-14,2019
0.05,NQZ9,prior_rth,POC_ATOMIC,31429,31429,7857.375,2696.958283624844628149028081,1,942311fa76168c43b4c0,R01,2019-10-15,2019
0.05,NQZ9,prior_rth,POC_ATOMIC,31429,31429,7857.375,2696.958283624844628149028081,1,942311fa76168c43b4c0,R02,2019-10-15,2019
0.2,NQM9,prior_rth,POC_ATOMIC,15712,15712,7856.25,5307.653571428571428571428571,1,944c94dad1aa6e0cdcc7,R01,2019-05-06,2019
0.2,NQM9,prior_rth,POC_ATOMIC,15712,15712,7856.25,5307.653571428571428571428571,1,944c94dad1aa6e0cdcc7,R02,2019-05-06,2019
0.2,NQZ9,midnight,POC_ATOMIC,32863,32863,8215.875,1222.105280830280830280830281,1,945f80a056dd607bb989,R04,2019-11-08,2019
0.2,NQM9,opening_hour_rth,POC_ATOMIC,30501,30501,7625.375,1619.349161184532701560565338,1,9466cb27f536b2f3498e,R05,2019-04-11,2019
0.1,NQM9,prior_rth,POC_ATOMIC,29367,29367,7341.875,2236.260806991108848693988013,1,9474b772fa1c8ebd6a84,R01,2019-05-29,2019
0.1,NQM9,prior_rth,POC_ATOMIC,29367,29367,7341.875,2236.260806991108848693988013,1,9474b772fa1c8ebd6a84,R02,2019-05-29,2019
0.2,NQZ9,midnight,POC_ATOMIC,33214,33214,8303.625,1327.448054035350776006726065,1,948b013e9eadd157504d,R04,2019-12-04,2019
0.1,NQZ9,opening_hour_rth,POC_ATOMIC,31011,31011,7752.875,922.3753261891370382247136084,1,94c031e4631cfab7a1b3,R05,2019-10-07,2019
0.2,NQZ9,opening_hour_rth,POC_ATOMIC,31487,31487,7871.875,1234.355426058457734987684018,1,950de8d2a47bb2dfae2e,R05,2019-09-24,2019
0.05,NQU9,prior_rth,POC_ATOMIC,31741,31741,7935.375,2593.313713053232167514035868,1,951ce7cee884628b4222,R01,2019-07-24,2019
0.05,NQU9,prior_rth,POC_ATOMIC,31741,31741,7935.375,2593.313713053232167514035868,1,951ce7cee884628b4222,R02,2019-07-24,2019
0.05,NQU9,opening_hour_rth,POC_ATOMIC,31856,31856,7964.125,1425.336378014095405399753226,1,955ad013203db52daf2a,R05,2019-07-25,2019
0.05,NQH9,prior_rth,POC_ATOMIC,28198,28198,7049.625,2904.682912234421777057811889,1,956afdcf56eba285a366,R01,2019-03-08,2019
0.05,NQH9,prior_rth,POC_ATOMIC,28198,28198,7049.625,2904.682912234421777057811889,1,956afdcf56eba285a366,R02,2019-03-08,2019
0.2,NQM9,opening_hour_rth,POC_ATOMIC,15614,15614,7807.25,2629.799879368997016055839585,1,9581d14ae20dc676e7be,R05,2019-05-03,2019
0.05,NQH9,opening_hour_rth,POC_ATOMIC,28169,28169,7042.375,1277.678372503944282905332756,1,95a262c9599f50d07e5f,R05,2019-03-07,2019
0.2,NQZ9,opening_hour_rth,POC_ATOMIC,33532,33532,8383.125,1593.408038418110237535682132,1,95a5ffc7559a52f0c59d,R05,2019-11-26,2019
0.05,NQU9,midnight,POC_ATOMIC,31291,31291,7822.875,1153.341597291597291597291597,1,95ae7ab26d624152b99c,R04,2019-07-08,2019
0.2,NQM9,midnight,POC_ATOMIC,30738,30738,7684.625,820.255772005772005772005772,1,95dbeb1f94bdcb893281,R04,2019-04-18,2019
0.1,NQZ9,midnight,POC_ATOMIC,30968,30968,7742.125,739.138678635746278395541999,1,96048f918ae0f2e4b7b8,R04,2019-10-07,2019
0.1,NQM9,prior_rth,POC_ATOMIC,29324,29324,7331.125,2252.303201332663238707120791,1,9607a1758168bec4c816,R01,2019-03-28,2019
0.1,NQM9,prior_rth,POC_ATOMIC,29324,29324,7331.125,2252.303201332663238707120791,1,9607a1758168bec4c816,R02,2019-03-28,2019
0.05,NQU9,prior_rth,POC_ATOMIC,31855,31855,7963.875,4483.413499603565176197971671,1,960e1e4a971a26a6e289,R01,2019-07-31,2019
0.05,NQU9,prior_rth,POC_ATOMIC,31855,31855,7963.875,4483.413499603565176197971671,1,960e1e4a971a26a6e289,R02,2019-07-31,2019
0.1,NQM9,full_overnight,POC_ATOMIC,29198,29198,7299.625,1172.561873485359608151870557,1,961ef6068880120a8315,R03,2019-03-15,2019
0.2,NQM9,opening_hour_rth,POC_ATOMIC,29545,29545,7386.375,1437.386964350578901662492994,1,96224cc736294f12cf33,R05,2019-03-19,2019
0.2,NQZ9,opening_hour_rth,POC_ATOMIC,33256,33256,8314.125,1258.245226611062578527762345,1,962733b7b5fa9542ea1d,R05,2019-12-05,2019
0.05,NQM9,opening_hour_rth,POC_ATOMIC,29759,29759,7439.875,1588.455435352549104671345758,1,9638ba0761b1c52f9c56,R05,2019-03-21,2019
0.05,NQZ9,full_overnight,POC_ATOMIC,31470,31470,7867.625,1341.001014369682357669788103,1,965692f35142910ed231,R03,2019-09-17,2019
0.1,NQM9,opening_hour_rth,POC_ATOMIC,29532,29532,7383.125,1207.917352183496971159527723,1,967aad64db3a2b648913,R05,2019-05-14,2019
0.2,NQH9,prior_rth,POC_ATOMIC,13313,13313,6656.75,4882.245365132793975298719132,1,967c61a24a4afdb2ba9e,R01,2019-01-23,2019
0.2,NQH9,prior_rth,POC_ATOMIC,13313,13313,6656.75,4882.245365132793975298719132,1,967c61a24a4afdb2ba9e,R02,2019-01-23,2019
0.1,NQU9,prior_rth,POC_ATOMIC,30944,30944,7736.125,3815.225852918589078971885671,1,967f8ca0d294b3331b47,R01,2019-08-20,2019
0.1,NQU9,prior_rth,POC_ATOMIC,30944,30944,7736.125,3815.225852918589078971885671,1,967f8ca0d294b3331b47,R02,2019-08-20,2019
0.05,NQH0,opening_hour_rth,POC_ATOMIC,34416,34416,8604.125,1103.937207857931542142068458,1,968bfe69e5d0b8b328b8,R05,2019-12-17,2019
0.1,NQM9,midnight,POC_ATOMIC,30150,30150,7537.625,592.8705003295272381630329065,1,969275b517d8093c5219,R04,2019-05-16,2019
0.05,NQM9,midnight,POC_ATOMIC,29361,29361,7340.375,743.0314726939726939726939727,1,96d345fc6df31b334b04,R04,2019-03-25,2019
0.05,NQZ9,midnight,POC_ATOMIC,33338,33338,8334.625,1419.796542428160075218898748,1,96de1b565b31b8728707,R04,2019-12-06,2019
0.1,NQM9,full_overnight,POC_ATOMIC,29344,29344,7336.125,992.4143740409916880505115799,1,97199df288925f99e7a5,R03,2019-03-28,2019
0.05,NQU9,prior_rth,POC_ATOMIC,31241,31241,7810.375,1371.378371989531634167520559,1,9723cd3f3a39db3d5cf5,R01,2019-07-08,2019
0.05,NQU9,prior_rth,POC_ATOMIC,31241,31241,7810.375,1371.378371989531634167520559,1,9723cd3f3a39db3d5cf5,R02,2019-07-08,2019
0.2,NQH9,full_overnight,POC_ATOMIC,9153,9153,6865.125,4183.916666666666666666666667,1,976dd2f269bff10ce283,R03,2019-01-31,2019
0.1,NQU9,opening_hour_rth,POC_ATOMIC,31016,31016,7754.125,1211.906629791383102644500563,1,9780aa82aff0dbb3a096,R05,2019-08-21,2019
0.05,NQH9,prior_rth,POC_ATOMIC,28336,28336,7084.125,2990.402973415473415473415473,1,979d4ca3e161a06af667,R01,2019-02-20,2019
0.05,NQH9,prior_rth,POC_ATOMIC,28336,28336,7084.125,2990.402973415473415473415473,1,979d4ca3e161a06af667,R02,2019-02-20,2019
0.05,NQZ9,opening_hour_rth,POC_ATOMIC,33234,33234,8308.625,1708.22117092287370925141823,1,97b2fbc0f8c04c4ab095,R05,2019-12-04,2019
0.2,NQU9,full_overnight,POC_ATOMIC,31485,31485,7871.375,1822.908669728522669699140287,1,97be3755eb89e0b5d3a1,R03,2019-09-09,2019
0.05,NQH9,opening_hour_rth,POC_ATOMIC,28134,28133,7033.375,2014.218922673252045068683438,2,97c982d554bc0825664d,R05,2019-02-06,2019
0.05,NQU9,full_overnight,POC_ATOMIC,30353,30353,7588.375,1378.339292657335451702774184,1,983ef65adfe80b078274,R03,2019-08-28,2019
0.2,NQU9,midnight,POC_ATOMIC,30802,30802,7700.625,900.3937728937728937728937729,1,984b86ffafcaba3e505c,R04,2019-06-28,2019
0.1,NQZ9,opening_hour_rth,POC_ATOMIC,32887,32884,8221.125,6497.712930394911819060425872,4,984d807d854de5969ef6,R05,2019-11-04,2019
0.2,NQM9,opening_hour_rth,POC_ATOMIC,14435,14435,7217.75,2829.679117386741225750513676,1,98621913f671d67886ac,R05,2019-06-06,2019
0.05,NQU9,prior_rth,POC_ATOMIC,31798,31798,7949.625,2734.869038184419028772545252,1,986c27564851493fd270,R01,2019-09-13,2019
0.05,NQU9,prior_rth,POC_ATOMIC,31798,31798,7949.625,2734.869038184419028772545252,1,986c27564851493fd270,R02,2019-09-13,2019
0.2,NQZ9,prior_rth,POC_ATOMIC,16292,16292,8146.25,8630.759325396825396825396825,1,988929d74d16f63b8a4c,R01,2019-11-04,2019
0.2,NQZ9,prior_rth,POC_ATOMIC,16292,16292,8146.25,8630.759325396825396825396825,1,988929d74d16f63b8a4c,R02,2019-11-04,2019
0.2,NQM9,opening_hour_rth,POC_ATOMIC,14565,14565,7282.75,2615.578156565656565656565657,1,98c4726f093b7c9645a8,R05,2019-03-14,2019
0.2,NQZ9,midnight,POC_ATOMIC,32944,32944,8236.125,1411.52019610270883615535568,1,98c5ad3a5ab686f796da,R04,2019-11-05,2019
0.2,NQH9,full_overnight,POC_ATOMIC,8567,8567,6425.625,2712.759126984126984126984127,1,98e62c8de52caa070302,R03,2019-01-07,2019
0.2,NQU9,opening_hour_rth,POC_ATOMIC,31896,31896,7974.125,1507.957541457205643763119045,1,991223ba91b812f4b5ab,R05,2019-07-31,2019
0.2,NQU9,full_overnight,POC_ATOMIC,7471,7471,7471.5,4643.155438842203548085901027,1,9920c9762ee3b9a5ddbe,R03,2019-08-06,2019
0.05,NQM9,prior_rth,POC_ATOMIC,29586,29586,7396.625,2972.570101430752503050954559,1,993e74dc9e6aeac7675b,R01,2019-03-25,2019
0.05,NQM9,prior_rth,POC_ATOMIC,29586,29586,7396.625,2972.570101430752503050954559,1,993e74dc9e6aeac7675b,R02,2019-03-25,2019
0.2,NQM9,opening_hour_rth,POC_ATOMIC,30883,30883,7720.875,1392.219615624027388733271086,1,99470cfe0e9560cbb771,R05,2019-04-17,2019
0.05,NQH9,full_overnight,POC_ATOMIC,28398,28398,7099.625,1076.462342129834389896309401,1,9950fcf595d7acc57d74,R03,2019-03-07,2019
0.1,NQZ9,full_overnight,POC_ATOMIC,32951,32951,8237.875,1969.870880590917384811940594,1,995d75227803c5e99a3b,R03,2019-11-05,2019
0.2,NQH9,midnight,POC_ATOMIC,25702,25702,6425.625,996.0818243452453978769768243,1,9976f635d9faef32d741,R04,2019-01-07,2019
0.05,NQM9,opening_hour_rth,POC_ATOMIC,30364,30363,7590.875,3414.453424183340726617076058,2,997ab861e98af5547397,R05,2019-04-04,2019
0.1,NQH9,opening_hour_rth,POC_BROAD,27397,27392,6848.125,5508.252593836454127290285622,6,9987cb26bcdf41d49552,R05,2019-01-31,2019
0.1,NQU9,midnight,POC_ATOMIC,30915,30915,7728.875,1107.000319274974722892429873,1,99a79a34ae3a741ab6e6,R04,2019-08-22,2019
0.05,NQU9,full_overnight,POC_ATOMIC,31485,31485,7871.375,1822.908669728522669699140287,1,99b5f02acc5250e4b142,R03,2019-09-09,2019
0.2,NQH9,prior_rth,POC_ATOMIC,28037,28037,7009.375,2786.516065290059098108633712,1,99ccf3e9348e62d52275,R01,2019-02-13,2019
0.2,NQH9,prior_rth,POC_ATOMIC,28037,28037,7009.375,2786.516065290059098108633712,1,99ccf3e9348e62d52275,R02,2019-02-13,2019
0.1,NQZ9,opening_hour_rth,POC_ATOMIC,32209,32209,8052.375,1679.451562750115381694329063,1,99e0df740cd6fb47582f,R05,2019-10-30,2019
0.05,NQZ9,prior_rth,POC_ATOMIC,33073,33073,8268.375,2682.016732093126616453188461,1,99f8625a549dc21d3454,R01,2019-11-13,2019
0.05,NQZ9,prior_rth,POC_ATOMIC,33073,33073,8268.375,2682.016732093126616453188461,1,99f8625a549dc21d3454,R02,2019-11-13,2019
0.1,NQU9,opening_hour_rth,POC_ATOMIC,30671,30671,7667.875,928.5294007171016760454360966,1,99fde6d3e7d2523479ec,R05,2019-08-09,2019
0.1,NQH0,prior_rth,POC_ATOMIC,34833,34833,8708.375,4666.060349455996574297888757,1,9a196a23d2a9bc42cd43,R01,2019-12-23,2019
0.1,NQH0,prior_rth,POC_ATOMIC,34833,34833,8708.375,4666.060349455996574297888757,1,9a196a23d2a9bc42cd43,R02,2019-12-23,2019
0.1,NQU9,midnight,POC_ATOMIC,30493,30493,7623.375,828.102460320263423605390892,1,9a25e08d3bfa3241c77e,R04,2019-08-14,2019
0.1,NQZ9,full_overnight,POC_ATOMIC,33460,33460,8365.125,1585.76090992340992340992341,1,9a3610f1e4bbccadadc6,R03,2019-12-10,2019
0.1,NQM9,prior_rth,POC_ATOMIC,30714,30714,7678.625,5984.935086390217969165337586,1,9ab16d9c462ef726ef67,R01,2019-04-17,2019
0.1,NQM9,prior_rth,POC_ATOMIC,30714,30714,7678.625,5984.935086390217969165337586,1,9ab16d9c462ef726ef67,R02,2019-04-17,2019
0.2,NQU9,opening_hour_rth,POC_ATOMIC,15428,15428,7714.25,2559.211316972501183027498817,1,9abb841bd2158b01eedb,R05,2019-08-29,2019
0.2,NQU9,opening_hour_rth,POC_ATOMIC,4248,4248,7434.875,4778.914498221077168445589498,1,9ac22d142703b236bf22,R05,2019-08-07,2019
0.2,NQM9,midnight,POC_ATOMIC,29651,29651,7412.875,1045.817520027238014918498057,1,9ae08676416fbeae2a07,R04,2019-05-13,2019
0.1,NQM9,full_overnight,POC_ATOMIC,30515,30515,7628.875,1190.5644976776952073007199,1,9ae28c0a64bcff1fcc7d,R03,2019-05-08,2019
0.05,NQM9,prior_rth,POC_ATOMIC,29926,29926,7481.625,2761.027974601937450234663857,1,9af40195d955f670abab,R01,2019-03-22,2019
0.05,NQM9,prior_rth,POC_ATOMIC,29926,29926,7481.625,2761.027974601937450234663857,1,9af40195d955f670abab,R02,2019-03-22,2019
0.2,NQZ9,midnight,POC_ATOMIC,31759,31759,7939.875,1246.912806637806637806637807,1,9af9d30bff54dde8bf4c,R04,2019-10-25,2019
0.2,NQM9,full_overnight,POC_ATOMIC,14468,14468,7234.25,4019.764618714618714618714619,1,9b0b3fc154a69d1c8731,R03,2019-05-29,2019
0.1,NQZ9,midnight,POC_ATOMIC,31611,31611,7902.875,1039.848932603344368050250403,1,9b1adafcee0dda7f1e62,R04,2019-09-18,2019
0.2,NQM9,opening_hour_rth,POC_ATOMIC,29481,29481,7370.375,1400.027934346355398986977934,1,9b70e4ecbf2ba154a719,R05,2019-03-18,2019
0.05,NQH0,midnight,POC_ATOMIC,35156,35156,8789.125,1097.365692640692640692640693,1,9b72cc61952c99d96fc4,R04,2019-12-30,2019
0.05,NQU9,midnight,POC_ATOMIC,30255,30255,7563.875,556.5758479409774665642918181,1,9b7facf4bd0bc70bce5d,R04,2019-08-27,2019
0.2,NQM9,midnight,POC_ATOMIC,28963,28963,7240.875,611.384706959706959706959707,1,9b81b40639db4a6e12cb,R04,2019-03-13,2019
0.1,NQU9,full_overnight,POC_ATOMIC,15576,15576,7788.25,2203.987369159621481602905752,1,9bb24a67169e30e161b6,R03,2019-08-02,2019
0.1,NQH9,full_overnight,POC_ATOMIC,28187,28187,7046.875,1645.651812671653150217457296,1,9bbaedc043b5a2768f25,R03,2019-02-13,2019
0.1,NQH9,opening_hour_rth,POC_ATOMIC,26378,26378,6594.625,1329.754573760558942103138845,1,9bf6f148e5b70d64a980,R05,2019-01-09,2019
0.05,NQU9,midnight,POC_ATOMIC,31517,31517,7879.375,1217.703407703407703407703408,1,9c0ef5e11ef9dc86e2f5,R04,2019-09-09,2019
0.05,NQM9,midnight,POC_ATOMIC,31072,31072,7768.125,1233.669116966911084558143382,1,9c12bd1bded292ac539a,R04,2019-05-02,2019
0.2,NQZ9,prior_rth,POC_ATOMIC,31745,31745,7936.375,1911.145699480258303787715552,1,9c254aebed34a108a194,R01,2019-10-23,2019
0.2,NQZ9,prior_rth,POC_ATOMIC,31745,31745,7936.375,1911.145699480258303787715552,1,9c254aebed34a108a194,R02,2019-10-23,2019
0.05,NQU9,opening_hour_rth,POC_ATOMIC,14869,14869,7434.75,1403.004814465705703648102667,1,9c33c26eebeda0cef26a,R05,2019-08-07,2019
0.1,NQH9,prior_rth,POC_ATOMIC,26231,26231,6557.875,2393.77394706633411459566244,1,9c522b695454efb25bc9,R01,2019-01-09,2019
0.1,NQH9,prior_rth,POC_ATOMIC,26231,26231,6557.875,2393.77394706633411459566244,1,9c522b695454efb25bc9,R02,2019-01-09,2019
0.1,NQM9,opening_hour_rth,POC_ATOMIC,28792,28790,7197.625,2834.671924656019660456628347,3,9c61b05720517f18ed5e,R05,2019-06-05,2019
0.05,NQZ9,prior_rth,POC_ATOMIC,33234,33234,8308.625,4253.350827377530163907872886,1,9c8070de5c27ed6c2189,R01,2019-12-05,2019
0.05,NQZ9,prior_rth,POC_ATOMIC,33234,33234,8308.625,4253.350827377530163907872886,1,9c8070de5c27ed6c2189,R02,2019-12-05,2019
0.05,NQH0,full_overnight,POC_ATOMIC,35156,35156,8789.125,1185.322041847041847041847042,1,9c9473cb5b523a71e4e1,R03,2019-12-30,2019
0.05,NQM9,prior_rth,POC_ATOMIC,30041,30041,7510.375,3817.707252388134741075917547,1,9cb49d08b25e81100696,R01,2019-04-03,2019
0.05,NQM9,prior_rth,POC_ATOMIC,30041,30041,7510.375,3817.707252388134741075917547,1,9cb49d08b25e81100696,R02,2019-04-03,2019
0.2,NQM9,midnight,POC_ATOMIC,15490,15490,7745.25,1596.75974025974025974025974,1,9cce6b370ea08ee36ef4,R04,2019-05-07,2019
0.2,NQU9,opening_hour_rth,POC_ATOMIC,15795,15795,7897.75,2028.854212454212454212454212,1,9d3682694cb42e6d421a,R05,2019-07-22,2019
0.05,NQZ9,opening_hour_rth,POC_ATOMIC,31727,31727,7931.875,1747.295557893545509644580852,1,9d3cc06fad1d9f5f35f7,R05,2019-09-20,2019
0.05,NQZ9,prior_rth,POC_ATOMIC,33007,33007,8251.875,3101.386726765228884138469593,1,9d6926f9e5b38db1c8de,R01,2019-11-15,2019
0.05,NQZ9,prior_rth,POC_ATOMIC,33007,33007,8251.875,3101.386726765228884138469593,1,9d6926f9e5b38db1c8de,R02,2019-11-15,2019
0.1,NQH9,opening_hour_rth,POC_ATOMIC,13982,13982,6991.25,2263.482758141620370722537905,1,9d739f269dc1494f6570,R05,2019-02-14,2019
0.2,NQH9,midnight,POC_ATOMIC,28391,28391,7097.875,943.4872544122544122544122544,1,9d769034b9653b5841f2,R04,2019-02-26,2019
0.2,NQZ9,full_overnight,POC_ATOMIC,33279,33279,8319.875,3800.926447245564892623716153,1,9d78bad978c5b1dd5eff,R03,2019-11-18,2019
0.2,NQM9,prior_rth,POC_ATOMIC,30507,30507,7626.875,3309.247625546967652230810126,1,9dc536ca0e9dfa2795fe,R01,2019-04-12,2019
0.2,NQM9,prior_rth,POC_ATOMIC,30507,30507,7626.875,3309.247625546967652230810126,1,9dc536ca0e9dfa2795fe,R02,2019-04-12,2019
0.05,NQM9,full_overnight,POC_ATOMIC,30036,30036,7509.125,779.920165706456029036674198,1,9dd29901ebe5af993ddf,R03,2019-06-13,2019
0.05,NQU9,opening_hour_rth,POC_ATOMIC,31392,31392,7848.125,1167.445926223657423098150153,1,9de0f87bbb23851f4c6c,R05,2019-09-06,2019
0.05,NQH9,midnight,POC_ATOMIC,28399,28399,7099.875,992.8759754134754134754134754,1,9dfc46527e3e96c5309b,R04,2019-02-28,2019
0.2,NQH9,midnight,POC_ATOMIC,28637,28637,7159.375,1026.451137751137751137751138,1,9e35033db9af4abf0f24,R04,2019-03-06,2019
0.1,NQU9,midnight,POC_ATOMIC,31081,31081,7770.375,802.3460013670539986329460014,1,9e3cba333c0e4a229390,R04,2019-07-09,2019
0.1,NQZ9,midnight,POC_ATOMIC,33547,33547,8386.875,1244.100793650793650793650794,1,9e612c3a25851f07a976,R04,2019-12-09,2019
0.1,NQZ9,full_overnight,POC_ATOMIC,32231,32231,8057.875,1328.960365515416666311806977,1,9e7429b2e3ab5b2bd93c,R03,2019-10-28,2019
0.2,NQU9,prior_rth,POC_ATOMIC,10149,10149,7612.125,6894.02233801293903595693877,1,9e7bbdbfe8dcc72dc08f,R01,2019-09-04,2019
0.2,NQU9,prior_rth,POC_ATOMIC,10149,10149,7612.125,6894.02233801293903595693877,1,9e7bbdbfe8dcc72dc08f,R02,2019-09-04,2019
0.05,NQZ9,midnight,POC_ATOMIC,30558,30558,7639.625,975.5847892382217325009087023,1,9ea2944ff6afdee270d4,R04,2019-10-04,2019
0.1,NQM9,opening_hour_rth,POC_ATOMIC,30318,30316,7579.125,4459.551081323217546127762845,3,9eadfa0f7dcc03bb6a3f,R05,2019-05-16,2019
0.05,NQZ9,opening_hour_rth,POC_ATOMIC,31656,31656,7914.125,1011.571339643211269600747972,1,9ebf58f6e6121cebc13d,R05,2019-10-21,2019
0.05,NQH9,prior_rth,POC_ATOMIC,27159,27159,6789.875,4016.077087756099063139041602,1,9ec1ed854d101956b7e8,R01,2019-01-28,2019
0.05,NQH9,prior_rth,POC_ATOMIC,27159,27159,6789.875,4016.077087756099063139041602,1,9ec1ed854d101956b7e8,R02,2019-01-28,2019
0.2,NQZ9,full_overnight,POC_ATOMIC,32984,32984,8246.125,1007.114696414696414696414696,1,9ee40e66c4cb824fcbcd,R03,2019-11-13,2019
0.1,NQM9,opening_hour_rth,POC_ATOMIC,30362,30362,7590.625,1512.524231154859268159986176,1,9ef482d97876c7a63033,R05,2019-04-05,2019
0.05,NQZ9,prior_rth,POC_ATOMIC,31761,31761,7940.375,2021.851019156282314177051019,1,9f1111745b5d3e510af3,R01,2019-10-22,2019
0.05,NQZ9,prior_rth,POC_ATOMIC,31761,31761,7940.375,2021.851019156282314177051019,1,9f1111745b5d3e510af3,R02,2019-10-22,2019
0.2,NQZ9,prior_rth,POC_ATOMIC,10939,10939,8204.625,10718.3092032967032967032967,1,9f4d884c2dd7a2d14215,R01,2019-12-04,2019
0.2,NQZ9,prior_rth,POC_ATOMIC,10939,10939,8204.625,10718.3092032967032967032967,1,9f4d884c2dd7a2d14215,R02,2019-12-04,2019
0.2,NQU9,opening_hour_rth,POC_ATOMIC,15650,15650,7825.25,2517.646081823668030564582289,1,9f501092845f427bfff8,R05,2019-07-01,2019
0.2,NQZ9,full_overnight,POC_ATOMIC,33314,33314,8328.625,1626.978586609468962410138881,1,9f5c3365e08f2b221bf5,R03,2019-12-03,2019
0.05,NQU9,prior_rth,POC_ATOMIC,30858,30858,7714.625,3489.644895423141990647711472,1,9f882bf430ee35b4b7c9,R01,2019-08-30,2019
0.05,NQU9,prior_rth,POC_ATOMIC,30858,30858,7714.625,3489.644895423141990647711472,1,9f882bf430ee35b4b7c9,R02,2019-08-30,2019
0.05,NQU9,opening_hour_rth,POC_ATOMIC,31590,31590,7897.625,1030.805834662413609782030835,1,9fb928e7ef388a5416f8,R05,2019-07-22,2019
0.2,NQH9,opening_hour_rth,POC_ATOMIC,13288,13288,6644.25,2378.689097356891474538533362,1,9fd6acc3ec099a0fc537,R05,2019-01-15,2019
0.2,NQH9,prior_rth,POC_ATOMIC,14235,14235,7117.75,6041.198051948051948051948052,1,9fd9ea3f951e151f18f3,R01,2019-03-01,2019
0.2,NQH9,prior_rth,POC_ATOMIC,14235,14235,7117.75,6041.198051948051948051948052,1,9fd9ea3f951e151f18f3,R02,2019-03-01,2019
0.1,NQH9,midnight,POC_ATOMIC,28187,28187,7046.875,1173.29881801205330617095323,1,9fdf9d75a7f16183bab3,R04,2019-02-13,2019
0.1,NQH9,full_overnight,POC_ATOMIC,6231,6231,6231.5,3127.858378386319562790151025,1,9feca359850dd2e431f4,R03,2019-01-03,2019
0.2,NQU9,prior_rth,POC_ATOMIC,31150,31150,7787.625,2959.486486499879929309737165,1,a003a8fb9bff53147718,R01,2019-07-05,2019
0.2,NQU9,prior_rth,POC_ATOMIC,31150,31150,7787.625,2959.486486499879929309737165,1,a003a8fb9bff53147718,R02,2019-07-05,2019
0.05,NQU9,prior_rth,POC_ATOMIC,31431,31431,7857.875,2765.712683750185464489591136,1,a021e51b5cb8703c80a4,R01,2019-09-06,2019
0.05,NQU9,prior_rth,POC_ATOMIC,31431,31431,7857.875,2765.712683750185464489591136,1,a021e51b5cb8703c80a4,R02,2019-09-06,2019
0.2,NQU9,opening_hour_rth,POC_ATOMIC,31751,31751,7937.875,834.3007711457788857169662123,1,a0422f9059a965628cb3,R05,2019-07-23,2019
0.2,NQM9,midnight,POC_ATOMIC,29361,29361,7340.375,743.0314726939726939726939727,1,a051a00ab58a97646cfd,R04,2019-03-25,2019
0.1,NQZ9,prior_rth,POC_ATOMIC,31086,31086,7771.625,1843.709647297147297147297147,1,a061c3fad6ff7e460c70,R01,2019-10-01,2019
0.1,NQZ9,prior_rth,POC_ATOMIC,31086,31086,7771.625,1843.709647297147297147297147,1,a061c3fad6ff7e460c70,R02,2019-10-01,2019
0.1,NQM9,midnight,POC_ATOMIC,29950,29950,7487.625,867.5111111111111111111111111,1,a09291c8c4495a20eea7,R04,2019-04-02,2019
0.05,NQM9,opening_hour_rth,POC_ATOMIC,28848,28848,7212.125,1464.741588293551589093471603,1,a092bbd37f1ca9b34e5b,R05,2019-03-12,2019
0.05,NQM9,prior_rth,POC_ATOMIC,30372,30372,7593.125,2576.786259106390685338053759,1,a0a7559adc3eb30eca3d,R01,2019-04-09,2019
0.05,NQM9,prior_rth,POC_ATOMIC,30372,30372,7593.125,2576.786259106390685338053759,1,a0a7559adc3eb30eca3d,R02,2019-04-09,2019
0.05,NQZ9,midnight,POC_ATOMIC,31384,31384,7846.125,1039.9143526897938662644545,1,a0bf34ffb68bf91bb132,R04,2019-10-11,2019
0.05,NQM9,prior_rth,POC_ATOMIC,31286,31286,7821.625,4634.647339773516244104479399,1,a0cd18573835dc35d676,R01,2019-04-25,2019
0.05,NQM9,prior_rth,POC_ATOMIC,31286,31286,7821.625,4634.647339773516244104479399,1,a0cd18573835dc35d676,R02,2019-04-25,2019
0.1,NQU9,opening_hour_rth,POC_ATOMIC,31428,31428,7857.125,1649.708533812417073959677271,1,a10136e8bc95982f0fdc,R05,2019-09-09,2019
0.05,NQH9,opening_hour_rth,POC_ATOMIC,27973,27973,6993.375,1446.185886408912724702198386,1,a14819d93bc17f3dd768,R05,2019-02-12,2019
0.1,NQM9,prior_rth,POC_ATOMIC,29486,29486,7371.625,3964.108658660018935139539224,1,a1513a806ae6e9a2606a,R01,2019-03-21,2019
0.1,NQM9,prior_rth,POC_ATOMIC,29486,29486,7371.625,3964.108658660018935139539224,1,a1513a806ae6e9a2606a,R02,2019-03-21,2019
0.05,NQU9,full_overnight,POC_ATOMIC,31021,31021,7755.375,1240.71331030081030081030081,1,a1517e51f540d9e47eb8,R03,2019-08-30,2019
0.1,NQM9,opening_hour_rth,POC_ATOMIC,30278,30278,7569.625,1388.612160832143213723036722,1,a16fd35d41d0946a8d6c,R05,2019-06-11,2019
0.1,NQZ9,opening_hour_rth,POC_ATOMIC,32383,32381,8095.375,2784.07015580051183766354045,3,a1dc06fa08f66ca77695,R05,2019-10-31,2019
0.2,NQH0,midnight,POC_ATOMIC,34478,34478,8619.625,1374.645779220779220779220779,1,a209b59814d368b23b60,R04,2019-12-19,2019
0.2,NQH9,midnight,POC_ATOMIC,26748,26748,6687.125,682.4875260894711695627027435,1,a21462bf1a10844d3963,R04,2019-01-29,2019
0.2,NQU9,full_overnight,POC_ATOMIC,7562,7562,7562.5,5592.127775903123384546526005,1,a228e56f8b97ac2b3132,R03,2019-08-26,2019
0.2,NQU9,midnight,POC_ATOMIC,30915,30915,7728.875,1107.000319274974722892429873,1,a2294b48f07554a730ed,R04,2019-08-22,2019
0.05,NQM9,prior_rth,POC_ATOMIC,29463,29463,7365.875,2897.010266001213077148698898,1,a22df949c95dd1bf8f3c,R01,2019-05-14,2019
0.05,NQM9,prior_rth,POC_ATOMIC,29463,29463,7365.875,2897.010266001213077148698898,1,a22df949c95dd1bf8f3c,R02,2019-05-14,2019
0.1,NQU9,full_overnight,POC_ATOMIC,31036,31036,7759.125,1171.882419166763792006790063,1,a2328707cd7e8410a51c,R03,2019-08-22,2019
0.2,NQM9,opening_hour_rth,POC_ATOMIC,9762,9762,7321.875,3780.729761904761904761904762,1,a233421a26c8d327f229,R05,2019-03-15,2019
0.2,NQM9,prior_rth,POC_ATOMIC,15028,15028,7514.25,6042.083949465567112625936155,1,a28a274094a36f40ffb7,R01,2019-06-14,2019
0.2,NQM9,prior_rth,POC_ATOMIC,15028,15028,7514.25,6042.083949465567112625936155,1,a28a274094a36f40ffb7,R02,2019-06-14,2019
0.2,NQZ9,full_overnight,POC_ATOMIC,33529,33529,8382.375,1443.375349869873196445204559,1,a2a2f5cb18eb90aaa899,R03,2019-11-26,2019
0.2,NQH9,midnight,POC_ATOMIC,28341,28341,7085.375,695.5363553113553113553113553,1,a2ba495d2eb3707e1b6e,R04,2019-02-21,2019
0.2,NQM9,midnight,POC_ATOMIC,29895,29895,7473.875,1993.438126493389651284388126,1,a2cbdbd61cbf4e80c05a,R04,2019-04-01,2019
0.1,NQM9,midnight,POC_ATOMIC,29361,29361,7340.375,743.0314726939726939726939727,1,a2ea7950b00ce5fcd428,R04,2019-03-25,2019
0.1,NQH9,opening_hour_rth,POC_ATOMIC,26897,26897,6724.375,1166.527380653707380050091048,1,a32b98f44e35c6812502,R05,2019-01-22,2019
0.2,NQZ9,midnight,POC_ATOMIC,32876,32876,8219.125,753.9603535353535353535353535,1,a37824eb357e326d800f,R04,2019-11-04,2019
0.1,NQU9,prior_rth,POC_ATOMIC,30302,30302,7575.625,2433.725844912735805786945117,1,a3bd26052223da0eb4c3,R01,2019-08-28,2019
0.1,NQU9,prior_rth,POC_ATOMIC,30302,30302,7575.625,2433.725844912735805786945117,1,a3bd26052223da0eb4c3,R02,2019-08-28,2019
0.1,NQU9,midnight,POC_ATOMIC,30570,30570,7642.625,878.3504624159809918323850212,1,a3e3ca62600df12e9461,R04,2019-06-18,2019
0.1,NQH9,full_overnight,POC_ATOMIC,26627,26627,6656.875,1104.778955467190761308408367,1,a417b0df1697d8106c91,R03,2019-01-17,2019
0.2,NQH9,midnight,POC_ATOMIC,26379,26379,6594.875,601.1021503865931110513153857,1,a41b925dc03282f6e994,R04,2019-01-11,2019
0.1,NQM9,opening_hour_rth,POC_ATOMIC,30501,30501,7625.375,1619.349161184532701560565338,1,a4315f459928f88643b6,R05,2019-04-11,2019
0.05,NQU9,opening_hour_rth,POC_ATOMIC,30906,30906,7726.625,1163.930521410465259858564091,1,a43888c4a6cc53ca1eb3,R05,2019-06-25,2019
0.05,NQM9,opening_hour_rth,POC_ATOMIC,30296,30296,7574.125,705.8173101570289581444936065,1,a446d6854e4e3060bb3e,R05,2019-05-10,2019
0.1,NQZ9,prior_rth,POC_ATOMIC,33238,33238,8309.625,5338.2724997224997224997225,1,a45926f101261c4435a5,R01,2019-11-18,2019
0.1,NQZ9,prior_rth,POC_ATOMIC,33238,33238,8309.625,5338.2724997224997224997225,1,a45926f101261c4435a5,R02,2019-11-18,2019
0.2,NQM9,midnight,POC_ATOMIC,31196,31196,7799.125,839.3641025641025641025641026,1,a46e9bc5eb64437173f3,R04,2019-04-30,2019
0.2,NQH0,prior_rth,POC_ATOMIC,34646,34646,8661.625,2679.100432900432900432900433,1,a47133e79ddde0901949,R01,2019-12-20,2019
0.2,NQH0,prior_rth,POC_ATOMIC,34646,34646,8661.625,2679.100432900432900432900433,1,a47133e79ddde0901949,R02,2019-12-20,2019
0.1,NQM9,full_overnight,POC_ATOMIC,29661,29661,7415.375,855.266024906466082936671172,1,a4bd5039f8273741ee1d,R03,2019-05-22,2019
0.2,NQM9,midnight,POC_ATOMIC,30699,30699,7674.875,723.6061612364243943191311612,1,a4e401fb63ddba364fac,R04,2019-04-22,2019
0.05,NQM9,midnight,POC_ATOMIC,30304,30304,7576.125,947.3397319023463188222913623,1,a4f66677f27ffcb53cbf,R04,2019-05-09,2019
0.05,NQM9,midnight,POC_ATOMIC,28647,28647,7161.875,1215.704388074945350487146153,1,a4fd1d77d52e58e330cc,R04,2019-05-31,2019
0.05,NQM9,midnight,POC_ATOMIC,29459,29459,7364.875,586.2656793017783729858033264,1,a506f04c595924aafc2a,R04,2019-05-15,2019
0.05,NQU9,opening_hour_rth,POC_ATOMIC,30764,30764,7691.125,1528.324726360953309398591402,1,a53a53a99f4540171a02,R05,2019-06-27,2019
0.1,NQZ9,prior_rth,POC_ATOMIC,31815,31815,7953.875,3329.347546684506571436171652,1,a54678ef65fb797b585d,R01,2019-10-18,2019
0.1,NQZ9,prior_rth,POC_ATOMIC,31815,31815,7953.875,3329.347546684506571436171652,1,a54678ef65fb797b585d,R02,2019-10-18,2019
0.1,NQH9,full_overnight,POC_ATOMIC,28276,28276,7069.125,1442.555172605172605172605173,1,a54d609ca40fdfd10aaa,R03,2019-02-20,2019
0.2,NQU9,opening_hour_rth,POC_ATOMIC,4291,4291,7510.125,7056.345670995670995670995671,1,a57b332c4f1ca7a0dcbb,R05,2019-08-15,2019
0.2,NQZ9,prior_rth,POC_ATOMIC,15751,15751,7875.75,5820.044656068569112047372917,1,a57c0413ddf6525b9ddf,R01,2019-09-17,2019
0.2,NQZ9,prior_rth,POC_ATOMIC,15751,15751,7875.75,5820.044656068569112047372917,1,a57c0413ddf6525b9ddf,R02,2019-09-17,2019
0.05,NQH9,midnight,POC_ATOMIC,28391,28391,7097.875,943.4872544122544122544122544,1,a57cd0b2756a20b1dc97,R04,2019-02-26,2019
0.2,NQH0,midnight,POC_ATOMIC,34448,34448,8612.125,1125.330158730158730158730159,1,a57e16ce0657ed4e42b1,R04,2019-12-18,2019
0.2,NQH0,prior_rth,POC_ATOMIC,17416,17416,8708.25,8750.747396463185936870147396,1,a5a0c2f2afbc44313977,R01,2019-12-23,2019
0.2,NQH0,prior_rth,POC_ATOMIC,17416,17416,8708.25,8750.747396463185936870147396,1,a5a0c2f2afbc44313977,R02,2019-12-23,2019
0.1,NQM9,midnight,POC_ATOMIC,30179,30179,7544.875,828.0118352407826092036618352,1,a5a0e8fb31ac7a8b84a8,R04,2019-06-11,2019
0.2,NQH9,full_overnight,POC_ATOMIC,13356,13356,6678.25,1762.099603174603174603174603,1,a5a67a8c17490b403e23,R03,2019-01-23,2019
0.1,NQZ9,midnight,POC_ATOMIC,33118,33118,8279.625,848.5395582624866512334543025,1,a5a9d6df43f4125d76ca,R04,2019-11-21,2019
0.05,NQZ9,opening_hour_rth,POC_ATOMIC,33201,33201,8300.375,1793.724694229918688123022488,1,a5ad90a7b80faf9ec30a,R05,2019-11-15,2019
0.1,NQM9,opening_hour_rth,POC_ATOMIC,28871,28871,7217.875,1429.898240474884324948207418,1,a5b893f7f34856e7184a,R05,2019-06-06,2019
0.05,NQU9,opening_hour_rth,POC_ATOMIC,31872,31872,7968.125,1221.70235042735042735042735,1,a6002a46176548c69b87,R05,2019-07-29,2019
0.05,NQU9,midnight,POC_ATOMIC,32069,32069,8017.375,849.7024195303607068312950666,1,a610d30e5bbcae63bd2b,R04,2019-07-25,2019
0.05,NQU9,opening_hour_rth,POC_ATOMIC,30798,30798,7699.625,2139.637635208108137461901036,1,a6116197ee5b5ae0bd46,R05,2019-06-18,2019
0.2,NQM9,full_overnight,POC_ATOMIC,15713,15713,7856.75,2078.384722222222222222222222,1,a621fe12ae57548e7dda,R03,2019-04-25,2019
0.05,NQU9,midnight,POC_ATOMIC,31021,31021,7755.375,1240.71331030081030081030081,1,a65fea3507ef3e981363,R04,2019-08-30,2019
0.05,NQZ9,prior_rth,POC_ATOMIC,31693,31693,7923.375,3656.870206770928363913384008,1,a67a269fdb630d92668f,R01,2019-10-17,2019
0.05,NQZ9,prior_rth,POC_ATOMIC,31693,31693,7923.375,3656.870206770928363913384008,1,a67a269fdb630d92668f,R02,2019-10-17,2019
0.2,NQZ9,midnight,POC_ATOMIC,31223,31223,7805.875,1016.995780776160033125977398,1,a67b084286b0a0d109f9,R04,2019-09-27,2019
0.2,NQU9,opening_hour_rth,POC_ATOMIC,15384,15384,7692.25,3098.017210086095535011943681,1,a690be76971e8144e02a,R05,2019-06-27,2019
0.1,NQM9,opening_hour_rth,POC_ATOMIC,15013,15013,7506.75,2645.835652379958454475375581,1,a695e03d576baeb4cd60,R05,2019-05-09,2019
0.05,NQU9,midnight,POC_ATOMIC,31776,31776,7944.125,802.9326334630281998703051335,1,a6981a04dc1b413eeef5,R04,2019-07-24,2019
0.1,NQZ9,full_overnight,POC_ATOMIC,31618,31618,7904.625,1727.793712659889130477365771,1,a6bc07e24087398fff11,R03,2019-10-21,2019
0.05,NQM9,prior_rth,POC_ATOMIC,30798,30798,7699.625,4530.901813777897369228638578,1,a6d0cacabcea6314cfb0,R01,2019-04-18,2019
0.05,NQM9,prior_rth,POC_ATOMIC,30798,30798,7699.625,4530.901813777897369228638578,1,a6d0cacabcea6314cfb0,R02,2019-04-18,2019
0.2,NQU9,opening_hour_rth,POC_ATOMIC,15899,15899,7949.75,2049.002140914640914640914641,1,a6e56aa59d6e3ef55b38,R05,2019-07-19,2019
0.05,NQU9,midnight,POC_ATOMIC,29745,29745,7436.375,574.9579743141997796861144293,1,a6fbf4e882a4b58268e3,R04,2019-08-07,2019
0.1,NQU9,prior_rth,POC_ATOMIC,31855,31855,7963.875,4483.413499603565176197971671,1,a715c677b1e3ba42dcad,R01,2019-07-31,2019
0.1,NQU9,prior_rth,POC_ATOMIC,31855,31855,7963.875,4483.413499603565176197971671,1,a715c677b1e3ba42dcad,R02,2019-07-31,2019
0.1,NQH0,prior_rth,POC_ATOMIC,34445,34445,8611.375,4438.655332167832167832167832,1,a71cb9c0e0a9513dbf37,R01,2019-12-17,2019
0.1,NQH0,prior_rth,POC_ATOMIC,34445,34445,8611.375,4438.655332167832167832167832,1,a71cb9c0e0a9513dbf37,R02,2019-12-17,2019
0.05,NQM9,full_overnight,POC_ATOMIC,28976,28976,7244.125,1171.079646771107871677131639,1,a74145cf9ce851a1d992,R03,2019-05-30,2019
0.1,NQM9,opening_hour_rth,POC_ATOMIC,28911,28911,7227.875,1526.964227570579833673026622,1,a7644403034154f35a78,R05,2019-05-29,2019
0.1,NQH9,full_overnight,POC_ATOMIC,28105,28105,7026.375,996.6601287601287601287601288,1,a787cd0005ac35e5b64a,R03,2019-02-22,2019
0.1,NQU9,midnight,POC_ATOMIC,32102,32102,8025.625,969.6214285714285714285714286,1,a7bb47fccb040bb694b2,R04,2019-07-29,2019
0.2,NQU9,opening_hour_rth,POC_ATOMIC,7574,7574,7574.5,5231.331300583474496517974779,1,a7d2a3c326fddaa790b1,R05,2019-08-16,2019
0.2,NQZ9,prior_rth,POC_ATOMIC,16883,16883,8441.75,4658.182768059008660512419911,1,a7f41acad63a0de37a3b,R01,2019-12-13,2019
0.2,NQZ9,prior_rth,POC_ATOMIC,16883,16883,8441.75,4658.182768059008660512419911,1,a7f41acad63a0de37a3b,R02,2019-12-13,2019
0.2,NQM9,prior_rth,POC_ATOMIC,6117,6117,7646.875,15744.88487068487068487068487,1,a80384a42df6ef7b6bed,R01,2019-05-09,2019
0.2,NQM9,prior_rth,POC_ATOMIC,6117,6117,7646.875,15744.88487068487068487068487,1,a80384a42df6ef7b6bed,R02,2019-05-09,2019
0.2,NQU9,prior_rth,POC_ATOMIC,15491,15491,7745.75,5104.501613883192830561251614,1,a82538a2eb631f638720,R01,2019-08-22,2019
0.2,NQU9,prior_rth,POC_ATOMIC,15491,15491,7745.75,5104.501613883192830561251614,1,a82538a2eb631f638720,R02,2019-08-22,2019
0.1,NQZ9,full_overnight,POC_ATOMIC,33021,33021,8255.375,1079.566910866910866910866911,1,a828ef692ba5d40c756a,R03,2019-11-12,2019
0.1,NQM9,midnight,POC_ATOMIC,30600,30600,7650.125,1181.550506334910359678161536,1,a830f4233f0292811328,R04,2019-04-12,2019
0.2,NQH0,opening_hour_rth,POC_ATOMIC,34912,34912,8728.125,1722.463842206180915858335213,1,a83d35841be89e4c623c,R05,2019-12-23,2019
0.2,NQM9,midnight,POC_ATOMIC,30270,30270,7567.625,1613.240195686666274901569019,1,a85ed6428d216cadcace,R04,2019-04-03,2019
0.1,NQH9,opening_hour_rth,POC_ATOMIC,27973,27973,6993.375,1446.185886408912724702198386,1,a8b310b6220256c7b24b,R05,2019-02-12,2019
0.1,NQM9,prior_rth,POC_ATOMIC,29388,29388,7347.125,2541.029836267218129631404954,1,a8d3ca64a902b3e35abe,R01,2019-03-29,2019
0.1,NQM9,prior_rth,POC_ATOMIC,29388,29388,7347.125,2541.029836267218129631404954,1,a8d3ca64a902b3e35abe,R02,2019-03-29,2019
0.1,NQH9,midnight,POC_ATOMIC,26955,26955,6738.875,773.7392207792207792207792208,1,a8d815614bf71d6dbf51,R04,2019-01-25,2019
0.05,NQH9,opening_hour_rth,POC_ATOMIC,28526,28526,7131.625,1307.265597222142169482740683,1,a90972147917c8b41274,R05,2019-02-26,2019
0.2,NQM9,midnight,POC_ATOMIC,31497,31497,7874.375,1010.75329774284882644015771,1,a91ec3fef8c35952debf,R04,2019-04-25,2019
0.05,NQH0,midnight,POC_ATOMIC,34680,34680,8670.125,1372.777380952380952380952381,1,a91fe6cbad53fd5c6f87,R04,2019-12-20,2019
0.2,NQH9,midnight,POC_ATOMIC,26257,26257,6564.375,1199.109405730148764204491759,1,a945a0ccb8c4aa512a3f,R04,2019-01-10,2019
0.1,NQZ9,full_overnight,POC_ATOMIC,32888,32888,8222.125,1452.351682576682576682576683,1,a94ab20311b0104301ac,R03,2019-11-11,2019
0.05,NQU9,prior_rth,POC_ATOMIC,31474,31474,7868.625,2140.627667704543972292450994,1,a98bcdb6eafaf0a8ae4f,R01,2019-09-10,2019
0.05,NQU9,prior_rth,POC_ATOMIC,31474,31474,7868.625,2140.627667704543972292450994,1,a98bcdb6eafaf0a8ae4f,R02,2019-09-10,2019
0.2,NQH0,full_overnight,POC_ATOMIC,34432,34432,8608.125,943.9138167388167388167388167,1,a98d83d75538db5f1e90,R03,2019-12-17,2019
0.1,NQU9,full_overnight,POC_ATOMIC,30373,30373,7593.375,763.3475608678125840597236478,1,a9c1465573af4da08160,R03,2019-08-27,2019
0.2,NQM9,midnight,POC_ATOMIC,29543,29543,7385.875,699.5014069264069264069264069,1,a9f1b06adf011ed10210,R04,2019-03-29,2019
0.2,NQZ9,full_overnight,POC_ATOMIC,15400,15400,7700.25,1981.387399340637712144732238,1,aa02cc5c3ac9046f93df,R03,2019-10-09,2019
0.2,NQZ9,full_overnight,POC_ATOMIC,33033,33033,8258.375,2096.446440132567176031362244,1,aa1704b6e3c3d316476c,R03,2019-12-04,2019
0.05,NQH9,full_overnight,POC_ATOMIC,26461,26461,6615.375,983.9492634996582365003417635,1,aa4b2d39f772f9a25389,R03,2019-01-11,2019
0.05,NQH9,full_overnight,POC_ATOMIC,26742,26742,6685.625,1990.661980162939915261896686,1,aa5c8ffa1966ca045911,R03,2019-01-16,2019
0.05,NQZ9,prior_rth,POC_ATOMIC,30919,30919,7729.875,2793.772439343793367776966282,1,aa8133343d295d4579d4,R01,2019-09-25,2019
0.05,NQZ9,prior_rth,POC_ATOMIC,30919,30919,7729.875,2793.772439343793367776966282,1,aa8133343d295d4579d4,R02,2019-09-25,2019
0.2,NQH9,full_overnight,POC_ATOMIC,28620,28620,7155.125,1332.899240302181478652066887,1,aaa0fc7d9af8ce444f51,R03,2019-03-01,2019
0.2,NQH0,midnight,POC_ATOMIC,35341,35341,8835.375,1267.687049062049062049062049,1,aaa6d4b4981b1a9c9bb5,R04,2019-12-27,2019
0.05,NQU9,full_overnight,POC_ATOMIC,31230,31230,7807.625,883.4646914517657551713279267,1,aab7d1505754850ff98a,R03,2019-09-10,2019
0.2,NQM9,full_overnight,POC_ATOMIC,14825,14825,7412.75,1552.07380952380952380952381,1,aac8253f6eaca45b5c3c,R03,2019-03-21,2019
0.1,NQZ9,midnight,POC_ATOMIC,32944,32944,8236.125,1411.52019610270883615535568,1,aac97e56958bce84d833,R04,2019-11-05,2019
0.1,NQU9,full_overnight,POC_ATOMIC,31188,31188,7797.125,694.8567432567432567432567433,1,aacc47f93c9ab6b4b0cf,R03,2019-06-20,2019
0.1,NQU9,opening_hour_rth,POC_ATOMIC,31872,31872,7968.125,1221.70235042735042735042735,1,aacddb2a39879c5ac238,R05,2019-07-29,2019
0.2,NQH9,prior_rth,POC_ATOMIC,13284,13284,6642.25,6349.16953041630151604576157,1,aae0d1c15fda0b6f647c,R01,2019-01-24,2019
0.2,NQH9,prior_rth,POC_ATOMIC,13284,13284,6642.25,6349.16953041630151604576157,1,aae0d1c15fda0b6f647c,R02,2019-01-24,2019
0.2,NQH9,opening_hour_rth,POC_ATOMIC,9274,9274,6955.875,2566.981992027580262874380521,1,ab0990ad565797288d7c,R05,2019-03-08,2019
0.1,NQH9,midnight,POC_ATOMIC,28341,28341,7085.375,695.5363553113553113553113553,1,ab1ad677c96524a98af6,R04,2019-02-21,2019
0.05,NQM9,full_overnight,POC_ATOMIC,29371,29371,7342.875,1542.945034418536873965506399,1,ab223e63ccf73cd99921,R03,2019-05-23,2019
0.1,NQH9,full_overnight,POC_ATOMIC,27535,27535,6883.875,1024.069286269286269286269286,1,ab234d0766154611715d,R03,2019-02-04,2019
0.05,NQM9,full_overnight,POC_ATOMIC,30870,30870,7717.625,1218.668477999773936340323154,1,ab4c75748a0c6a1cad0a,R03,2019-05-06,2019
0.05,NQH0,opening_hour_rth,POC_ATOMIC,34912,34912,8728.125,1722.463842206180915858335213,1,ab5c804d3c892be696c3,R05,2019-12-23,2019
0.2,NQH9,opening_hour_rth,POC_ATOMIC,9410,9410,7057.875,4722.327329554503467546945808,1,ab639aa16488b9476c49,R05,2019-02-15,2019
0.1,NQU9,midnight,POC_ATOMIC,30221,30221,7555.375,700.6733281887459290686027605,1,ab654d5d0f48b97f238d,R04,2019-08-05,2019
0.05,NQZ9,full_overnight,POC_ATOMIC,30800,30800,7700.125,1042.053596902345782334202121,1,ab74fd04d66e3ef0acc8,R03,2019-10-09,2019
0.1,NQZ9,full_overnight,POC_ATOMIC,31197,31197,7799.375,954.2706816875934522993346523,1,abc169e4ba57b2a47c33,R03,2019-10-01,2019
0.05,NQM9,prior_rth,POC_ATOMIC,29397,29397,7349.375,3291.280632787405233225666662,1,abcd05cd12f06dc4874a,R01,2019-03-19,2019
0.05,NQM9,prior_rth,POC_ATOMIC,29397,29397,7349.375,3291.280632787405233225666662,1,abcd05cd12f06dc4874a,R02,2019-03-19,2019
0.1,NQU9,opening_hour_rth,POC_ATOMIC,31040,31040,7760.125,1410.95546352872486837978896,1,abd05ad7e3227e507dda,R05,2019-08-22,2019
0.1,NQU9,prior_rth,POC_ATOMIC,30748,30748,7687.125,1803.02515471942245397622972,1,abe97c95d33689a6b662,R01,2019-06-26,2019
0.1,NQU9,prior_rth,POC_ATOMIC,30748,30748,7687.125,1803.02515471942245397622972,1,abe97c95d33689a6b662,R02,2019-06-26,2019
0.2,NQU9,opening_hour_rth,POC_ATOMIC,7667,7667,7667.5,3654.099661262442371887649249,1,abf85eab235d0808a93a,R05,2019-08-23,2019
0.2,NQH9,opening_hour_rth,POC_ATOMIC,8904,8903,6677.625,9293.696681096681096681096682,2,ac0e93cce05952d3fef3,R05,2019-01-28,2019
0.05,NQZ9,prior_rth,POC_ATOMIC,33573,33573,8393.375,3224.087802325231167735911569,1,ac116d4da36ffd2d7f86,R01,2019-11-27,2019
0.05,NQZ9,prior_rth,POC_ATOMIC,33573,33573,8393.375,3224.087802325231167735911569,1,ac116d4da36ffd2d7f86,R02,2019-11-27,2019
0.1,NQZ9,opening_hour_rth,POC_ATOMIC,33542,33542,8385.625,1476.361206964689936826159736,1,ac1a958e5a6bafcf41b8,R05,2019-12-06,2019
0.05,NQU9,midnight,POC_ATOMIC,31491,31491,7872.875,925.0903342572460219519043048,1,ac2bba7924a6a9f4a4b9,R04,2019-07-18,2019
0.2,NQH0,prior_rth,POC_ATOMIC,34445,34445,8611.375,4438.655332167832167832167832,1,ac30290cc967aff459b0,R01,2019-12-17,2019
0.2,NQH0,prior_rth,POC_ATOMIC,34445,34445,8611.375,4438.655332167832167832167832,1,ac30290cc967aff459b0,R02,2019-12-17,2019
0.2,NQH9,opening_hour_rth,POC_ATOMIC,27627,27624,6906.125,4548.089910089910089910089912,4,ac4118405b67c6b440dd,R05,2019-02-04,2019
0.1,NQM9,opening_hour_rth,POC_ATOMIC,30883,30883,7720.875,1392.219615624027388733271086,1,ac44a3b4427d01b14ac8,R05,2019-04-17,2019
0.05,NQH9,midnight,POC_ATOMIC,28170,28170,7042.625,1189.07563336601027058124091,1,ac59f48e4ab6a0a77a13,R04,2019-02-14,2019
0.05,NQH9,prior_rth,POC_ATOMIC,26752,26752,6688.125,3885.954261202110572703913804,1,ac6402e9573058b3ee68,R01,2019-01-17,2019
0.05,NQH9,prior_rth,POC_ATOMIC,26752,26752,6688.125,3885.954261202110572703913804,1,ac6402e9573058b3ee68,R02,2019-01-17,2019
0.1,NQH9,full_overnight,POC_ATOMIC,26180,26180,6545.125,613.459369783982787078762311,1,ac790320b35fe14d38c6,R03,2019-01-08,2019
0.2,NQM9,prior_rth,POC_ATOMIC,15453,15453,7726.75,5900.506342077031268039479104,1,aca72078f0921e3e72b2,R01,2019-05-03,2019
0.2,NQM9,prior_rth,POC_ATOMIC,15453,15453,7726.75,5900.506342077031268039479104,1,aca72078f0921e3e72b2,R02,2019-05-03,2019
0.05,NQU9,opening_hour_rth,POC_ATOMIC,30444,30444,7611.125,1081.836374550130830873878291,1,ace1343f80e705f0821d,R05,2019-09-03,2019
0.2,NQZ9,opening_hour_rth,POC_ATOMIC,31656,31656,7914.125,1011.571339643211269600747972,1,acfc6e1ce5382087bef9,R05,2019-10-21,2019
0.05,NQM9,opening_hour_rth,POC_ATOMIC,30036,30036,7509.125,966.5174238240350076073081443,1,acfed98ac496cefe6e9b,R05,2019-06-10,2019
0.05,NQM9,prior_rth,POC_ATOMIC,31374,31374,7843.625,4698.980608540770023496152692,1,ad107a03f785ac88501c,R01,2019-04-26,2019
0.05,NQM9,prior_rth,POC_ATOMIC,31374,31374,7843.625,4698.980608540770023496152692,1,ad107a03f785ac88501c,R02,2019-04-26,2019
0.1,NQH9,midnight,POC_ATOMIC,26187,26187,6546.875,966.5416977466977466977466977,1,ad1782a19ca10f7e5865,R04,2019-01-14,2019
0.05,NQZ9,full_overnight,POC_ATOMIC,33279,33279,8319.875,3800.926447245564892623716153,1,ad4ec4295d5119e10058,R03,2019-11-18,2019
0.2,NQU9,midnight,POC_ATOMIC,30945,30945,7736.375,591.9186509143030882161316944,1,ad967c6d06ad8986db84,R04,2019-06-25,2019
0.05,NQU9,opening_hour_rth,POC_ATOMIC,31240,31240,7810.125,838.6836209072805519164383076,1,ad9e2b8e0fcce5c1e770,R05,2019-07-05,2019
0.1,NQH9,midnight,POC_ATOMIC,26627,26627,6656.875,821.1616189366189366189366189,1,adab7bc1b2dc5a6f65ab,R04,2019-01-17,2019
0.1,NQM9,opening_hour_rth,POC_ATOMIC,30615,30615,7653.875,1270.156761294261294261294261,1,adbeb05e6cbd4df27af4,R05,2019-04-15,2019
0.1,NQH9,opening_hour_rth,POC_ATOMIC,26733,26733,6683.375,865.317724168950107838248907,1,adc787c74bb98e185ec7,R05,2019-01-17,2019
0.2,NQU9,prior_rth,POC_ATOMIC,15398,15398,7699.25,4737.54662777893677723898437,1,addb2ba48149c95d2f18,R01,2019-06-19,2019
0.2,NQU9,prior_rth,POC_ATOMIC,15398,15398,7699.25,4737.54662777893677723898437,1,addb2ba48149c95d2f18,R02,2019-06-19,2019
0.2,NQU9,midnight,POC_ATOMIC,14872,14872,7436.25,1153.787670973453043718220727,1,addb87b3e702ab472798,R04,2019-08-07,2019
0.05,NQH9,opening_hour_rth,POC_ATOMIC,28363,28363,7090.875,1700.096041199493884915879801,1,adf3560042e5bfcfdc4a,R05,2019-02-20,2019
0.1,NQU9,midnight,POC_ATOMIC,30452,30452,7613.125,944.0123453382279463877549179,1,ae0aa1d28fccbaa3d8bc,R04,2019-08-12,2019
0.2,NQM9,prior_rth,POC_ATOMIC,14927,14927,7463.75,6915.595799951682304623481094,1,ae165421c20cd4da8248,R01,2019-05-22,2019
0.2,NQM9,prior_rth,POC_ATOMIC,14927,14927,7463.75,6915.595799951682304623481094,1,ae165421c20cd4da8248,R02,2019-05-22,2019
0.2,NQH9,opening_hour_rth,POC_ATOMIC,28254,28254,7063.625,1129.409717412752814556556648,1,ae38efd5ce20948c17e9,R05,2019-02-19,2019
0.05,NQZ9,prior_rth,POC_ATOMIC,32267,32267,8066.875,2352.514131470570484992928107,1,ae8dd4feb0f0e0be01f0,R01,2019-10-30,2019
0.05,NQZ9,prior_rth,POC_ATOMIC,32267,32267,8066.875,2352.514131470570484992928107,1,ae8dd4feb0f0e0be01f0,R02,2019-10-30,2019
0.2,NQU9,prior_rth,POC_ATOMIC,15382,15382,7691.25,8382.198719950500136258650191,1,aeb0e2e3576ce0893f8e,R01,2019-06-28,2019
0.2,NQU9,prior_rth,POC_ATOMIC,15382,15382,7691.25,8382.198719950500136258650191,1,aeb0e2e3576ce0893f8e,R02,2019-06-28,2019
0.1,NQM9,opening_hour_rth,POC_ATOMIC,29871,29870,7467.625,2780.573106528491626640226758,2,aed6cf05ecb14b5bd2a8,R05,2019-04-01,2019
0.1,NQU9,opening_hour_rth,POC_ATOMIC,31893,31893,7973.375,1261.43062430636709074739635,1,af54882bdc66fdca0d06,R05,2019-07-24,2019
0.1,NQH9,midnight,POC_ATOMIC,26776,26776,6694.125,928.9033515580027207934184678,1,af598cbd0df4f119b290,R04,2019-01-24,2019
0.2,NQZ9,opening_hour_rth,POC_ATOMIC,15904,15904,7952.25,1504.239909600203717850776674,1,af6d6b62432093bee9d5,R05,2019-10-25,2019
0.2,NQU9,prior_rth,POC_ATOMIC,15357,15357,7678.75,5819.038078003867477551688078,1,af73fbf15247a87348df,R01,2019-09-03,2019
0.2,NQU9,prior_rth,POC_ATOMIC,15357,15357,7678.75,5819.038078003867477551688078,1,af73fbf15247a87348df,R02,2019-09-03,2019
0.1,NQM9,prior_rth,POC_ATOMIC,29860,29860,7465.125,3574.685541779830906552375539,1,af77b420a92462f42db1,R01,2019-05-22,2019
0.1,NQM9,prior_rth,POC_ATOMIC,29860,29860,7465.125,3574.685541779830906552375539,1,af77b420a92462f42db1,R02,2019-05-22,2019
0.2,NQU9,prior_rth,POC_ATOMIC,15899,15899,7949.75,5185.477750178306927936664598,1,afa594642ea548db70fc,R01,2019-09-13,2019
0.2,NQU9,prior_rth,POC_ATOMIC,15899,15899,7949.75,5185.477750178306927936664598,1,afa594642ea548db70fc,R02,2019-09-13,2019
0.1,NQU9,prior_rth,POC_ATOMIC,30738,30738,7684.625,1826.805934913078400158389575,1,afb30409ab5fd19a1cb7,R01,2019-09-05,2019
0.1,NQU9,prior_rth,POC_ATOMIC,30738,30738,7684.625,1826.805934913078400158389575,1,afb30409ab5fd19a1cb7,R02,2019-09-05,2019
0.2,NQM9,prior_rth,POC_ATOMIC,15617,15617,7808.75,5767.107323232323232323232323,1,afbc6e2225e0a6b72187,R01,2019-04-29,2019
0.2,NQM9,prior_rth,POC_ATOMIC,15617,15617,7808.75,5767.107323232323232323232323,1,afbc6e2225e0a6b72187,R02,2019-04-29,2019
0.1,NQH0,prior_rth,POC_ATOMIC,35214,35214,8803.625,2989.361759309375408446615877,1,afc210b4963addc7f57c,R01,2019-12-30,2019
0.1,NQH0,prior_rth,POC_ATOMIC,35214,35214,8803.625,2989.361759309375408446615877,1,afc210b4963addc7f57c,R02,2019-12-30,2019
0.1,NQZ9,full_overnight,POC_ATOMIC,31735,31735,7933.875,1302.075751736443225804927933,1,afdcdc18f8c1dc7b9e57,R03,2019-09-20,2019
0.2,NQM9,midnight,POC_ATOMIC,29371,29371,7342.875,1542.945034418536873965506399,1,b03d0380ea8301eb1717,R04,2019-05-23,2019
0.05,NQM9,prior_rth,POC_ATOMIC,29699,29699,7424.875,3724.233462552124173949833576,1,b06e504c00b06e9b74c9,R01,2019-06-10,2019
0.05,NQM9,prior_rth,POC_ATOMIC,29699,29699,7424.875,3724.233462552124173949833576,1,b06e504c00b06e9b74c9,R02,2019-06-10,2019
0.05,NQZ9,opening_hour_rth,POC_ATOMIC,31119,31119,7779.875,1277.155663858065464455940701,1,b07a76dd1e8620718271,R05,2019-09-26,2019
0.1,NQM9,prior_rth,POC_ATOMIC,30266,30266,7566.625,3779.340569897097259352414607,1,b07c70c0c6dfb7bce439,R01,2019-04-04,2019
0.1,NQM9,prior_rth,POC_ATOMIC,30266,30266,7566.625,3779.340569897097259352414607,1,b07c70c0c6dfb7bce439,R02,2019-04-04,2019
0.1,NQZ9,prior_rth,POC_ATOMIC,31429,31429,7857.375,2696.958283624844628149028081,1,b082cce3ca3ac619746f,R01,2019-10-15,2019
0.1,NQZ9,prior_rth,POC_ATOMIC,31429,31429,7857.375,2696.958283624844628149028081,1,b082cce3ca3ac619746f,R02,2019-10-15,2019
0.2,NQM9,prior_rth,POC_ATOMIC,15412,15412,7706.25,6730.910896559580770107085897,1,b084029ee4692e38454b,R01,2019-04-22,2019
0.2,NQM9,prior_rth,POC_ATOMIC,15412,15412,7706.25,6730.910896559580770107085897,1,b084029ee4692e38454b,R02,2019-04-22,2019
0.05,NQZ9,midnight,POC_ATOMIC,33290,33290,8322.625,1384.6161445927952187206461,1,b0a2cc38c9c76c9ded32,R04,2019-12-10,2019
0.05,NQU9,midnight,POC_ATOMIC,30165,30165,7541.375,1267.148502895410063946832735,1,b0a7bcdb5c6e2e8a42ac,R04,2019-08-13,2019
0.2,NQZ9,prior_rth,POC_ATOMIC,32267,32267,8066.875,2352.514131470570484992928107,1,b0abdcfeb338a7207fd4,R01,2019-10-30,2019
0.2,NQZ9,prior_rth,POC_ATOMIC,32267,32267,8066.875,2352.514131470570484992928107,1,b0abdcfeb338a7207fd4,R02,2019-10-30,2019
0.1,NQH9,midnight,POC_ATOMIC,28405,28405,7101.375,1045.679757660640013581190052,1,b0b017ab2d3bba6d7893,R04,2019-02-27,2019
0.1,NQH9,midnight,POC_ATOMIC,27803,27803,6950.875,776.67586996336996336996337,1,b0c5d12fab96bc43589c,R04,2019-02-11,2019
0.05,NQU9,opening_hour_rth,POC_ATOMIC,15018,15018,7509.25,2062.378816066621589122741325,1,b0d31ccac7aea2eb367b,R05,2019-08-15,2019
0.2,NQZ9,opening_hour_rth,POC_ATOMIC,32852,32852,8213.125,1320.938307622098488492723932,1,b0e604d95a12287c89f4,R05,2019-11-08,2019
0.1,NQU9,prior_rth,POC_ATOMIC,31648,31648,7912.125,2771.12979556863188576743564,1,b100fff2aeb27273e379,R01,2019-07-12,2019
0.1,NQU9,prior_rth,POC_ATOMIC,31648,31648,7912.125,2771.12979556863188576743564,1,b100fff2aeb27273e379,R02,2019-07-12,2019
0.05,NQZ9,prior_rth,POC_ATOMIC,30589,30589,7647.375,2308.687474680544594654971317,1,b10b2be7a5cd81cdeb41,R01,2019-10-09,2019
0.05,NQZ9,prior_rth,POC_ATOMIC,30589,30589,7647.375,2308.687474680544594654971317,1,b10b2be7a5cd81cdeb41,R02,2019-10-09,2019
0.2,NQU9,midnight,POC_ATOMIC,32069,32069,8017.375,849.7024195303607068312950666,1,b11b59be77f3e7440086,R04,2019-07-25,2019
0.05,NQU9,full_overnight,POC_ATOMIC,30945,30945,7736.375,1499.718937492078224343670568,1,b131e7ffa2302d02e288,R03,2019-08-20,2019
0.1,NQM9,full_overnight,POC_ATOMIC,30270,30270,7567.625,1641.603832050302638537932656,1,b144d2e2f0a318d58c7b,R03,2019-04-03,2019
0.2,NQH9,full_overnight,POC_ATOMIC,28574,28574,7143.625,1055.587511344864286040756629,1,b1497b68f01dd7efb97a,R03,2019-03-05,2019
0.2,NQZ9,opening_hour_rth,POC_ATOMIC,33684,33684,8421.125,1663.698718753637617734980818,1,b152f6647ced82e82362,R05,2019-12-09,2019
0.2,NQZ9,midnight,POC_ATOMIC,32989,32989,8247.375,1263.298252981228475155335754,1,b154cdfbe74a9277104a,R04,2019-11-07,2019
0.2,NQZ9,opening_hour_rth,POC_ATOMIC,14996,14993,7496.75,5290.974582229364838060490236,4,b17a7b9b309607a1455c,R05,2019-10-03,2019
0.1,NQH9,prior_rth,POC_ATOMIC,28609,28609,7152.375,3259.914232210284841863789232,1,b18d1391906b01336164,R01,2019-03-04,2019
0.1,NQH9,prior_rth,POC_ATOMIC,28609,28609,7152.375,3259.914232210284841863789232,1,b18d1391906b01336164,R02,2019-03-04,2019
0.05,NQU9,midnight,POC_ATOMIC,30945,30945,7736.375,591.9186509143030882161316944,1,b18eb26bb7407a265ad4,R04,2019-06-25,2019
0.05,NQZ9,full_overnight,POC_ATOMIC,30236,30236,7559.125,1429.280913775013619129312207,1,b19bee3c7d8cb4f040a6,R03,2019-10-03,2019
0.1,NQU9,full_overnight,POC_ATOMIC,31491,31491,7872.875,1118.504045904022184857099468,1,b1a80dab3973e4bdbf45,R03,2019-07-18,2019
0.2,NQM9,midnight,POC_ATOMIC,28386,28386,7096.625,853.9636336224064418790585119,1,b1c647babcb73ff1754b,R04,2019-06-03,2019
0.2,NQZ9,full_overnight,POC_ATOMIC,31611,31611,7902.875,1238.369170698582463288345641,1,b1d6d87a75af563b2111,R03,2019-09-18,2019
0.05,NQM9,opening_hour_rth,POC_ATOMIC,31133,31133,7783.375,1677.887971717824659001129589,1,b1d7c63f3246e02f66dc,R05,2019-04-26,2019
0.1,NQM9,opening_hour_rth,POC_ATOMIC,31133,31133,7783.375,1677.887971717824659001129589,1,b1db63c5b64b9791065c,R05,2019-04-26,2019
0.05,NQZ9,opening_hour_rth,POC_ATOMIC,31848,31848,7962.125,1190.811665330199812958433648,1,b1f317c368d8226a0a2d,R05,2019-09-19,2019
0.1,NQH9,opening_hour_rth,POC_ATOMIC,26746,26746,6686.625,1197.157648638570190552613403,1,b20a784205cf2ef6105e,R05,2019-01-24,2019
0.2,NQM9,midnight,POC_ATOMIC,30598,30598,7649.625,962.2770562770562770562770563,1,b217e5e9732768b9629a,R04,2019-04-15,2019
0.2,NQZ9,midnight,POC_ATOMIC,30236,30236,7559.125,1102.448137924578226099292192,1,b2376d9d2bc0efc0a759,R04,2019-10-03,2019
0.1,NQH9,midnight,POC_ATOMIC,26962,26962,6740.625,1410.694508985638017896082412,1,b23bb0f2663117e732ce,R04,2019-01-22,2019
0.1,NQZ9,midnight,POC_ATOMIC,32876,32876,8219.125,753.9603535353535353535353535,1,b2416325540746286fd6,R04,2019-11-04,2019
0.05,NQZ9,prior_rth,POC_ATOMIC,32925,32925,8231.375,3217.923032763590039131834797,1,b27cff07cd8dc434bf0e,R01,2019-11-11,2019
0.05,NQZ9,prior_rth,POC_ATOMIC,32925,32925,8231.375,3217.923032763590039131834797,1,b27cff07cd8dc434bf0e,R02,2019-11-11,2019
0.05,NQU9,midnight,POC_ATOMIC,30249,30249,7562.375,1477.338948686361696595361305,1,b2b17c2d8ddff0c0bbd1,R04,2019-08-26,2019
0.1,NQU9,prior_rth,POC_ATOMIC,30858,30858,7714.625,3489.644895423141990647711472,1,b2bcde005b353fb45dac,R01,2019-08-30,2019
0.1,NQU9,prior_rth,POC_ATOMIC,30858,30858,7714.625,3489.644895423141990647711472,1,b2bcde005b353fb45dac,R02,2019-08-30,2019
0.1,NQU9,prior_rth,POC_ATOMIC,14988,14988,7494.25,2647.290344996420847814036669,1,b2cfdfbc398dd25e1024,R01,2019-08-26,2019
0.1,NQU9,prior_rth,POC_ATOMIC,14988,14988,7494.25,2647.290344996420847814036669,1,b2cfdfbc398dd25e1024,R02,2019-08-26,2019
0.2,NQZ9,prior_rth,POC_ATOMIC,32942,32942,8235.625,2137.78792041292041292041292,1,b2d627e382d07f9dfb44,R01,2019-11-12,2019
0.2,NQZ9,prior_rth,POC_ATOMIC,32942,32942,8235.625,2137.78792041292041292041292,1,b2d627e382d07f9dfb44,R02,2019-11-12,2019
0.1,NQH9,prior_rth,POC_ATOMIC,28013,28013,7003.375,3371.4373273569756945716025,1,b2e4ad0d78ee0ded1252,R01,2019-02-07,2019
0.1,NQH9,prior_rth,POC_ATOMIC,28013,28013,7003.375,3371.4373273569756945716025,1,b2e4ad0d78ee0ded1252,R02,2019-02-07,2019
0.05,NQH9,opening_hour_rth,POC_ATOMIC,28607,28607,7151.875,1947.130071809020860037147559,1,b2e77612e9795d84d3c1,R05,2019-03-01,2019
0.05,NQM9,midnight,POC_ATOMIC,30410,30410,7602.625,1307.779381729381729381729382,1,b2eecef711c71154b685,R04,2019-04-10,2019
0.2,NQU9,prior_rth,POC_ATOMIC,15593,15593,7796.75,6115.469931457431457431457431,1,b303c361661d6582abd1,R01,2019-07-09,2019
0.2,NQU9,prior_rth,POC_ATOMIC,15593,15593,7796.75,6115.469931457431457431457431,1,b303c361661d6582abd1,R02,2019-07-09,2019
0.1,NQU9,full_overnight,POC_ATOMIC,30353,30353,7588.375,1378.339292657335451702774184,1,b30dd2e4c2037a330170,R03,2019-08-28,2019
0.05,NQH9,opening_hour_rth,POC_ATOMIC,26746,26746,6686.625,1197.157648638570190552613403,1,b314175dbe85318ac8c5,R05,2019-01-24,2019
0.05,NQZ9,midnight,POC_ATOMIC,31470,31470,7867.625,1101.003580781449200181010746,1,b32c5e81becd6e77c857,R04,2019-09-17,2019
0.2,NQZ9,opening_hour_rth,POC_ATOMIC,31807,31807,7951.875,1404.89503783944336226369583,1,b368db181b220c7af90d,R05,2019-10-24,2019
0.2,NQH9,full_overnight,POC_ATOMIC,27535,27535,6883.875,1024.069286269286269286269286,1,b36f72e2087051d6e934,R03,2019-02-04,2019
0.05,NQZ9,full_overnight,POC_ATOMIC,31748,31748,7937.125,2168.261471151827188978891765,1,b3749474a2903d4a8781,R03,2019-10-16,2019
0.05,NQH9,opening_hour_rth,POC_ATOMIC,28469,28469,7117.375,1140.841764960186012817591765,1,b39ab412ec1134a7277c,R05,2019-02-28,2019
0.1,NQU9,midnight,POC_ATOMIC,31021,31021,7755.375,1240.71331030081030081030081,1,b39bfe2cf3d46c5b0eb1,R04,2019-08-30,2019
0.05,NQU9,prior_rth,POC_ATOMIC,30363,30363,7590.875,2368.905723722441988695858665,1,b3a93ef2775bebca4917,R01,2019-08-29,2019
0.05,NQU9,prior_rth,POC_ATOMIC,30363,30363,7590.875,2368.905723722441988695858665,1,b3a93ef2775bebca4917,R02,2019-08-29,2019
0.05,NQU9,opening_hour_rth,POC_ATOMIC,15464,15464,7732.25,1889.972332066292269393253281,1,b3d5c1662733a5e31b3c,R05,2019-08-02,2019
0.05,NQM9,opening_hour_rth,POC_ATOMIC,28521,28521,7130.375,972.3440536920042910081946291,1,b3f8054806691723488d,R05,2019-03-11,2019
0.05,NQU9,prior_rth,POC_ATOMIC,31562,31562,7890.625,2049.977305172579772122106218,1,b40ff2b7389954145bd2,R01,2019-07-19,2019
0.05,NQU9,prior_rth,POC_ATOMIC,31562,31562,7890.625,2049.977305172579772122106218,1,b40ff2b7389954145bd2,R02,2019-07-19,2019
0.1,NQZ9,midnight,POC_ATOMIC,30777,30777,7694.375,1046.81264997996177341077751,1,b42fc0b16daa5aac970d,R04,2019-10-08,2019
0.05,NQM9,midnight,POC_ATOMIC,28976,28976,7244.125,1171.079646771107871677131639,1,b430402047f6c759fd61,R04,2019-05-30,2019
0.1,NQZ9,opening_hour_rth,POC_ATOMIC,31507,31507,7876.875,1138.171338447010059936338957,1,b4324c7802e4fdeeca66,R05,2019-09-17,2019
0.2,NQH9,midnight,POC_ATOMIC,26800,26800,6700.125,686.0999278499278499278499278,1,b442d1b970d72d7742be,R04,2019-01-30,2019
0.05,NQH9,prior_rth,POC_ATOMIC,28349,28349,7087.375,2746.906983571983571983571984,1,b45f038c7bd195949868,R01,2019-02-25,2019
0.05,NQH9,prior_rth,POC_ATOMIC,28349,28349,7087.375,2746.906983571983571983571984,1,b45f038c7bd195949868,R02,2019-02-25,2019
0.2,NQZ9,midnight,POC_ATOMIC,33663,33663,8415.875,1030.073376623376623376623377,1,b46e3a29860b4d5c208e,R04,2019-11-27,2019
0.2,NQM9,prior_rth,POC_ATOMIC,14950,14950,7475.25,6357.759151567386861504508563,1,b4a33e754a831afb7946,R01,2019-06-13,2019
0.2,NQM9,prior_rth,POC_ATOMIC,14950,14950,7475.25,6357.759151567386861504508563,1,b4a33e754a831afb7946,R02,2019-06-13,2019
0.05,NQU9,opening_hour_rth,POC_ATOMIC,31671,31669,7917.375,3012.085771733154579383432034,3,b4b0d346bdb38e96eadf,R05,2019-08-01,2019
0.1,NQU9,opening_hour_rth,POC_ATOMIC,30856,30856,7714.125,1343.91744017434806908491119,1,b4b0dd9be067f84cd135,R05,2019-08-29,2019
0.1,NQM9,midnight,POC_ATOMIC,29651,29651,7412.875,1045.817520027238014918498057,1,b4bac0b59e90aad4a94a,R04,2019-05-13,2019
0.1,NQU9,midnight,POC_ATOMIC,31188,31188,7797.125,694.8567432567432567432567433,1,b4c6b457a528338a7162,R04,2019-06-20,2019
0.05,NQM9,opening_hour_rth,POC_ATOMIC,29030,29030,7257.625,1792.266168447708695386713963,1,b4f58c05c68a55bbdb08,R05,2019-05-30,2019
0.05,NQM9,prior_rth,POC_ATOMIC,30596,30596,7649.125,2855.358316683316683316683317,1,b4f99902943c020eeb9b,R01,2019-04-16,2019
0.05,NQM9,prior_rth,POC_ATOMIC,30596,30596,7649.125,2855.358316683316683316683317,1,b4f99902943c020eeb9b,R02,2019-04-16,2019
0.1,NQH9,full_overnight,POC_ATOMIC,27461,27461,6865.375,1427.227475302475302475302475,1,b51fd803900f80ccd4fc,R03,2019-01-31,2019
0.05,NQM9,opening_hour_rth,POC_ATOMIC,28911,28911,7227.875,1526.964227570579833673026622,1,b567da086cb36f2b84ed,R05,2019-05-29,2019
0.1,NQZ9,opening_hour_rth,POC_ATOMIC,33556,33556,8389.125,1127.580167055167055167055167,1,b57b2fc4ec7d3b93ad39,R05,2019-12-11,2019
0.1,NQH9,opening_hour_rth,POC_ATOMIC,28231,28231,7057.875,1626.999437533037664780404902,1,b5836b7789ed4efa5ff4,R05,2019-02-15,2019
0.1,NQH9,full_overnight,POC_ATOMIC,27728,27728,6932.125,680.1148315452663278750235272,1,b63da749cf65e08aa7a8,R03,2019-02-05,2019
0.05,NQZ9,prior_rth,POC_ATOMIC,33386,33386,8346.625,4063.510964709102084523957544,1,b67d1c07fe5f44b43d09,R01,2019-11-20,2019
0.05,NQZ9,prior_rth,POC_ATOMIC,33386,33386,8346.625,4063.510964709102084523957544,1,b67d1c07fe5f44b43d09,R02,2019-11-20,2019
0.1,NQU9,midnight,POC_ATOMIC,30945,30945,7736.375,591.9186509143030882161316944,1,b68397cc5a7b1c0a545d,R04,2019-06-25,2019
0.2,NQZ9,midnight,POC_ATOMIC,31510,31510,7877.625,1213.411819485983572670879172,1,b68d5266a66d185d7c90,R04,2019-10-15,2019
0.2,NQM9,opening_hour_rth,POC_ATOMIC,15181,15181,7590.75,3280.55705960705960705960706,1,b697f158a0b744861d5c,R05,2019-04-04,2019
0.2,NQZ9,full_overnight,POC_ATOMIC,15867,15867,7933.75,2626.663997113997113997113997,1,b6b388f5c9338d682284,R03,2019-10-25,2019
0.1,NQM9,opening_hour_rth,POC_ATOMIC,14795,14795,7397.75,2313.021071147018882354250723,1,b6ca84596efb37994fb5,R05,2019-05-20,2019
0.2,NQH9,full_overnight,POC_ATOMIC,13230,13230,6615.25,1932.304721748839395898219428,1,b6d4dbaacf96123b7c42,R03,2019-01-11,2019
0.1,NQH9,prior_rth,POC_ATOMIC,26583,26583,6645.875,3541.964625293072793441011507,1,b70eb8bf10b6ac9e5000,R01,2019-01-16,2019
0.1,NQH9,prior_rth,POC_ATOMIC,26583,26583,6645.875,3541.964625293072793441011507,1,b70eb8bf10b6ac9e5000,R02,2019-01-16,2019
0.2,NQH9,prior_rth,POC_ATOMIC,14176,14176,7088.25,5440.356830914183855360325949,1,b73f59030c7b4e3d6492,R01,2019-02-25,2019
0.2,NQH9,prior_rth,POC_ATOMIC,14176,14176,7088.25,5440.356830914183855360325949,1,b73f59030c7b4e3d6492,R02,2019-02-25,2019
0.2,NQZ9,full_overnight,POC_ATOMIC,16539,16539,8269.75,2621.514643342274921222289643,1,b73fc4a07565b76ac4ed,R03,2019-11-21,2019
0.2,NQM9,full_overnight,POC_ATOMIC,29198,29198,7299.625,1172.561873485359608151870557,1,b74421134a390807d6db,R03,2019-03-15,2019
0.1,NQU9,opening_hour_rth,POC_ATOMIC,32090,32090,8022.625,1537.090687808401020608366428,1,b7497f266f5b31a42159,R05,2019-07-26,2019
0.05,NQU9,prior_rth,POC_ATOMIC,31811,31811,7952.875,2872.541566407796527665619348,1,b77d3f501e3f92424dee,R01,2019-07-26,2019
0.05,NQU9,prior_rth,POC_ATOMIC,31811,31811,7952.875,2872.541566407796527665619348,1,b77d3f501e3f92424dee,R02,2019-07-26,2019
0.1,NQU9,midnight,POC_ATOMIC,31296,31296,7824.125,1039.72353359574721803823971,1,b79998b0f81c84df74bf,R04,2019-07-01,2019
0.2,NQH9,opening_hour_rth,POC_ATOMIC,13376,13376,6688.25,1796.241112168331511446331745,1,b7aab041dbc8e5ed7b6b,R05,2019-01-29,2019
0.2,NQH9,prior_rth,POC_ATOMIC,9080,9080,6810.375,6559.560173160173160173160173,1,b7b17c58ff489416a62f,R01,2019-01-22,2019
0.2,NQH9,prior_rth,POC_ATOMIC,9080,9080,6810.375,6559.560173160173160173160173,1,b7b17c58ff489416a62f,R02,2019-01-22,2019
0.2,NQZ9,full_overnight,POC_ATOMIC,15417,15417,7708.75,2173.16450746965452847805789,1,b7e7843f37e4bf58f255,R03,2019-09-25,2019
0.2,NQH0,full_overnight,POC_ATOMIC,34680,34680,8670.125,1430.705952380952380952380952,1,b7f283f7f68f3e2fcecc,R03,2019-12-20,2019
0.05,NQH0,prior_rth,POC_ATOMIC,34445,34445,8611.375,4438.655332167832167832167832,1,b8161f09005154385186,R01,2019-12-17,2019
0.05,NQH0,prior_rth,POC_ATOMIC,34445,34445,8611.375,4438.655332167832167832167832,1,b8161f09005154385186,R02,2019-12-17,2019
0.2,NQH9,full_overnight,POC_ATOMIC,28276,28276,7069.125,1442.555172605172605172605173,1,b837a0131985f1450b52,R03,2019-02-20,2019
0.2,NQM9,prior_rth,POC_ATOMIC,15593,15593,7796.75,7996.560102908787119313435103,1,b860d5450f515873befd,R01,2019-05-01,2019
0.2,NQM9,prior_rth,POC_ATOMIC,15593,15593,7796.75,7996.560102908787119313435103,1,b860d5450f515873befd,R02,2019-05-01,2019
0.2,NQU9,opening_hour_rth,POC_ATOMIC,15375,15375,7687.75,2354.413918268749840966828448,1,b866f0aeca34fc42b1f0,R05,2019-09-04,2019
0.05,NQM9,opening_hour_rth,POC_ATOMIC,30304,30304,7576.125,1297.319372709641855254807293,1,b87db2f9e3485c4fd43a,R05,2019-04-08,2019
0.05,NQM9,prior_rth,POC_ATOMIC,29576,29576,7394.125,3801.419104936196752976443096,1,b89423d6540c7804be93,R01,2019-05-21,2019
0.05,NQM9,prior_rth,POC_ATOMIC,29576,29576,7394.125,3801.419104936196752976443096,1,b89423d6540c7804be93,R02,2019-05-21,2019
0.1,NQH9,midnight,POC_ATOMIC,28615,28615,7153.875,1047.435195360195360195360195,1,b8b33bb25415fdc964bb,R04,2019-03-05,2019
0.05,NQM9,midnight,POC_ATOMIC,31497,31497,7874.375,1010.75329774284882644015771,1,b8b4281d3551f9b4d2c6,R04,2019-04-25,2019
0.05,NQU9,full_overnight,POC_ATOMIC,30249,30249,7562.375,1477.338948686361696595361305,1,b8f3f650706fe16f0592,R03,2019-08-26,2019
0.1,NQH9,full_overnight,POC_ATOMIC,27004,27004,6751.125,834.0867599720540897011485247,1,b90ce26bfb8fdb463d55,R03,2019-01-28,2019
0.1,NQU9,opening_hour_rth,POC_ATOMIC,31569,31569,7892.375,1494.457002473902460441698563,1,b92c8e7efc6913adfaf1,R05,2019-07-18,2019
0.05,NQZ9,opening_hour_rth,POC_ATOMIC,32383,32381,8095.375,2784.07015580051183766354045,3,b92ee97c7ae817cab278,R05,2019-10-31,2019
0.1,NQH9,midnight,POC_ATOMIC,28381,28381,7095.375,921.5725885225885225885225885,1,b941f36964683924dbec,R04,2019-03-07,2019
0.05,NQZ9,prior_rth,POC_ATOMIC,31778,31778,7944.625,2646.918982406482406482406482,1,b96140c7024b4cfdf720,R01,2019-10-16,2019
0.05,NQZ9,prior_rth,POC_ATOMIC,31778,31778,7944.625,2646.918982406482406482406482,1,b96140c7024b4cfdf720,R02,2019-10-16,2019
0.05,NQH9,prior_rth,POC_ATOMIC,26785,26785,6696.375,2810.91928706928922788584146,1,b97065f87024ee86059d,R01,2019-01-25,2019
0.05,NQH9,prior_rth,POC_ATOMIC,26785,26785,6696.375,2810.91928706928922788584146,1,b97065f87024ee86059d,R02,2019-01-25,2019
0.2,NQM9,opening_hour_rth,POC_ATOMIC,9918,9918,7438.875,3765.271749982044099691158515,1,b973541d8d97147a6ca2,R05,2019-05-22,2019
0.2,NQM9,prior_rth,POC_ATOMIC,31416,31416,7854.125,3843.588679998162756783446439,1,b97647e9b822552c434d,R01,2019-04-30,2019
0.2,NQM9,prior_rth,POC_ATOMIC,31416,31416,7854.125,3843.588679998162756783446439,1,b97647e9b822552c434d,R02,2019-04-30,2019
0.2,NQZ9,opening_hour_rth,POC_ATOMIC,16771,16771,8385.75,2700.265051615051615051615052,1,b97961d8f439f41a1d7d,R05,2019-12-06,2019
0.1,NQM9,full_overnight,POC_ATOMIC,31072,31072,7768.125,1327.063561411355529002587826,1,b97dbd6c1a7a3e102696,R03,2019-05-02,2019
0.1,NQH9,opening_hour_rth,POC_ATOMIC,12452,12452,6226.25,1347.042245840492684812460409,1,b984c433c2395e6d38f1,R05,2019-01-03,2019
0.05,NQU9,prior_rth,POC_ATOMIC,30429,30429,7607.375,2280.172373581761817825831962,1,b98715b683675041eebe,R01,2019-08-13,2019
0.05,NQU9,prior_rth,POC_ATOMIC,30429,30429,7607.375,2280.172373581761817825831962,1,b98715b683675041eebe,R02,2019-08-13,2019
0.05,NQZ9,prior_rth,POC_ATOMIC,31011,31011,7752.875,2161.144594535207443791686681,1,b9a5578fd9b13735c107,R01,2019-10-08,2019
0.05,NQZ9,prior_rth,POC_ATOMIC,31011,31011,7752.875,2161.144594535207443791686681,1,b9a5578fd9b13735c107,R02,2019-10-08,2019
0.05,NQZ9,midnight,POC_ATOMIC,31748,31748,7937.125,1015.737910411101900463602591,1,b9abf966f19202e4031a,R04,2019-09-20,2019
0.1,NQZ9,midnight,POC_ATOMIC,33182,33182,8295.625,1632.924710903753456944946307,1,b9b8ed835c7074e90f0d,R04,2019-11-22,2019
0.1,NQZ9,opening_hour_rth,POC_ATOMIC,33313,33313,8328.375,1644.166894028365568878166146,1,b9cd17d906b6b75376f4,R05,2019-11-20,2019
0.2,NQU9,prior_rth,POC_ATOMIC,15335,15335,7667.75,4155.150307068774392774931205,1,ba023e3a8b5bc63460a6,R01,2019-08-12,2019
0.2,NQU9,prior_rth,POC_ATOMIC,15335,15335,7667.75,4155.150307068774392774931205,1,ba023e3a8b5bc63460a6,R02,2019-08-12,2019
0.1,NQM9,opening_hour_rth,POC_ATOMIC,29892,29892,7473.125,762.6727441172028154602981241,1,ba4839dcb7d84c0d629d,R05,2019-06-14,2019
0.1,NQM9,prior_rth,POC_ATOMIC,29223,29223,7305.875,2786.692536578488590872491801,1,ba57a3e933420785d285,R01,2019-03-14,2019
0.1,NQM9,prior_rth,POC_ATOMIC,29223,29223,7305.875,2786.692536578488590872491801,1,ba57a3e933420785d285,R02,2019-03-14,2019
0.1,NQM9,prior_rth,POC_ATOMIC,15006,15006,7503.25,4279.647756410256410256410256,1,ba5dce3c1578d324f7f7,R01,2019-05-16,2019
0.1,NQM9,prior_rth,POC_ATOMIC,15006,15006,7503.25,4279.647756410256410256410256,1,ba5dce3c1578d324f7f7,R02,2019-05-16,2019
0.1,NQZ9,prior_rth,POC_ATOMIC,33602,33602,8400.625,3118.870601620601620601620602,1,ba65fffd24ae0ac6d41f,R01,2019-12-09,2019
0.1,NQZ9,prior_rth,POC_ATOMIC,33602,33602,8400.625,3118.870601620601620601620602,1,ba65fffd24ae0ac6d41f,R02,2019-12-09,2019
0.05,NQU9,opening_hour_rth,POC_ATOMIC,31129,31129,7782.375,1201.704865194357909300747479,1,ba8767092c5e1ce7ae26,R05,2019-07-08,2019
0.1,NQZ9,midnight,POC_ATOMIC,33314,33314,8328.625,1581.978586609468962410138881,1,baa4702352d3fce140d9,R04,2019-12-03,2019
0.2,NQM9,prior_rth,POC_ATOMIC,9792,9792,7344.375,7441.370529470529470529470529,1,baaa63d5609bcf38c249,R01,2019-03-29,2019
0.2,NQM9,prior_rth,POC_ATOMIC,9792,9792,7344.375,7441.370529470529470529470529,1,baaa63d5609bcf38c249,R02,2019-03-29,2019
0.1,NQU9,opening_hour_rth,POC_ATOMIC,15095,15095,7547.75,1862.166349206349206349206349,1,bac3b03feee11b2eb498,R05,2019-08-28,2019
0.2,NQZ9,prior_rth,POC_ATOMIC,32925,32925,8231.375,3217.923032763590039131834797,1,bac5b09a0622354bab2a,R01,2019-11-11,2019
0.2,NQZ9,prior_rth,POC_ATOMIC,32925,32925,8231.375,3217.923032763590039131834797,1,bac5b09a0622354bab2a,R02,2019-11-11,2019
0.05,NQH9,opening_hour_rth,POC_ATOMIC,27723,27723,6930.875,1526.516404580718546026913515,1,baec3309b973ac9a4539,R05,2019-02-07,2019
0.05,NQU9,opening_hour_rth,POC_ATOMIC,31617,31617,7904.375,679.0192745622499779250539202,1,bb12c01b93f81eccf5c5,R05,2019-09-13,2019
0.2,NQZ9,opening_hour_rth,POC_ATOMIC,16252,16252,8126.25,1846.597572294854903550555724,1,bb17ab3e98948ac3f1cf,R05,2019-11-01,2019
0.2,NQU9,midnight,POC_ATOMIC,31763,31763,7940.875,866.8342681501505030916795623,1,bb2408524e131a73add1,R04,2019-07-30,2019
0.2,NQU9,midnight,POC_ATOMIC,15124,15124,7562.25,2847.044335976167154600990733,1,bb352f0b5adf58dad09a,R04,2019-08-26,2019
0.05,NQH9,midnight,POC_ATOMIC,27803,27803,6950.875,776.67586996336996336996337,1,bb37fd0a0105e6ea5977,R04,2019-02-11,2019
0.2,NQM9,full_overnight,POC_ATOMIC,15146,15146,7573.25,1828.395856920856920856920857,1,bb53a6c6afe96fdf384d,R03,2019-05-09,2019
0.05,NQH9,full_overnight,POC_ATOMIC,28574,28574,7143.625,1055.587511344864286040756629,1,bb54455113fb57c7bfb2,R03,2019-03-05,2019
0.05,NQZ9,full_overnight,POC_ATOMIC,31618,31618,7904.625,1727.793712659889130477365771,1,bb59e266f6c4cfd4085c,R03,2019-10-21,2019
0.2,NQU9,midnight,POC_ATOMIC,30770,30770,7692.625,1234.067774466700297902343938,1,bb5f369d82781e6e6a1b,R04,2019-09-04,2019
0.2,NQH0,full_overnight,POC_ATOMIC,34478,34478,8619.625,1599.685106560106560106560107,1,bb747cd48b38d28dbe08,R03,2019-12-19,2019
0.05,NQZ9,midnight,POC_ATOMIC,33517,33517,8379.375,1049.288416976574871311713417,1,bb94eec0e5d4aa1c345c,R04,2019-12-11,2019
0.05,NQM9,opening_hour_rth,POC_ATOMIC,29232,29232,7308.125,1486.613541201643978893045499,1,bb9927eed7831c0db5f9,R05,2019-03-25,2019
0.05,NQZ9,opening_hour_rth,POC_ATOMIC,33247,33245,8311.375,3194.019947196236644673855385,3,bbd04a2b4587930fe2c1,R05,2019-12-02,2019
0.05,NQZ9,opening_hour_rth,POC_BROAD,29994,29987,7496.875,5432.208737777960820647062376,8,bbf976b06cd0442c5f23,R05,2019-10-03,2019
0.2,NQM9,opening_hour_rth,POC_ATOMIC,15401,15401,7700.75,2334.078011204481792717086835,1,bc11806e69ed2b1b0077,R05,2019-04-18,2019
0.05,NQM9,opening_hour_rth,POC_ATOMIC,29481,29481,7370.375,1400.027934346355398986977934,1,bc14911290bec3f0a987,R05,2019-03-18,2019
0.05,NQH9,full_overnight,POC_ATOMIC,12462,12462,6231.25,1627.857467648302494037521261,1,bc1d9dc10f8f9dd197cc,R03,2019-01-03,2019
0.05,NQM9,opening_hour_rth,POC_ATOMIC,29871,29870,7467.625,2780.573106528491626640226758,2,bc274b11350bb336b896,R05,2019-04-01,2019
0.1,NQZ9,full_overnight,POC_ATOMIC,33261,33261,8315.375,1516.970972387406756556127759,1,bc55d26e0fbecc7048e8,R03,2019-11-20,2019
0.05,NQU9,prior_rth,POC_ATOMIC,31449,31449,7862.375,2666.682484286439394798527925,1,bc58d880b4f42fbd756c,R01,2019-09-12,2019
0.05,NQU9,prior_rth,POC_ATOMIC,31449,31449,7862.375,2666.682484286439394798527925,1,bc58d880b4f42fbd756c,R02,2019-09-12,2019
0.2,NQU9,full_overnight,POC_ATOMIC,31742,31742,7935.625,800.7089381029598420902768729,1,bc7461f2bd8f93c95918,R03,2019-07-23,2019
0.2,NQZ9,midnight,POC_ATOMIC,33472,33472,8368.125,1823.516046176046176046176046,1,bc9b4742312ae7ac36ed,R04,2019-11-19,2019
0.2,NQZ9,full_overnight,POC_ATOMIC,15873,15873,7936.75,4317.186621424552459035217656,1,bca7aa2dad27c8b35b77,R03,2019-10-16,2019
0.05,NQU9,midnight,POC_ATOMIC,31743,31743,7935.875,997.4048701298701298701298701,1,bcae79f385b0907da9e5,R04,2019-07-12,2019
0.05,NQH9,prior_rth,POC_ATOMIC,28494,28494,7123.625,4349.145721341577350954066771,1,bcc737e9f3412d49c1a7,R01,2019-03-07,2019
0.05,NQH9,prior_rth,POC_ATOMIC,28494,28494,7123.625,4349.145721341577350954066771,1,bcc737e9f3412d49c1a7,R02,2019-03-07,2019
0.1,NQM9,opening_hour_rth,POC_ATOMIC,29076,29076,7269.125,1533.43398283385712658692268,1,bccbc09fbfb7b9a4fe76,R05,2019-03-13,2019
0.1,NQZ9,opening_hour_rth,POC_ATOMIC,30737,30737,7684.375,1037.778035205366027019622855,1,bce062fab962582bc702,R05,2019-10-09,2019
0.1,NQU9,midnight,POC_ATOMIC,31505,31505,7876.375,1385.54155491783412814839084,1,bcf670081bbf1fe92205,R04,2019-09-06,2019
0.1,NQH9,prior_rth,POC_ATOMIC,28336,28336,7084.125,2990.402973415473415473415473,1,bd0041d3e297d83cf9e4,R01,2019-02-20,2019
0.1,NQH9,prior_rth,POC_ATOMIC,28336,28336,7084.125,2990.402973415473415473415473,1,bd0041d3e297d83cf9e4,R02,2019-02-20,2019
0.05,NQU9,full_overnight,POC_ATOMIC,31291,31291,7822.875,1153.341597291597291597291597,1,bd01820ea7fe2be4a13d,R03,2019-07-08,2019
0.2,NQM9,prior_rth,POC_ATOMIC,31299,31299,7824.875,4715.381843595001489738331844,1,bd01b8f94e61309f3b8b,R01,2019-04-24,2019
0.2,NQM9,prior_rth,POC_ATOMIC,31299,31299,7824.875,4715.381843595001489738331844,1,bd01b8f94e61309f3b8b,R02,2019-04-24,2019
0.1,NQZ9,opening_hour_rth,POC_ATOMIC,33247,33245,8311.375,3194.019947196236644673855385,3,bd1d5ae8d07924b63211,R05,2019-12-02,2019
0.2,NQU9,full_overnight,POC_ATOMIC,10659,10659,7994.625,5981.487121212121212121212121,1,bd59ba04924e452844a2,R03,2019-07-31,2019
0.05,NQM9,full_overnight,POC_ATOMIC,29262,29262,7315.625,1034.614339002071200213615074,1,bd73b840ddf849f04b47,R03,2019-03-25,2019
0.2,NQU9,midnight,POC_ATOMIC,30165,30165,7541.375,1267.148502895410063946832735,1,bd7bc1331dd10c470666,R04,2019-08-13,2019
0.2,NQM9,full_overnight,POC_ATOMIC,14888,14888,7444.25,2320.323015873015873015873016,1,bd9938369a3c310539fd,R03,2019-06-10,2019
0.1,NQU9,prior_rth,POC_ATOMIC,31224,31224,7806.125,2050.369767920231306958995746,1,bdaf0a95d6eba085470e,R01,2019-07-02,2019
0.1,NQU9,prior_rth,POC_ATOMIC,31224,31224,7806.125,2050.369767920231306958995746,1,bdaf0a95d6eba085470e,R02,2019-07-02,2019
0.05,NQZ9,midnight,POC_ATOMIC,33261,33261,8315.375,1480.824383127609949589509472,1,bdbf9e9c3ebc5df93ebe,R04,2019-11-20,2019
0.05,NQM9,prior_rth,POC_ATOMIC,31299,31299,7824.875,4715.381843595001489738331844,1,bdd51488eced02ea42e7,R01,2019-04-24,2019
0.05,NQM9,prior_rth,POC_ATOMIC,31299,31299,7824.875,4715.381843595001489738331844,1,bdd51488eced02ea42e7,R02,2019-04-24,2019
0.05,NQZ9,midnight,POC_ATOMIC,32863,32863,8215.875,1222.105280830280830280830281,1,bdd681f5568a1fa71638,R04,2019-11-08,2019
0.05,NQU9,opening_hour_rth,POC_ATOMIC,30700,30700,7675.125,1152.219329281829281829281829,1,bdf1f7149e7174b1d642,R05,2019-06-28,2019
0.05,NQU9,opening_hour_rth,POC_ATOMIC,31890,31890,7972.625,1276.003908484016843149970085,1,be02fc706358b7ef2697,R05,2019-07-15,2019
0.1,NQZ9,opening_hour_rth,POC_ATOMIC,31727,31727,7931.875,1747.295557893545509644580852,1,be3e3672dc9e9b9a6247,R05,2019-09-20,2019
0.2,NQM9,prior_rth,POC_ATOMIC,10008,10008,7506.375,7534.092499357367778420409999,1,be434b41327fa2188590,R01,2019-05-10,2019
0.2,NQM9,prior_rth,POC_ATOMIC,10008,10008,7506.375,7534.092499357367778420409999,1,be434b41327fa2188590,R02,2019-05-10,2019
0.2,NQU9,opening_hour_rth,POC_ATOMIC,31890,31890,7972.625,1276.003908484016843149970085,1,be4392afaf269372e766,R05,2019-07-15,2019
0.2,NQM9,midnight,POC_ATOMIC,30772,30772,7693.125,745.65,1,be59972b1a170607dd75,R04,2019-04-17,2019
0.05,NQU9,midnight,POC_ATOMIC,30945,30945,7736.375,1371.379038502179234444680669,1,beb44434a5ab40ada272,R04,2019-08-20,2019
0.05,NQU9,prior_rth,POC_ATOMIC,30032,30032,7508.125,2273.958998759756273845820761,1,beba1cc35f51dec07706,R01,2019-08-07,2019
0.05,NQU9,prior_rth,POC_ATOMIC,30032,30032,7508.125,2273.958998759756273845820761,1,beba1cc35f51dec07706,R02,2019-08-07,2019
0.1,NQH9,midnight,POC_ATOMIC,24793,24793,6198.375,720.1957824947333415835976563,1,bec7352504f1a8afcddb,R04,2019-01-03,2019
0.2,NQM9,full_overnight,POC_ATOMIC,14509,14509,7254.75,2118.181644744144744144744145,1,bf08e8859808d1e23543,R03,2019-06-06,2019
0.05,NQM9,opening_hour_rth,POC_ATOMIC,28792,28790,7197.625,2834.671924656019660456628347,3,bf13e1fe4cb22c51818f,R05,2019-06-05,2019
0.05,NQU9,prior_rth,POC_ATOMIC,30889,30889,7722.375,1858.100938896467318214698794,1,bf2cc0337a27237b5eee,R01,2019-08-23,2019
0.05,NQU9,prior_rth,POC_ATOMIC,30889,30889,7722.375,1858.100938896467318214698794,1,bf2cc0337a27237b5eee,R02,2019-08-23,2019
0.2,NQU9,opening_hour_rth,POC_ATOMIC,15726,15726,7863.25,1818.072466422466422466422466,1,bf9848cf54356010814e,R05,2019-09-11,2019
0.1,NQM9,full_overnight,POC_ATOMIC,31099,31099,7774.875,871.6536428110896196002578981,1,bfb0b69c35c61fa01e8e,R03,2019-05-03,2019
0.2,NQM9,opening_hour_rth,POC_ATOMIC,14515,14515,7257.75,3491.106394933568846612324873,1,bfc3093a20572dda617e,R05,2019-05-30,2019
0.05,NQH9,prior_rth,POC_ATOMIC,28528,28528,7132.125,2382.978647421774020239493385,1,bfcf4e9b7af4b816f018,R01,2019-02-26,2019
0.05,NQH9,prior_rth,POC_ATOMIC,28528,28528,7132.125,2382.978647421774020239493385,1,bfcf4e9b7af4b816f018,R02,2019-02-26,2019
0.2,NQU9,full_overnight,POC_ATOMIC,15223,15223,7611.75,1835.506483793983793983793984,1,bfd7b44c0614a0e95ecb,R03,2019-08-12,2019
0.2,NQM9,opening_hour_rth,POC_ATOMIC,9836,9836,7377.375,3795.515873015873015873015873,1,c0035b96ccf42ff6df87,R05,2019-06-07,2019
0.05,NQH9,midnight,POC_ATOMIC,26800,26800,6700.125,686.0999278499278499278499278,1,c00e7dd6aeb86090d4b5,R04,2019-01-30,2019
0.2,NQU9,opening_hour_rth,POC_ATOMIC,30256,30256,7564.125,990.4425633353636786131065307,1,c01dd3fbd5a2076549e8,R05,2019-06-17,2019
0.2,NQZ9,opening_hour_rth,POC_ATOMIC,16190,16190,8095.25,1800.121017441450877983385723,1,c06c73a8b923d781d2b0,R05,2019-10-31,2019
0.05,NQM9,midnight,POC_ATOMIC,30014,30014,7503.625,1150.514128324039819530464301,1,c0739c15adc8d7e9b0eb,R04,2019-03-22,2019
0.05,NQH9,full_overnight,POC_ATOMIC,26952,26952,6738.125,1188.507617382617382617382617,1,c07a2c036142d2d6835c,R03,2019-01-18,2019
0.2,NQU9,midnight,POC_ATOMIC,30933,30933,7733.375,1122.739479095622394940477835,1,c07be204d9a7cb70d9cf,R04,2019-08-21,2019
0.05,NQU9,midnight,POC_ATOMIC,30716,30716,7679.125,1321.389291345908992967816497,1,c0b45b6459a2a8d744b2,R04,2019-06-19,2019
0.05,NQU9,midnight,POC_ATOMIC,31978,31978,7994.625,1774.771079458176232369780757,1,c0e365cb94457a4030fe,R04,2019-07-31,2019
0.05,NQZ9,prior_rth,POC_ATOMIC,31815,31815,7953.875,3329.347546684506571436171652,1,c0ff00c174afddc6e12f,R01,2019-10-18,2019
0.05,NQZ9,prior_rth,POC_ATOMIC,31815,31815,7953.875,3329.347546684506571436171652,1,c0ff00c174afddc6e12f,R02,2019-10-18,2019
0.05,NQM9,opening_hour_rth,POC_ATOMIC,29512,29510,7377.625,3970.734253355340311862050991,3,c1608669a8bba6f809fc,R05,2019-06-07,2019
0.2,NQU9,opening_hour_rth,POC_ATOMIC,15520,15520,7760.25,2851.019894286999550157444894,1,c17590cad4d43ceb4841,R05,2019-08-22,2019
0.05,NQZ9,full_overnight,POC_ATOMIC,33454,33454,8363.625,1151.548921986421986421986422,1,c1907b76264a5962bf46,R03,2019-12-11,2019
0.1,NQZ9,midnight,POC_ATOMIC,31470,31470,7867.625,1101.003580781449200181010746,1,c1a82de212a3aef158c0,R04,2019-09-17,2019
0.2,NQH9,midnight,POC_ATOMIC,12414,12414,6207.25,1410.409961209961209961209961,1,c1e8f9fb335ce1d21dc6,R04,2019-01-03,2019
0.2,NQZ9,prior_rth,POC_ATOMIC,16632,16632,8316.25,6986.604386607544502281344387,1,c1ea134f0032ddd39208,R01,2019-12-03,2019
0.2,NQZ9,prior_rth,POC_ATOMIC,16632,16632,8316.25,6986.604386607544502281344387,1,c1ea134f0032ddd39208,R02,2019-12-03,2019
0.05,NQU9,opening_hour_rth,POC_ATOMIC,30295,30295,7573.875,1373.406594888859608891483496,1,c1f62717ce31e7a37735,R05,2019-08-16,2019
0.2,NQZ9,opening_hour_rth,POC_ATOMIC,33073,33073,8268.375,2004.653636855031378357950366,1,c20628ea7e6b3c9beadf,R05,2019-11-12,2019
0.05,NQZ9,opening_hour_rth,POC_ATOMIC,31583,31583,7895.875,943.6553221288515406162464986,1,c2166010d21de73310a5,R05,2019-10-15,2019
0.1,NQM9,midnight,POC_ATOMIC,29543,29543,7385.875,699.5014069264069264069264069,1,c219289214f7d25858b0,R04,2019-03-29,2019
0.1,NQZ9,full_overnight,POC_ATOMIC,31736,31736,7934.125,1327.451426351426351426351426,1,c21b9006aab9af1a0685,R03,2019-10-25,2019
0.1,NQH9,prior_rth,POC_ATOMIC,26402,26402,6600.625,1993.612115087031293788596252,1,c222b1d11700513b8166,R01,2019-01-11,2019
0.1,NQH9,prior_rth,POC_ATOMIC,26402,26402,6600.625,1993.612115087031293788596252,1,c222b1d11700513b8166,R02,2019-01-11,2019
0.05,NQH9,prior_rth,POC_ATOMIC,27609,27609,6902.375,3417.033208761710741371066008,1,c23166401271899ef13e,R01,2019-02-01,2019
0.05,NQH9,prior_rth,POC_ATOMIC,27609,27609,6902.375,3417.033208761710741371066008,1,c23166401271899ef13e,R02,2019-02-01,2019
0.05,NQH9,midnight,POC_ATOMIC,28187,28187,7046.875,1173.29881801205330617095323,1,c25197a4285c5215ae30,R04,2019-02-13,2019
0.1,NQU9,prior_rth,POC_ATOMIC,9999,9999,7499.625,8129.327495486110037193628525,1,c2648a5c44b6d0319fb5,R01,2019-08-16,2019
0.1,NQU9,prior_rth,POC_ATOMIC,9999,9999,7499.625,8129.327495486110037193628525,1,c2648a5c44b6d0319fb5,R02,2019-08-16,2019
0.1,NQM9,opening_hour_rth,POC_ATOMIC,31109,31109,7777.375,1041.953429635492328990781003,1,c266b70302d167bbeef4,R05,2019-05-02,2019
0.1,NQM9,prior_rth,POC_ATOMIC,29647,29647,7411.875,2294.830034583260483855078199,1,c26b15613e46d0cf930a,R01,2019-03-27,2019
0.1,NQM9,prior_rth,POC_ATOMIC,29647,29647,7411.875,2294.830034583260483855078199,1,c26b15613e46d0cf930a,R02,2019-03-27,2019
0.05,NQZ9,full_overnight,POC_ATOMIC,33033,33033,8258.375,2096.446440132567176031362244,1,c2a7dc71148ce0d4bc71,R03,2019-12-04,2019
0.05,NQH9,opening_hour_rth,POC_ATOMIC,25163,25163,6290.875,787.6147761860570964853240613,1,c2caa220fc13fda8909b,R05,2019-01-04,2019
0.05,NQZ9,opening_hour_rth,POC_ATOMIC,30737,30737,7684.375,1037.778035205366027019622855,1,c2d3fb82dab739f89e72,R05,2019-10-09,2019
0.1,NQZ9,opening_hour_rth,POC_ATOMIC,32779,32779,8194.875,2068.404853058280168254592807,1,c2da846b3f1bf63cd562,R05,2019-11-06,2019
0.05,NQH9,prior_rth,POC_ATOMIC,28169,28169,7042.375,3633.3849500114473464660078,1,c2e226377d07e8324f66,R01,2019-02-19,2019
0.05,NQH9,prior_rth,POC_ATOMIC,28169,28169,7042.375,3633.3849500114473464660078,1,c2e226377d07e8324f66,R02,2019-02-19,2019
0.2,NQH9,midnight,POC_ATOMIC,26713,26713,6678.375,704.4073620823620823620823621,1,c3063a8c8977b490f633,R04,2019-01-23,2019
0.1,NQM9,full_overnight,POC_ATOMIC,31220,31220,7805.125,1001.620887445887445887445887,1,c3396d4ed07c7f776b91,R03,2019-04-30,2019
0.2,NQM9,opening_hour_rth,POC_ATOMIC,31331,31331,7832.875,2099.212981964715710845741805,1,c340c35a8e21c568a524,R05,2019-04-24,2019
0.2,NQH0,opening_hour_rth,POC_ATOMIC,35042,35042,8760.625,758.1215728715728715728715729,1,c36f744118dd43b6f948,R05,2019-12-26,2019
0.1,NQM9,prior_rth,POC_ATOMIC,29253,29253,7313.375,3296.811074843185303895535318,1,c38bd6bf78a117803bc8,R01,2019-05-24,2019
0.1,NQM9,prior_rth,POC_ATOMIC,29253,29253,7313.375,3296.811074843185303895535318,1,c38bd6bf78a117803bc8,R02,2019-05-24,2019
0.1,NQM9,full_overnight,POC_ATOMIC,29484,29484,7371.125,1211.116135136158019453213961,1,c39c9bdc99b2ac9e531b,R03,2019-03-27,2019
0.2,NQZ9,prior_rth,POC_ATOMIC,6795,6795,8494.375,7656.811827005049511443373336,1,c3b6caeea50d13690c0e,R01,2019-12-16,2019
0.2,NQZ9,prior_rth,POC_ATOMIC,6795,6795,8494.375,7656.811827005049511443373336,1,c3b6caeea50d13690c0e,R02,2019-12-16,2019
0.05,NQZ9,prior_rth,POC_ATOMIC,30813,30813,7703.375,2551.819695371340243875513243,1,c3d37ec882d4066f9f33,R01,2019-10-10,2019
0.05,NQZ9,prior_rth,POC_ATOMIC,30813,30813,7703.375,2551.819695371340243875513243,1,c3d37ec882d4066f9f33,R02,2019-10-10,2019
0.2,NQU9,prior_rth,POC_ATOMIC,15671,15671,7835.75,3982.916666666666666666666667,1,c3e3025128d66d7c2b78,R01,2019-07-10,2019
0.2,NQU9,prior_rth,POC_ATOMIC,15671,15671,7835.75,3982.916666666666666666666667,1,c3e3025128d66d7c2b78,R02,2019-07-10,2019
0.05,NQU9,full_overnight,POC_ATOMIC,31740,31740,7935.125,1330.412079573370074144227986,1,c3f4bd0cdcc55ecbadd9,R03,2019-09-12,2019
0.1,NQM9,opening_hour_rth,POC_ATOMIC,29883,29882,7470.625,1939.082896037682210169736898,2,c404db015853f136925a,R05,2019-03-22,2019
0.05,NQH9,prior_rth,POC_ATOMIC,26056,26056,6514.125,2152.619858531539082288224682,1,c419afb403dbd57bd2d3,R01,2019-01-08,2019
0.05,NQH9,prior_rth,POC_ATOMIC,26056,26056,6514.125,2152.619858531539082288224682,1,c419afb403dbd57bd2d3,R02,2019-01-08,2019
0.2,NQH9,full_overnight,POC_ATOMIC,28105,28105,7026.375,996.6601287601287601287601288,1,c41a35349e1492218da4,R03,2019-02-22,2019
0.1,NQH9,midnight,POC_ATOMIC,26748,26748,6687.125,682.4875260894711695627027435,1,c41d243e29109a3eb54d,R04,2019-01-29,2019
0.05,NQM9,midnight,POC_ATOMIC,29758,29758,7439.625,1189.337403057562231071451693,1,c4275311fb11360270c7,R04,2019-05-21,2019
0.1,NQM9,full_overnight,POC_ATOMIC,30179,30179,7544.875,842.8451685741159425369951686,1,c427fb43d50da30363f0,R03,2019-06-11,2019
0.2,NQM9,full_overnight,POC_ATOMIC,9744,9744,7308.375,3826.313523312436355914616784,1,c443c5334840fd4a4ab2,R03,2019-06-07,2019
0.1,NQH9,full_overnight,POC_ATOMIC,26348,26348,6587.125,1373.631183103102607746570595,1,c457eb22d3d5352da3e5,R03,2019-01-09,2019
0.2,NQH9,opening_hour_rth,POC_ATOMIC,27973,27973,6993.375,1446.185886408912724702198386,1,c458c703baa501bf9ce0,R05,2019-02-12,2019
0.1,NQU9,prior_rth,POC_ATOMIC,31071,31071,7767.875,3557.145617572374404871469033,1,c4595f62823a4ed2e8f1,R01,2019-06-25,2019
0.1,NQU9,prior_rth,POC_ATOMIC,31071,31071,7767.875,3557.145617572374404871469033,1,c4595f62823a4ed2e8f1,R02,2019-06-25,2019
0.1,NQH9,midnight,POC_ATOMIC,27004,27004,6751.125,834.0867599720540897011485247,1,c474bad5cc9cf18e3ab2,R04,2019-01-28,2019
0.1,NQU9,full_overnight,POC_ATOMIC,31742,31742,7935.625,800.7089381029598420902768729,1,c4964d9dc2e7ee53851c,R03,2019-07-23,2019
0.2,NQH9,midnight,POC_ATOMIC,27461,27461,6865.375,1182.575918525918525918525919,1,c49d33ac8654e949e422,R04,2019-01-31,2019
0.05,NQU9,full_overnight,POC_ATOMIC,30770,30770,7692.625,1234.067774466700297902343938,1,c4a9fb3b10264ba793de,R03,2019-09-04,2019
0.05,NQH9,midnight,POC_ATOMIC,26742,26742,6685.625,1488.709054085749132188760672,1,c4b7466208ba92a79847,R04,2019-01-16,2019
0.05,NQU9,opening_hour_rth,POC_ATOMIC,31150,31150,7787.625,1775.917028115127426910175941,1,c4bc0a4784b505161eed,R05,2019-07-02,2019
0.05,NQU9,full_overnight,POC_ATOMIC,31520,31520,7880.125,752.2259648780338435510849304,1,c4e6fb327c7feebdba77,R03,2019-07-22,2019
0.05,NQM9,prior_rth,POC_ATOMIC,29581,29581,7395.375,4564.614080771884637728605788,1,c52966cfb5ec794a5891,R01,2019-03-20,2019
0.05,NQM9,prior_rth,POC_ATOMIC,29581,29581,7395.375,4564.614080771884637728605788,1,c52966cfb5ec794a5891,R02,2019-03-20,2019
0.2,NQM9,prior_rth,POC_ATOMIC,15211,15211,7605.75,5941.298780712751300986595104,1,c539466e504ae6aa8cd1,R01,2019-04-11,2019
0.2,NQM9,prior_rth,POC_ATOMIC,15211,15211,7605.75,5941.298780712751300986595104,1,c539466e504ae6aa8cd1,R02,2019-04-11,2019
0.05,NQU9,prior_rth,POC_ATOMIC,31952,31952,7988.125,2361.30854483923369372285781,1,c559e2373ff450890fba,R01,2019-07-25,2019
0.05,NQU9,prior_rth,POC_ATOMIC,31952,31952,7988.125,2361.30854483923369372285781,1,c559e2373ff450890fba,R02,2019-07-25,2019
0.1,NQU9,full_overnight,POC_ATOMIC,30359,30359,7589.875,1236.598842444722302497862351,1,c5c994ca21e44eb51c90,R03,2019-08-08,2019
0.05,NQM9,midnight,POC_ATOMIC,29016,29016,7254.125,1097.357040232063951229036618,1,c60411faaf316b3f0173,R04,2019-06-06,2019
0.2,NQH0,full_overnight,POC_ATOMIC,35156,35156,8789.125,1185.322041847041847041847042,1,c607a95bc9fb5c26d086,R03,2019-12-30,2019
0.2,NQZ9,full_overnight,POC_ATOMIC,32219,32219,8054.875,1219.425197025197025197025197,1,c628d1b642f840963128,R03,2019-10-30,2019
0.05,NQU9,prior_rth,POC_ATOMIC,30748,30748,7687.125,2505.847214474925472367927611,1,c62da359290daa2e0172,R01,2019-06-27,2019
0.05,NQU9,prior_rth,POC_ATOMIC,30748,30748,7687.125,2505.847214474925472367927611,1,c62da359290daa2e0172,R02,2019-06-27,2019
0.05,NQU9,full_overnight,POC_ATOMIC,31742,31742,7935.625,800.7089381029598420902768729,1,c6725c08cb39f8a39ba5,R03,2019-07-23,2019
0.1,NQU9,opening_hour_rth,POC_ATOMIC,30938,30938,7734.625,1155.675552525990356452915179,1,c693a635a258cdae29ee,R05,2019-08-30,2019
0.05,NQH0,prior_rth,POC_ATOMIC,34429,34429,8607.375,5250.86345474799243052687488,1,c6cbc250da5eb14efc34,R01,2019-12-18,2019
0.05,NQH0,prior_rth,POC_ATOMIC,34429,34429,8607.375,5250.86345474799243052687488,1,c6cbc250da5eb14efc34,R02,2019-12-18,2019
0.05,NQH0,prior_rth,POC_ATOMIC,34646,34646,8661.625,2679.100432900432900432900433,1,c6cd88281219e49b5106,R01,2019-12-20,2019
0.05,NQH0,prior_rth,POC_ATOMIC,34646,34646,8661.625,2679.100432900432900432900433,1,c6cd88281219e49b5106,R02,2019-12-20,2019
0.05,NQH9,prior_rth,POC_ATOMIC,27884,27884,6971.125,1353.086481806622692062325187,1,c70053b43df0cd0e8a5f,R01,2019-03-11,2019
0.05,NQH9,prior_rth,POC_ATOMIC,27884,27884,6971.125,1353.086481806622692062325187,1,c70053b43df0cd0e8a5f,R02,2019-03-11,2019
0.05,NQM9,full_overnight,POC_ATOMIC,28348,28348,7087.125,1507.624359404270626503313216,1,c7073d1a3286fb404d00,R03,2019-06-03,2019
0.2,NQH9,prior_rth,POC_ATOMIC,8676,8676,6507.375,6167.446428571428571428571429,1,c719498730f719338db4,R01,2019-01-08,2019
0.2,NQH9,prior_rth,POC_ATOMIC,8676,8676,6507.375,6167.446428571428571428571429,1,c719498730f719338db4,R02,2019-01-08,2019
0.05,NQH9,opening_hour_rth,POC_ATOMIC,28229,28229,7057.375,1421.947186099004659538634037,1,c722c74bb0c824785264,R05,2019-02-13,2019
0.1,NQU9,opening_hour_rth,POC_ATOMIC,14993,14993,7496.75,3392.965821269144626815636512,1,c7306384e41afc831fbb,R05,2019-08-05,2019
0.05,NQM9,full_overnight,POC_ATOMIC,29198,29198,7299.625,1172.561873485359608151870557,1,c74c4e2db0791d1a596f,R03,2019-03-15,2019
0.05,NQM9,prior_rth,POC_ATOMIC,28911,28911,7227.875,3824.577699554371907599090343,1,c7bba8cae38e72dd2f56,R01,2019-05-30,2019
0.05,NQM9,prior_rth,POC_ATOMIC,28911,28911,7227.875,3824.577699554371907599090343,1,c7bba8cae38e72dd2f56,R02,2019-05-30,2019
0.05,NQU9,opening_hour_rth,POC_ATOMIC,30793,30792,7698.125,1944.157100876318246612776525,2,c818d810f41eb063ceb7,R05,2019-08-20,2019
0.05,NQU9,opening_hour_rth,POC_ATOMIC,30750,30750,7687.625,1176.487862381035279879975179,1,c844dcf2e927d9302b3c,R05,2019-09-04,2019
0.1,NQU9,full_overnight,POC_ATOMIC,31740,31740,7935.125,1330.412079573370074144227986,1,c84744cd9d1bc84074a8,R03,2019-09-12,2019
0.05,NQU9,prior_rth,POC_ATOMIC,31224,31224,7806.125,2050.369767920231306958995746,1,c85c45649419f4e4ebf4,R01,2019-07-02,2019
0.05,NQU9,prior_rth,POC_ATOMIC,31224,31224,7806.125,2050.369767920231306958995746,1,c85c45649419f4e4ebf4,R02,2019-07-02,2019
0.1,NQU9,opening_hour_rth,POC_ATOMIC,31910,31910,7977.625,1272.013916152758863756306212,1,c8706d1bcda94f7122b7,R05,2019-07-16,2019
0.2,NQZ9,full_overnight,POC_ATOMIC,33261,33261,8315.375,1516.970972387406756556127759,1,c88701e4386ecf594422,R03,2019-11-20,2019
0.05,NQZ9,opening_hour_rth,POC_ATOMIC,31570,31570,7892.625,1506.484303787564076924040905,1,c8c38fc06c82cbd4174a,R05,2019-09-18,2019
0.1,NQH0,prior_rth,POC_ATOMIC,34429,34429,8607.375,5250.86345474799243052687488,1,c914c89db42c097ae81b,R01,2019-12-18,2019
0.1,NQH0,prior_rth,POC_ATOMIC,34429,34429,8607.375,5250.86345474799243052687488,1,c914c89db42c097ae81b,R02,2019-12-18,2019
0.2,NQH9,opening_hour_rth,POC_ATOMIC,28635,28635,7158.875,1639.763908129193869800047287,1,c938a56513e1a655c38d,R05,2019-03-06,2019
0.05,NQM9,full_overnight,POC_ATOMIC,31439,31439,7859.875,1050.867883326351068286552158,1,c97839e4c00a19a843e7,R03,2019-04-25,2019
0.2,NQU9,opening_hour_rth,POC_ATOMIC,10618,10618,7963.875,4087.345238095238095238095238,1,c98a356d5bf766f1651b,R05,2019-07-25,2019
0.05,NQM9,opening_hour_rth,POC_ATOMIC,30424,30423,7605.875,4275.740776840303200358089474,2,c995add98355b2d6ec00,R05,2019-04-09,2019
0.05,NQU9,opening_hour_rth,POC_ATOMIC,30191,30191,7547.875,972.7687049646963295025211986,1,c9a5714f64e9c349e28e,R05,2019-08-28,2019
0.05,NQU9,opening_hour_rth,POC_ATOMIC,31778,31778,7944.625,1291.119410971725213211281323,1,c9ac75b9026d0d084eb3,R05,2019-07-12,2019
0.1,NQM9,prior_rth,POC_ATOMIC,30036,30036,7509.125,1927.086411258718212826298103,1,c9cfe754e5d194a7cb8b,R01,2019-06-11,2019
0.1,NQM9,prior_rth,POC_ATOMIC,30036,30036,7509.125,1927.086411258718212826298103,1,c9cfe754e5d194a7cb8b,R02,2019-06-11,2019
0.05,NQH9,midnight,POC_ATOMIC,28277,28277,7069.375,1148.777972027972027972027972,1,c9d2e7d7ab7fa8b7a48e,R04,2019-02-20,2019
0.1,NQZ9,prior_rth,POC_ATOMIC,31544,31544,7886.125,2307.361404930638676768707728,1,c9da37482eada86437e1,R01,2019-10-24,2019
0.1,NQZ9,prior_rth,POC_ATOMIC,31544,31544,7886.125,2307.361404930638676768707728,1,c9da37482eada86437e1,R02,2019-10-24,2019
0.2,NQM9,midnight,POC_ATOMIC,29459,29459,7364.875,586.2656793017783729858033264,1,c9e849fba0c46b0aaf92,R04,2019-05-15,2019
0.2,NQU9,opening_hour_rth,POC_ATOMIC,15916,15916,7958.25,2579.638392163392163392163392,1,c9f620059820dbd22257,R05,2019-07-17,2019
0.2,NQM9,opening_hour_rth,POC_ATOMIC,30796,30796,7699.125,898.4610416054533701592525122,1,ca0cb42369dc89106eda,R05,2019-04-22,2019
0.1,NQM9,midnight,POC_ATOMIC,29895,29895,7473.875,1993.438126493389651284388126,1,ca1550837a50729642d3,R04,2019-04-01,2019
0.05,NQU9,full_overnight,POC_ATOMIC,30452,30452,7613.125,944.0123453382279463877549179,1,ca2d6ef22e19f47b1303,R03,2019-08-12,2019
0.05,NQH9,midnight,POC_ATOMIC,28173,28173,7043.375,1074.063766658178422884305237,1,ca32a5717418c77bb327,R04,2019-02-19,2019
0.2,NQU9,full_overnight,POC_ATOMIC,31113,31113,7778.375,808.8003139344315814904050198,1,ca619633ff59210fe3b8,R03,2019-07-02,2019
0.2,NQU9,prior_rth,POC_ATOMIC,7614,7614,7614.5,11240.67619047619047619047619,1,ca77517ff1630691cbd5,R01,2019-08-19,2019
0.2,NQU9,prior_rth,POC_ATOMIC,7614,7614,7614.5,11240.67619047619047619047619,1,ca77517ff1630691cbd5,R02,2019-08-19,2019
0.05,NQU9,midnight,POC_ATOMIC,31296,31296,7824.125,1039.72353359574721803823971,1,ca7a050cadb4e5b89138,R04,2019-07-01,2019
0.1,NQZ9,opening_hour_rth,POC_ATOMIC,31325,31325,7831.375,1402.811567477777798445864237,1,ca94b7fa9d25ecffe4a9,R05,2019-09-23,2019
0.2,NQH9,prior_rth,POC_ATOMIC,13179,13179,6589.75,6668.841060838848562633728874,1,ca99e0fb6d07ab778049,R01,2019-01-14,2019
0.2,NQH9,prior_rth,POC_ATOMIC,13179,13179,6589.75,6668.841060838848562633728874,1,ca99e0fb6d07ab778049,R02,2019-01-14,2019
0.05,NQZ9,opening_hour_rth,POC_ATOMIC,32372,32372,8093.125,1761.211174796047220516100627,1,caac2ef20ede6f4b0ede,R05,2019-10-28,2019
0.1,NQH9,opening_hour_rth,POC_ATOMIC,26151,26151,6537.875,1282.935594737622495748256829,1,cac6c18bd96defe62730,R05,2019-01-14,2019
0.05,NQZ9,midnight,POC_ATOMIC,30236,30236,7559.125,1102.448137924578226099292192,1,cac7369c2613f74c07ba,R04,2019-10-03,2019
0.1,NQZ9,midnight,POC_ATOMIC,31617,31617,7904.375,1172.548652981005922182392771,1,caec81c2e617d892a2a8,R04,2019-10-21,2019
0.05,NQZ9,opening_hour_rth,POC_ATOMIC,33313,33313,8328.375,1644.166894028365568878166146,1,caf125f3a274932a81e4,R05,2019-11-20,2019
0.2,NQH9,midnight,POC_ATOMIC,26347,26347,6586.875,1208.574266408685913329876178,1,caf8ecc1f5eaf49e0229,R04,2019-01-09,2019
0.1,NQU9,full_overnight,POC_ATOMIC,30993,30993,7748.375,958.4694260804554922201981026,1,cafb9274951689898a8f,R03,2019-08-23,2019
0.05,NQM9,full_overnight,POC_ATOMIC,30093,30093,7523.375,990.2505254208969379248017019,1,cb2b8ad90dbd63f2d068,R03,2019-05-17,2019
0.2,NQM9,prior_rth,POC_ATOMIC,9858,9858,7393.875,10636.08514190487874698401014,1,cb54c71760d8d2384570,R01,2019-05-21,2019
0.2,NQM9,prior_rth,POC_ATOMIC,9858,9858,7393.875,10636.08514190487874698401014,1,cb54c71760d8d2384570,R02,2019-05-21,2019
0.05,NQU9,prior_rth,POC_ATOMIC,31889,31889,7972.375,3148.077231779079268647178191,1,cb55ac8b5e6efd808c11,R01,2019-07-16,2019
0.05,NQU9,prior_rth,POC_ATOMIC,31889,31889,7972.375,3148.077231779079268647178191,1,cb55ac8b5e6efd808c11,R02,2019-07-16,2019
0.1,NQM9,midnight,POC_ATOMIC,29231,29231,7307.875,1304.158429391362723914508591,1,cb75e8b7b6fce64bd7c9,R04,2019-06-07,2019
0.05,NQU9,opening_hour_rth,POC_ATOMIC,30671,30671,7667.875,928.5294007171016760454360966,1,cb986d6703e7e4567ad6,R05,2019-08-09,2019
0.05,NQZ9,midnight,POC_ATOMIC,31510,31510,7877.625,1213.411819485983572670879172,1,cb9b2e86d34a41bfd3c7,R04,2019-10-15,2019
0.1,NQU9,prior_rth,POC_ATOMIC,31449,31449,7862.375,2666.682484286439394798527925,1,cbbc8cf42adc5b31159e,R01,2019-09-12,2019
0.1,NQU9,prior_rth,POC_ATOMIC,31449,31449,7862.375,2666.682484286439394798527925,1,cbbc8cf42adc5b31159e,R02,2019-09-12,2019
0.2,NQH0,opening_hour_rth,POC_ATOMIC,34416,34416,8604.125,1103.937207857931542142068458,1,cbc518fa2d0457922fca,R05,2019-12-17,2019
0.1,NQH9,midnight,POC_ATOMIC,28637,28637,7159.375,1026.451137751137751137751138,1,cbd5013615ab6ab6ea77,R04,2019-03-06,2019
0.1,NQU9,opening_hour_rth,POC_ATOMIC,15198,15198,7599.25,2107.882018718783424665777607,1,cbf6f4de19a3bd1c4ce8,R05,2019-08-08,2019
0.1,NQM9,midnight,POC_ATOMIC,29661,29661,7415.375,855.266024906466082936671172,1,cc1a151e113c5e8b7e68,R04,2019-05-22,2019
0.05,NQM9,opening_hour_rth,POC_ATOMIC,29476,29476,7369.125,1291.473124675952811756930174,1,cc27ecedc65e1554ff71,R05,2019-05-13,2019
0.2,NQU9,opening_hour_rth,POC_ATOMIC,30700,30700,7675.125,1152.219329281829281829281829,1,cc3df3f8457639a2d493,R05,2019-06-28,2019
0.05,NQZ9,prior_rth,POC_ATOMIC,31544,31544,7886.125,2307.361404930638676768707728,1,cc52daa12a1b4e92c98d,R01,2019-10-24,2019
0.05,NQZ9,prior_rth,POC_ATOMIC,31544,31544,7886.125,2307.361404930638676768707728,1,cc52daa12a1b4e92c98d,R02,2019-10-24,2019
0.05,NQH0,opening_hour_rth,POC_ATOMIC,34524,34524,8631.125,2167.695256344962227315168492,1,cc56588e70b3f27b56cb,R05,2019-12-19,2019
0.2,NQU9,midnight,POC_ATOMIC,30452,30452,7613.125,944.0123453382279463877549179,1,cc760f1f3dc0ab375bcf,R04,2019-08-12,2019
0.05,NQM9,opening_hour_rth,POC_ATOMIC,30883,30883,7720.875,1392.219615624027388733271086,1,cc77377a7bd118f1ef7d,R05,2019-04-17,2019
0.1,NQM9,opening_hour_rth,POC_ATOMIC,29500,29500,7375.125,1985.047135505195530196396108,1,cc80627ba4336d418562,R05,2019-03-20,2019
0.2,NQU9,full_overnight,POC_ATOMIC,10601,10601,7951.125,3645.864285714285714285714286,1,ccc1a042656ea7300ae1,R03,2019-07-24,2019
0.05,NQH9,midnight,POC_ATOMIC,28620,28620,7155.125,1332.899240302181478652066887,1,ccc93a597333d2019d8d,R04,2019-03-01,2019
0.2,NQZ9,midnight,POC_ATOMIC,31438,31438,7859.625,835.2390334610300285357493595,1,cd021a3c7cee7de1daa2,R04,2019-09-16,2019
0.1,NQM9,midnight,POC_ATOMIC,28127,28127,7031.875,680.9122969350910527381115616,1,cd1148085b8481927fe1,R04,2019-06-04,2019
0.2,NQZ9,full_overnight,POC_ATOMIC,15385,15385,7692.75,2081.816979670656141244376538,1,cd2918b324bf3c46b6b7,R03,2019-10-08,2019
0.05,NQZ9,midnight,POC_ATOMIC,31223,31223,7805.875,1016.995780776160033125977398,1,cd36304c47fa681e0444,R04,2019-09-27,2019
0.05,NQH9,prior_rth,POC_ATOMIC,28609,28609,7152.375,3259.914232210284841863789232,1,cd37287c686d030b8766,R01,2019-03-04,2019
0.05,NQH9,prior_rth,POC_ATOMIC,28609,28609,7152.375,3259.914232210284841863789232,1,cd37287c686d030b8766,R02,2019-03-04,2019
0.05,NQZ9,midnight,POC_ATOMIC,32220,32220,8055.125,849.5517704517704517704517705,1,cd6e2b8d5d747dcbabfe,R04,2019-10-30,2019
0.2,NQM9,full_overnight,POC_ATOMIC,14825,14825,7412.75,2024.379504053294375875021036,1,cd72d8d1574a9a13e557,R03,2019-05-13,2019
0.2,NQZ9,midnight,POC_ATOMIC,30968,30968,7742.125,739.138678635746278395541999,1,cd8d7260d7310489db41,R04,2019-10-07,2019
0.2,NQM9,opening_hour_rth,POC_ATOMIC,14456,14456,7228.25,2966.276189088689088689088689,1,cd9558226227fa4f6f7f,R05,2019-05-29,2019
0.1,NQM9,opening_hour_rth,POC_ATOMIC,30424,30423,7605.875,4275.740776840303200358089474,2,cd95bc88dec69d734d66,R05,2019-04-09,2019
0.2,NQZ9,prior_rth,POC_ATOMIC,33455,33455,8363.875,5148.14416000666000666000666,1,cd98b39fdf748b1e3477,R01,2019-11-26,2019
0.2,NQZ9,prior_rth,POC_ATOMIC,33455,33455,8363.875,5148.14416000666000666000666,1,cd98b39fdf748b1e3477,R02,2019-11-26,2019
0.05,NQZ9,opening_hour_rth,POC_ATOMIC,34050,34050,8512.625,545.5110151110151110151110151,1,cdbd159c7cef6515c034,R05,2019-12-13,2019
0.05,NQH0,opening_hour_rth,POC_ATOMIC,34490,34490,8622.625,1554.878767087745415918790532,1,cdc3c3ab31f7d51273c5,R05,2019-12-18,2019
0.05,NQZ9,prior_rth,POC_ATOMIC,32462,32462,8115.625,3104.244345839345839345839346,1,cdd6317216e01f582dc0,R01,2019-10-29,2019
0.05,NQZ9,prior_rth,POC_ATOMIC,32462,32462,8115.625,3104.244345839345839345839346,1,cdd6317216e01f582dc0,R02,2019-10-29,2019
0.05,NQU9,opening_hour_rth,POC_ATOMIC,30617,30617,7654.375,1391.66893277254081769106209,1,cdd9387744989635ea69,R05,2019-06-19,2019
0.05,NQU9,midnight,POC_ATOMIC,30746,30746,7686.625,1863.287273226651575732091136,1,cde36a7ef0d3f134face,R04,2019-08-29,2019
0.2,NQH9,midnight,POC_ATOMIC,28187,28187,7046.875,1173.29881801205330617095323,1,cde98011b57b426de068,R04,2019-02-13,2019
0.2,NQH0,opening_hour_rth,POC_ATOMIC,34395,34395,8598.875,1043.352879473467708761826409,1,ce0b40b8959f2fd88f74,R05,2019-12-16,2019
0.1,NQM9,prior_rth,POC_ATOMIC,28813,28813,7203.375,3023.526775521404901006423963,1,ce15ad161059973a97a8,R01,2019-06-06,2019
0.1,NQM9,prior_rth,POC_ATOMIC,28813,28813,7203.375,3023.526775521404901006423963,1,ce15ad161059973a97a8,R02,2019-06-06,2019
0.05,NQM9,midnight,POC_ATOMIC,29231,29231,7307.875,1304.158429391362723914508591,1,ce4ed6b0b15afeb1ff2e,R04,2019-06-07,2019
0.2,NQH0,midnight,POC_ATOMIC,34206,34206,8551.625,1085.339490377776381833176965,1,ce5cf2632e858511ce4e,R04,2019-12-16,2019
0.1,NQH0,opening_hour_rth,POC_ATOMIC,34490,34490,8622.625,1554.878767087745415918790532,1,ce7e3e233eb71fbfc519,R05,2019-12-18,2019
0.2,NQH9,opening_hour_rth,POC_ATOMIC,13365,13365,6682.75,1701.758205683205683205683206,1,ce96c5035086f47385d6,R05,2019-01-17,2019
0.1,NQH9,opening_hour_rth,POC_ATOMIC,26866,26866,6716.625,1015.093132220931082411158312,1,cead05ba0a9b1ef8228d,R05,2019-01-23,2019
0.1,NQH9,prior_rth,POC_ATOMIC,28262,28262,7065.625,2971.501804519973507970028134,1,cf2c39db4376cd8c562a,R01,2019-02-21,2019
0.1,NQH9,prior_rth,POC_ATOMIC,28262,28262,7065.625,2971.501804519973507970028134,1,cf2c39db4376cd8c562a,R02,2019-02-21,2019
0.1,NQZ9,full_overnight,POC_ATOMIC,31748,31748,7937.125,2168.261471151827188978891765,1,cf39f1f5d9de31b5c74a,R03,2019-10-16,2019
0.2,NQZ9,opening_hour_rth,POC_ATOMIC,32779,32779,8194.875,2068.404853058280168254592807,1,cf42fb52e1944e9592a3,R05,2019-11-06,2019
0.1,NQU9,midnight,POC_ATOMIC,30536,30536,7634.125,926.3278823553370683156347492,1,cf5fed1deb8cc28b5350,R04,2019-09-03,2019
0.2,NQH9,full_overnight,POC_ATOMIC,26673,26673,6668.375,750.5523260236495530613177672,1,cf77f92bdb5d5a7af9b1,R03,2019-01-29,2019
0.1,NQU9,opening_hour_rth,POC_ATOMIC,31033,31033,7758.375,1206.605386882022471273686074,1,cf7801d331d7accd358e,R05,2019-06-21,2019
0.2,NQZ9,opening_hour_rth,POC_ATOMIC,15764,15764,7882.25,1983.158101886293375655077783,1,cfca9c5606f666b6b30f,R05,2019-10-11,2019
0.05,NQH9,opening_hour_rth,POC_ATOMIC,26151,26151,6537.875,1282.935594737622495748256829,1,d024b1a5ac1062148dce,R05,2019-01-14,2019
0.2,NQM9,midnight,POC_ATOMIC,31099,31099,7774.875,871.6536428110896196002578981,1,d02746a470a82782ed09,R04,2019-05-03,2019
0.05,NQM9,full_overnight,POC_ATOMIC,29464,29464,7366.125,1142.629365079365079365079365,1,d06eba5e14e11b0cc217,R03,2019-03-19,2019
0.2,NQH9,midnight,POC_ATOMIC,28763,28763,7190.875,1440.454473304473304473304473,1,d0e39361555cb9804b88,R04,2019-03-04,2019
0.05,NQH9,midnight,POC_ATOMIC,27502,27502,6875.625,856.6904456654456654456654457,1,d0edfca37c667afae682,R04,2019-02-04,2019
0.2,NQU9,full_overnight,POC_ATOMIC,10033,10033,7525.125,4748.218998641991463587539632,1,d0ef7a9efdf56f1af28b,R03,2019-08-15,2019
0.1,NQM9,prior_rth,POC_ATOMIC,28911,28911,7227.875,3824.577699554371907599090343,1,d1006c7543c96b54feb0,R01,2019-05-30,2019
0.1,NQM9,prior_rth,POC_ATOMIC,28911,28911,7227.875,3824.577699554371907599090343,1,d1006c7543c96b54feb0,R02,2019-05-30,2019
0.05,NQU9,full_overnight,POC_ATOMIC,30974,30974,7743.625,1249.409938959130257523141984,1,d1007b83c60d64a313f3,R03,2019-06-21,2019
0.2,NQU9,prior_rth,POC_ATOMIC,4271,4271,7475.125,12636.94246031746031746031746,1,d11161c0bf0d06eff5ef,R01,2019-08-08,2019
0.2,NQU9,prior_rth,POC_ATOMIC,4271,4271,7475.125,12636.94246031746031746031746,1,d11161c0bf0d06eff5ef,R02,2019-08-08,2019
0.1,NQH9,opening_hour_rth,POC_ATOMIC,28526,28526,7131.625,1307.265597222142169482740683,1,d127badef7c0b66eaeb8,R05,2019-02-26,2019
0.2,NQH9,opening_hour_rth,POC_ATOMIC,9321,9321,6991.125,3428.371121623474564651035239,1,d15f35803a73e2a98182,R05,2019-02-14,2019
0.05,NQM9,opening_hour_rth,POC_ATOMIC,31380,31380,7845.125,1976.158934822186616593018705,1,d16e584e68ce520fb9ba,R05,2019-04-29,2019
0.1,NQU9,opening_hour_rth,POC_ATOMIC,31890,31890,7972.625,1276.003908484016843149970085,1,d17d228509af7a807362,R05,2019-07-15,2019
0.05,NQZ9,midnight,POC_ATOMIC,31611,31611,7902.875,1039.848932603344368050250403,1,d18f73a63a6e8121ae42,R04,2019-09-18,2019
0.1,NQU9,midnight,POC_ATOMIC,30746,30746,7686.625,1863.287273226651575732091136,1,d1dc4cae886d631b8a5f,R04,2019-08-29,2019
0.2,NQM9,prior_rth,POC_ATOMIC,15228,15228,7614.25,5344.756607934549111019699255,1,d2099ed64e3c4e44765f,R01,2019-05-17,2019
0.2,NQM9,prior_rth,POC_ATOMIC,15228,15228,7614.25,5344.756607934549111019699255,1,d2099ed64e3c4e44765f,R02,2019-05-17,2019
0.1,NQZ9,midnight,POC_ATOMIC,32863,32863,8215.875,1222.105280830280830280830281,1,d256163a4530874aaa74,R04,2019-11-08,2019
0.2,NQU9,midnight,POC_ATOMIC,31237,31237,7809.375,1154.03238047770942507784613,1,d2afeece1da423cfaed7,R04,2019-09-05,2019
0.2,NQH9,opening_hour_rth,POC_ATOMIC,13447,13447,6723.75,2662.944223831723831723831724,1,d2c31a9c0bb6c0512b50,R05,2019-01-30,2019
0.05,NQH9,prior_rth,POC_ATOMIC,28262,28262,7065.625,2971.501804519973507970028134,1,d2df03c16381aa57308c,R01,2019-02-21,2019
0.05,NQH9,prior_rth,POC_ATOMIC,28262,28262,7065.625,2971.501804519973507970028134,1,d2df03c16381aa57308c,R02,2019-02-21,2019
0.1,NQH0,midnight,POC_ATOMIC,34478,34478,8619.625,1374.645779220779220779220779,1,d2dfba2356df3e37359b,R04,2019-12-19,2019
0.05,NQM9,prior_rth,POC_ATOMIC,31358,31358,7839.625,4411.856929689005609344163921,1,d30d2793616b371e229a,R01,2019-05-02,2019
0.05,NQM9,prior_rth,POC_ATOMIC,31358,31358,7839.625,4411.856929689005609344163921,1,d30d2793616b371e229a,R02,2019-05-02,2019
0.1,NQH9,midnight,POC_ATOMIC,26713,26713,6678.375,704.4073620823620823620823621,1,d3421b02ba318d55717a,R04,2019-01-23,2019
0.05,NQZ9,full_overnight,POC_ATOMIC,30835,30835,7708.875,1168.687218538629828952409598,1,d37660cb1588083fdd05,R03,2019-09-25,2019
0.2,NQU9,full_overnight,POC_ATOMIC,31188,31188,7797.125,694.8567432567432567432567433,1,d3891a39cde6db155bd6,R03,2019-06-20,2019
0.05,NQZ9,prior_rth,POC_ATOMIC,32851,32851,8212.875,4009.888129944854604970367523,1,d38ece9406c09f8049de,R01,2019-11-05,2019
0.05,NQZ9,prior_rth,POC_ATOMIC,32851,32851,8212.875,4009.888129944854604970367523,1,d38ece9406c09f8049de,R02,2019-11-05,2019
0.1,NQH9,midnight,POC_ATOMIC,27404,27404,6851.125,933.2561760478943141481841172,1,d39179b91785ee6766eb,R04,2019-02-08,2019
0.1,NQU9,prior_rth,POC_ATOMIC,30664,30664,7666.125,2133.350079105157327212448717,1,d3d09f8114617feb67ea,R01,2019-08-12,2019
0.1,NQU9,prior_rth,POC_ATOMIC,30664,30664,7666.125,2133.350079105157327212448717,1,d3d09f8114617feb67ea,R02,2019-08-12,2019
0.05,NQZ9,midnight,POC_ATOMIC,31364,31364,7841.125,859.2277014041977135687020154,1,d4199a171946563bbad2,R04,2019-10-14,2019
0.2,NQM9,midnight,POC_ATOMIC,29776,29776,7444.125,1044.099057560086971851677734,1,d432a4a3fb4f3226293e,R04,2019-06-10,2019
0.1,NQH9,midnight,POC_ATOMIC,28391,28391,7097.875,943.4872544122544122544122544,1,d4378ca34008fccda4b0,R04,2019-02-26,2019
0.2,NQM9,prior_rth,POC_ATOMIC,30266,30266,7566.625,3779.340569897097259352414607,1,d44eeb54485de360bc95,R01,2019-04-04,2019
0.2,NQM9,prior_rth,POC_ATOMIC,30266,30266,7566.625,3779.340569897097259352414607,1,d44eeb54485de360bc95,R02,2019-04-04,2019
0.1,NQZ9,prior_rth,POC_ATOMIC,32462,32462,8115.625,3104.244345839345839345839346,1,d47b6816a96409541218,R01,2019-10-29,2019
0.1,NQZ9,prior_rth,POC_ATOMIC,32462,32462,8115.625,3104.244345839345839345839346,1,d47b6816a96409541218,R02,2019-10-29,2019
0.1,NQM9,full_overnight,POC_ATOMIC,29975,29975,7493.875,980.2760101010101010101010101,1,d491dd12d73a9bec2707,R03,2019-04-02,2019
0.2,NQZ9,prior_rth,POC_ATOMIC,15771,15771,7885.75,5368.050155181823306739176977,1,d4a8299c1cb2be278006,R01,2019-09-18,2019
0.2,NQZ9,prior_rth,POC_ATOMIC,15771,15771,7885.75,5368.050155181823306739176977,1,d4a8299c1cb2be278006,R02,2019-09-18,2019
0.2,NQM9,midnight,POC_ATOMIC,31345,31345,7836.375,1063.031421356421356421356421,1,d4b0846a469bce30415d,R04,2019-04-24,2019
0.05,NQU9,prior_rth,POC_ATOMIC,30748,30748,7687.125,1803.02515471942245397622972,1,d4b2bdc92807c6007df7,R01,2019-06-26,2019
0.05,NQU9,prior_rth,POC_ATOMIC,30748,30748,7687.125,1803.02515471942245397622972,1,d4b2bdc92807c6007df7,R02,2019-06-26,2019
0.05,NQZ9,full_overnight,POC_ATOMIC,30935,30935,7733.875,1055.551991627283243360601124,1,d4c051546e4e68480940,R03,2019-09-30,2019
0.1,NQM9,opening_hour_rth,POC_ATOMIC,29545,29545,7386.375,1437.386964350578901662492994,1,d4cc38ed00c44a854d3a,R05,2019-03-19,2019
0.05,NQU9,full_overnight,POC_ATOMIC,31113,31113,7778.375,808.8003139344315814904050198,1,d4fe4cbe7f26b8230cb5,R03,2019-07-02,2019
0.05,NQU9,opening_hour_rth,POC_ATOMIC,30256,30256,7564.125,990.4425633353636786131065307,1,d5105a2b6395f92514ec,R05,2019-06-17,2019
0.1,NQH0,opening_hour_rth,POC_ATOMIC,35042,35042,8760.625,758.1215728715728715728715729,1,d52a19f6c41d201515ae,R05,2019-12-26,2019
0.05,NQH9,midnight,POC_ATOMIC,26627,26627,6656.875,821.1616189366189366189366189,1,d54e39acc5ab6eea92e9,R04,2019-01-17,2019
0.05,NQZ9,full_overnight,POC_ATOMIC,31197,31197,7799.375,954.2706816875934522993346523,1,d54e5e6f58e6a6974d26,R03,2019-10-01,2019
0.1,NQZ9,opening_hour_rth,POC_BROAD,29994,29987,7496.875,5432.208737777960820647062376,8,d550f36cd645b9dd335d,R05,2019-10-03,2019
0.2,NQU9,opening_hour_rth,POC_ATOMIC,10344,10344,7758.375,3274.422377622377622377622378,1,d56e522ab1a6ae7c287c,R05,2019-06-21,2019
0.05,NQU9,prior_rth,POC_ATOMIC,31587,31587,7896.875,1819.318299060054360365341137,1,d57f061057b0548de492,R01,2019-09-16,2019
0.05,NQU9,prior_rth,POC_ATOMIC,31587,31587,7896.875,1819.318299060054360365341137,1,d57f061057b0548de492,R02,2019-09-16,2019
0.1,NQH9,midnight,POC_ATOMIC,27006,27006,6751.625,941.0617635632341514694455871,1,d594443ddd1a4b173dd2,R04,2019-01-18,2019
0.05,NQM9,prior_rth,POC_ATOMIC,28732,28732,7183.125,2046.197898227503490661385398,1,d595e40e5a3fc2ed2d00,R01,2019-03-12,2019
0.05,NQM9,prior_rth,POC_ATOMIC,28732,28732,7183.125,2046.197898227503490661385398,1,d595e40e5a3fc2ed2d00,R02,2019-03-12,2019
0.2,NQM9,midnight,POC_ATOMIC,15075,15075,7537.75,1137.505304928989139515455305,1,d5a434034c908df13dcc,R04,2019-05-16,2019
0.2,NQH9,midnight,POC_ATOMIC,27545,27545,6886.375,1226.322502497502497502497502,1,d5e1547a1bda6d734e5b,R04,2019-02-01,2019
0.05,NQZ9,full_overnight,POC_ATOMIC,31384,31384,7846.125,1078.523557259285486503147023,1,d608a976b511fb9a53a3,R03,2019-10-23,2019
0.05,NQZ9,opening_hour_rth,POC_ATOMIC,31487,31487,7871.875,1234.355426058457734987684018,1,d60dad21bd0ad68d3b15,R05,2019-09-24,2019
0.05,NQU9,full_overnight,POC_ATOMIC,31312,31312,7828.125,1348.461848832568646810132878,1,d611a3ad44d06d373854,R03,2019-09-11,2019
0.1,NQZ9,full_overnight,POC_ATOMIC,31508,31508,7877.125,1512.639980647767533013434653,1,d62a5260d5e8addfedfe,R03,2019-09-24,2019
0.05,NQZ9,prior_rth,POC_ATOMIC,33283,33283,8320.875,1920.874364524364524364524365,1,d66156074a640e4c0965,R01,2019-11-19,2019
0.05,NQZ9,prior_rth,POC_ATOMIC,33283,33283,8320.875,1920.874364524364524364524365,1,d66156074a640e4c0965,R02,2019-11-19,2019
0.2,NQH9,full_overnight,POC_ATOMIC,28187,28187,7046.875,1645.651812671653150217457296,1,d686b5bcc326f12a1fc8,R03,2019-02-13,2019
0.05,NQU9,midnight,POC_ATOMIC,31923,31923,7980.875,733.4761967607555842849960497,1,d68d240ea59657399cd2,R04,2019-07-15,2019
0.1,NQZ9,prior_rth,POC_ATOMIC,31761,31761,7940.375,2021.851019156282314177051019,1,d6981058fbf93e730920,R01,2019-10-22,2019
0.1,NQZ9,prior_rth,POC_ATOMIC,31761,31761,7940.375,2021.851019156282314177051019,1,d6981058fbf93e730920,R02,2019-10-22,2019
0.05,NQM9,prior_rth,POC_ATOMIC,29894,29894,7473.625,1740.129604332692079159211096,1,d6a3f3686b5aaa501588,R01,2019-05-13,2019
0.05,NQM9,prior_rth,POC_ATOMIC,29894,29894,7473.625,1740.129604332692079159211096,1,d6a3f3686b5aaa501588,R02,2019-05-13,2019
0.2,NQZ9,full_overnight,POC_ATOMIC,16893,16893,8446.75,3194.9,1,d6abbe8b60a9532b6a2d,R03,2019-12-02,2019
0.2,NQU9,full_overnight,POC_ATOMIC,15656,15656,7828.25,2618.748120782755671193805068,1,d6c799ab8586f83801ba,R03,2019-09-11,2019
0.2,NQU9,midnight,POC_ATOMIC,31776,31776,7944.125,802.9326334630281998703051335,1,d6db4bc089a808034cbd,R04,2019-07-24,2019
0.2,NQM9,opening_hour_rth,POC_ATOMIC,14721,14721,7360.75,2382.854885392385392385392385,1,d6f0a3d212b5e47a00d1,R05,2019-05-28,2019
0.05,NQH9,prior_rth,POC_ATOMIC,26568,26568,6642.125,3242.277798199858716277327106,1,d705a707e5dfe5ed4201,R01,2019-01-24,2019
0.05,NQH9,prior_rth,POC_ATOMIC,26568,26568,6642.125,3242.277798199858716277327106,1,d705a707e5dfe5ed4201,R02,2019-01-24,2019
0.05,NQH9,midnight,POC_ATOMIC,26187,26187,6546.875,966.5416977466977466977466977,1,d7118bad0d342e9382d9,R04,2019-01-14,2019
0.1,NQM9,prior_rth,POC_ATOMIC,28576,28576,7144.125,1857.63339000181105444263339,1,d718bd236d5de0ac9cdd,R01,2019-06-05,2019
0.1,NQM9,prior_rth,POC_ATOMIC,28576,28576,7144.125,1857.63339000181105444263339,1,d718bd236d5de0ac9cdd,R02,2019-06-05,2019
0.2,NQZ9,full_overnight,POC_ATOMIC,15598,15598,7799.25,1810.115105514346501063768616,1,d71b9e9e74acf377d19f,R03,2019-10-01,2019
0.1,NQZ9,midnight,POC_ATOMIC,31597,31597,7899.375,705.6639613990566803633954269,1,d73bfc10e6e8a4a4bc24,R04,2019-09-19,2019
0.1,NQU9,prior_rth,POC_ATOMIC,31588,31588,7897.125,2872.6972937236482128122995,1,d7a41806d2d4d9945d7e,R01,2019-07-23,2019
0.1,NQU9,prior_rth,POC_ATOMIC,31588,31588,7897.125,2872.6972937236482128122995,1,d7a41806d2d4d9945d7e,R02,2019-07-23,2019
0.1,NQU9,prior_rth,POC_ATOMIC,31341,31341,7835.375,1979.251226551226551226551227,1,d7a587639caddb62ad06,R01,2019-07-10,2019
0.1,NQU9,prior_rth,POC_ATOMIC,31341,31341,7835.375,1979.251226551226551226551227,1,d7a587639caddb62ad06,R02,2019-07-10,2019
0.1,NQU9,full_overnight,POC_ATOMIC,31804,31804,7951.125,1348.182579022284904637845814,1,d7b4bb048e3f61fe99ac,R03,2019-07-24,2019
0.2,NQZ9,midnight,POC_ATOMIC,33290,33290,8322.625,1384.6161445927952187206461,1,d7b56ee1bdfee4db7d74,R04,2019-12-10,2019
0.1,NQM9,full_overnight,POC_ATOMIC,29776,29776,7444.125,1191.175175886205297970003852,1,d7f3d1a579a8b798ee1a,R03,2019-06-10,2019
0.1,NQU9,prior_rth,POC_ATOMIC,32107,32107,8026.875,3215.004107599823908006486024,1,d7fcb3be94c1a922e1de,R01,2019-07-29,2019
0.1,NQU9,prior_rth,POC_ATOMIC,32107,32107,8026.875,3215.004107599823908006486024,1,d7fcb3be94c1a922e1de,R02,2019-07-29,2019
0.05,NQU9,prior_rth,POC_ATOMIC,31669,31669,7917.375,3426.772436848156808434862059,1,d80b7c1dda1f7dbfffd8,R01,2019-07-11,2019
0.05,NQU9,prior_rth,POC_ATOMIC,31669,31669,7917.375,3426.772436848156808434862059,1,d80b7c1dda1f7dbfffd8,R02,2019-07-11,2019
0.2,NQU9,opening_hour_rth,POC_ATOMIC,10323,10323,7742.625,2283.224111670920793156676029,1,d8102a75911b92c6beec,R05,2019-08-13,2019
0.1,NQH9,prior_rth,POC_ATOMIC,27159,27159,6789.875,4016.077087756099063139041602,1,d832536ccd8615c4ffde,R01,2019-01-28,2019
0.1,NQH9,prior_rth,POC_ATOMIC,27159,27159,6789.875,4016.077087756099063139041602,1,d832536ccd8615c4ffde,R02,2019-01-28,2019
0.05,NQM9,midnight,POC_ATOMIC,30974,30974,7743.625,777.0518037518037518037518038,1,d8417584b1f2aa248958,R04,2019-04-23,2019
0.1,NQZ9,prior_rth,POC_ATOMIC,33172,33172,8293.125,3192.991460173942566397592255,1,d84971e09aebce9b5dc3,R01,2019-12-06,2019
0.1,NQZ9,prior_rth,POC_ATOMIC,33172,33172,8293.125,3192.991460173942566397592255,1,d84971e09aebce9b5dc3,R02,2019-12-06,2019
0.05,NQZ9,full_overnight,POC_ATOMIC,30775,30775,7693.875,1655.310992903842913496113474,1,d862cc4f4e8304c09a28,R03,2019-10-10,2019
0.1,NQH9,full_overnight,POC_ATOMIC,26945,26945,6736.375,939.8256036786394046094366712,1,d86ccdfbd8142089eee0,R03,2019-01-25,2019
0.2,NQZ9,prior_rth,POC_ATOMIC,10337,10337,7753.125,8366.304503829503829503829504,1,d8a8d137c449a14e7534,R01,2019-10-11,2019
0.2,NQZ9,prior_rth,POC_ATOMIC,10337,10337,7753.125,8366.304503829503829503829504,1,d8a8d137c449a14e7534,R02,2019-10-11,2019
0.1,NQZ9,opening_hour_rth,POC_ATOMIC,31546,31546,7886.625,904.7312589326326685151517218,1,d8b321d6dfa623f0acbb,R05,2019-09-16,2019
0.2,NQU9,midnight,POC_ATOMIC,15050,15050,7525.25,2379.181306383225317064820482,1,d8d3b61d0d03f21db022,R04,2019-08-15,2019
0.2,NQZ9,midnight,POC_ATOMIC,31384,31384,7846.125,1039.9143526897938662644545,1,d8e73069c26f0461984b,R04,2019-10-11,2019
0.1,NQZ9,midnight,POC_ATOMIC,30236,30236,7559.125,1102.448137924578226099292192,1,d8ec9397ba90a2029b39,R04,2019-10-03,2019
0.2,NQM9,midnight,POC_ATOMIC,30974,30974,7743.625,777.0518037518037518037518038,1,d902bd897591deda9acb,R04,2019-04-23,2019
0.2,NQM9,full_overnight,POC_ATOMIC,29975,29975,7493.875,980.2760101010101010101010101,1,d902f530289abc842b02,R03,2019-04-02,2019
0.1,NQU9,prior_rth,POC_ATOMIC,31952,31952,7988.125,2361.30854483923369372285781,1,d94ff59f610ce819f841,R01,2019-07-25,2019
0.1,NQU9,prior_rth,POC_ATOMIC,31952,31952,7988.125,2361.30854483923369372285781,1,d94ff59f610ce819f841,R02,2019-07-25,2019
0.05,NQM9,prior_rth,POC_ATOMIC,30685,30685,7671.375,2488.461587042941917049246694,1,d963ffc5038ce70c25c5,R01,2019-05-08,2019
0.05,NQM9,prior_rth,POC_ATOMIC,30685,30685,7671.375,2488.461587042941917049246694,1,d963ffc5038ce70c25c5,R02,2019-05-08,2019
0.2,NQZ9,midnight,POC_ATOMIC,33338,33338,8334.625,1419.796542428160075218898748,1,d96e57d0e125570e5434,R04,2019-12-06,2019
0.2,NQU9,prior_rth,POC_ATOMIC,7508,7508,7508.5,8941.018016297428062133944487,1,d97ecf16e151af5e0488,R01,2019-08-07,2019
0.2,NQU9,prior_rth,POC_ATOMIC,7508,7508,7508.5,8941.018016297428062133944487,1,d97ecf16e151af5e0488,R02,2019-08-07,2019
0.1,NQZ9,prior_rth,POC_ATOMIC,31163,31163,7790.875,2760.838685037711904866185462,1,d984d3162984e7a15b84,R01,2019-09-27,2019
0.1,NQZ9,prior_rth,POC_ATOMIC,31163,31163,7790.875,2760.838685037711904866185462,1,d984d3162984e7a15b84,R02,2019-09-27,2019
0.1,NQU9,opening_hour_rth,POC_ATOMIC,15927,15927,7963.75,2681.459956709956709956709957,1,d9e5855f1209f6f3cf7b,R05,2019-07-25,2019
0.05,NQH9,midnight,POC_ATOMIC,28763,28763,7190.875,1440.454473304473304473304473,1,da05aafdcb26b8c19584,R04,2019-03-04,2019
0.2,NQH9,midnight,POC_ATOMIC,26187,26187,6546.875,966.5416977466977466977466977,1,da076b0f0e16e5f41df1,R04,2019-01-14,2019
0.05,NQM9,midnight,POC_ATOMIC,29948,29948,7487.125,1383.68200070225612021277656,1,da46d9295a58bc340131,R04,2019-06-12,2019
0.05,NQU9,prior_rth,POC_ATOMIC,30765,30765,7691.375,4240.381623557324189979998299,1,da64447c8503a9341278,R01,2019-06-28,2019
0.05,NQU9,prior_rth,POC_ATOMIC,30765,30765,7691.375,4240.381623557324189979998299,1,da64447c8503a9341278,R02,2019-06-28,2019
0.1,NQZ9,opening_hour_rth,POC_ATOMIC,31487,31487,7871.875,1234.355426058457734987684018,1,da76f9b51d999c453cb0,R05,2019-09-24,2019
0.2,NQU9,full_overnight,POC_ATOMIC,7788,7788,7788.5,4239.429942279942279942279942,1,daa089e4f06df041f016,R03,2019-08-02,2019
0.05,NQU9,prior_rth,POC_ATOMIC,30037,30037,7509.375,3235.996827933331705856275962,1,dab30d49a171e950889f,R01,2019-08-15,2019
0.05,NQU9,prior_rth,POC_ATOMIC,30037,30037,7509.375,3235.996827933331705856275962,1,dab30d49a171e950889f,R02,2019-08-15,2019
0.1,NQZ9,prior_rth,POC_ATOMIC,33538,33538,8384.625,2371.673419717537364596188126,1,dac4d8a58831694e2dbf,R01,2019-12-12,2019
0.1,NQZ9,prior_rth,POC_ATOMIC,33538,33538,8384.625,2371.673419717537364596188126,1,dac4d8a58831694e2dbf,R02,2019-12-12,2019
0.05,NQM9,midnight,POC_ATOMIC,30270,30270,7567.625,1613.240195686666274901569019,1,dac895eadaf05ad9332d,R04,2019-04-03,2019
0.2,NQU9,prior_rth,POC_ATOMIC,31811,31811,7952.875,2881.612698412698412698412698,1,dadefb8a4ee2e69233f5,R01,2019-07-15,2019
0.2,NQU9,prior_rth,POC_ATOMIC,31811,31811,7952.875,2881.612698412698412698412698,1,dadefb8a4ee2e69233f5,R02,2019-07-15,2019
0.1,NQM9,prior_rth,POC_ATOMIC,30898,30898,7724.625,2310.237950937950937950937951,1,daebe254a30192a93157,R01,2019-04-23,2019
0.1,NQM9,prior_rth,POC_ATOMIC,30898,30898,7724.625,2310.237950937950937950937951,1,daebe254a30192a93157,R02,2019-04-23,2019
0.2,NQH9,midnight,POC_ATOMIC,28010,28010,7002.625,753.3262864912864912864912865,1,daecba00dafa9b6d3d12,R04,2019-02-06,2019
0.2,NQU9,opening_hour_rth,POC_ATOMIC,15836,15836,7918.25,1945.022505847377970140118478,1,daf2f09c5b82ce34c822,R05,2019-08-01,2019
0.2,NQH9,prior_rth,POC_ATOMIC,26277,26277,6569.375,3247.26746529021556647422597,1,daf7ce9978c51528f414,R01,2019-01-15,2019
0.2,NQH9,prior_rth,POC_ATOMIC,26277,26277,6569.375,3247.26746529021556647422597,1,daf7ce9978c51528f414,R02,2019-01-15,2019
0.05,NQM9,opening_hour_rth,POC_ATOMIC,31109,31109,7777.375,1041.953429635492328990781003,1,db0e16e9ff11e16d488f,R05,2019-05-02,2019
0.1,NQM9,midnight,POC_ATOMIC,29651,29651,7412.875,725.7947691197691197691197691,1,db145aa97d73b20cdceb,R04,2019-03-21,2019
0.05,NQU9,full_overnight,POC_ATOMIC,30101,30101,7525.375,1625.762425425847505384620412,1,db323832cb70f82bf669,R03,2019-08-15,2019
0.2,NQM9,prior_rth,POC_ATOMIC,7568,7568,7568.5,7011.873371073371073371073371,1,db364928259c8ecc156f,R01,2019-05-13,2019
0.2,NQM9,prior_rth,POC_ATOMIC,7568,7568,7568.5,7011.873371073371073371073371,1,db364928259c8ecc156f,R02,2019-05-13,2019
0.1,NQM9,prior_rth,POC_ATOMIC,28946,28946,7236.625,2541.989435319582378405907818,1,db45442d668850d0f2ba,R01,2019-03-13,2019
0.1,NQM9,prior_rth,POC_ATOMIC,28946,28946,7236.625,2541.989435319582378405907818,1,db45442d668850d0f2ba,R02,2019-03-13,2019
0.1,NQZ9,prior_rth,POC_ATOMIC,15506,15506,7753.25,5611.263817030922294080188817,1,db569a93296edb837127,R01,2019-10-11,2019
0.1,NQZ9,prior_rth,POC_ATOMIC,15506,15506,7753.25,5611.263817030922294080188817,1,db569a93296edb837127,R02,2019-10-11,2019
0.2,NQM9,opening_hour_rth,POC_ATOMIC,15211,15211,7605.75,4208.258304522275110510404628,1,dbb4e749ce2ca1cb3a58,R05,2019-04-10,2019
0.2,NQU9,midnight,POC_ATOMIC,15507,15507,7753.75,2095.558768321396198634050296,1,dbf6d0a8fc442f2c1473,R04,2019-08-02,2019
0.1,NQH9,prior_rth,POC_ATOMIC,28649,28649,7162.375,3067.389863177591630602716191,1,dc02338ac5fb76626896,R01,2019-03-06,2019
0.1,NQH9,prior_rth,POC_ATOMIC,28649,28649,7162.375,3067.389863177591630602716191,1,dc02338ac5fb76626896,R02,2019-03-06,2019
0.2,NQU9,midnight,POC_ATOMIC,30746,30746,7686.625,1863.287273226651575732091136,1,dc09c4babdacc0ef3e5e,R04,2019-08-29,2019
0.05,NQH0,midnight,POC_ATOMIC,34478,34478,8619.625,1374.645779220779220779220779,1,dc0f1a66d3e22d2e23d5,R04,2019-12-19,2019
0.2,NQM9,midnight,POC_ATOMIC,28976,28976,7244.125,1171.079646771107871677131639,1,dc44421555eb9010fc13,R04,2019-05-30,2019
0.1,NQH9,midnight,POC_ATOMIC,28010,28010,7002.625,753.3262864912864912864912865,1,dc57ea434cabd23037e4,R04,2019-02-06,2019
0.1,NQH9,prior_rth,POC_ATOMIC,26785,26785,6696.375,2810.91928706928922788584146,1,dc64a26b8dc574d0dbb1,R01,2019-01-25,2019
0.1,NQH9,prior_rth,POC_ATOMIC,26785,26785,6696.375,2810.91928706928922788584146,1,dc64a26b8dc574d0dbb1,R02,2019-01-25,2019
0.1,NQZ9,prior_rth,POC_ATOMIC,31526,31526,7881.625,2927.404168800564745711044089,1,dcb22b0be5abccdf2cb0,R01,2019-10-14,2019
0.1,NQZ9,prior_rth,POC_ATOMIC,31526,31526,7881.625,2927.404168800564745711044089,1,dcb22b0be5abccdf2cb0,R02,2019-10-14,2019
0.05,NQH9,prior_rth,POC_ATOMIC,27778,27778,6944.625,3535.302115225787658147329705,1,dcb8bfe5f13144cb7678,R01,2019-02-05,2019
0.05,NQH9,prior_rth,POC_ATOMIC,27778,27778,6944.625,3535.302115225787658147329705,1,dcb8bfe5f13144cb7678,R02,2019-02-05,2019
0.2,NQM9,prior_rth,POC_ATOMIC,10228,10228,7671.375,7066.747405862111744464685641,1,dcf562a4ffb0a8aac7ab,R01,2019-05-08,2019
0.2,NQM9,prior_rth,POC_ATOMIC,10228,10228,7671.375,7066.747405862111744464685641,1,dcf562a4ffb0a8aac7ab,R02,2019-05-08,2019
0.1,NQM9,opening_hour_rth,POC_ATOMIC,29759,29759,7439.875,1588.455435352549104671345758,1,dd01bc15fc16810495ca,R05,2019-03-21,2019
0.2,NQM9,full_overnight,POC_ATOMIC,10408,10408,7806.375,3636.414285714285714285714286,1,dd150596f930e2331a5b,R03,2019-04-26,2019
0.05,NQZ9,full_overnight,POC_ATOMIC,30558,30558,7639.625,1017.976397629830124109300311,1,dd1ff1f82ddb11c4a299,R03,2019-10-04,2019
0.2,NQZ9,prior_rth,POC_ATOMIC,16544,16544,8272.25,6858.844092261367803163468798,1,dd2c7a3d71b87e74da03,R01,2019-11-22,2019
0.2,NQZ9,prior_rth,POC_ATOMIC,16544,16544,8272.25,6858.844092261367803163468798,1,dd2c7a3d71b87e74da03,R02,2019-11-22,2019
0.1,NQU9,prior_rth,POC_ATOMIC,15905,15905,7952.75,5596.551320812148718628915063,1,dd37f813a90311c23df8,R01,2019-07-26,2019
0.1,NQU9,prior_rth,POC_ATOMIC,15905,15905,7952.75,5596.551320812148718628915063,1,dd37f813a90311c23df8,R02,2019-07-26,2019
0.2,NQZ9,prior_rth,POC_ATOMIC,15506,15506,7753.25,3106.287185690126866597454833,1,dd3b5921a341223b755c,R01,2019-09-26,2019
0.2,NQZ9,prior_rth,POC_ATOMIC,15506,15506,7753.25,3106.287185690126866597454833,1,dd3b5921a341223b755c,R02,2019-09-26,2019
0.1,NQZ9,prior_rth,POC_ATOMIC,33563,33563,8390.875,1857.439575702075702075702076,1,dd3b77bad37c09cd4840,R01,2019-12-10,2019
0.1,NQZ9,prior_rth,POC_ATOMIC,33563,33563,8390.875,1857.439575702075702075702076,1,dd3b77bad37c09cd4840,R02,2019-12-10,2019
0.2,NQH9,prior_rth,POC_ATOMIC,9390,9390,7042.875,9692.048674875848788892267153,1,dd42dd3b4dc417abbaaf,R01,2019-02-19,2019
0.2,NQH9,prior_rth,POC_ATOMIC,9390,9390,7042.875,9692.048674875848788892267153,1,dd42dd3b4dc417abbaaf,R02,2019-02-19,2019
0.05,NQH0,prior_rth,POC_ATOMIC,34833,34833,8708.375,4666.060349455996574297888757,1,dd5d55e41f8df1ea54f0,R01,2019-12-23,2019
0.05,NQH0,prior_rth,POC_ATOMIC,34833,34833,8708.375,4666.060349455996574297888757,1,dd5d55e41f8df1ea54f0,R02,2019-12-23,2019
0.05,NQH9,midnight,POC_ATOMIC,24956,24956,6239.125,843.6483507608419528207591515,1,dd5f5d1c73462690829e,R04,2019-01-04,2019
0.2,NQM9,opening_hour_rth,POC_ATOMIC,28521,28521,7130.375,972.3440536920042910081946291,1,dd76ac92e685434c9e4d,R05,2019-03-11,2019
0.1,NQZ9,midnight,POC_ATOMIC,32984,32984,8246.125,682.2146964146964146964146964,1,dd843466fa2023fce4b8,R04,2019-11-13,2019
0.2,NQZ9,midnight,POC_ATOMIC,33017,33017,8254.375,865.722168354521295697766286,1,dd89718d219de273458c,R04,2019-11-14,2019
0.1,NQH9,opening_hour_rth,POC_ATOMIC,27825,27825,6956.375,880.482213054669451415792973,1,dd955f9144c9f9e24d92,R05,2019-03-08,2019
0.1,NQH9,full_overnight,POC_ATOMIC,28170,28170,7042.625,1189.07563336601027058124091,1,dd99c83ddbc7280c26dd,R03,2019-02-14,2019
0.2,NQH9,opening_hour_rth,POC_ATOMIC,6290,6289,6289.5,5882.916361416361416361416362,2,ddb1d1b9a48ca6dedd63,R05,2019-01-04,2019
0.2,NQM9,prior_rth,POC_ATOMIC,30596,30596,7649.125,2855.358316683316683316683317,1,ddd80e3161df8f576764,R01,2019-04-16,2019
0.2,NQM9,prior_rth,POC_ATOMIC,30596,30596,7649.125,2855.358316683316683316683317,1,ddd80e3161df8f576764,R02,2019-04-16,2019
0.05,NQM9,prior_rth,POC_ATOMIC,31230,31230,7807.625,3072.25409710115592468533645,1,ddd9a5fbd1292ab41144,R01,2019-04-29,2019
0.05,NQM9,prior_rth,POC_ATOMIC,31230,31230,7807.625,3072.25409710115592468533645,1,ddd9a5fbd1292ab41144,R02,2019-04-29,2019
0.2,NQH9,opening_hour_rth,POC_ATOMIC,8914,8914,6685.875,3378.941673394806387133752863,1,dde2eeec46e7c7679f19,R05,2019-01-24,2019
0.1,NQU9,midnight,POC_ATOMIC,30099,30099,7524.875,1190.579901673697359001250084,1,ddf3a1ef3f779a340b55,R04,2019-08-15,2019
0.2,NQH9,full_overnight,POC_ATOMIC,13473,13473,6736.75,1776.551429734648912731104512,1,de3204aa45e67ef18ca0,R03,2019-01-25,2019
0.05,NQU9,prior_rth,POC_ATOMIC,31895,31895,7973.875,3745.75691021430918031011869,1,de6ab99b64f8d0b545ee,R01,2019-08-01,2019
0.05,NQU9,prior_rth,POC_ATOMIC,31895,31895,7973.875,3745.75691021430918031011869,1,de6ab99b64f8d0b545ee,R02,2019-08-01,2019
0.2,NQZ9,midnight,POC_ATOMIC,32888,32888,8222.125,1452.351682576682576682576683,1,de8ace268a60f9660550,R04,2019-11-11,2019
0.05,NQZ9,prior_rth,POC_ATOMIC,30946,30946,7736.625,1944.032500832762308061810014,1,dea22f775d825df0a8e9,R01,2019-10-07,2019
0.05,NQZ9,prior_rth,POC_ATOMIC,30946,30946,7736.625,1944.032500832762308061810014,1,dea22f775d825df0a8e9,R02,2019-10-07,2019
0.05,NQU9,prior_rth,POC_ATOMIC,30622,30622,7655.625,3127.268110890604384671037738,1,deaba8de8c4bd786838c,R01,2019-06-20,2019
0.05,NQU9,prior_rth,POC_ATOMIC,30622,30622,7655.625,3127.268110890604384671037738,1,deaba8de8c4bd786838c,R02,2019-06-20,2019
0.1,NQZ9,opening_hour_rth,POC_ATOMIC,32896,32895,8223.875,1910.516876391490697241047872,2,deb59cb5fd83bd1d454d,R05,2019-11-11,2019
0.1,NQZ9,midnight,POC_ATOMIC,33247,33247,8311.875,842.8490962180782631178248951,1,decff2731f1b02b81d26,R04,2019-12-05,2019
0.05,NQM9,full_overnight,POC_ATOMIC,29661,29661,7415.375,855.266024906466082936671172,1,ded1bc9ee45cb8707db0,R03,2019-05-22,2019
0.1,NQM9,prior_rth,POC_ATOMIC,30244,30244,7561.125,3576.185013207679082558980072,1,ded80ccfc98437162dc5,R01,2019-04-05,2019
0.1,NQM9,prior_rth,POC_ATOMIC,30244,30244,7561.125,3576.185013207679082558980072,1,ded80ccfc98437162dc5,R02,2019-04-05,2019
0.1,NQZ9,full_overnight,POC_ATOMIC,30775,30775,7693.875,1655.310992903842913496113474,1,dedee3b45e0d75d5c691,R03,2019-10-10,2019
0.2,NQM9,midnight,POC_ATOMIC,28127,28127,7031.875,680.9122969350910527381115616,1,df0e9dca16b0c90d0432,R04,2019-06-04,2019
0.1,NQM9,prior_rth,POC_ATOMIC,31022,31022,7755.625,2505.731624193037236515497385,1,df24ec4841a377104886,R01,2019-05-07,2019
0.1,NQM9,prior_rth,POC_ATOMIC,31022,31022,7755.625,2505.731624193037236515497385,1,df24ec4841a377104886,R02,2019-05-07,2019
0.2,NQU9,prior_rth,POC_ATOMIC,15794,15794,7897.25,3666.75266873649226590403061,1,df2842bfa284d332d5ca,R01,2019-09-16,2019
0.2,NQU9,prior_rth,POC_ATOMIC,15794,15794,7897.25,3666.75266873649226590403061,1,df2842bfa284d332d5ca,R02,2019-09-16,2019
0.1,NQH9,midnight,POC_ATOMIC,27831,27831,6957.875,585.5761904761904761904761905,1,df317ee14f1fb7f3287f,R04,2019-02-05,2019
0.2,NQM9,full_overnight,POC_ATOMIC,30270,30270,7567.625,1641.603832050302638537932656,1,df538b6fe07e120e5aa3,R03,2019-04-03,2019
0.05,NQM9,opening_hour_rth,POC_ATOMIC,29984,29984,7496.125,1145.966002160699546017307736,1,df5f9974b6a0548ede05,R05,2019-06-12,2019
0.2,NQZ9,midnight,POC_ATOMIC,33786,33786,8446.625,1261.332611832611832611832612,1,dfa4bba4c38026f79e0a,R04,2019-12-02,2019
0.1,NQZ9,opening_hour_rth,POC_ATOMIC,30793,30793,7698.375,1225.227547126851228192674137,1,dfa8da645f0bdd7bd5f5,R05,2019-09-25,2019
0.1,NQZ9,opening_hour_rth,POC_ATOMIC,31848,31848,7962.125,1190.811665330199812958433648,1,dfc6c802ddbc719c9824,R05,2019-09-19,2019
0.05,NQM9,full_overnight,POC_ATOMIC,28937,28937,7234.375,2046.108839479171959990374313,1,dff0e6ef034cc8a8fa74,R03,2019-05-29,2019
0.05,NQZ9,midnight,POC_ATOMIC,33017,33017,8254.375,865.722168354521295697766286,1,dffe645e76d1c3baf46e,R04,2019-11-14,2019
0.1,NQH9,midnight,POC_ATOMIC,28763,28763,7190.875,1440.454473304473304473304473,1,e0069e476d80c5ebd604,R04,2019-03-04,2019
0.1,NQZ9,prior_rth,POC_ATOMIC,31693,31693,7923.375,3656.870206770928363913384008,1,e00b052e543dbf76d452,R01,2019-10-17,2019
0.1,NQZ9,prior_rth,POC_ATOMIC,31693,31693,7923.375,3656.870206770928363913384008,1,e00b052e543dbf76d452,R02,2019-10-17,2019
0.1,NQH9,full_overnight,POC_ATOMIC,28173,28173,7043.375,1074.063766658178422884305237,1,e016fb385ba063bcdfb3,R03,2019-02-19,2019
0.05,NQH9,full_overnight,POC_ATOMIC,25702,25702,6425.625,996.0818243452453978769768243,1,e0173a1c621cc8ebd450,R03,2019-01-07,2019
0.2,NQM9,prior_rth,POC_ATOMIC,29581,29581,7395.375,4564.614080771884637728605788,1,e01a2303eb2e21fd762d,R01,2019-03-20,2019
0.2,NQM9,prior_rth,POC_ATOMIC,29581,29581,7395.375,4564.614080771884637728605788,1,e01a2303eb2e21fd762d,R02,2019-03-20,2019
0.05,NQM9,opening_hour_rth,POC_ATOMIC,29545,29545,7386.375,1437.386964350578901662492994,1,e02dfaabaef477ac1fcd,R05,2019-03-19,2019
0.2,NQM9,prior_rth,POC_ATOMIC,14823,14823,7411.75,4600.868419716678230610119155,1,e03c5607dac0663a2943,R01,2019-03-27,2019
0.2,NQM9,prior_rth,POC_ATOMIC,14823,14823,7411.75,4600.868419716678230610119155,1,e03c5607dac0663a2943,R02,2019-03-27,2019
0.05,NQU9,opening_hour_rth,POC_ATOMIC,31452,31452,7863.125,977.759584344963601929546202,1,e0c6f97f0640809c596c,R05,2019-09-11,2019
0.1,NQH9,midnight,POC_ATOMIC,26347,26347,6586.875,1208.574266408685913329876178,1,e0cdfd8eb777418d9c3b,R04,2019-01-09,2019
0.1,NQM9,full_overnight,POC_ATOMIC,29895,29895,7473.875,2100.292369472632630527367369,1,e0cec5dce9740f5c40ea,R03,2019-04-01,2019
0.1,NQM9,midnight,POC_ATOMIC,29344,29344,7336.125,992.4143740409916880505115799,1,e0d7a92f7a7a6461e551,R04,2019-03-28,2019
0.05,NQZ9,prior_rth,POC_ATOMIC,31726,31726,7931.625,1872.032284402330841959324931,1,e1100cf79dc558606ccb,R01,2019-09-23,2019
0.05,NQZ9,prior_rth,POC_ATOMIC,31726,31726,7931.625,1872.032284402330841959324931,1,e1100cf79dc558606ccb,R02,2019-09-23,2019
0.05,NQM9,full_overnight,POC_ATOMIC,29016,29016,7254.125,1097.357040232063951229036618,1,e1191ebf632729c24f3f,R03,2019-06-06,2019
0.05,NQH9,opening_hour_rth,POC_ATOMIC,26355,26355,6588.875,980.6147974817561801291463369,1,e15ef844e6bef0dd2e36,R05,2019-01-11,2019
0.2,NQM9,prior_rth,POC_ATOMIC,9899,9899,7424.625,10921.67643875732111026228673,1,e181c5efd46406e08f69,R01,2019-06-10,2019
0.2,NQM9,prior_rth,POC_ATOMIC,9899,9899,7424.625,10921.67643875732111026228673,1,e181c5efd46406e08f69,R02,2019-06-10,2019
0.1,NQH9,midnight,POC_ATOMIC,27502,27502,6875.625,856.6904456654456654456654457,1,e1a81cdeed83b6cf86bd,R04,2019-02-04,2019
0.1,NQZ9,prior_rth,POC_ATOMIC,32779,32779,8194.875,4043.831401356708772285913307,1,e1e48cc0f6a798eb02f8,R01,2019-11-07,2019
0.1,NQZ9,prior_rth,POC_ATOMIC,32779,32779,8194.875,4043.831401356708772285913307,1,e1e48cc0f6a798eb02f8,R02,2019-11-07,2019
0.05,NQH9,prior_rth,POC_ATOMIC,27517,27517,6879.375,2666.957427306243095716779927,1,e21726444d1a39c2c93c,R01,2019-02-04,2019
0.05,NQH9,prior_rth,POC_ATOMIC,27517,27517,6879.375,2666.957427306243095716779927,1,e21726444d1a39c2c93c,R02,2019-02-04,2019
0.1,NQU9,prior_rth,POC_ATOMIC,9966,9966,7474.875,5608.666907347898059972363378,1,e22414af2f5827e80f0b,R01,2019-08-08,2019
0.1,NQU9,prior_rth,POC_ATOMIC,9966,9966,7474.875,5608.666907347898059972363378,1,e22414af2f5827e80f0b,R02,2019-08-08,2019
0.05,NQH9,prior_rth,POC_ATOMIC,25370,25370,6342.625,1532.414429745800896264722458,1,e230745eaae3a070a990,R01,2019-01-03,2019
0.05,NQH9,prior_rth,POC_ATOMIC,25370,25370,6342.625,1532.414429745800896264722458,1,e230745eaae3a070a990,R02,2019-01-03,2019
0.2,NQU9,prior_rth,POC_ATOMIC,15612,15612,7806.25,3928.539991952491952491952492,1,e248b6ff9b7ac5b7487d,R01,2019-07-02,2019
0.2,NQU9,prior_rth,POC_ATOMIC,15612,15612,7806.25,3928.539991952491952491952492,1,e248b6ff9b7ac5b7487d,R02,2019-07-02,2019
0.2,NQM9,prior_rth,POC_ATOMIC,14456,14456,7228.25,7524.183401521580593809185396,1,e2767dac4c92c548c0c4,R01,2019-05-30,2019
0.2,NQM9,prior_rth,POC_ATOMIC,14456,14456,7228.25,7524.183401521580593809185396,1,e2767dac4c92c548c0c4,R02,2019-05-30,2019
0.2,NQU9,prior_rth,POC_ATOMIC,15705,15705,7852.75,5618.114933375802941020332325,1,e288b20ee96fba062620,R01,2019-09-06,2019
0.2,NQU9,prior_rth,POC_ATOMIC,15705,15705,7852.75,5618.114933375802941020332325,1,e288b20ee96fba062620,R02,2019-09-06,2019
0.05,NQZ9,prior_rth,POC_ATOMIC,30528,30528,7632.125,1815.353594556812042767184057,1,e2b007409010bb0eeade,R01,2019-10-04,2019
0.05,NQZ9,prior_rth,POC_ATOMIC,30528,30528,7632.125,1815.353594556812042767184057,1,e2b007409010bb0eeade,R02,2019-10-04,2019
0.1,NQU9,prior_rth,POC_ATOMIC,30889,30889,7722.375,1858.100938896467318214698794,1,e2d0ea146985280b839f,R01,2019-08-23,2019
0.1,NQU9,prior_rth,POC_ATOMIC,30889,30889,7722.375,1858.100938896467318214698794,1,e2d0ea146985280b839f,R02,2019-08-23,2019
0.2,NQM9,full_overnight,POC_ATOMIC,14742,14742,7371.25,2279.815546218487394957983193,1,e2de561b3d77f6b17edf,R03,2019-03-27,2019
0.05,NQH9,full_overnight,POC_ATOMIC,27461,27461,6865.375,1427.227475302475302475302475,1,e2e88eee066d69531f34,R03,2019-01-31,2019
0.2,NQM9,midnight,POC_ATOMIC,30410,30410,7602.625,1307.779381729381729381729382,1,e30188e7a2fb61968cea,R04,2019-04-10,2019
0.2,NQU9,prior_rth,POC_ATOMIC,10556,10556,7917.375,9734.344985569985569985569986,1,e302a39f0ea4ccd2cfd9,R01,2019-07-11,2019
0.2,NQU9,prior_rth,POC_ATOMIC,10556,10556,7917.375,9734.344985569985569985569986,1,e302a39f0ea4ccd2cfd9,R02,2019-07-11,2019
0.1,NQU9,midnight,POC_ATOMIC,31479,31479,7869.875,1298.61518033050540790478871,1,e30576c3fc2608f1e6d4,R04,2019-08-01,2019
0.2,NQM9,full_overnight,POC_ATOMIC,14672,14672,7336.25,1912.860253635253635253635254,1,e313b8bcf9badd9c992b,R03,2019-03-28,2019
0.05,NQH9,prior_rth,POC_ATOMIC,26547,26547,6636.875,3001.045779761081113887682739,1,e36fd30b5c25f22273ce,R01,2019-01-30,2019
0.05,NQH9,prior_rth,POC_ATOMIC,26547,26547,6636.875,3001.045779761081113887682739,1,e36fd30b5c25f22273ce,R02,2019-01-30,2019
0.2,NQH9,prior_rth,POC_ATOMIC,9388,9388,7041.375,8567.961080586080586080586081,1,e3906c2b0535275cafc0,R01,2019-02-15,2019
0.2,NQH9,prior_rth,POC_ATOMIC,9388,9388,7041.375,8567.961080586080586080586081,1,e3906c2b0535275cafc0,R02,2019-02-15,2019
0.2,NQH0,prior_rth,POC_ATOMIC,34429,34429,8607.375,5250.86345474799243052687488,1,e39305ec35f426e9d96d,R01,2019-12-18,2019
0.2,NQH0,prior_rth,POC_ATOMIC,34429,34429,8607.375,5250.86345474799243052687488,1,e39305ec35f426e9d96d,R02,2019-12-18,2019
0.05,NQU9,full_overnight,POC_ATOMIC,30373,30373,7593.375,763.3475608678125840597236478,1,e3d2b0c1ca326310991c,R03,2019-08-27,2019
0.1,NQZ9,full_overnight,POC_ATOMIC,30835,30835,7708.875,1168.687218538629828952409598,1,e3db9e72d72202fcfde8,R03,2019-09-25,2019
0.05,NQZ9,midnight,POC_ATOMIC,31423,31423,7855.875,949.5901265401265401265401265,1,e3f508166412dd66465a,R04,2019-10-23,2019
0.05,NQH9,opening_hour_rth,POC_ATOMIC,27114,27114,6778.625,1132.251415180443313435640801,1,e401ab3020d12001556c,R05,2019-01-25,2019
0.1,NQM9,midnight,POC_ATOMIC,30304,30304,7576.125,947.3397319023463188222913623,1,e449e4dddf2ad8132d89,R04,2019-05-09,2019
0.2,NQU9,midnight,POC_ATOMIC,15185,15185,7592.75,1887.13326016089173983910826,1,e4762d1683b0d1935e34,R04,2019-08-08,2019
0.1,NQH9,opening_hour_rth,POC_ATOMIC,26895,26895,6723.875,1381.165644561836512300908586,1,e48a40b971d5b4a98679,R05,2019-01-30,2019
0.1,NQZ9,prior_rth,POC_ATOMIC,32925,32925,8231.375,3217.923032763590039131834797,1,e49acfc9c84e3e77b412,R01,2019-11-11,2019
0.1,NQZ9,prior_rth,POC_ATOMIC,32925,32925,8231.375,3217.923032763590039131834797,1,e49acfc9c84e3e77b412,R02,2019-11-11,2019
0.05,NQM9,prior_rth,POC_ATOMIC,29563,29563,7390.875,3882.807394511270874173014434,1,e4b84ffb20c06060e6a9,R01,2019-04-01,2019
0.05,NQM9,prior_rth,POC_ATOMIC,29563,29563,7390.875,3882.807394511270874173014434,1,e4b84ffb20c06060e6a9,R02,2019-04-01,2019
0.2,NQZ9,opening_hour_rth,POC_ATOMIC,15924,15924,7962.25,2248.117918046865415286467918,1,e5343f31a256186dbe0c,R05,2019-09-19,2019
0.05,NQH9,midnight,POC_ATOMIC,28637,28637,7159.375,1026.451137751137751137751138,1,e54f0eed75fd5295ff0b,R04,2019-03-06,2019
0.2,NQH9,midnight,POC_ATOMIC,28381,28381,7095.375,921.5725885225885225885225885,1,e55eeb2173486a7f4a76,R04,2019-03-07,2019
0.1,NQU9,midnight,POC_ATOMIC,31792,31792,7948.125,1215.236613338352468787251396,1,e56f66048e92f5449c5a,R04,2019-07-11,2019
0.2,NQM9,midnight,POC_ATOMIC,30179,30179,7544.875,828.0118352407826092036618352,1,e56feeb8631894828c91,R04,2019-06-11,2019
0.1,NQZ9,prior_rth,POC_ATOMIC,30589,30589,7647.375,2308.687474680544594654971317,1,e581682c21c729ec0387,R01,2019-10-09,2019
0.1,NQZ9,prior_rth,POC_ATOMIC,30589,30589,7647.375,2308.687474680544594654971317,1,e581682c21c729ec0387,R02,2019-10-09,2019
0.1,NQU9,opening_hour_rth,POC_ATOMIC,31175,31175,7793.875,1320.641938888649414965204439,1,e5858712aba633057129,R05,2019-07-09,2019
0.1,NQH0,full_overnight,POC_ATOMIC,34680,34680,8670.125,1430.705952380952380952380952,1,e590260f1d3b3f42f202,R03,2019-12-20,2019
0.05,NQM9,prior_rth,POC_ATOMIC,30507,30507,7626.875,3309.247625546967652230810126,1,e596d25c73ee71872bfe,R01,2019-04-12,2019
0.05,NQM9,prior_rth,POC_ATOMIC,30507,30507,7626.875,3309.247625546967652230810126,1,e596d25c73ee71872bfe,R02,2019-04-12,2019
0.05,NQU9,prior_rth,POC_ATOMIC,30944,30944,7736.125,3815.225852918589078971885671,1,e5e99b6a4485ff1aed14,R01,2019-08-20,2019
0.05,NQU9,prior_rth,POC_ATOMIC,30944,30944,7736.125,3815.225852918589078971885671,1,e5e99b6a4485ff1aed14,R02,2019-08-20,2019
0.1,NQM9,prior_rth,POC_ATOMIC,29761,29761,7440.375,2911.19931846797763684521544,1,e5ef002ac87bafa37f13,R01,2019-05-15,2019
0.1,NQM9,prior_rth,POC_ATOMIC,29761,29761,7440.375,2911.19931846797763684521544,1,e5ef002ac87bafa37f13,R02,2019-05-15,2019
0.05,NQZ9,midnight,POC_ATOMIC,33214,33214,8303.625,1327.448054035350776006726065,1,e5f8357ec15ae021cdef,R04,2019-12-04,2019
0.05,NQU9,prior_rth,POC_ATOMIC,30797,30797,7699.375,2485.426762902664220764787408,1,e60653b3a14186216672,R01,2019-06-19,2019
0.05,NQU9,prior_rth,POC_ATOMIC,30797,30797,7699.375,2485.426762902664220764787408,1,e60653b3a14186216672,R02,2019-06-19,2019
0.2,NQM9,opening_hour_rth,POC_ATOMIC,15566,15566,7783.25,3370.937778887778887778887779,1,e60f1e59e45437261d59,R05,2019-04-26,2019
0.2,NQU9,opening_hour_rth,POC_ATOMIC,15508,15508,7754.25,2333.16920995670995670995671,1,e64b03e66a5c4513badd,R05,2019-08-21,2019
0.2,NQU9,opening_hour_rth,POC_ATOMIC,15927,15927,7963.75,3201.72811624649859943977591,1,e6628849c1fdd6d7f11c,R05,2019-07-30,2019
0.05,NQM9,prior_rth,POC_ATOMIC,29324,29324,7331.125,2252.303201332663238707120791,1,e68c1774460a779c26c1,R01,2019-03-28,2019
0.05,NQM9,prior_rth,POC_ATOMIC,29324,29324,7331.125,2252.303201332663238707120791,1,e68c1774460a779c26c1,R02,2019-03-28,2019
0.1,NQU9,midnight,POC_ATOMIC,31857,31857,7964.375,1082.397587135087135087135087,1,e6dba7ac5639079e7413,R04,2019-07-19,2019
0.1,NQU9,full_overnight,POC_ATOMIC,29982,29982,7495.625,948.6477726481566520312224782,1,e6e69c7ee61e1042f2dd,R03,2019-08-07,2019
0.2,NQH9,midnight,POC_ATOMIC,26962,26962,6740.625,1410.694508985638017896082412,1,e70d1e52b5f38de38ef9,R04,2019-01-22,2019
0.2,NQM9,prior_rth,POC_ATOMIC,30714,30714,7678.625,5984.935086390217969165337586,1,e76c24b5de127b3f5529,R01,2019-04-17,2019
0.2,NQM9,prior_rth,POC_ATOMIC,30714,30714,7678.625,5984.935086390217969165337586,1,e76c24b5de127b3f5529,R02,2019-04-17,2019
0.2,NQU9,prior_rth,POC_ATOMIC,10413,10413,7810.125,3813.239926739926739926739927,1,e77841076fdf72ec42ee,R01,2019-07-08,2019
0.2,NQU9,prior_rth,POC_ATOMIC,10413,10413,7810.125,3813.239926739926739926739927,1,e77841076fdf72ec42ee,R02,2019-07-08,2019
0.1,NQU9,opening_hour_rth,POC_ATOMIC,31755,31755,7938.875,1784.957561609798451903715062,1,e79df6eb4ffdbc02548e,R05,2019-07-11,2019
0.2,NQZ9,midnight,POC_ATOMIC,33189,33189,8297.375,3317.668295110686415034241121,1,e7d847b6935185b6e6c2,R04,2019-11-15,2019
0.1,NQU9,midnight,POC_ATOMIC,30974,30974,7743.625,1148.628986578177876570761032,1,e81e299303d6e3a59ed5,R04,2019-06-21,2019
0.2,NQZ9,opening_hour_rth,POC_ATOMIC,15511,15511,7755.75,2564.199494949494949494949495,1,e830b9b33972680b7388,R05,2019-09-27,2019
0.1,NQU9,prior_rth,POC_ATOMIC,31562,31562,7890.625,2049.977305172579772122106218,1,e8359390af9a48ce481a,R01,2019-07-19,2019
0.1,NQU9,prior_rth,POC_ATOMIC,31562,31562,7890.625,2049.977305172579772122106218,1,e8359390af9a48ce481a,R02,2019-07-19,2019
0.2,NQH9,full_overnight,POC_ATOMIC,28398,28398,7099.625,1076.462342129834389896309401,1,e846f1429c0c7eb576da,R03,2019-03-07,2019
0.2,NQZ9,midnight,POC_ATOMIC,33547,33547,8386.875,1244.100793650793650793650794,1,e85f91b7082c54c9e7e9,R04,2019-12-09,2019
0.1,NQU9,prior_rth,POC_ATOMIC,15224,15224,7612.25,4844.234517750246326681866141,1,e899eb08f6fe6cefa7f7,R01,2019-09-04,2019
0.1,NQU9,prior_rth,POC_ATOMIC,15224,15224,7612.25,4844.234517750246326681866141,1,e899eb08f6fe6cefa7f7,R02,2019-09-04,2019
0.05,NQU9,full_overnight,POC_ATOMIC,29982,29982,7495.625,948.6477726481566520312224782,1,e8d1c01bd3f75680cc05,R03,2019-08-07,2019
0.1,NQH0,midnight,POC_ATOMIC,34936,34936,8734.125,790.5145370968900380665086547,1,e8d82c198808ef65c101,R04,2019-12-23,2019
0.2,NQH9,full_overnight,POC_ATOMIC,13128,13128,6564.25,2995.023087781783433957347001,1,e8e6c43f4bc242fcc7e8,R03,2019-01-10,2019
0.1,NQU9,full_overnight,POC_ATOMIC,30716,30716,7679.125,1659.110719917337564396387926,1,e8f8db67478c812cca18,R03,2019-06-19,2019
0.2,NQZ9,opening_hour_rth,POC_ATOMIC,10575,10575,7931.625,4958.142032967032967032967033,1,e91f257293b6a344b8bf,R05,2019-09-20,2019
0.05,NQZ9,prior_rth,POC_ATOMIC,31526,31526,7881.625,2927.404168800564745711044089,1,e91ff7eaaf604fccf50e,R01,2019-10-14,2019
0.05,NQZ9,prior_rth,POC_ATOMIC,31526,31526,7881.625,2927.404168800564745711044089,1,e91ff7eaaf604fccf50e,R02,2019-10-14,2019
0.1,NQM9,midnight,POC_ATOMIC,30719,30719,7679.875,1653.970384586174059858270385,1,e938d53a99f23ecba6a3,R04,2019-04-16,2019
0.2,NQH0,prior_rth,POC_ATOMIC,34531,34531,8632.875,3960.581084520055108290402408,1,e941a5a18829033d6eee,R01,2019-12-19,2019
0.2,NQH0,prior_rth,POC_ATOMIC,34531,34531,8632.875,3960.581084520055108290402408,1,e941a5a18829033d6eee,R02,2019-12-19,2019
0.05,NQM9,opening_hour_rth,POC_ATOMIC,30691,30690,7672.625,3428.847795595209388312836588,2,e945339126277d4e3614,R05,2019-04-16,2019
0.1,NQM9,full_overnight,POC_ATOMIC,31225,31225,7806.375,1343.501184926184926184926185,1,e97f8e25f659af88f920,R03,2019-04-26,2019
0.05,NQZ9,opening_hour_rth,POC_ATOMIC,31528,31528,7882.125,1038.169427365040464562809652,1,e992ae2ce76537d6c3db,R05,2019-10-11,2019
0.2,NQZ9,opening_hour_rth,POC_ATOMIC,31510,31510,7877.625,1055.14916324102674238801621,1,e9c43f1f66d8e0170f12,R05,2019-10-23,2019
0.1,NQH9,opening_hour_rth,POC_ATOMIC,27723,27723,6930.875,1526.516404580718546026913515,1,e9eeed3c4fa53e4804ad,R05,2019-02-07,2019
0.05,NQM9,prior_rth,POC_ATOMIC,30909,30909,7727.375,2909.80492802048563254647519,1,e9f4258a21f202385e22,R01,2019-05-03,2019
0.05,NQM9,prior_rth,POC_ATOMIC,30909,30909,7727.375,2909.80492802048563254647519,1,e9f4258a21f202385e22,R02,2019-05-03,2019
0.1,NQZ9,full_overnight,POC_ATOMIC,30777,30777,7694.375,1046.81264997996177341077751,1,ea08ade7258b5fe2cabf,R03,2019-10-08,2019
0.2,NQM9,prior_rth,POC_ATOMIC,31374,31374,7843.625,4698.980608540770023496152692,1,ea301a21208b93d8c580,R01,2019-04-26,2019
0.2,NQM9,prior_rth,POC_ATOMIC,31374,31374,7843.625,4698.980608540770023496152692,1,ea301a21208b93d8c580,R02,2019-04-26,2019
0.05,NQM9,full_overnight,POC_ATOMIC,29447,29447,7361.875,1076.373062243054503116422621,1,ea3635192ac6423bc908,R03,2019-05-14,2019
0.05,NQZ9,opening_hour_rth,POC_ATOMIC,32779,32779,8194.875,2068.404853058280168254592807,1,ea4539ac4fd8300c6002,R05,2019-11-06,2019
0.2,NQM9,midnight,POC_ATOMIC,31225,31225,7806.375,1225.49801032301032301032301,1,ea59b80f182701071981,R04,2019-04-26,2019
0.1,NQU9,full_overnight,POC_ATOMIC,31974,31974,7993.625,2119.657996952446667816686792,1,ea70899fd7a6ee66481e,R03,2019-07-31,2019
0.05,NQU9,prior_rth,POC_ATOMIC,30251,30251,7562.875,2300.964767048056521740732267,1,ea73ff1fc2ad78c31471,R01,2019-06-18,2019
0.05,NQU9,prior_rth,POC_ATOMIC,30251,30251,7562.875,2300.964767048056521740732267,1,ea73ff1fc2ad78c31471,R02,2019-06-18,2019
0.05,NQH9,midnight,POC_ATOMIC,27813,27813,6953.375,1163.192099464003488771290629,1,ea8b02531f165684a68b,R04,2019-02-07,2019
0.05,NQM9,midnight,POC_ATOMIC,30980,30980,7745.125,818.6154249519080557879056002,1,eae290fe5352cc3082af,R04,2019-05-07,2019
0.2,NQZ9,prior_rth,POC_ATOMIC,33563,33563,8390.875,1857.439575702075702075702076,1,eb0584efe9a1ad9cff8a,R01,2019-12-10,2019
0.2,NQZ9,prior_rth,POC_ATOMIC,33563,33563,8390.875,1857.439575702075702075702076,1,eb0584efe9a1ad9cff8a,R02,2019-12-10,2019
0.05,NQZ9,opening_hour_rth,POC_ATOMIC,31341,31341,7835.375,762.0439934953247646746098758,1,eb2c407b88615cc6d301,R05,2019-10-01,2019
0.05,NQU9,opening_hour_rth,POC_ATOMIC,30802,30802,7700.625,1303.279314458126643589889197,1,eb359e5763446e56a0e3,R05,2019-06-26,2019
0.2,NQM9,full_overnight,POC_ATOMIC,7745,7745,7745.5,4157.97483660130718954248366,1,eb45f697411c09edf305,R03,2019-05-07,2019
0.1,NQU9,opening_hour_rth,POC_ATOMIC,31072,31072,7768.125,1513.740792658725961811261267,1,eb5ee5dfee20e40cc150,R05,2019-06-24,2019
0.2,NQU9,opening_hour_rth,POC_ATOMIC,15401,15401,7700.75,2488.732825507825507825507826,1,eb74113b126492fd8043,R05,2019-06-26,2019
0.2,NQM9,midnight,POC_ATOMIC,29198,29198,7299.625,1033.42774650123262402488643,1,eb859f340045a2db3ba2,R04,2019-03-15,2019
0.05,NQH9,full_overnight,POC_ATOMIC,27728,27728,6932.125,680.1148315452663278750235272,1,eba11d31e5565b2538d3,R03,2019-02-05,2019
0.05,NQU9,midnight,POC_ATOMIC,31312,31312,7828.125,1348.461848832568646810132878,1,ebad19d43f5700bb1a11,R04,2019-09-11,2019
0.1,NQM9,opening_hour_rth,POC_ATOMIC,29131,29131,7282.875,1304.308243748781514801967284,1,ebbc90e1ac746db81b3f,R05,2019-03-14,2019
0.2,NQZ9,prior_rth,POC_ATOMIC,10196,10196,7647.375,6562.377262258969576042746774,1,ebc07e43c3c060d00798,R01,2019-10-09,2019
0.2,NQZ9,prior_rth,POC_ATOMIC,10196,10196,7647.375,6562.377262258969576042746774,1,ebc07e43c3c060d00798,R02,2019-10-09,2019
0.1,NQU9,prior_rth,POC_ATOMIC,15016,15016,7508.25,4666.500339457440850629705119,1,ebc568385922f4196a41,R01,2019-08-07,2019
0.1,NQU9,prior_rth,POC_ATOMIC,15016,15016,7508.25,4666.500339457440850629705119,1,ebc568385922f4196a41,R02,2019-08-07,2019
0.05,NQU9,full_overnight,POC_ATOMIC,30359,30359,7589.875,1236.598842444722302497862351,1,ebcbe7ab41b5a8ca7762,R03,2019-08-08,2019
0.05,NQZ9,full_overnight,POC_ATOMIC,33663,33663,8415.875,1030.073376623376623376623377,1,ebf77c785c734c2bb593,R03,2019-11-27,2019
0.2,NQM9,prior_rth,POC_ATOMIC,15186,15186,7593.25,7308.864422799422799422799423,1,ebf8e130047d10d1fcb8,R01,2019-04-10,2019
0.2,NQM9,prior_rth,POC_ATOMIC,15186,15186,7593.25,7308.864422799422799422799423,1,ebf8e130047d10d1fcb8,R02,2019-04-10,2019
0.2,NQH9,opening_hour_rth,POC_ATOMIC,14114,14114,7057.25,2734.216870921476184634079371,1,ebfed9fd1b0d2bab0f40,R05,2019-02-13,2019
0.2,NQZ9,prior_rth,POC_ATOMIC,33763,33763,8440.875,2497.96038961038961038961039,1,ec1c0e14c2709a1a603f,R01,2019-12-02,2019
0.2,NQZ9,prior_rth,POC_ATOMIC,33763,33763,8440.875,2497.96038961038961038961039,1,ec1c0e14c2709a1a603f,R02,2019-12-02,2019
0.1,NQM9,prior_rth,POC_ATOMIC,29383,29383,7345.875,2951.235021803101095654209889,1,ec1eae6609ed59171646,R01,2019-03-26,2019
0.1,NQM9,prior_rth,POC_ATOMIC,29383,29383,7345.875,2951.235021803101095654209889,1,ec1eae6609ed59171646,R02,2019-03-26,2019
0.05,NQM9,opening_hour_rth,POC_ATOMIC,29892,29892,7473.125,762.6727441172028154602981241,1,ec20eafa73680a1404d7,R05,2019-06-14,2019
0.1,NQZ9,opening_hour_rth,POC_ATOMIC,33444,33444,8361.125,1303.906799610353794262538981,1,ec308809d5abd411fc59,R05,2019-12-10,2019
0.05,NQU9,opening_hour_rth,POC_ATOMIC,30192,30189,7547.375,3691.443196852695701647410645,4,ec343e8be508399beb69,R05,2019-08-26,2019
0.1,NQM9,opening_hour_rth,POC_ATOMIC,31331,31331,7832.875,2099.212981964715710845741805,1,ec38a8cb2c91ec4ea4b5,R05,2019-04-24,2019
0.05,NQM9,midnight,POC_ATOMIC,28963,28963,7240.875,611.384706959706959706959707,1,ec41e7f04ad7fddcc933,R04,2019-03-13,2019
0.1,NQH9,prior_rth,POC_ATOMIC,12869,12869,6434.75,4828.06741068248841838827032,1,ec7007e4c860c0ad5854,R01,2019-01-07,2019
0.1,NQH9,prior_rth,POC_ATOMIC,12869,12869,6434.75,4828.06741068248841838827032,1,ec7007e4c860c0ad5854,R02,2019-01-07,2019
0.05,NQH9,full_overnight,POC_ATOMIC,26258,26258,6564.625,1527.42034889326584036504618,1,ec7b6845a78f14878546,R03,2019-01-10,2019
0.05,NQZ9,prior_rth,POC_ATOMIC,33089,33089,8272.375,3410.523459260569521540603961,1,ec7ddfc981a1a1cafbf8,R01,2019-11-22,2019
0.05,NQZ9,prior_rth,POC_ATOMIC,33089,33089,8272.375,3410.523459260569521540603961,1,ec7ddfc981a1a1cafbf8,R02,2019-11-22,2019
0.05,NQM9,full_overnight,POC_ATOMIC,30515,30515,7628.875,1190.5644976776952073007199,1,ecaa41bf0106019a648b,R03,2019-05-08,2019
0.2,NQU9,prior_rth,POC_ATOMIC,15841,15841,7920.75,3947.110933021227138874197698,1,ed19f66318632b3fa005,R01,2019-07-22,2019
0.2,NQU9,prior_rth,POC_ATOMIC,15841,15841,7920.75,3947.110933021227138874197698,1,ed19f66318632b3fa005,R02,2019-07-22,2019
0.2,NQM9,opening_hour_rth,POC_ATOMIC,7568,7568,7568.5,2629.241819291819291819291819,1,ed2289853f0969f1c91b,R05,2019-05-10,2019
0.2,NQM9,midnight,POC_ATOMIC,29562,29562,7390.625,847.1388444888444888444888445,1,ed28a82dff9c87a28ad9,R04,2019-03-19,2019
0.2,NQZ9,full_overnight,POC_ATOMIC,31241,31241,7810.375,1183.308417138417138417138417,1,ed325d1350d8ffd4445c,R03,2019-09-26,2019
0.05,NQM9,opening_hour_rth,POC_ATOMIC,30796,30796,7699.125,898.4610416054533701592525122,1,ed911b5d578362b356a6,R05,2019-04-22,2019
0.1,NQH9,prior_rth,POC_ATOMIC,27778,27778,6944.625,3535.302115225787658147329705,1,edb586bb7917cd1a02d4,R01,2019-02-05,2019
0.1,NQH9,prior_rth,POC_ATOMIC,27778,27778,6944.625,3535.302115225787658147329705,1,edb586bb7917cd1a02d4,R02,2019-02-05,2019
0.05,NQU9,opening_hour_rth,POC_ATOMIC,30938,30938,7734.625,1155.675552525990356452915179,1,edcbd051eaa4d5c6572e,R05,2019-08-30,2019
0.2,NQM9,midnight,POC_ATOMIC,14323,14323,7161.75,2390.780741480741480741480741,1,edd99a9e531858f3370a,R04,2019-05-31,2019
0.05,NQH9,full_overnight,POC_ATOMIC,28391,28391,7097.875,961.6795621045621045621045621,1,edf9311b5bb33fdb3955,R03,2019-02-26,2019
0.1,NQZ9,opening_hour_rth,POC_ATOMIC,33142,33142,8285.625,1243.931426662516057381235951,1,ee1784ab1bec1ae6f6f6,R05,2019-11-22,2019
0.2,NQH9,prior_rth,POC_ATOMIC,13578,13578,6789.25,8013.234058996558996558996559,1,ee17fd2a0bf03cbd99a4,R01,2019-01-28,2019
0.2,NQH9,prior_rth,POC_ATOMIC,13578,13578,6789.25,8013.234058996558996558996559,1,ee17fd2a0bf03cbd99a4,R02,2019-01-28,2019
0.2,NQU9,prior_rth,POC_ATOMIC,16053,16053,8026.75,6295.912784437784437784437784,1,ee1be0411330e9bbf979,R01,2019-07-29,2019
0.2,NQU9,prior_rth,POC_ATOMIC,16053,16053,8026.75,6295.912784437784437784437784,1,ee1be0411330e9bbf979,R02,2019-07-29,2019
0.2,NQM9,midnight,POC_ATOMIC,30274,30274,7568.625,1878.438922188922188922188922,1,ee2c3353816b2f0b432f,R04,2019-04-04,2019
0.2,NQU9,opening_hour_rth,POC_ATOMIC,10125,10125,7594.125,3091.805159590600094032588312,1,ee2fb8044a49a91775cf,R05,2019-08-12,2019
0.2,NQZ9,full_overnight,POC_ATOMIC,31618,31618,7904.625,1727.793712659889130477365771,1,ee3e401bb399ee2b884a,R03,2019-10-21,2019
0.1,NQZ9,full_overnight,POC_ATOMIC,30558,30558,7639.625,1017.976397629830124109300311,1,ee409a8fe54f03282f52,R03,2019-10-04,2019
0.1,NQZ9,midnight,POC_ATOMIC,30558,30558,7639.625,975.5847892382217325009087023,1,ee47599602dbea47cc8e,R04,2019-10-04,2019
0.1,NQM9,midnight,POC_ATOMIC,10062,10062,7546.875,2382.926996005818862192532942,1,ee5f11538c913a0e8d40,R04,2019-05-10,2019
0.05,NQH9,midnight,POC_ATOMIC,28405,28405,7101.375,1045.679757660640013581190052,1,ee6221e1659966f3f435,R04,2019-02-27,2019
0.2,NQZ9,opening_hour_rth,POC_ATOMIC,15505,15505,7752.75,1824.214525691699604743083004,1,ee6b379556e635500890,R05,2019-10-07,2019
0.2,NQU9,prior_rth,POC_ATOMIC,31889,31889,7972.375,3148.077231779079268647178191,1,ee7c11ee41e5f29d8b73,R01,2019-07-16,2019
0.2,NQU9,prior_rth,POC_ATOMIC,31889,31889,7972.375,3148.077231779079268647178191,1,ee7c11ee41e5f29d8b73,R02,2019-07-16,2019
0.1,NQH9,prior_rth,POC_ATOMIC,26421,26421,6605.375,2778.31203788845202318821886,1,eea01511b151dca375f8,R01,2019-01-10,2019
0.1,NQH9,prior_rth,POC_ATOMIC,26421,26421,6605.375,2778.31203788845202318821886,1,eea01511b151dca375f8,R02,2019-01-10,2019
0.05,NQU9,opening_hour_rth,POC_ATOMIC,31033,31033,7758.375,1206.605386882022471273686074,1,eea08a29f7e55c5fd996,R05,2019-06-21,2019
0.05,NQZ9,opening_hour_rth,POC_ATOMIC,33556,33556,8389.125,1127.580167055167055167055167,1,eea0af44f2921d92de4a,R05,2019-12-11,2019
0.2,NQU9,opening_hour_rth,POC_ATOMIC,15262,15262,7631.25,3182.246463112554255044627317,1,eea17fc14601876f7a91,R05,2019-08-27,2019
0.1,NQZ9,prior_rth,POC_ATOMIC,33283,33283,8320.875,1920.874364524364524364524365,1,eea5e2c3f0631f3d51dd,R01,2019-11-19,2019
0.1,NQZ9,prior_rth,POC_ATOMIC,33283,33283,8320.875,1920.874364524364524364524365,1,eea5e2c3f0631f3d51dd,R02,2019-11-19,2019
0.2,NQM9,midnight,POC_ATOMIC,15146,15146,7573.25,1828.395856920856920856920857,1,eeab707d171de2241e8e,R04,2019-05-09,2019
0.1,NQH9,full_overnight,POC_ATOMIC,28068,28068,7017.125,853.393253968253968253968254,1,eecbef2c09e3d522e795,R03,2019-02-06,2019
0.05,NQH9,midnight,POC_ATOMIC,26286,26286,6571.625,1305.025271950271950271950272,1,eecd00ea3e06155c6d0b,R04,2019-01-15,2019
0.1,NQZ9,opening_hour_rth,POC_ATOMIC,33041,33041,8260.375,1399.999164724164724164724165,1,eedd0629600a3309c8a5,R05,2019-11-13,2019
0.2,NQH9,opening_hour_rth,POC_ATOMIC,13153,13153,6576.75,1907.205498456402281429745726,1,eee5b6c47bd652349a3e,R05,2019-01-08,2019
0.1,NQM9,prior_rth,POC_ATOMIC,29767,29767,7441.875,4057.190054454038202814535784,1,ef04d4201e2ee00a6ccf,R01,2019-05-23,2019
0.1,NQM9,prior_rth,POC_ATOMIC,29767,29767,7441.875,4057.190054454038202814535784,1,ef04d4201e2ee00a6ccf,R02,2019-05-23,2019
0.2,NQH9,opening_hour_rth,POC_ATOMIC,14035,14035,7017.75,3370.068100539811066126855601,1,ef18a7c05d54b71c5920,R05,2019-02-21,2019
0.1,NQU9,midnight,POC_ATOMIC,31312,31312,7828.125,1348.461848832568646810132878,1,ef4ad86313bbbd182309,R04,2019-09-11,2019
0.2,NQM9,prior_rth,POC_ATOMIC,10341,10341,7756.125,7503.786027861027861027861028,1,efb66ae87e597b56405a,R01,2019-05-07,2019
0.2,NQM9,prior_rth,POC_ATOMIC,10341,10341,7756.125,7503.786027861027861027861028,1,efb66ae87e597b56405a,R02,2019-05-07,2019
0.05,NQZ9,opening_hour_rth,POC_ATOMIC,33073,33073,8268.375,2004.653636855031378357950366,1,efd52686c3cfb56d4cb2,R05,2019-11-12,2019
0.1,NQM9,opening_hour_rth,POC_ATOMIC,31368,31368,7842.125,1840.418130843297083706290867,1,efdfeb837f9f72304bdd,R05,2019-05-01,2019
0.1,NQU9,midnight,POC_ATOMIC,31923,31923,7980.875,733.4761967607555842849960497,1,eff86952cae87e97d4cb,R04,2019-07-15,2019
0.1,NQH0,opening_hour_rth,POC_ATOMIC,34775,34775,8693.875,1861.792570991100402865108747,1,f005e35aacec043701dc,R05,2019-12-20,2019
0.2,NQH9,prior_rth,POC_ATOMIC,14006,14006,7003.25,6813.450674880674880674880675,1,f02dc829469c70a91156,R01,2019-02-07,2019
0.2,NQH9,prior_rth,POC_ATOMIC,14006,14006,7003.25,6813.450674880674880674880675,1,f02dc829469c70a91156,R02,2019-02-07,2019
0.1,NQZ9,prior_rth,POC_ATOMIC,30888,30888,7722.125,2051.815621047108751399021125,1,f04c728cc7bb076568c2,R01,2019-10-02,2019
0.1,NQZ9,prior_rth,POC_ATOMIC,30888,30888,7722.125,2051.815621047108751399021125,1,f04c728cc7bb076568c2,R02,2019-10-02,2019
0.2,NQM9,midnight,POC_ATOMIC,29393,29393,7348.375,1025.214285714285714285714286,1,f067192a9af11ab204ff,R04,2019-03-18,2019
0.2,NQZ9,prior_rth,POC_ATOMIC,33538,33538,8384.625,2371.673419717537364596188126,1,f07a108446408d044426,R01,2019-12-12,2019
0.2,NQZ9,prior_rth,POC_ATOMIC,33538,33538,8384.625,2371.673419717537364596188126,1,f07a108446408d044426,R02,2019-12-12,2019
0.05,NQZ9,opening_hour_rth,POC_ATOMIC,32875,32875,8218.875,1196.256219270925153278094455,1,f07a28391a0e54ce3df8,R05,2019-11-05,2019
0.05,NQZ9,full_overnight,POC_ATOMIC,31597,31597,7899.375,834.4639919240872053939204574,1,f07ed6678d3b6affe23f,R03,2019-09-19,2019
0.05,NQH9,prior_rth,POC_ATOMIC,28394,28394,7098.625,1986.234659474282252179018082,1,f08a1d1f65978015cb8e,R01,2019-03-05,2019
0.05,NQH9,prior_rth,POC_ATOMIC,28394,28394,7098.625,1986.234659474282252179018082,1,f08a1d1f65978015cb8e,R02,2019-03-05,2019
0.2,NQU9,opening_hour_rth,POC_ATOMIC,4418,4418,7732.375,6275.081204906204906204906205,1,f0c9646a88e08720e173,R05,2019-08-02,2019
0.2,NQZ9,opening_hour_rth,POC_ATOMIC,15469,15469,7734.75,2097.447428407585726327176396,1,f0d5ff2e48d9a0bf90f7,R05,2019-09-30,2019
0.2,NQZ9,full_overnight,POC_ATOMIC,32876,32876,8219.125,753.9603535353535353535353535,1,f0e4c3fb8a850722ca0f,R03,2019-11-04,2019
0.1,NQH9,full_overnight,POC_ATOMIC,25702,25702,6425.625,996.0818243452453978769768243,1,f0e9f17dce65430ab477,R03,2019-01-07,2019
0.05,NQZ9,midnight,POC_ATOMIC,33118,33118,8279.625,848.5395582624866512334543025,1,f12680b2638af2e40fd1,R04,2019-11-21,2019
0.2,NQU9,prior_rth,POC_ATOMIC,15445,15445,7722.75,3597.902989983872336813513284,1,f196b5246ded9e74cacd,R01,2019-08-23,2019
0.2,NQU9,prior_rth,POC_ATOMIC,15445,15445,7722.75,3597.902989983872336813513284,1,f196b5246ded9e74cacd,R02,2019-08-23,2019
0.1,NQZ9,midnight,POC_ATOMIC,31748,31748,7937.125,1015.737910411101900463602591,1,f1f02e55c57b5c363874,R04,2019-09-20,2019
0.05,NQU9,prior_rth,POC_ATOMIC,31482,31482,7870.625,3851.909929728808447343916451,1,f204b0ff9aa20c8b3247,R01,2019-09-09,2019
0.05,NQU9,prior_rth,POC_ATOMIC,31482,31482,7870.625,3851.909929728808447343916451,1,f204b0ff9aa20c8b3247,R02,2019-09-09,2019
0.1,NQM9,full_overnight,POC_ATOMIC,29464,29464,7366.125,1142.629365079365079365079365,1,f20d64ec02e03166154b,R03,2019-03-19,2019
0.2,NQH9,opening_hour_rth,POC_ATOMIC,14258,14258,7129.25,2537.275144300144300144300144,1,f21c92fa887d65ff4dea,R05,2019-02-26,2019
0.05,NQZ9,midnight,POC_ATOMIC,33256,33256,8314.125,1888.699674560046077073940851,1,f26190267f3dd5b3da44,R04,2019-11-18,2019
0.2,NQM9,full_overnight,POC_ATOMIC,14488,14488,7244.25,2401.14176907322068612391193,1,f277b58721341bbe452e,R03,2019-05-30,2019
0.05,NQU9,midnight,POC_ATOMIC,31520,31520,7880.125,752.2259648780338435510849304,1,f2a5482003e4331aa746,R04,2019-07-22,2019
0.05,NQZ9,opening_hour_rth,POC_ATOMIC,31325,31325,7831.375,1402.811567477777798445864237,1,f2c0b43e82d4e69f96da,R05,2019-09-23,2019
0.2,NQZ9,full_overnight,POC_ATOMIC,31470,31470,7867.625,1341.001014369682357669788103,1,f2c2cc3761c5aeac8b0a,R03,2019-09-17,2019
0.05,NQH9,opening_hour_rth,POC_ATOMIC,28032,28032,7008.125,1673.757055759944775963082599,1,f2d5a1ca2ac14ab7013b,R05,2019-02-05,2019
0.05,NQZ9,opening_hour_rth,POC_ATOMIC,32781,32780,8195.125,3383.535341433828349222464532,2,f2d81194a7dc2d3d14d7,R05,2019-12-03,2019
0.2,NQU9,prior_rth,POC_ATOMIC,4285,4285,7499.625,17971.08178210678210678210678,1,f2ffc0b86e08082f5998,R01,2019-08-16,2019
0.2,NQU9,prior_rth,POC_ATOMIC,4285,4285,7499.625,17971.08178210678210678210678,1,f2ffc0b86e08082f5998,R02,2019-08-16,2019
0.05,NQH9,prior_rth,POC_ATOMIC,26720,26720,6680.125,3343.743262490136345728274122,1,f30d903980efec0da4a4,R01,2019-01-29,2019
0.05,NQH9,prior_rth,POC_ATOMIC,26720,26720,6680.125,3343.743262490136345728274122,1,f30d903980efec0da4a4,R02,2019-01-29,2019
0.1,NQM9,opening_hour_rth,POC_ATOMIC,29481,29481,7370.375,1400.027934346355398986977934,1,f348960ed4fa43ea6196,R05,2019-03-18,2019
0.2,NQU9,full_overnight,POC_ATOMIC,15472,15472,7736.25,2831.073214285714285714285714,1,f36b652dcbfd958da03d,R03,2019-08-20,2019
0.1,NQU9,full_overnight,POC_ATOMIC,30101,30101,7525.375,1625.762425425847505384620412,1,f375de4aabbd9fa6a04d,R03,2019-08-15,2019
0.05,NQU9,full_overnight,POC_ATOMIC,29881,29881,7470.375,1222.284865208096590695014843,1,f38b7b1489dc61bb331a,R03,2019-08-06,2019
0.1,NQH9,prior_rth,POC_ATOMIC,28037,28037,7009.375,2786.516065290059098108633712,1,f3a671b28f83e29702aa,R01,2019-02-13,2019
0.1,NQH9,prior_rth,POC_ATOMIC,28037,28037,7009.375,2786.516065290059098108633712,1,f3a671b28f83e29702aa,R02,2019-02-13,2019
0.2,NQZ9,opening_hour_rth,POC_ATOMIC,15561,15561,7780.75,2539.201944868856633562515915,1,f41951f247b0df205639,R05,2019-09-26,2019
0.2,NQZ9,prior_rth,POC_ATOMIC,15264,15264,7632.25,3538.293604421893895578106104,1,f4197d294de173567ccd,R01,2019-10-04,2019
0.2,NQZ9,prior_rth,POC_ATOMIC,15264,15264,7632.25,3538.293604421893895578106104,1,f4197d294de173567ccd,R02,2019-10-04,2019
0.05,NQH9,opening_hour_rth,POC_ATOMIC,28600,28600,7150.125,1475.284993669320306311408284,1,f44eed16950e0f49b0aa,R05,2019-03-05,2019
0.2,NQH0,full_overnight,POC_ATOMIC,35305,35305,8826.375,1420.100045787545787545787546,1,f47a30a88a2a0ab2b358,R03,2019-12-27,2019
0.05,NQH9,midnight,POC_ATOMIC,27461,27461,6865.375,1182.575918525918525918525919,1,f489d762e4049b7b6046,R04,2019-01-31,2019
0.05,NQM9,opening_hour_rth,POC_ATOMIC,29131,29131,7282.875,1304.308243748781514801967284,1,f48af74325690fb428e1,R05,2019-03-14,2019
0.05,NQH9,prior_rth,POC_ATOMIC,26421,26421,6605.375,2778.31203788845202318821886,1,f493ccf6d2a73a8ad716,R01,2019-01-10,2019
0.05,NQH9,prior_rth,POC_ATOMIC,26421,26421,6605.375,2778.31203788845202318821886,1,f493ccf6d2a73a8ad716,R02,2019-01-10,2019
0.1,NQH9,midnight,POC_ATOMIC,26379,26379,6594.875,601.1021503865931110513153857,1,f49d76e02c79298a9518,R04,2019-01-11,2019
0.2,NQH9,opening_hour_rth,POC_ATOMIC,13107,13107,6553.75,1918.809104053840895946159104,1,f4aacc6c5c99e08526c0,R05,2019-01-10,2019
0.05,NQM9,midnight,POC_ATOMIC,31099,31099,7774.875,871.6536428110896196002578981,1,f4b370a3915bdbdde2b4,R04,2019-05-03,2019
0.1,NQZ9,full_overnight,POC_ATOMIC,33454,33454,8363.625,1151.548921986421986421986422,1,f4b77c33cf670d7464fb,R03,2019-12-11,2019
0.2,NQZ9,full_overnight,POC_ATOMIC,31437,31437,7859.375,961.4564584842550735765119285,1,f4c4d08a0cdd85c47781,R03,2019-09-16,2019
0.05,NQZ9,opening_hour_rth,POC_ATOMIC,33007,33007,8251.875,1601.366160118342444362097074,1,f4e0df613b99c97d696a,R05,2019-11-14,2019
0.2,NQZ9,midnight,POC_ATOMIC,32220,32220,8055.125,849.5517704517704517704517705,1,f50705cf082b270f3fc1,R04,2019-10-30,2019
0.2,NQZ9,opening_hour_rth,POC_ATOMIC,16569,16569,8284.75,2436.193130562248209307032836,1,f508af41bbf12579a763,R05,2019-11-22,2019
0.1,NQZ9,opening_hour_rth,POC_ATOMIC,33080,33080,8270.125,1263.270645866679591802449329,1,f5398421e6f638770bac,R05,2019-11-21,2019
0.05,NQM9,midnight,POC_ATOMIC,29371,29371,7342.875,1542.945034418536873965506399,1,f550d383178cd6b6a8a2,R04,2019-05-23,2019
0.2,NQZ9,prior_rth,POC_ATOMIC,16549,16549,8274.75,4871.593506493506493506493506,1,f55479e1bfcc61cbdca2,R01,2019-11-25,2019
0.2,NQZ9,prior_rth,POC_ATOMIC,16549,16549,8274.75,4871.593506493506493506493506,1,f55479e1bfcc61cbdca2,R02,2019-11-25,2019
0.1,NQM9,midnight,POC_ATOMIC,31196,31196,7799.125,839.3641025641025641025641026,1,f58af649823cc4e27156,R04,2019-04-30,2019
0.2,NQM9,opening_hour_rth,POC_ATOMIC,14938,14938,7469.25,1963.89764460416496390419945,1,f591189ae8d4f8e52939,R05,2019-03-22,2019
0.05,NQM9,opening_hour_rth,POC_ATOMIC,30026,30026,7506.625,1354.118018085717655056183405,1,f59cae450bd94cc7f815,R05,2019-05-09,2019
0.1,NQU9,full_overnight,POC_ATOMIC,15268,15268,7634.25,2553.760623660430017755556667,1,f5c08be792865338f6dc,R03,2019-09-03,2019
0.1,NQU9,opening_hour_rth,POC_ATOMIC,31778,31778,7944.625,1291.119410971725213211281323,1,f5c536bbdad60a4377c7,R05,2019-07-12,2019
0.1,NQU9,prior_rth,POC_ATOMIC,31107,31107,7776.875,3003.006087210043299136473512,1,f5c6372c26f2d6219fcd,R01,2019-09-11,2019
0.1,NQU9,prior_rth,POC_ATOMIC,31107,31107,7776.875,3003.006087210043299136473512,1,f5c6372c26f2d6219fcd,R02,2019-09-11,2019
0.2,NQU9,full_overnight,POC_ATOMIC,30716,30716,7679.125,1659.110719917337564396387926,1,f5f58de21596151aa946,R03,2019-06-19,2019
0.1,NQH9,prior_rth,POC_ATOMIC,27450,27450,6862.625,2953.373911877832316975716271,1,f5fe75998e455c9c02d0,R01,2019-02-11,2019
0.1,NQH9,prior_rth,POC_ATOMIC,27450,27450,6862.625,2953.373911877832316975716271,1,f5fe75998e455c9c02d0,R02,2019-02-11,2019
0.2,NQH9,prior_rth,POC_ATOMIC,13273,13273,6636.75,5985.540857753357753357753358,1,f6155256ba2966dd6952,R01,2019-01-30,2019
0.2,NQH9,prior_rth,POC_ATOMIC,13273,13273,6636.75,5985.540857753357753357753358,1,f6155256ba2966dd6952,R02,2019-01-30,2019
0.1,NQU9,prior_rth,POC_ATOMIC,31150,31150,7787.625,2959.486486499879929309737165,1,f61ab4ff81b303cd8f89,R01,2019-07-05,2019
0.1,NQU9,prior_rth,POC_ATOMIC,31150,31150,7787.625,2959.486486499879929309737165,1,f61ab4ff81b303cd8f89,R02,2019-07-05,2019
0.2,NQZ9,midnight,POC_ATOMIC,33118,33118,8279.625,848.5395582624866512334543025,1,f61e2239d11e5ebeb129,R04,2019-11-21,2019
0.05,NQU9,prior_rth,POC_ATOMIC,30800,30800,7700.125,1979.065173979308745738003467,1,f62a633a49abffb0e652,R01,2019-08-09,2019
0.05,NQU9,prior_rth,POC_ATOMIC,30800,30800,7700.125,1979.065173979308745738003467,1,f62a633a49abffb0e652,R02,2019-08-09,2019
0.2,NQH0,opening_hour_rth,POC_ATOMIC,17386,17386,8693.25,3708.686652236652236652236652,1,f68212e3b495e51fe316,R05,2019-12-20,2019
0.1,NQU9,prior_rth,POC_ATOMIC,15396,15396,7698.25,4584.456413075293530701500341,1,f694f441b0acd59812ae,R01,2019-08-21,2019
0.1,NQU9,prior_rth,POC_ATOMIC,15396,15396,7698.25,4584.456413075293530701500341,1,f694f441b0acd59812ae,R02,2019-08-21,2019
0.2,NQH9,prior_rth,POC_ATOMIC,8905,8905,6679.125,9657.225355200355200355200355,1,f6b7df5e8620158057a4,R01,2019-01-29,2019
0.2,NQH9,prior_rth,POC_ATOMIC,8905,8905,6679.125,9657.225355200355200355200355,1,f6b7df5e8620158057a4,R02,2019-01-29,2019
0.05,NQM9,prior_rth,POC_ATOMIC,30026,30026,7506.625,2521.617414691614539039830459,1,f6e6eb7e167570411a92,R01,2019-05-10,2019
0.05,NQM9,prior_rth,POC_ATOMIC,30026,30026,7506.625,2521.617414691614539039830459,1,f6e6eb7e167570411a92,R02,2019-05-10,2019
0.1,NQZ9,opening_hour_rth,POC_ATOMIC,31706,31706,7926.625,1452.949492955146138616323029,1,f70a60d28bae24217b3e,R05,2019-10-16,2019
0.2,NQM9,opening_hour_rth,POC_ATOMIC,7542,7542,7542.5,4672.085317460317460317460317,1,f719acb758f520d4ee83,R05,2019-05-17,2019
0.2,NQM9,midnight,POC_ATOMIC,29948,29948,7487.125,1383.68200070225612021277656,1,f756e86732edd8605024,R04,2019-06-12,2019
0.2,NQZ9,opening_hour_rth,POC_ATOMIC,32896,32895,8223.875,1910.516876391490697241047872,2,f75a5c9b196a6a24079d,R05,2019-11-11,2019
0.05,NQZ9,full_overnight,POC_ATOMIC,33460,33460,8365.125,1585.76090992340992340992341,1,f768079d0c8e87f923af,R03,2019-12-10,2019
0.2,NQM9,midnight,POC_ATOMIC,29758,29758,7439.625,1189.337403057562231071451693,1,f76a9083783a0ac29a17,R04,2019-05-21,2019
0.05,NQZ9,prior_rth,POC_ATOMIC,33066,33066,8266.625,2927.606852438353986341602441,1,f77cb1f6f2f0b73b9f79,R01,2019-11-08,2019
0.05,NQZ9,prior_rth,POC_ATOMIC,33066,33066,8266.625,2927.606852438353986341602441,1,f77cb1f6f2f0b73b9f79,R02,2019-11-08,2019
0.2,NQH0,prior_rth,POC_ATOMIC,34912,34912,8728.125,3933.557126699465409142828498,1,f788e74fe9b6ae3e81f6,R01,2019-12-26,2019
0.2,NQH0,prior_rth,POC_ATOMIC,34912,34912,8728.125,3933.557126699465409142828498,1,f788e74fe9b6ae3e81f6,R02,2019-12-26,2019
0.1,NQH9,midnight,POC_ATOMIC,27947,27947,6986.875,544.6026589831736890560419972,1,f7dffd34793b38182f35,R04,2019-03-08,2019
0.1,NQM9,opening_hour_rth,POC_ATOMIC,28160,28160,7040.125,1409.631855559666280728899325,1,f7f1b3e18c63ff626cc6,R05,2019-06-04,2019
0.1,NQH0,midnight,POC_ATOMIC,34680,34680,8670.125,1372.777380952380952380952381,1,f811d0d281cd76feac6d,R04,2019-12-20,2019
0.2,NQZ9,midnight,POC_ATOMIC,33526,33526,8381.625,1132.975010095268715958371131,1,f830dd0bc423ab73973a,R04,2019-11-26,2019
0.1,NQU9,opening_hour_rth,POC_ATOMIC,15233,15233,7616.75,1716.961876173743359722585804,1,f84ac0350245ca8561da,R05,2019-08-14,2019
0.2,NQU9,full_overnight,POC_ATOMIC,15176,15176,7588.25,2688.789483527614663659544445,1,f8579014fec95eac6012,R03,2019-08-28,2019
0.05,NQM9,full_overnight,POC_ATOMIC,29484,29484,7371.125,1211.116135136158019453213961,1,f8618574ddf49e9b0040,R03,2019-03-27,2019
0.05,NQU9,midnight,POC_ATOMIC,31325,31325,7831.375,870.3427489177489177489177489,1,f86f74043f6fdfe190d3,R04,2019-07-10,2019
0.1,NQZ9,midnight,POC_ATOMIC,31384,31384,7846.125,1039.9143526897938662644545,1,f8896ed4fa8d87d7001b,R04,2019-10-11,2019
0.05,NQZ9,prior_rth,POC_ATOMIC,31402,31402,7850.625,2393.588494462717103718584402,1,f8bee255b4a289f333d4,R01,2019-09-24,2019
0.05,NQZ9,prior_rth,POC_ATOMIC,31402,31402,7850.625,2393.588494462717103718584402,1,f8bee255b4a289f333d4,R02,2019-09-24,2019
0.2,NQH9,opening_hour_rth,POC_ATOMIC,14067,14067,7033.75,1947.534239130434782608695652,1,f8f3dc02ebac69d74872,R05,2019-02-06,2019
0.2,NQU9,full_overnight,POC_ATOMIC,15385,15385,7692.75,2435.932256632256632256632257,1,f8fe9b535eefcba67125,R03,2019-09-04,2019
0.1,NQH9,midnight,POC_ATOMIC,27869,27869,6967.375,1393.998718907586184474056328,1,f90c58787441988d889f,R04,2019-02-12,2019
0.05,NQU9,prior_rth,POC_ATOMIC,31071,31071,7767.875,3557.145617572374404871469033,1,f91e09b61a9f10ba792b,R01,2019-06-25,2019
0.05,NQU9,prior_rth,POC_ATOMIC,31071,31071,7767.875,3557.145617572374404871469033,1,f91e09b61a9f10ba792b,R02,2019-06-25,2019
0.1,NQZ9,midnight,POC_ATOMIC,32870,32870,8217.625,1406.568217893217893217893218,1,f92df53e21b4c60525e7,R04,2019-11-06,2019
0.05,NQM9,prior_rth,POC_ATOMIC,30036,30036,7509.125,1927.086411258718212826298103,1,f9bcb34a82e331487c57,R01,2019-06-11,2019
0.05,NQM9,prior_rth,POC_ATOMIC,30036,30036,7509.125,1927.086411258718212826298103,1,f9bcb34a82e331487c57,R02,2019-06-11,2019
0.1,NQZ9,opening_hour_rth,POC_ATOMIC,31583,31583,7895.875,943.6553221288515406162464986,1,f9bfe1ff2bcf5082fe68,R05,2019-10-15,2019
0.1,NQU9,opening_hour_rth,POC_ATOMIC,31392,31392,7848.125,1167.445926223657423098150153,1,f9e18fb6705970186013,R05,2019-09-06,2019
0.1,NQZ9,full_overnight,POC_ATOMIC,33314,33314,8328.625,1626.978586609468962410138881,1,f9f5c520621a461d1872,R03,2019-12-03,2019
0.05,NQU9,opening_hour_rth,POC_ATOMIC,31175,31175,7793.875,1320.641938888649414965204439,1,f9f7449e828e4c212096,R05,2019-07-09,2019
0.2,NQZ9,midnight,POC_ATOMIC,30569,30569,7642.375,1022.537307922644476503769767,1,f9fde052b3e6935fd270,R04,2019-10-02,2019
0.05,NQM9,opening_hour_rth,POC_ATOMIC,29392,29392,7348.125,987.5827913289297650685615319,1,fa13a7fe817cbef95a06,R05,2019-03-28,2019
0.1,NQU9,midnight,POC_ATOMIC,32069,32069,8017.375,849.7024195303607068312950666,1,fa2e53f5b4000410a862,R04,2019-07-25,2019
0.2,NQU9,prior_rth,POC_ATOMIC,30706,30706,7676.625,4029.42474656985526550743942,1,fa6e2a8221c5fc7f41a3,R01,2019-07-01,2019
0.2,NQU9,prior_rth,POC_ATOMIC,30706,30706,7676.625,4029.42474656985526550743942,1,fa6e2a8221c5fc7f41a3,R02,2019-07-01,2019
0.05,NQM9,prior_rth,POC_ATOMIC,30285,30285,7571.375,3408.942669998978134433494824,1,fad4e662ea80581a96ec,R01,2019-05-20,2019
0.05,NQM9,prior_rth,POC_ATOMIC,30285,30285,7571.375,3408.942669998978134433494824,1,fad4e662ea80581a96ec,R02,2019-05-20,2019
0.1,NQH9,prior_rth,POC_ATOMIC,12408,12408,6204.25,3625.563458111886567937180402,1,fb1f7604e0eb75559603,R01,2019-01-04,2019
0.1,NQH9,prior_rth,POC_ATOMIC,12408,12408,6204.25,3625.563458111886567937180402,1,fb1f7604e0eb75559603,R02,2019-01-04,2019
0.05,NQZ9,prior_rth,POC_ATOMIC,31812,31812,7953.125,2897.789727739326760599106549,1,fb25a2ea32a0d830327d,R01,2019-10-25,2019
0.05,NQZ9,prior_rth,POC_ATOMIC,31812,31812,7953.125,2897.789727739326760599106549,1,fb25a2ea32a0d830327d,R02,2019-10-25,2019
0.2,NQZ9,midnight,POC_ATOMIC,33314,33314,8328.625,1581.978586609468962410138881,1,fb295e15ad79a7e1317b,R04,2019-12-03,2019
0.1,NQH9,opening_hour_rth,POC_ATOMIC,28452,28452,7113.125,921.8986120481772655685699164,1,fb50d8e79885cd888ff3,R05,2019-02-27,2019
0.05,NQZ9,prior_rth,POC_ATOMIC,33264,33264,8316.125,3563.87583898283054168982748,1,fba4da4877afcf03d5e7,R01,2019-12-03,2019
0.05,NQZ9,prior_rth,POC_ATOMIC,33264,33264,8316.125,3563.87583898283054168982748,1,fba4da4877afcf03d5e7,R02,2019-12-03,2019
0.2,NQH9,opening_hour_rth,POC_ATOMIC,13698,13698,6849.25,1773.084980073689751109105948,1,fbb19c98f2deea166f3b,R05,2019-01-31,2019
0.1,NQH0,opening_hour_rth,POC_ATOMIC,34912,34912,8728.125,1722.463842206180915858335213,1,fbbf9b21281c969a6dfb,R05,2019-12-23,2019
0.05,NQZ9,opening_hour_rth,POC_ATOMIC,30451,30451,7612.875,1290.329803578365592727623227,1,fbdc5c18d35092bde928,R05,2019-10-02,2019
0.2,NQZ9,midnight,POC_ATOMIC,32870,32870,8217.625,1406.568217893217893217893218,1,fbf7c24e5c52aeb6fa18,R04,2019-11-06,2019
0.05,NQZ9,midnight,POC_ATOMIC,31438,31438,7859.625,835.2390334610300285357493595,1,fc0cf44c08afe001266d,R04,2019-09-16,2019
0.1,NQU9,opening_hour_rth,POC_ATOMIC,30971,30971,7742.875,783.5246390393375482318628464,1,fc41e48f635a5fca588f,R05,2019-08-13,2019
0.1,NQZ9,opening_hour_rth,POC_ATOMIC,32329,32329,8082.375,1076.117356843923340087022951,1,fc63a82e6dc0804c21e3,R05,2019-10-29,2019
0.1,NQZ9,full_overnight,POC_ATOMIC,31223,31223,7805.875,1016.995780776160033125977398,1,fc9032cd9b1717aec332,R03,2019-09-27,2019
0.2,NQH9,opening_hour_rth,POC_ATOMIC,13557,13556,6778.25,4257.743861693861693861693862,2,fcabcc7c9942b9d66339,R05,2019-01-25,2019
0.05,NQM9,prior_rth,POC_ATOMIC,28026,28026,7006.625,2285.282713113738935301380714,1,fcb957c5e0896b80d561,R01,2019-06-04,2019
0.05,NQM9,prior_rth,POC_ATOMIC,28026,28026,7006.625,2285.282713113738935301380714,1,fcb957c5e0896b80d561,R02,2019-06-04,2019
0.2,NQU9,midnight,POC_ATOMIC,31517,31517,7879.375,1217.703407703407703407703408,1,fcce226b38ab93d7748b,R04,2019-09-09,2019
0.2,NQU9,midnight,POC_ATOMIC,30724,30724,7681.125,668.9737385163855752091046209,1,fce07c16c14c40ff3608,R04,2019-06-26,2019
0.05,NQH9,opening_hour_rth,POC_ATOMIC,28452,28452,7113.125,921.8986120481772655685699164,1,fced8e0f87542586601f,R05,2019-02-27,2019
0.2,NQH9,prior_rth,POC_ATOMIC,13291,13291,6645.75,6848.703105231168227533821826,1,fcef6762f604837253a4,R01,2019-01-16,2019
0.2,NQH9,prior_rth,POC_ATOMIC,13291,13291,6645.75,6848.703105231168227533821826,1,fcef6762f604837253a4,R02,2019-01-16,2019
0.1,NQZ9,prior_rth,POC_ATOMIC,31569,31569,7892.375,3251.159925923089968002496258,1,fcfb576effde553d08cb,R01,2019-09-19,2019
0.1,NQZ9,prior_rth,POC_ATOMIC,31569,31569,7892.375,3251.159925923089968002496258,1,fcfb576effde553d08cb,R02,2019-09-19,2019
0.2,NQU9,prior_rth,POC_ATOMIC,15369,15369,7684.75,3521.884461940764101216382816,1,fcfee7102b7ab07dfa46,R01,2019-09-05,2019
0.2,NQU9,prior_rth,POC_ATOMIC,15369,15369,7684.75,3521.884461940764101216382816,1,fcfee7102b7ab07dfa46,R02,2019-09-05,2019
0.2,NQH9,midnight,POC_ATOMIC,28615,28615,7153.875,1047.435195360195360195360195,1,fd224fcb315e154a1711,R04,2019-03-05,2019
0.1,NQM9,full_overnight,POC_ATOMIC,15491,15491,7745.75,2074.020110608345902463549522,1,fd2af440d1eaf06b7b95,R03,2019-05-07,2019
0.2,NQM9,opening_hour_rth,POC_ATOMIC,14782,14782,7391.25,2635.478050741827831611113345,1,fd3c369461ffc313b5e0,R05,2019-03-29,2019
0.1,NQZ9,opening_hour_rth,POC_ATOMIC,15429,15429,7714.75,1885.625007268273522143491184,1,fd5951fe57614f27353f,R05,2019-10-04,2019
0.2,NQM9,prior_rth,POC_ATOMIC,9801,9801,7351.125,9820.733333333333333333333333,1,fd65f467d6829de8e69b,R01,2019-03-18,2019
0.2,NQM9,prior_rth,POC_ATOMIC,9801,9801,7351.125,9820.733333333333333333333333,1,fd65f467d6829de8e69b,R02,2019-03-18,2019
0.2,NQU9,opening_hour_rth,POC_ATOMIC,7547,7547,7547.5,3403.708149448590625061213297,1,fd76e278f387479b488a,R05,2019-08-26,2019
0.05,NQH9,midnight,POC_ATOMIC,26257,26257,6564.375,1199.109405730148764204491759,1,fd8377ec387691b080c8,R04,2019-01-10,2019
0.2,NQH0,opening_hour_rth,POC_ATOMIC,34862,34862,8715.625,1244.584726033136351222090136,1,fd9dd879fc1f1fe0b01c,R05,2019-12-30,2019
0.2,NQZ9,midnight,POC_ATOMIC,33587,33587,8396.875,1062.377296046788420117726166,1,fdde8d09a95555f4ce97,R04,2019-12-12,2019
0.1,NQZ9,full_overnight,POC_ATOMIC,32984,32984,8246.125,1007.114696414696414696414696,1,fe09ca8b2e0e693d0244,R03,2019-11-13,2019
0.1,NQU9,opening_hour_rth,POC_ATOMIC,9913,9913,7435.125,2158.118998297133238950256138,1,fe16e242ec835430a368,R05,2019-08-07,2019
0.1,NQZ9,opening_hour_rth,POC_ATOMIC,32875,32875,8218.875,1196.256219270925153278094455,1,fe1b4866fe0425fd47cd,R05,2019-11-05,2019
0.05,NQZ9,prior_rth,POC_ATOMIC,31558,31558,7889.625,1795.13861004492583439951861,1,fe3af625ffaff2557e27,R01,2019-10-21,2019
0.05,NQZ9,prior_rth,POC_ATOMIC,31558,31558,7889.625,1795.13861004492583439951861,1,fe3af625ffaff2557e27,R02,2019-10-21,2019
0.2,NQH0,opening_hour_rth,POC_ATOMIC,35225,35225,8806.375,997.8883852977661027196630912,1,fe5fbe1800c339a650dd,R05,2019-12-27,2019
0.1,NQH9,opening_hour_rth,POC_ATOMIC,13354,13354,6677.25,3190.969070961718020541549953,1,fe60367801c7ff1541b5,R05,2019-01-28,2019
0.05,NQM9,midnight,POC_ATOMIC,29895,29895,7473.875,1993.438126493389651284388126,1,fea11f9d97a0a26446c8,R04,2019-04-01,2019
0.1,NQU9,prior_rth,POC_ATOMIC,31482,31482,7870.625,3851.909929728808447343916451,1,fed563abe74dd7177764,R01,2019-09-09,2019
0.1,NQU9,prior_rth,POC_ATOMIC,31482,31482,7870.625,3851.909929728808447343916451,1,fed563abe74dd7177764,R02,2019-09-09,2019
0.2,NQM9,midnight,POC_ATOMIC,29475,29475,7368.875,1026.076152639929729713011447,1,fed9d64c20fa74c867a0,R04,2019-05-14,2019
0.05,NQZ9,full_overnight,POC_ATOMIC,31509,31509,7877.375,1689.280431429595516282822784,1,ff1665a28da8d7095703,R03,2019-10-15,2019
0.1,NQU9,midnight,POC_ATOMIC,31237,31237,7809.375,1154.03238047770942507784613,1,ff204e44c1c68d7ca59e,R04,2019-09-05,2019
0.05,NQM9,full_overnight,POC_ATOMIC,31072,31072,7768.125,1327.063561411355529002587826,1,ff46655303440d607dd1,R03,2019-05-02,2019
0.2,NQH9,full_overnight,POC_ATOMIC,8902,8902,6676.875,2751.158333333333333333333333,1,ff7dc65000981b6e4875,R03,2019-01-30,2019
0.2,NQM9,midnight,POC_ATOMIC,5031,5031,7547.25,4483.064983579638752052545156,1,ff870efc29290792ce67,R04,2019-05-10,2019
0.2,NQU9,full_overnight,POC_ATOMIC,15179,15179,7589.75,2414.890236517868096815465237,1,ffd9235eedcdc6429632,R03,2019-08-08,2019
0.1,NQZ9,opening_hour_rth,POC_ATOMIC,31570,31570,7892.625,1506.484303787564076924040905,1,ffdcc810c037fc0de701,R05,2019-09-18,2019
0.2,NQU9,midnight,POC_ATOMIC,31021,31021,7755.375,1240.71331030081030081030081,1,fffa59e9c329172562ba,R04,2019-08-30,2019
