bin_ratio,contiguous,contract,family,poc_inside,profile_id,relationship_id,session_date,tpo_POC,tpo_VAH,tpo_VAL,tpo_value_area_bin_count,tpo_value_area_tpo_share,year
0.1,true,NQM9,midnight,true,0062469027d533d45a72,R04,2019-06-10,7444.125,7458.25,7437,85,0.7021331945889698231009365245,2019
0.1,true,NQH9,full_overnight,true,006b191194737bea0026,R03,2019-01-10,6565.375,6576.5,6556.5,80,0.7013223894208846329229366165,2019
0.05,true,NQH9,prior_rth,true,00979fc20eaca6c229f8,R01,2019-02-08,6888.625,6912.25,6861.5,203,0.7000888437618987181114354614,2019
0.05,true,NQH9,prior_rth,true,00979fc20eaca6c229f8,R02,2019-02-08,6888.625,6912.25,6861.5,203,0.7000888437618987181114354614,2019
0.05,true,NQZ9,opening_hour_rth,true,00d38033493193f17284,R05,2019-12-09,8420.875,8425.25,8414.25,44,0.7054361567635903919089759798,2019
0.1,true,NQM9,prior_rth,true,00f9b0c287e65da88a14,R01,2019-04-25,7821.625,7835,7816.25,75,0.7054005630918863578192986947,2019
0.1,true,NQM9,prior_rth,true,00f9b0c287e65da88a14,R02,2019-04-25,7821.625,7835,7816.25,75,0.7054005630918863578192986947,2019
0.1,true,NQU9,opening_hour_rth,true,0110ef35506cb71453b5,R05,2019-06-28,7673.625,7685.75,7664.5,85,0.7010119595216191352345906164,2019
0.2,true,NQH9,prior_rth,true,01404b61abebe45f2383,R01,2019-01-09,6557.75,6567.5,6511.5,112,0.7042191296664457698254914955,2019
0.2,true,NQH9,prior_rth,true,01404b61abebe45f2383,R02,2019-01-09,6557.75,6567.5,6511.5,112,0.7042191296664457698254914955,2019
0.05,true,NQU9,midnight,true,0163817b5d64fa9a1c11,R04,2019-09-12,7916.625,7935.5,7912.25,93,0.7019298245614035087719298246,2019
0.05,true,NQM9,midnight,true,0164617be5ba286e2f6d,R04,2019-03-27,7399.125,7400.75,7374.5,105,0.7054413542926239419588875453,2019
0.05,true,NQM9,opening_hour_rth,true,01647bd5445fb75d210b,R05,2019-05-24,7360.625,7370.75,7358,51,0.7085828343313373253493013972,2019
0.1,true,NQU9,prior_rth,true,017fc555329685535952,R01,2019-09-10,7868.625,7878.25,7821.25,228,0.7017381656804733727810650888,2019
0.1,true,NQU9,prior_rth,true,017fc555329685535952,R02,2019-09-10,7868.625,7878.25,7821.25,228,0.7017381656804733727810650888,2019
0.1,true,NQM9,opening_hour_rth,true,01b318fd99657e5e833f,R05,2019-04-29,7845.125,7849,7837.5,46,0.7077338129496402877697841727,2019
0.2,true,NQM9,prior_rth,true,01b7232147c5566ae728,R01,2019-05-20,7571.5,7581,7533,48,0.7004252029377657518361035949,2019
0.2,true,NQM9,prior_rth,true,01b7232147c5566ae728,R02,2019-05-20,7571.5,7581,7533,48,0.7004252029377657518361035949,2019
0.1,true,NQH9,full_overnight,true,024c69df2b3f2e8b542e,R03,2019-01-11,6615.375,6624.25,6606.75,70,0.7038077841787269917099901644,2019
0.1,true,NQH9,midnight,true,0251c7c87733a555086f,R04,2019-01-31,6865.375,6874,6858.25,63,0.7028357159596906491680337474,2019
0.1,true,NQZ9,full_overnight,true,025d82e87074467d7c18,R03,2019-10-30,8054.875,8058.5,8048.25,41,0.7033467202141900937081659973,2019
0.2,true,NQM9,prior_rth,true,0293418b0c709af1f6f0,R01,2019-06-03,7156.75,7170.5,7139.5,62,0.7046848856664807585052983826,2019
0.2,true,NQM9,prior_rth,true,0293418b0c709af1f6f0,R02,2019-06-03,7156.75,7170.5,7139.5,62,0.7046848856664807585052983826,2019
0.2,true,NQH9,opening_hour_rth,true,02a64a8f27b9624b608f,R05,2019-02-05,7008.125,7013.75,6999.5,57,0.702970297029702970297029703,2019
0.05,true,NQH9,full_overnight,true,02ae3cb469c85164d049,R03,2019-02-14,7044.125,7050,7014.75,141,0.7049556439278066687060263077,2019
0.2,true,NQZ9,full_overnight,true,02b873f3a344d16378d0,R03,2019-10-10,7693.75,7710.5,7652,117,0.7005937234944868532654792197,2019
0.1,true,NQU9,opening_hour_rth,true,030bfc85f51aeaa4f33e,R05,2019-07-10,7922.875,7939.75,7906.25,134,0.7049300956585724797645327447,2019
0.2,true,NQZ9,opening_hour_rth,true,0337e75fef7d75957a15,R05,2019-12-10,8361.25,8372.5,8347,51,0.7015384615384615384615384615,2019
0.2,true,NQH9,prior_rth,true,0348e2cbbb2bfdc0b54e,R01,2019-01-25,6696.375,6703.5,6678,34,0.7063711911357340720221606648,2019
0.2,true,NQH9,prior_rth,true,0348e2cbbb2bfdc0b54e,R02,2019-01-25,6696.375,6703.5,6678,34,0.7063711911357340720221606648,2019
0.2,true,NQM9,opening_hour_rth,true,0349ab6f9a17b28839cc,R05,2019-03-12,7210.75,7215.5,7203,25,0.7072135785007072135785007072,2019
0.1,true,NQU9,opening_hour_rth,true,03576bb398babb48090e,R05,2019-06-17,7563.875,7570.75,7546.25,98,0.7017255546425636811832374692,2019
0.05,true,NQH9,opening_hour_rth,true,03677a4da6c53004bda7,R05,2019-01-30,6722.375,6727.75,6704.25,94,0.7028051554207733131159969674,2019
0.1,true,NQH9,midnight,true,0371dc56d91b7f27d1b7,R04,2019-02-07,6953.375,6972,6940.75,125,0.7054967221381744831064044377,2019
0.1,true,NQM9,prior_rth,true,037aa209085bb89a10cb,R01,2019-04-26,7843.625,7856.75,7832.5,97,0.7011002444987775061124694377,2019
0.1,true,NQM9,prior_rth,true,037aa209085bb89a10cb,R02,2019-04-26,7843.625,7856.75,7832.5,97,0.7011002444987775061124694377,2019
0.2,true,NQZ9,full_overnight,true,038f64041f2381557b8b,R03,2019-10-02,7709.25,7730,7653,154,0.7030356357237131544214694237,2019
0.2,true,NQZ9,full_overnight,true,03b8d50d256103496202,R03,2019-09-19,7894.75,7907.5,7870,75,0.7009605662285136501516683519,2019
0.2,true,NQH9,prior_rth,true,03efdb92cce722c24faa,R01,2019-02-01,6906.25,6927,6893,68,0.7024917442209546682677874512,2019
0.2,true,NQH9,prior_rth,true,03efdb92cce722c24faa,R02,2019-02-01,6906.25,6927,6893,68,0.7024917442209546682677874512,2019
0.05,true,NQZ9,full_overnight,true,03feb31d1ce4906d8b9e,R03,2019-10-07,7728.125,7742,7724.5,70,0.7070009860543738554726017749,2019
0.1,true,NQH0,midnight,true,042b57b2b5ce58c50227,R04,2019-12-30,8789.125,8800.5,8781.75,75,0.700505475989890480202190396,2019
0.1,true,NQM9,midnight,true,04338a38700594b8553f,R04,2019-05-15,7411.875,7436.5,7365.5,284,0.7008969430715723961193483434,2019
0.05,true,NQM9,prior_rth,true,043db3ef895dc1a07fc0,R01,2019-05-23,7441.875,7451,7431.25,79,0.7035692679975801572897761645,2019
0.05,true,NQM9,prior_rth,true,043db3ef895dc1a07fc0,R02,2019-05-23,7441.875,7451,7431.25,79,0.7035692679975801572897761645,2019
0.1,true,NQM9,midnight,true,043efba4e0c28f82283c,R04,2019-04-04,7568.625,7574,7566,32,0.7105263157894736842105263158,2019
0.1,true,NQU9,prior_rth,true,0440299b4c21c3115565,R01,2019-07-22,7920.375,7961.25,7892.25,276,0.7005694400506168933881683012,2019
0.1,true,NQU9,prior_rth,true,0440299b4c21c3115565,R02,2019-07-22,7920.375,7961.25,7892.25,276,0.7005694400506168933881683012,2019
0.1,true,NQH9,opening_hour_rth,true,0444b8a3de7234d2bee8,R05,2019-03-06,7157.375,7161.75,7146.5,61,0.7062146892655367231638418079,2019
0.05,true,NQH9,prior_rth,true,045b1bf8971aa9bdf505,R01,2019-02-12,6927.875,6939,6914,100,0.7009501583597266211035172529,2019
0.05,true,NQH9,prior_rth,true,045b1bf8971aa9bdf505,R02,2019-02-12,6927.875,6939,6914,100,0.7009501583597266211035172529,2019
0.2,true,NQZ9,prior_rth,true,0461afddad8067d87928,R01,2019-09-23,7846.125,7899,7810.5,118,0.7064409578860445912469033856,2019
0.2,true,NQZ9,prior_rth,true,0461afddad8067d87928,R02,2019-09-23,7846.125,7899,7810.5,118,0.7064409578860445912469033856,2019
0.05,true,NQH9,midnight,true,0465e628b3aaa68d1ad9,R04,2019-02-12,6967.375,6974,6961.25,51,0.7062342569269521410579345088,2019
0.1,true,NQM9,opening_hour_rth,true,046b29c18c22be6779e3,R05,2019-04-02,7502.875,7507.25,7495,49,0.7059415911379657603222557905,2019
0.2,true,NQZ9,prior_rth,true,04865b258e647447838a,R01,2019-10-02,7722.25,7760.5,7693.5,134,0.700047687172150691463996185,2019
0.2,true,NQZ9,prior_rth,true,04865b258e647447838a,R02,2019-10-02,7722.25,7760.5,7693.5,134,0.700047687172150691463996185,2019
0.2,true,NQH9,prior_rth,true,04bdfa3b59b637306de4,R01,2019-02-21,7065.625,7086.75,7044.75,168,0.7012589928057553956834532374,2019
0.2,true,NQH9,prior_rth,true,04bdfa3b59b637306de4,R02,2019-02-21,7065.625,7086.75,7044.75,168,0.7012589928057553956834532374,2019
0.05,true,NQM9,midnight,true,04cbd1e38de0aa2aa744,R04,2019-04-11,7640.625,7647.5,7636.25,45,0.7039170506912442396313364055,2019
0.1,true,NQM9,prior_rth,true,04de1e3b8f46d6567145,R01,2019-06-17,7479.875,7486.5,7466.25,81,0.7017080113867425782838552257,2019
0.1,true,NQM9,prior_rth,true,04de1e3b8f46d6567145,R02,2019-06-17,7479.875,7486.5,7466.25,81,0.7017080113867425782838552257,2019
0.05,true,NQZ9,full_overnight,true,04f18b1a952e5fd726eb,R03,2019-09-26,7810.375,7831.25,7805.5,103,0.7064205955334987593052109181,2019
0.1,true,NQM9,midnight,true,051509658ab53e24126b,R04,2019-05-03,7775.625,7783.25,7759.75,94,0.7029194738530638434392043632,2019
0.05,true,NQM9,full_overnight,true,051c9cd2d907f39f3a34,R03,2019-04-30,7796.125,7802.5,7784.5,72,0.7029145236345824148910115111,2019
0.2,true,NQM9,prior_rth,true,051da0627cf43b3c5b9c,R01,2019-06-06,7213.125,7216.5,7187.25,39,0.7020679985979670522257273046,2019
0.2,true,NQM9,prior_rth,true,051da0627cf43b3c5b9c,R02,2019-06-06,7213.125,7216.5,7187.25,39,0.7020679985979670522257273046,2019
0.1,true,NQZ9,midnight,true,055dedfeb3c0c818532c,R04,2019-12-12,8415.375,8428.5,8401.75,107,0.7005031074282332050902633915,2019
0.1,true,NQH9,opening_hour_rth,true,05713eba6987ad57fa7b,R05,2019-01-16,6725.125,6732.25,6710,89,0.7028571428571428571428571429,2019
0.05,true,NQU9,full_overnight,true,0579ef503bd84658f7f5,R03,2019-06-27,7681.375,7695.25,7658,149,0.7002309468822170900692840647,2019
0.05,true,NQZ9,full_overnight,true,057c6d4bf33fa1fcc9e1,R03,2019-10-25,7934.125,7939.75,7927,51,0.7047640348915231491836278238,2019
0.2,true,NQM9,opening_hour_rth,true,058748e7acf0ed1b7e5f,R05,2019-03-26,7414.75,7429.5,7409.5,40,0.7020408163265306122448979592,2019
0.2,true,NQZ9,opening_hour_rth,true,058ae53784ce9ba8803f,R05,2019-09-16,7886.25,7892.5,7874.5,36,0.7133676092544987146529562982,2019
0.2,true,NQU9,full_overnight,true,05904b96ffaaac5ae39b,R03,2019-08-07,7493.25,7523,7446.5,153,0.7001647446457990115321252059,2019
0.2,true,NQM9,full_overnight,true,05f6f8eeda23110c88d4,R03,2019-05-08,7675.125,7690.5,7633.5,76,0.70687098368759268413247652,2019
0.1,true,NQH9,opening_hour_rth,true,062b060c3f69e5a91737,R05,2019-02-11,6937.125,6944.25,6927,69,0.700115340253748558246828143,2019
0.05,true,NQH9,opening_hour_rth,true,0633f8fbe556118e5f15,R05,2019-01-10,6554.625,6561.75,6539.5,89,0.7009569377990430622009569378,2019
0.1,true,NQZ9,opening_hour_rth,true,0646af964f2a8be773e7,R05,2019-11-15,8300.125,8304.5,8289,62,0.7024886877828054298642533937,2019
0.1,true,NQH9,full_overnight,true,0662bc9c9e90dc0fbc5a,R03,2019-02-08,6873.375,6887.5,6863,98,0.7005029721079103795153177869,2019
0.2,true,NQU9,prior_rth,true,067041948b9e1abf44c8,R01,2019-08-30,7716.25,7722,7701.5,41,0.7015072083879423328964613368,2019
0.2,true,NQU9,prior_rth,true,067041948b9e1abf44c8,R02,2019-08-30,7716.25,7722,7701.5,41,0.7015072083879423328964613368,2019
0.1,true,NQZ9,full_overnight,true,06988566e83b69384aa8,R03,2019-12-05,8292.625,8320,8288.5,126,0.7012014626501828312728539091,2019
0.1,true,NQZ9,full_overnight,true,0700656d6b25e755c073,R03,2019-09-19,7894.625,7907.5,7870,150,0.7016036655211912943871706758,2019
0.1,true,NQH9,full_overnight,true,071e85393faf32e31f3d,R03,2019-01-23,6672.125,6679.75,6651,115,0.704781997187060478199718706,2019
0.05,true,NQH9,full_overnight,true,07230e42dace37167022,R03,2019-02-07,6976.625,6994.25,6955.5,155,0.7018324141611812844689557018,2019
0.1,true,NQU9,prior_rth,true,07353da5bfa847aa5e31,R01,2019-08-19,7613.75,7625.5,7591,69,0.7007564296520423600605143722,2019
0.1,true,NQU9,prior_rth,true,07353da5bfa847aa5e31,R02,2019-08-19,7613.75,7625.5,7591,69,0.7007564296520423600605143722,2019
0.2,true,NQZ9,midnight,true,0764b5bcc218fc32db45,R04,2019-09-26,7830.875,7839.75,7802.75,148,0.7003780718336483931947069943,2019
0.2,true,NQU9,opening_hour_rth,true,07668f7f0d3bc59c4938,R05,2019-08-05,7496.625,7515.75,7488,37,0.7083825265643447461629279811,2019
0.2,true,NQZ9,opening_hour_rth,true,07684ad2ed1b6ad543ea,R05,2019-10-15,7895.75,7905.5,7874.5,62,0.7010526315789473684210526316,2019
0.05,true,NQU9,midnight,true,076b15efbb838ee82fe1,R04,2019-08-01,7869.875,7886,7861,100,0.700494517308105783702429585,2019
0.2,true,NQM9,full_overnight,true,078372cbd7cb8c6f890b,R03,2019-05-22,7443.875,7469.25,7433.25,144,0.7019967177242888402625820569,2019
0.1,true,NQU9,midnight,true,078a81d34df66617d350,R04,2019-06-27,7697.375,7703.75,7672.25,126,0.7040084388185654008438818565,2019
0.05,true,NQH9,midnight,true,079254cfeee26b708eca,R04,2019-01-08,6509.625,6541,6505,144,0.7003951211132107885243085381,2019
0.1,true,NQH9,prior_rth,true,07c007da4aec0d18d608,R01,2019-02-08,6888.625,6912.25,6861.5,203,0.7000888437618987181114354614,2019
0.1,true,NQH9,prior_rth,true,07c007da4aec0d18d608,R02,2019-02-08,6888.625,6912.25,6861.5,203,0.7000888437618987181114354614,2019
0.05,true,NQH9,midnight,true,07c96ffa331e94f35288,R04,2019-01-07,6425.625,6448.75,6412.25,146,0.7015270708005552984729291994,2019
0.05,true,NQH9,opening_hour_rth,true,07ceedc59a5b7345aa95,R05,2019-01-08,6547.375,6568.25,6508.75,238,0.7003725385843533794571580628,2019
0.05,true,NQH9,full_overnight,true,07da0723d643382408b7,R03,2019-01-25,6736.375,6755,6709.25,183,0.7013927576601671309192200557,2019
0.05,true,NQZ9,midnight,true,081ab55b817680ba6c38,R04,2019-09-25,7708.875,7731.25,7688.75,170,0.7033707865168539325842696629,2019
0.05,true,NQM9,prior_rth,true,0822807a469ab6288aed,R01,2019-03-29,7341.375,7351.25,7317,137,0.7006090894893018897391847571,2019
0.05,true,NQM9,prior_rth,true,0822807a469ab6288aed,R02,2019-03-29,7341.375,7351.25,7317,137,0.7006090894893018897391847571,2019
0.1,true,NQU9,prior_rth,true,082ff18297fa2dba054e,R01,2019-08-29,7588.75,7598.5,7561,75,0.7014884233737596471885336273,2019
0.1,true,NQU9,prior_rth,true,082ff18297fa2dba054e,R02,2019-08-29,7588.75,7598.5,7561,75,0.7014884233737596471885336273,2019
0.05,true,NQU9,opening_hour_rth,true,083eb82236507989083c,R05,2019-07-19,7949.875,7959.5,7939.75,79,0.7040731504571903574397339983,2019
0.1,true,NQM9,prior_rth,true,084ad169501128272003,R01,2019-04-15,7643.125,7650,7635.75,57,0.7005028284098051539912005028,2019
0.1,true,NQM9,prior_rth,true,084ad169501128272003,R02,2019-04-15,7643.125,7650,7635.75,57,0.7005028284098051539912005028,2019
0.1,true,NQH9,prior_rth,true,085211a2d63fb28808ad,R01,2019-03-07,7123.625,7133.75,7111.5,89,0.7013157894736842105263157895,2019
0.1,true,NQH9,prior_rth,true,085211a2d63fb28808ad,R02,2019-03-07,7123.625,7133.75,7111.5,89,0.7013157894736842105263157895,2019
0.2,true,NQU9,opening_hour_rth,true,08a63337693bf2ebbbef,R05,2019-09-05,7855.25,7865.5,7816,99,0.702346041055718475073313783,2019
0.1,true,NQZ9,opening_hour_rth,true,08ab6cf5660cd82f53ec,R05,2019-12-13,8506.875,8520,8467.5,70,0.7156084656084656084656084656,2019
0.05,true,NQM9,midnight,true,08b1e2d4522627a87409,R04,2019-04-22,7686.875,7696.5,7684.5,48,0.7000427899015832263585793753,2019
0.1,true,NQU9,opening_hour_rth,true,08d08ca6f64c567b3e9d,R05,2019-08-23,7667.25,7689.5,7657,65,0.7069243156199677938808373591,2019
0.2,true,NQZ9,full_overnight,true,08dc037d54e36661a0f8,R03,2019-10-04,7646.75,7657.5,7630.5,54,0.7037351443123938879456706282,2019
0.1,true,NQU9,full_overnight,true,08ec3c2b283ea40e2a97,R03,2019-08-09,7678.625,7700,7675.25,99,0.7001198322348711803475134811,2019
0.2,true,NQM9,midnight,true,08f0fb5fbd9f44d63ea3,R04,2019-04-11,7640.625,7647.5,7636.25,45,0.7039170506912442396313364055,2019
0.05,true,NQZ9,opening_hour_rth,true,08fc0a255bef21ef6773,R05,2019-10-29,8082.375,8096.25,8075.25,84,0.7006427915518824609733700643,2019
0.2,true,NQZ9,midnight,true,09066f1393416a514a81,R04,2019-10-04,7651.875,7662.75,7625,151,0.7005988023952095808383233533,2019
0.1,true,NQM9,full_overnight,true,0908bc9d51557b7e5beb,R03,2019-05-16,7495.125,7527.25,7481.5,183,0.7014404681521494485707855053,2019
0.1,true,NQM9,prior_rth,true,090b2dc2ef509d8b26c4,R01,2019-04-16,7624.625,7650.5,7616.5,136,0.7010836845273931366646598435,2019
0.1,true,NQM9,prior_rth,true,090b2dc2ef509d8b26c4,R02,2019-04-16,7624.625,7650.5,7616.5,136,0.7010836845273931366646598435,2019
0.2,true,NQH9,midnight,true,092e9a18c3bd0dc0b3ca,R04,2019-01-25,6736.375,6743.5,6725.75,71,0.7031725336810082572794437201,2019
0.05,true,NQZ9,full_overnight,true,09488104ce501c9b23a9,R03,2019-09-24,7876.125,7882.75,7867,63,0.7012433392539964476021314387,2019
0.05,true,NQU9,opening_hour_rth,true,095dd4dc84a29664f7ca,R05,2019-08-27,7627.625,7636.5,7624.5,48,0.7053291536050156739811912226,2019
0.2,true,NQZ9,prior_rth,true,097139e698ef4292cd3e,R01,2019-11-27,8393.375,8398.5,8383.5,60,0.7000917150718434729440538062,2019
0.2,true,NQZ9,prior_rth,true,097139e698ef4292cd3e,R02,2019-11-27,8393.375,8398.5,8383.5,60,0.7000917150718434729440538062,2019
0.2,true,NQZ9,opening_hour_rth,true,0978f286bb16c5be3715,R05,2019-10-09,7684.25,7688.5,7673.5,30,0.7155067155067155067155067155,2019
0.1,true,NQZ9,prior_rth,true,097e617200cc07f921e2,R01,2019-11-14,8277.125,8279.25,8256.75,90,0.7007391763463569165786694826,2019
0.1,true,NQZ9,prior_rth,true,097e617200cc07f921e2,R02,2019-11-14,8277.125,8279.25,8256.75,90,0.7007391763463569165786694826,2019
0.1,true,NQZ9,prior_rth,true,099cccebbddbef51152d,R01,2019-10-03,7563.875,7583.25,7539.75,174,0.7001009761023224503534163581,2019
0.1,true,NQZ9,prior_rth,true,099cccebbddbef51152d,R02,2019-10-03,7563.875,7583.25,7539.75,174,0.7001009761023224503534163581,2019
0.2,true,NQU9,prior_rth,true,09b55eb97da68b9d6857,R01,2019-09-11,7775.25,7787,7755,64,0.7031158142269253380364491476,2019
0.2,true,NQU9,prior_rth,true,09b55eb97da68b9d6857,R02,2019-09-11,7775.25,7787,7755,64,0.7031158142269253380364491476,2019
0.1,true,NQM9,prior_rth,true,09bd4f0b2ab0ed6b2d34,R01,2019-03-25,7396.625,7442.25,7364,313,0.7008943001831699170348022842,2019
0.1,true,NQM9,prior_rth,true,09bd4f0b2ab0ed6b2d34,R02,2019-03-25,7396.625,7442.25,7364,313,0.7008943001831699170348022842,2019
0.05,true,NQM9,midnight,true,09d0847a9ab25c469fa0,R04,2019-03-18,7353.125,7355,7346.75,33,0.7005962521294718909710391823,2019
0.1,true,NQZ9,prior_rth,true,09d3320deb2ecf905b4b,R01,2019-10-30,8066.875,8087.75,8059.5,113,0.7014772260976610586787033238,2019
0.1,true,NQZ9,prior_rth,true,09d3320deb2ecf905b4b,R02,2019-10-30,8066.875,8087.75,8059.5,113,0.7014772260976610586787033238,2019
0.2,true,NQZ9,midnight,true,09f6c8e967a160f53ff9,R04,2019-10-01,7792.125,7810.25,7788,89,0.707924183603562457182005024,2019
0.05,true,NQU9,midnight,true,0a04443fb8f6d415bb04,R04,2019-06-28,7698.125,7702.75,7688.75,56,0.7008354755784061696658097686,2019
0.1,true,NQH9,prior_rth,true,0a2fca64484d739709f2,R01,2019-01-14,6590.125,6603.25,6584.25,76,0.70533268889962945062026744,2019
0.1,true,NQH9,prior_rth,true,0a2fca64484d739709f2,R02,2019-01-14,6590.125,6603.25,6584.25,76,0.70533268889962945062026744,2019
0.2,true,NQZ9,prior_rth,true,0a410a86fec0a6e453fb,R01,2019-11-19,8320.75,8326.5,8285.5,82,0.7031686859273066169617893756,2019
0.2,true,NQZ9,prior_rth,true,0a410a86fec0a6e453fb,R02,2019-11-19,8320.75,8326.5,8285.5,82,0.7031686859273066169617893756,2019
0.05,true,NQZ9,prior_rth,true,0a45459c2deb6a72eb37,R01,2019-12-12,8377.875,8398.5,8372.25,105,0.7041989836854774003744316662,2019
0.05,true,NQZ9,prior_rth,true,0a45459c2deb6a72eb37,R02,2019-12-12,8377.875,8398.5,8372.25,105,0.7041989836854774003744316662,2019
0.1,true,NQU9,midnight,true,0a582a1c932f6a9a0673,R04,2019-09-12,7916.625,7935.5,7912.25,93,0.7019298245614035087719298246,2019
0.2,true,NQU9,midnight,true,0a62afc55b4e17424852,R04,2019-07-09,7762.25,7766.5,7746,41,0.7061524334251606978879706152,2019
0.1,true,NQU9,prior_rth,true,0a9cc7290767f07e2082,R01,2019-08-06,7496.75,7512.5,7415.5,194,0.7028332260141661300708306504,2019
0.1,true,NQU9,prior_rth,true,0a9cc7290767f07e2082,R02,2019-08-06,7496.75,7512.5,7415.5,194,0.7028332260141661300708306504,2019
0.2,true,NQZ9,prior_rth,true,0aaae07d62d68736ed32,R01,2019-10-22,7940.375,7942.5,7920.75,87,0.7010804321728691476590636255,2019
0.2,true,NQZ9,prior_rth,true,0aaae07d62d68736ed32,R02,2019-10-22,7940.375,7942.5,7920.75,87,0.7010804321728691476590636255,2019
0.1,true,NQZ9,midnight,true,0aacc0dc0267ac53b5ff,R04,2019-10-10,7694.625,7701.5,7684.25,69,0.7057464626046780248339589951,2019
0.05,true,NQM9,prior_rth,true,0acf041fdfc7628f9a32,R01,2019-04-17,7678.625,7685.5,7673.25,49,0.708223587942639742464149839,2019
0.05,true,NQM9,prior_rth,true,0acf041fdfc7628f9a32,R02,2019-04-17,7678.625,7685.5,7673.25,49,0.708223587942639742464149839,2019
0.05,true,NQM9,prior_rth,true,0ad57fe7f98cf937d8c0,R01,2019-05-06,7840.375,7860.75,7815,183,0.7002336944975568302528149564,2019
0.05,true,NQM9,prior_rth,true,0ad57fe7f98cf937d8c0,R02,2019-05-06,7840.375,7860.75,7815,183,0.7002336944975568302528149564,2019
0.05,true,NQM9,midnight,true,0ae69ad8bbe2d6c0aa7c,R04,2019-04-04,7568.625,7574,7566,32,0.7105263157894736842105263158,2019
0.2,true,NQM9,prior_rth,true,0afb7d534b438ac2c520,R01,2019-05-29,7340.75,7359,7322,74,0.7052720134604598990465507572,2019
0.2,true,NQM9,prior_rth,true,0afb7d534b438ac2c520,R02,2019-05-29,7340.75,7359,7322,74,0.7052720134604598990465507572,2019
0.05,true,NQZ9,opening_hour_rth,true,0b02418abb8ec6f1b171,R05,2019-10-30,8052.375,8055,8041.75,53,0.7,2019
0.05,true,NQM9,opening_hour_rth,true,0b1b28dd302f157cdc60,R05,2019-03-20,7374.375,7379.5,7368.25,45,0.7010391686650679456434852118,2019
0.2,true,NQU9,midnight,true,0b2a7739e0888666cc70,R04,2019-07-15,7964.125,7977,7959.25,71,0.7055261165783497350492051476,2019
0.05,true,NQU9,prior_rth,true,0b5025b1c2a3c7c6f45d,R01,2019-07-01,7676.375,7688,7669.25,75,0.7021819870009285051067780873,2019
0.05,true,NQU9,prior_rth,true,0b5025b1c2a3c7c6f45d,R02,2019-07-01,7676.375,7688,7669.25,75,0.7021819870009285051067780873,2019
0.05,true,NQU9,opening_hour_rth,true,0b5a1d0f834fa9cf52da,R05,2019-06-24,7768.125,7773.25,7761,49,0.7057313943541488451668092387,2019
0.05,true,NQM9,prior_rth,true,0b8a860e7fe5e4adf6d5,R01,2019-04-23,7718.625,7732.75,7704.25,114,0.7030321975617380431384807752,2019
0.05,true,NQM9,prior_rth,true,0b8a860e7fe5e4adf6d5,R02,2019-04-23,7718.625,7732.75,7704.25,114,0.7030321975617380431384807752,2019
0.1,true,NQM9,midnight,true,0b8d558af57fa9de1272,R04,2019-04-22,7686.875,7696.5,7684.5,48,0.7000427899015832263585793753,2019
0.1,true,NQH0,midnight,true,0b9bfa8ccccc172dc06b,R04,2019-12-16,8551.625,8558.75,8543.25,62,0.7008352315869400151860288535,2019
0.05,true,NQM9,opening_hour_rth,true,0bae6ac431a949a1da04,R05,2019-05-08,7646.875,7654,7633.25,83,0.7024249897246198109330045212,2019
0.05,true,NQM9,opening_hour_rth,true,0bb0b5de6b994d35dbde,R05,2019-04-24,7832.875,7836.75,7821.25,62,0.7019417475728155339805825243,2019
0.2,true,NQH9,full_overnight,true,0bcb36046200a446ff41,R03,2019-02-07,6976.625,6994.25,6955.5,155,0.7018324141611812844689557018,2019
0.05,true,NQZ9,midnight,true,0be2945538f7e7b4b9e2,R04,2019-09-23,7838.125,7847,7817.25,119,0.7018152151743830307974709362,2019
0.05,true,NQM9,midnight,true,0bf3b03454f7ca99f1ba,R04,2019-05-10,7588.75,7597.5,7553.5,88,0.7045636509207365892714171337,2019
0.1,true,NQM9,prior_rth,true,0c2d2e419d84deb31ff9,R01,2019-04-12,7620.375,7634,7611.5,90,0.7070555971079531288955372725,2019
0.1,true,NQM9,prior_rth,true,0c2d2e419d84deb31ff9,R02,2019-04-12,7620.375,7634,7611.5,90,0.7070555971079531288955372725,2019
0.2,true,NQU9,opening_hour_rth,true,0c3dd91eb1cebb5a357c,R05,2019-06-20,7789.75,7794.5,7779,31,0.7075862068965517241379310345,2019
0.05,true,NQZ9,full_overnight,true,0c6de2dc428267f7e3c7,R03,2019-12-06,8324.125,8339.25,8317.25,88,0.701739499363597793805685193,2019
0.2,true,NQZ9,opening_hour_rth,true,0c7d1e957bb651b435f2,R05,2019-12-02,8311.25,8361.5,8299,125,0.7011235955056179775280898876,2019
0.05,true,NQZ9,prior_rth,true,0cb71717ddd279d7666a,R01,2019-09-17,7875.375,7880.25,7861.75,74,0.7044483985765124555160142349,2019
0.05,true,NQZ9,prior_rth,true,0cb71717ddd279d7666a,R02,2019-09-17,7875.375,7880.25,7861.75,74,0.7044483985765124555160142349,2019
0.2,true,NQZ9,full_overnight,true,0cc3f8e56c8732825a5b,R03,2019-10-28,8057.875,8062.25,8052.25,40,0.7061805890873973925639787542,2019
0.2,true,NQZ9,midnight,true,0cce1658cac3b92aebf8,R04,2019-10-23,7846.125,7857.25,7841.25,64,0.7007299270072992700729927007,2019
0.1,true,NQH0,prior_rth,true,0ce05766570429554c02,R01,2019-12-26,8729.375,8732.5,8724.5,32,0.7015130674002751031636863824,2019
0.1,true,NQH0,prior_rth,true,0ce05766570429554c02,R02,2019-12-26,8729.375,8732.5,8724.5,32,0.7015130674002751031636863824,2019
0.2,true,NQH9,prior_rth,true,0d08a8204d48b048b0f2,R01,2019-02-26,7132.125,7154,7116.5,150,0.7040338756407399153108981502,2019
0.2,true,NQH9,prior_rth,true,0d08a8204d48b048b0f2,R02,2019-02-26,7132.125,7154,7116.5,150,0.7040338756407399153108981502,2019
0.05,true,NQU9,prior_rth,true,0d1bde90229eea8adf42,R01,2019-07-10,7835.875,7847.5,7811.5,144,0.7040347293156281920326864147,2019
0.05,true,NQU9,prior_rth,true,0d1bde90229eea8adf42,R02,2019-07-10,7835.875,7847.5,7811.5,144,0.7040347293156281920326864147,2019
0.1,true,NQU9,midnight,true,0d4cee875b34ec03eafb,R04,2019-07-12,7935.875,7942.5,7931.5,44,0.7058624195188071840054218909,2019
0.1,true,NQH9,full_overnight,true,0d57b696aca9080570bf,R03,2019-01-24,6673.375,6692.5,6662.75,119,0.7038331876638781370957672618,2019
0.05,true,NQZ9,full_overnight,true,0d6b2db3a7af0716b2c9,R03,2019-11-20,8315.625,8318,8299.75,73,0.701984582581597506970641299,2019
0.2,true,NQZ9,opening_hour_rth,true,0d7bd8859e09af605ffb,R05,2019-10-08,7645.125,7667.25,7629,51,0.7063253012048192771084337349,2019
0.2,true,NQH9,prior_rth,true,0d9363784086d804b46f,R01,2019-03-06,7162.25,7174.5,7151.5,46,0.7066130800146145414687614176,2019
0.2,true,NQH9,prior_rth,true,0d9363784086d804b46f,R02,2019-03-06,7162.25,7174.5,7151.5,46,0.7066130800146145414687614176,2019
0.1,true,NQU9,prior_rth,true,0e244ca266d8c825311e,R01,2019-06-20,7655.625,7681,7645.75,141,0.7025993883792048929663608563,2019
0.1,true,NQU9,prior_rth,true,0e244ca266d8c825311e,R02,2019-06-20,7655.625,7681,7645.75,141,0.7025993883792048929663608563,2019
0.1,true,NQZ9,midnight,true,0e29ff85a9442bbb9678,R04,2019-12-10,8322.625,8365.25,8300.25,260,0.7025411061285500747384155456,2019
0.2,true,NQU9,midnight,true,0e36b37cbe4f7dcb401b,R04,2019-06-21,7743.375,7755,7739.75,61,0.7019053472649047326367547634,2019
0.1,true,NQH9,opening_hour_rth,true,0e39210219633f003086,R05,2019-02-21,7016.625,7038.5,7005,134,0.7,2019
0.1,true,NQZ9,midnight,true,0e4f813ca8560da8b0c9,R04,2019-11-07,8247.375,8256.5,8241.5,60,0.7008568548387096774193548387,2019
0.1,true,NQM9,midnight,true,0e60fdea98b01837dbda,R04,2019-06-05,7212.875,7237.5,7202.25,141,0.7028560250391236306729264476,2019
0.2,true,NQM9,prior_rth,true,0e8457b05f4a32df1080,R01,2019-05-23,7439.625,7451.25,7431,27,0.7108042242079610073111291633,2019
0.2,true,NQM9,prior_rth,true,0e8457b05f4a32df1080,R02,2019-05-23,7439.625,7451.25,7431,27,0.7108042242079610073111291633,2019
0.2,true,NQZ9,opening_hour_rth,true,0e9872313e9a3c69ab65,R05,2019-11-19,8342.625,8351.5,8334,70,0.7060109289617486338797814208,2019
0.2,true,NQM9,opening_hour_rth,true,0ea2286dbd16a3258c74,R05,2019-06-13,7517.75,7531,7514,34,0.7037552155771905424200278164,2019
0.2,true,NQZ9,prior_rth,true,0eb922f08ee580c70c8d,R01,2019-11-13,8287.125,8296.25,8266,121,0.7030258662762323084431429966,2019
0.2,true,NQZ9,prior_rth,true,0eb922f08ee580c70c8d,R02,2019-11-13,8287.125,8296.25,8266,121,0.7030258662762323084431429966,2019
0.2,true,NQM9,full_overnight,true,0ed814d11c0fd419fd45,R03,2019-03-13,7230.625,7240.25,7211.25,116,0.7038376532047418123367490456,2019
0.1,true,NQU9,opening_hour_rth,true,0ee490492a4b0cb1c23c,R05,2019-08-12,7593.25,7606.5,7585.5,42,0.7019143117593436645396536007,2019
0.2,true,NQU9,midnight,true,0f064a86cabb14608660,R04,2019-06-18,7601.125,7648.25,7571.75,306,0.7,2019
0.1,true,NQU9,prior_rth,true,0f1e1f1eefb81f845eeb,R01,2019-08-02,7995.875,8013.75,7826,751,0.7018101761252446183953033268,2019
0.1,true,NQU9,prior_rth,true,0f1e1f1eefb81f845eeb,R02,2019-08-02,7995.875,8013.75,7826,751,0.7018101761252446183953033268,2019
0.2,true,NQM9,prior_rth,true,0f6b47a76b64e0955f9b,R01,2019-04-08,7599.25,7602.5,7593.5,18,0.7186225645672859084730403262,2019
0.2,true,NQM9,prior_rth,true,0f6b47a76b64e0955f9b,R02,2019-04-08,7599.25,7602.5,7593.5,18,0.7186225645672859084730403262,2019
0.05,true,NQU9,opening_hour_rth,true,0fa109805af449b8c4d3,R05,2019-07-26,8022.625,8029,8015.75,53,0.7036741214057507987220447284,2019
0.1,true,NQU9,midnight,true,0fbfcdbdf79f5fd7756d,R04,2019-08-26,7562.375,7596.75,7534,251,0.70087475997439726904203115,2019
0.05,true,NQM9,prior_rth,true,0fe087db02e6d1892870,R01,2019-05-24,7278.875,7318.75,7272.5,185,0.704623955431754874651810585,2019
0.05,true,NQM9,prior_rth,true,0fe087db02e6d1892870,R02,2019-05-24,7278.875,7318.75,7272.5,185,0.704623955431754874651810585,2019
0.1,true,NQM9,midnight,true,1015daa207ceea585c01,R04,2019-05-21,7439.375,7458.5,7426.25,129,0.7002565042139978013924514474,2019
0.05,true,NQM9,midnight,true,102831de63bf267ebe66,R04,2019-04-15,7646.125,7651.25,7644,29,0.7172602739726027397260273973,2019
0.1,true,NQU9,midnight,true,102d83a133a5cd1dab79,R04,2019-06-26,7637.375,7680,7621.75,233,0.7061493079192194236442024053,2019
0.05,true,NQZ9,midnight,true,104963e3eb2fedecd5c5,R04,2019-10-21,7904.375,7907.5,7896,46,0.7035087719298245614035087719,2019
0.2,true,NQZ9,midnight,true,105f4b6de88b89203385,R04,2019-09-24,7876.125,7878.75,7867.75,44,0.7056971986150456405413912496,2019
0.05,true,NQH9,midnight,true,106b59bdf8033dd0bc39,R04,2019-01-25,6736.375,6743.5,6725.75,71,0.7031725336810082572794437201,2019
0.1,true,NQZ9,full_overnight,true,10a54013a08d76d0dfd1,R03,2019-10-03,7559.125,7576,7553.75,89,0.7004114335210047639670853183,2019
0.05,true,NQM9,opening_hour_rth,true,10af53964f5014ccea7e,R05,2019-03-22,7468.875,7485,7443.25,167,0.7024471635150166852057842047,2019
0.2,true,NQU9,midnight,true,10c63f6e89d198167011,R04,2019-08-20,7736.375,7744.25,7729.5,59,0.7078995713410900183710961421,2019
0.2,true,NQM9,prior_rth,true,10cb25276d5c3890f0d5,R01,2019-03-13,7238.25,7247.5,7220,55,0.7056699169375225713253882268,2019
0.2,true,NQM9,prior_rth,true,10cb25276d5c3890f0d5,R02,2019-03-13,7238.25,7247.5,7220,55,0.7056699169375225713253882268,2019
0.2,true,NQZ9,prior_rth,true,10d281a597ec2cb5bc70,R01,2019-09-19,7892.375,7912,7851,244,0.7006887914840325610519724483,2019
0.2,true,NQZ9,prior_rth,true,10d281a597ec2cb5bc70,R02,2019-09-19,7892.375,7912,7851,244,0.7006887914840325610519724483,2019
0.2,true,NQZ9,full_overnight,true,10d7cb9cfbe9ec214c8f,R03,2019-09-23,7868.25,7890,7839,102,0.7028783658310120705663881151,2019
0.2,true,NQU9,midnight,true,11020b050b2ee98e53a5,R04,2019-09-11,7828.125,7836,7817.25,75,0.704750346740638002773925104,2019
0.2,true,NQZ9,full_overnight,true,1124c9b531aeae399b66,R03,2019-09-27,7766.75,7800,7754,92,0.7009762900976290097629009763,2019
0.2,true,NQZ9,midnight,true,112712f2b58aeb56c9d6,R04,2019-09-17,7867.625,7879.25,7862,69,0.7005691660480079188319722841,2019
0.1,true,NQU9,full_overnight,true,113e83052bdc53de1240,R03,2019-07-08,7822.875,7836,7815,84,0.7048063127690100430416068867,2019
0.1,true,NQU9,prior_rth,true,115fa7bd87bacca840c7,R01,2019-08-01,7973.875,7992,7890.5,406,0.7005574136008918617614269788,2019
0.1,true,NQU9,prior_rth,true,115fa7bd87bacca840c7,R02,2019-08-01,7973.875,7992,7890.5,406,0.7005574136008918617614269788,2019
0.05,true,NQM9,full_overnight,true,1160584232ad66d99d2d,R03,2019-05-09,7573.125,7611.25,7560.75,202,0.7006509869802603947921041579,2019
0.2,true,NQZ9,midnight,true,1162f6b22a5d54e0246c,R04,2019-12-11,8363.625,8377.25,8357.5,79,0.7072567344694887300714678395,2019
0.1,true,NQM9,opening_hour_rth,true,117f5706a8603586947b,R05,2019-06-07,7378.25,7384,7353.5,61,0.7024901703800786369593709043,2019
0.2,true,NQH9,midnight,true,1181ec0bf4cfa3df2d77,R04,2019-02-22,7061.875,7078.75,7046.25,130,0.7003811199061858692465552624,2019
0.05,true,NQH9,opening_hour_rth,true,1182aba7ed31d292cf41,R05,2019-01-31,6848.125,6882,6840.25,167,0.7050147492625368731563421829,2019
0.1,true,NQZ9,prior_rth,true,118dcf9c717991882c83,R01,2019-09-30,7693.125,7755,7650,420,0.7003621995390187685215673362,2019
0.1,true,NQZ9,prior_rth,true,118dcf9c717991882c83,R02,2019-09-30,7693.125,7755,7650,420,0.7003621995390187685215673362,2019
0.2,true,NQZ9,full_overnight,true,119da427bd6bd9eba67b,R03,2019-09-24,7876.25,7882.5,7867,31,0.7059182428309945088468578401,2019
0.2,true,NQU9,opening_hour_rth,true,11cee6049ae5e703b5eb,R05,2019-07-05,7829.625,7837.5,7813.5,32,0.7048832271762208067940552017,2019
0.05,true,NQM9,midnight,true,121c042758c734dad84a,R04,2019-04-02,7487.625,7499.5,7485.25,57,0.7024859663191659983961507618,2019
0.1,true,NQM9,opening_hour_rth,true,123197bc8c366f8ac38b,R05,2019-04-30,7795.375,7801.75,7789.5,49,0.7084006462035541195476575121,2019
0.2,true,NQU9,full_overnight,true,1235fe6d26ae0e71da8c,R03,2019-07-22,7839.75,7870.5,7835.5,70,0.7075144508670520231213872832,2019
0.2,true,NQU9,full_overnight,true,1268da77dcbdf939b33a,R03,2019-09-03,7634.625,7644.75,7613.25,42,0.7112942748941857874805079082,2019
0.1,true,NQZ9,opening_hour_rth,true,126ac9b396a43d221a5c,R05,2019-09-26,7779.875,7786.5,7767.5,76,0.7019290603609209707529558183,2019
0.2,true,NQZ9,midnight,true,12714916ee395847639f,R04,2019-09-20,7935.375,7940,7927,52,0.706856478791400348634514817,2019
0.05,true,NQZ9,opening_hour_rth,true,12728a063d9bdbf4df6b,R05,2019-11-19,8342.625,8351.5,8334,70,0.7060109289617486338797814208,2019
0.1,true,NQM9,full_overnight,true,127d641243e7b033921e,R03,2019-04-11,7645.875,7650.5,7635.25,61,0.7038057085628442663995993991,2019
0.1,true,NQM9,full_overnight,true,128f020a8b334e88db9b,R03,2019-03-25,7317.375,7342,7298.75,173,0.7017584721090019797368114592,2019
0.05,true,NQU9,midnight,true,12951546881f2ab171c2,R04,2019-09-04,7692.875,7718.75,7686.5,129,0.7000178667143112381633017688,2019
0.2,true,NQZ9,prior_rth,true,1295ed5b018507548f43,R01,2019-10-07,7736.5,7770,7711,59,0.7078774617067833698030634573,2019
0.2,true,NQZ9,prior_rth,true,1295ed5b018507548f43,R02,2019-10-07,7736.5,7770,7711,59,0.7078774617067833698030634573,2019
0.2,true,NQH9,opening_hour_rth,true,129aaf0a27d5577e0d8c,R05,2019-01-23,6703.75,6718.5,6698,41,0.7020408163265306122448979592,2019
0.1,true,NQM9,prior_rth,true,12b7ed19aab5cd9977f6,R01,2019-04-18,7701.875,7706.25,7686.5,79,0.7022371807562858839833696298,2019
0.1,true,NQM9,prior_rth,true,12b7ed19aab5cd9977f6,R02,2019-04-18,7701.875,7706.25,7686.5,79,0.7022371807562858839833696298,2019
0.2,true,NQH9,full_overnight,true,12d141dcd61acef4e162,R03,2019-02-25,7118.125,7125.75,7105.25,82,0.7022058823529411764705882353,2019
0.2,true,NQH9,prior_rth,true,12e534d6d560f4a42e9a,R01,2019-03-04,7152.25,7158,7126,64,0.7062733693394266722060656419,2019
0.2,true,NQH9,prior_rth,true,12e534d6d560f4a42e9a,R02,2019-03-04,7152.25,7158,7126,64,0.7062733693394266722060656419,2019
0.1,true,NQU9,midnight,true,130b885d6f9217240831,R04,2019-09-04,7692.875,7718.75,7686.5,129,0.7000178667143112381633017688,2019
0.05,true,NQU9,opening_hour_rth,true,130fe00e1ee70dabac07,R05,2019-08-23,7667.125,7689.25,7657.25,128,0.7012772970745776679027606098,2019
0.05,true,NQZ9,full_overnight,true,131593394e9fe52ce832,R03,2019-12-02,8444.375,8454.5,8426.5,112,0.7047511312217194570135746606,2019
0.1,true,NQM9,midnight,true,131787f2d31794ba9d06,R04,2019-05-30,7244.125,7250.25,7235.75,58,0.7027632561613144137415982076,2019
0.1,true,NQU9,full_overnight,true,131fbd7552a2ef622858,R03,2019-07-19,7963.125,7972,7951.25,83,0.7020493115593980147294268332,2019
0.2,true,NQZ9,full_overnight,true,132ddce239c440e8d5fc,R03,2019-12-05,8292.625,8320,8288.5,126,0.7012014626501828312728539091,2019
0.2,true,NQU9,full_overnight,true,133795ce5613a0142832,R03,2019-08-16,7547.75,7589,7531,116,0.7054980947196516058791507893,2019
0.1,true,NQU9,opening_hour_rth,true,134ff3e594e0e4f11f1a,R05,2019-07-30,7963.375,7972,7956,64,0.7004898530440867739678096571,2019
0.1,true,NQU9,full_overnight,true,13597af916a23ec93e5a,R03,2019-07-22,7839.125,7870.5,7835.25,141,0.7059118236472945891783567134,2019
0.2,true,NQZ9,full_overnight,true,135ab21d06f8dddaa670,R03,2019-11-08,8215.875,8224.5,8204.5,80,0.7041587901701323251417769376,2019
0.1,true,NQU9,opening_hour_rth,true,135d2809a0fbd5b9d7e5,R05,2019-07-02,7787.625,7793.25,7784.5,35,0.7002938295788442703232125367,2019
0.05,true,NQZ9,full_overnight,true,1371d0f910002d2cf478,R03,2019-11-05,8236.375,8242.25,8233,37,0.7006472491909385113268608414,2019
0.05,true,NQZ9,opening_hour_rth,true,137dc4dbf30be7448418,R05,2019-12-12,8480.375,8496,8444.25,207,0.7015369360436291522062469013,2019
0.1,true,NQM9,opening_hour_rth,true,1381b93513db73b46552,R05,2019-04-04,7590.875,7595.25,7575.5,79,0.7058823529411764705882352941,2019
0.2,true,NQH9,prior_rth,true,13b0ac385c9ae377bd8b,R01,2019-01-17,6688.25,6704,6682,44,0.7070959674898405751797436699,2019
0.2,true,NQH9,prior_rth,true,13b0ac385c9ae377bd8b,R02,2019-01-17,6688.25,6704,6682,44,0.7070959674898405751797436699,2019
0.1,true,NQH0,midnight,true,13bea1b63867e30c7c04,R04,2019-12-27,8826.375,8835.75,8822,55,0.7179727827311121539183481933,2019
0.05,true,NQH9,full_overnight,true,13e0529eaca88874b3c0,R03,2019-01-29,6668.875,6689.75,6664.75,100,0.7038934426229508196721311475,2019
0.1,true,NQU9,prior_rth,true,13ebb8888caf3331ea0a,R01,2019-07-01,7676.375,7688,7669.25,75,0.7021819870009285051067780873,2019
0.1,true,NQU9,prior_rth,true,13ebb8888caf3331ea0a,R02,2019-07-01,7676.375,7688,7669.25,75,0.7021819870009285051067780873,2019
0.05,true,NQZ9,opening_hour_rth,true,140f747a1d35b17f5f8c,R05,2019-11-01,8156.625,8161.5,8127.75,135,0.7050043898156277436347673398,2019
0.05,true,NQH9,full_overnight,true,1421b36dda130d8db1b4,R03,2019-02-25,7118.125,7125.75,7105.25,82,0.7022058823529411764705882353,2019
0.05,true,NQU9,midnight,true,142baae20021a2576575,R04,2019-06-18,7601.125,7648.25,7571.75,306,0.7,2019
0.05,true,NQH0,prior_rth,true,145cfcfb819d60f94748,R01,2019-12-27,8786.875,8793.25,8764.5,115,0.7019392917369308600337268128,2019
0.05,true,NQH0,prior_rth,true,145cfcfb819d60f94748,R02,2019-12-27,8786.875,8793.25,8764.5,115,0.7019392917369308600337268128,2019
0.1,true,NQH9,midnight,true,147e75fcb9e2e65b24c3,R04,2019-01-07,6425.625,6448.75,6412.25,146,0.7015270708005552984729291994,2019
0.2,true,NQU9,prior_rth,true,149db6c0de6402fec10d,R01,2019-06-21,7744.75,7771,7730.5,81,0.701952410006101281269066504,2019
0.2,true,NQU9,prior_rth,true,149db6c0de6402fec10d,R02,2019-06-21,7744.75,7771,7730.5,81,0.701952410006101281269066504,2019
0.05,true,NQU9,midnight,true,14a7fc9c04d0a3fe1891,R04,2019-07-30,7971.625,7979.5,7929.5,200,0.7001245330012453300124533001,2019
0.1,true,NQZ9,full_overnight,true,14cea73b70ae109c0264,R03,2019-09-23,7868.375,7890,7838.75,205,0.7002986625113621607583430723,2019
0.1,true,NQM9,prior_rth,true,14d11a374dcaee0f8d9b,R01,2019-04-09,7592.125,7606.25,7568.75,150,0.7017145738779626828038325769,2019
0.1,true,NQM9,prior_rth,true,14d11a374dcaee0f8d9b,R02,2019-04-09,7592.125,7606.25,7568.75,150,0.7017145738779626828038325769,2019
0.2,true,NQU9,full_overnight,true,14d45913f93925991c13,R03,2019-08-01,7868.625,7893,7856.25,49,0.7058441558441558441558441558,2019
0.05,true,NQM9,prior_rth,true,14d7168fd17823c03fad,R01,2019-04-10,7592.875,7610.5,7589,86,0.7058959005066789497927222478,2019
0.05,true,NQM9,prior_rth,true,14d7168fd17823c03fad,R02,2019-04-10,7592.875,7610.5,7589,86,0.7058959005066789497927222478,2019
0.1,true,NQM9,midnight,true,14e0ec5feaa82969ded4,R04,2019-04-18,7674.375,7688,7660.25,111,0.7038820343063496840204634367,2019
0.05,true,NQM9,midnight,true,14f355c950703f710242,R04,2019-04-18,7674.375,7688,7660.25,111,0.7038820343063496840204634367,2019
0.1,true,NQU9,opening_hour_rth,true,150d9bc157ec54c3d31d,R05,2019-09-03,7612.25,7657,7601,112,0.7034421888790820829655781112,2019
0.2,true,NQZ9,prior_rth,true,150ebbbef360dd23e79d,R01,2019-11-21,8324.75,8347,8267,160,0.7004267425320056899004267425,2019
0.2,true,NQZ9,prior_rth,true,150ebbbef360dd23e79d,R02,2019-11-21,8324.75,8347,8267,160,0.7004267425320056899004267425,2019
0.1,true,NQH9,opening_hour_rth,true,151cbbfb8835846e1205,R05,2019-01-25,6778.375,6783,6749.75,133,0.7036181678214010777521170131,2019
0.05,true,NQH9,midnight,true,1541a80b4f4b01157afe,R04,2019-01-18,6738.375,6750.25,6731,77,0.7015032211882605583392984968,2019
0.2,true,NQZ9,prior_rth,true,156c0230695fabc79ba5,R01,2019-10-25,7954.875,7971.75,7945.75,104,0.7009345794392523364485981308,2019
0.2,true,NQZ9,prior_rth,true,156c0230695fabc79ba5,R02,2019-10-25,7954.875,7971.75,7945.75,104,0.7009345794392523364485981308,2019
0.05,true,NQZ9,prior_rth,true,15952a4b3bea7f1229d3,R01,2019-09-20,7929.625,7954.75,7910,179,0.7009163579645155000974848898,2019
0.05,true,NQZ9,prior_rth,true,15952a4b3bea7f1229d3,R02,2019-09-20,7929.625,7954.75,7910,179,0.7009163579645155000974848898,2019
0.2,true,NQM9,midnight,true,159c385b03c186bc99d0,R04,2019-05-29,7233.875,7239.5,7225.75,55,0.7017999628873631471516051215,2019
0.2,true,NQM9,full_overnight,true,159f48c2c86531b1796f,R03,2019-05-03,7774.75,7798.5,7756.5,84,0.7006659656501927795303189625,2019
0.1,true,NQM9,opening_hour_rth,true,15d3c7d33cbfe30dda71,R05,2019-04-08,7575.875,7584,7569.25,59,0.7002749770852428964252978918,2019
0.1,true,NQH0,opening_hour_rth,true,1616feeea926cbb18ddb,R05,2019-12-17,8608.875,8613.25,8599.25,56,0.7127312295973884657236126224,2019
0.05,true,NQZ9,prior_rth,true,161c1d7d52eb4c0ff5f2,R01,2019-11-18,8309.625,8317.5,8304,54,0.7012383900928792569659442724,2019
0.05,true,NQZ9,prior_rth,true,161c1d7d52eb4c0ff5f2,R02,2019-11-18,8309.625,8317.5,8304,54,0.7012383900928792569659442724,2019
0.1,true,NQM9,opening_hour_rth,true,166be850851e185b5597,R05,2019-06-10,7509.125,7528,7491.25,147,0.7018716577540106951871657754,2019
0.05,true,NQM9,prior_rth,true,166e0ad0c20dd858a986,R01,2019-03-18,7351.875,7356.75,7323.5,133,0.7008840864440078585461689587,2019
0.05,true,NQM9,prior_rth,true,166e0ad0c20dd858a986,R02,2019-03-18,7351.875,7356.75,7323.5,133,0.7008840864440078585461689587,2019
0.2,true,NQZ9,prior_rth,true,1691b2d66ebd085a8b0c,R01,2019-11-05,8212.875,8220.25,8206.5,55,0.706375412750825501651003302,2019
0.2,true,NQZ9,prior_rth,true,1691b2d66ebd085a8b0c,R02,2019-11-05,8212.875,8220.25,8206.5,55,0.706375412750825501651003302,2019
0.2,true,NQZ9,midnight,true,16a9d3e31debfed7e230,R04,2019-09-30,7733.875,7744.75,7730.25,58,0.7038854805725971370143149284,2019
0.2,true,NQZ9,midnight,true,16c4a44d84a2dce9fdea,R04,2019-12-05,8311.875,8332.5,8305.75,107,0.7000269034167339252085014797,2019
0.2,true,NQZ9,full_overnight,true,16ce9ec3ea66c48356ca,R03,2019-09-20,7933.875,7939,7925.25,55,0.7040201980967178092833559915,2019
0.2,true,NQU9,midnight,true,16d083d840faf61b936a,R04,2019-07-08,7822.875,7829.75,7814,63,0.7070534698521046643913538111,2019
0.1,true,NQU9,opening_hour_rth,true,16da1d2382cc114c060f,R05,2019-08-16,7573.75,7580,7565.5,29,0.7093922651933701657458563536,2019
0.05,true,NQZ9,full_overnight,true,16da7d261c83845c61b1,R03,2019-09-18,7902.875,7908.75,7899,39,0.7080494574817057784506686853,2019
0.05,true,NQU9,opening_hour_rth,true,16ddda9e1db0acd0d909,R05,2019-08-14,7597.375,7617.5,7586,126,0.7065052950075642965204236006,2019
0.2,true,NQH9,full_overnight,true,16dfdd1b23b8e8e46395,R03,2019-03-04,7198.625,7201.5,7188.5,52,0.7100192678227360308285163776,2019
0.1,true,NQU9,full_overnight,true,16f5c608c8840696d151,R03,2019-08-26,7562.25,7624,7439,370,0.7019632794037447736775131794,2019
0.05,true,NQU9,opening_hour_rth,true,172dfc5ee20d6fa12cf8,R05,2019-08-12,7593.875,7606.25,7585.25,84,0.7008907641819034224097515237,2019
0.2,true,NQU9,prior_rth,true,173c39e4f18941b7ec40,R01,2019-06-27,7687.25,7717.5,7663,109,0.7024901703800786369593709043,2019
0.2,true,NQU9,prior_rth,true,173c39e4f18941b7ec40,R02,2019-06-27,7687.25,7717.5,7663,109,0.7024901703800786369593709043,2019
0.05,true,NQZ9,prior_rth,true,173cda18ceb665c705f0,R01,2019-09-30,7693.125,7755,7650,420,0.7003621995390187685215673362,2019
0.05,true,NQZ9,prior_rth,true,173cda18ceb665c705f0,R02,2019-09-30,7693.125,7755,7650,420,0.7003621995390187685215673362,2019
0.1,true,NQU9,opening_hour_rth,true,17974fef89aeaabdd1fb,R05,2019-06-18,7699.375,7711.75,7676.5,141,0.7002570694087403598971722365,2019
0.1,true,NQM9,full_overnight,true,17d0fa51d06a554a8060,R03,2019-03-21,7407.375,7435.25,7399.75,142,0.7000504965494024574987375863,2019
0.2,true,NQM9,prior_rth,true,17d802fa16c5dcc54855,R01,2019-04-02,7496.625,7499.25,7466.5,131,0.7007011393514460999123575811,2019
0.2,true,NQM9,prior_rth,true,17d802fa16c5dcc54855,R02,2019-04-02,7496.625,7499.25,7466.5,131,0.7007011393514460999123575811,2019
0.1,true,NQU9,prior_rth,true,17dd54a2732db3d69736,R01,2019-08-14,7738.875,7763.5,7722,166,0.7003696857670979667282809612,2019
0.1,true,NQU9,prior_rth,true,17dd54a2732db3d69736,R02,2019-08-14,7738.875,7763.5,7722,166,0.7003696857670979667282809612,2019
0.05,true,NQM9,opening_hour_rth,true,17e66288acd7526e46bf,R05,2019-05-17,7540.375,7558.75,7533.25,102,0.7024752475247524752475247525,2019
0.05,true,NQU9,full_overnight,true,17ec3014d3f799cbeebe,R03,2019-07-01,7824.125,7838.5,7799,158,0.7034789045151739452257586973,2019
0.1,true,NQM9,opening_hour_rth,true,18019328904419af44b1,R05,2019-04-23,7788.375,7793,7767.25,103,0.7004310344827586206896551724,2019
0.1,true,NQH9,opening_hour_rth,true,1808182254f61245a4af,R05,2019-01-07,6434.625,6448.75,6430,75,0.7019400352733686067019400353,2019
0.05,true,NQM9,opening_hour_rth,true,18116b885b858a286fed,R05,2019-04-15,7653.375,7658.5,7637.5,84,0.7051129607609988109393579073,2019
0.2,true,NQH9,full_overnight,true,1825d2b9246143ef28fc,R03,2019-01-04,6238.875,6284.25,6195.75,118,0.7047992164544564152791380999,2019
0.05,true,NQU9,prior_rth,true,1829c23ff8d2c525a0e8,R01,2019-09-05,7713.625,7718.25,7683.75,138,0.7005359535506922733363108531,2019
0.05,true,NQU9,prior_rth,true,1829c23ff8d2c525a0e8,R02,2019-09-05,7713.625,7718.25,7683.75,138,0.7005359535506922733363108531,2019
0.05,true,NQZ9,prior_rth,true,182cffec429d4ee2e28b,R01,2019-10-02,7722.125,7761.5,7693.5,272,0.7011982026959560659011482776,2019
0.05,true,NQZ9,prior_rth,true,182cffec429d4ee2e28b,R02,2019-10-02,7722.125,7761.5,7693.5,272,0.7011982026959560659011482776,2019
0.1,true,NQH9,prior_rth,true,184a398cbe6f719bf1a8,R01,2019-02-19,7042.375,7055.75,7033.25,90,0.7042951541850220264317180617,2019
0.1,true,NQH9,prior_rth,true,184a398cbe6f719bf1a8,R02,2019-02-19,7042.375,7055.75,7033.25,90,0.7042951541850220264317180617,2019
0.2,true,NQH9,full_overnight,true,1887790f5a1131ea3713,R03,2019-01-09,6586.75,6597,6572,50,0.7082129591415600495253817582,2019
0.05,true,NQM9,full_overnight,true,1895aaae485b7e8a79c7,R03,2019-04-01,7473.875,7480.5,7464,66,0.702628193346811247932365374,2019
0.2,true,NQZ9,opening_hour_rth,true,189ed434aa5510213d34,R05,2019-10-30,8052.375,8055,8041.75,53,0.7,2019
0.2,true,NQU9,prior_rth,true,18b6fbfc04073aaa2c51,R01,2019-08-15,7511.5,7562,7494,68,0.7005091344713986223420185684,2019
0.2,true,NQU9,prior_rth,true,18b6fbfc04073aaa2c51,R02,2019-08-15,7511.5,7562,7494,68,0.7005091344713986223420185684,2019
0.2,true,NQH9,midnight,true,1949c1bc86039477c460,R04,2019-02-12,6967.375,6974,6961.25,51,0.7062342569269521410579345088,2019
0.1,true,NQU9,midnight,true,1975021a485e00f7b036,R04,2019-07-31,7994.625,7997.5,7988.5,36,0.711137941442801086628433444,2019
0.1,true,NQM9,opening_hour_rth,true,198186f15e766c18e055,R05,2019-03-28,7348.125,7365,7336.25,115,0.7035623409669211195928753181,2019
0.05,true,NQZ9,prior_rth,true,19896d888bc736335823,R01,2019-10-31,8051.375,8063.25,8040.25,92,0.7021313766596785464709993012,2019
0.05,true,NQZ9,prior_rth,true,19896d888bc736335823,R02,2019-10-31,8051.375,8063.25,8040.25,92,0.7021313766596785464709993012,2019
0.05,true,NQU9,midnight,true,19c32a0517b0321f3277,R04,2019-08-12,7612.625,7660.75,7584,307,0.7000827357970215113072255929,2019
0.1,true,NQM9,prior_rth,true,19cb59e3f8dfae4c662f,R01,2019-05-06,7840.375,7860.75,7815,183,0.7002336944975568302528149564,2019
0.1,true,NQM9,prior_rth,true,19cb59e3f8dfae4c662f,R02,2019-05-06,7840.375,7860.75,7815,183,0.7002336944975568302528149564,2019
0.2,true,NQH9,opening_hour_rth,true,19cc9ed4410e87abcb92,R05,2019-02-27,7112.75,7117,7065.5,103,0.7115117891816920943134535368,2019
0.2,true,NQM9,full_overnight,true,19da7bdeaa646897a4ba,R03,2019-03-19,7365.375,7381.75,7356.5,101,0.7082083446959367330242705209,2019
0.1,true,NQH9,opening_hour_rth,true,1a05c85cf46b24db1d5a,R05,2019-01-10,6554.625,6561.75,6539.5,89,0.7009569377990430622009569378,2019
0.05,true,NQZ9,full_overnight,true,1a2035d35bb90538236a,R03,2019-09-27,7788.875,7816.5,7772,178,0.7009390418589845615151997453,2019
0.2,true,NQU9,midnight,true,1a65ec3a2ff45ecb9191,R04,2019-09-10,7807.625,7820.25,7798.25,88,0.7013061851709565885516711487,2019
0.2,true,NQZ9,midnight,true,1a9bbbc58cb89f93ac0f,R04,2019-10-28,8057.875,8067.25,8053.75,54,0.7144504227517294388931591084,2019
0.1,true,NQU9,opening_hour_rth,true,1aa5821b0fe187ddb4f0,R05,2019-06-20,7787.375,7794.25,7779,61,0.7046594982078853046594982079,2019
0.05,true,NQZ9,full_overnight,true,1aa8ce4d845dddae2940,R03,2019-09-16,7859.375,7871.25,7835.5,143,0.7003384810662153585783795219,2019
0.1,true,NQU9,midnight,true,1aad93b841f8c619d22c,R04,2019-09-09,7873.375,7877.25,7869,33,0.7036199095022624434389140271,2019
0.2,true,NQH9,opening_hour_rth,true,1add49b954f1e3003eb1,R05,2019-02-08,6854.75,6862,6845,34,0.707045735475896168108776267,2019
0.2,true,NQH9,prior_rth,true,1b2064ef32b4e55f27ff,R01,2019-02-14,7040.75,7056.5,7033,47,0.7099686028257456828885400314,2019
0.2,true,NQH9,prior_rth,true,1b2064ef32b4e55f27ff,R02,2019-02-14,7040.75,7056.5,7033,47,0.7099686028257456828885400314,2019
0.05,true,NQM9,midnight,true,1b5f3c334de9596eb136,R04,2019-03-14,7285.625,7303.75,7283.25,82,0.7062409288824383164005805515,2019
0.1,true,NQZ9,full_overnight,true,1b610779a1413eff1990,R03,2019-11-18,8314.125,8338.75,8306.75,128,0.703256194962113454843334016,2019
0.05,true,NQH9,prior_rth,true,1b6c8f3da6469a7e2af8,R01,2019-02-06,7017.125,7023.5,6998.25,101,0.7019464720194647201946472019,2019
0.05,true,NQH9,prior_rth,true,1b6c8f3da6469a7e2af8,R02,2019-02-06,7017.125,7023.5,6998.25,101,0.7019464720194647201946472019,2019
0.2,true,NQM9,full_overnight,true,1b84a1788aaeab7316b8,R03,2019-03-25,7317.25,7342,7299,86,0.7036413386655440959797937276,2019
0.2,true,NQU9,opening_hour_rth,true,1b88e1549e71554666d3,R05,2019-08-09,7667.75,7688.5,7643.5,90,0.7030812324929971988795518207,2019
0.2,true,NQU9,prior_rth,true,1ba161912e8f7b243fd2,R01,2019-08-05,7681.625,7700,7659.75,23,0.7042034250129735339906590555,2019
0.2,true,NQU9,prior_rth,true,1ba161912e8f7b243fd2,R02,2019-08-05,7681.625,7700,7659.75,23,0.7042034250129735339906590555,2019
0.1,true,NQZ9,opening_hour_rth,true,1bbd19e55502ad3f3b7c,R05,2019-10-08,7647.375,7677.75,7638,159,0.7003745318352059925093632959,2019
0.2,true,NQZ9,opening_hour_rth,true,1bdb70db8451425adffd,R05,2019-10-29,8082.375,8096.25,8075.25,84,0.7006427915518824609733700643,2019
0.1,true,NQZ9,midnight,true,1bec95ab3a9131a4ecb5,R04,2019-09-30,7733.875,7744.75,7730.25,58,0.7038854805725971370143149284,2019
0.1,true,NQM9,midnight,true,1bef2bc31b61058d624c,R04,2019-03-20,7375.875,7385.25,7372.5,51,0.7060133630289532293986636971,2019
0.2,true,NQH9,midnight,true,1bf3e3d5578d2132f193,R04,2019-01-15,6571.625,6586.5,6564.25,89,0.7014237855946398659966499162,2019
0.05,true,NQU9,midnight,true,1c0f29d854bcff7c617c,R04,2019-06-27,7697.375,7703.75,7672.25,126,0.7040084388185654008438818565,2019
0.05,true,NQM9,midnight,true,1c28a6b79af1ec67f9cc,R04,2019-03-19,7366.125,7387.5,7360.5,108,0.7102022867194371152154793316,2019
0.1,true,NQZ9,midnight,true,1c38267d2bf388c9802c,R04,2019-12-02,8444.375,8456,8425,124,0.7044152342433434445567913718,2019
0.05,true,NQH9,full_overnight,true,1cc77bd1d2e939e88324,R03,2019-03-01,7155.125,7158,7137,84,0.7013274336283185840707964602,2019
0.05,true,NQM9,opening_hour_rth,true,1cd915b511c4123ec81c,R05,2019-06-04,7040.125,7055.75,7033,91,0.7024154589371980676328502415,2019
0.1,true,NQM9,midnight,true,1d0359d58de025b3851e,R04,2019-05-23,7342.875,7367.5,7334,134,0.7010931636482297275248817099,2019
0.1,true,NQZ9,prior_rth,true,1d0a6937450a7f6b8414,R01,2019-12-13,8434.625,8467.5,8418.75,195,0.7003624126326689101734403313,2019
0.1,true,NQZ9,prior_rth,true,1d0a6937450a7f6b8414,R02,2019-12-13,8434.625,8467.5,8418.75,195,0.7003624126326689101734403313,2019
0.1,true,NQH9,prior_rth,true,1d3385687f1758463fcf,R01,2019-01-15,6568.875,6575.25,6555,81,0.7018411183088987384930105694,2019
0.1,true,NQH9,prior_rth,true,1d3385687f1758463fcf,R02,2019-01-15,6568.875,6575.25,6555,81,0.7018411183088987384930105694,2019
0.05,true,NQM9,opening_hour_rth,true,1d33acbddc3d0a17db61,R05,2019-03-27,7378.125,7398,7373.25,99,0.7029578351164254247954688483,2019
0.1,true,NQU9,prior_rth,true,1d35ef0dedda6d7f8496,R01,2019-08-22,7745.875,7753.75,7731.5,89,0.7064351378958120531154239019,2019
0.1,true,NQU9,prior_rth,true,1d35ef0dedda6d7f8496,R02,2019-08-22,7745.875,7753.75,7731.5,89,0.7064351378958120531154239019,2019
0.05,true,NQU9,full_overnight,true,1d36633bb86021570893,R03,2019-07-30,8011.125,8020,7961.25,235,0.700628451723481241668253666,2019
0.2,true,NQH9,midnight,true,1d3b3cb7667d470039cb,R04,2019-02-15,6986.625,7033,6975.25,231,0.7020702070207020702070207021,2019
0.1,true,NQM9,prior_rth,true,1d5284ce1d3cf5e9dd82,R01,2019-05-21,7394.25,7423,7388,70,0.704336947456213511259382819,2019
0.1,true,NQM9,prior_rth,true,1d5284ce1d3cf5e9dd82,R02,2019-05-21,7394.25,7423,7388,70,0.704336947456213511259382819,2019
0.05,true,NQU9,full_overnight,true,1d71804677628339c872,R03,2019-08-22,7729.125,7760.5,7725.75,139,0.7019340159271899886234357224,2019
0.2,true,NQM9,prior_rth,true,1d83531d56557a46ee38,R01,2019-03-21,7371.75,7420,7351.5,137,0.7013562858633281168492436098,2019
0.2,true,NQM9,prior_rth,true,1d83531d56557a46ee38,R02,2019-03-21,7371.75,7420,7351.5,137,0.7013562858633281168492436098,2019
0.05,true,NQZ9,prior_rth,true,1d86174b123a50cb6df0,R01,2019-09-19,7892.375,7912,7851,244,0.7006887914840325610519724483,2019
0.05,true,NQZ9,prior_rth,true,1d86174b123a50cb6df0,R02,2019-09-19,7892.375,7912,7851,244,0.7006887914840325610519724483,2019
0.05,true,NQZ9,full_overnight,true,1d8eb4d8007594f869cd,R03,2019-09-23,7868.375,7890,7838.75,205,0.7002986625113621607583430723,2019
0.2,true,NQH9,prior_rth,true,1d963bd94d8762c7fd01,R01,2019-01-10,6630.25,6634,6598,72,0.7020125513958017745076823198,2019
0.2,true,NQH9,prior_rth,true,1d963bd94d8762c7fd01,R02,2019-01-10,6630.25,6634,6598,72,0.7020125513958017745076823198,2019
0.2,true,NQH9,full_overnight,true,1dad03701e25da8a16c5,R03,2019-01-28,6756.875,6773.5,6744,118,0.7009042102288782141847979655,2019
0.1,true,NQU9,midnight,true,1db7505bb0b51a241b91,R04,2019-07-10,7831.125,7848.25,7813.25,140,0.7028688524590163934426229508,2019
0.05,true,NQM9,opening_hour_rth,true,1db8fd13a3b6d7a60b85,R05,2019-05-23,7316.875,7328.5,7308.25,81,0.702717692734331669439822518,2019
0.05,true,NQH9,full_overnight,true,1dd7a1f1d67a80e56846,R03,2019-01-15,6594.375,6597.75,6570.25,110,0.7043732553502592051043466702,2019
0.1,true,NQH9,prior_rth,true,1dda7d4eeb4b01dfc696,R01,2019-01-24,6642.125,6671.25,6611.25,240,0.7001114827201783723522853958,2019
0.1,true,NQH9,prior_rth,true,1dda7d4eeb4b01dfc696,R02,2019-01-24,6642.125,6671.25,6611.25,240,0.7001114827201783723522853958,2019
0.05,true,NQZ9,opening_hour_rth,true,1e050cf4e3825565a75c,R05,2019-10-10,7752.875,7763,7712,204,0.7037724180581323438466295609,2019
0.1,true,NQZ9,opening_hour_rth,true,1e07907d79580a3e54af,R05,2019-12-03,8195.25,8209,8185,48,0.7041587901701323251417769376,2019
0.2,true,NQM9,opening_hour_rth,true,1e5485701860f661307f,R05,2019-05-06,7739.625,7755,7719.75,47,0.7025210084033613445378151261,2019
0.2,true,NQH9,opening_hour_rth,true,1e72d27b5ec8c841dd82,R05,2019-02-01,6883.25,6913,6876,74,0.7076086956521739130434782609,2019
0.05,true,NQU9,full_overnight,true,1e83e85f8c0443727c57,R03,2019-08-13,7583.125,7591.25,7544.5,187,0.7042860993799982028933417198,2019
0.05,true,NQU9,midnight,true,1ea9f8dce54c83cea0c3,R04,2019-07-19,7963.875,7969.25,7952,69,0.7053017484489565707839819515,2019
0.05,true,NQM9,midnight,true,1eb82630ea003ab9911d,R04,2019-04-24,7820.875,7837.25,7816,85,0.7096645367412140575079872204,2019
0.2,true,NQZ9,midnight,true,1ebeb6c15c1b3d4b6d21,R04,2019-11-18,8340.625,8355.75,8320.75,140,0.7040462427745664739884393064,2019
0.1,true,NQZ9,full_overnight,true,1ec57f00cecb9e098515,R03,2019-11-26,8382.375,8388.5,8373.25,61,0.704666393778141629144494474,2019
0.05,true,NQM9,opening_hour_rth,true,1f0cb2112f7e57313ef8,R05,2019-04-10,7605.875,7609.75,7601.5,33,0.7100591715976331360946745562,2019
0.2,true,NQU9,opening_hour_rth,true,1f192826917275f86198,R05,2019-07-09,7794.25,7809.5,7782.5,54,0.7079796264855687606112054329,2019
0.2,true,NQU9,midnight,true,1f2181d56e317a3c3432,R04,2019-06-20,7795.875,7817.5,7776.5,164,0.7040816326530612244897959184,2019
0.1,true,NQH9,midnight,true,1f22207da8e85135ac62,R04,2019-02-01,6884.875,6895.25,6877.5,71,0.7003908944584962060243734192,2019
0.2,true,NQH9,full_overnight,true,1f3beaa18540a40cbc2b,R03,2019-01-15,6594.25,6600,6571,58,0.7091812588736393752957879792,2019
0.2,true,NQM9,prior_rth,true,1f46191ebac5447ce5ad,R01,2019-05-24,7279.125,7318.5,7272,62,0.7058642922935216456862143076,2019
0.2,true,NQM9,prior_rth,true,1f46191ebac5447ce5ad,R02,2019-05-24,7279.125,7318.5,7272,62,0.7058642922935216456862143076,2019
0.2,true,NQM9,midnight,true,1f474b5b2b9136c5621b,R04,2019-03-21,7412.625,7432.75,7387.25,182,0.7029847124484348459111866052,2019
0.05,true,NQM9,opening_hour_rth,true,1f50a00f770fd152c5b5,R05,2019-04-03,7566.625,7570.25,7558,49,0.7061611374407582938388625592,2019
0.05,true,NQU9,full_overnight,true,1f609a92898de3a9f47f,R03,2019-07-31,7993.625,7996.5,7987.5,36,0.7078899819313390885364384662,2019
0.2,true,NQM9,opening_hour_rth,true,1f6c5f244eb1c8d1a5b7,R05,2019-04-29,7845.125,7849,7837.5,46,0.7077338129496402877697841727,2019
0.05,true,NQH9,opening_hour_rth,true,1f76d4b24f41aef12490,R05,2019-01-15,6640.875,6656,6618,152,0.7016637980493402180149168101,2019
0.05,true,NQH0,full_overnight,true,1f78fb0b9978ec921259,R03,2019-12-27,8826.375,8837.25,8822.5,59,0.7024969549330085261875761267,2019
0.05,true,NQH9,full_overnight,true,1f9b825faf33e1a0b0e1,R03,2019-01-23,6672.125,6679.75,6651,115,0.704781997187060478199718706,2019
0.2,true,NQH9,full_overnight,true,1f9bae202a9013b94696,R03,2019-02-26,7087.125,7102.25,7081.5,83,0.7045878403580753450205147333,2019
0.2,true,NQM9,prior_rth,true,1fa25297af500de376aa,R01,2019-03-19,7349.375,7361.5,7330.5,124,0.7035175879396984924623115578,2019
0.2,true,NQM9,prior_rth,true,1fa25297af500de376aa,R02,2019-03-19,7349.375,7361.5,7330.5,124,0.7035175879396984924623115578,2019
0.05,true,NQM9,opening_hour_rth,true,1fb77cd9457093349602,R05,2019-03-26,7412.625,7429.75,7409.75,80,0.7031029619181946403385049365,2019
0.1,true,NQU9,midnight,true,1fbb5805e4b7325d88a3,R04,2019-08-02,7753.375,7781,7742.25,155,0.7030241250424736663268773361,2019
0.2,true,NQZ9,full_overnight,true,1fd734c02d99417364c0,R03,2019-11-11,8221.875,8234.25,8215.75,74,0.7018593716606112417183158795,2019
0.1,true,NQZ9,prior_rth,true,1fdb964757322429bac8,R01,2019-10-08,7752.875,7777.25,7738.75,154,0.7003342537421886353727655864,2019
0.1,true,NQZ9,prior_rth,true,1fdb964757322429bac8,R02,2019-10-08,7752.875,7777.25,7738.75,154,0.7003342537421886353727655864,2019
0.1,true,NQM9,full_overnight,true,2007a4b0db056911534b,R03,2019-03-13,7230.625,7240.25,7211.25,116,0.7038376532047418123367490456,2019
0.2,true,NQU9,opening_hour_rth,true,20229f182281c14ae2d8,R05,2019-07-10,7922.625,7939.5,7905.75,45,0.7018255578093306288032454361,2019
0.1,true,NQH9,full_overnight,true,2055664debccb4ee1a7e,R03,2019-01-30,6677.25,6692,6669.5,45,0.703125,2019
0.05,true,NQZ9,opening_hour_rth,true,205e9e7508f4655cda61,R05,2019-10-23,7877.375,7884.75,7866,75,0.7088803088803088803088803089,2019
0.05,true,NQM9,opening_hour_rth,true,2064900e81fe94875d87,R05,2019-03-29,7391.375,7394.75,7381,55,0.7003058103975535168195718654,2019
0.1,true,NQH9,full_overnight,true,208c1d2eeb64ef4630a9,R03,2019-03-05,7143.625,7155.5,7137.25,73,0.7002038169353344450620715212,2019
0.2,true,NQH9,opening_hour_rth,true,208e369c8836bbdc397d,R05,2019-02-25,7160.875,7163.75,7151,51,0.7116504854368932038834951456,2019
0.05,true,NQZ9,opening_hour_rth,true,20b398494646053b50cc,R05,2019-11-13,8260.125,8262.5,8244,74,0.7029288702928870292887029289,2019
0.05,true,NQH9,opening_hour_rth,true,20cf5035a38da4e63e34,R05,2019-03-08,6956.125,6965,6946,76,0.7014492753623188405797101449,2019
0.1,true,NQZ9,opening_hour_rth,true,20f3402f9ad14372aeb3,R05,2019-11-01,8156.625,8161.5,8127.75,135,0.7050043898156277436347673398,2019
0.2,true,NQU9,prior_rth,true,20f665cbc14ea782d2a2,R01,2019-09-09,7870.875,7875,7857,24,0.7030237580993520518358531317,2019
0.2,true,NQU9,prior_rth,true,20f665cbc14ea782d2a2,R02,2019-09-09,7870.875,7875,7857,24,0.7030237580993520518358531317,2019
0.2,true,NQU9,opening_hour_rth,true,20fc4ab18549270a83e9,R05,2019-07-24,7973.75,7977,7963.5,27,0.7074954296160877513711151737,2019
0.2,true,NQM9,prior_rth,true,210686ba71fb37ca5fb0,R01,2019-06-07,7235.75,7246,7215,62,0.7020316027088036117381489842,2019
0.2,true,NQM9,prior_rth,true,210686ba71fb37ca5fb0,R02,2019-06-07,7235.75,7246,7215,62,0.7020316027088036117381489842,2019
0.05,true,NQM9,full_overnight,true,210a54b7d6e5e8dd0b8d,R03,2019-05-03,7775.625,7797.25,7759,153,0.7002087682672233820459290188,2019
0.2,true,NQZ9,opening_hour_rth,true,2168b7f037aefc2f42c0,R05,2019-11-07,8253.125,8260,8241.75,73,0.7044673539518900343642611684,2019
0.2,true,NQM9,full_overnight,true,21a5ed5c9a37e1b3a1e4,R03,2019-04-01,7473.875,7480.5,7464,66,0.702628193346811247932365374,2019
0.2,true,NQM9,prior_rth,true,21c9753464f2c103b330,R01,2019-06-04,7006.75,7059.5,6944,231,0.7023317347445014056556970399,2019
0.2,true,NQM9,prior_rth,true,21c9753464f2c103b330,R02,2019-06-04,7006.75,7059.5,6944,231,0.7023317347445014056556970399,2019
0.05,true,NQU9,prior_rth,true,21dc9a8ce6ef3c65ef58,R01,2019-08-05,7663.25,7700.5,7659.5,82,0.7054115190534191752218548808,2019
0.05,true,NQU9,prior_rth,true,21dc9a8ce6ef3c65ef58,R02,2019-08-05,7663.25,7700.5,7659.5,82,0.7054115190534191752218548808,2019
0.1,true,NQM9,opening_hour_rth,true,21df1876ccf82144195b,R05,2019-04-03,7566.625,7570.25,7558,49,0.7061611374407582938388625592,2019
0.1,true,NQZ9,prior_rth,true,21e84cfc683154c49cfe,R01,2019-10-31,8051.375,8063.25,8040.25,92,0.7021313766596785464709993012,2019
0.1,true,NQZ9,prior_rth,true,21e84cfc683154c49cfe,R02,2019-10-31,8051.375,8063.25,8040.25,92,0.7021313766596785464709993012,2019
0.05,true,NQH9,prior_rth,true,21f89196388324d26cbc,R01,2019-02-28,7121.125,7128.25,7079.25,196,0.7019289340101522842639593909,2019
0.05,true,NQH9,prior_rth,true,21f89196388324d26cbc,R02,2019-02-28,7121.125,7128.25,7079.25,196,0.7019289340101522842639593909,2019
0.05,true,NQZ9,midnight,true,2206a06135c62c2922ed,R04,2019-10-08,7694.375,7740.25,7665.5,299,0.7034892138410308382800057912,2019
0.2,true,NQM9,midnight,true,22115e5ece01a3f0c508,R04,2019-06-07,7308.375,7325.25,7295.25,120,0.7014735772357723577235772358,2019
0.1,true,NQU9,opening_hour_rth,true,2233e3110fd873fea200,R05,2019-07-22,7897.125,7917.75,7892.5,101,0.7002700270027002700270027003,2019
0.1,true,NQZ9,full_overnight,true,225479f576f540f3d886,R03,2019-09-26,7810.375,7831.25,7805.5,103,0.7064205955334987593052109181,2019
0.05,true,NQH9,prior_rth,true,227a6dd6d6378647efb5,R01,2019-01-22,6809.875,6823.5,6776,190,0.7025232403718459495351925631,2019
0.05,true,NQH9,prior_rth,true,227a6dd6d6378647efb5,R02,2019-01-22,6809.875,6823.5,6776,190,0.7025232403718459495351925631,2019
0.1,true,NQM9,prior_rth,true,22b81f16e4c44aaa9260,R01,2019-04-30,7853.375,7859.25,7842.25,68,0.7002504870581686612858335653,2019
0.1,true,NQM9,prior_rth,true,22b81f16e4c44aaa9260,R02,2019-04-30,7853.375,7859.25,7842.25,68,0.7002504870581686612858335653,2019
0.1,true,NQH0,prior_rth,true,22e12fd7e2094f4703ac,R01,2019-12-27,8786.875,8793.25,8764.5,115,0.7019392917369308600337268128,2019
0.1,true,NQH0,prior_rth,true,22e12fd7e2094f4703ac,R02,2019-12-27,8786.875,8793.25,8764.5,115,0.7019392917369308600337268128,2019
0.1,true,NQH9,prior_rth,true,22e62e05cd105b77e92b,R01,2019-01-23,6715.625,6748.25,6654,377,0.7003980219515136895428778193,2019
0.1,true,NQH9,prior_rth,true,22e62e05cd105b77e92b,R02,2019-01-23,6715.625,6748.25,6654,377,0.7003980219515136895428778193,2019
0.1,true,NQM9,opening_hour_rth,true,22f007c78a43648d5df6,R05,2019-06-12,7496.125,7503.75,7485.75,72,0.7045604758757435558493060145,2019
0.05,true,NQH9,prior_rth,true,2303c662cceefff36d82,R01,2019-01-16,6645.875,6676,6635.5,162,0.7050842403459072610705233338,2019
0.05,true,NQH9,prior_rth,true,2303c662cceefff36d82,R02,2019-01-16,6645.875,6676,6635.5,162,0.7050842403459072610705233338,2019
0.1,true,NQM9,prior_rth,true,2344378a3228385ae619,R01,2019-06-07,7235.625,7246,7215,124,0.7025250261467204542058867473,2019
0.1,true,NQM9,prior_rth,true,2344378a3228385ae619,R02,2019-06-07,7235.625,7246,7215,124,0.7025250261467204542058867473,2019
0.1,true,NQM9,opening_hour_rth,true,23562d31ae14b5cea20f,R05,2019-05-03,7805.875,7811.5,7792.25,77,0.7080028839221341023792357606,2019
0.1,true,NQM9,full_overnight,true,236a55a08aad24ee8744,R03,2019-06-12,7487.125,7507.5,7473.75,135,0.7056664006384676775738228252,2019
0.05,true,NQM9,full_overnight,true,23762c3452f0fc385707,R03,2019-05-21,7439.875,7447.5,7416.25,125,0.7007427923958202190608082588,2019
0.1,true,NQZ9,opening_hour_rth,true,237aac572425f3c21331,R05,2019-12-04,8308.625,8316,8303.25,51,0.7020408163265306122448979592,2019
0.05,true,NQH9,prior_rth,true,238658c30069c9b368d0,R01,2019-02-13,7008.625,7027.75,6995,131,0.7015693967631191760666993624,2019
0.05,true,NQH9,prior_rth,true,238658c30069c9b368d0,R02,2019-02-13,7008.625,7027.75,6995,131,0.7015693967631191760666993624,2019
0.1,true,NQH9,prior_rth,true,238aaddcacd92ed12047,R01,2019-02-14,7040.375,7056.5,7033,94,0.7046511627906976744186046512,2019
0.1,true,NQH9,prior_rth,true,238aaddcacd92ed12047,R02,2019-02-14,7040.375,7056.5,7033,94,0.7046511627906976744186046512,2019
0.1,true,NQH9,opening_hour_rth,true,23b764f1fa425f4c729b,R05,2019-02-22,7069.125,7072.5,7059.25,53,0.7,2019
0.2,true,NQU9,opening_hour_rth,true,23bd75ca6fda55535f2b,R05,2019-06-19,7654.375,7661.75,7648,55,0.7043824701195219123505976096,2019
0.2,true,NQM9,midnight,true,23c3a9a7d04a573b1f6c,R04,2019-06-13,7507.75,7524,7462.5,123,0.7067324638702855128657032076,2019
0.1,true,NQU9,opening_hour_rth,true,23cbdc4e6bf4114c1b52,R05,2019-07-31,7973.875,7984,7971.25,51,0.7002854424357754519505233111,2019
0.05,true,NQU9,full_overnight,true,23f8a219e93eb8271447,R03,2019-08-02,7788.375,7795,7757.25,151,0.7002782164072486653131814422,2019
0.05,true,NQM9,opening_hour_rth,true,241dec128511cb72d6d0,R05,2019-05-21,7443.375,7455.25,7439,65,0.7035118019573978123200921128,2019
0.05,true,NQU9,opening_hour_rth,true,2447eb1113cb1d94c7a5,R05,2019-07-11,7938.875,7943.75,7934,39,0.7034540859309182813816343724,2019
0.05,true,NQM9,full_overnight,true,2462d75c0901af9228f5,R03,2019-03-22,7507.125,7527.25,7488.75,154,0.7026580567652800720828953296,2019
0.05,true,NQU9,midnight,true,249f55470578d4e9295b,R04,2019-07-11,7948.125,7958,7942.25,63,0.703733987462523848460070864,2019
0.1,true,NQM9,midnight,true,24aff396df2719d44899,R04,2019-05-20,7534.625,7545.75,7421.25,498,0.7,2019
0.2,true,NQM9,opening_hour_rth,true,24b89987efb8a231d789,R05,2019-04-25,7854.375,7864.25,7814.25,200,0.7024221453287197231833910035,2019
0.2,true,NQH9,midnight,true,24d250f5299f996b483b,R04,2019-02-19,7072.125,7077,7045.25,127,0.7105508870214752567693744164,2019
0.1,true,NQU9,midnight,true,24e2059db76a371cbcb0,R04,2019-08-23,7748.625,7762,7669.5,370,0.7012966476913345983554712207,2019
0.05,true,NQZ9,midnight,true,25029f24f0c29ea9b8ea,R04,2019-09-26,7830.875,7839.75,7802.75,148,0.7003780718336483931947069943,2019
0.05,true,NQU9,opening_hour_rth,true,250f285a567d3ac0ebfb,R05,2019-09-09,7857.125,7869,7851.75,69,0.7080592105263157894736842105,2019
0.1,true,NQZ9,prior_rth,true,25136e63f58ac17370cf,R01,2019-11-21,8324.625,8347,8266.5,322,0.7007200720072007200720072007,2019
0.1,true,NQZ9,prior_rth,true,25136e63f58ac17370cf,R02,2019-11-21,8324.625,8347,8266.5,322,0.7007200720072007200720072007,2019
0.05,true,NQM9,midnight,true,251372fc57f3e3776fe4,R04,2019-03-28,7336.125,7343.75,7322.75,84,0.7012118679481821980777267029,2019
0.2,true,NQU9,full_overnight,true,251ba51d69a4f59669ce,R03,2019-06-21,7743.75,7759,7738.5,41,0.7070380502362596369062422283,2019
0.1,true,NQH9,prior_rth,true,253ccc1c29f36f021413,R01,2019-02-12,6927.875,6939,6914,100,0.7009501583597266211035172529,2019
0.1,true,NQH9,prior_rth,true,253ccc1c29f36f021413,R02,2019-02-12,6927.875,6939,6914,100,0.7009501583597266211035172529,2019
0.1,true,NQH9,prior_rth,true,254ab01bc7f2ae966df1,R01,2019-03-05,7133.375,7148,7080.25,271,0.7012203482791718085835732895,2019
0.1,true,NQH9,prior_rth,true,254ab01bc7f2ae966df1,R02,2019-03-05,7133.375,7148,7080.25,271,0.7012203482791718085835732895,2019
0.2,true,NQU9,prior_rth,true,255a284acf54c0162855,R01,2019-09-12,7862.25,7887.5,7858.5,58,0.70504973221117061973986228,2019
0.2,true,NQU9,prior_rth,true,255a284acf54c0162855,R02,2019-09-12,7862.25,7887.5,7858.5,58,0.70504973221117061973986228,2019
0.2,true,NQZ9,opening_hour_rth,true,257c38ad767221bdd3c9,R05,2019-10-01,7770.75,7821,7759.5,123,0.702991452991452991452991453,2019
0.2,true,NQZ9,prior_rth,true,25b0ee346ae757b5fa11,R01,2019-10-10,7702.75,7718.5,7681.5,74,0.7023809523809523809523809524,2019
0.2,true,NQZ9,prior_rth,true,25b0ee346ae757b5fa11,R02,2019-10-10,7702.75,7718.5,7681.5,74,0.7023809523809523809523809524,2019
0.05,true,NQZ9,midnight,true,25b796c2cb49756d72bc,R04,2019-09-30,7733.875,7744.75,7730.25,58,0.7038854805725971370143149284,2019
0.1,true,NQU9,opening_hour_rth,true,25d770238230e808d456,R05,2019-07-01,7825.125,7838.25,7820.25,72,0.7042660882140274765003615329,2019
0.1,true,NQZ9,opening_hour_rth,true,25ed0124220b965d0dd4,R05,2019-10-11,7882.125,7889,7868.75,81,0.7008264462809917355371900826,2019
0.2,true,NQU9,midnight,true,25ef00acb7ed5239cd8c,R04,2019-08-27,7593.375,7598.75,7553.75,180,0.7018398268398268398268398268,2019
0.05,true,NQM9,opening_hour_rth,true,25f7e0899a3309121018,R05,2019-06-06,7217.125,7228,7214,56,0.7039473684210526315789473684,2019
0.1,true,NQZ9,prior_rth,true,25fa083ea937c642a534,R01,2019-09-23,7845.375,7897.25,7810.75,346,0.7006949806949806949806949807,2019
0.1,true,NQZ9,prior_rth,true,25fa083ea937c642a534,R02,2019-09-23,7845.375,7897.25,7810.75,346,0.7006949806949806949806949807,2019
0.05,true,NQH9,opening_hour_rth,true,25fd32f0b9887813e225,R05,2019-03-06,7157.375,7161.75,7146.5,61,0.7062146892655367231638418079,2019
0.05,true,NQH9,midnight,true,2649d2190ac51ca4b1b4,R04,2019-02-08,6873.375,6883.25,6855.5,111,0.7020774315391879131255901794,2019
0.1,true,NQZ9,prior_rth,true,265d78747cd1c284552c,R01,2019-09-18,7885.875,7890.25,7876.25,56,0.7067921990585070611970410222,2019
0.1,true,NQZ9,prior_rth,true,265d78747cd1c284552c,R02,2019-09-18,7885.875,7890.25,7876.25,56,0.7067921990585070611970410222,2019
0.2,true,NQH0,midnight,true,265f7911814ab08531aa,R04,2019-12-23,8718.875,8732.75,8712.5,81,0.7017819706498951781970649895,2019
0.05,true,NQZ9,midnight,true,26613765af84842e21c1,R04,2019-12-02,8444.375,8456,8425,124,0.7044152342433434445567913718,2019
0.05,true,NQU9,midnight,true,2662ebc665161d3610f7,R04,2019-06-21,7743.375,7755,7739.75,61,0.7019053472649047326367547634,2019
0.05,true,NQU9,midnight,true,26714133f81e25e946b6,R04,2019-07-26,8004.625,8016,8002.25,55,0.7087508350033400133600534402,2019
0.05,true,NQU9,full_overnight,true,2676c92c7c3afdf5225c,R03,2019-09-06,7870.875,7882,7866.5,62,0.7024667405764966740576496674,2019
0.1,true,NQH9,opening_hour_rth,true,268d90589658627d888a,R05,2019-01-15,6640.875,6656,6618,152,0.7016637980493402180149168101,2019
0.1,true,NQM9,prior_rth,true,268f7d96f98c2ab5fe3b,R01,2019-03-22,7481.625,7527,7450,308,0.7017857142857142857142857143,2019
0.1,true,NQM9,prior_rth,true,268f7d96f98c2ab5fe3b,R02,2019-03-22,7481.625,7527,7450,308,0.7017857142857142857142857143,2019
0.2,true,NQU9,full_overnight,true,269a11f13f37096177d6,R03,2019-08-21,7733.25,7751,7693,116,0.7125407166123778501628664495,2019
0.2,true,NQU9,opening_hour_rth,true,26c48ac8c0e42d9fb691,R05,2019-08-14,7593.5,7618,7586,32,0.7226173541963015647226173542,2019
0.2,true,NQH9,opening_hour_rth,true,26d260f73766d119994c,R05,2019-01-07,6434.625,6450,6430.5,26,0.7191435768261964735516372796,2019
0.2,true,NQZ9,midnight,true,26d3054e10744da9a41c,R04,2019-10-08,7694.375,7740.25,7665.5,299,0.7034892138410308382800057912,2019
0.05,true,NQZ9,prior_rth,true,26e6202c8a627a45d518,R01,2019-11-25,8274.375,8277.75,8249,115,0.7045287637698898408812729498,2019
0.05,true,NQZ9,prior_rth,true,26e6202c8a627a45d518,R02,2019-11-25,8274.375,8277.75,8249,115,0.7045287637698898408812729498,2019
0.1,true,NQM9,midnight,true,27023171b999c13b1913,R04,2019-03-14,7285.625,7303.75,7283.25,82,0.7062409288824383164005805515,2019
0.05,true,NQM9,prior_rth,true,270976d5a160d0a71b48,R01,2019-06-17,7479.875,7486.5,7466.25,81,0.7017080113867425782838552257,2019
0.05,true,NQM9,prior_rth,true,270976d5a160d0a71b48,R02,2019-06-17,7479.875,7486.5,7466.25,81,0.7017080113867425782838552257,2019
0.1,true,NQU9,opening_hour_rth,true,27181fee585fa576739e,R05,2019-08-06,7513.25,7528,7493,70,0.7026578073089700996677740864,2019
0.1,true,NQM9,opening_hour_rth,true,2724d4fa136eaccc2b75,R05,2019-03-29,7391.375,7394.75,7381,55,0.7003058103975535168195718654,2019
0.1,true,NQH9,opening_hour_rth,true,272d42b507fe1bed410a,R05,2019-02-08,6854.875,6862,6845,68,0.7064102564102564102564102564,2019
0.05,true,NQM9,midnight,true,277e64be7c8479ffd3f2,R04,2019-05-06,7692.625,7716,7688.5,110,0.7004723944493652199586654857,2019
0.1,true,NQZ9,full_overnight,true,27808ad712956ea18eef,R03,2019-10-15,7877.375,7891.25,7862,117,0.7036267774404857005911487458,2019
0.05,true,NQZ9,prior_rth,true,2782ab97a5e466a0fcce,R01,2019-12-13,8434.625,8467.5,8418.75,195,0.7003624126326689101734403313,2019
0.05,true,NQZ9,prior_rth,true,2782ab97a5e466a0fcce,R02,2019-12-13,8434.625,8467.5,8418.75,195,0.7003624126326689101734403313,2019
0.1,true,NQZ9,prior_rth,true,27982519c230a42786c7,R01,2019-12-05,8306.125,8314,8301.5,50,0.7078790882061446977205153617,2019
0.1,true,NQZ9,prior_rth,true,27982519c230a42786c7,R02,2019-12-05,8306.125,8314,8301.5,50,0.7078790882061446977205153617,2019
0.2,true,NQH9,full_overnight,true,279feb44989449835638,R03,2019-02-21,7065.875,7090.5,7051.25,157,0.7019230769230769230769230769,2019
0.1,true,NQM9,full_overnight,true,27cd495db915c39c5951,R03,2019-06-06,7253.625,7263.5,7224.5,156,0.7053127101546738399462004035,2019
0.1,true,NQU9,midnight,true,27e2f9844705c9535bd4,R04,2019-08-07,7551.875,7568.75,7480.25,354,0.700494764699114026003912093,2019
0.05,true,NQM9,prior_rth,true,281a511c642450da140c,R01,2019-03-21,7371.625,7420.5,7351.5,276,0.7020340846619021440351841671,2019
0.05,true,NQM9,prior_rth,true,281a511c642450da140c,R02,2019-03-21,7371.625,7420.5,7351.5,276,0.7020340846619021440351841671,2019
0.2,true,NQM9,prior_rth,true,282aab9dff75f3b5a7bd,R01,2019-03-22,7481.75,7511,7424,174,0.7019778746228628897083473014,2019
0.2,true,NQM9,prior_rth,true,282aab9dff75f3b5a7bd,R02,2019-03-22,7481.75,7511,7424,174,0.7019778746228628897083473014,2019
0.05,true,NQU9,full_overnight,true,28479828402c5874ce83,R03,2019-08-16,7547.875,7588.75,7531,231,0.702159124519372966577935522,2019
0.2,true,NQH0,prior_rth,true,286621fdd9531ef7a9af,R01,2019-12-27,8786.875,8793.25,8764.5,115,0.7019392917369308600337268128,2019
0.2,true,NQH0,prior_rth,true,286621fdd9531ef7a9af,R02,2019-12-27,8786.875,8793.25,8764.5,115,0.7019392917369308600337268128,2019
0.1,true,NQZ9,prior_rth,true,286b37fa7a7e0a32a743,R01,2019-10-07,7736.75,7759,7705.5,107,0.7054144998470480269195472622,2019
0.1,true,NQZ9,prior_rth,true,286b37fa7a7e0a32a743,R02,2019-10-07,7736.75,7759,7705.5,107,0.7054144998470480269195472622,2019
0.05,true,NQZ9,prior_rth,true,288ac72ad23bc28479e8,R01,2019-12-09,8401.375,8404.75,8385,79,0.7015182884748102139406487233,2019
0.05,true,NQZ9,prior_rth,true,288ac72ad23bc28479e8,R02,2019-12-09,8401.375,8404.75,8385,79,0.7015182884748102139406487233,2019
0.1,true,NQM9,full_overnight,true,289e2c319b2ca52491b0,R03,2019-04-25,7856.375,7869.75,7853.5,65,0.7074657186389029964448958862,2019
0.2,true,NQU9,midnight,true,28b02472b6d20cf86579,R04,2019-09-03,7634.125,7640.75,7611.25,118,0.7025730994152046783625730994,2019
0.05,true,NQH0,full_overnight,true,28c232626c203b575a47,R03,2019-12-17,8608.125,8613.25,8596.5,67,0.704225352112676056338028169,2019
0.05,true,NQM9,prior_rth,true,28c52d51dece9af8b30b,R01,2019-05-09,7646.125,7672,7636.5,142,0.7036792970895112575507962658,2019
0.05,true,NQM9,prior_rth,true,28c52d51dece9af8b30b,R02,2019-05-09,7646.125,7672,7636.5,142,0.7036792970895112575507962658,2019
0.2,true,NQH9,full_overnight,true,28c57b15121a453ea81c,R03,2019-02-06,7016.875,7025.25,7004.75,82,0.7016456507800812139346014106,2019
0.05,true,NQH9,prior_rth,true,28d639f4fb5459528db1,R01,2019-01-09,6557.875,6567.5,6511.5,224,0.701385681293302540415704388,2019
0.05,true,NQH9,prior_rth,true,28d639f4fb5459528db1,R02,2019-01-09,6557.875,6567.5,6511.5,224,0.701385681293302540415704388,2019
0.1,true,NQU9,midnight,true,2910f3614357def0cf93,R04,2019-06-28,7698.125,7702.75,7688.75,56,0.7008354755784061696658097686,2019
0.05,true,NQU9,midnight,true,296e17ff70f8b5f8b3db,R04,2019-09-06,7876.375,7882.25,7865.75,66,0.7030723488602576808721506442,2019
0.1,true,NQH9,opening_hour_rth,true,299c0645d401a4eb06fa,R05,2019-01-11,6597.625,6600.25,6583,69,0.7026854219948849104859335038,2019
0.2,true,NQM9,prior_rth,true,29a42fd554dd20debefb,R01,2019-04-15,7643.25,7649.5,7635.5,28,0.7040586245772266065388951522,2019
0.2,true,NQM9,prior_rth,true,29a42fd554dd20debefb,R02,2019-04-15,7643.25,7649.5,7635.5,28,0.7040586245772266065388951522,2019
0.05,true,NQZ9,opening_hour_rth,true,29ada2e58dc40486aa1d,R05,2019-10-25,7964.875,7981,7949.75,125,0.7017699115044247787610619469,2019
0.2,true,NQZ9,prior_rth,true,29b09126d47dedbf114d,R01,2019-09-24,7850.75,7856.5,7830,53,0.7083936324167872648335745297,2019
0.2,true,NQZ9,prior_rth,true,29b09126d47dedbf114d,R02,2019-09-24,7850.75,7856.5,7830,53,0.7083936324167872648335745297,2019
0.2,true,NQM9,opening_hour_rth,true,29bcca6c255bf77d9af8,R05,2019-05-21,7445.25,7455.5,7439,33,0.7111111111111111111111111111,2019
0.05,true,NQH9,midnight,true,29c28df966c3066b5d54,R04,2019-01-28,6756.875,6761,6746.25,59,0.7036703445170006755235307363,2019
0.05,true,NQH9,full_overnight,true,29d2bea5d3314e7dca3a,R03,2019-01-17,6655.125,6659.5,6631.5,112,0.7031743850487838394942971005,2019
0.05,true,NQZ9,midnight,true,2a00c41ee227f902ef24,R04,2019-11-05,8237.125,8241,8234,28,0.712486883525708289611752361,2019
0.05,true,NQH9,full_overnight,true,2a14b211b277955ce84e,R03,2019-01-04,6238.625,6284.25,6196.5,351,0.7008788917026664680470728437,2019
0.05,true,NQU9,opening_hour_rth,true,2a3d9dab04b3576e7107,R05,2019-07-24,7972.875,7977,7963.75,53,0.7016361886429258902791145332,2019
0.05,true,NQM9,prior_rth,true,2a4005915e5c35712f41,R01,2019-05-31,7242.875,7257,7230.75,105,0.7026641294005708848715509039,2019
0.05,true,NQM9,prior_rth,true,2a4005915e5c35712f41,R02,2019-05-31,7242.875,7257,7230.75,105,0.7026641294005708848715509039,2019
0.2,true,NQM9,opening_hour_rth,true,2a48297b094ebf1b30ae,R05,2019-05-02,7777.75,7790,7754.5,71,0.7034383954154727793696275072,2019
0.1,true,NQM9,full_overnight,true,2a4a3fb6a2e6a8a3007c,R03,2019-05-29,7233.875,7254.25,7223.75,122,0.702346041055718475073313783,2019
0.2,true,NQH9,midnight,true,2a62b56b4bafe744e9c5,R04,2019-02-04,6880.625,6885.75,6875.25,42,0.713740458015267175572519084,2019
0.05,true,NQH9,opening_hour_rth,true,2a76ab55f79e863a893b,R05,2019-02-19,7069.375,7075.5,7061.5,56,0.7076142131979695431472081218,2019
0.2,true,NQM9,full_overnight,true,2aacf963bf38a3d27b6e,R03,2019-05-23,7385.375,7398,7339.5,234,0.7029611706417790067980182049,2019
0.1,true,NQU9,midnight,true,2b1226b4230c1b12490e,R04,2019-08-08,7586.375,7602.5,7579.75,91,0.7024849808847624249044238121,2019
0.2,true,NQU9,full_overnight,true,2b15d7c4450664f0cd82,R03,2019-09-10,7807.625,7828.75,7793,143,0.7010475423045930701047542305,2019
0.1,true,NQH9,midnight,true,2b231988859a1852e017,R04,2019-03-01,7155.125,7157.75,7145,51,0.7111667859699355762347888332,2019
0.1,true,NQZ9,prior_rth,true,2b4cf6070c10b6d45d99,R01,2019-12-04,8203.75,8224,8187,74,0.7016590389016018306636155606,2019
0.1,true,NQZ9,prior_rth,true,2b4cf6070c10b6d45d99,R02,2019-12-04,8203.75,8224,8187,74,0.7016590389016018306636155606,2019
0.1,true,NQM9,midnight,true,2b50c485663afdb8b31b,R04,2019-04-23,7728.125,7742,7725,68,0.7002595155709342560553633218,2019
0.2,true,NQH9,opening_hour_rth,true,2b649a55acbc980d19c3,R05,2019-01-16,6725.25,6732.5,6710,45,0.7004680187207488299531981279,2019
0.1,true,NQM9,midnight,true,2b73966e6cacb60d857d,R04,2019-06-12,7487.125,7493.25,7480,53,0.7011630666983147400901970093,2019
0.2,true,NQH0,opening_hour_rth,true,2b78a7166cb8ae3a3c14,R05,2019-12-18,8617.375,8623,8612,44,0.7188872620790629575402635432,2019
0.2,true,NQH9,opening_hour_rth,true,2bd10cc140870ff0576a,R05,2019-02-07,6921.75,6934,6917,34,0.7033678756476683937823834197,2019
0.05,true,NQM9,midnight,true,2bd4a7b47282eaff9c84,R04,2019-05-14,7368.875,7384,7355.25,115,0.7001626604012289896981745888,2019
0.05,true,NQH9,prior_rth,true,2bf345af12d4a8bbf09d,R01,2019-01-14,6590.125,6603.25,6584.25,76,0.70533268889962945062026744,2019
0.05,true,NQH9,prior_rth,true,2bf345af12d4a8bbf09d,R02,2019-01-14,6590.125,6603.25,6584.25,76,0.70533268889962945062026744,2019
0.05,true,NQM9,prior_rth,true,2c0a21476f5f9793dac3,R01,2019-04-11,7620.375,7628.5,7606,90,0.7083014048531289910600255428,2019
0.05,true,NQM9,prior_rth,true,2c0a21476f5f9793dac3,R02,2019-04-11,7620.375,7628.5,7606,90,0.7083014048531289910600255428,2019
0.05,true,NQH9,midnight,true,2c125f06defbb9a84d48,R04,2019-03-05,7153.875,7160.25,7144.75,62,0.7007551919446192573945877911,2019
0.1,true,NQM9,prior_rth,true,2c1554c049813f26a889,R01,2019-05-01,7796.625,7801.5,7777.5,96,0.7053966975432944019331453886,2019
0.1,true,NQM9,prior_rth,true,2c1554c049813f26a889,R02,2019-05-01,7796.625,7801.5,7777.5,96,0.7053966975432944019331453886,2019
0.1,true,NQM9,opening_hour_rth,true,2c18df4a508c63c24fb9,R05,2019-05-13,7369.25,7419,7353.5,131,0.7041942604856512141280353201,2019
0.05,true,NQH0,prior_rth,true,2c2456386485e4aab004,R01,2019-12-26,8729.375,8732.5,8724.5,32,0.7015130674002751031636863824,2019
0.05,true,NQH0,prior_rth,true,2c2456386485e4aab004,R02,2019-12-26,8729.375,8732.5,8724.5,32,0.7015130674002751031636863824,2019
0.05,true,NQZ9,prior_rth,true,2c74a41b002a813f3900,R01,2019-12-04,8203.625,8222.75,8186.25,146,0.7012750455373406193078324226,2019
0.05,true,NQZ9,prior_rth,true,2c74a41b002a813f3900,R02,2019-12-04,8203.625,8222.75,8186.25,146,0.7012750455373406193078324226,2019
0.05,true,NQU9,midnight,true,2c7583699d10c1b4eda1,R04,2019-08-05,7569.875,7599,7551,192,0.7008041627246925260170293283,2019
0.2,true,NQZ9,prior_rth,true,2cbbf7e2d92c7a4e29ed,R01,2019-09-30,7693.25,7755,7648.5,213,0.7015145140933950357593605385,2019
0.2,true,NQZ9,prior_rth,true,2cbbf7e2d92c7a4e29ed,R02,2019-09-30,7693.25,7755,7648.5,213,0.7015145140933950357593605385,2019
0.2,true,NQM9,full_overnight,true,2ccbb1fa7e3e285093ec,R03,2019-06-03,7086.25,7099.5,7080.5,38,0.7038749449581682078379568472,2019
0.05,true,NQM9,opening_hour_rth,true,2cd4591fb09b4b3b9144,R05,2019-05-28,7360.875,7367.25,7342,101,0.7018763029881862404447533009,2019
0.2,true,NQH9,midnight,true,2cd53546a1bed09ebe12,R04,2019-01-16,6685.125,6689,6677.5,46,0.7100073046018991964937910884,2019
0.1,true,NQM9,prior_rth,true,2cdfe10bb312a0c748fb,R01,2019-03-18,7351.875,7356.75,7323.5,133,0.7008840864440078585461689587,2019
0.1,true,NQM9,prior_rth,true,2cdfe10bb312a0c748fb,R02,2019-03-18,7351.875,7356.75,7323.5,133,0.7008840864440078585461689587,2019
0.2,true,NQZ9,full_overnight,true,2d5997979a27c8900bf8,R03,2019-11-05,8236.375,8242.25,8233,37,0.7006472491909385113268608414,2019
0.05,true,NQU9,prior_rth,true,2d775885c29f8c6b55af,R01,2019-08-16,7499.75,7517.5,7477.5,80,0.7043184015468901063486948115,2019
0.05,true,NQU9,prior_rth,true,2d775885c29f8c6b55af,R02,2019-08-16,7499.75,7517.5,7477.5,80,0.7043184015468901063486948115,2019
0.1,true,NQZ9,midnight,true,2d870a7679bc32db9867,R04,2019-11-26,8377.625,8384,8375.25,35,0.7015547971179370496776640121,2019
0.2,true,NQM9,opening_hour_rth,true,2d876ba3672df2a6b3a8,R05,2019-04-01,7467.625,7473.25,7456.25,68,0.7054747054747054747054747055,2019
0.1,true,NQU9,full_overnight,true,2d877ce283b090792dee,R03,2019-07-01,7824.125,7838.5,7799,158,0.7034789045151739452257586973,2019
0.05,true,NQZ9,opening_hour_rth,true,2d9b1a2f169a8db560f0,R05,2019-11-26,8383.125,8385.25,8374.5,43,0.7071352502662406815761448349,2019
0.05,true,NQZ9,midnight,true,2da7c77a4371d9b2715b,R04,2019-12-12,8415.375,8428.5,8401.75,107,0.7005031074282332050902633915,2019
0.2,true,NQU9,opening_hour_rth,true,2e2cd749b3432493ffff,R05,2019-08-08,7599.5,7624,7585,39,0.7191919191919191919191919192,2019
0.05,true,NQM9,opening_hour_rth,true,2e6c74bf616fbbbb539a,R05,2019-05-06,7739.875,7760.25,7728.25,128,0.7028639618138424821002386635,2019
0.1,true,NQH9,opening_hour_rth,true,2e747e59d38b631b6614,R05,2019-02-06,7018.625,7037.5,6992.75,179,0.7019230769230769230769230769,2019
0.1,true,NQM9,midnight,true,2e7d8cd23dbf6c3be6dc,R04,2019-03-27,7399.125,7400.75,7374.5,105,0.7054413542926239419588875453,2019
0.1,true,NQM9,midnight,true,2ea0f53e8f3c02f38438,R04,2019-04-03,7564.875,7571,7562,36,0.7098700386371619248331577099,2019
0.1,true,NQU9,prior_rth,true,2eafdeb9130a30076dc8,R01,2019-06-27,7686.625,7717.5,7663.25,217,0.70064696625284140584018185,2019
0.1,true,NQU9,prior_rth,true,2eafdeb9130a30076dc8,R02,2019-06-27,7686.625,7717.5,7663.25,217,0.70064696625284140584018185,2019
0.1,true,NQU9,full_overnight,true,2ed478a77e466768d33a,R03,2019-09-04,7692.875,7730,7658.5,286,0.7019374068554396423248882265,2019
0.1,true,NQU9,prior_rth,true,2ee5e6cf6a5a02077626,R01,2019-08-13,7606.75,7625.5,7585,81,0.7025033527045149754135002235,2019
0.1,true,NQU9,prior_rth,true,2ee5e6cf6a5a02077626,R02,2019-08-13,7606.75,7625.5,7585,81,0.7025033527045149754135002235,2019
0.1,true,NQM9,midnight,true,2ef09d66eb71810a2a91,R04,2019-05-17,7566.875,7578.25,7539.5,155,0.7013867002836432398361172392,2019
0.1,true,NQZ9,full_overnight,true,2ef2e51502abc612348f,R03,2019-10-14,7877.25,7890,7841.5,97,0.702132107023411371237458194,2019
0.05,true,NQU9,opening_hour_rth,true,2f03496903d666494c50,R05,2019-07-18,7892.375,7899,7885,56,0.7036409822184589331075359865,2019
0.2,true,NQM9,midnight,true,2f12b17ad987d5cfaaef,R04,2019-03-28,7336.125,7343.75,7322.75,84,0.7012118679481821980777267029,2019
0.1,true,NQZ9,midnight,true,2f415d5c47b0323874a8,R04,2019-10-01,7792.125,7810.25,7788,89,0.707924183603562457182005024,2019
0.2,true,NQM9,full_overnight,true,2f655b826c3c0f2f0278,R03,2019-06-12,7487.25,7508,7475,66,0.7096863724673882875381626422,2019
0.2,true,NQM9,prior_rth,true,2f6d7dbc1a7d2a89b9a0,R01,2019-05-15,7440.375,7458,7402.5,74,0.7033898305084745762711864407,2019
0.2,true,NQM9,prior_rth,true,2f6d7dbc1a7d2a89b9a0,R02,2019-05-15,7440.375,7458,7402.5,74,0.7033898305084745762711864407,2019
0.2,true,NQH9,full_overnight,true,2fa2d48d639384bc28a1,R03,2019-01-03,6231,6236,6198,19,0.7180327868852459016393442623,2019
0.2,true,NQU9,full_overnight,true,2fb95975adaaf09ac7a0,R03,2019-08-30,7755.125,7768.75,7713.5,221,0.7031354236157438292194796531,2019
0.05,true,NQZ9,midnight,true,2fbaa7066a7d48a63466,R04,2019-11-11,8221.875,8226.5,8217.75,35,0.7067530064754856614246068455,2019
0.1,true,NQU9,opening_hour_rth,true,2feccab556dd5cd1626f,R05,2019-06-27,7691.125,7696,7685.75,41,0.7003952569169960474308300395,2019
0.1,true,NQU9,opening_hour_rth,true,2fee74f85af2c90f3652,R05,2019-09-04,7686.875,7703.5,7678.75,99,0.7044261065266316579144786197,2019
0.1,true,NQM9,midnight,true,3048e44699580ad5c391,R04,2019-05-07,7745.375,7781,7721.5,238,0.7037320574162679425837320574,2019
0.05,true,NQH9,prior_rth,true,30656ae5ac73f139ee2f,R01,2019-02-27,7124.625,7135.5,7114.25,85,0.702622673434856175972927242,2019
0.05,true,NQH9,prior_rth,true,30656ae5ac73f139ee2f,R02,2019-02-27,7124.625,7135.5,7114.25,85,0.702622673434856175972927242,2019
0.2,true,NQH9,prior_rth,true,3081718482b7f51c316b,R01,2019-02-04,6893.25,6907,6864,86,0.7061143984220907297830374753,2019
0.2,true,NQH9,prior_rth,true,3081718482b7f51c316b,R02,2019-02-04,6893.25,6907,6864,86,0.7061143984220907297830374753,2019
0.05,true,NQM9,full_overnight,true,30a7ed088f40a1f4bac6,R03,2019-05-16,7495.125,7527.25,7481.5,183,0.7014404681521494485707855053,2019
0.1,true,NQZ9,prior_rth,true,30baa6fc76dfec300368,R01,2019-11-12,8235.625,8251.25,8231.75,78,0.7021902582543314808761033017,2019
0.1,true,NQZ9,prior_rth,true,30baa6fc76dfec300368,R02,2019-11-12,8235.625,8251.25,8231.75,78,0.7021902582543314808761033017,2019
0.2,true,NQZ9,prior_rth,true,30e4ba85b0d8bfc57e81,R01,2019-10-15,7857.25,7869,7855,28,0.7125307125307125307125307125,2019
0.2,true,NQZ9,prior_rth,true,30e4ba85b0d8bfc57e81,R02,2019-10-15,7857.25,7869,7855,28,0.7125307125307125307125307125,2019
0.2,true,NQU9,midnight,true,30efd065979961a63294,R04,2019-06-19,7679.125,7682.5,7675,30,0.7087637454181939353548817061,2019
0.2,true,NQM9,midnight,true,31034d1b7358b70f414a,R04,2019-05-06,7691.75,7716.5,7688.5,56,0.711517467248908296943231441,2019
0.2,true,NQM9,opening_hour_rth,true,310e6a826ed10fa6c6ef,R05,2019-05-16,7579.25,7590,7527.5,125,0.7012622720897615708274894811,2019
0.1,true,NQU9,full_overnight,true,313ce03fa6712ebb6cb6,R03,2019-07-02,7778.375,7791.75,7773.25,74,0.7011042485495040239565787011,2019
0.1,true,NQZ9,midnight,true,313e87d574d54782e076,R04,2019-11-14,8254.375,8262.25,8247.5,59,0.7034093822096898231222763394,2019
0.2,true,NQH9,prior_rth,true,3160b310ac0d71d51ccd,R01,2019-02-11,6863.75,6882.5,6846,73,0.70508166969147005444646098,2019
0.2,true,NQH9,prior_rth,true,3160b310ac0d71d51ccd,R02,2019-02-11,6863.75,6882.5,6846,73,0.70508166969147005444646098,2019
0.05,true,NQZ9,full_overnight,true,31700fa579b83df22711,R03,2019-10-28,8057.875,8062.25,8052.25,40,0.7061805890873973925639787542,2019
0.1,true,NQM9,prior_rth,true,31847f750e2e5999cf99,R01,2019-06-04,7006.625,7059,6944,460,0.7002815459431789096493473253,2019
0.1,true,NQM9,prior_rth,true,31847f750e2e5999cf99,R02,2019-06-04,7006.625,7059,6944,460,0.7002815459431789096493473253,2019
0.1,true,NQH0,prior_rth,true,319c8a693eede8508c53,R01,2019-12-19,8632.875,8636.25,8621.5,59,0.7004777655273796398382947446,2019
0.1,true,NQH0,prior_rth,true,319c8a693eede8508c53,R02,2019-12-19,8632.875,8636.25,8621.5,59,0.7004777655273796398382947446,2019
0.1,true,NQM9,full_overnight,true,31a46a4c48d2598d38f3,R03,2019-05-30,7233.125,7242.75,7216.25,106,0.7004206262657734849665056862,2019
0.2,true,NQU9,opening_hour_rth,true,31a46f2f95a7585240ce,R05,2019-07-02,7787.625,7793.25,7784.5,35,0.7002938295788442703232125367,2019
0.05,true,NQM9,opening_hour_rth,true,31bb8554c9a14fdb956e,R05,2019-04-18,7686.375,7700.75,7670.5,121,0.7043765483071841453344343518,2019
0.1,true,NQH9,full_overnight,true,31f4550464ec0c60e19c,R03,2019-01-04,6238.75,6284.5,6196.5,176,0.7014443977001823026223531062,2019
0.1,true,NQH9,prior_rth,true,320ab29d8f547b39cee3,R01,2019-01-08,6509.625,6533.5,6469.5,256,0.7019993298335753378755724338,2019
0.1,true,NQH9,prior_rth,true,320ab29d8f547b39cee3,R02,2019-01-08,6509.625,6533.5,6469.5,256,0.7019993298335753378755724338,2019
0.05,true,NQU9,opening_hour_rth,true,32278f805a0127cc48d5,R05,2019-08-05,7496.625,7514.75,7487.5,109,0.7000413736036408771203971866,2019
0.1,true,NQZ9,prior_rth,true,322cdb226480fe367b8b,R01,2019-11-06,8228.875,8231.5,8213.5,72,0.7030772844726333098426121682,2019
0.1,true,NQZ9,prior_rth,true,322cdb226480fe367b8b,R02,2019-11-06,8228.875,8231.5,8213.5,72,0.7030772844726333098426121682,2019
0.2,true,NQH9,opening_hour_rth,true,323b35054845bd72b238,R05,2019-03-07,7042.25,7063.5,7025,77,0.7050528789659224441833137485,2019
0.1,true,NQZ9,opening_hour_rth,true,323dedd4a1205e2c99d0,R05,2019-11-19,8342.625,8351.5,8334,70,0.7060109289617486338797814208,2019
0.05,true,NQM9,prior_rth,true,32466bfed2e5747740f9,R01,2019-06-03,7156.375,7170.25,7139.5,123,0.7015189500073735437251142899,2019
0.05,true,NQM9,prior_rth,true,32466bfed2e5747740f9,R02,2019-06-03,7156.375,7170.25,7139.5,123,0.7015189500073735437251142899,2019
0.1,true,NQH9,prior_rth,true,324eb00e105a13abb84f,R01,2019-02-15,7041.75,7047.5,7007.5,80,0.7076093469143199520671060515,2019
0.1,true,NQH9,prior_rth,true,324eb00e105a13abb84f,R02,2019-02-15,7041.75,7047.5,7007.5,80,0.7076093469143199520671060515,2019
0.2,true,NQZ9,prior_rth,true,326891e2a036be0f1744,R01,2019-09-20,7929.25,7955,7910,90,0.7059674502712477396021699819,2019
0.2,true,NQZ9,prior_rth,true,326891e2a036be0f1744,R02,2019-09-20,7929.25,7955,7910,90,0.7059674502712477396021699819,2019
0.2,true,NQZ9,opening_hour_rth,true,326b5d806b19285423f5,R05,2019-10-02,7610.625,7617.75,7595.25,30,0.7091757387247278382581648523,2019
0.2,true,NQU9,prior_rth,true,329cb4d54d4f8dadf699,R01,2019-07-23,7909.25,7918,7896,44,0.7156626506024096385542168675,2019
0.2,true,NQU9,prior_rth,true,329cb4d54d4f8dadf699,R02,2019-07-23,7909.25,7918,7896,44,0.7156626506024096385542168675,2019
0.05,true,NQZ9,opening_hour_rth,true,32a6efa312ab665e9662,R05,2019-10-08,7647.375,7677.75,7638,159,0.7003745318352059925093632959,2019
0.1,true,NQZ9,full_overnight,true,330005836a5c0d3ea467,R03,2019-09-17,7867.625,7883,7862.25,83,0.7021866338158299969202340622,2019
0.2,true,NQU9,opening_hour_rth,true,3327da5ad57eaade64b8,R05,2019-09-10,7756.25,7771.5,7749.5,44,0.7037533512064343163538873995,2019
0.1,true,NQZ9,prior_rth,true,332f2e973ebfe4eb0011,R01,2019-11-08,8266.375,8272.75,8240,131,0.7003538257408226448474126493,2019
0.1,true,NQZ9,prior_rth,true,332f2e973ebfe4eb0011,R02,2019-11-08,8266.375,8272.75,8240,131,0.7003538257408226448474126493,2019
0.05,true,NQM9,opening_hour_rth,true,3339277c4ac8d3392a2a,R05,2019-04-25,7854.375,7864.25,7814.25,200,0.7024221453287197231833910035,2019
0.1,true,NQU9,opening_hour_rth,true,33431addcade21ef412b,R05,2019-08-19,7719.375,7728.25,7695.5,131,0.7044534412955465587044534413,2019
0.1,true,NQH9,full_overnight,true,3361291acf612f0ec365,R03,2019-03-01,7155.125,7158,7137,84,0.7013274336283185840707964602,2019
0.1,true,NQZ9,opening_hour_rth,true,33671c62b97c807a1cc8,R05,2019-11-12,8268.375,8280.75,8263.5,69,0.7006711409395973154362416107,2019
0.1,true,NQU9,opening_hour_rth,true,33aa5f1386fa8f4f7cb6,R05,2019-08-27,7627.625,7636.5,7624.5,48,0.7053291536050156739811912226,2019
0.1,true,NQZ9,prior_rth,true,33afbe40bbbed8b707c5,R01,2019-10-10,7703.375,7718.5,7681.5,148,0.7029718621561808409737590895,2019
0.1,true,NQZ9,prior_rth,true,33afbe40bbbed8b707c5,R02,2019-10-10,7703.375,7718.5,7681.5,148,0.7029718621561808409737590895,2019
0.1,true,NQH9,midnight,true,33cf52db2b05f22619f5,R04,2019-02-20,7069.375,7074.5,7063.5,44,0.7005076142131979695431472081,2019
0.05,true,NQH9,full_overnight,true,33e00b0cd8a89ea031a4,R03,2019-03-04,7198.625,7201.5,7188.5,52,0.7100192678227360308285163776,2019
0.2,true,NQM9,midnight,true,33fb3355c7b2c84eef96,R04,2019-03-22,7507.125,7518,7488.5,118,0.7001522070015220700152207002,2019
0.2,true,NQH9,opening_hour_rth,true,3404effa9bfec0395957,R05,2019-02-20,7090.875,7094,7084,40,0.706986444212721584984358707,2019
0.2,true,NQM9,full_overnight,true,340a62e1b639dbc55967,R03,2019-05-06,7692.625,7720.25,7684.75,142,0.7014774044032444959443800695,2019
0.2,true,NQM9,prior_rth,true,3410c4cf3aace2c2316e,R01,2019-05-31,7240.25,7257.5,7231,53,0.7130902570233114166168559474,2019
0.2,true,NQM9,prior_rth,true,3410c4cf3aace2c2316e,R02,2019-05-31,7240.25,7257.5,7231,53,0.7130902570233114166168559474,2019
0.2,true,NQM9,midnight,true,344799e7e3d0952b21c9,R04,2019-05-17,7566.75,7578.5,7540.5,76,0.7023188405797101449275362319,2019
0.2,true,NQH9,full_overnight,true,346530c7903dcb45077e,R03,2019-02-05,6933.25,6951,6930,42,0.7007326007326007326007326007,2019
0.05,true,NQM9,full_overnight,true,346c603e07d7161860a5,R03,2019-04-26,7806.375,7810.25,7791.75,74,0.7006713912719134651249533756,2019
0.2,true,NQZ9,opening_hour_rth,true,3471519749d7aa31bea3,R05,2019-11-25,8351.125,8357.75,8339.75,72,0.7142857142857142857142857143,2019
0.05,true,NQH9,midnight,true,34adf59b2f160671ac20,R04,2019-01-09,6586.875,6590.75,6573.25,70,0.7027954038758360487051963643,2019
0.1,true,NQM9,prior_rth,true,34b37e74ab80680df357,R01,2019-04-22,7699.875,7713,7687.75,101,0.7060837503292072688964972347,2019
0.1,true,NQM9,prior_rth,true,34b37e74ab80680df357,R02,2019-04-22,7699.875,7713,7687.75,101,0.7060837503292072688964972347,2019
0.2,true,NQM9,opening_hour_rth,true,34e67b76292ad5cf6106,R05,2019-05-20,7393.875,7403.25,7376.25,36,0.7053789731051344743276283619,2019
0.1,true,NQZ9,midnight,true,34ee9c0bca23aefcc2bd,R04,2019-11-19,8368.125,8372.75,8349.75,92,0.7055322128851540616246498599,2019
0.1,true,NQZ9,midnight,true,353ab45b19ce41cffcaf,R04,2019-09-26,7830.875,7839.75,7802.75,148,0.7003780718336483931947069943,2019
0.2,true,NQH9,opening_hour_rth,true,353ca2e75aea51269f06,R05,2019-03-04,7207.375,7209.5,7196.5,52,0.7061752988047808764940239044,2019
0.1,true,NQH0,full_overnight,true,3548f32e2cba61b185ce,R03,2019-12-17,8608.125,8613.25,8596.5,67,0.704225352112676056338028169,2019
0.05,true,NQH9,opening_hour_rth,true,354bf494f3c0e2c2fde7,R05,2019-01-23,6703.875,6719.25,6699,81,0.7004968062455642299503193754,2019
0.1,true,NQM9,midnight,true,3553a975ef24c6339759,R04,2019-06-06,7253.625,7263.5,7231.75,127,0.7051416579223504721930745016,2019
0.2,true,NQU9,midnight,true,3554e79d13615ba05791,R04,2019-07-12,7935.875,7942.5,7931.5,44,0.7058624195188071840054218909,2019
0.2,true,NQU9,prior_rth,true,35754c510089a4097326,R01,2019-06-26,7687.125,7728.25,7637,365,0.7012966965112689101574560049,2019
0.2,true,NQU9,prior_rth,true,35754c510089a4097326,R02,2019-06-26,7687.125,7728.25,7637,365,0.7012966965112689101574560049,2019
0.1,true,NQU9,opening_hour_rth,true,358146c9fbf9785840ae,R05,2019-09-12,7967.375,7974.25,7932,169,0.7029934518241347053320860617,2019
0.1,true,NQM9,full_overnight,true,35948f1e90545a84f047,R03,2019-05-17,7566.875,7580.25,7520,241,0.7029189676546827454074157557,2019
0.1,true,NQZ9,full_overnight,true,35be46e85c962eadd005,R03,2019-11-14,8254.375,8265,8249.25,63,0.7001683501683501683501683502,2019
0.1,true,NQZ9,midnight,true,35cab3b0b261d4597c85,R04,2019-11-20,8315.625,8318,8301.5,66,0.7087710084033613445378151261,2019
0.05,true,NQM9,full_overnight,true,35ea862c556e0ef0e2cb,R03,2019-06-12,7487.125,7507.5,7473.75,135,0.7056664006384676775738228252,2019
0.05,true,NQH9,opening_hour_rth,true,3604529064056d513810,R05,2019-01-17,6682.125,6692,6666.75,101,0.7061818181818181818181818182,2019
0.2,true,NQM9,opening_hour_rth,true,362050abb67f520312a2,R05,2019-06-11,7569.75,7577,7559.5,35,0.7090909090909090909090909091,2019
0.05,true,NQZ9,midnight,true,3649e64c41b4db3253c6,R04,2019-11-04,8187.375,8210.5,8183.25,109,0.7060919130744567153544709654,2019
0.2,true,NQH9,full_overnight,true,367e3f310ae763fb3fb4,R03,2019-01-22,6741.375,6747.25,6726.5,83,0.7015423755764032437589441883,2019
0.1,true,NQZ9,midnight,true,36a86407f2200b3b2667,R04,2019-10-18,7937.625,7947.75,7928.5,77,0.7035281727224855186940494997,2019
0.2,true,NQM9,prior_rth,true,36c04f9827b30baa5012,R01,2019-06-11,7528.75,7551.5,7509,85,0.702109704641350210970464135,2019
0.2,true,NQM9,prior_rth,true,36c04f9827b30baa5012,R02,2019-06-11,7528.75,7551.5,7509,85,0.702109704641350210970464135,2019
0.1,true,NQM9,midnight,true,36d243bdeb97a21e4a02,R04,2019-04-15,7646.125,7651.25,7644,29,0.7172602739726027397260273973,2019
0.05,true,NQM9,prior_rth,true,36e35a7e8d158e440558,R01,2019-06-05,7146.375,7164.75,7079.5,341,0.7001775713700314164731594045,2019
0.05,true,NQM9,prior_rth,true,36e35a7e8d158e440558,R02,2019-06-05,7146.375,7164.75,7079.5,341,0.7001775713700314164731594045,2019
0.1,true,NQU9,midnight,true,370441d3c0051fd72d2b,R04,2019-07-23,7946.375,7964,7936.25,111,0.7043956043956043956043956044,2019
0.1,true,NQZ9,opening_hour_rth,true,3725038cf2acf6247096,R05,2019-11-07,8253.125,8260,8241.75,73,0.7044673539518900343642611684,2019
0.2,true,NQM9,full_overnight,true,374625ef3ffa31a85462,R03,2019-05-20,7538.75,7559,7433.5,251,0.7000531820599184541747917036,2019
0.05,true,NQM9,prior_rth,true,3785c166f1d63112bae5,R01,2019-04-04,7566.375,7593.5,7546,190,0.7006272982911529309971879732,2019
0.05,true,NQM9,prior_rth,true,3785c166f1d63112bae5,R02,2019-04-04,7566.375,7593.5,7546,190,0.7006272982911529309971879732,2019
0.2,true,NQZ9,midnight,true,3793344c841c975159e1,R04,2019-10-16,7936.875,7944.25,7933.75,42,0.7040927992996279273363974612,2019
0.1,true,NQH9,prior_rth,true,37a09cc1700206f0734e,R01,2019-01-17,6688.125,6703.75,6681.75,88,0.7035435035767759108301447347,2019
0.1,true,NQH9,prior_rth,true,37a09cc1700206f0734e,R02,2019-01-17,6688.125,6703.75,6681.75,88,0.7035435035767759108301447347,2019
0.2,true,NQH9,opening_hour_rth,true,37cd02b8801332de84ca,R05,2019-01-11,6594.75,6600.5,6583,35,0.7095179233621755253399258344,2019
0.2,true,NQU9,prior_rth,true,380be4d0c8e37a2cbd91,R01,2019-08-06,7474.875,7512.75,7416,129,0.7017052090633029665965895819,2019
0.2,true,NQU9,prior_rth,true,380be4d0c8e37a2cbd91,R02,2019-08-06,7474.875,7512.75,7416,129,0.7017052090633029665965895819,2019
0.1,true,NQU9,opening_hour_rth,true,3819ef1f59f780a17b5f,R05,2019-09-05,7829.125,7865.5,7816.25,197,0.7004608294930875576036866359,2019
0.2,true,NQU9,midnight,true,38379d91c8a3d394e5f2,R04,2019-07-31,7994.625,7997.5,7988.5,36,0.711137941442801086628433444,2019
0.05,true,NQU9,midnight,true,384dfe8a53ed10ac04fb,R04,2019-08-23,7748.625,7762,7669.5,370,0.7012966476913345983554712207,2019
0.05,true,NQZ9,midnight,true,3854976f6fbaaa16d310,R04,2019-11-26,8377.625,8384,8375.25,35,0.7015547971179370496776640121,2019
0.05,true,NQU9,midnight,true,385fe5482b1ccfb23c25,R04,2019-09-03,7634.125,7640.75,7611.25,118,0.7025730994152046783625730994,2019
0.05,true,NQZ9,opening_hour_rth,true,387fffbb0402fc2c95e6,R05,2019-10-14,7855.625,7862.75,7844.75,72,0.7029950083194675540765391015,2019
0.1,true,NQH9,full_overnight,true,389f6bf2665af07c9813,R03,2019-03-07,7099.625,7107.25,7088.5,75,0.7008755854204846263490124211,2019
0.2,true,NQM9,prior_rth,true,38a93ce1041211328f24,R01,2019-05-14,7345.5,7379,7334,45,0.7037481259370314842578710645,2019
0.2,true,NQM9,prior_rth,true,38a93ce1041211328f24,R02,2019-05-14,7345.5,7379,7334,45,0.7037481259370314842578710645,2019
0.1,true,NQZ9,prior_rth,true,38dfba7a4a7d4991dcbc,R01,2019-11-26,8363.875,8373.5,8360.25,53,0.7006229388054232319530963723,2019
0.1,true,NQZ9,prior_rth,true,38dfba7a4a7d4991dcbc,R02,2019-11-26,8363.875,8373.5,8360.25,53,0.7006229388054232319530963723,2019
0.1,true,NQU9,opening_hour_rth,true,38eeeacb6ce39103413b,R05,2019-08-20,7692.75,7706.5,7687,39,0.7019704433497536945812807882,2019
0.05,true,NQZ9,opening_hour_rth,true,38fd5b384d15ed070e1f,R05,2019-12-10,8361.125,8372.5,8347,102,0.7014563106796116504854368932,2019
0.2,true,NQZ9,opening_hour_rth,true,391fea26ab1c0ec01e6b,R05,2019-11-20,8328.25,8333.5,8323.5,20,0.7016274864376130198915009042,2019
0.05,true,NQU9,midnight,true,3942ffa41af0373b8ef2,R04,2019-06-26,7637.375,7680,7621.75,233,0.7061493079192194236442024053,2019
0.2,true,NQU9,midnight,true,3989421df57070a21819,R04,2019-09-06,7876.375,7882.25,7865.75,66,0.7030723488602576808721506442,2019
0.1,true,NQZ9,midnight,true,3990dcab23c522b64fbd,R04,2019-12-11,8363.625,8377.25,8357.5,79,0.7072567344694887300714678395,2019
0.1,true,NQH0,full_overnight,true,39bda778a0467c148341,R03,2019-12-19,8619.875,8622.5,8613.5,36,0.7104072398190045248868778281,2019
0.05,true,NQZ9,opening_hour_rth,true,39d3fb6b2b6abbcbf10f,R05,2019-10-04,7714.375,7717.75,7694.25,94,0.7056623931623931623931623932,2019
0.1,true,NQU9,full_overnight,true,39ffd5bd4a83a9ab73e5,R03,2019-08-01,7868.75,7893,7856,74,0.705359288632540254746455179,2019
0.05,true,NQZ9,prior_rth,true,3a0918137c3feac31097,R01,2019-10-01,7771.625,7779,7737.25,167,0.7026196928635953026196928636,2019
0.05,true,NQZ9,prior_rth,true,3a0918137c3feac31097,R02,2019-10-01,7771.625,7779,7737.25,167,0.7026196928635953026196928636,2019
0.05,true,NQZ9,midnight,true,3a382ab85d2203b822a8,R04,2019-12-03,8328.375,8336.5,8259.25,309,0.7001530807500956754688097972,2019
0.1,true,NQZ9,prior_rth,true,3a4a50c6821c92bc4403,R01,2019-11-27,8393.375,8398.5,8383.5,60,0.7000917150718434729440538062,2019
0.1,true,NQZ9,prior_rth,true,3a4a50c6821c92bc4403,R02,2019-11-27,8393.375,8398.5,8383.5,60,0.7000917150718434729440538062,2019
0.05,true,NQZ9,midnight,true,3a5c86f3fd6fce38daf0,R04,2019-11-06,8217.375,8222,8212.25,39,0.700038358266206367472190257,2019
0.2,true,NQM9,opening_hour_rth,true,3a7b0b4ea4223bc0f4c6,R05,2019-05-31,7153.25,7163.5,7145.5,36,0.7064676616915422885572139303,2019
0.2,true,NQU9,midnight,true,3a857a06085bde3c0e1f,R04,2019-08-05,7570.125,7599,7551,64,0.7014411027568922305764411028,2019
0.1,true,NQU9,full_overnight,true,3a9deac52486037f1d18,R03,2019-08-20,7732.875,7745.75,7722.25,94,0.7042490534286916281026503997,2019
0.2,true,NQU9,opening_hour_rth,true,3ab3b4b43fcfd81e8c74,R05,2019-08-06,7513.5,7528,7492,36,0.7138314785373608903020667727,2019
0.1,true,NQZ9,prior_rth,true,3ab4b6d7707a47f43df0,R01,2019-10-16,7956.125,7966.75,7933.75,132,0.7014229064613949148588756706,2019
0.1,true,NQZ9,prior_rth,true,3ab4b6d7707a47f43df0,R02,2019-10-16,7956.125,7966.75,7933.75,132,0.7014229064613949148588756706,2019
0.05,true,NQH9,prior_rth,true,3aded5ea06665b89e1dc,R01,2019-01-18,6688.375,6709,6644.25,259,0.7018341670456268000606336213,2019
0.05,true,NQH9,prior_rth,true,3aded5ea06665b89e1dc,R02,2019-01-18,6688.375,6709,6644.25,259,0.7018341670456268000606336213,2019
0.05,true,NQU9,midnight,true,3ae656cac7c26b61b362,R04,2019-07-29,8025.625,8030.5,8012.75,71,0.7033333333333333333333333333,2019
0.2,true,NQH9,full_overnight,true,3b01d3cc90de35ace011,R03,2019-01-08,6522.75,6537,6503,68,0.7073422957600827300930713547,2019
0.2,true,NQU9,prior_rth,true,3b1d3f5d2f57b1bc2f50,R01,2019-08-14,7738.875,7762.5,7722,54,0.7020946470131885182311869666,2019
0.2,true,NQU9,prior_rth,true,3b1d3f5d2f57b1bc2f50,R02,2019-08-14,7738.875,7762.5,7722,54,0.7020946470131885182311869666,2019
0.05,true,NQZ9,full_overnight,true,3b2bdc82ea007c025c16,R03,2019-12-03,8328.875,8336,8277,236,0.7003498385360602798708288482,2019
0.1,true,NQM9,midnight,true,3b4cdfb0989e172d9c17,R04,2019-03-19,7366.125,7387.5,7360.5,108,0.7102022867194371152154793316,2019
0.05,true,NQH9,prior_rth,true,3bafcf86b80a7b5f282d,R01,2019-03-06,7162.375,7173.5,7150.5,92,0.7027978869105850127176677754,2019
0.05,true,NQH9,prior_rth,true,3bafcf86b80a7b5f282d,R02,2019-03-06,7162.375,7173.5,7150.5,92,0.7027978869105850127176677754,2019
0.2,true,NQM9,prior_rth,true,3bb53e33a71cf4de6eca,R01,2019-03-28,7331.25,7357.5,7288.5,138,0.7021769337656322371468272348,2019
0.2,true,NQM9,prior_rth,true,3bb53e33a71cf4de6eca,R02,2019-03-28,7331.25,7357.5,7288.5,138,0.7021769337656322371468272348,2019
0.05,true,NQH9,full_overnight,true,3bcb3e64fa4a53c882b6,R03,2019-02-08,6873.375,6887.5,6863,98,0.7005029721079103795153177869,2019
0.1,true,NQH9,opening_hour_rth,true,3bcb8b6ab32943def87d,R05,2019-02-13,7057.375,7062,7045,68,0.7075940383250532292405961675,2019
0.05,true,NQU9,prior_rth,true,3bd1c1641091dca2051a,R01,2019-08-12,7666.125,7692.25,7633.5,235,0.7008276284867681618473485236,2019
0.05,true,NQU9,prior_rth,true,3bd1c1641091dca2051a,R02,2019-08-12,7666.125,7692.25,7633.5,235,0.7008276284867681618473485236,2019
0.2,true,NQH0,midnight,true,3be94d2d5ac9b06ca988,R04,2019-12-30,8789.125,8800.5,8781.75,75,0.700505475989890480202190396,2019
0.05,true,NQM9,prior_rth,true,3c0d10b8042054c0fd9f,R01,2019-03-27,7356.375,7411.75,7346.75,260,0.7043683917640511964385086255,2019
0.05,true,NQM9,prior_rth,true,3c0d10b8042054c0fd9f,R02,2019-03-27,7356.375,7411.75,7346.75,260,0.7043683917640511964385086255,2019
0.05,true,NQZ9,prior_rth,true,3c0e412318d776a74813,R01,2019-10-11,7752.875,7761,7728,132,0.7002764440564527862650953005,2019
0.05,true,NQZ9,prior_rth,true,3c0e412318d776a74813,R02,2019-10-11,7752.875,7761,7728,132,0.7002764440564527862650953005,2019
0.05,true,NQM9,prior_rth,true,3c88b4064cb9db64e1c6,R01,2019-04-30,7853.375,7859.25,7842.25,68,0.7002504870581686612858335653,2019
0.05,true,NQM9,prior_rth,true,3c88b4064cb9db64e1c6,R02,2019-04-30,7853.375,7859.25,7842.25,68,0.7002504870581686612858335653,2019
0.05,true,NQM9,midnight,true,3c96472ac1867960ac10,R04,2019-05-29,7233.875,7239.5,7225.75,55,0.7017999628873631471516051215,2019
0.1,true,NQZ9,full_overnight,true,3c9b2ffe0a1f7f72c404,R03,2019-12-06,8324.125,8339.25,8317.25,88,0.701739499363597793805685193,2019
0.2,true,NQZ9,opening_hour_rth,true,3c9eb8302bf021b948f5,R05,2019-12-13,8506.875,8520,8467.5,42,0.7211740041928721174004192872,2019
0.05,true,NQZ9,full_overnight,true,3cb837bde2454bb25fab,R03,2019-12-09,8386.875,8393.75,8385.5,33,0.7019953355791655869396216636,2019
0.1,true,NQZ9,opening_hour_rth,true,3cea1a644e86a427b430,R05,2019-10-18,7947.375,7954.5,7935.75,75,0.7009674582233948988566402814,2019
0.2,true,NQH9,prior_rth,true,3d053ec90d21b4288ee6,R01,2019-02-12,6928.75,6939,6913.5,51,0.7139287945034353529044347283,2019
0.2,true,NQH9,prior_rth,true,3d053ec90d21b4288ee6,R02,2019-02-12,6928.75,6939,6913.5,51,0.7139287945034353529044347283,2019
0.1,true,NQH9,full_overnight,true,3d0a5747a28dc3c4d2a9,R03,2019-02-01,6886.75,6897,6878.5,37,0.7085234093637454981992797119,2019
0.1,true,NQZ9,full_overnight,true,3d2135e943b37a9567e4,R03,2019-12-02,8444.375,8454.5,8426.5,112,0.7047511312217194570135746606,2019
0.2,true,NQZ9,full_overnight,true,3d322ed7010eff1ba67f,R03,2019-10-11,7780.875,7836.75,7767,93,0.7030129124820659971305595409,2019
0.05,true,NQH9,opening_hour_rth,true,3d3e9bf0ea4f5a363b02,R05,2019-01-28,6676.625,6682.5,6661.75,83,0.701608100059559261465157832,2019
0.1,true,NQU9,prior_rth,true,3d86a3cd6dfec296f868,R01,2019-08-09,7696.75,7729,7649.5,159,0.701553556827473426001635323,2019
0.1,true,NQU9,prior_rth,true,3d86a3cd6dfec296f868,R02,2019-08-09,7696.75,7729,7649.5,159,0.701553556827473426001635323,2019
0.2,true,NQU9,full_overnight,true,3db198620601136f7dde,R03,2019-09-12,7935.25,7953,7921,64,0.7004323656578134651019147622,2019
0.1,true,NQU9,full_overnight,true,3db53b75bccbaa84e98f,R03,2019-08-30,7755.125,7768.75,7713.5,221,0.7031354236157438292194796531,2019
0.1,true,NQH9,prior_rth,true,3dc3dc3dea99c377030f,R01,2019-03-01,7110.875,7118.25,7093.5,99,0.705433122408902465633864281,2019
0.1,true,NQH9,prior_rth,true,3dc3dc3dea99c377030f,R02,2019-03-01,7110.875,7118.25,7093.5,99,0.705433122408902465633864281,2019
0.05,true,NQH0,midnight,true,3dd8ff8276c7b217bceb,R04,2019-12-17,8608.125,8617,8600.5,66,0.7044476327116212338593974175,2019
0.1,true,NQZ9,midnight,true,3df2cf16452275a7b4fd,R04,2019-10-16,7936.875,7944.25,7933.75,42,0.7040927992996279273363974612,2019
0.05,true,NQM9,prior_rth,true,3e012cd8aa09a0cbb352,R01,2019-05-29,7336.125,7359,7322,148,0.7021244985886198187490714604,2019
0.05,true,NQM9,prior_rth,true,3e012cd8aa09a0cbb352,R02,2019-05-29,7336.125,7359,7322,148,0.7021244985886198187490714604,2019
0.05,true,NQU9,full_overnight,true,3e0b6158bce1041aa04d,R03,2019-06-26,7637.625,7671.5,7622.25,197,0.7005556389848325574410572158,2019
0.1,true,NQH9,full_overnight,true,3e1f5d70dc374c79e948,R03,2019-02-21,7065.875,7090.5,7051.25,157,0.7019230769230769230769230769,2019
0.1,true,NQZ9,midnight,true,3e4ac0f0d4e8842c39ea,R04,2019-10-23,7846.125,7857.25,7841.25,64,0.7007299270072992700729927007,2019
0.1,true,NQU9,full_overnight,true,3e4c28ec586877388458,R03,2019-08-14,7743.125,7759.5,7670.5,356,0.7013232514177693761814744802,2019
0.05,true,NQU9,opening_hour_rth,true,3e544d1390607d1589f2,R05,2019-08-19,7719.375,7728.25,7695.5,131,0.7044534412955465587044534413,2019
0.05,true,NQZ9,midnight,true,3e6427c989d2760e6bd5,R04,2019-12-09,8393.125,8396.5,8388.25,33,0.7149084568439407149084568439,2019
0.1,true,NQH9,opening_hour_rth,true,3e98df4272368ef30b7f,R05,2019-02-19,7069.375,7075.5,7061.5,56,0.7076142131979695431472081218,2019
0.05,true,NQM9,midnight,true,3ef2e98f0875e3d7ff14,R04,2019-05-08,7674.625,7697.5,7627.75,279,0.7026001405481377371749824315,2019
0.1,true,NQH0,midnight,true,3f05ac20d1a699ec352d,R04,2019-12-18,8612.125,8615.25,8603.25,48,0.7034684904738641914997557401,2019
0.1,true,NQZ9,prior_rth,true,3f132ce3d78369e56f61,R01,2019-10-25,7954.875,7971.75,7945.75,104,0.7009345794392523364485981308,2019
0.1,true,NQZ9,prior_rth,true,3f132ce3d78369e56f61,R02,2019-10-25,7954.875,7971.75,7945.75,104,0.7009345794392523364485981308,2019
0.1,true,NQU9,prior_rth,true,3f6a488b8d10cf96ae8d,R01,2019-09-16,7896.875,7908.5,7889.75,75,0.7039497969730527870062753784,2019
0.1,true,NQU9,prior_rth,true,3f6a488b8d10cf96ae8d,R02,2019-09-16,7896.875,7908.5,7889.75,75,0.7039497969730527870062753784,2019
0.05,true,NQZ9,prior_rth,true,3f868801233b816318b5,R01,2019-12-16,8496.375,8503.25,8472.25,124,0.7010247136829415310427968656,2019
0.05,true,NQZ9,prior_rth,true,3f868801233b816318b5,R02,2019-12-16,8496.375,8503.25,8472.25,124,0.7010247136829415310427968656,2019
0.2,true,NQU9,prior_rth,true,3f872b5d0f2105a816eb,R01,2019-07-31,7963.75,7973,7958,30,0.7064185339916445119635396886,2019
0.2,true,NQU9,prior_rth,true,3f872b5d0f2105a816eb,R02,2019-07-31,7963.75,7973,7958,30,0.7064185339916445119635396886,2019
0.05,true,NQU9,midnight,true,3fa2993966d4ac30bc21,R04,2019-09-10,7807.625,7820.25,7798.25,88,0.7013061851709565885516711487,2019
0.05,true,NQH9,prior_rth,true,3fa5758b54b3e0016cf5,R01,2019-02-11,6863.625,6881.25,6845.25,144,0.7010756140632525284957457056,2019
0.05,true,NQH9,prior_rth,true,3fa5758b54b3e0016cf5,R02,2019-02-11,6863.625,6881.25,6845.25,144,0.7010756140632525284957457056,2019
0.05,true,NQM9,midnight,true,3fa618e906fa1a6bcc07,R04,2019-05-13,7481.625,7504.5,7414,362,0.7040266328471781864299302473,2019
0.2,true,NQZ9,midnight,true,3fb0264b6207856c8e44,R04,2019-09-25,7708.875,7731.25,7688.75,170,0.7033707865168539325842696629,2019
0.2,true,NQU9,opening_hour_rth,true,3fbe09500baa38988bc5,R05,2019-07-16,7977.125,7984,7975.25,35,0.7087126137841352405721716515,2019
0.2,true,NQM9,opening_hour_rth,true,3fe1c5f4567725933149,R05,2019-05-09,7506.375,7533,7488.75,59,0.7052896725440806045340050378,2019
0.2,true,NQZ9,full_overnight,true,401a930797962966f682,R03,2019-11-22,8295.375,8300.75,8289.25,46,0.7012171181782489202983902631,2019
0.2,true,NQM9,opening_hour_rth,true,401f9728d1778693197c,R05,2019-05-24,7361.75,7371,7358,26,0.7153748411689961880559085133,2019
0.1,true,NQU9,prior_rth,true,4024015c16494c5dd670,R01,2019-07-30,7995.125,8007.5,7975.75,127,0.7019663586827765932243544184,2019
0.1,true,NQU9,prior_rth,true,4024015c16494c5dd670,R02,2019-07-30,7995.125,8007.5,7975.75,127,0.7019663586827765932243544184,2019
0.2,true,NQU9,midnight,true,404428cf59202b905535,R04,2019-07-23,7946.375,7964,7936.25,111,0.7043956043956043956043956044,2019
0.2,true,NQH9,prior_rth,true,408beffcbfea332346c7,R01,2019-02-22,7019.25,7050.5,7011,79,0.7035058430717863105175292154,2019
0.2,true,NQH9,prior_rth,true,408beffcbfea332346c7,R02,2019-02-22,7019.25,7050.5,7011,79,0.7035058430717863105175292154,2019
0.1,true,NQZ9,prior_rth,true,40ab831641a80402dbbf,R01,2019-10-28,8026.625,8039.75,7996,175,0.70010741138560687432867884,2019
0.1,true,NQZ9,prior_rth,true,40ab831641a80402dbbf,R02,2019-10-28,8026.625,8039.75,7996,175,0.70010741138560687432867884,2019
0.1,true,NQH9,prior_rth,true,40daba95f589b6b1688a,R01,2019-02-04,6893.375,6906.75,6863.75,172,0.7030366180410836558499553439,2019
0.1,true,NQH9,prior_rth,true,40daba95f589b6b1688a,R02,2019-02-04,6893.375,6906.75,6863.75,172,0.7030366180410836558499553439,2019
0.05,true,NQU9,midnight,true,40de8da391fffa14f12c,R04,2019-07-09,7762.125,7766,7745.5,82,0.702846501729183293429103485,2019
0.05,true,NQH9,opening_hour_rth,true,4103e71b9c5be01f224b,R05,2019-02-08,6854.875,6862,6845,68,0.7064102564102564102564102564,2019
0.05,true,NQH9,full_overnight,true,410891397338d966013d,R03,2019-01-08,6523.125,6537,6503.25,135,0.7003535987224820349036158321,2019
0.1,true,NQZ9,full_overnight,true,4114c12bf1f6dc1a25b6,R03,2019-11-04,8189.125,8206.5,8171.25,141,0.7001957905041605482134116495,2019
0.1,true,NQU9,full_overnight,true,41168f68918ac21d0ed0,R03,2019-08-21,7729.625,7751,7693.75,229,0.7021802999845368795422916345,2019
0.1,true,NQM9,midnight,true,412eb2da1aee5fc0fdd7,R04,2019-03-18,7353.125,7355,7346.75,33,0.7005962521294718909710391823,2019
0.05,true,NQH0,opening_hour_rth,true,41661c016b137f9527d9,R05,2019-12-26,8760.625,8764.75,8751.5,53,0.7015706806282722513089005236,2019
0.1,true,NQZ9,prior_rth,true,419627771bc6dd05558c,R01,2019-11-20,8346.625,8354.75,8338.5,65,0.7036674816625916870415647922,2019
0.1,true,NQZ9,prior_rth,true,419627771bc6dd05558c,R02,2019-11-20,8346.625,8354.75,8338.5,65,0.7036674816625916870415647922,2019
0.05,true,NQU9,midnight,true,41b95044d441cab53d2b,R04,2019-08-28,7567.625,7582,7537.25,179,0.7006517016654598117306299783,2019
0.05,true,NQU9,prior_rth,true,41e957ac2fbdc6f56192,R01,2019-07-18,7937.875,7947,7929.75,69,0.7026481715006305170239596469,2019
0.05,true,NQU9,prior_rth,true,41e957ac2fbdc6f56192,R02,2019-07-18,7937.875,7947,7929.75,69,0.7026481715006305170239596469,2019
0.2,true,NQH9,prior_rth,true,42233af127820540712b,R01,2019-01-07,6434.5,6455,6372,83,0.7031468531468531468531468531,2019
0.2,true,NQH9,prior_rth,true,42233af127820540712b,R02,2019-01-07,6434.5,6455,6372,83,0.7031468531468531468531468531,2019
0.2,true,NQU9,prior_rth,true,4233d4864d8de5e955eb,R01,2019-08-26,7497.5,7632,7447,185,0.7004036908881199538638985006,2019
0.2,true,NQU9,prior_rth,true,4233d4864d8de5e955eb,R02,2019-08-26,7497.5,7632,7447,185,0.7004036908881199538638985006,2019
0.1,true,NQM9,prior_rth,true,42395e9dfab638a50495,R01,2019-03-19,7349.375,7361.5,7330.5,124,0.7035175879396984924623115578,2019
0.1,true,NQM9,prior_rth,true,42395e9dfab638a50495,R02,2019-03-19,7349.375,7361.5,7330.5,124,0.7035175879396984924623115578,2019
0.05,true,NQZ9,midnight,true,42615e32f09dbb8bc112,R04,2019-10-02,7642.125,7666.75,7634.25,130,0.7042815045935170740162939851,2019
0.1,true,NQM9,midnight,true,427777b49c240a495483,R04,2019-03-22,7507.125,7518,7488.5,118,0.7001522070015220700152207002,2019
0.1,true,NQM9,midnight,true,42829c92936cbddc6859,R04,2019-05-31,7162.625,7170.75,7139.25,126,0.702066395663956639566395664,2019
0.2,true,NQM9,opening_hour_rth,true,4285a64acbfade4988b2,R05,2019-03-25,7308.25,7328,7298,60,0.7056199821587867975022301517,2019
0.1,true,NQZ9,midnight,true,428cea2de20e7a4be43b,R04,2019-10-09,7697.625,7712,7645.75,265,0.7014175257731958762886597938,2019
0.2,true,NQU9,prior_rth,true,4298d54e9b7126e52a0c,R01,2019-08-01,7973.875,7992,7890.5,406,0.7005574136008918617614269788,2019
0.2,true,NQU9,prior_rth,true,4298d54e9b7126e52a0c,R02,2019-08-01,7973.875,7992,7890.5,406,0.7005574136008918617614269788,2019
0.05,true,NQH9,prior_rth,true,42a1d6f38006b8dbb9cf,R01,2019-01-31,6722.125,6798.25,6694.5,415,0.7018410417602155365963179165,2019
0.05,true,NQH9,prior_rth,true,42a1d6f38006b8dbb9cf,R02,2019-01-31,6722.125,6798.25,6694.5,415,0.7018410417602155365963179165,2019
0.05,true,NQH9,opening_hour_rth,true,42ae4f2988eaec059b10,R05,2019-01-03,6220.625,6269.25,6188.75,322,0.7017268445839874411302982732,2019
0.1,true,NQU9,midnight,true,42b7582e6b62bdbacd40,R04,2019-08-21,7729.625,7744.5,7716.75,111,0.7003821083389525736120476512,2019
0.05,true,NQZ9,prior_rth,true,42bc84d7636a3bbe7729,R01,2019-10-03,7563.875,7583.25,7539.75,174,0.7001009761023224503534163581,2019
0.05,true,NQZ9,prior_rth,true,42bc84d7636a3bbe7729,R02,2019-10-03,7563.875,7583.25,7539.75,174,0.7001009761023224503534163581,2019
0.05,true,NQZ9,prior_rth,true,42d62a9abbdc1879a908,R01,2019-12-02,8440.875,8446.75,8424.25,90,0.7015315651849084796413896152,2019
0.05,true,NQZ9,prior_rth,true,42d62a9abbdc1879a908,R02,2019-12-02,8440.875,8446.75,8424.25,90,0.7015315651849084796413896152,2019
0.2,true,NQZ9,opening_hour_rth,true,42d6f66d5c5faf04ea3d,R05,2019-11-15,8299.75,8304.5,8289,31,0.701680672268907563025210084,2019
0.1,true,NQH9,prior_rth,true,42f4b12958d6e04c1afd,R01,2019-01-30,6642.625,6660.25,6621.75,154,0.7001377884946606958318980365,2019
0.1,true,NQH9,prior_rth,true,42f4b12958d6e04c1afd,R02,2019-01-30,6642.625,6660.25,6621.75,154,0.7001377884946606958318980365,2019
0.05,true,NQM9,midnight,true,430c5e24e07e1bf02c3f,R04,2019-03-29,7369.625,7383.75,7363.75,80,0.7081507449605609114811568799,2019
0.05,true,NQH9,midnight,true,439e28682b82c3e57db5,R04,2019-01-24,6694.125,6702,6676.25,103,0.7046455746896275530636764117,2019
0.1,true,NQZ9,prior_rth,true,43a7d6a065894c60f43e,R01,2019-11-05,8212.875,8220.25,8206.5,55,0.706375412750825501651003302,2019
0.1,true,NQZ9,prior_rth,true,43a7d6a065894c60f43e,R02,2019-11-05,8212.875,8220.25,8206.5,55,0.706375412750825501651003302,2019
0.2,true,NQZ9,prior_rth,true,43a7ed3b17fb9b737773,R01,2019-10-24,7886.125,7894.75,7872.25,90,0.7022869864399919044727787897,2019
0.2,true,NQZ9,prior_rth,true,43a7ed3b17fb9b737773,R02,2019-10-24,7886.125,7894.75,7872.25,90,0.7022869864399919044727787897,2019
0.2,true,NQU9,prior_rth,true,43c1d53eb3c5ad390877,R01,2019-08-28,7576.25,7600,7541,118,0.7006476373230990645238666347,2019
0.2,true,NQU9,prior_rth,true,43c1d53eb3c5ad390877,R02,2019-08-28,7576.25,7600,7541,118,0.7006476373230990645238666347,2019
0.1,true,NQM9,prior_rth,true,43d86dd7f2fbb2de5105,R01,2019-05-13,7553.75,7606,7473,266,0.704787683979022162070715615,2019
0.1,true,NQM9,prior_rth,true,43d86dd7f2fbb2de5105,R02,2019-05-13,7553.75,7606,7473,266,0.704787683979022162070715615,2019
0.05,true,NQU9,full_overnight,true,43ef81bd2c4de8f4210b,R03,2019-06-20,7759.375,7820,7749.5,282,0.7002986012887002986012887003,2019
0.1,true,NQM9,midnight,true,443c242695413e64ed42,R04,2019-04-11,7640.625,7647.5,7636.25,45,0.7039170506912442396313364055,2019
0.05,true,NQU9,opening_hour_rth,true,444f1ec66d29193b7116,R05,2019-07-31,7973.875,7984,7971.25,51,0.7002854424357754519505233111,2019
0.1,true,NQM9,prior_rth,true,44a0cec16a703b2b3c6e,R01,2019-05-17,7618.375,7624.75,7582,171,0.7023205778392500384201629015,2019
0.1,true,NQM9,prior_rth,true,44a0cec16a703b2b3c6e,R02,2019-05-17,7618.375,7624.75,7582,171,0.7023205778392500384201629015,2019
0.1,true,NQM9,prior_rth,true,44a29b7568b1791dca90,R01,2019-03-20,7395.375,7402.5,7378.5,96,0.7016737171234136472319293728,2019
0.1,true,NQM9,prior_rth,true,44a29b7568b1791dca90,R02,2019-03-20,7395.375,7402.5,7378.5,96,0.7016737171234136472319293728,2019
0.05,true,NQU9,prior_rth,true,44a53f9e899f51e62e2a,R01,2019-06-21,7745.125,7771.25,7730.25,164,0.7008090614886731391585760518,2019
0.05,true,NQU9,prior_rth,true,44a53f9e899f51e62e2a,R02,2019-06-21,7745.125,7771.25,7730.25,164,0.7008090614886731391585760518,2019
0.1,true,NQZ9,full_overnight,true,44ab6d79bca9dbcc9be8,R03,2019-10-09,7697.625,7712,7634.75,309,0.7025286485462638507434416138,2019
0.2,true,NQZ9,midnight,true,44c83a4c6325fdcfc634,R04,2019-10-09,7697.625,7712,7645.75,265,0.7014175257731958762886597938,2019
0.2,true,NQH0,opening_hour_rth,true,44d95e0c9a37d8fef337,R05,2019-12-19,8630.875,8632.75,8627.5,21,0.7157142857142857142857142857,2019
0.05,true,NQU9,full_overnight,true,44e734a6e6e7530a333d,R03,2019-08-01,7868.875,7893.25,7856.5,147,0.7010950385291334324726240368,2019
0.2,true,NQZ9,prior_rth,true,451c3b2b14d41158d7a8,R01,2019-12-05,8305.25,8312.5,8299.5,26,0.7270663033605812897366030881,2019
0.2,true,NQZ9,prior_rth,true,451c3b2b14d41158d7a8,R02,2019-12-05,8305.25,8312.5,8299.5,26,0.7270663033605812897366030881,2019
0.05,true,NQU9,prior_rth,true,451da585684727f5c98b,R01,2019-08-02,7995.875,8013.75,7826,751,0.7018101761252446183953033268,2019
0.05,true,NQU9,prior_rth,true,451da585684727f5c98b,R02,2019-08-02,7995.875,8013.75,7826,751,0.7018101761252446183953033268,2019
0.1,true,NQZ9,midnight,true,453b12cf6ca4fe2402ef,R04,2019-09-24,7876.125,7878.75,7867.75,44,0.7056971986150456405413912496,2019
0.1,true,NQU9,prior_rth,true,45508d972761efd77b3d,R01,2019-07-09,7796.875,7805.75,7787.25,74,0.706142391810144253140995812,2019
0.1,true,NQU9,prior_rth,true,45508d972761efd77b3d,R02,2019-07-09,7796.875,7805.75,7787.25,74,0.706142391810144253140995812,2019
0.1,true,NQU9,prior_rth,true,45d8866b8936ae20abbd,R01,2019-06-21,7745.125,7771.25,7730.25,164,0.7008090614886731391585760518,2019
0.1,true,NQU9,prior_rth,true,45d8866b8936ae20abbd,R02,2019-06-21,7745.125,7771.25,7730.25,164,0.7008090614886731391585760518,2019
0.05,true,NQM9,prior_rth,true,45eda4d070b1b85831d3,R01,2019-04-22,7699.875,7713,7687.75,101,0.7060837503292072688964972347,2019
0.05,true,NQM9,prior_rth,true,45eda4d070b1b85831d3,R02,2019-04-22,7699.875,7713,7687.75,101,0.7060837503292072688964972347,2019
0.05,true,NQH9,opening_hour_rth,true,4607d405fa90a19aebe5,R05,2019-01-16,6725.125,6732.25,6710,89,0.7028571428571428571428571429,2019
0.05,true,NQM9,prior_rth,true,460e2c758fc909b73b65,R01,2019-05-01,7796.625,7801.5,7777.5,96,0.7053966975432944019331453886,2019
0.05,true,NQM9,prior_rth,true,460e2c758fc909b73b65,R02,2019-05-01,7796.625,7801.5,7777.5,96,0.7053966975432944019331453886,2019
0.05,true,NQU9,prior_rth,true,4622db4fecd2669ace77,R01,2019-09-04,7612.125,7645.25,7602.25,172,0.7001965119135347580447064603,2019
0.05,true,NQU9,prior_rth,true,4622db4fecd2669ace77,R02,2019-09-04,7612.125,7645.25,7602.25,172,0.7001965119135347580447064603,2019
0.05,true,NQH9,opening_hour_rth,true,462a1433a6ff2b05692f,R05,2019-01-29,6676.625,6695.25,6670.75,98,0.7044623262618873445501097293,2019
0.2,true,NQM9,opening_hour_rth,true,4646256092b5a8809aed,R05,2019-06-12,7496.25,7504,7485.5,37,0.7146496815286624203821656051,2019
0.1,true,NQU9,prior_rth,true,464c57a519de958cd91c,R01,2019-06-28,7691.125,7695.25,7684.25,44,0.7056934931506849315068493151,2019
0.1,true,NQU9,prior_rth,true,464c57a519de958cd91c,R02,2019-06-28,7691.125,7695.25,7684.25,44,0.7056934931506849315068493151,2019
0.05,true,NQZ9,full_overnight,true,46649d3077464ad7f582,R03,2019-11-13,8246.375,8260.25,8237.5,91,0.7000419815281276238455079765,2019
0.2,true,NQU9,full_overnight,true,46738acf88dc44e9d391,R03,2019-08-13,7583.25,7591.5,7544.5,94,0.7113436306261418369041687427,2019
0.2,true,NQZ9,opening_hour_rth,true,467dc68e3e398fb04a66,R05,2019-11-04,8220.375,8227.25,8212.5,59,0.7083734359961501443695861405,2019
0.05,true,NQM9,midnight,true,46a0bcf63700512c01b3,R04,2019-04-08,7591.375,7595.75,7588.25,30,0.7059533386967015285599356396,2019
0.05,true,NQH9,midnight,true,46c08a9990f079bec2b0,R04,2019-03-07,7096.125,7102.75,7084,75,0.7026683608640406607369758577,2019
0.05,true,NQU9,prior_rth,true,46dd4ed0790c0baea7fd,R01,2019-06-24,7764.375,7775.75,7750.25,102,0.7010387157695939565627950897,2019
0.05,true,NQU9,prior_rth,true,46dd4ed0790c0baea7fd,R02,2019-06-24,7764.375,7775.75,7750.25,102,0.7010387157695939565627950897,2019
0.05,true,NQZ9,prior_rth,true,46eb6b07a1e637597901,R01,2019-11-12,8235.625,8251.25,8231.75,78,0.7021902582543314808761033017,2019
0.05,true,NQZ9,prior_rth,true,46eb6b07a1e637597901,R02,2019-11-12,8235.625,8251.25,8231.75,78,0.7021902582543314808761033017,2019
0.05,true,NQU9,opening_hour_rth,true,46ef6fea083f8ee98473,R05,2019-07-23,7937.875,7949.5,7919.75,119,0.7022526934378060724779627816,2019
0.05,true,NQH9,prior_rth,true,46ff8bb717d23d451b08,R01,2019-03-01,7110.875,7118.25,7093.5,99,0.705433122408902465633864281,2019
0.05,true,NQH9,prior_rth,true,46ff8bb717d23d451b08,R02,2019-03-01,7110.875,7118.25,7093.5,99,0.705433122408902465633864281,2019
0.2,true,NQM9,full_overnight,true,4710358bd4658fa30368,R03,2019-05-10,7587.75,7598.5,7540,117,0.7021086689724422626352783666,2019
0.2,true,NQZ9,prior_rth,true,4724ee0cc0da64233d7c,R01,2019-09-25,7729.875,7795,7701.75,373,0.7013816202637638685367385388,2019
0.2,true,NQZ9,prior_rth,true,4724ee0cc0da64233d7c,R02,2019-09-25,7729.875,7795,7701.75,373,0.7013816202637638685367385388,2019
0.05,true,NQM9,midnight,true,4740de60153b171e7823,R04,2019-03-11,7072.625,7075.25,7059.75,62,0.7011764705882352941176470588,2019
0.1,true,NQH9,opening_hour_rth,true,474303763caeb1305083,R05,2019-02-20,7090.875,7094,7084,40,0.706986444212721584984358707,2019
0.05,true,NQH0,opening_hour_rth,true,475ef88734d74e04ed9f,R05,2019-12-20,8693.875,8701.25,8689.5,47,0.7,2019
0.1,true,NQH9,full_overnight,true,47621231317e4df573d0,R03,2019-01-29,6668.875,6689.75,6664.75,100,0.7038934426229508196721311475,2019
0.1,true,NQZ9,prior_rth,true,47a256ad0fb471b646b1,R01,2019-09-24,7850.625,7856.75,7830.25,106,0.7051831644583008573655494934,2019
0.1,true,NQZ9,prior_rth,true,47a256ad0fb471b646b1,R02,2019-09-24,7850.625,7856.75,7830.25,106,0.7051831644583008573655494934,2019
0.05,true,NQM9,opening_hour_rth,true,47a446369c8218734fd0,R05,2019-06-03,7062.625,7080.75,7033.75,188,0.7003303445021236432279377065,2019
0.2,true,NQZ9,prior_rth,true,47b1728898fe622da1c4,R01,2019-09-27,7771.25,7794,7757,74,0.7027799428422967004416731619,2019
0.2,true,NQZ9,prior_rth,true,47b1728898fe622da1c4,R02,2019-09-27,7771.25,7794,7757,74,0.7027799428422967004416731619,2019
0.1,true,NQU9,full_overnight,true,47b72d16ec3b6d07846c,R03,2019-06-21,7743.375,7758.5,7738.5,80,0.7000843644544431946006749156,2019
0.1,true,NQH9,midnight,true,47bd99afada962223153,R04,2019-02-28,7092.375,7101.5,7084.25,69,0.7048156956004756242568370987,2019
0.1,true,NQZ9,full_overnight,true,47dba4cd1872369bbe96,R03,2019-12-09,8386.875,8393.75,8385.5,33,0.7019953355791655869396216636,2019
0.2,true,NQM9,opening_hour_rth,true,47dbe61bba6370bae674,R05,2019-04-09,7605.75,7614,7599,30,0.7058823529411764705882352941,2019
0.05,true,NQH9,midnight,true,47e845e56d0c5e7c0906,R04,2019-01-03,6198.375,6226.25,6192,137,0.7005861664712778429073856975,2019
0.05,true,NQM9,prior_rth,true,480d245710ac50d70f47,R01,2019-04-08,7599.125,7602.5,7593.75,35,0.7023692003948667324777887463,2019
0.05,true,NQM9,prior_rth,true,480d245710ac50d70f47,R02,2019-04-08,7599.125,7602.5,7593.75,35,0.7023692003948667324777887463,2019
0.2,true,NQH9,prior_rth,true,4824c6e8b7732f0d008a,R01,2019-02-05,6944.625,6957.75,6919,155,0.7005382131324004305705059203,2019
0.2,true,NQH9,prior_rth,true,4824c6e8b7732f0d008a,R02,2019-02-05,6944.625,6957.75,6919,155,0.7005382131324004305705059203,2019
0.05,true,NQM9,midnight,true,484977c86909d81d0b84,R04,2019-06-03,7094.125,7106.5,7079.5,108,0.7020212544280058345488643467,2019
0.1,true,NQM9,opening_hour_rth,true,484d1f995cb8c162ba13,R05,2019-05-10,7558.75,7587.5,7533,109,0.7041420118343195266272189349,2019
0.05,true,NQM9,full_overnight,true,487915a6d38acd625932,R03,2019-06-10,7444.125,7460,7434.75,101,0.7022295376327996408798443813,2019
0.2,true,NQU9,full_overnight,true,48b96d111b27eb2200d1,R03,2019-06-26,7638.25,7669.5,7621.5,96,0.702538339502908514013749339,2019
0.1,true,NQZ9,full_overnight,true,48d91ffde19d61fc3daa,R03,2019-10-11,7780.75,7837,7767,140,0.7052301255230125523012552301,2019
0.05,true,NQH9,full_overnight,true,48f335df09b0a85b00ad,R03,2019-02-04,6883.875,6888.75,6873,63,0.7056795499909272364362184721,2019
0.1,true,NQH9,prior_rth,true,490062fa68a8a8f50827,R01,2019-01-31,6722.125,6798.25,6694.5,415,0.7018410417602155365963179165,2019
0.1,true,NQH9,prior_rth,true,490062fa68a8a8f50827,R02,2019-01-31,6722.125,6798.25,6694.5,415,0.7018410417602155365963179165,2019
0.2,true,NQM9,midnight,true,49034bb6e3a994ed758c,R04,2019-05-02,7768.125,7776.75,7760.75,64,0.7054144998470480269195472622,2019
0.05,true,NQH9,full_overnight,true,4918b26f101564a003b4,R03,2019-01-24,6673.375,6692.5,6662.75,119,0.7038331876638781370957672618,2019
0.1,true,NQZ9,prior_rth,true,49367fc5cf5429479fab,R01,2019-09-25,7729.875,7795,7701.75,373,0.7013816202637638685367385388,2019
0.1,true,NQZ9,prior_rth,true,49367fc5cf5429479fab,R02,2019-09-25,7729.875,7795,7701.75,373,0.7013816202637638685367385388,2019
0.1,true,NQM9,opening_hour_rth,true,493d56a0a7f36f82752b,R05,2019-04-25,7854.375,7864.25,7814.25,200,0.7024221453287197231833910035,2019
0.1,true,NQM9,full_overnight,true,494a44b7de577e0b4d89,R03,2019-05-10,7587.875,7599,7539.75,237,0.7008175027936246544727401047,2019
0.2,true,NQH9,prior_rth,true,49a894fdfb793be237c7,R01,2019-03-05,7133.375,7148,7080.25,271,0.7012203482791718085835732895,2019
0.2,true,NQH9,prior_rth,true,49a894fdfb793be237c7,R02,2019-03-05,7133.375,7148,7080.25,271,0.7012203482791718085835732895,2019
0.1,true,NQZ9,opening_hour_rth,true,49cc24eaac7a68c6e1ab,R05,2019-10-24,7951.875,7957.5,7929.5,112,0.7041467304625199362041467305,2019
0.2,true,NQH9,prior_rth,true,49de048dfb042cb62802,R01,2019-01-18,6688.25,6708.5,6644,129,0.701950659781985083189902467,2019
0.2,true,NQH9,prior_rth,true,49de048dfb042cb62802,R02,2019-01-18,6688.25,6708.5,6644,129,0.701950659781985083189902467,2019
0.05,true,NQU9,prior_rth,true,4a15fa024dc696097a42,R01,2019-07-22,7920.375,7961.25,7892.25,276,0.7005694400506168933881683012,2019
0.05,true,NQU9,prior_rth,true,4a15fa024dc696097a42,R02,2019-07-22,7920.375,7961.25,7892.25,276,0.7005694400506168933881683012,2019
0.05,true,NQU9,opening_hour_rth,true,4abbecb6c91995f6a6df,R05,2019-06-20,7787.375,7794.25,7779,61,0.7046594982078853046594982079,2019
0.2,true,NQU9,opening_hour_rth,true,4aea509e3eb799ed17af,R05,2019-07-12,7933.125,7943.25,7929.5,55,0.7046843177189409368635437882,2019
0.05,true,NQH9,midnight,true,4b1bd0427df7c9a47db3,R04,2019-02-25,7118.125,7133.75,7106.75,108,0.7057780928748670684154555122,2019
0.2,true,NQZ9,prior_rth,true,4b4bd73fd3f675e1e7f1,R01,2019-11-07,8194.875,8200.5,8181.25,77,0.7020655590480466995958688819,2019
0.2,true,NQZ9,prior_rth,true,4b4bd73fd3f675e1e7f1,R02,2019-11-07,8194.875,8200.5,8181.25,77,0.7020655590480466995958688819,2019
0.2,true,NQU9,full_overnight,true,4b63c36c303cba504ca5,R03,2019-07-26,8017.125,8019.75,8003.25,22,0.7011331444759206798866855524,2019
0.2,true,NQZ9,full_overnight,true,4b75c578f71da551079e,R03,2019-10-15,7877.25,7891,7862.5,57,0.7042920847268673355629877369,2019
0.1,true,NQM9,prior_rth,true,4b8d63512ebc254a573d,R01,2019-05-09,7646.625,7672.5,7637.25,47,0.7079672826416237503786731294,2019
0.1,true,NQM9,prior_rth,true,4b8d63512ebc254a573d,R02,2019-05-09,7646.625,7672.5,7637.25,47,0.7079672826416237503786731294,2019
0.05,true,NQU9,opening_hour_rth,true,4b9672c8eed796bf7679,R05,2019-07-16,7977.125,7984,7975.25,35,0.7087126137841352405721716515,2019
0.2,true,NQH9,full_overnight,true,4bae4935aa8beec644c9,R03,2019-01-16,6684.75,6689,6677,24,0.7179752066115702479338842975,2019
0.05,true,NQH9,midnight,true,4bce709b3424bfc254c8,R04,2019-03-08,6986.875,6999,6972,108,0.7002765369070410550946607105,2019
0.1,true,NQU9,full_overnight,true,4bd2aaed8c513c7bc98d,R03,2019-09-11,7828.125,7836,7809.5,106,0.701078775715002508780732564,2019
0.05,true,NQZ9,opening_hour_rth,true,4bd2ba528b7241dd5dc6,R05,2019-12-05,8313.625,8321.25,8287.25,136,0.701516360734237829209896249,2019
0.05,true,NQZ9,opening_hour_rth,true,4bd8249b8f71363a8bb3,R05,2019-10-24,7951.875,7957.5,7929.5,112,0.7041467304625199362041467305,2019
0.05,true,NQM9,prior_rth,true,4bdd12df9afd80a6b3ba,R01,2019-05-22,7465.125,7471.75,7447.25,98,0.7012516469038208168642951252,2019
0.05,true,NQM9,prior_rth,true,4bdd12df9afd80a6b3ba,R02,2019-05-22,7465.125,7471.75,7447.25,98,0.7012516469038208168642951252,2019
0.05,true,NQH9,full_overnight,true,4be9377fbf4a1d8c527b,R03,2019-01-28,6756.875,6773.5,6744,118,0.7009042102288782141847979655,2019
0.1,true,NQZ9,prior_rth,true,4c24a5122a0006a82b50,R01,2019-09-17,7875.375,7880.25,7861.75,74,0.7044483985765124555160142349,2019
0.1,true,NQZ9,prior_rth,true,4c24a5122a0006a82b50,R02,2019-09-17,7875.375,7880.25,7861.75,74,0.7044483985765124555160142349,2019
0.1,true,NQH9,opening_hour_rth,true,4c25c3c65bf7ccace2fe,R05,2019-03-01,7151.875,7156,7138.75,69,0.7012765957446808510638297872,2019
0.05,true,NQM9,midnight,true,4c2ee0fa60797ebbb006,R04,2019-04-17,7696.875,7706.25,7690.75,62,0.7036839295248264815803523759,2019
0.05,true,NQM9,opening_hour_rth,true,4c44d4ce366a648890d4,R05,2019-05-01,7838.625,7847.5,7836.5,44,0.7114870881567230632235084595,2019
0.05,true,NQU9,full_overnight,true,4c49d07997cbf325f00d,R03,2019-08-09,7678.625,7700,7675.25,99,0.7001198322348711803475134811,2019
0.2,true,NQM9,midnight,true,4c778b5521cb0e286929,R04,2019-06-06,7253.625,7263.5,7231.75,127,0.7051416579223504721930745016,2019
0.05,true,NQU9,opening_hour_rth,true,4c8c023704b0669b1f5e,R05,2019-08-22,7760.125,7772.75,7739.75,132,0.7008486562942008486562942008,2019
0.2,true,NQU9,opening_hour_rth,true,4c8d5656646a130308e4,R05,2019-06-18,7699.25,7712,7679,66,0.7006937561942517343904856293,2019
0.05,true,NQH0,full_overnight,true,4d1e514f3cb04c2adf7a,R03,2019-12-20,8670.375,8679.5,8667,50,0.7121026894865525672371638142,2019
0.1,true,NQH9,prior_rth,true,4d24e972c72090945abc,R01,2019-01-29,6683.75,6693,6665,56,0.7040844679077521533759377605,2019
0.1,true,NQH9,prior_rth,true,4d24e972c72090945abc,R02,2019-01-29,6683.75,6693,6665,56,0.7040844679077521533759377605,2019
0.05,true,NQM9,prior_rth,true,4d279dca821faf8842bd,R01,2019-03-14,7301.125,7318.5,7285.5,132,0.7000830220008302200083022001,2019
0.05,true,NQM9,prior_rth,true,4d279dca821faf8842bd,R02,2019-03-14,7301.125,7318.5,7285.5,132,0.7000830220008302200083022001,2019
0.2,true,NQH9,opening_hour_rth,true,4d478cf04e93e10bce88,R05,2019-02-28,7097.25,7111,7089,44,0.7013996889580093312597200622,2019
0.1,true,NQM9,prior_rth,true,4d478d1d74489a9f276a,R01,2019-04-03,7510.375,7518.75,7498.5,81,0.7035175879396984924623115578,2019
0.1,true,NQM9,prior_rth,true,4d478d1d74489a9f276a,R02,2019-04-03,7510.375,7518.75,7498.5,81,0.7035175879396984924623115578,2019
0.05,true,NQH9,prior_rth,true,4d48be33ffa49773813b,R01,2019-01-11,6599.375,6624.75,6577.5,189,0.7005721551176096630642085188,2019
0.05,true,NQH9,prior_rth,true,4d48be33ffa49773813b,R02,2019-01-11,6599.375,6624.75,6577.5,189,0.7005721551176096630642085188,2019
0.2,true,NQM9,full_overnight,true,4d75bec1205068b31645,R03,2019-05-14,7362.25,7391,7348.5,85,0.7031499202551834130781499203,2019
0.1,true,NQZ9,opening_hour_rth,true,4d86b971d643c226175c,R05,2019-10-23,7877.375,7884.75,7866,75,0.7088803088803088803088803089,2019
0.05,true,NQH9,opening_hour_rth,true,4d945c074244226fe76e,R05,2019-02-11,6937.125,6944.25,6927,69,0.700115340253748558246828143,2019
0.1,true,NQM9,midnight,true,4daca5cf363ee92c581a,R04,2019-03-13,7240.875,7249.75,7222.5,109,0.7056810403832991101984941821,2019
0.2,true,NQZ9,opening_hour_rth,true,4dca03d637f1482e99f7,R05,2019-11-21,8271.25,8280.5,8263.5,34,0.7020134228187919463087248322,2019
0.05,true,NQH9,midnight,true,4dd505690365e54496ca,R04,2019-02-22,7061.875,7078.75,7046.25,130,0.7003811199061858692465552624,2019
0.1,true,NQH9,opening_hour_rth,true,4ddaaf94fb032d69c1ff,R05,2019-03-07,7040.375,7063.25,7025,153,0.7025703794369645042839657283,2019
0.2,true,NQM9,opening_hour_rth,true,4defdcb1ec9d887ae5e0,R05,2019-05-08,7646.875,7653.75,7632.5,17,0.7174721189591078066914498141,2019
0.2,true,NQH9,full_overnight,true,4e0710a6e76d195706f7,R03,2019-01-17,6655.25,6659.5,6631.5,56,0.7057963955187530443253774963,2019
0.2,true,NQZ9,opening_hour_rth,true,4e18af468aede8669c2d,R05,2019-09-23,7831.75,7839.5,7821,37,0.7102040816326530612244897959,2019
0.1,true,NQU9,opening_hour_rth,true,4e3f71d20fe93a563633,R05,2019-08-01,7917.375,7948.75,7909,159,0.7004490057729313662604233483,2019
0.05,true,NQU9,midnight,true,4e54b1016c301b6d6812,R04,2019-08-08,7586.375,7602.5,7579.75,91,0.7024849808847624249044238121,2019
0.1,true,NQM9,midnight,true,4e7aa9b3ffa5b541b251,R04,2019-03-26,7362.375,7388.75,7356.5,129,0.7041686404547607768829938418,2019
0.05,true,NQM9,full_overnight,true,4ec3c9b494ecfda72540,R03,2019-06-11,7540.875,7561.5,7505.25,225,0.7003569415743002066503851212,2019
0.1,true,NQH9,prior_rth,true,4eca7754ef41c5460a5f,R01,2019-02-26,7132.125,7154,7116.5,150,0.7040338756407399153108981502,2019
0.1,true,NQH9,prior_rth,true,4eca7754ef41c5460a5f,R02,2019-02-26,7132.125,7154,7116.5,150,0.7040338756407399153108981502,2019
0.2,true,NQM9,opening_hour_rth,true,4ee1ce25528440b95053,R05,2019-05-07,7695.375,7724.25,7682.25,56,0.7008310249307479224376731302,2019
0.1,true,NQU9,prior_rth,true,4ef128db4680c21eb6b5,R01,2019-09-13,7949.625,7959,7930,116,0.7023650156180276662204373048,2019
0.1,true,NQU9,prior_rth,true,4ef128db4680c21eb6b5,R02,2019-09-13,7949.625,7959,7930,116,0.7023650156180276662204373048,2019
0.1,true,NQM9,prior_rth,true,4f0120e6f0a3258872ac,R01,2019-05-14,7345.25,7379,7334,90,0.7037331215250198570293884035,2019
0.1,true,NQM9,prior_rth,true,4f0120e6f0a3258872ac,R02,2019-05-14,7345.25,7379,7334,90,0.7037331215250198570293884035,2019
0.1,true,NQH9,opening_hour_rth,true,4f16280beef89729af21,R05,2019-02-04,6906.125,6908.75,6877.75,124,0.7018413597733711048158640227,2019
0.2,true,NQM9,prior_rth,true,4f226bfd4f6192591e5a,R01,2019-03-14,7301.25,7318.5,7286.5,64,0.7,2019
0.2,true,NQM9,prior_rth,true,4f226bfd4f6192591e5a,R02,2019-03-14,7301.25,7318.5,7286.5,64,0.7,2019
0.1,true,NQM9,opening_hour_rth,true,4f28322f0d5a957a4122,R05,2019-05-23,7316.875,7328.5,7308.25,81,0.702717692734331669439822518,2019
0.05,true,NQH9,prior_rth,true,4f536fcf4008de85660a,R01,2019-02-07,7003.125,7015.75,6990.25,102,0.7021048876204067070995362112,2019
0.05,true,NQH9,prior_rth,true,4f536fcf4008de85660a,R02,2019-02-07,7003.125,7015.75,6990.25,102,0.7021048876204067070995362112,2019
0.1,true,NQM9,prior_rth,true,4f56c029ef8e175d8d6e,R01,2019-06-12,7509.625,7552.5,7493.25,237,0.7000414307416102748239193482,2019
0.1,true,NQM9,prior_rth,true,4f56c029ef8e175d8d6e,R02,2019-06-12,7509.625,7552.5,7493.25,237,0.7000414307416102748239193482,2019
0.05,true,NQZ9,midnight,true,4f5ef7f81e7264d12ad1,R04,2019-11-19,8368.125,8372.75,8349.75,92,0.7055322128851540616246498599,2019
0.05,true,NQM9,opening_hour_rth,true,4f7f54d6a6ed02818e3a,R05,2019-06-11,7569.125,7577,7559.75,69,0.7041942604856512141280353201,2019
0.2,true,NQH9,opening_hour_rth,true,4f8ffb97a4dee98ade69,R05,2019-01-03,6220.875,6269.25,6188.25,108,0.7023675310033821871476888388,2019
0.1,true,NQU9,midnight,true,4f905173b70f67c78ec0,R04,2019-07-08,7822.875,7829.75,7814,63,0.7070534698521046643913538111,2019
0.2,true,NQU9,midnight,true,4fc9462db1943d021584,R04,2019-08-16,7590.625,7598.25,7558.5,159,0.7013634364462688755314470019,2019
0.2,true,NQZ9,midnight,true,500b5b7c135610556db9,R04,2019-11-12,8255.375,8265.25,8253.75,46,0.7012609117361784675072744908,2019
0.1,true,NQU9,prior_rth,true,501ef37c13fcb6895dc7,R01,2019-06-18,7562.625,7570.5,7555.25,61,0.7057858983368470367767627079,2019
0.1,true,NQU9,prior_rth,true,501ef37c13fcb6895dc7,R02,2019-06-18,7562.625,7570.5,7555.25,61,0.7057858983368470367767627079,2019
0.2,true,NQM9,opening_hour_rth,true,50219ca7c906159bab9b,R05,2019-04-03,7566.625,7570.25,7558,49,0.7061611374407582938388625592,2019
0.05,true,NQZ9,opening_hour_rth,true,5022e85d986607f4c41e,R05,2019-10-17,7977.625,7987.25,7973.5,55,0.7008821170809943865276663994,2019
0.05,true,NQZ9,prior_rth,true,502cd77ef1189f54008a,R01,2019-09-27,7790.375,7797,7760.75,145,0.7008476893628657369428493301,2019
0.05,true,NQZ9,prior_rth,true,502cd77ef1189f54008a,R02,2019-09-27,7790.375,7797,7760.75,145,0.7008476893628657369428493301,2019
0.1,true,NQZ9,opening_hour_rth,true,50326a5c8d11642c3611,R05,2019-10-14,7855.625,7862.75,7844.75,72,0.7029950083194675540765391015,2019
0.1,true,NQM9,opening_hour_rth,true,5037890a05d77e83dd3a,R05,2019-05-28,7360.875,7367.25,7342,101,0.7018763029881862404447533009,2019
0.2,true,NQU9,midnight,true,504072d6891308234181,R04,2019-07-02,7778.875,7787.75,7767.25,82,0.7020676691729323308270676692,2019
0.05,true,NQH9,full_overnight,true,5063493beca6f98665c4,R03,2019-02-20,7069.125,7075,7063.5,46,0.707957342083675143560295324,2019
0.05,true,NQU9,midnight,true,50bf35ad69200c9cb972,R04,2019-07-02,7778.875,7787.75,7767.25,82,0.7020676691729323308270676692,2019
0.05,true,NQZ9,opening_hour_rth,true,50d9ebf1960ffb2ec6de,R05,2019-11-07,8253.125,8260,8241.75,73,0.7044673539518900343642611684,2019
0.1,true,NQM9,midnight,true,50db157166c156bac75b,R04,2019-03-15,7293.625,7303,7287.75,61,0.7026652821045344409830391139,2019
0.2,true,NQM9,opening_hour_rth,true,50e33e0fb3a79afb9d7a,R05,2019-03-13,7269.25,7275.5,7265,21,0.7020484171322160148975791434,2019
0.1,true,NQU9,prior_rth,true,510ab98f82b44ae07a84,R01,2019-08-15,7509.25,7563,7494,138,0.7010800508259212198221092757,2019
0.1,true,NQU9,prior_rth,true,510ab98f82b44ae07a84,R02,2019-08-15,7509.25,7563,7494,138,0.7010800508259212198221092757,2019
0.05,true,NQZ9,prior_rth,true,51286bc273cd6c3e44ff,R01,2019-12-06,8293.125,8308,8284,96,0.7035398230088495575221238938,2019
0.05,true,NQZ9,prior_rth,true,51286bc273cd6c3e44ff,R02,2019-12-06,8293.125,8308,8284,96,0.7035398230088495575221238938,2019
0.2,true,NQZ9,opening_hour_rth,true,512ef4fdef0e94d48c02,R05,2019-10-18,7947.75,7954.5,7935.5,38,0.7013422818791946308724832215,2019
0.2,true,NQH9,midnight,true,515e2e41e7a054f85c5d,R04,2019-02-28,7092.375,7101.5,7084.25,69,0.7048156956004756242568370987,2019
0.2,true,NQU9,full_overnight,true,516c76b05ee9fd814959,R03,2019-08-23,7748.75,7762,7702.5,119,0.7000416319733555370524562864,2019
0.2,true,NQZ9,prior_rth,true,518a582296e28df87eea,R01,2019-12-09,8401.25,8404.5,8385,39,0.7163724893487522824102251978,2019
0.2,true,NQZ9,prior_rth,true,518a582296e28df87eea,R02,2019-12-09,8401.25,8404.5,8385,39,0.7163724893487522824102251978,2019
0.2,true,NQH0,prior_rth,true,518f614cccc72e8b05d7,R01,2019-12-30,8803.875,8813,8788.75,97,0.7029005150447275684467335321,2019
0.2,true,NQH0,prior_rth,true,518f614cccc72e8b05d7,R02,2019-12-30,8803.875,8813,8788.75,97,0.7029005150447275684467335321,2019
0.2,true,NQM9,full_overnight,true,519d6c7e3ad14fdb054c,R03,2019-06-11,7540.75,7561,7505.5,111,0.7050912584053794428434197887,2019
0.1,true,NQH9,midnight,true,51b1e3547d407842726f,R04,2019-01-08,6509.625,6541,6505,144,0.7003951211132107885243085381,2019
0.1,true,NQH9,full_overnight,true,51c5b950ce68ef9305d4,R03,2019-01-15,6594.375,6597.75,6570.25,110,0.7043732553502592051043466702,2019
0.1,true,NQU9,full_overnight,true,51ce1252427f479d637c,R03,2019-08-06,7422.75,7494.5,7322.5,344,0.7001053185887309110057925224,2019
0.1,true,NQZ9,prior_rth,true,51e62477555d6576cf13,R01,2019-11-15,8251.875,8261.5,8238.25,93,0.703317535545023696682464455,2019
0.1,true,NQZ9,prior_rth,true,51e62477555d6576cf13,R02,2019-11-15,8251.875,8261.5,8238.25,93,0.703317535545023696682464455,2019
0.05,true,NQH9,midnight,true,51eb13da078989d4a355,R04,2019-02-01,6884.875,6895.25,6877.5,71,0.7003908944584962060243734192,2019
0.05,true,NQU9,full_overnight,true,51eca6ccbf8da842bb8a,R03,2019-08-14,7743.125,7759.5,7670.5,356,0.7013232514177693761814744802,2019
0.1,true,NQH9,full_overnight,true,51ee0c221e5de9e0a08c,R03,2019-01-16,6684.875,6689.25,6677.5,47,0.70080468178493050475493782,2019
0.2,true,NQU9,prior_rth,true,51fb0c78fa5945ba8e79,R01,2019-07-26,7951.875,7965.75,7940.25,34,0.7076923076923076923076923077,2019
0.2,true,NQU9,prior_rth,true,51fb0c78fa5945ba8e79,R02,2019-07-26,7951.875,7965.75,7940.25,34,0.7076923076923076923076923077,2019
0.1,true,NQU9,opening_hour_rth,true,520a30e17c51dab236d6,R05,2019-06-25,7726.125,7731.5,7709.25,89,0.7039877300613496932515337423,2019
0.05,true,NQU9,prior_rth,true,52148a6b36e7a3aaffa3,R01,2019-07-12,7912.125,7942,7897,180,0.7018760195758564437194127243,2019
0.05,true,NQU9,prior_rth,true,52148a6b36e7a3aaffa3,R02,2019-07-12,7912.125,7942,7897,180,0.7018760195758564437194127243,2019
0.05,true,NQU9,midnight,true,5216303611269150dbb9,R04,2019-07-23,7946.375,7964,7936.25,111,0.7043956043956043956043956044,2019
0.2,true,NQZ9,opening_hour_rth,true,521aca160a3b12ab44e4,R05,2019-11-27,8415.625,8417.5,8407,42,0.7090643274853801169590643275,2019
0.05,true,NQM9,opening_hour_rth,true,5292f2ff5d3d0400edd9,R05,2019-04-11,7625.375,7631.25,7616.25,60,0.7008884501480750246791707799,2019
0.05,true,NQU9,prior_rth,true,52c58695a1cc3da26fa4,R01,2019-07-29,8031.375,8038.25,8017,85,0.704445530043966780654616512,2019
0.05,true,NQU9,prior_rth,true,52c58695a1cc3da26fa4,R02,2019-07-29,8031.375,8038.25,8017,85,0.704445530043966780654616512,2019
0.1,true,NQU9,full_overnight,true,52e1d6d49abc742fadd8,R03,2019-06-26,7637.625,7671.5,7622.25,197,0.7005556389848325574410572158,2019
0.2,true,NQM9,midnight,true,530079098fdc67b58d12,R04,2019-06-05,7212.875,7237.5,7202.25,141,0.7028560250391236306729264476,2019
0.2,true,NQM9,midnight,true,5305cebcbeb99c312c29,R04,2019-04-16,7679.875,7683.25,7670,53,0.7071112896745680996384089996,2019
0.1,true,NQZ9,midnight,true,530d6f10cbbc63600303,R04,2019-09-16,7859.375,7862.25,7846.25,64,0.7057153671461014383043149129,2019
0.05,true,NQH0,prior_rth,true,5314c14d65ed976e90ac,R01,2019-12-30,8803.875,8813,8788.75,97,0.7029005150447275684467335321,2019
0.05,true,NQH0,prior_rth,true,5314c14d65ed976e90ac,R02,2019-12-30,8803.875,8813,8788.75,97,0.7029005150447275684467335321,2019
0.1,true,NQZ9,full_overnight,true,53471a180b62eef7291f,R03,2019-10-02,7709.125,7730,7652.75,309,0.7012509197939661515820456218,2019
0.1,true,NQH9,midnight,true,5371dcb98360eaa7a66a,R04,2019-02-19,7072.125,7077,7045.25,127,0.7105508870214752567693744164,2019
0.2,true,NQU9,prior_rth,true,537793bd9ababa960ccc,R01,2019-08-20,7733.75,7744,7725.5,37,0.7085646312450436161776367962,2019
0.2,true,NQU9,prior_rth,true,537793bd9ababa960ccc,R02,2019-08-20,7733.75,7744,7725.5,37,0.7085646312450436161776367962,2019
0.2,true,NQU9,midnight,true,5388378b102b609f884d,R04,2019-07-11,7948.125,7958,7942.25,63,0.703733987462523848460070864,2019
0.1,true,NQU9,midnight,true,538d473bb8cae9cfc3b2,R04,2019-08-06,7422.75,7467,7399,136,0.709601081812035158891142664,2019
0.1,true,NQH9,full_overnight,true,53b4831fe3c5cf2b403f,R03,2019-03-04,7198.625,7201.5,7188.5,52,0.7100192678227360308285163776,2019
0.2,true,NQH9,midnight,true,54045dfc037d1dd82399,R04,2019-02-08,6873.375,6883.25,6855.5,111,0.7020774315391879131255901794,2019
0.2,true,NQM9,opening_hour_rth,true,541409b61ffc1dc92e84,R05,2019-03-28,7348.125,7365,7336.5,38,0.7048300536672629695885509839,2019
0.1,true,NQM9,full_overnight,true,543ea2540313a790d538,R03,2019-05-21,7439.875,7447.5,7416.25,125,0.7007427923958202190608082588,2019
0.05,true,NQH0,opening_hour_rth,true,544291621588c41c73f4,R05,2019-12-30,8715.625,8731.75,8694.75,148,0.7009775733179988499137435308,2019
0.05,true,NQZ9,midnight,true,54855963dcfc0a142d60,R04,2019-11-15,8297.625,8300.5,8289.25,45,0.7056916426512968299711815562,2019
0.05,true,NQZ9,midnight,true,548718f713856098eeca,R04,2019-11-13,8245.125,8253.75,8232.5,85,0.703551046290424857324032974,2019
0.1,true,NQZ9,full_overnight,true,549dc2c7a09a3e5117a9,R03,2019-09-18,7902.875,7908.75,7899,39,0.7080494574817057784506686853,2019
0.1,true,NQZ9,midnight,true,54b837f3286aa9639207,R04,2019-10-30,8054.875,8063,8047.5,62,0.702974444909928780896522832,2019
0.2,true,NQH9,midnight,true,54c6609027dd57545198,R04,2019-01-18,6738.375,6750.25,6731,77,0.7015032211882605583392984968,2019
0.1,true,NQZ9,full_overnight,true,54d6cf7623ddbc3df81a,R03,2019-11-21,8269.875,8288.75,8263,103,0.7004433185560481317289423686,2019
0.1,true,NQZ9,midnight,true,5501378b38c72d76c59e,R04,2019-09-25,7708.875,7731.25,7688.75,170,0.7033707865168539325842696629,2019
0.05,true,NQH9,midnight,true,553c8c866a19866dce07,R04,2019-01-23,6671.875,6679.75,6643.75,144,0.700649787138695944431996415,2019
0.1,true,NQM9,midnight,true,5586f9665f2374bb0de3,R04,2019-05-29,7233.875,7239.5,7225.75,55,0.7017999628873631471516051215,2019
0.05,true,NQM9,opening_hour_rth,true,55a0ad653c328b37c83f,R05,2019-05-22,7438.125,7452.5,7435,70,0.7012422360248447204968944099,2019
0.1,true,NQM9,opening_hour_rth,true,55ad41772449d894cbd7,R05,2019-04-22,7699.125,7708.5,7685,94,0.7026726057906458797327394209,2019
0.05,true,NQH9,midnight,true,55d747c281109eec6880,R04,2019-01-11,6615.375,6624,6600.25,95,0.7052607913669064748201438849,2019
0.1,true,NQH9,midnight,true,55e8d3901cb142c512c7,R04,2019-02-22,7061.875,7078.75,7046.25,130,0.7003811199061858692465552624,2019
0.1,true,NQU9,opening_hour_rth,true,560c3262ff6f0f9a0339,R05,2019-08-26,7537.25,7557,7527,60,0.7031872509960159362549800797,2019
0.2,true,NQU9,midnight,true,565ae2f50f0ca37df4ce,R04,2019-06-27,7697.375,7703.75,7672.25,126,0.7040084388185654008438818565,2019
0.1,true,NQM9,midnight,true,5673717725b06543850c,R04,2019-04-26,7806.375,7810.5,7795.25,61,0.7032520325203252032520325203,2019
0.2,true,NQU9,full_overnight,true,5682f098223306996315,R03,2019-08-09,7678.75,7699.5,7674.5,50,0.7083944281524926686217008798,2019
0.2,true,NQU9,opening_hour_rth,true,56934d45a1c91bb10616,R05,2019-07-26,8022.75,8029,8015.5,27,0.7118902439024390243902439024,2019
0.1,true,NQM9,full_overnight,true,56b8a96b2455d66c4c89,R03,2019-04-18,7675.625,7688.5,7663.75,99,0.7068862869616987497519349077,2019
0.2,true,NQZ9,opening_hour_rth,true,56c5de6d95548638a6fe,R05,2019-10-16,7928.25,7930.5,7919,23,0.7219589257503949447077409163,2019
0.05,true,NQM9,prior_rth,true,56d0a3f3f777ec14b49c,R01,2019-06-07,7235.625,7246,7215,124,0.7025250261467204542058867473,2019
0.05,true,NQM9,prior_rth,true,56d0a3f3f777ec14b49c,R02,2019-06-07,7235.625,7246,7215,124,0.7025250261467204542058867473,2019
0.2,true,NQZ9,midnight,true,56d129fcf18f8b4de701,R04,2019-10-14,7843.875,7859.25,7812.25,188,0.7009276437847866419294990724,2019
0.2,true,NQZ9,full_overnight,true,56dd388a882772860bdf,R03,2019-11-14,8254.25,8265,8249,32,0.7167883211678832116788321168,2019
0.05,true,NQM9,opening_hour_rth,true,56f6be270d448066305d,R05,2019-04-12,7645.125,7647.5,7641.5,24,0.7130339539978094194961664841,2019
0.05,true,NQZ9,midnight,true,5705f8dceba673e45270,R04,2019-09-24,7876.125,7878.75,7867.75,44,0.7056971986150456405413912496,2019
0.2,true,NQM9,opening_hour_rth,true,570ed573a52b5fdaeb9a,R05,2019-06-05,7197.375,7211.25,7176,47,0.7001414427157001414427157001,2019
0.05,true,NQU9,full_overnight,true,57120a2e504935f3eb27,R03,2019-07-26,8004.375,8018.75,8002.25,66,0.7067770073808991277119212704,2019
0.2,true,NQM9,midnight,true,573093e0333f6cd55589,R04,2019-04-12,7647.125,7659.25,7634.75,98,0.7007174581482746839767680219,2019
0.1,true,NQU9,full_overnight,true,574d645fd3479ec829a3,R03,2019-08-12,7612.625,7675,7587,352,0.7007170127572399664773256355,2019
0.1,true,NQM9,opening_hour_rth,true,5777e0a246420302a3ce,R05,2019-03-11,7130.125,7134.5,7110,98,0.7013953488372093023255813953,2019
0.2,true,NQM9,opening_hour_rth,true,578f7a5687699181b7a5,R05,2019-03-27,7378.25,7399,7374,50,0.7047387606318347509113001215,2019
0.05,true,NQU9,midnight,true,579998ad962e74054273,R04,2019-08-06,7422.625,7466.5,7398.75,271,0.7006030507272082298687477829,2019
0.05,true,NQM9,opening_hour_rth,true,57afc113ebef5937d795,R05,2019-05-15,7407.875,7434,7363,284,0.701754385964912280701754386,2019
0.05,true,NQU9,midnight,true,57bf3efc99c7158f79c7,R04,2019-08-14,7743.875,7756.25,7638.5,471,0.7007289934774267809182759944,2019
0.2,true,NQM9,full_overnight,true,57cbe1850483355e43a7,R03,2019-03-11,7072.25,7075.5,7046.5,58,0.7078085642317380352644836272,2019
0.05,true,NQM9,full_overnight,true,57ea5114c802b2c5b9f7,R03,2019-05-10,7587.875,7599,7539.75,237,0.7008175027936246544727401047,2019
0.05,true,NQM9,midnight,true,57f4e1375ca8472809b2,R04,2019-03-21,7412.625,7432.75,7387.25,182,0.7029847124484348459111866052,2019
0.2,true,NQM9,prior_rth,true,57f8182b7d7cd041a638,R01,2019-06-12,7509.75,7550,7493.5,113,0.7001832940560356114166012045,2019
0.2,true,NQM9,prior_rth,true,57f8182b7d7cd041a638,R02,2019-06-12,7509.75,7550,7493.5,113,0.7001832940560356114166012045,2019
0.1,true,NQM9,full_overnight,true,57fa93b27bd941e5a253,R03,2019-06-03,7087.125,7099.5,7080.5,76,0.7022265720577440665524834842,2019
0.2,true,NQZ9,opening_hour_rth,true,5817fde6c7374b176574,R05,2019-12-04,8308.75,8316,8303,26,0.7122641509433962264150943396,2019
0.05,true,NQH0,full_overnight,true,583f0c80eaabb87d5107,R03,2019-12-19,8619.875,8622.5,8613.5,36,0.7104072398190045248868778281,2019
0.2,true,NQZ9,prior_rth,true,5847ce6977975a6da4bf,R01,2019-11-20,8346.625,8354.75,8338.5,65,0.7036674816625916870415647922,2019
0.2,true,NQZ9,prior_rth,true,5847ce6977975a6da4bf,R02,2019-11-20,8346.625,8354.75,8338.5,65,0.7036674816625916870415647922,2019
0.1,true,NQM9,midnight,true,58480db2ab3bd8a2387c,R04,2019-04-24,7820.875,7837.25,7816,85,0.7096645367412140575079872204,2019
0.2,true,NQU9,opening_hour_rth,true,5852d8f099bb09818fe6,R05,2019-09-12,7967.25,7974.5,7932,85,0.7045454545454545454545454545,2019
0.1,true,NQU9,prior_rth,true,5865c4da61b3bc4297a2,R01,2019-07-18,7937.875,7947,7929.75,69,0.7026481715006305170239596469,2019
0.1,true,NQU9,prior_rth,true,5865c4da61b3bc4297a2,R02,2019-07-18,7937.875,7947,7929.75,69,0.7026481715006305170239596469,2019
0.05,true,NQU9,full_overnight,true,58688cc78d9323ef01f4,R03,2019-07-18,7851.125,7873.25,7845,113,0.7073214932946719826023921711,2019
0.2,true,NQU9,midnight,true,587c4fbb4a9785453274,R04,2019-08-23,7748.625,7762,7669.5,370,0.7012966476913345983554712207,2019
0.2,true,NQH9,full_overnight,true,58b72669dbbcd4434b4c,R03,2019-01-24,6673.25,6692.5,6662,61,0.7119369369369369369369369369,2019
0.2,true,NQZ9,midnight,true,58be3e2120b8ae7d09bc,R04,2019-10-22,7951.125,7967.25,7939.5,111,0.7064462809917355371900826446,2019
0.2,true,NQU9,full_overnight,true,58d1b93b1cf753c5e5e0,R03,2019-07-30,8011.125,8020,7961.25,235,0.700628451723481241668253666,2019
0.2,true,NQZ9,opening_hour_rth,true,58dfe17814d63e218b11,R05,2019-09-18,7892.625,7896.75,7889.25,30,0.7081138040042149631190727081,2019
0.2,true,NQZ9,opening_hour_rth,true,58f60c286215ac37f5ea,R05,2019-10-14,7856.25,7862.5,7844,37,0.7092651757188498402555910543,2019
0.05,true,NQZ9,midnight,true,5908b807f45dd7a8446c,R04,2019-10-22,7951.125,7967.25,7939.5,111,0.7064462809917355371900826446,2019
0.05,true,NQU9,opening_hour_rth,true,5922e13d4a2c1eca65f6,R05,2019-07-10,7922.875,7939.75,7906.25,134,0.7049300956585724797645327447,2019
0.1,true,NQZ9,prior_rth,true,594068e21a45c92e3947,R01,2019-10-04,7632.125,7652.75,7557.75,380,0.7002125398512221041445270988,2019
0.1,true,NQZ9,prior_rth,true,594068e21a45c92e3947,R02,2019-10-04,7632.125,7652.75,7557.75,380,0.7002125398512221041445270988,2019
0.2,true,NQH9,full_overnight,true,594559e9433955ca2c5e,R03,2019-02-14,7044.25,7050,7015,70,0.7075141395098303258820360894,2019
0.05,true,NQH9,opening_hour_rth,true,59663df901f220c0f76b,R05,2019-03-04,7207.375,7209.5,7196.5,52,0.7061752988047808764940239044,2019
0.2,true,NQH9,prior_rth,true,5979910f3ba789e27aa5,R01,2019-01-04,6204.375,6249,6180,92,0.701424736733429692339459013,2019
0.2,true,NQH9,prior_rth,true,5979910f3ba789e27aa5,R02,2019-01-04,6204.375,6249,6180,92,0.701424736733429692339459013,2019
0.1,true,NQM9,full_overnight,true,598aaeba494006ef1705,R03,2019-05-20,7538.625,7559,7432,508,0.7019963352300125373710097406,2019
0.1,true,NQH9,full_overnight,true,598cdcdb21914cf863f5,R03,2019-02-07,6976.625,6994.25,6955.5,155,0.7018324141611812844689557018,2019
0.05,true,NQZ9,opening_hour_rth,true,59d55e469899a55f3df0,R05,2019-09-30,7734.625,7741.25,7720.75,82,0.7073791348600508905852417303,2019
0.2,true,NQZ9,opening_hour_rth,true,59fd929a75a670eb71df,R05,2019-12-03,8195.625,8208.75,8184.75,32,0.703038674033149171270718232,2019
0.05,true,NQU9,prior_rth,true,5a4fca6154eab318f37f,R01,2019-07-09,7796.875,7805.75,7787.25,74,0.706142391810144253140995812,2019
0.05,true,NQU9,prior_rth,true,5a4fca6154eab318f37f,R02,2019-07-09,7796.875,7805.75,7787.25,74,0.706142391810144253140995812,2019
0.2,true,NQZ9,midnight,true,5a54c273ae77a60d54a6,R04,2019-11-22,8295.375,8300.25,8290,41,0.7006880733944954128440366972,2019
0.05,true,NQM9,opening_hour_rth,true,5a739511e36c78bc6c2a,R05,2019-04-05,7589.125,7601,7586,60,0.7092257001647446457990115321,2019
0.2,true,NQU9,prior_rth,true,5a90f0ab2ac1484aa1bb,R01,2019-07-17,7978.625,7986.5,7948,154,0.7056296631245760795839927651,2019
0.2,true,NQU9,prior_rth,true,5a90f0ab2ac1484aa1bb,R02,2019-07-17,7978.625,7986.5,7948,154,0.7056296631245760795839927651,2019
0.1,true,NQZ9,full_overnight,true,5aa43740c4226acee91b,R03,2019-09-16,7859.375,7871.25,7835.5,143,0.7003384810662153585783795219,2019
0.1,true,NQH9,midnight,true,5ac1e791435eae7cd5f9,R04,2019-01-04,6238.625,6268.75,6234.5,137,0.7001158748551564310544611819,2019
0.1,true,NQM9,prior_rth,true,5ac857a6951e50ec5d3e,R01,2019-05-20,7571.25,7581.5,7533,97,0.7009189640768588137009189641,2019
0.1,true,NQM9,prior_rth,true,5ac857a6951e50ec5d3e,R02,2019-05-20,7571.25,7581.5,7533,97,0.7009189640768588137009189641,2019
0.05,true,NQU9,prior_rth,true,5acf83460c817c996c64,R01,2019-09-03,7678.625,7705.75,7646,239,0.7002595816155138189036494121,2019
0.05,true,NQU9,prior_rth,true,5acf83460c817c996c64,R02,2019-09-03,7678.625,7705.75,7646,239,0.7002595816155138189036494121,2019
0.05,true,NQZ9,full_overnight,true,5ad27631ad7b5c7c4846,R03,2019-10-30,8054.875,8058.5,8048.25,41,0.7033467202141900937081659973,2019
0.05,true,NQM9,opening_hour_rth,true,5adeb2d619d8357c0ecc,R05,2019-05-14,7382.625,7391.5,7359.25,129,0.7038735983690112130479102956,2019
0.05,true,NQZ9,opening_hour_rth,true,5ae345715ba798b10589,R05,2019-10-22,7962.875,7977.25,7960.25,68,0.7034782608695652173913043478,2019
0.05,true,NQM9,midnight,true,5afb520f6ce97372a710,R04,2019-04-26,7806.375,7810.5,7795.25,61,0.7032520325203252032520325203,2019
0.2,true,NQU9,prior_rth,true,5aff66849ca861a6e654,R01,2019-08-29,7588.875,7598.25,7560.75,50,0.7075656605252842022736181889,2019
0.2,true,NQU9,prior_rth,true,5aff66849ca861a6e654,R02,2019-08-29,7588.875,7598.25,7560.75,50,0.7075656605252842022736181889,2019
0.1,true,NQU9,midnight,true,5aff8cd54d66ab35f32e,R04,2019-07-26,8004.625,8016,8002.25,55,0.7087508350033400133600534402,2019
0.05,true,NQH9,midnight,true,5b073bde734be7d2ca53,R04,2019-02-15,6986.625,7033,6975.25,231,0.7020702070207020702070207021,2019
0.2,true,NQU9,opening_hour_rth,true,5b3a12d393efe7f5b8b2,R05,2019-09-06,7851.375,7860.75,7845.75,20,0.7240075614366729678638941399,2019
0.2,true,NQH9,prior_rth,true,5b665be4ec74e9086a0b,R01,2019-02-28,7120.75,7128.5,7080,97,0.7029665790461885092001502065,2019
0.2,true,NQH9,prior_rth,true,5b665be4ec74e9086a0b,R02,2019-02-28,7120.75,7128.5,7080,97,0.7029665790461885092001502065,2019
0.2,true,NQH9,prior_rth,true,5b8e89a7b72ab98f5d2b,R01,2019-02-27,7124.75,7136,7114.5,43,0.7083987441130298273155416013,2019
0.2,true,NQH9,prior_rth,true,5b8e89a7b72ab98f5d2b,R02,2019-02-27,7124.75,7136,7114.5,43,0.7083987441130298273155416013,2019
0.2,true,NQZ9,prior_rth,true,5bbbcc07bc6955239869,R01,2019-10-08,7752.75,7781,7744.5,73,0.7001651982378854625550660793,2019
0.2,true,NQZ9,prior_rth,true,5bbbcc07bc6955239869,R02,2019-10-08,7752.75,7781,7744.5,73,0.7001651982378854625550660793,2019
0.2,true,NQU9,opening_hour_rth,true,5bd6bed094bb18585d2d,R05,2019-09-13,7904.25,7909,7891.5,35,0.7122207621550591327201051248,2019
0.2,true,NQU9,opening_hour_rth,true,5bfd25e3f57e1500eb2b,R05,2019-06-25,7726.125,7731.5,7709.25,89,0.7039877300613496932515337423,2019
0.05,true,NQZ9,opening_hour_rth,true,5c069f06d3091dbb9fe6,R05,2019-10-18,7947.375,7954.5,7935.75,75,0.7009674582233948988566402814,2019
0.1,true,NQM9,opening_hour_rth,true,5c12e2bbe4abda90d2d4,R05,2019-03-15,7321.625,7329.75,7309.75,80,0.7014462809917355371900826446,2019
0.1,true,NQZ9,opening_hour_rth,true,5c42b059066bf00d49ad,R05,2019-11-26,8383.125,8385.25,8374.5,43,0.7071352502662406815761448349,2019
0.1,true,NQU9,prior_rth,true,5c4523894d3cc070b937,R01,2019-09-06,7852.875,7869,7847.5,86,0.704619124797406807131280389,2019
0.1,true,NQU9,prior_rth,true,5c4523894d3cc070b937,R02,2019-09-06,7852.875,7869,7847.5,86,0.704619124797406807131280389,2019
0.1,true,NQM9,opening_hour_rth,true,5c63ffc917f1a5fbdfb0,R05,2019-04-10,7605.875,7609.75,7601.5,33,0.7100591715976331360946745562,2019
0.1,true,NQU9,midnight,true,5c70cdecc6191cfdaa54,R04,2019-06-19,7679.125,7682.5,7675,30,0.7087637454181939353548817061,2019
0.05,true,NQZ9,opening_hour_rth,true,5c87e41a7ae71c5e1edb,R05,2019-11-08,8213.125,8223.25,8200.25,92,0.7030497592295345104333868379,2019
0.05,true,NQZ9,full_overnight,true,5c8aa37e092c2b749311,R03,2019-11-22,8295.375,8300.75,8289.25,46,0.7012171181782489202983902631,2019
0.1,true,NQM9,prior_rth,true,5c9f5d3aafa95032bb15,R01,2019-03-15,7279.375,7287.25,7276,45,0.7046703296703296703296703297,2019
0.1,true,NQM9,prior_rth,true,5c9f5d3aafa95032bb15,R02,2019-03-15,7279.375,7287.25,7276,45,0.7046703296703296703296703297,2019
0.2,true,NQH9,prior_rth,true,5cab0ad364474f70f053,R01,2019-01-03,6347.625,6402.75,6321,109,0.702306079664570230607966457,2019
0.2,true,NQH9,prior_rth,true,5cab0ad364474f70f053,R02,2019-01-03,6347.625,6402.75,6321,109,0.702306079664570230607966457,2019
0.1,true,NQM9,prior_rth,true,5cb954f8e229cce2bdda,R01,2019-04-11,7620.375,7628.5,7606,90,0.7083014048531289910600255428,2019
0.1,true,NQM9,prior_rth,true,5cb954f8e229cce2bdda,R02,2019-04-11,7620.375,7628.5,7606,90,0.7083014048531289910600255428,2019
0.2,true,NQH9,full_overnight,true,5cf0273848f5f086379a,R03,2019-02-19,7072.375,7085.25,7056.5,115,0.7029375258585022755482002482,2019
0.1,true,NQU9,full_overnight,true,5cf16448e35b45106763,R03,2019-08-05,7585.125,7614.5,7541.75,291,0.7009708737864077669902912621,2019
0.1,true,NQZ9,opening_hour_rth,true,5d24339e4b9288fbadbd,R05,2019-10-02,7612.625,7617.25,7595.25,88,0.7011686143572621035058430718,2019
0.2,true,NQZ9,full_overnight,true,5d36f5b3d079a1bb2e27,R03,2019-10-07,7728.25,7742,7724.5,35,0.7101050525262631315657828914,2019
0.05,true,NQH9,full_overnight,true,5d525ed6e2d68d17d7c1,R03,2019-01-14,6547.125,6558.25,6535.5,91,0.7000295246530853262474165929,2019
0.05,true,NQH9,opening_hour_rth,true,5d59c3123b4b8640eb13,R05,2019-01-22,6724.375,6732.75,6710.25,90,0.7015209125475285171102661597,2019
0.2,true,NQZ9,opening_hour_rth,true,5dae66684ae77ace342d,R05,2019-10-28,8089.625,8096.25,8085.5,43,0.7007952286282306163021868787,2019
0.05,true,NQZ9,opening_hour_rth,true,5dc0eda4e430e706e83d,R05,2019-09-16,7886.125,7892.25,7874.5,71,0.7051367578385590393595730487,2019
0.2,true,NQZ9,prior_rth,true,5dd6120a06201c6d23ba,R01,2019-10-14,7881.75,7905,7874,62,0.7094866971244289169578070411,2019
0.2,true,NQZ9,prior_rth,true,5dd6120a06201c6d23ba,R02,2019-10-14,7881.75,7905,7874,62,0.7094866971244289169578070411,2019
0.05,true,NQU9,opening_hour_rth,true,5df8939b8316c32da0f6,R05,2019-07-01,7825.125,7838.25,7820.25,72,0.7042660882140274765003615329,2019
0.1,true,NQM9,prior_rth,true,5e0203245d0b9aeb271d,R01,2019-05-31,7242.875,7257,7230.75,105,0.7026641294005708848715509039,2019
0.1,true,NQM9,prior_rth,true,5e0203245d0b9aeb271d,R02,2019-05-31,7242.875,7257,7230.75,105,0.7026641294005708848715509039,2019
0.05,true,NQZ9,opening_hour_rth,true,5e07f096eeb4d45fe65a,R05,2019-09-25,7697.625,7717.75,7685.75,128,0.7012741859367626238791882964,2019
0.1,true,NQM9,midnight,true,5e12615eb629051d0556,R04,2019-05-02,7768.125,7776.75,7760.75,64,0.7054144998470480269195472622,2019
0.05,true,NQZ9,prior_rth,true,5e8df72605a4f96aa80f,R01,2019-12-10,8390.375,8410,8371.25,155,0.700182815356489945155393053,2019
0.05,true,NQZ9,prior_rth,true,5e8df72605a4f96aa80f,R02,2019-12-10,8390.375,8410,8371.25,155,0.700182815356489945155393053,2019
0.2,true,NQH9,midnight,true,5eab72a7b4e6cb4e6f4b,R04,2019-02-20,7069.375,7074.5,7063.5,44,0.7005076142131979695431472081,2019
0.1,true,NQZ9,opening_hour_rth,true,5ebe70c64f42380584df,R05,2019-11-25,8351.125,8357.75,8339.75,72,0.7142857142857142857142857143,2019
0.2,true,NQZ9,opening_hour_rth,true,5ec6ee449dbd857cbc78,R05,2019-10-17,7977.75,7988,7974,28,0.7158218125960061443932411674,2019
0.05,true,NQM9,full_overnight,true,5ed56c0d0582f0c1b670,R03,2019-05-13,7520.875,7550.5,7481.75,275,0.7035087719298245614035087719,2019
0.1,true,NQM9,prior_rth,true,5ee3e23bf838d15afea9,R01,2019-03-12,7182.875,7196.75,7137.5,237,0.7005740528128587830080367394,2019
0.1,true,NQM9,prior_rth,true,5ee3e23bf838d15afea9,R02,2019-03-12,7182.875,7196.75,7137.5,237,0.7005740528128587830080367394,2019
0.1,true,NQU9,midnight,true,5ee6611ff411b90824de,R04,2019-08-16,7590.625,7598.25,7558.5,159,0.7013634364462688755314470019,2019
0.1,true,NQU9,midnight,true,5ee6b5108e373ca858cb,R04,2019-07-24,7955.625,7960.25,7937.75,90,0.7019285309132161089052750993,2019
0.1,true,NQU9,prior_rth,true,5efc6cbb25f4e5bbdd1d,R01,2019-08-05,7663.125,7700.25,7659,55,0.7077774981122577397432670526,2019
0.1,true,NQU9,prior_rth,true,5efc6cbb25f4e5bbdd1d,R02,2019-08-05,7663.125,7700.25,7659,55,0.7077774981122577397432670526,2019
0.1,true,NQM9,midnight,true,5f38458cac325cea9264,R04,2019-06-03,7094.125,7106.5,7079.5,108,0.7020212544280058345488643467,2019
0.05,true,NQM9,opening_hour_rth,true,5f866d631745b212e9e4,R05,2019-04-30,7795.375,7801.75,7789.5,49,0.7084006462035541195476575121,2019
0.1,true,NQU9,midnight,true,5fb409a1d2fd68617ae6,R04,2019-08-27,7593.375,7598.75,7553.75,180,0.7018398268398268398268398268,2019
0.1,true,NQZ9,full_overnight,true,5fb735663c80a8c5d2a3,R03,2019-11-27,8418.375,8429.5,8408,86,0.7020187659937446687517770827,2019
0.05,true,NQZ9,opening_hour_rth,true,5fba3da14c6400bbd53e,R05,2019-10-07,7752.875,7756.25,7735.25,84,0.7024623803009575923392612859,2019
0.05,true,NQZ9,full_overnight,true,5fda5e085ef04a8cb352,R03,2019-11-08,8215.875,8224.5,8204.5,80,0.7041587901701323251417769376,2019
0.2,true,NQU9,full_overnight,true,5fdd530aeac02c8e1e1c,R03,2019-07-18,7851.25,7873.5,7845.5,56,0.7173440893577412348743406764,2019
0.05,true,NQZ9,full_overnight,true,600a65a189b7b1728c22,R03,2019-11-04,8189.125,8206.5,8171.25,141,0.7001957905041605482134116495,2019
0.2,true,NQZ9,prior_rth,true,600ba5a19f07797a39db,R01,2019-12-06,8293.125,8308,8284,96,0.7035398230088495575221238938,2019
0.2,true,NQZ9,prior_rth,true,600ba5a19f07797a39db,R02,2019-12-06,8293.125,8308,8284,96,0.7035398230088495575221238938,2019
0.1,true,NQU9,prior_rth,true,600e59e591018ce97560,R01,2019-07-16,7972.375,7977.5,7962.75,59,0.7003756139843975729557931234,2019
0.1,true,NQU9,prior_rth,true,600e59e591018ce97560,R02,2019-07-16,7972.375,7977.5,7962.75,59,0.7003756139843975729557931234,2019
0.05,true,NQZ9,opening_hour_rth,true,600fe0ac4136fbd6d379,R05,2019-11-04,8220.375,8227.25,8212.5,59,0.7083734359961501443695861405,2019
0.1,true,NQH9,prior_rth,true,605f223ba0f01be36950,R01,2019-02-01,6906.125,6926.75,6892.75,136,0.7003990422984836392657621708,2019
0.1,true,NQH9,prior_rth,true,605f223ba0f01be36950,R02,2019-02-01,6906.125,6926.75,6892.75,136,0.7003990422984836392657621708,2019
0.1,true,NQU9,midnight,true,606335fc90316b29c9e5,R04,2019-08-13,7540.875,7560.75,7532,115,0.7006709741550695825049701789,2019
0.1,true,NQH9,midnight,true,606bcac22082d9b73c44,R04,2019-01-16,6685.125,6689,6677.5,46,0.7100073046018991964937910884,2019
0.2,true,NQU9,full_overnight,true,609a8b658e1f90ad0364,R03,2019-09-06,7870.75,7882,7866.5,31,0.7003699136868064118372379778,2019
0.2,true,NQU9,opening_hour_rth,true,60ad59b3ed2fee826335,R05,2019-07-11,7937.25,7944,7934,20,0.7115384615384615384615384615,2019
0.05,true,NQH9,opening_hour_rth,true,60c83ab652e25d82ab30,R05,2019-02-14,6990.625,7011,6978,132,0.7031346035648432698217578365,2019
0.2,true,NQH9,midnight,true,610b1f8be2afb1e5652b,R04,2019-01-04,6238.75,6269,6234,70,0.7041730391085864103124317238,2019
0.2,true,NQZ9,prior_rth,true,612304435023ce6494f2,R01,2019-11-01,8071.75,8087,8059,56,0.7081265508684863523573200993,2019
0.2,true,NQZ9,prior_rth,true,612304435023ce6494f2,R02,2019-11-01,8071.75,8087,8059,56,0.7081265508684863523573200993,2019
0.1,true,NQU9,prior_rth,true,61253b1036ffb3c17f17,R01,2019-07-24,7935.375,7952.25,7915,149,0.7038445289395859738065061259,2019
0.1,true,NQU9,prior_rth,true,61253b1036ffb3c17f17,R02,2019-07-24,7935.375,7952.25,7915,149,0.7038445289395859738065061259,2019
0.2,true,NQH9,prior_rth,true,614f915e267bb6a3ad00,R01,2019-03-08,7048.75,7062.5,7008,109,0.7060068801270177295580841492,2019
0.2,true,NQH9,prior_rth,true,614f915e267bb6a3ad00,R02,2019-03-08,7048.75,7062.5,7008,109,0.7060068801270177295580841492,2019
0.1,true,NQZ9,opening_hour_rth,true,61b95444f3cde1bd2402,R05,2019-12-12,8480.375,8496,8444.25,207,0.7015369360436291522062469013,2019
0.2,true,NQU9,midnight,true,61bcd0958f6d6e4777b0,R04,2019-07-01,7824.125,7833.75,7818.25,62,0.7053291536050156739811912226,2019
0.1,true,NQZ9,full_overnight,true,61d5094f9f18ffe872f6,R03,2019-12-04,8253.875,8295.5,8220.5,300,0.7063625761306207075288324478,2019
0.2,true,NQM9,full_overnight,true,61f0204be6420d89750f,R03,2019-05-02,7767.25,7779.5,7760,39,0.700171526586620926243567753,2019
0.1,true,NQH9,prior_rth,true,61f211bed26b04278610,R01,2019-02-28,7121.125,7128.25,7079.25,196,0.7019289340101522842639593909,2019
0.1,true,NQH9,prior_rth,true,61f211bed26b04278610,R02,2019-02-28,7121.125,7128.25,7079.25,196,0.7019289340101522842639593909,2019
0.2,true,NQM9,full_overnight,true,61fe14961117b8699ee0,R03,2019-06-13,7507.625,7519.5,7459.5,240,0.7025943100639177841834816393,2019
0.1,true,NQH9,opening_hour_rth,true,6208fbcbf9a7cf42cb20,R05,2019-02-01,6883.375,6912.5,6876,146,0.7022598870056497175141242938,2019
0.1,true,NQM9,full_overnight,true,620e9b69ef1890706fca,R03,2019-05-13,7520.875,7550.5,7481.75,275,0.7035087719298245614035087719,2019
0.05,true,NQM9,prior_rth,true,621c180885b3d6ef6c6e,R01,2019-05-15,7440.375,7458.25,7401.75,226,0.7011568958793708566229039386,2019
0.05,true,NQM9,prior_rth,true,621c180885b3d6ef6c6e,R02,2019-05-15,7440.375,7458.25,7401.75,226,0.7011568958793708566229039386,2019
0.05,true,NQM9,opening_hour_rth,true,62222c8353dcd5f1bfc6,R05,2019-05-16,7579.125,7587.5,7526.25,245,0.7024853801169590643274853801,2019
0.2,true,NQZ9,midnight,true,62316c5faab76462beb7,R04,2019-10-10,7694.625,7701.5,7684.25,69,0.7057464626046780248339589951,2019
0.2,true,NQM9,prior_rth,true,628154dd4d9cbf1089e9,R01,2019-04-25,7821.625,7835,7816.25,75,0.7054005630918863578192986947,2019
0.2,true,NQM9,prior_rth,true,628154dd4d9cbf1089e9,R02,2019-04-25,7821.625,7835,7816.25,75,0.7054005630918863578192986947,2019
0.1,true,NQM9,opening_hour_rth,true,62820f26ae2aff8598d1,R05,2019-06-03,7062.625,7080.75,7033.75,188,0.7003303445021236432279377065,2019
0.1,true,NQH9,prior_rth,true,629e49f49d44fea6fd37,R01,2019-02-06,7017.125,7023.5,6998.25,101,0.7019464720194647201946472019,2019
0.1,true,NQH9,prior_rth,true,629e49f49d44fea6fd37,R02,2019-02-06,7017.125,7023.5,6998.25,101,0.7019464720194647201946472019,2019
0.05,true,NQM9,opening_hour_rth,true,62a293a90970002bc680,R05,2019-05-03,7805.875,7811.5,7792.25,77,0.7080028839221341023792357606,2019
0.05,true,NQZ9,prior_rth,true,62ba4b3bfee61495bd32,R01,2019-11-14,8277.125,8279.25,8256.75,90,0.7007391763463569165786694826,2019
0.05,true,NQZ9,prior_rth,true,62ba4b3bfee61495bd32,R02,2019-11-14,8277.125,8279.25,8256.75,90,0.7007391763463569165786694826,2019
0.1,true,NQU9,full_overnight,true,62bcc5e9c2ec533d875a,R03,2019-09-06,7870.875,7882,7866.5,62,0.7024667405764966740576496674,2019
0.2,true,NQM9,midnight,true,62c92d4aac52b38b7519,R04,2019-05-22,7443.875,7465.25,7425,161,0.7014272121788772597526165557,2019
0.05,true,NQM9,full_overnight,true,62dd10087d18dfe9ddca,R03,2019-04-18,7675.625,7688.5,7663.75,99,0.7068862869616987497519349077,2019
0.1,true,NQH0,full_overnight,true,62e9fbec0df02175f519,R03,2019-12-27,8826.375,8837.25,8822.5,59,0.7024969549330085261875761267,2019
0.2,true,NQM9,prior_rth,true,62eff045fcd945786ef9,R01,2019-03-26,7343.25,7353,7313,80,0.7063285652362375379280450802,2019
0.2,true,NQM9,prior_rth,true,62eff045fcd945786ef9,R02,2019-03-26,7343.25,7353,7313,80,0.7063285652362375379280450802,2019
0.2,true,NQU9,opening_hour_rth,true,6312f0d18fa6e164730e,R05,2019-06-24,7768.125,7773.25,7761,49,0.7057313943541488451668092387,2019
0.2,true,NQU9,midnight,true,632b571c7e3b59731b4d,R04,2019-08-09,7678.75,7693.5,7673.5,40,0.707008547008547008547008547,2019
0.1,true,NQM9,prior_rth,true,632d2217bfea6628ac06,R01,2019-04-01,7388.375,7395,7380,60,0.7008196721311475409836065574,2019
0.1,true,NQM9,prior_rth,true,632d2217bfea6628ac06,R02,2019-04-01,7388.375,7395,7380,60,0.7008196721311475409836065574,2019
0.2,true,NQZ9,midnight,true,6335fc6a1f81c125e371,R04,2019-11-13,8245.125,8253.75,8232.5,85,0.703551046290424857324032974,2019
0.2,true,NQM9,full_overnight,true,636097fc5dcaefe99717,R03,2019-05-16,7495.25,7527,7481.5,91,0.7054738562091503267973856209,2019
0.2,true,NQZ9,opening_hour_rth,true,636a6d24ff5c4b3c89dc,R05,2019-12-12,8480.25,8496,8444.5,103,0.7022094140249759846301633045,2019
0.2,true,NQZ9,opening_hour_rth,true,63a3a50e248091c6c7ef,R05,2019-11-05,8211.625,8219.25,8197.25,88,0.7077189939288811795316565481,2019
0.2,true,NQH9,prior_rth,true,63bde5645b4abf1789e3,R01,2019-03-07,7123.625,7133.75,7111.5,89,0.7013157894736842105263157895,2019
0.2,true,NQH9,prior_rth,true,63bde5645b4abf1789e3,R02,2019-03-07,7123.625,7133.75,7111.5,89,0.7013157894736842105263157895,2019
0.05,true,NQM9,full_overnight,true,63d5387077ec8269cab0,R03,2019-04-02,7487.875,7499.75,7486,55,0.7106435643564356435643564356,2019
0.05,true,NQU9,midnight,true,640f7f2f731bc3a0e2ff,R04,2019-08-21,7729.625,7744.5,7716.75,111,0.7003821083389525736120476512,2019
0.05,true,NQZ9,midnight,true,64488131f623aa338dc9,R04,2019-10-16,7936.875,7944.25,7933.75,42,0.7040927992996279273363974612,2019
0.05,true,NQM9,opening_hour_rth,true,646622e355b2575f1497,R05,2019-04-02,7502.875,7507.25,7495,49,0.7059415911379657603222557905,2019
0.05,true,NQH9,prior_rth,true,646ac4abc22085907dcf,R01,2019-02-15,7042.125,7047.5,7007.5,160,0.700111128750595332592474996,2019
0.05,true,NQH9,prior_rth,true,646ac4abc22085907dcf,R02,2019-02-15,7042.125,7047.5,7007.5,160,0.700111128750595332592474996,2019
0.1,true,NQM9,prior_rth,true,64a19feba22efbfe18f0,R01,2019-05-28,7321.625,7346,7314.75,125,0.7012271869100062932662051605,2019
0.1,true,NQM9,prior_rth,true,64a19feba22efbfe18f0,R02,2019-05-28,7321.625,7346,7314.75,125,0.7012271869100062932662051605,2019
0.05,true,NQH9,midnight,true,64cbe8c8775ca297ec35,R04,2019-01-29,6687.125,6697.25,6671.5,103,0.7036281179138321995464852608,2019
0.1,true,NQH9,full_overnight,true,64cffac4f5a1b6e4cbb8,R03,2019-01-22,6741.375,6747.25,6726.5,83,0.7015423755764032437589441883,2019
0.05,true,NQU9,prior_rth,true,64e076e916bfdd4424c8,R01,2019-09-11,7776.875,7786.75,7754.75,128,0.7034965034965034965034965035,2019
0.05,true,NQU9,prior_rth,true,64e076e916bfdd4424c8,R02,2019-09-11,7776.875,7786.75,7754.75,128,0.7034965034965034965034965035,2019
0.2,true,NQH9,opening_hour_rth,true,64eec7dd9ac9e90ca043,R05,2019-03-01,7151.75,7156,7138.5,35,0.7029220779220779220779220779,2019
0.2,true,NQZ9,opening_hour_rth,true,65297f0d3f24320b651c,R05,2019-09-17,7876.75,7884.5,7870.5,28,0.715529753265602322206095791,2019
0.05,true,NQM9,prior_rth,true,65351ffc0a5711e4aec1,R01,2019-06-13,7475.375,7485.75,7468,71,0.7049815173384967435310684739,2019
0.05,true,NQM9,prior_rth,true,65351ffc0a5711e4aec1,R02,2019-06-13,7475.375,7485.75,7468,71,0.7049815173384967435310684739,2019
0.2,true,NQM9,opening_hour_rth,true,6549090e9bdae713b3af,R05,2019-06-10,7509.25,7528.5,7491,75,0.7115384615384615384615384615,2019
0.05,true,NQM9,full_overnight,true,65751184cedc31803195,R03,2019-06-07,7290.625,7329.5,7281.75,191,0.7001301659616010413276928083,2019
0.05,true,NQU9,midnight,true,658ee0209c787cae9db8,R04,2019-08-22,7729.125,7756.5,7722.25,137,0.7015222906850308082638637187,2019
0.1,true,NQM9,prior_rth,true,65aa16db47725ed2aacf,R01,2019-04-02,7496.625,7499.25,7466.5,131,0.7007011393514460999123575811,2019
0.1,true,NQM9,prior_rth,true,65aa16db47725ed2aacf,R02,2019-04-02,7496.625,7499.25,7466.5,131,0.7007011393514460999123575811,2019
0.05,true,NQM9,opening_hour_rth,true,65ae5cfabd4a8a8a2d68,R05,2019-05-07,7695.125,7724,7682.75,165,0.7008337420304070622854340363,2019
0.1,true,NQZ9,prior_rth,true,65d18e22fb63829b2b5d,R01,2019-11-01,8071.375,8087,8059,112,0.7025826616219772988978450403,2019
0.1,true,NQZ9,prior_rth,true,65d18e22fb63829b2b5d,R02,2019-11-01,8071.375,8087,8059,112,0.7025826616219772988978450403,2019
0.1,true,NQM9,prior_rth,true,65d8bc19d5252e84b51b,R01,2019-04-24,7824.125,7839.25,7787.25,208,0.7006745362563237774030354132,2019
0.1,true,NQM9,prior_rth,true,65d8bc19d5252e84b51b,R02,2019-04-24,7824.125,7839.25,7787.25,208,0.7006745362563237774030354132,2019
0.05,true,NQH9,midnight,true,65da86e43e2949ec856b,R04,2019-01-22,6741.375,6747,6730.75,65,0.7010983263598326359832635983,2019
0.05,true,NQU9,prior_rth,true,65e064eeac669ba846cb,R01,2019-08-26,7497.375,7635,7447.75,749,0.7003927729772191673212882954,2019
0.05,true,NQU9,prior_rth,true,65e064eeac669ba846cb,R02,2019-08-26,7497.375,7635,7447.75,749,0.7003927729772191673212882954,2019
0.1,true,NQZ9,midnight,true,65f489f9cb5b9aa0f410,R04,2019-12-06,8334.625,8343.5,8327.5,64,0.7005752346351801392673327278,2019
0.1,true,NQM9,prior_rth,true,6633befedb5071c99485,R01,2019-05-02,7839.625,7854.5,7821.75,131,0.7020514490394008466297622924,2019
0.1,true,NQM9,prior_rth,true,6633befedb5071c99485,R02,2019-05-02,7839.625,7854.5,7821.75,131,0.7020514490394008466297622924,2019
0.1,true,NQM9,midnight,true,663e2fcc62adcd898830,R04,2019-06-13,7507.625,7519.5,7462.5,228,0.7004707728520988622989407611,2019
0.1,true,NQZ9,opening_hour_rth,true,6672c06942a446e3552c,R05,2019-11-27,8415.625,8417.5,8407,42,0.7090643274853801169590643275,2019
0.05,true,NQU9,full_overnight,true,6674d37be79173ce4739,R03,2019-09-03,7634.625,7644,7612.5,126,0.7035539110231477497633594355,2019
0.1,true,NQZ9,full_overnight,true,6689879d38e8f8874c1c,R03,2019-09-30,7733.875,7745.75,7725,83,0.7050026469031233456855479089,2019
0.05,true,NQM9,prior_rth,true,66a7ac8020cb86b0763c,R01,2019-03-26,7345.875,7353.5,7313.5,160,0.7009366888613023360794492721,2019
0.05,true,NQM9,prior_rth,true,66a7ac8020cb86b0763c,R02,2019-03-26,7345.875,7353.5,7313.5,160,0.7009366888613023360794492721,2019
0.2,true,NQU9,prior_rth,true,66be5aeb79286e82c7d5,R01,2019-09-10,7868.625,7878.25,7821.25,228,0.7017381656804733727810650888,2019
0.2,true,NQU9,prior_rth,true,66be5aeb79286e82c7d5,R02,2019-09-10,7868.625,7878.25,7821.25,228,0.7017381656804733727810650888,2019
0.1,true,NQM9,midnight,true,66c2af3c0c78894bd6ea,R04,2019-05-14,7368.875,7384,7355.25,115,0.7001626604012289896981745888,2019
0.1,true,NQU9,prior_rth,true,66d14f093007b77f4cc2,R01,2019-07-15,7952.875,7958,7934,96,0.7050610820244328097731239092,2019
0.1,true,NQU9,prior_rth,true,66d14f093007b77f4cc2,R02,2019-07-15,7952.875,7958,7934,96,0.7050610820244328097731239092,2019
0.1,true,NQU9,opening_hour_rth,true,66d682719dc5f854e9a6,R05,2019-09-11,7863.125,7867.25,7836,125,0.7001985440105890138980807412,2019
0.1,true,NQU9,opening_hour_rth,true,66e04b4b211a39a682e4,R05,2019-08-02,7732.125,7758,7714.5,58,0.7003293084522502744237102086,2019
0.05,true,NQZ9,prior_rth,true,66e718705308bf129403,R01,2019-11-21,8324.625,8347,8266.5,322,0.7007200720072007200720072007,2019
0.05,true,NQZ9,prior_rth,true,66e718705308bf129403,R02,2019-11-21,8324.625,8347,8266.5,322,0.7007200720072007200720072007,2019
0.05,true,NQM9,full_overnight,true,670204fc71233a5dd527,R03,2019-04-03,7564.875,7573,7557.5,62,0.7025,2019
0.2,true,NQM9,opening_hour_rth,true,6722bb542f82c60f7c69,R05,2019-06-14,7473.25,7478,7463.5,29,0.7024579560155239327296248383,2019
0.2,true,NQZ9,opening_hour_rth,true,67710248173df418f90d,R05,2019-11-13,8260.125,8262.5,8244,74,0.7029288702928870292887029289,2019
0.05,true,NQH9,opening_hour_rth,true,6780fd755234d8857a10,R05,2019-02-15,7042.625,7059,7037.75,85,0.7086956521739130434782608696,2019
0.05,true,NQZ9,full_overnight,true,6793f2bff62cca7a7e07,R03,2019-12-05,8292.625,8320,8288.5,126,0.7012014626501828312728539091,2019
0.2,true,NQM9,prior_rth,true,67bc4add238e283ceb1c,R01,2019-04-18,7701.875,7706.25,7686.5,79,0.7022371807562858839833696298,2019
0.2,true,NQM9,prior_rth,true,67bc4add238e283ceb1c,R02,2019-04-18,7701.875,7706.25,7686.5,79,0.7022371807562858839833696298,2019
0.1,true,NQH9,opening_hour_rth,true,67bf5cc15bf1bdcb7659,R05,2019-01-08,6547.375,6568.25,6508.75,238,0.7003725385843533794571580628,2019
0.2,true,NQH0,midnight,true,67e225fc65e20a0bee6e,R04,2019-12-17,8608.125,8617,8600.5,66,0.7044476327116212338593974175,2019
0.05,true,NQZ9,midnight,true,67ee65db5f07a15884ef,R04,2019-10-25,7939.875,7942.5,7933,38,0.7124324324324324324324324324,2019
0.1,true,NQH9,opening_hour_rth,true,681b43c7150d9581d9ff,R05,2019-01-18,6747.875,6767.25,6740.25,108,0.705212702216896345116836429,2019
0.05,true,NQZ9,opening_hour_rth,true,6847d3060ce5c7935328,R05,2019-12-06,8385.375,8388.5,8377,46,0.7018442622950819672131147541,2019
0.2,true,NQM9,prior_rth,true,684bed4d0417d2bbcd0d,R01,2019-04-05,7560.75,7568.5,7538.5,60,0.7065407485134662469394893319,2019
0.2,true,NQM9,prior_rth,true,684bed4d0417d2bbcd0d,R02,2019-04-05,7560.75,7568.5,7538.5,60,0.7065407485134662469394893319,2019
0.2,true,NQZ9,prior_rth,true,687b6e239cdbeec3a9da,R01,2019-10-21,7889.25,7918,7857,122,0.7008740692780835221754613143,2019
0.2,true,NQZ9,prior_rth,true,687b6e239cdbeec3a9da,R02,2019-10-21,7889.25,7918,7857,122,0.7008740692780835221754613143,2019
0.1,true,NQM9,opening_hour_rth,true,68af572a0bfcad2cc1c2,R05,2019-05-15,7407.75,7434,7363,142,0.703165098374679213002566296,2019
0.05,true,NQH9,opening_hour_rth,true,68ba81b639ca6c11d1f5,R05,2019-01-09,6594.625,6609,6590,76,0.7050587172538392050587172538,2019
0.1,true,NQM9,opening_hour_rth,true,68bc5249cb0d35cd44c9,R05,2019-05-07,7695.25,7724,7683,82,0.700952380952380952380952381,2019
0.1,true,NQH9,prior_rth,true,68d6280ee00d4e32703f,R01,2019-02-27,7124.625,7135.5,7114.25,85,0.702622673434856175972927242,2019
0.1,true,NQH9,prior_rth,true,68d6280ee00d4e32703f,R02,2019-02-27,7124.625,7135.5,7114.25,85,0.702622673434856175972927242,2019
0.05,true,NQH9,prior_rth,true,68db0b39a491f720f732,R01,2019-01-04,6204.375,6251.25,6182,277,0.7010399243691367900516326085,2019
0.05,true,NQH9,prior_rth,true,68db0b39a491f720f732,R02,2019-01-04,6204.375,6251.25,6182,277,0.7010399243691367900516326085,2019
0.1,true,NQZ9,full_overnight,true,68f83510499d521ace79,R03,2019-11-08,8215.875,8224.5,8204.5,80,0.7041587901701323251417769376,2019
0.2,true,NQU9,prior_rth,true,69413934500ece920598,R01,2019-06-20,7655.625,7681,7645.75,141,0.7025993883792048929663608563,2019
0.2,true,NQU9,prior_rth,true,69413934500ece920598,R02,2019-06-20,7655.625,7681,7645.75,141,0.7025993883792048929663608563,2019
0.2,true,NQH9,opening_hour_rth,true,6943567c7dae77fa6c51,R05,2019-01-18,6748.125,6768,6741.75,35,0.7152428810720268006700167504,2019
0.1,true,NQU9,full_overnight,true,69458edd87476967d16a,R03,2019-06-27,7681.375,7695.25,7658,149,0.7002309468822170900692840647,2019
0.2,true,NQH9,prior_rth,true,696c518d2ac211aeb517,R01,2019-03-11,6970.875,6994.5,6957.75,49,0.7064914376742333731581043409,2019
0.2,true,NQH9,prior_rth,true,696c518d2ac211aeb517,R02,2019-03-11,6970.875,6994.5,6957.75,49,0.7064914376742333731581043409,2019
0.1,true,NQZ9,midnight,true,699966b742b04d957931,R04,2019-11-15,8297.625,8300.5,8289.25,45,0.7056916426512968299711815562,2019
0.2,true,NQZ9,prior_rth,true,69b3e235d2840019a91a,R01,2019-10-18,7953.75,7959,7933,52,0.7054101221640488656195462478,2019
0.2,true,NQZ9,prior_rth,true,69b3e235d2840019a91a,R02,2019-10-18,7953.75,7959,7933,52,0.7054101221640488656195462478,2019
0.2,true,NQZ9,full_overnight,true,69ba93988cceb9b71128,R03,2019-12-11,8363.625,8372.5,8348.25,97,0.7002104457623876028314520758,2019
0.1,true,NQZ9,midnight,true,69df2a001008f0c91ba7,R04,2019-09-23,7838.125,7847,7817.25,119,0.7018152151743830307974709362,2019
0.05,true,NQH9,midnight,true,69df2c0d3420cc50cdc2,R04,2019-02-21,7085.375,7108,7069.5,154,0.7014112404060410992820004952,2019
0.1,true,NQZ9,midnight,true,6a1b6168a8a550913b4d,R04,2019-10-14,7843.875,7859.25,7812.25,188,0.7009276437847866419294990724,2019
0.05,true,NQH9,prior_rth,true,6a21f29bf36f0f65f488,R01,2019-01-15,6568.875,6575.25,6555,81,0.7018411183088987384930105694,2019
0.05,true,NQH9,prior_rth,true,6a21f29bf36f0f65f488,R02,2019-01-15,6568.875,6575.25,6555,81,0.7018411183088987384930105694,2019
0.1,true,NQZ9,midnight,true,6a263190097293bddd38,R04,2019-09-27,7805.875,7808,7786,88,0.7009718415150760029902815848,2019
0.05,true,NQM9,prior_rth,true,6a52b5d215246ff8b670,R01,2019-05-07,7755.625,7784.25,7739,181,0.7021244538194967605846014766,2019
0.05,true,NQM9,prior_rth,true,6a52b5d215246ff8b670,R02,2019-05-07,7755.625,7784.25,7739,181,0.7021244538194967605846014766,2019
0.2,true,NQM9,prior_rth,true,6a5b7d8703bc5cd9905f,R01,2019-04-01,7388.25,7395,7380,30,0.7019130434782608695652173913,2019
0.2,true,NQM9,prior_rth,true,6a5b7d8703bc5cd9905f,R02,2019-04-01,7388.25,7395,7380,30,0.7019130434782608695652173913,2019
0.1,true,NQZ9,opening_hour_rth,true,6a5ebe46e90fb29b7f8e,R05,2019-10-21,7911.375,7924.25,7905.75,74,0.7015384615384615384615384615,2019
0.2,true,NQM9,opening_hour_rth,true,6a6be64ad4a9b4ff090f,R05,2019-05-15,7408.125,7434,7362.75,95,0.7041198501872659176029962547,2019
0.05,true,NQH9,full_overnight,true,6a7b94911762819dfa34,R03,2019-02-19,7072.375,7085.25,7056.5,115,0.7029375258585022755482002482,2019
0.2,true,NQM9,midnight,true,6acc96f970c8f8b280a3,R04,2019-05-20,7534.625,7545.75,7421.25,498,0.7,2019
0.2,true,NQU9,full_overnight,true,6ad10792af94915fb253,R03,2019-08-22,7729.125,7760.5,7725.75,139,0.7019340159271899886234357224,2019
0.2,true,NQM9,opening_hour_rth,true,6b3eb7b1ffdf21972447,R05,2019-03-20,7373.75,7378.5,7367,23,0.7047184170471841704718417047,2019
0.1,true,NQH9,opening_hour_rth,true,6b735f2a67106434ca57,R05,2019-02-28,7097.625,7110.5,7089,86,0.7004081632653061224489795918,2019
0.2,true,NQU9,prior_rth,true,6b787751327c92bca130,R01,2019-07-30,7995.125,8007.5,7975.75,127,0.7019663586827765932243544184,2019
0.2,true,NQU9,prior_rth,true,6b787751327c92bca130,R02,2019-07-30,7995.125,8007.5,7975.75,127,0.7019663586827765932243544184,2019
0.2,true,NQZ9,full_overnight,true,6b8f31fcb9d309c73790,R03,2019-10-14,7877.5,7890,7841,49,0.7134831460674157303370786517,2019
0.05,true,NQM9,midnight,true,6b92c6e7fb4956469e13,R04,2019-06-10,7444.125,7458.25,7437,85,0.7021331945889698231009365245,2019
0.1,true,NQZ9,midnight,true,6b94b6795b803dc8f0f8,R04,2019-10-15,7877.625,7895,7870,100,0.7060849598163030998851894374,2019
0.05,true,NQU9,prior_rth,true,6bae5204264cfe7c958b,R01,2019-08-21,7689.625,7717.25,7682.5,139,0.703016970458830923947203017,2019
0.05,true,NQU9,prior_rth,true,6bae5204264cfe7c958b,R02,2019-08-21,7689.625,7717.25,7682.5,139,0.703016970458830923947203017,2019
0.05,true,NQU9,opening_hour_rth,true,6bcfaf4a6e1d532450f1,R05,2019-09-05,7829.125,7865.5,7816.25,197,0.7004608294930875576036866359,2019
0.2,true,NQZ9,opening_hour_rth,true,6c03baf8c51c3ecf42f2,R05,2019-09-25,7698.25,7717.5,7685.5,64,0.7017383348581884720951509607,2019
0.2,true,NQM9,prior_rth,true,6c0d1391d06733e05b5f,R01,2019-05-28,7321.75,7346,7315,62,0.7018321513002364066193853428,2019
0.2,true,NQM9,prior_rth,true,6c0d1391d06733e05b5f,R02,2019-05-28,7321.75,7346,7315,62,0.7018321513002364066193853428,2019
0.2,true,NQZ9,opening_hour_rth,true,6c100b43b722136ed79c,R05,2019-12-11,8389.125,8396,8372.5,94,0.7091152815013404825737265416,2019
0.05,true,NQM9,prior_rth,true,6c4d4e0329cf21960c49,R01,2019-06-12,7509.625,7552.5,7493.25,237,0.7000414307416102748239193482,2019
0.05,true,NQM9,prior_rth,true,6c4d4e0329cf21960c49,R02,2019-06-12,7509.625,7552.5,7493.25,237,0.7000414307416102748239193482,2019
0.1,true,NQZ9,prior_rth,true,6c5efb4b057bcfc16856,R01,2019-12-02,8440.875,8446.75,8424.25,90,0.7015315651849084796413896152,2019
0.1,true,NQZ9,prior_rth,true,6c5efb4b057bcfc16856,R02,2019-12-02,8440.875,8446.75,8424.25,90,0.7015315651849084796413896152,2019
0.2,true,NQH9,opening_hour_rth,true,6c69afcc2d41ff5ca7f8,R05,2019-03-05,7150.25,7154.5,7136.5,36,0.7025974025974025974025974026,2019
0.1,true,NQZ9,prior_rth,true,6c72732b573406325bbf,R01,2019-12-16,8496.375,8502.75,8472,41,0.7089430894308943089430894309,2019
0.1,true,NQZ9,prior_rth,true,6c72732b573406325bbf,R02,2019-12-16,8496.375,8502.75,8472,41,0.7089430894308943089430894309,2019
0.1,true,NQU9,midnight,true,6c86a1c6b818bbb1b6b6,R04,2019-08-09,7678.625,7693.25,7673.5,79,0.7042226850975194092028024995,2019
0.2,true,NQU9,prior_rth,true,6c9c20f01f07c13898af,R01,2019-07-12,7911.75,7942.5,7897,91,0.7087745839636913767019667171,2019
0.2,true,NQU9,prior_rth,true,6c9c20f01f07c13898af,R02,2019-07-12,7911.75,7942.5,7897,91,0.7087745839636913767019667171,2019
0.2,true,NQH9,midnight,true,6cc04b6e44556950a15e,R04,2019-02-05,6933.375,6956.5,6930.5,104,0.7034459907223326706428098078,2019
0.2,true,NQZ9,full_overnight,true,6cc6757c67cabaed8519,R03,2019-11-27,8418.375,8429.5,8408,86,0.7020187659937446687517770827,2019
0.05,true,NQM9,prior_rth,true,6cd042a0a0ce1561e037,R01,2019-05-17,7618.375,7624.75,7582,171,0.7023205778392500384201629015,2019
0.05,true,NQM9,prior_rth,true,6cd042a0a0ce1561e037,R02,2019-05-17,7618.375,7624.75,7582,171,0.7023205778392500384201629015,2019
0.05,true,NQH9,prior_rth,true,6cd7484313a5bb4c9aee,R01,2019-02-14,7040.375,7056.5,7033,94,0.7046511627906976744186046512,2019
0.05,true,NQH9,prior_rth,true,6cd7484313a5bb4c9aee,R02,2019-02-14,7040.375,7056.5,7033,94,0.7046511627906976744186046512,2019
0.05,true,NQU9,full_overnight,true,6d105cccc093cb6cf63a,R03,2019-07-19,7963.125,7972,7951.25,83,0.7020493115593980147294268332,2019
0.1,true,NQZ9,prior_rth,true,6d2bfdca715b1108bdd8,R01,2019-11-04,8145.875,8159,8132.25,107,0.7019254204240799415062149647,2019
0.1,true,NQZ9,prior_rth,true,6d2bfdca715b1108bdd8,R02,2019-11-04,8145.875,8159,8132.25,107,0.7019254204240799415062149647,2019
0.2,true,NQU9,prior_rth,true,6d358dc2038f810c0f64,R01,2019-06-25,7767.375,7772.75,7758.75,56,0.709226467847157502329916123,2019
0.2,true,NQU9,prior_rth,true,6d358dc2038f810c0f64,R02,2019-06-25,7767.375,7772.75,7758.75,56,0.709226467847157502329916123,2019
0.2,true,NQZ9,opening_hour_rth,true,6d3cc678cdccdd13d706,R05,2019-10-10,7754.625,7763.25,7712.25,68,0.7058823529411764705882352941,2019
0.05,true,NQZ9,full_overnight,true,6d57dc135041c781f7da,R03,2019-11-21,8269.875,8288.75,8263,103,0.7004433185560481317289423686,2019
0.2,true,NQZ9,midnight,true,6d57ff5325e4813d886c,R04,2019-09-18,7900.875,7906,7898.75,29,0.7003802281368821292775665399,2019
0.1,true,NQM9,full_overnight,true,6d6dc74bfa4cabaed952,R03,2019-06-13,7507.625,7519.5,7459.5,240,0.7025943100639177841834816393,2019
0.1,true,NQH0,opening_hour_rth,true,6d8369355cdbb63a93ed,R05,2019-12-19,8630.875,8632.75,8627.5,21,0.7157142857142857142857142857,2019
0.1,true,NQZ9,opening_hour_rth,true,6d85e7687db1a79a4397,R05,2019-10-01,7835.375,7840.25,7776.25,256,0.7033149171270718232044198895,2019
0.05,true,NQH9,midnight,true,6d8a07b7a8af2e9fb852,R04,2019-02-05,6933.375,6956.5,6930.5,104,0.7034459907223326706428098078,2019
0.1,true,NQM9,midnight,true,6d8a4668c24a4e316f4f,R04,2019-04-25,7856.625,7870.75,7851.5,77,0.7062168309325246398786959818,2019
0.05,true,NQU9,full_overnight,true,6dac81880ddc8ff3bbe1,R03,2019-07-24,7950.875,7960.25,7937.75,90,0.7,2019
0.05,true,NQH0,midnight,true,6db3407f9752279106d0,R04,2019-12-16,8551.625,8558.75,8543.25,62,0.7008352315869400151860288535,2019
0.1,true,NQU9,prior_rth,true,6dba6821fbfb679e032f,R01,2019-08-27,7558.25,7567.5,7539,57,0.7021065675340768277571251549,2019
0.1,true,NQU9,prior_rth,true,6dba6821fbfb679e032f,R02,2019-08-27,7558.25,7567.5,7539,57,0.7021065675340768277571251549,2019
0.2,true,NQU9,midnight,true,6df32989d792bd6dd137,R04,2019-07-26,8004.625,8016,8002.25,55,0.7087508350033400133600534402,2019
0.05,true,NQH9,full_overnight,true,6e08f49372e7de6fe3ff,R03,2019-02-06,7016.875,7025.25,7004.75,82,0.7016456507800812139346014106,2019
0.05,true,NQZ9,midnight,true,6e2d6a93b4dd37d0d204,R04,2019-11-22,8295.375,8300.25,8290,41,0.7006880733944954128440366972,2019
0.1,true,NQM9,prior_rth,true,6e42e765a0fe2195d924,R01,2019-05-03,7726.875,7746,7691,220,0.7005952380952380952380952381,2019
0.1,true,NQM9,prior_rth,true,6e42e765a0fe2195d924,R02,2019-05-03,7726.875,7746,7691,220,0.7005952380952380952380952381,2019
0.1,true,NQM9,opening_hour_rth,true,6e687ead608f29bc5b22,R05,2019-05-06,7739.875,7760.25,7728.25,128,0.7028639618138424821002386635,2019
0.1,true,NQU9,opening_hour_rth,true,6e8bc8d64e6d0ee6c405,R05,2019-09-10,7762.125,7771.5,7749.75,87,0.7006993006993006993006993007,2019
0.05,true,NQZ9,prior_rth,true,6e962ef5028de8da5035,R01,2019-11-01,8071.375,8087,8059,112,0.7025826616219772988978450403,2019
0.05,true,NQZ9,prior_rth,true,6e962ef5028de8da5035,R02,2019-11-01,8071.375,8087,8059,112,0.7025826616219772988978450403,2019
0.1,true,NQH9,prior_rth,true,6ea28f07d2d1af9b2d64,R01,2019-02-22,7019.125,7049.5,7011.25,153,0.7005538681436483830623548329,2019
0.1,true,NQH9,prior_rth,true,6ea28f07d2d1af9b2d64,R02,2019-02-22,7019.125,7049.5,7011.25,153,0.7005538681436483830623548329,2019
0.05,true,NQM9,full_overnight,true,6eb98e1458d149e751c2,R03,2019-03-28,7315.125,7339.75,7311.5,113,0.7062517062517062517062517063,2019
0.05,true,NQU9,full_overnight,true,6f2216ce7981f59ccfaf,R03,2019-08-23,7748.625,7761.75,7685.75,304,0.7003110957483581057725544418,2019
0.1,true,NQU9,prior_rth,true,6f26653ed2e3d07d47be,R01,2019-09-03,7678.625,7705.75,7646,239,0.7002595816155138189036494121,2019
0.1,true,NQU9,prior_rth,true,6f26653ed2e3d07d47be,R02,2019-09-03,7678.625,7705.75,7646,239,0.7002595816155138189036494121,2019
0.05,true,NQZ9,midnight,true,6f48b6676d53d632dec6,R04,2019-10-18,7937.625,7947.75,7928.5,77,0.7035281727224855186940494997,2019
0.05,true,NQZ9,opening_hour_rth,true,6f69d91776019918d779,R05,2019-11-11,8223.875,8231.75,8215.25,66,0.7077577045696068012752391073,2019
0.2,true,NQZ9,prior_rth,true,6f7652a1a493f635481f,R01,2019-11-18,8309.75,8317.5,8304,27,0.7076411960132890365448504983,2019
0.2,true,NQZ9,prior_rth,true,6f7652a1a493f635481f,R02,2019-11-18,8309.75,8317.5,8304,27,0.7076411960132890365448504983,2019
0.2,true,NQU9,full_overnight,true,6fe7d9288fa90700e6f5,R03,2019-08-27,7593.25,7600,7559,82,0.7022481855195609842449991149,2019
0.1,true,NQM9,opening_hour_rth,true,6ff72ced771e58b8f7ea,R05,2019-03-27,7378.125,7398,7373.25,99,0.7029578351164254247954688483,2019
0.2,true,NQM9,midnight,true,7017dbaa7c0d532aee11,R04,2019-03-26,7362.375,7388.75,7356.5,129,0.7041686404547607768829938418,2019
0.2,true,NQM9,prior_rth,true,701d15dff76b3fd6c6e1,R01,2019-04-09,7592.125,7606.25,7568.75,150,0.7017145738779626828038325769,2019
0.2,true,NQM9,prior_rth,true,701d15dff76b3fd6c6e1,R02,2019-04-09,7592.125,7606.25,7568.75,150,0.7017145738779626828038325769,2019
0.2,true,NQU9,prior_rth,true,70283e8bf191eff4c62e,R01,2019-08-27,7558.5,7568,7540,28,0.7019837691614066726780883679,2019
0.2,true,NQU9,prior_rth,true,70283e8bf191eff4c62e,R02,2019-08-27,7558.5,7568,7540,28,0.7019837691614066726780883679,2019
0.1,true,NQH0,full_overnight,true,7047de5f3dd22f2c98b1,R03,2019-12-30,8803.125,8806.25,8788.75,70,0.7077809798270893371757925072,2019
0.1,true,NQM9,opening_hour_rth,true,704d14510919cba608e8,R05,2019-05-31,7153.125,7160.5,7142.5,72,0.7059202059202059202059202059,2019
0.1,true,NQM9,opening_hour_rth,true,7052e85bfb98cb0758a9,R05,2019-03-26,7412.625,7429.75,7409.75,80,0.7031029619181946403385049365,2019
0.05,true,NQM9,midnight,true,70a1ea6bf85967656915,R04,2019-03-26,7362.375,7388.75,7356.5,129,0.7041686404547607768829938418,2019
0.1,true,NQZ9,prior_rth,true,70a3008ec2b8e039d3ec,R01,2019-11-13,8287.125,8296.25,8266,121,0.7030258662762323084431429966,2019
0.1,true,NQZ9,prior_rth,true,70a3008ec2b8e039d3ec,R02,2019-11-13,8287.125,8296.25,8266,121,0.7030258662762323084431429966,2019
0.2,true,NQM9,prior_rth,true,70b359992c9dd0bde0c0,R01,2019-06-05,7146.25,7165.5,7080,171,0.7025627750453015790836137717,2019
0.2,true,NQM9,prior_rth,true,70b359992c9dd0bde0c0,R02,2019-06-05,7146.25,7165.5,7080,171,0.7025627750453015790836137717,2019
0.05,true,NQU9,opening_hour_rth,true,70b3c73d62f092ac57a0,R05,2019-08-08,7599.375,7623.25,7585,153,0.7064977973568281938325991189,2019
0.1,true,NQZ9,opening_hour_rth,true,70b6621361b6d3755347,R05,2019-10-28,8089.625,8096.25,8085.5,43,0.7007952286282306163021868787,2019
0.1,true,NQZ9,opening_hour_rth,true,711dc0c46284c31c0674,R05,2019-10-10,7752.75,7763,7712,102,0.7074910820451843043995243757,2019
0.05,true,NQZ9,midnight,true,715239e02c4743a71718,R04,2019-10-09,7697.625,7712,7645.75,265,0.7014175257731958762886597938,2019
0.2,true,NQZ9,prior_rth,true,715333eb03bb9d865953,R01,2019-11-08,8266.375,8272.75,8240,131,0.7003538257408226448474126493,2019
0.2,true,NQZ9,prior_rth,true,715333eb03bb9d865953,R02,2019-11-08,8266.375,8272.75,8240,131,0.7003538257408226448474126493,2019
0.2,true,NQZ9,prior_rth,true,716340d1de644dfb55cd,R01,2019-10-16,7956.25,7967.5,7935.5,64,0.7063593683311993171148100726,2019
0.2,true,NQZ9,prior_rth,true,716340d1de644dfb55cd,R02,2019-10-16,7956.25,7967.5,7935.5,64,0.7063593683311993171148100726,2019
0.1,true,NQH9,prior_rth,true,7173f6f3b0fb1a1baa93,R01,2019-01-22,6809.875,6823.5,6776,190,0.7025232403718459495351925631,2019
0.1,true,NQH9,prior_rth,true,7173f6f3b0fb1a1baa93,R02,2019-01-22,6809.875,6823.5,6776,190,0.7025232403718459495351925631,2019
0.1,true,NQM9,full_overnight,true,7185220f5708ae9e9c56,R03,2019-05-23,7385.375,7398,7339.5,234,0.7029611706417790067980182049,2019
0.05,true,NQZ9,prior_rth,true,71a37d8437d5bd0bba6f,R01,2019-09-26,7764.375,7777.75,7696.5,325,0.7001065814015454303224087397,2019
0.05,true,NQZ9,prior_rth,true,71a37d8437d5bd0bba6f,R02,2019-09-26,7764.375,7777.75,7696.5,325,0.7001065814015454303224087397,2019
0.1,true,NQU9,midnight,true,71a447b921f92ececfec,R04,2019-08-28,7567.625,7582,7537.25,179,0.7006517016654598117306299783,2019
0.05,true,NQM9,full_overnight,true,71c45d57de9c886021d5,R03,2019-03-11,7072.625,7076.5,7046.75,119,0.7021908652060898626067582622,2019
0.1,true,NQM9,opening_hour_rth,true,71cf49e5ef22782b1e2d,R05,2019-05-08,7646.625,7653.75,7632.75,28,0.7055359246171967020023557126,2019
0.05,true,NQZ9,full_overnight,true,71d7969d16971ddc199d,R03,2019-10-08,7774.375,7784.25,7698,345,0.7013842375530252288457244921,2019
0.05,true,NQZ9,full_overnight,true,71ed31fcd0bf29792ec8,R03,2019-10-02,7709.125,7730,7652.75,309,0.7012509197939661515820456218,2019
0.1,true,NQZ9,opening_hour_rth,true,7251b5232767b8be1e95,R05,2019-10-22,7962.875,7977.25,7960.25,68,0.7034782608695652173913043478,2019
0.1,true,NQM9,opening_hour_rth,true,72556c6c88e51804332d,R05,2019-05-17,7542.75,7558.5,7533,51,0.7016361886429258902791145332,2019
0.1,true,NQH9,midnight,true,726680990a91a6918fb3,R04,2019-01-10,6565.375,6571.75,6558.75,52,0.7042408665320359831099687902,2019
0.05,true,NQM9,full_overnight,true,727dc0d0edc6d7d5eb85,R03,2019-05-07,7753.625,7768.25,7731.25,148,0.7005770195684897139989964877,2019
0.1,true,NQZ9,midnight,true,728348db3cc27328df33,R04,2019-10-02,7642.125,7666.75,7634.25,130,0.7042815045935170740162939851,2019
0.1,true,NQM9,full_overnight,true,728a1a4b26e72008a1c4,R03,2019-06-07,7290.625,7329.5,7281.75,191,0.7001301659616010413276928083,2019
0.2,true,NQU9,opening_hour_rth,true,72a3161df02bd0e56181,R05,2019-09-09,7857.125,7869,7851.75,69,0.7080592105263157894736842105,2019
0.2,true,NQM9,full_overnight,true,72a93e070f0da409d0a5,R03,2019-05-21,7439.75,7447,7415.5,63,0.7049032838506522717049032839,2019
0.2,true,NQM9,prior_rth,true,72ac8837a549ff65ee58,R01,2019-03-25,7396.75,7442,7364,156,0.7012422360248447204968944099,2019
0.2,true,NQM9,prior_rth,true,72ac8837a549ff65ee58,R02,2019-03-25,7396.75,7442,7364,156,0.7012422360248447204968944099,2019
0.2,true,NQM9,full_overnight,true,72ad6ad19869065f3473,R03,2019-06-05,7207.375,7219.5,7185.25,137,0.7022548220592230372181472426,2019
0.2,true,NQH9,prior_rth,true,72e2a302244e8abce7a7,R01,2019-02-06,7017.125,7023.5,6998.25,101,0.7019464720194647201946472019,2019
0.2,true,NQH9,prior_rth,true,72e2a302244e8abce7a7,R02,2019-02-06,7017.125,7023.5,6998.25,101,0.7019464720194647201946472019,2019
0.1,true,NQH0,opening_hour_rth,true,732101c275d5d3e03302,R05,2019-12-16,8598.875,8606.5,8586.75,79,0.7044392523364485981308411215,2019
0.1,true,NQU9,opening_hour_rth,true,7333cc386b60ee255bec,R05,2019-07-17,7957.875,7962,7947.75,57,0.7029204431017119838872104733,2019
0.2,true,NQM9,midnight,true,7335b1b3b0dfa9c8a69f,R04,2019-05-08,7674.625,7697.5,7627.75,279,0.7026001405481377371749824315,2019
0.2,true,NQU9,opening_hour_rth,true,7359845ef1c065c036dc,R05,2019-07-08,7780.75,7799,7778.5,41,0.7086330935251798561151079137,2019
0.05,true,NQU9,opening_hour_rth,true,7361aba4a1ac135f3095,R05,2019-09-10,7762.125,7771.5,7749.75,87,0.7006993006993006993006993007,2019
0.2,true,NQZ9,prior_rth,true,7383e05f3056d4e6ddf8,R01,2019-10-29,8115.625,8121,8099.25,87,0.7034482758620689655172413793,2019
0.2,true,NQZ9,prior_rth,true,7383e05f3056d4e6ddf8,R02,2019-10-29,8115.625,8121,8099.25,87,0.7034482758620689655172413793,2019
0.1,true,NQU9,full_overnight,true,73885066728da9a75b88,R03,2019-09-10,7807.625,7828.75,7793,143,0.7010475423045930701047542305,2019
0.1,true,NQZ9,opening_hour_rth,true,7396b39773bfd1dd2ead,R05,2019-09-27,7755.625,7785.25,7743.25,168,0.7023809523809523809523809524,2019
0.2,true,NQZ9,prior_rth,true,73d9d59c6a97825fae96,R01,2019-11-15,8251.875,8261.5,8238.25,93,0.703317535545023696682464455,2019
0.2,true,NQZ9,prior_rth,true,73d9d59c6a97825fae96,R02,2019-11-15,8251.875,8261.5,8238.25,93,0.703317535545023696682464455,2019
0.2,true,NQZ9,full_overnight,true,73f936eda19cea48bb56,R03,2019-10-23,7846.125,7857.75,7833.75,32,0.7022431259044862518089725036,2019
0.1,true,NQH9,midnight,true,740a1b1292d1b627e92b,R04,2019-02-14,7044.125,7050.5,7027.75,91,0.7030832726389900461277008983,2019
0.1,true,NQM9,midnight,true,74253e5f1f24f16b93bd,R04,2019-03-11,7072.625,7075.25,7059.75,62,0.7011764705882352941176470588,2019
0.05,true,NQU9,prior_rth,true,7433083557b370baa38c,R01,2019-07-05,7787.125,7803,7782.25,83,0.7052164261931187569367369589,2019
0.05,true,NQU9,prior_rth,true,7433083557b370baa38c,R02,2019-07-05,7787.125,7803,7782.25,83,0.7052164261931187569367369589,2019
0.2,true,NQZ9,prior_rth,true,7480a3ca3476aee669d9,R01,2019-10-17,7923.25,7935,7918.5,33,0.7138276553106212424849699399,2019
0.2,true,NQZ9,prior_rth,true,7480a3ca3476aee669d9,R02,2019-10-17,7923.25,7935,7918.5,33,0.7138276553106212424849699399,2019
0.2,true,NQM9,opening_hour_rth,true,74b41a11ec91dd3cfb0b,R05,2019-04-15,7653.375,7658.5,7637.5,84,0.7051129607609988109393579073,2019
0.1,true,NQZ9,full_overnight,true,74e626a27105252c811b,R03,2019-10-23,7846.125,7857.5,7833.5,96,0.7004973577867578489275722723,2019
0.1,true,NQH0,opening_hour_rth,true,7528ac366737995ef454,R05,2019-12-30,8715.625,8731.75,8694.75,148,0.7009775733179988499137435308,2019
0.2,true,NQM9,opening_hour_rth,true,7538d4786c5b1a62055a,R05,2019-04-05,7590.25,7601,7586,30,0.7086614173228346456692913386,2019
0.2,true,NQH9,opening_hour_rth,true,7582815119f9a516efba,R05,2019-01-22,6724.25,6732.5,6710,45,0.7001223990208078335373317013,2019
0.05,true,NQU9,opening_hour_rth,true,75aa171c2f51db1f1b41,R05,2019-07-30,7963.375,7972,7956,64,0.7004898530440867739678096571,2019
0.05,true,NQU9,opening_hour_rth,true,75b8fcd3be2c5076571e,R05,2019-08-29,7710.375,7717.5,7700,70,0.7031363967906637490882567469,2019
0.05,true,NQZ9,full_overnight,true,75f3b237c2975a7e69f5,R03,2019-11-26,8382.375,8388.5,8373.25,61,0.704666393778141629144494474,2019
0.1,true,NQM9,opening_hour_rth,true,75f7f475c4379b0b2008,R05,2019-03-25,7308.125,7327.75,7298,119,0.7016423357664233576642335766,2019
0.05,true,NQZ9,midnight,true,75fd841d9ce227332acc,R04,2019-11-12,8255.375,8265.25,8253.75,46,0.7012609117361784675072744908,2019
0.1,true,NQH9,prior_rth,true,764277e947e977ab9325,R01,2019-03-11,6971.125,6991,6953,152,0.701712583767684288905435592,2019
0.1,true,NQH9,prior_rth,true,764277e947e977ab9325,R02,2019-03-11,6971.125,6991,6953,152,0.701712583767684288905435592,2019
0.1,true,NQH9,full_overnight,true,766fb566a02856d65248,R03,2019-01-18,6737.875,6749.75,6730.75,76,0.7000610873549175320708613317,2019
0.2,true,NQU9,midnight,true,7698c92e2b25bf13679f,R04,2019-07-29,8025.625,8030.5,8012.75,71,0.7033333333333333333333333333,2019
0.05,true,NQM9,prior_rth,true,7699f0d54d1f606ab8c1,R01,2019-04-15,7643.125,7650,7635.75,57,0.7005028284098051539912005028,2019
0.05,true,NQM9,prior_rth,true,7699f0d54d1f606ab8c1,R02,2019-04-15,7643.125,7650,7635.75,57,0.7005028284098051539912005028,2019
0.05,true,NQZ9,prior_rth,true,76c40ef4cb9993d1c4fd,R01,2019-09-18,7885.875,7890.25,7876.25,56,0.7067921990585070611970410222,2019
0.05,true,NQZ9,prior_rth,true,76c40ef4cb9993d1c4fd,R02,2019-09-18,7885.875,7890.25,7876.25,56,0.7067921990585070611970410222,2019
0.1,true,NQH9,opening_hour_rth,true,76e9ab0a3afb6a101989,R05,2019-02-25,7160.875,7163.75,7151,51,0.7116504854368932038834951456,2019
0.1,true,NQZ9,prior_rth,true,773d428fa4069179f7b5,R01,2019-10-21,7889.625,7917.75,7855.75,248,0.700431406384814495254529767,2019
0.1,true,NQZ9,prior_rth,true,773d428fa4069179f7b5,R02,2019-10-21,7889.625,7917.75,7855.75,248,0.700431406384814495254529767,2019
0.2,true,NQU9,opening_hour_rth,true,773f788198c49e831b77,R05,2019-07-29,7968.125,7992.5,7951.75,163,0.7016478751084128360797918474,2019
0.05,true,NQM9,midnight,true,774ee7853a1e2046836f,R04,2019-06-04,7031.875,7057,7011.75,181,0.7003181336161187698833510074,2019
0.05,true,NQM9,midnight,true,7752de392ef4cee8004e,R04,2019-05-16,7492.875,7538.25,7481.75,226,0.7007385028533064786841221887,2019
0.2,true,NQU9,full_overnight,true,77563e0c51e644f9eaea,R03,2019-07-19,7963.125,7972.5,7952.25,27,0.7003731343283582089552238806,2019
0.2,true,NQM9,prior_rth,true,775cdb41c4d6c86af62e,R01,2019-03-12,7182.875,7196.75,7137.5,237,0.7005740528128587830080367394,2019
0.2,true,NQM9,prior_rth,true,775cdb41c4d6c86af62e,R02,2019-03-12,7182.875,7196.75,7137.5,237,0.7005740528128587830080367394,2019
0.05,true,NQU9,prior_rth,true,779769d64951308d21cb,R01,2019-08-28,7574.625,7600.75,7541.25,238,0.7003900843085441046935950673,2019
0.05,true,NQU9,prior_rth,true,779769d64951308d21cb,R02,2019-08-28,7574.625,7600.75,7541.25,238,0.7003900843085441046935950673,2019
0.1,true,NQH9,opening_hour_rth,true,77fc370fd2b61a268800,R05,2019-01-29,6676.625,6695.25,6670.75,98,0.7044623262618873445501097293,2019
0.1,true,NQH0,opening_hour_rth,true,781b4c8f273c29037ba4,R05,2019-12-27,8806.375,8818.5,8780,154,0.7006869479882237487733071639,2019
0.05,true,NQH0,opening_hour_rth,true,782461af6d729ccc7dde,R05,2019-12-27,8806.375,8818.5,8780,154,0.7006869479882237487733071639,2019
0.1,true,NQH9,full_overnight,true,782ef9b69ddc52f98cde,R03,2019-01-14,6547.125,6558.25,6535.5,91,0.7000295246530853262474165929,2019
0.2,true,NQZ9,midnight,true,78798aa476a7b6d65a50,R04,2019-09-23,7838.125,7847,7817.25,119,0.7018152151743830307974709362,2019
0.05,true,NQZ9,midnight,true,78799c2bfcad79c282b6,R04,2019-11-27,8418.375,8421.5,8410.75,43,0.7012391005048187241854061496,2019
0.05,true,NQM9,midnight,true,787df53e06cbc2d9eed5,R04,2019-06-13,7507.625,7519.5,7462.5,228,0.7004707728520988622989407611,2019
0.2,true,NQM9,full_overnight,true,7884583a60b18c2fd5dd,R03,2019-03-22,7521.25,7543.5,7506,75,0.7009739405106607001842590155,2019
0.1,true,NQZ9,prior_rth,true,7884e3e80edfde0dca1b,R01,2019-12-03,8316.125,8333.5,8293.75,159,0.7009359903381642512077294686,2019
0.1,true,NQZ9,prior_rth,true,7884e3e80edfde0dca1b,R02,2019-12-03,8316.125,8333.5,8293.75,159,0.7009359903381642512077294686,2019
0.2,true,NQH9,midnight,true,788c416398c5d3f4591a,R04,2019-02-25,7118.125,7133.75,7106.75,108,0.7057780928748670684154555122,2019
0.2,true,NQM9,midnight,true,789dfec589e550622f60,R04,2019-03-11,7072.625,7075.25,7059.75,62,0.7011764705882352941176470588,2019
0.05,true,NQM9,midnight,true,78a1c1fea295a1da102e,R04,2019-04-12,7647.125,7659.25,7634.75,98,0.7007174581482746839767680219,2019
0.1,true,NQH9,prior_rth,true,78bbc747bfc744d30e91,R01,2019-01-03,6342.75,6402.5,6321,163,0.700924155513065646908859146,2019
0.1,true,NQH9,prior_rth,true,78bbc747bfc744d30e91,R02,2019-01-03,6342.75,6402.5,6321,163,0.700924155513065646908859146,2019
0.2,true,NQU9,opening_hour_rth,true,78c04115aef53b3d46e9,R05,2019-08-20,7692.375,7707,7686.75,27,0.7188612099644128113879003559,2019
0.2,true,NQM9,prior_rth,true,78cc56c7b644d78bc808,R01,2019-04-23,7718.625,7732.75,7704.25,114,0.7030321975617380431384807752,2019
0.2,true,NQM9,prior_rth,true,78cc56c7b644d78bc808,R02,2019-04-23,7718.625,7732.75,7704.25,114,0.7030321975617380431384807752,2019
0.1,true,NQZ9,prior_rth,true,7900b63b759fb92acae5,R01,2019-12-11,8371.375,8389.75,8364,103,0.7026431718061674008810572687,2019
0.1,true,NQZ9,prior_rth,true,7900b63b759fb92acae5,R02,2019-12-11,8371.375,8389.75,8364,103,0.7026431718061674008810572687,2019
0.05,true,NQU9,prior_rth,true,79014ac801f46d710f12,R01,2019-08-27,7548.125,7567.75,7539,115,0.7020583637311099531005732152,2019
0.05,true,NQU9,prior_rth,true,79014ac801f46d710f12,R02,2019-08-27,7548.125,7567.75,7539,115,0.7020583637311099531005732152,2019
0.2,true,NQH9,full_overnight,true,7904d1c3c57c5a0bc88c,R03,2019-01-14,6547.125,6558.25,6535.5,91,0.7000295246530853262474165929,2019
0.2,true,NQZ9,prior_rth,true,7913a6e43612af554728,R01,2019-10-01,7771.75,7779.5,7737.5,84,0.7057432432432432432432432432,2019
0.2,true,NQZ9,prior_rth,true,7913a6e43612af554728,R02,2019-10-01,7771.75,7779.5,7737.5,84,0.7057432432432432432432432432,2019
0.2,true,NQU9,prior_rth,true,793dadc80012dd44a9a7,R01,2019-08-02,7995.75,8014,7826.5,375,0.700458643049185513205756761,2019
0.2,true,NQU9,prior_rth,true,793dadc80012dd44a9a7,R02,2019-08-02,7995.75,8014,7826.5,375,0.700458643049185513205756761,2019
0.1,true,NQH9,full_overnight,true,79457d76a0cb13ebcd96,R03,2019-02-25,7118.125,7125.75,7105.25,82,0.7022058823529411764705882353,2019
0.05,true,NQH9,opening_hour_rth,true,7950461aa69eca94700c,R05,2019-02-22,7069.125,7072.5,7059.25,53,0.7,2019
0.1,true,NQZ9,midnight,true,796cc486f018f416b48a,R04,2019-11-11,8221.875,8226.5,8217.75,35,0.7067530064754856614246068455,2019
0.1,true,NQM9,opening_hour_rth,true,798e12cc4b18e49a116e,R05,2019-05-22,7438.125,7452.5,7435,70,0.7012422360248447204968944099,2019
0.1,true,NQU9,opening_hour_rth,true,79a0ca5b39f763217a28,R05,2019-09-13,7904.375,7909,7891.75,69,0.7059223961878829135466303608,2019
0.05,true,NQU9,midnight,true,79ad102b553b5c1ff505,R04,2019-09-05,7816.375,7820,7796,96,0.7033028550102631087889531629,2019
0.1,true,NQM9,prior_rth,true,79c5e14db5339b58d465,R01,2019-04-29,7813.125,7820.5,7783.75,147,0.7028701218253148874664464175,2019
0.1,true,NQM9,prior_rth,true,79c5e14db5339b58d465,R02,2019-04-29,7813.125,7820.5,7783.75,147,0.7028701218253148874664464175,2019
0.2,true,NQU9,opening_hour_rth,true,79cd238eb21f5e0e167a,R05,2019-09-03,7612.125,7657.5,7600.5,76,0.7117117117117117117117117117,2019
0.2,true,NQZ9,opening_hour_rth,true,79d3fb09579129ffd041,R05,2019-10-04,7714.5,7718,7694,24,0.71875,2019
0.1,true,NQM9,opening_hour_rth,true,79e39498915f561c7030,R05,2019-06-13,7518.625,7531,7514,68,0.7045123726346433770014556041,2019
0.05,true,NQH9,full_overnight,true,79fb389d3e80dce7b21d,R03,2019-02-21,7065.875,7090.5,7051.25,157,0.7019230769230769230769230769,2019
0.05,true,NQZ9,midnight,true,7a01d347bfca4d545a44,R04,2019-10-10,7694.625,7701.5,7684.25,69,0.7057464626046780248339589951,2019
0.1,true,NQU9,opening_hour_rth,true,7a059c1352ac60920809,R05,2019-07-05,7829.75,7837.5,7813.5,48,0.7071005917159763313609467456,2019
0.2,true,NQH9,midnight,true,7a0f82217ae3058c11bb,R04,2019-03-08,6986.875,6999,6972,108,0.7002765369070410550946607105,2019
0.05,true,NQH9,opening_hour_rth,true,7a222da1c20ac8e767c0,R05,2019-02-04,6906.125,6908.75,6877.75,124,0.7018413597733711048158640227,2019
0.1,true,NQM9,midnight,true,7a29fdbc862a3c27812c,R04,2019-04-10,7602.375,7607.5,7598.5,36,0.7101449275362318840579710145,2019
0.05,true,NQZ9,opening_hour_rth,true,7a463bfd4a6620a33fbc,R05,2019-11-25,8351.125,8357.75,8339.75,72,0.7142857142857142857142857143,2019
0.2,true,NQM9,prior_rth,true,7a59b4c35f6bfb7dd782,R01,2019-06-17,7479.75,7486.5,7466,41,0.707611152976639035418236624,2019
0.2,true,NQM9,prior_rth,true,7a59b4c35f6bfb7dd782,R02,2019-06-17,7479.75,7486.5,7466,41,0.707611152976639035418236624,2019
0.1,true,NQM9,full_overnight,true,7a67a44651b0fb74f1bc,R03,2019-05-06,7692.625,7720.25,7684.75,142,0.7014774044032444959443800695,2019
0.2,true,NQU9,prior_rth,true,7a7d519e780850b4c547,R01,2019-07-19,7890.25,7905.5,7852,107,0.703249097472924187725631769,2019
0.2,true,NQU9,prior_rth,true,7a7d519e780850b4c547,R02,2019-07-19,7890.25,7905.5,7852,107,0.703249097472924187725631769,2019
0.1,true,NQH0,prior_rth,true,7a85825001ab822a4717,R01,2019-12-20,8661.625,8664.5,8634.25,121,0.7029780564263322884012539185,2019
0.1,true,NQH0,prior_rth,true,7a85825001ab822a4717,R02,2019-12-20,8661.625,8664.5,8634.25,121,0.7029780564263322884012539185,2019
0.05,true,NQZ9,opening_hour_rth,true,7a9bd456a00da367aad0,R05,2019-10-16,7928.375,7930.5,7919.5,44,0.7014178482068390325271059216,2019
0.2,true,NQU9,midnight,true,7aa166cf7de27e8e03c4,R04,2019-08-01,7869.875,7886,7861,100,0.700494517308105783702429585,2019
0.05,true,NQU9,midnight,true,7aa19302d731a23a474d,R04,2019-08-16,7590.625,7598.25,7558.5,159,0.7013634364462688755314470019,2019
0.05,true,NQM9,midnight,true,7ab153ac122be0169093,R04,2019-05-17,7566.875,7578.25,7539.5,155,0.7013867002836432398361172392,2019
0.2,true,NQM9,opening_hour_rth,true,7acd25a42330e0da5919,R05,2019-04-02,7502.875,7507.25,7495,49,0.7059415911379657603222557905,2019
0.1,true,NQM9,prior_rth,true,7ae8410113f969a1ddae,R01,2019-05-08,7671.25,7713,7619,188,0.7039154539154539154539154539,2019
0.1,true,NQM9,prior_rth,true,7ae8410113f969a1ddae,R02,2019-05-08,7671.25,7713,7619,188,0.7039154539154539154539154539,2019
0.1,true,NQM9,prior_rth,true,7b8dd55bf8ac27c2a2b1,R01,2019-04-10,7592.875,7610.5,7589,86,0.7058959005066789497927222478,2019
0.1,true,NQM9,prior_rth,true,7b8dd55bf8ac27c2a2b1,R02,2019-04-10,7592.875,7610.5,7589,86,0.7058959005066789497927222478,2019
0.2,true,NQZ9,prior_rth,true,7b95d8138d9719bb7e82,R01,2019-10-03,7563.375,7583.25,7539.75,58,0.7018518518518518518518518519,2019
0.2,true,NQZ9,prior_rth,true,7b95d8138d9719bb7e82,R02,2019-10-03,7563.375,7583.25,7539.75,58,0.7018518518518518518518518519,2019
0.05,true,NQZ9,midnight,true,7ba8709b4eaa95527dba,R04,2019-09-19,7895.625,7902.5,7876.25,105,0.7010729613733905579399141631,2019
0.1,true,NQU9,midnight,true,7bb34c75629c96548f6e,R04,2019-07-18,7851.125,7874.25,7845.75,114,0.704205069124423963133640553,2019
0.1,true,NQH9,midnight,true,7c22798b5033902dd173,R04,2019-02-15,6986.625,7033,6975.25,231,0.7020702070207020702070207021,2019
0.1,true,NQU9,opening_hour_rth,true,7c3688bda2119619a662,R05,2019-07-19,7949.875,7959.5,7939.75,79,0.7040731504571903574397339983,2019
0.05,true,NQZ9,full_overnight,true,7c379121ac70bc177460,R03,2019-11-12,8255.375,8268.25,8245,93,0.7068811438784629133154602324,2019
0.2,true,NQZ9,opening_hour_rth,true,7c4c8efe4c1163115a6c,R05,2019-11-14,8251.875,8260.5,8247.75,51,0.7136797454931071049840933192,2019
0.1,true,NQZ9,full_overnight,true,7c50d11c638467407cff,R03,2019-10-07,7728.125,7742,7724.5,70,0.7070009860543738554726017749,2019
0.1,true,NQU9,midnight,true,7c7a37e39ad09e75d3fb,R04,2019-09-10,7807.625,7820.25,7798.25,88,0.7013061851709565885516711487,2019
0.2,true,NQM9,opening_hour_rth,true,7ca07436f810d16c5f2d,R05,2019-04-30,7795.25,7802,7789.5,25,0.7147286821705426356589147287,2019
0.1,true,NQM9,opening_hour_rth,true,7cb65492499eaddc18ab,R05,2019-05-21,7443.375,7455.25,7439,65,0.7035118019573978123200921128,2019
0.05,true,NQM9,prior_rth,true,7cbd5b12a45e8049b59d,R01,2019-03-13,7238.375,7247.25,7219.5,111,0.7024985473561882626380011621,2019
0.05,true,NQM9,prior_rth,true,7cbd5b12a45e8049b59d,R02,2019-03-13,7238.375,7247.25,7219.5,111,0.7024985473561882626380011621,2019
0.05,true,NQH9,full_overnight,true,7cf039a4d9079e0e3b14,R03,2019-02-22,7026.125,7060.75,7019.25,166,0.7036077705827937095282146161,2019
0.05,true,NQZ9,midnight,true,7cf40d103c9fe4c62da8,R04,2019-10-01,7792.125,7810.25,7788,89,0.707924183603562457182005024,2019
0.05,true,NQU9,full_overnight,true,7cf880352ee24c7c4d83,R03,2019-06-19,7678.125,7683.5,7674.25,37,0.7052083333333333333333333333,2019
0.1,true,NQZ9,opening_hour_rth,true,7cf9d9dec48079b8cf34,R05,2019-12-05,8313.625,8321.25,8287.25,136,0.701516360734237829209896249,2019
0.05,true,NQZ9,prior_rth,true,7d14bf993b80552d0833,R01,2019-11-04,8145.875,8159,8132.25,107,0.7019254204240799415062149647,2019
0.05,true,NQZ9,prior_rth,true,7d14bf993b80552d0833,R02,2019-11-04,8145.875,8159,8132.25,107,0.7019254204240799415062149647,2019
0.2,true,NQU9,prior_rth,true,7d39d0977c000f8c854f,R01,2019-08-13,7606.875,7626,7584.75,55,0.7072389493914157591287636131,2019
0.2,true,NQU9,prior_rth,true,7d39d0977c000f8c854f,R02,2019-08-13,7606.875,7626,7584.75,55,0.7072389493914157591287636131,2019
0.1,true,NQM9,opening_hour_rth,true,7d9eae63d5a3dfb25435,R05,2019-04-18,7686.375,7700.75,7670.5,121,0.7043765483071841453344343518,2019
0.1,true,NQH9,opening_hour_rth,true,7dc3d8c18b7c697b8dea,R05,2019-03-05,7150.125,7155,7137,72,0.7047747141896435776731674512,2019
0.05,true,NQM9,full_overnight,true,7dd181bc2d8e06dd7f6b,R03,2019-05-20,7538.625,7559,7432,508,0.7019963352300125373710097406,2019
0.05,true,NQZ9,opening_hour_rth,true,7dd834b3e3f051406847,R05,2019-09-27,7755.625,7785.25,7743.25,168,0.7023809523809523809523809524,2019
0.2,true,NQH9,midnight,true,7de061823d8499f16c62,R04,2019-01-28,6756.875,6761,6746.25,59,0.7036703445170006755235307363,2019
0.2,true,NQU9,opening_hour_rth,true,7e04b6ef1489d7105986,R05,2019-07-18,7892.25,7899,7885,28,0.7072,2019
0.2,true,NQU9,prior_rth,true,7e084d4e40676f12f7ef,R01,2019-08-21,7693.875,7718.25,7683.75,46,0.7071638039379974863845831588,2019
0.2,true,NQU9,prior_rth,true,7e084d4e40676f12f7ef,R02,2019-08-21,7693.875,7718.25,7683.75,46,0.7071638039379974863845831588,2019
0.2,true,NQU9,midnight,true,7e2846cd3ac61a55c839,R04,2019-08-28,7567.625,7582,7537.25,179,0.7006517016654598117306299783,2019
0.2,true,NQM9,prior_rth,true,7e41a873e34bf246925e,R01,2019-03-15,7280.75,7287.5,7276,23,0.7184466019417475728155339806,2019
0.2,true,NQM9,prior_rth,true,7e41a873e34bf246925e,R02,2019-03-15,7280.75,7287.5,7276,23,0.7184466019417475728155339806,2019
0.1,true,NQU9,full_overnight,true,7e46370de9ec82e85170,R03,2019-07-30,8011.125,8020,7961.25,235,0.700628451723481241668253666,2019
0.1,true,NQM9,opening_hour_rth,true,7e470fba7383fd8678d1,R05,2019-05-24,7360.625,7370.75,7358,51,0.7085828343313373253493013972,2019
0.2,true,NQZ9,midnight,true,7e4791f92760e40e513d,R04,2019-10-21,7904.375,7907.5,7896,46,0.7035087719298245614035087719,2019
0.1,true,NQM9,opening_hour_rth,true,7e4fa7ce6451fbf85a6d,R05,2019-04-16,7672.125,7685.5,7668.25,69,0.7104591836734693877551020408,2019
0.05,true,NQH9,opening_hour_rth,true,7e647154ca74c29b303b,R05,2019-02-01,6883.375,6912.5,6876,146,0.7022598870056497175141242938,2019
0.1,true,NQM9,full_overnight,true,7e6810bf2f819eb9c276,R03,2019-03-22,7507.125,7527.25,7488.75,154,0.7026580567652800720828953296,2019
0.05,true,NQZ9,full_overnight,true,7e7bf755c01705b30a61,R03,2019-09-20,7933.875,7939,7925.25,55,0.7040201980967178092833559915,2019
0.05,true,NQM9,prior_rth,true,7e7cd642ea5ee654d38e,R01,2019-05-28,7321.625,7346,7314.75,125,0.7012271869100062932662051605,2019
0.05,true,NQM9,prior_rth,true,7e7cd642ea5ee654d38e,R02,2019-05-28,7321.625,7346,7314.75,125,0.7012271869100062932662051605,2019
0.1,true,NQZ9,midnight,true,7e9838c47d9ec4ff4f91,R04,2019-11-27,8418.375,8421.5,8410.75,43,0.7012391005048187241854061496,2019
0.05,true,NQH0,prior_rth,true,7ea64e58229c51bf99be,R01,2019-12-19,8632.875,8636.25,8621.5,59,0.7004777655273796398382947446,2019
0.05,true,NQH0,prior_rth,true,7ea64e58229c51bf99be,R02,2019-12-19,8632.875,8636.25,8621.5,59,0.7004777655273796398382947446,2019
0.05,true,NQH9,full_overnight,true,7eae8ac501eb0d42176c,R03,2019-01-22,6741.375,6747.25,6726.5,83,0.7015423755764032437589441883,2019
0.1,true,NQU9,midnight,true,7ec1af6bbf62bb9376f2,R04,2019-07-30,7971.625,7979.5,7929.5,200,0.7001245330012453300124533001,2019
0.2,true,NQH9,midnight,true,7ec6041a35f4e7ae7e40,R04,2019-02-14,7044.125,7050.5,7027.75,91,0.7030832726389900461277008983,2019
0.1,true,NQU9,full_overnight,true,7eff19e5c8be8a426054,R03,2019-08-16,7547.875,7588.75,7531,231,0.702159124519372966577935522,2019
0.1,true,NQM9,midnight,true,7f1b1e6a25116670a6dc,R04,2019-05-08,7674.625,7697.5,7627.75,279,0.7026001405481377371749824315,2019
0.2,true,NQU9,full_overnight,true,7f2dcb56444b9a761caa,R03,2019-07-08,7822.875,7836,7815,84,0.7048063127690100430416068867,2019
0.1,true,NQZ9,midnight,true,7f3091273e82e786181e,R04,2019-10-28,8057.875,8067.25,8053.75,54,0.7144504227517294388931591084,2019
0.1,true,NQU9,midnight,true,7f864b676761d6448f90,R04,2019-07-02,7778.875,7787.75,7767.25,82,0.7020676691729323308270676692,2019
0.05,true,NQM9,opening_hour_rth,true,7f95a523a580861547a6,R05,2019-05-20,7392.375,7403.25,7376.5,107,0.7008109261630388390951771233,2019
0.2,true,NQZ9,prior_rth,true,7f985825b22cecf99e31,R01,2019-10-31,8051.375,8063.25,8040.25,92,0.7021313766596785464709993012,2019
0.2,true,NQZ9,prior_rth,true,7f985825b22cecf99e31,R02,2019-10-31,8051.375,8063.25,8040.25,92,0.7021313766596785464709993012,2019
0.2,true,NQZ9,full_overnight,true,7fb02b22cbd8f9153898,R03,2019-11-12,8255.375,8268.25,8245,93,0.7068811438784629133154602324,2019
0.05,true,NQH0,midnight,true,7fb6dbb108d3b4a48f7f,R04,2019-12-27,8826.375,8835.75,8822,55,0.7179727827311121539183481933,2019
0.2,true,NQZ9,prior_rth,true,7fc96b27bf4306c09979,R01,2019-10-28,8025.25,8040,8001,78,0.700119474313022700119474313,2019
0.2,true,NQZ9,prior_rth,true,7fc96b27bf4306c09979,R02,2019-10-28,8025.25,8040,8001,78,0.700119474313022700119474313,2019
0.05,true,NQM9,opening_hour_rth,true,8000ac3a3a8956d587da,R05,2019-03-15,7321.625,7329.75,7309.75,80,0.7014462809917355371900826446,2019
0.05,true,NQM9,prior_rth,true,8014d0b1ca85de51ce28,R01,2019-05-16,7503.375,7537.5,7467.5,280,0.7004376930998970133882595263,2019
0.05,true,NQM9,prior_rth,true,8014d0b1ca85de51ce28,R02,2019-05-16,7503.375,7537.5,7467.5,280,0.7004376930998970133882595263,2019
0.2,true,NQM9,opening_hour_rth,true,8035471e48da63fda62c,R05,2019-06-03,7062.75,7081,7033.5,95,0.7012867647058823529411764706,2019
0.05,true,NQU9,opening_hour_rth,true,803a04bcd25ba4a5362d,R05,2019-09-12,7967.375,7974.25,7932,169,0.7029934518241347053320860617,2019
0.05,true,NQZ9,full_overnight,true,803f6f4abc7bd7a8072d,R03,2019-10-14,7876.875,7890,7841.25,195,0.7021845224262142691145712294,2019
0.2,true,NQM9,midnight,true,80793c4839e0c4d6438b,R04,2019-04-08,7591.375,7595.75,7588.25,30,0.7059533386967015285599356396,2019
0.05,true,NQH9,opening_hour_rth,true,80b257b6e32d7be97e17,R05,2019-01-07,6434.625,6448.75,6430,75,0.7019400352733686067019400353,2019
0.05,true,NQM9,midnight,true,80bf2f970404c5fef32d,R04,2019-05-22,7443.875,7465.25,7425,161,0.7014272121788772597526165557,2019
0.05,true,NQM9,full_overnight,true,80d071337aee3b8fe686,R03,2019-03-21,7407.375,7435.25,7399.75,142,0.7000504965494024574987375863,2019
0.2,true,NQZ9,opening_hour_rth,true,80d631a353b5ac6a768c,R05,2019-10-22,7962.875,7977.25,7960.25,68,0.7034782608695652173913043478,2019
0.2,true,NQM9,opening_hour_rth,true,80e0d34097a6b3f5677e,R05,2019-03-21,7438.75,7448.5,7422,53,0.7039764359351988217967599411,2019
0.1,true,NQM9,opening_hour_rth,true,80efae4a1d106d9d0c37,R05,2019-05-30,7257.375,7263,7252.75,41,0.7010221465076660988074957411,2019
0.05,true,NQH9,prior_rth,true,80f78fa653b2ebee7322,R01,2019-02-22,7019.125,7049.5,7011.25,153,0.7005538681436483830623548329,2019
0.05,true,NQH9,prior_rth,true,80f78fa653b2ebee7322,R02,2019-02-22,7019.125,7049.5,7011.25,153,0.7005538681436483830623548329,2019
0.2,true,NQH9,midnight,true,8120d727dbed3c7498db,R04,2019-01-17,6639.375,6647,6623,96,0.7035915188230203375162267417,2019
0.2,true,NQM9,full_overnight,true,812232707567524503f6,R03,2019-04-11,7645.875,7650.5,7635.25,61,0.7038057085628442663995993991,2019
0.1,true,NQU9,prior_rth,true,813f4c09136595161cf8,R01,2019-07-11,7917.375,7932.25,7908,97,0.7022058823529411764705882353,2019
0.1,true,NQU9,prior_rth,true,813f4c09136595161cf8,R02,2019-07-11,7917.375,7932.25,7908,97,0.7022058823529411764705882353,2019
0.1,true,NQU9,midnight,true,813fea828129b81357ec,R04,2019-07-22,7869.125,7881.75,7860,87,0.7000266169816342826723449561,2019
0.1,true,NQZ9,midnight,true,81422662438d2c5e37aa,R04,2019-11-12,8255.375,8265.25,8253.75,46,0.7012609117361784675072744908,2019
0.2,true,NQU9,midnight,true,8172c62ecf1e162f0757,R04,2019-07-18,7851.125,7874.25,7845.75,114,0.704205069124423963133640553,2019
0.2,true,NQU9,prior_rth,true,8185e891976e094f6aef,R01,2019-07-18,7937.75,7947,7930,34,0.7066911090742438130155820348,2019
0.2,true,NQU9,prior_rth,true,8185e891976e094f6aef,R02,2019-07-18,7937.75,7947,7930,34,0.7066911090742438130155820348,2019
0.2,true,NQH9,prior_rth,true,81988045278628f1c9d9,R01,2019-01-11,6599.25,6625,6577.5,95,0.7033446437227338826951042172,2019
0.2,true,NQH9,prior_rth,true,81988045278628f1c9d9,R02,2019-01-11,6599.25,6625,6577.5,95,0.7033446437227338826951042172,2019
0.05,true,NQZ9,opening_hour_rth,true,819b8926c0c9d9bdccc7,R05,2019-09-17,7876.875,7884.25,7870.5,55,0.7024981074943224829674489023,2019
0.05,true,NQM9,prior_rth,true,81a10005007e2ea1b9f1,R01,2019-04-02,7496.625,7499.25,7466.5,131,0.7007011393514460999123575811,2019
0.05,true,NQM9,prior_rth,true,81a10005007e2ea1b9f1,R02,2019-04-02,7496.625,7499.25,7466.5,131,0.7007011393514460999123575811,2019
0.2,true,NQH9,prior_rth,true,81ea70f4f00e69f78e82,R01,2019-02-08,6885.75,6912.5,6862,101,0.701622668927100992976507629,2019
0.2,true,NQH9,prior_rth,true,81ea70f4f00e69f78e82,R02,2019-02-08,6885.75,6912.5,6862,101,0.701622668927100992976507629,2019
0.05,true,NQM9,full_overnight,true,81f9c88c118d1d6d7843,R03,2019-06-05,7207.375,7219.5,7185.25,137,0.7022548220592230372181472426,2019
0.1,true,NQH9,opening_hour_rth,true,8208f5a64bdaba3dad46,R05,2019-02-05,7008.125,7013.75,6999.5,57,0.702970297029702970297029703,2019
0.1,true,NQH9,opening_hour_rth,true,821d5fb9f5d6dd19d9fe,R05,2019-03-04,7207.375,7209.5,7196.5,52,0.7061752988047808764940239044,2019
0.2,true,NQM9,midnight,true,8237c9dd9bedfe5d950f,R04,2019-03-20,7375.875,7385.25,7372.5,51,0.7060133630289532293986636971,2019
0.05,true,NQZ9,prior_rth,true,824570fc76908502fdcb,R01,2019-11-07,8194.875,8200.5,8181.25,77,0.7020655590480466995958688819,2019
0.05,true,NQZ9,prior_rth,true,824570fc76908502fdcb,R02,2019-11-07,8194.875,8200.5,8181.25,77,0.7020655590480466995958688819,2019
0.1,true,NQZ9,prior_rth,true,8263139dc4664625f979,R01,2019-10-23,7933.625,7957.25,7881,305,0.7007380073800738007380073801,2019
0.1,true,NQZ9,prior_rth,true,8263139dc4664625f979,R02,2019-10-23,7933.625,7957.25,7881,305,0.7007380073800738007380073801,2019
0.1,true,NQZ9,midnight,true,8266f6bdc5437e664577,R04,2019-10-25,7939.875,7942.5,7933,38,0.7124324324324324324324324324,2019
0.05,true,NQZ9,opening_hour_rth,true,82d5e6b6867af37dc2b4,R05,2019-11-27,8415.625,8417.5,8407,42,0.7090643274853801169590643275,2019
0.05,true,NQU9,prior_rth,true,82ecfcb9d0046b189332,R01,2019-07-17,7978.625,7986.5,7948,154,0.7056296631245760795839927651,2019
0.05,true,NQU9,prior_rth,true,82ecfcb9d0046b189332,R02,2019-07-17,7978.625,7986.5,7948,154,0.7056296631245760795839927651,2019
0.1,true,NQZ9,opening_hour_rth,true,82f1714a9c107d00f36f,R05,2019-11-18,8292.625,8299.75,8287,51,0.7050912584053794428434197887,2019
0.1,true,NQH0,midnight,true,8327136e8332180c1a55,R04,2019-12-17,8608.125,8617,8600.5,66,0.7044476327116212338593974175,2019
0.05,true,NQM9,midnight,true,839052723e326bb381f8,R04,2019-05-20,7534.625,7545.75,7421.25,498,0.7,2019
0.2,true,NQM9,opening_hour_rth,true,83b3ce7b82282ff27fc5,R05,2019-04-16,7672.125,7685.5,7668.25,69,0.7104591836734693877551020408,2019
0.1,true,NQH9,prior_rth,true,83bc353fc3ea519f18e8,R01,2019-03-08,7048.875,7071.5,7025.25,185,0.7008379888268156424581005587,2019
0.1,true,NQH9,prior_rth,true,83bc353fc3ea519f18e8,R02,2019-03-08,7048.875,7071.5,7025.25,185,0.7008379888268156424581005587,2019
0.05,true,NQU9,full_overnight,true,83d02e9dec34eec9f249,R03,2019-08-05,7585.125,7614.5,7541.75,291,0.7009708737864077669902912621,2019
0.2,true,NQU9,prior_rth,true,83e7016dd1715c338e17,R01,2019-06-18,7562.625,7570.5,7555.25,61,0.7057858983368470367767627079,2019
0.2,true,NQU9,prior_rth,true,83e7016dd1715c338e17,R02,2019-06-18,7562.625,7570.5,7555.25,61,0.7057858983368470367767627079,2019
0.2,true,NQH9,full_overnight,true,83f0156b15414498f59c,R03,2019-02-08,6869.25,6887,6863,48,0.7010695187165775401069518717,2019
0.1,true,NQH9,prior_rth,true,83f1e6d05024aee4d686,R01,2019-02-25,7087.375,7090.75,7065.5,101,0.7053611994547932757837346661,2019
0.1,true,NQH9,prior_rth,true,83f1e6d05024aee4d686,R02,2019-02-25,7087.375,7090.75,7065.5,101,0.7053611994547932757837346661,2019
0.2,true,NQZ9,full_overnight,true,83f7246df49057a4501c,R03,2019-12-09,8386.875,8393.75,8385.5,33,0.7019953355791655869396216636,2019
0.05,true,NQH9,full_overnight,true,842aecdd0a2a50f88d32,R03,2019-01-09,6586.875,6594,6569.25,99,0.7015300296871431833751998173,2019
0.05,true,NQU9,opening_hour_rth,true,8433964104e0526aa666,R05,2019-08-06,7513.125,7527.75,7492.75,140,0.7032312925170068027210884354,2019
0.2,true,NQZ9,midnight,true,843e94ebf18f8b22d001,R04,2019-10-18,7937.625,7947.75,7928.5,77,0.7035281727224855186940494997,2019
0.1,true,NQM9,prior_rth,true,84560b7aeef411927c53,R01,2019-06-10,7430.25,7440,7417.5,45,0.702183406113537117903930131,2019
0.1,true,NQM9,prior_rth,true,84560b7aeef411927c53,R02,2019-06-10,7430.25,7440,7417.5,45,0.702183406113537117903930131,2019
0.1,true,NQU9,prior_rth,true,8459fc26f48f9cf47149,R01,2019-06-24,7764.375,7775.75,7750.25,102,0.7010387157695939565627950897,2019
0.1,true,NQU9,prior_rth,true,8459fc26f48f9cf47149,R02,2019-06-24,7764.375,7775.75,7750.25,102,0.7010387157695939565627950897,2019
0.2,true,NQU9,midnight,true,84955b4d7bce4f9c22d7,R04,2019-07-22,7869.125,7881.75,7860,87,0.7000266169816342826723449561,2019
0.2,true,NQH9,full_overnight,true,84a3efad45e5b6334d10,R03,2019-02-01,6886.875,6897,6879,24,0.7026762402088772845953002611,2019
0.1,true,NQZ9,prior_rth,true,84df1483dd3cd35d1657,R01,2019-11-22,8269.375,8276,8256.5,78,0.7052393516773464003015454203,2019
0.1,true,NQZ9,prior_rth,true,84df1483dd3cd35d1657,R02,2019-11-22,8269.375,8276,8256.5,78,0.7052393516773464003015454203,2019
0.05,true,NQZ9,prior_rth,true,850df25885d7c3079dce,R01,2019-12-11,8371.375,8389.75,8364,103,0.7026431718061674008810572687,2019
0.05,true,NQZ9,prior_rth,true,850df25885d7c3079dce,R02,2019-12-11,8371.375,8389.75,8364,103,0.7026431718061674008810572687,2019
0.2,true,NQZ9,full_overnight,true,85184b5c4f5a7fce5afe,R03,2019-10-03,7559.625,7576.5,7554,30,0.7118046132971506105834464043,2019
0.1,true,NQZ9,prior_rth,true,85298da540e70c84fc0c,R01,2019-09-26,7764.375,7777.75,7696.5,325,0.7001065814015454303224087397,2019
0.1,true,NQZ9,prior_rth,true,85298da540e70c84fc0c,R02,2019-09-26,7764.375,7777.75,7696.5,325,0.7001065814015454303224087397,2019
0.2,true,NQH9,opening_hour_rth,true,8542dc58e9e3e4c760c5,R05,2019-01-14,6535.625,6547.25,6530.75,66,0.7039254823685961410512308716,2019
0.2,true,NQZ9,opening_hour_rth,true,854e949eab665f9f6b54,R05,2019-11-18,8292.75,8299.5,8286.5,26,0.7137681159420289855072463768,2019
0.2,true,NQM9,midnight,true,855aaa7ed045fe90233d,R04,2019-03-27,7399.125,7400.75,7374.5,105,0.7054413542926239419588875453,2019
0.2,true,NQU9,prior_rth,true,8581d587409020f9c9c5,R01,2019-06-24,7763.625,7776,7752,32,0.7006369426751592356687898089,2019
0.2,true,NQU9,prior_rth,true,8581d587409020f9c9c5,R02,2019-06-24,7763.625,7776,7752,32,0.7006369426751592356687898089,2019
0.1,true,NQH9,full_overnight,true,85be8b16933b1a03cc53,R03,2019-02-26,7087.125,7102.25,7081.5,83,0.7045878403580753450205147333,2019
0.1,true,NQH9,midnight,true,85e248615584612fd780,R04,2019-01-15,6571.625,6586.5,6564.25,89,0.7014237855946398659966499162,2019
0.05,true,NQM9,prior_rth,true,85f107d4e51017cde663,R01,2019-06-14,7514.375,7519.25,7500.25,76,0.7011024182076813655761024182,2019
0.05,true,NQM9,prior_rth,true,85f107d4e51017cde663,R02,2019-06-14,7514.375,7519.25,7500.25,76,0.7011024182076813655761024182,2019
0.1,true,NQZ9,prior_rth,true,85f163063ab16f649268,R01,2019-09-20,7929.625,7954.75,7910,179,0.7009163579645155000974848898,2019
0.1,true,NQZ9,prior_rth,true,85f163063ab16f649268,R02,2019-09-20,7929.625,7954.75,7910,179,0.7009163579645155000974848898,2019
0.1,true,NQU9,full_overnight,true,86001d2228d22c24ed58,R03,2019-07-26,8004.375,8018.75,8002.25,66,0.7067770073808991277119212704,2019
0.2,true,NQU9,midnight,true,86126c32dfc1cf52f8ea,R04,2019-08-06,7423.125,7467.5,7402.5,52,0.7007380073800738007380073801,2019
0.2,true,NQH9,prior_rth,true,862dcaeef02a76537053,R01,2019-01-31,6722.25,6798,6694.5,207,0.7022598870056497175141242938,2019
0.2,true,NQH9,prior_rth,true,862dcaeef02a76537053,R02,2019-01-31,6722.25,6798,6694.5,207,0.7022598870056497175141242938,2019
0.2,true,NQM9,opening_hour_rth,true,863ab6967decf08350e7,R05,2019-06-04,7040.25,7055.5,7032.5,46,0.7066541705716963448922211809,2019
0.05,true,NQM9,midnight,true,863d79a47c5403b41c13,R04,2019-03-15,7293.625,7303,7287.75,61,0.7026652821045344409830391139,2019
0.05,true,NQU9,opening_hour_rth,true,863e9361ecf13ce742a2,R05,2019-08-13,7742.875,7789.25,7659.5,519,0.7001386962552011095700416089,2019
0.05,true,NQH9,opening_hour_rth,true,867b8d99ae07b33823af,R05,2019-02-25,7160.875,7163.75,7151,51,0.7116504854368932038834951456,2019
0.05,true,NQH9,opening_hour_rth,true,86a813141471f8935135,R05,2019-02-21,7016.625,7038.5,7005,134,0.7,2019
0.05,true,NQH9,prior_rth,true,86b6ed82b8c2a718d602,R01,2019-01-07,6434.125,6454.5,6370.75,335,0.7000966183574879227053140097,2019
0.05,true,NQH9,prior_rth,true,86b6ed82b8c2a718d602,R02,2019-01-07,6434.125,6454.5,6370.75,335,0.7000966183574879227053140097,2019
0.2,true,NQM9,full_overnight,true,86cd7e62f276640a1404,R03,2019-05-17,7566.75,7580.5,7519.5,122,0.7009403107113654946852003271,2019
0.05,true,NQM9,full_overnight,true,86dd503aa5adf4c3f102,R03,2019-03-13,7230.625,7240.25,7211.25,116,0.7038376532047418123367490456,2019
0.05,true,NQH9,full_overnight,true,86ec329fdb497a57543a,R03,2019-02-13,7046.875,7056,7042,56,0.7009170487703209670696123385,2019
0.2,true,NQU9,midnight,true,86f5749d5e2e9c28ac94,R04,2019-08-14,7743.875,7756.25,7638.5,471,0.7007289934774267809182759944,2019
0.2,true,NQZ9,prior_rth,true,871213450b68c085fda1,R01,2019-11-14,8277.125,8279.25,8256.75,90,0.7007391763463569165786694826,2019
0.2,true,NQZ9,prior_rth,true,871213450b68c085fda1,R02,2019-11-14,8277.125,8279.25,8256.75,90,0.7007391763463569165786694826,2019
0.2,true,NQU9,prior_rth,true,874db3c9ee2aad847f52,R01,2019-07-24,7935.375,7952.25,7915,149,0.7038445289395859738065061259,2019
0.2,true,NQU9,prior_rth,true,874db3c9ee2aad847f52,R02,2019-07-24,7935.375,7952.25,7915,149,0.7038445289395859738065061259,2019
0.2,true,NQU9,midnight,true,875424525e7c2b3f85c6,R04,2019-07-10,7831.125,7848.25,7813.25,140,0.7028688524590163934426229508,2019
0.1,true,NQM9,prior_rth,true,876e5b0218291df8822a,R01,2019-06-13,7475.375,7485.75,7468,71,0.7049815173384967435310684739,2019
0.1,true,NQM9,prior_rth,true,876e5b0218291df8822a,R02,2019-06-13,7475.375,7485.75,7468,71,0.7049815173384967435310684739,2019
0.05,true,NQU9,prior_rth,true,8783b43f26aa4560966e,R01,2019-07-23,7897.125,7915.5,7893.5,88,0.7021369385085041430440470999,2019
0.05,true,NQU9,prior_rth,true,8783b43f26aa4560966e,R02,2019-07-23,7897.125,7915.5,7893.5,88,0.7021369385085041430440470999,2019
0.2,true,NQM9,opening_hour_rth,true,879628732d189ff18216,R05,2019-05-01,7838.625,7847.5,7836.5,44,0.7114870881567230632235084595,2019
0.05,true,NQU9,midnight,true,87b87e3d0b55120a3141,R04,2019-08-09,7678.625,7693.25,7673.5,79,0.7042226850975194092028024995,2019
0.05,true,NQM9,prior_rth,true,87baa69ce4ec32bcb147,R01,2019-03-15,7279.375,7287.25,7276,45,0.7046703296703296703296703297,2019
0.05,true,NQM9,prior_rth,true,87baa69ce4ec32bcb147,R02,2019-03-15,7279.375,7287.25,7276,45,0.7046703296703296703296703297,2019
0.1,true,NQZ9,opening_hour_rth,true,87bde4073541b04964d0,R05,2019-11-08,8213.125,8223.25,8200.25,92,0.7030497592295345104333868379,2019
0.2,true,NQM9,midnight,true,87cf7d105c4a27a5c8c3,R04,2019-04-02,7487.625,7499.5,7485.25,57,0.7024859663191659983961507618,2019
0.1,true,NQH9,midnight,true,87d98644a038b931f2b1,R04,2019-01-30,6677.125,6695,6669.25,103,0.7011863568956994562530894711,2019
0.2,true,NQU9,opening_hour_rth,true,87da13ba768f3ce7f70f,R05,2019-08-19,7719.25,7728,7695.5,65,0.7023255813953488372093023256,2019
0.2,true,NQH9,midnight,true,87f3a85ca719320dbd45,R04,2019-03-01,7155.125,7157.75,7145,51,0.7111667859699355762347888332,2019
0.2,true,NQM9,opening_hour_rth,true,8816832671892d88ba4a,R05,2019-04-12,7644.75,7647.5,7641.5,12,0.7022587268993839835728952772,2019
0.05,true,NQZ9,midnight,true,882285a21843c8d13f14,R04,2019-12-05,8311.875,8332.5,8305.75,107,0.7000269034167339252085014797,2019
0.05,true,NQU9,prior_rth,true,883ca03933eb899788e9,R01,2019-07-15,7952.875,7958,7934,96,0.7050610820244328097731239092,2019
0.05,true,NQU9,prior_rth,true,883ca03933eb899788e9,R02,2019-07-15,7952.875,7958,7934,96,0.7050610820244328097731239092,2019
0.05,true,NQM9,midnight,true,88414aa9aae8e0a0bfdf,R04,2019-04-16,7679.875,7683.25,7670,53,0.7071112896745680996384089996,2019
0.05,true,NQH0,opening_hour_rth,true,886e916870c007b74ea2,R05,2019-12-16,8598.875,8606.5,8586.75,79,0.7044392523364485981308411215,2019
0.1,true,NQZ9,prior_rth,true,8871a1532178c7c0062f,R01,2019-11-25,8274.375,8277.75,8249,115,0.7045287637698898408812729498,2019
0.1,true,NQZ9,prior_rth,true,8871a1532178c7c0062f,R02,2019-11-25,8274.375,8277.75,8249,115,0.7045287637698898408812729498,2019
0.2,true,NQH9,midnight,true,887a66c447920362fb7d,R04,2019-02-11,6952.375,6968.5,6934.5,136,0.7000247708694575179588803567,2019
0.05,true,NQZ9,opening_hour_rth,true,887ce5aa0ceeff43ce23,R05,2019-11-18,8292.625,8299.75,8287,51,0.7050912584053794428434197887,2019
0.2,true,NQM9,opening_hour_rth,true,8898b2c8f43bb593e158,R05,2019-05-13,7368.5,7419,7353,66,0.704225352112676056338028169,2019
0.05,true,NQZ9,prior_rth,true,889ddd37cf5a2bf46f49,R01,2019-10-28,8026.625,8039.75,7996,175,0.70010741138560687432867884,2019
0.05,true,NQZ9,prior_rth,true,889ddd37cf5a2bf46f49,R02,2019-10-28,8026.625,8039.75,7996,175,0.70010741138560687432867884,2019
0.05,true,NQH9,prior_rth,true,88d12dfb0475c99942a0,R01,2019-01-23,6715.625,6748.25,6654,377,0.7003980219515136895428778193,2019
0.05,true,NQH9,prior_rth,true,88d12dfb0475c99942a0,R02,2019-01-23,6715.625,6748.25,6654,377,0.7003980219515136895428778193,2019
0.05,true,NQM9,opening_hour_rth,true,88e22a6ae756dad1c35c,R05,2019-06-13,7518.625,7531,7514,68,0.7045123726346433770014556041,2019
0.2,true,NQU9,midnight,true,88e4668d0126eb6ab3e7,R04,2019-07-19,7963.875,7969.25,7952,69,0.7053017484489565707839819515,2019
0.1,true,NQM9,prior_rth,true,88f0d4f99921c1b7b4e4,R01,2019-06-03,7156.375,7170.25,7139.5,123,0.7015189500073735437251142899,2019
0.1,true,NQM9,prior_rth,true,88f0d4f99921c1b7b4e4,R02,2019-06-03,7156.375,7170.25,7139.5,123,0.7015189500073735437251142899,2019
0.1,true,NQU9,opening_hour_rth,true,8914731079f31234bd7f,R05,2019-06-19,7654.375,7661.75,7648,55,0.7043824701195219123505976096,2019
0.2,true,NQZ9,midnight,true,8917809c54528163a6fb,R04,2019-09-19,7895.75,7902,7876,52,0.7083333333333333333333333333,2019
0.05,true,NQM9,midnight,true,893199484647df0b8cc2,R04,2019-06-11,7544.875,7566,7532.25,135,0.7008993327531186539019437192,2019
0.1,true,NQZ9,opening_hour_rth,true,89b1faf4f0653746086a,R05,2019-12-09,8420.875,8425.25,8414.25,44,0.7054361567635903919089759798,2019
0.2,true,NQU9,midnight,true,89baf5ee4d35bfe373fe,R04,2019-09-12,7916.75,7935.5,7912,47,0.7022364217252396166134185304,2019
0.2,true,NQM9,opening_hour_rth,true,89ecfdb55bfa0b94dbbc,R05,2019-05-23,7316.625,7328.25,7308,27,0.7004680187207488299531981279,2019
0.1,true,NQM9,opening_hour_rth,true,89f2a794d2a2eebe8df5,R05,2019-03-12,7209.875,7213.75,7201.25,50,0.7018450184501845018450184502,2019
0.2,true,NQU9,prior_rth,true,89fa23d7d7b738abe101,R01,2019-08-09,7696.5,7729,7653,76,0.7003484320557491289198606272,2019
0.2,true,NQU9,prior_rth,true,89fa23d7d7b738abe101,R02,2019-08-09,7696.5,7729,7653,76,0.7003484320557491289198606272,2019
0.1,true,NQZ9,midnight,true,8a1faa7d8596cc1bffab,R04,2019-12-04,8303.625,8314,8262.25,207,0.7000374251497005988023952096,2019
0.2,true,NQH9,prior_rth,true,8a7528e5ec188a23c690,R01,2019-02-20,7084.125,7087.75,7067.75,80,0.710016602102933038184836746,2019
0.2,true,NQH9,prior_rth,true,8a7528e5ec188a23c690,R02,2019-02-20,7084.125,7087.75,7067.75,80,0.710016602102933038184836746,2019
0.2,true,NQU9,opening_hour_rth,true,8a77eba60d50cc7ea7c8,R05,2019-08-28,7549.125,7563.75,7524,53,0.7050147492625368731563421829,2019
0.05,true,NQZ9,midnight,true,8aa9588537a66ee73d60,R04,2019-10-28,8057.875,8067.25,8053.75,54,0.7144504227517294388931591084,2019
0.05,true,NQM9,midnight,true,8aab203bdd8070cc1c34,R04,2019-03-20,7375.875,7385.25,7372.5,51,0.7060133630289532293986636971,2019
0.1,true,NQM9,midnight,true,8aae7d115612b80cb133,R04,2019-04-08,7591.375,7595.75,7588.25,30,0.7059533386967015285599356396,2019
0.05,true,NQH0,midnight,true,8ab7a78d75c7d1bb044d,R04,2019-12-18,8612.125,8615.25,8603.25,48,0.7034684904738641914997557401,2019
0.1,true,NQU9,prior_rth,true,8abfaa917dba0e1e51c7,R01,2019-07-08,7861.25,7880,7821,118,0.7084098420859346309217774513,2019
0.1,true,NQU9,prior_rth,true,8abfaa917dba0e1e51c7,R02,2019-07-08,7861.25,7880,7821,118,0.7084098420859346309217774513,2019
0.2,true,NQZ9,midnight,true,8ac09b53241d5491d6b3,R04,2019-11-20,8315.625,8318,8301.5,66,0.7087710084033613445378151261,2019
0.2,true,NQH9,midnight,true,8b0a77908a905efa9e88,R04,2019-02-27,7101.125,7104.5,7094.75,39,0.7070824832410375983678227922,2019
0.05,true,NQM9,midnight,true,8b3074ef00358fc9e133,R04,2019-04-30,7799.125,7805,7790.5,58,0.700762133975130365022061773,2019
0.2,true,NQM9,opening_hour_rth,true,8b3f416c5d4036abe549,R05,2019-04-08,7575.875,7584,7569.25,59,0.7002749770852428964252978918,2019
0.05,true,NQH9,full_overnight,true,8b5f1e946fe97f074464,R03,2019-02-01,6886.875,6897.25,6879,73,0.7021276595744680851063829787,2019
0.2,true,NQU9,full_overnight,true,8b7c9c973f0e6958128c,R03,2019-06-27,7681.75,7696,7658.5,75,0.7060253985409348824641988652,2019
0.05,true,NQU9,midnight,true,8b7f34e22c6ff7ce36ae,R04,2019-06-20,7795.875,7817.5,7776.5,164,0.7040816326530612244897959184,2019
0.2,true,NQH9,opening_hour_rth,true,8baa117bc4d9f50a792e,R05,2019-02-22,7069.25,7073,7059.5,27,0.7076923076923076923076923077,2019
0.1,true,NQM9,midnight,true,8bbbfff0e197a492f4cf,R04,2019-05-06,7692.625,7716,7688.5,110,0.7004723944493652199586654857,2019
0.05,true,NQU9,prior_rth,true,8bc5d97d9326d6001a7e,R01,2019-08-06,7475.125,7512.5,7415.5,388,0.7012771603914413667274838282,2019
0.05,true,NQU9,prior_rth,true,8bc5d97d9326d6001a7e,R02,2019-08-06,7475.125,7512.5,7415.5,388,0.7012771603914413667274838282,2019
0.2,true,NQH9,midnight,true,8be426e1f63c300f1cbb,R04,2019-01-08,6509.625,6541,6505,144,0.7003951211132107885243085381,2019
0.2,true,NQM9,full_overnight,true,8bfea4ee3e4c920e7da4,R03,2019-04-18,7675.625,7688.5,7663.75,99,0.7068862869616987497519349077,2019
0.1,true,NQZ9,opening_hour_rth,true,8c0b31d68fcb4dffe3a9,R05,2019-10-25,7964.875,7981,7949.75,125,0.7017699115044247787610619469,2019
0.2,true,NQH9,midnight,true,8c186fc2d61dfd40cd26,R04,2019-02-07,6953.375,6972,6940.75,125,0.7054967221381744831064044377,2019
0.05,true,NQH9,full_overnight,true,8c1db9845a56725767b4,R03,2019-01-30,6676.875,6692.25,6669.25,92,0.7039020657995409334353481255,2019
0.1,true,NQZ9,opening_hour_rth,true,8c2717291ae03bd2dc95,R05,2019-10-17,7977.625,7987.25,7973.5,55,0.7008821170809943865276663994,2019
0.1,true,NQU9,prior_rth,true,8c2bcb6febae5946f15a,R01,2019-06-19,7678.125,7701.75,7661.75,160,0.7048519609362889474500077507,2019
0.1,true,NQU9,prior_rth,true,8c2bcb6febae5946f15a,R02,2019-06-19,7678.125,7701.75,7661.75,160,0.7048519609362889474500077507,2019
0.05,true,NQZ9,full_overnight,true,8c62de97e1eb9f19d1f3,R03,2019-11-11,8221.875,8234.25,8215.75,74,0.7018593716606112417183158795,2019
0.1,true,NQM9,prior_rth,true,8c715115147f3cf9ce63,R01,2019-05-10,7593.75,7610,7515,190,0.7003484320557491289198606272,2019
0.1,true,NQM9,prior_rth,true,8c715115147f3cf9ce63,R02,2019-05-10,7593.75,7610,7515,190,0.7003484320557491289198606272,2019
0.1,true,NQZ9,midnight,true,8c71c1dc52c2e9f651b9,R04,2019-10-22,7951.125,7967.25,7939.5,111,0.7064462809917355371900826446,2019
0.05,true,NQM9,opening_hour_rth,true,8c76a69c7fe0ed8507ea,R05,2019-05-31,7153.125,7160.5,7142.5,72,0.7059202059202059202059202059,2019
0.2,true,NQH9,opening_hour_rth,true,8cd5ee3d4df73c26d0e7,R05,2019-02-11,6937.25,6944.5,6927,35,0.7065337763012181616832779623,2019
0.05,true,NQM9,full_overnight,true,8cd9540ca3806f2150c1,R03,2019-04-11,7645.875,7650.5,7635.25,61,0.7038057085628442663995993991,2019
0.1,true,NQU9,full_overnight,true,8cdc37074f2377c379c7,R03,2019-09-09,7871.625,7878.75,7868,43,0.7097933513027852650494159928,2019
0.2,true,NQZ9,full_overnight,true,8ced259ad8a80bb33b31,R03,2019-12-10,8368.125,8381.25,8327.75,214,0.7002219403931515535827520609,2019
0.1,true,NQU9,opening_hour_rth,true,8d11b6dce33c1cebe31c,R05,2019-06-26,7700.125,7706.25,7684,89,0.7046742209631728045325779037,2019
0.05,true,NQU9,prior_rth,true,8d11c264a16c3328acfd,R01,2019-08-19,7613.625,7627,7591,144,0.7001766500722659386542476313,2019
0.05,true,NQU9,prior_rth,true,8d11c264a16c3328acfd,R02,2019-08-19,7613.625,7627,7591,144,0.7001766500722659386542476313,2019
0.05,true,NQU9,prior_rth,true,8d1c9913e1a89a292aa1,R01,2019-07-30,7995.125,8007.5,7975.75,127,0.7019663586827765932243544184,2019
0.05,true,NQU9,prior_rth,true,8d1c9913e1a89a292aa1,R02,2019-07-30,7995.125,8007.5,7975.75,127,0.7019663586827765932243544184,2019
0.05,true,NQZ9,midnight,true,8d250e5dde9e4678c209,R04,2019-11-07,8247.375,8256.5,8241.5,60,0.7008568548387096774193548387,2019
0.05,true,NQM9,opening_hour_rth,true,8d2e7232206e8381f4a9,R05,2019-03-13,7268.875,7275,7264.25,43,0.709072978303747534516765286,2019
0.1,true,NQZ9,opening_hour_rth,true,8d749054125640c000d1,R05,2019-09-30,7734.625,7741.25,7720.75,82,0.7073791348600508905852417303,2019
0.2,true,NQU9,prior_rth,true,8d77ea9090f8b7863c89,R01,2019-07-25,7988.25,7995,7969,52,0.7002518891687657430730478589,2019
0.2,true,NQU9,prior_rth,true,8d77ea9090f8b7863c89,R02,2019-07-25,7988.25,7995,7969,52,0.7002518891687657430730478589,2019
0.2,true,NQM9,opening_hour_rth,true,8d8a87bc3651d6d31dcf,R05,2019-04-23,7788.375,7793,7767.25,103,0.7004310344827586206896551724,2019
0.1,true,NQU9,midnight,true,8d965c28f53b34de425f,R04,2019-08-20,7736.375,7744.25,7729.5,59,0.7078995713410900183710961421,2019
0.2,true,NQM9,full_overnight,true,8dba9a967340a0d2433e,R03,2019-04-30,7796.25,7803,7785,36,0.7074939564867042707493956487,2019
0.05,true,NQZ9,midnight,true,8df54cd43b581ecda49f,R04,2019-10-07,7728.125,7743.25,7725.25,72,0.7046676704667670466767046677,2019
0.05,true,NQU9,opening_hour_rth,true,8dff63bb0d5a1afa02ad,R05,2019-08-21,7754.125,7763.25,7746.75,66,0.7037686240140227870289219982,2019
0.1,true,NQU9,full_overnight,true,8e130a4fc0e160bf2e32,R03,2019-08-13,7583.125,7591.25,7544.5,187,0.7042860993799982028933417198,2019
0.05,true,NQM9,midnight,true,8e7969efda06e4e32cb4,R04,2019-06-05,7212.875,7237.5,7202.25,141,0.7028560250391236306729264476,2019
0.2,true,NQH9,full_overnight,true,8e97b75aad651973776c,R03,2019-01-18,6737.625,6750,6731.25,25,0.7087238644556596971881759193,2019
0.1,true,NQM9,full_overnight,true,8eb2d81c3e852ac8c054,R03,2019-06-05,7207.375,7219.5,7185.25,137,0.7022548220592230372181472426,2019
0.1,true,NQM9,opening_hour_rth,true,8f045687048e230ece8e,R05,2019-04-12,7645.125,7647.5,7641.5,24,0.7130339539978094194961664841,2019
0.05,true,NQZ9,opening_hour_rth,true,8f07d3d1d14aba3706c1,R05,2019-11-22,8285.625,8294.5,8277,70,0.703183520599250936329588015,2019
0.05,true,NQZ9,prior_rth,true,8f0c8b498b8aa4e82314,R01,2019-11-06,8228.875,8231.5,8213.5,72,0.7030772844726333098426121682,2019
0.05,true,NQZ9,prior_rth,true,8f0c8b498b8aa4e82314,R02,2019-11-06,8228.875,8231.5,8213.5,72,0.7030772844726333098426121682,2019
0.1,true,NQH9,opening_hour_rth,true,8f167cf119d8f5e0ca67,R05,2019-01-04,6289.75,6318,6259.5,117,0.7049180327868852459016393443,2019
0.2,true,NQM9,midnight,true,8f279fbe40474aaa0537,R04,2019-03-14,7285.625,7303.75,7283.25,82,0.7062409288824383164005805515,2019
0.05,true,NQM9,opening_hour_rth,true,8f3e1c78e0060cc2fe8e,R05,2019-04-23,7788.375,7793,7767.25,103,0.7004310344827586206896551724,2019
0.2,true,NQH9,midnight,true,8f3ee9b225f5897fcf99,R04,2019-01-24,6694.125,6702,6676.25,103,0.7046455746896275530636764117,2019
0.05,true,NQZ9,opening_hour_rth,true,8f45c2405dc41822625e,R05,2019-11-21,8271.125,8280.5,8263.5,68,0.7009021512838306731436502429,2019
0.05,true,NQM9,prior_rth,true,8f56ded0d3bb2f059c59,R01,2019-04-05,7560.875,7568.5,7538.5,120,0.7012987012987012987012987013,2019
0.05,true,NQM9,prior_rth,true,8f56ded0d3bb2f059c59,R02,2019-04-05,7560.875,7568.5,7538.5,120,0.7012987012987012987012987013,2019
0.1,true,NQU9,opening_hour_rth,true,8f88ec6b124eeb7153b7,R05,2019-07-08,7780.625,7799,7778.5,82,0.7056030389363722697056030389,2019
0.2,true,NQU9,full_overnight,true,8f9350e64a74d91e9043,R03,2019-08-14,7743.25,7759.5,7671.5,176,0.7020109689213893967093235832,2019
0.2,true,NQZ9,full_overnight,true,8fbf92e17ed690a35783,R03,2019-12-06,8324.125,8339.25,8317.25,88,0.701739499363597793805685193,2019
0.1,true,NQZ9,full_overnight,true,900c338a40aaf1e6e8a1,R03,2019-11-22,8295.375,8300.75,8289.25,46,0.7012171181782489202983902631,2019
0.05,true,NQU9,midnight,true,902fe75402dce15f747a,R04,2019-08-15,7524.875,7551.25,7491.75,238,0.7001184132622853759621077561,2019
0.1,true,NQU9,opening_hour_rth,true,904308e0b8290da6ed4b,R05,2019-07-23,7937.875,7949.5,7919.75,119,0.7022526934378060724779627816,2019
0.05,true,NQH9,opening_hour_rth,true,90631b18291da2728591,R05,2019-01-18,6747.875,6767.25,6740.25,108,0.705212702216896345116836429,2019
0.1,true,NQZ9,midnight,true,9084b9b20c0bc2901aab,R04,2019-11-18,8340.625,8355.75,8320.75,140,0.7040462427745664739884393064,2019
0.1,true,NQZ9,opening_hour_rth,true,90927c83f41d8bd71197,R05,2019-11-14,8251.875,8260.5,8247.75,51,0.7136797454931071049840933192,2019
0.1,true,NQM9,prior_rth,true,90c8ec27509eda45511e,R01,2019-06-14,7514.375,7519.25,7500.25,76,0.7011024182076813655761024182,2019
0.1,true,NQM9,prior_rth,true,90c8ec27509eda45511e,R02,2019-06-14,7514.375,7519.25,7500.25,76,0.7011024182076813655761024182,2019
0.05,true,NQM9,prior_rth,true,91027614ff0cdcd00611,R01,2019-06-06,7203.375,7216.75,7187,119,0.7001154882586936994738868215,2019
0.05,true,NQM9,prior_rth,true,91027614ff0cdcd00611,R02,2019-06-06,7203.375,7216.75,7187,119,0.7001154882586936994738868215,2019
0.2,true,NQU9,full_overnight,true,91275b8734e66cb37cba,R03,2019-07-01,7823.75,7838.5,7799,79,0.7010174797808505087398904253,2019
0.2,true,NQZ9,prior_rth,true,9132d6b5a4bca7b84c9a,R01,2019-12-11,8371.25,8389.5,8364.5,50,0.7010141987829614604462474645,2019
0.2,true,NQZ9,prior_rth,true,9132d6b5a4bca7b84c9a,R02,2019-12-11,8371.25,8389.5,8364.5,50,0.7010141987829614604462474645,2019
0.05,true,NQU9,prior_rth,true,9136eb4653044405de6d,R01,2019-08-22,7745.875,7753.75,7731.5,89,0.7064351378958120531154239019,2019
0.05,true,NQU9,prior_rth,true,9136eb4653044405de6d,R02,2019-08-22,7745.875,7753.75,7731.5,89,0.7064351378958120531154239019,2019
0.1,true,NQU9,prior_rth,true,913d7ae900939ed75b72,R01,2019-07-17,7978.625,7986.5,7948,154,0.7056296631245760795839927651,2019
0.1,true,NQU9,prior_rth,true,913d7ae900939ed75b72,R02,2019-07-17,7978.625,7986.5,7948,154,0.7056296631245760795839927651,2019
0.1,true,NQM9,prior_rth,true,915baba3c66be668d2ef,R01,2019-04-08,7599.125,7602.5,7593.75,35,0.7023692003948667324777887463,2019
0.1,true,NQM9,prior_rth,true,915baba3c66be668d2ef,R02,2019-04-08,7599.125,7602.5,7593.75,35,0.7023692003948667324777887463,2019
0.2,true,NQZ9,full_overnight,true,9179e205ccd7716132c9,R03,2019-09-30,7733.75,7746,7725.5,41,0.70412249705535924617196702,2019
0.05,true,NQU9,prior_rth,true,918d72d4554298b2a6d7,R01,2019-08-14,7738.875,7763.5,7722,166,0.7003696857670979667282809612,2019
0.05,true,NQU9,prior_rth,true,918d72d4554298b2a6d7,R02,2019-08-14,7738.875,7763.5,7722,166,0.7003696857670979667282809612,2019
0.05,true,NQU9,prior_rth,true,91b387fd755eb097fa3b,R01,2019-08-08,7474.75,7553,7462.5,181,0.7014967925873129009265858874,2019
0.05,true,NQU9,prior_rth,true,91b387fd755eb097fa3b,R02,2019-08-08,7474.75,7553,7462.5,181,0.7014967925873129009265858874,2019
0.05,true,NQZ9,prior_rth,true,91d70883930382022e68,R01,2019-11-26,8363.875,8373.5,8360.25,53,0.7006229388054232319530963723,2019
0.05,true,NQZ9,prior_rth,true,91d70883930382022e68,R02,2019-11-26,8363.875,8373.5,8360.25,53,0.7006229388054232319530963723,2019
0.05,true,NQZ9,prior_rth,true,91d84938653f29a2d0ee,R01,2019-10-23,7933.625,7957.25,7881,305,0.7007380073800738007380073801,2019
0.05,true,NQZ9,prior_rth,true,91d84938653f29a2d0ee,R02,2019-10-23,7933.625,7957.25,7881,305,0.7007380073800738007380073801,2019
0.2,true,NQU9,opening_hour_rth,true,91df1cccda0966895f75,R05,2019-08-30,7734.75,7744,7721.5,45,0.7030625832223701731025299601,2019
0.2,true,NQZ9,prior_rth,true,91f056a9d19e8f7638cf,R01,2019-11-06,8228.875,8231.5,8213.5,72,0.7030772844726333098426121682,2019
0.2,true,NQZ9,prior_rth,true,91f056a9d19e8f7638cf,R02,2019-11-06,8228.875,8231.5,8213.5,72,0.7030772844726333098426121682,2019
0.2,true,NQU9,full_overnight,true,920ab86313a550dfbe17,R03,2019-08-05,7585.25,7614.5,7541.5,146,0.700924840432460596587208545,2019
0.2,true,NQH0,midnight,true,9213c916e1657cfe9a06,R04,2019-12-20,8670.125,8682,8665.75,65,0.7026672496720594665500655881,2019
0.2,true,NQM9,prior_rth,true,921d729c37e2957ee5c9,R01,2019-05-16,7503.375,7537.5,7469.25,91,0.7012622720897615708274894811,2019
0.2,true,NQM9,prior_rth,true,921d729c37e2957ee5c9,R02,2019-05-16,7503.375,7537.5,7469.25,91,0.7012622720897615708274894811,2019
0.1,true,NQH9,prior_rth,true,92261f2add969a693243,R01,2019-01-18,6688.375,6709,6644.25,259,0.7018341670456268000606336213,2019
0.1,true,NQH9,prior_rth,true,92261f2add969a693243,R02,2019-01-18,6688.375,6709,6644.25,259,0.7018341670456268000606336213,2019
0.05,true,NQU9,midnight,true,9244d9129f01cb960f30,R04,2019-08-02,7753.375,7781,7742.25,155,0.7030241250424736663268773361,2019
0.05,true,NQU9,opening_hour_rth,true,925c9c21f3cada1aa924,R05,2019-07-17,7957.875,7962,7947.75,57,0.7029204431017119838872104733,2019
0.2,true,NQH9,opening_hour_rth,true,928ddf002fdbf39b5316,R05,2019-01-09,6594.75,6608.5,6589.5,38,0.7064544650751547303271441202,2019
0.1,true,NQM9,full_overnight,true,92adf09eff940a0e37b3,R03,2019-03-11,7072.625,7076.5,7046.75,119,0.7021908652060898626067582622,2019
0.1,true,NQM9,midnight,true,92c07f7b10fdf15c2bf8,R04,2019-04-17,7696.875,7706.25,7690.75,62,0.7036839295248264815803523759,2019
0.05,true,NQZ9,full_overnight,true,92c14c0e13195721bb0b,R03,2019-10-11,7780.875,7836.75,7767,279,0.7025807198240944335146395093,2019
0.1,true,NQM9,full_overnight,true,92f75301f74e44a55f93,R03,2019-05-09,7573.125,7611.25,7560.75,202,0.7006509869802603947921041579,2019
0.05,true,NQH0,midnight,true,931fb5ba1885b74dc790,R04,2019-12-23,8718.875,8732.75,8712.5,81,0.7017819706498951781970649895,2019
0.05,true,NQH9,midnight,true,932d868e6a5ce1e3f8cb,R04,2019-02-06,7004.125,7014.25,6995.75,74,0.7055412371134020618556701031,2019
0.2,true,NQM9,prior_rth,true,9339a1bd2b32fc6de17a,R01,2019-04-03,7510.375,7518.75,7498.5,81,0.7035175879396984924623115578,2019
0.2,true,NQM9,prior_rth,true,9339a1bd2b32fc6de17a,R02,2019-04-03,7510.375,7518.75,7498.5,81,0.7035175879396984924623115578,2019
0.1,true,NQH9,midnight,true,939612cbf0635c9c6b2f,R04,2019-02-25,7118.125,7133.75,7106.75,108,0.7057780928748670684154555122,2019
0.2,true,NQM9,prior_rth,true,93d0c49fa644b32f6ccb,R01,2019-05-02,7839.625,7854.5,7821.75,131,0.7020514490394008466297622924,2019
0.2,true,NQM9,prior_rth,true,93d0c49fa644b32f6ccb,R02,2019-05-02,7839.625,7854.5,7821.75,131,0.7020514490394008466297622924,2019
0.05,true,NQZ9,full_overnight,true,93ddbee886cf6cbf459f,R03,2019-11-14,8254.375,8265,8249.25,63,0.7001683501683501683501683502,2019
0.1,true,NQU9,opening_hour_rth,true,93f5aced77121c4449ce,R05,2019-08-15,7509.375,7523.25,7499.25,32,0.7003745318352059925093632959,2019
0.05,true,NQU9,full_overnight,true,93f9180626ef287f7012,R03,2019-08-21,7729.625,7751,7693.75,229,0.7021802999845368795422916345,2019
0.2,true,NQM9,opening_hour_rth,true,93fff340e5d3aac0822f,R05,2019-05-14,7383.375,7393.5,7359.75,45,0.7105643994211287988422575977,2019
0.1,true,NQM9,full_overnight,true,940a9a479be50e1caa53,R03,2019-05-14,7361.875,7390.5,7347.25,173,0.7031747775458640008788311546,2019
0.05,true,NQZ9,prior_rth,true,942311fa76168c43b4c0,R01,2019-10-15,7857.375,7869,7855,56,0.7074361820199778024417314095,2019
0.05,true,NQZ9,prior_rth,true,942311fa76168c43b4c0,R02,2019-10-15,7857.375,7869,7855,56,0.7074361820199778024417314095,2019
0.2,true,NQM9,prior_rth,true,944c94dad1aa6e0cdcc7,R01,2019-05-06,7840.25,7861,7818,86,0.7010954616588419405320813772,2019
0.2,true,NQM9,prior_rth,true,944c94dad1aa6e0cdcc7,R02,2019-05-06,7840.25,7861,7818,86,0.7010954616588419405320813772,2019
0.2,true,NQZ9,midnight,true,945f80a056dd607bb989,R04,2019-11-08,8215.875,8223.75,8209.5,57,0.7008573178199632578077158604,2019
0.2,true,NQM9,opening_hour_rth,true,9466cb27f536b2f3498e,R05,2019-04-11,7625.375,7631.25,7616.25,60,0.7008884501480750246791707799,2019
0.1,true,NQM9,prior_rth,true,9474b772fa1c8ebd6a84,R01,2019-05-29,7336.125,7359,7322,148,0.7021244985886198187490714604,2019
0.1,true,NQM9,prior_rth,true,9474b772fa1c8ebd6a84,R02,2019-05-29,7336.125,7359,7322,148,0.7021244985886198187490714604,2019
0.2,true,NQZ9,midnight,true,948b013e9eadd157504d,R04,2019-12-04,8303.625,8314,8262.25,207,0.7000374251497005988023952096,2019
0.1,true,NQZ9,opening_hour_rth,true,94c031e4631cfab7a1b3,R05,2019-10-07,7752.875,7756.25,7735.25,84,0.7024623803009575923392612859,2019
0.2,true,NQZ9,opening_hour_rth,true,950de8d2a47bb2dfae2e,R05,2019-09-24,7871.625,7890.5,7866.5,96,0.7013473053892215568862275449,2019
0.05,true,NQU9,prior_rth,true,951ce7cee884628b4222,R01,2019-07-24,7935.375,7952.25,7915,149,0.7038445289395859738065061259,2019
0.05,true,NQU9,prior_rth,true,951ce7cee884628b4222,R02,2019-07-24,7935.375,7952.25,7915,149,0.7038445289395859738065061259,2019
0.05,true,NQU9,opening_hour_rth,true,955ad013203db52daf2a,R05,2019-07-25,7964.125,7972.75,7946.75,104,0.7023223082336382828993666432,2019
0.05,true,NQH9,prior_rth,true,956afdcf56eba285a366,R01,2019-03-08,7048.875,7071.5,7025.25,185,0.7008379888268156424581005587,2019
0.05,true,NQH9,prior_rth,true,956afdcf56eba285a366,R02,2019-03-08,7048.875,7071.5,7025.25,185,0.7008379888268156424581005587,2019
0.2,true,NQM9,opening_hour_rth,true,9581d14ae20dc676e7be,R05,2019-05-03,7805.75,7811,7792,38,0.7067773167358229598893499308,2019
0.05,true,NQH9,opening_hour_rth,true,95a262c9599f50d07e5f,R05,2019-03-07,7040.375,7063.25,7025,153,0.7025703794369645042839657283,2019
0.2,true,NQZ9,opening_hour_rth,true,95a5ffc7559a52f0c59d,R05,2019-11-26,8383.125,8385.25,8374.5,43,0.7071352502662406815761448349,2019
0.05,true,NQU9,midnight,true,95ae7ab26d624152b99c,R04,2019-07-08,7822.875,7829.75,7814,63,0.7070534698521046643913538111,2019
0.2,true,NQM9,midnight,true,95dbeb1f94bdcb893281,R04,2019-04-18,7674.375,7688,7660.25,111,0.7038820343063496840204634367,2019
0.1,true,NQZ9,midnight,true,96048f918ae0f2e4b7b8,R04,2019-10-07,7728.125,7743.25,7725.25,72,0.7046676704667670466767046677,2019
0.1,true,NQM9,prior_rth,true,9607a1758168bec4c816,R01,2019-03-28,7333.625,7358.75,7288.75,280,0.7013081395348837209302325581,2019
0.1,true,NQM9,prior_rth,true,9607a1758168bec4c816,R02,2019-03-28,7333.625,7358.75,7288.75,280,0.7013081395348837209302325581,2019
0.05,true,NQU9,prior_rth,true,960e1e4a971a26a6e289,R01,2019-07-31,7963.875,7973,7958.25,59,0.700102145045965270684371808,2019
0.05,true,NQU9,prior_rth,true,960e1e4a971a26a6e289,R02,2019-07-31,7963.875,7973,7958.25,59,0.700102145045965270684371808,2019
0.1,true,NQM9,full_overnight,true,961ef6068880120a8315,R03,2019-03-15,7295.375,7310.25,7287.25,92,0.7046058458813108945969884854,2019
0.2,true,NQM9,opening_hour_rth,true,96224cc736294f12cf33,R05,2019-03-19,7386.375,7393.75,7382.5,45,0.7014218009478672985781990521,2019
0.2,true,NQZ9,opening_hour_rth,true,962733b7b5fa9542ea1d,R05,2019-12-05,8313.625,8321.25,8287.25,136,0.701516360734237829209896249,2019
0.05,true,NQM9,opening_hour_rth,true,9638ba0761b1c52f9c56,R05,2019-03-21,7438.625,7449.75,7422.5,109,0.7010785824345146379044684129,2019
0.05,true,NQZ9,full_overnight,true,965692f35142910ed231,R03,2019-09-17,7867.625,7883,7862.25,83,0.7021866338158299969202340622,2019
0.1,true,NQM9,opening_hour_rth,true,967aad64db3a2b648913,R05,2019-05-14,7382.625,7391.5,7359.25,129,0.7038735983690112130479102956,2019
0.2,true,NQH9,prior_rth,true,967c61a24a4afdb2ba9e,R01,2019-01-23,6715.75,6748,6654,188,0.7014032666206579250057510927,2019
0.2,true,NQH9,prior_rth,true,967c61a24a4afdb2ba9e,R02,2019-01-23,6715.75,6748,6654,188,0.7014032666206579250057510927,2019
0.1,true,NQU9,prior_rth,true,967f8ca0d294b3331b47,R01,2019-08-20,7732.625,7743.75,7725.5,73,0.7009005145797598627787307033,2019
0.1,true,NQU9,prior_rth,true,967f8ca0d294b3331b47,R02,2019-08-20,7732.625,7743.75,7725.5,73,0.7009005145797598627787307033,2019
0.05,true,NQH0,opening_hour_rth,true,968bfe69e5d0b8b328b8,R05,2019-12-17,8608.875,8613.25,8599.25,56,0.7127312295973884657236126224,2019
0.1,true,NQM9,midnight,true,969275b517d8093c5219,R04,2019-05-16,7492.875,7538.25,7481.75,226,0.7007385028533064786841221887,2019
0.05,true,NQM9,midnight,true,96d345fc6df31b334b04,R04,2019-03-25,7317.875,7339.5,7298.75,163,0.7011167512690355329949238579,2019
0.05,true,NQZ9,midnight,true,96de1b565b31b8728707,R04,2019-12-06,8334.625,8343.5,8327.5,64,0.7005752346351801392673327278,2019
0.1,true,NQM9,full_overnight,true,97199df288925f99e7a5,R03,2019-03-28,7315.125,7339.75,7311.5,113,0.7062517062517062517062517063,2019
0.05,true,NQU9,prior_rth,true,9723cd3f3a39db3d5cf5,R01,2019-07-08,7821.625,7857,7797.25,239,0.7025153495741731035848682908,2019
0.05,true,NQU9,prior_rth,true,9723cd3f3a39db3d5cf5,R02,2019-07-08,7821.625,7857,7797.25,239,0.7025153495741731035848682908,2019
0.2,true,NQH9,full_overnight,true,976dd2f269bff10ce283,R03,2019-01-31,6865.125,6872.25,6854.25,24,0.7062888735314443676572218383,2019
0.1,true,NQU9,opening_hour_rth,true,9780aa82aff0dbb3a096,R05,2019-08-21,7754.125,7763.25,7746.75,66,0.7037686240140227870289219982,2019
0.05,true,NQH9,prior_rth,true,979d4ca3e161a06af667,R01,2019-02-20,7084.125,7087.75,7067.75,80,0.710016602102933038184836746,2019
0.05,true,NQH9,prior_rth,true,979d4ca3e161a06af667,R02,2019-02-20,7084.125,7087.75,7067.75,80,0.710016602102933038184836746,2019
0.05,true,NQZ9,opening_hour_rth,true,97b2fbc0f8c04c4ab095,R05,2019-12-04,8308.625,8316,8303.25,51,0.7020408163265306122448979592,2019
0.2,true,NQU9,full_overnight,true,97be3755eb89e0b5d3a1,R03,2019-09-09,7871.625,7878.75,7868,43,0.7097933513027852650494159928,2019
0.05,true,NQH9,opening_hour_rth,true,97c982d554bc0825664d,R05,2019-02-06,7018.625,7037.5,6992.75,179,0.7019230769230769230769230769,2019
0.05,true,NQU9,full_overnight,true,983ef65adfe80b078274,R03,2019-08-28,7588.875,7595,7563.25,127,0.7020827044974343495321460912,2019
0.2,true,NQU9,midnight,true,984b86ffafcaba3e505c,R04,2019-06-28,7698.125,7702.75,7688.75,56,0.7008354755784061696658097686,2019
0.1,true,NQZ9,opening_hour_rth,true,984d807d854de5969ef6,R05,2019-11-04,8220.375,8227.25,8212.5,59,0.7083734359961501443695861405,2019
0.2,true,NQM9,opening_hour_rth,true,98621913f671d67886ac,R05,2019-06-06,7217.75,7228,7214,28,0.702078521939953810623556582,2019
0.05,true,NQU9,prior_rth,true,986c27564851493fd270,R01,2019-09-13,7949.625,7959,7930,116,0.7023650156180276662204373048,2019
0.05,true,NQU9,prior_rth,true,986c27564851493fd270,R02,2019-09-13,7949.625,7959,7930,116,0.7023650156180276662204373048,2019
0.2,true,NQZ9,prior_rth,true,988929d74d16f63b8a4c,R01,2019-11-04,8145.75,8159,8133,52,0.7013333333333333333333333333,2019
0.2,true,NQZ9,prior_rth,true,988929d74d16f63b8a4c,R02,2019-11-04,8145.75,8159,8133,52,0.7013333333333333333333333333,2019
0.2,true,NQM9,opening_hour_rth,true,98c4726f093b7c9645a8,R05,2019-03-14,7282.75,7286.5,7273,27,0.7196110210696920583468395462,2019
0.2,true,NQZ9,midnight,true,98c5ad3a5ab686f796da,R04,2019-11-05,8237.125,8241,8234,28,0.712486883525708289611752361,2019
0.2,true,NQH9,full_overnight,true,98e62c8de52caa070302,R03,2019-01-07,6457.125,6467.25,6423,59,0.7058966861598440545808966862,2019
0.2,true,NQU9,opening_hour_rth,true,991223ba91b812f4b5ab,R05,2019-07-31,7973.875,7984,7971.25,51,0.7002854424357754519505233111,2019
0.2,true,NQU9,full_overnight,true,9920c9762ee3b9a5ddbe,R03,2019-08-06,7424.5,7495,7323,172,0.700439811044143997393712331,2019
0.05,true,NQM9,prior_rth,true,993e74dc9e6aeac7675b,R01,2019-03-25,7396.625,7442.25,7364,313,0.7008943001831699170348022842,2019
0.05,true,NQM9,prior_rth,true,993e74dc9e6aeac7675b,R02,2019-03-25,7396.625,7442.25,7364,313,0.7008943001831699170348022842,2019
0.2,true,NQM9,opening_hour_rth,true,99470cfe0e9560cbb771,R05,2019-04-17,7688.375,7718,7681,148,0.7016769638128861429832303619,2019
0.05,true,NQH9,full_overnight,true,9950fcf595d7acc57d74,R03,2019-03-07,7099.625,7107.25,7088.5,75,0.7008755854204846263490124211,2019
0.1,true,NQZ9,full_overnight,true,995d75227803c5e99a3b,R03,2019-11-05,8236.375,8242.25,8233,37,0.7006472491909385113268608414,2019
0.2,true,NQH9,midnight,true,9976f635d9faef32d741,R04,2019-01-07,6425.625,6448.75,6412.25,146,0.7015270708005552984729291994,2019
0.05,true,NQM9,opening_hour_rth,true,997ab861e98af5547397,R05,2019-04-04,7590.875,7595.25,7575.5,79,0.7058823529411764705882352941,2019
0.1,true,NQH9,opening_hour_rth,true,9987cb26bcdf41d49552,R05,2019-01-31,6848.125,6882,6840.25,167,0.7050147492625368731563421829,2019
0.1,true,NQU9,midnight,true,99a79a34ae3a741ab6e6,R04,2019-08-22,7729.125,7756.5,7722.25,137,0.7015222906850308082638637187,2019
0.05,true,NQU9,full_overnight,true,99b5f02acc5250e4b142,R03,2019-09-09,7871.625,7878.75,7868,43,0.7097933513027852650494159928,2019
0.2,true,NQH9,prior_rth,true,99ccf3e9348e62d52275,R01,2019-02-13,7008.625,7027.75,6995,131,0.7015693967631191760666993624,2019
0.2,true,NQH9,prior_rth,true,99ccf3e9348e62d52275,R02,2019-02-13,7008.625,7027.75,6995,131,0.7015693967631191760666993624,2019
0.1,true,NQZ9,opening_hour_rth,true,99e0df740cd6fb47582f,R05,2019-10-30,8052.375,8055,8041.75,53,0.7,2019
0.05,true,NQZ9,prior_rth,true,99f8625a549dc21d3454,R01,2019-11-13,8287.125,8296.25,8266,121,0.7030258662762323084431429966,2019
0.05,true,NQZ9,prior_rth,true,99f8625a549dc21d3454,R02,2019-11-13,8287.125,8296.25,8266,121,0.7030258662762323084431429966,2019
0.1,true,NQU9,opening_hour_rth,true,99fde6d3e7d2523479ec,R05,2019-08-09,7667.875,7688.25,7643.5,179,0.7004300047778308647873865265,2019
0.1,true,NQH0,prior_rth,true,9a196a23d2a9bc42cd43,R01,2019-12-23,8708.375,8711.25,8695.75,62,0.7067773167358229598893499308,2019
0.1,true,NQH0,prior_rth,true,9a196a23d2a9bc42cd43,R02,2019-12-23,8708.375,8711.25,8695.75,62,0.7067773167358229598893499308,2019
0.1,true,NQU9,midnight,true,9a25e08d3bfa3241c77e,R04,2019-08-14,7743.875,7756.25,7638.5,471,0.7007289934774267809182759944,2019
0.1,true,NQZ9,full_overnight,true,9a3610f1e4bbccadadc6,R03,2019-12-10,8368.125,8381.25,8327.75,214,0.7002219403931515535827520609,2019
0.1,true,NQM9,prior_rth,true,9ab16d9c462ef726ef67,R01,2019-04-17,7678.625,7685.5,7673.25,49,0.708223587942639742464149839,2019
0.1,true,NQM9,prior_rth,true,9ab16d9c462ef726ef67,R02,2019-04-17,7678.625,7685.5,7673.25,49,0.708223587942639742464149839,2019
0.2,true,NQU9,opening_hour_rth,true,9abb841bd2158b01eedb,R05,2019-08-29,7710.25,7717.5,7700,35,0.7062937062937062937062937063,2019
0.2,true,NQU9,opening_hour_rth,true,9ac22d142703b236bf22,R05,2019-08-07,7471.625,7488.25,7427,35,0.7080152671755725190839694656,2019
0.2,true,NQM9,midnight,true,9ae08676416fbeae2a07,R04,2019-05-13,7481.625,7504.5,7414,362,0.7040266328471781864299302473,2019
0.1,true,NQM9,full_overnight,true,9ae28c0a64bcff1fcc7d,R03,2019-05-08,7675.875,7690.25,7632.5,231,0.7026790914385556202679091439,2019
0.05,true,NQM9,prior_rth,true,9af40195d955f670abab,R01,2019-03-22,7481.625,7527,7450,308,0.7017857142857142857142857143,2019
0.05,true,NQM9,prior_rth,true,9af40195d955f670abab,R02,2019-03-22,7481.625,7527,7450,308,0.7017857142857142857142857143,2019
0.2,true,NQZ9,midnight,true,9af9d30bff54dde8bf4c,R04,2019-10-25,7939.875,7942.5,7933,38,0.7124324324324324324324324324,2019
0.2,true,NQM9,full_overnight,true,9b0b3fc154a69d1c8731,R03,2019-05-29,7234.25,7255,7224.5,61,0.7068281938325991189427312775,2019
0.1,true,NQZ9,midnight,true,9b1adafcee0dda7f1e62,R04,2019-09-18,7900.875,7906,7898.75,29,0.7003802281368821292775665399,2019
0.2,true,NQM9,opening_hour_rth,true,9b70e4ecbf2ba154a719,R05,2019-03-18,7369.125,7375.25,7351,97,0.7041357370095440084835630965,2019
0.05,true,NQH0,midnight,true,9b72cc61952c99d96fc4,R04,2019-12-30,8789.125,8800.5,8781.75,75,0.700505475989890480202190396,2019
0.05,true,NQU9,midnight,true,9b7facf4bd0bc70bce5d,R04,2019-08-27,7593.375,7598.75,7553.75,180,0.7018398268398268398268398268,2019
0.2,true,NQM9,midnight,true,9b81b40639db4a6e12cb,R04,2019-03-13,7240.875,7249.75,7222.5,109,0.7056810403832991101984941821,2019
0.1,true,NQU9,full_overnight,true,9bb24a67169e30e161b6,R03,2019-08-02,7788.25,7794,7756.5,75,0.7076360568133877091829559837,2019
0.1,true,NQH9,full_overnight,true,9bbaedc043b5a2768f25,R03,2019-02-13,7046.875,7056,7042,56,0.7009170487703209670696123385,2019
0.1,true,NQH9,opening_hour_rth,true,9bf6f148e5b70d64a980,R05,2019-01-09,6594.625,6609,6590,76,0.7050587172538392050587172538,2019
0.05,true,NQU9,midnight,true,9c0ef5e11ef9dc86e2f5,R04,2019-09-09,7873.375,7877.25,7869,33,0.7036199095022624434389140271,2019
0.05,true,NQM9,midnight,true,9c12bd1bded292ac539a,R04,2019-05-02,7768.125,7776.75,7760.75,64,0.7054144998470480269195472622,2019
0.2,true,NQZ9,prior_rth,true,9c254aebed34a108a194,R01,2019-10-23,7933.625,7957.25,7881,305,0.7007380073800738007380073801,2019
0.2,true,NQZ9,prior_rth,true,9c254aebed34a108a194,R02,2019-10-23,7933.625,7957.25,7881,305,0.7007380073800738007380073801,2019
0.05,true,NQU9,opening_hour_rth,true,9c33c26eebeda0cef26a,R05,2019-08-07,7470.25,7487.5,7427,121,0.7054673721340388007054673721,2019
0.1,true,NQH9,prior_rth,true,9c522b695454efb25bc9,R01,2019-01-09,6557.875,6567.5,6511.5,224,0.701385681293302540415704388,2019
0.1,true,NQH9,prior_rth,true,9c522b695454efb25bc9,R02,2019-01-09,6557.875,6567.5,6511.5,224,0.701385681293302540415704388,2019
0.1,true,NQM9,opening_hour_rth,true,9c61b05720517f18ed5e,R05,2019-06-05,7197.625,7211.5,7176.25,141,0.7016491754122938530734632684,2019
0.05,true,NQZ9,prior_rth,true,9c8070de5c27ed6c2189,R01,2019-12-05,8306.125,8314,8301.5,50,0.7078790882061446977205153617,2019
0.05,true,NQZ9,prior_rth,true,9c8070de5c27ed6c2189,R02,2019-12-05,8306.125,8314,8301.5,50,0.7078790882061446977205153617,2019
0.05,true,NQH0,full_overnight,true,9c9473cb5b523a71e4e1,R03,2019-12-30,8803.125,8806.25,8788.75,70,0.7077809798270893371757925072,2019
0.05,true,NQM9,prior_rth,true,9cb49d08b25e81100696,R01,2019-04-03,7510.375,7518.75,7498.5,81,0.7035175879396984924623115578,2019
0.05,true,NQM9,prior_rth,true,9cb49d08b25e81100696,R02,2019-04-03,7510.375,7518.75,7498.5,81,0.7035175879396984924623115578,2019
0.2,true,NQM9,midnight,true,9cce6b370ea08ee36ef4,R04,2019-05-07,7745.25,7780.5,7721.5,118,0.7053324099722991689750692521,2019
0.2,true,NQU9,opening_hour_rth,true,9d3682694cb42e6d421a,R05,2019-07-22,7897.75,7917.5,7893,49,0.7016949152542372881355932203,2019
0.05,true,NQZ9,opening_hour_rth,true,9d3cc06fad1d9f5f35f7,R05,2019-09-20,7930.125,7935,7927.5,30,0.7031914893617021276595744681,2019
0.05,true,NQZ9,prior_rth,true,9d6926f9e5b38db1c8de,R01,2019-11-15,8251.875,8261.5,8238.25,93,0.703317535545023696682464455,2019
0.05,true,NQZ9,prior_rth,true,9d6926f9e5b38db1c8de,R02,2019-11-15,8251.875,8261.5,8238.25,93,0.703317535545023696682464455,2019
0.1,true,NQH9,opening_hour_rth,true,9d739f269dc1494f6570,R05,2019-02-14,6990.75,7011,6978,66,0.7,2019
0.2,true,NQH9,midnight,true,9d769034b9653b5841f2,R04,2019-02-26,7099.375,7106.75,7091.75,60,0.7025452315240723704385157927,2019
0.2,true,NQZ9,full_overnight,true,9d78bad978c5b1dd5eff,R03,2019-11-18,8314.125,8338.75,8306.75,128,0.703256194962113454843334016,2019
0.2,true,NQM9,prior_rth,true,9dc536ca0e9dfa2795fe,R01,2019-04-12,7620.375,7634,7611.5,90,0.7070555971079531288955372725,2019
0.2,true,NQM9,prior_rth,true,9dc536ca0e9dfa2795fe,R02,2019-04-12,7620.375,7634,7611.5,90,0.7070555971079531288955372725,2019
0.05,true,NQM9,full_overnight,true,9dd29901ebe5af993ddf,R03,2019-06-13,7507.625,7519.5,7459.5,240,0.7025943100639177841834816393,2019
0.05,true,NQU9,opening_hour_rth,true,9de0f87bbb23851f4c6c,R05,2019-09-06,7851.375,7860.25,7845.75,58,0.7056810403832991101984941821,2019
0.05,true,NQH9,midnight,true,9dfc46527e3e96c5309b,R04,2019-02-28,7092.375,7101.5,7084.25,69,0.7048156956004756242568370987,2019
0.2,true,NQH9,midnight,true,9e35033db9af4abf0f24,R04,2019-03-06,7159.375,7161.75,7151.25,42,0.7092400998929718159115233678,2019
0.1,true,NQU9,midnight,true,9e3cba333c0e4a229390,R04,2019-07-09,7762.125,7766,7745.5,82,0.702846501729183293429103485,2019
0.1,true,NQZ9,midnight,true,9e612c3a25851f07a976,R04,2019-12-09,8393.125,8396.5,8388.25,33,0.7149084568439407149084568439,2019
0.1,true,NQZ9,full_overnight,true,9e7429b2e3ab5b2bd93c,R03,2019-10-28,8057.875,8062.25,8052.25,40,0.7061805890873973925639787542,2019
0.2,true,NQU9,prior_rth,true,9e7bbdbfe8dcc72dc08f,R01,2019-09-04,7596.375,7632.75,7591.5,55,0.7038900067069081153588195842,2019
0.2,true,NQU9,prior_rth,true,9e7bbdbfe8dcc72dc08f,R02,2019-09-04,7596.375,7632.75,7591.5,55,0.7038900067069081153588195842,2019
0.05,true,NQZ9,midnight,true,9ea2944ff6afdee270d4,R04,2019-10-04,7651.875,7662.75,7625,151,0.7005988023952095808383233533,2019
0.1,true,NQM9,opening_hour_rth,true,9eadfa0f7dcc03bb6a3f,R05,2019-05-16,7579.125,7587.5,7526.25,245,0.7024853801169590643274853801,2019
0.05,true,NQZ9,opening_hour_rth,true,9ebf58f6e6121cebc13d,R05,2019-10-21,7911.375,7924.25,7905.75,74,0.7015384615384615384615384615,2019
0.05,true,NQH9,prior_rth,true,9ec1ed854d101956b7e8,R01,2019-01-28,6789.875,6802.75,6780.5,89,0.7024347826086956521739130435,2019
0.05,true,NQH9,prior_rth,true,9ec1ed854d101956b7e8,R02,2019-01-28,6789.875,6802.75,6780.5,89,0.7024347826086956521739130435,2019
0.2,true,NQZ9,full_overnight,true,9ee40e66c4cb824fcbcd,R03,2019-11-13,8246.375,8260.25,8237.5,91,0.7000419815281276238455079765,2019
0.1,true,NQM9,opening_hour_rth,true,9ef482d97876c7a63033,R05,2019-04-05,7589.125,7601,7586,60,0.7092257001647446457990115321,2019
0.05,true,NQZ9,prior_rth,true,9f1111745b5d3e510af3,R01,2019-10-22,7940.375,7942.5,7920.75,87,0.7010804321728691476590636255,2019
0.05,true,NQZ9,prior_rth,true,9f1111745b5d3e510af3,R02,2019-10-22,7940.375,7942.5,7920.75,87,0.7010804321728691476590636255,2019
0.2,true,NQZ9,prior_rth,true,9f4d884c2dd7a2d14215,R01,2019-12-04,8203.875,8224.5,8187,50,0.7056188925081433224755700326,2019
0.2,true,NQZ9,prior_rth,true,9f4d884c2dd7a2d14215,R02,2019-12-04,8203.875,8224.5,8187,50,0.7056188925081433224755700326,2019
0.2,true,NQU9,opening_hour_rth,true,9f501092845f427bfff8,R05,2019-07-01,7825.25,7838.5,7820,37,0.7154811715481171548117154812,2019
0.2,true,NQZ9,full_overnight,true,9f5c3365e08f2b221bf5,R03,2019-12-03,8328.875,8336,8277,236,0.7003498385360602798708288482,2019
0.05,true,NQU9,prior_rth,true,9f882bf430ee35b4b7c9,R01,2019-08-30,7715.875,7722,7701.25,83,0.7005935754189944134078212291,2019
0.05,true,NQU9,prior_rth,true,9f882bf430ee35b4b7c9,R02,2019-08-30,7715.875,7722,7701.25,83,0.7005935754189944134078212291,2019
0.05,true,NQU9,opening_hour_rth,true,9fb928e7ef388a5416f8,R05,2019-07-22,7897.125,7917.75,7892.5,101,0.7002700270027002700270027003,2019
0.2,true,NQH9,opening_hour_rth,true,9fd6acc3ec099a0fc537,R05,2019-01-15,6640.75,6656,6618,76,0.7027932960893854748603351955,2019
0.2,true,NQH9,prior_rth,true,9fd9ea3f951e151f18f3,R01,2019-03-01,7111.25,7119,7094.5,49,0.7077607113985448666127728375,2019
0.2,true,NQH9,prior_rth,true,9fd9ea3f951e151f18f3,R02,2019-03-01,7111.25,7119,7094.5,49,0.7077607113985448666127728375,2019
0.1,true,NQH9,midnight,true,9fdf9d75a7f16183bab3,R04,2019-02-13,7051.875,7057.5,7043.75,55,0.7025641025641025641025641026,2019
0.1,true,NQH9,full_overnight,true,9feca359850dd2e431f4,R03,2019-01-03,6230.5,6235,6198,37,0.7053346753900352289884247609,2019
0.2,true,NQU9,prior_rth,true,a003a8fb9bff53147718,R01,2019-07-05,7787.125,7803,7782.25,83,0.7052164261931187569367369589,2019
0.2,true,NQU9,prior_rth,true,a003a8fb9bff53147718,R02,2019-07-05,7787.125,7803,7782.25,83,0.7052164261931187569367369589,2019
0.05,true,NQU9,prior_rth,true,a021e51b5cb8703c80a4,R01,2019-09-06,7852.875,7869,7847.5,86,0.704619124797406807131280389,2019
0.05,true,NQU9,prior_rth,true,a021e51b5cb8703c80a4,R02,2019-09-06,7852.875,7869,7847.5,86,0.704619124797406807131280389,2019
0.2,true,NQU9,opening_hour_rth,true,a0422f9059a965628cb3,R05,2019-07-23,7937.875,7949.5,7919.75,119,0.7022526934378060724779627816,2019
0.2,true,NQM9,midnight,true,a051a00ab58a97646cfd,R04,2019-03-25,7317.875,7339.5,7298.75,163,0.7011167512690355329949238579,2019
0.1,true,NQZ9,prior_rth,true,a061c3fad6ff7e460c70,R01,2019-10-01,7771.625,7779,7737.25,167,0.7026196928635953026196928636,2019
0.1,true,NQZ9,prior_rth,true,a061c3fad6ff7e460c70,R02,2019-10-01,7771.625,7779,7737.25,167,0.7026196928635953026196928636,2019
0.1,true,NQM9,midnight,true,a09291c8c4495a20eea7,R04,2019-04-02,7487.625,7499.5,7485.25,57,0.7024859663191659983961507618,2019
0.05,true,NQM9,opening_hour_rth,true,a092bbd37f1ca9b34e5b,R05,2019-03-12,7209.875,7213.75,7201.25,50,0.7018450184501845018450184502,2019
0.05,true,NQM9,prior_rth,true,a0a7559adc3eb30eca3d,R01,2019-04-09,7592.125,7606.25,7568.75,150,0.7017145738779626828038325769,2019
0.05,true,NQM9,prior_rth,true,a0a7559adc3eb30eca3d,R02,2019-04-09,7592.125,7606.25,7568.75,150,0.7017145738779626828038325769,2019
0.05,true,NQZ9,midnight,true,a0bf34ffb68bf91bb132,R04,2019-10-11,7846.125,7859.5,7805.75,215,0.7014785700917087778401647015,2019
0.05,true,NQM9,prior_rth,true,a0cd18573835dc35d676,R01,2019-04-25,7821.625,7835,7816.25,75,0.7054005630918863578192986947,2019
0.05,true,NQM9,prior_rth,true,a0cd18573835dc35d676,R02,2019-04-25,7821.625,7835,7816.25,75,0.7054005630918863578192986947,2019
0.1,true,NQU9,opening_hour_rth,true,a10136e8bc95982f0fdc,R05,2019-09-09,7857.125,7869,7851.75,69,0.7080592105263157894736842105,2019
0.05,true,NQH9,opening_hour_rth,true,a14819d93bc17f3dd768,R05,2019-02-12,6993.375,6997.25,6977,81,0.7001003009027081243731193581,2019
0.1,true,NQM9,prior_rth,true,a1513a806ae6e9a2606a,R01,2019-03-21,7371.625,7420.5,7351.5,276,0.7020340846619021440351841671,2019
0.1,true,NQM9,prior_rth,true,a1513a806ae6e9a2606a,R02,2019-03-21,7371.625,7420.5,7351.5,276,0.7020340846619021440351841671,2019
0.05,true,NQU9,full_overnight,true,a1517e51f540d9e47eb8,R03,2019-08-30,7755.125,7768.75,7713.5,221,0.7031354236157438292194796531,2019
0.1,true,NQM9,opening_hour_rth,true,a16fd35d41d0946a8d6c,R05,2019-06-11,7569.125,7577,7559.75,69,0.7041942604856512141280353201,2019
0.1,true,NQZ9,opening_hour_rth,true,a1dc06fa08f66ca77695,R05,2019-10-31,8095.375,8114,8081,132,0.7005545286506469500924214418,2019
0.2,true,NQH0,midnight,true,a209b59814d368b23b60,R04,2019-12-19,8618.875,8622.5,8615,30,0.7141036533559898045879354291,2019
0.2,true,NQH9,midnight,true,a21462bf1a10844d3963,R04,2019-01-29,6687.125,6697.25,6671.5,103,0.7036281179138321995464852608,2019
0.2,true,NQU9,full_overnight,true,a228e56f8b97ac2b3132,R03,2019-08-26,7562.5,7624,7439,185,0.7006722689075630252100840336,2019
0.2,true,NQU9,midnight,true,a2294b48f07554a730ed,R04,2019-08-22,7729.125,7756.5,7722.25,137,0.7015222906850308082638637187,2019
0.05,true,NQM9,prior_rth,true,a22df949c95dd1bf8f3c,R01,2019-05-14,7345.375,7379,7334.25,179,0.7009635799444716642168871468,2019
0.05,true,NQM9,prior_rth,true,a22df949c95dd1bf8f3c,R02,2019-05-14,7345.375,7379,7334.25,179,0.7009635799444716642168871468,2019
0.1,true,NQU9,full_overnight,true,a2328707cd7e8410a51c,R03,2019-08-22,7729.125,7760.5,7725.75,139,0.7019340159271899886234357224,2019
0.2,true,NQM9,opening_hour_rth,true,a233421a26c8d327f229,R05,2019-03-15,7321.875,7329.75,7309.5,27,0.7068493150684931506849315068,2019
0.2,true,NQM9,prior_rth,true,a28a274094a36f40ffb7,R01,2019-06-14,7514.25,7519.5,7500.5,38,0.7034321892702432522492502499,2019
0.2,true,NQM9,prior_rth,true,a28a274094a36f40ffb7,R02,2019-06-14,7514.25,7519.5,7500.5,38,0.7034321892702432522492502499,2019
0.2,true,NQZ9,full_overnight,true,a2a2f5cb18eb90aaa899,R03,2019-11-26,8382.375,8388.5,8373.25,61,0.704666393778141629144494474,2019
0.2,true,NQH9,midnight,true,a2ba495d2eb3707e1b6e,R04,2019-02-21,7085.375,7108,7069.5,154,0.7014112404060410992820004952,2019
0.2,true,NQM9,midnight,true,a2cbdbd61cbf4e80c05a,R04,2019-04-01,7473.875,7476.5,7467.75,35,0.7029733009708737864077669903,2019
0.1,true,NQM9,midnight,true,a2ea7950b00ce5fcd428,R04,2019-03-25,7317.875,7339.5,7298.75,163,0.7011167512690355329949238579,2019
0.1,true,NQH9,opening_hour_rth,true,a32b98f44e35c6812502,R05,2019-01-22,6724.375,6732.75,6710.25,90,0.7015209125475285171102661597,2019
0.2,true,NQZ9,midnight,true,a37824eb357e326d800f,R04,2019-11-04,8187.375,8210.5,8183.25,109,0.7060919130744567153544709654,2019
0.1,true,NQU9,prior_rth,true,a3bd26052223da0eb4c3,R01,2019-08-28,7574.625,7600.75,7541.25,238,0.7003900843085441046935950673,2019
0.1,true,NQU9,prior_rth,true,a3bd26052223da0eb4c3,R02,2019-08-28,7574.625,7600.75,7541.25,238,0.7003900843085441046935950673,2019
0.1,true,NQU9,midnight,true,a3e3ca62600df12e9461,R04,2019-06-18,7601.125,7648.25,7571.75,306,0.7,2019
0.1,true,NQH9,full_overnight,true,a417b0df1697d8106c91,R03,2019-01-17,6655.125,6659.5,6631.5,112,0.7031743850487838394942971005,2019
0.2,true,NQH9,midnight,true,a41b925dc03282f6e994,R04,2019-01-11,6615.375,6624,6600.25,95,0.7052607913669064748201438849,2019
0.1,true,NQM9,opening_hour_rth,true,a4315f459928f88643b6,R05,2019-04-11,7625.375,7631.25,7616.25,60,0.7008884501480750246791707799,2019
0.05,true,NQU9,opening_hour_rth,true,a43888c4a6cc53ca1eb3,R05,2019-06-25,7726.125,7731.5,7709.25,89,0.7039877300613496932515337423,2019
0.05,true,NQM9,opening_hour_rth,true,a446d6854e4e3060bb3e,R05,2019-05-10,7558.625,7587.25,7533.25,216,0.7011610297829379101463907118,2019
0.1,true,NQZ9,prior_rth,true,a45926f101261c4435a5,R01,2019-11-18,8309.625,8317.5,8304,54,0.7012383900928792569659442724,2019
0.1,true,NQZ9,prior_rth,true,a45926f101261c4435a5,R02,2019-11-18,8309.625,8317.5,8304,54,0.7012383900928792569659442724,2019
0.2,true,NQM9,midnight,true,a46e9bc5eb64437173f3,R04,2019-04-30,7799.125,7805,7790.5,58,0.700762133975130365022061773,2019
0.2,true,NQH0,prior_rth,true,a47133e79ddde0901949,R01,2019-12-20,8661.625,8664.5,8634.25,121,0.7029780564263322884012539185,2019
0.2,true,NQH0,prior_rth,true,a47133e79ddde0901949,R02,2019-12-20,8661.625,8664.5,8634.25,121,0.7029780564263322884012539185,2019
0.1,true,NQM9,full_overnight,true,a4bd5039f8273741ee1d,R03,2019-05-22,7443.875,7469.25,7433.25,144,0.7019967177242888402625820569,2019
0.2,true,NQM9,midnight,true,a4e401fb63ddba364fac,R04,2019-04-22,7686.875,7696.5,7684.5,48,0.7000427899015832263585793753,2019
0.05,true,NQM9,midnight,true,a4f66677f27ffcb53cbf,R04,2019-05-09,7573.125,7594.75,7559.25,142,0.7005467996140238018655516243,2019
0.05,true,NQM9,midnight,true,a4fd1d77d52e58e330cc,R04,2019-05-31,7162.625,7170.75,7139.25,126,0.702066395663956639566395664,2019
0.05,true,NQM9,midnight,true,a506f04c595924aafc2a,R04,2019-05-15,7411.875,7436.5,7365.5,284,0.7008969430715723961193483434,2019
0.05,true,NQU9,opening_hour_rth,true,a53a53a99f4540171a02,R05,2019-06-27,7691.125,7696,7685.75,41,0.7003952569169960474308300395,2019
0.1,true,NQZ9,prior_rth,true,a54678ef65fb797b585d,R01,2019-10-18,7953.875,7958.5,7932.5,104,0.7010289990645463049579045837,2019
0.1,true,NQZ9,prior_rth,true,a54678ef65fb797b585d,R02,2019-10-18,7953.875,7958.5,7932.5,104,0.7010289990645463049579045837,2019
0.1,true,NQH9,full_overnight,true,a54d609ca40fdfd10aaa,R03,2019-02-20,7069.125,7075,7063.5,46,0.707957342083675143560295324,2019
0.2,true,NQU9,opening_hour_rth,true,a57b332c4f1ca7a0dcbb,R05,2019-08-15,7510.125,7523.25,7498.75,14,0.7073170731707317073170731707,2019
0.2,true,NQZ9,prior_rth,true,a57c0413ddf6525b9ddf,R01,2019-09-17,7875.75,7880,7861.5,37,0.7085543766578249336870026525,2019
0.2,true,NQZ9,prior_rth,true,a57c0413ddf6525b9ddf,R02,2019-09-17,7875.75,7880,7861.5,37,0.7085543766578249336870026525,2019
0.05,true,NQH9,midnight,true,a57cd0b2756a20b1dc97,R04,2019-02-26,7099.375,7106.75,7091.75,60,0.7025452315240723704385157927,2019
0.2,true,NQH0,midnight,true,a57e16ce0657ed4e42b1,R04,2019-12-18,8612.125,8615.25,8603.25,48,0.7034684904738641914997557401,2019
0.2,true,NQH0,prior_rth,true,a5a0c2f2afbc44313977,R01,2019-12-23,8708.25,8712.5,8697,31,0.7044902912621359223300970874,2019
0.2,true,NQH0,prior_rth,true,a5a0c2f2afbc44313977,R02,2019-12-23,8708.25,8712.5,8697,31,0.7044902912621359223300970874,2019
0.1,true,NQM9,midnight,true,a5a0e8fb31ac7a8b84a8,R04,2019-06-11,7544.875,7566,7532.25,135,0.7008993327531186539019437192,2019
0.2,true,NQH9,full_overnight,true,a5a67a8c17490b403e23,R03,2019-01-23,6670.25,6679.5,6651,57,0.7063511830635118306351183064,2019
0.1,true,NQZ9,midnight,true,a5a9d6df43f4125d76ca,R04,2019-11-21,8279.625,8287.75,8266.75,84,0.7039811643835616438356164384,2019
0.05,true,NQZ9,opening_hour_rth,true,a5ad90a7b80faf9ec30a,R05,2019-11-15,8300.125,8304.5,8289,62,0.7024886877828054298642533937,2019
0.1,true,NQM9,opening_hour_rth,true,a5b893f7f34856e7184a,R05,2019-06-06,7217.125,7228,7214,56,0.7039473684210526315789473684,2019
0.05,true,NQU9,opening_hour_rth,true,a6002a46176548c69b87,R05,2019-07-29,7968.125,7992.5,7951.75,163,0.7016478751084128360797918474,2019
0.05,true,NQU9,midnight,true,a610d30e5bbcae63bd2b,R04,2019-07-25,8021.375,8027,8009.75,69,0.7039137833238797504254112309,2019
0.05,true,NQU9,opening_hour_rth,true,a6116197ee5b5ae0bd46,R05,2019-06-18,7699.375,7711.75,7676.5,141,0.7002570694087403598971722365,2019
0.2,true,NQM9,full_overnight,true,a621fe12ae57548e7dda,R03,2019-04-25,7856.25,7870,7854,32,0.7111943404078235538909696213,2019
0.05,true,NQU9,midnight,true,a65fea3507ef3e981363,R04,2019-08-30,7755.125,7768.75,7722,187,0.7007718187215515535325549179,2019
0.05,true,NQZ9,prior_rth,true,a67a269fdb630d92668f,R01,2019-10-17,7923.375,7934.75,7918.5,65,0.702737940026075619295958279,2019
0.05,true,NQZ9,prior_rth,true,a67a269fdb630d92668f,R02,2019-10-17,7923.375,7934.75,7918.5,65,0.702737940026075619295958279,2019
0.2,true,NQZ9,midnight,true,a67b084286b0a0d109f9,R04,2019-09-27,7805.875,7808,7786,88,0.7009718415150760029902815848,2019
0.2,true,NQU9,opening_hour_rth,true,a690be76971e8144e02a,R05,2019-06-27,7692.25,7696,7685.5,21,0.7127659574468085106382978723,2019
0.1,true,NQM9,opening_hour_rth,true,a695e03d576baeb4cd60,R05,2019-05-09,7506.25,7532,7488.5,87,0.7002606429192006950477845352,2019
0.05,true,NQU9,midnight,true,a6981a04dc1b413eeef5,R04,2019-07-24,7955.625,7960.25,7937.75,90,0.7019285309132161089052750993,2019
0.1,true,NQZ9,full_overnight,true,a6bc07e24087398fff11,R03,2019-10-21,7904.625,7910.5,7894,66,0.7037037037037037037037037037,2019
0.05,true,NQM9,prior_rth,true,a6d0cacabcea6314cfb0,R01,2019-04-18,7701.875,7706.25,7686.5,79,0.7022371807562858839833696298,2019
0.05,true,NQM9,prior_rth,true,a6d0cacabcea6314cfb0,R02,2019-04-18,7701.875,7706.25,7686.5,79,0.7022371807562858839833696298,2019
0.2,true,NQU9,opening_hour_rth,true,a6e56aa59d6e3ef55b38,R05,2019-07-19,7949.75,7959.5,7939.5,40,0.7104430379746835443037974684,2019
0.05,true,NQU9,midnight,true,a6fbf4e882a4b58268e3,R04,2019-08-07,7551.875,7568.75,7480.25,354,0.700494764699114026003912093,2019
0.1,true,NQU9,prior_rth,true,a715c677b1e3ba42dcad,R01,2019-07-31,7963.875,7973,7958.25,59,0.700102145045965270684371808,2019
0.1,true,NQU9,prior_rth,true,a715c677b1e3ba42dcad,R02,2019-07-31,7963.875,7973,7958.25,59,0.700102145045965270684371808,2019
0.1,true,NQH0,prior_rth,true,a71cb9c0e0a9513dbf37,R01,2019-12-17,8610.625,8615,8603.5,46,0.7034364261168384879725085911,2019
0.1,true,NQH0,prior_rth,true,a71cb9c0e0a9513dbf37,R02,2019-12-17,8610.625,8615,8603.5,46,0.7034364261168384879725085911,2019
0.05,true,NQM9,full_overnight,true,a74145cf9ce851a1d992,R03,2019-05-30,7233.125,7242.75,7216.25,106,0.7004206262657734849665056862,2019
0.1,true,NQM9,opening_hour_rth,true,a7644403034154f35a78,R05,2019-05-29,7227.875,7238.5,7220,74,0.7014188772362739049969154843,2019
0.1,true,NQH9,full_overnight,true,a787cd0005ac35e5b64a,R03,2019-02-22,7026.125,7060.75,7019.25,166,0.7036077705827937095282146161,2019
0.1,true,NQU9,midnight,true,a7bb47fccb040bb694b2,R04,2019-07-29,8025.625,8030.5,8012.75,71,0.7033333333333333333333333333,2019
0.2,true,NQU9,opening_hour_rth,true,a7d2a3c326fddaa790b1,R05,2019-08-16,7569.5,7580,7565,15,0.7178423236514522821576763485,2019
0.2,true,NQZ9,prior_rth,true,a7f41acad63a0de37a3b,R01,2019-12-13,8441.25,8467.5,8419,97,0.7009876543209876543209876543,2019
0.2,true,NQZ9,prior_rth,true,a7f41acad63a0de37a3b,R02,2019-12-13,8441.25,8467.5,8419,97,0.7009876543209876543209876543,2019
0.2,true,NQM9,prior_rth,true,a80384a42df6ef7b6bed,R01,2019-05-09,7646.875,7672.5,7637.5,28,0.7071227741330834114339268978,2019
0.2,true,NQM9,prior_rth,true,a80384a42df6ef7b6bed,R02,2019-05-09,7646.875,7672.5,7637.5,28,0.7071227741330834114339268978,2019
0.2,true,NQU9,prior_rth,true,a82538a2eb631f638720,R01,2019-08-22,7745.75,7756,7734.5,43,0.7063253012048192771084337349,2019
0.2,true,NQU9,prior_rth,true,a82538a2eb631f638720,R02,2019-08-22,7745.75,7756,7734.5,43,0.7063253012048192771084337349,2019
0.1,true,NQZ9,full_overnight,true,a828ef692ba5d40c756a,R03,2019-11-12,8255.375,8268.25,8245,93,0.7068811438784629133154602324,2019
0.1,true,NQM9,midnight,true,a830f4233f0292811328,R04,2019-04-12,7647.125,7659.25,7634.75,98,0.7007174581482746839767680219,2019
0.2,true,NQH0,opening_hour_rth,true,a83d35841be89e4c623c,R05,2019-12-23,8728.125,8730.5,8724,26,0.7089552238805970149253731343,2019
0.2,true,NQM9,midnight,true,a85ed6428d216cadcace,R04,2019-04-03,7564.875,7571,7562,36,0.7098700386371619248331577099,2019
0.1,true,NQH9,opening_hour_rth,true,a8b310b6220256c7b24b,R05,2019-02-12,6993.375,6997.25,6977,81,0.7001003009027081243731193581,2019
0.1,true,NQM9,prior_rth,true,a8d3ca64a902b3e35abe,R01,2019-03-29,7341.375,7351.25,7317,137,0.7006090894893018897391847571,2019
0.1,true,NQM9,prior_rth,true,a8d3ca64a902b3e35abe,R02,2019-03-29,7341.375,7351.25,7317,137,0.7006090894893018897391847571,2019
0.1,true,NQH9,midnight,true,a8d815614bf71d6dbf51,R04,2019-01-25,6736.375,6743.5,6725.75,71,0.7031725336810082572794437201,2019
0.05,true,NQH9,opening_hour_rth,true,a90972147917c8b41274,R05,2019-02-26,7131.625,7136,7110,104,0.7016337059329320722269991402,2019
0.2,true,NQM9,midnight,true,a91ec3fef8c35952debf,R04,2019-04-25,7856.625,7870.75,7851.5,77,0.7062168309325246398786959818,2019
0.05,true,NQH0,midnight,true,a91fe6cbad53fd5c6f87,R04,2019-12-20,8670.125,8682,8665.75,65,0.7026672496720594665500655881,2019
0.2,true,NQH9,midnight,true,a945a0ccb8c4aa512a3f,R04,2019-01-10,6565.375,6571.75,6558.75,52,0.7042408665320359831099687902,2019
0.1,true,NQZ9,full_overnight,true,a94ab20311b0104301ac,R03,2019-11-11,8221.875,8234.25,8215.75,74,0.7018593716606112417183158795,2019
0.05,true,NQU9,prior_rth,true,a98bcdb6eafaf0a8ae4f,R01,2019-09-10,7868.625,7878.25,7821.25,228,0.7017381656804733727810650888,2019
0.05,true,NQU9,prior_rth,true,a98bcdb6eafaf0a8ae4f,R02,2019-09-10,7868.625,7878.25,7821.25,228,0.7017381656804733727810650888,2019
0.2,true,NQH0,full_overnight,true,a98d83d75538db5f1e90,R03,2019-12-17,8608.125,8613.25,8596.5,67,0.704225352112676056338028169,2019
0.1,true,NQU9,full_overnight,true,a9c1465573af4da08160,R03,2019-08-27,7593.375,7599.75,7558.75,164,0.7018915267322910635012545841,2019
0.2,true,NQM9,midnight,true,a9f1b06adf011ed10210,R04,2019-03-29,7369.625,7383.75,7363.75,80,0.7081507449605609114811568799,2019
0.2,true,NQZ9,full_overnight,true,aa02cc5c3ac9046f93df,R03,2019-10-09,7697.75,7712,7634.5,155,0.7021499737808075511274252753,2019
0.2,true,NQZ9,full_overnight,true,aa1704b6e3c3d316476c,R03,2019-12-04,8253.875,8295.5,8220.5,300,0.7063625761306207075288324478,2019
0.05,true,NQH9,full_overnight,true,aa4b2d39f772f9a25389,R03,2019-01-11,6615.375,6624.25,6606.75,70,0.7038077841787269917099901644,2019
0.05,true,NQH9,full_overnight,true,aa5c8ffa1966ca045911,R03,2019-01-16,6684.875,6689.25,6677.5,47,0.70080468178493050475493782,2019
0.05,true,NQZ9,prior_rth,true,aa8133343d295d4579d4,R01,2019-09-25,7729.875,7795,7701.75,373,0.7013816202637638685367385388,2019
0.05,true,NQZ9,prior_rth,true,aa8133343d295d4579d4,R02,2019-09-25,7729.875,7795,7701.75,373,0.7013816202637638685367385388,2019
0.2,true,NQH9,full_overnight,true,aaa0fc7d9af8ce444f51,R03,2019-03-01,7155.125,7158,7137,84,0.7013274336283185840707964602,2019
0.2,true,NQH0,midnight,true,aaa6d4b4981b1a9c9bb5,R04,2019-12-27,8826.375,8835.75,8822,55,0.7179727827311121539183481933,2019
0.05,true,NQU9,full_overnight,true,aab7d1505754850ff98a,R03,2019-09-10,7807.625,7828.75,7793,143,0.7010475423045930701047542305,2019
0.2,true,NQM9,full_overnight,true,aac8253f6eaca45b5c3c,R03,2019-03-21,7412.75,7435,7400.5,69,0.7011124121779859484777517564,2019
0.1,true,NQZ9,midnight,true,aac97e56958bce84d833,R04,2019-11-05,8237.125,8241,8234,28,0.712486883525708289611752361,2019
0.1,true,NQU9,full_overnight,true,aacc47f93c9ab6b4b0cf,R03,2019-06-20,7759.375,7820,7749.5,282,0.7002986012887002986012887003,2019
0.1,true,NQU9,opening_hour_rth,true,aacddb2a39879c5ac238,R05,2019-07-29,7968.125,7992.5,7951.75,163,0.7016478751084128360797918474,2019
0.2,true,NQH9,prior_rth,true,aae0d1c15fda0b6f647c,R01,2019-01-24,6642.25,6669.5,6610,119,0.7007109004739336492890995261,2019
0.2,true,NQH9,prior_rth,true,aae0d1c15fda0b6f647c,R02,2019-01-24,6642.25,6669.5,6610,119,0.7007109004739336492890995261,2019
0.2,true,NQH9,opening_hour_rth,true,ab0990ad565797288d7c,R05,2019-03-08,6955.875,6966.75,6947.25,26,0.7101449275362318840579710145,2019
0.1,true,NQH9,midnight,true,ab1ad677c96524a98af6,R04,2019-02-21,7085.375,7108,7069.5,154,0.7014112404060410992820004952,2019
0.05,true,NQM9,full_overnight,true,ab223e63ccf73cd99921,R03,2019-05-23,7385.375,7398,7339.5,234,0.7029611706417790067980182049,2019
0.1,true,NQH9,full_overnight,true,ab234d0766154611715d,R03,2019-02-04,6883.875,6888.75,6873,63,0.7056795499909272364362184721,2019
0.05,true,NQM9,full_overnight,true,ab4c75748a0c6a1cad0a,R03,2019-05-06,7692.625,7720.25,7684.75,142,0.7014774044032444959443800695,2019
0.05,true,NQH0,opening_hour_rth,true,ab5c804d3c892be696c3,R05,2019-12-23,8728.125,8730.5,8724,26,0.7089552238805970149253731343,2019
0.2,true,NQH9,opening_hour_rth,true,ab639aa16488b9476c49,R05,2019-02-15,7057.875,7063.5,7041.75,29,0.7356521739130434782608695652,2019
0.1,true,NQU9,midnight,true,ab654d5d0f48b97f238d,R04,2019-08-05,7569.875,7599,7551,192,0.7008041627246925260170293283,2019
0.05,true,NQZ9,full_overnight,true,ab74fd04d66e3ef0acc8,R03,2019-10-09,7697.625,7712,7634.75,309,0.7025286485462638507434416138,2019
0.1,true,NQZ9,full_overnight,true,abc169e4ba57b2a47c33,R03,2019-10-01,7812.375,7820.25,7793.75,106,0.7033753305335199875563851299,2019
0.05,true,NQM9,prior_rth,true,abcd05cd12f06dc4874a,R01,2019-03-19,7349.375,7361.5,7330.5,124,0.7035175879396984924623115578,2019
0.05,true,NQM9,prior_rth,true,abcd05cd12f06dc4874a,R02,2019-03-19,7349.375,7361.5,7330.5,124,0.7035175879396984924623115578,2019
0.1,true,NQU9,opening_hour_rth,true,abd05ad7e3227e507dda,R05,2019-08-22,7760.125,7772.75,7739.75,132,0.7008486562942008486562942008,2019
0.1,true,NQU9,prior_rth,true,abe97c95d33689a6b662,R01,2019-06-26,7687.125,7728.25,7637,365,0.7012966965112689101574560049,2019
0.1,true,NQU9,prior_rth,true,abe97c95d33689a6b662,R02,2019-06-26,7687.125,7728.25,7637,365,0.7012966965112689101574560049,2019
0.2,true,NQU9,opening_hour_rth,true,abf85eab235d0808a93a,R05,2019-08-23,7667.5,7689,7657,32,0.700617283950617283950617284,2019
0.2,true,NQH9,opening_hour_rth,true,ac0e93cce05952d3fef3,R05,2019-01-28,6676.125,6682.5,6661.5,28,0.7,2019
0.05,true,NQZ9,prior_rth,true,ac116d4da36ffd2d7f86,R01,2019-11-27,8393.375,8398.5,8383.5,60,0.7000917150718434729440538062,2019
0.05,true,NQZ9,prior_rth,true,ac116d4da36ffd2d7f86,R02,2019-11-27,8393.375,8398.5,8383.5,60,0.7000917150718434729440538062,2019
0.1,true,NQZ9,opening_hour_rth,true,ac1a958e5a6bafcf41b8,R05,2019-12-06,8385.375,8388.5,8377,46,0.7018442622950819672131147541,2019
0.05,true,NQU9,midnight,true,ac2bba7924a6a9f4a4b9,R04,2019-07-18,7851.125,7874.25,7845.75,114,0.704205069124423963133640553,2019
0.2,true,NQH0,prior_rth,true,ac30290cc967aff459b0,R01,2019-12-17,8610.625,8615,8603.5,46,0.7034364261168384879725085911,2019
0.2,true,NQH0,prior_rth,true,ac30290cc967aff459b0,R02,2019-12-17,8610.625,8615,8603.5,46,0.7034364261168384879725085911,2019
0.2,true,NQH9,opening_hour_rth,true,ac4118405b67c6b440dd,R05,2019-02-04,6906.125,6908.75,6877.75,124,0.7018413597733711048158640227,2019
0.1,true,NQM9,opening_hour_rth,true,ac44a3b4427d01b14ac8,R05,2019-04-17,7688.375,7718,7681,148,0.7016769638128861429832303619,2019
0.05,true,NQH9,midnight,true,ac59f48e4ab6a0a77a13,R04,2019-02-14,7044.125,7050.5,7027.75,91,0.7030832726389900461277008983,2019
0.05,true,NQH9,prior_rth,true,ac6402e9573058b3ee68,R01,2019-01-17,6688.125,6703.75,6681.75,88,0.7035435035767759108301447347,2019
0.05,true,NQH9,prior_rth,true,ac6402e9573058b3ee68,R02,2019-01-17,6688.125,6703.75,6681.75,88,0.7035435035767759108301447347,2019
0.1,true,NQH9,full_overnight,true,ac790320b35fe14d38c6,R03,2019-01-08,6523.125,6537,6503.25,135,0.7003535987224820349036158321,2019
0.2,true,NQM9,prior_rth,true,aca72078f0921e3e72b2,R01,2019-05-03,7726.75,7746,7691,110,0.7005237986791163744021862901,2019
0.2,true,NQM9,prior_rth,true,aca72078f0921e3e72b2,R02,2019-05-03,7726.75,7746,7691,110,0.7005237986791163744021862901,2019
0.05,true,NQU9,opening_hour_rth,true,ace1343f80e705f0821d,R05,2019-09-03,7611.125,7657,7601,224,0.7036535859269282814614343708,2019
0.2,true,NQZ9,opening_hour_rth,true,acfc6e1ce5382087bef9,R05,2019-10-21,7911.375,7924.25,7905.75,74,0.7015384615384615384615384615,2019
0.05,true,NQM9,opening_hour_rth,true,acfed98ac496cefe6e9b,R05,2019-06-10,7509.125,7528,7491.25,147,0.7018716577540106951871657754,2019
0.05,true,NQM9,prior_rth,true,ad107a03f785ac88501c,R01,2019-04-26,7843.625,7856.75,7832.5,97,0.7011002444987775061124694377,2019
0.05,true,NQM9,prior_rth,true,ad107a03f785ac88501c,R02,2019-04-26,7843.625,7856.75,7832.5,97,0.7011002444987775061124694377,2019
0.1,true,NQH9,midnight,true,ad1782a19ca10f7e5865,R04,2019-01-14,6546.875,6556,6538.75,69,0.7051756007393715341959334566,2019
0.05,true,NQZ9,full_overnight,true,ad4ec4295d5119e10058,R03,2019-11-18,8314.125,8338.75,8306.75,128,0.703256194962113454843334016,2019
0.2,true,NQU9,midnight,true,ad967c6d06ad8986db84,R04,2019-06-25,7736.375,7747.5,7726.25,85,0.7054461774482229608795704423,2019
0.05,true,NQU9,opening_hour_rth,true,ad9e2b8e0fcce5c1e770,R05,2019-07-05,7810.125,7830.5,7806.25,97,0.7072037180480247869868319132,2019
0.1,true,NQH9,midnight,true,adab7bc1b2dc5a6f65ab,R04,2019-01-17,6639.375,6647,6623,96,0.7035915188230203375162267417,2019
0.1,true,NQM9,opening_hour_rth,true,adbeb05e6cbd4df27af4,R05,2019-04-15,7653.375,7658.5,7637.5,84,0.7051129607609988109393579073,2019
0.1,true,NQH9,opening_hour_rth,true,adc787c74bb98e185ec7,R05,2019-01-17,6682.125,6692,6666.75,101,0.7061818181818181818181818182,2019
0.2,true,NQU9,prior_rth,true,addb2ba48149c95d2f18,R01,2019-06-19,7679.25,7702.5,7665,75,0.707530647985989492119089317,2019
0.2,true,NQU9,prior_rth,true,addb2ba48149c95d2f18,R02,2019-06-19,7679.25,7702.5,7665,75,0.707530647985989492119089317,2019
0.2,true,NQU9,midnight,true,addb87b3e702ab472798,R04,2019-08-07,7551.75,7569,7480,178,0.7067847882454624027657735523,2019
0.05,true,NQH9,opening_hour_rth,true,adf3560042e5bfcfdc4a,R05,2019-02-20,7090.875,7094,7084,40,0.706986444212721584984358707,2019
0.1,true,NQU9,midnight,true,ae0aa1d28fccbaa3d8bc,R04,2019-08-12,7612.625,7660.75,7584,307,0.7000827357970215113072255929,2019
0.2,true,NQM9,prior_rth,true,ae165421c20cd4da8248,R01,2019-05-22,7465.25,7476.5,7452,49,0.7035206917850525015441630636,2019
0.2,true,NQM9,prior_rth,true,ae165421c20cd4da8248,R02,2019-05-22,7465.25,7476.5,7452,49,0.7035206917850525015441630636,2019
0.2,true,NQH9,opening_hour_rth,true,ae38efd5ce20948c17e9,R05,2019-02-19,7069.375,7075.5,7061.5,56,0.7076142131979695431472081218,2019
0.05,true,NQZ9,prior_rth,true,ae8dd4feb0f0e0be01f0,R01,2019-10-30,8066.875,8087.75,8059.5,113,0.7014772260976610586787033238,2019
0.05,true,NQZ9,prior_rth,true,ae8dd4feb0f0e0be01f0,R02,2019-10-30,8066.875,8087.75,8059.5,113,0.7014772260976610586787033238,2019
0.2,true,NQU9,prior_rth,true,aeb0e2e3576ce0893f8e,R01,2019-06-28,7691.25,7695.5,7684.5,22,0.7072978303747534516765285996,2019
0.2,true,NQU9,prior_rth,true,aeb0e2e3576ce0893f8e,R02,2019-06-28,7691.25,7695.5,7684.5,22,0.7072978303747534516765285996,2019
0.1,true,NQM9,opening_hour_rth,true,aed6cf05ecb14b5bd2a8,R05,2019-04-01,7467.625,7473.25,7456.25,68,0.7054747054747054747054747055,2019
0.1,true,NQU9,opening_hour_rth,true,af54882bdc66fdca0d06,R05,2019-07-24,7972.875,7977,7963.75,53,0.7016361886429258902791145332,2019
0.1,true,NQH9,midnight,true,af598cbd0df4f119b290,R04,2019-01-24,6694.125,6702,6676.25,103,0.7046455746896275530636764117,2019
0.2,true,NQZ9,opening_hour_rth,true,af6d6b62432093bee9d5,R05,2019-10-25,7964.75,7981,7949.5,63,0.7075630252100840336134453782,2019
0.2,true,NQU9,prior_rth,true,af73fbf15247a87348df,R01,2019-09-03,7678.75,7705.5,7646,119,0.7036609974055923897376765639,2019
0.2,true,NQU9,prior_rth,true,af73fbf15247a87348df,R02,2019-09-03,7678.75,7705.5,7646,119,0.7036609974055923897376765639,2019
0.1,true,NQM9,prior_rth,true,af77b420a92462f42db1,R01,2019-05-22,7465.125,7471.75,7447.25,98,0.7012516469038208168642951252,2019
0.1,true,NQM9,prior_rth,true,af77b420a92462f42db1,R02,2019-05-22,7465.125,7471.75,7447.25,98,0.7012516469038208168642951252,2019
0.2,true,NQU9,prior_rth,true,afa594642ea548db70fc,R01,2019-09-13,7949.75,7959,7930.5,57,0.7008162116521249648184632705,2019
0.2,true,NQU9,prior_rth,true,afa594642ea548db70fc,R02,2019-09-13,7949.75,7959,7930.5,57,0.7008162116521249648184632705,2019
0.1,true,NQU9,prior_rth,true,afb30409ab5fd19a1cb7,R01,2019-09-05,7713.625,7718.25,7683.75,138,0.7005359535506922733363108531,2019
0.1,true,NQU9,prior_rth,true,afb30409ab5fd19a1cb7,R02,2019-09-05,7713.625,7718.25,7683.75,138,0.7005359535506922733363108531,2019
0.2,true,NQM9,prior_rth,true,afbc6e2225e0a6b72187,R01,2019-04-29,7813.25,7820.5,7784,73,0.7041011881947106170946722882,2019
0.2,true,NQM9,prior_rth,true,afbc6e2225e0a6b72187,R02,2019-04-29,7813.25,7820.5,7784,73,0.7041011881947106170946722882,2019
0.1,true,NQH0,prior_rth,true,afc210b4963addc7f57c,R01,2019-12-30,8803.875,8813,8788.75,97,0.7029005150447275684467335321,2019
0.1,true,NQH0,prior_rth,true,afc210b4963addc7f57c,R02,2019-12-30,8803.875,8813,8788.75,97,0.7029005150447275684467335321,2019
0.1,true,NQZ9,full_overnight,true,afdcdc18f8c1dc7b9e57,R03,2019-09-20,7933.875,7939,7925.25,55,0.7040201980967178092833559915,2019
0.2,true,NQM9,midnight,true,b03d0380ea8301eb1717,R04,2019-05-23,7342.875,7367.5,7334,134,0.7010931636482297275248817099,2019
0.05,true,NQM9,prior_rth,true,b06e504c00b06e9b74c9,R01,2019-06-10,7430.125,7440.5,7417.5,92,0.7003716320842366057602973057,2019
0.05,true,NQM9,prior_rth,true,b06e504c00b06e9b74c9,R02,2019-06-10,7430.125,7440.5,7417.5,92,0.7003716320842366057602973057,2019
0.05,true,NQZ9,opening_hour_rth,true,b07a76dd1e8620718271,R05,2019-09-26,7779.875,7786.5,7767.5,76,0.7019290603609209707529558183,2019
0.1,true,NQM9,prior_rth,true,b07c70c0c6dfb7bce439,R01,2019-04-04,7566.375,7593.5,7546,190,0.7006272982911529309971879732,2019
0.1,true,NQM9,prior_rth,true,b07c70c0c6dfb7bce439,R02,2019-04-04,7566.375,7593.5,7546,190,0.7006272982911529309971879732,2019
0.1,true,NQZ9,prior_rth,true,b082cce3ca3ac619746f,R01,2019-10-15,7857.375,7869,7855,56,0.7074361820199778024417314095,2019
0.1,true,NQZ9,prior_rth,true,b082cce3ca3ac619746f,R02,2019-10-15,7857.375,7869,7855,56,0.7074361820199778024417314095,2019
0.2,true,NQM9,prior_rth,true,b084029ee4692e38454b,R01,2019-04-22,7699.75,7713,7688,50,0.7108664432742939205361416946,2019
0.2,true,NQM9,prior_rth,true,b084029ee4692e38454b,R02,2019-04-22,7699.75,7713,7688,50,0.7108664432742939205361416946,2019
0.05,true,NQZ9,midnight,true,b0a2cc38c9c76c9ded32,R04,2019-12-10,8322.625,8365.25,8300.25,260,0.7025411061285500747384155456,2019
0.05,true,NQU9,midnight,true,b0a7bcdb5c6e2e8a42ac,R04,2019-08-13,7540.875,7560.75,7532,115,0.7006709741550695825049701789,2019
0.2,true,NQZ9,prior_rth,true,b0abdcfeb338a7207fd4,R01,2019-10-30,8066.875,8087.75,8059.5,113,0.7014772260976610586787033238,2019
0.2,true,NQZ9,prior_rth,true,b0abdcfeb338a7207fd4,R02,2019-10-30,8066.875,8087.75,8059.5,113,0.7014772260976610586787033238,2019
0.1,true,NQH9,midnight,true,b0b017ab2d3bba6d7893,R04,2019-02-27,7101.125,7104.5,7094.75,39,0.7070824832410375983678227922,2019
0.1,true,NQH9,midnight,true,b0c5d12fab96bc43589c,R04,2019-02-11,6952.375,6968.5,6934.5,136,0.7000247708694575179588803567,2019
0.05,true,NQU9,opening_hour_rth,true,b0d31ccac7aea2eb367b,R05,2019-08-15,7509.25,7523,7499,48,0.7026683608640406607369758577,2019
0.2,true,NQZ9,opening_hour_rth,true,b0e604d95a12287c89f4,R05,2019-11-08,8213.125,8223.25,8200.25,92,0.7030497592295345104333868379,2019
0.1,true,NQU9,prior_rth,true,b100fff2aeb27273e379,R01,2019-07-12,7912.125,7942,7897,180,0.7018760195758564437194127243,2019
0.1,true,NQU9,prior_rth,true,b100fff2aeb27273e379,R02,2019-07-12,7912.125,7942,7897,180,0.7018760195758564437194127243,2019
0.05,true,NQZ9,prior_rth,true,b10b2be7a5cd81cdeb41,R01,2019-10-09,7647.375,7681.75,7641.25,162,0.7023683654049481920067667583,2019
0.05,true,NQZ9,prior_rth,true,b10b2be7a5cd81cdeb41,R02,2019-10-09,7647.375,7681.75,7641.25,162,0.7023683654049481920067667583,2019
0.2,true,NQU9,midnight,true,b11b59be77f3e7440086,R04,2019-07-25,8021.375,8027,8009.75,69,0.7039137833238797504254112309,2019
0.05,true,NQU9,full_overnight,true,b131e7ffa2302d02e288,R03,2019-08-20,7732.875,7745.75,7722.25,94,0.7042490534286916281026503997,2019
0.1,true,NQM9,full_overnight,true,b144d2e2f0a318d58c7b,R03,2019-04-03,7564.875,7573,7557.5,62,0.7025,2019
0.2,true,NQH9,full_overnight,true,b1497b68f01dd7efb97a,R03,2019-03-05,7143.625,7155.5,7137.25,73,0.7002038169353344450620715212,2019
0.2,true,NQZ9,opening_hour_rth,true,b152f6647ced82e82362,R05,2019-12-09,8420.875,8425.25,8414.25,44,0.7054361567635903919089759798,2019
0.2,true,NQZ9,midnight,true,b154cdfbe74a9277104a,R04,2019-11-07,8247.375,8256.5,8241.5,60,0.7008568548387096774193548387,2019
0.2,true,NQZ9,opening_hour_rth,true,b17a7b9b309607a1455c,R05,2019-10-03,7573.75,7583.5,7505.5,156,0.7025641025641025641025641026,2019
0.1,true,NQH9,prior_rth,true,b18d1391906b01336164,R01,2019-03-04,7152.125,7158,7126,128,0.7038867670186474949449561896,2019
0.1,true,NQH9,prior_rth,true,b18d1391906b01336164,R02,2019-03-04,7152.125,7158,7126,128,0.7038867670186474949449561896,2019
0.05,true,NQU9,midnight,true,b18eb26bb7407a265ad4,R04,2019-06-25,7736.375,7747.5,7726.25,85,0.7054461774482229608795704423,2019
0.05,true,NQZ9,full_overnight,true,b19bee3c7d8cb4f040a6,R03,2019-10-03,7559.125,7576,7553.75,89,0.7004114335210047639670853183,2019
0.1,true,NQU9,full_overnight,true,b1a80dab3973e4bdbf45,R03,2019-07-18,7851.125,7873.25,7845,113,0.7073214932946719826023921711,2019
0.2,true,NQM9,midnight,true,b1c647babcb73ff1754b,R04,2019-06-03,7094.125,7106.5,7079.5,108,0.7020212544280058345488643467,2019
0.2,true,NQZ9,full_overnight,true,b1d6d87a75af563b2111,R03,2019-09-18,7902.875,7908.75,7899,39,0.7080494574817057784506686853,2019
0.05,true,NQM9,opening_hour_rth,true,b1d7c63f3246e02f66dc,R05,2019-04-26,7782.375,7796.25,7768,113,0.7006097560975609756097560976,2019
0.1,true,NQM9,opening_hour_rth,true,b1db63c5b64b9791065c,R05,2019-04-26,7782.375,7796.25,7768,113,0.7006097560975609756097560976,2019
0.05,true,NQZ9,opening_hour_rth,true,b1f317c368d8226a0a2d,R05,2019-09-19,7961.875,7965,7950,60,0.7002583979328165374677002584,2019
0.1,true,NQH9,opening_hour_rth,true,b20a784205cf2ef6105e,R05,2019-01-24,6686.625,6703.5,6679,98,0.7019064124783362218370883882,2019
0.2,true,NQM9,midnight,true,b217e5e9732768b9629a,R04,2019-04-15,7646.125,7651.25,7644,29,0.7172602739726027397260273973,2019
0.2,true,NQZ9,midnight,true,b2376d9d2bc0efc0a759,R04,2019-10-03,7559.125,7580.25,7556.25,96,0.7054225696140693698094772838,2019
0.1,true,NQH9,midnight,true,b23bb0f2663117e732ce,R04,2019-01-22,6741.375,6747,6730.75,65,0.7010983263598326359832635983,2019
0.1,true,NQZ9,midnight,true,b2416325540746286fd6,R04,2019-11-04,8187.375,8210.5,8183.25,109,0.7060919130744567153544709654,2019
0.05,true,NQZ9,prior_rth,true,b27cff07cd8dc434bf0e,R01,2019-11-11,8231.375,8248.5,8220.75,111,0.700617283950617283950617284,2019
0.05,true,NQZ9,prior_rth,true,b27cff07cd8dc434bf0e,R02,2019-11-11,8231.375,8248.5,8220.75,111,0.700617283950617283950617284,2019
0.05,true,NQU9,midnight,true,b2b17c2d8ddff0c0bbd1,R04,2019-08-26,7562.375,7596.75,7534,251,0.70087475997439726904203115,2019
0.1,true,NQU9,prior_rth,true,b2bcde005b353fb45dac,R01,2019-08-30,7715.875,7722,7701.25,83,0.7005935754189944134078212291,2019
0.1,true,NQU9,prior_rth,true,b2bcde005b353fb45dac,R02,2019-08-30,7715.875,7722,7701.25,83,0.7005935754189944134078212291,2019
0.1,true,NQU9,prior_rth,true,b2cfdfbc398dd25e1024,R01,2019-08-26,7497.25,7634.5,7447.5,374,0.7009303034924508159219155101,2019
0.1,true,NQU9,prior_rth,true,b2cfdfbc398dd25e1024,R02,2019-08-26,7497.25,7634.5,7447.5,374,0.7009303034924508159219155101,2019
0.2,true,NQZ9,prior_rth,true,b2d627e382d07f9dfb44,R01,2019-11-12,8235.625,8251.25,8231.75,78,0.7021902582543314808761033017,2019
0.2,true,NQZ9,prior_rth,true,b2d627e382d07f9dfb44,R02,2019-11-12,8235.625,8251.25,8231.75,78,0.7021902582543314808761033017,2019
0.1,true,NQH9,prior_rth,true,b2e4ad0d78ee0ded1252,R01,2019-02-07,7003.125,7015.75,6990.25,102,0.7021048876204067070995362112,2019
0.1,true,NQH9,prior_rth,true,b2e4ad0d78ee0ded1252,R02,2019-02-07,7003.125,7015.75,6990.25,102,0.7021048876204067070995362112,2019
0.05,true,NQH9,opening_hour_rth,true,b2e77612e9795d84d3c1,R05,2019-03-01,7151.875,7156,7138.75,69,0.7012765957446808510638297872,2019
0.05,true,NQM9,midnight,true,b2eecef711c71154b685,R04,2019-04-10,7602.375,7607.5,7598.5,36,0.7101449275362318840579710145,2019
0.2,true,NQU9,prior_rth,true,b303c361661d6582abd1,R01,2019-07-09,7796.75,7805.5,7787,37,0.7098555649957519116397621071,2019
0.2,true,NQU9,prior_rth,true,b303c361661d6582abd1,R02,2019-07-09,7796.75,7805.5,7787,37,0.7098555649957519116397621071,2019
0.1,true,NQU9,full_overnight,true,b30dd2e4c2037a330170,R03,2019-08-28,7588.875,7595,7563.25,127,0.7020827044974343495321460912,2019
0.05,true,NQH9,opening_hour_rth,true,b314175dbe85318ac8c5,R05,2019-01-24,6686.625,6703.5,6679,98,0.7019064124783362218370883882,2019
0.05,true,NQZ9,midnight,true,b32c5e81becd6e77c857,R04,2019-09-17,7867.625,7879.25,7862,69,0.7005691660480079188319722841,2019
0.2,true,NQZ9,opening_hour_rth,true,b368db181b220c7af90d,R05,2019-10-24,7951.875,7957.5,7929.5,112,0.7041467304625199362041467305,2019
0.2,true,NQH9,full_overnight,true,b36f72e2087051d6e934,R03,2019-02-04,6883.875,6888.75,6873,63,0.7056795499909272364362184721,2019
0.05,true,NQZ9,full_overnight,true,b3749474a2903d4a8781,R03,2019-10-16,7936.875,7947.5,7934,54,0.7062155313757638992398270979,2019
0.05,true,NQH9,opening_hour_rth,true,b39ab412ec1134a7277c,R05,2019-02-28,7097.625,7110.5,7089,86,0.7004081632653061224489795918,2019
0.1,true,NQU9,midnight,true,b39bfe2cf3d46c5b0eb1,R04,2019-08-30,7755.125,7768.75,7722,187,0.7007718187215515535325549179,2019
0.05,true,NQU9,prior_rth,true,b3a93ef2775bebca4917,R01,2019-08-29,7588.625,7598.25,7560.25,152,0.7009454545454545454545454545,2019
0.05,true,NQU9,prior_rth,true,b3a93ef2775bebca4917,R02,2019-08-29,7588.625,7598.25,7560.25,152,0.7009454545454545454545454545,2019
0.05,true,NQU9,opening_hour_rth,true,b3d5c1662733a5e31b3c,R05,2019-08-02,7732.25,7758,7714,88,0.7021755438859714928732183046,2019
0.05,true,NQM9,opening_hour_rth,true,b3f8054806691723488d,R05,2019-03-11,7130.125,7134.5,7110,98,0.7013953488372093023255813953,2019
0.05,true,NQU9,prior_rth,true,b40ff2b7389954145bd2,R01,2019-07-19,7890.625,7901,7849,208,0.7020574534161490683229813665,2019
0.05,true,NQU9,prior_rth,true,b40ff2b7389954145bd2,R02,2019-07-19,7890.625,7901,7849,208,0.7020574534161490683229813665,2019
0.1,true,NQZ9,midnight,true,b42fc0b16daa5aac970d,R04,2019-10-08,7694.375,7740.25,7665.5,299,0.7034892138410308382800057912,2019
0.05,true,NQM9,midnight,true,b430402047f6c759fd61,R04,2019-05-30,7244.125,7250.25,7235.75,58,0.7027632561613144137415982076,2019
0.1,true,NQZ9,opening_hour_rth,true,b4324c7802e4fdeeca66,R05,2019-09-17,7876.875,7884.25,7870.5,55,0.7024981074943224829674489023,2019
0.2,true,NQH9,midnight,true,b442d1b970d72d7742be,R04,2019-01-30,6677.125,6695,6669.25,103,0.7011863568956994562530894711,2019
0.05,true,NQH9,prior_rth,true,b45f038c7bd195949868,R01,2019-02-25,7087.375,7090.75,7065.5,101,0.7053611994547932757837346661,2019
0.05,true,NQH9,prior_rth,true,b45f038c7bd195949868,R02,2019-02-25,7087.375,7090.75,7065.5,101,0.7053611994547932757837346661,2019
0.2,true,NQZ9,midnight,true,b46e3a29860b4d5c208e,R04,2019-11-27,8418.375,8421.5,8410.75,43,0.7012391005048187241854061496,2019
0.2,true,NQM9,prior_rth,true,b4a33e754a831afb7946,R01,2019-06-13,7475.25,7485.5,7468,35,0.7055904730400264637777042673,2019
0.2,true,NQM9,prior_rth,true,b4a33e754a831afb7946,R02,2019-06-13,7475.25,7485.5,7468,35,0.7055904730400264637777042673,2019
0.05,true,NQU9,opening_hour_rth,true,b4b0d346bdb38e96eadf,R05,2019-08-01,7917.375,7948.75,7909,159,0.7004490057729313662604233483,2019
0.1,true,NQU9,opening_hour_rth,true,b4b0dd9be067f84cd135,R05,2019-08-29,7710.375,7717.5,7700,70,0.7031363967906637490882567469,2019
0.1,true,NQM9,midnight,true,b4bac0b59e90aad4a94a,R04,2019-05-13,7481.625,7504.5,7414,362,0.7040266328471781864299302473,2019
0.1,true,NQU9,midnight,true,b4c6b457a528338a7162,R04,2019-06-20,7795.875,7817.5,7776.5,164,0.7040816326530612244897959184,2019
0.05,true,NQM9,opening_hour_rth,true,b4f58c05c68a55bbdb08,R05,2019-05-30,7257.375,7263,7252.75,41,0.7010221465076660988074957411,2019
0.05,true,NQM9,prior_rth,true,b4f99902943c020eeb9b,R01,2019-04-16,7624.625,7650.5,7616.5,136,0.7010836845273931366646598435,2019
0.05,true,NQM9,prior_rth,true,b4f99902943c020eeb9b,R02,2019-04-16,7624.625,7650.5,7616.5,136,0.7010836845273931366646598435,2019
0.1,true,NQH9,full_overnight,true,b51fd803900f80ccd4fc,R03,2019-01-31,6864.375,6871,6853,72,0.7067878610174461222694619557,2019
0.05,true,NQM9,opening_hour_rth,true,b567da086cb36f2b84ed,R05,2019-05-29,7227.875,7238.5,7220,74,0.7014188772362739049969154843,2019
0.1,true,NQZ9,opening_hour_rth,true,b57b2fc4ec7d3b93ad39,R05,2019-12-11,8389.125,8396,8372.5,94,0.7091152815013404825737265416,2019
0.1,true,NQH9,opening_hour_rth,true,b5836b7789ed4efa5ff4,R05,2019-02-15,7042.625,7059,7037.75,85,0.7086956521739130434782608696,2019
0.1,true,NQH9,full_overnight,true,b63da749cf65e08aa7a8,R03,2019-02-05,6933.375,6951.5,6929.75,87,0.7023337736679876706296785557,2019
0.05,true,NQZ9,prior_rth,true,b67d1c07fe5f44b43d09,R01,2019-11-20,8346.625,8354.75,8338.5,65,0.7036674816625916870415647922,2019
0.05,true,NQZ9,prior_rth,true,b67d1c07fe5f44b43d09,R02,2019-11-20,8346.625,8354.75,8338.5,65,0.7036674816625916870415647922,2019
0.1,true,NQU9,midnight,true,b68397cc5a7b1c0a545d,R04,2019-06-25,7736.375,7747.5,7726.25,85,0.7054461774482229608795704423,2019
0.2,true,NQZ9,midnight,true,b68d5266a66d185d7c90,R04,2019-10-15,7877.625,7895,7870,100,0.7060849598163030998851894374,2019
0.2,true,NQM9,opening_hour_rth,true,b697f158a0b744861d5c,R05,2019-04-04,7590.75,7595.5,7575.5,40,0.7034596375617792421746293245,2019
0.2,true,NQZ9,full_overnight,true,b6b388f5c9338d682284,R03,2019-10-25,7933.75,7939.5,7926,27,0.7216840536512667660208643815,2019
0.1,true,NQM9,opening_hour_rth,true,b6ca84596efb37994fb5,R05,2019-05-20,7393.25,7403.5,7376.5,54,0.7021630615640599001663893511,2019
0.2,true,NQH9,full_overnight,true,b6d4dbaacf96123b7c42,R03,2019-01-11,6615.25,6624.5,6607,35,0.7084163346613545816733067729,2019
0.1,true,NQH9,prior_rth,true,b70eb8bf10b6ac9e5000,R01,2019-01-16,6645.875,6676,6635.5,162,0.7050842403459072610705233338,2019
0.1,true,NQH9,prior_rth,true,b70eb8bf10b6ac9e5000,R02,2019-01-16,6645.875,6676,6635.5,162,0.7050842403459072610705233338,2019
0.2,true,NQH9,prior_rth,true,b73f59030c7b4e3d6492,R01,2019-02-25,7088.25,7090.5,7065.5,50,0.7052675585284280936454849498,2019
0.2,true,NQH9,prior_rth,true,b73f59030c7b4e3d6492,R02,2019-02-25,7088.25,7090.5,7065.5,50,0.7052675585284280936454849498,2019
0.2,true,NQZ9,full_overnight,true,b73fc4a07565b76ac4ed,R03,2019-11-21,8269.75,8288.5,8263,51,0.7017743403093721565059144677,2019
0.2,true,NQM9,full_overnight,true,b74421134a390807d6db,R03,2019-03-15,7295.375,7310.25,7287.25,92,0.7046058458813108945969884854,2019
0.1,true,NQU9,opening_hour_rth,true,b7497f266f5b31a42159,R05,2019-07-26,8022.625,8029,8015.75,53,0.7036741214057507987220447284,2019
0.05,true,NQU9,prior_rth,true,b77d3f501e3f92424dee,R01,2019-07-26,7952.875,7966,7940.5,102,0.7048822336608953361410076431,2019
0.05,true,NQU9,prior_rth,true,b77d3f501e3f92424dee,R02,2019-07-26,7952.875,7966,7940.5,102,0.7048822336608953361410076431,2019
0.1,true,NQU9,midnight,true,b79998b0f81c84df74bf,R04,2019-07-01,7824.125,7833.75,7818.25,62,0.7053291536050156739811912226,2019
0.2,true,NQH9,opening_hour_rth,true,b7aab041dbc8e5ed7b6b,R05,2019-01-29,6688.25,6700.5,6676.5,48,0.7019774011299435028248587571,2019
0.2,true,NQH9,prior_rth,true,b7b17c58ff489416a62f,R01,2019-01-22,6810.375,6823.5,6776.25,63,0.707094728497820055489496631,2019
0.2,true,NQH9,prior_rth,true,b7b17c58ff489416a62f,R02,2019-01-22,6810.375,6823.5,6776.25,63,0.707094728497820055489496631,2019
0.2,true,NQZ9,full_overnight,true,b7e7843f37e4bf58f255,R03,2019-09-25,7708.75,7743,7690.5,105,0.7080513418903150525087514586,2019
0.2,true,NQH0,full_overnight,true,b7f283f7f68f3e2fcecc,R03,2019-12-20,8670.375,8679.5,8667,50,0.7121026894865525672371638142,2019
0.05,true,NQH0,prior_rth,true,b8161f09005154385186,R01,2019-12-17,8610.625,8615,8603.5,46,0.7034364261168384879725085911,2019
0.05,true,NQH0,prior_rth,true,b8161f09005154385186,R02,2019-12-17,8610.625,8615,8603.5,46,0.7034364261168384879725085911,2019
0.2,true,NQH9,full_overnight,true,b837a0131985f1450b52,R03,2019-02-20,7069.125,7075,7063.5,46,0.707957342083675143560295324,2019
0.2,true,NQM9,prior_rth,true,b860d5450f515873befd,R01,2019-05-01,7796.75,7801.5,7777.5,48,0.7068965517241379310344827586,2019
0.2,true,NQM9,prior_rth,true,b860d5450f515873befd,R02,2019-05-01,7796.75,7801.5,7777.5,48,0.7068965517241379310344827586,2019
0.2,true,NQU9,opening_hour_rth,true,b866f0aeca34fc42b1f0,R05,2019-09-04,7687.75,7703.5,7678.5,50,0.7064748201438848920863309353,2019
0.05,true,NQM9,opening_hour_rth,true,b87db2f9e3485c4fd43a,R05,2019-04-08,7575.875,7584,7569.25,59,0.7002749770852428964252978918,2019
0.05,true,NQM9,prior_rth,true,b89423d6540c7804be93,R01,2019-05-21,7394.125,7422.75,7388,139,0.7018687527162103433289873968,2019
0.05,true,NQM9,prior_rth,true,b89423d6540c7804be93,R02,2019-05-21,7394.125,7422.75,7388,139,0.7018687527162103433289873968,2019
0.1,true,NQH9,midnight,true,b8b33bb25415fdc964bb,R04,2019-03-05,7153.875,7160.25,7144.75,62,0.7007551919446192573945877911,2019
0.05,true,NQM9,midnight,true,b8b4281d3551f9b4d2c6,R04,2019-04-25,7856.625,7870.75,7851.5,77,0.7062168309325246398786959818,2019
0.05,true,NQU9,full_overnight,true,b8f3f650706fe16f0592,R03,2019-08-26,7562.375,7623.75,7439,739,0.702679630068769267251600664,2019
0.1,true,NQH9,full_overnight,true,b90ce26bfb8fdb463d55,R03,2019-01-28,6756.875,6773.5,6744,118,0.7009042102288782141847979655,2019
0.1,true,NQU9,opening_hour_rth,true,b92c8e7efc6913adfaf1,R05,2019-07-18,7892.375,7899,7885,56,0.7036409822184589331075359865,2019
0.05,true,NQZ9,opening_hour_rth,true,b92ee97c7ae817cab278,R05,2019-10-31,8095.375,8114,8081,132,0.7005545286506469500924214418,2019
0.1,true,NQH9,midnight,true,b941f36964683924dbec,R04,2019-03-07,7096.125,7102.75,7084,75,0.7026683608640406607369758577,2019
0.05,true,NQZ9,prior_rth,true,b96140c7024b4cfdf720,R01,2019-10-16,7956.125,7966.75,7933.75,132,0.7014229064613949148588756706,2019
0.05,true,NQZ9,prior_rth,true,b96140c7024b4cfdf720,R02,2019-10-16,7956.125,7966.75,7933.75,132,0.7014229064613949148588756706,2019
0.05,true,NQH9,prior_rth,true,b97065f87024ee86059d,R01,2019-01-25,6696.375,6703.25,6678,101,0.7011561539587296941314210449,2019
0.05,true,NQH9,prior_rth,true,b97065f87024ee86059d,R02,2019-01-25,6696.375,6703.25,6678,101,0.7011561539587296941314210449,2019
0.2,true,NQM9,opening_hour_rth,true,b973541d8d97147a6ca2,R05,2019-05-22,7438.875,7452.75,7434.75,24,0.7081174438687392055267702936,2019
0.2,true,NQM9,prior_rth,true,b97647e9b822552c434d,R01,2019-04-30,7853.375,7859.25,7842.25,68,0.7002504870581686612858335653,2019
0.2,true,NQM9,prior_rth,true,b97647e9b822552c434d,R02,2019-04-30,7853.375,7859.25,7842.25,68,0.7002504870581686612858335653,2019
0.2,true,NQZ9,opening_hour_rth,true,b97961d8f439f41a1d7d,R05,2019-12-06,8385.25,8389,8377.5,23,0.70599613152804642166344294,2019
0.1,true,NQM9,full_overnight,true,b97dbd6c1a7a3e102696,R03,2019-05-02,7764.125,7779.25,7759.75,78,0.7030204743563754307723494831,2019
0.1,true,NQH9,opening_hour_rth,true,b984c433c2395e6d38f1,R05,2019-01-03,6220.75,6269,6188.5,161,0.703220858895705521472392638,2019
0.05,true,NQU9,prior_rth,true,b98715b683675041eebe,R01,2019-08-13,7607.125,7625.5,7585.25,161,0.7009792492422476101655397529,2019
0.05,true,NQU9,prior_rth,true,b98715b683675041eebe,R02,2019-08-13,7607.125,7625.5,7585.25,161,0.7009792492422476101655397529,2019
0.05,true,NQZ9,prior_rth,true,b9a5578fd9b13735c107,R01,2019-10-08,7752.875,7777.25,7738.75,154,0.7003342537421886353727655864,2019
0.05,true,NQZ9,prior_rth,true,b9a5578fd9b13735c107,R02,2019-10-08,7752.875,7777.25,7738.75,154,0.7003342537421886353727655864,2019
0.05,true,NQZ9,midnight,true,b9abf966f19202e4031a,R04,2019-09-20,7935.375,7940,7927,52,0.706856478791400348634514817,2019
0.1,true,NQZ9,midnight,true,b9b8ed835c7074e90f0d,R04,2019-11-22,8295.375,8300.25,8290,41,0.7006880733944954128440366972,2019
0.1,true,NQZ9,opening_hour_rth,true,b9cd17d906b6b75376f4,R05,2019-11-20,8328.125,8333.75,8323.75,40,0.7053742802303262955854126679,2019
0.2,true,NQU9,prior_rth,true,ba023e3a8b5bc63460a6,R01,2019-08-12,7666.25,7692.5,7633.5,118,0.7023246650906225374310480693,2019
0.2,true,NQU9,prior_rth,true,ba023e3a8b5bc63460a6,R02,2019-08-12,7666.25,7692.5,7633.5,118,0.7023246650906225374310480693,2019
0.1,true,NQM9,opening_hour_rth,true,ba4839dcb7d84c0d629d,R05,2019-06-14,7473.125,7478,7463.5,58,0.7054886211512717536813922356,2019
0.1,true,NQM9,prior_rth,true,ba57a3e933420785d285,R01,2019-03-14,7301.125,7318.5,7285.5,132,0.7000830220008302200083022001,2019
0.1,true,NQM9,prior_rth,true,ba57a3e933420785d285,R02,2019-03-14,7301.125,7318.5,7285.5,132,0.7000830220008302200083022001,2019
0.1,true,NQM9,prior_rth,true,ba5dce3c1578d324f7f7,R01,2019-05-16,7503.25,7537.5,7468.5,138,0.7008819206271435570798628123,2019
0.1,true,NQM9,prior_rth,true,ba5dce3c1578d324f7f7,R02,2019-05-16,7503.25,7537.5,7468.5,138,0.7008819206271435570798628123,2019
0.1,true,NQZ9,prior_rth,true,ba65fffd24ae0ac6d41f,R01,2019-12-09,8401.375,8404.75,8385,79,0.7015182884748102139406487233,2019
0.1,true,NQZ9,prior_rth,true,ba65fffd24ae0ac6d41f,R02,2019-12-09,8401.375,8404.75,8385,79,0.7015182884748102139406487233,2019
0.05,true,NQU9,opening_hour_rth,true,ba8767092c5e1ce7ae26,R05,2019-07-08,7780.625,7799,7778.5,82,0.7056030389363722697056030389,2019
0.1,true,NQZ9,midnight,true,baa4702352d3fce140d9,R04,2019-12-03,8328.375,8336.5,8259.25,309,0.7001530807500956754688097972,2019
0.2,true,NQM9,prior_rth,true,baaa63d5609bcf38c249,R01,2019-03-29,7341.375,7351.5,7317.75,45,0.7019150707743547044129891757,2019
0.2,true,NQM9,prior_rth,true,baaa63d5609bcf38c249,R02,2019-03-29,7341.375,7351.5,7317.75,45,0.7019150707743547044129891757,2019
0.1,true,NQU9,opening_hour_rth,true,bac3b03feee11b2eb498,R05,2019-08-28,7549.25,7563.5,7524,79,0.7033639143730886850152905199,2019
0.2,true,NQZ9,prior_rth,true,bac5b09a0622354bab2a,R01,2019-11-11,8231.375,8248.5,8220.75,111,0.700617283950617283950617284,2019
0.2,true,NQZ9,prior_rth,true,bac5b09a0622354bab2a,R02,2019-11-11,8231.375,8248.5,8220.75,111,0.700617283950617283950617284,2019
0.05,true,NQH9,opening_hour_rth,true,baec3309b973ac9a4539,R05,2019-02-07,6920.125,6934,6917,68,0.7068381855111712931618144888,2019
0.05,true,NQU9,opening_hour_rth,true,bb12c01b93f81eccf5c5,R05,2019-09-13,7904.375,7909,7891.75,69,0.7059223961878829135466303608,2019
0.2,true,NQZ9,opening_hour_rth,true,bb17ab3e98948ac3f1cf,R05,2019-11-01,8126.25,8152.5,8118,69,0.7090301003344481605351170569,2019
0.2,true,NQU9,midnight,true,bb2408524e131a73add1,R04,2019-07-30,7971.625,7979.5,7929.5,200,0.7001245330012453300124533001,2019
0.2,true,NQU9,midnight,true,bb352f0b5adf58dad09a,R04,2019-08-26,7562.25,7597,7533.5,127,0.7018718404153572892471649132,2019
0.05,true,NQH9,midnight,true,bb37fd0a0105e6ea5977,R04,2019-02-11,6952.375,6968.5,6934.5,136,0.7000247708694575179588803567,2019
0.2,true,NQM9,full_overnight,true,bb53a6c6afe96fdf384d,R03,2019-05-09,7595.75,7611,7561,100,0.7001723147616312464101091327,2019
0.05,true,NQH9,full_overnight,true,bb54455113fb57c7bfb2,R03,2019-03-05,7143.625,7155.5,7137.25,73,0.7002038169353344450620715212,2019
0.05,true,NQZ9,full_overnight,true,bb59e266f6c4cfd4085c,R03,2019-10-21,7904.625,7910.5,7894,66,0.7037037037037037037037037037,2019
0.2,true,NQU9,midnight,true,bb5f369d82781e6e6a1b,R04,2019-09-04,7692.875,7718.75,7686.5,129,0.7000178667143112381633017688,2019
0.2,true,NQH0,full_overnight,true,bb747cd48b38d28dbe08,R03,2019-12-19,8619.875,8622.5,8613.5,36,0.7104072398190045248868778281,2019
0.05,true,NQZ9,midnight,true,bb94eec0e5d4aa1c345c,R04,2019-12-11,8363.625,8377.25,8357.5,79,0.7072567344694887300714678395,2019
0.05,true,NQM9,opening_hour_rth,true,bb9927eed7831c0db5f9,R05,2019-03-25,7308.125,7327.75,7298,119,0.7016423357664233576642335766,2019
0.05,true,NQZ9,opening_hour_rth,true,bbd04a2b4587930fe2c1,R05,2019-12-02,8311.375,8361.25,8299.25,248,0.7003504672897196261682242991,2019
0.05,true,NQZ9,opening_hour_rth,true,bbf976b06cd0442c5f23,R05,2019-10-03,7571.875,7583.25,7505.5,311,0.7014981273408239700374531835,2019
0.2,true,NQM9,opening_hour_rth,true,bc11806e69ed2b1b0077,R05,2019-04-18,7686.25,7701,7670.5,61,0.7194928684627575277337559429,2019
0.05,true,NQM9,opening_hour_rth,true,bc14911290bec3f0a987,R05,2019-03-18,7369.125,7375.25,7351,97,0.7041357370095440084835630965,2019
0.05,true,NQH9,full_overnight,true,bc1d9dc10f8f9dd197cc,R03,2019-01-03,6230.75,6235.5,6198,75,0.7097275165890159536919384442,2019
0.05,true,NQM9,opening_hour_rth,true,bc274b11350bb336b896,R05,2019-04-01,7467.625,7473.25,7456.25,68,0.7054747054747054747054747055,2019
0.1,true,NQZ9,full_overnight,true,bc55d26e0fbecc7048e8,R03,2019-11-20,8315.625,8318,8299.75,73,0.701984582581597506970641299,2019
0.05,true,NQU9,prior_rth,true,bc58d880b4f42fbd756c,R01,2019-09-12,7862.375,7888,7858.5,118,0.704092124203166769483857701,2019
0.05,true,NQU9,prior_rth,true,bc58d880b4f42fbd756c,R02,2019-09-12,7862.375,7888,7858.5,118,0.704092124203166769483857701,2019
0.2,true,NQU9,full_overnight,true,bc7461f2bd8f93c95918,R03,2019-07-23,7934.625,7947,7921.5,102,0.7082259198500117178345441762,2019
0.2,true,NQZ9,midnight,true,bc9b4742312ae7ac36ed,R04,2019-11-19,8368.125,8372.75,8349.75,92,0.7055322128851540616246498599,2019
0.2,true,NQZ9,full_overnight,true,bca7aa2dad27c8b35b77,R03,2019-10-16,7936.75,7948,7934.5,27,0.7077003666841278156102671556,2019
0.05,true,NQU9,midnight,true,bcae79f385b0907da9e5,R04,2019-07-12,7935.875,7942.5,7931.5,44,0.7058624195188071840054218909,2019
0.05,true,NQH9,prior_rth,true,bcc737e9f3412d49c1a7,R01,2019-03-07,7123.625,7133.75,7111.5,89,0.7013157894736842105263157895,2019
0.05,true,NQH9,prior_rth,true,bcc737e9f3412d49c1a7,R02,2019-03-07,7123.625,7133.75,7111.5,89,0.7013157894736842105263157895,2019
0.1,true,NQM9,opening_hour_rth,true,bccbc09fbfb7b9a4fe76,R05,2019-03-13,7268.875,7275,7264.25,43,0.709072978303747534516765286,2019
0.1,true,NQZ9,opening_hour_rth,true,bce062fab962582bc702,R05,2019-10-09,7684.375,7687.75,7673.25,58,0.7018436109345200254291163382,2019
0.1,true,NQU9,midnight,true,bcf670081bbf1fe92205,R04,2019-09-06,7876.375,7882.25,7865.75,66,0.7030723488602576808721506442,2019
0.1,true,NQH9,prior_rth,true,bd0041d3e297d83cf9e4,R01,2019-02-20,7084.125,7087.75,7067.75,80,0.710016602102933038184836746,2019
0.1,true,NQH9,prior_rth,true,bd0041d3e297d83cf9e4,R02,2019-02-20,7084.125,7087.75,7067.75,80,0.710016602102933038184836746,2019
0.05,true,NQU9,full_overnight,true,bd01820ea7fe2be4a13d,R03,2019-07-08,7822.875,7836,7815,84,0.7048063127690100430416068867,2019
0.2,true,NQM9,prior_rth,true,bd01b8f94e61309f3b8b,R01,2019-04-24,7824.125,7839.25,7787.25,208,0.7006745362563237774030354132,2019
0.2,true,NQM9,prior_rth,true,bd01b8f94e61309f3b8b,R02,2019-04-24,7824.125,7839.25,7787.25,208,0.7006745362563237774030354132,2019
0.1,true,NQZ9,opening_hour_rth,true,bd1d5ae8d07924b63211,R05,2019-12-02,8311.375,8361.25,8299.25,248,0.7003504672897196261682242991,2019
0.2,true,NQU9,full_overnight,true,bd59ba04924e452844a2,R03,2019-07-31,7993.875,7996.5,7987.5,12,0.7122015915119363395225464191,2019
0.05,true,NQM9,full_overnight,true,bd73b840ddf849f04b47,R03,2019-03-25,7317.375,7342,7298.75,173,0.7017584721090019797368114592,2019
0.2,true,NQU9,midnight,true,bd7bc1331dd10c470666,R04,2019-08-13,7540.875,7560.75,7532,115,0.7006709741550695825049701789,2019
0.2,true,NQM9,full_overnight,true,bd9938369a3c310539fd,R03,2019-06-10,7444.25,7459.5,7435,49,0.7002366552721535629765974231,2019
0.1,true,NQU9,prior_rth,true,bdaf0a95d6eba085470e,R01,2019-07-02,7801.625,7811.75,7767.5,177,0.7060730126236779256226543842,2019
0.1,true,NQU9,prior_rth,true,bdaf0a95d6eba085470e,R02,2019-07-02,7801.625,7811.75,7767.5,177,0.7060730126236779256226543842,2019
0.05,true,NQZ9,midnight,true,bdbf9e9c3ebc5df93ebe,R04,2019-11-20,8315.625,8318,8301.5,66,0.7087710084033613445378151261,2019
0.05,true,NQM9,prior_rth,true,bdd51488eced02ea42e7,R01,2019-04-24,7824.125,7839.25,7787.25,208,0.7006745362563237774030354132,2019
0.05,true,NQM9,prior_rth,true,bdd51488eced02ea42e7,R02,2019-04-24,7824.125,7839.25,7787.25,208,0.7006745362563237774030354132,2019
0.05,true,NQZ9,midnight,true,bdd681f5568a1fa71638,R04,2019-11-08,8215.875,8223.75,8209.5,57,0.7008573178199632578077158604,2019
0.05,true,NQU9,opening_hour_rth,true,bdf1f7149e7174b1d642,R05,2019-06-28,7673.625,7685.75,7664.5,85,0.7010119595216191352345906164,2019
0.05,true,NQU9,opening_hour_rth,true,be02fc706358b7ef2697,R05,2019-07-15,7970.375,7974.25,7964,41,0.7101604278074866310160427807,2019
0.1,true,NQZ9,opening_hour_rth,true,be3e3672dc9e9b9a6247,R05,2019-09-20,7930.125,7935,7927.5,30,0.7031914893617021276595744681,2019
0.2,true,NQM9,prior_rth,true,be434b41327fa2188590,R01,2019-05-10,7593.375,7609.5,7514.25,127,0.708029197080291970802919708,2019
0.2,true,NQM9,prior_rth,true,be434b41327fa2188590,R02,2019-05-10,7593.375,7609.5,7514.25,127,0.708029197080291970802919708,2019
0.2,true,NQU9,opening_hour_rth,true,be4392afaf269372e766,R05,2019-07-15,7970.375,7974.25,7964,41,0.7101604278074866310160427807,2019
0.2,true,NQM9,midnight,true,be59972b1a170607dd75,R04,2019-04-17,7696.875,7706.25,7690.75,62,0.7036839295248264815803523759,2019
0.05,true,NQU9,midnight,true,beb44434a5ab40ada272,R04,2019-08-20,7736.375,7744.25,7729.5,59,0.7078995713410900183710961421,2019
0.05,true,NQU9,prior_rth,true,beba1cc35f51dec07706,R01,2019-08-07,7508.125,7535.5,7473,250,0.7023474178403755868544600939,2019
0.05,true,NQU9,prior_rth,true,beba1cc35f51dec07706,R02,2019-08-07,7508.125,7535.5,7473,250,0.7023474178403755868544600939,2019
0.1,true,NQH9,midnight,true,bec7352504f1a8afcddb,R04,2019-01-03,6198.375,6226.25,6192,137,0.7005861664712778429073856975,2019
0.2,true,NQM9,full_overnight,true,bf08e8859808d1e23543,R03,2019-06-06,7254.25,7263.5,7224.5,78,0.7056567593480345158197507191,2019
0.05,true,NQM9,opening_hour_rth,true,bf13e1fe4cb22c51818f,R05,2019-06-05,7197.625,7211.5,7176.25,141,0.7016491754122938530734632684,2019
0.05,true,NQU9,prior_rth,true,bf2cc0337a27237b5eee,R01,2019-08-23,7722.875,7746,7677,276,0.701547418415811245595219856,2019
0.05,true,NQU9,prior_rth,true,bf2cc0337a27237b5eee,R02,2019-08-23,7722.875,7746,7677,276,0.701547418415811245595219856,2019
0.2,true,NQU9,opening_hour_rth,true,bf9848cf54356010814e,R05,2019-09-11,7863.25,7867.5,7836,63,0.7088122605363984674329501916,2019
0.1,true,NQM9,full_overnight,true,bfb0b69c35c61fa01e8e,R03,2019-05-03,7775.625,7797.25,7759,153,0.7002087682672233820459290188,2019
0.2,true,NQM9,opening_hour_rth,true,bfc3093a20572dda617e,R05,2019-05-30,7257.75,7263,7252.5,21,0.7082658022690437601296596434,2019
0.05,true,NQH9,prior_rth,true,bfcf4e9b7af4b816f018,R01,2019-02-26,7132.125,7154,7116.5,150,0.7040338756407399153108981502,2019
0.05,true,NQH9,prior_rth,true,bfcf4e9b7af4b816f018,R02,2019-02-26,7132.125,7154,7116.5,150,0.7040338756407399153108981502,2019
0.2,true,NQU9,full_overnight,true,bfd7b44c0614a0e95ecb,R03,2019-08-12,7688.75,7708,7619.5,177,0.7004797806716929403701165182,2019
0.2,true,NQM9,opening_hour_rth,true,c0035b96ccf42ff6df87,R05,2019-06-07,7377.375,7383.75,7353,41,0.7091932457786116322701688555,2019
0.05,true,NQH9,midnight,true,c00e7dd6aeb86090d4b5,R04,2019-01-30,6677.125,6695,6669.25,103,0.7011863568956994562530894711,2019
0.2,true,NQU9,opening_hour_rth,true,c01dd3fbd5a2076549e8,R05,2019-06-17,7563.875,7570.75,7546.25,98,0.7017255546425636811832374692,2019
0.2,true,NQZ9,opening_hour_rth,true,c06c73a8b923d781d2b0,R05,2019-10-31,8095.25,8114,8080.5,67,0.703440094899169632265717675,2019
0.05,true,NQM9,midnight,true,c0739c15adc8d7e9b0eb,R04,2019-03-22,7507.125,7518,7488.5,118,0.7001522070015220700152207002,2019
0.05,true,NQH9,full_overnight,true,c07a2c036142d2d6835c,R03,2019-01-18,6737.875,6749.75,6730.75,76,0.7000610873549175320708613317,2019
0.2,true,NQU9,midnight,true,c07be204d9a7cb70d9cf,R04,2019-08-21,7729.625,7744.5,7716.75,111,0.7003821083389525736120476512,2019
0.05,true,NQU9,midnight,true,c0b45b6459a2a8d744b2,R04,2019-06-19,7679.125,7682.5,7675,30,0.7087637454181939353548817061,2019
0.05,true,NQU9,midnight,true,c0e365cb94457a4030fe,R04,2019-07-31,7994.625,7997.5,7988.5,36,0.711137941442801086628433444,2019
0.05,true,NQZ9,prior_rth,true,c0ff00c174afddc6e12f,R01,2019-10-18,7953.875,7958.5,7932.5,104,0.7010289990645463049579045837,2019
0.05,true,NQZ9,prior_rth,true,c0ff00c174afddc6e12f,R02,2019-10-18,7953.875,7958.5,7932.5,104,0.7010289990645463049579045837,2019
0.05,true,NQM9,opening_hour_rth,true,c1608669a8bba6f809fc,R05,2019-06-07,7377.625,7383.75,7353.25,122,0.7023160762942779291553133515,2019
0.2,true,NQU9,opening_hour_rth,true,c17590cad4d43ceb4841,R05,2019-08-22,7760.25,7773,7739.5,67,0.703401360544217687074829932,2019
0.05,true,NQZ9,full_overnight,true,c1907b76264a5962bf46,R03,2019-12-11,8363.625,8372.5,8348.25,97,0.7002104457623876028314520758,2019
0.1,true,NQZ9,midnight,true,c1a82de212a3aef158c0,R04,2019-09-17,7867.625,7879.25,7862,69,0.7005691660480079188319722841,2019
0.2,true,NQH9,midnight,true,c1e8f9fb335ce1d21dc6,R04,2019-01-03,6198.25,6226.5,6192,69,0.7013186813186813186813186813,2019
0.2,true,NQZ9,prior_rth,true,c1ea134f0032ddd39208,R01,2019-12-03,8316.25,8333.5,8294,79,0.7020851185375606969437303628,2019
0.2,true,NQZ9,prior_rth,true,c1ea134f0032ddd39208,R02,2019-12-03,8316.25,8333.5,8294,79,0.7020851185375606969437303628,2019
0.05,true,NQU9,opening_hour_rth,true,c1f62717ce31e7a37735,R05,2019-08-16,7573.875,7579.75,7565.5,57,0.7032404775440591245025582717,2019
0.2,true,NQZ9,opening_hour_rth,true,c20628ea7e6b3c9beadf,R05,2019-11-12,8268.375,8280.75,8263.5,69,0.7006711409395973154362416107,2019
0.05,true,NQZ9,opening_hour_rth,true,c2166010d21de73310a5,R05,2019-10-15,7895.875,7905.25,7874.75,122,0.7,2019
0.1,true,NQM9,midnight,true,c219289214f7d25858b0,R04,2019-03-29,7369.625,7383.75,7363.75,80,0.7081507449605609114811568799,2019
0.1,true,NQZ9,full_overnight,true,c21b9006aab9af1a0685,R03,2019-10-25,7934.125,7939.75,7927,51,0.7047640348915231491836278238,2019
0.1,true,NQH9,prior_rth,true,c222b1d11700513b8166,R01,2019-01-11,6599.375,6624.75,6577.5,189,0.7005721551176096630642085188,2019
0.1,true,NQH9,prior_rth,true,c222b1d11700513b8166,R02,2019-01-11,6599.375,6624.75,6577.5,189,0.7005721551176096630642085188,2019
0.05,true,NQH9,prior_rth,true,c23166401271899ef13e,R01,2019-02-01,6906.125,6926.75,6892.75,136,0.7003990422984836392657621708,2019
0.05,true,NQH9,prior_rth,true,c23166401271899ef13e,R02,2019-02-01,6906.125,6926.75,6892.75,136,0.7003990422984836392657621708,2019
0.05,true,NQH9,midnight,true,c25197a4285c5215ae30,R04,2019-02-13,7051.875,7057.5,7043.75,55,0.7025641025641025641025641026,2019
0.1,true,NQU9,prior_rth,true,c2648a5c44b6d0319fb5,R01,2019-08-16,7499.625,7517.25,7477.5,53,0.7036167214654767496477219352,2019
0.1,true,NQU9,prior_rth,true,c2648a5c44b6d0319fb5,R02,2019-08-16,7499.625,7517.25,7477.5,53,0.7036167214654767496477219352,2019
0.1,true,NQM9,opening_hour_rth,true,c266b70302d167bbeef4,R05,2019-05-02,7776.625,7789.75,7754.75,140,0.7010463378176382660687593423,2019
0.1,true,NQM9,prior_rth,true,c26b15613e46d0cf930a,R01,2019-03-27,7356.375,7411.75,7346.75,260,0.7043683917640511964385086255,2019
0.1,true,NQM9,prior_rth,true,c26b15613e46d0cf930a,R02,2019-03-27,7356.375,7411.75,7346.75,260,0.7043683917640511964385086255,2019
0.05,true,NQZ9,full_overnight,true,c2a7dc71148ce0d4bc71,R03,2019-12-04,8253.875,8295.5,8220.5,300,0.7063625761306207075288324478,2019
0.05,true,NQH9,opening_hour_rth,true,c2caa220fc13fda8909b,R05,2019-01-04,6289.625,6317.75,6259.75,232,0.7009304386353566681435533895,2019
0.05,true,NQZ9,opening_hour_rth,true,c2d3fb82dab739f89e72,R05,2019-10-09,7684.375,7687.75,7673.25,58,0.7018436109345200254291163382,2019
0.1,true,NQZ9,opening_hour_rth,true,c2da846b3f1bf63cd562,R05,2019-11-06,8194.875,8200.25,8192.25,32,0.7006302521008403361344537815,2019
0.05,true,NQH9,prior_rth,true,c2e226377d07e8324f66,R01,2019-02-19,7042.375,7055.75,7033.25,90,0.7042951541850220264317180617,2019
0.05,true,NQH9,prior_rth,true,c2e226377d07e8324f66,R02,2019-02-19,7042.375,7055.75,7033.25,90,0.7042951541850220264317180617,2019
0.2,true,NQH9,midnight,true,c3063a8c8977b490f633,R04,2019-01-23,6671.875,6679.75,6643.75,144,0.700649787138695944431996415,2019
0.1,true,NQM9,full_overnight,true,c3396d4ed07c7f776b91,R03,2019-04-30,7796.125,7802.5,7784.5,72,0.7029145236345824148910115111,2019
0.2,true,NQM9,opening_hour_rth,true,c340c35a8e21c568a524,R05,2019-04-24,7832.875,7836.75,7821.25,62,0.7019417475728155339805825243,2019
0.2,true,NQH0,opening_hour_rth,true,c36f744118dd43b6f948,R05,2019-12-26,8760.625,8764.75,8751.5,53,0.7015706806282722513089005236,2019
0.1,true,NQM9,prior_rth,true,c38bd6bf78a117803bc8,R01,2019-05-24,7278.875,7318.75,7272.5,185,0.704623955431754874651810585,2019
0.1,true,NQM9,prior_rth,true,c38bd6bf78a117803bc8,R02,2019-05-24,7278.875,7318.75,7272.5,185,0.704623955431754874651810585,2019
0.1,true,NQM9,full_overnight,true,c39c9bdc99b2ac9e531b,R03,2019-03-27,7371.125,7388.75,7366.5,89,0.7032032791862759981782298467,2019
0.2,true,NQZ9,prior_rth,true,c3b6caeea50d13690c0e,R01,2019-12-16,8495.625,8503.75,8473.75,24,0.7127139364303178484107579462,2019
0.2,true,NQZ9,prior_rth,true,c3b6caeea50d13690c0e,R02,2019-12-16,8495.625,8503.75,8473.75,24,0.7127139364303178484107579462,2019
0.05,true,NQZ9,prior_rth,true,c3d37ec882d4066f9f33,R01,2019-10-10,7703.375,7718.5,7681.5,148,0.7029718621561808409737590895,2019
0.05,true,NQZ9,prior_rth,true,c3d37ec882d4066f9f33,R02,2019-10-10,7703.375,7718.5,7681.5,148,0.7029718621561808409737590895,2019
0.2,true,NQU9,prior_rth,true,c3e3025128d66d7c2b78,R01,2019-07-10,7835.75,7847.5,7812.5,70,0.7006993006993006993006993007,2019
0.2,true,NQU9,prior_rth,true,c3e3025128d66d7c2b78,R02,2019-07-10,7835.75,7847.5,7812.5,70,0.7006993006993006993006993007,2019
0.05,true,NQU9,full_overnight,true,c3f4bd0cdcc55ecbadd9,R03,2019-09-12,7935.125,7953,7921.25,127,0.7005913122583579713440982488,2019
0.1,true,NQM9,opening_hour_rth,true,c404db015853f136925a,R05,2019-03-22,7468.875,7485,7443.25,167,0.7024471635150166852057842047,2019
0.05,true,NQH9,prior_rth,true,c419afb403dbd57bd2d3,R01,2019-01-08,6509.625,6533.5,6469.5,256,0.7019993298335753378755724338,2019
0.05,true,NQH9,prior_rth,true,c419afb403dbd57bd2d3,R02,2019-01-08,6509.625,6533.5,6469.5,256,0.7019993298335753378755724338,2019
0.2,true,NQH9,full_overnight,true,c41a35349e1492218da4,R03,2019-02-22,7026.125,7060.75,7019.25,166,0.7036077705827937095282146161,2019
0.1,true,NQH9,midnight,true,c41d243e29109a3eb54d,R04,2019-01-29,6687.125,6697.25,6671.5,103,0.7036281179138321995464852608,2019
0.05,true,NQM9,midnight,true,c4275311fb11360270c7,R04,2019-05-21,7439.375,7458.5,7426.25,129,0.7002565042139978013924514474,2019
0.1,true,NQM9,full_overnight,true,c427fb43d50da30363f0,R03,2019-06-11,7540.875,7561.5,7505.25,225,0.7003569415743002066503851212,2019
0.2,true,NQM9,full_overnight,true,c443c5334840fd4a4ab2,R03,2019-06-07,7290.375,7326.75,7280.25,62,0.7006033182503770739064856712,2019
0.1,true,NQH9,full_overnight,true,c457eb22d3d5352da3e5,R03,2019-01-09,6586.875,6594,6569.25,99,0.7015300296871431833751998173,2019
0.2,true,NQH9,opening_hour_rth,true,c458c703baa501bf9ce0,R05,2019-02-12,6993.375,6997.25,6977,81,0.7001003009027081243731193581,2019
0.1,true,NQU9,prior_rth,true,c4595f62823a4ed2e8f1,R01,2019-06-25,7767.375,7772.75,7758.75,56,0.709226467847157502329916123,2019
0.1,true,NQU9,prior_rth,true,c4595f62823a4ed2e8f1,R02,2019-06-25,7767.375,7772.75,7758.75,56,0.709226467847157502329916123,2019
0.1,true,NQH9,midnight,true,c474bad5cc9cf18e3ab2,R04,2019-01-28,6756.875,6761,6746.25,59,0.7036703445170006755235307363,2019
0.1,true,NQU9,full_overnight,true,c4964d9dc2e7ee53851c,R03,2019-07-23,7934.625,7947,7921.5,102,0.7082259198500117178345441762,2019
0.2,true,NQH9,midnight,true,c49d33ac8654e949e422,R04,2019-01-31,6865.375,6874,6858.25,63,0.7028357159596906491680337474,2019
0.05,true,NQU9,full_overnight,true,c4a9fb3b10264ba793de,R03,2019-09-04,7692.875,7730,7658.5,286,0.7019374068554396423248882265,2019
0.05,true,NQH9,midnight,true,c4b7466208ba92a79847,R04,2019-01-16,6685.125,6689,6677.5,46,0.7100073046018991964937910884,2019
0.05,true,NQU9,opening_hour_rth,true,c4bc0a4784b505161eed,R05,2019-07-02,7787.625,7793.25,7784.5,35,0.7002938295788442703232125367,2019
0.05,true,NQU9,full_overnight,true,c4e6fb327c7feebdba77,R03,2019-07-22,7839.125,7870.5,7835.25,141,0.7059118236472945891783567134,2019
0.05,true,NQM9,prior_rth,true,c52966cfb5ec794a5891,R01,2019-03-20,7395.375,7402.5,7378.5,96,0.7016737171234136472319293728,2019
0.05,true,NQM9,prior_rth,true,c52966cfb5ec794a5891,R02,2019-03-20,7395.375,7402.5,7378.5,96,0.7016737171234136472319293728,2019
0.2,true,NQM9,prior_rth,true,c539466e504ae6aa8cd1,R01,2019-04-11,7620.25,7628.5,7606,45,0.7120223671947809878844361603,2019
0.2,true,NQM9,prior_rth,true,c539466e504ae6aa8cd1,R02,2019-04-11,7620.25,7628.5,7606,45,0.7120223671947809878844361603,2019
0.05,true,NQU9,prior_rth,true,c559e2373ff450890fba,R01,2019-07-25,7988.375,7994.25,7968.25,104,0.7002501705708437571071184899,2019
0.05,true,NQU9,prior_rth,true,c559e2373ff450890fba,R02,2019-07-25,7988.375,7994.25,7968.25,104,0.7002501705708437571071184899,2019
0.1,true,NQU9,full_overnight,true,c5c994ca21e44eb51c90,R03,2019-08-08,7585.875,7606.25,7571.75,138,0.7002708650753343490773658371,2019
0.05,true,NQM9,midnight,true,c60411faaf316b3f0173,R04,2019-06-06,7253.625,7263.5,7231.75,127,0.7051416579223504721930745016,2019
0.2,true,NQH0,full_overnight,true,c607a95bc9fb5c26d086,R03,2019-12-30,8803.125,8806.25,8788.75,70,0.7077809798270893371757925072,2019
0.2,true,NQZ9,full_overnight,true,c628d1b642f840963128,R03,2019-10-30,8054.875,8058.5,8048.25,41,0.7033467202141900937081659973,2019
0.05,true,NQU9,prior_rth,true,c62da359290daa2e0172,R01,2019-06-27,7686.625,7717.5,7663.25,217,0.70064696625284140584018185,2019
0.05,true,NQU9,prior_rth,true,c62da359290daa2e0172,R02,2019-06-27,7686.625,7717.5,7663.25,217,0.70064696625284140584018185,2019
0.05,true,NQU9,full_overnight,true,c6725c08cb39f8a39ba5,R03,2019-07-23,7934.625,7947,7921.5,102,0.7082259198500117178345441762,2019
0.1,true,NQU9,opening_hour_rth,true,c693a635a258cdae29ee,R05,2019-08-30,7734.625,7743.75,7721.5,89,0.7007601935038009675190048376,2019
0.05,true,NQH0,prior_rth,true,c6cbc250da5eb14efc34,R01,2019-12-18,8607.375,8610.5,8603,30,0.7133858267716535433070866142,2019
0.05,true,NQH0,prior_rth,true,c6cbc250da5eb14efc34,R02,2019-12-18,8607.375,8610.5,8603,30,0.7133858267716535433070866142,2019
0.05,true,NQH0,prior_rth,true,c6cd88281219e49b5106,R01,2019-12-20,8661.625,8664.5,8634.25,121,0.7029780564263322884012539185,2019
0.05,true,NQH0,prior_rth,true,c6cd88281219e49b5106,R02,2019-12-20,8661.625,8664.5,8634.25,121,0.7029780564263322884012539185,2019
0.05,true,NQH9,prior_rth,true,c70053b43df0cd0e8a5f,R01,2019-03-11,6971.125,6991,6953,152,0.701712583767684288905435592,2019
0.05,true,NQH9,prior_rth,true,c70053b43df0cd0e8a5f,R02,2019-03-11,6971.125,6991,6953,152,0.701712583767684288905435592,2019
0.05,true,NQM9,full_overnight,true,c7073d1a3286fb404d00,R03,2019-06-03,7087.125,7099.5,7080.5,76,0.7022265720577440665524834842,2019
0.2,true,NQH9,prior_rth,true,c719498730f719338db4,R01,2019-01-08,6510.375,6531.75,6469.5,83,0.7048471750540290213028712566,2019
0.2,true,NQH9,prior_rth,true,c719498730f719338db4,R02,2019-01-08,6510.375,6531.75,6469.5,83,0.7048471750540290213028712566,2019
0.05,true,NQH9,opening_hour_rth,true,c722c74bb0c824785264,R05,2019-02-13,7057.375,7062,7045,68,0.7075940383250532292405961675,2019
0.1,true,NQU9,opening_hour_rth,true,c7306384e41afc831fbb,R05,2019-08-05,7496.75,7516,7488.5,55,0.7046925566343042071197411003,2019
0.05,true,NQM9,full_overnight,true,c74c4e2db0791d1a596f,R03,2019-03-15,7295.375,7310.25,7287.25,92,0.7046058458813108945969884854,2019
0.05,true,NQM9,prior_rth,true,c7bba8cae38e72dd2f56,R01,2019-05-30,7226.375,7239.5,7205.25,137,0.7028296058322006672432966761,2019
0.05,true,NQM9,prior_rth,true,c7bba8cae38e72dd2f56,R02,2019-05-30,7226.375,7239.5,7205.25,137,0.7028296058322006672432966761,2019
0.05,true,NQU9,opening_hour_rth,true,c818d810f41eb063ceb7,R05,2019-08-20,7692.125,7706,7686,80,0.7027546444586803331197950032,2019
0.05,true,NQU9,opening_hour_rth,true,c844dcf2e927d9302b3c,R05,2019-09-04,7686.875,7703.5,7678.75,99,0.7044261065266316579144786197,2019
0.1,true,NQU9,full_overnight,true,c84744cd9d1bc84074a8,R03,2019-09-12,7935.125,7953,7921.25,127,0.7005913122583579713440982488,2019
0.05,true,NQU9,prior_rth,true,c85c45649419f4e4ebf4,R01,2019-07-02,7801.625,7811.75,7767.5,177,0.7060730126236779256226543842,2019
0.05,true,NQU9,prior_rth,true,c85c45649419f4e4ebf4,R02,2019-07-02,7801.625,7811.75,7767.5,177,0.7060730126236779256226543842,2019
0.1,true,NQU9,opening_hour_rth,true,c8706d1bcda94f7122b7,R05,2019-07-16,7977.125,7984,7975.25,35,0.7087126137841352405721716515,2019
0.2,true,NQZ9,full_overnight,true,c88701e4386ecf594422,R03,2019-11-20,8315.625,8318,8299.75,73,0.701984582581597506970641299,2019
0.05,true,NQZ9,opening_hour_rth,true,c8c38fc06c82cbd4174a,R05,2019-09-18,7892.625,7896.75,7889.25,30,0.7081138040042149631190727081,2019
0.1,true,NQH0,prior_rth,true,c914c89db42c097ae81b,R01,2019-12-18,8607.375,8610.5,8603,30,0.7133858267716535433070866142,2019
0.1,true,NQH0,prior_rth,true,c914c89db42c097ae81b,R02,2019-12-18,8607.375,8610.5,8603,30,0.7133858267716535433070866142,2019
0.2,true,NQH9,opening_hour_rth,true,c938a56513e1a655c38d,R05,2019-03-06,7157.375,7161.75,7146.5,61,0.7062146892655367231638418079,2019
0.05,true,NQM9,full_overnight,true,c97839e4c00a19a843e7,R03,2019-04-25,7856.375,7869.75,7853.5,65,0.7074657186389029964448958862,2019
0.2,true,NQU9,opening_hour_rth,true,c98a356d5bf766f1651b,R05,2019-07-25,7963.875,7972.5,7946.25,35,0.7054263565891472868217054264,2019
0.05,true,NQM9,opening_hour_rth,true,c995add98355b2d6ec00,R05,2019-04-09,7605.375,7614,7599,60,0.7025495750708215297450424929,2019
0.05,true,NQU9,opening_hour_rth,true,c9a5714f64e9c349e28e,R05,2019-08-28,7549.125,7563.5,7523.75,159,0.7024620220010476689366160293,2019
0.05,true,NQU9,opening_hour_rth,true,c9ac75b9026d0d084eb3,R05,2019-07-12,7933.125,7943.25,7929.5,55,0.7046843177189409368635437882,2019
0.1,true,NQM9,prior_rth,true,c9cfe754e5d194a7cb8b,R01,2019-06-11,7528.875,7551.5,7509,170,0.7011015183090205418279249777,2019
0.1,true,NQM9,prior_rth,true,c9cfe754e5d194a7cb8b,R02,2019-06-11,7528.875,7551.5,7509,170,0.7011015183090205418279249777,2019
0.05,true,NQH9,midnight,true,c9d2e7d7ab7fa8b7a48e,R04,2019-02-20,7069.375,7074.5,7063.5,44,0.7005076142131979695431472081,2019
0.1,true,NQZ9,prior_rth,true,c9da37482eada86437e1,R01,2019-10-24,7886.125,7894.75,7872.25,90,0.7022869864399919044727787897,2019
0.1,true,NQZ9,prior_rth,true,c9da37482eada86437e1,R02,2019-10-24,7886.125,7894.75,7872.25,90,0.7022869864399919044727787897,2019
0.2,true,NQM9,midnight,true,c9e849fba0c46b0aaf92,R04,2019-05-15,7411.875,7436.5,7365.5,284,0.7008969430715723961193483434,2019
0.2,true,NQU9,opening_hour_rth,true,c9f620059820dbd22257,R05,2019-07-17,7958.25,7962,7947.5,29,0.7107750472589792060491493384,2019
0.2,true,NQM9,opening_hour_rth,true,ca0cb42369dc89106eda,R05,2019-04-22,7699.125,7708.5,7685,94,0.7026726057906458797327394209,2019
0.1,true,NQM9,midnight,true,ca1550837a50729642d3,R04,2019-04-01,7473.875,7476.5,7467.75,35,0.7029733009708737864077669903,2019
0.05,true,NQU9,full_overnight,true,ca2d6ef22e19f47b1303,R03,2019-08-12,7612.625,7675,7587,352,0.7007170127572399664773256355,2019
0.05,true,NQH9,midnight,true,ca32a5717418c77bb327,R04,2019-02-19,7072.125,7077,7045.25,127,0.7105508870214752567693744164,2019
0.2,true,NQU9,full_overnight,true,ca619633ff59210fe3b8,R03,2019-07-02,7778.375,7791.75,7773.25,74,0.7011042485495040239565787011,2019
0.2,true,NQU9,prior_rth,true,ca77517ff1630691cbd5,R01,2019-08-19,7614.5,7625,7592,33,0.7047930283224400871459694989,2019
0.2,true,NQU9,prior_rth,true,ca77517ff1630691cbd5,R02,2019-08-19,7614.5,7625,7592,33,0.7047930283224400871459694989,2019
0.05,true,NQU9,midnight,true,ca7a050cadb4e5b89138,R04,2019-07-01,7824.125,7833.75,7818.25,62,0.7053291536050156739811912226,2019
0.1,true,NQZ9,opening_hour_rth,true,ca94b7fa9d25ecffe4a9,R05,2019-09-23,7831.375,7839.75,7821.75,72,0.7004279600570613409415121255,2019
0.2,true,NQH9,prior_rth,true,ca99e0fb6d07ab778049,R01,2019-01-14,6589.75,6604,6585,38,0.7068808729918157017277963019,2019
0.2,true,NQH9,prior_rth,true,ca99e0fb6d07ab778049,R02,2019-01-14,6589.75,6604,6585,38,0.7068808729918157017277963019,2019
0.05,true,NQZ9,opening_hour_rth,true,caac2ef20ede6f4b0ede,R05,2019-10-28,8089.625,8096.25,8085.5,43,0.7007952286282306163021868787,2019
0.1,true,NQH9,opening_hour_rth,true,cac6c18bd96defe62730,R05,2019-01-14,6535.625,6547.25,6530.75,66,0.7039254823685961410512308716,2019
0.05,true,NQZ9,midnight,true,cac7369c2613f74c07ba,R04,2019-10-03,7559.125,7580.25,7556.25,96,0.7054225696140693698094772838,2019
0.1,true,NQZ9,midnight,true,caec81c2e617d892a2a8,R04,2019-10-21,7904.375,7907.5,7896,46,0.7035087719298245614035087719,2019
0.05,true,NQZ9,opening_hour_rth,true,caf125f3a274932a81e4,R05,2019-11-20,8328.125,8333.75,8323.75,40,0.7053742802303262955854126679,2019
0.2,true,NQH9,midnight,true,caf8ecc1f5eaf49e0229,R04,2019-01-09,6586.875,6590.75,6573.25,70,0.7027954038758360487051963643,2019
0.1,true,NQU9,full_overnight,true,cafb9274951689898a8f,R03,2019-08-23,7748.625,7761.75,7685.75,304,0.7003110957483581057725544418,2019
0.05,true,NQM9,full_overnight,true,cb2b8ad90dbd63f2d068,R03,2019-05-17,7566.875,7580.25,7520,241,0.7029189676546827454074157557,2019
0.2,true,NQM9,prior_rth,true,cb54c71760d8d2384570,R01,2019-05-21,7393.875,7422.75,7387.5,47,0.7059000602046959662853702589,2019
0.2,true,NQM9,prior_rth,true,cb54c71760d8d2384570,R02,2019-05-21,7393.875,7422.75,7387.5,47,0.7059000602046959662853702589,2019
0.05,true,NQU9,prior_rth,true,cb55ac8b5e6efd808c11,R01,2019-07-16,7972.375,7977.5,7962.75,59,0.7003756139843975729557931234,2019
0.05,true,NQU9,prior_rth,true,cb55ac8b5e6efd808c11,R02,2019-07-16,7972.375,7977.5,7962.75,59,0.7003756139843975729557931234,2019
0.1,true,NQM9,midnight,true,cb75e8b7b6fce64bd7c9,R04,2019-06-07,7308.375,7325.25,7295.25,120,0.7014735772357723577235772358,2019
0.05,true,NQU9,opening_hour_rth,true,cb986d6703e7e4567ad6,R05,2019-08-09,7667.875,7688.25,7643.5,179,0.7004300047778308647873865265,2019
0.05,true,NQZ9,midnight,true,cb9b2e86d34a41bfd3c7,R04,2019-10-15,7877.625,7895,7870,100,0.7060849598163030998851894374,2019
0.1,true,NQU9,prior_rth,true,cbbc8cf42adc5b31159e,R01,2019-09-12,7862.375,7888,7858.5,118,0.704092124203166769483857701,2019
0.1,true,NQU9,prior_rth,true,cbbc8cf42adc5b31159e,R02,2019-09-12,7862.375,7888,7858.5,118,0.704092124203166769483857701,2019
0.2,true,NQH0,opening_hour_rth,true,cbc518fa2d0457922fca,R05,2019-12-17,8608.875,8613.25,8599.25,56,0.7127312295973884657236126224,2019
0.1,true,NQH9,midnight,true,cbd5013615ab6ab6ea77,R04,2019-03-06,7159.375,7161.75,7151.25,42,0.7092400998929718159115233678,2019
0.1,true,NQU9,opening_hour_rth,true,cbf6f4de19a3bd1c4ce8,R05,2019-08-08,7599.25,7623.5,7585,77,0.7088204038257173219978746015,2019
0.1,true,NQM9,midnight,true,cc1a151e113c5e8b7e68,R04,2019-05-22,7443.875,7465.25,7425,161,0.7014272121788772597526165557,2019
0.05,true,NQM9,opening_hour_rth,true,cc27ecedc65e1554ff71,R05,2019-05-13,7369.125,7418.75,7353.5,261,0.7002245508982035928143712575,2019
0.2,true,NQU9,opening_hour_rth,true,cc3df3f8457639a2d493,R05,2019-06-28,7673.625,7685.75,7664.5,85,0.7010119595216191352345906164,2019
0.05,true,NQZ9,prior_rth,true,cc52daa12a1b4e92c98d,R01,2019-10-24,7886.125,7894.75,7872.25,90,0.7022869864399919044727787897,2019
0.05,true,NQZ9,prior_rth,true,cc52daa12a1b4e92c98d,R02,2019-10-24,7886.125,7894.75,7872.25,90,0.7022869864399919044727787897,2019
0.05,true,NQH0,opening_hour_rth,true,cc56588e70b3f27b56cb,R05,2019-12-19,8630.875,8632.75,8627.5,21,0.7157142857142857142857142857,2019
0.2,true,NQU9,midnight,true,cc760f1f3dc0ab375bcf,R04,2019-08-12,7612.625,7660.75,7584,307,0.7000827357970215113072255929,2019
0.05,true,NQM9,opening_hour_rth,true,cc77377a7bd118f1ef7d,R05,2019-04-17,7688.375,7718,7681,148,0.7016769638128861429832303619,2019
0.1,true,NQM9,opening_hour_rth,true,cc80627ba4336d418562,R05,2019-03-20,7374.375,7379.5,7368.25,45,0.7010391686650679456434852118,2019
0.2,true,NQU9,full_overnight,true,ccc1a042656ea7300ae1,R03,2019-07-24,7951.125,7960.5,7936.5,32,0.7006092254134029590948651001,2019
0.05,true,NQH9,midnight,true,ccc93a597333d2019d8d,R04,2019-03-01,7155.125,7157.75,7145,51,0.7111667859699355762347888332,2019
0.2,true,NQZ9,midnight,true,cd021a3c7cee7de1daa2,R04,2019-09-16,7859.375,7862.25,7846.25,64,0.7057153671461014383043149129,2019
0.1,true,NQM9,midnight,true,cd1148085b8481927fe1,R04,2019-06-04,7031.875,7057,7011.75,181,0.7003181336161187698833510074,2019
0.2,true,NQZ9,full_overnight,true,cd2918b324bf3c46b6b7,R03,2019-10-08,7774.25,7784.5,7698.5,172,0.7037337662337662337662337662,2019
0.05,true,NQZ9,midnight,true,cd36304c47fa681e0444,R04,2019-09-27,7805.875,7808,7786,88,0.7009718415150760029902815848,2019
0.05,true,NQH9,prior_rth,true,cd37287c686d030b8766,R01,2019-03-04,7152.125,7158,7126,128,0.7038867670186474949449561896,2019
0.05,true,NQH9,prior_rth,true,cd37287c686d030b8766,R02,2019-03-04,7152.125,7158,7126,128,0.7038867670186474949449561896,2019
0.05,true,NQZ9,midnight,true,cd6e2b8d5d747dcbabfe,R04,2019-10-30,8054.875,8063,8047.5,62,0.702974444909928780896522832,2019
0.2,true,NQM9,full_overnight,true,cd72d8d1574a9a13e557,R03,2019-05-13,7520.75,7550.5,7482,137,0.7070508231925554760200429492,2019
0.2,true,NQZ9,midnight,true,cd8d7260d7310489db41,R04,2019-10-07,7728.125,7743.25,7725.25,72,0.7046676704667670466767046677,2019
0.2,true,NQM9,opening_hour_rth,true,cd9558226227fa4f6f7f,R05,2019-05-29,7227.25,7238.5,7220,37,0.7,2019
0.1,true,NQM9,opening_hour_rth,true,cd95bc88dec69d734d66,R05,2019-04-09,7605.375,7614,7599,60,0.7025495750708215297450424929,2019
0.2,true,NQZ9,prior_rth,true,cd98b39fdf748b1e3477,R01,2019-11-26,8363.875,8373.5,8360.25,53,0.7006229388054232319530963723,2019
0.2,true,NQZ9,prior_rth,true,cd98b39fdf748b1e3477,R02,2019-11-26,8363.875,8373.5,8360.25,53,0.7006229388054232319530963723,2019
0.05,true,NQZ9,opening_hour_rth,true,cdbd159c7cef6515c034,R05,2019-12-13,8504.875,8520,8468.25,207,0.7009302325581395348837209302,2019
0.05,true,NQH0,opening_hour_rth,true,cdc3c3ab31f7d51273c5,R05,2019-12-18,8617.375,8623,8612,44,0.7188872620790629575402635432,2019
0.05,true,NQZ9,prior_rth,true,cdd6317216e01f582dc0,R01,2019-10-29,8115.625,8121,8099.25,87,0.7034482758620689655172413793,2019
0.05,true,NQZ9,prior_rth,true,cdd6317216e01f582dc0,R02,2019-10-29,8115.625,8121,8099.25,87,0.7034482758620689655172413793,2019
0.05,true,NQU9,opening_hour_rth,true,cdd9387744989635ea69,R05,2019-06-19,7654.375,7661.75,7648,55,0.7043824701195219123505976096,2019
0.05,true,NQU9,midnight,true,cde36a7ef0d3f134face,R04,2019-08-29,7686.625,7701.25,7640.75,242,0.7011206133883810085520495429,2019
0.2,true,NQH9,midnight,true,cde98011b57b426de068,R04,2019-02-13,7051.875,7057.5,7043.75,55,0.7025641025641025641025641026,2019
0.2,true,NQH0,opening_hour_rth,true,ce0b40b8959f2fd88f74,R05,2019-12-16,8598.875,8606.5,8586.75,79,0.7044392523364485981308411215,2019
0.1,true,NQM9,prior_rth,true,ce15ad161059973a97a8,R01,2019-06-06,7203.375,7216.75,7187,119,0.7001154882586936994738868215,2019
0.1,true,NQM9,prior_rth,true,ce15ad161059973a97a8,R02,2019-06-06,7203.375,7216.75,7187,119,0.7001154882586936994738868215,2019
0.05,true,NQM9,midnight,true,ce4ed6b0b15afeb1ff2e,R04,2019-06-07,7308.375,7325.25,7295.25,120,0.7014735772357723577235772358,2019
0.2,true,NQH0,midnight,true,ce5cf2632e858511ce4e,R04,2019-12-16,8551.625,8558.75,8543.25,62,0.7008352315869400151860288535,2019
0.1,true,NQH0,opening_hour_rth,true,ce7e3e233eb71fbfc519,R05,2019-12-18,8617.375,8623,8612,44,0.7188872620790629575402635432,2019
0.2,true,NQH9,opening_hour_rth,true,ce96c5035086f47385d6,R05,2019-01-17,6682.25,6692,6667,50,0.7011173184357541899441340782,2019
0.1,true,NQH9,opening_hour_rth,true,cead05ba0a9b1ef8228d,R05,2019-01-23,6703.875,6719.25,6699,81,0.7004968062455642299503193754,2019
0.1,true,NQH9,prior_rth,true,cf2c39db4376cd8c562a,R01,2019-02-21,7065.625,7086.75,7044.75,168,0.7012589928057553956834532374,2019
0.1,true,NQH9,prior_rth,true,cf2c39db4376cd8c562a,R02,2019-02-21,7065.625,7086.75,7044.75,168,0.7012589928057553956834532374,2019
0.1,true,NQZ9,full_overnight,true,cf39f1f5d9de31b5c74a,R03,2019-10-16,7936.875,7947.5,7934,54,0.7062155313757638992398270979,2019
0.2,true,NQZ9,opening_hour_rth,true,cf42fb52e1944e9592a3,R05,2019-11-06,8194.875,8200.25,8192.25,32,0.7006302521008403361344537815,2019
0.1,true,NQU9,midnight,true,cf5fed1deb8cc28b5350,R04,2019-09-03,7634.125,7640.75,7611.25,118,0.7025730994152046783625730994,2019
0.2,true,NQH9,full_overnight,true,cf77f92bdb5d5a7af9b1,R03,2019-01-29,6668.875,6689.75,6664.75,100,0.7038934426229508196721311475,2019
0.1,true,NQU9,opening_hour_rth,true,cf7801d331d7accd358e,R05,2019-06-21,7758.375,7761.5,7746.75,59,0.7128712871287128712871287129,2019
0.2,true,NQZ9,opening_hour_rth,true,cfca9c5606f666b6b30f,R05,2019-10-11,7881.75,7889,7868,42,0.7021943573667711598746081505,2019
0.05,true,NQH9,opening_hour_rth,true,d024b1a5ac1062148dce,R05,2019-01-14,6535.625,6547.25,6530.75,66,0.7039254823685961410512308716,2019
0.2,true,NQM9,midnight,true,d02746a470a82782ed09,R04,2019-05-03,7775.625,7783.25,7759.75,94,0.7029194738530638434392043632,2019
0.05,true,NQM9,full_overnight,true,d06eba5e14e11b0cc217,R03,2019-03-19,7365.375,7381.75,7356.5,101,0.7082083446959367330242705209,2019
0.2,true,NQH9,midnight,true,d0e39361555cb9804b88,R04,2019-03-04,7196.125,7198.75,7187.5,45,0.7093952073031570939520730316,2019
0.05,true,NQH9,midnight,true,d0edfca37c667afae682,R04,2019-02-04,6880.625,6885.75,6875.25,42,0.713740458015267175572519084,2019
0.2,true,NQU9,full_overnight,true,d0ef7a9efdf56f1af28b,R03,2019-08-15,7525.125,7548.75,7490.25,78,0.7044641468346554674132835589,2019
0.1,true,NQM9,prior_rth,true,d1006c7543c96b54feb0,R01,2019-05-30,7226.375,7239.5,7205.25,137,0.7028296058322006672432966761,2019
0.1,true,NQM9,prior_rth,true,d1006c7543c96b54feb0,R02,2019-05-30,7226.375,7239.5,7205.25,137,0.7028296058322006672432966761,2019
0.05,true,NQU9,full_overnight,true,d1007b83c60d64a313f3,R03,2019-06-21,7743.375,7758.5,7738.5,80,0.7000843644544431946006749156,2019
0.2,true,NQU9,prior_rth,true,d11161c0bf0d06eff5ef,R01,2019-08-08,7475.125,7553,7463.75,51,0.7001321003963011889035667107,2019
0.2,true,NQU9,prior_rth,true,d11161c0bf0d06eff5ef,R02,2019-08-08,7475.125,7553,7463.75,51,0.7001321003963011889035667107,2019
0.1,true,NQH9,opening_hour_rth,true,d127badef7c0b66eaeb8,R05,2019-02-26,7131.625,7136,7110,104,0.7016337059329320722269991402,2019
0.2,true,NQH9,opening_hour_rth,true,d15f35803a73e2a98182,R05,2019-02-14,6991.125,7011.75,6978,45,0.7086206896551724137931034483,2019
0.05,true,NQM9,opening_hour_rth,true,d16e584e68ce520fb9ba,R05,2019-04-29,7845.125,7849,7837.5,46,0.7077338129496402877697841727,2019
0.1,true,NQU9,opening_hour_rth,true,d17d228509af7a807362,R05,2019-07-15,7970.375,7974.25,7964,41,0.7101604278074866310160427807,2019
0.05,true,NQZ9,midnight,true,d18f73a63a6e8121ae42,R04,2019-09-18,7900.875,7906,7898.75,29,0.7003802281368821292775665399,2019
0.1,true,NQU9,midnight,true,d1dc4cae886d631b8a5f,R04,2019-08-29,7686.625,7701.25,7640.75,242,0.7011206133883810085520495429,2019
0.2,true,NQM9,prior_rth,true,d2099ed64e3c4e44765f,R01,2019-05-17,7617.75,7625,7582,86,0.7050276082534147050276082534,2019
0.2,true,NQM9,prior_rth,true,d2099ed64e3c4e44765f,R02,2019-05-17,7617.75,7625,7582,86,0.7050276082534147050276082534,2019
0.1,true,NQZ9,midnight,true,d256163a4530874aaa74,R04,2019-11-08,8215.875,8223.75,8209.5,57,0.7008573178199632578077158604,2019
0.2,true,NQU9,midnight,true,d2afeece1da423cfaed7,R04,2019-09-05,7816.375,7820,7796,96,0.7033028550102631087889531629,2019
0.2,true,NQH9,opening_hour_rth,true,d2c31a9c0bb6c0512b50,R05,2019-01-30,6722.25,6727,6703.5,47,0.7107558139534883720930232558,2019
0.05,true,NQH9,prior_rth,true,d2df03c16381aa57308c,R01,2019-02-21,7065.625,7086.75,7044.75,168,0.7012589928057553956834532374,2019
0.05,true,NQH9,prior_rth,true,d2df03c16381aa57308c,R02,2019-02-21,7065.625,7086.75,7044.75,168,0.7012589928057553956834532374,2019
0.1,true,NQH0,midnight,true,d2dfba2356df3e37359b,R04,2019-12-19,8618.875,8622.5,8615,30,0.7141036533559898045879354291,2019
0.05,true,NQM9,prior_rth,true,d30d2793616b371e229a,R01,2019-05-02,7839.625,7854.5,7821.75,131,0.7020514490394008466297622924,2019
0.05,true,NQM9,prior_rth,true,d30d2793616b371e229a,R02,2019-05-02,7839.625,7854.5,7821.75,131,0.7020514490394008466297622924,2019
0.1,true,NQH9,midnight,true,d3421b02ba318d55717a,R04,2019-01-23,6671.875,6679.75,6643.75,144,0.700649787138695944431996415,2019
0.05,true,NQZ9,full_overnight,true,d37660cb1588083fdd05,R03,2019-09-25,7708.875,7742,7688.75,213,0.7012648324423001695136262877,2019
0.2,true,NQU9,full_overnight,true,d3891a39cde6db155bd6,R03,2019-06-20,7759.375,7820,7749.5,282,0.7002986012887002986012887003,2019
0.05,true,NQZ9,prior_rth,true,d38ece9406c09f8049de,R01,2019-11-05,8212.875,8220.25,8206.5,55,0.706375412750825501651003302,2019
0.05,true,NQZ9,prior_rth,true,d38ece9406c09f8049de,R02,2019-11-05,8212.875,8220.25,8206.5,55,0.706375412750825501651003302,2019
0.1,true,NQH9,midnight,true,d39179b91785ee6766eb,R04,2019-02-08,6873.375,6883.25,6855.5,111,0.7020774315391879131255901794,2019
0.1,true,NQU9,prior_rth,true,d3d09f8114617feb67ea,R01,2019-08-12,7666.125,7692.25,7633.5,235,0.7008276284867681618473485236,2019
0.1,true,NQU9,prior_rth,true,d3d09f8114617feb67ea,R02,2019-08-12,7666.125,7692.25,7633.5,235,0.7008276284867681618473485236,2019
0.05,true,NQZ9,midnight,true,d4199a171946563bbad2,R04,2019-10-14,7843.875,7859.25,7812.25,188,0.7009276437847866419294990724,2019
0.2,true,NQM9,midnight,true,d432a4a3fb4f3226293e,R04,2019-06-10,7444.125,7458.25,7437,85,0.7021331945889698231009365245,2019
0.1,true,NQH9,midnight,true,d4378ca34008fccda4b0,R04,2019-02-26,7099.375,7106.75,7091.75,60,0.7025452315240723704385157927,2019
0.2,true,NQM9,prior_rth,true,d44eeb54485de360bc95,R01,2019-04-04,7566.375,7593.5,7546,190,0.7006272982911529309971879732,2019
0.2,true,NQM9,prior_rth,true,d44eeb54485de360bc95,R02,2019-04-04,7566.375,7593.5,7546,190,0.7006272982911529309971879732,2019
0.1,true,NQZ9,prior_rth,true,d47b6816a96409541218,R01,2019-10-29,8115.625,8121,8099.25,87,0.7034482758620689655172413793,2019
0.1,true,NQZ9,prior_rth,true,d47b6816a96409541218,R02,2019-10-29,8115.625,8121,8099.25,87,0.7034482758620689655172413793,2019
0.1,true,NQM9,full_overnight,true,d491dd12d73a9bec2707,R03,2019-04-02,7487.875,7499.75,7486,55,0.7106435643564356435643564356,2019
0.2,true,NQZ9,prior_rth,true,d4a8299c1cb2be278006,R01,2019-09-18,7885.75,7890.5,7876.5,28,0.7076288659793814432989690722,2019
0.2,true,NQZ9,prior_rth,true,d4a8299c1cb2be278006,R02,2019-09-18,7885.75,7890.5,7876.5,28,0.7076288659793814432989690722,2019
0.2,true,NQM9,midnight,true,d4b0846a469bce30415d,R04,2019-04-24,7820.875,7837.25,7816,85,0.7096645367412140575079872204,2019
0.05,true,NQU9,prior_rth,true,d4b2bdc92807c6007df7,R01,2019-06-26,7687.125,7728.25,7637,365,0.7012966965112689101574560049,2019
0.05,true,NQU9,prior_rth,true,d4b2bdc92807c6007df7,R02,2019-06-26,7687.125,7728.25,7637,365,0.7012966965112689101574560049,2019
0.05,true,NQZ9,full_overnight,true,d4c051546e4e68480940,R03,2019-09-30,7733.875,7745.75,7725,83,0.7050026469031233456855479089,2019
0.1,true,NQM9,opening_hour_rth,true,d4cc38ed00c44a854d3a,R05,2019-03-19,7386.375,7393.75,7382.5,45,0.7014218009478672985781990521,2019
0.05,true,NQU9,full_overnight,true,d4fe4cbe7f26b8230cb5,R03,2019-07-02,7778.375,7791.75,7773.25,74,0.7011042485495040239565787011,2019
0.05,true,NQU9,opening_hour_rth,true,d5105a2b6395f92514ec,R05,2019-06-17,7563.875,7570.75,7546.25,98,0.7017255546425636811832374692,2019
0.1,true,NQH0,opening_hour_rth,true,d52a19f6c41d201515ae,R05,2019-12-26,8760.625,8764.75,8751.5,53,0.7015706806282722513089005236,2019
0.05,true,NQH9,midnight,true,d54e39acc5ab6eea92e9,R04,2019-01-17,6639.375,6647,6623,96,0.7035915188230203375162267417,2019
0.05,true,NQZ9,full_overnight,true,d54e5e6f58e6a6974d26,R03,2019-10-01,7812.375,7820.25,7793.75,106,0.7033753305335199875563851299,2019
0.1,true,NQZ9,opening_hour_rth,true,d550f36cd645b9dd335d,R05,2019-10-03,7571.875,7583.25,7505.5,311,0.7014981273408239700374531835,2019
0.2,true,NQU9,opening_hour_rth,true,d56e522ab1a6ae7c287c,R05,2019-06-21,7757.625,7761.75,7746.75,20,0.7208333333333333333333333333,2019
0.05,true,NQU9,prior_rth,true,d57f061057b0548de492,R01,2019-09-16,7896.875,7908.5,7889.75,75,0.7039497969730527870062753784,2019
0.05,true,NQU9,prior_rth,true,d57f061057b0548de492,R02,2019-09-16,7896.875,7908.5,7889.75,75,0.7039497969730527870062753784,2019
0.1,true,NQH9,midnight,true,d594443ddd1a4b173dd2,R04,2019-01-18,6738.375,6750.25,6731,77,0.7015032211882605583392984968,2019
0.05,true,NQM9,prior_rth,true,d595e40e5a3fc2ed2d00,R01,2019-03-12,7182.875,7196.75,7137.5,237,0.7005740528128587830080367394,2019
0.05,true,NQM9,prior_rth,true,d595e40e5a3fc2ed2d00,R02,2019-03-12,7182.875,7196.75,7137.5,237,0.7005740528128587830080367394,2019
0.2,true,NQM9,midnight,true,d5a434034c908df13dcc,R04,2019-05-16,7493.25,7538,7482,112,0.7008599508599508599508599509,2019
0.2,true,NQH9,midnight,true,d5e1547a1bda6d734e5b,R04,2019-02-01,6884.875,6895.25,6877.5,71,0.7003908944584962060243734192,2019
0.05,true,NQZ9,full_overnight,true,d608a976b511fb9a53a3,R03,2019-10-23,7846.125,7857.5,7833.5,96,0.7004973577867578489275722723,2019
0.05,true,NQZ9,opening_hour_rth,true,d60dad21bd0ad68d3b15,R05,2019-09-24,7871.625,7890.5,7866.5,96,0.7013473053892215568862275449,2019
0.05,true,NQU9,full_overnight,true,d611a3ad44d06d373854,R03,2019-09-11,7828.125,7836,7809.5,106,0.701078775715002508780732564,2019
0.1,true,NQZ9,full_overnight,true,d62a5260d5e8addfedfe,R03,2019-09-24,7876.125,7882.75,7867,63,0.7012433392539964476021314387,2019
0.05,true,NQZ9,prior_rth,true,d66156074a640e4c0965,R01,2019-11-19,8320.625,8325,8284.5,162,0.700356415478615071283095723,2019
0.05,true,NQZ9,prior_rth,true,d66156074a640e4c0965,R02,2019-11-19,8320.625,8325,8284.5,162,0.700356415478615071283095723,2019
0.2,true,NQH9,full_overnight,true,d686b5bcc326f12a1fc8,R03,2019-02-13,7046.875,7056,7042,56,0.7009170487703209670696123385,2019
0.05,true,NQU9,midnight,true,d68d240ea59657399cd2,R04,2019-07-15,7964.125,7977,7959.25,71,0.7055261165783497350492051476,2019
0.1,true,NQZ9,prior_rth,true,d6981058fbf93e730920,R01,2019-10-22,7940.375,7942.5,7920.75,87,0.7010804321728691476590636255,2019
0.1,true,NQZ9,prior_rth,true,d6981058fbf93e730920,R02,2019-10-22,7940.375,7942.5,7920.75,87,0.7010804321728691476590636255,2019
0.05,true,NQM9,prior_rth,true,d6a3f3686b5aaa501588,R01,2019-05-13,7553.875,7606,7473.25,531,0.7009370347666170417724844557,2019
0.05,true,NQM9,prior_rth,true,d6a3f3686b5aaa501588,R02,2019-05-13,7553.875,7606,7473.25,531,0.7009370347666170417724844557,2019
0.2,true,NQZ9,full_overnight,true,d6abbe8b60a9532b6a2d,R03,2019-12-02,8444.25,8454,8427,54,0.7039127163280662151993980436,2019
0.2,true,NQU9,full_overnight,true,d6c799ab8586f83801ba,R03,2019-09-11,7827.75,7836,7809,54,0.7044789556605896916497861805,2019
0.2,true,NQU9,midnight,true,d6db4bc089a808034cbd,R04,2019-07-24,7955.625,7960.25,7937.75,90,0.7019285309132161089052750993,2019
0.2,true,NQM9,opening_hour_rth,true,d6f0a3d212b5e47a00d1,R05,2019-05-28,7359.25,7367.5,7342,51,0.7043941411451398135818908123,2019
0.05,true,NQH9,prior_rth,true,d705a707e5dfe5ed4201,R01,2019-01-24,6642.125,6671.25,6611.25,240,0.7001114827201783723522853958,2019
0.05,true,NQH9,prior_rth,true,d705a707e5dfe5ed4201,R02,2019-01-24,6642.125,6671.25,6611.25,240,0.7001114827201783723522853958,2019
0.05,true,NQH9,midnight,true,d7118bad0d342e9382d9,R04,2019-01-14,6546.875,6556,6538.75,69,0.7051756007393715341959334566,2019
0.1,true,NQM9,prior_rth,true,d718bd236d5de0ac9cdd,R01,2019-06-05,7146.375,7164.75,7079.5,341,0.7001775713700314164731594045,2019
0.1,true,NQM9,prior_rth,true,d718bd236d5de0ac9cdd,R02,2019-06-05,7146.375,7164.75,7079.5,341,0.7001775713700314164731594045,2019
0.2,true,NQZ9,full_overnight,true,d71b9e9e74acf377d19f,R03,2019-10-01,7810.25,7820.5,7793.5,54,0.7117631078511274110296115186,2019
0.1,true,NQZ9,midnight,true,d73bfc10e6e8a4a4bc24,R04,2019-09-19,7895.625,7902.5,7876.25,105,0.7010729613733905579399141631,2019
0.1,true,NQU9,prior_rth,true,d7a41806d2d4d9945d7e,R01,2019-07-23,7897.125,7915.5,7893.5,88,0.7021369385085041430440470999,2019
0.1,true,NQU9,prior_rth,true,d7a41806d2d4d9945d7e,R02,2019-07-23,7897.125,7915.5,7893.5,88,0.7021369385085041430440470999,2019
0.1,true,NQU9,prior_rth,true,d7a587639caddb62ad06,R01,2019-07-10,7835.875,7847.5,7811.5,144,0.7040347293156281920326864147,2019
0.1,true,NQU9,prior_rth,true,d7a587639caddb62ad06,R02,2019-07-10,7835.875,7847.5,7811.5,144,0.7040347293156281920326864147,2019
0.1,true,NQU9,full_overnight,true,d7b4bb048e3f61fe99ac,R03,2019-07-24,7950.875,7960.25,7937.75,90,0.7,2019
0.2,true,NQZ9,midnight,true,d7b56ee1bdfee4db7d74,R04,2019-12-10,8322.625,8365.25,8300.25,260,0.7025411061285500747384155456,2019
0.1,true,NQM9,full_overnight,true,d7f3d1a579a8b798ee1a,R03,2019-06-10,7444.125,7460,7434.75,101,0.7022295376327996408798443813,2019
0.1,true,NQU9,prior_rth,true,d7fcb3be94c1a922e1de,R01,2019-07-29,8031.375,8038.25,8017,85,0.704445530043966780654616512,2019
0.1,true,NQU9,prior_rth,true,d7fcb3be94c1a922e1de,R02,2019-07-29,8031.375,8038.25,8017,85,0.704445530043966780654616512,2019
0.05,true,NQU9,prior_rth,true,d80b7c1dda1f7dbfffd8,R01,2019-07-11,7917.375,7932.25,7908,97,0.7022058823529411764705882353,2019
0.05,true,NQU9,prior_rth,true,d80b7c1dda1f7dbfffd8,R02,2019-07-11,7917.375,7932.25,7908,97,0.7022058823529411764705882353,2019
0.2,true,NQU9,opening_hour_rth,true,d8102a75911b92c6beec,R05,2019-08-13,7742.625,7789.5,7659.75,173,0.7002417405318291700241740532,2019
0.1,true,NQH9,prior_rth,true,d832536ccd8615c4ffde,R01,2019-01-28,6789.875,6802.75,6780.5,89,0.7024347826086956521739130435,2019
0.1,true,NQH9,prior_rth,true,d832536ccd8615c4ffde,R02,2019-01-28,6789.875,6802.75,6780.5,89,0.7024347826086956521739130435,2019
0.05,true,NQM9,midnight,true,d8417584b1f2aa248958,R04,2019-04-23,7728.125,7742,7725,68,0.7002595155709342560553633218,2019
0.1,true,NQZ9,prior_rth,true,d84971e09aebce9b5dc3,R01,2019-12-06,8293.125,8308,8284,96,0.7035398230088495575221238938,2019
0.1,true,NQZ9,prior_rth,true,d84971e09aebce9b5dc3,R02,2019-12-06,8293.125,8308,8284,96,0.7035398230088495575221238938,2019
0.05,true,NQZ9,full_overnight,true,d862cc4f4e8304c09a28,R03,2019-10-10,7692.625,7710.5,7646.5,256,0.7001089115254020116599397783,2019
0.1,true,NQH9,full_overnight,true,d86ccdfbd8142089eee0,R03,2019-01-25,6736.375,6755,6709.25,183,0.7013927576601671309192200557,2019
0.2,true,NQZ9,prior_rth,true,d8a8d137c449a14e7534,R01,2019-10-11,7744.125,7761,7728,44,0.700624512099921935987509758,2019
0.2,true,NQZ9,prior_rth,true,d8a8d137c449a14e7534,R02,2019-10-11,7744.125,7761,7728,44,0.700624512099921935987509758,2019
0.1,true,NQZ9,opening_hour_rth,true,d8b321d6dfa623f0acbb,R05,2019-09-16,7886.125,7892.25,7874.5,71,0.7051367578385590393595730487,2019
0.2,true,NQU9,midnight,true,d8d3b61d0d03f21db022,R04,2019-08-15,7525.25,7551.5,7492,119,0.7023150120721488424939639256,2019
0.2,true,NQZ9,midnight,true,d8e73069c26f0461984b,R04,2019-10-11,7846.125,7859.5,7805.75,215,0.7014785700917087778401647015,2019
0.1,true,NQZ9,midnight,true,d8ec9397ba90a2029b39,R04,2019-10-03,7559.125,7580.25,7556.25,96,0.7054225696140693698094772838,2019
0.2,true,NQM9,midnight,true,d902bd897591deda9acb,R04,2019-04-23,7728.125,7742,7725,68,0.7002595155709342560553633218,2019
0.2,true,NQM9,full_overnight,true,d902f530289abc842b02,R03,2019-04-02,7487.875,7499.75,7486,55,0.7106435643564356435643564356,2019
0.1,true,NQU9,prior_rth,true,d94ff59f610ce819f841,R01,2019-07-25,7988.375,7994.25,7968.25,104,0.7002501705708437571071184899,2019
0.1,true,NQU9,prior_rth,true,d94ff59f610ce819f841,R02,2019-07-25,7988.375,7994.25,7968.25,104,0.7002501705708437571071184899,2019
0.05,true,NQM9,prior_rth,true,d963ffc5038ce70c25c5,R01,2019-05-08,7671.375,7712.75,7619.25,374,0.7006084466714387974230493916,2019
0.05,true,NQM9,prior_rth,true,d963ffc5038ce70c25c5,R02,2019-05-08,7671.375,7712.75,7619.25,374,0.7006084466714387974230493916,2019
0.2,true,NQZ9,midnight,true,d96e57d0e125570e5434,R04,2019-12-06,8334.625,8343.5,8327.5,64,0.7005752346351801392673327278,2019
0.2,true,NQU9,prior_rth,true,d97ecf16e151af5e0488,R01,2019-08-07,7508.5,7534,7471,63,0.7110356536502546689303904924,2019
0.2,true,NQU9,prior_rth,true,d97ecf16e151af5e0488,R02,2019-08-07,7508.5,7534,7471,63,0.7110356536502546689303904924,2019
0.1,true,NQZ9,prior_rth,true,d984d3162984e7a15b84,R01,2019-09-27,7790.375,7797,7760.75,145,0.7008476893628657369428493301,2019
0.1,true,NQZ9,prior_rth,true,d984d3162984e7a15b84,R02,2019-09-27,7790.375,7797,7760.75,145,0.7008476893628657369428493301,2019
0.1,true,NQU9,opening_hour_rth,true,d9e5855f1209f6f3cf7b,R05,2019-07-25,7963.75,7972.5,7946.5,52,0.7033557046979865771812080537,2019
0.05,true,NQH9,midnight,true,da05aafdcb26b8c19584,R04,2019-03-04,7196.125,7198.75,7187.5,45,0.7093952073031570939520730316,2019
0.2,true,NQH9,midnight,true,da076b0f0e16e5f41df1,R04,2019-01-14,6546.875,6556,6538.75,69,0.7051756007393715341959334566,2019
0.05,true,NQM9,midnight,true,da46d9295a58bc340131,R04,2019-06-12,7487.125,7493.25,7480,53,0.7011630666983147400901970093,2019
0.05,true,NQU9,prior_rth,true,da64447c8503a9341278,R01,2019-06-28,7691.125,7695.25,7684.25,44,0.7056934931506849315068493151,2019
0.05,true,NQU9,prior_rth,true,da64447c8503a9341278,R02,2019-06-28,7691.125,7695.25,7684.25,44,0.7056934931506849315068493151,2019
0.1,true,NQZ9,opening_hour_rth,true,da76f9b51d999c453cb0,R05,2019-09-24,7871.625,7890.5,7866.5,96,0.7013473053892215568862275449,2019
0.2,true,NQU9,full_overnight,true,daa089e4f06df041f016,R03,2019-08-02,7788.5,7794,7757,37,0.7067631644621911654604442226,2019
0.05,true,NQU9,prior_rth,true,dab30d49a171e950889f,R01,2019-08-15,7509.375,7562.75,7493.25,278,0.7001309114711176566846669939,2019
0.05,true,NQU9,prior_rth,true,dab30d49a171e950889f,R02,2019-08-15,7509.375,7562.75,7493.25,278,0.7001309114711176566846669939,2019
0.1,true,NQZ9,prior_rth,true,dac4d8a58831694e2dbf,R01,2019-12-12,8377.875,8398.5,8372.25,105,0.7041989836854774003744316662,2019
0.1,true,NQZ9,prior_rth,true,dac4d8a58831694e2dbf,R02,2019-12-12,8377.875,8398.5,8372.25,105,0.7041989836854774003744316662,2019
0.05,true,NQM9,midnight,true,dac895eadaf05ad9332d,R04,2019-04-03,7564.875,7571,7562,36,0.7098700386371619248331577099,2019
0.2,true,NQU9,prior_rth,true,dadefb8a4ee2e69233f5,R01,2019-07-15,7952.875,7958,7934,96,0.7050610820244328097731239092,2019
0.2,true,NQU9,prior_rth,true,dadefb8a4ee2e69233f5,R02,2019-07-15,7952.875,7958,7934,96,0.7050610820244328097731239092,2019
0.1,true,NQM9,prior_rth,true,daebe254a30192a93157,R01,2019-04-23,7718.625,7732.75,7704.25,114,0.7030321975617380431384807752,2019
0.1,true,NQM9,prior_rth,true,daebe254a30192a93157,R02,2019-04-23,7718.625,7732.75,7704.25,114,0.7030321975617380431384807752,2019
0.2,true,NQH9,midnight,true,daecba00dafa9b6d3d12,R04,2019-02-06,7004.125,7014.25,6995.75,74,0.7055412371134020618556701031,2019
0.2,true,NQU9,opening_hour_rth,true,daf2f09c5b82ce34c822,R05,2019-08-01,7917.25,7949,7909,80,0.7009925558312655086848635236,2019
0.2,true,NQH9,prior_rth,true,daf7ce9978c51528f414,R01,2019-01-15,6568.875,6575.25,6555,81,0.7018411183088987384930105694,2019
0.2,true,NQH9,prior_rth,true,daf7ce9978c51528f414,R02,2019-01-15,6568.875,6575.25,6555,81,0.7018411183088987384930105694,2019
0.05,true,NQM9,opening_hour_rth,true,db0e16e9ff11e16d488f,R05,2019-05-02,7776.625,7789.75,7754.75,140,0.7010463378176382660687593423,2019
0.1,true,NQM9,midnight,true,db145aa97d73b20cdceb,R04,2019-03-21,7412.625,7432.75,7387.25,182,0.7029847124484348459111866052,2019
0.05,true,NQU9,full_overnight,true,db323832cb70f82bf669,R03,2019-08-15,7525.375,7549,7490.5,234,0.7008703618873110398534127348,2019
0.2,true,NQM9,prior_rth,true,db364928259c8ecc156f,R01,2019-05-13,7568.5,7606,7473,133,0.7096159949222469057442081879,2019
0.2,true,NQM9,prior_rth,true,db364928259c8ecc156f,R02,2019-05-13,7568.5,7606,7473,133,0.7096159949222469057442081879,2019
0.1,true,NQM9,prior_rth,true,db45442d668850d0f2ba,R01,2019-03-13,7238.375,7247.25,7219.5,111,0.7024985473561882626380011621,2019
0.1,true,NQM9,prior_rth,true,db45442d668850d0f2ba,R02,2019-03-13,7238.375,7247.25,7219.5,111,0.7024985473561882626380011621,2019
0.1,true,NQZ9,prior_rth,true,db569a93296edb837127,R01,2019-10-11,7742.75,7761,7728,66,0.7017350592123381988432938584,2019
0.1,true,NQZ9,prior_rth,true,db569a93296edb837127,R02,2019-10-11,7742.75,7761,7728,66,0.7017350592123381988432938584,2019
0.2,true,NQM9,opening_hour_rth,true,dbb4e749ce2ca1cb3a58,R05,2019-04-10,7605.75,7609.5,7601,17,0.719924812030075187969924812,2019
0.2,true,NQU9,midnight,true,dbf6d0a8fc442f2c1473,R04,2019-08-02,7753.75,7781,7742,78,0.7008728975942090696189056845,2019
0.1,true,NQH9,prior_rth,true,dc02338ac5fb76626896,R01,2019-03-06,7162.375,7173.5,7150.5,92,0.7027978869105850127176677754,2019
0.1,true,NQH9,prior_rth,true,dc02338ac5fb76626896,R02,2019-03-06,7162.375,7173.5,7150.5,92,0.7027978869105850127176677754,2019
0.2,true,NQU9,midnight,true,dc09c4babdacc0ef3e5e,R04,2019-08-29,7686.625,7701.25,7640.75,242,0.7011206133883810085520495429,2019
0.05,true,NQH0,midnight,true,dc0f1a66d3e22d2e23d5,R04,2019-12-19,8618.875,8622.5,8615,30,0.7141036533559898045879354291,2019
0.2,true,NQM9,midnight,true,dc44421555eb9010fc13,R04,2019-05-30,7244.125,7250.25,7235.75,58,0.7027632561613144137415982076,2019
0.1,true,NQH9,midnight,true,dc57ea434cabd23037e4,R04,2019-02-06,7004.125,7014.25,6995.75,74,0.7055412371134020618556701031,2019
0.1,true,NQH9,prior_rth,true,dc64a26b8dc574d0dbb1,R01,2019-01-25,6696.375,6703.25,6678,101,0.7011561539587296941314210449,2019
0.1,true,NQH9,prior_rth,true,dc64a26b8dc574d0dbb1,R02,2019-01-25,6696.375,6703.25,6678,101,0.7011561539587296941314210449,2019
0.1,true,NQZ9,prior_rth,true,dcb22b0be5abccdf2cb0,R01,2019-10-14,7881.625,7903.25,7872.25,124,0.7006098425755212026662884697,2019
0.1,true,NQZ9,prior_rth,true,dcb22b0be5abccdf2cb0,R02,2019-10-14,7881.625,7903.25,7872.25,124,0.7006098425755212026662884697,2019
0.05,true,NQH9,prior_rth,true,dcb8bfe5f13144cb7678,R01,2019-02-05,6944.625,6957.75,6919,155,0.7005382131324004305705059203,2019
0.05,true,NQH9,prior_rth,true,dcb8bfe5f13144cb7678,R02,2019-02-05,6944.625,6957.75,6919,155,0.7005382131324004305705059203,2019
0.2,true,NQM9,prior_rth,true,dcf562a4ffb0a8aac7ab,R01,2019-05-08,7671.375,7712.25,7619.25,124,0.7000251445813427206437012824,2019
0.2,true,NQM9,prior_rth,true,dcf562a4ffb0a8aac7ab,R02,2019-05-08,7671.375,7712.25,7619.25,124,0.7000251445813427206437012824,2019
0.1,true,NQM9,opening_hour_rth,true,dd01bc15fc16810495ca,R05,2019-03-21,7438.625,7449.75,7422.5,109,0.7010785824345146379044684129,2019
0.2,true,NQM9,full_overnight,true,dd150596f930e2331a5b,R03,2019-04-26,7806.375,7809.75,7793.25,22,0.7002508361204013377926421405,2019
0.05,true,NQZ9,full_overnight,true,dd1ff1f82ddb11c4a299,R03,2019-10-04,7646.625,7657.25,7629.5,111,0.7038641686182669789227166276,2019
0.2,true,NQZ9,prior_rth,true,dd2c7a3d71b87e74da03,R01,2019-11-22,8269.75,8275.5,8256,39,0.7013352073085031623330990864,2019
0.2,true,NQZ9,prior_rth,true,dd2c7a3d71b87e74da03,R02,2019-11-22,8269.75,8275.5,8256,39,0.7013352073085031623330990864,2019
0.1,true,NQU9,prior_rth,true,dd37f813a90311c23df8,R01,2019-07-26,7951.75,7966,7940.5,51,0.7065921130076515597410241318,2019
0.1,true,NQU9,prior_rth,true,dd37f813a90311c23df8,R02,2019-07-26,7951.75,7966,7940.5,51,0.7065921130076515597410241318,2019
0.2,true,NQZ9,prior_rth,true,dd3b5921a341223b755c,R01,2019-09-26,7765.25,7777.5,7696,163,0.7013414325487218425715008859,2019
0.2,true,NQZ9,prior_rth,true,dd3b5921a341223b755c,R02,2019-09-26,7765.25,7777.5,7696,163,0.7013414325487218425715008859,2019
0.1,true,NQZ9,prior_rth,true,dd3b77bad37c09cd4840,R01,2019-12-10,8390.375,8410,8371.25,155,0.700182815356489945155393053,2019
0.1,true,NQZ9,prior_rth,true,dd3b77bad37c09cd4840,R02,2019-12-10,8390.375,8410,8371.25,155,0.700182815356489945155393053,2019
0.2,true,NQH9,prior_rth,true,dd42dd3b4dc417abbaaf,R01,2019-02-19,7042.125,7054.5,7032.75,29,0.7020564323290291726446676231,2019
0.2,true,NQH9,prior_rth,true,dd42dd3b4dc417abbaaf,R02,2019-02-19,7042.125,7054.5,7032.75,29,0.7020564323290291726446676231,2019
0.05,true,NQH0,prior_rth,true,dd5d55e41f8df1ea54f0,R01,2019-12-23,8708.375,8711.25,8695.75,62,0.7067773167358229598893499308,2019
0.05,true,NQH0,prior_rth,true,dd5d55e41f8df1ea54f0,R02,2019-12-23,8708.375,8711.25,8695.75,62,0.7067773167358229598893499308,2019
0.05,true,NQH9,midnight,true,dd5f5d1c73462690829e,R04,2019-01-04,6238.625,6268.75,6234.5,137,0.7001158748551564310544611819,2019
0.2,true,NQM9,opening_hour_rth,true,dd76ac92e685434c9e4d,R05,2019-03-11,7130.125,7134.5,7110,98,0.7013953488372093023255813953,2019
0.1,true,NQZ9,midnight,true,dd843466fa2023fce4b8,R04,2019-11-13,8245.125,8253.75,8232.5,85,0.703551046290424857324032974,2019
0.2,true,NQZ9,midnight,true,dd89718d219de273458c,R04,2019-11-14,8254.375,8262.25,8247.5,59,0.7034093822096898231222763394,2019
0.1,true,NQH9,opening_hour_rth,true,dd955f9144c9f9e24d92,R05,2019-03-08,6956.125,6965,6946,76,0.7014492753623188405797101449,2019
0.1,true,NQH9,full_overnight,true,dd99c83ddbc7280c26dd,R03,2019-02-14,7044.125,7050,7014.75,141,0.7049556439278066687060263077,2019
0.2,true,NQH9,opening_hour_rth,true,ddb1d1b9a48ca6dedd63,R05,2019-01-04,6289.5,6318,6260,58,0.702970297029702970297029703,2019
0.2,true,NQM9,prior_rth,true,ddd80e3161df8f576764,R01,2019-04-16,7624.625,7650.5,7616.5,136,0.7010836845273931366646598435,2019
0.2,true,NQM9,prior_rth,true,ddd80e3161df8f576764,R02,2019-04-16,7624.625,7650.5,7616.5,136,0.7010836845273931366646598435,2019
0.05,true,NQM9,prior_rth,true,ddd9a5fbd1292ab41144,R01,2019-04-29,7813.125,7820.5,7783.75,147,0.7028701218253148874664464175,2019
0.05,true,NQM9,prior_rth,true,ddd9a5fbd1292ab41144,R02,2019-04-29,7813.125,7820.5,7783.75,147,0.7028701218253148874664464175,2019
0.2,true,NQH9,opening_hour_rth,true,dde2eeec46e7c7679f19,R05,2019-01-24,6685.875,6705,6680.25,33,0.7124394184168012924071082391,2019
0.1,true,NQU9,midnight,true,ddf3a1ef3f779a340b55,R04,2019-08-15,7524.875,7551.25,7491.75,238,0.7001184132622853759621077561,2019
0.2,true,NQH9,full_overnight,true,de3204aa45e67ef18ca0,R03,2019-01-25,6734.75,6755,6708.5,93,0.704663212435233160621761658,2019
0.05,true,NQU9,prior_rth,true,de6ab99b64f8d0b545ee,R01,2019-08-01,7973.875,7992,7890.5,406,0.7005574136008918617614269788,2019
0.05,true,NQU9,prior_rth,true,de6ab99b64f8d0b545ee,R02,2019-08-01,7973.875,7992,7890.5,406,0.7005574136008918617614269788,2019
0.2,true,NQZ9,midnight,true,de8ace268a60f9660550,R04,2019-11-11,8221.875,8226.5,8217.75,35,0.7067530064754856614246068455,2019
0.05,true,NQZ9,prior_rth,true,dea22f775d825df0a8e9,R01,2019-10-07,7736.625,7773.5,7710.25,253,0.7017828200972447325769854133,2019
0.05,true,NQZ9,prior_rth,true,dea22f775d825df0a8e9,R02,2019-10-07,7736.625,7773.5,7710.25,253,0.7017828200972447325769854133,2019
0.05,true,NQU9,prior_rth,true,deaba8de8c4bd786838c,R01,2019-06-20,7655.625,7681,7645.75,141,0.7025993883792048929663608563,2019
0.05,true,NQU9,prior_rth,true,deaba8de8c4bd786838c,R02,2019-06-20,7655.625,7681,7645.75,141,0.7025993883792048929663608563,2019
0.1,true,NQZ9,opening_hour_rth,true,deb59cb5fd83bd1d454d,R05,2019-11-11,8223.875,8231.75,8215.25,66,0.7077577045696068012752391073,2019
0.1,true,NQZ9,midnight,true,decff2731f1b02b81d26,R04,2019-12-05,8311.875,8332.5,8305.75,107,0.7000269034167339252085014797,2019
0.05,true,NQM9,full_overnight,true,ded1bc9ee45cb8707db0,R03,2019-05-22,7443.875,7469.25,7433.25,144,0.7019967177242888402625820569,2019
0.1,true,NQM9,prior_rth,true,ded80ccfc98437162dc5,R01,2019-04-05,7560.875,7568.5,7538.5,120,0.7012987012987012987012987013,2019
0.1,true,NQM9,prior_rth,true,ded80ccfc98437162dc5,R02,2019-04-05,7560.875,7568.5,7538.5,120,0.7012987012987012987012987013,2019
0.1,true,NQZ9,full_overnight,true,dedee3b45e0d75d5c691,R03,2019-10-10,7692.625,7710.5,7646.5,256,0.7001089115254020116599397783,2019
0.2,true,NQM9,midnight,true,df0e9dca16b0c90d0432,R04,2019-06-04,7031.875,7057,7011.75,181,0.7003181336161187698833510074,2019
0.1,true,NQM9,prior_rth,true,df24ec4841a377104886,R01,2019-05-07,7755.625,7784.25,7739,181,0.7021244538194967605846014766,2019
0.1,true,NQM9,prior_rth,true,df24ec4841a377104886,R02,2019-05-07,7755.625,7784.25,7739,181,0.7021244538194967605846014766,2019
0.2,true,NQU9,prior_rth,true,df2842bfa284d332d5ca,R01,2019-09-16,7897.25,7908.5,7889.5,38,0.7092222986923606331727460427,2019
0.2,true,NQU9,prior_rth,true,df2842bfa284d332d5ca,R02,2019-09-16,7897.25,7908.5,7889.5,38,0.7092222986923606331727460427,2019
0.1,true,NQH9,midnight,true,df317ee14f1fb7f3287f,R04,2019-02-05,6933.375,6956.5,6930.5,104,0.7034459907223326706428098078,2019
0.2,true,NQM9,full_overnight,true,df538b6fe07e120e5aa3,R03,2019-04-03,7564.875,7573,7557.5,62,0.7025,2019
0.05,true,NQM9,opening_hour_rth,true,df5f9974b6a0548ede05,R05,2019-06-12,7496.125,7503.75,7485.75,72,0.7045604758757435558493060145,2019
0.2,true,NQZ9,midnight,true,dfa4bba4c38026f79e0a,R04,2019-12-02,8444.375,8456,8425,124,0.7044152342433434445567913718,2019
0.1,true,NQZ9,opening_hour_rth,true,dfa8da645f0bdd7bd5f5,R05,2019-09-25,7697.625,7717.75,7685.75,128,0.7012741859367626238791882964,2019
0.1,true,NQZ9,opening_hour_rth,true,dfc6c802ddbc719c9824,R05,2019-09-19,7961.875,7965,7950,60,0.7002583979328165374677002584,2019
0.05,true,NQM9,full_overnight,true,dff0e6ef034cc8a8fa74,R03,2019-05-29,7233.875,7254.25,7223.75,122,0.702346041055718475073313783,2019
0.05,true,NQZ9,midnight,true,dffe645e76d1c3baf46e,R04,2019-11-14,8254.375,8262.25,8247.5,59,0.7034093822096898231222763394,2019
0.1,true,NQH9,midnight,true,e0069e476d80c5ebd604,R04,2019-03-04,7196.125,7198.75,7187.5,45,0.7093952073031570939520730316,2019
0.1,true,NQZ9,prior_rth,true,e00b052e543dbf76d452,R01,2019-10-17,7923.375,7934.75,7918.5,65,0.702737940026075619295958279,2019
0.1,true,NQZ9,prior_rth,true,e00b052e543dbf76d452,R02,2019-10-17,7923.375,7934.75,7918.5,65,0.702737940026075619295958279,2019
0.1,true,NQH9,full_overnight,true,e016fb385ba063bcdfb3,R03,2019-02-19,7072.375,7085.25,7056.5,115,0.7029375258585022755482002482,2019
0.05,true,NQH9,full_overnight,true,e0173a1c621cc8ebd450,R03,2019-01-07,6457.125,6467.25,6422.75,178,0.703993884960825530288553411,2019
0.2,true,NQM9,prior_rth,true,e01a2303eb2e21fd762d,R01,2019-03-20,7395.375,7402.5,7378.5,96,0.7016737171234136472319293728,2019
0.2,true,NQM9,prior_rth,true,e01a2303eb2e21fd762d,R02,2019-03-20,7395.375,7402.5,7378.5,96,0.7016737171234136472319293728,2019
0.05,true,NQM9,opening_hour_rth,true,e02dfaabaef477ac1fcd,R05,2019-03-19,7386.375,7393.75,7382.5,45,0.7014218009478672985781990521,2019
0.2,true,NQM9,prior_rth,true,e03c5607dac0663a2943,R01,2019-03-27,7356.25,7411.5,7346.5,130,0.7021445591739475774424146148,2019
0.2,true,NQM9,prior_rth,true,e03c5607dac0663a2943,R02,2019-03-27,7356.25,7411.5,7346.5,130,0.7021445591739475774424146148,2019
0.05,true,NQU9,opening_hour_rth,true,e0c6f97f0640809c596c,R05,2019-09-11,7863.125,7867.25,7836,125,0.7001985440105890138980807412,2019
0.1,true,NQH9,midnight,true,e0cdfd8eb777418d9c3b,R04,2019-01-09,6586.875,6590.75,6573.25,70,0.7027954038758360487051963643,2019
0.1,true,NQM9,full_overnight,true,e0cec5dce9740f5c40ea,R03,2019-04-01,7473.875,7480.5,7464,66,0.702628193346811247932365374,2019
0.1,true,NQM9,midnight,true,e0d7a92f7a7a6461e551,R04,2019-03-28,7336.125,7343.75,7322.75,84,0.7012118679481821980777267029,2019
0.05,true,NQZ9,prior_rth,true,e1100cf79dc558606ccb,R01,2019-09-23,7845.375,7897.25,7810.75,346,0.7006949806949806949806949807,2019
0.05,true,NQZ9,prior_rth,true,e1100cf79dc558606ccb,R02,2019-09-23,7845.375,7897.25,7810.75,346,0.7006949806949806949806949807,2019
0.05,true,NQM9,full_overnight,true,e1191ebf632729c24f3f,R03,2019-06-06,7253.625,7263.5,7224.5,156,0.7053127101546738399462004035,2019
0.05,true,NQH9,opening_hour_rth,true,e15ef844e6bef0dd2e36,R05,2019-01-11,6597.625,6600.25,6583,69,0.7026854219948849104859335038,2019
0.2,true,NQM9,prior_rth,true,e181c5efd46406e08f69,R01,2019-06-10,7429.875,7440,7417.5,30,0.7034283353985956216439487815,2019
0.2,true,NQM9,prior_rth,true,e181c5efd46406e08f69,R02,2019-06-10,7429.875,7440,7417.5,30,0.7034283353985956216439487815,2019
0.1,true,NQH9,midnight,true,e1a81cdeed83b6cf86bd,R04,2019-02-04,6880.625,6885.75,6875.25,42,0.713740458015267175572519084,2019
0.1,true,NQZ9,prior_rth,true,e1e48cc0f6a798eb02f8,R01,2019-11-07,8194.875,8200.5,8181.25,77,0.7020655590480466995958688819,2019
0.1,true,NQZ9,prior_rth,true,e1e48cc0f6a798eb02f8,R02,2019-11-07,8194.875,8200.5,8181.25,77,0.7020655590480466995958688819,2019
0.05,true,NQH9,prior_rth,true,e21726444d1a39c2c93c,R01,2019-02-04,6893.375,6906.75,6863.75,172,0.7030366180410836558499553439,2019
0.05,true,NQH9,prior_rth,true,e21726444d1a39c2c93c,R02,2019-02-04,6893.375,6906.75,6863.75,172,0.7030366180410836558499553439,2019
0.1,true,NQU9,prior_rth,true,e22414af2f5827e80f0b,R01,2019-08-08,7474.875,7553.25,7462.5,121,0.7045454545454545454545454545,2019
0.1,true,NQU9,prior_rth,true,e22414af2f5827e80f0b,R02,2019-08-08,7474.875,7553.25,7462.5,121,0.7045454545454545454545454545,2019
0.05,true,NQH9,prior_rth,true,e230745eaae3a070a990,R01,2019-01-03,6340.625,6403,6321.25,327,0.7001974008883039973679881559,2019
0.05,true,NQH9,prior_rth,true,e230745eaae3a070a990,R02,2019-01-03,6340.625,6403,6321.25,327,0.7001974008883039973679881559,2019
0.2,true,NQU9,prior_rth,true,e248b6ff9b7ac5b7487d,R01,2019-07-02,7801.75,7812,7768,88,0.70016,2019
0.2,true,NQU9,prior_rth,true,e248b6ff9b7ac5b7487d,R02,2019-07-02,7801.75,7812,7768,88,0.70016,2019
0.2,true,NQM9,prior_rth,true,e2767dac4c92c548c0c4,R01,2019-05-30,7226.25,7239.5,7205,69,0.7062013676019806649375147371,2019
0.2,true,NQM9,prior_rth,true,e2767dac4c92c548c0c4,R02,2019-05-30,7226.25,7239.5,7205,69,0.7062013676019806649375147371,2019
0.2,true,NQU9,prior_rth,true,e288b20ee96fba062620,R01,2019-09-06,7852.75,7868.5,7847.5,42,0.7003379647014645137063462261,2019
0.2,true,NQU9,prior_rth,true,e288b20ee96fba062620,R02,2019-09-06,7852.75,7868.5,7847.5,42,0.7003379647014645137063462261,2019
0.05,true,NQZ9,prior_rth,true,e2b007409010bb0eeade,R01,2019-10-04,7632.125,7652.75,7557.75,380,0.7002125398512221041445270988,2019
0.05,true,NQZ9,prior_rth,true,e2b007409010bb0eeade,R02,2019-10-04,7632.125,7652.75,7557.75,380,0.7002125398512221041445270988,2019
0.1,true,NQU9,prior_rth,true,e2d0ea146985280b839f,R01,2019-08-23,7722.875,7746,7677,276,0.701547418415811245595219856,2019
0.1,true,NQU9,prior_rth,true,e2d0ea146985280b839f,R02,2019-08-23,7722.875,7746,7677,276,0.701547418415811245595219856,2019
0.2,true,NQM9,full_overnight,true,e2de561b3d77f6b17edf,R03,2019-03-27,7371.75,7389,7366.5,45,0.7049092849519743863393810032,2019
0.05,true,NQH9,full_overnight,true,e2e88eee066d69531f34,R03,2019-01-31,6864.375,6871,6853,72,0.7067878610174461222694619557,2019
0.2,true,NQM9,midnight,true,e30188e7a2fb61968cea,R04,2019-04-10,7602.375,7607.5,7598.5,36,0.7101449275362318840579710145,2019
0.2,true,NQU9,prior_rth,true,e302a39f0ea4ccd2cfd9,R01,2019-07-11,7917.375,7932,7908,32,0.7038924930491195551436515292,2019
0.2,true,NQU9,prior_rth,true,e302a39f0ea4ccd2cfd9,R02,2019-07-11,7917.375,7932,7908,32,0.7038924930491195551436515292,2019
0.1,true,NQU9,midnight,true,e30576c3fc2608f1e6d4,R04,2019-08-01,7869.875,7886,7861,100,0.700494517308105783702429585,2019
0.2,true,NQM9,full_overnight,true,e313b8bcf9badd9c992b,R03,2019-03-28,7315.25,7339.5,7311.5,56,0.7014379722154521082135023154,2019
0.05,true,NQH9,prior_rth,true,e36fd30b5c25f22273ce,R01,2019-01-30,6642.625,6660.25,6621.75,154,0.7001377884946606958318980365,2019
0.05,true,NQH9,prior_rth,true,e36fd30b5c25f22273ce,R02,2019-01-30,6642.625,6660.25,6621.75,154,0.7001377884946606958318980365,2019
0.2,true,NQH9,prior_rth,true,e3906c2b0535275cafc0,R01,2019-02-15,7042.125,7047.75,7008,53,0.703277990634312473392933163,2019
0.2,true,NQH9,prior_rth,true,e3906c2b0535275cafc0,R02,2019-02-15,7042.125,7047.75,7008,53,0.703277990634312473392933163,2019
0.2,true,NQH0,prior_rth,true,e39305ec35f426e9d96d,R01,2019-12-18,8607.375,8610.5,8603,30,0.7133858267716535433070866142,2019
0.2,true,NQH0,prior_rth,true,e39305ec35f426e9d96d,R02,2019-12-18,8607.375,8610.5,8603,30,0.7133858267716535433070866142,2019
0.05,true,NQU9,full_overnight,true,e3d2b0c1ca326310991c,R03,2019-08-27,7593.375,7599.75,7558.75,164,0.7018915267322910635012545841,2019
0.1,true,NQZ9,full_overnight,true,e3db9e72d72202fcfde8,R03,2019-09-25,7708.875,7742,7688.75,213,0.7012648324423001695136262877,2019
0.05,true,NQZ9,midnight,true,e3f508166412dd66465a,R04,2019-10-23,7846.125,7857.25,7841.25,64,0.7007299270072992700729927007,2019
0.05,true,NQH9,opening_hour_rth,true,e401ab3020d12001556c,R05,2019-01-25,6778.375,6783,6749.75,133,0.7036181678214010777521170131,2019
0.1,true,NQM9,midnight,true,e449e4dddf2ad8132d89,R04,2019-05-09,7573.125,7594.75,7559.25,142,0.7005467996140238018655516243,2019
0.2,true,NQU9,midnight,true,e4762d1683b0d1935e34,R04,2019-08-08,7592.75,7603,7580,46,0.7080366225839267548321464903,2019
0.1,true,NQH9,opening_hour_rth,true,e48a40b971d5b4a98679,R05,2019-01-30,6722.375,6727.75,6704.25,94,0.7028051554207733131159969674,2019
0.1,true,NQZ9,prior_rth,true,e49acfc9c84e3e77b412,R01,2019-11-11,8231.375,8248.5,8220.75,111,0.700617283950617283950617284,2019
0.1,true,NQZ9,prior_rth,true,e49acfc9c84e3e77b412,R02,2019-11-11,8231.375,8248.5,8220.75,111,0.700617283950617283950617284,2019
0.05,true,NQM9,prior_rth,true,e4b84ffb20c06060e6a9,R01,2019-04-01,7388.375,7395,7380,60,0.7008196721311475409836065574,2019
0.05,true,NQM9,prior_rth,true,e4b84ffb20c06060e6a9,R02,2019-04-01,7388.375,7395,7380,60,0.7008196721311475409836065574,2019
0.2,true,NQZ9,opening_hour_rth,true,e5343f31a256186dbe0c,R05,2019-09-19,7961.75,7965,7950,30,0.7013201320132013201320132013,2019
0.05,true,NQH9,midnight,true,e54f0eed75fd5295ff0b,R04,2019-03-06,7159.375,7161.75,7151.25,42,0.7092400998929718159115233678,2019
0.2,true,NQH9,midnight,true,e55eeb2173486a7f4a76,R04,2019-03-07,7096.125,7102.75,7084,75,0.7026683608640406607369758577,2019
0.1,true,NQU9,midnight,true,e56f66048e92f5449c5a,R04,2019-07-11,7948.125,7958,7942.25,63,0.703733987462523848460070864,2019
0.2,true,NQM9,midnight,true,e56feeb8631894828c91,R04,2019-06-11,7544.875,7566,7532.25,135,0.7008993327531186539019437192,2019
0.1,true,NQZ9,prior_rth,true,e581682c21c729ec0387,R01,2019-10-09,7647.375,7681.75,7641.25,162,0.7023683654049481920067667583,2019
0.1,true,NQZ9,prior_rth,true,e581682c21c729ec0387,R02,2019-10-09,7647.375,7681.75,7641.25,162,0.7023683654049481920067667583,2019
0.1,true,NQU9,opening_hour_rth,true,e5858712aba633057129,R05,2019-07-09,7793.375,7809.5,7782.5,108,0.706512042818911685994647636,2019
0.1,true,NQH0,full_overnight,true,e590260f1d3b3f42f202,R03,2019-12-20,8670.375,8679.5,8667,50,0.7121026894865525672371638142,2019
0.05,true,NQM9,prior_rth,true,e596d25c73ee71872bfe,R01,2019-04-12,7620.375,7634,7611.5,90,0.7070555971079531288955372725,2019
0.05,true,NQM9,prior_rth,true,e596d25c73ee71872bfe,R02,2019-04-12,7620.375,7634,7611.5,90,0.7070555971079531288955372725,2019
0.05,true,NQU9,prior_rth,true,e5e99b6a4485ff1aed14,R01,2019-08-20,7732.625,7743.75,7725.5,73,0.7009005145797598627787307033,2019
0.05,true,NQU9,prior_rth,true,e5e99b6a4485ff1aed14,R02,2019-08-20,7732.625,7743.75,7725.5,73,0.7009005145797598627787307033,2019
0.1,true,NQM9,prior_rth,true,e5ef002ac87bafa37f13,R01,2019-05-15,7440.375,7458.25,7401.75,226,0.7011568958793708566229039386,2019
0.1,true,NQM9,prior_rth,true,e5ef002ac87bafa37f13,R02,2019-05-15,7440.375,7458.25,7401.75,226,0.7011568958793708566229039386,2019
0.05,true,NQZ9,midnight,true,e5f8357ec15ae021cdef,R04,2019-12-04,8303.625,8314,8262.25,207,0.7000374251497005988023952096,2019
0.05,true,NQU9,prior_rth,true,e60653b3a14186216672,R01,2019-06-19,7678.125,7701.75,7661.75,160,0.7048519609362889474500077507,2019
0.05,true,NQU9,prior_rth,true,e60653b3a14186216672,R02,2019-06-19,7678.125,7701.75,7661.75,160,0.7048519609362889474500077507,2019
0.2,true,NQM9,opening_hour_rth,true,e60f1e59e45437261d59,R05,2019-04-26,7783.25,7794.5,7765.5,58,0.7112426035502958579881656805,2019
0.2,true,NQU9,opening_hour_rth,true,e64b03e66a5c4513badd,R05,2019-08-21,7754.25,7763.5,7747,33,0.7016666666666666666666666667,2019
0.2,true,NQU9,opening_hour_rth,true,e6628849c1fdd6d7f11c,R05,2019-07-30,7963.25,7971.5,7955.5,32,0.7040540540540540540540540541,2019
0.05,true,NQM9,prior_rth,true,e68c1774460a779c26c1,R01,2019-03-28,7333.625,7358.75,7288.75,280,0.7013081395348837209302325581,2019
0.05,true,NQM9,prior_rth,true,e68c1774460a779c26c1,R02,2019-03-28,7333.625,7358.75,7288.75,280,0.7013081395348837209302325581,2019
0.1,true,NQU9,midnight,true,e6dba7ac5639079e7413,R04,2019-07-19,7963.875,7969.25,7952,69,0.7053017484489565707839819515,2019
0.1,true,NQU9,full_overnight,true,e6e69c7ee61e1042f2dd,R03,2019-08-07,7494.625,7516.5,7439.5,308,0.7006084597903379517630672238,2019
0.2,true,NQH9,midnight,true,e70d1e52b5f38de38ef9,R04,2019-01-22,6741.375,6747,6730.75,65,0.7010983263598326359832635983,2019
0.2,true,NQM9,prior_rth,true,e76c24b5de127b3f5529,R01,2019-04-17,7678.625,7685.5,7673.25,49,0.708223587942639742464149839,2019
0.2,true,NQM9,prior_rth,true,e76c24b5de127b3f5529,R02,2019-04-17,7678.625,7685.5,7673.25,49,0.708223587942639742464149839,2019
0.2,true,NQU9,prior_rth,true,e77841076fdf72ec42ee,R01,2019-07-08,7861.125,7880.25,7821.75,78,0.7006141248720573183213920164,2019
0.2,true,NQU9,prior_rth,true,e77841076fdf72ec42ee,R02,2019-07-08,7861.125,7880.25,7821.75,78,0.7006141248720573183213920164,2019
0.1,true,NQU9,opening_hour_rth,true,e79df6eb4ffdbc02548e,R05,2019-07-11,7938.875,7943.75,7934,39,0.7034540859309182813816343724,2019
0.2,true,NQZ9,midnight,true,e7d847b6935185b6e6c2,R04,2019-11-15,8297.625,8300.5,8289.25,45,0.7056916426512968299711815562,2019
0.1,true,NQU9,midnight,true,e81e299303d6e3a59ed5,R04,2019-06-21,7743.375,7755,7739.75,61,0.7019053472649047326367547634,2019
0.2,true,NQZ9,opening_hour_rth,true,e830b9b33972680b7388,R05,2019-09-27,7755.75,7785,7743,84,0.7007092198581560283687943262,2019
0.1,true,NQU9,prior_rth,true,e8359390af9a48ce481a,R01,2019-07-19,7890.625,7901,7849,208,0.7020574534161490683229813665,2019
0.1,true,NQU9,prior_rth,true,e8359390af9a48ce481a,R02,2019-07-19,7890.625,7901,7849,208,0.7020574534161490683229813665,2019
0.2,true,NQH9,full_overnight,true,e846f1429c0c7eb576da,R03,2019-03-07,7099.625,7107.25,7088.5,75,0.7008755854204846263490124211,2019
0.2,true,NQZ9,midnight,true,e85f91b7082c54c9e7e9,R04,2019-12-09,8393.125,8396.5,8388.25,33,0.7149084568439407149084568439,2019
0.1,true,NQU9,prior_rth,true,e899eb08f6fe6cefa7f7,R01,2019-09-04,7595.75,7633,7591,84,0.7062000939408172851103804603,2019
0.1,true,NQU9,prior_rth,true,e899eb08f6fe6cefa7f7,R02,2019-09-04,7595.75,7633,7591,84,0.7062000939408172851103804603,2019
0.05,true,NQU9,full_overnight,true,e8d1c01bd3f75680cc05,R03,2019-08-07,7494.625,7516.5,7439.5,308,0.7006084597903379517630672238,2019
0.1,true,NQH0,midnight,true,e8d82c198808ef65c101,R04,2019-12-23,8718.875,8732.75,8712.5,81,0.7017819706498951781970649895,2019
0.2,true,NQH9,full_overnight,true,e8e6c43f4bc242fcc7e8,R03,2019-01-10,6565.25,6576.5,6556.5,40,0.7030766054098699153417303324,2019
0.1,true,NQU9,full_overnight,true,e8f8db67478c812cca18,R03,2019-06-19,7678.125,7683.5,7674.25,37,0.7052083333333333333333333333,2019
0.2,true,NQZ9,opening_hour_rth,true,e91f257293b6a344b8bf,R05,2019-09-20,7930.125,7935.75,7927.5,11,0.7401129943502824858757062147,2019
0.05,true,NQZ9,prior_rth,true,e91ff7eaaf604fccf50e,R01,2019-10-14,7881.625,7903.25,7872.25,124,0.7006098425755212026662884697,2019
0.05,true,NQZ9,prior_rth,true,e91ff7eaaf604fccf50e,R02,2019-10-14,7881.625,7903.25,7872.25,124,0.7006098425755212026662884697,2019
0.1,true,NQM9,midnight,true,e938d53a99f23ecba6a3,R04,2019-04-16,7679.875,7683.25,7670,53,0.7071112896745680996384089996,2019
0.2,true,NQH0,prior_rth,true,e941a5a18829033d6eee,R01,2019-12-19,8632.875,8636.25,8621.5,59,0.7004777655273796398382947446,2019
0.2,true,NQH0,prior_rth,true,e941a5a18829033d6eee,R02,2019-12-19,8632.875,8636.25,8621.5,59,0.7004777655273796398382947446,2019
0.05,true,NQM9,opening_hour_rth,true,e945339126277d4e3614,R05,2019-04-16,7672.125,7685.5,7668.25,69,0.7104591836734693877551020408,2019
0.1,true,NQM9,full_overnight,true,e97f8e25f659af88f920,R03,2019-04-26,7806.375,7810.25,7791.75,74,0.7006713912719134651249533756,2019
0.05,true,NQZ9,opening_hour_rth,true,e992ae2ce76537d6c3db,R05,2019-10-11,7882.125,7889,7868.75,81,0.7008264462809917355371900826,2019
0.2,true,NQZ9,opening_hour_rth,true,e9c43f1f66d8e0170f12,R05,2019-10-23,7877.375,7884.75,7866,75,0.7088803088803088803088803089,2019
0.1,true,NQH9,opening_hour_rth,true,e9eeed3c4fa53e4804ad,R05,2019-02-07,6920.125,6934,6917,68,0.7068381855111712931618144888,2019
0.05,true,NQM9,prior_rth,true,e9f4258a21f202385e22,R01,2019-05-03,7726.875,7746,7691,220,0.7005952380952380952380952381,2019
0.05,true,NQM9,prior_rth,true,e9f4258a21f202385e22,R02,2019-05-03,7726.875,7746,7691,220,0.7005952380952380952380952381,2019
0.1,true,NQZ9,full_overnight,true,ea08ade7258b5fe2cabf,R03,2019-10-08,7774.375,7784.25,7698,345,0.7013842375530252288457244921,2019
0.2,true,NQM9,prior_rth,true,ea301a21208b93d8c580,R01,2019-04-26,7843.625,7856.75,7832.5,97,0.7011002444987775061124694377,2019
0.2,true,NQM9,prior_rth,true,ea301a21208b93d8c580,R02,2019-04-26,7843.625,7856.75,7832.5,97,0.7011002444987775061124694377,2019
0.05,true,NQM9,full_overnight,true,ea3635192ac6423bc908,R03,2019-05-14,7361.875,7390.5,7347.25,173,0.7031747775458640008788311546,2019
0.05,true,NQZ9,opening_hour_rth,true,ea4539ac4fd8300c6002,R05,2019-11-06,8194.875,8200.25,8192.25,32,0.7006302521008403361344537815,2019
0.2,true,NQM9,midnight,true,ea59b80f182701071981,R04,2019-04-26,7806.375,7810.5,7795.25,61,0.7032520325203252032520325203,2019
0.1,true,NQU9,full_overnight,true,ea70899fd7a6ee66481e,R03,2019-07-31,7993.625,7996.5,7987.5,36,0.7078899819313390885364384662,2019
0.05,true,NQU9,prior_rth,true,ea73ff1fc2ad78c31471,R01,2019-06-18,7562.625,7570.5,7555.25,61,0.7057858983368470367767627079,2019
0.05,true,NQU9,prior_rth,true,ea73ff1fc2ad78c31471,R02,2019-06-18,7562.625,7570.5,7555.25,61,0.7057858983368470367767627079,2019
0.05,true,NQH9,midnight,true,ea8b02531f165684a68b,R04,2019-02-07,6953.375,6972,6940.75,125,0.7054967221381744831064044377,2019
0.05,true,NQM9,midnight,true,eae290fe5352cc3082af,R04,2019-05-07,7745.375,7781,7721.5,238,0.7037320574162679425837320574,2019
0.2,true,NQZ9,prior_rth,true,eb0584efe9a1ad9cff8a,R01,2019-12-10,8390.375,8410,8371.25,155,0.700182815356489945155393053,2019
0.2,true,NQZ9,prior_rth,true,eb0584efe9a1ad9cff8a,R02,2019-12-10,8390.375,8410,8371.25,155,0.700182815356489945155393053,2019
0.05,true,NQZ9,opening_hour_rth,true,eb2c407b88615cc6d301,R05,2019-10-01,7835.375,7840.25,7776.25,256,0.7033149171270718232044198895,2019
0.05,true,NQU9,opening_hour_rth,true,eb359e5763446e56a0e3,R05,2019-06-26,7700.125,7706.25,7684,89,0.7046742209631728045325779037,2019
0.2,true,NQM9,full_overnight,true,eb45f697411c09edf305,R03,2019-05-07,7756.5,7765,7735,30,0.7025103034844511052828774822,2019
0.1,true,NQU9,opening_hour_rth,true,eb5ee5dfee20e40cc150,R05,2019-06-24,7768.125,7773.25,7761,49,0.7057313943541488451668092387,2019
0.2,true,NQU9,opening_hour_rth,true,eb74113b126492fd8043,R05,2019-06-26,7700.25,7706.5,7684,45,0.710027100271002710027100271,2019
0.2,true,NQM9,midnight,true,eb859f340045a2db3ba2,R04,2019-03-15,7293.625,7303,7287.75,61,0.7026652821045344409830391139,2019
0.05,true,NQH9,full_overnight,true,eba11d31e5565b2538d3,R03,2019-02-05,6933.375,6951.5,6929.75,87,0.7023337736679876706296785557,2019
0.05,true,NQU9,midnight,true,ebad19d43f5700bb1a11,R04,2019-09-11,7828.125,7836,7817.25,75,0.704750346740638002773925104,2019
0.1,true,NQM9,opening_hour_rth,true,ebbc90e1ac746db81b3f,R05,2019-03-14,7282.875,7286.25,7273,53,0.7096498719043552519214346712,2019
0.2,true,NQZ9,prior_rth,true,ebc07e43c3c060d00798,R01,2019-10-09,7647.375,7681.5,7641,54,0.7009098914000587026709715292,2019
0.2,true,NQZ9,prior_rth,true,ebc07e43c3c060d00798,R02,2019-10-09,7647.375,7681.5,7641,54,0.7009098914000587026709715292,2019
0.1,true,NQU9,prior_rth,true,ebc568385922f4196a41,R01,2019-08-07,7508.25,7535.5,7473,125,0.7022900763358778625954198473,2019
0.1,true,NQU9,prior_rth,true,ebc568385922f4196a41,R02,2019-08-07,7508.25,7535.5,7473,125,0.7022900763358778625954198473,2019
0.05,true,NQU9,full_overnight,true,ebcbe7ab41b5a8ca7762,R03,2019-08-08,7585.875,7606.25,7571.75,138,0.7002708650753343490773658371,2019
0.05,true,NQZ9,full_overnight,true,ebf77c785c734c2bb593,R03,2019-11-27,8418.375,8429.5,8408,86,0.7020187659937446687517770827,2019
0.2,true,NQM9,prior_rth,true,ebf8e130047d10d1fcb8,R01,2019-04-10,7593.25,7610.5,7589,43,0.7029995775242923531896915927,2019
0.2,true,NQM9,prior_rth,true,ebf8e130047d10d1fcb8,R02,2019-04-10,7593.25,7610.5,7589,43,0.7029995775242923531896915927,2019
0.2,true,NQH9,opening_hour_rth,true,ebfed9fd1b0d2bab0f40,R05,2019-02-13,7057.25,7062,7045,34,0.7049180327868852459016393443,2019
0.2,true,NQZ9,prior_rth,true,ec1c0e14c2709a1a603f,R01,2019-12-02,8440.875,8446.75,8424.25,90,0.7015315651849084796413896152,2019
0.2,true,NQZ9,prior_rth,true,ec1c0e14c2709a1a603f,R02,2019-12-02,8440.875,8446.75,8424.25,90,0.7015315651849084796413896152,2019
0.1,true,NQM9,prior_rth,true,ec1eae6609ed59171646,R01,2019-03-26,7345.875,7353.5,7313.5,160,0.7009366888613023360794492721,2019
0.1,true,NQM9,prior_rth,true,ec1eae6609ed59171646,R02,2019-03-26,7345.875,7353.5,7313.5,160,0.7009366888613023360794492721,2019
0.05,true,NQM9,opening_hour_rth,true,ec20eafa73680a1404d7,R05,2019-06-14,7473.125,7478,7463.5,58,0.7054886211512717536813922356,2019
0.1,true,NQZ9,opening_hour_rth,true,ec308809d5abd411fc59,R05,2019-12-10,8361.125,8372.5,8347,102,0.7014563106796116504854368932,2019
0.05,true,NQU9,opening_hour_rth,true,ec343e8be508399beb69,R05,2019-08-26,7537.375,7557,7527.25,119,0.7025641025641025641025641026,2019
0.1,true,NQM9,opening_hour_rth,true,ec38a8cb2c91ec4ea4b5,R05,2019-04-24,7832.875,7836.75,7821.25,62,0.7019417475728155339805825243,2019
0.05,true,NQM9,midnight,true,ec41e7f04ad7fddcc933,R04,2019-03-13,7240.875,7249.75,7222.5,109,0.7056810403832991101984941821,2019
0.1,true,NQH9,prior_rth,true,ec7007e4c860c0ad5854,R01,2019-01-07,6434.25,6455,6371,168,0.7023142963792459873086972751,2019
0.1,true,NQH9,prior_rth,true,ec7007e4c860c0ad5854,R02,2019-01-07,6434.25,6455,6371,168,0.7023142963792459873086972751,2019
0.05,true,NQH9,full_overnight,true,ec7b6845a78f14878546,R03,2019-01-10,6565.375,6576.5,6556.5,80,0.7013223894208846329229366165,2019
0.05,true,NQZ9,prior_rth,true,ec7ddfc981a1a1cafbf8,R01,2019-11-22,8269.375,8276,8256.5,78,0.7052393516773464003015454203,2019
0.05,true,NQZ9,prior_rth,true,ec7ddfc981a1a1cafbf8,R02,2019-11-22,8269.375,8276,8256.5,78,0.7052393516773464003015454203,2019
0.05,true,NQM9,full_overnight,true,ecaa41bf0106019a648b,R03,2019-05-08,7675.875,7690.25,7632.5,231,0.7026790914385556202679091439,2019
0.2,true,NQU9,prior_rth,true,ed19f66318632b3fa005,R01,2019-07-22,7920.25,7960.5,7892.5,136,0.7001485884101040118870728083,2019
0.2,true,NQU9,prior_rth,true,ed19f66318632b3fa005,R02,2019-07-22,7920.25,7960.5,7892.5,136,0.7001485884101040118870728083,2019
0.2,true,NQM9,opening_hour_rth,true,ed2289853f0969f1c91b,R05,2019-05-10,7558.5,7588,7533,55,0.703153988868274582560296846,2019
0.2,true,NQM9,midnight,true,ed28a82dff9c87a28ad9,R04,2019-03-19,7366.125,7387.5,7360.5,108,0.7102022867194371152154793316,2019
0.2,true,NQZ9,full_overnight,true,ed325d1350d8ffd4445c,R03,2019-09-26,7810.375,7831.25,7805.5,103,0.7064205955334987593052109181,2019
0.05,true,NQM9,opening_hour_rth,true,ed911b5d578362b356a6,R05,2019-04-22,7699.125,7708.5,7685,94,0.7026726057906458797327394209,2019
0.1,true,NQH9,prior_rth,true,edb586bb7917cd1a02d4,R01,2019-02-05,6944.625,6957.75,6919,155,0.7005382131324004305705059203,2019
0.1,true,NQH9,prior_rth,true,edb586bb7917cd1a02d4,R02,2019-02-05,6944.625,6957.75,6919,155,0.7005382131324004305705059203,2019
0.05,true,NQU9,opening_hour_rth,true,edcbd051eaa4d5c6572e,R05,2019-08-30,7734.625,7743.75,7721.5,89,0.7007601935038009675190048376,2019
0.2,true,NQM9,midnight,true,edd99a9e531858f3370a,R04,2019-05-31,7162.75,7171.5,7139.5,64,0.7012946979038224414303329223,2019
0.05,true,NQH9,full_overnight,true,edf9311b5bb33fdb3955,R03,2019-02-26,7087.125,7102.25,7081.5,83,0.7045878403580753450205147333,2019
0.1,true,NQZ9,opening_hour_rth,true,ee1784ab1bec1ae6f6f6,R05,2019-11-22,8285.625,8294.5,8277,70,0.703183520599250936329588015,2019
0.2,true,NQH9,prior_rth,true,ee17fd2a0bf03cbd99a4,R01,2019-01-28,6789.25,6802.5,6780.5,44,0.7011419249592169657422512235,2019
0.2,true,NQH9,prior_rth,true,ee17fd2a0bf03cbd99a4,R02,2019-01-28,6789.25,6802.5,6780.5,44,0.7011419249592169657422512235,2019
0.2,true,NQU9,prior_rth,true,ee1be0411330e9bbf979,R01,2019-07-29,8031.25,8039,8018,42,0.7064343163538873994638069705,2019
0.2,true,NQU9,prior_rth,true,ee1be0411330e9bbf979,R02,2019-07-29,8031.25,8039,8018,42,0.7064343163538873994638069705,2019
0.2,true,NQM9,midnight,true,ee2c3353816b2f0b432f,R04,2019-04-04,7568.625,7574,7566,32,0.7105263157894736842105263158,2019
0.2,true,NQU9,opening_hour_rth,true,ee2fb8044a49a91775cf,R05,2019-08-12,7593.375,7607.25,7585.5,29,0.7133333333333333333333333333,2019
0.2,true,NQZ9,full_overnight,true,ee3e401bb399ee2b884a,R03,2019-10-21,7904.625,7910.5,7894,66,0.7037037037037037037037037037,2019
0.1,true,NQZ9,full_overnight,true,ee409a8fe54f03282f52,R03,2019-10-04,7646.625,7657.25,7629.5,111,0.7038641686182669789227166276,2019
0.1,true,NQZ9,midnight,true,ee47599602dbea47cc8e,R04,2019-10-04,7651.875,7662.75,7625,151,0.7005988023952095808383233533,2019
0.1,true,NQM9,midnight,true,ee5f11538c913a0e8d40,R04,2019-05-10,7588.875,7597.5,7553.25,59,0.7074694689008804316955410395,2019
0.05,true,NQH9,midnight,true,ee6221e1659966f3f435,R04,2019-02-27,7101.125,7104.5,7094.75,39,0.7070824832410375983678227922,2019
0.2,true,NQZ9,opening_hour_rth,true,ee6b379556e635500890,R05,2019-10-07,7752.75,7756,7735,42,0.7048748353096179183135704875,2019
0.2,true,NQU9,prior_rth,true,ee7c11ee41e5f29d8b73,R01,2019-07-16,7972.375,7977.5,7962.75,59,0.7003756139843975729557931234,2019
0.2,true,NQU9,prior_rth,true,ee7c11ee41e5f29d8b73,R02,2019-07-16,7972.375,7977.5,7962.75,59,0.7003756139843975729557931234,2019
0.1,true,NQH9,prior_rth,true,eea01511b151dca375f8,R01,2019-01-10,6630.375,6634,6597.75,145,0.7036410776688084770600834179,2019
0.1,true,NQH9,prior_rth,true,eea01511b151dca375f8,R02,2019-01-10,6630.375,6634,6597.75,145,0.7036410776688084770600834179,2019
0.05,true,NQU9,opening_hour_rth,true,eea08a29f7e55c5fd996,R05,2019-06-21,7758.375,7761.5,7746.75,59,0.7128712871287128712871287129,2019
0.05,true,NQZ9,opening_hour_rth,true,eea0af44f2921d92de4a,R05,2019-12-11,8389.125,8396,8372.5,94,0.7091152815013404825737265416,2019
0.2,true,NQU9,opening_hour_rth,true,eea17fc14601876f7a91,R05,2019-08-27,7631.25,7636.5,7624.5,24,0.7031630170316301703163017032,2019
0.1,true,NQZ9,prior_rth,true,eea5e2c3f0631f3d51dd,R01,2019-11-19,8320.625,8325,8284.5,162,0.700356415478615071283095723,2019
0.1,true,NQZ9,prior_rth,true,eea5e2c3f0631f3d51dd,R02,2019-11-19,8320.625,8325,8284.5,162,0.700356415478615071283095723,2019
0.2,true,NQM9,midnight,true,eeab707d171de2241e8e,R04,2019-05-09,7573.25,7595,7560,70,0.7006762716847985886503969421,2019
0.1,true,NQH9,full_overnight,true,eecbef2c09e3d522e795,R03,2019-02-06,7016.875,7025.25,7004.75,82,0.7016456507800812139346014106,2019
0.05,true,NQH9,midnight,true,eecd00ea3e06155c6d0b,R04,2019-01-15,6571.625,6586.5,6564.25,89,0.7014237855946398659966499162,2019
0.1,true,NQZ9,opening_hour_rth,true,eedd0629600a3309c8a5,R05,2019-11-13,8260.125,8262.5,8244,74,0.7029288702928870292887029289,2019
0.2,true,NQH9,opening_hour_rth,true,eee5b6c47bd652349a3e,R05,2019-01-08,6547.25,6568.5,6508.5,120,0.7026748971193415637860082305,2019
0.1,true,NQM9,prior_rth,true,ef04d4201e2ee00a6ccf,R01,2019-05-23,7441.875,7451,7431.25,79,0.7035692679975801572897761645,2019
0.1,true,NQM9,prior_rth,true,ef04d4201e2ee00a6ccf,R02,2019-05-23,7441.875,7451,7431.25,79,0.7035692679975801572897761645,2019
0.2,true,NQH9,opening_hour_rth,true,ef18a7c05d54b71c5920,R05,2019-02-21,7016.75,7038.5,7005,67,0.7008443908323281061519903498,2019
0.1,true,NQU9,midnight,true,ef4ad86313bbbd182309,R04,2019-09-11,7828.125,7836,7817.25,75,0.704750346740638002773925104,2019
0.2,true,NQM9,prior_rth,true,efb66ae87e597b56405a,R01,2019-05-07,7756.125,7783.5,7738.5,60,0.7023180154534363562423749492,2019
0.2,true,NQM9,prior_rth,true,efb66ae87e597b56405a,R02,2019-05-07,7756.125,7783.5,7738.5,60,0.7023180154534363562423749492,2019
0.05,true,NQZ9,opening_hour_rth,true,efd52686c3cfb56d4cb2,R05,2019-11-12,8268.375,8280.75,8263.5,69,0.7006711409395973154362416107,2019
0.1,true,NQM9,opening_hour_rth,true,efdfeb837f9f72304bdd,R05,2019-05-01,7838.625,7847.5,7836.5,44,0.7114870881567230632235084595,2019
0.1,true,NQU9,midnight,true,eff86952cae87e97d4cb,R04,2019-07-15,7964.125,7977,7959.25,71,0.7055261165783497350492051476,2019
0.1,true,NQH0,opening_hour_rth,true,f005e35aacec043701dc,R05,2019-12-20,8693.875,8701.25,8689.5,47,0.7,2019
0.2,true,NQH9,prior_rth,true,f02dc829469c70a91156,R01,2019-02-07,7003.25,7015.5,6990,51,0.7055091819699499165275459098,2019
0.2,true,NQH9,prior_rth,true,f02dc829469c70a91156,R02,2019-02-07,7003.25,7015.5,6990,51,0.7055091819699499165275459098,2019
0.1,true,NQZ9,prior_rth,true,f04c728cc7bb076568c2,R01,2019-10-02,7722.125,7761.5,7693.5,272,0.7011982026959560659011482776,2019
0.1,true,NQZ9,prior_rth,true,f04c728cc7bb076568c2,R02,2019-10-02,7722.125,7761.5,7693.5,272,0.7011982026959560659011482776,2019
0.2,true,NQM9,midnight,true,f067192a9af11ab204ff,R04,2019-03-18,7353.125,7355,7346.75,33,0.7005962521294718909710391823,2019
0.2,true,NQZ9,prior_rth,true,f07a108446408d044426,R01,2019-12-12,8377.875,8398.5,8372.25,105,0.7041989836854774003744316662,2019
0.2,true,NQZ9,prior_rth,true,f07a108446408d044426,R02,2019-12-12,8377.875,8398.5,8372.25,105,0.7041989836854774003744316662,2019
0.05,true,NQZ9,opening_hour_rth,true,f07a28391a0e54ce3df8,R05,2019-11-05,8211.625,8219.25,8197.25,88,0.7077189939288811795316565481,2019
0.05,true,NQZ9,full_overnight,true,f07ed6678d3b6affe23f,R03,2019-09-19,7894.625,7907.5,7870,150,0.7016036655211912943871706758,2019
0.05,true,NQH9,prior_rth,true,f08a1d1f65978015cb8e,R01,2019-03-05,7133.375,7148,7080.25,271,0.7012203482791718085835732895,2019
0.05,true,NQH9,prior_rth,true,f08a1d1f65978015cb8e,R02,2019-03-05,7133.375,7148,7080.25,271,0.7012203482791718085835732895,2019
0.2,true,NQU9,opening_hour_rth,true,f0c9646a88e08720e173,R05,2019-08-02,7732.375,7759.5,7712.25,27,0.7044917257683215130023640662,2019
0.2,true,NQZ9,opening_hour_rth,true,f0d5ff2e48d9a0bf90f7,R05,2019-09-30,7734.75,7741,7720.5,41,0.7162162162162162162162162162,2019
0.2,true,NQZ9,full_overnight,true,f0e4c3fb8a850722ca0f,R03,2019-11-04,8189.125,8206.5,8171.25,141,0.7001957905041605482134116495,2019
0.1,true,NQH9,full_overnight,true,f0e9f17dce65430ab477,R03,2019-01-07,6457.125,6467.25,6422.75,178,0.703993884960825530288553411,2019
0.05,true,NQZ9,midnight,true,f12680b2638af2e40fd1,R04,2019-11-21,8279.625,8287.75,8266.75,84,0.7039811643835616438356164384,2019
0.2,true,NQU9,prior_rth,true,f196b5246ded9e74cacd,R01,2019-08-23,7722.75,7742.5,7677,131,0.7013888888888888888888888889,2019
0.2,true,NQU9,prior_rth,true,f196b5246ded9e74cacd,R02,2019-08-23,7722.75,7742.5,7677,131,0.7013888888888888888888888889,2019
0.1,true,NQZ9,midnight,true,f1f02e55c57b5c363874,R04,2019-09-20,7935.375,7940,7927,52,0.706856478791400348634514817,2019
0.05,true,NQU9,prior_rth,true,f204b0ff9aa20c8b3247,R01,2019-09-09,7870.625,7875,7856.25,75,0.7042580101180438448566610455,2019
0.05,true,NQU9,prior_rth,true,f204b0ff9aa20c8b3247,R02,2019-09-09,7870.625,7875,7856.25,75,0.7042580101180438448566610455,2019
0.1,true,NQM9,full_overnight,true,f20d64ec02e03166154b,R03,2019-03-19,7365.375,7381.75,7356.5,101,0.7082083446959367330242705209,2019
0.2,true,NQH9,opening_hour_rth,true,f21c92fa887d65ff4dea,R05,2019-02-26,7131.25,7136,7110,52,0.7023026315789473684210526316,2019
0.05,true,NQZ9,midnight,true,f26190267f3dd5b3da44,R04,2019-11-18,8340.625,8355.75,8320.75,140,0.7040462427745664739884393064,2019
0.2,true,NQM9,full_overnight,true,f277b58721341bbe452e,R03,2019-05-30,7233.25,7243,7217,52,0.7054980947196516058791507893,2019
0.05,true,NQU9,midnight,true,f2a5482003e4331aa746,R04,2019-07-22,7869.125,7881.75,7860,87,0.7000266169816342826723449561,2019
0.05,true,NQZ9,opening_hour_rth,true,f2c0b43e82d4e69f96da,R05,2019-09-23,7831.375,7839.75,7821.75,72,0.7004279600570613409415121255,2019
0.2,true,NQZ9,full_overnight,true,f2c2cc3761c5aeac8b0a,R03,2019-09-17,7867.625,7883,7862.25,83,0.7021866338158299969202340622,2019
0.05,true,NQH9,opening_hour_rth,true,f2d5a1ca2ac14ab7013b,R05,2019-02-05,7008.125,7013.75,6999.5,57,0.702970297029702970297029703,2019
0.05,true,NQZ9,opening_hour_rth,true,f2d81194a7dc2d3d14d7,R05,2019-12-03,8195.125,8208.75,8185,95,0.701171875,2019
0.2,true,NQU9,prior_rth,true,f2ffc0b86e08082f5998,R01,2019-08-16,7499.625,7518,7477.75,23,0.7112090063631913852178169359,2019
0.2,true,NQU9,prior_rth,true,f2ffc0b86e08082f5998,R02,2019-08-16,7499.625,7518,7477.75,23,0.7112090063631913852178169359,2019
0.05,true,NQH9,prior_rth,true,f30d903980efec0da4a4,R01,2019-01-29,6683.625,6693,6665,112,0.7033612211947746954351974167,2019
0.05,true,NQH9,prior_rth,true,f30d903980efec0da4a4,R02,2019-01-29,6683.625,6693,6665,112,0.7033612211947746954351974167,2019
0.1,true,NQM9,opening_hour_rth,true,f348960ed4fa43ea6196,R05,2019-03-18,7369.125,7375.25,7351,97,0.7041357370095440084835630965,2019
0.2,true,NQU9,full_overnight,true,f36b652dcbfd958da03d,R03,2019-08-20,7733.25,7745.5,7722,47,0.7069051167411823149528067561,2019
0.1,true,NQU9,full_overnight,true,f375de4aabbd9fa6a04d,R03,2019-08-15,7525.375,7549,7490.5,234,0.7008703618873110398534127348,2019
0.05,true,NQU9,full_overnight,true,f38b7b1489dc61bb331a,R03,2019-08-06,7422.625,7494.5,7322.25,689,0.7004389173372348207754206291,2019
0.1,true,NQH9,prior_rth,true,f3a671b28f83e29702aa,R01,2019-02-13,7008.625,7027.75,6995,131,0.7015693967631191760666993624,2019
0.1,true,NQH9,prior_rth,true,f3a671b28f83e29702aa,R02,2019-02-13,7008.625,7027.75,6995,131,0.7015693967631191760666993624,2019
0.2,true,NQZ9,opening_hour_rth,true,f41951f247b0df205639,R05,2019-09-26,7779.75,7786.5,7767.5,38,0.7017964071856287425149700599,2019
0.2,true,NQZ9,prior_rth,true,f4197d294de173567ccd,R01,2019-10-04,7632.25,7653,7559.5,187,0.7009193054136874361593462717,2019
0.2,true,NQZ9,prior_rth,true,f4197d294de173567ccd,R02,2019-10-04,7632.25,7653,7559.5,187,0.7009193054136874361593462717,2019
0.05,true,NQH9,opening_hour_rth,true,f44eed16950e0f49b0aa,R05,2019-03-05,7150.125,7155,7137,72,0.7047747141896435776731674512,2019
0.2,true,NQH0,full_overnight,true,f47a30a88a2a0ab2b358,R03,2019-12-27,8826.375,8837.25,8822.5,59,0.7024969549330085261875761267,2019
0.05,true,NQH9,midnight,true,f489d762e4049b7b6046,R04,2019-01-31,6865.375,6874,6858.25,63,0.7028357159596906491680337474,2019
0.05,true,NQM9,opening_hour_rth,true,f48af74325690fb428e1,R05,2019-03-14,7282.875,7286.25,7273,53,0.7096498719043552519214346712,2019
0.05,true,NQH9,prior_rth,true,f493ccf6d2a73a8ad716,R01,2019-01-10,6630.375,6634,6597.75,145,0.7036410776688084770600834179,2019
0.05,true,NQH9,prior_rth,true,f493ccf6d2a73a8ad716,R02,2019-01-10,6630.375,6634,6597.75,145,0.7036410776688084770600834179,2019
0.1,true,NQH9,midnight,true,f49d76e02c79298a9518,R04,2019-01-11,6615.375,6624,6600.25,95,0.7052607913669064748201438849,2019
0.2,true,NQH9,opening_hour_rth,true,f4aacc6c5c99e08526c0,R05,2019-01-10,6553.75,6562,6539.5,45,0.7071759259259259259259259259,2019
0.05,true,NQM9,midnight,true,f4b370a3915bdbdde2b4,R04,2019-05-03,7775.625,7783.25,7759.75,94,0.7029194738530638434392043632,2019
0.1,true,NQZ9,full_overnight,true,f4b77c33cf670d7464fb,R03,2019-12-11,8363.625,8372.5,8348.25,97,0.7002104457623876028314520758,2019
0.2,true,NQZ9,full_overnight,true,f4c4d08a0cdd85c47781,R03,2019-09-16,7859.375,7871.25,7835.5,143,0.7003384810662153585783795219,2019
0.05,true,NQZ9,opening_hour_rth,true,f4e0df613b99c97d696a,R05,2019-11-14,8251.875,8260.5,8247.75,51,0.7136797454931071049840933192,2019
0.2,true,NQZ9,midnight,true,f50705cf082b270f3fc1,R04,2019-10-30,8054.875,8063,8047.5,62,0.702974444909928780896522832,2019
0.2,true,NQZ9,opening_hour_rth,true,f508af41bbf12579a763,R05,2019-11-22,8285.75,8294.5,8277,35,0.7015985790408525754884547069,2019
0.1,true,NQZ9,opening_hour_rth,true,f5398421e6f638770bac,R05,2019-11-21,8271.125,8280.5,8263.5,68,0.7009021512838306731436502429,2019
0.05,true,NQM9,midnight,true,f550d383178cd6b6a8a2,R04,2019-05-23,7342.875,7367.5,7334,134,0.7010931636482297275248817099,2019
0.2,true,NQZ9,prior_rth,true,f55479e1bfcc61cbdca2,R01,2019-11-25,8274.75,8277.5,8249.5,56,0.7058295964125560538116591928,2019
0.2,true,NQZ9,prior_rth,true,f55479e1bfcc61cbdca2,R02,2019-11-25,8274.75,8277.5,8249.5,56,0.7058295964125560538116591928,2019
0.1,true,NQM9,midnight,true,f58af649823cc4e27156,R04,2019-04-30,7799.125,7805,7790.5,58,0.700762133975130365022061773,2019
0.2,true,NQM9,opening_hour_rth,true,f591189ae8d4f8e52939,R05,2019-03-22,7469.25,7485,7443,84,0.7051835853131749460043196544,2019
0.05,true,NQM9,opening_hour_rth,true,f59cae450bd94cc7f815,R05,2019-05-09,7506.375,7536.75,7493,175,0.7008888888888888888888888889,2019
0.1,true,NQU9,full_overnight,true,f5c08be792865338f6dc,R03,2019-09-03,7634.25,7644.5,7613,63,0.7094508301404853128991060026,2019
0.1,true,NQU9,opening_hour_rth,true,f5c536bbdad60a4377c7,R05,2019-07-12,7933.125,7943.25,7929.5,55,0.7046843177189409368635437882,2019
0.1,true,NQU9,prior_rth,true,f5c6372c26f2d6219fcd,R01,2019-09-11,7776.875,7786.75,7754.75,128,0.7034965034965034965034965035,2019
0.1,true,NQU9,prior_rth,true,f5c6372c26f2d6219fcd,R02,2019-09-11,7776.875,7786.75,7754.75,128,0.7034965034965034965034965035,2019
0.2,true,NQU9,full_overnight,true,f5f58de21596151aa946,R03,2019-06-19,7678.125,7683.5,7674.25,37,0.7052083333333333333333333333,2019
0.1,true,NQH9,prior_rth,true,f5fe75998e455c9c02d0,R01,2019-02-11,6863.625,6881.25,6845.25,144,0.7010756140632525284957457056,2019
0.1,true,NQH9,prior_rth,true,f5fe75998e455c9c02d0,R02,2019-02-11,6863.625,6881.25,6845.25,144,0.7010756140632525284957457056,2019
0.2,true,NQH9,prior_rth,true,f6155256ba2966dd6952,R01,2019-01-30,6636.75,6660,6623,74,0.7011010362694300518134715026,2019
0.2,true,NQH9,prior_rth,true,f6155256ba2966dd6952,R02,2019-01-30,6636.75,6660,6623,74,0.7011010362694300518134715026,2019
0.1,true,NQU9,prior_rth,true,f61ab4ff81b303cd8f89,R01,2019-07-05,7787.125,7803,7782.25,83,0.7052164261931187569367369589,2019
0.1,true,NQU9,prior_rth,true,f61ab4ff81b303cd8f89,R02,2019-07-05,7787.125,7803,7782.25,83,0.7052164261931187569367369589,2019
0.2,true,NQZ9,midnight,true,f61e2239d11e5ebeb129,R04,2019-11-21,8279.625,8287.75,8266.75,84,0.7039811643835616438356164384,2019
0.05,true,NQU9,prior_rth,true,f62a633a49abffb0e652,R01,2019-08-09,7696.375,7729,7648.75,321,0.7013789141051422005170927894,2019
0.05,true,NQU9,prior_rth,true,f62a633a49abffb0e652,R02,2019-08-09,7696.375,7729,7648.75,321,0.7013789141051422005170927894,2019
0.2,true,NQH0,opening_hour_rth,true,f68212e3b495e51fe316,R05,2019-12-20,8693.25,8701.5,8690,23,0.7007722007722007722007722008,2019
0.1,true,NQU9,prior_rth,true,f694f441b0acd59812ae,R01,2019-08-21,7692.75,7717.5,7683,69,0.7029585798816568047337278107,2019
0.1,true,NQU9,prior_rth,true,f694f441b0acd59812ae,R02,2019-08-21,7692.75,7717.5,7683,69,0.7029585798816568047337278107,2019
0.2,true,NQH9,prior_rth,true,f6b7df5e8620158057a4,R01,2019-01-29,6684.375,6693,6665.25,37,0.700990099009900990099009901,2019
0.2,true,NQH9,prior_rth,true,f6b7df5e8620158057a4,R02,2019-01-29,6684.375,6693,6665.25,37,0.700990099009900990099009901,2019
0.05,true,NQM9,prior_rth,true,f6e6eb7e167570411a92,R01,2019-05-10,7593.625,7609.75,7514.75,380,0.7012074247612182375202739232,2019
0.05,true,NQM9,prior_rth,true,f6e6eb7e167570411a92,R02,2019-05-10,7593.625,7609.75,7514.75,380,0.7012074247612182375202739232,2019
0.1,true,NQZ9,opening_hour_rth,true,f70a60d28bae24217b3e,R05,2019-10-16,7928.375,7930.5,7919.5,44,0.7014178482068390325271059216,2019
0.2,true,NQM9,opening_hour_rth,true,f719acb758f520d4ee83,R05,2019-05-17,7542.5,7560,7534,26,0.7184643510054844606946983547,2019
0.2,true,NQM9,midnight,true,f756e86732edd8605024,R04,2019-06-12,7487.125,7493.25,7480,53,0.7011630666983147400901970093,2019
0.2,true,NQZ9,opening_hour_rth,true,f75a5c9b196a6a24079d,R05,2019-11-11,8223.875,8231.75,8215.25,66,0.7077577045696068012752391073,2019
0.05,true,NQZ9,full_overnight,true,f768079d0c8e87f923af,R03,2019-12-10,8368.125,8381.25,8327.75,214,0.7002219403931515535827520609,2019
0.2,true,NQM9,midnight,true,f76a9083783a0ac29a17,R04,2019-05-21,7439.375,7458.5,7426.25,129,0.7002565042139978013924514474,2019
0.05,true,NQZ9,prior_rth,true,f77cb1f6f2f0b73b9f79,R01,2019-11-08,8266.375,8272.75,8240,131,0.7003538257408226448474126493,2019
0.05,true,NQZ9,prior_rth,true,f77cb1f6f2f0b73b9f79,R02,2019-11-08,8266.375,8272.75,8240,131,0.7003538257408226448474126493,2019
0.2,true,NQH0,prior_rth,true,f788e74fe9b6ae3e81f6,R01,2019-12-26,8729.375,8732.5,8724.5,32,0.7015130674002751031636863824,2019
0.2,true,NQH0,prior_rth,true,f788e74fe9b6ae3e81f6,R02,2019-12-26,8729.375,8732.5,8724.5,32,0.7015130674002751031636863824,2019
0.1,true,NQH9,midnight,true,f7dffd34793b38182f35,R04,2019-03-08,6986.875,6999,6972,108,0.7002765369070410550946607105,2019
0.1,true,NQM9,opening_hour_rth,true,f7f1b3e18c63ff626cc6,R05,2019-06-04,7040.125,7055.75,7033,91,0.7024154589371980676328502415,2019
0.1,true,NQH0,midnight,true,f811d0d281cd76feac6d,R04,2019-12-20,8670.125,8682,8665.75,65,0.7026672496720594665500655881,2019
0.2,true,NQZ9,midnight,true,f830dd0bc423ab73973a,R04,2019-11-26,8377.625,8384,8375.25,35,0.7015547971179370496776640121,2019
0.1,true,NQU9,opening_hour_rth,true,f84ac0350245ca8561da,R05,2019-08-14,7596.75,7617.5,7586,63,0.7067557535263548626577579807,2019
0.2,true,NQU9,full_overnight,true,f8579014fec95eac6012,R03,2019-08-28,7588.75,7595,7564,62,0.7029025697910889258643002403,2019
0.05,true,NQM9,full_overnight,true,f8618574ddf49e9b0040,R03,2019-03-27,7371.125,7388.75,7366.5,89,0.7032032791862759981782298467,2019
0.05,true,NQU9,midnight,true,f86f74043f6fdfe190d3,R04,2019-07-10,7831.125,7848.25,7813.25,140,0.7028688524590163934426229508,2019
0.1,true,NQZ9,midnight,true,f8896ed4fa8d87d7001b,R04,2019-10-11,7846.125,7859.5,7805.75,215,0.7014785700917087778401647015,2019
0.05,true,NQZ9,prior_rth,true,f8bee255b4a289f333d4,R01,2019-09-24,7850.625,7856.75,7830.25,106,0.7051831644583008573655494934,2019
0.05,true,NQZ9,prior_rth,true,f8bee255b4a289f333d4,R02,2019-09-24,7850.625,7856.75,7830.25,106,0.7051831644583008573655494934,2019
0.2,true,NQH9,opening_hour_rth,true,f8f3dc02ebac69d74872,R05,2019-02-06,7018.75,7037.5,6992.5,90,0.7015915119363395225464190981,2019
0.2,true,NQU9,full_overnight,true,f8fe9b535eefcba67125,R03,2019-09-04,7692.75,7730,7657.5,145,0.7058823529411764705882352941,2019
0.1,true,NQH9,midnight,true,f90c58787441988d889f,R04,2019-02-12,6967.375,6974,6961.25,51,0.7062342569269521410579345088,2019
0.05,true,NQU9,prior_rth,true,f91e09b61a9f10ba792b,R01,2019-06-25,7767.375,7772.75,7758.75,56,0.709226467847157502329916123,2019
0.05,true,NQU9,prior_rth,true,f91e09b61a9f10ba792b,R02,2019-06-25,7767.375,7772.75,7758.75,56,0.709226467847157502329916123,2019
0.1,true,NQZ9,midnight,true,f92df53e21b4c60525e7,R04,2019-11-06,8217.375,8222,8212.25,39,0.700038358266206367472190257,2019
0.05,true,NQM9,prior_rth,true,f9bcb34a82e331487c57,R01,2019-06-11,7528.875,7551.5,7509,170,0.7011015183090205418279249777,2019
0.05,true,NQM9,prior_rth,true,f9bcb34a82e331487c57,R02,2019-06-11,7528.875,7551.5,7509,170,0.7011015183090205418279249777,2019
0.1,true,NQZ9,opening_hour_rth,true,f9bfe1ff2bcf5082fe68,R05,2019-10-15,7895.875,7905.25,7874.75,122,0.7,2019
0.1,true,NQU9,opening_hour_rth,true,f9e18fb6705970186013,R05,2019-09-06,7851.375,7860.25,7845.75,58,0.7056810403832991101984941821,2019
0.1,true,NQZ9,full_overnight,true,f9f5c520621a461d1872,R03,2019-12-03,8328.875,8336,8277,236,0.7003498385360602798708288482,2019
0.05,true,NQU9,opening_hour_rth,true,f9f7449e828e4c212096,R05,2019-07-09,7793.375,7809.5,7782.5,108,0.706512042818911685994647636,2019
0.2,true,NQZ9,midnight,true,f9fde052b3e6935fd270,R04,2019-10-02,7642.125,7666.75,7634.25,130,0.7042815045935170740162939851,2019
0.05,true,NQM9,opening_hour_rth,true,fa13a7fe817cbef95a06,R05,2019-03-28,7348.125,7365,7336.25,115,0.7035623409669211195928753181,2019
0.1,true,NQU9,midnight,true,fa2e53f5b4000410a862,R04,2019-07-25,8021.375,8027,8009.75,69,0.7039137833238797504254112309,2019
0.2,true,NQU9,prior_rth,true,fa6e2a8221c5fc7f41a3,R01,2019-07-01,7676.375,7688,7669.25,75,0.7021819870009285051067780873,2019
0.2,true,NQU9,prior_rth,true,fa6e2a8221c5fc7f41a3,R02,2019-07-01,7676.375,7688,7669.25,75,0.7021819870009285051067780873,2019
0.05,true,NQM9,prior_rth,true,fad4e662ea80581a96ec,R01,2019-05-20,7571.375,7581.25,7532.75,194,0.7004462827909001850440840318,2019
0.05,true,NQM9,prior_rth,true,fad4e662ea80581a96ec,R02,2019-05-20,7571.375,7581.25,7532.75,194,0.7004462827909001850440840318,2019
0.1,true,NQH9,prior_rth,true,fb1f7604e0eb75559603,R01,2019-01-04,6228.25,6251,6182,138,0.7003538570417551309271054494,2019
0.1,true,NQH9,prior_rth,true,fb1f7604e0eb75559603,R02,2019-01-04,6228.25,6251,6182,138,0.7003538570417551309271054494,2019
0.05,true,NQZ9,prior_rth,true,fb25a2ea32a0d830327d,R01,2019-10-25,7954.875,7971.75,7945.75,104,0.7009345794392523364485981308,2019
0.05,true,NQZ9,prior_rth,true,fb25a2ea32a0d830327d,R02,2019-10-25,7954.875,7971.75,7945.75,104,0.7009345794392523364485981308,2019
0.2,true,NQZ9,midnight,true,fb295e15ad79a7e1317b,R04,2019-12-03,8328.375,8336.5,8259.25,309,0.7001530807500956754688097972,2019
0.1,true,NQH9,opening_hour_rth,true,fb50d8e79885cd888ff3,R05,2019-02-27,7112.625,7117,7065.75,205,0.7036770007209805335255948089,2019
0.05,true,NQZ9,prior_rth,true,fba4da4877afcf03d5e7,R01,2019-12-03,8316.125,8333.5,8293.75,159,0.7009359903381642512077294686,2019
0.05,true,NQZ9,prior_rth,true,fba4da4877afcf03d5e7,R02,2019-12-03,8316.125,8333.5,8293.75,159,0.7009359903381642512077294686,2019
0.2,true,NQH9,opening_hour_rth,true,fbb19c98f2deea166f3b,R05,2019-01-31,6848.25,6882,6840,84,0.701828410689170182841068917,2019
0.1,true,NQH0,opening_hour_rth,true,fbbf9b21281c969a6dfb,R05,2019-12-23,8728.125,8730.5,8724,26,0.7089552238805970149253731343,2019
0.05,true,NQZ9,opening_hour_rth,true,fbdc5c18d35092bde928,R05,2019-10-02,7612.625,7617.25,7595.25,88,0.7011686143572621035058430718,2019
0.2,true,NQZ9,midnight,true,fbf7c24e5c52aeb6fa18,R04,2019-11-06,8217.375,8222,8212.25,39,0.700038358266206367472190257,2019
0.05,true,NQZ9,midnight,true,fc0cf44c08afe001266d,R04,2019-09-16,7859.375,7862.25,7846.25,64,0.7057153671461014383043149129,2019
0.1,true,NQU9,opening_hour_rth,true,fc41e48f635a5fca588f,R05,2019-08-13,7742.875,7789.25,7659.5,519,0.7001386962552011095700416089,2019
0.1,true,NQZ9,opening_hour_rth,true,fc63a82e6dc0804c21e3,R05,2019-10-29,8082.375,8096.25,8075.25,84,0.7006427915518824609733700643,2019
0.1,true,NQZ9,full_overnight,true,fc9032cd9b1717aec332,R03,2019-09-27,7788.875,7816.5,7772,178,0.7009390418589845615151997453,2019
0.2,true,NQH9,opening_hour_rth,true,fcabcc7c9942b9d66339,R05,2019-01-25,6778.25,6783,6750,66,0.7025036818851251840942562592,2019
0.05,true,NQM9,prior_rth,true,fcb957c5e0896b80d561,R01,2019-06-04,7006.625,7059,6944,460,0.7002815459431789096493473253,2019
0.05,true,NQM9,prior_rth,true,fcb957c5e0896b80d561,R02,2019-06-04,7006.625,7059,6944,460,0.7002815459431789096493473253,2019
0.2,true,NQU9,midnight,true,fcce226b38ab93d7748b,R04,2019-09-09,7873.375,7877.25,7869,33,0.7036199095022624434389140271,2019
0.2,true,NQU9,midnight,true,fce07c16c14c40ff3608,R04,2019-06-26,7637.375,7680,7621.75,233,0.7061493079192194236442024053,2019
0.05,true,NQH9,opening_hour_rth,true,fced8e0f87542586601f,R05,2019-02-27,7112.625,7117,7065.75,205,0.7036770007209805335255948089,2019
0.2,true,NQH9,prior_rth,true,fcef6762f604837253a4,R01,2019-01-16,6645.75,6676.5,6636,81,0.7150948739733786462758425375,2019
0.2,true,NQH9,prior_rth,true,fcef6762f604837253a4,R02,2019-01-16,6645.75,6676.5,6636,81,0.7150948739733786462758425375,2019
0.1,true,NQZ9,prior_rth,true,fcfb576effde553d08cb,R01,2019-09-19,7892.375,7912,7851,244,0.7006887914840325610519724483,2019
0.1,true,NQZ9,prior_rth,true,fcfb576effde553d08cb,R02,2019-09-19,7892.375,7912,7851,244,0.7006887914840325610519724483,2019
0.2,true,NQU9,prior_rth,true,fcfee7102b7ab07dfa46,R01,2019-09-05,7712.25,7718,7683.5,69,0.7059304703476482617586912065,2019
0.2,true,NQU9,prior_rth,true,fcfee7102b7ab07dfa46,R02,2019-09-05,7712.25,7718,7683.5,69,0.7059304703476482617586912065,2019
0.2,true,NQH9,midnight,true,fd224fcb315e154a1711,R04,2019-03-05,7153.875,7160.25,7144.75,62,0.7007551919446192573945877911,2019
0.1,true,NQM9,full_overnight,true,fd2af440d1eaf06b7b95,R03,2019-05-07,7753.75,7767.5,7735,65,0.7011261261261261261261261261,2019
0.2,true,NQM9,opening_hour_rth,true,fd3c369461ffc313b5e0,R05,2019-03-29,7391.25,7395,7381,28,0.7083946980854197349042709867,2019
0.1,true,NQZ9,opening_hour_rth,true,fd5951fe57614f27353f,R05,2019-10-04,7714.25,7718,7694.5,47,0.701554404145077720207253886,2019
0.2,true,NQM9,prior_rth,true,fd65f467d6829de8e69b,R01,2019-03-18,7351.125,7356.75,7323.75,44,0.7093596059113300492610837438,2019
0.2,true,NQM9,prior_rth,true,fd65f467d6829de8e69b,R02,2019-03-18,7351.125,7356.75,7323.75,44,0.7093596059113300492610837438,2019
0.2,true,NQU9,opening_hour_rth,true,fd76e278f387479b488a,R05,2019-08-26,7537.5,7549,7518,31,0.7185741088180112570356472795,2019
0.05,true,NQH9,midnight,true,fd8377ec387691b080c8,R04,2019-01-10,6565.375,6571.75,6558.75,52,0.7042408665320359831099687902,2019
0.2,true,NQH0,opening_hour_rth,true,fd9dd879fc1f1fe0b01c,R05,2019-12-30,8715.625,8731.75,8694.75,148,0.7009775733179988499137435308,2019
0.2,true,NQZ9,midnight,true,fdde8d09a95555f4ce97,R04,2019-12-12,8415.375,8428.5,8401.75,107,0.7005031074282332050902633915,2019
0.1,true,NQZ9,full_overnight,true,fe09ca8b2e0e693d0244,R03,2019-11-13,8246.375,8260.25,8237.5,91,0.7000419815281276238455079765,2019
0.1,true,NQU9,opening_hour_rth,true,fe16e242ec835430a368,R05,2019-08-07,7435.125,7475.25,7418.25,76,0.7011294526498696785403996525,2019
0.1,true,NQZ9,opening_hour_rth,true,fe1b4866fe0425fd47cd,R05,2019-11-05,8211.625,8219.25,8197.25,88,0.7077189939288811795316565481,2019
0.05,true,NQZ9,prior_rth,true,fe3af625ffaff2557e27,R01,2019-10-21,7889.625,7917.75,7855.75,248,0.700431406384814495254529767,2019
0.05,true,NQZ9,prior_rth,true,fe3af625ffaff2557e27,R02,2019-10-21,7889.625,7917.75,7855.75,248,0.700431406384814495254529767,2019
0.2,true,NQH0,opening_hour_rth,true,fe5fbe1800c339a650dd,R05,2019-12-27,8806.375,8818.5,8780,154,0.7006869479882237487733071639,2019
0.1,true,NQH9,opening_hour_rth,true,fe60367801c7ff1541b5,R05,2019-01-28,6676.75,6682.5,6661.5,42,0.7027649769585253456221198157,2019
0.05,true,NQM9,midnight,true,fea11f9d97a0a26446c8,R04,2019-04-01,7473.875,7476.5,7467.75,35,0.7029733009708737864077669903,2019
0.1,true,NQU9,prior_rth,true,fed563abe74dd7177764,R01,2019-09-09,7870.625,7875,7856.25,75,0.7042580101180438448566610455,2019
0.1,true,NQU9,prior_rth,true,fed563abe74dd7177764,R02,2019-09-09,7870.625,7875,7856.25,75,0.7042580101180438448566610455,2019
0.2,true,NQM9,midnight,true,fed9d64c20fa74c867a0,R04,2019-05-14,7368.875,7384,7355.25,115,0.7001626604012289896981745888,2019
0.05,true,NQZ9,full_overnight,true,ff1665a28da8d7095703,R03,2019-10-15,7877.375,7891.25,7862,117,0.7036267774404857005911487458,2019
0.1,true,NQU9,midnight,true,ff204e44c1c68d7ca59e,R04,2019-09-05,7816.375,7820,7796,96,0.7033028550102631087889531629,2019
0.05,true,NQM9,full_overnight,true,ff46655303440d607dd1,R03,2019-05-02,7764.125,7779.25,7759.75,78,0.7030204743563754307723494831,2019
0.2,true,NQH9,full_overnight,true,ff7dc65000981b6e4875,R03,2019-01-30,6676.875,6692.25,6669.75,30,0.717414721723518850987432675,2019
0.2,true,NQM9,midnight,true,ff870efc29290792ce67,R04,2019-05-10,7589.25,7597.5,7554,29,0.7043222003929273084479371316,2019
0.2,true,NQU9,full_overnight,true,ffd9235eedcdc6429632,R03,2019-08-08,7586.25,7607.5,7573,69,0.7020807061790668348045397226,2019
0.1,true,NQZ9,opening_hour_rth,true,ffdcc810c037fc0de701,R05,2019-09-18,7892.625,7896.75,7889.25,30,0.7081138040042149631190727081,2019
0.2,true,NQU9,midnight,true,fffa59e9c329172562ba,R04,2019-08-30,7755.125,7768.75,7722,187,0.7007718187215515535325549179,2019
