anchor,approach_side,arm,continued,continued_pct,evaluated_events,horizon_minutes,population,returned_inside,returned_inside_pct,session,threshold,underpowered
ALL_ANCHORS,APPROACH_FROM_ABOVE,C01_NEUTRAL,86,51.5,167,15,NONPOC,142,85.03,ALL_SESSIONS,3atr,false
ALL_ANCHORS,APPROACH_FROM_ABOVE,C01_NEUTRAL,10,58.82,17,15,NONPOC,14,82.35,ETH_EVENING,3atr,true
ALL_ANCHORS,APPROACH_FROM_ABOVE,C01_NEUTRAL,6,42.86,14,15,NONPOC,10,71.43,ETH_OVERNIGHT,3atr,true
ALL_ANCHORS,APPROACH_FROM_ABOVE,C01_NEUTRAL,6,75,8,15,NONPOC,5,62.5,RTH_AFTERNOON,3atr,true
ALL_ANCHORS,APPROACH_FROM_ABOVE,C01_NEUTRAL,13,72.22,18,15,NONPOC,13,72.22,RTH_MIDDAY,3atr,true
ALL_ANCHORS,APPROACH_FROM_ABOVE,C01_NEUTRAL,19,44.19,43,15,NONPOC,40,93.02,RTH_MORNING,3atr,false
ALL_ANCHORS,APPROACH_FROM_ABOVE,C01_NEUTRAL,32,47.76,67,15,NONPOC,60,89.55,RTH_OPEN,3atr,false
R01,APPROACH_FROM_ABOVE,C01_NEUTRAL,16,51.61,31,15,NONPOC,24,77.42,ALL_SESSIONS,3atr,false
R01,APPROACH_FROM_ABOVE,C01_NEUTRAL,10,58.82,17,15,NONPOC,14,82.35,ETH_EVENING,3atr,true
R01,APPROACH_FROM_ABOVE,C01_NEUTRAL,6,42.86,14,15,NONPOC,10,71.43,ETH_OVERNIGHT,3atr,true
R02,APPROACH_FROM_ABOVE,C01_NEUTRAL,26,60.47,43,15,NONPOC,36,83.72,ALL_SESSIONS,3atr,false
R02,APPROACH_FROM_ABOVE,C01_NEUTRAL,5,100,5,15,NONPOC,2,40,RTH_AFTERNOON,3atr,true
R02,APPROACH_FROM_ABOVE,C01_NEUTRAL,5,83.33,6,15,NONPOC,4,66.67,RTH_MIDDAY,3atr,true
R02,APPROACH_FROM_ABOVE,C01_NEUTRAL,1,12.5,8,15,NONPOC,7,87.5,RTH_MORNING,3atr,true
R02,APPROACH_FROM_ABOVE,C01_NEUTRAL,15,62.5,24,15,NONPOC,23,95.83,RTH_OPEN,3atr,true
R03,APPROACH_FROM_ABOVE,C01_NEUTRAL,19,46.34,41,15,NONPOC,36,87.8,ALL_SESSIONS,3atr,false
R03,APPROACH_FROM_ABOVE,C01_NEUTRAL,4,66.67,6,15,NONPOC,5,83.33,RTH_MIDDAY,3atr,true
R03,APPROACH_FROM_ABOVE,C01_NEUTRAL,3,50,6,15,NONPOC,6,100,RTH_MORNING,3atr,true
R03,APPROACH_FROM_ABOVE,C01_NEUTRAL,12,41.38,29,15,NONPOC,25,86.21,RTH_OPEN,3atr,true
R04,APPROACH_FROM_ABOVE,C01_NEUTRAL,10,50,20,15,NONPOC,18,90,ALL_SESSIONS,3atr,true
R04,APPROACH_FROM_ABOVE,C01_NEUTRAL,0,0,1,15,NONPOC,1,100,RTH_AFTERNOON,3atr,true
R04,APPROACH_FROM_ABOVE,C01_NEUTRAL,1,100,1,15,NONPOC,1,100,RTH_MIDDAY,3atr,true
R04,APPROACH_FROM_ABOVE,C01_NEUTRAL,4,100,4,15,NONPOC,4,100,RTH_MORNING,3atr,true
R04,APPROACH_FROM_ABOVE,C01_NEUTRAL,5,35.71,14,15,NONPOC,12,85.71,RTH_OPEN,3atr,true
R05,APPROACH_FROM_ABOVE,C01_NEUTRAL,15,46.88,32,15,NONPOC,28,87.5,ALL_SESSIONS,3atr,false
R05,APPROACH_FROM_ABOVE,C01_NEUTRAL,1,50,2,15,NONPOC,2,100,RTH_AFTERNOON,3atr,true
R05,APPROACH_FROM_ABOVE,C01_NEUTRAL,3,60,5,15,NONPOC,3,60,RTH_MIDDAY,3atr,true
R05,APPROACH_FROM_ABOVE,C01_NEUTRAL,11,44,25,15,NONPOC,23,92,RTH_MORNING,3atr,true
ALL_ANCHORS,APPROACH_FROM_BELOW,C01_NEUTRAL,67,53.17,126,15,NONPOC,108,85.71,ALL_SESSIONS,3atr,false
ALL_ANCHORS,APPROACH_FROM_BELOW,C01_NEUTRAL,6,40,15,15,NONPOC,13,86.67,ETH_EVENING,3atr,true
ALL_ANCHORS,APPROACH_FROM_BELOW,C01_NEUTRAL,9,69.23,13,15,NONPOC,8,61.54,ETH_OVERNIGHT,3atr,true
ALL_ANCHORS,APPROACH_FROM_BELOW,C01_NEUTRAL,3,37.5,8,15,NONPOC,6,75,RTH_AFTERNOON,3atr,true
ALL_ANCHORS,APPROACH_FROM_BELOW,C01_NEUTRAL,2,28.57,7,15,NONPOC,7,100,RTH_MIDDAY,3atr,true
ALL_ANCHORS,APPROACH_FROM_BELOW,C01_NEUTRAL,19,65.52,29,15,NONPOC,24,82.76,RTH_MORNING,3atr,true
ALL_ANCHORS,APPROACH_FROM_BELOW,C01_NEUTRAL,28,51.85,54,15,NONPOC,50,92.59,RTH_OPEN,3atr,false
R01,APPROACH_FROM_BELOW,C01_NEUTRAL,15,53.57,28,15,NONPOC,21,75,ALL_SESSIONS,3atr,true
R01,APPROACH_FROM_BELOW,C01_NEUTRAL,6,40,15,15,NONPOC,13,86.67,ETH_EVENING,3atr,true
R01,APPROACH_FROM_BELOW,C01_NEUTRAL,9,69.23,13,15,NONPOC,8,61.54,ETH_OVERNIGHT,3atr,true
R02,APPROACH_FROM_BELOW,C01_NEUTRAL,13,52,25,15,NONPOC,23,92,ALL_SESSIONS,3atr,true
R02,APPROACH_FROM_BELOW,C01_NEUTRAL,3,50,6,15,NONPOC,5,83.33,RTH_AFTERNOON,3atr,true
R02,APPROACH_FROM_BELOW,C01_NEUTRAL,1,100,1,15,NONPOC,1,100,RTH_MIDDAY,3atr,true
R02,APPROACH_FROM_BELOW,C01_NEUTRAL,1,50,2,15,NONPOC,2,100,RTH_MORNING,3atr,true
R02,APPROACH_FROM_BELOW,C01_NEUTRAL,8,50,16,15,NONPOC,15,93.75,RTH_OPEN,3atr,true
R03,APPROACH_FROM_BELOW,C01_NEUTRAL,20,52.63,38,15,NONPOC,36,94.74,ALL_SESSIONS,3atr,false
R03,APPROACH_FROM_BELOW,C01_NEUTRAL,0,0,2,15,NONPOC,2,100,RTH_MIDDAY,3atr,true
R03,APPROACH_FROM_BELOW,C01_NEUTRAL,6,85.71,7,15,NONPOC,7,100,RTH_MORNING,3atr,true
R03,APPROACH_FROM_BELOW,C01_NEUTRAL,14,48.28,29,15,NONPOC,27,93.1,RTH_OPEN,3atr,true
R04,APPROACH_FROM_BELOW,C01_NEUTRAL,7,58.33,12,15,NONPOC,10,83.33,ALL_SESSIONS,3atr,true
R04,APPROACH_FROM_BELOW,C01_NEUTRAL,0,0,1,15,NONPOC,0,0,RTH_AFTERNOON,3atr,true
R04,APPROACH_FROM_BELOW,C01_NEUTRAL,1,50,2,15,NONPOC,2,100,RTH_MIDDAY,3atr,true
R04,APPROACH_FROM_BELOW,C01_NEUTRAL,6,66.67,9,15,NONPOC,8,88.89,RTH_OPEN,3atr,true
R05,APPROACH_FROM_BELOW,C01_NEUTRAL,12,52.17,23,15,NONPOC,18,78.26,ALL_SESSIONS,3atr,true
R05,APPROACH_FROM_BELOW,C01_NEUTRAL,0,0,1,15,NONPOC,1,100,RTH_AFTERNOON,3atr,true
R05,APPROACH_FROM_BELOW,C01_NEUTRAL,0,0,2,15,NONPOC,2,100,RTH_MIDDAY,3atr,true
R05,APPROACH_FROM_BELOW,C01_NEUTRAL,12,60,20,15,NONPOC,15,75,RTH_MORNING,3atr,true
ALL_ANCHORS,APPROACH_FROM_ABOVE,C02_ACTIVITY_MATCHED,67,44.67,150,15,NONPOC,129,86,ALL_SESSIONS,3atr,false
ALL_ANCHORS,APPROACH_FROM_ABOVE,C02_ACTIVITY_MATCHED,4,30.77,13,15,NONPOC,13,100,ETH_EVENING,3atr,true
ALL_ANCHORS,APPROACH_FROM_ABOVE,C02_ACTIVITY_MATCHED,4,25,16,15,NONPOC,14,87.5,ETH_OVERNIGHT,3atr,true
ALL_ANCHORS,APPROACH_FROM_ABOVE,C02_ACTIVITY_MATCHED,2,50,4,15,NONPOC,3,75,RTH_AFTERNOON,3atr,true
ALL_ANCHORS,APPROACH_FROM_ABOVE,C02_ACTIVITY_MATCHED,10,62.5,16,15,NONPOC,14,87.5,RTH_MIDDAY,3atr,true
ALL_ANCHORS,APPROACH_FROM_ABOVE,C02_ACTIVITY_MATCHED,16,47.06,34,15,NONPOC,29,85.29,RTH_MORNING,3atr,false
ALL_ANCHORS,APPROACH_FROM_ABOVE,C02_ACTIVITY_MATCHED,31,46.27,67,15,NONPOC,56,83.58,RTH_OPEN,3atr,false
R01,APPROACH_FROM_ABOVE,C02_ACTIVITY_MATCHED,8,27.59,29,15,NONPOC,27,93.1,ALL_SESSIONS,3atr,true
R01,APPROACH_FROM_ABOVE,C02_ACTIVITY_MATCHED,4,30.77,13,15,NONPOC,13,100,ETH_EVENING,3atr,true
R01,APPROACH_FROM_ABOVE,C02_ACTIVITY_MATCHED,4,25,16,15,NONPOC,14,87.5,ETH_OVERNIGHT,3atr,true
R02,APPROACH_FROM_ABOVE,C02_ACTIVITY_MATCHED,12,31.58,38,15,NONPOC,34,89.47,ALL_SESSIONS,3atr,false
R02,APPROACH_FROM_ABOVE,C02_ACTIVITY_MATCHED,0,0,2,15,NONPOC,2,100,RTH_AFTERNOON,3atr,true
R02,APPROACH_FROM_ABOVE,C02_ACTIVITY_MATCHED,4,66.67,6,15,NONPOC,5,83.33,RTH_MIDDAY,3atr,true
R02,APPROACH_FROM_ABOVE,C02_ACTIVITY_MATCHED,3,33.33,9,15,NONPOC,6,66.67,RTH_MORNING,3atr,true
R02,APPROACH_FROM_ABOVE,C02_ACTIVITY_MATCHED,5,23.81,21,15,NONPOC,21,100,RTH_OPEN,3atr,true
R03,APPROACH_FROM_ABOVE,C02_ACTIVITY_MATCHED,23,63.89,36,15,NONPOC,29,80.56,ALL_SESSIONS,3atr,false
R03,APPROACH_FROM_ABOVE,C02_ACTIVITY_MATCHED,1,100,1,15,NONPOC,0,0,RTH_AFTERNOON,3atr,true
R03,APPROACH_FROM_ABOVE,C02_ACTIVITY_MATCHED,3,75,4,15,NONPOC,4,100,RTH_MIDDAY,3atr,true
R03,APPROACH_FROM_ABOVE,C02_ACTIVITY_MATCHED,3,100,3,15,NONPOC,3,100,RTH_MORNING,3atr,true
R03,APPROACH_FROM_ABOVE,C02_ACTIVITY_MATCHED,16,57.14,28,15,NONPOC,22,78.57,RTH_OPEN,3atr,true
R04,APPROACH_FROM_ABOVE,C02_ACTIVITY_MATCHED,14,60.87,23,15,NONPOC,18,78.26,ALL_SESSIONS,3atr,true
R04,APPROACH_FROM_ABOVE,C02_ACTIVITY_MATCHED,1,100,1,15,NONPOC,1,100,RTH_AFTERNOON,3atr,true
R04,APPROACH_FROM_ABOVE,C02_ACTIVITY_MATCHED,1,100,1,15,NONPOC,1,100,RTH_MIDDAY,3atr,true
R04,APPROACH_FROM_ABOVE,C02_ACTIVITY_MATCHED,2,66.67,3,15,NONPOC,3,100,RTH_MORNING,3atr,true
R04,APPROACH_FROM_ABOVE,C02_ACTIVITY_MATCHED,10,55.56,18,15,NONPOC,13,72.22,RTH_OPEN,3atr,true
R05,APPROACH_FROM_ABOVE,C02_ACTIVITY_MATCHED,10,41.67,24,15,NONPOC,21,87.5,ALL_SESSIONS,3atr,true
R05,APPROACH_FROM_ABOVE,C02_ACTIVITY_MATCHED,2,40,5,15,NONPOC,4,80,RTH_MIDDAY,3atr,true
R05,APPROACH_FROM_ABOVE,C02_ACTIVITY_MATCHED,8,42.11,19,15,NONPOC,17,89.47,RTH_MORNING,3atr,true
ALL_ANCHORS,APPROACH_FROM_BELOW,C02_ACTIVITY_MATCHED,54,46.55,116,15,NONPOC,102,87.93,ALL_SESSIONS,3atr,false
ALL_ANCHORS,APPROACH_FROM_BELOW,C02_ACTIVITY_MATCHED,7,43.75,16,15,NONPOC,13,81.25,ETH_EVENING,3atr,true
ALL_ANCHORS,APPROACH_FROM_BELOW,C02_ACTIVITY_MATCHED,3,30,10,15,NONPOC,7,70,ETH_OVERNIGHT,3atr,true
ALL_ANCHORS,APPROACH_FROM_BELOW,C02_ACTIVITY_MATCHED,6,54.55,11,15,NONPOC,9,81.82,RTH_AFTERNOON,3atr,true
ALL_ANCHORS,APPROACH_FROM_BELOW,C02_ACTIVITY_MATCHED,4,44.44,9,15,NONPOC,9,100,RTH_MIDDAY,3atr,true
ALL_ANCHORS,APPROACH_FROM_BELOW,C02_ACTIVITY_MATCHED,14,50,28,15,NONPOC,25,89.29,RTH_MORNING,3atr,true
ALL_ANCHORS,APPROACH_FROM_BELOW,C02_ACTIVITY_MATCHED,20,47.62,42,15,NONPOC,39,92.86,RTH_OPEN,3atr,false
R01,APPROACH_FROM_BELOW,C02_ACTIVITY_MATCHED,10,38.46,26,15,NONPOC,20,76.92,ALL_SESSIONS,3atr,true
R01,APPROACH_FROM_BELOW,C02_ACTIVITY_MATCHED,7,43.75,16,15,NONPOC,13,81.25,ETH_EVENING,3atr,true
R01,APPROACH_FROM_BELOW,C02_ACTIVITY_MATCHED,3,30,10,15,NONPOC,7,70,ETH_OVERNIGHT,3atr,true
R02,APPROACH_FROM_BELOW,C02_ACTIVITY_MATCHED,11,47.83,23,15,NONPOC,20,86.96,ALL_SESSIONS,3atr,true
R02,APPROACH_FROM_BELOW,C02_ACTIVITY_MATCHED,5,83.33,6,15,NONPOC,4,66.67,RTH_AFTERNOON,3atr,true
R02,APPROACH_FROM_BELOW,C02_ACTIVITY_MATCHED,1,50,2,15,NONPOC,2,100,RTH_MIDDAY,3atr,true
R02,APPROACH_FROM_BELOW,C02_ACTIVITY_MATCHED,0,0,1,15,NONPOC,1,100,RTH_MORNING,3atr,true
R02,APPROACH_FROM_BELOW,C02_ACTIVITY_MATCHED,5,35.71,14,15,NONPOC,13,92.86,RTH_OPEN,3atr,true
R03,APPROACH_FROM_BELOW,C02_ACTIVITY_MATCHED,17,50,34,15,NONPOC,32,94.12,ALL_SESSIONS,3atr,false
R03,APPROACH_FROM_BELOW,C02_ACTIVITY_MATCHED,1,50,2,15,NONPOC,2,100,RTH_AFTERNOON,3atr,true
R03,APPROACH_FROM_BELOW,C02_ACTIVITY_MATCHED,1,100,1,15,NONPOC,1,100,RTH_MIDDAY,3atr,true
R03,APPROACH_FROM_BELOW,C02_ACTIVITY_MATCHED,3,33.33,9,15,NONPOC,9,100,RTH_MORNING,3atr,true
R03,APPROACH_FROM_BELOW,C02_ACTIVITY_MATCHED,12,54.55,22,15,NONPOC,20,90.91,RTH_OPEN,3atr,true
R04,APPROACH_FROM_BELOW,C02_ACTIVITY_MATCHED,5,50,10,15,NONPOC,10,100,ALL_SESSIONS,3atr,true
R04,APPROACH_FROM_BELOW,C02_ACTIVITY_MATCHED,1,33.33,3,15,NONPOC,3,100,RTH_MIDDAY,3atr,true
R04,APPROACH_FROM_BELOW,C02_ACTIVITY_MATCHED,1,100,1,15,NONPOC,1,100,RTH_MORNING,3atr,true
R04,APPROACH_FROM_BELOW,C02_ACTIVITY_MATCHED,3,50,6,15,NONPOC,6,100,RTH_OPEN,3atr,true
R05,APPROACH_FROM_BELOW,C02_ACTIVITY_MATCHED,11,47.83,23,15,NONPOC,20,86.96,ALL_SESSIONS,3atr,true
R05,APPROACH_FROM_BELOW,C02_ACTIVITY_MATCHED,0,0,3,15,NONPOC,3,100,RTH_AFTERNOON,3atr,true
R05,APPROACH_FROM_BELOW,C02_ACTIVITY_MATCHED,1,33.33,3,15,NONPOC,3,100,RTH_MIDDAY,3atr,true
R05,APPROACH_FROM_BELOW,C02_ACTIVITY_MATCHED,10,58.82,17,15,NONPOC,14,82.35,RTH_MORNING,3atr,true
ALL_ANCHORS,APPROACH_FROM_ABOVE,TREATED,77,49.04,157,15,NONPOC,135,85.99,ALL_SESSIONS,3atr,false
ALL_ANCHORS,APPROACH_FROM_ABOVE,TREATED,10,52.63,19,15,NONPOC,16,84.21,ETH_EVENING,3atr,true
ALL_ANCHORS,APPROACH_FROM_ABOVE,TREATED,7,53.85,13,15,NONPOC,9,69.23,ETH_OVERNIGHT,3atr,true
ALL_ANCHORS,APPROACH_FROM_ABOVE,TREATED,5,71.43,7,15,NONPOC,4,57.14,RTH_AFTERNOON,3atr,true
ALL_ANCHORS,APPROACH_FROM_ABOVE,TREATED,9,47.37,19,15,NONPOC,17,89.47,RTH_MIDDAY,3atr,true
ALL_ANCHORS,APPROACH_FROM_ABOVE,TREATED,18,48.65,37,15,NONPOC,33,89.19,RTH_MORNING,3atr,false
ALL_ANCHORS,APPROACH_FROM_ABOVE,TREATED,28,45.16,62,15,NONPOC,56,90.32,RTH_OPEN,3atr,false
R01,APPROACH_FROM_ABOVE,TREATED,17,53.12,32,15,NONPOC,25,78.12,ALL_SESSIONS,3atr,false
R01,APPROACH_FROM_ABOVE,TREATED,10,52.63,19,15,NONPOC,16,84.21,ETH_EVENING,3atr,true
R01,APPROACH_FROM_ABOVE,TREATED,7,53.85,13,15,NONPOC,9,69.23,ETH_OVERNIGHT,3atr,true
R02,APPROACH_FROM_ABOVE,TREATED,23,52.27,44,15,NONPOC,39,88.64,ALL_SESSIONS,3atr,false
R02,APPROACH_FROM_ABOVE,TREATED,3,75,4,15,NONPOC,2,50,RTH_AFTERNOON,3atr,true
R02,APPROACH_FROM_ABOVE,TREATED,4,66.67,6,15,NONPOC,5,83.33,RTH_MIDDAY,3atr,true
R02,APPROACH_FROM_ABOVE,TREATED,3,37.5,8,15,NONPOC,7,87.5,RTH_MORNING,3atr,true
R02,APPROACH_FROM_ABOVE,TREATED,13,50,26,15,NONPOC,25,96.15,RTH_OPEN,3atr,true
R03,APPROACH_FROM_ABOVE,TREATED,15,41.67,36,15,NONPOC,33,91.67,ALL_SESSIONS,3atr,false
R03,APPROACH_FROM_ABOVE,TREATED,2,28.57,7,15,NONPOC,7,100,RTH_MIDDAY,3atr,true
R03,APPROACH_FROM_ABOVE,TREATED,3,50,6,15,NONPOC,6,100,RTH_MORNING,3atr,true
R03,APPROACH_FROM_ABOVE,TREATED,10,43.48,23,15,NONPOC,20,86.96,RTH_OPEN,3atr,true
R04,APPROACH_FROM_ABOVE,TREATED,9,47.37,19,15,NONPOC,17,89.47,ALL_SESSIONS,3atr,true
R04,APPROACH_FROM_ABOVE,TREATED,0,0,1,15,NONPOC,1,100,RTH_AFTERNOON,3atr,true
R04,APPROACH_FROM_ABOVE,TREATED,1,100,1,15,NONPOC,1,100,RTH_MIDDAY,3atr,true
R04,APPROACH_FROM_ABOVE,TREATED,3,75,4,15,NONPOC,4,100,RTH_MORNING,3atr,true
R04,APPROACH_FROM_ABOVE,TREATED,5,38.46,13,15,NONPOC,11,84.62,RTH_OPEN,3atr,true
R05,APPROACH_FROM_ABOVE,TREATED,13,50,26,15,NONPOC,21,80.77,ALL_SESSIONS,3atr,true
R05,APPROACH_FROM_ABOVE,TREATED,2,100,2,15,NONPOC,1,50,RTH_AFTERNOON,3atr,true
R05,APPROACH_FROM_ABOVE,TREATED,2,40,5,15,NONPOC,4,80,RTH_MIDDAY,3atr,true
R05,APPROACH_FROM_ABOVE,TREATED,9,47.37,19,15,NONPOC,16,84.21,RTH_MORNING,3atr,true
ALL_ANCHORS,APPROACH_FROM_BELOW,TREATED,58,46.4,125,15,NONPOC,108,86.4,ALL_SESSIONS,3atr,false
ALL_ANCHORS,APPROACH_FROM_BELOW,TREATED,8,47.06,17,15,NONPOC,13,76.47,ETH_EVENING,3atr,true
ALL_ANCHORS,APPROACH_FROM_BELOW,TREATED,6,50,12,15,NONPOC,9,75,ETH_OVERNIGHT,3atr,true
ALL_ANCHORS,APPROACH_FROM_BELOW,TREATED,4,50,8,15,NONPOC,6,75,RTH_AFTERNOON,3atr,true
ALL_ANCHORS,APPROACH_FROM_BELOW,TREATED,2,22.22,9,15,NONPOC,8,88.89,RTH_MIDDAY,3atr,true
ALL_ANCHORS,APPROACH_FROM_BELOW,TREATED,12,50,24,15,NONPOC,21,87.5,RTH_MORNING,3atr,true
ALL_ANCHORS,APPROACH_FROM_BELOW,TREATED,26,47.27,55,15,NONPOC,51,92.73,RTH_OPEN,3atr,false
R01,APPROACH_FROM_BELOW,TREATED,14,48.28,29,15,NONPOC,22,75.86,ALL_SESSIONS,3atr,true
R01,APPROACH_FROM_BELOW,TREATED,8,47.06,17,15,NONPOC,13,76.47,ETH_EVENING,3atr,true
R01,APPROACH_FROM_BELOW,TREATED,6,50,12,15,NONPOC,9,75,ETH_OVERNIGHT,3atr,true
R02,APPROACH_FROM_BELOW,TREATED,10,37.04,27,15,NONPOC,23,85.19,ALL_SESSIONS,3atr,true
R02,APPROACH_FROM_BELOW,TREATED,3,50,6,15,NONPOC,5,83.33,RTH_AFTERNOON,3atr,true
R02,APPROACH_FROM_BELOW,TREATED,0,0,1,15,NONPOC,1,100,RTH_MIDDAY,3atr,true
R02,APPROACH_FROM_BELOW,TREATED,1,50,2,15,NONPOC,2,100,RTH_MORNING,3atr,true
R02,APPROACH_FROM_BELOW,TREATED,6,33.33,18,15,NONPOC,15,83.33,RTH_OPEN,3atr,true
R03,APPROACH_FROM_BELOW,TREATED,19,50,38,15,NONPOC,37,97.37,ALL_SESSIONS,3atr,false
R03,APPROACH_FROM_BELOW,TREATED,0,0,2,15,NONPOC,2,100,RTH_MIDDAY,3atr,true
R03,APPROACH_FROM_BELOW,TREATED,3,50,6,15,NONPOC,6,100,RTH_MORNING,3atr,true
R03,APPROACH_FROM_BELOW,TREATED,16,53.33,30,15,NONPOC,29,96.67,RTH_OPEN,3atr,false
R04,APPROACH_FROM_BELOW,TREATED,5,45.45,11,15,NONPOC,10,90.91,ALL_SESSIONS,3atr,true
R04,APPROACH_FROM_BELOW,TREATED,0,0,1,15,NONPOC,0,0,RTH_AFTERNOON,3atr,true
R04,APPROACH_FROM_BELOW,TREATED,1,33.33,3,15,NONPOC,3,100,RTH_MIDDAY,3atr,true
R04,APPROACH_FROM_BELOW,TREATED,4,57.14,7,15,NONPOC,7,100,RTH_OPEN,3atr,true
R05,APPROACH_FROM_BELOW,TREATED,10,50,20,15,NONPOC,16,80,ALL_SESSIONS,3atr,true
R05,APPROACH_FROM_BELOW,TREATED,1,100,1,15,NONPOC,1,100,RTH_AFTERNOON,3atr,true
R05,APPROACH_FROM_BELOW,TREATED,1,33.33,3,15,NONPOC,2,66.67,RTH_MIDDAY,3atr,true
R05,APPROACH_FROM_BELOW,TREATED,8,50,16,15,NONPOC,13,81.25,RTH_MORNING,3atr,true
ALL_ANCHORS,APPROACH_FROM_ABOVE,C01_NEUTRAL,189,56.08,337,15,POC,272,80.71,ALL_SESSIONS,3atr,false
ALL_ANCHORS,APPROACH_FROM_ABOVE,C01_NEUTRAL,22,52.38,42,15,POC,33,78.57,ETH_EVENING,3atr,false
ALL_ANCHORS,APPROACH_FROM_ABOVE,C01_NEUTRAL,14,58.33,24,15,POC,17,70.83,ETH_OVERNIGHT,3atr,true
ALL_ANCHORS,APPROACH_FROM_ABOVE,C01_NEUTRAL,4,36.36,11,15,POC,10,90.91,RTH_AFTERNOON,3atr,true
ALL_ANCHORS,APPROACH_FROM_ABOVE,C01_NEUTRAL,16,55.17,29,15,POC,27,93.1,RTH_MIDDAY,3atr,true
ALL_ANCHORS,APPROACH_FROM_ABOVE,C01_NEUTRAL,49,62.03,79,15,POC,60,75.95,RTH_MORNING,3atr,false
ALL_ANCHORS,APPROACH_FROM_ABOVE,C01_NEUTRAL,84,55.26,152,15,POC,125,82.24,RTH_OPEN,3atr,false
R01,APPROACH_FROM_ABOVE,C01_NEUTRAL,36,54.55,66,15,POC,50,75.76,ALL_SESSIONS,3atr,false
R01,APPROACH_FROM_ABOVE,C01_NEUTRAL,22,52.38,42,15,POC,33,78.57,ETH_EVENING,3atr,false
R01,APPROACH_FROM_ABOVE,C01_NEUTRAL,14,58.33,24,15,POC,17,70.83,ETH_OVERNIGHT,3atr,true
R02,APPROACH_FROM_ABOVE,C01_NEUTRAL,40,57.14,70,15,POC,48,68.57,ALL_SESSIONS,3atr,false
R02,APPROACH_FROM_ABOVE,C01_NEUTRAL,2,50,4,15,POC,3,75,RTH_AFTERNOON,3atr,true
R02,APPROACH_FROM_ABOVE,C01_NEUTRAL,5,55.56,9,15,POC,8,88.89,RTH_MIDDAY,3atr,true
R02,APPROACH_FROM_ABOVE,C01_NEUTRAL,5,50,10,15,POC,7,70,RTH_MORNING,3atr,true
R02,APPROACH_FROM_ABOVE,C01_NEUTRAL,28,59.57,47,15,POC,30,63.83,RTH_OPEN,3atr,false
R03,APPROACH_FROM_ABOVE,C01_NEUTRAL,37,54.41,68,15,POC,59,86.76,ALL_SESSIONS,3atr,false
R03,APPROACH_FROM_ABOVE,C01_NEUTRAL,1,33.33,3,15,POC,3,100,RTH_AFTERNOON,3atr,true
R03,APPROACH_FROM_ABOVE,C01_NEUTRAL,3,50,6,15,POC,6,100,RTH_MIDDAY,3atr,true
R03,APPROACH_FROM_ABOVE,C01_NEUTRAL,4,80,5,15,POC,2,40,RTH_MORNING,3atr,true
R03,APPROACH_FROM_ABOVE,C01_NEUTRAL,29,53.7,54,15,POC,48,88.89,RTH_OPEN,3atr,false
R04,APPROACH_FROM_ABOVE,C01_NEUTRAL,33,51.56,64,15,POC,58,90.62,ALL_SESSIONS,3atr,false
R04,APPROACH_FROM_ABOVE,C01_NEUTRAL,0,0,1,15,POC,1,100,RTH_AFTERNOON,3atr,true
R04,APPROACH_FROM_ABOVE,C01_NEUTRAL,2,40,5,15,POC,5,100,RTH_MIDDAY,3atr,true
R04,APPROACH_FROM_ABOVE,C01_NEUTRAL,4,57.14,7,15,POC,5,71.43,RTH_MORNING,3atr,true
R04,APPROACH_FROM_ABOVE,C01_NEUTRAL,27,52.94,51,15,POC,47,92.16,RTH_OPEN,3atr,false
R05,APPROACH_FROM_ABOVE,C01_NEUTRAL,43,62.32,69,15,POC,57,82.61,ALL_SESSIONS,3atr,false
R05,APPROACH_FROM_ABOVE,C01_NEUTRAL,1,33.33,3,15,POC,3,100,RTH_AFTERNOON,3atr,true
R05,APPROACH_FROM_ABOVE,C01_NEUTRAL,6,66.67,9,15,POC,8,88.89,RTH_MIDDAY,3atr,true
R05,APPROACH_FROM_ABOVE,C01_NEUTRAL,36,63.16,57,15,POC,46,80.7,RTH_MORNING,3atr,false
ALL_ANCHORS,APPROACH_FROM_BELOW,C01_NEUTRAL,104,47.93,217,15,POC,179,82.49,ALL_SESSIONS,3atr,false
ALL_ANCHORS,APPROACH_FROM_BELOW,C01_NEUTRAL,19,52.78,36,15,POC,30,83.33,ETH_EVENING,3atr,false
ALL_ANCHORS,APPROACH_FROM_BELOW,C01_NEUTRAL,10,58.82,17,15,POC,13,76.47,ETH_OVERNIGHT,3atr,true
ALL_ANCHORS,APPROACH_FROM_BELOW,C01_NEUTRAL,6,66.67,9,15,POC,7,77.78,RTH_AFTERNOON,3atr,true
ALL_ANCHORS,APPROACH_FROM_BELOW,C01_NEUTRAL,6,60,10,15,POC,9,90,RTH_MIDDAY,3atr,true
ALL_ANCHORS,APPROACH_FROM_BELOW,C01_NEUTRAL,21,46.67,45,15,POC,33,73.33,RTH_MORNING,3atr,false
ALL_ANCHORS,APPROACH_FROM_BELOW,C01_NEUTRAL,42,42,100,15,POC,87,87,RTH_OPEN,3atr,false
R01,APPROACH_FROM_BELOW,C01_NEUTRAL,29,54.72,53,15,POC,43,81.13,ALL_SESSIONS,3atr,false
R01,APPROACH_FROM_BELOW,C01_NEUTRAL,19,52.78,36,15,POC,30,83.33,ETH_EVENING,3atr,false
R01,APPROACH_FROM_BELOW,C01_NEUTRAL,10,58.82,17,15,POC,13,76.47,ETH_OVERNIGHT,3atr,true
R02,APPROACH_FROM_BELOW,C01_NEUTRAL,17,45.95,37,15,POC,25,67.57,ALL_SESSIONS,3atr,false
R02,APPROACH_FROM_BELOW,C01_NEUTRAL,2,100,2,15,POC,1,50,RTH_AFTERNOON,3atr,true
R02,APPROACH_FROM_BELOW,C01_NEUTRAL,4,57.14,7,15,POC,4,57.14,RTH_MORNING,3atr,true
R02,APPROACH_FROM_BELOW,C01_NEUTRAL,11,39.29,28,15,POC,20,71.43,RTH_OPEN,3atr,true
R03,APPROACH_FROM_BELOW,C01_NEUTRAL,16,37.21,43,15,POC,41,95.35,ALL_SESSIONS,3atr,false
R03,APPROACH_FROM_BELOW,C01_NEUTRAL,1,33.33,3,15,POC,3,100,RTH_AFTERNOON,3atr,true
R03,APPROACH_FROM_BELOW,C01_NEUTRAL,1,50,2,15,POC,2,100,RTH_MIDDAY,3atr,true
R03,APPROACH_FROM_BELOW,C01_NEUTRAL,0,0,2,15,POC,2,100,RTH_MORNING,3atr,true
R03,APPROACH_FROM_BELOW,C01_NEUTRAL,14,38.89,36,15,POC,34,94.44,RTH_OPEN,3atr,false
R04,APPROACH_FROM_BELOW,C01_NEUTRAL,22,53.66,41,15,POC,37,90.24,ALL_SESSIONS,3atr,false
R04,APPROACH_FROM_BELOW,C01_NEUTRAL,1,100,1,15,POC,0,0,RTH_AFTERNOON,3atr,true
R04,APPROACH_FROM_BELOW,C01_NEUTRAL,2,100,2,15,POC,2,100,RTH_MIDDAY,3atr,true
R04,APPROACH_FROM_BELOW,C01_NEUTRAL,2,100,2,15,POC,2,100,RTH_MORNING,3atr,true
R04,APPROACH_FROM_BELOW,C01_NEUTRAL,17,47.22,36,15,POC,33,91.67,RTH_OPEN,3atr,false
R05,APPROACH_FROM_BELOW,C01_NEUTRAL,20,46.51,43,15,POC,33,76.74,ALL_SESSIONS,3atr,false
R05,APPROACH_FROM_BELOW,C01_NEUTRAL,2,66.67,3,15,POC,3,100,RTH_AFTERNOON,3atr,true
R05,APPROACH_FROM_BELOW,C01_NEUTRAL,3,50,6,15,POC,5,83.33,RTH_MIDDAY,3atr,true
R05,APPROACH_FROM_BELOW,C01_NEUTRAL,15,44.12,34,15,POC,25,73.53,RTH_MORNING,3atr,false
ALL_ANCHORS,APPROACH_FROM_ABOVE,C02_ACTIVITY_MATCHED,111,49.55,224,15,POC,192,85.71,ALL_SESSIONS,3atr,false
ALL_ANCHORS,APPROACH_FROM_ABOVE,C02_ACTIVITY_MATCHED,9,39.13,23,15,POC,21,91.3,ETH_EVENING,3atr,true
ALL_ANCHORS,APPROACH_FROM_ABOVE,C02_ACTIVITY_MATCHED,9,45,20,15,POC,14,70,ETH_OVERNIGHT,3atr,true
ALL_ANCHORS,APPROACH_FROM_ABOVE,C02_ACTIVITY_MATCHED,5,55.56,9,15,POC,7,77.78,RTH_AFTERNOON,3atr,true
ALL_ANCHORS,APPROACH_FROM_ABOVE,C02_ACTIVITY_MATCHED,8,50,16,15,POC,13,81.25,RTH_MIDDAY,3atr,true
ALL_ANCHORS,APPROACH_FROM_ABOVE,C02_ACTIVITY_MATCHED,29,51.79,56,15,POC,47,83.93,RTH_MORNING,3atr,false
ALL_ANCHORS,APPROACH_FROM_ABOVE,C02_ACTIVITY_MATCHED,51,51,100,15,POC,90,90,RTH_OPEN,3atr,false
R01,APPROACH_FROM_ABOVE,C02_ACTIVITY_MATCHED,18,41.86,43,15,POC,35,81.4,ALL_SESSIONS,3atr,false
R01,APPROACH_FROM_ABOVE,C02_ACTIVITY_MATCHED,9,39.13,23,15,POC,21,91.3,ETH_EVENING,3atr,true
R01,APPROACH_FROM_ABOVE,C02_ACTIVITY_MATCHED,9,45,20,15,POC,14,70,ETH_OVERNIGHT,3atr,true
R02,APPROACH_FROM_ABOVE,C02_ACTIVITY_MATCHED,33,63.46,52,15,POC,43,82.69,ALL_SESSIONS,3atr,false
R02,APPROACH_FROM_ABOVE,C02_ACTIVITY_MATCHED,3,60,5,15,POC,4,80,RTH_AFTERNOON,3atr,true
R02,APPROACH_FROM_ABOVE,C02_ACTIVITY_MATCHED,3,50,6,15,POC,4,66.67,RTH_MIDDAY,3atr,true
R02,APPROACH_FROM_ABOVE,C02_ACTIVITY_MATCHED,6,100,6,15,POC,5,83.33,RTH_MORNING,3atr,true
R02,APPROACH_FROM_ABOVE,C02_ACTIVITY_MATCHED,21,60,35,15,POC,30,85.71,RTH_OPEN,3atr,false
R03,APPROACH_FROM_ABOVE,C02_ACTIVITY_MATCHED,11,28.95,38,15,POC,36,94.74,ALL_SESSIONS,3atr,false
R03,APPROACH_FROM_ABOVE,C02_ACTIVITY_MATCHED,0,0,1,15,POC,1,100,RTH_AFTERNOON,3atr,true
R03,APPROACH_FROM_ABOVE,C02_ACTIVITY_MATCHED,0,0,2,15,POC,2,100,RTH_MIDDAY,3atr,true
R03,APPROACH_FROM_ABOVE,C02_ACTIVITY_MATCHED,1,20,5,15,POC,4,80,RTH_MORNING,3atr,true
R03,APPROACH_FROM_ABOVE,C02_ACTIVITY_MATCHED,10,33.33,30,15,POC,29,96.67,RTH_OPEN,3atr,false
R04,APPROACH_FROM_ABOVE,C02_ACTIVITY_MATCHED,27,61.36,44,15,POC,38,86.36,ALL_SESSIONS,3atr,false
R04,APPROACH_FROM_ABOVE,C02_ACTIVITY_MATCHED,1,100,1,15,POC,1,100,RTH_AFTERNOON,3atr,true
R04,APPROACH_FROM_ABOVE,C02_ACTIVITY_MATCHED,1,100,1,15,POC,1,100,RTH_MIDDAY,3atr,true
R04,APPROACH_FROM_ABOVE,C02_ACTIVITY_MATCHED,5,71.43,7,15,POC,5,71.43,RTH_MORNING,3atr,true
R04,APPROACH_FROM_ABOVE,C02_ACTIVITY_MATCHED,20,57.14,35,15,POC,31,88.57,RTH_OPEN,3atr,false
R05,APPROACH_FROM_ABOVE,C02_ACTIVITY_MATCHED,22,46.81,47,15,POC,40,85.11,ALL_SESSIONS,3atr,false
R05,APPROACH_FROM_ABOVE,C02_ACTIVITY_MATCHED,1,50,2,15,POC,1,50,RTH_AFTERNOON,3atr,true
R05,APPROACH_FROM_ABOVE,C02_ACTIVITY_MATCHED,4,57.14,7,15,POC,6,85.71,RTH_MIDDAY,3atr,true
R05,APPROACH_FROM_ABOVE,C02_ACTIVITY_MATCHED,17,44.74,38,15,POC,33,86.84,RTH_MORNING,3atr,false
ALL_ANCHORS,APPROACH_FROM_BELOW,C02_ACTIVITY_MATCHED,88,55.7,158,15,POC,127,80.38,ALL_SESSIONS,3atr,false
ALL_ANCHORS,APPROACH_FROM_BELOW,C02_ACTIVITY_MATCHED,13,54.17,24,15,POC,16,66.67,ETH_EVENING,3atr,true
ALL_ANCHORS,APPROACH_FROM_BELOW,C02_ACTIVITY_MATCHED,8,61.54,13,15,POC,9,69.23,ETH_OVERNIGHT,3atr,true
ALL_ANCHORS,APPROACH_FROM_BELOW,C02_ACTIVITY_MATCHED,4,44.44,9,15,POC,7,77.78,RTH_AFTERNOON,3atr,true
ALL_ANCHORS,APPROACH_FROM_BELOW,C02_ACTIVITY_MATCHED,7,87.5,8,15,POC,7,87.5,RTH_MIDDAY,3atr,true
ALL_ANCHORS,APPROACH_FROM_BELOW,C02_ACTIVITY_MATCHED,22,56.41,39,15,POC,27,69.23,RTH_MORNING,3atr,false
ALL_ANCHORS,APPROACH_FROM_BELOW,C02_ACTIVITY_MATCHED,34,52.31,65,15,POC,61,93.85,RTH_OPEN,3atr,false
R01,APPROACH_FROM_BELOW,C02_ACTIVITY_MATCHED,21,56.76,37,15,POC,25,67.57,ALL_SESSIONS,3atr,false
R01,APPROACH_FROM_BELOW,C02_ACTIVITY_MATCHED,13,54.17,24,15,POC,16,66.67,ETH_EVENING,3atr,true
R01,APPROACH_FROM_BELOW,C02_ACTIVITY_MATCHED,8,61.54,13,15,POC,9,69.23,ETH_OVERNIGHT,3atr,true
R02,APPROACH_FROM_BELOW,C02_ACTIVITY_MATCHED,16,61.54,26,15,POC,19,73.08,ALL_SESSIONS,3atr,true
R02,APPROACH_FROM_BELOW,C02_ACTIVITY_MATCHED,2,66.67,3,15,POC,2,66.67,RTH_AFTERNOON,3atr,true
R02,APPROACH_FROM_BELOW,C02_ACTIVITY_MATCHED,4,66.67,6,15,POC,3,50,RTH_MORNING,3atr,true
R02,APPROACH_FROM_BELOW,C02_ACTIVITY_MATCHED,10,58.82,17,15,POC,14,82.35,RTH_OPEN,3atr,true
R03,APPROACH_FROM_BELOW,C02_ACTIVITY_MATCHED,16,59.26,27,15,POC,26,96.3,ALL_SESSIONS,3atr,true
R03,APPROACH_FROM_BELOW,C02_ACTIVITY_MATCHED,0,0,2,15,POC,2,100,RTH_AFTERNOON,3atr,true
R03,APPROACH_FROM_BELOW,C02_ACTIVITY_MATCHED,2,66.67,3,15,POC,3,100,RTH_MIDDAY,3atr,true
R03,APPROACH_FROM_BELOW,C02_ACTIVITY_MATCHED,2,100,2,15,POC,1,50,RTH_MORNING,3atr,true
R03,APPROACH_FROM_BELOW,C02_ACTIVITY_MATCHED,12,60,20,15,POC,20,100,RTH_OPEN,3atr,true
R04,APPROACH_FROM_BELOW,C02_ACTIVITY_MATCHED,13,41.94,31,15,POC,30,96.77,ALL_SESSIONS,3atr,false
R04,APPROACH_FROM_BELOW,C02_ACTIVITY_MATCHED,0,0,1,15,POC,1,100,RTH_AFTERNOON,3atr,true
R04,APPROACH_FROM_BELOW,C02_ACTIVITY_MATCHED,1,100,1,15,POC,1,100,RTH_MIDDAY,3atr,true
R04,APPROACH_FROM_BELOW,C02_ACTIVITY_MATCHED,0,0,1,15,POC,1,100,RTH_MORNING,3atr,true
R04,APPROACH_FROM_BELOW,C02_ACTIVITY_MATCHED,12,42.86,28,15,POC,27,96.43,RTH_OPEN,3atr,true
R05,APPROACH_FROM_BELOW,C02_ACTIVITY_MATCHED,22,59.46,37,15,POC,27,72.97,ALL_SESSIONS,3atr,false
R05,APPROACH_FROM_BELOW,C02_ACTIVITY_MATCHED,2,66.67,3,15,POC,2,66.67,RTH_AFTERNOON,3atr,true
R05,APPROACH_FROM_BELOW,C02_ACTIVITY_MATCHED,4,100,4,15,POC,3,75,RTH_MIDDAY,3atr,true
R05,APPROACH_FROM_BELOW,C02_ACTIVITY_MATCHED,16,53.33,30,15,POC,22,73.33,RTH_MORNING,3atr,false
ALL_ANCHORS,APPROACH_FROM_ABOVE,TREATED,171,56.62,302,15,POC,256,84.77,ALL_SESSIONS,3atr,false
ALL_ANCHORS,APPROACH_FROM_ABOVE,TREATED,17,50,34,15,POC,27,79.41,ETH_EVENING,3atr,false
ALL_ANCHORS,APPROACH_FROM_ABOVE,TREATED,16,59.26,27,15,POC,18,66.67,ETH_OVERNIGHT,3atr,true
ALL_ANCHORS,APPROACH_FROM_ABOVE,TREATED,4,36.36,11,15,POC,9,81.82,RTH_AFTERNOON,3atr,true
ALL_ANCHORS,APPROACH_FROM_ABOVE,TREATED,23,76.67,30,15,POC,25,83.33,RTH_MIDDAY,3atr,false
ALL_ANCHORS,APPROACH_FROM_ABOVE,TREATED,46,69.7,66,15,POC,53,80.3,RTH_MORNING,3atr,false
ALL_ANCHORS,APPROACH_FROM_ABOVE,TREATED,65,48.51,134,15,POC,124,92.54,RTH_OPEN,3atr,false
R01,APPROACH_FROM_ABOVE,TREATED,33,54.1,61,15,POC,45,73.77,ALL_SESSIONS,3atr,false
R01,APPROACH_FROM_ABOVE,TREATED,17,50,34,15,POC,27,79.41,ETH_EVENING,3atr,false
R01,APPROACH_FROM_ABOVE,TREATED,16,59.26,27,15,POC,18,66.67,ETH_OVERNIGHT,3atr,true
R02,APPROACH_FROM_ABOVE,TREATED,44,62.86,70,15,POC,53,75.71,ALL_SESSIONS,3atr,false
R02,APPROACH_FROM_ABOVE,TREATED,2,40,5,15,POC,3,60,RTH_AFTERNOON,3atr,true
R02,APPROACH_FROM_ABOVE,TREATED,5,62.5,8,15,POC,7,87.5,RTH_MIDDAY,3atr,true
R02,APPROACH_FROM_ABOVE,TREATED,9,81.82,11,15,POC,7,63.64,RTH_MORNING,3atr,true
R02,APPROACH_FROM_ABOVE,TREATED,28,60.87,46,15,POC,36,78.26,RTH_OPEN,3atr,false
R03,APPROACH_FROM_ABOVE,TREATED,32,53.33,60,15,POC,57,95,ALL_SESSIONS,3atr,false
R03,APPROACH_FROM_ABOVE,TREATED,1,50,2,15,POC,2,100,RTH_AFTERNOON,3atr,true
R03,APPROACH_FROM_ABOVE,TREATED,6,85.71,7,15,POC,6,85.71,RTH_MIDDAY,3atr,true
R03,APPROACH_FROM_ABOVE,TREATED,4,100,4,15,POC,2,50,RTH_MORNING,3atr,true
R03,APPROACH_FROM_ABOVE,TREATED,21,44.68,47,15,POC,47,100,RTH_OPEN,3atr,false
R04,APPROACH_FROM_ABOVE,TREATED,25,48.08,52,15,POC,50,96.15,ALL_SESSIONS,3atr,false
R04,APPROACH_FROM_ABOVE,TREATED,0,0,1,15,POC,1,100,RTH_AFTERNOON,3atr,true
R04,APPROACH_FROM_ABOVE,TREATED,4,100,4,15,POC,4,100,RTH_MIDDAY,3atr,true
R04,APPROACH_FROM_ABOVE,TREATED,5,83.33,6,15,POC,4,66.67,RTH_MORNING,3atr,true
R04,APPROACH_FROM_ABOVE,TREATED,16,39.02,41,15,POC,41,100,RTH_OPEN,3atr,false
R05,APPROACH_FROM_ABOVE,TREATED,37,62.71,59,15,POC,51,86.44,ALL_SESSIONS,3atr,false
R05,APPROACH_FROM_ABOVE,TREATED,1,33.33,3,15,POC,3,100,RTH_AFTERNOON,3atr,true
R05,APPROACH_FROM_ABOVE,TREATED,8,72.73,11,15,POC,8,72.73,RTH_MIDDAY,3atr,true
R05,APPROACH_FROM_ABOVE,TREATED,28,62.22,45,15,POC,40,88.89,RTH_MORNING,3atr,false
ALL_ANCHORS,APPROACH_FROM_BELOW,TREATED,118,51.75,228,15,POC,188,82.46,ALL_SESSIONS,3atr,false
ALL_ANCHORS,APPROACH_FROM_BELOW,TREATED,23,63.89,36,15,POC,28,77.78,ETH_EVENING,3atr,false
ALL_ANCHORS,APPROACH_FROM_BELOW,TREATED,11,55,20,15,POC,13,65,ETH_OVERNIGHT,3atr,true
ALL_ANCHORS,APPROACH_FROM_BELOW,TREATED,4,36.36,11,15,POC,9,81.82,RTH_AFTERNOON,3atr,true
ALL_ANCHORS,APPROACH_FROM_BELOW,TREATED,6,60,10,15,POC,7,70,RTH_MIDDAY,3atr,true
ALL_ANCHORS,APPROACH_FROM_BELOW,TREATED,19,42.22,45,15,POC,36,80,RTH_MORNING,3atr,false
ALL_ANCHORS,APPROACH_FROM_BELOW,TREATED,55,51.89,106,15,POC,95,89.62,RTH_OPEN,3atr,false
R01,APPROACH_FROM_BELOW,TREATED,34,60.71,56,15,POC,41,73.21,ALL_SESSIONS,3atr,false
R01,APPROACH_FROM_BELOW,TREATED,23,63.89,36,15,POC,28,77.78,ETH_EVENING,3atr,false
R01,APPROACH_FROM_BELOW,TREATED,11,55,20,15,POC,13,65,ETH_OVERNIGHT,3atr,true
R02,APPROACH_FROM_BELOW,TREATED,22,53.66,41,15,POC,33,80.49,ALL_SESSIONS,3atr,false
R02,APPROACH_FROM_BELOW,TREATED,1,25,4,15,POC,3,75,RTH_AFTERNOON,3atr,true
R02,APPROACH_FROM_BELOW,TREATED,4,50,8,15,POC,5,62.5,RTH_MORNING,3atr,true
R02,APPROACH_FROM_BELOW,TREATED,17,58.62,29,15,POC,25,86.21,RTH_OPEN,3atr,true
R03,APPROACH_FROM_BELOW,TREATED,20,47.62,42,15,POC,40,95.24,ALL_SESSIONS,3atr,false
R03,APPROACH_FROM_BELOW,TREATED,0,0,2,15,POC,2,100,RTH_AFTERNOON,3atr,true
R03,APPROACH_FROM_BELOW,TREATED,1,50,2,15,POC,2,100,RTH_MIDDAY,3atr,true
R03,APPROACH_FROM_BELOW,TREATED,1,50,2,15,POC,2,100,RTH_MORNING,3atr,true
R03,APPROACH_FROM_BELOW,TREATED,18,50,36,15,POC,34,94.44,RTH_OPEN,3atr,false
R04,APPROACH_FROM_BELOW,TREATED,23,50,46,15,POC,41,89.13,ALL_SESSIONS,3atr,false
R04,APPROACH_FROM_BELOW,TREATED,0,0,1,15,POC,1,100,RTH_AFTERNOON,3atr,true
R04,APPROACH_FROM_BELOW,TREATED,1,50,2,15,POC,2,100,RTH_MIDDAY,3atr,true
R04,APPROACH_FROM_BELOW,TREATED,2,100,2,15,POC,2,100,RTH_MORNING,3atr,true
R04,APPROACH_FROM_BELOW,TREATED,20,48.78,41,15,POC,36,87.8,RTH_OPEN,3atr,false
R05,APPROACH_FROM_BELOW,TREATED,19,44.19,43,15,POC,33,76.74,ALL_SESSIONS,3atr,false
R05,APPROACH_FROM_BELOW,TREATED,3,75,4,15,POC,3,75,RTH_AFTERNOON,3atr,true
R05,APPROACH_FROM_BELOW,TREATED,4,66.67,6,15,POC,3,50,RTH_MIDDAY,3atr,true
R05,APPROACH_FROM_BELOW,TREATED,12,36.36,33,15,POC,27,81.82,RTH_MORNING,3atr,false
ALL_ANCHORS,APPROACH_FROM_ABOVE,C01_NEUTRAL,87,52.41,166,30,NONPOC,141,84.94,ALL_SESSIONS,3atr,false
ALL_ANCHORS,APPROACH_FROM_ABOVE,C01_NEUTRAL,10,58.82,17,30,NONPOC,14,82.35,ETH_EVENING,3atr,true
ALL_ANCHORS,APPROACH_FROM_ABOVE,C01_NEUTRAL,5,35.71,14,30,NONPOC,10,71.43,ETH_OVERNIGHT,3atr,true
ALL_ANCHORS,APPROACH_FROM_ABOVE,C01_NEUTRAL,6,85.71,7,30,NONPOC,4,57.14,RTH_AFTERNOON,3atr,true
ALL_ANCHORS,APPROACH_FROM_ABOVE,C01_NEUTRAL,10,55.56,18,30,NONPOC,13,72.22,RTH_MIDDAY,3atr,true
ALL_ANCHORS,APPROACH_FROM_ABOVE,C01_NEUTRAL,23,53.49,43,30,NONPOC,40,93.02,RTH_MORNING,3atr,false
ALL_ANCHORS,APPROACH_FROM_ABOVE,C01_NEUTRAL,33,49.25,67,30,NONPOC,60,89.55,RTH_OPEN,3atr,false
R01,APPROACH_FROM_ABOVE,C01_NEUTRAL,15,48.39,31,30,NONPOC,24,77.42,ALL_SESSIONS,3atr,false
R01,APPROACH_FROM_ABOVE,C01_NEUTRAL,10,58.82,17,30,NONPOC,14,82.35,ETH_EVENING,3atr,true
R01,APPROACH_FROM_ABOVE,C01_NEUTRAL,5,35.71,14,30,NONPOC,10,71.43,ETH_OVERNIGHT,3atr,true
R02,APPROACH_FROM_ABOVE,C01_NEUTRAL,25,59.52,42,30,NONPOC,35,83.33,ALL_SESSIONS,3atr,false
R02,APPROACH_FROM_ABOVE,C01_NEUTRAL,4,100,4,30,NONPOC,1,25,RTH_AFTERNOON,3atr,true
R02,APPROACH_FROM_ABOVE,C01_NEUTRAL,4,66.67,6,30,NONPOC,4,66.67,RTH_MIDDAY,3atr,true
R02,APPROACH_FROM_ABOVE,C01_NEUTRAL,5,62.5,8,30,NONPOC,7,87.5,RTH_MORNING,3atr,true
R02,APPROACH_FROM_ABOVE,C01_NEUTRAL,12,50,24,30,NONPOC,23,95.83,RTH_OPEN,3atr,true
R03,APPROACH_FROM_ABOVE,C01_NEUTRAL,19,46.34,41,30,NONPOC,36,87.8,ALL_SESSIONS,3atr,false
R03,APPROACH_FROM_ABOVE,C01_NEUTRAL,2,33.33,6,30,NONPOC,5,83.33,RTH_MIDDAY,3atr,true
R03,APPROACH_FROM_ABOVE,C01_NEUTRAL,2,33.33,6,30,NONPOC,6,100,RTH_MORNING,3atr,true
R03,APPROACH_FROM_ABOVE,C01_NEUTRAL,15,51.72,29,30,NONPOC,25,86.21,RTH_OPEN,3atr,true
R04,APPROACH_FROM_ABOVE,C01_NEUTRAL,11,55,20,30,NONPOC,18,90,ALL_SESSIONS,3atr,true
R04,APPROACH_FROM_ABOVE,C01_NEUTRAL,1,100,1,30,NONPOC,1,100,RTH_AFTERNOON,3atr,true
R04,APPROACH_FROM_ABOVE,C01_NEUTRAL,1,100,1,30,NONPOC,1,100,RTH_MIDDAY,3atr,true
R04,APPROACH_FROM_ABOVE,C01_NEUTRAL,3,75,4,30,NONPOC,4,100,RTH_MORNING,3atr,true
R04,APPROACH_FROM_ABOVE,C01_NEUTRAL,6,42.86,14,30,NONPOC,12,85.71,RTH_OPEN,3atr,true
R05,APPROACH_FROM_ABOVE,C01_NEUTRAL,17,53.12,32,30,NONPOC,28,87.5,ALL_SESSIONS,3atr,false
R05,APPROACH_FROM_ABOVE,C01_NEUTRAL,1,50,2,30,NONPOC,2,100,RTH_AFTERNOON,3atr,true
R05,APPROACH_FROM_ABOVE,C01_NEUTRAL,3,60,5,30,NONPOC,3,60,RTH_MIDDAY,3atr,true
R05,APPROACH_FROM_ABOVE,C01_NEUTRAL,13,52,25,30,NONPOC,23,92,RTH_MORNING,3atr,true
ALL_ANCHORS,APPROACH_FROM_BELOW,C01_NEUTRAL,59,46.83,126,30,NONPOC,108,85.71,ALL_SESSIONS,3atr,false
ALL_ANCHORS,APPROACH_FROM_BELOW,C01_NEUTRAL,4,26.67,15,30,NONPOC,13,86.67,ETH_EVENING,3atr,true
ALL_ANCHORS,APPROACH_FROM_BELOW,C01_NEUTRAL,6,46.15,13,30,NONPOC,8,61.54,ETH_OVERNIGHT,3atr,true
ALL_ANCHORS,APPROACH_FROM_BELOW,C01_NEUTRAL,4,50,8,30,NONPOC,6,75,RTH_AFTERNOON,3atr,true
ALL_ANCHORS,APPROACH_FROM_BELOW,C01_NEUTRAL,1,14.29,7,30,NONPOC,7,100,RTH_MIDDAY,3atr,true
ALL_ANCHORS,APPROACH_FROM_BELOW,C01_NEUTRAL,18,62.07,29,30,NONPOC,24,82.76,RTH_MORNING,3atr,true
ALL_ANCHORS,APPROACH_FROM_BELOW,C01_NEUTRAL,26,48.15,54,30,NONPOC,50,92.59,RTH_OPEN,3atr,false
R01,APPROACH_FROM_BELOW,C01_NEUTRAL,10,35.71,28,30,NONPOC,21,75,ALL_SESSIONS,3atr,true
R01,APPROACH_FROM_BELOW,C01_NEUTRAL,4,26.67,15,30,NONPOC,13,86.67,ETH_EVENING,3atr,true
R01,APPROACH_FROM_BELOW,C01_NEUTRAL,6,46.15,13,30,NONPOC,8,61.54,ETH_OVERNIGHT,3atr,true
R02,APPROACH_FROM_BELOW,C01_NEUTRAL,11,44,25,30,NONPOC,23,92,ALL_SESSIONS,3atr,true
R02,APPROACH_FROM_BELOW,C01_NEUTRAL,2,33.33,6,30,NONPOC,5,83.33,RTH_AFTERNOON,3atr,true
R02,APPROACH_FROM_BELOW,C01_NEUTRAL,0,0,1,30,NONPOC,1,100,RTH_MIDDAY,3atr,true
R02,APPROACH_FROM_BELOW,C01_NEUTRAL,1,50,2,30,NONPOC,2,100,RTH_MORNING,3atr,true
R02,APPROACH_FROM_BELOW,C01_NEUTRAL,8,50,16,30,NONPOC,15,93.75,RTH_OPEN,3atr,true
R03,APPROACH_FROM_BELOW,C01_NEUTRAL,17,44.74,38,30,NONPOC,36,94.74,ALL_SESSIONS,3atr,false
R03,APPROACH_FROM_BELOW,C01_NEUTRAL,0,0,2,30,NONPOC,2,100,RTH_MIDDAY,3atr,true
R03,APPROACH_FROM_BELOW,C01_NEUTRAL,5,71.43,7,30,NONPOC,7,100,RTH_MORNING,3atr,true
R03,APPROACH_FROM_BELOW,C01_NEUTRAL,12,41.38,29,30,NONPOC,27,93.1,RTH_OPEN,3atr,true
R04,APPROACH_FROM_BELOW,C01_NEUTRAL,7,58.33,12,30,NONPOC,10,83.33,ALL_SESSIONS,3atr,true
R04,APPROACH_FROM_BELOW,C01_NEUTRAL,1,100,1,30,NONPOC,0,0,RTH_AFTERNOON,3atr,true
R04,APPROACH_FROM_BELOW,C01_NEUTRAL,0,0,2,30,NONPOC,2,100,RTH_MIDDAY,3atr,true
R04,APPROACH_FROM_BELOW,C01_NEUTRAL,6,66.67,9,30,NONPOC,8,88.89,RTH_OPEN,3atr,true
R05,APPROACH_FROM_BELOW,C01_NEUTRAL,14,60.87,23,30,NONPOC,18,78.26,ALL_SESSIONS,3atr,true
R05,APPROACH_FROM_BELOW,C01_NEUTRAL,1,100,1,30,NONPOC,1,100,RTH_AFTERNOON,3atr,true
R05,APPROACH_FROM_BELOW,C01_NEUTRAL,1,50,2,30,NONPOC,2,100,RTH_MIDDAY,3atr,true
R05,APPROACH_FROM_BELOW,C01_NEUTRAL,12,60,20,30,NONPOC,15,75,RTH_MORNING,3atr,true
ALL_ANCHORS,APPROACH_FROM_ABOVE,C02_ACTIVITY_MATCHED,68,45.64,149,30,NONPOC,128,85.91,ALL_SESSIONS,3atr,false
ALL_ANCHORS,APPROACH_FROM_ABOVE,C02_ACTIVITY_MATCHED,3,23.08,13,30,NONPOC,13,100,ETH_EVENING,3atr,true
ALL_ANCHORS,APPROACH_FROM_ABOVE,C02_ACTIVITY_MATCHED,9,56.25,16,30,NONPOC,14,87.5,ETH_OVERNIGHT,3atr,true
ALL_ANCHORS,APPROACH_FROM_ABOVE,C02_ACTIVITY_MATCHED,2,66.67,3,30,NONPOC,2,66.67,RTH_AFTERNOON,3atr,true
ALL_ANCHORS,APPROACH_FROM_ABOVE,C02_ACTIVITY_MATCHED,7,43.75,16,30,NONPOC,14,87.5,RTH_MIDDAY,3atr,true
ALL_ANCHORS,APPROACH_FROM_ABOVE,C02_ACTIVITY_MATCHED,18,52.94,34,30,NONPOC,29,85.29,RTH_MORNING,3atr,false
ALL_ANCHORS,APPROACH_FROM_ABOVE,C02_ACTIVITY_MATCHED,29,43.28,67,30,NONPOC,56,83.58,RTH_OPEN,3atr,false
R01,APPROACH_FROM_ABOVE,C02_ACTIVITY_MATCHED,12,41.38,29,30,NONPOC,27,93.1,ALL_SESSIONS,3atr,true
R01,APPROACH_FROM_ABOVE,C02_ACTIVITY_MATCHED,3,23.08,13,30,NONPOC,13,100,ETH_EVENING,3atr,true
R01,APPROACH_FROM_ABOVE,C02_ACTIVITY_MATCHED,9,56.25,16,30,NONPOC,14,87.5,ETH_OVERNIGHT,3atr,true
R02,APPROACH_FROM_ABOVE,C02_ACTIVITY_MATCHED,12,32.43,37,30,NONPOC,33,89.19,ALL_SESSIONS,3atr,false
R02,APPROACH_FROM_ABOVE,C02_ACTIVITY_MATCHED,1,100,1,30,NONPOC,1,100,RTH_AFTERNOON,3atr,true
R02,APPROACH_FROM_ABOVE,C02_ACTIVITY_MATCHED,2,33.33,6,30,NONPOC,5,83.33,RTH_MIDDAY,3atr,true
R02,APPROACH_FROM_ABOVE,C02_ACTIVITY_MATCHED,4,44.44,9,30,NONPOC,6,66.67,RTH_MORNING,3atr,true
R02,APPROACH_FROM_ABOVE,C02_ACTIVITY_MATCHED,5,23.81,21,30,NONPOC,21,100,RTH_OPEN,3atr,true
R03,APPROACH_FROM_ABOVE,C02_ACTIVITY_MATCHED,19,52.78,36,30,NONPOC,29,80.56,ALL_SESSIONS,3atr,false
R03,APPROACH_FROM_ABOVE,C02_ACTIVITY_MATCHED,1,100,1,30,NONPOC,0,0,RTH_AFTERNOON,3atr,true
R03,APPROACH_FROM_ABOVE,C02_ACTIVITY_MATCHED,2,50,4,30,NONPOC,4,100,RTH_MIDDAY,3atr,true
R03,APPROACH_FROM_ABOVE,C02_ACTIVITY_MATCHED,3,100,3,30,NONPOC,3,100,RTH_MORNING,3atr,true
R03,APPROACH_FROM_ABOVE,C02_ACTIVITY_MATCHED,13,46.43,28,30,NONPOC,22,78.57,RTH_OPEN,3atr,true
R04,APPROACH_FROM_ABOVE,C02_ACTIVITY_MATCHED,14,60.87,23,30,NONPOC,18,78.26,ALL_SESSIONS,3atr,true
R04,APPROACH_FROM_ABOVE,C02_ACTIVITY_MATCHED,0,0,1,30,NONPOC,1,100,RTH_AFTERNOON,3atr,true
R04,APPROACH_FROM_ABOVE,C02_ACTIVITY_MATCHED,1,100,1,30,NONPOC,1,100,RTH_MIDDAY,3atr,true
R04,APPROACH_FROM_ABOVE,C02_ACTIVITY_MATCHED,2,66.67,3,30,NONPOC,3,100,RTH_MORNING,3atr,true
R04,APPROACH_FROM_ABOVE,C02_ACTIVITY_MATCHED,11,61.11,18,30,NONPOC,13,72.22,RTH_OPEN,3atr,true
R05,APPROACH_FROM_ABOVE,C02_ACTIVITY_MATCHED,11,45.83,24,30,NONPOC,21,87.5,ALL_SESSIONS,3atr,true
R05,APPROACH_FROM_ABOVE,C02_ACTIVITY_MATCHED,2,40,5,30,NONPOC,4,80,RTH_MIDDAY,3atr,true
R05,APPROACH_FROM_ABOVE,C02_ACTIVITY_MATCHED,9,47.37,19,30,NONPOC,17,89.47,RTH_MORNING,3atr,true
ALL_ANCHORS,APPROACH_FROM_BELOW,C02_ACTIVITY_MATCHED,55,47.41,116,30,NONPOC,102,87.93,ALL_SESSIONS,3atr,false
ALL_ANCHORS,APPROACH_FROM_BELOW,C02_ACTIVITY_MATCHED,10,62.5,16,30,NONPOC,13,81.25,ETH_EVENING,3atr,true
ALL_ANCHORS,APPROACH_FROM_BELOW,C02_ACTIVITY_MATCHED,4,40,10,30,NONPOC,7,70,ETH_OVERNIGHT,3atr,true
ALL_ANCHORS,APPROACH_FROM_BELOW,C02_ACTIVITY_MATCHED,6,54.55,11,30,NONPOC,9,81.82,RTH_AFTERNOON,3atr,true
ALL_ANCHORS,APPROACH_FROM_BELOW,C02_ACTIVITY_MATCHED,2,22.22,9,30,NONPOC,9,100,RTH_MIDDAY,3atr,true
ALL_ANCHORS,APPROACH_FROM_BELOW,C02_ACTIVITY_MATCHED,14,50,28,30,NONPOC,25,89.29,RTH_MORNING,3atr,true
ALL_ANCHORS,APPROACH_FROM_BELOW,C02_ACTIVITY_MATCHED,19,45.24,42,30,NONPOC,39,92.86,RTH_OPEN,3atr,false
R01,APPROACH_FROM_BELOW,C02_ACTIVITY_MATCHED,14,53.85,26,30,NONPOC,20,76.92,ALL_SESSIONS,3atr,true
R01,APPROACH_FROM_BELOW,C02_ACTIVITY_MATCHED,10,62.5,16,30,NONPOC,13,81.25,ETH_EVENING,3atr,true
R01,APPROACH_FROM_BELOW,C02_ACTIVITY_MATCHED,4,40,10,30,NONPOC,7,70,ETH_OVERNIGHT,3atr,true
R02,APPROACH_FROM_BELOW,C02_ACTIVITY_MATCHED,10,43.48,23,30,NONPOC,20,86.96,ALL_SESSIONS,3atr,true
R02,APPROACH_FROM_BELOW,C02_ACTIVITY_MATCHED,4,66.67,6,30,NONPOC,4,66.67,RTH_AFTERNOON,3atr,true
R02,APPROACH_FROM_BELOW,C02_ACTIVITY_MATCHED,1,50,2,30,NONPOC,2,100,RTH_MIDDAY,3atr,true
R02,APPROACH_FROM_BELOW,C02_ACTIVITY_MATCHED,0,0,1,30,NONPOC,1,100,RTH_MORNING,3atr,true
R02,APPROACH_FROM_BELOW,C02_ACTIVITY_MATCHED,5,35.71,14,30,NONPOC,13,92.86,RTH_OPEN,3atr,true
R03,APPROACH_FROM_BELOW,C02_ACTIVITY_MATCHED,17,50,34,30,NONPOC,32,94.12,ALL_SESSIONS,3atr,false
R03,APPROACH_FROM_BELOW,C02_ACTIVITY_MATCHED,1,50,2,30,NONPOC,2,100,RTH_AFTERNOON,3atr,true
R03,APPROACH_FROM_BELOW,C02_ACTIVITY_MATCHED,0,0,1,30,NONPOC,1,100,RTH_MIDDAY,3atr,true
R03,APPROACH_FROM_BELOW,C02_ACTIVITY_MATCHED,4,44.44,9,30,NONPOC,9,100,RTH_MORNING,3atr,true
R03,APPROACH_FROM_BELOW,C02_ACTIVITY_MATCHED,12,54.55,22,30,NONPOC,20,90.91,RTH_OPEN,3atr,true
R04,APPROACH_FROM_BELOW,C02_ACTIVITY_MATCHED,3,30,10,30,NONPOC,10,100,ALL_SESSIONS,3atr,true
R04,APPROACH_FROM_BELOW,C02_ACTIVITY_MATCHED,0,0,3,30,NONPOC,3,100,RTH_MIDDAY,3atr,true
R04,APPROACH_FROM_BELOW,C02_ACTIVITY_MATCHED,1,100,1,30,NONPOC,1,100,RTH_MORNING,3atr,true
R04,APPROACH_FROM_BELOW,C02_ACTIVITY_MATCHED,2,33.33,6,30,NONPOC,6,100,RTH_OPEN,3atr,true
R05,APPROACH_FROM_BELOW,C02_ACTIVITY_MATCHED,11,47.83,23,30,NONPOC,20,86.96,ALL_SESSIONS,3atr,true
R05,APPROACH_FROM_BELOW,C02_ACTIVITY_MATCHED,1,33.33,3,30,NONPOC,3,100,RTH_AFTERNOON,3atr,true
R05,APPROACH_FROM_BELOW,C02_ACTIVITY_MATCHED,1,33.33,3,30,NONPOC,3,100,RTH_MIDDAY,3atr,true
R05,APPROACH_FROM_BELOW,C02_ACTIVITY_MATCHED,9,52.94,17,30,NONPOC,14,82.35,RTH_MORNING,3atr,true
ALL_ANCHORS,APPROACH_FROM_ABOVE,TREATED,75,48.39,155,30,NONPOC,134,86.45,ALL_SESSIONS,3atr,false
ALL_ANCHORS,APPROACH_FROM_ABOVE,TREATED,9,47.37,19,30,NONPOC,16,84.21,ETH_EVENING,3atr,true
ALL_ANCHORS,APPROACH_FROM_ABOVE,TREATED,5,41.67,12,30,NONPOC,8,66.67,ETH_OVERNIGHT,3atr,true
ALL_ANCHORS,APPROACH_FROM_ABOVE,TREATED,4,66.67,6,30,NONPOC,4,66.67,RTH_AFTERNOON,3atr,true
ALL_ANCHORS,APPROACH_FROM_ABOVE,TREATED,8,42.11,19,30,NONPOC,17,89.47,RTH_MIDDAY,3atr,true
ALL_ANCHORS,APPROACH_FROM_ABOVE,TREATED,19,51.35,37,30,NONPOC,33,89.19,RTH_MORNING,3atr,false
ALL_ANCHORS,APPROACH_FROM_ABOVE,TREATED,30,48.39,62,30,NONPOC,56,90.32,RTH_OPEN,3atr,false
R01,APPROACH_FROM_ABOVE,TREATED,14,45.16,31,30,NONPOC,24,77.42,ALL_SESSIONS,3atr,false
R01,APPROACH_FROM_ABOVE,TREATED,9,47.37,19,30,NONPOC,16,84.21,ETH_EVENING,3atr,true
R01,APPROACH_FROM_ABOVE,TREATED,5,41.67,12,30,NONPOC,8,66.67,ETH_OVERNIGHT,3atr,true
R02,APPROACH_FROM_ABOVE,TREATED,19,44.19,43,30,NONPOC,39,90.7,ALL_SESSIONS,3atr,false
R02,APPROACH_FROM_ABOVE,TREATED,1,33.33,3,30,NONPOC,2,66.67,RTH_AFTERNOON,3atr,true
R02,APPROACH_FROM_ABOVE,TREATED,3,50,6,30,NONPOC,5,83.33,RTH_MIDDAY,3atr,true
R02,APPROACH_FROM_ABOVE,TREATED,2,25,8,30,NONPOC,7,87.5,RTH_MORNING,3atr,true
R02,APPROACH_FROM_ABOVE,TREATED,13,50,26,30,NONPOC,25,96.15,RTH_OPEN,3atr,true
R03,APPROACH_FROM_ABOVE,TREATED,14,38.89,36,30,NONPOC,33,91.67,ALL_SESSIONS,3atr,false
R03,APPROACH_FROM_ABOVE,TREATED,2,28.57,7,30,NONPOC,7,100,RTH_MIDDAY,3atr,true
R03,APPROACH_FROM_ABOVE,TREATED,2,33.33,6,30,NONPOC,6,100,RTH_MORNING,3atr,true
R03,APPROACH_FROM_ABOVE,TREATED,10,43.48,23,30,NONPOC,20,86.96,RTH_OPEN,3atr,true
R04,APPROACH_FROM_ABOVE,TREATED,11,57.89,19,30,NONPOC,17,89.47,ALL_SESSIONS,3atr,true
R04,APPROACH_FROM_ABOVE,TREATED,1,100,1,30,NONPOC,1,100,RTH_AFTERNOON,3atr,true
R04,APPROACH_FROM_ABOVE,TREATED,1,100,1,30,NONPOC,1,100,RTH_MIDDAY,3atr,true
R04,APPROACH_FROM_ABOVE,TREATED,2,50,4,30,NONPOC,4,100,RTH_MORNING,3atr,true
R04,APPROACH_FROM_ABOVE,TREATED,7,53.85,13,30,NONPOC,11,84.62,RTH_OPEN,3atr,true
R05,APPROACH_FROM_ABOVE,TREATED,17,65.38,26,30,NONPOC,21,80.77,ALL_SESSIONS,3atr,true
R05,APPROACH_FROM_ABOVE,TREATED,2,100,2,30,NONPOC,1,50,RTH_AFTERNOON,3atr,true
R05,APPROACH_FROM_ABOVE,TREATED,2,40,5,30,NONPOC,4,80,RTH_MIDDAY,3atr,true
R05,APPROACH_FROM_ABOVE,TREATED,13,68.42,19,30,NONPOC,16,84.21,RTH_MORNING,3atr,true
ALL_ANCHORS,APPROACH_FROM_BELOW,TREATED,63,50.81,124,30,NONPOC,107,86.29,ALL_SESSIONS,3atr,false
ALL_ANCHORS,APPROACH_FROM_BELOW,TREATED,8,47.06,17,30,NONPOC,13,76.47,ETH_EVENING,3atr,true
ALL_ANCHORS,APPROACH_FROM_BELOW,TREATED,7,58.33,12,30,NONPOC,9,75,ETH_OVERNIGHT,3atr,true
ALL_ANCHORS,APPROACH_FROM_BELOW,TREATED,3,42.86,7,30,NONPOC,5,71.43,RTH_AFTERNOON,3atr,true
ALL_ANCHORS,APPROACH_FROM_BELOW,TREATED,4,44.44,9,30,NONPOC,8,88.89,RTH_MIDDAY,3atr,true
ALL_ANCHORS,APPROACH_FROM_BELOW,TREATED,14,58.33,24,30,NONPOC,21,87.5,RTH_MORNING,3atr,true
ALL_ANCHORS,APPROACH_FROM_BELOW,TREATED,27,49.09,55,30,NONPOC,51,92.73,RTH_OPEN,3atr,false
R01,APPROACH_FROM_BELOW,TREATED,15,51.72,29,30,NONPOC,22,75.86,ALL_SESSIONS,3atr,true
R01,APPROACH_FROM_BELOW,TREATED,8,47.06,17,30,NONPOC,13,76.47,ETH_EVENING,3atr,true
R01,APPROACH_FROM_BELOW,TREATED,7,58.33,12,30,NONPOC,9,75,ETH_OVERNIGHT,3atr,true
R02,APPROACH_FROM_BELOW,TREATED,12,44.44,27,30,NONPOC,23,85.19,ALL_SESSIONS,3atr,true
R02,APPROACH_FROM_BELOW,TREATED,2,33.33,6,30,NONPOC,5,83.33,RTH_AFTERNOON,3atr,true
R02,APPROACH_FROM_BELOW,TREATED,0,0,1,30,NONPOC,1,100,RTH_MIDDAY,3atr,true
R02,APPROACH_FROM_BELOW,TREATED,2,100,2,30,NONPOC,2,100,RTH_MORNING,3atr,true
R02,APPROACH_FROM_BELOW,TREATED,8,44.44,18,30,NONPOC,15,83.33,RTH_OPEN,3atr,true
R03,APPROACH_FROM_BELOW,TREATED,20,52.63,38,30,NONPOC,37,97.37,ALL_SESSIONS,3atr,false
R03,APPROACH_FROM_BELOW,TREATED,2,100,2,30,NONPOC,2,100,RTH_MIDDAY,3atr,true
R03,APPROACH_FROM_BELOW,TREATED,3,50,6,30,NONPOC,6,100,RTH_MORNING,3atr,true
R03,APPROACH_FROM_BELOW,TREATED,15,50,30,30,NONPOC,29,96.67,RTH_OPEN,3atr,false
R04,APPROACH_FROM_BELOW,TREATED,5,45.45,11,30,NONPOC,10,90.91,ALL_SESSIONS,3atr,true
R04,APPROACH_FROM_BELOW,TREATED,1,100,1,30,NONPOC,0,0,RTH_AFTERNOON,3atr,true
R04,APPROACH_FROM_BELOW,TREATED,0,0,3,30,NONPOC,3,100,RTH_MIDDAY,3atr,true
R04,APPROACH_FROM_BELOW,TREATED,4,57.14,7,30,NONPOC,7,100,RTH_OPEN,3atr,true
R05,APPROACH_FROM_BELOW,TREATED,11,57.89,19,30,NONPOC,15,78.95,ALL_SESSIONS,3atr,true
R05,APPROACH_FROM_BELOW,TREATED,2,66.67,3,30,NONPOC,2,66.67,RTH_MIDDAY,3atr,true
R05,APPROACH_FROM_BELOW,TREATED,9,56.25,16,30,NONPOC,13,81.25,RTH_MORNING,3atr,true
ALL_ANCHORS,APPROACH_FROM_ABOVE,C01_NEUTRAL,181,54.03,335,30,POC,271,80.9,ALL_SESSIONS,3atr,false
ALL_ANCHORS,APPROACH_FROM_ABOVE,C01_NEUTRAL,21,50,42,30,POC,33,78.57,ETH_EVENING,3atr,false
ALL_ANCHORS,APPROACH_FROM_ABOVE,C01_NEUTRAL,13,56.52,23,30,POC,17,73.91,ETH_OVERNIGHT,3atr,true
ALL_ANCHORS,APPROACH_FROM_ABOVE,C01_NEUTRAL,3,30,10,30,POC,9,90,RTH_AFTERNOON,3atr,true
ALL_ANCHORS,APPROACH_FROM_ABOVE,C01_NEUTRAL,15,51.72,29,30,POC,27,93.1,RTH_MIDDAY,3atr,true
ALL_ANCHORS,APPROACH_FROM_ABOVE,C01_NEUTRAL,46,58.23,79,30,POC,60,75.95,RTH_MORNING,3atr,false
ALL_ANCHORS,APPROACH_FROM_ABOVE,C01_NEUTRAL,83,54.61,152,30,POC,125,82.24,RTH_OPEN,3atr,false
R01,APPROACH_FROM_ABOVE,C01_NEUTRAL,34,52.31,65,30,POC,50,76.92,ALL_SESSIONS,3atr,false
R01,APPROACH_FROM_ABOVE,C01_NEUTRAL,21,50,42,30,POC,33,78.57,ETH_EVENING,3atr,false
R01,APPROACH_FROM_ABOVE,C01_NEUTRAL,13,56.52,23,30,POC,17,73.91,ETH_OVERNIGHT,3atr,true
R02,APPROACH_FROM_ABOVE,C01_NEUTRAL,43,61.43,70,30,POC,48,68.57,ALL_SESSIONS,3atr,false
R02,APPROACH_FROM_ABOVE,C01_NEUTRAL,3,75,4,30,POC,3,75,RTH_AFTERNOON,3atr,true
R02,APPROACH_FROM_ABOVE,C01_NEUTRAL,5,55.56,9,30,POC,8,88.89,RTH_MIDDAY,3atr,true
R02,APPROACH_FROM_ABOVE,C01_NEUTRAL,6,60,10,30,POC,7,70,RTH_MORNING,3atr,true
R02,APPROACH_FROM_ABOVE,C01_NEUTRAL,29,61.7,47,30,POC,30,63.83,RTH_OPEN,3atr,false
R03,APPROACH_FROM_ABOVE,C01_NEUTRAL,37,54.41,68,30,POC,59,86.76,ALL_SESSIONS,3atr,false
R03,APPROACH_FROM_ABOVE,C01_NEUTRAL,0,0,3,30,POC,3,100,RTH_AFTERNOON,3atr,true
R03,APPROACH_FROM_ABOVE,C01_NEUTRAL,3,50,6,30,POC,6,100,RTH_MIDDAY,3atr,true
R03,APPROACH_FROM_ABOVE,C01_NEUTRAL,4,80,5,30,POC,2,40,RTH_MORNING,3atr,true
R03,APPROACH_FROM_ABOVE,C01_NEUTRAL,30,55.56,54,30,POC,48,88.89,RTH_OPEN,3atr,false
R04,APPROACH_FROM_ABOVE,C01_NEUTRAL,31,48.44,64,30,POC,58,90.62,ALL_SESSIONS,3atr,false
R04,APPROACH_FROM_ABOVE,C01_NEUTRAL,0,0,1,30,POC,1,100,RTH_AFTERNOON,3atr,true
R04,APPROACH_FROM_ABOVE,C01_NEUTRAL,2,40,5,30,POC,5,100,RTH_MIDDAY,3atr,true
R04,APPROACH_FROM_ABOVE,C01_NEUTRAL,5,71.43,7,30,POC,5,71.43,RTH_MORNING,3atr,true
R04,APPROACH_FROM_ABOVE,C01_NEUTRAL,24,47.06,51,30,POC,47,92.16,RTH_OPEN,3atr,false
R05,APPROACH_FROM_ABOVE,C01_NEUTRAL,36,52.94,68,30,POC,56,82.35,ALL_SESSIONS,3atr,false
R05,APPROACH_FROM_ABOVE,C01_NEUTRAL,0,0,2,30,POC,2,100,RTH_AFTERNOON,3atr,true
R05,APPROACH_FROM_ABOVE,C01_NEUTRAL,5,55.56,9,30,POC,8,88.89,RTH_MIDDAY,3atr,true
R05,APPROACH_FROM_ABOVE,C01_NEUTRAL,31,54.39,57,30,POC,46,80.7,RTH_MORNING,3atr,false
ALL_ANCHORS,APPROACH_FROM_BELOW,C01_NEUTRAL,110,51.16,215,30,POC,177,82.33,ALL_SESSIONS,3atr,false
ALL_ANCHORS,APPROACH_FROM_BELOW,C01_NEUTRAL,17,47.22,36,30,POC,30,83.33,ETH_EVENING,3atr,false
ALL_ANCHORS,APPROACH_FROM_BELOW,C01_NEUTRAL,8,50,16,30,POC,12,75,ETH_OVERNIGHT,3atr,true
ALL_ANCHORS,APPROACH_FROM_BELOW,C01_NEUTRAL,5,62.5,8,30,POC,6,75,RTH_AFTERNOON,3atr,true
ALL_ANCHORS,APPROACH_FROM_BELOW,C01_NEUTRAL,7,70,10,30,POC,9,90,RTH_MIDDAY,3atr,true
ALL_ANCHORS,APPROACH_FROM_BELOW,C01_NEUTRAL,26,57.78,45,30,POC,33,73.33,RTH_MORNING,3atr,false
ALL_ANCHORS,APPROACH_FROM_BELOW,C01_NEUTRAL,47,47,100,30,POC,87,87,RTH_OPEN,3atr,false
R01,APPROACH_FROM_BELOW,C01_NEUTRAL,25,48.08,52,30,POC,42,80.77,ALL_SESSIONS,3atr,false
R01,APPROACH_FROM_BELOW,C01_NEUTRAL,17,47.22,36,30,POC,30,83.33,ETH_EVENING,3atr,false
R01,APPROACH_FROM_BELOW,C01_NEUTRAL,8,50,16,30,POC,12,75,ETH_OVERNIGHT,3atr,true
R02,APPROACH_FROM_BELOW,C01_NEUTRAL,19,51.35,37,30,POC,25,67.57,ALL_SESSIONS,3atr,false
R02,APPROACH_FROM_BELOW,C01_NEUTRAL,1,50,2,30,POC,1,50,RTH_AFTERNOON,3atr,true
R02,APPROACH_FROM_BELOW,C01_NEUTRAL,5,71.43,7,30,POC,4,57.14,RTH_MORNING,3atr,true
R02,APPROACH_FROM_BELOW,C01_NEUTRAL,13,46.43,28,30,POC,20,71.43,RTH_OPEN,3atr,true
R03,APPROACH_FROM_BELOW,C01_NEUTRAL,18,42.86,42,30,POC,40,95.24,ALL_SESSIONS,3atr,false
R03,APPROACH_FROM_BELOW,C01_NEUTRAL,1,50,2,30,POC,2,100,RTH_AFTERNOON,3atr,true
R03,APPROACH_FROM_BELOW,C01_NEUTRAL,1,50,2,30,POC,2,100,RTH_MIDDAY,3atr,true
R03,APPROACH_FROM_BELOW,C01_NEUTRAL,0,0,2,30,POC,2,100,RTH_MORNING,3atr,true
R03,APPROACH_FROM_BELOW,C01_NEUTRAL,16,44.44,36,30,POC,34,94.44,RTH_OPEN,3atr,false
R04,APPROACH_FROM_BELOW,C01_NEUTRAL,22,53.66,41,30,POC,37,90.24,ALL_SESSIONS,3atr,false
R04,APPROACH_FROM_BELOW,C01_NEUTRAL,1,100,1,30,POC,0,0,RTH_AFTERNOON,3atr,true
R04,APPROACH_FROM_BELOW,C01_NEUTRAL,1,50,2,30,POC,2,100,RTH_MIDDAY,3atr,true
R04,APPROACH_FROM_BELOW,C01_NEUTRAL,2,100,2,30,POC,2,100,RTH_MORNING,3atr,true
R04,APPROACH_FROM_BELOW,C01_NEUTRAL,18,50,36,30,POC,33,91.67,RTH_OPEN,3atr,false
R05,APPROACH_FROM_BELOW,C01_NEUTRAL,26,60.47,43,30,POC,33,76.74,ALL_SESSIONS,3atr,false
R05,APPROACH_FROM_BELOW,C01_NEUTRAL,2,66.67,3,30,POC,3,100,RTH_AFTERNOON,3atr,true
R05,APPROACH_FROM_BELOW,C01_NEUTRAL,5,83.33,6,30,POC,5,83.33,RTH_MIDDAY,3atr,true
R05,APPROACH_FROM_BELOW,C01_NEUTRAL,19,55.88,34,30,POC,25,73.53,RTH_MORNING,3atr,false
ALL_ANCHORS,APPROACH_FROM_ABOVE,C02_ACTIVITY_MATCHED,106,47.53,223,30,POC,191,85.65,ALL_SESSIONS,3atr,false
ALL_ANCHORS,APPROACH_FROM_ABOVE,C02_ACTIVITY_MATCHED,9,39.13,23,30,POC,21,91.3,ETH_EVENING,3atr,true
ALL_ANCHORS,APPROACH_FROM_ABOVE,C02_ACTIVITY_MATCHED,11,57.89,19,30,POC,13,68.42,ETH_OVERNIGHT,3atr,true
ALL_ANCHORS,APPROACH_FROM_ABOVE,C02_ACTIVITY_MATCHED,2,22.22,9,30,POC,7,77.78,RTH_AFTERNOON,3atr,true
ALL_ANCHORS,APPROACH_FROM_ABOVE,C02_ACTIVITY_MATCHED,8,50,16,30,POC,13,81.25,RTH_MIDDAY,3atr,true
ALL_ANCHORS,APPROACH_FROM_ABOVE,C02_ACTIVITY_MATCHED,29,51.79,56,30,POC,47,83.93,RTH_MORNING,3atr,false
ALL_ANCHORS,APPROACH_FROM_ABOVE,C02_ACTIVITY_MATCHED,47,47,100,30,POC,90,90,RTH_OPEN,3atr,false
R01,APPROACH_FROM_ABOVE,C02_ACTIVITY_MATCHED,20,47.62,42,30,POC,34,80.95,ALL_SESSIONS,3atr,false
R01,APPROACH_FROM_ABOVE,C02_ACTIVITY_MATCHED,9,39.13,23,30,POC,21,91.3,ETH_EVENING,3atr,true
R01,APPROACH_FROM_ABOVE,C02_ACTIVITY_MATCHED,11,57.89,19,30,POC,13,68.42,ETH_OVERNIGHT,3atr,true
R02,APPROACH_FROM_ABOVE,C02_ACTIVITY_MATCHED,25,48.08,52,30,POC,43,82.69,ALL_SESSIONS,3atr,false
R02,APPROACH_FROM_ABOVE,C02_ACTIVITY_MATCHED,1,20,5,30,POC,4,80,RTH_AFTERNOON,3atr,true
R02,APPROACH_FROM_ABOVE,C02_ACTIVITY_MATCHED,3,50,6,30,POC,4,66.67,RTH_MIDDAY,3atr,true
R02,APPROACH_FROM_ABOVE,C02_ACTIVITY_MATCHED,6,100,6,30,POC,5,83.33,RTH_MORNING,3atr,true
R02,APPROACH_FROM_ABOVE,C02_ACTIVITY_MATCHED,15,42.86,35,30,POC,30,85.71,RTH_OPEN,3atr,false
R03,APPROACH_FROM_ABOVE,C02_ACTIVITY_MATCHED,17,44.74,38,30,POC,36,94.74,ALL_SESSIONS,3atr,false
R03,APPROACH_FROM_ABOVE,C02_ACTIVITY_MATCHED,0,0,1,30,POC,1,100,RTH_AFTERNOON,3atr,true
R03,APPROACH_FROM_ABOVE,C02_ACTIVITY_MATCHED,0,0,2,30,POC,2,100,RTH_MIDDAY,3atr,true
R03,APPROACH_FROM_ABOVE,C02_ACTIVITY_MATCHED,2,40,5,30,POC,4,80,RTH_MORNING,3atr,true
R03,APPROACH_FROM_ABOVE,C02_ACTIVITY_MATCHED,15,50,30,30,POC,29,96.67,RTH_OPEN,3atr,false
R04,APPROACH_FROM_ABOVE,C02_ACTIVITY_MATCHED,21,47.73,44,30,POC,38,86.36,ALL_SESSIONS,3atr,false
R04,APPROACH_FROM_ABOVE,C02_ACTIVITY_MATCHED,0,0,1,30,POC,1,100,RTH_AFTERNOON,3atr,true
R04,APPROACH_FROM_ABOVE,C02_ACTIVITY_MATCHED,1,100,1,30,POC,1,100,RTH_MIDDAY,3atr,true
R04,APPROACH_FROM_ABOVE,C02_ACTIVITY_MATCHED,3,42.86,7,30,POC,5,71.43,RTH_MORNING,3atr,true
R04,APPROACH_FROM_ABOVE,C02_ACTIVITY_MATCHED,17,48.57,35,30,POC,31,88.57,RTH_OPEN,3atr,false
R05,APPROACH_FROM_ABOVE,C02_ACTIVITY_MATCHED,23,48.94,47,30,POC,40,85.11,ALL_SESSIONS,3atr,false
R05,APPROACH_FROM_ABOVE,C02_ACTIVITY_MATCHED,1,50,2,30,POC,1,50,RTH_AFTERNOON,3atr,true
R05,APPROACH_FROM_ABOVE,C02_ACTIVITY_MATCHED,4,57.14,7,30,POC,6,85.71,RTH_MIDDAY,3atr,true
R05,APPROACH_FROM_ABOVE,C02_ACTIVITY_MATCHED,18,47.37,38,30,POC,33,86.84,RTH_MORNING,3atr,false
ALL_ANCHORS,APPROACH_FROM_BELOW,C02_ACTIVITY_MATCHED,95,60.13,158,30,POC,127,80.38,ALL_SESSIONS,3atr,false
ALL_ANCHORS,APPROACH_FROM_BELOW,C02_ACTIVITY_MATCHED,15,62.5,24,30,POC,16,66.67,ETH_EVENING,3atr,true
ALL_ANCHORS,APPROACH_FROM_BELOW,C02_ACTIVITY_MATCHED,9,69.23,13,30,POC,9,69.23,ETH_OVERNIGHT,3atr,true
ALL_ANCHORS,APPROACH_FROM_BELOW,C02_ACTIVITY_MATCHED,4,44.44,9,30,POC,7,77.78,RTH_AFTERNOON,3atr,true
ALL_ANCHORS,APPROACH_FROM_BELOW,C02_ACTIVITY_MATCHED,7,87.5,8,30,POC,7,87.5,RTH_MIDDAY,3atr,true
ALL_ANCHORS,APPROACH_FROM_BELOW,C02_ACTIVITY_MATCHED,22,56.41,39,30,POC,27,69.23,RTH_MORNING,3atr,false
ALL_ANCHORS,APPROACH_FROM_BELOW,C02_ACTIVITY_MATCHED,38,58.46,65,30,POC,61,93.85,RTH_OPEN,3atr,false
R01,APPROACH_FROM_BELOW,C02_ACTIVITY_MATCHED,24,64.86,37,30,POC,25,67.57,ALL_SESSIONS,3atr,false
R01,APPROACH_FROM_BELOW,C02_ACTIVITY_MATCHED,15,62.5,24,30,POC,16,66.67,ETH_EVENING,3atr,true
R01,APPROACH_FROM_BELOW,C02_ACTIVITY_MATCHED,9,69.23,13,30,POC,9,69.23,ETH_OVERNIGHT,3atr,true
R02,APPROACH_FROM_BELOW,C02_ACTIVITY_MATCHED,18,69.23,26,30,POC,19,73.08,ALL_SESSIONS,3atr,true
R02,APPROACH_FROM_BELOW,C02_ACTIVITY_MATCHED,3,100,3,30,POC,2,66.67,RTH_AFTERNOON,3atr,true
R02,APPROACH_FROM_BELOW,C02_ACTIVITY_MATCHED,5,83.33,6,30,POC,3,50,RTH_MORNING,3atr,true
R02,APPROACH_FROM_BELOW,C02_ACTIVITY_MATCHED,10,58.82,17,30,POC,14,82.35,RTH_OPEN,3atr,true
R03,APPROACH_FROM_BELOW,C02_ACTIVITY_MATCHED,16,59.26,27,30,POC,26,96.3,ALL_SESSIONS,3atr,true
R03,APPROACH_FROM_BELOW,C02_ACTIVITY_MATCHED,0,0,2,30,POC,2,100,RTH_AFTERNOON,3atr,true
R03,APPROACH_FROM_BELOW,C02_ACTIVITY_MATCHED,2,66.67,3,30,POC,3,100,RTH_MIDDAY,3atr,true
R03,APPROACH_FROM_BELOW,C02_ACTIVITY_MATCHED,2,100,2,30,POC,1,50,RTH_MORNING,3atr,true
R03,APPROACH_FROM_BELOW,C02_ACTIVITY_MATCHED,12,60,20,30,POC,20,100,RTH_OPEN,3atr,true
R04,APPROACH_FROM_BELOW,C02_ACTIVITY_MATCHED,17,54.84,31,30,POC,30,96.77,ALL_SESSIONS,3atr,false
R04,APPROACH_FROM_BELOW,C02_ACTIVITY_MATCHED,0,0,1,30,POC,1,100,RTH_AFTERNOON,3atr,true
R04,APPROACH_FROM_BELOW,C02_ACTIVITY_MATCHED,1,100,1,30,POC,1,100,RTH_MIDDAY,3atr,true
R04,APPROACH_FROM_BELOW,C02_ACTIVITY_MATCHED,0,0,1,30,POC,1,100,RTH_MORNING,3atr,true
R04,APPROACH_FROM_BELOW,C02_ACTIVITY_MATCHED,16,57.14,28,30,POC,27,96.43,RTH_OPEN,3atr,true
R05,APPROACH_FROM_BELOW,C02_ACTIVITY_MATCHED,20,54.05,37,30,POC,27,72.97,ALL_SESSIONS,3atr,false
R05,APPROACH_FROM_BELOW,C02_ACTIVITY_MATCHED,1,33.33,3,30,POC,2,66.67,RTH_AFTERNOON,3atr,true
R05,APPROACH_FROM_BELOW,C02_ACTIVITY_MATCHED,4,100,4,30,POC,3,75,RTH_MIDDAY,3atr,true
R05,APPROACH_FROM_BELOW,C02_ACTIVITY_MATCHED,15,50,30,30,POC,22,73.33,RTH_MORNING,3atr,false
ALL_ANCHORS,APPROACH_FROM_ABOVE,TREATED,158,52.67,300,30,POC,256,85.33,ALL_SESSIONS,3atr,false
ALL_ANCHORS,APPROACH_FROM_ABOVE,TREATED,17,50,34,30,POC,27,79.41,ETH_EVENING,3atr,false
ALL_ANCHORS,APPROACH_FROM_ABOVE,TREATED,15,57.69,26,30,POC,18,69.23,ETH_OVERNIGHT,3atr,true
ALL_ANCHORS,APPROACH_FROM_ABOVE,TREATED,3,30,10,30,POC,9,90,RTH_AFTERNOON,3atr,true
ALL_ANCHORS,APPROACH_FROM_ABOVE,TREATED,20,66.67,30,30,POC,25,83.33,RTH_MIDDAY,3atr,false
ALL_ANCHORS,APPROACH_FROM_ABOVE,TREATED,41,62.12,66,30,POC,53,80.3,RTH_MORNING,3atr,false
ALL_ANCHORS,APPROACH_FROM_ABOVE,TREATED,62,46.27,134,30,POC,124,92.54,RTH_OPEN,3atr,false
R01,APPROACH_FROM_ABOVE,TREATED,32,53.33,60,30,POC,45,75,ALL_SESSIONS,3atr,false
R01,APPROACH_FROM_ABOVE,TREATED,17,50,34,30,POC,27,79.41,ETH_EVENING,3atr,false
R01,APPROACH_FROM_ABOVE,TREATED,15,57.69,26,30,POC,18,69.23,ETH_OVERNIGHT,3atr,true
R02,APPROACH_FROM_ABOVE,TREATED,37,53.62,69,30,POC,53,76.81,ALL_SESSIONS,3atr,false
R02,APPROACH_FROM_ABOVE,TREATED,2,50,4,30,POC,3,75,RTH_AFTERNOON,3atr,true
R02,APPROACH_FROM_ABOVE,TREATED,5,62.5,8,30,POC,7,87.5,RTH_MIDDAY,3atr,true
R02,APPROACH_FROM_ABOVE,TREATED,8,72.73,11,30,POC,7,63.64,RTH_MORNING,3atr,true
R02,APPROACH_FROM_ABOVE,TREATED,22,47.83,46,30,POC,36,78.26,RTH_OPEN,3atr,false
R03,APPROACH_FROM_ABOVE,TREATED,31,51.67,60,30,POC,57,95,ALL_SESSIONS,3atr,false
R03,APPROACH_FROM_ABOVE,TREATED,0,0,2,30,POC,2,100,RTH_AFTERNOON,3atr,true
R03,APPROACH_FROM_ABOVE,TREATED,6,85.71,7,30,POC,6,85.71,RTH_MIDDAY,3atr,true
R03,APPROACH_FROM_ABOVE,TREATED,4,100,4,30,POC,2,50,RTH_MORNING,3atr,true
R03,APPROACH_FROM_ABOVE,TREATED,21,44.68,47,30,POC,47,100,RTH_OPEN,3atr,false
R04,APPROACH_FROM_ABOVE,TREATED,26,50,52,30,POC,50,96.15,ALL_SESSIONS,3atr,false
R04,APPROACH_FROM_ABOVE,TREATED,0,0,1,30,POC,1,100,RTH_AFTERNOON,3atr,true
R04,APPROACH_FROM_ABOVE,TREATED,2,50,4,30,POC,4,100,RTH_MIDDAY,3atr,true
R04,APPROACH_FROM_ABOVE,TREATED,5,83.33,6,30,POC,4,66.67,RTH_MORNING,3atr,true
R04,APPROACH_FROM_ABOVE,TREATED,19,46.34,41,30,POC,41,100,RTH_OPEN,3atr,false
R05,APPROACH_FROM_ABOVE,TREATED,32,54.24,59,30,POC,51,86.44,ALL_SESSIONS,3atr,false
R05,APPROACH_FROM_ABOVE,TREATED,1,33.33,3,30,POC,3,100,RTH_AFTERNOON,3atr,true
R05,APPROACH_FROM_ABOVE,TREATED,7,63.64,11,30,POC,8,72.73,RTH_MIDDAY,3atr,true
R05,APPROACH_FROM_ABOVE,TREATED,24,53.33,45,30,POC,40,88.89,RTH_MORNING,3atr,false
ALL_ANCHORS,APPROACH_FROM_BELOW,TREATED,123,53.95,228,30,POC,188,82.46,ALL_SESSIONS,3atr,false
ALL_ANCHORS,APPROACH_FROM_BELOW,TREATED,22,61.11,36,30,POC,28,77.78,ETH_EVENING,3atr,false
ALL_ANCHORS,APPROACH_FROM_BELOW,TREATED,13,65,20,30,POC,13,65,ETH_OVERNIGHT,3atr,true
ALL_ANCHORS,APPROACH_FROM_BELOW,TREATED,5,45.45,11,30,POC,9,81.82,RTH_AFTERNOON,3atr,true
ALL_ANCHORS,APPROACH_FROM_BELOW,TREATED,8,80,10,30,POC,7,70,RTH_MIDDAY,3atr,true
ALL_ANCHORS,APPROACH_FROM_BELOW,TREATED,23,51.11,45,30,POC,36,80,RTH_MORNING,3atr,false
ALL_ANCHORS,APPROACH_FROM_BELOW,TREATED,52,49.06,106,30,POC,95,89.62,RTH_OPEN,3atr,false
R01,APPROACH_FROM_BELOW,TREATED,35,62.5,56,30,POC,41,73.21,ALL_SESSIONS,3atr,false
R01,APPROACH_FROM_BELOW,TREATED,22,61.11,36,30,POC,28,77.78,ETH_EVENING,3atr,false
R01,APPROACH_FROM_BELOW,TREATED,13,65,20,30,POC,13,65,ETH_OVERNIGHT,3atr,true
R02,APPROACH_FROM_BELOW,TREATED,23,56.1,41,30,POC,33,80.49,ALL_SESSIONS,3atr,false
R02,APPROACH_FROM_BELOW,TREATED,2,50,4,30,POC,3,75,RTH_AFTERNOON,3atr,true
R02,APPROACH_FROM_BELOW,TREATED,5,62.5,8,30,POC,5,62.5,RTH_MORNING,3atr,true
R02,APPROACH_FROM_BELOW,TREATED,16,55.17,29,30,POC,25,86.21,RTH_OPEN,3atr,true
R03,APPROACH_FROM_BELOW,TREATED,21,50,42,30,POC,40,95.24,ALL_SESSIONS,3atr,false
R03,APPROACH_FROM_BELOW,TREATED,1,50,2,30,POC,2,100,RTH_AFTERNOON,3atr,true
R03,APPROACH_FROM_BELOW,TREATED,1,50,2,30,POC,2,100,RTH_MIDDAY,3atr,true
R03,APPROACH_FROM_BELOW,TREATED,2,100,2,30,POC,2,100,RTH_MORNING,3atr,true
R03,APPROACH_FROM_BELOW,TREATED,17,47.22,36,30,POC,34,94.44,RTH_OPEN,3atr,false
R04,APPROACH_FROM_BELOW,TREATED,22,47.83,46,30,POC,41,89.13,ALL_SESSIONS,3atr,false
R04,APPROACH_FROM_BELOW,TREATED,0,0,1,30,POC,1,100,RTH_AFTERNOON,3atr,true
R04,APPROACH_FROM_BELOW,TREATED,1,50,2,30,POC,2,100,RTH_MIDDAY,3atr,true
R04,APPROACH_FROM_BELOW,TREATED,2,100,2,30,POC,2,100,RTH_MORNING,3atr,true
R04,APPROACH_FROM_BELOW,TREATED,19,46.34,41,30,POC,36,87.8,RTH_OPEN,3atr,false
R05,APPROACH_FROM_BELOW,TREATED,22,51.16,43,30,POC,33,76.74,ALL_SESSIONS,3atr,false
R05,APPROACH_FROM_BELOW,TREATED,2,50,4,30,POC,3,75,RTH_AFTERNOON,3atr,true
R05,APPROACH_FROM_BELOW,TREATED,6,100,6,30,POC,3,50,RTH_MIDDAY,3atr,true
R05,APPROACH_FROM_BELOW,TREATED,14,42.42,33,30,POC,27,81.82,RTH_MORNING,3atr,false
ALL_ANCHORS,APPROACH_FROM_ABOVE,C01_NEUTRAL,81,49.69,163,60,NONPOC,139,85.28,ALL_SESSIONS,3atr,false
ALL_ANCHORS,APPROACH_FROM_ABOVE,C01_NEUTRAL,8,47.06,17,60,NONPOC,14,82.35,ETH_EVENING,3atr,true
ALL_ANCHORS,APPROACH_FROM_ABOVE,C01_NEUTRAL,5,38.46,13,60,NONPOC,9,69.23,ETH_OVERNIGHT,3atr,true
ALL_ANCHORS,APPROACH_FROM_ABOVE,C01_NEUTRAL,2,40,5,60,NONPOC,3,60,RTH_AFTERNOON,3atr,true
ALL_ANCHORS,APPROACH_FROM_ABOVE,C01_NEUTRAL,9,50,18,60,NONPOC,13,72.22,RTH_MIDDAY,3atr,true
ALL_ANCHORS,APPROACH_FROM_ABOVE,C01_NEUTRAL,22,51.16,43,60,NONPOC,40,93.02,RTH_MORNING,3atr,false
ALL_ANCHORS,APPROACH_FROM_ABOVE,C01_NEUTRAL,35,52.24,67,60,NONPOC,60,89.55,RTH_OPEN,3atr,false
R01,APPROACH_FROM_ABOVE,C01_NEUTRAL,13,43.33,30,60,NONPOC,23,76.67,ALL_SESSIONS,3atr,false
R01,APPROACH_FROM_ABOVE,C01_NEUTRAL,8,47.06,17,60,NONPOC,14,82.35,ETH_EVENING,3atr,true
R01,APPROACH_FROM_ABOVE,C01_NEUTRAL,5,38.46,13,60,NONPOC,9,69.23,ETH_OVERNIGHT,3atr,true
R02,APPROACH_FROM_ABOVE,C01_NEUTRAL,21,51.22,41,60,NONPOC,35,85.37,ALL_SESSIONS,3atr,false
R02,APPROACH_FROM_ABOVE,C01_NEUTRAL,2,66.67,3,60,NONPOC,1,33.33,RTH_AFTERNOON,3atr,true
R02,APPROACH_FROM_ABOVE,C01_NEUTRAL,3,50,6,60,NONPOC,4,66.67,RTH_MIDDAY,3atr,true
R02,APPROACH_FROM_ABOVE,C01_NEUTRAL,3,37.5,8,60,NONPOC,7,87.5,RTH_MORNING,3atr,true
R02,APPROACH_FROM_ABOVE,C01_NEUTRAL,13,54.17,24,60,NONPOC,23,95.83,RTH_OPEN,3atr,true
R03,APPROACH_FROM_ABOVE,C01_NEUTRAL,21,51.22,41,60,NONPOC,36,87.8,ALL_SESSIONS,3atr,false
R03,APPROACH_FROM_ABOVE,C01_NEUTRAL,3,50,6,60,NONPOC,5,83.33,RTH_MIDDAY,3atr,true
R03,APPROACH_FROM_ABOVE,C01_NEUTRAL,3,50,6,60,NONPOC,6,100,RTH_MORNING,3atr,true
R03,APPROACH_FROM_ABOVE,C01_NEUTRAL,15,51.72,29,60,NONPOC,25,86.21,RTH_OPEN,3atr,true
R04,APPROACH_FROM_ABOVE,C01_NEUTRAL,11,57.89,19,60,NONPOC,17,89.47,ALL_SESSIONS,3atr,true
R04,APPROACH_FROM_ABOVE,C01_NEUTRAL,0,0,1,60,NONPOC,1,100,RTH_MIDDAY,3atr,true
R04,APPROACH_FROM_ABOVE,C01_NEUTRAL,4,100,4,60,NONPOC,4,100,RTH_MORNING,3atr,true
R04,APPROACH_FROM_ABOVE,C01_NEUTRAL,7,50,14,60,NONPOC,12,85.71,RTH_OPEN,3atr,true
R05,APPROACH_FROM_ABOVE,C01_NEUTRAL,15,46.88,32,60,NONPOC,28,87.5,ALL_SESSIONS,3atr,false
R05,APPROACH_FROM_ABOVE,C01_NEUTRAL,0,0,2,60,NONPOC,2,100,RTH_AFTERNOON,3atr,true
R05,APPROACH_FROM_ABOVE,C01_NEUTRAL,3,60,5,60,NONPOC,3,60,RTH_MIDDAY,3atr,true
R05,APPROACH_FROM_ABOVE,C01_NEUTRAL,12,48,25,60,NONPOC,23,92,RTH_MORNING,3atr,true
ALL_ANCHORS,APPROACH_FROM_BELOW,C01_NEUTRAL,57,47.5,120,60,NONPOC,105,87.5,ALL_SESSIONS,3atr,false
ALL_ANCHORS,APPROACH_FROM_BELOW,C01_NEUTRAL,6,40,15,60,NONPOC,13,86.67,ETH_EVENING,3atr,true
ALL_ANCHORS,APPROACH_FROM_BELOW,C01_NEUTRAL,6,54.55,11,60,NONPOC,7,63.64,ETH_OVERNIGHT,3atr,true
ALL_ANCHORS,APPROACH_FROM_BELOW,C01_NEUTRAL,0,0,4,60,NONPOC,4,100,RTH_AFTERNOON,3atr,true
ALL_ANCHORS,APPROACH_FROM_BELOW,C01_NEUTRAL,3,42.86,7,60,NONPOC,7,100,RTH_MIDDAY,3atr,true
ALL_ANCHORS,APPROACH_FROM_BELOW,C01_NEUTRAL,15,51.72,29,60,NONPOC,24,82.76,RTH_MORNING,3atr,true
ALL_ANCHORS,APPROACH_FROM_BELOW,C01_NEUTRAL,27,50,54,60,NONPOC,50,92.59,RTH_OPEN,3atr,false
R01,APPROACH_FROM_BELOW,C01_NEUTRAL,12,46.15,26,60,NONPOC,20,76.92,ALL_SESSIONS,3atr,true
R01,APPROACH_FROM_BELOW,C01_NEUTRAL,6,40,15,60,NONPOC,13,86.67,ETH_EVENING,3atr,true
R01,APPROACH_FROM_BELOW,C01_NEUTRAL,6,54.55,11,60,NONPOC,7,63.64,ETH_OVERNIGHT,3atr,true
R02,APPROACH_FROM_BELOW,C01_NEUTRAL,9,40.91,22,60,NONPOC,21,95.45,ALL_SESSIONS,3atr,true
R02,APPROACH_FROM_BELOW,C01_NEUTRAL,0,0,3,60,NONPOC,3,100,RTH_AFTERNOON,3atr,true
R02,APPROACH_FROM_BELOW,C01_NEUTRAL,0,0,1,60,NONPOC,1,100,RTH_MIDDAY,3atr,true
R02,APPROACH_FROM_BELOW,C01_NEUTRAL,1,50,2,60,NONPOC,2,100,RTH_MORNING,3atr,true
R02,APPROACH_FROM_BELOW,C01_NEUTRAL,8,50,16,60,NONPOC,15,93.75,RTH_OPEN,3atr,true
R03,APPROACH_FROM_BELOW,C01_NEUTRAL,18,47.37,38,60,NONPOC,36,94.74,ALL_SESSIONS,3atr,false
R03,APPROACH_FROM_BELOW,C01_NEUTRAL,1,50,2,60,NONPOC,2,100,RTH_MIDDAY,3atr,true
R03,APPROACH_FROM_BELOW,C01_NEUTRAL,3,42.86,7,60,NONPOC,7,100,RTH_MORNING,3atr,true
R03,APPROACH_FROM_BELOW,C01_NEUTRAL,14,48.28,29,60,NONPOC,27,93.1,RTH_OPEN,3atr,true
R04,APPROACH_FROM_BELOW,C01_NEUTRAL,7,63.64,11,60,NONPOC,10,90.91,ALL_SESSIONS,3atr,true
R04,APPROACH_FROM_BELOW,C01_NEUTRAL,2,100,2,60,NONPOC,2,100,RTH_MIDDAY,3atr,true
R04,APPROACH_FROM_BELOW,C01_NEUTRAL,5,55.56,9,60,NONPOC,8,88.89,RTH_OPEN,3atr,true
R05,APPROACH_FROM_BELOW,C01_NEUTRAL,11,47.83,23,60,NONPOC,18,78.26,ALL_SESSIONS,3atr,true
R05,APPROACH_FROM_BELOW,C01_NEUTRAL,0,0,1,60,NONPOC,1,100,RTH_AFTERNOON,3atr,true
R05,APPROACH_FROM_BELOW,C01_NEUTRAL,0,0,2,60,NONPOC,2,100,RTH_MIDDAY,3atr,true
R05,APPROACH_FROM_BELOW,C01_NEUTRAL,11,55,20,60,NONPOC,15,75,RTH_MORNING,3atr,true
ALL_ANCHORS,APPROACH_FROM_ABOVE,C02_ACTIVITY_MATCHED,67,46.21,145,60,NONPOC,125,86.21,ALL_SESSIONS,3atr,false
ALL_ANCHORS,APPROACH_FROM_ABOVE,C02_ACTIVITY_MATCHED,5,38.46,13,60,NONPOC,13,100,ETH_EVENING,3atr,true
ALL_ANCHORS,APPROACH_FROM_ABOVE,C02_ACTIVITY_MATCHED,7,50,14,60,NONPOC,12,85.71,ETH_OVERNIGHT,3atr,true
ALL_ANCHORS,APPROACH_FROM_ABOVE,C02_ACTIVITY_MATCHED,1,100,1,60,NONPOC,1,100,RTH_AFTERNOON,3atr,true
ALL_ANCHORS,APPROACH_FROM_ABOVE,C02_ACTIVITY_MATCHED,5,31.25,16,60,NONPOC,14,87.5,RTH_MIDDAY,3atr,true
ALL_ANCHORS,APPROACH_FROM_ABOVE,C02_ACTIVITY_MATCHED,18,52.94,34,60,NONPOC,29,85.29,RTH_MORNING,3atr,false
ALL_ANCHORS,APPROACH_FROM_ABOVE,C02_ACTIVITY_MATCHED,31,46.27,67,60,NONPOC,56,83.58,RTH_OPEN,3atr,false
R01,APPROACH_FROM_ABOVE,C02_ACTIVITY_MATCHED,12,44.44,27,60,NONPOC,25,92.59,ALL_SESSIONS,3atr,true
R01,APPROACH_FROM_ABOVE,C02_ACTIVITY_MATCHED,5,38.46,13,60,NONPOC,13,100,ETH_EVENING,3atr,true
R01,APPROACH_FROM_ABOVE,C02_ACTIVITY_MATCHED,7,50,14,60,NONPOC,12,85.71,ETH_OVERNIGHT,3atr,true
R02,APPROACH_FROM_ABOVE,C02_ACTIVITY_MATCHED,14,37.84,37,60,NONPOC,33,89.19,ALL_SESSIONS,3atr,false
R02,APPROACH_FROM_ABOVE,C02_ACTIVITY_MATCHED,1,100,1,60,NONPOC,1,100,RTH_AFTERNOON,3atr,true
R02,APPROACH_FROM_ABOVE,C02_ACTIVITY_MATCHED,2,33.33,6,60,NONPOC,5,83.33,RTH_MIDDAY,3atr,true
R02,APPROACH_FROM_ABOVE,C02_ACTIVITY_MATCHED,6,66.67,9,60,NONPOC,6,66.67,RTH_MORNING,3atr,true
R02,APPROACH_FROM_ABOVE,C02_ACTIVITY_MATCHED,5,23.81,21,60,NONPOC,21,100,RTH_OPEN,3atr,true
R03,APPROACH_FROM_ABOVE,C02_ACTIVITY_MATCHED,19,54.29,35,60,NONPOC,29,82.86,ALL_SESSIONS,3atr,false
R03,APPROACH_FROM_ABOVE,C02_ACTIVITY_MATCHED,1,25,4,60,NONPOC,4,100,RTH_MIDDAY,3atr,true
R03,APPROACH_FROM_ABOVE,C02_ACTIVITY_MATCHED,2,66.67,3,60,NONPOC,3,100,RTH_MORNING,3atr,true
R03,APPROACH_FROM_ABOVE,C02_ACTIVITY_MATCHED,16,57.14,28,60,NONPOC,22,78.57,RTH_OPEN,3atr,true
R04,APPROACH_FROM_ABOVE,C02_ACTIVITY_MATCHED,13,59.09,22,60,NONPOC,17,77.27,ALL_SESSIONS,3atr,true
R04,APPROACH_FROM_ABOVE,C02_ACTIVITY_MATCHED,0,0,1,60,NONPOC,1,100,RTH_MIDDAY,3atr,true
R04,APPROACH_FROM_ABOVE,C02_ACTIVITY_MATCHED,3,100,3,60,NONPOC,3,100,RTH_MORNING,3atr,true
R04,APPROACH_FROM_ABOVE,C02_ACTIVITY_MATCHED,10,55.56,18,60,NONPOC,13,72.22,RTH_OPEN,3atr,true
R05,APPROACH_FROM_ABOVE,C02_ACTIVITY_MATCHED,9,37.5,24,60,NONPOC,21,87.5,ALL_SESSIONS,3atr,true
R05,APPROACH_FROM_ABOVE,C02_ACTIVITY_MATCHED,2,40,5,60,NONPOC,4,80,RTH_MIDDAY,3atr,true
R05,APPROACH_FROM_ABOVE,C02_ACTIVITY_MATCHED,7,36.84,19,60,NONPOC,17,89.47,RTH_MORNING,3atr,true
ALL_ANCHORS,APPROACH_FROM_BELOW,C02_ACTIVITY_MATCHED,47,43.93,107,60,NONPOC,96,89.72,ALL_SESSIONS,3atr,false
ALL_ANCHORS,APPROACH_FROM_BELOW,C02_ACTIVITY_MATCHED,9,56.25,16,60,NONPOC,13,81.25,ETH_EVENING,3atr,true
ALL_ANCHORS,APPROACH_FROM_BELOW,C02_ACTIVITY_MATCHED,3,42.86,7,60,NONPOC,5,71.43,ETH_OVERNIGHT,3atr,true
ALL_ANCHORS,APPROACH_FROM_BELOW,C02_ACTIVITY_MATCHED,2,40,5,60,NONPOC,5,100,RTH_AFTERNOON,3atr,true
ALL_ANCHORS,APPROACH_FROM_BELOW,C02_ACTIVITY_MATCHED,4,44.44,9,60,NONPOC,9,100,RTH_MIDDAY,3atr,true
ALL_ANCHORS,APPROACH_FROM_BELOW,C02_ACTIVITY_MATCHED,13,46.43,28,60,NONPOC,25,89.29,RTH_MORNING,3atr,true
ALL_ANCHORS,APPROACH_FROM_BELOW,C02_ACTIVITY_MATCHED,16,38.1,42,60,NONPOC,39,92.86,RTH_OPEN,3atr,false
R01,APPROACH_FROM_BELOW,C02_ACTIVITY_MATCHED,12,52.17,23,60,NONPOC,18,78.26,ALL_SESSIONS,3atr,true
R01,APPROACH_FROM_BELOW,C02_ACTIVITY_MATCHED,9,56.25,16,60,NONPOC,13,81.25,ETH_EVENING,3atr,true
R01,APPROACH_FROM_BELOW,C02_ACTIVITY_MATCHED,3,42.86,7,60,NONPOC,5,71.43,ETH_OVERNIGHT,3atr,true
R02,APPROACH_FROM_BELOW,C02_ACTIVITY_MATCHED,7,35,20,60,NONPOC,19,95,ALL_SESSIONS,3atr,true
R02,APPROACH_FROM_BELOW,C02_ACTIVITY_MATCHED,1,33.33,3,60,NONPOC,3,100,RTH_AFTERNOON,3atr,true
R02,APPROACH_FROM_BELOW,C02_ACTIVITY_MATCHED,1,50,2,60,NONPOC,2,100,RTH_MIDDAY,3atr,true
R02,APPROACH_FROM_BELOW,C02_ACTIVITY_MATCHED,1,100,1,60,NONPOC,1,100,RTH_MORNING,3atr,true
R02,APPROACH_FROM_BELOW,C02_ACTIVITY_MATCHED,4,28.57,14,60,NONPOC,13,92.86,RTH_OPEN,3atr,true
R03,APPROACH_FROM_BELOW,C02_ACTIVITY_MATCHED,16,48.48,33,60,NONPOC,31,93.94,ALL_SESSIONS,3atr,false
R03,APPROACH_FROM_BELOW,C02_ACTIVITY_MATCHED,1,100,1,60,NONPOC,1,100,RTH_AFTERNOON,3atr,true
R03,APPROACH_FROM_BELOW,C02_ACTIVITY_MATCHED,1,100,1,60,NONPOC,1,100,RTH_MIDDAY,3atr,true
R03,APPROACH_FROM_BELOW,C02_ACTIVITY_MATCHED,3,33.33,9,60,NONPOC,9,100,RTH_MORNING,3atr,true
R03,APPROACH_FROM_BELOW,C02_ACTIVITY_MATCHED,11,50,22,60,NONPOC,20,90.91,RTH_OPEN,3atr,true
R04,APPROACH_FROM_BELOW,C02_ACTIVITY_MATCHED,3,30,10,60,NONPOC,10,100,ALL_SESSIONS,3atr,true
R04,APPROACH_FROM_BELOW,C02_ACTIVITY_MATCHED,1,33.33,3,60,NONPOC,3,100,RTH_MIDDAY,3atr,true
R04,APPROACH_FROM_BELOW,C02_ACTIVITY_MATCHED,1,100,1,60,NONPOC,1,100,RTH_MORNING,3atr,true
R04,APPROACH_FROM_BELOW,C02_ACTIVITY_MATCHED,1,16.67,6,60,NONPOC,6,100,RTH_OPEN,3atr,true
R05,APPROACH_FROM_BELOW,C02_ACTIVITY_MATCHED,9,42.86,21,60,NONPOC,18,85.71,ALL_SESSIONS,3atr,true
R05,APPROACH_FROM_BELOW,C02_ACTIVITY_MATCHED,0,0,1,60,NONPOC,1,100,RTH_AFTERNOON,3atr,true
R05,APPROACH_FROM_BELOW,C02_ACTIVITY_MATCHED,1,33.33,3,60,NONPOC,3,100,RTH_MIDDAY,3atr,true
R05,APPROACH_FROM_BELOW,C02_ACTIVITY_MATCHED,8,47.06,17,60,NONPOC,14,82.35,RTH_MORNING,3atr,true
ALL_ANCHORS,APPROACH_FROM_ABOVE,TREATED,72,47.37,152,60,NONPOC,131,86.18,ALL_SESSIONS,3atr,false
ALL_ANCHORS,APPROACH_FROM_ABOVE,TREATED,7,36.84,19,60,NONPOC,16,84.21,ETH_EVENING,3atr,true
ALL_ANCHORS,APPROACH_FROM_ABOVE,TREATED,6,54.55,11,60,NONPOC,7,63.64,ETH_OVERNIGHT,3atr,true
ALL_ANCHORS,APPROACH_FROM_ABOVE,TREATED,2,50,4,60,NONPOC,2,50,RTH_AFTERNOON,3atr,true
ALL_ANCHORS,APPROACH_FROM_ABOVE,TREATED,7,36.84,19,60,NONPOC,17,89.47,RTH_MIDDAY,3atr,true
ALL_ANCHORS,APPROACH_FROM_ABOVE,TREATED,18,48.65,37,60,NONPOC,33,89.19,RTH_MORNING,3atr,false
ALL_ANCHORS,APPROACH_FROM_ABOVE,TREATED,32,51.61,62,60,NONPOC,56,90.32,RTH_OPEN,3atr,false
R01,APPROACH_FROM_ABOVE,TREATED,13,43.33,30,60,NONPOC,23,76.67,ALL_SESSIONS,3atr,false
R01,APPROACH_FROM_ABOVE,TREATED,7,36.84,19,60,NONPOC,16,84.21,ETH_EVENING,3atr,true
R01,APPROACH_FROM_ABOVE,TREATED,6,54.55,11,60,NONPOC,7,63.64,ETH_OVERNIGHT,3atr,true
R02,APPROACH_FROM_ABOVE,TREATED,22,52.38,42,60,NONPOC,38,90.48,ALL_SESSIONS,3atr,false
R02,APPROACH_FROM_ABOVE,TREATED,1,50,2,60,NONPOC,1,50,RTH_AFTERNOON,3atr,true
R02,APPROACH_FROM_ABOVE,TREATED,2,33.33,6,60,NONPOC,5,83.33,RTH_MIDDAY,3atr,true
R02,APPROACH_FROM_ABOVE,TREATED,4,50,8,60,NONPOC,7,87.5,RTH_MORNING,3atr,true
R02,APPROACH_FROM_ABOVE,TREATED,15,57.69,26,60,NONPOC,25,96.15,RTH_OPEN,3atr,true
R03,APPROACH_FROM_ABOVE,TREATED,16,44.44,36,60,NONPOC,33,91.67,ALL_SESSIONS,3atr,false
R03,APPROACH_FROM_ABOVE,TREATED,3,42.86,7,60,NONPOC,7,100,RTH_MIDDAY,3atr,true
R03,APPROACH_FROM_ABOVE,TREATED,3,50,6,60,NONPOC,6,100,RTH_MORNING,3atr,true
R03,APPROACH_FROM_ABOVE,TREATED,10,43.48,23,60,NONPOC,20,86.96,RTH_OPEN,3atr,true
R04,APPROACH_FROM_ABOVE,TREATED,10,55.56,18,60,NONPOC,16,88.89,ALL_SESSIONS,3atr,true
R04,APPROACH_FROM_ABOVE,TREATED,0,0,1,60,NONPOC,1,100,RTH_MIDDAY,3atr,true
R04,APPROACH_FROM_ABOVE,TREATED,3,75,4,60,NONPOC,4,100,RTH_MORNING,3atr,true
R04,APPROACH_FROM_ABOVE,TREATED,7,53.85,13,60,NONPOC,11,84.62,RTH_OPEN,3atr,true
R05,APPROACH_FROM_ABOVE,TREATED,11,42.31,26,60,NONPOC,21,80.77,ALL_SESSIONS,3atr,true
R05,APPROACH_FROM_ABOVE,TREATED,1,50,2,60,NONPOC,1,50,RTH_AFTERNOON,3atr,true
R05,APPROACH_FROM_ABOVE,TREATED,2,40,5,60,NONPOC,4,80,RTH_MIDDAY,3atr,true
R05,APPROACH_FROM_ABOVE,TREATED,8,42.11,19,60,NONPOC,16,84.21,RTH_MORNING,3atr,true
ALL_ANCHORS,APPROACH_FROM_BELOW,TREATED,47,39.5,119,60,NONPOC,104,87.39,ALL_SESSIONS,3atr,false
ALL_ANCHORS,APPROACH_FROM_BELOW,TREATED,4,23.53,17,60,NONPOC,13,76.47,ETH_EVENING,3atr,true
ALL_ANCHORS,APPROACH_FROM_BELOW,TREATED,6,54.55,11,60,NONPOC,8,72.73,ETH_OVERNIGHT,3atr,true
ALL_ANCHORS,APPROACH_FROM_BELOW,TREATED,0,0,3,60,NONPOC,3,100,RTH_AFTERNOON,3atr,true
ALL_ANCHORS,APPROACH_FROM_BELOW,TREATED,4,44.44,9,60,NONPOC,8,88.89,RTH_MIDDAY,3atr,true
ALL_ANCHORS,APPROACH_FROM_BELOW,TREATED,8,33.33,24,60,NONPOC,21,87.5,RTH_MORNING,3atr,true
ALL_ANCHORS,APPROACH_FROM_BELOW,TREATED,25,45.45,55,60,NONPOC,51,92.73,RTH_OPEN,3atr,false
R01,APPROACH_FROM_BELOW,TREATED,10,35.71,28,60,NONPOC,21,75,ALL_SESSIONS,3atr,true
R01,APPROACH_FROM_BELOW,TREATED,4,23.53,17,60,NONPOC,13,76.47,ETH_EVENING,3atr,true
R01,APPROACH_FROM_BELOW,TREATED,6,54.55,11,60,NONPOC,8,72.73,ETH_OVERNIGHT,3atr,true
R02,APPROACH_FROM_BELOW,TREATED,8,33.33,24,60,NONPOC,21,87.5,ALL_SESSIONS,3atr,true
R02,APPROACH_FROM_BELOW,TREATED,0,0,3,60,NONPOC,3,100,RTH_AFTERNOON,3atr,true
R02,APPROACH_FROM_BELOW,TREATED,0,0,1,60,NONPOC,1,100,RTH_MIDDAY,3atr,true
R02,APPROACH_FROM_BELOW,TREATED,1,50,2,60,NONPOC,2,100,RTH_MORNING,3atr,true
R02,APPROACH_FROM_BELOW,TREATED,7,38.89,18,60,NONPOC,15,83.33,RTH_OPEN,3atr,true
R03,APPROACH_FROM_BELOW,TREATED,17,44.74,38,60,NONPOC,37,97.37,ALL_SESSIONS,3atr,false
R03,APPROACH_FROM_BELOW,TREATED,1,50,2,60,NONPOC,2,100,RTH_MIDDAY,3atr,true
R03,APPROACH_FROM_BELOW,TREATED,1,16.67,6,60,NONPOC,6,100,RTH_MORNING,3atr,true
R03,APPROACH_FROM_BELOW,TREATED,15,50,30,60,NONPOC,29,96.67,RTH_OPEN,3atr,false
R04,APPROACH_FROM_BELOW,TREATED,4,40,10,60,NONPOC,10,100,ALL_SESSIONS,3atr,true
R04,APPROACH_FROM_BELOW,TREATED,1,33.33,3,60,NONPOC,3,100,RTH_MIDDAY,3atr,true
R04,APPROACH_FROM_BELOW,TREATED,3,42.86,7,60,NONPOC,7,100,RTH_OPEN,3atr,true
R05,APPROACH_FROM_BELOW,TREATED,8,42.11,19,60,NONPOC,15,78.95,ALL_SESSIONS,3atr,true
R05,APPROACH_FROM_BELOW,TREATED,2,66.67,3,60,NONPOC,2,66.67,RTH_MIDDAY,3atr,true
R05,APPROACH_FROM_BELOW,TREATED,6,37.5,16,60,NONPOC,13,81.25,RTH_MORNING,3atr,true
ALL_ANCHORS,APPROACH_FROM_ABOVE,C01_NEUTRAL,167,50.91,328,60,POC,265,80.79,ALL_SESSIONS,3atr,false
ALL_ANCHORS,APPROACH_FROM_ABOVE,C01_NEUTRAL,23,54.76,42,60,POC,33,78.57,ETH_EVENING,3atr,false
ALL_ANCHORS,APPROACH_FROM_ABOVE,C01_NEUTRAL,10,47.62,21,60,POC,16,76.19,ETH_OVERNIGHT,3atr,true
ALL_ANCHORS,APPROACH_FROM_ABOVE,C01_NEUTRAL,2,40,5,60,POC,4,80,RTH_AFTERNOON,3atr,true
ALL_ANCHORS,APPROACH_FROM_ABOVE,C01_NEUTRAL,11,37.93,29,60,POC,27,93.1,RTH_MIDDAY,3atr,true
ALL_ANCHORS,APPROACH_FROM_ABOVE,C01_NEUTRAL,43,54.43,79,60,POC,60,75.95,RTH_MORNING,3atr,false
ALL_ANCHORS,APPROACH_FROM_ABOVE,C01_NEUTRAL,78,51.32,152,60,POC,125,82.24,RTH_OPEN,3atr,false
R01,APPROACH_FROM_ABOVE,C01_NEUTRAL,33,52.38,63,60,POC,49,77.78,ALL_SESSIONS,3atr,false
R01,APPROACH_FROM_ABOVE,C01_NEUTRAL,23,54.76,42,60,POC,33,78.57,ETH_EVENING,3atr,false
R01,APPROACH_FROM_ABOVE,C01_NEUTRAL,10,47.62,21,60,POC,16,76.19,ETH_OVERNIGHT,3atr,true
R02,APPROACH_FROM_ABOVE,C01_NEUTRAL,40,57.97,69,60,POC,47,68.12,ALL_SESSIONS,3atr,false
R02,APPROACH_FROM_ABOVE,C01_NEUTRAL,2,66.67,3,60,POC,2,66.67,RTH_AFTERNOON,3atr,true
R02,APPROACH_FROM_ABOVE,C01_NEUTRAL,4,44.44,9,60,POC,8,88.89,RTH_MIDDAY,3atr,true
R02,APPROACH_FROM_ABOVE,C01_NEUTRAL,5,50,10,60,POC,7,70,RTH_MORNING,3atr,true
R02,APPROACH_FROM_ABOVE,C01_NEUTRAL,29,61.7,47,60,POC,30,63.83,RTH_OPEN,3atr,false
R03,APPROACH_FROM_ABOVE,C01_NEUTRAL,32,48.48,66,60,POC,57,86.36,ALL_SESSIONS,3atr,false
R03,APPROACH_FROM_ABOVE,C01_NEUTRAL,0,0,1,60,POC,1,100,RTH_AFTERNOON,3atr,true
R03,APPROACH_FROM_ABOVE,C01_NEUTRAL,2,33.33,6,60,POC,6,100,RTH_MIDDAY,3atr,true
R03,APPROACH_FROM_ABOVE,C01_NEUTRAL,4,80,5,60,POC,2,40,RTH_MORNING,3atr,true
R03,APPROACH_FROM_ABOVE,C01_NEUTRAL,26,48.15,54,60,POC,48,88.89,RTH_OPEN,3atr,false
R04,APPROACH_FROM_ABOVE,C01_NEUTRAL,29,46.03,63,60,POC,57,90.48,ALL_SESSIONS,3atr,false
R04,APPROACH_FROM_ABOVE,C01_NEUTRAL,2,40,5,60,POC,5,100,RTH_MIDDAY,3atr,true
R04,APPROACH_FROM_ABOVE,C01_NEUTRAL,4,57.14,7,60,POC,5,71.43,RTH_MORNING,3atr,true
R04,APPROACH_FROM_ABOVE,C01_NEUTRAL,23,45.1,51,60,POC,47,92.16,RTH_OPEN,3atr,false
R05,APPROACH_FROM_ABOVE,C01_NEUTRAL,33,49.25,67,60,POC,55,82.09,ALL_SESSIONS,3atr,false
R05,APPROACH_FROM_ABOVE,C01_NEUTRAL,0,0,1,60,POC,1,100,RTH_AFTERNOON,3atr,true
R05,APPROACH_FROM_ABOVE,C01_NEUTRAL,3,33.33,9,60,POC,8,88.89,RTH_MIDDAY,3atr,true
R05,APPROACH_FROM_ABOVE,C01_NEUTRAL,30,52.63,57,60,POC,46,80.7,RTH_MORNING,3atr,false
ALL_ANCHORS,APPROACH_FROM_BELOW,C01_NEUTRAL,103,49.05,210,60,POC,175,83.33,ALL_SESSIONS,3atr,false
ALL_ANCHORS,APPROACH_FROM_BELOW,C01_NEUTRAL,22,61.11,36,60,POC,30,83.33,ETH_EVENING,3atr,false
ALL_ANCHORS,APPROACH_FROM_BELOW,C01_NEUTRAL,5,41.67,12,60,POC,10,83.33,ETH_OVERNIGHT,3atr,true
ALL_ANCHORS,APPROACH_FROM_BELOW,C01_NEUTRAL,1,14.29,7,60,POC,6,85.71,RTH_AFTERNOON,3atr,true
ALL_ANCHORS,APPROACH_FROM_BELOW,C01_NEUTRAL,6,60,10,60,POC,9,90,RTH_MIDDAY,3atr,true
ALL_ANCHORS,APPROACH_FROM_BELOW,C01_NEUTRAL,21,46.67,45,60,POC,33,73.33,RTH_MORNING,3atr,false
ALL_ANCHORS,APPROACH_FROM_BELOW,C01_NEUTRAL,48,48,100,60,POC,87,87,RTH_OPEN,3atr,false
R01,APPROACH_FROM_BELOW,C01_NEUTRAL,27,56.25,48,60,POC,40,83.33,ALL_SESSIONS,3atr,false
R01,APPROACH_FROM_BELOW,C01_NEUTRAL,22,61.11,36,60,POC,30,83.33,ETH_EVENING,3atr,false
R01,APPROACH_FROM_BELOW,C01_NEUTRAL,5,41.67,12,60,POC,10,83.33,ETH_OVERNIGHT,3atr,true
R02,APPROACH_FROM_BELOW,C01_NEUTRAL,18,50,36,60,POC,25,69.44,ALL_SESSIONS,3atr,false
R02,APPROACH_FROM_BELOW,C01_NEUTRAL,0,0,1,60,POC,1,100,RTH_AFTERNOON,3atr,true
R02,APPROACH_FROM_BELOW,C01_NEUTRAL,5,71.43,7,60,POC,4,57.14,RTH_MORNING,3atr,true
R02,APPROACH_FROM_BELOW,C01_NEUTRAL,13,46.43,28,60,POC,20,71.43,RTH_OPEN,3atr,true
R03,APPROACH_FROM_BELOW,C01_NEUTRAL,17,40.48,42,60,POC,40,95.24,ALL_SESSIONS,3atr,false
R03,APPROACH_FROM_BELOW,C01_NEUTRAL,0,0,2,60,POC,2,100,RTH_AFTERNOON,3atr,true
R03,APPROACH_FROM_BELOW,C01_NEUTRAL,1,50,2,60,POC,2,100,RTH_MIDDAY,3atr,true
R03,APPROACH_FROM_BELOW,C01_NEUTRAL,0,0,2,60,POC,2,100,RTH_MORNING,3atr,true
R03,APPROACH_FROM_BELOW,C01_NEUTRAL,16,44.44,36,60,POC,34,94.44,RTH_OPEN,3atr,false
R04,APPROACH_FROM_BELOW,C01_NEUTRAL,21,51.22,41,60,POC,37,90.24,ALL_SESSIONS,3atr,false
R04,APPROACH_FROM_BELOW,C01_NEUTRAL,0,0,1,60,POC,0,0,RTH_AFTERNOON,3atr,true
R04,APPROACH_FROM_BELOW,C01_NEUTRAL,1,50,2,60,POC,2,100,RTH_MIDDAY,3atr,true
R04,APPROACH_FROM_BELOW,C01_NEUTRAL,1,50,2,60,POC,2,100,RTH_MORNING,3atr,true
R04,APPROACH_FROM_BELOW,C01_NEUTRAL,19,52.78,36,60,POC,33,91.67,RTH_OPEN,3atr,false
R05,APPROACH_FROM_BELOW,C01_NEUTRAL,20,46.51,43,60,POC,33,76.74,ALL_SESSIONS,3atr,false
R05,APPROACH_FROM_BELOW,C01_NEUTRAL,1,33.33,3,60,POC,3,100,RTH_AFTERNOON,3atr,true
R05,APPROACH_FROM_BELOW,C01_NEUTRAL,4,66.67,6,60,POC,5,83.33,RTH_MIDDAY,3atr,true
R05,APPROACH_FROM_BELOW,C01_NEUTRAL,15,44.12,34,60,POC,25,73.53,RTH_MORNING,3atr,false
ALL_ANCHORS,APPROACH_FROM_ABOVE,C02_ACTIVITY_MATCHED,104,47.49,219,60,POC,187,85.39,ALL_SESSIONS,3atr,false
ALL_ANCHORS,APPROACH_FROM_ABOVE,C02_ACTIVITY_MATCHED,7,30.43,23,60,POC,21,91.3,ETH_EVENING,3atr,true
ALL_ANCHORS,APPROACH_FROM_ABOVE,C02_ACTIVITY_MATCHED,11,64.71,17,60,POC,11,64.71,ETH_OVERNIGHT,3atr,true
ALL_ANCHORS,APPROACH_FROM_ABOVE,C02_ACTIVITY_MATCHED,3,42.86,7,60,POC,5,71.43,RTH_AFTERNOON,3atr,true
ALL_ANCHORS,APPROACH_FROM_ABOVE,C02_ACTIVITY_MATCHED,6,37.5,16,60,POC,13,81.25,RTH_MIDDAY,3atr,true
ALL_ANCHORS,APPROACH_FROM_ABOVE,C02_ACTIVITY_MATCHED,26,46.43,56,60,POC,47,83.93,RTH_MORNING,3atr,false
ALL_ANCHORS,APPROACH_FROM_ABOVE,C02_ACTIVITY_MATCHED,51,51,100,60,POC,90,90,RTH_OPEN,3atr,false
R01,APPROACH_FROM_ABOVE,C02_ACTIVITY_MATCHED,18,45,40,60,POC,32,80,ALL_SESSIONS,3atr,false
R01,APPROACH_FROM_ABOVE,C02_ACTIVITY_MATCHED,7,30.43,23,60,POC,21,91.3,ETH_EVENING,3atr,true
R01,APPROACH_FROM_ABOVE,C02_ACTIVITY_MATCHED,11,64.71,17,60,POC,11,64.71,ETH_OVERNIGHT,3atr,true
R02,APPROACH_FROM_ABOVE,C02_ACTIVITY_MATCHED,25,48.08,52,60,POC,43,82.69,ALL_SESSIONS,3atr,false
R02,APPROACH_FROM_ABOVE,C02_ACTIVITY_MATCHED,2,40,5,60,POC,4,80,RTH_AFTERNOON,3atr,true
R02,APPROACH_FROM_ABOVE,C02_ACTIVITY_MATCHED,3,50,6,60,POC,4,66.67,RTH_MIDDAY,3atr,true
R02,APPROACH_FROM_ABOVE,C02_ACTIVITY_MATCHED,3,50,6,60,POC,5,83.33,RTH_MORNING,3atr,true
R02,APPROACH_FROM_ABOVE,C02_ACTIVITY_MATCHED,17,48.57,35,60,POC,30,85.71,RTH_OPEN,3atr,false
R03,APPROACH_FROM_ABOVE,C02_ACTIVITY_MATCHED,18,48.65,37,60,POC,35,94.59,ALL_SESSIONS,3atr,false
R03,APPROACH_FROM_ABOVE,C02_ACTIVITY_MATCHED,0,0,2,60,POC,2,100,RTH_MIDDAY,3atr,true
R03,APPROACH_FROM_ABOVE,C02_ACTIVITY_MATCHED,2,40,5,60,POC,4,80,RTH_MORNING,3atr,true
R03,APPROACH_FROM_ABOVE,C02_ACTIVITY_MATCHED,16,53.33,30,60,POC,29,96.67,RTH_OPEN,3atr,false
R04,APPROACH_FROM_ABOVE,C02_ACTIVITY_MATCHED,22,50,44,60,POC,38,86.36,ALL_SESSIONS,3atr,false
R04,APPROACH_FROM_ABOVE,C02_ACTIVITY_MATCHED,0,0,1,60,POC,1,100,RTH_AFTERNOON,3atr,true
R04,APPROACH_FROM_ABOVE,C02_ACTIVITY_MATCHED,0,0,1,60,POC,1,100,RTH_MIDDAY,3atr,true
R04,APPROACH_FROM_ABOVE,C02_ACTIVITY_MATCHED,4,57.14,7,60,POC,5,71.43,RTH_MORNING,3atr,true
R04,APPROACH_FROM_ABOVE,C02_ACTIVITY_MATCHED,18,51.43,35,60,POC,31,88.57,RTH_OPEN,3atr,false
R05,APPROACH_FROM_ABOVE,C02_ACTIVITY_MATCHED,21,45.65,46,60,POC,39,84.78,ALL_SESSIONS,3atr,false
R05,APPROACH_FROM_ABOVE,C02_ACTIVITY_MATCHED,1,100,1,60,POC,0,0,RTH_AFTERNOON,3atr,true
R05,APPROACH_FROM_ABOVE,C02_ACTIVITY_MATCHED,3,42.86,7,60,POC,6,85.71,RTH_MIDDAY,3atr,true
R05,APPROACH_FROM_ABOVE,C02_ACTIVITY_MATCHED,17,44.74,38,60,POC,33,86.84,RTH_MORNING,3atr,false
ALL_ANCHORS,APPROACH_FROM_BELOW,C02_ACTIVITY_MATCHED,83,54.25,153,60,POC,125,81.7,ALL_SESSIONS,3atr,false
ALL_ANCHORS,APPROACH_FROM_BELOW,C02_ACTIVITY_MATCHED,14,58.33,24,60,POC,16,66.67,ETH_EVENING,3atr,true
ALL_ANCHORS,APPROACH_FROM_BELOW,C02_ACTIVITY_MATCHED,8,72.73,11,60,POC,8,72.73,ETH_OVERNIGHT,3atr,true
ALL_ANCHORS,APPROACH_FROM_BELOW,C02_ACTIVITY_MATCHED,1,16.67,6,60,POC,6,100,RTH_AFTERNOON,3atr,true
ALL_ANCHORS,APPROACH_FROM_BELOW,C02_ACTIVITY_MATCHED,6,75,8,60,POC,7,87.5,RTH_MIDDAY,3atr,true
ALL_ANCHORS,APPROACH_FROM_BELOW,C02_ACTIVITY_MATCHED,20,51.28,39,60,POC,27,69.23,RTH_MORNING,3atr,false
ALL_ANCHORS,APPROACH_FROM_BELOW,C02_ACTIVITY_MATCHED,34,52.31,65,60,POC,61,93.85,RTH_OPEN,3atr,false
R01,APPROACH_FROM_BELOW,C02_ACTIVITY_MATCHED,22,62.86,35,60,POC,24,68.57,ALL_SESSIONS,3atr,false
R01,APPROACH_FROM_BELOW,C02_ACTIVITY_MATCHED,14,58.33,24,60,POC,16,66.67,ETH_EVENING,3atr,true
R01,APPROACH_FROM_BELOW,C02_ACTIVITY_MATCHED,8,72.73,11,60,POC,8,72.73,ETH_OVERNIGHT,3atr,true
R02,APPROACH_FROM_BELOW,C02_ACTIVITY_MATCHED,13,54.17,24,60,POC,18,75,ALL_SESSIONS,3atr,true
R02,APPROACH_FROM_BELOW,C02_ACTIVITY_MATCHED,0,0,1,60,POC,1,100,RTH_AFTERNOON,3atr,true
R02,APPROACH_FROM_BELOW,C02_ACTIVITY_MATCHED,4,66.67,6,60,POC,3,50,RTH_MORNING,3atr,true
R02,APPROACH_FROM_BELOW,C02_ACTIVITY_MATCHED,9,52.94,17,60,POC,14,82.35,RTH_OPEN,3atr,true
R03,APPROACH_FROM_BELOW,C02_ACTIVITY_MATCHED,13,48.15,27,60,POC,26,96.3,ALL_SESSIONS,3atr,true
R03,APPROACH_FROM_BELOW,C02_ACTIVITY_MATCHED,1,50,2,60,POC,2,100,RTH_AFTERNOON,3atr,true
R03,APPROACH_FROM_BELOW,C02_ACTIVITY_MATCHED,2,66.67,3,60,POC,3,100,RTH_MIDDAY,3atr,true
R03,APPROACH_FROM_BELOW,C02_ACTIVITY_MATCHED,1,50,2,60,POC,1,50,RTH_MORNING,3atr,true
R03,APPROACH_FROM_BELOW,C02_ACTIVITY_MATCHED,9,45,20,60,POC,20,100,RTH_OPEN,3atr,true
R04,APPROACH_FROM_BELOW,C02_ACTIVITY_MATCHED,17,54.84,31,60,POC,30,96.77,ALL_SESSIONS,3atr,false
R04,APPROACH_FROM_BELOW,C02_ACTIVITY_MATCHED,0,0,1,60,POC,1,100,RTH_AFTERNOON,3atr,true
R04,APPROACH_FROM_BELOW,C02_ACTIVITY_MATCHED,1,100,1,60,POC,1,100,RTH_MIDDAY,3atr,true
R04,APPROACH_FROM_BELOW,C02_ACTIVITY_MATCHED,0,0,1,60,POC,1,100,RTH_MORNING,3atr,true
R04,APPROACH_FROM_BELOW,C02_ACTIVITY_MATCHED,16,57.14,28,60,POC,27,96.43,RTH_OPEN,3atr,true
R05,APPROACH_FROM_BELOW,C02_ACTIVITY_MATCHED,18,50,36,60,POC,27,75,ALL_SESSIONS,3atr,false
R05,APPROACH_FROM_BELOW,C02_ACTIVITY_MATCHED,0,0,2,60,POC,2,100,RTH_AFTERNOON,3atr,true
R05,APPROACH_FROM_BELOW,C02_ACTIVITY_MATCHED,3,75,4,60,POC,3,75,RTH_MIDDAY,3atr,true
R05,APPROACH_FROM_BELOW,C02_ACTIVITY_MATCHED,15,50,30,60,POC,22,73.33,RTH_MORNING,3atr,false
ALL_ANCHORS,APPROACH_FROM_ABOVE,TREATED,143,48.81,293,60,POC,249,84.98,ALL_SESSIONS,3atr,false
ALL_ANCHORS,APPROACH_FROM_ABOVE,TREATED,18,52.94,34,60,POC,27,79.41,ETH_EVENING,3atr,false
ALL_ANCHORS,APPROACH_FROM_ABOVE,TREATED,14,58.33,24,60,POC,16,66.67,ETH_OVERNIGHT,3atr,true
ALL_ANCHORS,APPROACH_FROM_ABOVE,TREATED,2,40,5,60,POC,4,80,RTH_AFTERNOON,3atr,true
ALL_ANCHORS,APPROACH_FROM_ABOVE,TREATED,15,50,30,60,POC,25,83.33,RTH_MIDDAY,3atr,false
ALL_ANCHORS,APPROACH_FROM_ABOVE,TREATED,33,50,66,60,POC,53,80.3,RTH_MORNING,3atr,false
ALL_ANCHORS,APPROACH_FROM_ABOVE,TREATED,61,45.52,134,60,POC,124,92.54,RTH_OPEN,3atr,false
R01,APPROACH_FROM_ABOVE,TREATED,32,55.17,58,60,POC,43,74.14,ALL_SESSIONS,3atr,false
R01,APPROACH_FROM_ABOVE,TREATED,18,52.94,34,60,POC,27,79.41,ETH_EVENING,3atr,false
R01,APPROACH_FROM_ABOVE,TREATED,14,58.33,24,60,POC,16,66.67,ETH_OVERNIGHT,3atr,true
R02,APPROACH_FROM_ABOVE,TREATED,38,55.07,69,60,POC,53,76.81,ALL_SESSIONS,3atr,false
R02,APPROACH_FROM_ABOVE,TREATED,2,50,4,60,POC,3,75,RTH_AFTERNOON,3atr,true
R02,APPROACH_FROM_ABOVE,TREATED,4,50,8,60,POC,7,87.5,RTH_MIDDAY,3atr,true
R02,APPROACH_FROM_ABOVE,TREATED,6,54.55,11,60,POC,7,63.64,RTH_MORNING,3atr,true
R02,APPROACH_FROM_ABOVE,TREATED,26,56.52,46,60,POC,36,78.26,RTH_OPEN,3atr,false
R03,APPROACH_FROM_ABOVE,TREATED,27,45.76,59,60,POC,56,94.92,ALL_SESSIONS,3atr,false
R03,APPROACH_FROM_ABOVE,TREATED,0,0,1,60,POC,1,100,RTH_AFTERNOON,3atr,true
R03,APPROACH_FROM_ABOVE,TREATED,4,57.14,7,60,POC,6,85.71,RTH_MIDDAY,3atr,true
R03,APPROACH_FROM_ABOVE,TREATED,4,100,4,60,POC,2,50,RTH_MORNING,3atr,true
R03,APPROACH_FROM_ABOVE,TREATED,19,40.43,47,60,POC,47,100,RTH_OPEN,3atr,false
R04,APPROACH_FROM_ABOVE,TREATED,21,41.18,51,60,POC,49,96.08,ALL_SESSIONS,3atr,false
R04,APPROACH_FROM_ABOVE,TREATED,1,25,4,60,POC,4,100,RTH_MIDDAY,3atr,true
R04,APPROACH_FROM_ABOVE,TREATED,4,66.67,6,60,POC,4,66.67,RTH_MORNING,3atr,true
R04,APPROACH_FROM_ABOVE,TREATED,16,39.02,41,60,POC,41,100,RTH_OPEN,3atr,false
R05,APPROACH_FROM_ABOVE,TREATED,25,44.64,56,60,POC,48,85.71,ALL_SESSIONS,3atr,false
R05,APPROACH_FROM_ABOVE,TREATED,6,54.55,11,60,POC,8,72.73,RTH_MIDDAY,3atr,true
R05,APPROACH_FROM_ABOVE,TREATED,19,42.22,45,60,POC,40,88.89,RTH_MORNING,3atr,false
ALL_ANCHORS,APPROACH_FROM_BELOW,TREATED,108,49.54,218,60,POC,182,83.49,ALL_SESSIONS,3atr,false
ALL_ANCHORS,APPROACH_FROM_BELOW,TREATED,22,61.11,36,60,POC,28,77.78,ETH_EVENING,3atr,false
ALL_ANCHORS,APPROACH_FROM_BELOW,TREATED,11,73.33,15,60,POC,10,66.67,ETH_OVERNIGHT,3atr,true
ALL_ANCHORS,APPROACH_FROM_BELOW,TREATED,2,33.33,6,60,POC,6,100,RTH_AFTERNOON,3atr,true
ALL_ANCHORS,APPROACH_FROM_BELOW,TREATED,7,70,10,60,POC,7,70,RTH_MIDDAY,3atr,true
ALL_ANCHORS,APPROACH_FROM_BELOW,TREATED,19,42.22,45,60,POC,36,80,RTH_MORNING,3atr,false
ALL_ANCHORS,APPROACH_FROM_BELOW,TREATED,47,44.34,106,60,POC,95,89.62,RTH_OPEN,3atr,false
R01,APPROACH_FROM_BELOW,TREATED,33,64.71,51,60,POC,38,74.51,ALL_SESSIONS,3atr,false
R01,APPROACH_FROM_BELOW,TREATED,22,61.11,36,60,POC,28,77.78,ETH_EVENING,3atr,false
R01,APPROACH_FROM_BELOW,TREATED,11,73.33,15,60,POC,10,66.67,ETH_OVERNIGHT,3atr,true
R02,APPROACH_FROM_BELOW,TREATED,21,55.26,38,60,POC,31,81.58,ALL_SESSIONS,3atr,false
R02,APPROACH_FROM_BELOW,TREATED,0,0,1,60,POC,1,100,RTH_AFTERNOON,3atr,true
R02,APPROACH_FROM_BELOW,TREATED,5,62.5,8,60,POC,5,62.5,RTH_MORNING,3atr,true
R02,APPROACH_FROM_BELOW,TREATED,16,55.17,29,60,POC,25,86.21,RTH_OPEN,3atr,true
R03,APPROACH_FROM_BELOW,TREATED,17,40.48,42,60,POC,40,95.24,ALL_SESSIONS,3atr,false
R03,APPROACH_FROM_BELOW,TREATED,1,50,2,60,POC,2,100,RTH_AFTERNOON,3atr,true
R03,APPROACH_FROM_BELOW,TREATED,1,50,2,60,POC,2,100,RTH_MIDDAY,3atr,true
R03,APPROACH_FROM_BELOW,TREATED,1,50,2,60,POC,2,100,RTH_MORNING,3atr,true
R03,APPROACH_FROM_BELOW,TREATED,14,38.89,36,60,POC,34,94.44,RTH_OPEN,3atr,false
R04,APPROACH_FROM_BELOW,TREATED,19,41.3,46,60,POC,41,89.13,ALL_SESSIONS,3atr,false
R04,APPROACH_FROM_BELOW,TREATED,0,0,1,60,POC,1,100,RTH_AFTERNOON,3atr,true
R04,APPROACH_FROM_BELOW,TREATED,1,50,2,60,POC,2,100,RTH_MIDDAY,3atr,true
R04,APPROACH_FROM_BELOW,TREATED,1,50,2,60,POC,2,100,RTH_MORNING,3atr,true
R04,APPROACH_FROM_BELOW,TREATED,17,41.46,41,60,POC,36,87.8,RTH_OPEN,3atr,false
R05,APPROACH_FROM_BELOW,TREATED,18,43.9,41,60,POC,32,78.05,ALL_SESSIONS,3atr,false
R05,APPROACH_FROM_BELOW,TREATED,1,50,2,60,POC,2,100,RTH_AFTERNOON,3atr,true
R05,APPROACH_FROM_BELOW,TREATED,5,83.33,6,60,POC,3,50,RTH_MIDDAY,3atr,true
R05,APPROACH_FROM_BELOW,TREATED,12,36.36,33,60,POC,27,81.82,RTH_MORNING,3atr,false
ALL_ANCHORS,APPROACH_FROM_ABOVE,C01_NEUTRAL,76,46.34,164,15,NONPOC,128,78.05,ALL_SESSIONS,5atr,false
ALL_ANCHORS,APPROACH_FROM_ABOVE,C01_NEUTRAL,5,29.41,17,15,NONPOC,14,82.35,ETH_EVENING,5atr,true
ALL_ANCHORS,APPROACH_FROM_ABOVE,C01_NEUTRAL,6,50,12,15,NONPOC,8,66.67,ETH_OVERNIGHT,5atr,true
ALL_ANCHORS,APPROACH_FROM_ABOVE,C01_NEUTRAL,5,71.43,7,15,NONPOC,3,42.86,RTH_AFTERNOON,5atr,true
ALL_ANCHORS,APPROACH_FROM_ABOVE,C01_NEUTRAL,13,72.22,18,15,NONPOC,11,61.11,RTH_MIDDAY,5atr,true
ALL_ANCHORS,APPROACH_FROM_ABOVE,C01_NEUTRAL,17,39.53,43,15,NONPOC,37,86.05,RTH_MORNING,5atr,false
ALL_ANCHORS,APPROACH_FROM_ABOVE,C01_NEUTRAL,30,44.78,67,15,NONPOC,55,82.09,RTH_OPEN,5atr,false
R01,APPROACH_FROM_ABOVE,C01_NEUTRAL,11,37.93,29,15,NONPOC,22,75.86,ALL_SESSIONS,5atr,true
R01,APPROACH_FROM_ABOVE,C01_NEUTRAL,5,29.41,17,15,NONPOC,14,82.35,ETH_EVENING,5atr,true
R01,APPROACH_FROM_ABOVE,C01_NEUTRAL,6,50,12,15,NONPOC,8,66.67,ETH_OVERNIGHT,5atr,true
R02,APPROACH_FROM_ABOVE,C01_NEUTRAL,23,54.76,42,15,NONPOC,33,78.57,ALL_SESSIONS,5atr,false
R02,APPROACH_FROM_ABOVE,C01_NEUTRAL,3,75,4,15,NONPOC,1,25,RTH_AFTERNOON,5atr,true
R02,APPROACH_FROM_ABOVE,C01_NEUTRAL,6,100,6,15,NONPOC,4,66.67,RTH_MIDDAY,5atr,true
R02,APPROACH_FROM_ABOVE,C01_NEUTRAL,3,37.5,8,15,NONPOC,6,75,RTH_MORNING,5atr,true
R02,APPROACH_FROM_ABOVE,C01_NEUTRAL,11,45.83,24,15,NONPOC,22,91.67,RTH_OPEN,5atr,true
R03,APPROACH_FROM_ABOVE,C01_NEUTRAL,20,48.78,41,15,NONPOC,31,75.61,ALL_SESSIONS,5atr,false
R03,APPROACH_FROM_ABOVE,C01_NEUTRAL,3,50,6,15,NONPOC,4,66.67,RTH_MIDDAY,5atr,true
R03,APPROACH_FROM_ABOVE,C01_NEUTRAL,1,16.67,6,15,NONPOC,6,100,RTH_MORNING,5atr,true
R03,APPROACH_FROM_ABOVE,C01_NEUTRAL,16,55.17,29,15,NONPOC,21,72.41,RTH_OPEN,5atr,true
R04,APPROACH_FROM_ABOVE,C01_NEUTRAL,6,30,20,15,NONPOC,18,90,ALL_SESSIONS,5atr,true
R04,APPROACH_FROM_ABOVE,C01_NEUTRAL,0,0,1,15,NONPOC,1,100,RTH_AFTERNOON,5atr,true
R04,APPROACH_FROM_ABOVE,C01_NEUTRAL,0,0,1,15,NONPOC,1,100,RTH_MIDDAY,5atr,true
R04,APPROACH_FROM_ABOVE,C01_NEUTRAL,3,75,4,15,NONPOC,4,100,RTH_MORNING,5atr,true
R04,APPROACH_FROM_ABOVE,C01_NEUTRAL,3,21.43,14,15,NONPOC,12,85.71,RTH_OPEN,5atr,true
R05,APPROACH_FROM_ABOVE,C01_NEUTRAL,16,50,32,15,NONPOC,24,75,ALL_SESSIONS,5atr,false
R05,APPROACH_FROM_ABOVE,C01_NEUTRAL,2,100,2,15,NONPOC,1,50,RTH_AFTERNOON,5atr,true
R05,APPROACH_FROM_ABOVE,C01_NEUTRAL,4,80,5,15,NONPOC,2,40,RTH_MIDDAY,5atr,true
R05,APPROACH_FROM_ABOVE,C01_NEUTRAL,10,40,25,15,NONPOC,21,84,RTH_MORNING,5atr,true
ALL_ANCHORS,APPROACH_FROM_BELOW,C01_NEUTRAL,56,45.16,124,15,NONPOC,96,77.42,ALL_SESSIONS,5atr,false
ALL_ANCHORS,APPROACH_FROM_BELOW,C01_NEUTRAL,9,60,15,15,NONPOC,11,73.33,ETH_EVENING,5atr,true
ALL_ANCHORS,APPROACH_FROM_BELOW,C01_NEUTRAL,2,18.18,11,15,NONPOC,3,27.27,ETH_OVERNIGHT,5atr,true
ALL_ANCHORS,APPROACH_FROM_BELOW,C01_NEUTRAL,4,50,8,15,NONPOC,6,75,RTH_AFTERNOON,5atr,true
ALL_ANCHORS,APPROACH_FROM_BELOW,C01_NEUTRAL,1,14.29,7,15,NONPOC,7,100,RTH_MIDDAY,5atr,true
ALL_ANCHORS,APPROACH_FROM_BELOW,C01_NEUTRAL,17,58.62,29,15,NONPOC,21,72.41,RTH_MORNING,5atr,true
ALL_ANCHORS,APPROACH_FROM_BELOW,C01_NEUTRAL,23,42.59,54,15,NONPOC,48,88.89,RTH_OPEN,5atr,false
R01,APPROACH_FROM_BELOW,C01_NEUTRAL,11,42.31,26,15,NONPOC,14,53.85,ALL_SESSIONS,5atr,true
R01,APPROACH_FROM_BELOW,C01_NEUTRAL,9,60,15,15,NONPOC,11,73.33,ETH_EVENING,5atr,true
R01,APPROACH_FROM_BELOW,C01_NEUTRAL,2,18.18,11,15,NONPOC,3,27.27,ETH_OVERNIGHT,5atr,true
R02,APPROACH_FROM_BELOW,C01_NEUTRAL,7,28,25,15,NONPOC,21,84,ALL_SESSIONS,5atr,true
R02,APPROACH_FROM_BELOW,C01_NEUTRAL,2,33.33,6,15,NONPOC,5,83.33,RTH_AFTERNOON,5atr,true
R02,APPROACH_FROM_BELOW,C01_NEUTRAL,0,0,1,15,NONPOC,1,100,RTH_MIDDAY,5atr,true
R02,APPROACH_FROM_BELOW,C01_NEUTRAL,1,50,2,15,NONPOC,2,100,RTH_MORNING,5atr,true
R02,APPROACH_FROM_BELOW,C01_NEUTRAL,4,25,16,15,NONPOC,13,81.25,RTH_OPEN,5atr,true
R03,APPROACH_FROM_BELOW,C01_NEUTRAL,18,47.37,38,15,NONPOC,35,92.11,ALL_SESSIONS,5atr,false
R03,APPROACH_FROM_BELOW,C01_NEUTRAL,0,0,2,15,NONPOC,2,100,RTH_MIDDAY,5atr,true
R03,APPROACH_FROM_BELOW,C01_NEUTRAL,5,71.43,7,15,NONPOC,6,85.71,RTH_MORNING,5atr,true
R03,APPROACH_FROM_BELOW,C01_NEUTRAL,13,44.83,29,15,NONPOC,27,93.1,RTH_OPEN,5atr,true
R04,APPROACH_FROM_BELOW,C01_NEUTRAL,7,58.33,12,15,NONPOC,10,83.33,ALL_SESSIONS,5atr,true
R04,APPROACH_FROM_BELOW,C01_NEUTRAL,1,100,1,15,NONPOC,0,0,RTH_AFTERNOON,5atr,true
R04,APPROACH_FROM_BELOW,C01_NEUTRAL,0,0,2,15,NONPOC,2,100,RTH_MIDDAY,5atr,true
R04,APPROACH_FROM_BELOW,C01_NEUTRAL,6,66.67,9,15,NONPOC,8,88.89,RTH_OPEN,5atr,true
R05,APPROACH_FROM_BELOW,C01_NEUTRAL,13,56.52,23,15,NONPOC,16,69.57,ALL_SESSIONS,5atr,true
R05,APPROACH_FROM_BELOW,C01_NEUTRAL,1,100,1,15,NONPOC,1,100,RTH_AFTERNOON,5atr,true
R05,APPROACH_FROM_BELOW,C01_NEUTRAL,1,50,2,15,NONPOC,2,100,RTH_MIDDAY,5atr,true
R05,APPROACH_FROM_BELOW,C01_NEUTRAL,11,55,20,15,NONPOC,13,65,RTH_MORNING,5atr,true
ALL_ANCHORS,APPROACH_FROM_ABOVE,C02_ACTIVITY_MATCHED,79,53.38,148,15,NONPOC,107,72.3,ALL_SESSIONS,5atr,false
ALL_ANCHORS,APPROACH_FROM_ABOVE,C02_ACTIVITY_MATCHED,6,46.15,13,15,NONPOC,11,84.62,ETH_EVENING,5atr,true
ALL_ANCHORS,APPROACH_FROM_ABOVE,C02_ACTIVITY_MATCHED,9,64.29,14,15,NONPOC,6,42.86,ETH_OVERNIGHT,5atr,true
ALL_ANCHORS,APPROACH_FROM_ABOVE,C02_ACTIVITY_MATCHED,2,50,4,15,NONPOC,3,75,RTH_AFTERNOON,5atr,true
ALL_ANCHORS,APPROACH_FROM_ABOVE,C02_ACTIVITY_MATCHED,9,56.25,16,15,NONPOC,10,62.5,RTH_MIDDAY,5atr,true
ALL_ANCHORS,APPROACH_FROM_ABOVE,C02_ACTIVITY_MATCHED,22,64.71,34,15,NONPOC,25,73.53,RTH_MORNING,5atr,false
ALL_ANCHORS,APPROACH_FROM_ABOVE,C02_ACTIVITY_MATCHED,31,46.27,67,15,NONPOC,52,77.61,RTH_OPEN,5atr,false
R01,APPROACH_FROM_ABOVE,C02_ACTIVITY_MATCHED,15,55.56,27,15,NONPOC,17,62.96,ALL_SESSIONS,5atr,true
R01,APPROACH_FROM_ABOVE,C02_ACTIVITY_MATCHED,6,46.15,13,15,NONPOC,11,84.62,ETH_EVENING,5atr,true
R01,APPROACH_FROM_ABOVE,C02_ACTIVITY_MATCHED,9,64.29,14,15,NONPOC,6,42.86,ETH_OVERNIGHT,5atr,true
R02,APPROACH_FROM_ABOVE,C02_ACTIVITY_MATCHED,18,47.37,38,15,NONPOC,31,81.58,ALL_SESSIONS,5atr,false
R02,APPROACH_FROM_ABOVE,C02_ACTIVITY_MATCHED,1,50,2,15,NONPOC,2,100,RTH_AFTERNOON,5atr,true
R02,APPROACH_FROM_ABOVE,C02_ACTIVITY_MATCHED,4,66.67,6,15,NONPOC,3,50,RTH_MIDDAY,5atr,true
R02,APPROACH_FROM_ABOVE,C02_ACTIVITY_MATCHED,6,66.67,9,15,NONPOC,6,66.67,RTH_MORNING,5atr,true
R02,APPROACH_FROM_ABOVE,C02_ACTIVITY_MATCHED,7,33.33,21,15,NONPOC,20,95.24,RTH_OPEN,5atr,true
R03,APPROACH_FROM_ABOVE,C02_ACTIVITY_MATCHED,18,50,36,15,NONPOC,26,72.22,ALL_SESSIONS,5atr,false
R03,APPROACH_FROM_ABOVE,C02_ACTIVITY_MATCHED,1,100,1,15,NONPOC,0,0,RTH_AFTERNOON,5atr,true
R03,APPROACH_FROM_ABOVE,C02_ACTIVITY_MATCHED,2,50,4,15,NONPOC,4,100,RTH_MIDDAY,5atr,true
R03,APPROACH_FROM_ABOVE,C02_ACTIVITY_MATCHED,2,66.67,3,15,NONPOC,3,100,RTH_MORNING,5atr,true
R03,APPROACH_FROM_ABOVE,C02_ACTIVITY_MATCHED,13,46.43,28,15,NONPOC,19,67.86,RTH_OPEN,5atr,true
R04,APPROACH_FROM_ABOVE,C02_ACTIVITY_MATCHED,12,52.17,23,15,NONPOC,18,78.26,ALL_SESSIONS,5atr,true
R04,APPROACH_FROM_ABOVE,C02_ACTIVITY_MATCHED,0,0,1,15,NONPOC,1,100,RTH_AFTERNOON,5atr,true
R04,APPROACH_FROM_ABOVE,C02_ACTIVITY_MATCHED,0,0,1,15,NONPOC,1,100,RTH_MIDDAY,5atr,true
R04,APPROACH_FROM_ABOVE,C02_ACTIVITY_MATCHED,1,33.33,3,15,NONPOC,3,100,RTH_MORNING,5atr,true
R04,APPROACH_FROM_ABOVE,C02_ACTIVITY_MATCHED,11,61.11,18,15,NONPOC,13,72.22,RTH_OPEN,5atr,true
R05,APPROACH_FROM_ABOVE,C02_ACTIVITY_MATCHED,16,66.67,24,15,NONPOC,15,62.5,ALL_SESSIONS,5atr,true
R05,APPROACH_FROM_ABOVE,C02_ACTIVITY_MATCHED,3,60,5,15,NONPOC,2,40,RTH_MIDDAY,5atr,true
R05,APPROACH_FROM_ABOVE,C02_ACTIVITY_MATCHED,13,68.42,19,15,NONPOC,13,68.42,RTH_MORNING,5atr,true
ALL_ANCHORS,APPROACH_FROM_BELOW,C02_ACTIVITY_MATCHED,51,46.79,109,15,NONPOC,85,77.98,ALL_SESSIONS,5atr,false
ALL_ANCHORS,APPROACH_FROM_BELOW,C02_ACTIVITY_MATCHED,6,37.5,16,15,NONPOC,11,68.75,ETH_EVENING,5atr,true
ALL_ANCHORS,APPROACH_FROM_BELOW,C02_ACTIVITY_MATCHED,3,33.33,9,15,NONPOC,4,44.44,ETH_OVERNIGHT,5atr,true
ALL_ANCHORS,APPROACH_FROM_BELOW,C02_ACTIVITY_MATCHED,5,71.43,7,15,NONPOC,6,85.71,RTH_AFTERNOON,5atr,true
ALL_ANCHORS,APPROACH_FROM_BELOW,C02_ACTIVITY_MATCHED,4,50,8,15,NONPOC,6,75,RTH_MIDDAY,5atr,true
ALL_ANCHORS,APPROACH_FROM_BELOW,C02_ACTIVITY_MATCHED,13,48.15,27,15,NONPOC,22,81.48,RTH_MORNING,5atr,true
ALL_ANCHORS,APPROACH_FROM_BELOW,C02_ACTIVITY_MATCHED,20,47.62,42,15,NONPOC,36,85.71,RTH_OPEN,5atr,false
R01,APPROACH_FROM_BELOW,C02_ACTIVITY_MATCHED,9,36,25,15,NONPOC,15,60,ALL_SESSIONS,5atr,true
R01,APPROACH_FROM_BELOW,C02_ACTIVITY_MATCHED,6,37.5,16,15,NONPOC,11,68.75,ETH_EVENING,5atr,true
R01,APPROACH_FROM_BELOW,C02_ACTIVITY_MATCHED,3,33.33,9,15,NONPOC,4,44.44,ETH_OVERNIGHT,5atr,true
R02,APPROACH_FROM_BELOW,C02_ACTIVITY_MATCHED,9,42.86,21,15,NONPOC,16,76.19,ALL_SESSIONS,5atr,true
R02,APPROACH_FROM_BELOW,C02_ACTIVITY_MATCHED,3,75,4,15,NONPOC,3,75,RTH_AFTERNOON,5atr,true
R02,APPROACH_FROM_BELOW,C02_ACTIVITY_MATCHED,1,50,2,15,NONPOC,2,100,RTH_MIDDAY,5atr,true
R02,APPROACH_FROM_BELOW,C02_ACTIVITY_MATCHED,0,0,1,15,NONPOC,1,100,RTH_MORNING,5atr,true
R02,APPROACH_FROM_BELOW,C02_ACTIVITY_MATCHED,5,35.71,14,15,NONPOC,10,71.43,RTH_OPEN,5atr,true
R03,APPROACH_FROM_BELOW,C02_ACTIVITY_MATCHED,17,50,34,15,NONPOC,30,88.24,ALL_SESSIONS,5atr,false
R03,APPROACH_FROM_BELOW,C02_ACTIVITY_MATCHED,1,50,2,15,NONPOC,2,100,RTH_AFTERNOON,5atr,true
R03,APPROACH_FROM_BELOW,C02_ACTIVITY_MATCHED,1,100,1,15,NONPOC,1,100,RTH_MIDDAY,5atr,true
R03,APPROACH_FROM_BELOW,C02_ACTIVITY_MATCHED,4,44.44,9,15,NONPOC,7,77.78,RTH_MORNING,5atr,true
R03,APPROACH_FROM_BELOW,C02_ACTIVITY_MATCHED,11,50,22,15,NONPOC,20,90.91,RTH_OPEN,5atr,true
R04,APPROACH_FROM_BELOW,C02_ACTIVITY_MATCHED,6,60,10,15,NONPOC,10,100,ALL_SESSIONS,5atr,true
R04,APPROACH_FROM_BELOW,C02_ACTIVITY_MATCHED,1,33.33,3,15,NONPOC,3,100,RTH_MIDDAY,5atr,true
R04,APPROACH_FROM_BELOW,C02_ACTIVITY_MATCHED,1,100,1,15,NONPOC,1,100,RTH_MORNING,5atr,true
R04,APPROACH_FROM_BELOW,C02_ACTIVITY_MATCHED,4,66.67,6,15,NONPOC,6,100,RTH_OPEN,5atr,true
R05,APPROACH_FROM_BELOW,C02_ACTIVITY_MATCHED,10,52.63,19,15,NONPOC,14,73.68,ALL_SESSIONS,5atr,true
R05,APPROACH_FROM_BELOW,C02_ACTIVITY_MATCHED,1,100,1,15,NONPOC,1,100,RTH_AFTERNOON,5atr,true
R05,APPROACH_FROM_BELOW,C02_ACTIVITY_MATCHED,1,50,2,15,NONPOC,0,0,RTH_MIDDAY,5atr,true
R05,APPROACH_FROM_BELOW,C02_ACTIVITY_MATCHED,8,50,16,15,NONPOC,13,81.25,RTH_MORNING,5atr,true
ALL_ANCHORS,APPROACH_FROM_ABOVE,TREATED,75,48.7,154,15,NONPOC,113,73.38,ALL_SESSIONS,5atr,false
ALL_ANCHORS,APPROACH_FROM_ABOVE,TREATED,9,47.37,19,15,NONPOC,12,63.16,ETH_EVENING,5atr,true
ALL_ANCHORS,APPROACH_FROM_ABOVE,TREATED,6,54.55,11,15,NONPOC,5,45.45,ETH_OVERNIGHT,5atr,true
ALL_ANCHORS,APPROACH_FROM_ABOVE,TREATED,3,50,6,15,NONPOC,3,50,RTH_AFTERNOON,5atr,true
ALL_ANCHORS,APPROACH_FROM_ABOVE,TREATED,9,47.37,19,15,NONPOC,12,63.16,RTH_MIDDAY,5atr,true
ALL_ANCHORS,APPROACH_FROM_ABOVE,TREATED,20,54.05,37,15,NONPOC,31,83.78,RTH_MORNING,5atr,false
ALL_ANCHORS,APPROACH_FROM_ABOVE,TREATED,28,45.16,62,15,NONPOC,50,80.65,RTH_OPEN,5atr,false
R01,APPROACH_FROM_ABOVE,TREATED,15,50,30,15,NONPOC,17,56.67,ALL_SESSIONS,5atr,false
R01,APPROACH_FROM_ABOVE,TREATED,9,47.37,19,15,NONPOC,12,63.16,ETH_EVENING,5atr,true
R01,APPROACH_FROM_ABOVE,TREATED,6,54.55,11,15,NONPOC,5,45.45,ETH_OVERNIGHT,5atr,true
R02,APPROACH_FROM_ABOVE,TREATED,24,55.81,43,15,NONPOC,34,79.07,ALL_SESSIONS,5atr,false
R02,APPROACH_FROM_ABOVE,TREATED,1,33.33,3,15,NONPOC,1,33.33,RTH_AFTERNOON,5atr,true
R02,APPROACH_FROM_ABOVE,TREATED,6,100,6,15,NONPOC,2,33.33,RTH_MIDDAY,5atr,true
R02,APPROACH_FROM_ABOVE,TREATED,4,50,8,15,NONPOC,7,87.5,RTH_MORNING,5atr,true
R02,APPROACH_FROM_ABOVE,TREATED,13,50,26,15,NONPOC,24,92.31,RTH_OPEN,5atr,true
R03,APPROACH_FROM_ABOVE,TREATED,15,41.67,36,15,NONPOC,28,77.78,ALL_SESSIONS,5atr,false
R03,APPROACH_FROM_ABOVE,TREATED,1,14.29,7,15,NONPOC,6,85.71,RTH_MIDDAY,5atr,true
R03,APPROACH_FROM_ABOVE,TREATED,3,50,6,15,NONPOC,6,100,RTH_MORNING,5atr,true
R03,APPROACH_FROM_ABOVE,TREATED,11,47.83,23,15,NONPOC,16,69.57,RTH_OPEN,5atr,true
R04,APPROACH_FROM_ABOVE,TREATED,6,31.58,19,15,NONPOC,16,84.21,ALL_SESSIONS,5atr,true
R04,APPROACH_FROM_ABOVE,TREATED,0,0,1,15,NONPOC,1,100,RTH_AFTERNOON,5atr,true
R04,APPROACH_FROM_ABOVE,TREATED,0,0,1,15,NONPOC,1,100,RTH_MIDDAY,5atr,true
R04,APPROACH_FROM_ABOVE,TREATED,2,50,4,15,NONPOC,4,100,RTH_MORNING,5atr,true
R04,APPROACH_FROM_ABOVE,TREATED,4,30.77,13,15,NONPOC,10,76.92,RTH_OPEN,5atr,true
R05,APPROACH_FROM_ABOVE,TREATED,15,57.69,26,15,NONPOC,18,69.23,ALL_SESSIONS,5atr,true
R05,APPROACH_FROM_ABOVE,TREATED,2,100,2,15,NONPOC,1,50,RTH_AFTERNOON,5atr,true
R05,APPROACH_FROM_ABOVE,TREATED,2,40,5,15,NONPOC,3,60,RTH_MIDDAY,5atr,true
R05,APPROACH_FROM_ABOVE,TREATED,11,57.89,19,15,NONPOC,14,73.68,RTH_MORNING,5atr,true
ALL_ANCHORS,APPROACH_FROM_BELOW,TREATED,53,44.92,118,15,NONPOC,92,77.97,ALL_SESSIONS,5atr,false
ALL_ANCHORS,APPROACH_FROM_BELOW,TREATED,7,43.75,16,15,NONPOC,11,68.75,ETH_EVENING,5atr,true
ALL_ANCHORS,APPROACH_FROM_BELOW,TREATED,6,60,10,15,NONPOC,5,50,ETH_OVERNIGHT,5atr,true
ALL_ANCHORS,APPROACH_FROM_BELOW,TREATED,2,40,5,15,NONPOC,3,60,RTH_AFTERNOON,5atr,true
ALL_ANCHORS,APPROACH_FROM_BELOW,TREATED,2,25,8,15,NONPOC,6,75,RTH_MIDDAY,5atr,true
ALL_ANCHORS,APPROACH_FROM_BELOW,TREATED,12,50,24,15,NONPOC,18,75,RTH_MORNING,5atr,true
ALL_ANCHORS,APPROACH_FROM_BELOW,TREATED,24,43.64,55,15,NONPOC,49,89.09,RTH_OPEN,5atr,false
R01,APPROACH_FROM_BELOW,TREATED,13,50,26,15,NONPOC,16,61.54,ALL_SESSIONS,5atr,true
R01,APPROACH_FROM_BELOW,TREATED,7,43.75,16,15,NONPOC,11,68.75,ETH_EVENING,5atr,true
R01,APPROACH_FROM_BELOW,TREATED,6,60,10,15,NONPOC,5,50,ETH_OVERNIGHT,5atr,true
R02,APPROACH_FROM_BELOW,TREATED,6,24,25,15,NONPOC,19,76,ALL_SESSIONS,5atr,true
R02,APPROACH_FROM_BELOW,TREATED,2,50,4,15,NONPOC,3,75,RTH_AFTERNOON,5atr,true
R02,APPROACH_FROM_BELOW,TREATED,0,0,1,15,NONPOC,1,100,RTH_MIDDAY,5atr,true
R02,APPROACH_FROM_BELOW,TREATED,0,0,2,15,NONPOC,2,100,RTH_MORNING,5atr,true
R02,APPROACH_FROM_BELOW,TREATED,4,22.22,18,15,NONPOC,13,72.22,RTH_OPEN,5atr,true
R03,APPROACH_FROM_BELOW,TREATED,19,50,38,15,NONPOC,37,97.37,ALL_SESSIONS,5atr,false
R03,APPROACH_FROM_BELOW,TREATED,0,0,2,15,NONPOC,2,100,RTH_MIDDAY,5atr,true
R03,APPROACH_FROM_BELOW,TREATED,3,50,6,15,NONPOC,6,100,RTH_MORNING,5atr,true
R03,APPROACH_FROM_BELOW,TREATED,16,53.33,30,15,NONPOC,29,96.67,RTH_OPEN,5atr,false
R04,APPROACH_FROM_BELOW,TREATED,4,36.36,11,15,NONPOC,10,90.91,ALL_SESSIONS,5atr,true
R04,APPROACH_FROM_BELOW,TREATED,0,0,1,15,NONPOC,0,0,RTH_AFTERNOON,5atr,true
R04,APPROACH_FROM_BELOW,TREATED,0,0,3,15,NONPOC,3,100,RTH_MIDDAY,5atr,true
R04,APPROACH_FROM_BELOW,TREATED,4,57.14,7,15,NONPOC,7,100,RTH_OPEN,5atr,true
R05,APPROACH_FROM_BELOW,TREATED,11,61.11,18,15,NONPOC,10,55.56,ALL_SESSIONS,5atr,true
R05,APPROACH_FROM_BELOW,TREATED,2,100,2,15,NONPOC,0,0,RTH_MIDDAY,5atr,true
R05,APPROACH_FROM_BELOW,TREATED,9,56.25,16,15,NONPOC,10,62.5,RTH_MORNING,5atr,true
ALL_ANCHORS,APPROACH_FROM_ABOVE,C01_NEUTRAL,186,55.86,333,15,POC,244,73.27,ALL_SESSIONS,5atr,false
ALL_ANCHORS,APPROACH_FROM_ABOVE,C01_NEUTRAL,22,52.38,42,15,POC,27,64.29,ETH_EVENING,5atr,false
ALL_ANCHORS,APPROACH_FROM_ABOVE,C01_NEUTRAL,11,50,22,15,POC,16,72.73,ETH_OVERNIGHT,5atr,true
ALL_ANCHORS,APPROACH_FROM_ABOVE,C01_NEUTRAL,4,44.44,9,15,POC,7,77.78,RTH_AFTERNOON,5atr,true
ALL_ANCHORS,APPROACH_FROM_ABOVE,C01_NEUTRAL,14,48.28,29,15,POC,26,89.66,RTH_MIDDAY,5atr,true
ALL_ANCHORS,APPROACH_FROM_ABOVE,C01_NEUTRAL,51,64.56,79,15,POC,52,65.82,RTH_MORNING,5atr,false
ALL_ANCHORS,APPROACH_FROM_ABOVE,C01_NEUTRAL,84,55.26,152,15,POC,116,76.32,RTH_OPEN,5atr,false
R01,APPROACH_FROM_ABOVE,C01_NEUTRAL,33,51.56,64,15,POC,43,67.19,ALL_SESSIONS,5atr,false
R01,APPROACH_FROM_ABOVE,C01_NEUTRAL,22,52.38,42,15,POC,27,64.29,ETH_EVENING,5atr,false
R01,APPROACH_FROM_ABOVE,C01_NEUTRAL,11,50,22,15,POC,16,72.73,ETH_OVERNIGHT,5atr,true
R02,APPROACH_FROM_ABOVE,C01_NEUTRAL,44,62.86,70,15,POC,43,61.43,ALL_SESSIONS,5atr,false
R02,APPROACH_FROM_ABOVE,C01_NEUTRAL,3,75,4,15,POC,2,50,RTH_AFTERNOON,5atr,true
R02,APPROACH_FROM_ABOVE,C01_NEUTRAL,3,33.33,9,15,POC,8,88.89,RTH_MIDDAY,5atr,true
R02,APPROACH_FROM_ABOVE,C01_NEUTRAL,6,60,10,15,POC,6,60,RTH_MORNING,5atr,true
R02,APPROACH_FROM_ABOVE,C01_NEUTRAL,32,68.09,47,15,POC,27,57.45,RTH_OPEN,5atr,false
R03,APPROACH_FROM_ABOVE,C01_NEUTRAL,37,55.22,67,15,POC,53,79.1,ALL_SESSIONS,5atr,false
R03,APPROACH_FROM_ABOVE,C01_NEUTRAL,0,0,2,15,POC,2,100,RTH_AFTERNOON,5atr,true
R03,APPROACH_FROM_ABOVE,C01_NEUTRAL,4,66.67,6,15,POC,6,100,RTH_MIDDAY,5atr,true
R03,APPROACH_FROM_ABOVE,C01_NEUTRAL,4,80,5,15,POC,2,40,RTH_MORNING,5atr,true
R03,APPROACH_FROM_ABOVE,C01_NEUTRAL,29,53.7,54,15,POC,43,79.63,RTH_OPEN,5atr,false
R04,APPROACH_FROM_ABOVE,C01_NEUTRAL,29,45.31,64,15,POC,57,89.06,ALL_SESSIONS,5atr,false
R04,APPROACH_FROM_ABOVE,C01_NEUTRAL,0,0,1,15,POC,1,100,RTH_AFTERNOON,5atr,true
R04,APPROACH_FROM_ABOVE,C01_NEUTRAL,2,40,5,15,POC,5,100,RTH_MIDDAY,5atr,true
R04,APPROACH_FROM_ABOVE,C01_NEUTRAL,4,57.14,7,15,POC,5,71.43,RTH_MORNING,5atr,true
R04,APPROACH_FROM_ABOVE,C01_NEUTRAL,23,45.1,51,15,POC,46,90.2,RTH_OPEN,5atr,false
R05,APPROACH_FROM_ABOVE,C01_NEUTRAL,43,63.24,68,15,POC,48,70.59,ALL_SESSIONS,5atr,false
R05,APPROACH_FROM_ABOVE,C01_NEUTRAL,1,50,2,15,POC,2,100,RTH_AFTERNOON,5atr,true
R05,APPROACH_FROM_ABOVE,C01_NEUTRAL,5,55.56,9,15,POC,7,77.78,RTH_MIDDAY,5atr,true
R05,APPROACH_FROM_ABOVE,C01_NEUTRAL,37,64.91,57,15,POC,39,68.42,RTH_MORNING,5atr,false
ALL_ANCHORS,APPROACH_FROM_BELOW,C01_NEUTRAL,106,49.07,216,15,POC,159,73.61,ALL_SESSIONS,5atr,false
ALL_ANCHORS,APPROACH_FROM_BELOW,C01_NEUTRAL,17,47.22,36,15,POC,24,66.67,ETH_EVENING,5atr,false
ALL_ANCHORS,APPROACH_FROM_BELOW,C01_NEUTRAL,7,43.75,16,15,POC,12,75,ETH_OVERNIGHT,5atr,true
ALL_ANCHORS,APPROACH_FROM_BELOW,C01_NEUTRAL,4,44.44,9,15,POC,6,66.67,RTH_AFTERNOON,5atr,true
ALL_ANCHORS,APPROACH_FROM_BELOW,C01_NEUTRAL,6,60,10,15,POC,6,60,RTH_MIDDAY,5atr,true
ALL_ANCHORS,APPROACH_FROM_BELOW,C01_NEUTRAL,25,55.56,45,15,POC,31,68.89,RTH_MORNING,5atr,false
ALL_ANCHORS,APPROACH_FROM_BELOW,C01_NEUTRAL,47,47,100,15,POC,80,80,RTH_OPEN,5atr,false
R01,APPROACH_FROM_BELOW,C01_NEUTRAL,24,46.15,52,15,POC,36,69.23,ALL_SESSIONS,5atr,false
R01,APPROACH_FROM_BELOW,C01_NEUTRAL,17,47.22,36,15,POC,24,66.67,ETH_EVENING,5atr,false
R01,APPROACH_FROM_BELOW,C01_NEUTRAL,7,43.75,16,15,POC,12,75,ETH_OVERNIGHT,5atr,true
R02,APPROACH_FROM_BELOW,C01_NEUTRAL,22,59.46,37,15,POC,23,62.16,ALL_SESSIONS,5atr,false
R02,APPROACH_FROM_BELOW,C01_NEUTRAL,1,50,2,15,POC,1,50,RTH_AFTERNOON,5atr,true
R02,APPROACH_FROM_BELOW,C01_NEUTRAL,5,71.43,7,15,POC,4,57.14,RTH_MORNING,5atr,true
R02,APPROACH_FROM_BELOW,C01_NEUTRAL,16,57.14,28,15,POC,18,64.29,RTH_OPEN,5atr,true
R03,APPROACH_FROM_BELOW,C01_NEUTRAL,19,44.19,43,15,POC,37,86.05,ALL_SESSIONS,5atr,false
R03,APPROACH_FROM_BELOW,C01_NEUTRAL,1,33.33,3,15,POC,2,66.67,RTH_AFTERNOON,5atr,true
R03,APPROACH_FROM_BELOW,C01_NEUTRAL,1,50,2,15,POC,2,100,RTH_MIDDAY,5atr,true
R03,APPROACH_FROM_BELOW,C01_NEUTRAL,1,50,2,15,POC,2,100,RTH_MORNING,5atr,true
R03,APPROACH_FROM_BELOW,C01_NEUTRAL,16,44.44,36,15,POC,31,86.11,RTH_OPEN,5atr,false
R04,APPROACH_FROM_BELOW,C01_NEUTRAL,20,48.78,41,15,POC,35,85.37,ALL_SESSIONS,5atr,false
R04,APPROACH_FROM_BELOW,C01_NEUTRAL,1,100,1,15,POC,0,0,RTH_AFTERNOON,5atr,true
R04,APPROACH_FROM_BELOW,C01_NEUTRAL,2,100,2,15,POC,2,100,RTH_MIDDAY,5atr,true
R04,APPROACH_FROM_BELOW,C01_NEUTRAL,2,100,2,15,POC,2,100,RTH_MORNING,5atr,true
R04,APPROACH_FROM_BELOW,C01_NEUTRAL,15,41.67,36,15,POC,31,86.11,RTH_OPEN,5atr,false
R05,APPROACH_FROM_BELOW,C01_NEUTRAL,21,48.84,43,15,POC,28,65.12,ALL_SESSIONS,5atr,false
R05,APPROACH_FROM_BELOW,C01_NEUTRAL,1,33.33,3,15,POC,3,100,RTH_AFTERNOON,5atr,true
R05,APPROACH_FROM_BELOW,C01_NEUTRAL,3,50,6,15,POC,2,33.33,RTH_MIDDAY,5atr,true
R05,APPROACH_FROM_BELOW,C01_NEUTRAL,17,50,34,15,POC,23,67.65,RTH_MORNING,5atr,false
ALL_ANCHORS,APPROACH_FROM_ABOVE,C02_ACTIVITY_MATCHED,112,50.45,222,15,POC,165,74.32,ALL_SESSIONS,5atr,false
ALL_ANCHORS,APPROACH_FROM_ABOVE,C02_ACTIVITY_MATCHED,11,47.83,23,15,POC,17,73.91,ETH_EVENING,5atr,true
ALL_ANCHORS,APPROACH_FROM_ABOVE,C02_ACTIVITY_MATCHED,11,57.89,19,15,POC,11,57.89,ETH_OVERNIGHT,5atr,true
ALL_ANCHORS,APPROACH_FROM_ABOVE,C02_ACTIVITY_MATCHED,4,50,8,15,POC,5,62.5,RTH_AFTERNOON,5atr,true
ALL_ANCHORS,APPROACH_FROM_ABOVE,C02_ACTIVITY_MATCHED,5,31.25,16,15,POC,12,75,RTH_MIDDAY,5atr,true
ALL_ANCHORS,APPROACH_FROM_ABOVE,C02_ACTIVITY_MATCHED,33,58.93,56,15,POC,40,71.43,RTH_MORNING,5atr,false
ALL_ANCHORS,APPROACH_FROM_ABOVE,C02_ACTIVITY_MATCHED,48,48,100,15,POC,80,80,RTH_OPEN,5atr,false
R01,APPROACH_FROM_ABOVE,C02_ACTIVITY_MATCHED,22,52.38,42,15,POC,28,66.67,ALL_SESSIONS,5atr,false
R01,APPROACH_FROM_ABOVE,C02_ACTIVITY_MATCHED,11,47.83,23,15,POC,17,73.91,ETH_EVENING,5atr,true
R01,APPROACH_FROM_ABOVE,C02_ACTIVITY_MATCHED,11,57.89,19,15,POC,11,57.89,ETH_OVERNIGHT,5atr,true
R02,APPROACH_FROM_ABOVE,C02_ACTIVITY_MATCHED,29,55.77,52,15,POC,33,63.46,ALL_SESSIONS,5atr,false
R02,APPROACH_FROM_ABOVE,C02_ACTIVITY_MATCHED,2,40,5,15,POC,3,60,RTH_AFTERNOON,5atr,true
R02,APPROACH_FROM_ABOVE,C02_ACTIVITY_MATCHED,2,33.33,6,15,POC,3,50,RTH_MIDDAY,5atr,true
R02,APPROACH_FROM_ABOVE,C02_ACTIVITY_MATCHED,5,83.33,6,15,POC,4,66.67,RTH_MORNING,5atr,true
R02,APPROACH_FROM_ABOVE,C02_ACTIVITY_MATCHED,20,57.14,35,15,POC,23,65.71,RTH_OPEN,5atr,false
R03,APPROACH_FROM_ABOVE,C02_ACTIVITY_MATCHED,15,39.47,38,15,POC,32,84.21,ALL_SESSIONS,5atr,false
R03,APPROACH_FROM_ABOVE,C02_ACTIVITY_MATCHED,0,0,1,15,POC,1,100,RTH_AFTERNOON,5atr,true
R03,APPROACH_FROM_ABOVE,C02_ACTIVITY_MATCHED,0,0,2,15,POC,2,100,RTH_MIDDAY,5atr,true
R03,APPROACH_FROM_ABOVE,C02_ACTIVITY_MATCHED,3,60,5,15,POC,2,40,RTH_MORNING,5atr,true
R03,APPROACH_FROM_ABOVE,C02_ACTIVITY_MATCHED,12,40,30,15,POC,27,90,RTH_OPEN,5atr,false
R04,APPROACH_FROM_ABOVE,C02_ACTIVITY_MATCHED,23,52.27,44,15,POC,37,84.09,ALL_SESSIONS,5atr,false
R04,APPROACH_FROM_ABOVE,C02_ACTIVITY_MATCHED,1,100,1,15,POC,1,100,RTH_AFTERNOON,5atr,true
R04,APPROACH_FROM_ABOVE,C02_ACTIVITY_MATCHED,1,100,1,15,POC,1,100,RTH_MIDDAY,5atr,true
R04,APPROACH_FROM_ABOVE,C02_ACTIVITY_MATCHED,5,71.43,7,15,POC,5,71.43,RTH_MORNING,5atr,true
R04,APPROACH_FROM_ABOVE,C02_ACTIVITY_MATCHED,16,45.71,35,15,POC,30,85.71,RTH_OPEN,5atr,false
R05,APPROACH_FROM_ABOVE,C02_ACTIVITY_MATCHED,23,50,46,15,POC,35,76.09,ALL_SESSIONS,5atr,false
R05,APPROACH_FROM_ABOVE,C02_ACTIVITY_MATCHED,1,100,1,15,POC,0,0,RTH_AFTERNOON,5atr,true
R05,APPROACH_FROM_ABOVE,C02_ACTIVITY_MATCHED,2,28.57,7,15,POC,6,85.71,RTH_MIDDAY,5atr,true
R05,APPROACH_FROM_ABOVE,C02_ACTIVITY_MATCHED,20,52.63,38,15,POC,29,76.32,RTH_MORNING,5atr,false
ALL_ANCHORS,APPROACH_FROM_BELOW,C02_ACTIVITY_MATCHED,80,51.28,156,15,POC,114,73.08,ALL_SESSIONS,5atr,false
ALL_ANCHORS,APPROACH_FROM_BELOW,C02_ACTIVITY_MATCHED,12,50,24,15,POC,15,62.5,ETH_EVENING,5atr,true
ALL_ANCHORS,APPROACH_FROM_BELOW,C02_ACTIVITY_MATCHED,8,61.54,13,15,POC,8,61.54,ETH_OVERNIGHT,5atr,true
ALL_ANCHORS,APPROACH_FROM_BELOW,C02_ACTIVITY_MATCHED,2,25,8,15,POC,6,75,RTH_AFTERNOON,5atr,true
ALL_ANCHORS,APPROACH_FROM_BELOW,C02_ACTIVITY_MATCHED,5,62.5,8,15,POC,6,75,RTH_MIDDAY,5atr,true
ALL_ANCHORS,APPROACH_FROM_BELOW,C02_ACTIVITY_MATCHED,19,50,38,15,POC,22,57.89,RTH_MORNING,5atr,false
ALL_ANCHORS,APPROACH_FROM_BELOW,C02_ACTIVITY_MATCHED,34,52.31,65,15,POC,57,87.69,RTH_OPEN,5atr,false
R01,APPROACH_FROM_BELOW,C02_ACTIVITY_MATCHED,20,54.05,37,15,POC,23,62.16,ALL_SESSIONS,5atr,false
R01,APPROACH_FROM_BELOW,C02_ACTIVITY_MATCHED,12,50,24,15,POC,15,62.5,ETH_EVENING,5atr,true
R01,APPROACH_FROM_BELOW,C02_ACTIVITY_MATCHED,8,61.54,13,15,POC,8,61.54,ETH_OVERNIGHT,5atr,true
R02,APPROACH_FROM_BELOW,C02_ACTIVITY_MATCHED,15,60,25,15,POC,16,64,ALL_SESSIONS,5atr,true
R02,APPROACH_FROM_BELOW,C02_ACTIVITY_MATCHED,0,0,2,15,POC,2,100,RTH_AFTERNOON,5atr,true
R02,APPROACH_FROM_BELOW,C02_ACTIVITY_MATCHED,4,66.67,6,15,POC,3,50,RTH_MORNING,5atr,true
R02,APPROACH_FROM_BELOW,C02_ACTIVITY_MATCHED,11,64.71,17,15,POC,11,64.71,RTH_OPEN,5atr,true
R03,APPROACH_FROM_BELOW,C02_ACTIVITY_MATCHED,14,51.85,27,15,POC,26,96.3,ALL_SESSIONS,5atr,true
R03,APPROACH_FROM_BELOW,C02_ACTIVITY_MATCHED,1,50,2,15,POC,2,100,RTH_AFTERNOON,5atr,true
R03,APPROACH_FROM_BELOW,C02_ACTIVITY_MATCHED,2,66.67,3,15,POC,3,100,RTH_MIDDAY,5atr,true
R03,APPROACH_FROM_BELOW,C02_ACTIVITY_MATCHED,1,50,2,15,POC,1,50,RTH_MORNING,5atr,true
R03,APPROACH_FROM_BELOW,C02_ACTIVITY_MATCHED,10,50,20,15,POC,20,100,RTH_OPEN,5atr,true
R04,APPROACH_FROM_BELOW,C02_ACTIVITY_MATCHED,14,46.67,30,15,POC,28,93.33,ALL_SESSIONS,5atr,false
R04,APPROACH_FROM_BELOW,C02_ACTIVITY_MATCHED,0,0,1,15,POC,1,100,RTH_AFTERNOON,5atr,true
R04,APPROACH_FROM_BELOW,C02_ACTIVITY_MATCHED,1,100,1,15,POC,1,100,RTH_MIDDAY,5atr,true
R04,APPROACH_FROM_BELOW,C02_ACTIVITY_MATCHED,13,46.43,28,15,POC,26,92.86,RTH_OPEN,5atr,true
R05,APPROACH_FROM_BELOW,C02_ACTIVITY_MATCHED,17,45.95,37,15,POC,21,56.76,ALL_SESSIONS,5atr,false
R05,APPROACH_FROM_BELOW,C02_ACTIVITY_MATCHED,1,33.33,3,15,POC,1,33.33,RTH_AFTERNOON,5atr,true
R05,APPROACH_FROM_BELOW,C02_ACTIVITY_MATCHED,2,50,4,15,POC,2,50,RTH_MIDDAY,5atr,true
R05,APPROACH_FROM_BELOW,C02_ACTIVITY_MATCHED,14,46.67,30,15,POC,18,60,RTH_MORNING,5atr,false
ALL_ANCHORS,APPROACH_FROM_ABOVE,TREATED,159,53,300,15,POC,219,73,ALL_SESSIONS,5atr,false
ALL_ANCHORS,APPROACH_FROM_ABOVE,TREATED,16,47.06,34,15,POC,22,64.71,ETH_EVENING,5atr,false
ALL_ANCHORS,APPROACH_FROM_ABOVE,TREATED,13,50,26,15,POC,15,57.69,ETH_OVERNIGHT,5atr,true
ALL_ANCHORS,APPROACH_FROM_ABOVE,TREATED,4,40,10,15,POC,7,70,RTH_AFTERNOON,5atr,true
ALL_ANCHORS,APPROACH_FROM_ABOVE,TREATED,19,63.33,30,15,POC,24,80,RTH_MIDDAY,5atr,false
ALL_ANCHORS,APPROACH_FROM_ABOVE,TREATED,44,66.67,66,15,POC,44,66.67,RTH_MORNING,5atr,false
ALL_ANCHORS,APPROACH_FROM_ABOVE,TREATED,63,47.01,134,15,POC,107,79.85,RTH_OPEN,5atr,false
R01,APPROACH_FROM_ABOVE,TREATED,29,48.33,60,15,POC,37,61.67,ALL_SESSIONS,5atr,false
R01,APPROACH_FROM_ABOVE,TREATED,16,47.06,34,15,POC,22,64.71,ETH_EVENING,5atr,false
R01,APPROACH_FROM_ABOVE,TREATED,13,50,26,15,POC,15,57.69,ETH_OVERNIGHT,5atr,true
R02,APPROACH_FROM_ABOVE,TREATED,42,60,70,15,POC,42,60,ALL_SESSIONS,5atr,false
R02,APPROACH_FROM_ABOVE,TREATED,4,80,5,15,POC,2,40,RTH_AFTERNOON,5atr,true
R02,APPROACH_FROM_ABOVE,TREATED,4,50,8,15,POC,7,87.5,RTH_MIDDAY,5atr,true
R02,APPROACH_FROM_ABOVE,TREATED,8,72.73,11,15,POC,7,63.64,RTH_MORNING,5atr,true
R02,APPROACH_FROM_ABOVE,TREATED,26,56.52,46,15,POC,26,56.52,RTH_OPEN,5atr,false
R03,APPROACH_FROM_ABOVE,TREATED,31,51.67,60,15,POC,50,83.33,ALL_SESSIONS,5atr,false
R03,APPROACH_FROM_ABOVE,TREATED,0,0,2,15,POC,2,100,RTH_AFTERNOON,5atr,true
R03,APPROACH_FROM_ABOVE,TREATED,5,71.43,7,15,POC,6,85.71,RTH_MIDDAY,5atr,true
R03,APPROACH_FROM_ABOVE,TREATED,4,100,4,15,POC,1,25,RTH_MORNING,5atr,true
R03,APPROACH_FROM_ABOVE,TREATED,22,46.81,47,15,POC,41,87.23,RTH_OPEN,5atr,false
R04,APPROACH_FROM_ABOVE,TREATED,24,46.15,52,15,POC,49,94.23,ALL_SESSIONS,5atr,false
R04,APPROACH_FROM_ABOVE,TREATED,0,0,1,15,POC,1,100,RTH_AFTERNOON,5atr,true
R04,APPROACH_FROM_ABOVE,TREATED,4,100,4,15,POC,4,100,RTH_MIDDAY,5atr,true
R04,APPROACH_FROM_ABOVE,TREATED,5,83.33,6,15,POC,4,66.67,RTH_MORNING,5atr,true
R04,APPROACH_FROM_ABOVE,TREATED,15,36.59,41,15,POC,40,97.56,RTH_OPEN,5atr,false
R05,APPROACH_FROM_ABOVE,TREATED,33,56.9,58,15,POC,41,70.69,ALL_SESSIONS,5atr,false
R05,APPROACH_FROM_ABOVE,TREATED,0,0,2,15,POC,2,100,RTH_AFTERNOON,5atr,true
R05,APPROACH_FROM_ABOVE,TREATED,6,54.55,11,15,POC,7,63.64,RTH_MIDDAY,5atr,true
R05,APPROACH_FROM_ABOVE,TREATED,27,60,45,15,POC,32,71.11,RTH_MORNING,5atr,false
ALL_ANCHORS,APPROACH_FROM_BELOW,TREATED,108,48,225,15,POC,166,73.78,ALL_SESSIONS,5atr,false
ALL_ANCHORS,APPROACH_FROM_BELOW,TREATED,19,52.78,36,15,POC,23,63.89,ETH_EVENING,5atr,false
ALL_ANCHORS,APPROACH_FROM_BELOW,TREATED,8,42.11,19,15,POC,12,63.16,ETH_OVERNIGHT,5atr,true
ALL_ANCHORS,APPROACH_FROM_BELOW,TREATED,4,44.44,9,15,POC,7,77.78,RTH_AFTERNOON,5atr,true
ALL_ANCHORS,APPROACH_FROM_BELOW,TREATED,7,70,10,15,POC,6,60,RTH_MIDDAY,5atr,true
ALL_ANCHORS,APPROACH_FROM_BELOW,TREATED,22,48.89,45,15,POC,28,62.22,RTH_MORNING,5atr,false
ALL_ANCHORS,APPROACH_FROM_BELOW,TREATED,48,45.28,106,15,POC,90,84.91,RTH_OPEN,5atr,false
R01,APPROACH_FROM_BELOW,TREATED,27,49.09,55,15,POC,35,63.64,ALL_SESSIONS,5atr,false
R01,APPROACH_FROM_BELOW,TREATED,19,52.78,36,15,POC,23,63.89,ETH_EVENING,5atr,false
R01,APPROACH_FROM_BELOW,TREATED,8,42.11,19,15,POC,12,63.16,ETH_OVERNIGHT,5atr,true
R02,APPROACH_FROM_BELOW,TREATED,18,45,40,15,POC,27,67.5,ALL_SESSIONS,5atr,false
R02,APPROACH_FROM_BELOW,TREATED,1,33.33,3,15,POC,2,66.67,RTH_AFTERNOON,5atr,true
R02,APPROACH_FROM_BELOW,TREATED,5,62.5,8,15,POC,4,50,RTH_MORNING,5atr,true
R02,APPROACH_FROM_BELOW,TREATED,12,41.38,29,15,POC,21,72.41,RTH_OPEN,5atr,true
R03,APPROACH_FROM_BELOW,TREATED,17,40.48,42,15,POC,38,90.48,ALL_SESSIONS,5atr,false
R03,APPROACH_FROM_BELOW,TREATED,1,50,2,15,POC,2,100,RTH_AFTERNOON,5atr,true
R03,APPROACH_FROM_BELOW,TREATED,1,50,2,15,POC,2,100,RTH_MIDDAY,5atr,true
R03,APPROACH_FROM_BELOW,TREATED,1,50,2,15,POC,1,50,RTH_MORNING,5atr,true
R03,APPROACH_FROM_BELOW,TREATED,14,38.89,36,15,POC,33,91.67,RTH_OPEN,5atr,false
R04,APPROACH_FROM_BELOW,TREATED,26,56.52,46,15,POC,41,89.13,ALL_SESSIONS,5atr,false
R04,APPROACH_FROM_BELOW,TREATED,1,100,1,15,POC,1,100,RTH_AFTERNOON,5atr,true
R04,APPROACH_FROM_BELOW,TREATED,1,50,2,15,POC,2,100,RTH_MIDDAY,5atr,true
R04,APPROACH_FROM_BELOW,TREATED,2,100,2,15,POC,2,100,RTH_MORNING,5atr,true
R04,APPROACH_FROM_BELOW,TREATED,22,53.66,41,15,POC,36,87.8,RTH_OPEN,5atr,false
R05,APPROACH_FROM_BELOW,TREATED,20,47.62,42,15,POC,25,59.52,ALL_SESSIONS,5atr,false
R05,APPROACH_FROM_BELOW,TREATED,1,33.33,3,15,POC,2,66.67,RTH_AFTERNOON,5atr,true
R05,APPROACH_FROM_BELOW,TREATED,5,83.33,6,15,POC,2,33.33,RTH_MIDDAY,5atr,true
R05,APPROACH_FROM_BELOW,TREATED,14,42.42,33,15,POC,21,63.64,RTH_MORNING,5atr,false
ALL_ANCHORS,APPROACH_FROM_ABOVE,C01_NEUTRAL,72,44.17,163,30,NONPOC,128,78.53,ALL_SESSIONS,5atr,false
ALL_ANCHORS,APPROACH_FROM_ABOVE,C01_NEUTRAL,8,47.06,17,30,NONPOC,14,82.35,ETH_EVENING,5atr,true
ALL_ANCHORS,APPROACH_FROM_ABOVE,C01_NEUTRAL,5,41.67,12,30,NONPOC,8,66.67,ETH_OVERNIGHT,5atr,true
ALL_ANCHORS,APPROACH_FROM_ABOVE,C01_NEUTRAL,3,50,6,30,NONPOC,3,50,RTH_AFTERNOON,5atr,true
ALL_ANCHORS,APPROACH_FROM_ABOVE,C01_NEUTRAL,13,72.22,18,30,NONPOC,11,61.11,RTH_MIDDAY,5atr,true
ALL_ANCHORS,APPROACH_FROM_ABOVE,C01_NEUTRAL,16,37.21,43,30,NONPOC,37,86.05,RTH_MORNING,5atr,false
ALL_ANCHORS,APPROACH_FROM_ABOVE,C01_NEUTRAL,27,40.3,67,30,NONPOC,55,82.09,RTH_OPEN,5atr,false
R01,APPROACH_FROM_ABOVE,C01_NEUTRAL,13,44.83,29,30,NONPOC,22,75.86,ALL_SESSIONS,5atr,true
R01,APPROACH_FROM_ABOVE,C01_NEUTRAL,8,47.06,17,30,NONPOC,14,82.35,ETH_EVENING,5atr,true
R01,APPROACH_FROM_ABOVE,C01_NEUTRAL,5,41.67,12,30,NONPOC,8,66.67,ETH_OVERNIGHT,5atr,true
R02,APPROACH_FROM_ABOVE,C01_NEUTRAL,19,46.34,41,30,NONPOC,33,80.49,ALL_SESSIONS,5atr,false
R02,APPROACH_FROM_ABOVE,C01_NEUTRAL,2,66.67,3,30,NONPOC,1,33.33,RTH_AFTERNOON,5atr,true
R02,APPROACH_FROM_ABOVE,C01_NEUTRAL,5,83.33,6,30,NONPOC,4,66.67,RTH_MIDDAY,5atr,true
R02,APPROACH_FROM_ABOVE,C01_NEUTRAL,5,62.5,8,30,NONPOC,6,75,RTH_MORNING,5atr,true
R02,APPROACH_FROM_ABOVE,C01_NEUTRAL,7,29.17,24,30,NONPOC,22,91.67,RTH_OPEN,5atr,true
R03,APPROACH_FROM_ABOVE,C01_NEUTRAL,21,51.22,41,30,NONPOC,31,75.61,ALL_SESSIONS,5atr,false
R03,APPROACH_FROM_ABOVE,C01_NEUTRAL,4,66.67,6,30,NONPOC,4,66.67,RTH_MIDDAY,5atr,true
R03,APPROACH_FROM_ABOVE,C01_NEUTRAL,2,33.33,6,30,NONPOC,6,100,RTH_MORNING,5atr,true
R03,APPROACH_FROM_ABOVE,C01_NEUTRAL,15,51.72,29,30,NONPOC,21,72.41,RTH_OPEN,5atr,true
R04,APPROACH_FROM_ABOVE,C01_NEUTRAL,8,40,20,30,NONPOC,18,90,ALL_SESSIONS,5atr,true
R04,APPROACH_FROM_ABOVE,C01_NEUTRAL,0,0,1,30,NONPOC,1,100,RTH_AFTERNOON,5atr,true
R04,APPROACH_FROM_ABOVE,C01_NEUTRAL,1,100,1,30,NONPOC,1,100,RTH_MIDDAY,5atr,true
R04,APPROACH_FROM_ABOVE,C01_NEUTRAL,2,50,4,30,NONPOC,4,100,RTH_MORNING,5atr,true
R04,APPROACH_FROM_ABOVE,C01_NEUTRAL,5,35.71,14,30,NONPOC,12,85.71,RTH_OPEN,5atr,true
R05,APPROACH_FROM_ABOVE,C01_NEUTRAL,11,34.38,32,30,NONPOC,24,75,ALL_SESSIONS,5atr,false
R05,APPROACH_FROM_ABOVE,C01_NEUTRAL,1,50,2,30,NONPOC,1,50,RTH_AFTERNOON,5atr,true
R05,APPROACH_FROM_ABOVE,C01_NEUTRAL,3,60,5,30,NONPOC,2,40,RTH_MIDDAY,5atr,true
R05,APPROACH_FROM_ABOVE,C01_NEUTRAL,7,28,25,30,NONPOC,21,84,RTH_MORNING,5atr,true
ALL_ANCHORS,APPROACH_FROM_BELOW,C01_NEUTRAL,61,49.59,123,30,NONPOC,96,78.05,ALL_SESSIONS,5atr,false
ALL_ANCHORS,APPROACH_FROM_BELOW,C01_NEUTRAL,10,66.67,15,30,NONPOC,11,73.33,ETH_EVENING,5atr,true
ALL_ANCHORS,APPROACH_FROM_BELOW,C01_NEUTRAL,4,40,10,30,NONPOC,3,30,ETH_OVERNIGHT,5atr,true
ALL_ANCHORS,APPROACH_FROM_BELOW,C01_NEUTRAL,3,37.5,8,30,NONPOC,6,75,RTH_AFTERNOON,5atr,true
ALL_ANCHORS,APPROACH_FROM_BELOW,C01_NEUTRAL,0,0,7,30,NONPOC,7,100,RTH_MIDDAY,5atr,true
ALL_ANCHORS,APPROACH_FROM_BELOW,C01_NEUTRAL,18,62.07,29,30,NONPOC,21,72.41,RTH_MORNING,5atr,true
ALL_ANCHORS,APPROACH_FROM_BELOW,C01_NEUTRAL,26,48.15,54,30,NONPOC,48,88.89,RTH_OPEN,5atr,false
R01,APPROACH_FROM_BELOW,C01_NEUTRAL,14,56,25,30,NONPOC,14,56,ALL_SESSIONS,5atr,true
R01,APPROACH_FROM_BELOW,C01_NEUTRAL,10,66.67,15,30,NONPOC,11,73.33,ETH_EVENING,5atr,true
R01,APPROACH_FROM_BELOW,C01_NEUTRAL,4,40,10,30,NONPOC,3,30,ETH_OVERNIGHT,5atr,true
R02,APPROACH_FROM_BELOW,C01_NEUTRAL,9,36,25,30,NONPOC,21,84,ALL_SESSIONS,5atr,true
R02,APPROACH_FROM_BELOW,C01_NEUTRAL,2,33.33,6,30,NONPOC,5,83.33,RTH_AFTERNOON,5atr,true
R02,APPROACH_FROM_BELOW,C01_NEUTRAL,0,0,1,30,NONPOC,1,100,RTH_MIDDAY,5atr,true
R02,APPROACH_FROM_BELOW,C01_NEUTRAL,0,0,2,30,NONPOC,2,100,RTH_MORNING,5atr,true
R02,APPROACH_FROM_BELOW,C01_NEUTRAL,7,43.75,16,30,NONPOC,13,81.25,RTH_OPEN,5atr,true
R03,APPROACH_FROM_BELOW,C01_NEUTRAL,17,44.74,38,30,NONPOC,35,92.11,ALL_SESSIONS,5atr,false
R03,APPROACH_FROM_BELOW,C01_NEUTRAL,0,0,2,30,NONPOC,2,100,RTH_MIDDAY,5atr,true
R03,APPROACH_FROM_BELOW,C01_NEUTRAL,4,57.14,7,30,NONPOC,6,85.71,RTH_MORNING,5atr,true
R03,APPROACH_FROM_BELOW,C01_NEUTRAL,13,44.83,29,30,NONPOC,27,93.1,RTH_OPEN,5atr,true
R04,APPROACH_FROM_BELOW,C01_NEUTRAL,7,58.33,12,30,NONPOC,10,83.33,ALL_SESSIONS,5atr,true
R04,APPROACH_FROM_BELOW,C01_NEUTRAL,1,100,1,30,NONPOC,0,0,RTH_AFTERNOON,5atr,true
R04,APPROACH_FROM_BELOW,C01_NEUTRAL,0,0,2,30,NONPOC,2,100,RTH_MIDDAY,5atr,true
R04,APPROACH_FROM_BELOW,C01_NEUTRAL,6,66.67,9,30,NONPOC,8,88.89,RTH_OPEN,5atr,true
R05,APPROACH_FROM_BELOW,C01_NEUTRAL,14,60.87,23,30,NONPOC,16,69.57,ALL_SESSIONS,5atr,true
R05,APPROACH_FROM_BELOW,C01_NEUTRAL,0,0,1,30,NONPOC,1,100,RTH_AFTERNOON,5atr,true
R05,APPROACH_FROM_BELOW,C01_NEUTRAL,0,0,2,30,NONPOC,2,100,RTH_MIDDAY,5atr,true
R05,APPROACH_FROM_BELOW,C01_NEUTRAL,14,70,20,30,NONPOC,13,65,RTH_MORNING,5atr,true
ALL_ANCHORS,APPROACH_FROM_ABOVE,C02_ACTIVITY_MATCHED,80,54.42,147,30,NONPOC,106,72.11,ALL_SESSIONS,5atr,false
ALL_ANCHORS,APPROACH_FROM_ABOVE,C02_ACTIVITY_MATCHED,9,69.23,13,30,NONPOC,11,84.62,ETH_EVENING,5atr,true
ALL_ANCHORS,APPROACH_FROM_ABOVE,C02_ACTIVITY_MATCHED,10,71.43,14,30,NONPOC,6,42.86,ETH_OVERNIGHT,5atr,true
ALL_ANCHORS,APPROACH_FROM_ABOVE,C02_ACTIVITY_MATCHED,2,66.67,3,30,NONPOC,2,66.67,RTH_AFTERNOON,5atr,true
ALL_ANCHORS,APPROACH_FROM_ABOVE,C02_ACTIVITY_MATCHED,9,56.25,16,30,NONPOC,10,62.5,RTH_MIDDAY,5atr,true
ALL_ANCHORS,APPROACH_FROM_ABOVE,C02_ACTIVITY_MATCHED,19,55.88,34,30,NONPOC,25,73.53,RTH_MORNING,5atr,false
ALL_ANCHORS,APPROACH_FROM_ABOVE,C02_ACTIVITY_MATCHED,31,46.27,67,30,NONPOC,52,77.61,RTH_OPEN,5atr,false
R01,APPROACH_FROM_ABOVE,C02_ACTIVITY_MATCHED,19,70.37,27,30,NONPOC,17,62.96,ALL_SESSIONS,5atr,true
R01,APPROACH_FROM_ABOVE,C02_ACTIVITY_MATCHED,9,69.23,13,30,NONPOC,11,84.62,ETH_EVENING,5atr,true
R01,APPROACH_FROM_ABOVE,C02_ACTIVITY_MATCHED,10,71.43,14,30,NONPOC,6,42.86,ETH_OVERNIGHT,5atr,true
R02,APPROACH_FROM_ABOVE,C02_ACTIVITY_MATCHED,16,43.24,37,30,NONPOC,30,81.08,ALL_SESSIONS,5atr,false
R02,APPROACH_FROM_ABOVE,C02_ACTIVITY_MATCHED,1,100,1,30,NONPOC,1,100,RTH_AFTERNOON,5atr,true
R02,APPROACH_FROM_ABOVE,C02_ACTIVITY_MATCHED,3,50,6,30,NONPOC,3,50,RTH_MIDDAY,5atr,true
R02,APPROACH_FROM_ABOVE,C02_ACTIVITY_MATCHED,7,77.78,9,30,NONPOC,6,66.67,RTH_MORNING,5atr,true
R02,APPROACH_FROM_ABOVE,C02_ACTIVITY_MATCHED,5,23.81,21,30,NONPOC,20,95.24,RTH_OPEN,5atr,true
R03,APPROACH_FROM_ABOVE,C02_ACTIVITY_MATCHED,19,52.78,36,30,NONPOC,26,72.22,ALL_SESSIONS,5atr,false
R03,APPROACH_FROM_ABOVE,C02_ACTIVITY_MATCHED,0,0,1,30,NONPOC,0,0,RTH_AFTERNOON,5atr,true
R03,APPROACH_FROM_ABOVE,C02_ACTIVITY_MATCHED,2,50,4,30,NONPOC,4,100,RTH_MIDDAY,5atr,true
R03,APPROACH_FROM_ABOVE,C02_ACTIVITY_MATCHED,2,66.67,3,30,NONPOC,3,100,RTH_MORNING,5atr,true
R03,APPROACH_FROM_ABOVE,C02_ACTIVITY_MATCHED,15,53.57,28,30,NONPOC,19,67.86,RTH_OPEN,5atr,true
R04,APPROACH_FROM_ABOVE,C02_ACTIVITY_MATCHED,14,60.87,23,30,NONPOC,18,78.26,ALL_SESSIONS,5atr,true
R04,APPROACH_FROM_ABOVE,C02_ACTIVITY_MATCHED,1,100,1,30,NONPOC,1,100,RTH_AFTERNOON,5atr,true
R04,APPROACH_FROM_ABOVE,C02_ACTIVITY_MATCHED,1,100,1,30,NONPOC,1,100,RTH_MIDDAY,5atr,true
R04,APPROACH_FROM_ABOVE,C02_ACTIVITY_MATCHED,1,33.33,3,30,NONPOC,3,100,RTH_MORNING,5atr,true
R04,APPROACH_FROM_ABOVE,C02_ACTIVITY_MATCHED,11,61.11,18,30,NONPOC,13,72.22,RTH_OPEN,5atr,true
R05,APPROACH_FROM_ABOVE,C02_ACTIVITY_MATCHED,12,50,24,30,NONPOC,15,62.5,ALL_SESSIONS,5atr,true
R05,APPROACH_FROM_ABOVE,C02_ACTIVITY_MATCHED,3,60,5,30,NONPOC,2,40,RTH_MIDDAY,5atr,true
R05,APPROACH_FROM_ABOVE,C02_ACTIVITY_MATCHED,9,47.37,19,30,NONPOC,13,68.42,RTH_MORNING,5atr,true
ALL_ANCHORS,APPROACH_FROM_BELOW,C02_ACTIVITY_MATCHED,50,46.3,108,30,NONPOC,84,77.78,ALL_SESSIONS,5atr,false
ALL_ANCHORS,APPROACH_FROM_BELOW,C02_ACTIVITY_MATCHED,7,43.75,16,30,NONPOC,11,68.75,ETH_EVENING,5atr,true
ALL_ANCHORS,APPROACH_FROM_BELOW,C02_ACTIVITY_MATCHED,4,50,8,30,NONPOC,3,37.5,ETH_OVERNIGHT,5atr,true
ALL_ANCHORS,APPROACH_FROM_BELOW,C02_ACTIVITY_MATCHED,2,28.57,7,30,NONPOC,6,85.71,RTH_AFTERNOON,5atr,true
ALL_ANCHORS,APPROACH_FROM_BELOW,C02_ACTIVITY_MATCHED,4,50,8,30,NONPOC,6,75,RTH_MIDDAY,5atr,true
ALL_ANCHORS,APPROACH_FROM_BELOW,C02_ACTIVITY_MATCHED,15,55.56,27,30,NONPOC,22,81.48,RTH_MORNING,5atr,true
ALL_ANCHORS,APPROACH_FROM_BELOW,C02_ACTIVITY_MATCHED,18,42.86,42,30,NONPOC,36,85.71,RTH_OPEN,5atr,false
R01,APPROACH_FROM_BELOW,C02_ACTIVITY_MATCHED,11,45.83,24,30,NONPOC,14,58.33,ALL_SESSIONS,5atr,true
R01,APPROACH_FROM_BELOW,C02_ACTIVITY_MATCHED,7,43.75,16,30,NONPOC,11,68.75,ETH_EVENING,5atr,true
R01,APPROACH_FROM_BELOW,C02_ACTIVITY_MATCHED,4,50,8,30,NONPOC,3,37.5,ETH_OVERNIGHT,5atr,true
R02,APPROACH_FROM_BELOW,C02_ACTIVITY_MATCHED,8,38.1,21,30,NONPOC,16,76.19,ALL_SESSIONS,5atr,true
R02,APPROACH_FROM_BELOW,C02_ACTIVITY_MATCHED,1,25,4,30,NONPOC,3,75,RTH_AFTERNOON,5atr,true
R02,APPROACH_FROM_BELOW,C02_ACTIVITY_MATCHED,1,50,2,30,NONPOC,2,100,RTH_MIDDAY,5atr,true
R02,APPROACH_FROM_BELOW,C02_ACTIVITY_MATCHED,0,0,1,30,NONPOC,1,100,RTH_MORNING,5atr,true
R02,APPROACH_FROM_BELOW,C02_ACTIVITY_MATCHED,6,42.86,14,30,NONPOC,10,71.43,RTH_OPEN,5atr,true
R03,APPROACH_FROM_BELOW,C02_ACTIVITY_MATCHED,16,47.06,34,30,NONPOC,30,88.24,ALL_SESSIONS,5atr,false
R03,APPROACH_FROM_BELOW,C02_ACTIVITY_MATCHED,1,50,2,30,NONPOC,2,100,RTH_AFTERNOON,5atr,true
R03,APPROACH_FROM_BELOW,C02_ACTIVITY_MATCHED,0,0,1,30,NONPOC,1,100,RTH_MIDDAY,5atr,true
R03,APPROACH_FROM_BELOW,C02_ACTIVITY_MATCHED,5,55.56,9,30,NONPOC,7,77.78,RTH_MORNING,5atr,true
R03,APPROACH_FROM_BELOW,C02_ACTIVITY_MATCHED,10,45.45,22,30,NONPOC,20,90.91,RTH_OPEN,5atr,true
R04,APPROACH_FROM_BELOW,C02_ACTIVITY_MATCHED,3,30,10,30,NONPOC,10,100,ALL_SESSIONS,5atr,true
R04,APPROACH_FROM_BELOW,C02_ACTIVITY_MATCHED,1,33.33,3,30,NONPOC,3,100,RTH_MIDDAY,5atr,true
R04,APPROACH_FROM_BELOW,C02_ACTIVITY_MATCHED,0,0,1,30,NONPOC,1,100,RTH_MORNING,5atr,true
R04,APPROACH_FROM_BELOW,C02_ACTIVITY_MATCHED,2,33.33,6,30,NONPOC,6,100,RTH_OPEN,5atr,true
R05,APPROACH_FROM_BELOW,C02_ACTIVITY_MATCHED,12,63.16,19,30,NONPOC,14,73.68,ALL_SESSIONS,5atr,true
R05,APPROACH_FROM_BELOW,C02_ACTIVITY_MATCHED,0,0,1,30,NONPOC,1,100,RTH_AFTERNOON,5atr,true
R05,APPROACH_FROM_BELOW,C02_ACTIVITY_MATCHED,2,100,2,30,NONPOC,0,0,RTH_MIDDAY,5atr,true
R05,APPROACH_FROM_BELOW,C02_ACTIVITY_MATCHED,10,62.5,16,30,NONPOC,13,81.25,RTH_MORNING,5atr,true
ALL_ANCHORS,APPROACH_FROM_ABOVE,TREATED,73,47.71,153,30,NONPOC,113,73.86,ALL_SESSIONS,5atr,false
ALL_ANCHORS,APPROACH_FROM_ABOVE,TREATED,12,63.16,19,30,NONPOC,12,63.16,ETH_EVENING,5atr,true
ALL_ANCHORS,APPROACH_FROM_ABOVE,TREATED,4,36.36,11,30,NONPOC,5,45.45,ETH_OVERNIGHT,5atr,true
ALL_ANCHORS,APPROACH_FROM_ABOVE,TREATED,3,60,5,30,NONPOC,3,60,RTH_AFTERNOON,5atr,true
ALL_ANCHORS,APPROACH_FROM_ABOVE,TREATED,10,52.63,19,30,NONPOC,12,63.16,RTH_MIDDAY,5atr,true
ALL_ANCHORS,APPROACH_FROM_ABOVE,TREATED,19,51.35,37,30,NONPOC,31,83.78,RTH_MORNING,5atr,false
ALL_ANCHORS,APPROACH_FROM_ABOVE,TREATED,25,40.32,62,30,NONPOC,50,80.65,RTH_OPEN,5atr,false
R01,APPROACH_FROM_ABOVE,TREATED,16,53.33,30,30,NONPOC,17,56.67,ALL_SESSIONS,5atr,false
R01,APPROACH_FROM_ABOVE,TREATED,12,63.16,19,30,NONPOC,12,63.16,ETH_EVENING,5atr,true
R01,APPROACH_FROM_ABOVE,TREATED,4,36.36,11,30,NONPOC,5,45.45,ETH_OVERNIGHT,5atr,true
R02,APPROACH_FROM_ABOVE,TREATED,18,42.86,42,30,NONPOC,34,80.95,ALL_SESSIONS,5atr,false
R02,APPROACH_FROM_ABOVE,TREATED,1,50,2,30,NONPOC,1,50,RTH_AFTERNOON,5atr,true
R02,APPROACH_FROM_ABOVE,TREATED,4,66.67,6,30,NONPOC,2,33.33,RTH_MIDDAY,5atr,true
R02,APPROACH_FROM_ABOVE,TREATED,5,62.5,8,30,NONPOC,7,87.5,RTH_MORNING,5atr,true
R02,APPROACH_FROM_ABOVE,TREATED,8,30.77,26,30,NONPOC,24,92.31,RTH_OPEN,5atr,true
R03,APPROACH_FROM_ABOVE,TREATED,15,41.67,36,30,NONPOC,28,77.78,ALL_SESSIONS,5atr,false
R03,APPROACH_FROM_ABOVE,TREATED,2,28.57,7,30,NONPOC,6,85.71,RTH_MIDDAY,5atr,true
R03,APPROACH_FROM_ABOVE,TREATED,2,33.33,6,30,NONPOC,6,100,RTH_MORNING,5atr,true
R03,APPROACH_FROM_ABOVE,TREATED,11,47.83,23,30,NONPOC,16,69.57,RTH_OPEN,5atr,true
R04,APPROACH_FROM_ABOVE,TREATED,10,52.63,19,30,NONPOC,16,84.21,ALL_SESSIONS,5atr,true
R04,APPROACH_FROM_ABOVE,TREATED,1,100,1,30,NONPOC,1,100,RTH_AFTERNOON,5atr,true
R04,APPROACH_FROM_ABOVE,TREATED,1,100,1,30,NONPOC,1,100,RTH_MIDDAY,5atr,true
R04,APPROACH_FROM_ABOVE,TREATED,2,50,4,30,NONPOC,4,100,RTH_MORNING,5atr,true
R04,APPROACH_FROM_ABOVE,TREATED,6,46.15,13,30,NONPOC,10,76.92,RTH_OPEN,5atr,true
R05,APPROACH_FROM_ABOVE,TREATED,14,53.85,26,30,NONPOC,18,69.23,ALL_SESSIONS,5atr,true
R05,APPROACH_FROM_ABOVE,TREATED,1,50,2,30,NONPOC,1,50,RTH_AFTERNOON,5atr,true
R05,APPROACH_FROM_ABOVE,TREATED,3,60,5,30,NONPOC,3,60,RTH_MIDDAY,5atr,true
R05,APPROACH_FROM_ABOVE,TREATED,10,52.63,19,30,NONPOC,14,73.68,RTH_MORNING,5atr,true
ALL_ANCHORS,APPROACH_FROM_BELOW,TREATED,57,48.31,118,30,NONPOC,92,77.97,ALL_SESSIONS,5atr,false
ALL_ANCHORS,APPROACH_FROM_BELOW,TREATED,7,43.75,16,30,NONPOC,11,68.75,ETH_EVENING,5atr,true
ALL_ANCHORS,APPROACH_FROM_BELOW,TREATED,7,70,10,30,NONPOC,5,50,ETH_OVERNIGHT,5atr,true
ALL_ANCHORS,APPROACH_FROM_BELOW,TREATED,3,60,5,30,NONPOC,3,60,RTH_AFTERNOON,5atr,true
ALL_ANCHORS,APPROACH_FROM_BELOW,TREATED,2,25,8,30,NONPOC,6,75,RTH_MIDDAY,5atr,true
ALL_ANCHORS,APPROACH_FROM_BELOW,TREATED,12,50,24,30,NONPOC,18,75,RTH_MORNING,5atr,true
ALL_ANCHORS,APPROACH_FROM_BELOW,TREATED,26,47.27,55,30,NONPOC,49,89.09,RTH_OPEN,5atr,false
R01,APPROACH_FROM_BELOW,TREATED,14,53.85,26,30,NONPOC,16,61.54,ALL_SESSIONS,5atr,true
R01,APPROACH_FROM_BELOW,TREATED,7,43.75,16,30,NONPOC,11,68.75,ETH_EVENING,5atr,true
R01,APPROACH_FROM_BELOW,TREATED,7,70,10,30,NONPOC,5,50,ETH_OVERNIGHT,5atr,true
R02,APPROACH_FROM_BELOW,TREATED,10,40,25,30,NONPOC,19,76,ALL_SESSIONS,5atr,true
R02,APPROACH_FROM_BELOW,TREATED,2,50,4,30,NONPOC,3,75,RTH_AFTERNOON,5atr,true
R02,APPROACH_FROM_BELOW,TREATED,0,0,1,30,NONPOC,1,100,RTH_MIDDAY,5atr,true
R02,APPROACH_FROM_BELOW,TREATED,0,0,2,30,NONPOC,2,100,RTH_MORNING,5atr,true
R02,APPROACH_FROM_BELOW,TREATED,8,44.44,18,30,NONPOC,13,72.22,RTH_OPEN,5atr,true
R03,APPROACH_FROM_BELOW,TREATED,17,44.74,38,30,NONPOC,37,97.37,ALL_SESSIONS,5atr,false
R03,APPROACH_FROM_BELOW,TREATED,0,0,2,30,NONPOC,2,100,RTH_MIDDAY,5atr,true
R03,APPROACH_FROM_BELOW,TREATED,3,50,6,30,NONPOC,6,100,RTH_MORNING,5atr,true
R03,APPROACH_FROM_BELOW,TREATED,14,46.67,30,30,NONPOC,29,96.67,RTH_OPEN,5atr,false
R04,APPROACH_FROM_BELOW,TREATED,5,45.45,11,30,NONPOC,10,90.91,ALL_SESSIONS,5atr,true
R04,APPROACH_FROM_BELOW,TREATED,1,100,1,30,NONPOC,0,0,RTH_AFTERNOON,5atr,true
R04,APPROACH_FROM_BELOW,TREATED,0,0,3,30,NONPOC,3,100,RTH_MIDDAY,5atr,true
R04,APPROACH_FROM_BELOW,TREATED,4,57.14,7,30,NONPOC,7,100,RTH_OPEN,5atr,true
R05,APPROACH_FROM_BELOW,TREATED,11,61.11,18,30,NONPOC,10,55.56,ALL_SESSIONS,5atr,true
R05,APPROACH_FROM_BELOW,TREATED,2,100,2,30,NONPOC,0,0,RTH_MIDDAY,5atr,true
R05,APPROACH_FROM_BELOW,TREATED,9,56.25,16,30,NONPOC,10,62.5,RTH_MORNING,5atr,true
ALL_ANCHORS,APPROACH_FROM_ABOVE,C01_NEUTRAL,182,55.15,330,30,POC,243,73.64,ALL_SESSIONS,5atr,false
ALL_ANCHORS,APPROACH_FROM_ABOVE,C01_NEUTRAL,22,52.38,42,30,POC,27,64.29,ETH_EVENING,5atr,false
ALL_ANCHORS,APPROACH_FROM_ABOVE,C01_NEUTRAL,13,61.9,21,30,POC,16,76.19,ETH_OVERNIGHT,5atr,true
ALL_ANCHORS,APPROACH_FROM_ABOVE,C01_NEUTRAL,3,37.5,8,30,POC,6,75,RTH_AFTERNOON,5atr,true
ALL_ANCHORS,APPROACH_FROM_ABOVE,C01_NEUTRAL,12,41.38,29,30,POC,26,89.66,RTH_MIDDAY,5atr,true
ALL_ANCHORS,APPROACH_FROM_ABOVE,C01_NEUTRAL,45,57.69,78,30,POC,52,66.67,RTH_MORNING,5atr,false
ALL_ANCHORS,APPROACH_FROM_ABOVE,C01_NEUTRAL,87,57.24,152,30,POC,116,76.32,RTH_OPEN,5atr,false
R01,APPROACH_FROM_ABOVE,C01_NEUTRAL,35,55.56,63,30,POC,43,68.25,ALL_SESSIONS,5atr,false
R01,APPROACH_FROM_ABOVE,C01_NEUTRAL,22,52.38,42,30,POC,27,64.29,ETH_EVENING,5atr,false
R01,APPROACH_FROM_ABOVE,C01_NEUTRAL,13,61.9,21,30,POC,16,76.19,ETH_OVERNIGHT,5atr,true
R02,APPROACH_FROM_ABOVE,C01_NEUTRAL,44,63.77,69,30,POC,43,62.32,ALL_SESSIONS,5atr,false
R02,APPROACH_FROM_ABOVE,C01_NEUTRAL,3,75,4,30,POC,2,50,RTH_AFTERNOON,5atr,true
R02,APPROACH_FROM_ABOVE,C01_NEUTRAL,4,44.44,9,30,POC,8,88.89,RTH_MIDDAY,5atr,true
R02,APPROACH_FROM_ABOVE,C01_NEUTRAL,6,66.67,9,30,POC,6,66.67,RTH_MORNING,5atr,true
R02,APPROACH_FROM_ABOVE,C01_NEUTRAL,31,65.96,47,30,POC,27,57.45,RTH_OPEN,5atr,false
R03,APPROACH_FROM_ABOVE,C01_NEUTRAL,38,56.72,67,30,POC,53,79.1,ALL_SESSIONS,5atr,false
R03,APPROACH_FROM_ABOVE,C01_NEUTRAL,0,0,2,30,POC,2,100,RTH_AFTERNOON,5atr,true
R03,APPROACH_FROM_ABOVE,C01_NEUTRAL,2,33.33,6,30,POC,6,100,RTH_MIDDAY,5atr,true
R03,APPROACH_FROM_ABOVE,C01_NEUTRAL,4,80,5,30,POC,2,40,RTH_MORNING,5atr,true
R03,APPROACH_FROM_ABOVE,C01_NEUTRAL,32,59.26,54,30,POC,43,79.63,RTH_OPEN,5atr,false
R04,APPROACH_FROM_ABOVE,C01_NEUTRAL,30,46.88,64,30,POC,57,89.06,ALL_SESSIONS,5atr,false
R04,APPROACH_FROM_ABOVE,C01_NEUTRAL,0,0,1,30,POC,1,100,RTH_AFTERNOON,5atr,true
R04,APPROACH_FROM_ABOVE,C01_NEUTRAL,1,20,5,30,POC,5,100,RTH_MIDDAY,5atr,true
R04,APPROACH_FROM_ABOVE,C01_NEUTRAL,5,71.43,7,30,POC,5,71.43,RTH_MORNING,5atr,true
R04,APPROACH_FROM_ABOVE,C01_NEUTRAL,24,47.06,51,30,POC,46,90.2,RTH_OPEN,5atr,false
R05,APPROACH_FROM_ABOVE,C01_NEUTRAL,35,52.24,67,30,POC,47,70.15,ALL_SESSIONS,5atr,false
R05,APPROACH_FROM_ABOVE,C01_NEUTRAL,0,0,1,30,POC,1,100,RTH_AFTERNOON,5atr,true
R05,APPROACH_FROM_ABOVE,C01_NEUTRAL,5,55.56,9,30,POC,7,77.78,RTH_MIDDAY,5atr,true
R05,APPROACH_FROM_ABOVE,C01_NEUTRAL,30,52.63,57,30,POC,39,68.42,RTH_MORNING,5atr,false
ALL_ANCHORS,APPROACH_FROM_BELOW,C01_NEUTRAL,104,48.37,215,30,POC,158,73.49,ALL_SESSIONS,5atr,false
ALL_ANCHORS,APPROACH_FROM_BELOW,C01_NEUTRAL,18,50,36,30,POC,24,66.67,ETH_EVENING,5atr,false
ALL_ANCHORS,APPROACH_FROM_BELOW,C01_NEUTRAL,4,25,16,30,POC,12,75,ETH_OVERNIGHT,5atr,true
ALL_ANCHORS,APPROACH_FROM_BELOW,C01_NEUTRAL,5,62.5,8,30,POC,5,62.5,RTH_AFTERNOON,5atr,true
ALL_ANCHORS,APPROACH_FROM_BELOW,C01_NEUTRAL,5,50,10,30,POC,6,60,RTH_MIDDAY,5atr,true
ALL_ANCHORS,APPROACH_FROM_BELOW,C01_NEUTRAL,24,53.33,45,30,POC,31,68.89,RTH_MORNING,5atr,false
ALL_ANCHORS,APPROACH_FROM_BELOW,C01_NEUTRAL,48,48,100,30,POC,80,80,RTH_OPEN,5atr,false
R01,APPROACH_FROM_BELOW,C01_NEUTRAL,22,42.31,52,30,POC,36,69.23,ALL_SESSIONS,5atr,false
R01,APPROACH_FROM_BELOW,C01_NEUTRAL,18,50,36,30,POC,24,66.67,ETH_EVENING,5atr,false
R01,APPROACH_FROM_BELOW,C01_NEUTRAL,4,25,16,30,POC,12,75,ETH_OVERNIGHT,5atr,true
R02,APPROACH_FROM_BELOW,C01_NEUTRAL,25,67.57,37,30,POC,23,62.16,ALL_SESSIONS,5atr,false
R02,APPROACH_FROM_BELOW,C01_NEUTRAL,2,100,2,30,POC,1,50,RTH_AFTERNOON,5atr,true
R02,APPROACH_FROM_BELOW,C01_NEUTRAL,6,85.71,7,30,POC,4,57.14,RTH_MORNING,5atr,true
R02,APPROACH_FROM_BELOW,C01_NEUTRAL,17,60.71,28,30,POC,18,64.29,RTH_OPEN,5atr,true
R03,APPROACH_FROM_BELOW,C01_NEUTRAL,19,45.24,42,30,POC,36,85.71,ALL_SESSIONS,5atr,false
R03,APPROACH_FROM_BELOW,C01_NEUTRAL,2,100,2,30,POC,1,50,RTH_AFTERNOON,5atr,true
R03,APPROACH_FROM_BELOW,C01_NEUTRAL,0,0,2,30,POC,2,100,RTH_MIDDAY,5atr,true
R03,APPROACH_FROM_BELOW,C01_NEUTRAL,1,50,2,30,POC,2,100,RTH_MORNING,5atr,true
R03,APPROACH_FROM_BELOW,C01_NEUTRAL,16,44.44,36,30,POC,31,86.11,RTH_OPEN,5atr,false
R04,APPROACH_FROM_BELOW,C01_NEUTRAL,18,43.9,41,30,POC,35,85.37,ALL_SESSIONS,5atr,false
R04,APPROACH_FROM_BELOW,C01_NEUTRAL,1,100,1,30,POC,0,0,RTH_AFTERNOON,5atr,true
R04,APPROACH_FROM_BELOW,C01_NEUTRAL,1,50,2,30,POC,2,100,RTH_MIDDAY,5atr,true
R04,APPROACH_FROM_BELOW,C01_NEUTRAL,1,50,2,30,POC,2,100,RTH_MORNING,5atr,true
R04,APPROACH_FROM_BELOW,C01_NEUTRAL,15,41.67,36,30,POC,31,86.11,RTH_OPEN,5atr,false
R05,APPROACH_FROM_BELOW,C01_NEUTRAL,20,46.51,43,30,POC,28,65.12,ALL_SESSIONS,5atr,false
R05,APPROACH_FROM_BELOW,C01_NEUTRAL,0,0,3,30,POC,3,100,RTH_AFTERNOON,5atr,true
R05,APPROACH_FROM_BELOW,C01_NEUTRAL,4,66.67,6,30,POC,2,33.33,RTH_MIDDAY,5atr,true
R05,APPROACH_FROM_BELOW,C01_NEUTRAL,16,47.06,34,30,POC,23,67.65,RTH_MORNING,5atr,false
ALL_ANCHORS,APPROACH_FROM_ABOVE,C02_ACTIVITY_MATCHED,117,52.7,222,30,POC,165,74.32,ALL_SESSIONS,5atr,false
ALL_ANCHORS,APPROACH_FROM_ABOVE,C02_ACTIVITY_MATCHED,9,39.13,23,30,POC,17,73.91,ETH_EVENING,5atr,true
ALL_ANCHORS,APPROACH_FROM_ABOVE,C02_ACTIVITY_MATCHED,13,68.42,19,30,POC,11,57.89,ETH_OVERNIGHT,5atr,true
ALL_ANCHORS,APPROACH_FROM_ABOVE,C02_ACTIVITY_MATCHED,3,37.5,8,30,POC,5,62.5,RTH_AFTERNOON,5atr,true
ALL_ANCHORS,APPROACH_FROM_ABOVE,C02_ACTIVITY_MATCHED,8,50,16,30,POC,12,75,RTH_MIDDAY,5atr,true
ALL_ANCHORS,APPROACH_FROM_ABOVE,C02_ACTIVITY_MATCHED,33,58.93,56,30,POC,40,71.43,RTH_MORNING,5atr,false
ALL_ANCHORS,APPROACH_FROM_ABOVE,C02_ACTIVITY_MATCHED,51,51,100,30,POC,80,80,RTH_OPEN,5atr,false
R01,APPROACH_FROM_ABOVE,C02_ACTIVITY_MATCHED,22,52.38,42,30,POC,28,66.67,ALL_SESSIONS,5atr,false
R01,APPROACH_FROM_ABOVE,C02_ACTIVITY_MATCHED,9,39.13,23,30,POC,17,73.91,ETH_EVENING,5atr,true
R01,APPROACH_FROM_ABOVE,C02_ACTIVITY_MATCHED,13,68.42,19,30,POC,11,57.89,ETH_OVERNIGHT,5atr,true
R02,APPROACH_FROM_ABOVE,C02_ACTIVITY_MATCHED,31,59.62,52,30,POC,33,63.46,ALL_SESSIONS,5atr,false
R02,APPROACH_FROM_ABOVE,C02_ACTIVITY_MATCHED,2,40,5,30,POC,3,60,RTH_AFTERNOON,5atr,true
R02,APPROACH_FROM_ABOVE,C02_ACTIVITY_MATCHED,4,66.67,6,30,POC,3,50,RTH_MIDDAY,5atr,true
R02,APPROACH_FROM_ABOVE,C02_ACTIVITY_MATCHED,5,83.33,6,30,POC,4,66.67,RTH_MORNING,5atr,true
R02,APPROACH_FROM_ABOVE,C02_ACTIVITY_MATCHED,20,57.14,35,30,POC,23,65.71,RTH_OPEN,5atr,false
R03,APPROACH_FROM_ABOVE,C02_ACTIVITY_MATCHED,21,55.26,38,30,POC,32,84.21,ALL_SESSIONS,5atr,false
R03,APPROACH_FROM_ABOVE,C02_ACTIVITY_MATCHED,0,0,1,30,POC,1,100,RTH_AFTERNOON,5atr,true
R03,APPROACH_FROM_ABOVE,C02_ACTIVITY_MATCHED,1,50,2,30,POC,2,100,RTH_MIDDAY,5atr,true
R03,APPROACH_FROM_ABOVE,C02_ACTIVITY_MATCHED,4,80,5,30,POC,2,40,RTH_MORNING,5atr,true
R03,APPROACH_FROM_ABOVE,C02_ACTIVITY_MATCHED,16,53.33,30,30,POC,27,90,RTH_OPEN,5atr,false
R04,APPROACH_FROM_ABOVE,C02_ACTIVITY_MATCHED,21,47.73,44,30,POC,37,84.09,ALL_SESSIONS,5atr,false
R04,APPROACH_FROM_ABOVE,C02_ACTIVITY_MATCHED,0,0,1,30,POC,1,100,RTH_AFTERNOON,5atr,true
R04,APPROACH_FROM_ABOVE,C02_ACTIVITY_MATCHED,1,100,1,30,POC,1,100,RTH_MIDDAY,5atr,true
R04,APPROACH_FROM_ABOVE,C02_ACTIVITY_MATCHED,5,71.43,7,30,POC,5,71.43,RTH_MORNING,5atr,true
R04,APPROACH_FROM_ABOVE,C02_ACTIVITY_MATCHED,15,42.86,35,30,POC,30,85.71,RTH_OPEN,5atr,false
R05,APPROACH_FROM_ABOVE,C02_ACTIVITY_MATCHED,22,47.83,46,30,POC,35,76.09,ALL_SESSIONS,5atr,false
R05,APPROACH_FROM_ABOVE,C02_ACTIVITY_MATCHED,1,100,1,30,POC,0,0,RTH_AFTERNOON,5atr,true
R05,APPROACH_FROM_ABOVE,C02_ACTIVITY_MATCHED,2,28.57,7,30,POC,6,85.71,RTH_MIDDAY,5atr,true
R05,APPROACH_FROM_ABOVE,C02_ACTIVITY_MATCHED,19,50,38,30,POC,29,76.32,RTH_MORNING,5atr,false
ALL_ANCHORS,APPROACH_FROM_BELOW,C02_ACTIVITY_MATCHED,83,53.55,155,30,POC,114,73.55,ALL_SESSIONS,5atr,false
ALL_ANCHORS,APPROACH_FROM_BELOW,C02_ACTIVITY_MATCHED,11,45.83,24,30,POC,15,62.5,ETH_EVENING,5atr,true
ALL_ANCHORS,APPROACH_FROM_BELOW,C02_ACTIVITY_MATCHED,4,33.33,12,30,POC,8,66.67,ETH_OVERNIGHT,5atr,true
ALL_ANCHORS,APPROACH_FROM_BELOW,C02_ACTIVITY_MATCHED,2,25,8,30,POC,6,75,RTH_AFTERNOON,5atr,true
ALL_ANCHORS,APPROACH_FROM_BELOW,C02_ACTIVITY_MATCHED,6,75,8,30,POC,6,75,RTH_MIDDAY,5atr,true
ALL_ANCHORS,APPROACH_FROM_BELOW,C02_ACTIVITY_MATCHED,23,60.53,38,30,POC,22,57.89,RTH_MORNING,5atr,false
ALL_ANCHORS,APPROACH_FROM_BELOW,C02_ACTIVITY_MATCHED,37,56.92,65,30,POC,57,87.69,RTH_OPEN,5atr,false
R01,APPROACH_FROM_BELOW,C02_ACTIVITY_MATCHED,15,41.67,36,30,POC,23,63.89,ALL_SESSIONS,5atr,false
R01,APPROACH_FROM_BELOW,C02_ACTIVITY_MATCHED,11,45.83,24,30,POC,15,62.5,ETH_EVENING,5atr,true
R01,APPROACH_FROM_BELOW,C02_ACTIVITY_MATCHED,4,33.33,12,30,POC,8,66.67,ETH_OVERNIGHT,5atr,true
R02,APPROACH_FROM_BELOW,C02_ACTIVITY_MATCHED,16,64,25,30,POC,16,64,ALL_SESSIONS,5atr,true
R02,APPROACH_FROM_BELOW,C02_ACTIVITY_MATCHED,0,0,2,30,POC,2,100,RTH_AFTERNOON,5atr,true
R02,APPROACH_FROM_BELOW,C02_ACTIVITY_MATCHED,5,83.33,6,30,POC,3,50,RTH_MORNING,5atr,true
R02,APPROACH_FROM_BELOW,C02_ACTIVITY_MATCHED,11,64.71,17,30,POC,11,64.71,RTH_OPEN,5atr,true
R03,APPROACH_FROM_BELOW,C02_ACTIVITY_MATCHED,16,59.26,27,30,POC,26,96.3,ALL_SESSIONS,5atr,true
R03,APPROACH_FROM_BELOW,C02_ACTIVITY_MATCHED,0,0,2,30,POC,2,100,RTH_AFTERNOON,5atr,true
R03,APPROACH_FROM_BELOW,C02_ACTIVITY_MATCHED,2,66.67,3,30,POC,3,100,RTH_MIDDAY,5atr,true
R03,APPROACH_FROM_BELOW,C02_ACTIVITY_MATCHED,2,100,2,30,POC,1,50,RTH_MORNING,5atr,true
R03,APPROACH_FROM_BELOW,C02_ACTIVITY_MATCHED,12,60,20,30,POC,20,100,RTH_OPEN,5atr,true
R04,APPROACH_FROM_BELOW,C02_ACTIVITY_MATCHED,15,50,30,30,POC,28,93.33,ALL_SESSIONS,5atr,false
R04,APPROACH_FROM_BELOW,C02_ACTIVITY_MATCHED,0,0,1,30,POC,1,100,RTH_AFTERNOON,5atr,true
R04,APPROACH_FROM_BELOW,C02_ACTIVITY_MATCHED,1,100,1,30,POC,1,100,RTH_MIDDAY,5atr,true
R04,APPROACH_FROM_BELOW,C02_ACTIVITY_MATCHED,14,50,28,30,POC,26,92.86,RTH_OPEN,5atr,true
R05,APPROACH_FROM_BELOW,C02_ACTIVITY_MATCHED,21,56.76,37,30,POC,21,56.76,ALL_SESSIONS,5atr,false
R05,APPROACH_FROM_BELOW,C02_ACTIVITY_MATCHED,2,66.67,3,30,POC,1,33.33,RTH_AFTERNOON,5atr,true
R05,APPROACH_FROM_BELOW,C02_ACTIVITY_MATCHED,3,75,4,30,POC,2,50,RTH_MIDDAY,5atr,true
R05,APPROACH_FROM_BELOW,C02_ACTIVITY_MATCHED,16,53.33,30,30,POC,18,60,RTH_MORNING,5atr,false
ALL_ANCHORS,APPROACH_FROM_ABOVE,TREATED,165,55.74,296,30,POC,217,73.31,ALL_SESSIONS,5atr,false
ALL_ANCHORS,APPROACH_FROM_ABOVE,TREATED,14,41.18,34,30,POC,22,64.71,ETH_EVENING,5atr,false
ALL_ANCHORS,APPROACH_FROM_ABOVE,TREATED,16,66.67,24,30,POC,14,58.33,ETH_OVERNIGHT,5atr,true
ALL_ANCHORS,APPROACH_FROM_ABOVE,TREATED,3,37.5,8,30,POC,6,75,RTH_AFTERNOON,5atr,true
ALL_ANCHORS,APPROACH_FROM_ABOVE,TREATED,19,63.33,30,30,POC,24,80,RTH_MIDDAY,5atr,false
ALL_ANCHORS,APPROACH_FROM_ABOVE,TREATED,39,59.09,66,30,POC,44,66.67,RTH_MORNING,5atr,false
ALL_ANCHORS,APPROACH_FROM_ABOVE,TREATED,74,55.22,134,30,POC,107,79.85,RTH_OPEN,5atr,false
R01,APPROACH_FROM_ABOVE,TREATED,30,51.72,58,30,POC,36,62.07,ALL_SESSIONS,5atr,false
R01,APPROACH_FROM_ABOVE,TREATED,14,41.18,34,30,POC,22,64.71,ETH_EVENING,5atr,false
R01,APPROACH_FROM_ABOVE,TREATED,16,66.67,24,30,POC,14,58.33,ETH_OVERNIGHT,5atr,true
R02,APPROACH_FROM_ABOVE,TREATED,41,59.42,69,30,POC,42,60.87,ALL_SESSIONS,5atr,false
R02,APPROACH_FROM_ABOVE,TREATED,3,75,4,30,POC,2,50,RTH_AFTERNOON,5atr,true
R02,APPROACH_FROM_ABOVE,TREATED,3,37.5,8,30,POC,7,87.5,RTH_MIDDAY,5atr,true
R02,APPROACH_FROM_ABOVE,TREATED,7,63.64,11,30,POC,7,63.64,RTH_MORNING,5atr,true
R02,APPROACH_FROM_ABOVE,TREATED,28,60.87,46,30,POC,26,56.52,RTH_OPEN,5atr,false
R03,APPROACH_FROM_ABOVE,TREATED,37,61.67,60,30,POC,50,83.33,ALL_SESSIONS,5atr,false
R03,APPROACH_FROM_ABOVE,TREATED,0,0,2,30,POC,2,100,RTH_AFTERNOON,5atr,true
R03,APPROACH_FROM_ABOVE,TREATED,6,85.71,7,30,POC,6,85.71,RTH_MIDDAY,5atr,true
R03,APPROACH_FROM_ABOVE,TREATED,4,100,4,30,POC,1,25,RTH_MORNING,5atr,true
R03,APPROACH_FROM_ABOVE,TREATED,27,57.45,47,30,POC,41,87.23,RTH_OPEN,5atr,false
R04,APPROACH_FROM_ABOVE,TREATED,26,50,52,30,POC,49,94.23,ALL_SESSIONS,5atr,false
R04,APPROACH_FROM_ABOVE,TREATED,0,0,1,30,POC,1,100,RTH_AFTERNOON,5atr,true
R04,APPROACH_FROM_ABOVE,TREATED,2,50,4,30,POC,4,100,RTH_MIDDAY,5atr,true
R04,APPROACH_FROM_ABOVE,TREATED,5,83.33,6,30,POC,4,66.67,RTH_MORNING,5atr,true
R04,APPROACH_FROM_ABOVE,TREATED,19,46.34,41,30,POC,40,97.56,RTH_OPEN,5atr,false
R05,APPROACH_FROM_ABOVE,TREATED,31,54.39,57,30,POC,40,70.18,ALL_SESSIONS,5atr,false
R05,APPROACH_FROM_ABOVE,TREATED,0,0,1,30,POC,1,100,RTH_AFTERNOON,5atr,true
R05,APPROACH_FROM_ABOVE,TREATED,8,72.73,11,30,POC,7,63.64,RTH_MIDDAY,5atr,true
R05,APPROACH_FROM_ABOVE,TREATED,23,51.11,45,30,POC,32,71.11,RTH_MORNING,5atr,false
ALL_ANCHORS,APPROACH_FROM_BELOW,TREATED,109,48.88,223,30,POC,164,73.54,ALL_SESSIONS,5atr,false
ALL_ANCHORS,APPROACH_FROM_BELOW,TREATED,17,47.22,36,30,POC,23,63.89,ETH_EVENING,5atr,false
ALL_ANCHORS,APPROACH_FROM_BELOW,TREATED,9,50,18,30,POC,11,61.11,ETH_OVERNIGHT,5atr,true
ALL_ANCHORS,APPROACH_FROM_BELOW,TREATED,6,75,8,30,POC,6,75,RTH_AFTERNOON,5atr,true
ALL_ANCHORS,APPROACH_FROM_BELOW,TREATED,6,60,10,30,POC,6,60,RTH_MIDDAY,5atr,true
ALL_ANCHORS,APPROACH_FROM_BELOW,TREATED,26,57.78,45,30,POC,28,62.22,RTH_MORNING,5atr,false
ALL_ANCHORS,APPROACH_FROM_BELOW,TREATED,45,42.45,106,30,POC,90,84.91,RTH_OPEN,5atr,false
R01,APPROACH_FROM_BELOW,TREATED,26,48.15,54,30,POC,34,62.96,ALL_SESSIONS,5atr,false
R01,APPROACH_FROM_BELOW,TREATED,17,47.22,36,30,POC,23,63.89,ETH_EVENING,5atr,false
R01,APPROACH_FROM_BELOW,TREATED,9,50,18,30,POC,11,61.11,ETH_OVERNIGHT,5atr,true
R02,APPROACH_FROM_BELOW,TREATED,18,46.15,39,30,POC,26,66.67,ALL_SESSIONS,5atr,false
R02,APPROACH_FROM_BELOW,TREATED,1,50,2,30,POC,1,50,RTH_AFTERNOON,5atr,true
R02,APPROACH_FROM_BELOW,TREATED,5,62.5,8,30,POC,4,50,RTH_MORNING,5atr,true
R02,APPROACH_FROM_BELOW,TREATED,12,41.38,29,30,POC,21,72.41,RTH_OPEN,5atr,true
R03,APPROACH_FROM_BELOW,TREATED,17,40.48,42,30,POC,38,90.48,ALL_SESSIONS,5atr,false
R03,APPROACH_FROM_BELOW,TREATED,2,100,2,30,POC,2,100,RTH_AFTERNOON,5atr,true
R03,APPROACH_FROM_BELOW,TREATED,1,50,2,30,POC,2,100,RTH_MIDDAY,5atr,true
R03,APPROACH_FROM_BELOW,TREATED,1,50,2,30,POC,1,50,RTH_MORNING,5atr,true
R03,APPROACH_FROM_BELOW,TREATED,13,36.11,36,30,POC,33,91.67,RTH_OPEN,5atr,false
R04,APPROACH_FROM_BELOW,TREATED,24,52.17,46,30,POC,41,89.13,ALL_SESSIONS,5atr,false
R04,APPROACH_FROM_BELOW,TREATED,1,100,1,30,POC,1,100,RTH_AFTERNOON,5atr,true
R04,APPROACH_FROM_BELOW,TREATED,1,50,2,30,POC,2,100,RTH_MIDDAY,5atr,true
R04,APPROACH_FROM_BELOW,TREATED,2,100,2,30,POC,2,100,RTH_MORNING,5atr,true
R04,APPROACH_FROM_BELOW,TREATED,20,48.78,41,30,POC,36,87.8,RTH_OPEN,5atr,false
R05,APPROACH_FROM_BELOW,TREATED,24,57.14,42,30,POC,25,59.52,ALL_SESSIONS,5atr,false
R05,APPROACH_FROM_BELOW,TREATED,2,66.67,3,30,POC,2,66.67,RTH_AFTERNOON,5atr,true
R05,APPROACH_FROM_BELOW,TREATED,4,66.67,6,30,POC,2,33.33,RTH_MIDDAY,5atr,true
R05,APPROACH_FROM_BELOW,TREATED,18,54.55,33,30,POC,21,63.64,RTH_MORNING,5atr,false
ALL_ANCHORS,APPROACH_FROM_ABOVE,C01_NEUTRAL,73,45.34,161,60,NONPOC,126,78.26,ALL_SESSIONS,5atr,false
ALL_ANCHORS,APPROACH_FROM_ABOVE,C01_NEUTRAL,5,29.41,17,60,NONPOC,14,82.35,ETH_EVENING,5atr,true
ALL_ANCHORS,APPROACH_FROM_ABOVE,C01_NEUTRAL,5,45.45,11,60,NONPOC,7,63.64,ETH_OVERNIGHT,5atr,true
ALL_ANCHORS,APPROACH_FROM_ABOVE,C01_NEUTRAL,2,40,5,60,NONPOC,2,40,RTH_AFTERNOON,5atr,true
ALL_ANCHORS,APPROACH_FROM_ABOVE,C01_NEUTRAL,11,61.11,18,60,NONPOC,11,61.11,RTH_MIDDAY,5atr,true
ALL_ANCHORS,APPROACH_FROM_ABOVE,C01_NEUTRAL,20,46.51,43,60,NONPOC,37,86.05,RTH_MORNING,5atr,false
ALL_ANCHORS,APPROACH_FROM_ABOVE,C01_NEUTRAL,30,44.78,67,60,NONPOC,55,82.09,RTH_OPEN,5atr,false
R01,APPROACH_FROM_ABOVE,C01_NEUTRAL,10,35.71,28,60,NONPOC,21,75,ALL_SESSIONS,5atr,true
R01,APPROACH_FROM_ABOVE,C01_NEUTRAL,5,29.41,17,60,NONPOC,14,82.35,ETH_EVENING,5atr,true
R01,APPROACH_FROM_ABOVE,C01_NEUTRAL,5,45.45,11,60,NONPOC,7,63.64,ETH_OVERNIGHT,5atr,true
R02,APPROACH_FROM_ABOVE,C01_NEUTRAL,19,46.34,41,60,NONPOC,33,80.49,ALL_SESSIONS,5atr,false
R02,APPROACH_FROM_ABOVE,C01_NEUTRAL,2,66.67,3,60,NONPOC,1,33.33,RTH_AFTERNOON,5atr,true
R02,APPROACH_FROM_ABOVE,C01_NEUTRAL,4,66.67,6,60,NONPOC,4,66.67,RTH_MIDDAY,5atr,true
R02,APPROACH_FROM_ABOVE,C01_NEUTRAL,3,37.5,8,60,NONPOC,6,75,RTH_MORNING,5atr,true
R02,APPROACH_FROM_ABOVE,C01_NEUTRAL,10,41.67,24,60,NONPOC,22,91.67,RTH_OPEN,5atr,true
R03,APPROACH_FROM_ABOVE,C01_NEUTRAL,21,51.22,41,60,NONPOC,31,75.61,ALL_SESSIONS,5atr,false
R03,APPROACH_FROM_ABOVE,C01_NEUTRAL,3,50,6,60,NONPOC,4,66.67,RTH_MIDDAY,5atr,true
R03,APPROACH_FROM_ABOVE,C01_NEUTRAL,3,50,6,60,NONPOC,6,100,RTH_MORNING,5atr,true
R03,APPROACH_FROM_ABOVE,C01_NEUTRAL,15,51.72,29,60,NONPOC,21,72.41,RTH_OPEN,5atr,true
R04,APPROACH_FROM_ABOVE,C01_NEUTRAL,8,42.11,19,60,NONPOC,17,89.47,ALL_SESSIONS,5atr,true
R04,APPROACH_FROM_ABOVE,C01_NEUTRAL,0,0,1,60,NONPOC,1,100,RTH_MIDDAY,5atr,true
R04,APPROACH_FROM_ABOVE,C01_NEUTRAL,3,75,4,60,NONPOC,4,100,RTH_MORNING,5atr,true
R04,APPROACH_FROM_ABOVE,C01_NEUTRAL,5,35.71,14,60,NONPOC,12,85.71,RTH_OPEN,5atr,true
R05,APPROACH_FROM_ABOVE,C01_NEUTRAL,15,46.88,32,60,NONPOC,24,75,ALL_SESSIONS,5atr,false
R05,APPROACH_FROM_ABOVE,C01_NEUTRAL,0,0,2,60,NONPOC,1,50,RTH_AFTERNOON,5atr,true
R05,APPROACH_FROM_ABOVE,C01_NEUTRAL,4,80,5,60,NONPOC,2,40,RTH_MIDDAY,5atr,true
R05,APPROACH_FROM_ABOVE,C01_NEUTRAL,11,44,25,60,NONPOC,21,84,RTH_MORNING,5atr,true
ALL_ANCHORS,APPROACH_FROM_BELOW,C01_NEUTRAL,49,41.88,117,60,NONPOC,94,80.34,ALL_SESSIONS,5atr,false
ALL_ANCHORS,APPROACH_FROM_BELOW,C01_NEUTRAL,6,40,15,60,NONPOC,11,73.33,ETH_EVENING,5atr,true
ALL_ANCHORS,APPROACH_FROM_BELOW,C01_NEUTRAL,4,50,8,60,NONPOC,3,37.5,ETH_OVERNIGHT,5atr,true
ALL_ANCHORS,APPROACH_FROM_BELOW,C01_NEUTRAL,0,0,4,60,NONPOC,4,100,RTH_AFTERNOON,5atr,true
ALL_ANCHORS,APPROACH_FROM_BELOW,C01_NEUTRAL,1,14.29,7,60,NONPOC,7,100,RTH_MIDDAY,5atr,true
ALL_ANCHORS,APPROACH_FROM_BELOW,C01_NEUTRAL,15,51.72,29,60,NONPOC,21,72.41,RTH_MORNING,5atr,true
ALL_ANCHORS,APPROACH_FROM_BELOW,C01_NEUTRAL,23,42.59,54,60,NONPOC,48,88.89,RTH_OPEN,5atr,false
R01,APPROACH_FROM_BELOW,C01_NEUTRAL,10,43.48,23,60,NONPOC,14,60.87,ALL_SESSIONS,5atr,true
R01,APPROACH_FROM_BELOW,C01_NEUTRAL,6,40,15,60,NONPOC,11,73.33,ETH_EVENING,5atr,true
R01,APPROACH_FROM_BELOW,C01_NEUTRAL,4,50,8,60,NONPOC,3,37.5,ETH_OVERNIGHT,5atr,true
R02,APPROACH_FROM_BELOW,C01_NEUTRAL,8,36.36,22,60,NONPOC,19,86.36,ALL_SESSIONS,5atr,true
R02,APPROACH_FROM_BELOW,C01_NEUTRAL,0,0,3,60,NONPOC,3,100,RTH_AFTERNOON,5atr,true
R02,APPROACH_FROM_BELOW,C01_NEUTRAL,0,0,1,60,NONPOC,1,100,RTH_MIDDAY,5atr,true
R02,APPROACH_FROM_BELOW,C01_NEUTRAL,1,50,2,60,NONPOC,2,100,RTH_MORNING,5atr,true
R02,APPROACH_FROM_BELOW,C01_NEUTRAL,7,43.75,16,60,NONPOC,13,81.25,RTH_OPEN,5atr,true
R03,APPROACH_FROM_BELOW,C01_NEUTRAL,15,39.47,38,60,NONPOC,35,92.11,ALL_SESSIONS,5atr,false
R03,APPROACH_FROM_BELOW,C01_NEUTRAL,0,0,2,60,NONPOC,2,100,RTH_MIDDAY,5atr,true
R03,APPROACH_FROM_BELOW,C01_NEUTRAL,3,42.86,7,60,NONPOC,6,85.71,RTH_MORNING,5atr,true
R03,APPROACH_FROM_BELOW,C01_NEUTRAL,12,41.38,29,60,NONPOC,27,93.1,RTH_OPEN,5atr,true
R04,APPROACH_FROM_BELOW,C01_NEUTRAL,5,45.45,11,60,NONPOC,10,90.91,ALL_SESSIONS,5atr,true
R04,APPROACH_FROM_BELOW,C01_NEUTRAL,1,50,2,60,NONPOC,2,100,RTH_MIDDAY,5atr,true
R04,APPROACH_FROM_BELOW,C01_NEUTRAL,4,44.44,9,60,NONPOC,8,88.89,RTH_OPEN,5atr,true
R05,APPROACH_FROM_BELOW,C01_NEUTRAL,11,47.83,23,60,NONPOC,16,69.57,ALL_SESSIONS,5atr,true
R05,APPROACH_FROM_BELOW,C01_NEUTRAL,0,0,1,60,NONPOC,1,100,RTH_AFTERNOON,5atr,true
R05,APPROACH_FROM_BELOW,C01_NEUTRAL,0,0,2,60,NONPOC,2,100,RTH_MIDDAY,5atr,true
R05,APPROACH_FROM_BELOW,C01_NEUTRAL,11,55,20,60,NONPOC,13,65,RTH_MORNING,5atr,true
ALL_ANCHORS,APPROACH_FROM_ABOVE,C02_ACTIVITY_MATCHED,67,48.2,139,60,NONPOC,102,73.38,ALL_SESSIONS,5atr,false
ALL_ANCHORS,APPROACH_FROM_ABOVE,C02_ACTIVITY_MATCHED,6,46.15,13,60,NONPOC,11,84.62,ETH_EVENING,5atr,true
ALL_ANCHORS,APPROACH_FROM_ABOVE,C02_ACTIVITY_MATCHED,6,66.67,9,60,NONPOC,4,44.44,ETH_OVERNIGHT,5atr,true
ALL_ANCHORS,APPROACH_FROM_ABOVE,C02_ACTIVITY_MATCHED,6,37.5,16,60,NONPOC,10,62.5,RTH_MIDDAY,5atr,true
ALL_ANCHORS,APPROACH_FROM_ABOVE,C02_ACTIVITY_MATCHED,19,55.88,34,60,NONPOC,25,73.53,RTH_MORNING,5atr,false
ALL_ANCHORS,APPROACH_FROM_ABOVE,C02_ACTIVITY_MATCHED,30,44.78,67,60,NONPOC,52,77.61,RTH_OPEN,5atr,false
R01,APPROACH_FROM_ABOVE,C02_ACTIVITY_MATCHED,12,54.55,22,60,NONPOC,15,68.18,ALL_SESSIONS,5atr,true
R01,APPROACH_FROM_ABOVE,C02_ACTIVITY_MATCHED,6,46.15,13,60,NONPOC,11,84.62,ETH_EVENING,5atr,true
R01,APPROACH_FROM_ABOVE,C02_ACTIVITY_MATCHED,6,66.67,9,60,NONPOC,4,44.44,ETH_OVERNIGHT,5atr,true
R02,APPROACH_FROM_ABOVE,C02_ACTIVITY_MATCHED,12,33.33,36,60,NONPOC,29,80.56,ALL_SESSIONS,5atr,false
R02,APPROACH_FROM_ABOVE,C02_ACTIVITY_MATCHED,2,33.33,6,60,NONPOC,3,50,RTH_MIDDAY,5atr,true
R02,APPROACH_FROM_ABOVE,C02_ACTIVITY_MATCHED,6,66.67,9,60,NONPOC,6,66.67,RTH_MORNING,5atr,true
R02,APPROACH_FROM_ABOVE,C02_ACTIVITY_MATCHED,4,19.05,21,60,NONPOC,20,95.24,RTH_OPEN,5atr,true
R03,APPROACH_FROM_ABOVE,C02_ACTIVITY_MATCHED,18,51.43,35,60,NONPOC,26,74.29,ALL_SESSIONS,5atr,false
R03,APPROACH_FROM_ABOVE,C02_ACTIVITY_MATCHED,1,25,4,60,NONPOC,4,100,RTH_MIDDAY,5atr,true
R03,APPROACH_FROM_ABOVE,C02_ACTIVITY_MATCHED,2,66.67,3,60,NONPOC,3,100,RTH_MORNING,5atr,true
R03,APPROACH_FROM_ABOVE,C02_ACTIVITY_MATCHED,15,53.57,28,60,NONPOC,19,67.86,RTH_OPEN,5atr,true
R04,APPROACH_FROM_ABOVE,C02_ACTIVITY_MATCHED,12,54.55,22,60,NONPOC,17,77.27,ALL_SESSIONS,5atr,true
R04,APPROACH_FROM_ABOVE,C02_ACTIVITY_MATCHED,0,0,1,60,NONPOC,1,100,RTH_MIDDAY,5atr,true
R04,APPROACH_FROM_ABOVE,C02_ACTIVITY_MATCHED,1,33.33,3,60,NONPOC,3,100,RTH_MORNING,5atr,true
R04,APPROACH_FROM_ABOVE,C02_ACTIVITY_MATCHED,11,61.11,18,60,NONPOC,13,72.22,RTH_OPEN,5atr,true
R05,APPROACH_FROM_ABOVE,C02_ACTIVITY_MATCHED,13,54.17,24,60,NONPOC,15,62.5,ALL_SESSIONS,5atr,true
R05,APPROACH_FROM_ABOVE,C02_ACTIVITY_MATCHED,3,60,5,60,NONPOC,2,40,RTH_MIDDAY,5atr,true
R05,APPROACH_FROM_ABOVE,C02_ACTIVITY_MATCHED,10,52.63,19,60,NONPOC,13,68.42,RTH_MORNING,5atr,true
ALL_ANCHORS,APPROACH_FROM_BELOW,C02_ACTIVITY_MATCHED,43,41.35,104,60,NONPOC,82,78.85,ALL_SESSIONS,5atr,false
ALL_ANCHORS,APPROACH_FROM_BELOW,C02_ACTIVITY_MATCHED,9,56.25,16,60,NONPOC,11,68.75,ETH_EVENING,5atr,true
ALL_ANCHORS,APPROACH_FROM_BELOW,C02_ACTIVITY_MATCHED,4,66.67,6,60,NONPOC,2,33.33,ETH_OVERNIGHT,5atr,true
ALL_ANCHORS,APPROACH_FROM_BELOW,C02_ACTIVITY_MATCHED,0,0,5,60,NONPOC,5,100,RTH_AFTERNOON,5atr,true
ALL_ANCHORS,APPROACH_FROM_BELOW,C02_ACTIVITY_MATCHED,3,37.5,8,60,NONPOC,6,75,RTH_MIDDAY,5atr,true
ALL_ANCHORS,APPROACH_FROM_BELOW,C02_ACTIVITY_MATCHED,11,40.74,27,60,NONPOC,22,81.48,RTH_MORNING,5atr,true
ALL_ANCHORS,APPROACH_FROM_BELOW,C02_ACTIVITY_MATCHED,16,38.1,42,60,NONPOC,36,85.71,RTH_OPEN,5atr,false
R01,APPROACH_FROM_BELOW,C02_ACTIVITY_MATCHED,13,59.09,22,60,NONPOC,13,59.09,ALL_SESSIONS,5atr,true
R01,APPROACH_FROM_BELOW,C02_ACTIVITY_MATCHED,9,56.25,16,60,NONPOC,11,68.75,ETH_EVENING,5atr,true
R01,APPROACH_FROM_BELOW,C02_ACTIVITY_MATCHED,4,66.67,6,60,NONPOC,2,33.33,ETH_OVERNIGHT,5atr,true
R02,APPROACH_FROM_BELOW,C02_ACTIVITY_MATCHED,6,30,20,60,NONPOC,16,80,ALL_SESSIONS,5atr,true
R02,APPROACH_FROM_BELOW,C02_ACTIVITY_MATCHED,0,0,3,60,NONPOC,3,100,RTH_AFTERNOON,5atr,true
R02,APPROACH_FROM_BELOW,C02_ACTIVITY_MATCHED,0,0,2,60,NONPOC,2,100,RTH_MIDDAY,5atr,true
R02,APPROACH_FROM_BELOW,C02_ACTIVITY_MATCHED,1,100,1,60,NONPOC,1,100,RTH_MORNING,5atr,true
R02,APPROACH_FROM_BELOW,C02_ACTIVITY_MATCHED,5,35.71,14,60,NONPOC,10,71.43,RTH_OPEN,5atr,true
R03,APPROACH_FROM_BELOW,C02_ACTIVITY_MATCHED,13,39.39,33,60,NONPOC,29,87.88,ALL_SESSIONS,5atr,false
R03,APPROACH_FROM_BELOW,C02_ACTIVITY_MATCHED,0,0,1,60,NONPOC,1,100,RTH_AFTERNOON,5atr,true
R03,APPROACH_FROM_BELOW,C02_ACTIVITY_MATCHED,0,0,1,60,NONPOC,1,100,RTH_MIDDAY,5atr,true
R03,APPROACH_FROM_BELOW,C02_ACTIVITY_MATCHED,4,44.44,9,60,NONPOC,7,77.78,RTH_MORNING,5atr,true
R03,APPROACH_FROM_BELOW,C02_ACTIVITY_MATCHED,9,40.91,22,60,NONPOC,20,90.91,RTH_OPEN,5atr,true
R04,APPROACH_FROM_BELOW,C02_ACTIVITY_MATCHED,4,40,10,60,NONPOC,10,100,ALL_SESSIONS,5atr,true
R04,APPROACH_FROM_BELOW,C02_ACTIVITY_MATCHED,1,33.33,3,60,NONPOC,3,100,RTH_MIDDAY,5atr,true
R04,APPROACH_FROM_BELOW,C02_ACTIVITY_MATCHED,1,100,1,60,NONPOC,1,100,RTH_MORNING,5atr,true
R04,APPROACH_FROM_BELOW,C02_ACTIVITY_MATCHED,2,33.33,6,60,NONPOC,6,100,RTH_OPEN,5atr,true
R05,APPROACH_FROM_BELOW,C02_ACTIVITY_MATCHED,7,36.84,19,60,NONPOC,14,73.68,ALL_SESSIONS,5atr,true
R05,APPROACH_FROM_BELOW,C02_ACTIVITY_MATCHED,0,0,1,60,NONPOC,1,100,RTH_AFTERNOON,5atr,true
R05,APPROACH_FROM_BELOW,C02_ACTIVITY_MATCHED,2,100,2,60,NONPOC,0,0,RTH_MIDDAY,5atr,true
R05,APPROACH_FROM_BELOW,C02_ACTIVITY_MATCHED,5,31.25,16,60,NONPOC,13,81.25,RTH_MORNING,5atr,true
ALL_ANCHORS,APPROACH_FROM_ABOVE,TREATED,66,44,150,60,NONPOC,111,74,ALL_SESSIONS,5atr,false
ALL_ANCHORS,APPROACH_FROM_ABOVE,TREATED,7,36.84,19,60,NONPOC,12,63.16,ETH_EVENING,5atr,true
ALL_ANCHORS,APPROACH_FROM_ABOVE,TREATED,2,22.22,9,60,NONPOC,4,44.44,ETH_OVERNIGHT,5atr,true
ALL_ANCHORS,APPROACH_FROM_ABOVE,TREATED,1,25,4,60,NONPOC,2,50,RTH_AFTERNOON,5atr,true
ALL_ANCHORS,APPROACH_FROM_ABOVE,TREATED,10,52.63,19,60,NONPOC,12,63.16,RTH_MIDDAY,5atr,true
ALL_ANCHORS,APPROACH_FROM_ABOVE,TREATED,18,48.65,37,60,NONPOC,31,83.78,RTH_MORNING,5atr,false
ALL_ANCHORS,APPROACH_FROM_ABOVE,TREATED,28,45.16,62,60,NONPOC,50,80.65,RTH_OPEN,5atr,false
R01,APPROACH_FROM_ABOVE,TREATED,9,32.14,28,60,NONPOC,16,57.14,ALL_SESSIONS,5atr,true
R01,APPROACH_FROM_ABOVE,TREATED,7,36.84,19,60,NONPOC,12,63.16,ETH_EVENING,5atr,true
R01,APPROACH_FROM_ABOVE,TREATED,2,22.22,9,60,NONPOC,4,44.44,ETH_OVERNIGHT,5atr,true
R02,APPROACH_FROM_ABOVE,TREATED,20,47.62,42,60,NONPOC,34,80.95,ALL_SESSIONS,5atr,false
R02,APPROACH_FROM_ABOVE,TREATED,1,50,2,60,NONPOC,1,50,RTH_AFTERNOON,5atr,true
R02,APPROACH_FROM_ABOVE,TREATED,4,66.67,6,60,NONPOC,2,33.33,RTH_MIDDAY,5atr,true
R02,APPROACH_FROM_ABOVE,TREATED,4,50,8,60,NONPOC,7,87.5,RTH_MORNING,5atr,true
R02,APPROACH_FROM_ABOVE,TREATED,11,42.31,26,60,NONPOC,24,92.31,RTH_OPEN,5atr,true
R03,APPROACH_FROM_ABOVE,TREATED,16,44.44,36,60,NONPOC,28,77.78,ALL_SESSIONS,5atr,false
R03,APPROACH_FROM_ABOVE,TREATED,2,28.57,7,60,NONPOC,6,85.71,RTH_MIDDAY,5atr,true
R03,APPROACH_FROM_ABOVE,TREATED,2,33.33,6,60,NONPOC,6,100,RTH_MORNING,5atr,true
R03,APPROACH_FROM_ABOVE,TREATED,12,52.17,23,60,NONPOC,16,69.57,RTH_OPEN,5atr,true
R04,APPROACH_FROM_ABOVE,TREATED,8,44.44,18,60,NONPOC,15,83.33,ALL_SESSIONS,5atr,true
R04,APPROACH_FROM_ABOVE,TREATED,0,0,1,60,NONPOC,1,100,RTH_MIDDAY,5atr,true
R04,APPROACH_FROM_ABOVE,TREATED,3,75,4,60,NONPOC,4,100,RTH_MORNING,5atr,true
R04,APPROACH_FROM_ABOVE,TREATED,5,38.46,13,60,NONPOC,10,76.92,RTH_OPEN,5atr,true
R05,APPROACH_FROM_ABOVE,TREATED,13,50,26,60,NONPOC,18,69.23,ALL_SESSIONS,5atr,true
R05,APPROACH_FROM_ABOVE,TREATED,0,0,2,60,NONPOC,1,50,RTH_AFTERNOON,5atr,true
R05,APPROACH_FROM_ABOVE,TREATED,4,80,5,60,NONPOC,3,60,RTH_MIDDAY,5atr,true
R05,APPROACH_FROM_ABOVE,TREATED,9,47.37,19,60,NONPOC,14,73.68,RTH_MORNING,5atr,true
ALL_ANCHORS,APPROACH_FROM_BELOW,TREATED,46,40.35,114,60,NONPOC,91,79.82,ALL_SESSIONS,5atr,false
ALL_ANCHORS,APPROACH_FROM_BELOW,TREATED,6,37.5,16,60,NONPOC,11,68.75,ETH_EVENING,5atr,true
ALL_ANCHORS,APPROACH_FROM_BELOW,TREATED,7,77.78,9,60,NONPOC,4,44.44,ETH_OVERNIGHT,5atr,true
ALL_ANCHORS,APPROACH_FROM_BELOW,TREATED,0,0,3,60,NONPOC,3,100,RTH_AFTERNOON,5atr,true
ALL_ANCHORS,APPROACH_FROM_BELOW,TREATED,3,37.5,8,60,NONPOC,6,75,RTH_MIDDAY,5atr,true
ALL_ANCHORS,APPROACH_FROM_BELOW,TREATED,8,33.33,24,60,NONPOC,18,75,RTH_MORNING,5atr,true
ALL_ANCHORS,APPROACH_FROM_BELOW,TREATED,22,40.74,54,60,NONPOC,49,90.74,RTH_OPEN,5atr,false
R01,APPROACH_FROM_BELOW,TREATED,13,52,25,60,NONPOC,15,60,ALL_SESSIONS,5atr,true
R01,APPROACH_FROM_BELOW,TREATED,6,37.5,16,60,NONPOC,11,68.75,ETH_EVENING,5atr,true
R01,APPROACH_FROM_BELOW,TREATED,7,77.78,9,60,NONPOC,4,44.44,ETH_OVERNIGHT,5atr,true
R02,APPROACH_FROM_BELOW,TREATED,7,30.43,23,60,NONPOC,19,82.61,ALL_SESSIONS,5atr,true
R02,APPROACH_FROM_BELOW,TREATED,0,0,3,60,NONPOC,3,100,RTH_AFTERNOON,5atr,true
R02,APPROACH_FROM_BELOW,TREATED,0,0,1,60,NONPOC,1,100,RTH_MIDDAY,5atr,true
R02,APPROACH_FROM_BELOW,TREATED,1,50,2,60,NONPOC,2,100,RTH_MORNING,5atr,true
R02,APPROACH_FROM_BELOW,TREATED,6,35.29,17,60,NONPOC,13,76.47,RTH_OPEN,5atr,true
R03,APPROACH_FROM_BELOW,TREATED,15,39.47,38,60,NONPOC,37,97.37,ALL_SESSIONS,5atr,false
R03,APPROACH_FROM_BELOW,TREATED,0,0,2,60,NONPOC,2,100,RTH_MIDDAY,5atr,true
R03,APPROACH_FROM_BELOW,TREATED,0,0,6,60,NONPOC,6,100,RTH_MORNING,5atr,true
R03,APPROACH_FROM_BELOW,TREATED,15,50,30,60,NONPOC,29,96.67,RTH_OPEN,5atr,false
R04,APPROACH_FROM_BELOW,TREATED,2,20,10,60,NONPOC,10,100,ALL_SESSIONS,5atr,true
R04,APPROACH_FROM_BELOW,TREATED,1,33.33,3,60,NONPOC,3,100,RTH_MIDDAY,5atr,true
R04,APPROACH_FROM_BELOW,TREATED,1,14.29,7,60,NONPOC,7,100,RTH_OPEN,5atr,true
R05,APPROACH_FROM_BELOW,TREATED,9,50,18,60,NONPOC,10,55.56,ALL_SESSIONS,5atr,true
R05,APPROACH_FROM_BELOW,TREATED,2,100,2,60,NONPOC,0,0,RTH_MIDDAY,5atr,true
R05,APPROACH_FROM_BELOW,TREATED,7,43.75,16,60,NONPOC,10,62.5,RTH_MORNING,5atr,true
ALL_ANCHORS,APPROACH_FROM_ABOVE,C01_NEUTRAL,158,48.62,325,60,POC,238,73.23,ALL_SESSIONS,5atr,false
ALL_ANCHORS,APPROACH_FROM_ABOVE,C01_NEUTRAL,16,38.1,42,60,POC,27,64.29,ETH_EVENING,5atr,false
ALL_ANCHORS,APPROACH_FROM_ABOVE,C01_NEUTRAL,11,55,20,60,POC,15,75,ETH_OVERNIGHT,5atr,true
ALL_ANCHORS,APPROACH_FROM_ABOVE,C01_NEUTRAL,2,50,4,60,POC,2,50,RTH_AFTERNOON,5atr,true
ALL_ANCHORS,APPROACH_FROM_ABOVE,C01_NEUTRAL,12,41.38,29,60,POC,26,89.66,RTH_MIDDAY,5atr,true
ALL_ANCHORS,APPROACH_FROM_ABOVE,C01_NEUTRAL,41,52.56,78,60,POC,52,66.67,RTH_MORNING,5atr,false
ALL_ANCHORS,APPROACH_FROM_ABOVE,C01_NEUTRAL,76,50,152,60,POC,116,76.32,RTH_OPEN,5atr,false
R01,APPROACH_FROM_ABOVE,C01_NEUTRAL,27,43.55,62,60,POC,42,67.74,ALL_SESSIONS,5atr,false
R01,APPROACH_FROM_ABOVE,C01_NEUTRAL,16,38.1,42,60,POC,27,64.29,ETH_EVENING,5atr,false
R01,APPROACH_FROM_ABOVE,C01_NEUTRAL,11,55,20,60,POC,15,75,ETH_OVERNIGHT,5atr,true
R02,APPROACH_FROM_ABOVE,C01_NEUTRAL,38,55.88,68,60,POC,42,61.76,ALL_SESSIONS,5atr,false
R02,APPROACH_FROM_ABOVE,C01_NEUTRAL,2,66.67,3,60,POC,1,33.33,RTH_AFTERNOON,5atr,true
R02,APPROACH_FROM_ABOVE,C01_NEUTRAL,4,44.44,9,60,POC,8,88.89,RTH_MIDDAY,5atr,true
R02,APPROACH_FROM_ABOVE,C01_NEUTRAL,4,44.44,9,60,POC,6,66.67,RTH_MORNING,5atr,true
R02,APPROACH_FROM_ABOVE,C01_NEUTRAL,28,59.57,47,60,POC,27,57.45,RTH_OPEN,5atr,false
R03,APPROACH_FROM_ABOVE,C01_NEUTRAL,29,43.94,66,60,POC,52,78.79,ALL_SESSIONS,5atr,false
R03,APPROACH_FROM_ABOVE,C01_NEUTRAL,0,0,1,60,POC,1,100,RTH_AFTERNOON,5atr,true
R03,APPROACH_FROM_ABOVE,C01_NEUTRAL,2,33.33,6,60,POC,6,100,RTH_MIDDAY,5atr,true
R03,APPROACH_FROM_ABOVE,C01_NEUTRAL,3,60,5,60,POC,2,40,RTH_MORNING,5atr,true
R03,APPROACH_FROM_ABOVE,C01_NEUTRAL,24,44.44,54,60,POC,43,79.63,RTH_OPEN,5atr,false
R04,APPROACH_FROM_ABOVE,C01_NEUTRAL,30,47.62,63,60,POC,56,88.89,ALL_SESSIONS,5atr,false
R04,APPROACH_FROM_ABOVE,C01_NEUTRAL,2,40,5,60,POC,5,100,RTH_MIDDAY,5atr,true
R04,APPROACH_FROM_ABOVE,C01_NEUTRAL,4,57.14,7,60,POC,5,71.43,RTH_MORNING,5atr,true
R04,APPROACH_FROM_ABOVE,C01_NEUTRAL,24,47.06,51,60,POC,46,90.2,RTH_OPEN,5atr,false
R05,APPROACH_FROM_ABOVE,C01_NEUTRAL,34,51.52,66,60,POC,46,69.7,ALL_SESSIONS,5atr,false
R05,APPROACH_FROM_ABOVE,C01_NEUTRAL,4,44.44,9,60,POC,7,77.78,RTH_MIDDAY,5atr,true
R05,APPROACH_FROM_ABOVE,C01_NEUTRAL,30,52.63,57,60,POC,39,68.42,RTH_MORNING,5atr,false
ALL_ANCHORS,APPROACH_FROM_BELOW,C01_NEUTRAL,99,47.37,209,60,POC,155,74.16,ALL_SESSIONS,5atr,false
ALL_ANCHORS,APPROACH_FROM_BELOW,C01_NEUTRAL,21,58.33,36,60,POC,24,66.67,ETH_EVENING,5atr,false
ALL_ANCHORS,APPROACH_FROM_BELOW,C01_NEUTRAL,4,33.33,12,60,POC,10,83.33,ETH_OVERNIGHT,5atr,true
ALL_ANCHORS,APPROACH_FROM_BELOW,C01_NEUTRAL,0,0,6,60,POC,4,66.67,RTH_AFTERNOON,5atr,true
ALL_ANCHORS,APPROACH_FROM_BELOW,C01_NEUTRAL,5,50,10,60,POC,6,60,RTH_MIDDAY,5atr,true
ALL_ANCHORS,APPROACH_FROM_BELOW,C01_NEUTRAL,24,53.33,45,60,POC,31,68.89,RTH_MORNING,5atr,false
ALL_ANCHORS,APPROACH_FROM_BELOW,C01_NEUTRAL,45,45,100,60,POC,80,80,RTH_OPEN,5atr,false
R01,APPROACH_FROM_BELOW,C01_NEUTRAL,25,52.08,48,60,POC,34,70.83,ALL_SESSIONS,5atr,false
R01,APPROACH_FROM_BELOW,C01_NEUTRAL,21,58.33,36,60,POC,24,66.67,ETH_EVENING,5atr,false
R01,APPROACH_FROM_BELOW,C01_NEUTRAL,4,33.33,12,60,POC,10,83.33,ETH_OVERNIGHT,5atr,true
R02,APPROACH_FROM_BELOW,C01_NEUTRAL,21,60,35,60,POC,22,62.86,ALL_SESSIONS,5atr,false
R02,APPROACH_FROM_BELOW,C01_NEUTRAL,5,71.43,7,60,POC,4,57.14,RTH_MORNING,5atr,true
R02,APPROACH_FROM_BELOW,C01_NEUTRAL,16,57.14,28,60,POC,18,64.29,RTH_OPEN,5atr,true
R03,APPROACH_FROM_BELOW,C01_NEUTRAL,15,35.71,42,60,POC,36,85.71,ALL_SESSIONS,5atr,false
R03,APPROACH_FROM_BELOW,C01_NEUTRAL,0,0,2,60,POC,1,50,RTH_AFTERNOON,5atr,true
R03,APPROACH_FROM_BELOW,C01_NEUTRAL,1,50,2,60,POC,2,100,RTH_MIDDAY,5atr,true
R03,APPROACH_FROM_BELOW,C01_NEUTRAL,1,50,2,60,POC,2,100,RTH_MORNING,5atr,true
R03,APPROACH_FROM_BELOW,C01_NEUTRAL,13,36.11,36,60,POC,31,86.11,RTH_OPEN,5atr,false
R04,APPROACH_FROM_BELOW,C01_NEUTRAL,17,41.46,41,60,POC,35,85.37,ALL_SESSIONS,5atr,false
R04,APPROACH_FROM_BELOW,C01_NEUTRAL,0,0,1,60,POC,0,0,RTH_AFTERNOON,5atr,true
R04,APPROACH_FROM_BELOW,C01_NEUTRAL,0,0,2,60,POC,2,100,RTH_MIDDAY,5atr,true
R04,APPROACH_FROM_BELOW,C01_NEUTRAL,1,50,2,60,POC,2,100,RTH_MORNING,5atr,true
R04,APPROACH_FROM_BELOW,C01_NEUTRAL,16,44.44,36,60,POC,31,86.11,RTH_OPEN,5atr,false
R05,APPROACH_FROM_BELOW,C01_NEUTRAL,21,48.84,43,60,POC,28,65.12,ALL_SESSIONS,5atr,false
R05,APPROACH_FROM_BELOW,C01_NEUTRAL,0,0,3,60,POC,3,100,RTH_AFTERNOON,5atr,true
R05,APPROACH_FROM_BELOW,C01_NEUTRAL,4,66.67,6,60,POC,2,33.33,RTH_MIDDAY,5atr,true
R05,APPROACH_FROM_BELOW,C01_NEUTRAL,17,50,34,60,POC,23,67.65,RTH_MORNING,5atr,false
ALL_ANCHORS,APPROACH_FROM_ABOVE,C02_ACTIVITY_MATCHED,116,53.21,218,60,POC,161,73.85,ALL_SESSIONS,5atr,false
ALL_ANCHORS,APPROACH_FROM_ABOVE,C02_ACTIVITY_MATCHED,11,47.83,23,60,POC,17,73.91,ETH_EVENING,5atr,true
ALL_ANCHORS,APPROACH_FROM_ABOVE,C02_ACTIVITY_MATCHED,11,68.75,16,60,POC,8,50,ETH_OVERNIGHT,5atr,true
ALL_ANCHORS,APPROACH_FROM_ABOVE,C02_ACTIVITY_MATCHED,4,57.14,7,60,POC,4,57.14,RTH_AFTERNOON,5atr,true
ALL_ANCHORS,APPROACH_FROM_ABOVE,C02_ACTIVITY_MATCHED,6,37.5,16,60,POC,12,75,RTH_MIDDAY,5atr,true
ALL_ANCHORS,APPROACH_FROM_ABOVE,C02_ACTIVITY_MATCHED,30,53.57,56,60,POC,40,71.43,RTH_MORNING,5atr,false
ALL_ANCHORS,APPROACH_FROM_ABOVE,C02_ACTIVITY_MATCHED,54,54,100,60,POC,80,80,RTH_OPEN,5atr,false
R01,APPROACH_FROM_ABOVE,C02_ACTIVITY_MATCHED,22,56.41,39,60,POC,25,64.1,ALL_SESSIONS,5atr,false
R01,APPROACH_FROM_ABOVE,C02_ACTIVITY_MATCHED,11,47.83,23,60,POC,17,73.91,ETH_EVENING,5atr,true
R01,APPROACH_FROM_ABOVE,C02_ACTIVITY_MATCHED,11,68.75,16,60,POC,8,50,ETH_OVERNIGHT,5atr,true
R02,APPROACH_FROM_ABOVE,C02_ACTIVITY_MATCHED,31,59.62,52,60,POC,33,63.46,ALL_SESSIONS,5atr,false
R02,APPROACH_FROM_ABOVE,C02_ACTIVITY_MATCHED,3,60,5,60,POC,3,60,RTH_AFTERNOON,5atr,true
R02,APPROACH_FROM_ABOVE,C02_ACTIVITY_MATCHED,3,50,6,60,POC,3,50,RTH_MIDDAY,5atr,true
R02,APPROACH_FROM_ABOVE,C02_ACTIVITY_MATCHED,3,50,6,60,POC,4,66.67,RTH_MORNING,5atr,true
R02,APPROACH_FROM_ABOVE,C02_ACTIVITY_MATCHED,22,62.86,35,60,POC,23,65.71,RTH_OPEN,5atr,false
R03,APPROACH_FROM_ABOVE,C02_ACTIVITY_MATCHED,20,54.05,37,60,POC,31,83.78,ALL_SESSIONS,5atr,false
R03,APPROACH_FROM_ABOVE,C02_ACTIVITY_MATCHED,0,0,2,60,POC,2,100,RTH_MIDDAY,5atr,true
R03,APPROACH_FROM_ABOVE,C02_ACTIVITY_MATCHED,4,80,5,60,POC,2,40,RTH_MORNING,5atr,true
R03,APPROACH_FROM_ABOVE,C02_ACTIVITY_MATCHED,16,53.33,30,60,POC,27,90,RTH_OPEN,5atr,false
R04,APPROACH_FROM_ABOVE,C02_ACTIVITY_MATCHED,20,45.45,44,60,POC,37,84.09,ALL_SESSIONS,5atr,false
R04,APPROACH_FROM_ABOVE,C02_ACTIVITY_MATCHED,0,0,1,60,POC,1,100,RTH_AFTERNOON,5atr,true
R04,APPROACH_FROM_ABOVE,C02_ACTIVITY_MATCHED,0,0,1,60,POC,1,100,RTH_MIDDAY,5atr,true
R04,APPROACH_FROM_ABOVE,C02_ACTIVITY_MATCHED,4,57.14,7,60,POC,5,71.43,RTH_MORNING,5atr,true
R04,APPROACH_FROM_ABOVE,C02_ACTIVITY_MATCHED,16,45.71,35,60,POC,30,85.71,RTH_OPEN,5atr,false
R05,APPROACH_FROM_ABOVE,C02_ACTIVITY_MATCHED,23,50,46,60,POC,35,76.09,ALL_SESSIONS,5atr,false
R05,APPROACH_FROM_ABOVE,C02_ACTIVITY_MATCHED,1,100,1,60,POC,0,0,RTH_AFTERNOON,5atr,true
R05,APPROACH_FROM_ABOVE,C02_ACTIVITY_MATCHED,3,42.86,7,60,POC,6,85.71,RTH_MIDDAY,5atr,true
R05,APPROACH_FROM_ABOVE,C02_ACTIVITY_MATCHED,19,50,38,60,POC,29,76.32,RTH_MORNING,5atr,false
ALL_ANCHORS,APPROACH_FROM_BELOW,C02_ACTIVITY_MATCHED,74,49.33,150,60,POC,111,74,ALL_SESSIONS,5atr,false
ALL_ANCHORS,APPROACH_FROM_BELOW,C02_ACTIVITY_MATCHED,14,58.33,24,60,POC,15,62.5,ETH_EVENING,5atr,true
ALL_ANCHORS,APPROACH_FROM_BELOW,C02_ACTIVITY_MATCHED,4,40,10,60,POC,7,70,ETH_OVERNIGHT,5atr,true
ALL_ANCHORS,APPROACH_FROM_BELOW,C02_ACTIVITY_MATCHED,1,20,5,60,POC,4,80,RTH_AFTERNOON,5atr,true
ALL_ANCHORS,APPROACH_FROM_BELOW,C02_ACTIVITY_MATCHED,4,50,8,60,POC,6,75,RTH_MIDDAY,5atr,true
ALL_ANCHORS,APPROACH_FROM_BELOW,C02_ACTIVITY_MATCHED,21,55.26,38,60,POC,22,57.89,RTH_MORNING,5atr,false
ALL_ANCHORS,APPROACH_FROM_BELOW,C02_ACTIVITY_MATCHED,30,46.15,65,60,POC,57,87.69,RTH_OPEN,5atr,false
R01,APPROACH_FROM_BELOW,C02_ACTIVITY_MATCHED,18,52.94,34,60,POC,22,64.71,ALL_SESSIONS,5atr,false
R01,APPROACH_FROM_BELOW,C02_ACTIVITY_MATCHED,14,58.33,24,60,POC,15,62.5,ETH_EVENING,5atr,true
R01,APPROACH_FROM_BELOW,C02_ACTIVITY_MATCHED,4,40,10,60,POC,7,70,ETH_OVERNIGHT,5atr,true
R02,APPROACH_FROM_BELOW,C02_ACTIVITY_MATCHED,14,58.33,24,60,POC,15,62.5,ALL_SESSIONS,5atr,true
R02,APPROACH_FROM_BELOW,C02_ACTIVITY_MATCHED,0,0,1,60,POC,1,100,RTH_AFTERNOON,5atr,true
R02,APPROACH_FROM_BELOW,C02_ACTIVITY_MATCHED,4,66.67,6,60,POC,3,50,RTH_MORNING,5atr,true
R02,APPROACH_FROM_BELOW,C02_ACTIVITY_MATCHED,10,58.82,17,60,POC,11,64.71,RTH_OPEN,5atr,true
R03,APPROACH_FROM_BELOW,C02_ACTIVITY_MATCHED,8,29.63,27,60,POC,26,96.3,ALL_SESSIONS,5atr,true
R03,APPROACH_FROM_BELOW,C02_ACTIVITY_MATCHED,0,0,2,60,POC,2,100,RTH_AFTERNOON,5atr,true
R03,APPROACH_FROM_BELOW,C02_ACTIVITY_MATCHED,1,33.33,3,60,POC,3,100,RTH_MIDDAY,5atr,true
R03,APPROACH_FROM_BELOW,C02_ACTIVITY_MATCHED,1,50,2,60,POC,1,50,RTH_MORNING,5atr,true
R03,APPROACH_FROM_BELOW,C02_ACTIVITY_MATCHED,6,30,20,60,POC,20,100,RTH_OPEN,5atr,true
R04,APPROACH_FROM_BELOW,C02_ACTIVITY_MATCHED,15,50,30,60,POC,28,93.33,ALL_SESSIONS,5atr,false
R04,APPROACH_FROM_BELOW,C02_ACTIVITY_MATCHED,0,0,1,60,POC,1,100,RTH_AFTERNOON,5atr,true
R04,APPROACH_FROM_BELOW,C02_ACTIVITY_MATCHED,1,100,1,60,POC,1,100,RTH_MIDDAY,5atr,true
R04,APPROACH_FROM_BELOW,C02_ACTIVITY_MATCHED,14,50,28,60,POC,26,92.86,RTH_OPEN,5atr,true
R05,APPROACH_FROM_BELOW,C02_ACTIVITY_MATCHED,19,54.29,35,60,POC,20,57.14,ALL_SESSIONS,5atr,false
R05,APPROACH_FROM_BELOW,C02_ACTIVITY_MATCHED,1,100,1,60,POC,0,0,RTH_AFTERNOON,5atr,true
R05,APPROACH_FROM_BELOW,C02_ACTIVITY_MATCHED,2,50,4,60,POC,2,50,RTH_MIDDAY,5atr,true
R05,APPROACH_FROM_BELOW,C02_ACTIVITY_MATCHED,16,53.33,30,60,POC,18,60,RTH_MORNING,5atr,false
ALL_ANCHORS,APPROACH_FROM_ABOVE,TREATED,155,53.63,289,60,POC,211,73.01,ALL_SESSIONS,5atr,false
ALL_ANCHORS,APPROACH_FROM_ABOVE,TREATED,16,47.06,34,60,POC,22,64.71,ETH_EVENING,5atr,false
ALL_ANCHORS,APPROACH_FROM_ABOVE,TREATED,14,66.67,21,60,POC,12,57.14,ETH_OVERNIGHT,5atr,true
ALL_ANCHORS,APPROACH_FROM_ABOVE,TREATED,2,50,4,60,POC,2,50,RTH_AFTERNOON,5atr,true
ALL_ANCHORS,APPROACH_FROM_ABOVE,TREATED,14,46.67,30,60,POC,24,80,RTH_MIDDAY,5atr,false
ALL_ANCHORS,APPROACH_FROM_ABOVE,TREATED,37,56.06,66,60,POC,44,66.67,RTH_MORNING,5atr,false
ALL_ANCHORS,APPROACH_FROM_ABOVE,TREATED,72,53.73,134,60,POC,107,79.85,RTH_OPEN,5atr,false
R01,APPROACH_FROM_ABOVE,TREATED,30,54.55,55,60,POC,34,61.82,ALL_SESSIONS,5atr,false
R01,APPROACH_FROM_ABOVE,TREATED,16,47.06,34,60,POC,22,64.71,ETH_EVENING,5atr,false
R01,APPROACH_FROM_ABOVE,TREATED,14,66.67,21,60,POC,12,57.14,ETH_OVERNIGHT,5atr,true
R02,APPROACH_FROM_ABOVE,TREATED,41,60.29,68,60,POC,41,60.29,ALL_SESSIONS,5atr,false
R02,APPROACH_FROM_ABOVE,TREATED,2,66.67,3,60,POC,1,33.33,RTH_AFTERNOON,5atr,true
R02,APPROACH_FROM_ABOVE,TREATED,3,37.5,8,60,POC,7,87.5,RTH_MIDDAY,5atr,true
R02,APPROACH_FROM_ABOVE,TREATED,6,54.55,11,60,POC,7,63.64,RTH_MORNING,5atr,true
R02,APPROACH_FROM_ABOVE,TREATED,30,65.22,46,60,POC,26,56.52,RTH_OPEN,5atr,false
R03,APPROACH_FROM_ABOVE,TREATED,31,52.54,59,60,POC,49,83.05,ALL_SESSIONS,5atr,false
R03,APPROACH_FROM_ABOVE,TREATED,0,0,1,60,POC,1,100,RTH_AFTERNOON,5atr,true
R03,APPROACH_FROM_ABOVE,TREATED,5,71.43,7,60,POC,6,85.71,RTH_MIDDAY,5atr,true
R03,APPROACH_FROM_ABOVE,TREATED,3,75,4,60,POC,1,25,RTH_MORNING,5atr,true
R03,APPROACH_FROM_ABOVE,TREATED,23,48.94,47,60,POC,41,87.23,RTH_OPEN,5atr,false
R04,APPROACH_FROM_ABOVE,TREATED,23,45.1,51,60,POC,48,94.12,ALL_SESSIONS,5atr,false
R04,APPROACH_FROM_ABOVE,TREATED,1,25,4,60,POC,4,100,RTH_MIDDAY,5atr,true
R04,APPROACH_FROM_ABOVE,TREATED,3,50,6,60,POC,4,66.67,RTH_MORNING,5atr,true
R04,APPROACH_FROM_ABOVE,TREATED,19,46.34,41,60,POC,40,97.56,RTH_OPEN,5atr,false
R05,APPROACH_FROM_ABOVE,TREATED,30,53.57,56,60,POC,39,69.64,ALL_SESSIONS,5atr,false
R05,APPROACH_FROM_ABOVE,TREATED,5,45.45,11,60,POC,7,63.64,RTH_MIDDAY,5atr,true
R05,APPROACH_FROM_ABOVE,TREATED,25,55.56,45,60,POC,32,71.11,RTH_MORNING,5atr,false
ALL_ANCHORS,APPROACH_FROM_BELOW,TREATED,107,49.31,217,60,POC,162,74.65,ALL_SESSIONS,5atr,false
ALL_ANCHORS,APPROACH_FROM_BELOW,TREATED,21,58.33,36,60,POC,23,63.89,ETH_EVENING,5atr,false
ALL_ANCHORS,APPROACH_FROM_BELOW,TREATED,6,40,15,60,POC,10,66.67,ETH_OVERNIGHT,5atr,true
ALL_ANCHORS,APPROACH_FROM_BELOW,TREATED,2,40,5,60,POC,5,100,RTH_AFTERNOON,5atr,true
ALL_ANCHORS,APPROACH_FROM_BELOW,TREATED,5,50,10,60,POC,6,60,RTH_MIDDAY,5atr,true
ALL_ANCHORS,APPROACH_FROM_BELOW,TREATED,25,55.56,45,60,POC,28,62.22,RTH_MORNING,5atr,false
ALL_ANCHORS,APPROACH_FROM_BELOW,TREATED,48,45.28,106,60,POC,90,84.91,RTH_OPEN,5atr,false
R01,APPROACH_FROM_BELOW,TREATED,27,52.94,51,60,POC,33,64.71,ALL_SESSIONS,5atr,false
R01,APPROACH_FROM_BELOW,TREATED,21,58.33,36,60,POC,23,63.89,ETH_EVENING,5atr,false
R01,APPROACH_FROM_BELOW,TREATED,6,40,15,60,POC,10,66.67,ETH_OVERNIGHT,5atr,true
R02,APPROACH_FROM_BELOW,TREATED,22,57.89,38,60,POC,26,68.42,ALL_SESSIONS,5atr,false
R02,APPROACH_FROM_BELOW,TREATED,0,0,1,60,POC,1,100,RTH_AFTERNOON,5atr,true
R02,APPROACH_FROM_BELOW,TREATED,7,87.5,8,60,POC,4,50,RTH_MORNING,5atr,true
R02,APPROACH_FROM_BELOW,TREATED,15,51.72,29,60,POC,21,72.41,RTH_OPEN,5atr,true
R03,APPROACH_FROM_BELOW,TREATED,16,38.1,42,60,POC,38,90.48,ALL_SESSIONS,5atr,false
R03,APPROACH_FROM_BELOW,TREATED,1,50,2,60,POC,2,100,RTH_AFTERNOON,5atr,true
R03,APPROACH_FROM_BELOW,TREATED,1,50,2,60,POC,2,100,RTH_MIDDAY,5atr,true
R03,APPROACH_FROM_BELOW,TREATED,1,50,2,60,POC,1,50,RTH_MORNING,5atr,true
R03,APPROACH_FROM_BELOW,TREATED,13,36.11,36,60,POC,33,91.67,RTH_OPEN,5atr,false
R04,APPROACH_FROM_BELOW,TREATED,21,45.65,46,60,POC,41,89.13,ALL_SESSIONS,5atr,false
R04,APPROACH_FROM_BELOW,TREATED,0,0,1,60,POC,1,100,RTH_AFTERNOON,5atr,true
R04,APPROACH_FROM_BELOW,TREATED,0,0,2,60,POC,2,100,RTH_MIDDAY,5atr,true
R04,APPROACH_FROM_BELOW,TREATED,1,50,2,60,POC,2,100,RTH_MORNING,5atr,true
R04,APPROACH_FROM_BELOW,TREATED,20,48.78,41,60,POC,36,87.8,RTH_OPEN,5atr,false
R05,APPROACH_FROM_BELOW,TREATED,21,52.5,40,60,POC,24,60,ALL_SESSIONS,5atr,false
R05,APPROACH_FROM_BELOW,TREATED,1,100,1,60,POC,1,100,RTH_AFTERNOON,5atr,true
R05,APPROACH_FROM_BELOW,TREATED,4,66.67,6,60,POC,2,33.33,RTH_MIDDAY,5atr,true
R05,APPROACH_FROM_BELOW,TREATED,16,48.48,33,60,POC,21,63.64,RTH_MORNING,5atr,false
