accepted,atr_value,basin_high_index,basin_low_index,basin_width_ticks,code_sha,contract,distance_to_tpo_POC_atr,distance_to_tpo_VAH_atr,distance_to_tpo_VAL_atr,distance_to_volume_POC_atr,distance_to_volume_VAH_atr,distance_to_volume_VAL_atr,family,freeze_time,high_index,inside_tpo_value_area,inside_volume_value_area,left_valley_activity,low_index,maximum_width_ticks,minimum_width_ticks,overlaps_tpo_POC,overlaps_tpo_VAH,overlaps_tpo_VAL,overlaps_volume_POC,overlaps_volume_VAH,overlaps_volume_VAL,peak_activity_percentile,peak_price,peak_smoothed_activity,peak_to_valley_ratio,physical_zone_id,profile_id,reference_valley_activity,rejection_reason,right_valley_activity,session_date,smoothing_half_width_ticks,source_date,value_area_location,width_atr,width_points,width_ticks,year,zone_activity_density,zone_class,zone_high,zone_id,zone_low,zone_tpo,zone_tpo_density,zone_volume,zone_volume_density
false,0.9142627644298091208095504129,27009,27003,7,72e6777d760308a8b761fa05fa8dc2be7bb649b0,NQH9,14.49255128339774458384864717,1.503944001107313117191840744,22.55916001660969675787761115,0,19.0043832867196839354241694,15.72305092066736440700560777,midnight,2019-01-18T09:30:00-05:00,27009,false,true,,27003,3,4,false,false,false,true,false,false,92.82700421940928270042194093,6751.625,2.915780291355031691886648467,,46627c3a05b6dd60c9ff,000181fe67c6fecf6c7d,,WIDTH_EXCEEDS_MAXIMUM,,2019-01-18,2,2019-01-18,INSIDE_VALUE,1.914110546863853058244160946,1.75,7,2019,2.690770170074711859599333169405718835041,POC_BROAD_DISTRIBUTION,6752.5,000181fe67c6fecf6c7d-Z0027003,6750.75,312,2.520503118928315778709479496,5446.91617500146911911617794,2.872539237817864221696782766
false,1.791794080913788187081218203,31383,31376,8,72e6777d760308a8b761fa05fa8dc2be7bb649b0,NQM9,0,2.162636901905495717506129242,4.255511323104362540899157541,0,2.302161863318753505732331129,4.115986361691104752672955655,opening_hour_rth,2019-04-29T10:30:00-04:00,31383,true,true,2.00825287629596829320526332,31376,7,4,true,false,false,true,false,false,97.95918367346938775510204082,7845.125,2.130411566155529287265520551,1.060828340544877543564230557,8a97ed59f81d65df7283,0049442e3899ed9c34e6,2.00825287629596829320526332,WIDTH_EXCEEDS_MAXIMUM,1.885019671400105065068921958,2019-04-29,2,2019-04-29,INSIDE_VALUE,1.116199691306062305809615093,2,8,2019,2.01803733000408401322456631709680462031,POC_BROAD_DISTRIBUTION,7846,0049442e3899ed9c34e6-Z0031376,7844,184,2.02697841726618705035971223,14121.68167457220031265077054,2.009135682254877399247078338
false,1.743833749628763857329403626,28392,28385,8,72e6777d760308a8b761fa05fa8dc2be7bb649b0,NQH9,6.164578476754744731199641071,2.508840077749024018511481831,9.390230005289204183571546283,0,6.236259621833288274585683409,5.949535041519114101041514057,full_overnight,2019-02-26T09:30:00-05:00,28392,true,true,,28385,6,4,false,false,false,true,false,false,97.46192893401015228426395939,7097.875,2.180797675110525773181348134,1.000080302160675330304231348,28933a4942c72cccfa7d,00671d426e6be9a5c330,2.180622566406825921119952947,WIDTH_EXCEEDS_MAXIMUM,2.180622566406825921119952947,2019-02-26,2,2019-02-26,INSIDE_VALUE,1.146898321256696694176677409,2,8,2019,2.062831135343005049625192412931050577058,POC_BROAD_DISTRIBUTION,7098.25,00671d426e6be9a5c330-Z0028385,7096.25,414,1.901296158149944050727340544,6884.501776001776001776001775,2.238090196890264218774542477
true,3.135345477062097891845751261,31738,31724,15,72e6777d760308a8b761fa05fa8dc2be7bb649b0,NQZ9,27.5089302378309340694383894,10.96370408029493749144283636,38.55237034780074383354626457,0,3.388781261182071588264149419,25.55539751079656338914493856,prior_rth,2019-09-20T16:00:00-04:00,31735,false,true,2.53353695904188711722432548,31724,12,4,false,false,false,true,false,false,97.90874524714828897338403042,7931.625,2.541200544223031182488497133,1.003024856279989781177131422,1d82e9b8f2a42b5e0bf9,0078278d143e6b3ff2cc,2.53353695904188711722432548,,,2019-09-23,2,2019-09-20,INSIDE_VALUE,0.9568323560984672719804657183,3,12,2019,2.221679086472256027835391252684135459318,POC_HVN_ZONE,7934,0078278d143e6b3ff2cc-Z0031724,7931,281,1.902265122265122265122265122,19724.69744712215999542475125,2.594726626428825558948458336
false,1.719481747427119455686533893,30378,30371,8,72e6777d760308a8b761fa05fa8dc2be7bb649b0,NQM9,0.5815705816571252557293402594,7.633113884249768981447590905,14.17578292789242810840266882,0,7.923899175078331609312261035,14.17578292789242810840266882,prior_rth,2019-04-08T16:00:00-04:00,30378,true,true,2.519933500819540651791322986,30371,6,4,false,false,false,true,false,false,98.89705882352941176470588235,7593.125,2.566366756125281797389614258,1.018426381208329496446101268,8a38cc6d62e0d1d027dd,0182c5442c60e79f6612,2.519933500819540651791322986,WIDTH_EXCEEDS_MAXIMUM,,2019-04-09,2,2019-04-08,INSIDE_VALUE,1.163141163314250511458680519,2,8,2019,2.502555276536525639216783544620703434966,POC_BROAD_DISTRIBUTION,7594.75,0182c5442c60e79f6612-Z0030371,7592.75,297,2.546142208774583963691376702,18941.61027006301605843939939,2.459714500838890655922618462
false,1.707380688855655826917513581,31784,31772,13,72e6777d760308a8b761fa05fa8dc2be7bb649b0,NQU9,6.735463318205671051134758196,0.8053271358724171908965471757,8.858598494596589099862018932,0,0.9517502514855839528777375712,7.101521107238587956087734185,opening_hour_rth,2019-07-12T10:30:00-04:00,31782,false,true,,31772,6,4,false,true,false,true,false,false,96.07843137254901960784313725,7944.625,1.749485561406162808898428262,1.98262565198121928702376021,4f5b75b75bdeaabff0f6,0192f1f6f6dc6c7587bf,0.8824084161616280086797636923,WIDTH_EXCEEDS_MAXIMUM,0.8824084161616280086797636923,2019-07-12,2,2019-07-12,INSIDE_VALUE,1.610654271744834381793094351,2.75,11,2019,1.566101883263463742450760961771767306281,POC_BROAD_DISTRIBUTION,7945.75,0192f1f6f6dc6c7587bf-Z0031772,7943,167,1.576930198111460840585076837,11831.59264628818034390789808,1.555347923261729197000978973
false,2.748592469329516139813594598,29307,29291,17,72e6777d760308a8b761fa05fa8dc2be7bb649b0,NQM9,1.000512091438141504197098716,7.867663264490840010277185355,3.501792320033495264689845505,0,8.413397132548008103475602836,8.686264066576592150074811576,prior_rth,2019-05-24T16:00:00-04:00,29305,true,true,2.322644846906411067698356016,29291,10,4,false,false,false,true,false,false,98.42271293375394321766561514,7324.375,2.576709259718240830164094913,1.109385820716509683684556913,894974a8d529cb4a0a67,01bba9e94bdea915d3c7,2.322644846906411067698356016,WIDTH_EXCEEDS_MAXIMUM,,2019-05-28,2,2019-05-24,INSIDE_VALUE,1.364334670142920232996043703,3.75,15,2019,2.313053075145230220057815727108597434308,POC_BROAD_DISTRIBUTION,7326.5,01bba9e94bdea915d3c7-Z0029291,7322.75,755,2.510331445353471785189846864,29776.40958220736622944187893,2.131278137929495342415381772
false,1.925917967837954638780741664,29953,29941,13,72e6777d760308a8b761fa05fa8dc2be7bb649b0,NQM9,0,10.5793706379265359948577109,6.944740234712511358587577092,0,5.906274405222790033938967433,6.03608263390900519952004364,full_overnight,2019-06-12T09:30:00-04:00,29953,true,true,2.418830056933452471332750747,29941,7,4,true,false,false,true,false,false,99.57081545064377682403433476,7487.125,3.101020963350288636325937897,1.087402548429732872698721071,8df60f215bb7251e22b1,021e9b52893475eda8ad,2.851769078367829719307910077,WIDTH_EXCEEDS_MAXIMUM,2.851769078367829719307910077,2019-06-12,2,2019-06-12,INSIDE_VALUE,1.687506972920797152553990695,3.25,13,2019,2.814037001879590660542011236516814040405,POC_BROAD_DISTRIBUTION,7488.5,021e9b52893475eda8ad-Z0029941,7485.25,934,2.672011787095585978267542514,14926.95952868167264452094174,2.963611270800204613112370222
false,2.003056585667675340379335513,28298,28282,17,72e6777d760308a8b761fa05fa8dc2be7bb649b0,NQM9,0,1.934543451106925690171438158,12.91775788319785864082218383,0,4.680347059129658927834124575,12.04409309882698897429314724,full_overnight,2019-03-11T09:30:00-04:00,28293,true,true,,28284,8,4,true,false,false,true,false,false,99.6124031007751937984496124,7072.625,3.152163457546345232660626481,,1d22f19cc0f4a7dcae62,027d098d6cf4f482a46d,,WIDTH_EXCEEDS_MAXIMUM,,2019-03-11,2,2019-03-11,INSIDE_VALUE,1.248092549101242380755766553,2.5,10,2019,2.784976135877396216659360737941727390579,POC_BROAD_DISTRIBUTION,7073.5,027d098d6cf4f482a46d-Z0028284,7071,554,2.65376903082064611956925362,6052.759681336222593457752967,2.92267035575741690986899041
false,2.614966437672727975820237085,33090,33070,21,72e6777d760308a8b761fa05fa8dc2be7bb649b0,NQZ9,0.3824140859299064671120395781,3.967546141522779596287410623,2.533493319285630344617262205,0,4.158753184487732829843430412,2.915907405215536811729301783,opening_hour_rth,2019-11-21T10:30:00-05:00,33090,true,true,,33070,10,4,true,false,false,true,false,false,95.52238805970149253731343284,8270.125,1.748861006112098872998797504,,edf425dc68a4418b6edc,02a8ea834d4edbb1447b,,WIDTH_EXCEEDS_MAXIMUM,,2019-11-21,2,2019-11-21,INSIDE_VALUE,2.007673951132008952338207785,5.25,21,2019,1.635860315621672042045564594434485419134,POC_BROAD_DISTRIBUTION,8272.75,02a8ea834d4edbb1447b-Z0033070,8267.5,381,1.687122038267076435015366314,23203.88994227259377391791461,1.586156135435539574411808351
false,1.85245086428801741395621303,28739,28725,15,72e6777d760308a8b761fa05fa8dc2be7bb649b0,NQM9,0.1349563461139826606463074825,7.355120863212055005223757795,24.62953316580183556795111555,0,7.355120863212055005223757795,25.97909662694166217441419038,prior_rth,2019-03-11T16:00:00-04:00,28736,true,true,,28725,7,4,true,false,false,true,false,false,99.7995991983967935871743487,7183.125,4.019555623011256428287797249,,9fff80a754d07a8302a9,02d6c21c7b93b5712a96,,WIDTH_EXCEEDS_MAXIMUM,,2019-03-12,2,2019-03-11,INSIDE_VALUE,1.61947615336779192775568979,3,12,2019,3.545981850121783640577247814420037288654,POC_BROAD_DISTRIBUTION,7184.25,02d6c21c7b93b5712a96-Z0028725,7181.25,399,3.809816303099885189437428244,19705.99710888526678000362211,3.300418256691848891867715806
false,3.121037176177492139973317401,30465,30445,21,72e6777d760308a8b761fa05fa8dc2be7bb649b0,NQM9,1.28162523360231887050233637,3.324215449656014570365434961,10.373154234468768358128285,0,3.324215449656014570365434961,11.33437315967050751100503728,prior_rth,2019-05-16T16:00:00-04:00,30465,true,true,,30450,12,4,false,false,false,true,false,false,99.80657640232108317214700193,7614.375,3.917220486544556301642095413,1.182625700219941451184447862,25f76d1584327327ca5d,030771c5b9bcf1d3ee6b,3.312307931255039095186334737,WIDTH_EXCEEDS_MAXIMUM,3.312307931255039095186334737,2019-05-17,2,2019-05-16,INSIDE_VALUE,1.28162523360231887050233637,4,16,2019,3.436466777801962743592969373486204462952,POC_BROAD_DISTRIBUTION,7616.5,030771c5b9bcf1d3ee6b-Z0030450,7612.5,729,3.620072614107883817427385894,37897.74520649830838976254284,3.262173214126767425028176841
false,1.752142266516691054551520773,26284,26272,13,72e6777d760308a8b761fa05fa8dc2be7bb649b0,NQH9,0.2853649555489659537642572523,3.353038227700349956730022715,8.204242472032771170722396004,0,3.923768138798281864258537219,11.05789202752243070836496853,prior_rth,2019-01-14T16:00:00-05:00,26284,true,true,2.674392315456083743735511687,26272,7,4,true,false,false,true,false,false,98.7012987012987012987012987,6569.375,2.87221200263559215792819543,1.073968088390118175882792801,01c89339d2aec35f8233,0327f9c6289d20a35520,2.674392315456083743735511687,WIDTH_EXCEEDS_MAXIMUM,,2019-01-15,2,2019-01-14,INSIDE_VALUE,1.85487221106827869946767214,3.25,13,2019,2.629014921467985173915589393575559960072,POC_BROAD_DISTRIBUTION,6571.25,0327f9c6289d20a35520-Z0026272,6568,958,2.901964384064622728107214981,36523.3986788753989494644439,2.381738209901959234562294307
false,2.996651835793818739408305743,30313,30300,14,72e6777d760308a8b761fa05fa8dc2be7bb649b0,NQU9,0.3337057672350842547980432699,8.384357401781491901800837155,11.4711357487060212586827374,0,12.30540016679373189567784558,11.38770930689725019498322658,prior_rth,2019-08-27T16:00:00-04:00,30313,true,true,2.93068522906699531101515731,30300,11,4,false,false,false,true,false,false,99.32735426008968609865470852,7575.625,3.005774667329797665970838809,1.025621802545716455830733733,315f1806625b8f93218f,038916c838e3f81240a8,2.93068522906699531101515731,WIDTH_EXCEEDS_MAXIMUM,,2019-08-28,2,2019-08-27,INSIDE_VALUE,1.167970185322794891793151445,3.5,14,2019,2.836247941139160084793379047728898998234,POC_BROAD_DISTRIBUTION,7578.5,038916c838e3f81240a8-Z0030300,7575,737,2.954412266983048410001977386,31283.83806280206462835408634,2.722809701785698834784823342
false,0.7694032914248719338964023217,28623,28617,7,72e6777d760308a8b761fa05fa8dc2be7bb649b0,NQH9,0,3.411734820030097361608657848,13.15954859154466125191910884,0,3.736661945747249491285672881,10.88505871152459634418000361,midnight,2019-03-01T09:30:00-05:00,28623,true,true,,28617,3,4,true,false,false,true,false,false,97.02970297029702970297029703,7155.125,2.717005821801165696669594722,,38ee7f0af181fc1dccd6,03c21eab4c532627bdcf,,WIDTH_EXCEEDS_MAXIMUM,,2019-03-01,2,2019-03-01,INSIDE_VALUE,2.274489880020064907739105232,1.75,7,2019,2.602366704675752364114212964401695302471,POC_BROAD_DISTRIBUTION,7156,03c21eab4c532627bdcf-Z0028617,7154.25,474,2.447796298189998977400552204,8391.229861641626347508700449,2.766697731593376558704843993
false,1.206125708305420314238138685,31234,31226,9,72e6777d760308a8b761fa05fa8dc2be7bb649b0,NQU9,0,10.46739980174856157140605758,7.772821634961803147083706122,0,10.46739980174856157140605758,9.431023583753654485128230095,midnight,2019-09-10T09:30:00-04:00,31234,true,true,,31226,4,4,true,false,false,true,false,false,99.46808510638297872340425532,7807.625,2.262995309498348392713128582,,bbe4df33bf128aae96e2,03f2603e5e9a30fb6eb2,,WIDTH_EXCEEDS_MAXIMUM,,2019-09-10,2,2019-09-10,INSIDE_VALUE,1.865477192390832755300089469,2.25,9,2019,2.145079467810964046716039123901766412331,POC_BROAD_DISTRIBUTION,7808.75,03f2603e5e9a30fb6eb2-Z0031226,7806.5,554,2.222905194860630895974730013,7227.473010383149702035150952,2.069978483051167544895543793
true,3.934959162911603444864572189,28181,28163,19,72e6777d760308a8b761fa05fa8dc2be7bb649b0,NQH9,0.1270661217307357879270108115,1.493026930336145508142377035,8.672262808122717526018487886,0,1.556559991201513402105882441,8.989928112449556995836014915,prior_rth,2019-02-14T16:00:00-05:00,28177,true,true,2.428865705543313178864121168,28163,15,4,true,false,false,true,false,false,98.4939759036144578313253012,7041.625,2.753397689527055904782297561,1.133614626466615674195892726,396756399496987fd45a,042251ba58af8a687149,2.428865705543313178864121168,,,2019-02-15,2,2019-02-14,INSIDE_VALUE,0.9529959129805184094525810864,3.75,15,2019,2.611665037328480999840771077970733954948,POC_HVN_ZONE,7044.5,042251ba58af8a687149-Z0028163,7040.75,835,2.934010689527438217706514261,39653.37915311257969924641781,2.324733952589162677627293526
false,1.897772370222002373931399301,28533,28522,12,72e6777d760308a8b761fa05fa8dc2be7bb649b0,NQH9,0,2.305334437706146118105528115,11.39493879209037938377875326,0,2.305334437706146118105528115,12.84400615293424265801651378,opening_hour_rth,2019-02-26T10:30:00-05:00,28530,true,true,2.581190661165120480368854822,28522,7,4,true,false,false,true,false,false,99.45054945054945054945054945,7131.625,2.857875556992247763882838692,1.107192738603135511276274932,ba543a3c171c4d699410,044fc8d538e8d2cb0223,2.581190661165120480368854822,WIDTH_EXCEEDS_MAXIMUM,,2019-02-26,2,2019-02-26,INSIDE_VALUE,1.185600567963160860739985888,2.25,9,2019,2.66958718736785239402641677911531215053,POC_BROAD_DISTRIBUTION,7132.75,044fc8d538e8d2cb0223-Z0028522,7130.5,163,2.834240947740517817903888412,10586.21998427888880495394576,2.514498901951179031054024206
false,0.9450268268376381632807003,31513,31507,7,72e6777d760308a8b761fa05fa8dc2be7bb649b0,NQZ9,0,18.38572144892680332751779113,8.068554017154928078982627763,0,17.85663593960516869938778275,8.597639526476562707112636141,midnight,2019-10-15T09:30:00-04:00,31513,true,true,,31507,3,4,true,false,false,true,false,false,99.38271604938271604938271605,7877.625,2.848013294014719528999894169,,99115c7212ccfbf029dc,0470eeb58bcb2c7e309f,,WIDTH_EXCEEDS_MAXIMUM,,2019-10-15,2,2019-10-15,INSIDE_VALUE,1.851799282625721198455029323,1.75,7,2019,2.697891232827023420497177375269181076743,POC_BROAD_DISTRIBUTION,7878.5,0470eeb58bcb2c7e309f-Z0031507,7876.75,519,2.758012137116614728555027063,7709.97705384914363242536617,2.639080882281541821074992699
false,1.269506439530000135053863418,28399,28389,11,72e6777d760308a8b761fa05fa8dc2be7bb649b0,NQH9,27.37284264021947958302204762,38.89306778016796559458168636,14.47412902198655934785698201,0,45.5885832461209318235223311,16.44339827667860823872187752,prior_rth,2019-03-04T16:00:00-05:00,28399,true,true,,28389,5,4,false,false,false,true,false,false,99.45255474452554744525547445,7098.625,2.158839018736966804604006093,,72c0b1778e98328c56e0,04e69c645caeedcacc6f,,WIDTH_EXCEEDS_MAXIMUM,,2019-03-05,2,2019-03-04,INSIDE_VALUE,2.166196180161253779951385063,2.75,11,2019,2.036701005106089590757399144552955832118,POC_BROAD_DISTRIBUTION,7100,04e69c645caeedcacc6f-Z0028389,7097.25,298,2.035625693379704074891240667,19698.68342030981030090497912,2.037776884861908348069409508
false,0.8415059640723368705208751262,31082,31076,7,72e6777d760308a8b761fa05fa8dc2be7bb649b0,NQU9,10.69511136492236330007670743,21.24167951644302710987457171,3.119407481435689295855706335,0,20.05333380922943118764382644,3.416493908239088276413392653,midnight,2019-07-02T09:30:00-04:00,31082,true,true,,31076,3,4,false,false,false,true,false,false,97.24137931034482758620689655,7769.875,1.738010463537646113118068947,,d0fa36c1b61e1fba625c,065916afcc9d0db18f2b,,WIDTH_EXCEEDS_MAXIMUM,,2019-07-02,2,2019-07-02,INSIDE_VALUE,2.079604987623792863903804223,1.75,7,2019,1.635370010715114625814228875968936036679,POC_BROAD_DISTRIBUTION,7770.75,065916afcc9d0db18f2b-Z0031076,7769,251,1.628848907984246330110991765,3126.210388222888222888222889,1.641917220705298436390873368
true,6.458783142561547790172841825,34058,34047,12,72e6777d760308a8b761fa05fa8dc2be7bb649b0,NQZ9,1.199916428363990051000865811,1.141855956023796984016952949,6.870489226922846259763021981,0,1.141855956023796984016952949,6.018935632600014610665633341,opening_hour_rth,2019-12-13T10:30:00-05:00,34058,true,true,1.908086214159268729817322121,34047,25,4,false,false,false,true,false,false,99.37304075235109717868338558,8512.625,2.04133303549359505604659558,1.069832704804188769237343437,1f1769f9a1b0d95a5f72,069a465479e66bbf20f7,1.908086214159268729817322121,,1.895125039742613973743434407,2019-12-13,2,2019-12-13,INSIDE_VALUE,0.4644837787215445358713028945,3,12,2019,1.963941023868016089437747982800603505282,POC_HVN_ZONE,8514.75,069a465479e66bbf20f7-Z0034047,8511.75,140,1.731007751937984496124031008,5883.503976203976203976203978,2.228218990304056978321851806
false,1.318712545567755426810607114,26717,26708,10,72e6777d760308a8b761fa05fa8dc2be7bb649b0,NQH9,4.929049944847157835138743181,1.042683642179206465125503365,26.25666989851274462179676656,0,10.33204699977577315442544244,11.27994121993868812272135459,midnight,2019-01-23T09:30:00-05:00,26715,true,true,,26708,5,4,false,false,false,true,false,false,89.82300884955752212389380531,6678.375,1.676528397928782481024579411,2.084890184686631832750124212,9aaa46b5ef7709be9ca6,06c13f25f54f4501e90f,0.8041327117575605427552620964,WIDTH_EXCEEDS_MAXIMUM,0.8041327117575605427552620964,2019-01-23,2,2019-01-23,INSIDE_VALUE,1.51663075226066394927345944,2,8,2019,1.517859926812105995367570371344757490816,POC_BROAD_DISTRIBUTION,6679,06c13f25f54f4501e90f-Z0026708,6677,168,1.063410262155500784225857047,4515.486172161172161172161171,2.16651920656860873236830709
false,2.956623581220614111975843799,31858,31844,15,72e6777d760308a8b761fa05fa8dc2be7bb649b0,NQU9,0,3.086290746633641459694545831,1.902507994500189940907596745,0,3.255402568366991676664109986,2.240731637966890374846725055,prior_rth,2019-07-30T16:00:00-04:00,31858,true,true,,31846,11,4,true,false,false,true,false,false,99.61089494163424124513618677,7963.875,4.231764361639379188733548992,1.032323362172181786716533862,c225c4e6180950317d19,06e70b6f2a16b0882785,4.099262417867823920665207639,WIDTH_EXCEEDS_MAXIMUM,4.099262417867823920665207639,2019-07-31,2,2019-07-30,INSIDE_VALUE,1.099226841266776410302167008,3.25,13,2019,3.735270348241137645420877695762493806614,POC_BROAD_DISTRIBUTION,7964.75,06e70b6f2a16b0882785-Z0031846,7961.5,964,3.893266284277520232576412352,49765.86908787013870862642305,3.583686179081534479395206522
false,2.770890018380711791973842862,31553,31538,16,72e6777d760308a8b761fa05fa8dc2be7bb649b0,NQZ9,0,1.578915067353239285202638986,3.47361314817712642744580577,0,1.669138785487710101499932643,3.924731738849480508932274051,prior_rth,2019-09-17T16:00:00-04:00,31552,true,true,3.036790665097439792153120238,31538,11,4,true,false,false,true,false,false,99.54751131221719457013574661,7885.875,3.338140320803786172660713046,1.099232936655736573065734872,81a788551eabb304d913,06fc22a10dadfe91f9b3,3.036790665097439792153120238,WIDTH_EXCEEDS_MAXIMUM,2.329187086432931342749093764,2019-09-18,2,2019-09-17,INSIDE_VALUE,1.353355772017062244459404845,3.75,15,2019,2.998046325870188701094082290090621435055,POC_BROAD_DISTRIBUTION,7888.25,06fc22a10dadfe91f9b3-Z0031538,7884.5,946,3.124351789583800343719644325,35841.15158934112694807037125,2.876846903741617519008308867
false,1.833602497857541223427482544,31043,31029,15,72e6777d760308a8b761fa05fa8dc2be7bb649b0,NQU9,16.36123425609054848448347952,0.7498899034041501388721594782,18.20187310990073518898787097,0,2.795044185415468699432594419,16.15671882788941662842743603,full_overnight,2019-08-22T09:30:00-04:00,31043,false,true,,31029,7,4,false,true,false,true,false,false,98.00664451827242524916943522,7759.125,2.389484532680253044884419116,1.18551791664931505016244341,0d8e1a12cff0f6f55613,0754eec74e603fc9404c,2.015561721271801078990457717,WIDTH_EXCEEDS_MAXIMUM,2.015561721271801078990457717,2019-08-22,2,2019-08-22,INSIDE_VALUE,2.045154282011318560560434941,3.75,15,2019,2.203243746847565856786867031942899956132,POC_BROAD_DISTRIBUTION,7761,0754eec74e603fc9404c-Z0031029,7757.25,833,2.112948215564825348670627397,15832.69769331276852911261116,2.297398001647320181001364736
false,2.252870042927713979436557538,30559,30541,19,72e6777d760308a8b761fa05fa8dc2be7bb649b0,NQU9,0,15.03637553632600713276851226,6.824628010952394381293457595,0,17.25576675939995652505906758,5.603962838261722215533652172,full_overnight,2019-06-26T09:30:00-04:00,30555,true,true,,30546,9,4,true,false,false,true,false,false,99.69418960244648318042813456,7637.625,4.578142049838656336865904503,,55021a7aa6172c200484,0816a70bca8da5dd37cf,,WIDTH_EXCEEDS_MAXIMUM,,2019-06-26,2,2019-06-26,INSIDE_VALUE,1.109695611536974696145277658,2.5,10,2019,4.10418832794964707543340288477472113138,POC_BROAD_DISTRIBUTION,7639,0816a70bca8da5dd37cf-Z0030546,7636.5,1076,5.283856434900135155428743056,10171.42164705088214308836196,3.187891654288763452747804507
false,2.768336058063070861169004348,31413,31391,23,72e6777d760308a8b761fa05fa8dc2be7bb649b0,NQZ9,0,2.212520399089659378729743078,7.360016837788050586386696361,0,1.760985623765239097356326123,7.901858568177354924034796706,prior_rth,2019-09-23T16:00:00-04:00,31413,true,true,,31394,11,4,true,false,false,true,false,false,99.56896551724137931034482759,7850.625,2.651298499843903282416611537,,5251c4c267d2f5c8c18b,0886830907bd7f562b9e,,WIDTH_EXCEEDS_MAXIMUM,,2019-09-24,2,2019-09-23,INSIDE_VALUE,1.806139101297681125493667819,5,20,2019,2.307942036525283805132961196699189393633,POC_BROAD_DISTRIBUTION,7853.5,0886830907bd7f562b9e-Z0031394,7848.5,1202,2.716913484021823850350740452,39900.549074456450953960713,1.960532227207897387627791491
true,3.586157463981335707937220039,29767,29748,20,72e6777d760308a8b761fa05fa8dc2be7bb649b0,NQM9,0,4.984443705981403362353561796,10.7705811548828925801905636,0,4.775306207828337487010055706,11.88598114503257724868926274,prior_rth,2019-05-14T16:00:00-04:00,29767,true,true,1.629408855906354771205476806,29754,14,4,true,false,false,true,false,false,99.78021978021978021978021978,7440.375,3.490755428480014462530273153,1.257272370384741706609796156,e3740655c67db9fb393b,088dc15f93cd4106fdad,2.77645123738128268510451573,,2.77645123738128268510451573,2019-05-15,2,2019-05-14,INSIDE_VALUE,0.9759749913809740849363617502,3.5,14,2019,3.067718532290694304685898494855452770402,POC_HVN_ZONE,7442,088dc15f93cd4106fdad-Z0029754,7438.5,791,3.341674249317561419472247498,34245.78109580653177275918536,2.816222136338295174199464391
false,3.462403554460442696012119321,31046,31025,22,72e6777d760308a8b761fa05fa8dc2be7bb649b0,NQU9,0,0.9025522157791854047048265627,3.357494242698569705501954813,0,0.9025522157791854047048265627,3.429698419960904537878340938,opening_hour_rth,2019-06-21T10:30:00-04:00,31044,true,true,1.231273115804632748731078923,31028,13,4,true,false,false,true,false,false,99.17355371900826446280991736,7758.375,1.936890011510146137635895589,1.573079105397664086158777636,90c7c426c86887967436,092399182ac8a87c17ab,1.231273115804632748731078923,WIDTH_EXCEEDS_MAXIMUM,,2019-06-21,2,2019-06-21,INSIDE_VALUE,1.227471013459692150398564125,4.25,17,2019,1.707856728752352421247403794490351708969,POC_BROAD_DISTRIBUTION,7761.25,092399182ac8a87c17ab-Z0031028,7757,329,1.783477442766901124501590431,17386.91514097596806454601664,1.635442386879633809194776089
false,2.317749064500408215410976157,30108,30094,15,72e6777d760308a8b761fa05fa8dc2be7bb649b0,NQU9,0,11.37957529741691097638375547,14.29188366737194980446301042,0,12.45820802702988832011681286,20.33222695320462292936813181,midnight,2019-08-15T09:30:00-04:00,30108,true,true,3.37375115668479734722896377,30094,9,4,true,false,false,true,false,false,99.72899728997289972899728997,7524.875,3.826922582731419143886441681,1.134322718244557440480954501,a0510cefb400141796d8,098f84fa38635711bb8e,3.37375115668479734722896377,WIDTH_EXCEEDS_MAXIMUM,,2019-08-15,2,2019-08-15,INSIDE_VALUE,1.617949094419466015599586086,3.75,15,2019,3.482498187883198474201199502283078912144,POC_BROAD_DISTRIBUTION,7527.25,098f84fa38635711bb8e-Z0030094,7523.5,1039,3.783214920071047957371225578,16020.60402041619953788033904,3.205684552645506008067808206
false,4.26039728883053331359367625,29707,29682,26,72e6777d760308a8b761fa05fa8dc2be7bb649b0,NQM9,1.232279443460332723446592955,3.667498343631942629305336177,1.731059218194276921032118675,0,6.601497018537496732749605118,9.183415852454384343780561787,prior_rth,2019-06-07T16:00:00-04:00,29707,true,true,,29689,17,4,false,false,false,true,false,false,99.64788732394366197183098592,7424.875,6.114662144812722683115754796,1.386868922746215850735321637,324d8122f497729cb700,09946e5c23d4668a278e,4.40896904136026209047275149,WIDTH_EXCEEDS_MAXIMUM,4.40896904136026209047275149,2019-06-10,2,2019-06-07,INSIDE_VALUE,1.114919496464110559308822198,4.75,19,2019,5.337756339466238307923656418560769259565,POC_BROAD_DISTRIBUTION,7427,09946e5c23d4668a278e-Z0029689,7422.25,1220,5.647503708171015957360108229,60404.31601509395472427189367,5.044997615192223755399450031
true,3.37105253840253687097132395,31238,31221,18,72e6777d760308a8b761fa05fa8dc2be7bb649b0,NQM9,0,1.149492615690965193516991777,4.338407614059449278757678642,0,1.81693994093088046717201926,7.453161798512387222481140231,full_overnight,2019-04-26T09:30:00-04:00,31230,true,true,2.920340274325834766900599587,31221,13,4,true,false,false,true,false,false,99.59839357429718875502008032,7806.375,3.369340486775869057079371094,1.153749279286875810692325213,c5e5c514efb706ad2d44,09e63a4daac9f7527e52,2.920340274325834766900599587,,0.9426416419990117375179398754,2019-04-26,2,2019-04-26,INSIDE_VALUE,0.7416081391554614151722527593,2.5,10,2019,3.050631894196943075837116041741589425618,POC_HVN_ZONE,7807.75,09e63a4daac9f7527e52-Z0031221,7805.25,724,3.362103692651995524058187245,10940.1085997335997335997336,2.768015446469131449774251033
false,1.304922921435049931967325759,33026,33016,11,72e6777d760308a8b761fa05fa8dc2be7bb649b0,NQZ9,0,9.866483137441638349687052842,7.950661169006368767223547435,0,9.866483137441638349687052842,5.843257003727572226513691489,full_overnight,2019-11-12T09:30:00-05:00,33026,true,true,,33018,5,4,true,false,false,true,false,false,98.9010989010989010989010989,8255.375,2.892670357805055590961132682,,007f4fc87fd18f6a0c42,0a4720417b22b0fe62ff,,WIDTH_EXCEEDS_MAXIMUM,,2019-11-12,2,2019-11-12,INSIDE_VALUE,1.724239771591742624217154866,2.25,9,2019,2.598301134877450200074063409537463128854,POC_BROAD_DISTRIBUTION,8256.75,0a4720417b22b0fe62ff-Z0033018,8254.5,543,2.453232052427762883526958594,8181.997139410297305034147139,2.75194871224039597704783222
false,1.567921448863779520956323328,31901,31890,12,72e6777d760308a8b761fa05fa8dc2be7bb649b0,NQU9,0.1594467632171029216320118374,6.298147147075565404464467579,1.833637776996683598768136131,0,5.979253620641359561200443904,1.993084540213786520400147968,opening_hour_rth,2019-07-31T10:30:00-04:00,31901,true,true,,31890,6,4,true,false,false,true,false,false,99.00990099009900990099009901,7974.125,1.912960471436414871154892224,1.200386939024805964562356745,abaae0f4505ad3acd743,0acb9ac11443686ee1c3,1.593619864766692195126943071,WIDTH_EXCEEDS_MAXIMUM,1.593619864766692195126943071,2019-07-31,2,2019-07-31,INSIDE_VALUE,1.913361158605235059584142049,3,12,2019,1.73140939581767798029433012529655179254,POC_BROAD_DISTRIBUTION,7975.5,0acb9ac11443686ee1c3-Z0031890,7972.5,209,1.673723437995559784332381859,15831.19231842327917430284353,1.791083537382888401175483683
false,1.791794080913788187081218203,31423,31409,15,72e6777d760308a8b761fa05fa8dc2be7bb649b0,NQM9,0.4185748842397733646786056598,2.860261708971784658637138675,6.627435667129744940744589613,0,2.720736747558526870410936789,6.906485589956260517196993387,prior_rth,2019-04-29T16:00:00-04:00,31422,true,true,,31409,7,4,true,false,false,true,false,false,98.14814814814814814814814815,7854.125,2.360776852640870107600158293,,35683b4b334370dfd304,0b75d6b06fb954ab32d6,,WIDTH_EXCEEDS_MAXIMUM,,2019-04-30,2,2019-04-29,INSIDE_VALUE,1.953349459785609035166826412,3.5,14,2019,2.086235716017987013673090569511027875924,POC_BROAD_DISTRIBUTION,7855.75,0b75d6b06fb954ab32d6-Z0031409,7852.25,633,2.038606814838376207705459028,44295.95743622177378983186605,2.1349773929477156679718102
false,1.245497688247997691214189225,34650,34642,9,72e6777d760308a8b761fa05fa8dc2be7bb649b0,NQH0,0,2.308314200120412754851464393,21.97916564462479970923785661,0,9.333618287443408095703747329,20.57410482716020064106740003,prior_rth,2019-12-19T16:00:00-05:00,34649,true,true,,34643,4,4,true,false,false,true,false,false,99.54545454545454545454545455,8661.625,2.882517860820312472892207064,,ddbfe9820f611c06d868,0b8959dd7dcbd51641bf,,WIDTH_EXCEEDS_MAXIMUM,,2019-12-20,2,2019-12-19,INSIDE_VALUE,1.405060817464599068170456587,1.75,7,2019,2.600032432515500138569921180320149205899,POC_BROAD_DISTRIBUTION,8662.5,0b8959dd7dcbd51641bf-Z0034643,8660.75,215,2.647783251231527093596059113,15161.22323232323232323232324,2.553142764608169605195822702
true,5.220188097339335853900731321,30199,30185,15,72e6777d760308a8b761fa05fa8dc2be7bb649b0,NQU9,1.915639784148175444199873293,1.843803292242618865042378045,3.855225065598203081452245003,0,1.987476276053732023357368542,3.80733407099449869534724817,opening_hour_rth,2019-08-26T10:30:00-04:00,30199,true,true,1.504714325525103717265657873,30185,20,4,false,false,false,true,false,false,98.17351598173515981735159817,7547.375,1.77301028283942124747253624,1.178303584117662769898135801,fdb6f4b486a337be726e,0bbd3bf7d447b8eac1a2,1.504714325525103717265657873,,1.438762306623325265150449326,2019-08-26,2,2019-08-26,INSIDE_VALUE,0.7183649190555657915749524849,3.75,15,2019,1.625567569023757806457767519461914817367,POC_HVN_ZONE,7550,0bbd3bf7d447b8eac1a2-Z0030185,7546.25,213,1.59476923076923076923076923,12363.76399227196589671127605,1.65696068777751904326180805
false,0.8606958393563736313712017312,30601,30596,6,72e6777d760308a8b761fa05fa8dc2be7bb649b0,NQM9,4.066477192009307199863755393,1.888007267718606914222457861,6.535409772872100856923892596,0,3.049857894006980399897816545,5.373559146583727371248533912,midnight,2019-04-15T09:30:00-04:00,30601,true,true,1.551898515161384410157570757,30596,3,4,false,false,false,true,false,false,83.87096774193548387096774194,7649.625,1.678758237724555517939827379,1.081744857233772636359645846,b757eb478d73473c7d5e,0c46dfbea6a39bfe6b32,1.551898515161384410157570757,WIDTH_EXCEEDS_MAXIMUM,,2019-04-15,2,2019-04-15,INSIDE_VALUE,1.742775939432560228513038026,1.5,6,2019,1.614074365223533330328361532762664683059,POC_BROAD_DISTRIBUTION,7650.5,0c46dfbea6a39bfe6b32-Z0030596,7649,257,1.455159817351598173515981735,5113.567821067821067821067821,1.790343593470922873918062644
true,2.130335619154407052556887716,29120,29114,7,72e6777d760308a8b761fa05fa8dc2be7bb649b0,NQM9,0,3.696600633812722628871866267,1.584257414491166840945085543,0,3.579248232739302862875934004,2.053667018784845904928814593,prior_rth,2019-03-14T16:00:00-04:00,29120,true,true,1.848393987143578773289531201,29114,8,4,true,false,false,true,false,false,95.53571428571428571428571429,7279.375,1.8941839410363851053924549,1.024772832097104998459137402,cfcb6a1bbfa7cdbba56b,0c8a1f406e0e5bca8ff7,1.848393987143578773289531201,,1.797666691286468501117254224,2019-03-15,2,2019-03-14,INSIDE_VALUE,0.821466807513938361971525837,1.75,7,2019,1.849946093215483810812653865849048427843,POC_HVN_ZONE,7280.25,0c8a1f406e0e5bca8ff7-Z0029114,7278.5,516,1.89010989010989010989010989,27772.32336244943157961916781,1.81063575494240737230367616
false,2.124907890250838610838434947,31748,31732,17,72e6777d760308a8b761fa05fa8dc2be7bb649b0,NQU9,0,8.412129336057909391616023373,6.529694799317677919366283877,0,8.412129336057909391616023373,5.588477530947562183241414129,full_overnight,2019-09-12T09:30:00-04:00,31748,true,true,,31732,8,4,true,false,false,true,false,false,99.6677740863787375415282392,7935.125,2.943905401147206248388532131,1.273904320410950263627950917,9eb68bb16908ea3db6fc,0cab395ad3c3958b7e80,2.310931326614488920557406984,WIDTH_EXCEEDS_MAXIMUM,2.310931326614488920557406984,2019-09-12,2,2019-09-12,INSIDE_VALUE,2.000086695286495939265348214,4.25,17,2019,2.521126514569215342783928837881503494683,POC_BROAD_DISTRIBUTION,7937.25,0cab395ad3c3958b7e80-Z0031732,7933,1141,2.297294947089593171815007559,18737.75666701357409254704372,2.766766588032736654849173804
false,2.55578623622786731139930455,30259,30239,21,72e6777d760308a8b761fa05fa8dc2be7bb649b0,NQU9,0,13.44987288558792192622899552,11.10225870919439373546902539,0,13.05860385618900056110233383,7.776471959303562131892401047,midnight,2019-08-26T09:30:00-04:00,30259,true,true,,30239,10,4,true,false,false,true,false,false,99.87325728770595690747782003,7562.375,5.528747581888948459204619088,,229968efc5b2f3d4f4ba,0cb9d8bc15299fbd9847,,WIDTH_EXCEEDS_MAXIMUM,,2019-08-26,2,2019-08-26,INSIDE_VALUE,2.054162404344337166914973861,5.25,21,2019,4.976413073510284644463980205025702981779,POC_BROAD_DISTRIBUTION,7565,0cb9d8bc15299fbd9847-Z0030239,7559.75,1752,4.681398396781370965283916,27160.40643605879003722769559,5.290019130871383826125541146
false,1.027574651709990626634480999,28294,28286,9,72e6777d760308a8b761fa05fa8dc2be7bb649b0,NQM9,0,2.554558927306865909080011627,12.52950331012415183977339036,0,8.880133413971486255373373752,8.636842087561308549746705978,midnight,2019-03-11T09:30:00-04:00,28293,true,true,,28286,4,4,true,false,false,true,false,false,99.28057553956834532374100719,7072.625,2.834696458353185269300727996,,cc1e9f0cbc09e4582b82,0d2906930226b18dbabc,,WIDTH_EXCEEDS_MAXIMUM,,2019-03-11,2,2019-03-11,INSIDE_VALUE,1.946330611281421645013342192,2,8,2019,2.619739996455978478504942513989536748889,POC_BROAD_DISTRIBUTION,7073.5,0d2906930226b18dbabc-Z0028286,7071.5,460,2.686554621848739495798319328,5104.61627780880372077033808,2.554587051093866892721121692
false,0.8434367061552240159749907146,28013,28007,7,72e6777d760308a8b761fa05fa8dc2be7bb649b0,NQH9,1.778438131816311645104537576,13.78289552157641524956016622,8.151174770824761706729130558,0,20.00742898293350600742604773,8.447581126127480314246553487,midnight,2019-02-06T09:30:00-05:00,28013,true,true,,28008,3,4,false,false,false,true,false,false,95.39473684210526315789473684,7002.625,2.480825166906797728209894477,,34f75f010d4f36366b1f,0d4843f06f8a0ba2bdca,,WIDTH_EXCEEDS_MAXIMUM,,2019-02-06,2,2019-02-06,INSIDE_VALUE,1.778438131816311645104537576,1.5,6,2019,2.431554317542411480629327323673323379573,POC_BROAD_DISTRIBUTION,7003.5,0d4843f06f8a0ba2bdca-Z0028008,7002,336,2.742268041237113402061855671,3945.394204684204684204684203,2.156046130520439161881847069
false,1.406444871184817729774513956,30046,30036,11,72e6777d760308a8b761fa05fa8dc2be7bb649b0,NQM9,0,5.954730378407743683288207885,8.443274417145308207647458941,0,5.599224087159520179808314877,9.154286999641755214607244957,prior_rth,2019-04-02T16:00:00-04:00,30046,true,true,,30036,5,4,true,false,false,true,false,false,98.91891891891891891891891892,7510.375,2.560926651395797300563907622,,8bba5b690232d8140da2,0d66bae753478c067f42,,WIDTH_EXCEEDS_MAXIMUM,,2019-04-03,2,2019-04-02,INSIDE_VALUE,1.955284601865229269139411544,2.75,11,2019,2.320954450601713125844094601477927835202,POC_BROAD_DISTRIBUTION,7511.75,0d66bae753478c067f42-Z0030036,7509,558,2.48202736168882690966795701,36787.66214959790811184000038,2.170334479351823399221121827
true,2.87123921145472967901887451,33495,33474,22,72e6777d760308a8b761fa05fa8dc2be7bb649b0,NQZ9,0,6.399675766022365557995223359,2.568577348267480053889239307,0,6.660887021778380478729722271,3.439281534120863123004235683,prior_rth,2019-12-10T16:00:00-05:00,33490,true,true,,33480,11,4,true,false,false,true,false,false,99.57983193277310924369747899,8371.375,2.669277369822667840598858854,1.882177054771136875120069796,d2c40e5b5f9e7caa8f4d,0dd2695b9472a4bcd6b3,1.418186117536768264938634917,,1.418186117536768264938634917,2019-12-11,2,2019-12-10,INSIDE_VALUE,0.9577746044387213760264960129,2.75,11,2019,2.386412811006987129813746116396307385326,POC_HVN_ZONE,8372.75,0dd2695b9472a4bcd6b3-Z0033480,8370,561,2.673568281938325991189427314,24335.84826621233270849639136,2.130099366831747086202421084
false,2.02461683265312180733807878,31786,31770,17,72e6777d760308a8b761fa05fa8dc2be7bb649b0,NQZ9,5.68008712291996356989724234,10.92799370387862556382404233,5.371386735804748158489783517,0,13.15063649110817652595774585,8.581870761802988437127355275,prior_rth,2019-10-15T16:00:00-04:00,31784,true,true,,31774,8,4,false,false,false,true,false,false,99.25,7944.625,4.075113792146127407091890561,,f95fb9d87d50bf8a6e74,0e4744e3a89c179e0fd4,,WIDTH_EXCEEDS_MAXIMUM,,2019-10-16,2,2019-10-15,INSIDE_VALUE,1.35828170330694781019281882,2.75,11,2019,3.564039215856069689212368163136898218974,POC_BROAD_DISTRIBUTION,7946.25,0e4744e3a89c179e0fd4-Z0031774,7943.5,430,3.647390631295459846894416524,23629.36450469465175347528288,3.482592575407364378586311309
false,1.71091331618363283824366743,30513,30501,13,72e6777d760308a8b761fa05fa8dc2be7bb649b0,NQM9,3.799140458207967477630481979,4.16444242534334896586418217,8.986428391530384610549024682,0,4.456683999051654156451142322,8.401945244113774229375104378,prior_rth,2019-04-11T16:00:00-04:00,30511,true,true,,30501,6,4,false,false,false,true,false,false,94.68085106382978723404255319,7626.875,2.163411800372189507453646069,,cf422b3f0cf0efd92936,0e648178b8149488435f,,WIDTH_EXCEEDS_MAXIMUM,,2019-04-12,2,2019-04-11,INSIDE_VALUE,1.607328655395678548228280837,2.75,11,2019,1.90433270721413559847975855193019298326,POC_BROAD_DISTRIBUTION,7628,0e648178b8149488435f-Z0030501,7625.25,433,1.845017112032818839101561615,30003.08210548481446314263652,1.965555243967304437437059272
false,3.923210169899265333675561647,31824,31796,29,72e6777d760308a8b761fa05fa8dc2be7bb649b0,NQU9,0,3.345474606662993348683911645,3.154304629139393728759116694,0,3.791537887551392461841766531,3.218027954980593602067381678,prior_rth,2019-07-25T16:00:00-04:00,31824,true,true,,31796,15,4,true,false,false,true,false,false,99.62546816479400749063670412,7952.875,2.409295412501893660285686461,1.347853497080066562626147046,0a4c2854b97bffcf07db,0edf6b5c1d0568bff8da,1.787505405981651911500794309,WIDTH_EXCEEDS_MAXIMUM,1.787505405981651911500794309,2019-07-26,2,2019-07-25,INSIDE_VALUE,1.847976449394796325939684528,7.25,29,2019,2.142443793965217037897268864547531651682,POC_BROAD_DISTRIBUTION,7956.25,0edf6b5c1d0568bff8da-Z0031796,7949,1561,2.241766575766866215932744906,73086.02157292067465565914075,2.047521566213867845669983194
false,1.211788318655971438969326621,26383,26375,9,72e6777d760308a8b761fa05fa8dc2be7bb649b0,NQH9,16.91714607608788265708824415,24.03472582761266255549732248,4.435593178486457038138990844,0,18.25813936260704408722328789,2.372526583841593299469692777,midnight,2019-01-11T09:30:00-05:00,26383,false,true,,26375,4,4,false,false,false,true,false,false,88.63636363636363636363636364,6594.875,1.489296667436618490764248767,,86985209eeb89b6650fd,0f91db81e1a0ee00f2ef,,WIDTH_EXCEEDS_MAXIMUM,,2019-01-11,2,2019-01-11,INSIDE_VALUE,1.85675993518037736480236826,2.25,9,2019,1.366168172347178633555223001165097467262,POC_BROAD_DISTRIBUTION,6596,0f91db81e1a0ee00f2ef-Z0026375,6593.75,242,1.063948840927258193445243805,4649.777235466631751461472823,1.754234229446410524746132346
false,2.618170781885286204983465208,31804,31789,16,72e6777d760308a8b761fa05fa8dc2be7bb649b0,NQU9,0,3.67623077401744313845303389,3.867203801239128496294749936,0,4.440122882904184569819898075,4.058176828460813854136465982,opening_hour_rth,2019-07-19T10:30:00-04:00,31804,true,true,,31794,10,4,true,false,false,true,false,false,99.43181818181818181818181818,7949.875,2.223347198661488632924167124,1.286918599881084480118685917,e57ab8a6edbe4e2f152f,0fa92c126fa7f91aa9a5,1.727651771345082153204981833,WIDTH_EXCEEDS_MAXIMUM,1.727651771345082153204981833,2019-07-19,2,2019-07-19,INSIDE_VALUE,1.050351649719269468129438254,2.75,11,2019,1.920198505384946449129152632029304652864,POC_BROAD_DISTRIBUTION,7951.25,0fa92c126fa7f91aa9a5-Z0031794,7948.5,150,1.995012468827930174563591022,9147.732426266126042997818834,1.848190102916394336468691694
false,2.293986134804343636934519905,31457,31440,18,72e6777d760308a8b761fa05fa8dc2be7bb649b0,NQU9,0,11.17051215402641558757091201,1.689199398901555527876576938,0,13.24114367526058042819381277,4.304733952039447958137083164,prior_rth,2019-09-11T16:00:00-04:00,31455,true,true,,31443,9,4,true,false,false,true,false,false,99.3993993993993993993993994,7862.375,3.31983241357872414234209484,1.56120084421752476987163838,6ffc004efef144f7217e,0fdecf3a7cead46ffa95,2.12646081116015989276100057,WIDTH_EXCEEDS_MAXIMUM,2.12646081116015989276100057,2019-09-12,2,2019-09-11,INSIDE_VALUE,1.416747882949691733057774206,3.25,13,2019,2.950177516916628931415591328003966735523,POC_BROAD_DISTRIBUTION,7864,0fdecf3a7cead46ffa95-Z0031443,7860.75,581,3.060361600151853082143026621,29458.39150721311712023786328,2.8439604590805551290379204
false,0.8394086635579303521421249567,29951,29945,7,72e6777d760308a8b761fa05fa8dc2be7bb649b0,NQM9,0,7.296803411628469103657880013,8.488118254343321202214268586,0,7.296803411628469103657880013,9.381604386379460276131560016,midnight,2019-06-12T09:30:00-04:00,29951,true,true,,29945,3,4,true,false,false,true,false,false,99.30555555555555555555555556,7487.125,2.685889645821085054890859599,,b2cb2fbdb76f143f0e04,1009a9a4f50e07b22f58,,WIDTH_EXCEEDS_MAXIMUM,,2019-06-12,2,2019-06-12,INSIDE_VALUE,2.084800974750991172473680004,1.75,7,2019,2.593079789919239127881763572152869898092,POC_BROAD_DISTRIBUTION,7488,1009a9a4f50e07b22f58-Z0029945,7486.25,527,2.573259638533789969821301414,8682.048735740523666220260648,2.613052603086289911037135609
false,0.9919087970636029014941808025,31494,31488,7,72e6777d760308a8b761fa05fa8dc2be7bb649b0,NQU9,21.92741919860738216306933884,1.386216156233800021803234065,27.346264172975873157391072,0,10.45963099703685470996985703,17.51673142877256391187723045,midnight,2019-07-18T09:30:00-04:00,31494,true,true,,31488,3,4,false,false,false,true,false,false,99.55357142857142857142857143,7872.875,3.107988700579543722654376826,,44126a069d63b896149c,108932cde6d31faddd69,,WIDTH_EXCEEDS_MAXIMUM,,2019-07-18,2,2019-07-18,INSIDE_VALUE,1.764275107933927300476843355,1.75,7,2019,2.91505429787516433340573861311941255141,POC_BROAD_DISTRIBUTION,7873.75,108932cde6d31faddd69-Z0031488,7872,298,2.74654377880184331797235023,5727.202217145599498540675012,3.093903554403727192134877446
true,4.211357251771601169337598388,26726,26717,10,72e6777d760308a8b761fa05fa8dc2be7bb649b0,NQH9,0.8310859874278410108410404442,3.057209168038129432736684491,3.591478731384598653991639063,0,3.116572452854403790653901666,3.413388876935775580239987539,prior_rth,2019-01-28T16:00:00-05:00,26726,true,true,1.792409487828320198208669816,26717,16,4,false,false,false,true,false,false,97.79735682819383259911894273,6680.125,1.832788022810082399199308936,1.022527516873772384663018035,d0c17379b5227ac23b01,109859a0960c55dc5287,1.792409487828320198208669816,,1.423529232866394343505920416,2019-01-29,2,2019-01-28,INSIDE_VALUE,0.5936328481627435791721717459,2.5,10,2019,1.667941637155258955819033343342880506352,POC_HVN_ZONE,6681.75,109859a0960c55dc5287-Z0026717,6679.25,492,1.639277851166886833993835315,28500.55078718651440174180252,1.697106627150384630509132426
true,2.002148877509503533262150581,30107,30097,11,72e6777d760308a8b761fa05fa8dc2be7bb649b0,NQM9,15.23363239497919238417420866,0.8116279554702028729273143957,22.03882063699858570333399859,0,17.66851626138980100295615184,12.67388268926547563109575556,full_overnight,2019-05-16T09:30:00-04:00,30105,true,true,1.159700294414950713524801096,30098,8,4,false,false,false,true,false,false,93.98907103825136612021857923,7525.625,1.73444991435029096106779696,1.495601857396519641817123931,e1e52fea2f87a7b34913,10b95c8b81f33620853f,1.159700294414950713524801096,,0.9946634210747368780020988262,2019-05-16,2,2019-05-16,INSIDE_VALUE,0.9989267144248650743720792562,2,8,2019,1.557228185284156251030619020200457979945,POC_HVN_ZONE,7526.5,10b95c8b81f33620853f-Z0030098,7524.5,298,1.53426738690074274139095206,4582.197198712461870356607198,1.58053259930256589891744911
false,0.8960125729534187049138324908,28408,28402,7,72e6777d760308a8b761fa05fa8dc2be7bb649b0,NQH9,0.2790139419315903179433066,3.4876742741448789742913325,7.393869461187143425497624901,0,3.2086603322132886563480259,7.951897345050324061384238101,midnight,2019-02-27T09:30:00-05:00,28408,true,true,,28402,3,4,true,false,false,true,false,false,98.62068965517241379310344828,7101.375,3.562309205841424158092628117,,4dd1884e2517ed2ea2b6,110df4c244c93a66a964,,WIDTH_EXCEEDS_MAXIMUM,,2019-02-27,2,2019-02-27,INSIDE_VALUE,1.9530975935211322256031462,1.75,7,2019,3.411548625839055609263611266910474315363,POC_BROAD_DISTRIBUTION,7102.25,110df4c244c93a66a964-Z0028402,7100.5,600,3.622434109172669359203897241,6683.735386581942309496489063,3.212940160041313349744861916
false,2.801843368165274050550926853,27544,27530,15,72e6777d760308a8b761fa05fa8dc2be7bb649b0,NQH9,0,10.39494224799292413173585092,2.632195676530397097735687573,0,10.39494224799292413173585092,3.256784481130830307367884624,opening_hour_rth,2019-02-01T10:30:00-05:00,27544,true,true,1.495721676143480193067727416,27530,11,4,true,false,false,true,false,false,99.11111111111111111111111111,6883.375,1.604593642963671407660323153,1.072788920931401575920042155,bba4edc789cf56b0d1ea,116b175c0344bd1922fe,1.495721676143480193067727416,WIDTH_EXCEEDS_MAXIMUM,,2019-02-01,2,2019-02-01,INSIDE_VALUE,1.338404581286642592068993681,3.75,15,2019,1.463898462788765272480469351999185422156,POC_BROAD_DISTRIBUTION,6886.25,116b175c0344bd1922fe-Z0027530,6882.5,184,1.559322033898305084745762711,10988.83461808461808461808462,1.374314389695253141366966846
false,1.88113572414022685859101632,28616,28602,15,72e6777d760308a8b761fa05fa8dc2be7bb649b0,NQH9,0.1328984383167049298369480717,2.990214862125860921331331613,14.02078524241237009779802157,0,5.648183628459959518070293048,12.02730866766179615024380049,prior_rth,2019-03-01T16:00:00-05:00,28616,true,true,,28602,7,4,true,false,false,true,false,false,99.1769547325102880658436214,7152.375,2.465891289995635821021552016,,898785a433b35db1a9c3,11a518d1845d0aae88c2,,WIDTH_EXCEEDS_MAXIMUM,,2019-03-04,2,2019-03-01,INSIDE_VALUE,1.993476574750573947554221076,3.75,15,2019,2.24272948723004428359058630731492717689,POC_BROAD_DISTRIBUTION,7154.25,11a518d1845d0aae88c2-Z0028602,7150.5,605,2.201977083801392945405526848,43098.60018640947601776784708,2.284236103042388777977547279
false,2.058191320450199312988309568,31576,31561,16,72e6777d760308a8b761fa05fa8dc2be7bb649b0,NQU9,0,3.218845563176740021837407826,3.583243174102408703554850222,0,3.218845563176740021837407826,3.826174914719521158033145152,opening_hour_rth,2019-07-18T10:30:00-04:00,31576,true,true,,31561,8,4,true,false,false,true,false,false,99.39759036144578313253012048,7892.375,2.741648152443730720908381627,1.175306062724975946069911895,9dff45e5738bb206ef73,11dba2969aa221f43100,2.332709954790118418131424666,WIDTH_EXCEEDS_MAXIMUM,2.332709954790118418131424666,2019-07-18,2,2019-07-18,INSIDE_VALUE,1.943453924936899635826359442,4,16,2019,2.5333251712684624474040056852114631664,POC_BROAD_DISTRIBUTION,7894.25,11dba2969aa221f43100-Z0031561,7890.25,298,2.617908552074513124470787469,19875.96565855585912121112013,2.45147463928668107162040671
false,1.848856659964014671732720716,31157,31143,15,72e6777d760308a8b761fa05fa8dc2be7bb649b0,NQU9,0,3.042420822450066254472681217,1.690233790250036808040378454,0,3.177639525670069199115911494,1.960671196690042697326839007,opening_hour_rth,2019-07-02T10:30:00-04:00,31155,true,true,,31143,7,4,true,false,false,true,false,false,98.83720930232558139534883721,7787.625,2.320405963749681185124303624,,fb6426dff916a97fb412,1218dad20c06ce59591e,,WIDTH_EXCEEDS_MAXIMUM,,2019-07-02,2,2019-07-02,INSIDE_VALUE,1.757843141860038280361993592,3.25,13,2019,2.007991732639224608197160147279665577007,POC_BROAD_DISTRIBUTION,7789,1218dad20c06ce59591e-Z0031143,7785.75,320,2.07338205379341520379718225,18686.79349483723277901854079,1.944663691368678757298967091
false,1.65015337144140935169013842,28623,28611,13,72e6777d760308a8b761fa05fa8dc2be7bb649b0,NQH9,3.93902779735089017594226375,5.681290092333014676839803485,2.045264433239885283662329255,0,3.71177619365756958886867161,4.014778331915330371633461129,opening_hour_rth,2019-02-25T10:30:00-05:00,28623,true,true,,28611,6,4,false,false,false,true,false,false,99.01960784313725490196078431,7154.375,1.708981284493879889442575976,,e6f00faf633a5a7d13ac,1281745af004dda00df2,,WIDTH_EXCEEDS_MAXIMUM,,2019-02-25,2,2019-02-25,INSIDE_VALUE,1.969513898675445087971131875,3.25,13,2019,1.541147135182180402326921924944053436198,POC_BROAD_DISTRIBUTION,7156,1281745af004dda00df2-Z0028611,7152.75,195,1.485436893203883495145631068,16868.90388533627024675618027,1.598946749704999405417456529
false,1.471859139366267164200916623,32947,32937,11,72e6777d760308a8b761fa05fa8dc2be7bb649b0,NQZ9,0,10.61582564669034653100412277,2.632724760379205939689022448,0,10.44597243634330098650805681,5.859935756973071285114275771,prior_rth,2019-11-11T16:00:00-05:00,32947,true,true,,32938,5,4,true,false,false,true,false,false,98.9010989010989010989010989,8235.625,2.601224487740294762183590367,,89945bc28a04ba07d262,12b0dd1ebe5c9deca54a,,WIDTH_EXCEEDS_MAXIMUM,,2019-11-12,2,2019-11-11,INSIDE_VALUE,1.698532103470455444960659644,2.5,10,2019,2.340348616703133550489981898505571922681,POC_BROAD_DISTRIBUTION,8237,12b0dd1ebe5c9deca54a-Z0032938,8234.5,433,2.5762013729977116704805492,17981.33355280340574458221517,2.126088319458843759672805873
true,6.458783142561547790172841825,34006,33980,27,72e6777d760308a8b761fa05fa8dc2be7bb649b0,NQZ9,0,1.0644419929035395613717358,3.735223720552420642631727443,0,2.496600310628301880308253058,3.270739941830876106760424549,prior_rth,2019-12-13T16:00:00-05:00,33990,true,true,3.367879203555570003641684179,33980,25,4,true,false,false,true,false,false,99.68652037617554858934169279,8496.375,3.819203197679640285006298424,1.134008367535152136549207944,6bb2954e9fc334884a27,12cbc2a587e41394df77,3.367879203555570003641684179,,0.99371779387303407680470329,2019-12-16,2,2019-12-13,INSIDE_VALUE,0.4257767971614158245486943199,2.75,11,2019,3.473546957641154263956261872383730471568,POC_HVN_ZONE,8497.75,12cbc2a587e41394df77-Z0033980,8495,910,3.976793248945147679324894516,16705.0131921936970693334345,3.033984346593457973550128088
false,1.614709170248974381712502727,27541,27529,13,72e6777d760308a8b761fa05fa8dc2be7bb649b0,NQH9,0,3.019119535469236593448223479,6.734958963739066246922960069,0,1.780506392712626708956644616,7.044612249428218718045854785,full_overnight,2019-02-04T09:30:00-05:00,27539,true,true,,27529,6,4,true,false,false,true,false,false,99.35483870967741935483870968,6883.875,2.774362038084502307218498377,,1c5602ce7529ef5146c2,12ee6821d1670c2d8845,,WIDTH_EXCEEDS_MAXIMUM,,2019-02-04,2,2019-02-04,INSIDE_VALUE,1.703093071290338591175920937,2.75,11,2019,2.440800012776034659607417528225593211935,POC_BROAD_DISTRIBUTION,6885,12ee6821d1670c2d8845-Z0027529,6882.25,917,2.344649543887431748074099734,9192.427982638276755923814747,2.540893464398069928860919124
false,0.7114619386591325415899547762,32104,32100,5,72e6777d760308a8b761fa05fa8dc2be7bb649b0,NQU9,0,6.852088263762559350725918716,18.09654079916778495191716994,0,7.554866547225385950800371917,14.93403852358506525158213053,midnight,2019-07-29T09:30:00-04:00,32104,true,true,,32100,2,4,true,false,false,true,false,false,98.24561403508771929824561404,8025.625,2.524543530593132638276688174,,9c9c2ac062c08de66df9,134bd41414aca5209a91,,WIDTH_EXCEEDS_MAXIMUM,,2019-07-29,2,2019-07-29,INSIDE_VALUE,1.756945708657066500186133004,1.25,5,2019,2.419706531825595146556804049152965079793,POC_BROAD_DISTRIBUTION,8026.25,134bd41414aca5209a91-Z0032100,8025,223,2.1185,4170.335714285714285714285714,2.763738352683242812297573371
false,1.979785745536312515450281108,31180,31168,13,72e6777d760308a8b761fa05fa8dc2be7bb649b0,NQU9,0.252552581069600988546920388,7.892268158425030892091262124,5.745571219333422489442438826,0,7.76599186789023039781780193,5.745571219333422489442438826,opening_hour_rth,2019-07-09T10:30:00-04:00,31180,true,true,,31168,7,4,true,false,false,true,false,false,99.49748743718592964824120603,7793.875,3.19561029837172117044974751,1.194757853970529245568984124,65111e7a9ccf6319d287,137da0f4f4726b17cc8f,2.674692857428620332659824923,WIDTH_EXCEEDS_MAXIMUM,2.674692857428620332659824923,2019-07-09,2,2019-07-09,INSIDE_VALUE,1.641591776952406425554982522,3.25,13,2019,2.83044570620085460475267643276050007149,POC_BROAD_DISTRIBUTION,7795.25,137da0f4f4726b17cc8f-Z0031168,7792,219,2.990530432992520414465106705,15144.10125952560163086478878,2.67893040223439579764709963
true,3.064554461912830005031122328,29455,29442,14,72e6777d760308a8b761fa05fa8dc2be7bb649b0,NQM9,0,9.340672634720572437512949525,4.772308726036275000825393425,0,9.422250561661363463168084455,3.059172260279663462067559888,full_overnight,2019-05-14T09:30:00-04:00,29451,true,true,3.177816718879625106103664338,29442,12,4,true,false,false,true,false,false,99.77220956719817767653758542,7361.875,3.714253549496289500742571734,1.168806724261237825705089662,9566752bcd1c0dd76911,13d7f6d32687b9a72134,3.177816718879625106103664338,,1.802520143549126691335202697,2019-05-14,2,2019-05-14,INSIDE_VALUE,0.8157792694079102565513493035,2.5,10,2019,3.336915693955383612065697496334571396021,POC_HVN_ZONE,7363,13d7f6d32687b9a72134-Z0029442,7360.5,780,3.761617049324398549928594968,9235.849008964891317832494303,2.96016479151316878771151712
false,0.8813880773573331531772787425,30584,30578,7,72e6777d760308a8b761fa05fa8dc2be7bb649b0,NQM9,5.38922651897213115442345467,2.4109697584875323585578613,10.35298778644646248086611029,0,3.545543762481665233173325441,9.502057283450862824904512181,midnight,2019-04-11T09:30:00-04:00,30584,true,true,,30578,3,4,false,false,false,true,false,false,95.76271186440677966101694915,7645.375,2.396427309085795417700484236,,fa4559c8db9deb04b6db,13e29e89498415d32249,,WIDTH_EXCEEDS_MAXIMUM,,2019-04-11,2,2019-04-11,INSIDE_VALUE,1.985504506989732530577062247,1.75,7,2019,2.220662000165971475084711931960301740414,POC_BROAD_DISTRIBUTION,7646.25,13e29e89498415d32249-Z0030578,7644.5,317,2.052117621242045205178845733,6738.374121466768525592055004,2.403049254065874300039175451
false,1.842111447602693864765271252,28343,28329,15,72e6777d760308a8b761fa05fa8dc2be7bb649b0,NQH9,0,1.967850536251506478492757578,8.889255870653356851122456645,0,4.410699477805100727656180778,8.346400550308113684641695934,prior_rth,2019-02-19T16:00:00-05:00,28342,true,true,,28329,7,4,true,false,false,true,false,false,99.57627118644067796610169492,7084.125,2.99545803862761728780440582,,79bedd56bc41eedf1b12,13f92f92767411d0efe5,,WIDTH_EXCEEDS_MAXIMUM,,2019-02-20,2,2019-02-19,INSIDE_VALUE,1.899993621208351082682662489,3.5,14,2019,2.58765751444465800935681263554598672648,POC_BROAD_DISTRIBUTION,7085.75,13f92f92767411d0efe5-Z0028329,7082.25,586,2.733338603842200964503122777,34959.04848635663853055157403,2.449740914883179335482140321
false,1.848856659964014671732720716,31157,31144,14,72e6777d760308a8b761fa05fa8dc2be7bb649b0,NQU9,0.2704374064400058892864605527,8.315950248030181095558661994,2.907202119230063309829450941,0,8.586387654470186984845122547,3.042420822450066254472681217,prior_rth,2019-07-02T16:00:00-04:00,31154,true,true,2.613585515986180859089606759,31144,7,4,true,false,false,true,false,false,98.23788546255506607929515419,7787.625,2.817584901955883808896352539,1.078053457490457557897772572,80df03314b0b550b0c14,148edaffa7a8dc06c619,2.613585515986180859089606759,WIDTH_EXCEEDS_MAXIMUM,,2019-07-05,2,2019-07-02,INSIDE_VALUE,1.48740573542003239107553304,2.75,11,2019,2.622994759179416687076326060755847531194,POC_BROAD_DISTRIBUTION,7788.75,148edaffa7a8dc06c619-Z0031144,7786,581,2.661426697608717586520028252,28251.14660902174348801042147,2.585117791470429319847999374
false,2.676234918289839118626374353,31501,31481,21,72e6777d760308a8b761fa05fa8dc2be7bb649b0,NQU9,8.127089236956309535216478323,0.1401222282233846471589047987,10.4157522979382587721452567,0,4.156959437293744532380842361,7.239648458208206769876747931,full_overnight,2019-07-18T09:30:00-04:00,31501,false,true,,31484,10,4,false,true,false,true,false,false,99.10714285714285714285714286,7872.875,2.737064017372448642003991101,,2521360705154ed92d18,151abd50b0667f2f1fff,,WIDTH_EXCEEDS_MAXIMUM,,2019-07-18,2,2019-07-18,INSIDE_VALUE,1.681466738680615765906857584,4.5,18,2019,2.383406124677321547446500517095593740689,POC_BROAD_DISTRIBUTION,7875.5,151abd50b0667f2f1fff-Z0031484,7871,1013,2.284563650275864846361403085,16811.61790504983104603597961,2.486525054560604241650660841
false,1.771569245121503666339819452,32870,32856,15,72e6777d760308a8b761fa05fa8dc2be7bb649b0,NQZ9,0,4.868564987652205208714028702,6.420861070671748898448936404,0,5.150800639110304061393102829,5.997507593484600619430325212,full_overnight,2019-11-08T09:30:00-05:00,32868,true,true,,32859,7,4,true,false,false,true,false,false,99.51923076923076923076923077,8215.875,3.307450575985077506029251609,,55b86d6aa38a81ad8918,155ab3a43ee7d97a6655,,WIDTH_EXCEEDS_MAXIMUM,,2019-11-08,2,2019-11-08,INSIDE_VALUE,1.411178257290494263395370638,2.5,10,2019,2.897831100797031614062549398759072011509,POC_BROAD_DISTRIBUTION,8217.25,155ab3a43ee7d97a6655-Z0032859,8214.75,740,2.909640831758034026465028355,10687.47538952275794381057539,2.886069303499816491155598419
false,0.8516229970334310211382597258,31839,31833,7,72e6777d760308a8b761fa05fa8dc2be7bb649b0,NQU9,14.97141345925806458720362325,5.724363969716318812754326536,26.86047708866888058292414759,0,6.017921096368437726228907383,22.16356306223497796733085402,midnight,2019-07-23T09:30:00-04:00,31839,true,true,,31833,3,4,false,false,false,true,false,false,97.00598802395209580838323353,7959.125,2.175985907961171498945216653,,b041efd5a53e54c60d93,15937f5417e60719300e,,WIDTH_EXCEEDS_MAXIMUM,,2019-07-23,2,2019-07-23,INSIDE_VALUE,2.054899886564832394322065936,1.75,7,2019,2.057535962261044779817416388618520614327,POC_BROAD_DISTRIBUTION,7960,15937f5417e60719300e-Z0031833,7958.25,197,1.721559392987964416535845107,4387.089105339105339105339105,2.459081140761479359960902851
true,2.565876961876225773292235062,31060,31054,7,72e6777d760308a8b761fa05fa8dc2be7bb649b0,NQZ9,0,5.212642772325258060541555626,26.4529441623608890362062122,0,3.946019294937812176671644913,28.20673051566658333694916549,prior_rth,2019-09-25T16:00:00-04:00,31060,true,true,2.736870305519387544456950906,31054,10,4,true,false,false,true,false,false,99.86206896551724137931034483,7764.375,2.984447660190392015598566304,1.044165449547051751183770195,d1bfe0dff9c9cb096323,1602484dedce8af4d410,2.858213381303714618601102676,,2.858213381303714618601102676,2019-09-26,2,2019-09-25,INSIDE_VALUE,0.6820280262855477836222596147,1.75,7,2019,2.858686249316971111349396251405986504072,POC_HVN_ZONE,7765.25,1602484dedce8af4d410-Z0031054,7763.5,229,3.159853069925012371055536523,9909.118101229684724164170237,2.586223755089937363164815031
true,3.934959162911603444864572189,27968,27951,18,72e6777d760308a8b761fa05fa8dc2be7bb649b0,NQH9,0.1270661217307357879270108115,5.050878338796747570098679758,3.335485695431814433084033802,0,5.305010582258219145952701381,3.335485695431814433084033802,opening_hour_rth,2019-02-14T10:30:00-05:00,27968,true,true,1.274820555523164691904700703,27955,15,4,true,false,false,true,false,false,98.0861244019138755980861244,6991.125,2.048566549170372978264474162,1.089897887094854273406473555,67c89e09bf59051ed403,16bfb73aa67e44c9d650,1.879594935843824942039291126,,1.879594935843824942039291126,2019-02-14,2,2019-02-14,INSIDE_VALUE,0.8894628521151505154890756806,3.5,14,2019,1.791109396888245665673020754290985780944,POC_HVN_ZONE,6992.25,16bfb73aa67e44c9d650-Z0027955,6988.75,206,1.890157169198349284397225393,13317.71045933963323464057265,1.697251913173960207250653188
false,2.692014742417430600699009124,30807,30787,21,72e6777d760308a8b761fa05fa8dc2be7bb649b0,NQU9,7.89371605777964248765381747,0.8822388535165482780318972467,13.9765207846568964046105827,0,5.33986674496858168282464123,10.16896362737495120468344721,prior_rth,2019-06-18T16:00:00-04:00,30807,false,true,,30787,10,4,false,true,false,true,false,false,99.48186528497409326424870466,7699.375,2.551882515127377807471179376,,dd8a3b8783c7b3b14998,17cc5f893598a9db6b88,,WIDTH_EXCEEDS_MAXIMUM,,2019-06-19,2,2019-06-18,INSIDE_VALUE,1.950212202510264614596825493,5.25,21,2019,2.319679823735295044690787202210991744409,POC_BROAD_DISTRIBUTION,7702,17cc5f893598a9db6b88-Z0030787,7696.75,730,2.080002362129164175358563826,45921.91917234289056023054966,2.586975179747639619275435803
false,2.346945496641184251210380238,31020,31002,19,72e6777d760308a8b761fa05fa8dc2be7bb649b0,NQZ9,0,1.438039360023532395544074866,7.509761102345113621174613188,0,1.544560794099349610028821152,7.722803970496748050144105761,opening_hour_rth,2019-10-07T10:30:00-04:00,31018,true,true,,31002,9,4,true,false,false,true,false,false,99.375,7752.875,2.007039052060448161692447468,,4a0987777f6cce965c8d,17cfd82216f46fb99ccd,,WIDTH_EXCEEDS_MAXIMUM,,2019-10-07,2,2019-10-07,INSIDE_VALUE,1.810864379288892646240686868,4.25,17,2019,1.814554611384197113392643305339200096268,POC_BROAD_DISTRIBUTION,7754.75,17cfd82216f46fb99ccd-Z0031002,7750.5,292,1.87977790295324696225959604,13166.69127350779168841220089,1.751594394488180642933121488
false,1.424603375937766945112063255,26352,26342,11,72e6777d760308a8b761fa05fa8dc2be7bb649b0,NQH9,0,2.720055325889721429660798238,9.564065500709020510742806706,0,5.001392050829487790021467727,6.405291573869344011781879721,midnight,2019-01-09T09:30:00-05:00,26352,true,true,,26342,5,4,true,false,false,true,false,false,99.37106918238993710691823899,6586.875,2.470734560882714331830040251,,37e961e8eaff559b62f0,182782f4c19f16636fda,,WIDTH_EXCEEDS_MAXIMUM,,2019-01-09,2,2019-01-09,INSIDE_VALUE,1.930361844179802304920566491,2.75,11,2019,2.232858980913264924686346467072659280553,POC_BROAD_DISTRIBUTION,6588.25,182782f4c19f16636fda-Z0026342,6585.5,834,2.067413978578444364758890569,11084.27402303158495108959505,2.411543735460842517867985757
false,2.0975381338109287565350398,28477,28461,17,72e6777d760308a8b761fa05fa8dc2be7bb649b0,NQH9,3.098870955061219108596608474,0.4171557054890102646187742176,11.38239139262870864888369651,0,2.204965871870482827270663722,8.76026981526921555699425857,prior_rth,2019-02-28T16:00:00-05:00,28477,false,true,,28461,8,4,false,true,false,true,false,false,97.83783783783783783783783784,7117.375,1.937601110261567279468988426,,161e74d5b0b2c4c93bf6,183d82a9c97140cf1f2c,,WIDTH_EXCEEDS_MAXIMUM,,2019-03-01,2,2019-02-28,INSIDE_VALUE,2.026184855232335571005474771,4.25,17,2019,1.72456382867396294991485021866957448634,POC_BROAD_DISTRIBUTION,7119.5,183d82a9c97140cf1f2c-Z0028461,7115.25,711,1.688272516076035476376891581,45897.99748927543045190104014,1.761635263768430059334043651
false,0.7252581747922034152555399721,28098,28094,5,72e6777d760308a8b761fa05fa8dc2be7bb649b0,NQH9,51.7057253587583113300101682,12.23702166823946701476907314,67.38979538424833243344658589,0,35.3322456618181794088402816,66.70038571279822161571311698,midnight,2019-02-15T09:30:00-05:00,28098,true,true,,28094,2,4,false,false,false,true,false,false,99.79166666666666666666666667,7024.125,3.7707932436608521238224307,,2bca719bd9a73d416f9b,18a9b7cc5bb16641d03a,,WIDTH_EXCEEDS_MAXIMUM,,2019-02-15,2,2019-02-15,INSIDE_VALUE,1.723524178625277044333672273,1.25,5,2019,3.616478545942630121101215194152044954424,POC_BROAD_DISTRIBUTION,7024.75,18a9b7cc5bb16641d03a-Z0028094,7023.5,142,3.067506750675067506750675066,3804.549472749472749472749473,4.263696264200571828224696493
false,3.587822308325129907331704579,29266,29239,28,72e6777d760308a8b761fa05fa8dc2be7bb649b0,NQM9,9.615860830104854808041803582,1.498123245269959263571730268,11.3927046791459692834408325,0,7.420936075407007514901826677,6.445413962207964273506281386,prior_rth,2019-05-23T16:00:00-04:00,29266,true,true,,29244,14,4,false,false,false,true,false,false,99.67948717948717948717948718,7313.375,1.944148252628942288394598529,1.173573931520241502324290945,e13188e6277029f97547,18f53b6e1f44a33b44b6,1.656604837933391090936257874,WIDTH_EXCEEDS_MAXIMUM,1.656604837933391090936257874,2019-05-24,2,2019-05-23,INSIDE_VALUE,1.602643471684142468006967264,5.75,23,2019,1.803847020481078424814842837988559041541,POC_BROAD_DISTRIBUTION,7316.75,18f53b6e1f44a33b44b6-Z0029244,7311,1111,1.679215211335836260142909046,69074.89771139068778923655402,1.937729036357391889697421004
false,1.883473282911473198058392268,29082,29069,14,72e6777d760308a8b761fa05fa8dc2be7bb649b0,NQM9,0.1327334994704835811672301777,3.119237237556364157429909175,2.588303239674429832760988465,0,3.517437735967814900931599708,2.85377023861539699509544882,opening_hour_rth,2019-03-13T10:30:00-04:00,29080,true,true,,29069,7,4,true,false,false,true,false,false,98.05825242718446601941747573,7269.125,2.175144139866270905344450374,1.506888186282564242748231187,46587202514337901369,19041a32693d8d1ed503,1.443467511170997130054308906,WIDTH_EXCEEDS_MAXIMUM,1.443467511170997130054308906,2019-03-13,2,2019-03-13,INSIDE_VALUE,1.592801993645802974006762132,3,12,2019,2.007977475391966383073934449431620602209,POC_BROAD_DISTRIBUTION,7270.25,19041a32693d8d1ed503-Z0029069,7267.25,257,2.175460223537146614069690993,16398.4959066762093344777235,1.853388767148216187202857282
true,3.775277996417184476479186294,31021,31014,8,72e6777d760308a8b761fa05fa8dc2be7bb649b0,NQZ9,0.3973217340348261708229654166,2.284599970700250482232051146,11.22433898648383932574877302,0,2.417040548711859205839706285,10.03237378437936081327987677,opening_hour_rth,2019-10-10T10:30:00-04:00,31021,true,true,2.969595417225340555875344889,31014,15,4,false,false,false,true,false,false,99.65517241379310344827586207,7754.375,3.147445119981976867978904433,1.059890213234101518739612929,4f029bfdaf84688212d6,19145395c30efb6e32e3,2.969595417225340555875344889,,2.810220496044083810558006093,2019-10-10,2,2019-10-10,INSIDE_VALUE,0.5297623120464348944306205555,2,8,2019,2.98314226207689173204327126617956248289,POC_HVN_ZONE,7755.5,19145395c30efb6e32e3-Z0031014,7753.5,138,3.093692022263450834879406308,7663.665699426510869358004777,2.876542878782847044474643792
true,2.643805065270747794367487002,34843,34828,16,72e6777d760308a8b761fa05fa8dc2be7bb649b0,NQH0,0,1.087447799297402400146491367,4.775314249088593148469375134,0,1.087447799297402400146491367,4.68075357088881902671750632,prior_rth,2019-12-20T16:00:00-05:00,34836,true,true,1.78548669288971754462649766,34829,10,4,true,false,false,true,false,false,98.38709677419354838709677419,8708.375,2.611785511267642722151514643,1.462786321325421599965995997,953d49a16dd67565ff83,191738c8bfb395f8f072,1.78548669288971754462649766,,,2019-12-23,2,2019-12-20,INSIDE_VALUE,0.7564854255981929740149505163,2,8,2019,2.326814982992546833839213705615547462113,POC_HVN_ZONE,8709.25,191738c8bfb395f8f072-Z0034829,8707.25,436,2.336791147994467496542185339,31442.47232556250250891302459,2.31688140796201961905649073
false,2.508702088832320657212807698,30084,30067,18,72e6777d760308a8b761fa05fa8dc2be7bb649b0,NQM9,0,4.932829631341345620677443827,1.843582791511411999647125471,0,5.032482755206827350388099258,1.843582791511411999647125471,opening_hour_rth,2019-06-13T10:30:00-04:00,30084,true,true,1.633280748344328468039601947,30067,10,4,true,false,false,true,false,false,99.35064935064935064935064935,7518.625,2.116232620407651005706971964,1.295694339477701698071464074,3aa7230b0d6c699823e0,19af9dedca96d26a5349,1.633280748344328468039601947,WIDTH_EXCEEDS_MAXIMUM,,2019-06-13,2,2019-06-13,INSIDE_VALUE,1.793756229578671134791797755,4.5,18,2019,1.811631084462359762156329760223850855558,POC_BROAD_DISTRIBUTION,7521.25,19af9dedca96d26a5349-Z0030067,7516.75,300,1.868025230470645317806889859,16431.39954477858683991983239,1.756939431360555217661669061
false,1.725010945624508553431144647,31738,31729,10,72e6777d760308a8b761fa05fa8dc2be7bb649b0,NQZ9,0,2.970995640925969782780181817,4.999968273753461341752013302,0,5.144894890383996453107144123,3.98548195733971556226609756,full_overnight,2019-09-20T09:30:00-04:00,31738,true,true,,31729,6,4,true,false,false,true,false,false,99.35897435897435897435897436,7933.875,2.711720784920773798521625327,1.16055941780725688083146514,66f2eb91ae8460451aae,1b35cf6d8976c375adfa,2.336563508350358617533917937,WIDTH_EXCEEDS_MAXIMUM,2.336563508350358617533917937,2019-09-20,2,2019-09-20,INSIDE_VALUE,1.449266166305351113551308204,2.5,10,2019,2.513014332152137523416486827756529102465,POC_BROAD_DISTRIBUTION,7934.75,1b35cf6d8976c375adfa-Z0031729,7932.25,870,2.635851621674111477956884831,10627.97362252022765164191948,2.395901568082594672913496299
false,1.056263346866454317322326596,29566,29558,9,72e6777d760308a8b761fa05fa8dc2be7bb649b0,NQM9,26.74522417520912918778551326,1.775125498354588220428242031,32.30728407005350561179400496,0,10.76909469001783520393133499,19.99974728146169395015819355,midnight,2019-03-26T09:30:00-04:00,29566,false,true,,29558,4,4,false,false,false,true,false,false,99.50980392156862745098039216,7390.625,1.951673172951809658263344888,,fa2d2a3ae8fa22d32431,1b5a46009f49e2e55c48,,WIDTH_EXCEEDS_MAXIMUM,,2019-03-26,2,2019-03-26,INSIDE_VALUE,2.130150598025505864513890437,2.25,9,2019,1.856898212717299347904962337865321545266,POC_BROAD_DISTRIBUTION,7391.75,1b5a46009f49e2e55c48-Z0029558,7389.5,320,1.717985157113532291173219643,6233.109765724471606824548,2.007043517294390948395551062
false,3.545888464597944705117154188,28819,28801,19,72e6777d760308a8b761fa05fa8dc2be7bb649b0,NQM9,0,3.771974255122698063046339798,4.618024555337135011767014145,0,3.701470063438161650652950269,6.733150305873227383568700013,prior_rth,2019-06-05T16:00:00-04:00,28819,true,true,2.241050754028842548246502327,28801,14,4,true,false,false,true,false,false,99.18256130790190735694822888,7203.375,2.982820044990491600444825908,1.045100592336715669918596445,69fffc4229ac5b504b01,1b6392e6811dff8ca4da,2.854098511533014142738441861,WIDTH_EXCEEDS_MAXIMUM,2.854098511533014142738441861,2019-06-06,2,2019-06-05,INSIDE_VALUE,1.33957964200619183547440105,4.75,19,2019,2.758988042883657137049330192707384056736,POC_BROAD_DISTRIBUTION,7205,1b6392e6811dff8ca4da-Z0028801,7200.25,1191,2.952021719897073622076492398,52373.34195828002372523894477,2.578576901880110927565500414
false,1.747263937418418616065855173,32468,32456,13,72e6777d760308a8b761fa05fa8dc2be7bb649b0,NQZ9,0,3.076238160069599540057756884,9.371795324863198598780608182,0,3.934723227995999411701782061,10.37336123744399844903197089,prior_rth,2019-10-28T16:00:00-04:00,32465,true,true,,32456,6,4,true,false,false,true,false,false,99.53271028037383177570093458,8115.625,2.821867524744373992447919944,2.001014648865262081205983988,765fd5f749323ab97c94,1bb7df64733555a5191a,1.410218324160996121968199338,WIDTH_EXCEEDS_MAXIMUM,1.410218324160996121968199338,2019-10-29,2,2019-10-28,INSIDE_VALUE,1.430808446543999786073375295,2.5,10,2019,2.5816378733244114631054315243852941009,POC_BROAD_DISTRIBUTION,8116.5,1bb7df64733555a5191a-Z0032456,8114,485,2.651085568326947637292464879,26566.97082915994680700563054,2.514009426406051230930109274
false,1.245497688247997691214189225,34528,34520,9,72e6777d760308a8b761fa05fa8dc2be7bb649b0,NQH0,0.2007229739235141525957795125,1.304699330502841991872566831,2.910483121890955212638802931,0,1.505422304426356144468346343,2.910483121890955212638802931,opening_hour_rth,2019-12-19T10:30:00-05:00,34528,true,true,,34520,4,4,true,false,false,true,false,false,97.59036144578313253012048193,8631.125,3.29939245194721322144292021,,83e4882879bee5c682df,1bc36142442f9110c1c5,,WIDTH_EXCEEDS_MAXIMUM,,2019-12-19,2,2019-12-19,INSIDE_VALUE,1.806506765311627373362015612,2.25,9,2019,3.02965607733819148298107626317906248842,POC_BROAD_DISTRIBUTION,8632.25,1bc36142442f9110c1c5-Z0034520,8630,229,3.016984126984126984126984125,17332.77589211442152618623207,3.042381252475356314074900097
false,1.408148597391708791316035664,30875,30865,11,72e6777d760308a8b761fa05fa8dc2be7bb649b0,NQM9,17.75380811819654661117019107,1.864149852410637394172870063,23.34625767542845879368880126,0,1.686611771228671928061168152,21.92595302597273506479518598,full_overnight,2019-05-06T09:30:00-04:00,30875,true,true,,30865,5,4,false,false,false,true,false,false,89.64912280701754385964912281,7717.625,2.993504228910254957560193431,,934a3054f3cafadd7cc1,1ceac1b7b653050c7565,,WIDTH_EXCEEDS_MAXIMUM,,2019-05-06,2,2019-05-06,INSIDE_VALUE,1.952918893001620127228721018,2.75,11,2019,2.839950994895245218238506603923810093828,POC_BROAD_DISTRIBUTION,7719,1ceac1b7b653050c7565-Z0030865,7716.25,678,2.544374802486042346992520805,11883.30786716811616741788366,3.169863828837668655943124213
false,1.257565281795235171863994992,29480,29470,11,72e6777d760308a8b761fa05fa8dc2be7bb649b0,NQM9,0,12.02720862205127996404898203,10.83442760168255798414329787,0,14.01517698933248326389178898,9.045256071129475014284771613,midnight,2019-05-14T09:30:00-04:00,29480,true,true,,29470,5,4,true,false,false,true,false,false,99.53703703703703703703703704,7368.875,2.364845571367918984117800522,,a7800c300c7ee95e6521,1d0ab723407714b5c389,,WIDTH_EXCEEDS_MAXIMUM,,2019-05-14,2,2019-05-14,INSIDE_VALUE,2.186765204009323629827087643,2.75,11,2019,2.215767188636093747204840589077085677428,POC_BROAD_DISTRIBUTION,7370.25,1d0ab723407714b5c389-Z0029470,7367.5,641,2.274879647733434106107158701,10109.54503070201212616073297,2.158190759290488276610165152
true,3.95070907561488767126418062,24820,24808,13,72e6777d760308a8b761fa05fa8dc2be7bb649b0,NQH9,0.06327977970918803825526105549,11.92823847518194521111670896,5.600260504263141385590603411,0,12.68759583169220167017984163,6.486177420191773921164258188,prior_rth,2019-01-03T16:00:00-05:00,24820,true,true,1.850554913155389002905947683,24808,15,4,true,false,false,true,false,false,99.67897271268057784911717496,6204.125,2.04471151150965659511874371,1.053416970302844574116289962,c5292601fd48c2b98411,1d0be41b38247483193b,1.941027692881980902699882777,,1.941027692881980902699882777,2019-01-04,2,2019-01-03,INSIDE_VALUE,0.8226371362194444973183937214,3.25,13,2019,1.948606970698336875546502354863496135612,POC_HVN_ZONE,6205.25,1d0be41b38247483193b-Z0024808,6202,573,1.996940082679301645195034767,21890.86953447234395250601378,1.901443693372916773138115066
false,1.088008077939224783196051618,33218,33210,9,72e6777d760308a8b761fa05fa8dc2be7bb649b0,NQZ9,0,9.535774789145948583852306833,38.02821030370251784644715135,0,9.535774789145948583852306833,38.48776571522762380229545529,midnight,2019-12-04T09:30:00-05:00,33218,true,true,,33210,4,4,true,false,false,true,false,false,99.73333333333333333333333333,8303.625,4.019468669588793675170593347,,b24c2d8b8f9d493e375f,1d54525980364276953c,,WIDTH_EXCEEDS_MAXIMUM,,2019-12-04,2,2019-12-04,INSIDE_VALUE,2.067999351862976801317367747,2.25,9,2019,3.80483740258577664968291955400721421831,POC_BROAD_DISTRIBUTION,8304.75,1d54525980364276953c-Z0033210,8302.5,503,3.921843812375249500998003992,10653.50915476781304981567155,3.691321825319675107763453294
false,1.3983437175271410580480175,33534,33524,11,72e6777d760308a8b761fa05fa8dc2be7bb649b0,NQZ9,0,4.380182013354751047261494588,6.525577285201976050001818469,0,4.022616134713546880138107275,7.419491981804986467810286752,full_overnight,2019-11-26T09:30:00-05:00,33534,true,true,,33524,5,4,true,false,false,true,false,false,99.55156950672645739910313901,8382.375,3.910477872080572849641655048,,52651e9356734563f1d2,1d6cc712855c379c266c,,WIDTH_EXCEEDS_MAXIMUM,,2019-11-26,2,2019-11-26,INSIDE_VALUE,1.966612332526622919178630223,2.75,11,2019,3.477513756879604639214237373064443873495,POC_BROAD_DISTRIBUTION,8383.75,1d6cc712855c379c266c-Z0033524,8381,848,3.51847579354742678524913482,12708.17435027147982202962454,3.437028599561372763187386553
false,1.005729176784478856226870905,28392,28387,6,72e6777d760308a8b761fa05fa8dc2be7bb649b0,NQH9,1.491455189552922882278889081,8.824443204854793720150093727,6.090108690674435102638797079,0,7.332988015301870837871204646,5.592956960823460808545834052,midnight,2019-02-26T09:30:00-05:00,28392,true,true,,28387,4,4,false,false,false,true,false,false,95.57522123893805309734513274,7097.875,2.03703651399695188787773663,1.000093021470562521942825965,6b971178652b64dfbf4f,1dabeeafa522a326ee67,2.036847043489655555032070756,WIDTH_EXCEEDS_MAXIMUM,2.036847043489655555032070756,2019-02-26,2,2019-02-26,INSIDE_VALUE,1.491455189552922882278889081,1.5,6,2019,1.976499389737284076023593891889744639032,POC_BROAD_DISTRIBUTION,7098.25,1dabeeafa522a326ee67-Z0028387,7096.75,313,1.807676581825615864254318716,5185.236438561438561438561438,2.161088923156009550627590816
true,2.997166038475690710140775912,30534,30524,11,72e6777d760308a8b761fa05fa8dc2be7bb649b0,NQZ9,0,6.8815006360106547008797684,24.81510835409902755771795272,0,7.215149151696019777286060201,28.15159351095267832178087073,prior_rth,2019-10-03T16:00:00-04:00,30534,true,true,2.489014062571685060361543351,30524,11,4,true,false,false,true,false,false,99.72260748959778085991678225,7632.125,3.039938280292187980173811684,1.170754253929454291802091296,365b4f5b7725a7e803a9,1e30b43e8d8d6ddfec4d,2.596563941654799592399348069,,2.596563941654799592399348069,2019-10-04,2,2019-10-03,INSIDE_VALUE,0.9175334181347539601173024533,2.75,11,2019,2.782121660476961451885617037878350521272,POC_HVN_ZONE,7633.75,1e30b43e8d8d6ddfec4d-Z0030524,7631,448,3.12054873925224615979132451,17300.10780067909029958374297,2.480397385348902399427908914
false,1.823414281714427232269944555,28501,28488,14,72e6777d760308a8b761fa05fa8dc2be7bb649b0,NQH9,0,5.552769933599609635231691532,6.649613377273606600215729366,0,7.60935139048835394457676247,6.786718807732856220838734095,prior_rth,2019-03-06T16:00:00-05:00,28501,true,true,2.484486286222280037332318689,28488,7,4,true,false,false,true,false,false,99.59016393442622950819672131,7123.625,2.875032688991730627451985313,1.157194026360791711800888707,bf5e30d079755ac992d5,1e887f5e5744c80e7361,2.484486286222280037332318689,WIDTH_EXCEEDS_MAXIMUM,,2019-03-07,2,2019-03-06,INSIDE_VALUE,1.919476026429494688722066209,3.5,14,2019,2.644061899834526664317165624920014172463,POC_BROAD_DISTRIBUTION,7125.5,1e887f5e5744c80e7361-Z0028488,7122,966,2.769078947368421052631578947,54188.49812824385917820225335,2.524689061971485175412959251
false,0.9782519056174541802560223621,31426,31420,7,72e6777d760308a8b761fa05fa8dc2be7bb649b0,NQZ9,9.966757993531311971525335837,1.405568434985185021625367874,14.95013699029696795728800376,0,2.683357921335353223102975033,18.5279475520774389214253038,midnight,2019-10-23T09:30:00-04:00,31426,true,true,,31420,3,4,false,false,false,true,false,false,99.34640522875816993464052288,7855.875,2.187233534248936156823165973,,2805c07f1399817807bd,1e92fb302a00e21a9eb8,,WIDTH_EXCEEDS_MAXIMUM,,2019-10-23,2,2019-10-23,INSIDE_VALUE,1.788905280890235482068650022,1.75,7,2019,2.080425343895457784106253027688985652772,POC_BROAD_DISTRIBUTION,7856.75,1e92fb302a00e21a9eb8-Z0031420,7855,411,2.185714285714285714285714286,6236.206640581640581640581641,1.980208318997237679450373343
false,1.397832436322553472679099744,33552,33542,11,72e6777d760308a8b761fa05fa8dc2be7bb649b0,NQZ9,0,4.918329136850545838335416361,0.9836658273701091676670832722,0,4.918329136850545838335416361,1.162514159619219925424734776,full_overnight,2019-12-09T09:30:00-05:00,33552,true,true,,33544,5,4,true,false,false,true,false,false,97.82608695652173913043478261,8386.875,3.837946882543126403597205194,,195fbed20590f2e292f4,1ea80a5a367faa645be2,,WIDTH_EXCEEDS_MAXIMUM,,2019-12-09,2,2019-12-09,INSIDE_VALUE,1.609634990241996819818863536,2.25,9,2019,3.530484787738010359249504445085192819337,POC_BROAD_DISTRIBUTION,8388.25,1ea80a5a367faa645be2-Z0033544,8386,889,3.532348622268290576142351213,13366.4966052222631169999591,3.528621936655154998777600551
false,0.6325512142786747719095597054,30718,30714,5,72e6777d760308a8b761fa05fa8dc2be7bb649b0,NQU9,0,5.335536354710277456421022351,6.521211100201450224514582874,0,6.125986185037725968483396033,6.125986185037725968483396033,midnight,2019-06-19T09:30:00-04:00,30718,true,true,,30714,2,4,true,false,false,true,false,false,98.88888888888888888888888889,7679.125,2.999531088782786364606381764,,9d7684d7513af8349405,1eb24d573f0189ed7287,,WIDTH_EXCEEDS_MAXIMUM,,2019-06-19,2,2019-06-19,INSIDE_VALUE,1.976124575818621280155934204,1.25,5,2019,2.927693524527924084926773810409168534373,POC_BROAD_DISTRIBUTION,7679.75,1eb24d573f0189ed7287-Z0030714,7678.5,487,2.921026324558480506497834055,5956.45712106520930050341815,2.934375942284026695743103799
false,1.963890545145127258382024562,28355,28341,15,72e6777d760308a8b761fa05fa8dc2be7bb649b0,NQM9,0,6.301267670233380699273004656,3.373405924468375525873426735,0,6.555864343778163757829489692,4.264494281875116230821124363,full_overnight,2019-06-03T09:30:00-04:00,28355,true,true,,28341,7,4,true,false,false,true,false,false,98.52216748768472906403940887,7087.125,2.448932287614994867745556108,,a2aad3f346ab26dd5c11,1ee2225cfd5b7a2fa134,,WIDTH_EXCEEDS_MAXIMUM,,2019-06-03,2,2019-06-03,INSIDE_VALUE,1.909475051585872939173637774,3.75,15,2019,2.204288575043217830367909980863398206207,POC_BROAD_DISTRIBUTION,7089,1ee2225cfd5b7a2fa134-Z0028341,7085.25,1455,2.408979691705407389283092733,19314.6671227173390384454382,2.016990072102380402949920379
false,1.705833403234387584214573393,29487,29475,13,72e6777d760308a8b761fa05fa8dc2be7bb649b0,NQM9,0.7327796475493483748185822683,2.857840625442458661792470846,11.35808453701489980968802516,0,2.857840625442458661792470846,11.65119639603463915961545807,opening_hour_rth,2019-03-18T10:30:00-04:00,29487,true,true,,29475,6,4,true,false,false,true,false,false,98.17073170731707317073170732,7370.375,2.590216335428387493586743087,,79e894831250b9fabc7b,1f10a00ab4eedb8db9a4,,WIDTH_EXCEEDS_MAXIMUM,,2019-03-18,2,2019-03-18,INSIDE_VALUE,1.905227083628305774528313898,3.25,13,2019,2.437361497636696710989227286251033440778,POC_BROAD_DISTRIBUTION,7372,1f10a00ab4eedb8db9a4-Z0029475,7368.75,191,2.555183946488294314381270903,15512.97856617067143382932857,2.324971976411490223683185459
false,1.399654010647754538756989688,28132,28122,11,72e6777d760308a8b761fa05fa8dc2be7bb649b0,NQM9,0,17.95086486293297999440718541,14.37855344742392924925152662,0,15.62886244285209701005600719,13.30686002277121402570482898,midnight,2019-06-04T09:30:00-04:00,28132,true,true,,28122,5,4,true,false,false,true,false,false,99.38837920489296636085626911,7031.875,2.501704356927810958083954141,,5b34febebbe30f241229,1f438895fd987e637d2e,,WIDTH_EXCEEDS_MAXIMUM,,2019-06-04,2,2019-06-04,INSIDE_VALUE,1.964771278529977909835612333,2.75,11,2019,2.331255783038404194043324424645260475113,POC_BROAD_DISTRIBUTION,7033.25,1f438895fd987e637d2e-Z0028122,7030.5,395,2.490407789453388605032295382,6586.918759181994476112123172,2.182274545143010181972855617
false,2.429730275078561850981179501,28258,28247,12,72e6777d760308a8b761fa05fa8dc2be7bb649b0,NQM9,0,7.45967574504291595319156126,11.88403515244767989784310794,0,14.45633713349696126101261182,14.0447688165290762429054912,opening_hour_rth,2019-06-03T10:30:00-04:00,28258,true,true,2.752830920809803382309917973,28247,9,4,true,false,false,true,false,false,99.51923076923076923076923077,7062.625,2.91821556939542161306638867,1.060078026345681572705974037,82ffff9cac48735dc363,1ff6e46a3b2a11278db3,2.752830920809803382309917973,WIDTH_EXCEEDS_MAXIMUM,2.35965698560879206726340504,2019-06-03,2,2019-06-03,INSIDE_VALUE,1.234704950903655054321361864,3,12,2019,2.675476926558411815907426376112191990113,POC_BROAD_DISTRIBUTION,7064.75,1ff6e46a3b2a11278db3-Z0028247,7061.75,179,2.928425357873210633946830265,10296.2817277876360771503158,2.444377407572075257089320601
false,1.323596058007398238998518687,31369,31359,11,72e6777d760308a8b761fa05fa8dc2be7bb649b0,NQZ9,2.077673156672871322064731729,13.69375489625301553179027731,21.81556814506514888167968316,0,13.69375489625301553179027731,16.71582494232264654570261437,midnight,2019-10-14T09:30:00-04:00,31369,true,true,,31359,5,4,false,false,false,true,false,false,96.83544303797468354430379747,7841.125,2.456599140263489217327322991,1.401697790741246875489102672,82ddd406c98830aa4024,2024a9ef99e83a80964c,1.752588294345808036213510044,WIDTH_EXCEEDS_MAXIMUM,1.752588294345808036213510044,2019-10-14,2,2019-10-14,INSIDE_VALUE,2.077673156672871322064731729,2.75,11,2019,2.288264416068093312690636387363234052696,POC_BROAD_DISTRIBUTION,7842.5,2024a9ef99e83a80964c-Z0031359,7839.75,353,1.881396525552369708213864058,8206.96562489180573945548135,2.78312092465788963425588744
false,0.5033889215317427635192335188,33549,33545,5,72e6777d760308a8b761fa05fa8dc2be7bb649b0,NQZ9,12.41584733526140323321734373,19.12040489630256097915470934,2.73148641375750871130781562,0,13.6574320687875435565390781,2.234852520347052581979121871,midnight,2019-12-09T09:30:00-05:00,33549,false,true,,33545,2,4,false,false,false,true,false,false,82.53968253968253968253968254,8386.875,1.70660021820602899529789438,,b43429578d6855116d5a,206aa8d2ac65ba2a2c1b,,WIDTH_EXCEEDS_MAXIMUM,,2019-12-09,2,2019-12-09,INSIDE_VALUE,2.483169467052280646643468745,1.25,5,2019,1.602070156736178961924305629463163875222,POC_BROAD_DISTRIBUTION,8387.5,206aa8d2ac65ba2a2c1b-Z0033545,8386.25,279,1.532432432432432432432432432,4781.627777777777777777777778,1.67487240075614366729678639
false,0.8699375608196771279182282671,27872,27866,7,72e6777d760308a8b761fa05fa8dc2be7bb649b0,NQH9,0,7.6154890860876932112495828,7.040735192798055987759048249,0,7.6154890860876932112495828,3.879588779705051258561108219,midnight,2019-02-12T09:30:00-05:00,27872,true,true,,27866,3,4,true,false,false,true,false,false,98.26086956521739130434782609,6967.375,2.606775470178332202206440876,,fa2044bdb545c678cf7c,206e58a4ed8e8f8d2313,,WIDTH_EXCEEDS_MAXIMUM,,2019-02-12,2,2019-02-12,INSIDE_VALUE,2.011638626513730282216870928,1.75,7,2019,2.542610310721556058028303019773237250508,POC_BROAD_DISTRIBUTION,6968.25,206e58a4ed8e8f8d2313-Z0027866,6966.5,445,2.3018621806405181720043181,9160.253972921307017416857235,2.808537907507845790650389067
false,2.18543662718506913405217525,30378,30365,14,72e6777d760308a8b761fa05fa8dc2be7bb649b0,NQU9,0,2.917037227572806871555714328,15.84351592230720594943005625,0,4.289760628783539516993697541,18.13138825765842702516002827,full_overnight,2019-08-27T09:30:00-04:00,30378,true,true,,30365,8,4,true,false,false,true,false,false,99.7429305912596401028277635,7593.375,2.415634714517681447520139951,1.131832313750036029362697264,740e305a5355f378720c,209bc4e48ac80dd3cd13,2.134269083124244340974268734,WIDTH_EXCEEDS_MAXIMUM,2.134269083124244340974268734,2019-08-27,2,2019-08-27,INSIDE_VALUE,1.601510634745854753010980415,3.5,14,2019,2.145674537244142033489526429304836538425,POC_BROAD_DISTRIBUTION,7594.75,209bc4e48ac80dd3cd13-Z0030365,7591.25,925,2.480388507458571152838668762,9147.668111001635029094983328,1.856128266170319011063374094
false,0.8297167462854932521184774162,29565,29560,6,72e6777d760308a8b761fa05fa8dc2be7bb649b0,NQM9,29.52814934696992678739240538,3.766345579970653926963317013,36.307571390917103855926376,0,5.272883811958915497748643818,16.42126672867205112156006217,midnight,2019-03-19T09:30:00-04:00,29565,false,true,2.034504695791540966171926536,29560,3,4,false,false,false,true,false,false,94.28571428571428571428571429,7390.625,2.143841736551540973989349724,1.053741355813121641930502207,a8b757d28e50622b8614,213c3057b52eb820df4a,2.034504695791540966171926536,WIDTH_EXCEEDS_MAXIMUM,,2019-03-19,2,2019-03-19,INSIDE_VALUE,1.807845878385913884942392166,1.5,6,2019,2.018507495525031133084241131694416176428,POC_BROAD_DISTRIBUTION,7391.5,213c3057b52eb820df4a-Z0029560,7390,165,1.693051890941072999120492524,4100.822549672549672549672549,2.406525477034267054638775673
false,1.167664550430417814996241906,30806,30800,7,72e6777d760308a8b761fa05fa8dc2be7bb649b0,NQU9,2.141025861475767442672772483,1.81987198225440232627185661,10.16987284200989535269566929,0,1.81987198225440232627185661,7.172436635943820932953787817,midnight,2019-06-28T09:30:00-04:00,30806,true,true,2.280372716014634626067691269,30800,4,4,false,false,false,true,false,false,91.12903225806451612903225806,7700.625,2.34490103715120836647976307,1.028297269425915908237557956,639f720cc0262db36698,219ad91463cfac229129,2.280372716014634626067691269,WIDTH_EXCEEDS_MAXIMUM,,2019-06-28,2,2019-06-28,INSIDE_VALUE,1.498718103033037209870940738,1.75,7,2019,2.199964685340168500334184973192196284198,POC_BROAD_DISTRIBUTION,7701.75,219ad91463cfac229129-Z0030800,7700,317,1.804443628351083363936834375,5329.904847929847929847929847,2.682181111507794597154883186
false,0.6119072817922769973166632775,33191,33187,5,72e6777d760308a8b761fa05fa8dc2be7bb649b0,NQZ9,0.4085586287970781579061447387,5.106982859963476973826809233,13.27815543590504013194970401,0,5.924100117557633289639098711,17.36374172387582171101115139,midnight,2019-11-15T09:30:00-05:00,33191,true,true,,33187,2,4,true,false,false,true,false,false,99.29078014184397163120567376,8297.375,4.915959779397782505255631784,,8bdab3972fd58fd62fcc,2266baf14bfc321afd0d,,WIDTH_EXCEEDS_MAXIMUM,,2019-11-15,2,2019-11-15,INSIDE_VALUE,2.042793143985390789530723693,1.25,5,2019,4.636570523917379111308474058031252289444,POC_BROAD_DISTRIBUTION,8298,2266baf14bfc321afd0d-Z0033187,8296.75,468,4.754178674351585014409221903,10700.64068190263842437755481,4.521871746057488852103862339
false,1.929975690256450066934068357,32112,32099,14,72e6777d760308a8b761fa05fa8dc2be7bb649b0,NQZ9,0,6.800603793230154469994411029,15.86807551753702709665362573,0,7.707350965660841732660332499,18.32924641413460680960398401,prior_rth,2019-10-25T16:00:00-04:00,32112,true,true,,32099,7,4,true,false,false,true,false,false,99.33184855233853006681514477,8026.625,5.271294434242470798195570733,1.06965446928767195008598259,d1b9ec85f694ee170d71,2271305e6229c0c20e1d,4.928034786553874923375894911,WIDTH_EXCEEDS_MAXIMUM,4.928034786553874923375894911,2019-10-28,2,2019-10-25,INSIDE_VALUE,1.813494344861374525331842941,3.5,14,2019,5.036918191468060973086521531444300469812,POC_BROAD_DISTRIBUTION,8028.25,2271305e6229c0c20e1d-Z0032099,8024.75,838,5.773546110173392665336811417,37263.21055760850180278836069,4.394274226516906993323689349
true,2.958366184004550066977102353,28172,28164,9,72e6777d760308a8b761fa05fa8dc2be7bb649b0,NQH9,0.6760488308762131025425895989,7.056259672270474257788278938,5.87317421823710132833874714,0,8.915393957180060289780400335,5.87317421823710132833874714,opening_hour_rth,2019-03-07T10:30:00-05:00,28172,true,true,2.629390785442108571920180618,28164,11,4,false,false,false,true,false,false,99.34853420195439739413680782,7042.375,2.841991610811918302618973916,1.061479288032398144275966876,0acd6a91004f2007bda6,22f437d620e4605630f8,2.677387719999653831195360193,,2.677387719999653831195360193,2019-03-07,2,2019-03-07,INSIDE_VALUE,0.7605549347357397403604132988,2.25,9,2019,2.728775006449577670083421852262286209824,POC_HVN_ZONE,7043.25,22f437d620e4605630f8-Z0028164,7041,136,2.839113287093703250373997008,10696.3092544307047891803248,2.622724873175564413294069301
false,1.178284489226864200973671736,30742,30734,9,72e6777d760308a8b761fa05fa8dc2be7bb649b0,NQM9,8.699087608906382234830119185,2.864333724883808784639185585,20.68685467971639677794967367,0,32.56853531627145544015666573,7.532136832101867544791932465,midnight,2019-04-18T09:30:00-04:00,30742,true,true,,30735,4,4,false,false,false,true,false,false,98.0079681274900398406374502,7684.625,2.644006143740576670606809508,,d4ab25c07aeb1e871a07,233c37db56abf136f7a9,,WIDTH_EXCEEDS_MAXIMUM,,2019-04-18,2,2019-04-18,INSIDE_VALUE,1.697382948079294094600998865,2,8,2019,2.391371444988101163743923399690994733673,POC_BROAD_DISTRIBUTION,7685.75,233c37db56abf136f7a9-Z0030735,7683.75,275,2.596486608486307553415588324,4918.768398268398268398268398,2.202459804419451914813695884
false,3.104644085557359589271444771,31119,31105,15,72e6777d760308a8b761fa05fa8dc2be7bb649b0,NQU9,0,3.180718861120982839479866312,7.126420739473594463138434649,0,2.697571692343112028419633455,7.52904338012182013902196203,prior_rth,2019-09-10T16:00:00-04:00,31117,true,true,2.41104428451279611346888912,31105,12,4,true,false,false,true,false,false,98.66666666666666666666666667,7776.875,2.520279158307743168861770378,1.045306042073391586490241372,aa076a27e470e949eeae,248ad84e04b4bd313865,2.41104428451279611346888912,WIDTH_EXCEEDS_MAXIMUM,,2019-09-11,2,2019-09-10,INSIDE_VALUE,1.046818865685386757297171191,3.25,13,2019,2.302080876202684176001028491303799570977,POC_BROAD_DISTRIBUTION,7779.5,248ad84e04b4bd313865-Z0031105,7776.25,640,2.295140756679218217679756142,33117.55776828276346181929492,2.30904198148001286580441245
false,2.086017429386632681667661237,31089,31073,17,72e6777d760308a8b761fa05fa8dc2be7bb649b0,NQU9,3.954904634917556393658474287,2.097297912456279905727978789,11.92463670225142003542479368,0,2.456834697448785032424203724,7.610195282341358515070094462,midnight,2019-07-09T09:30:00-04:00,31088,false,true,,31075,8,4,false,false,false,true,false,false,98.55072463768115942028985507,7770.375,1.691605472905858931224767451,,08e0dd1699d823bf84fb,24a1447363523bc69f3b,,WIDTH_EXCEEDS_MAXIMUM,,2019-07-09,2,2019-07-09,INSIDE_VALUE,1.677838329965023924582383031,3.5,14,2019,1.457220708069552340140689934576335974382,POC_BROAD_DISTRIBUTION,7772.25,24a1447363523bc69f3b-Z0031075,7768.75,499,1.308516702770493672329266903,9214.746949378450926438542535,1.622823910104245601483062492
false,4.255047517945363996469742854,32790,32773,18,72e6777d760308a8b761fa05fa8dc2be7bb649b0,NQZ9,0.05875375044477002010220942077,3.143325648795196075468204011,2.438280643457955834241690962,0.05875375044477002010220942077,4.494661909024906537819020689,1.204451884117785412095293126,opening_hour_rth,2019-12-03T10:30:00-05:00,32790,true,true,1.697039460601054922243678553,32773,17,4,true,false,false,true,false,false,99.55156950672645739910313901,8195.375,2.342225797924908102617584764,1.219202880286684450983691891,7b01bcd6a3376924bee9,24d82e9560cfdb6067ed,1.921112421727674267564587533,WIDTH_EXCEEDS_MAXIMUM,1.921112421727674267564587533,2019-12-03,2,2019-12-03,INSIDE_VALUE,1.057567508005860361839769574,4.5,18,2019,2.055835562886507584864637848006422002857,POC_BROAD_DISTRIBUTION,8197.75,24d82e9560cfdb6067ed-Z0032773,8193.25,355,2.147488064236111111111111111,26006.12085074199318500204335,1.968094692592523977837999798
false,2.028090564609624972410864374,31901,31887,15,72e6777d760308a8b761fa05fa8dc2be7bb649b0,NQU9,0.2465373138286070625685268005,1.787395525257401203621819304,4.745843291200685954444140911,0,2.157201496000311797474609505,6.101798517258024798571038314,opening_hour_rth,2019-07-24T10:30:00-04:00,31901,true,true,2.880052451452379419329884124,31887,8,4,true,false,false,true,false,false,99.4047619047619047619047619,7973.375,3.238446412786478860407166286,1.124440081344131502880556534,c53b270f4129e6eedeea,24ff543eb63c5c53280f,2.880052451452379419329884124,WIDTH_EXCEEDS_MAXIMUM,,2019-07-24,2,2019-07-24,INSIDE_VALUE,1.849029853714552969263951004,3.75,15,2019,2.876715303767644535428344343182957021007,POC_BROAD_DISTRIBUTION,7975.5,24ff543eb63c5c53280f-Z0031887,7971.75,290,3.126082771896053897978825794,16311.48842938625172807692054,2.647239866240541643425852544
false,1.877763575292305707263532874,26713,26703,11,72e6777d760308a8b761fa05fa8dc2be7bb649b0,NQH9,0.1331371016508738408875166575,9.785576971339227305232474329,3.26185899044640910174415811,0.1331371016508738408875166575,9.918714072990101146119990987,3.26185899044640910174415811,opening_hour_rth,2019-01-29T10:30:00-05:00,26711,true,true,1.191973346127868936705969181,26703,7,4,true,false,false,true,false,false,99.39393939393939393939393939,6676.875,1.50507106149872014669127162,1.262671742105602127800896767,f34ff37c30c5d6e0b94f,253d79832478ac8e51b6,1.191973346127868936705969181,WIDTH_EXCEEDS_MAXIMUM,0.916690236922179070221599227,2019-01-29,2,2019-01-29,INSIDE_VALUE,1.198233914857864567987649918,2.25,9,2019,1.353657239687888179142698660335519030031,POC_BROAD_DISTRIBUTION,6678,253d79832478ac8e51b6-Z0026703,6675.75,98,1.314313582053157766398439405,7046.12814992025518341307815,1.394178640151434823748486511
false,2.997166038475690710140775912,29998,29983,16,72e6777d760308a8b761fa05fa8dc2be7bb649b0,NQZ9,24.43975377395299184676087444,28.23500563987401959088244368,2.293833545336884900293256133,0.5838849024493888837110106521,21.3117989394026942554518888,8.132682569830773737403362655,opening_hour_rth,2019-10-03T10:30:00-04:00,29998,false,true,,29983,11,4,false,false,false,true,false,false,96.83972911963882618510158014,7498.625,1.942605451970955049403334089,1.101001988243719677004599692,8ddb089489822be2ef13,254a7c22374cbe95dab2,1.764397769226313690343546129,WIDTH_EXCEEDS_MAXIMUM,1.764397769226313690343546129,2019-10-03,2,2019-10-03,INSIDE_VALUE,1.334594062741460305625167205,4,16,2019,1.888511484918661680734250513183762703748,POC_BROAD_DISTRIBUTION,7499.75,254a7c22374cbe95dab2-Z0029983,7495.75,169,1.752504681647940074906367041,10451.98988461563337773887424,2.035073381553542866408429489
false,2.028090564609624972410864374,31960,31944,17,72e6777d760308a8b761fa05fa8dc2be7bb649b0,NQU9,0.1232686569143035312842634003,3.020082094400436516464453307,9.799858224687130737098940322,0,4.869111948114989485728404311,11.77215673531598723764715473,prior_rth,2019-07-24T16:00:00-04:00,31960,true,true,,31944,8,4,true,false,false,true,false,false,99.43019943019943019943019943,7988.125,3.42699241673280127797312757,1.298400201493282179430576411,bd61d2e49771b511674f,254cf2fba168caefaa24,2.63939609127558523975318015,WIDTH_EXCEEDS_MAXIMUM,2.63939609127558523975318015,2019-07-25,2,2019-07-24,INSIDE_VALUE,2.095567167543160031832477805,4.25,17,2019,3.045543989056451285361638592018941236496,POC_BROAD_DISTRIBUTION,7990.25,254cf2fba168caefaa24-Z0031944,7986,705,3.310479069954113098502990007,34619.98859284849996924300331,2.801811457882574171657023224
false,2.313931941426493851034389387,32110,32099,12,72e6777d760308a8b761fa05fa8dc2be7bb649b0,NQU9,1.944741727030155383283003725,4.915874921104003885520926083,4.267627678760618757759924841,0,4.915874921104003885520926083,3.94350405758892619387942422,prior_rth,2019-07-26T16:00:00-04:00,32110,true,true,1.771870322534757694674314239,32099,9,4,false,false,false,true,false,false,97.84946236559139784946236559,8026.875,2.40170319233899800265047548,1.035452402128345691724357978,cafb1603af412fe64861,256de6519ef09f6eb63b,2.319472326687696188710214694,WIDTH_EXCEEDS_MAXIMUM,2.319472326687696188710214694,2019-07-29,2,2019-07-26,INSIDE_VALUE,1.296494484686770255522002483,3,12,2019,2.170735345225704915853224922247008060697,POC_BROAD_DISTRIBUTION,8027.75,256de6519ef09f6eb63b-Z0032099,8024.75,577,2.184538348803126526624328285,32977.76743377934486318662725,2.157019555913879831792620775
true,2.501998367321481325937731944,31607,31591,17,72e6777d760308a8b761fa05fa8dc2be7bb649b0,NQZ9,1.898482453881503010372130821,3.24740419742888672826811851,11.74061517531982124835396692,0,4.846126263855415579107807623,11.74061517531982124835396692,full_overnight,2019-09-19T09:30:00-04:00,31601,true,true,1.551607986479022355467394973,31592,10,4,false,false,false,true,false,false,95.04373177842565597667638484,7899.375,2.287058831644416476555544931,1.473992691178595819424616871,e506f3010662c2f40f15,2589084012ad625188dd,1.551607986479022355467394973,,,2019-09-19,2,2019-09-19,INSIDE_VALUE,0.9992012915165805317748056954,2.5,10,2019,1.995845115165566440994391128237983887622,POC_HVN_ZONE,7900.5,2589084012ad625188dd-Z0031592,7898,392,1.925200458190148911798396334,6294.051099752826559701759872,2.069082056771887319197714797
false,1.009083454753888029048678531,30727,30720,8,72e6777d760308a8b761fa05fa8dc2be7bb649b0,NQU9,43.35617613576914107831328178,1.114873100634063627728055817,58.84052475568669146342516813,0,12.26360410697469990500861399,31.58807118463180278562824815,midnight,2019-06-26T09:30:00-04:00,30727,false,true,,30720,4,4,false,false,false,true,false,false,98.36065573770491803278688525,7681.125,2.419087000295199085979508078,1.150223017861847016926904794,30f50f02d28b49affc23,25e123d95ea69a90d401,2.103146053181970826343699447,WIDTH_EXCEEDS_MAXIMUM,2.103146053181970826343699447,2019-06-26,2,2019-06-26,INSIDE_VALUE,1.981996623349446449294321453,2,8,2019,2.366450115836690014609885125576279064136,POC_BROAD_DISTRIBUTION,7682,25e123d95ea69a90d401-Z0030720,7680,294,2.543396868618107556160653505,4805.353793265557971440324381,2.201813731801184982587341863
true,2.013722561786207066238263247,28173,28162,12,72e6777d760308a8b761fa05fa8dc2be7bb649b0,NQH9,0.7448891066053676302944062801,3.662371440809724182280830877,13.84252256441641512963771671,0,6.269483313928510888311252858,14.95985622432446657507932613,full_overnight,2019-02-14T09:30:00-05:00,28173,true,true,1.514252463182639491028451069,28167,8,4,false,false,false,true,false,false,99.6598639455782312925170068,7042.625,3.231503082493839712301879352,1.133849482444914413142661003,aa768ba80e5def8c12b0,264d9753f601c25897e0,2.850028273175875610358873997,,2.850028273175875610358873997,2019-02-14,2,2019-02-14,INSIDE_VALUE,0.8690372910395955686768073268,1.75,7,2019,2.98853023866477499308732221395563804278,POC_HVN_ZONE,7043.5,264d9753f601c25897e0-Z0028167,7041.75,490,3.147751605995717344753747323,6649.629706286763223411178503,2.837362697362051136159030157
false,1.867529649709779669276400907,31921,31910,12,72e6777d760308a8b761fa05fa8dc2be7bb649b0,NQU9,0,4.216800521064713077952388072,16.39866869302943974759262028,0,4.216800521064713077952388072,16.39866869302943974759262028,prior_rth,2019-07-16T16:00:00-04:00,31921,true,true,1.880623661943911027327590858,31910,7,4,true,false,false,true,false,false,99.60474308300395256916996047,7978.625,2.069374122159817283012400646,1.100365886081005650521507393,1ee6f262ff127118c7c6,26dde35e0fda1d079ea9,1.880623661943911027327590858,WIDTH_EXCEEDS_MAXIMUM,,2019-07-17,2,2019-07-16,INSIDE_VALUE,1.606400198500843077315195456,3,12,2019,1.788192511594577072406032580722332565591,POC_BROAD_DISTRIBUTION,7980.5,26dde35e0fda1d079ea9-Z0031910,7977.5,357,1.701729595297309518426407416,21495.83960890629688583652779,1.879048508857990831535510855
false,2.628989501761798094101601644,31511,31491,21,72e6777d760308a8b761fa05fa8dc2be7bb649b0,NQZ9,0,1.854324635656800603826756184,5.182599622733109379926062155,0,2.139605348834769927492410981,5.182599622733109379926062155,prior_rth,2019-09-16T16:00:00-04:00,31509,true,true,,31491,10,4,true,false,false,true,false,false,99.375,7875.375,2.636441370089543600285314187,,7d7775f2c975f267810f,26e20b4389e38fd77db9,,WIDTH_EXCEEDS_MAXIMUM,,2019-09-17,2,2019-09-16,INSIDE_VALUE,1.806777850127139049882480384,4.75,19,2019,2.363389438525861479577572774912809739764,POC_BROAD_DISTRIBUTION,7877.5,26e20b4389e38fd77db9-Z0031491,7872.75,1608,2.409439970031841168758194419,49989.36563761428529066997931,2.318219049907174891624027971
false,1.317543119836606094746258322,34437,34427,11,72e6777d760308a8b761fa05fa8dc2be7bb649b0,NQH0,0,3.889815766056728518102378087,8.823240640079896394720028343,0,5.787286871450254624493782031,8.253999308461838562802607159,full_overnight,2019-12-17T09:30:00-05:00,34437,true,true,,34427,5,4,true,false,false,true,false,false,98.51851851851851851851851852,8608.125,1.991702747483851895409779454,,1707a6da5314f4814597,26e65c4baccca802e57d,,WIDTH_EXCEEDS_MAXIMUM,,2019-12-17,2,2019-12-17,INSIDE_VALUE,2.087218215932878717030544339,2.75,11,2019,1.850274138026470060021084324900944768406,POC_BROAD_DISTRIBUTION,8609.5,26e65c4baccca802e57d-Z0034427,8606.75,619,1.945407985100686765219415667,9160.071932316049963108786639,1.759792502173989464979018411
false,2.392635580157379598615407372,30747,30729,19,72e6777d760308a8b761fa05fa8dc2be7bb649b0,NQU9,12.12052526531954214219956827,14.05354007056446912177449942,0.3657055036949861853249869738,0,10.8144341806945914803246148,6.53045542312475330937476739,prior_rth,2019-09-04T16:00:00-04:00,30747,false,true,,30730,9,4,false,false,true,true,false,false,98.44357976653696498054474708,7684.625,1.812503851547655159120076946,,a4350deb00456b5ab0cb,26f1e16c54f5fedd9bcd,,WIDTH_EXCEEDS_MAXIMUM,,2019-09-05,2,2019-09-04,INSIDE_VALUE,1.880771161859928953099933008,4.5,18,2019,1.614154452634438830391310540035181776647,POC_BROAD_DISTRIBUTION,7687,26f1e16c54f5fedd9bcd-Z0030730,7682.5,502,1.600590541412336856731675848,28297.81086035303338416487724,1.627833308736496625210654411
false,3.741951011781449324326908362,28175,28155,21,72e6777d760308a8b761fa05fa8dc2be7bb649b0,NQH9,0,3.57433861584213976331358845,2.438567466882955165625158475,0,4.175629224114649256207463142,2.238137264125452001327200244,prior_rth,2019-02-15T16:00:00-05:00,28175,true,true,,28156,14,4,true,false,false,true,false,false,99.57446808510638297872340426,7042.375,2.896296384789049012416952306,1.300325281596832583307287309,a89b9dbef88debc63578,2760177f4d1875e3c34e,2.22736297277272287026618924,WIDTH_EXCEEDS_MAXIMUM,2.22736297277272287026618924,2019-02-19,2,2019-02-15,INSIDE_VALUE,1.336201351716687761986388205,5,20,2019,2.443865053463024303824325983330392835714,POC_BROAD_DISTRIBUTION,7044,2760177f4d1875e3c34e-Z0028156,7039,1214,2.618300293685756240822320117,60355.83188430191590097108677,2.281050960403946953648943778
false,2.256505467871397453463247886,33242,33229,14,72e6777d760308a8b761fa05fa8dc2be7bb649b0,NQZ9,1.107907796189962418437157591,2.382001761808419199639888821,3.157537219141392892545899134,0,2.49279254142741544148360458,3.268327998760389134389614893,prior_rth,2019-12-04T16:00:00-05:00,33241,true,true,1.763113641508931203685737972,33229,9,4,false,false,false,true,false,false,95.27559055118110236220472441,8308.625,2.108462907912053486745770246,1.195874649411458760282790325,f952df8cb33ca3e84974,27674298d397efb8adc9,1.763113641508931203685737972,WIDTH_EXCEEDS_MAXIMUM,1.436411643517777960475116022,2019-12-05,2,2019-12-04,INSIDE_VALUE,1.440280135046951143968304868,3.25,13,2019,1.868517626607312504441831935102333893875,POC_BROAD_DISTRIBUTION,8310.5,27674298d397efb8adc9-Z0033229,8307.25,760,1.839597468933445147518487459,45223.13039718005729581984798,1.897892435656823609996649452
false,1.839503436648088718298401093,30913,30900,14,72e6777d760308a8b761fa05fa8dc2be7bb649b0,NQU9,0.2718124848470472740546561086,2.650171727258710922032897059,9.445483848434892773399299773,0,3.465609181799852744196865384,9.581390090858416410426627827,opening_hour_rth,2019-06-25T10:30:00-04:00,30913,true,true,1.915182382756656464561231347,30901,7,4,true,false,false,true,false,false,99.03846153846153846153846154,7726.625,2.752743826189158573423458376,1.437327249338489172944719429,bd02af670dc5f032b69b,278bb2a28867f87abd92,1.915182382756656464561231347,WIDTH_EXCEEDS_MAXIMUM,,2019-06-25,2,2019-06-25,INSIDE_VALUE,1.766781151505807281355264706,3.25,13,2019,2.398425954000492892149973857828771060632,POC_BROAD_DISTRIBUTION,7728.5,278bb2a28867f87abd92-Z0030901,7725.25,192,2.355828220858895705521472392,13015.82994759933705763754031,2.441793932974420403135303678
true,4.31811125231898494044835115,30449,30431,19,72e6777d760308a8b761fa05fa8dc2be7bb649b0,NQU9,0,10.62385782102381769427115443,2.344775159408526521078919644,0,10.33437940628202429660709028,1.997401061718374443882042659,opening_hour_rth,2019-09-03T10:30:00-04:00,30449,true,true,1.313820847287815195475832351,30438,17,4,true,false,false,true,false,false,99.68847352024922118380062305,7611.125,2.75277014405561602064161881,1.040480528455163021978844743,0ee547a7954c797e5b7f,27d79768a03e722294b7,2.645671945579556278564953887,,2.645671945579556278564953887,2019-09-03,2,2019-09-03,INSIDE_VALUE,0.6947481953803041543937539685,3,12,2019,2.558055345670784288202855909985527612105,POC_HVN_ZONE,7612.5,27d79768a03e722294b7-Z0030438,7609.5,202,2.437302661253946774921064502,11630.61302698520540876063203,2.684790549626812142389214112
false,0.4294857953655643129201277992,32871,32869,3,72e6777d760308a8b761fa05fa8dc2be7bb649b0,NQZ9,0.5820914281628526200894510452,10.18659999284992085156539329,12.51496570550133133192319747,0,14.84333141815274181228100165,10.76869142101277347165484434,midnight,2019-11-06T09:30:00-05:00,32871,true,true,,32869,1,4,true,false,false,true,false,false,99,8217.625,3.290604309084065235762931958,,6399c991a324114ccbc4,27fb1fd5f23f34b2f742,,BASIN_TOO_NARROW,,2019-11-06,2,2019-11-06,INSIDE_VALUE,1.746274284488557860268353136,0.75,3,2019,3.31198229306393633338415725824365857744,POC_HVN_ZONE,8218,27fb1fd5f23f34b2f742-Z0032869,8217.25,261,3.337169159953970080552359033,4115.470221445221445221445222,3.286985520901898043386003129
false,1.900927375252752460160439381,31747,31735,13,72e6777d760308a8b761fa05fa8dc2be7bb649b0,NQU9,9.995121458795188565100818938,0.06575737801838939845461065091,12.29662968943881751101219172,0,3.485141034974638118094364498,8.351187008335453603735552665,midnight,2019-09-12T09:30:00-04:00,31747,false,true,,31735,7,4,false,true,false,true,false,false,95.23809523809523809523809524,7935.625,1.647658737166138244134591741,1.126502294617629874421812241,22ff2c4f5b67dd85014a,281bf7f8794797d19dc9,1.462632384362257488892121896,WIDTH_EXCEEDS_MAXIMUM,1.462632384362257488892121896,2019-09-12,2,2019-09-12,INSIDE_VALUE,1.709691828478124359819876924,3.25,13,2019,1.544266888161010552469745523150989387009,POC_BROAD_DISTRIBUTION,7937,281bf7f8794797d19dc9-Z0031735,7933.75,580,1.314979757085020242914979758,11379.74101623175934625342065,1.813533789415059406355988161
false,2.87184551867684574911887205,29378,29359,20,72e6777d760308a8b761fa05fa8dc2be7bb649b0,NQM9,2.00219683217822080123492896,5.963064478443831516721418859,6.920636876442111030355515318,0,6.572428731715463934488571151,7.007688912623772804322251359,prior_rth,2019-05-28T16:00:00-04:00,29378,true,true,1.866663598354490734827825518,29359,11,4,false,false,false,true,false,false,98.63387978142076502732240437,7341.875,2.410972678601635743942850314,1.291594629437766222863785425,66a122f0c3cfe3a32b2c,282178f670f078d58b79,1.866663598354490734827825518,WIDTH_EXCEEDS_MAXIMUM,,2019-05-29,2,2019-05-28,INSIDE_VALUE,1.741040723633235479334720835,5,20,2019,2.189018607289264098403439167201550234071,POC_BROAD_DISTRIBUTION,7344.75,282178f670f078d58b79-Z0029359,7339.75,843,2.291917991383152577625909968,38654.90898749836991629408116,2.090739058323294682505221586
false,1.648790383631428293431703656,33466,33457,10,72e6777d760308a8b761fa05fa8dc2be7bb649b0,NQZ9,1.81951570665554173266566837,9.779896923273536813077967487,22.66813317875029075279311844,0,11.14453370326519311257721876,22.51650686986232894173764607,full_overnight,2019-12-10T09:30:00-05:00,33466,true,true,0.8439260130148049600258495987,33459,6,4,false,false,false,true,false,false,84.97109826589595375722543353,8365.125,2.126123032541416357187671694,2.519323968870382321698123701,a60578f2c67fead72241,282efbfefbc228706803,0.8439260130148049600258495987,WIDTH_EXCEEDS_MAXIMUM,,2019-12-10,2,2019-12-10,INSIDE_VALUE,1.213010471103694488443778913,2,8,2019,2.532533871463944963165062590996150592203,POC_BROAD_DISTRIBUTION,8366.75,282efbfefbc228706803-Z0033459,8364.75,380,2.605421686746987951807228916,7828.78479020979020979020979,2.461685124806053440837440367
false,1.072680590261044544429636151,27408,27400,9,72e6777d760308a8b761fa05fa8dc2be7bb649b0,NQH9,20.74242808344775056533081394,29.94833717666332525443831001,4.078567319779052077452688134,0,16.89692175337035860658970798,7.574482165303953858126420821,midnight,2019-02-08T09:30:00-05:00,27408,false,true,,27400,4,4,false,false,false,true,false,false,88.41463414634146341463414634,6851.125,1.862941948344452938754276287,,e39cbc5cde42a090f542,2859da40d56c14d768f1,,WIDTH_EXCEEDS_MAXIMUM,,2019-02-08,2,2019-02-08,INSIDE_VALUE,2.097548907314941068404239612,2.25,9,2019,1.690017284014358528690130853880143959008,POC_BROAD_DISTRIBUTION,6852.25,2859da40d56c14d768f1-Z0027400,6850,317,1.363655440142692267338159689,7071.996616845486814527062205,2.094486874168449691612242868
false,1.630485430487413702731271982,31119,31107,13,72e6777d760308a8b761fa05fa8dc2be7bb649b0,NQU9,0,8.203078512637618067129838327,3.143235691758339633199283845,0,8.203078512637618067129838327,3.143235691758339633199283845,full_overnight,2019-07-02T09:30:00-04:00,31119,true,true,,31109,6,4,true,false,false,true,false,false,99.31034482758620689655172414,7778.375,2.010249902859902890336818192,,b475d42a230ea7c6b93d,2864dda9f2c99e0a764e,,WIDTH_EXCEEDS_MAXIMUM,,2019-07-02,2,2019-07-02,INSIDE_VALUE,1.686614273626426144643518161,2.75,11,2019,1.843393396165258652771515381561501681165,POC_BROAD_DISTRIBUTION,7780,2864dda9f2c99e0a764e-Z0031109,7777.25,797,1.966294046586017388937096967,7936.44469536998948763654646,1.728174490954516134212098041
false,2.748592469329516139813594598,29481,29467,15,72e6777d760308a8b761fa05fa8dc2be7bb649b0,NQM9,2.637713695609645783792351159,1.045989913776238845296966839,3.592747964709689946889581752,0,1.227901203128628209696439333,3.592747964709689946889581752,opening_hour_rth,2019-05-24T10:30:00-04:00,29481,true,true,2.053398269896242301536723222,29467,10,4,false,false,false,true,false,false,97.43589743589743589743589744,7367.875,2.354867197694190211510998376,1.146814640012909458194259189,9da8ac72dfb89a870bc0,286585c03afed08698ae,2.053398269896242301536723222,WIDTH_EXCEEDS_MAXIMUM,,2019-05-24,2,2019-05-24,INSIDE_VALUE,1.364334670142920232996043703,3.75,15,2019,2.206074918723223229591129900169394773312,POC_BROAD_DISTRIBUTION,7370.5,286585c03afed08698ae-Z0029467,7366.75,294,2.034331337325349301397205588,20750.59432109733654774266078,2.392317543226901162829501506
true,2.610119197514694852271078919,27123,27105,19,72e6777d760308a8b761fa05fa8dc2be7bb649b0,NQH9,0.09578106633522529439188091102,1.676168660866442651857915943,11.06271316171852150226224522,0,2.250855058877794418209201409,10.77536996271284561908660249,opening_hour_rth,2019-01-25T10:30:00-05:00,27119,true,true,1.245984740218020727247012144,27111,10,4,true,false,false,true,false,false,99.45054945054945054945054945,6778.625,2.142222748188597176474089152,1.719300950518666811991236885,222a8440e71e5e907d5f,2897e3db8b24b8c3f41b,1.245984740218020727247012144,,0.9559137662912961530504964227,2019-01-25,2,2019-01-25,INSIDE_VALUE,0.8620295970170276495269281992,2.25,9,2019,1.909619735851001670524291940529937705445,POC_HVN_ZONE,6780,2897e3db8b24b8c3f41b-Z0027111,6777.75,122,1.899238730647506629030878453,8700.265741788759691572990805,1.920057482351573278459592389
false,2.652982546773455022344680114,31023,31006,18,72e6777d760308a8b761fa05fa8dc2be7bb649b0,NQU9,0,3.439525077576474208084744987,2.779890131191944907904108962,0,3.627992205114911150993498137,3.251057950038037265175991837,opening_hour_rth,2019-08-21T10:30:00-04:00,31023,true,true,,31011,10,4,true,false,false,true,false,false,99.28057553956834532374100719,7754.125,2.388148133996364671801422122,1.275750226498248210591458246,cab4469e3fa15358905f,293da2461a7af0a071f0,1.871955876936420002493252023,WIDTH_EXCEEDS_MAXIMUM,1.871955876936420002493252023,2019-08-21,2,2019-08-21,INSIDE_VALUE,1.225036328999840128906895475,3.25,13,2019,2.056322132436173475984608096836416067565,POC_BROAD_DISTRIBUTION,7756,293da2461a7af0a071f0-Z0031011,7752.75,246,2.305265286860378884918762219,12237.66878820843378567230094,1.83426208534365246181499667
false,1.417228788200635471585452895,30719,30709,11,72e6777d760308a8b761fa05fa8dc2be7bb649b0,NQM9,0,4.851016333593354900324507493,3.792612769900259285708251313,0,5.027416927542204169427216856,4.321814551746807093016379403,prior_rth,2019-04-16T16:00:00-04:00,30717,true,true,,30709,5,4,true,false,false,true,false,false,99.38650306748466257668711656,7678.625,3.648382934561405805786784699,,c4961d2c2cb47142931b,295c28ae0e686b0dca02,,WIDTH_EXCEEDS_MAXIMUM,,2019-04-17,2,2019-04-16,INSIDE_VALUE,1.58760534553964342192438427,2.25,9,2019,3.357819503354729581344415366443832049746,POC_BROAD_DISTRIBUTION,7679.5,295c28ae0e686b0dca02-Z0030709,7677.25,693,3.673105062920690664325431665,47320.92423346919263434689932,3.069596873481222965771988486
false,1.178818252961309087100695595,29202,29194,9,72e6777d760308a8b761fa05fa8dc2be7bb649b0,NQM9,5.08984314157623641552303658,2.863036767136632983731708076,10.07364788436963457238934323,0,3.499267159833662535672087649,11.13403187219801715895664252,midnight,2019-03-15T09:30:00-04:00,29201,true,true,,29194,4,4,false,false,false,true,false,false,91.05691056910569105691056911,7299.625,1.904835384137209026932979098,,3aa7e1b199ae41b48386,297fa34345a908ae1afb,,WIDTH_EXCEEDS_MAXIMUM,,2019-03-15,2,2019-03-15,INSIDE_VALUE,1.69661438052541213850767886,2,8,2019,1.867302006318287885036729091015558151523,POC_BROAD_DISTRIBUTION,7300.5,297fa34345a908ae1afb-Z0029194,7298.5,335,1.782840083073727933541017653,7457.09460847301469673210632,1.955765307221953857057061815
false,4.492975013385721804662394154,29475,29446,30,72e6777d760308a8b761fa05fa8dc2be7bb649b0,NQM9,4.562678389914312095763294342,2.921227017932943719848450646,7.038766052733664391634838223,0,3.533293631214131927816697448,7.316978149679659031620404951,prior_rth,2019-05-13T16:00:00-04:00,29475,true,true,,29446,17,4,false,false,false,true,false,false,96.7863894139886578449905482,7365.875,2.546830753509486137628768396,1.244618733869719187017589932,5d9eb024ca23861ff390,29965f4b96c9d6de873f,2.046273838086126989664342917,WIDTH_EXCEEDS_MAXIMUM,2.046273838086126989664342917,2019-05-14,2,2019-05-13,INSIDE_VALUE,1.669272581675967839913400369,7.5,30,2019,2.340058459125683038574624806754139250023,POC_BROAD_DISTRIBUTION,7369,29965f4b96c9d6de873f-Z0029446,7361.5,1620,2.332680058794708476237138657,77753.87243268770560976434836,2.347460197758555828219160912
false,0.7933409823442028878932828075,33024,33018,7,72e6777d760308a8b761fa05fa8dc2be7bb649b0,NQZ9,0,12.44735897901160373028582786,2.048299578824694284730579268,0,12.13223596688472768648112336,2.363422590951570328535283771,midnight,2019-11-12T09:30:00-05:00,33024,true,true,,33018,3,4,true,false,false,true,false,false,98.4251968503937007874015748,8255.375,2.774702845942470824695586136,,632578b8012efe5862fe,299b7c473afc59d88bdd,,WIDTH_EXCEEDS_MAXIMUM,,2019-11-12,2,2019-11-12,INSIDE_VALUE,2.205861084888132306632931519,1.75,7,2019,2.606290095016301798435646015766526734488,POC_BROAD_DISTRIBUTION,8256.25,299b7c473afc59d88bdd-Z0033018,8254.5,439,2.575077363632164796083321787,6535.360955710955710955710955,2.637881158567936916732218074
false,3.206837994425588720909355197,29241,29222,20,72e6777d760308a8b761fa05fa8dc2be7bb649b0,NQM9,5.379130479926172017108667978,6.743402703095853325795648987,8.146654132641811243302258025,0,6.743402703095853325795648987,5.418109686302448625928296007,full_overnight,2019-06-07T09:30:00-04:00,29241,true,true,0.9251132805409665558519107852,29228,12,4,false,false,false,true,false,false,98.71382636655948553054662379,7307.875,3.353648800375163688751732267,1.287064694972528946304532706,0b9d6f68aadd7484e2df,29b9b509c829bdad1330,2.605656742411649963745201708,WIDTH_EXCEEDS_MAXIMUM,2.605656742411649963745201708,2019-06-07,2,2019-06-07,INSIDE_VALUE,1.091417778535745046949584807,3.5,14,2019,3.074706613712489467246103053742773904526,POC_BROAD_DISTRIBUTION,7310.5,29b9b509c829bdad1330-Z0029228,7307,787,2.844556273534470735902561479,15606.11321625008135880366198,3.323478198819595679026066616
false,2.209180150950924210962216188,26746,26734,13,72e6777d760308a8b761fa05fa8dc2be7bb649b0,NQH9,0.3394924581760199149360205334,1.640880214517429588857432578,3.677834963573549078473555779,0,1.867208519968109532148112934,3.564670810848209106828215601,full_overnight,2019-01-16T09:30:00-05:00,26746,true,true,,26734,8,4,true,false,false,true,false,false,96.37681159420289855072463768,6685.625,2.964731570836147400019557228,1.137652354630549071588421451,c705b2ab56cdf289f7b6,29bb4996bf1cb2b14a02,2.60600838100400153949476096,WIDTH_EXCEEDS_MAXIMUM,2.60600838100400153949476096,2019-01-16,2,2019-01-16,INSIDE_VALUE,1.471133985429419631389422312,3.25,13,2019,2.87489637455599616580490696857982804247,POC_BROAD_DISTRIBUTION,6686.75,29bb4996bf1cb2b14a02-Z0026734,6683.5,1822,2.829733836024984525350289798,23106.47874760430487984667552,2.920779706986631340453099741
false,2.004453034509385200268544153,31320,31304,17,72e6777d760308a8b761fa05fa8dc2be7bb649b0,NQU9,0,3.928752564625443645122947757,9.291811621098271478147924059,0,3.928752564625443645122947757,8.668200102903756613842694257,full_overnight,2019-09-11T09:30:00-04:00,31320,true,true,,31305,8,4,true,false,false,true,false,false,99.59016393442622950819672131,7828.125,2.904633856950033570737467214,1.355973129596954472823929961,b6dbda3ea664e4292854,29c43aa1ea695f32fd3e,2.142102814244850507303287212,WIDTH_EXCEEDS_MAXIMUM,2.142102814244850507303287212,2019-09-11,2,2019-09-11,INSIDE_VALUE,1.995556858222447565776735368,4,16,2019,2.495979505081939922235822211808552704737,POC_BROAD_DISTRIBUTION,7830.25,29c43aa1ea695f32fd3e-Z0031305,7826.25,1256,2.402659307576517812343201204,17294.03991846761196606397846,2.592924294403184278140214825
false,3.096993415326035022229302466,29594,29574,21,72e6777d760308a8b761fa05fa8dc2be7bb649b0,NQM9,0,14.73203003087329530579627457,10.53441051522720568441870592,0,15.86215836200878097309023536,13.3597313430659198526536079,prior_rth,2019-03-22T16:00:00-04:00,29594,true,true,,29574,12,4,true,false,false,true,false,false,99.84399375975039001560062402,7396.625,3.757369020932191063994682258,1.210357465261013548667382263,8ed5a538fd6b8d491f9b,2a1e2d43e9842bf64cf0,3.104346549489753058051340558,WIDTH_EXCEEDS_MAXIMUM,3.104346549489753058051340558,2019-03-25,2,2019-03-22,INSIDE_VALUE,1.695192496703228500940941183,5.25,21,2019,3.28011285983975261773514493140145715187,POC_BROAD_DISTRIBUTION,7398.75,2a1e2d43e9842bf64cf0-Z0029574,7393.5,1122,3.690088814321116874721012205,52739.15163730054206294057864,2.915686021303942691093244907
true,2.776356683409774235644049168,30810,30800,11,72e6777d760308a8b761fa05fa8dc2be7bb649b0,NQM9,5.22267188745787085142233052,0.04502303351256785216743388379,10.94059714355398807668643376,0,3.91700391559340313856674789,5.988063457171524338268706544,opening_hour_rth,2019-04-18T10:30:00-04:00,30810,false,true,2.169466220914840295804576536,30800,11,4,false,true,false,true,false,false,99.47916666666666666666666667,7700.875,2.265182027380999241794988824,1.04411951914411307683133974,7f82e8b8f41f168bd8ab,2a50c59817dcf4c64dbd,2.169466220914840295804576536,,1.611121616354281896499453622,2019-04-18,2,2019-04-18,INSIDE_VALUE,0.9905067372764927476835454434,2.75,11,2019,2.04853612453140465415452420717492236186,POC_HVN_ZONE,7702.75,2a50c59817dcf4c64dbd-Z0030800,7700,144,2.075519855866676675925230838,11339.74936174936174936174936,2.021903207357084178065899296
false,0.9157383761563721136297105525,29019,29013,7,72e6777d760308a8b761fa05fa8dc2be7bb649b0,NQM9,0.54600747660991293524743924,10.23764018643586753588948575,24.43383457829360385232290599,0,9.69163270982595460064204651,23.61482336337873444945174713,midnight,2019-06-06T09:30:00-04:00,29019,true,true,,29013,3,4,true,false,false,true,false,false,99.54545454545454545454545455,7254.125,3.306047780839252992552626786,,da24b4b0f0ad19faed1b,2a5cc4835b438d7c40ff,,WIDTH_EXCEEDS_MAXIMUM,,2019-06-06,2,2019-06-06,INSIDE_VALUE,1.91102616813469527336603734,1.75,7,2019,3.242556335640571725737060056240808824831,POC_BROAD_DISTRIBUTION,7255,2a5cc4835b438d7c40ff-Z0029013,7253.25,524,3.456153500224853845000749512,7367.336912049578083733681458,3.042159900918396908355750022
false,1.09854558885612071460763575,30781,30773,9,72e6777d760308a8b761fa05fa8dc2be7bb649b0,NQZ9,0,41.75975987284071140051798919,26.28475348944469845645682698,0,37.89100827699170816450269864,26.28475348944469845645682698,midnight,2019-10-08T09:30:00-04:00,30781,true,true,,30773,4,4,true,false,false,true,false,false,99.36974789915966386554621849,7694.375,4.125065014758450655671247879,,45f3f8d4aaa76f1e759a,2a65dd516393776ddb25,,WIDTH_EXCEEDS_MAXIMUM,,2019-10-08,2,2019-10-08,INSIDE_VALUE,2.048162609567119360243389115,2.25,9,2019,3.992565472720113563965784295158646555378,POC_BROAD_DISTRIBUTION,7695.5,2a65dd516393776ddb25-Z0030773,7693.25,493,3.775043032028698743625629393,8555.439862651604558202948901,4.222621813502972526243287342
false,1.393662306415444005879763712,31228,31218,11,72e6777d760308a8b761fa05fa8dc2be7bb649b0,NQZ9,0,1.524759613729947402386263208,14.26098697547421393996563824,0,1.883526581666405614712442786,13.00530258769661019682400971,midnight,2019-09-27T09:30:00-04:00,31226,true,true,2.772665884941134882446081212,31218,5,4,true,false,false,true,false,false,99.59016393442622950819672131,7805.875,3.562279656247147380687313783,1.284785042292528659014167516,5017ca9fa56947ceadae,2a6c8f00aaf5989d4d20,2.772665884941134882446081212,WIDTH_EXCEEDS_MAXIMUM,,2019-09-27,2,2019-09-27,INSIDE_VALUE,1.614451355714061955467808102,2.25,9,2019,3.120575556768670601765827103918074480831,POC_BROAD_DISTRIBUTION,7806.75,2a6c8f00aaf5989d4d20-Z0031218,7804.5,424,2.864468255945953429133095218,7601.156555410231880820116115,3.399580981666788703978848111
false,0.5674150105675069482402139725,33258,33254,5,72e6777d760308a8b761fa05fa8dc2be7bb649b0,NQZ9,46.70302954004636964424984234,73.35900394733698628082640329,11.67575738501159241106246058,0,46.92332684919753176521328499,10.79456814840694392720868997,midnight,2019-11-18T09:30:00-05:00,33258,false,true,,33254,2,4,false,false,false,true,false,false,99.578059071729957805907173,8314.125,3.6872516583093301078183694,,7754eaa9792d04f9e215,2a9b308930ac57cab6bc,,WIDTH_EXCEEDS_MAXIMUM,,2019-11-18,2,2019-11-18,INSIDE_VALUE,2.202973091511621209634426525,1.25,5,2019,3.477122821898782780284544719737123965432,POC_BROAD_DISTRIBUTION,8314.75,2a9b308930ac57cab6bc-Z0033254,8313.5,204,2.794682080924855491329479769,7032.008828718581040562464711,4.326210555788240029627246418
false,1.448933960346134800549318505,32236,32226,11,72e6777d760308a8b761fa05fa8dc2be7bb649b0,NQZ9,0,3.019461286527413140224448324,3.882164511249531180288576416,0,5.952652250582614476442483838,4.054705156193954788301402035,full_overnight,2019-10-28T09:30:00-04:00,32235,true,true,,32226,5,4,true,false,false,true,false,false,98.50746268656716417910447761,8057.875,3.189654732751548207928781559,,d6462a45a3d99653665c,2aeb843eea8f9f45d835,,WIDTH_EXCEEDS_MAXIMUM,,2019-10-28,2,2019-10-28,INSIDE_VALUE,1.725406449444236080128256185,2.5,10,2019,2.939774232114541323554939750075662255081,POC_BROAD_DISTRIBUTION,8059,2aeb843eea8f9f45d835-Z0032226,8056.5,1055,3.413085465958474167069048769,11693.76530895929872911970099,2.532099656454893073657229549
false,1.570748771430250292632050217,30904,30894,11,72e6777d760308a8b761fa05fa8dc2be7bb649b0,NQM9,3.819834278486610500664971986,5.172692252117285052983816231,12.9715205706941148251748007,0,5.809331298531720136427978228,14.88143770993742007550728669,prior_rth,2019-04-22T16:00:00-04:00,30902,true,true,2.411423685038757772552078092,30894,6,4,false,false,false,true,false,false,96.44268774703557312252964427,7724.625,3.058055833796338814361567789,1.268153685629569489051799452,e4fff59735ef2ed5243c,2b24dd8a1884d59449f1,2.411423685038757772552078092,WIDTH_EXCEEDS_MAXIMUM,,2019-04-23,2,2019-04-22,INSIDE_VALUE,1.432437854432478937749364495,2.25,9,2019,2.67255186935079231359291179879526531891,POC_BROAD_DISTRIBUTION,7725.75,2b24dd8a1884d59449f1-Z0030894,7723.5,327,2.873502136084192976971970407,16101.29365079365079365079365,2.485654492710333526024969142
false,1.719481747427119455686533893,30306,30300,7,72e6777d760308a8b761fa05fa8dc2be7bb649b0,NQM9,0.1453926454142813139323350649,4.579868330549861388868554543,3.998297748892736133139214284,0,5.016046266792705330665559738,3.852905103478454819206879219,opening_hour_rth,2019-04-08T10:30:00-04:00,30306,true,true,1.667486674919494229317283362,30300,6,4,true,false,false,true,false,false,98.4962406015037593984962406,7576.125,1.97063292772663127914462456,1.065013646929308145653572508,1c9c4ed216a5e0d1b134,2b453fdac920a5cd50d0,1.850335846313746767682695799,WIDTH_EXCEEDS_MAXIMUM,1.850335846313746767682695799,2019-04-08,2,2019-04-08,INSIDE_VALUE,1.017748517899969197526345454,1.75,7,2019,1.837780803174719935854768138571719074961,POC_BROAD_DISTRIBUTION,7576.75,2b453fdac920a5cd50d0-Z0030300,7575,106,1.846012832263978001833180568,8015.028827921741352796722946,1.829585483636848509679074141
false,4.313820166648060686455611712,30003,29979,25,72e6777d760308a8b761fa05fa8dc2be7bb649b0,NQU9,0.05795327351215381234447216891,4.143659056118997582629760077,2.173247756705767962917706334,0,3.795939415046074708562927064,2.347107577242229399951122841,opening_hour_rth,2019-08-05T10:30:00-04:00,30001,true,true,2.295750574179244788329886857,29979,17,4,true,false,false,true,false,false,99.578059071729957805907173,7496.875,2.712415268399887183876539927,1.181493886534082409543016395,427995338a5b6124c9ef,2b58beb16a5ab6a36665,2.295750574179244788329886857,WIDTH_EXCEEDS_MAXIMUM,1.857948915998499051948966804,2019-08-05,2,2019-08-05,INSIDE_VALUE,1.332925290779537683922859885,5.75,23,2019,2.347683444326932219801478567336955281346,POC_BROAD_DISTRIBUTION,7500.5,2b58beb16a5ab6a36665-Z0029979,7494.75,541,2.306434494792322498246118976,32966.0838729043230877403935,2.389670102147448402783712631
false,2.451177837720950774178471979,30374,30362,13,72e6777d760308a8b761fa05fa8dc2be7bb649b0,NQU9,2.65178637794944804645825432,3.926683675040528838024722743,5.354568647782539324579167377,0,3.926683675040528838024722743,6.986437188059122737784246959,midnight,2019-08-08T09:30:00-04:00,30374,true,true,,30362,9,4,false,false,false,true,false,false,98.76033057851239669421487603,7592.875,2.453921271920044934946681241,1.113797792980907354263771158,67d64d8fb0630cc2fae1,2ba9d769650ec33a240c,2.203201772695656513909244919,WIDTH_EXCEEDS_MAXIMUM,2.203201772695656513909244919,2019-08-08,2,2019-08-08,INSIDE_VALUE,1.32589318897472402322912716,3.25,13,2019,2.306682488379599015000339268985534118228,POC_BROAD_DISTRIBUTION,7593.75,2ba9d769650ec33a240c-Z0030362,7590.5,944,2.399361425030458345586690754,10679.08449515250094062854865,2.217583414774435253270042754
false,1.879697444109398548239028516,30426,30414,13,72e6777d760308a8b761fa05fa8dc2be7bb649b0,NQM9,0.2660002552894358025419141641,2.327502233782563272241748936,2.061501978493127469699834772,0,2.327502233782563272241748936,2.194502106137845370970791854,opening_hour_rth,2019-04-10T10:30:00-04:00,30426,true,true,,30414,7,4,true,false,false,true,false,false,96.20253164556962025316455696,7605.375,2.047296658750588775538206421,1.060347501348620010256422135,ca1ec1dc9db5c7eabb58,2c4eed264ee3a191125a,1.930778972126309175384804654,WIDTH_EXCEEDS_MAXIMUM,1.930778972126309175384804654,2019-04-10,2,2019-04-10,INSIDE_VALUE,1.729001659381332716522442067,3.25,13,2019,1.937125454346905561373953588004533610289,POC_BROAD_DISTRIBUTION,7606.75,2c4eed264ee3a191125a-Z0030414,7603.5,326,1.953724776209983310575026552,24865.0057343931115056388333,1.920667164367985295272160001
true,2.834925402164246741510979125,31675,31666,10,72e6777d760308a8b761fa05fa8dc2be7bb649b0,NQU9,0.1763714839262749526379436309,10.89093913244747832539301921,3.130593839691380409323499448,0.1763714839262749526379436309,11.94916803600512804122068099,4.277008485212167601470133049,opening_hour_rth,2019-08-01T10:30:00-04:00,31675,true,true,2.644807235705377704239302897,31666,11,4,true,false,false,true,false,false,99.75308641975308641975308642,7917.875,3.142339336192405336748805621,1.188116583231569384639964722,9110d1a5ece63a820680,2c563a2cf6364f4e9f77,2.644807235705377704239302897,,2.494046418674669971782401522,2019-08-01,2,2019-08-01,INSIDE_VALUE,0.8818574196313747631897181544,2.5,10,2019,2.835158520393540766768983038054851510134,POC_HVN_ZONE,7919,2c563a2cf6364f4e9f77-Z0031666,7916.5,108,2.805644644002565747273893522,8889.440543382019641832044774,2.864982866929579872310845786
false,1.745630127472995250644054447,34435,34424,12,72e6777d760308a8b761fa05fa8dc2be7bb649b0,NQH0,0,1.790184501755709692155740599,2.506258302457993569018036839,0,2.076614022036623242900659095,2.792687822738907119762955335,prior_rth,2019-12-17T16:00:00-05:00,34435,true,true,2.881029201686407722897625478,34424,6,4,true,false,false,true,false,false,99.13793103448275862068965517,8607.375,3.401224783510207854928322801,1.180558941061515148609511141,f718fd73d112af1ae788,2c8a826248089645f60a,2.881029201686407722897625478,WIDTH_EXCEEDS_MAXIMUM,,2019-12-18,2,2019-12-17,INSIDE_VALUE,1.718577121685481304469510975,3,12,2019,3.078914548862475898709716687644044543035,POC_BROAD_DISTRIBUTION,8609,2c8a826248089645f60a-Z0034424,8606,1068,3.251653543307086614173228346,52654.57535830617878303712805,2.915352042565919176261618518
false,2.770076918966685331992204682,30463,30445,19,72e6777d760308a8b761fa05fa8dc2be7bb649b0,NQU9,0.1805004029225707255527075606,22.33692486166812728714756062,9.431146052704320410128970039,0,18.54641640029414205054070185,9.431146052704320410128970039,full_overnight,2019-08-12T09:30:00-04:00,30462,true,true,2.495898995935339079690781,30445,11,4,true,false,false,true,false,false,99.6031746031746031746031746,7613.125,2.717260783638303019668711034,1.088690202633784275981431439,db6c7981cf9a7a14b7ad,2ca23c3f08d22a188c78,2.495898995935339079690781,WIDTH_EXCEEDS_MAXIMUM,,2019-08-12,2,2019-08-12,INSIDE_VALUE,1.624503626303136529974368045,4.5,18,2019,2.422041199340778005756797941524376409211,POC_BROAD_DISTRIBUTION,7615.75,2ca23c3f08d22a188c78-Z0030445,7611.25,836,2.179718782009498091069932024,14939.80710428976124559616825,2.691302942252002900797086262
false,1.071892516984541661317513085,28173,28166,8,72e6777d760308a8b761fa05fa8dc2be7bb649b0,NQH9,1.399394040197066052494533792,7.346818711034596775596302408,13.87732423195423835390412677,0,12.24469785172432795932717068,28.80419399405627624717915388,midnight,2019-02-14T09:30:00-05:00,28173,true,true,,28167,4,4,false,false,false,true,false,false,99.6598639455782312925170068,7042.625,4.651604401037050543593697713,1.133849482444914413142661003,d5be0914216a475451e2,2cbb2ab479b19fd7168c,4.102488445826881194707009136,WIDTH_EXCEEDS_MAXIMUM,4.102488445826881194707009136,2019-02-14,2,2019-02-14,INSIDE_VALUE,1.632626380229910394576956091,1.75,7,2019,4.301855841052528242799592011250850446163,POC_BROAD_DISTRIBUTION,7043.5,2cbb2ab479b19fd7168c-Z0028167,7041.75,490,4.996358339402767662053896579,6649.629706286763223411178503,3.703890397783165860552889113
false,2.628989501761798094101601644,31556,31536,21,72e6777d760308a8b761fa05fa8dc2be7bb649b0,NQZ9,0.1901871421186462157771031983,2.139605348834769927492410981,4.61203819637717073259475256,0,2.139605348834769927492410981,4.992412480614463164148958957,opening_hour_rth,2019-09-16T10:30:00-04:00,31554,true,true,,31536,10,4,true,false,false,true,false,false,99.35897435897435897435897436,7886.625,2.44618458033658172917036054,,9eb170157ace630b2b91,2d184b4b0f948e1f2d10,,WIDTH_EXCEEDS_MAXIMUM,,2019-09-16,2,2019-09-16,INSIDE_VALUE,1.806777850127139049882480384,4.75,19,2019,2.180241540070709178700984162126369548576,POC_BROAD_DISTRIBUTION,7888.75,2d184b4b0f948e1f2d10-Z0031536,7884,422,2.311435693971419542853130157,14717.3901560974756495242532,2.05649379969671495011808583
false,1.532785000891976044860148051,33047,33035,13,72e6777d760308a8b761fa05fa8dc2be7bb649b0,NQZ9,0.1631018047896587566124200267,1.386365340712099431205570227,10.68316821372264855811351175,0,1.386365340712099431205570227,10.3569646041433310448886717,opening_hour_rth,2019-11-13T10:30:00-05:00,33045,true,true,,33036,6,4,true,false,false,true,false,false,98.41269841269841269841269841,8260.375,2.31940573900467128940265795,,1562f2efeae49f9755ee,2d1b78e305a53c8adcb7,,WIDTH_EXCEEDS_MAXIMUM,,2019-11-13,2,2019-11-13,INSIDE_VALUE,1.631018047896587566124200267,2.5,10,2019,2.136431167801971179866944573930499975482,POC_BROAD_DISTRIBUTION,8261.5,2d1b78e305a53c8adcb7-Z0033036,8259,158,2.082426778242677824267782427,12381.26449144725006793972311,2.19183607435525607103674761
false,1.914405705474117914313605787,28607,28594,14,72e6777d760308a8b761fa05fa8dc2be7bb649b0,NQH9,0,2.546482172540677412742161881,6.855913541455669957382743526,0,4.374725783595522734710893488,5.288847589122945395695259291,opening_hour_rth,2019-03-05T10:30:00-05:00,28607,true,true,1.780512216984547101789123489,28594,7,4,true,false,false,true,false,false,99.34640522875816993464052288,7150.125,2.027940626714741240696939038,1.138964735748477903774045337,95f67128bded1bfce047,2d443ff087ce9ac1cda6,1.780512216984547101789123489,WIDTH_EXCEEDS_MAXIMUM,,2019-03-05,2,2019-03-05,INSIDE_VALUE,1.828243611054845321968731607,3.5,14,2019,1.858178238144343852232680007457708531883,POC_BROAD_DISTRIBUTION,7152,2d443ff087ce9ac1cda6-Z0028594,7148.5,245,1.800605245460659045057162071,17674.85983451901981504269424,1.91759208378284031706903409
false,2.060312817739408654411650626,28491,28480,12,72e6777d760308a8b761fa05fa8dc2be7bb649b0,NQH9,0.1213407973039268649757987661,3.579553520465842516786063601,20.20324275110382301847049456,0,3.458212723161915651810264835,20.44592434571167674842209209,prior_rth,2019-02-27T16:00:00-05:00,28489,true,true,2.213740347829879330156186433,28480,8,4,true,false,false,true,false,false,99.40298507462686567164179104,7120.875,2.390132553600670425850255088,1.079680621055539624795061165,fa756966fc805f5bc468,2d44b5c8d87212ef19be,2.213740347829879330156186433,WIDTH_EXCEEDS_MAXIMUM,,2019-02-28,2,2019-02-27,INSIDE_VALUE,1.213407973039268649757987661,2.5,10,2019,2.185464759877011848759407474308425358222,POC_BROAD_DISTRIBUTION,7122.5,2d44b5c8d87212ef19be-Z0028480,7120,334,2.27187817258883248730964467,19116.27864357864357864357865,2.102338177412780759344081088
false,2.105673785013554485098332934,29932,29918,15,72e6777d760308a8b761fa05fa8dc2be7bb649b0,NQM9,0,21.54892192843057855651460653,15.01894558648191838787381667,0,22.14255614133500220820922379,15.01894558648191838787381667,prior_rth,2019-03-21T16:00:00-04:00,29932,true,true,,29919,8,4,true,false,false,true,false,false,99.66722129783693843594009983,7481.625,3.526281703800962759503850277,1.231924443475106259571233579,c4e4828a69761a0e4e14,2d5683767bb77e63d7f2,2.862417190013503478333154288,WIDTH_EXCEEDS_MAXIMUM,2.862417190013503478333154288,2019-03-22,2,2019-03-21,INSIDE_VALUE,1.662175796132386224744928327,3.5,14,2019,3.119993623906206163367230559339743241679,POC_BROAD_DISTRIBUTION,7483.25,2d5683767bb77e63d7f2-Z0029919,7479.75,387,2.966670918367346938775510204,32001.83304115863259665971313,3.281240313156306555688747626
false,1.570748771430250292632050217,30802,30790,13,72e6777d760308a8b761fa05fa8dc2be7bb649b0,NQM9,0,5.968491060135328907289018728,8.992526530603895553648788216,0,5.968491060135328907289018728,9.788325338621939407953990714,opening_hour_rth,2019-04-22T10:30:00-04:00,30798,true,true,,30790,6,4,true,false,false,true,false,false,98,7699.125,2.225234168177600434313478464,,7b304115a9c95e73f736,2de75a9626c443bcc9bb,,WIDTH_EXCEEDS_MAXIMUM,,2019-04-22,2,2019-04-22,INSIDE_VALUE,1.432437854432478937749364495,2.25,9,2019,2.079515049057504739263391984268044029119,POC_BROAD_DISTRIBUTION,7699.75,2de75a9626c443bcc9bb-Z0030790,7697.5,127,2.357089829250185597624350408,7071.499979236449824685118804,1.83462793211927217423066235
false,1.849316908118637045724150211,29877,29867,11,72e6777d760308a8b761fa05fa8dc2be7bb649b0,NQM9,0,3.041663640939979991548489311,6.15091980723418176068694505,0,4.934254350858189764067549326,5.204624452275076874427415043,opening_hour_rth,2019-04-01T10:30:00-04:00,29877,true,true,1.454922225512831300580262086,29867,7,4,true,false,false,true,false,false,98.02631578947368421052631579,7467.625,1.800343749300946796556275808,1.237214782033602557616419774,6e012179b84e8c129ff8,2e30534cd2c73e3ef699,1.455158615500642915320329422,WIDTH_EXCEEDS_MAXIMUM,1.455158615500642915320329422,2019-04-01,2,2019-04-01,INSIDE_VALUE,1.487035557792879106979261441,2.75,11,2019,1.624903055263481960348815469022372999778,POC_BROAD_DISTRIBUTION,7469.5,2e30534cd2c73e3ef699-Z0029867,7466.75,173,1.656649656649656649656649657,12611.77556599439119533381568,1.593764818292515552541922786
false,3.541826544403877945831132465,31705,31677,29,72e6777d760308a8b761fa05fa8dc2be7bb649b0,NQU9,0,4.76449080395048483242977167,4.693905755003070242319700979,0,4.976245950792728602759983745,4.693905755003070242319700979,opening_hour_rth,2019-07-10T10:30:00-04:00,31702,true,true,,31683,14,4,true,false,false,true,false,false,99.59677419354838709677419355,7922.875,2.544205137657039668981186416,,6c16c283c0ed6a7ab94d,2e850e05c5e103597359,,WIDTH_EXCEEDS_MAXIMUM,,2019-07-10,2,2019-07-10,INSIDE_VALUE,1.411700978948291802201413828,5,20,2019,2.186255087748365779371071047137497051825,POC_BROAD_DISTRIBUTION,7925.75,2e850e05c5e103597359-Z0031683,7920.75,246,2.244591611479028697571743929,18737.99516044653888594855431,2.129434719555117420182213772
false,2.677732029005720063550885521,27616,27599,18,72e6777d760308a8b761fa05fa8dc2be7bb649b0,NQH9,1.400438863702290727128055348,9.102852614064889726332359764,3.594459750169212866295342061,0,10.50329147776718045346041511,3.687822341082698914770545751,prior_rth,2019-01-31T16:00:00-05:00,27616,true,true,,27600,10,4,false,false,false,true,false,false,98.78345498783454987834549878,6902.375,3.437420948756797202854659131,1.26875967962837007859867102,67b4cb9a864b66057c1f,2ebce92ae79229e38102,2.709276629726793858876792973,WIDTH_EXCEEDS_MAXIMUM,2.709276629726793858876792973,2019-02-01,2,2019-01-31,INSIDE_VALUE,1.587164045529262824078462728,4.25,17,2019,3.090384441237717611430060058890842859949,POC_BROAD_DISTRIBUTION,6904.25,2ebce92ae79229e38102-Z0027600,6900,852,3.287845641049715975775785175,49256.70531931108548260373826,2.904782352128600433719217481
false,3.362255366197398036519283592,31032,31009,24,72e6777d760308a8b761fa05fa8dc2be7bb649b0,NQM9,0,8.513630549238723721001769379,4.944597655234717270276136801,0,8.811049957072390925228905427,7.175243213987221301979657162,prior_rth,2019-05-06T16:00:00-04:00,31032,true,true,,31014,13,4,true,false,false,true,false,false,99.82332155477031802120141343,7755.625,3.622686207256426032964586974,1.204512784705194127808154765,dd2f98df8e7853cc38be,2ed6262fa9bb3ebbdd82,3.007594650100025793405632193,WIDTH_EXCEEDS_MAXIMUM,3.007594650100025793405632193,2019-05-07,2,2019-05-06,INSIDE_VALUE,1.412742187209919220078896229,4.75,19,2019,3.280731621127351146688227715490824762053,POC_BROAD_DISTRIBUTION,7758.25,2ed6262fa9bb3ebbdd82-Z0031014,7753.5,801,3.595203920604585140718301707,41892.86529194844580495408332,2.993766197288445032395337668
false,1.477396927627131822279045362,30041,30033,9,72e6777d760308a8b761fa05fa8dc2be7bb649b0,NQM9,1.015299255027673093322968692,7.022486513941405562150533455,33.58948368716551817076821423,0,7.022486513941405562150533455,32.91261751714706944188623511,full_overnight,2019-06-13T09:30:00-04:00,30041,true,true,2.688908146431719644187945652,30033,5,4,false,false,false,true,false,false,99.2718446601941747572815534,7509.125,2.874957392492260037394609816,1.069191372828199657790912995,36de2f4248de4ccdf696,2ee666e88813903a19bb,2.688908146431719644187945652,WIDTH_EXCEEDS_MAXIMUM,,2019-06-13,2,2019-06-13,INSIDE_VALUE,1.522948882541509639984453038,2.25,9,2019,2.574228041069626148213303933310900577149,POC_BROAD_DISTRIBUTION,7510.5,2ee666e88813903a19bb-Z0030033,7508.25,430,2.467031513277910069487961454,6110.224689140011720656881947,2.686082432171459453856073651
true,2.269380712356748910994059358,26634,26625,10,72e6777d760308a8b761fa05fa8dc2be7bb649b0,NQH9,0.7711354866423568399974420822,1.156703229963535259996163123,11.18146455631417417996291019,0,2.368487566115810294277857824,9.639193583029460499968026028,full_overnight,2019-01-17T09:30:00-05:00,26630,true,true,2.214888363575390903291591892,26625,9,4,false,false,false,true,false,false,96.44268774703557312252964427,6656.875,2.208083940278095983465067758,0.9969278707635129488419668305,66a9c84bbdcdd1aa91f0,2f76272ee895569043a4,2.214888363575390903291591892,,1.248081213210641356327935253,2019-01-17,2,2019-01-17,INSIDE_VALUE,0.6609732742648772914263789276,1.5,6,2019,2.072304284537053998771146454723134279366,POC_HVN_ZONE,6657.75,2f76272ee895569043a4-Z0026625,6656.25,266,1.54134029590948651000870322,5717.959590950844820813861062,2.786175810174768672486733706
false,2.244366709800940396325340003,30866,30853,14,72e6777d760308a8b761fa05fa8dc2be7bb649b0,NQU9,0.5569499826126302875012252171,3.286004897414518696257228781,5.959364813955144076263109823,0,3.063224904369466581256738694,5.959364813955144076263109823,prior_rth,2019-08-29T16:00:00-04:00,30866,true,true,2.740158325127904838207371787,30853,8,4,true,false,false,true,false,false,97.33333333333333333333333333,7714.625,3.561665618276180660067336322,1.299802856504625361749720257,01374b5501493883bb0d,302741edf45ec79dd1f9,2.740158325127904838207371787,WIDTH_EXCEEDS_MAXIMUM,,2019-08-30,2,2019-08-29,INSIDE_VALUE,1.559459951315364805003430608,3.5,14,2019,3.415565788065902646121663938010223805221,POC_BROAD_DISTRIBUTION,7716.75,302741edf45ec79dd1f9-Z0030853,7713.25,933,3.49037310454908220271348763,44605.33311995392945049695621,3.342361777141123427591590943
false,0.9647502055456815330779574083,33529,33523,7,72e6777d760308a8b761fa05fa8dc2be7bb649b0,NQZ9,4.146150969449674263213079491,2.461777138110744093782765948,6.607928107560418356995845439,0,2.20264270252013945233194848,6.607928107560418356995845439,midnight,2019-11-26T09:30:00-05:00,33529,true,true,2.055453721017751561102917173,33523,3,4,false,false,false,true,false,false,93.87755102040816326530612245,8381.625,2.424502957315268179743751968,1.179546361235894442421527707,a22a7c7ccae6bf1217bc,304397837f449ea8c3d8,2.055453721017751561102917173,WIDTH_EXCEEDS_MAXIMUM,,2019-11-26,2,2019-11-26,INSIDE_VALUE,1.813941049134232490155722277,1.75,7,2019,2.354660342675252245870196020267892894357,POC_BROAD_DISTRIBUTION,8382.5,304397837f449ea8c3d8-Z0033523,8380.75,436,2.31475161167993932499051953,7339.410062064372409199995407,2.395257141799179768958924327
false,1.823695861797812391742400176,30370,30356,15,72e6777d760308a8b761fa05fa8dc2be7bb649b0,NQU9,0.1370842612723528452664860737,4.043985707534408935361339174,17.75241183476969346200994654,0,3.221480139900291863762422732,16.79282200586322354514454403,midnight,2019-08-16T09:30:00-04:00,30370,true,true,,30356,7,4,true,false,false,true,false,false,99.60784313725490196078431373,7590.875,1.923455963415414823123714022,,a6f4abb7ce6725865890,309dcd0720a714f85815,,WIDTH_EXCEEDS_MAXIMUM,,2019-08-16,2,2019-08-16,INSIDE_VALUE,2.056263919085292678997291106,3.75,15,2019,1.735989818430990132841508932594224922574,POC_BROAD_DISTRIBUTION,7592.75,309dcd0720a714f85815-Z0030356,7589,745,1.856765870107022430728632165,9903.017304937256919470147221,1.623069821679971536298180777
false,2.416021156256678796329286343,33775,33762,14,72e6777d760308a8b761fa05fa8dc2be7bb649b0,NQZ9,2.897325622282886146506255285,10.70975721093852557726419364,9.468046229960145800190084234,0,13.08970325781375348332290334,9.364570314878614152100575116,prior_rth,2019-12-12T16:00:00-05:00,33775,true,true,2.5585559392144289460309555,33762,9,4,false,false,false,true,false,false,99.56896551724137931034482759,8441.625,2.63248072949305617026044957,1.028893169442027076336104447,ccfe94c2b0b03f9c1e93,31662180667809da2f89,2.5585559392144289460309555,WIDTH_EXCEEDS_MAXIMUM,,2019-12-13,2,2019-12-12,INSIDE_VALUE,1.448662811141443073253127642,3.5,14,2019,2.401374084074588450609453370430697562505,POC_BROAD_DISTRIBUTION,8444,31662180667809da2f89-Z0033762,8440.5,601,2.578159091749565474649606153,28866.74496115352981790148833,2.236711268175384704038835958
false,2.405577084691393148609906727,26636,26618,19,72e6777d760308a8b761fa05fa8dc2be7bb649b0,NQH9,24.42241421980328032419635876,37.98464849931105939784582607,1.195139419266969037141523939,0,23.85082580189299078469389079,18.86241779103955480358144304,prior_rth,2019-01-22T16:00:00-05:00,26636,true,true,,26618,9,4,false,false,false,true,false,false,99.08925318761384335154826958,6656.875,2.791327555083821121054734591,,800cd3c70d83e1de7540,31c34462775a5e6ff495,,WIDTH_EXCEEDS_MAXIMUM,,2019-01-23,2,2019-01-22,INSIDE_VALUE,1.9745781709628184091903439,4.75,19,2019,2.562899874185616216872167825200784323973,POC_BROAD_DISTRIBUTION,6659.25,31c34462775a5e6ff495-Z0026618,6654.5,713,2.484856756533717601203587911,42384.25371068233507435541988,2.643394130397841516217743832
true,6.569837508273943714085380162,30611,30575,37,72e6777d760308a8b761fa05fa8dc2be7bb649b0,NQM9,0.0761053830281659697802336815,1.160607091179531039148563643,1.997766304489356706731134139,0,1.198659782693614024038680484,2.302187836602020585852068865,opening_hour_rth,2019-05-08T10:30:00-04:00,30600,true,true,2.298420419971329756411104884,30575,26,4,true,false,false,true,false,false,99.59016393442622950819672131,7646.375,2.887040797317748866700936266,1.256097784474853167269242145,35f2766709c72f015178,324f8c9dc7a09c9da061,2.298420419971329756411104884,,,2019-05-08,2,2019-05-08,INSIDE_VALUE,0.9893699793661576071430378594,6.5,26,2019,2.565538155478106572849145189502402892484,POC_HVN_ZONE,7650.25,324f8c9dc7a09c9da061-Z0030575,7643.75,695,2.680767649941509374308387872,36056.80546647736656775753768,2.455261658860145945693383552
true,4.169209211087516135181954888,30194,30177,18,72e6777d760308a8b761fa05fa8dc2be7bb649b0,NQU9,0.2998170484406907760376263328,3.747713105508634700470329159,5.786469034905331977526188222,0,3.927603334573049166092904959,6.146249493034160908771339821,opening_hour_rth,2019-08-28T10:30:00-04:00,30194,true,true,0.9756526293597117474640607761,30184,16,4,false,false,false,true,false,false,96.2962962962962962962962963,7547.875,2.29499666256795818300209424,1.059728327093908222718138182,f0f705e5561f7ab23cf3,326d4d661cc78853594e,2.1656462358249164683879875,,2.1656462358249164683879875,2019-08-28,2,2019-08-28,INSIDE_VALUE,0.6595975065695197072827779321,2.75,11,2019,2.057436216728093195157446788363377747756,POC_HVN_ZONE,7548.75,326d4d661cc78853594e-Z0030184,7546,157,2.01866755559788561360064765,9043.583717539090986896116452,2.096949432889990335648571618
false,2.497790520698509371596163794,31229,31216,14,72e6777d760308a8b761fa05fa8dc2be7bb649b0,NQM9,3.603184464597592388928145925,1.050928802174297780104042561,8.25729773136948255796033441,0,1.251105716874164023933384002,5.855174754971087632008237127,full_overnight,2019-04-30T09:30:00-04:00,31226,false,true,1.282474497007179722303491389,31216,9,4,false,false,false,true,false,false,97.67441860465116279069767442,7805.125,1.829892715447374581103428329,1.42684530547598891398467348,c0be6d88168d5bd7275e,3272d12d00407b7aac52,1.282474497007179722303491389,WIDTH_EXCEEDS_MAXIMUM,,2019-04-30,2,2019-04-30,INSIDE_VALUE,1.100973030849264341061377921,2.75,11,2019,1.597814912741101672907624132699274817342,POC_BROAD_DISTRIBUTION,7806.75,3272d12d00407b7aac52-Z0031216,7804,592,1.700354017767684189432903614,8499.365836940836940836940836,1.501459383575654365194718642
false,1.598009941766170098651458418,29981,29972,10,72e6777d760308a8b761fa05fa8dc2be7bb649b0,NQM9,3.754670007477308997521084914,3.676447715654865060072728978,4.928004384813968059246423949,0,5.084448968458855934143135821,4.771559801169080184349712078,full_overnight,2019-04-02T09:30:00-04:00,29981,true,true,1.556513299624405709111583036,29972,6,4,false,false,false,true,false,false,99.10714285714285714285714286,7493.875,1.76279574874443284845136359,1.132528549013878715799678128,c2965d9947e53c296b5c,32c6b59c0024d31a2568,1.556513299624405709111583036,WIDTH_EXCEEDS_MAXIMUM,,2019-04-02,2,2019-04-02,INSIDE_VALUE,1.564445836448878748967118714,2.5,10,2019,1.574900826296313592521038433707542267992,POC_BROAD_DISTRIBUTION,7495.5,32c6b59c0024d31a2568-Z0029972,7493,595,1.64950495049504950495049505,8346.04484126984126984126984,1.503670911641956442085131862
false,0.5910366831411795832496250529,33184,33180,5,72e6777d760308a8b761fa05fa8dc2be7bb649b0,NQZ9,0.4229855897798530902933540568,7.825233410927282170427050051,9.517175770046694531600466278,0,9.094190180266841441307112222,10.36314694960640071218717439,midnight,2019-11-22T09:30:00-05:00,33184,true,true,,33180,2,4,true,false,false,true,false,false,99.23664122137404580152671756,8295.625,2.861061972055046550595436577,,3775ed6e22e8a51c5a40,333fa3f842ec6e2fdfb7,,WIDTH_EXCEEDS_MAXIMUM,,2019-11-22,2,2019-11-22,INSIDE_VALUE,2.114927948899265451466770284,1.25,5,2019,2.818247008814835875598641541856392807273,POC_BROAD_DISTRIBUTION,8296.25,333fa3f842ec6e2fdfb7-Z0033180,8295,380,2.854357798165137614678899082,7659.883944129156895114341923,2.782593060967845356571353913
false,2.775771498137211157488877181,31048,31029,20,72e6777d760308a8b761fa05fa8dc2be7bb649b0,NQU9,0,4.548285047408439289355270778,7.340301611164114892721872641,0,4.548285047408439289355270778,7.520431712051577834874556633,opening_hour_rth,2019-08-22T10:30:00-04:00,31048,true,true,,31030,11,4,true,false,false,true,false,false,99.64285714285714285714285714,7760.125,4.67533443436312813117425445,1.392323694970818490260523998,faff8b1a91fc87b9f47d,337c2c13cbe4f5722866,3.357936413242696257727508763,WIDTH_EXCEEDS_MAXIMUM,3.357936413242696257727508763,2019-08-22,2,2019-08-22,INSIDE_VALUE,1.711235958430897950450497916,4.75,19,2019,4.14253385951029877467829800401613961476,POC_BROAD_DISTRIBUTION,7762.25,337c2c13cbe4f5722866-Z0031030,7757.5,408,4.252214695153725898905680041,23113.20182533614281403847527,4.035682110959099379547618899
false,2.56634413813068432509035428,30785,30771,15,72e6777d760308a8b761fa05fa8dc2be7bb649b0,NQZ9,0.4870741929843031199196548959,6.478086766691231494931410116,18.46011191410508824495492056,0,6.478086766691231494931410116,17.19371901234590013316381783,full_overnight,2019-10-10T09:30:00-04:00,30785,true,true,4.596962844150166241063256971,30771,10,4,false,false,false,true,false,false,99.81024667931688804554079696,7693.875,4.732096093491219251041864512,1.029396202214907154640134295,7bb0dc06a46f074d5b4e,33b480821e7b2249aca5,4.596962844150166241063256971,WIDTH_EXCEEDS_MAXIMUM,,2019-10-10,2,2019-10-10,INSIDE_VALUE,1.461222578952909359758964688,3.75,15,2019,4.454369089549371611614025099495082830463,POC_BROAD_DISTRIBUTION,7696.5,33b480821e7b2249aca5-Z0030771,7692.75,2074,4.668238409464625109445405429,22886.76549488946026340650703,4.250297916598565614715560588
false,2.297428418881954805917052385,26952,26942,11,72e6777d760308a8b761fa05fa8dc2be7bb649b0,NQH9,0,8.106890228625216388274865869,11.806679057796456082252657,0,10.82732319125112792796441817,9.086246095170544542563104699,full_overnight,2019-01-25T09:30:00-05:00,26952,true,true,3.287396349264644768653446294,26942,9,4,true,false,false,true,false,false,99.72677595628415300546448087,6736.375,3.580492495154291701720554806,1.089157532207885243527183991,80a47acba254e30b2695,34446f8e45eeece99564,3.287396349264644768653446294,WIDTH_EXCEEDS_MAXIMUM,2.94039238805595114844642827,2019-01-25,2,2019-01-25,INSIDE_VALUE,1.196990503555401077463403014,2.75,11,2019,3.268461721089043290351729607293531520059,POC_BROAD_DISTRIBUTION,6738.25,34446f8e45eeece99564-Z0026942,6735.5,754,3.494099772094201063560395038,8932.521025589712693030104533,3.057394670737049915972934188
false,0.4715302906853854738939290729,33339,33337,3,72e6777d760308a8b761fa05fa8dc2be7bb649b0,NQZ9,0,18.82169645368886621599806912,15.11037602620092076495619634,0,69.18961654102526876585205691,33.13678953114237009858814986,midnight,2019-12-06T09:30:00-05:00,33339,true,true,,33337,1,4,true,false,false,true,false,false,99.60474308300395256916996047,8334.625,5.203399344432754489730425154,,56bb7e6f2afe10cecd8d,34522fd25bc87478ab69,,BASIN_TOO_NARROW,,2019-12-06,2,2019-12-06,INSIDE_VALUE,1.590565897494833764732231193,0.75,3,2019,5.219029146169197486103932443464026891168,POC_HVN_ZONE,8335,34522fd25bc87478ab69-Z0033337,8334.25,245,6.255424361691391664143707741,3961.144389189242130418601007,4.354343311282351203958680077
false,2.290412572845295536861519238,29523,29505,19,72e6777d760308a8b761fa05fa8dc2be7bb649b0,NQM9,0.2183012815804046769740373865,8.459174661240681232743948728,2.346738776989350277470901905,0,8.786626583611288248205004808,1.582684291457933908061771052,opening_hour_rth,2019-03-27T10:30:00-04:00,29523,true,true,,29505,9,4,true,false,false,true,false,false,98.85057471264367816091954023,7378.625,1.84099741840863241309750096,,8c07d6449b96c35ef0cb,346f255e63f5bc4ec9e5,,WIDTH_EXCEEDS_MAXIMUM,,2019-03-27,2,2019-03-27,INSIDE_VALUE,2.073862175013844431253355172,4.75,19,2019,1.660815490815152712428227447015591295692,POC_BROAD_DISTRIBUTION,7381,346f255e63f5bc4ec9e5-Z0029505,7376.25,283,1.631015865655327746679474015,20976.30748007556932042057901,1.691159572763145876329541954
false,2.094506800910630647732388141,26211,26200,12,72e6777d760308a8b761fa05fa8dc2be7bb649b0,NQH9,1.312958257669242215576989386,4.714713743448642501390098248,5.908312159511589970096452235,0,5.550232634692705729484546039,6.743831050755653198190900026,opening_hour_rth,2019-01-10T10:30:00-05:00,26211,true,true,1.884692823997719193549887713,26200,8,4,false,false,false,true,false,false,97.45762711864406779661016949,6551.875,2.2221906219740427749798172,1.102147204008939219521646415,fa8682b3c476596e226b,347ed91c8ab55051a882,2.016237589580655674882754128,WIDTH_EXCEEDS_MAXIMUM,2.016237589580655674882754128,2019-01-10,2,2019-01-10,INSIDE_VALUE,1.432318099275536962447624784,3,12,2019,2.051657106793354651007168144064777067925,POC_BROAD_DISTRIBUTION,6553,347ed91c8ab55051a882-Z0026200,6550,179,2.105462519936204146730462521,10281.54852080480017195653905,1.999226699121303296537954606
false,1.884340158430184540403427764,26293,26281,13,72e6777d760308a8b761fa05fa8dc2be7bb649b0,NQH9,12.07319172083700801135782118,13.86426961348865205699881663,0.7296984007099290556315166646,0,10.01676895519993521821445603,3.913836876535074025659953019,full_overnight,2019-01-15T09:30:00-05:00,26293,true,true,2.4012908869800058133103103,26281,7,4,false,false,true,true,false,false,99.6124031007751937984496124,6571.625,2.825392105429897817194906041,1.1766138458066047931033676,0dabd6ae68bee1c51e19,348abe9d63f012ac5cc4,2.4012908869800058133103103,WIDTH_EXCEEDS_MAXIMUM,,2019-01-15,2,2019-01-15,INSIDE_VALUE,1.724741674405286858765403025,3.25,13,2019,2.498200492455434532930206729372089880876,POC_BROAD_DISTRIBUTION,6573.5,348abe9d63f012ac5cc4-Z0026281,6570.25,801,2.113089090890499902861992454,14713.05940203587262410791823,2.953498613669187693412417789
true,4.8909512448761942135480442,30990,30977,14,72e6777d760308a8b761fa05fa8dc2be7bb649b0,NQM9,1.635673634731254791055810675,4.625889498224329955954714565,2.939101062407723452678409806,0,4.574774697138978243734220481,5.341496713419253927041631735,full_overnight,2019-05-07T09:30:00-04:00,30990,true,true,2.53863244663700597260017899,30977,19,4,false,false,false,true,false,false,98.28850855745721271393643032,7745.625,2.950437489475897840137306996,1.162215307452018498247389807,5ff1f34e35e65e6829f9,34aa83b1a7d8bf751b58,2.53863244663700597260017899,,2.368776843101553755664018096,2019-05-07,2,2019-05-07,INSIDE_VALUE,0.7156072151949239710869171702,3.5,14,2019,2.683361769602836316786665143774584655324,POC_HVN_ZONE,7747.75,34aa83b1a7d8bf751b58-Z0030977,7744.25,731,2.678831266575872697297684754,12785.57107923208851608156709,2.687899934724062245862937255
false,1.824066856882174825166891436,28095,28082,14,72e6777d760308a8b761fa05fa8dc2be7bb649b0,NQH9,2.741127596905278257761372805,0.7538100891489515208843775213,13.08888427522270368081055514,0,2.124373887601590649765063924,12.2665459961511202034821433,prior_rth,2019-02-05T16:00:00-05:00,28094,false,true,1.401094974403075629884220202,28085,7,4,false,true,false,true,false,false,99.22178988326848249027237354,7022.125,2.301429208945372255136512006,1.642593293809990448649239195,0b19e22d2f50218b1df3,355fb27aefede6e5d1af,1.401094974403075629884220202,WIDTH_EXCEEDS_MAXIMUM,,2019-02-06,2,2019-02-05,INSIDE_VALUE,1.370563798452639128880686402,2.5,10,2019,2.061682096475153757436498633627528166699,POC_BROAD_DISTRIBUTION,7023.75,355fb27aefede6e5d1af-Z0028085,7021.25,386,2.011394971613949716139497161,24867.33064770738751086038744,2.113226455724677469476999043
false,0.9922078651608671582534244171,30370,30364,7,72e6777d760308a8b761fa05fa8dc2be7bb649b0,NQM9,0.5039266645189662445486734193,3.905431650021988395252218999,3.65346831776250527297788229,0,3.65346831776250527297788229,4.409358314540954639800892419,midnight,2019-04-08T09:30:00-04:00,30369,true,true,,30364,3,4,true,false,false,true,false,false,95.65217391304347826086956522,7591.875,2.702917151682037423533592849,,ec691d50ebcf69b026c2,35ab1703f7bfb17a00e2,,WIDTH_EXCEEDS_MAXIMUM,,2019-04-08,2,2019-04-08,INSIDE_VALUE,1.511779993556898733646020258,1.5,6,2019,2.618954270208192913718872824301481391469,POC_BROAD_DISTRIBUTION,7592.5,35ab1703f7bfb17a00e2-Z0030364,7591,576,2.664521319388576025744167337,9163.584992784992784992784993,2.574166481436010968474694109
false,1.947917092360764146443676192,31194,31180,15,72e6777d760308a8b761fa05fa8dc2be7bb649b0,NQU9,0,4.55614873692802162128763173,4.941175390752924856889403425,0,5.326202044577828092491175121,5.197859826636193680623917889,prior_rth,2019-07-08T16:00:00-04:00,31194,true,true,1.712915199261896417780236929,31180,7,4,true,false,false,true,false,false,98.77300613496932515337423313,7796.875,2.031790256265828371341640408,1.186159278136674123516171653,cefdd955364e52307e7d,3615b7fa5c79f0a6da11,1.712915199261896417780236929,WIDTH_EXCEEDS_MAXIMUM,1.553814611112765592084672553,2019-07-09,2,2019-07-08,INSIDE_VALUE,1.925133269124516178008858477,3.75,15,2019,1.828549646069008503557323018152449887733,POC_BROAD_DISTRIBUTION,7798.75,3615b7fa5c79f0a6da11-Z0031180,7795,781,1.97460834496665115557623701,41077.87460427326219718253654,1.693294681277955242509497007
false,1.010074151292970263544609373,28944,28936,9,72e6777d760308a8b761fa05fa8dc2be7bb649b0,NQM9,22.02808573164488981939777137,2.351312521917151160497514922,32.54711543495846080057086444,0,7.053937565751453481492544765,25.36942457857978883694687152,midnight,2019-06-05T09:30:00-04:00,28944,true,true,,28936,4,4,false,false,false,true,false,false,99.61685823754789272030651341,7235.125,2.116489294777366570194433353,,a9d8d2189b709e2e98c1,381393f2be79d49b829e,,WIDTH_EXCEEDS_MAXIMUM,,2019-06-05,2,2019-06-05,INSIDE_VALUE,2.227559231289932678366066768,2.25,9,2019,2.020108980140360427772305900073827639134,POC_BROAD_DISTRIBUTION,7236.25,381393f2be79d49b829e-Z0028936,7234,353,2.002543035993740219092331769,6996.639959449501853222593471,2.03782900956166191691562762
false,2.169768435291274818917314836,31533,31521,13,72e6777d760308a8b761fa05fa8dc2be7bb649b0,NQZ9,0,9.966501331787052718067837995,4.320737571583982392225941327,0,10.54259967466491703703129684,5.01205558303741957498209194,prior_rth,2019-10-11T16:00:00-04:00,31533,true,true,2.266640220873883018331483311,31521,8,4,true,false,false,true,false,false,99.68354430379746835443037975,7881.625,2.647383589306585478195562154,1.16797697531631651434494668,5cc048f6f1bf4d1c08c1,38d15c020c2f68fe82c5,2.266640220873883018331483311,WIDTH_EXCEEDS_MAXIMUM,2.202209590172099416370568978,2019-10-14,2,2019-10-11,INSIDE_VALUE,1.497855691482447229304992993,3.25,13,2019,2.422461029738383033450613485731356714932,POC_BROAD_DISTRIBUTION,7883.5,38d15c020c2f68fe82c5-Z0031521,7880.25,719,2.478688238438628454229078255,34301.65840126281995780273631,2.367509293664825203285553116
false,1.419540187919966040031782581,30281,30272,10,72e6777d760308a8b761fa05fa8dc2be7bb649b0,NQU9,1.232793558711608205858699607,8.893724959276602056552047165,22.63056747063452206469184279,0,7.132591303974304619611047726,23.15890756722521129577414262,midnight,2019-08-28T09:30:00-04:00,30281,true,true,,30272,5,4,false,false,false,true,false,false,97.02970297029702970297029703,7569.375,2.169383439484118469486120444,1.122115649546983325040792246,e607005112e9859c29ec,38d449454bc9651ef4c0,1.933297553028455220873039119,WIDTH_EXCEEDS_MAXIMUM,1.933297553028455220873039119,2019-08-28,2,2019-08-28,INSIDE_VALUE,1.761133655302297436940999439,2.5,10,2019,2.142685089784792352526579163412039933623,POC_BROAD_DISTRIBUTION,7570.5,38d449454bc9651ef4c0-Z0030272,7568,544,2.387139753801593048515568429,7850.343765988205848155755771,1.923263766469724908222314401
false,1.050284064444567781733018045,30278,30270,9,72e6777d760308a8b761fa05fa8dc2be7bb649b0,NQM9,0,5.117663098927921911659787763,2.499323839011310701043152163,0,4.641601415306719873365854018,2.975385522632512739337085909,midnight,2019-04-04T09:30:00-04:00,30278,true,true,,30270,4,4,true,false,false,true,false,false,98.9130434782608695652173913,7568.625,2.940531509825287621864100647,,c4971729614586fdc675,39775f059b922efc7973,,WIDTH_EXCEEDS_MAXIMUM,,2019-04-04,2,2019-04-04,INSIDE_VALUE,2.142277576295409172322701854,2.25,9,2019,2.750422428176655150827098420987349351013,POC_BROAD_DISTRIBUTION,7569.75,39775f059b922efc7973-Z0030270,7567.5,861,2.693186454508363933088535292,14884.6244116994116994116994,2.808874788729810359647843572
false,1.646937241649733186359893815,28969,28957,13,72e6777d760308a8b761fa05fa8dc2be7bb649b0,NQM9,6.223673702182239168041775382,0.3794922989135511687830350843,17.98793496850232540031586299,0,5.388790644572426596719098197,16.31816885328270025767050862,full_overnight,2019-03-13T09:30:00-04:00,28969,false,true,,28959,6,4,false,true,false,true,false,false,99.58333333333333333333333333,7240.875,2.098750582122899410354781438,,4b8aa5367e05586fc9ba,39e6c9cd67ff6c09891a,,WIDTH_EXCEEDS_MAXIMUM,,2019-03-13,2,2019-03-13,INSIDE_VALUE,1.669766115219625142645354371,2.75,11,2019,1.906519715533579279887305379077458247644,POC_BROAD_DISTRIBUTION,7242.5,39e6c9cd67ff6c09891a-Z0028959,7239.75,435,1.906953805687982903172776591,5788.536141636141636141636143,1.906085724193452954828767928
true,2.827258645292341723371639558,31443,31433,11,72e6777d760308a8b761fa05fa8dc2be7bb649b0,NQM9,1.237948288115711487728878065,3.492782670040757411806477398,2.254834381925045924077599333,0,3.846482180930960694014728274,2.166409504202495103525536614,full_overnight,2019-04-25T09:30:00-04:00,31443,true,true,1.112383634151107063232437389,31433,11,4,false,false,false,true,false,false,95.76271186440677966101694915,7859.875,1.58712454184223038745609401,1.205533518330196213892054127,ece48ba96f39016900c6,39f39263a8a004be5deb,1.316532902412022531268456192,,1.316532902412022531268456192,2019-04-25,2,2019-04-25,INSIDE_VALUE,0.9726736549480590260726899083,2.75,11,2019,1.366855351220638867403694654104200573202,POC_HVN_ZONE,7861,39f39263a8a004be5deb-Z0031433,7858.25,529,1.441017590839835634147467566,9379.183243792449325256675701,1.296509885123359828380917483
false,2.44356854093911423741419855,28634,28617,18,72e6777d760308a8b761fa05fa8dc2be7bb649b0,NQM9,0.1023093871980852224677750306,5.575861602295644624493739169,7.008193023068837739042589597,0,5.268933440701388957090414077,7.315121184663093406445914689,prior_rth,2019-05-31T16:00:00-04:00,28634,true,true,,28617,9,4,true,false,false,true,false,false,99.57446808510638297872340426,7156.625,1.998333513964505175507666944,1.191707091520266498918337053,fbbcdd655b7e4d563807,3a16bf3e2255a790ad8f,1.67686634424170577787981268,WIDTH_EXCEEDS_MAXIMUM,1.67686634424170577787981268,2019-06-03,2,2019-05-31,INSIDE_VALUE,1.841568969565534004419950551,4.5,18,2019,1.85526593816561066582240969444315955892,POC_BROAD_DISTRIBUTION,7158.75,3a16bf3e2255a790ad8f-Z0028617,7154.25,1027,1.977297678153009225122482754,47564.01150351978840328671255,1.740765560667982693604998784
true,2.094506800910630647732388141,26404,26400,5,72e6777d760308a8b761fa05fa8dc2be7bb649b0,NQH9,0.5967992080314737343531769935,11.51822471500744307301631597,11.04078534858226408553377438,0,14.26350107195222225104093014,12.47310344785780104798139916,prior_rth,2019-01-10T16:00:00-05:00,26404,true,true,2.25783123816724869079017206,26400,8,4,false,false,false,true,false,false,98.65168539325842696629213483,6600.625,2.254264118553009249565644238,0.998420112383096009282424046,c097259a69605056a490,3a671e7bbc1d0e4c6d99,2.25783123816724869079017206,,2.17694822701227038713002217,2019-01-11,2,2019-01-10,INSIDE_VALUE,0.5967992080314737343531769935,1.25,5,2019,2.217230283856668528041243510988982858542,POC_HVN_ZONE,6601.25,3a671e7bbc1d0e4c6d99-Z0026400,6600,203,2.297139224411951684678957407,9175.238521639279143653891265,2.140101078509773707468888516
false,1.914405705474117914313605787,28656,28642,15,72e6777d760308a8b761fa05fa8dc2be7bb649b0,NQH9,0,5.811202906567186916257754036,6.202969394650368056679625095,0,5.550025247845066155976506664,7.247680029538851097804614585,prior_rth,2019-03-05T16:00:00-05:00,28653,true,true,,28642,7,4,true,false,false,true,false,false,99.13419913419913419913419913,7162.375,2.563674216496480797872980474,1.685235956634891850639255049,dbd5d8faac4aed0b2965,3aa53503c3b27ef8941c,1.521255350862362073212913431,WIDTH_EXCEEDS_MAXIMUM,1.521255350862362073212913431,2019-03-06,2,2019-03-05,INSIDE_VALUE,1.567065952332724561687484234,3,12,2019,2.345312195960743281397423761590671239659,POC_BROAD_DISTRIBUTION,7163.5,3aa53503c3b27ef8941c-Z0028642,7160.5,675,2.542310702406574055957738212,32052.54745933918576343888554,2.163578704725347501924036127
false,3.121037176177492139973317401,30328,30304,25,72e6777d760308a8b761fa05fa8dc2be7bb649b0,NQM9,0,2.683402832854855135114266776,16.9414835566806525694527589,0,2.683402832854855135114266776,16.86138197958050764004636287,opening_hour_rth,2019-05-16T10:30:00-04:00,30325,true,true,,30310,12,4,true,false,false,true,false,false,99.23469387755102040816326531,7579.125,5.189521828875464211619942541,,2c81b24fa3a15beae69e,3ac46a150a73d4dc6692,,WIDTH_EXCEEDS_MAXIMUM,,2019-05-16,2,2019-05-16,INSIDE_VALUE,1.28162523360231887050233637,4,16,2019,4.564978829729448960368112126344724419946,POC_BROAD_DISTRIBUTION,7581.5,3ac46a150a73d4dc6692-Z0030310,7577.5,257,4.602704678362573099415204679,20405.81523106473731006665779,4.527562199209270472339145379
true,4.385515261814663340085833608,31369,31350,20,72e6777d760308a8b761fa05fa8dc2be7bb649b0,NQZ9,8.151835728695460644397452187,11.14464255216757032153637694,0.02850292212830580644894214051,0,7.553274364001038708969667236,4.41795292988739999958603178,full_overnight,2019-10-14T09:30:00-04:00,31369,false,true,0.9469939333427147893670993551,31354,17,4,false,false,true,true,false,false,89.74358974358974358974358974,7841.125,1.85505645454180989723204409,1.401697790741246875489102672,2f00e602308ed3b6d067,3acc661ca0177e5158b6,1.323435384428206563422573799,,1.323435384428206563422573799,2019-10-14,2,2019-10-14,INSIDE_VALUE,0.9120935081057858063661484965,4,16,2019,1.712067899090552707600502211102223254153,POC_HVN_ZONE,7842.5,3acc661ca0177e5158b6-Z0031354,7838.5,508,1.294939577039274924471299094,11844.91875617741857192325606,2.26356236466115648560547779
false,2.047200684420388724418412117,31836,31823,14,72e6777d760308a8b761fa05fa8dc2be7bb649b0,NQU9,0,2.014946571380170162685544162,4.945777947933144944773608398,0,2.014946571380170162685544162,4.945777947933144944773608398,opening_hour_rth,2019-07-17T10:30:00-04:00,31836,true,true,,31823,8,4,true,false,false,true,false,false,97,7957.875,2.020113258928797091855722147,1.153804932298451542942285211,c5c47b6c8d164c7a4cd1,3adfe5bbcf05c174f67d,1.750827373310499907679034833,WIDTH_EXCEEDS_MAXIMUM,1.750827373310499907679034833,2019-07-17,2,2019-07-17,INSIDE_VALUE,1.709651636322568622884704138,3.5,14,2019,1.76744066222072696047237730057192030474,POC_BROAD_DISTRIBUTION,7959.25,3adfe5bbcf05c174f67d-Z0031823,7955.75,255,1.834268450582649978420371169,15783.36836385363239583188433,1.703047606515262912111272711
false,1.89979935098279281100227441,30430,30416,15,72e6777d760308a8b761fa05fa8dc2be7bb649b0,NQM9,0.2631856883945891430519297034,4.27676743641207357459385768,3.618803215425600716964033422,0,4.539953124806662717645787383,3.750396059622895288489998273,opening_hour_rth,2019-04-09T10:30:00-04:00,30427,true,true,,30416,7,4,true,false,false,true,false,false,99.23664122137404580152671756,7605.875,2.751407655229102927706321279,,08e373eacaa008c48347,3b622134821070bfa513,,WIDTH_EXCEEDS_MAXIMUM,,2019-04-09,2,2019-04-09,INSIDE_VALUE,1.57911413036753485831157822,3,12,2019,2.480807636326339431356998109526578819556,POC_BROAD_DISTRIBUTION,7607,3b622134821070bfa513-Z0030416,7604,248,2.556499842618822788794460182,22343.87022110665473326814258,2.407356505897782150530256926
true,3.997089676213721324036188763,29581,29561,21,72e6777d760308a8b761fa05fa8dc2be7bb649b0,NQM9,0,7.161460542240144419236571066,1.532364919518633522020052324,0,5.722913883100202745503460721,3.408730127092470487758891905,prior_rth,2019-05-20T16:00:00-04:00,29581,true,true,,29568,15,4,true,false,false,true,false,false,99.3442622950819672131147541,7394.125,2.350906086923207770254593698,1.114450143750355741037125607,9ac45a362fa4195d4f05,3bafe96c0f0e25eb925e,2.10947622924783470646217435,,2.10947622924783470646217435,2019-05-21,2,2019-05-20,INSIDE_VALUE,0.875637096867790584011458471,3.5,14,2019,2.122253873924082627426266245617075822328,POC_HVN_ZONE,7395.5,3bafe96c0f0e25eb925e-Z0029568,7392,879,2.080578319985099646116595269,45506.75076033690104808253516,2.164764220660547761965876312
false,0.9724362094211887632121298529,33020,33014,7,72e6777d760308a8b761fa05fa8dc2be7bb649b0,NQZ9,0,8.098217573250732127046688925,7.069872484583972491866156998,0,8.355303845417422035841821907,8.612390117584111944636954888,midnight,2019-11-14T09:30:00-05:00,33020,true,true,,33014,3,4,true,false,false,true,false,false,99.3006993006993006993006993,8254.375,2.26080574863464001450948163,,cf498e8a4e60d78f23b7,3c00031f5a6a4aa13c16,,WIDTH_EXCEEDS_MAXIMUM,,2019-11-14,2,2019-11-14,INSIDE_VALUE,1.799603905166829361565930872,1.75,7,2019,2.140026759655154935636532207874904441149,POC_BROAD_DISTRIBUTION,8255.25,3c00031f5a6a4aa13c16-Z0033014,8253.5,439,2.298934339180429926392500091,5293.923794445148934313021001,1.992103234089239131001752565
false,2.426926448046015697564987356,30757,30739,19,72e6777d760308a8b761fa05fa8dc2be7bb649b0,NQU9,0.2060219008295713123810592833,12.51583047539645722714935146,9.837545764612030166195580776,0,11.69174287207817197762511433,6.644206301753674824289161885,prior_rth,2019-06-26T16:00:00-04:00,30754,true,true,2.105441380677402023094093177,30739,9,4,true,false,false,true,false,false,99.33333333333333333333333333,7687.125,2.809134403450458936895764254,1.334225891649688968603697048,2c056df8e2c9146f1038,3c2e86e70601c2801d5c,2.105441380677402023094093177,WIDTH_EXCEEDS_MAXIMUM,,2019-06-27,2,2019-06-26,INSIDE_VALUE,1.648175206636570499048474266,4,16,2019,2.45064726436037223319702835020504301368,POC_BROAD_DISTRIBUTION,7688.75,3c2e86e70601c2801d5c-Z0030739,7684.75,761,2.494972897359678265431019408,33650.23007922526464725953217,2.407109119571005631613927527
false,2.097292532695087996310848445,27756,27743,14,72e6777d760308a8b761fa05fa8dc2be7bb649b0,NQH9,0,3.397237099225326985385264531,4.827652719951780452915902228,0,4.350847513042962630405689662,4.827652719951780452915902228,opening_hour_rth,2019-02-11T10:30:00-05:00,27756,true,true,2.103986119510969997882830171,27743,8,4,true,false,false,true,false,false,99.41520467836257309941520468,6937.125,2.382741403581016182666202636,1.132489126941026275787334817,baa04b2bff7c43b152d6,3ca7f332ff0c526a278b,2.103986119510969997882830171,WIDTH_EXCEEDS_MAXIMUM,,2019-02-11,2,2019-02-11,INSIDE_VALUE,1.66881822418086237878574398,3.5,14,2019,2.207911354565150301353947129850817902256,POC_BROAD_DISTRIBUTION,6939.25,3ca7f332ff0c526a278b-Z0027743,6935.75,336,2.366782006920415224913494809,16833.57084287961606378604081,2.059704922280000248225403726
false,0.9548564332276451619729492771,26745,26739,7,72e6777d760308a8b761fa05fa8dc2be7bb649b0,NQH9,0.5236389289538316711565405668,3.534562770438363780306648826,8.509132595499764656293784211,0,4.058201699392195451463189393,7.985493666545932985137243644,midnight,2019-01-16T09:30:00-05:00,26745,true,true,,26739,3,4,true,false,false,true,false,false,99.0990990990990990990990991,6685.625,2.657196960783714254560624546,,f881d3692f48615e4b31,3d6d6d809928765d5a7f,,WIDTH_EXCEEDS_MAXIMUM,,2019-01-16,2,2019-01-16,INSIDE_VALUE,1.832736251338410849047891984,1.75,7,2019,2.579801017939114615192782431894777664348,POC_BROAD_DISTRIBUTION,6686.5,3d6d6d809928765d5a7f-Z0026739,6684.75,637,2.45945945945945945945945946,9574.522408459273784351183732,2.706030899009984646569456269
true,3.215276508214367864706036272,31388,31378,11,72e6777d760308a8b761fa05fa8dc2be7bb649b0,NQZ9,0,3.537798373153668971162264675,3.926567425148577649311964089,0,4.548597908340431534351483153,4.237582666744504591831723621,full_overnight,2019-10-23T09:30:00-04:00,31388,true,true,1.901045736909715190444744778,31378,12,4,true,false,false,true,false,false,97.9757085020242914979757085,7846.125,2.577281614765865216989903597,1.12910314876996411663228497,9a7ea31d39f908da2194,3d83d61d74d998e48024,2.28259182305313298118687128,,2.28259182305313298118687128,2019-10-23,2,2019-10-23,INSIDE_VALUE,0.8552919143887990919293387125,2.75,11,2019,2.277969543666042071525251165117723552218,POC_HVN_ZONE,7847.25,3d83d61d74d998e48024-Z0031378,7844.5,682,2.380167858253030774013055643,9430.460269398868133556516919,2.180159363079017154307869552
false,1.117613073726213583072043909,29780,29772,9,72e6777d760308a8b761fa05fa8dc2be7bb649b0,NQM9,0,12.63854220397233934399942423,6.375193855101091527504134348,0,16.21759840332733809628244703,6.151502842641404105486445423,midnight,2019-06-10T09:30:00-04:00,29780,true,true,,29772,4,4,true,false,false,true,false,false,99.28057553956834532374100719,7444.125,2.914605024023263778132876362,,e650a9ffbd5bf6462bba,3e4fc94b9f8b6920816c,,WIDTH_EXCEEDS_MAXIMUM,,2019-06-10,2,2019-06-10,INSIDE_VALUE,2.01321911213718679815920032,2.25,9,2019,2.724323090265411995531558158550009872444,POC_BROAD_DISTRIBUTION,7445.25,3e4fc94b9f8b6920816c-Z0029772,7443,798,3.206208810267082899757197363,8285.396693420958126840479781,2.314863672130893949341475244
false,0.9411376203471336272067532633,27806,27800,7,72e6777d760308a8b761fa05fa8dc2be7bb649b0,NQH9,1.593815790135700816710309314,18.72733553409448459634613444,17.39915570898140058242087668,0,7.304989038121962076588917691,15.53970395382308296292551582,midnight,2019-02-11T09:30:00-05:00,27806,true,true,,27800,3,4,false,false,false,true,false,false,99.3174061433447098976109215,6950.875,3.53223177324003596520572299,1.022265596688597886262094934,66dc40bef68db09eaf3a,3e8ef369c26c1b749d4a,3.455297512390043694444417283,WIDTH_EXCEEDS_MAXIMUM,3.455297512390043694444417283,2019-02-11,2,2019-02-11,INSIDE_VALUE,1.859451755158317619495360867,1.75,7,2019,3.387054680007352551680528553962873406079,POC_BROAD_DISTRIBUTION,6951.75,3e8ef369c26c1b749d4a-Z0027800,6950,328,3.400828054779008457482571924,4946.716767954267954267954269,3.373337087489178677560188526
false,1.661608426498074687097301685,31576,31564,13,72e6777d760308a8b761fa05fa8dc2be7bb649b0,NQZ9,0,2.482534352990523700513506314,2.03116447062861030042014153,0,2.632990980444494833877961242,2.332077725536552567149051386,opening_hour_rth,2019-09-18T10:30:00-04:00,31576,true,true,,31564,6,4,true,false,false,true,false,false,96.34146341463414634146341463,7892.625,2.47392701995249783155660541,,9d34dbe9603f37572501,3f1c83cdc5d6dd251950,,WIDTH_EXCEEDS_MAXIMUM,,2019-09-18,2,2019-09-18,INSIDE_VALUE,1.955936156901624733737914066,3.25,13,2019,2.252527234180542072009194957877955004036,POC_BROAD_DISTRIBUTION,7894.25,3f1c83cdc5d6dd251950-Z0031564,7891,344,2.286455378130825970657372132,16732.73678108114357481933756,2.219102541538742585605162622
false,2.610119197514694852271078919,27168,27149,20,72e6777d760308a8b761fa05fa8dc2be7bb649b0,NQH9,0,4.932724916264102661181866918,3.591789987570948539695534163,0,4.645381717258426778006224185,4.549600650923201483614343273,prior_rth,2019-01-25T16:00:00-05:00,27165,true,true,,27149,10,4,true,false,false,true,false,false,99.3006993006993006993006993,6789.875,3.505003340545862581865726827,1.499069367340705185021163227,2bd41a98b2e688bf0b84,3f79db08e6b187e96183,2.33811951395125342472785837,WIDTH_EXCEEDS_MAXIMUM,2.33811951395125342472785837,2019-01-28,2,2019-01-25,INSIDE_VALUE,1.628278127698830004661975487,4.25,17,2019,3.052466587601232017093180702206007179018,POC_BROAD_DISTRIBUTION,6791.5,3f79db08e6b187e96183-Z0027149,6787.25,1094,3.200859335038363171355498721,58114.62931545491847533975375,2.910953370061242148537292078
false,1.752142266516691054551520773,26158,26147,12,72e6777d760308a8b761fa05fa8dc2be7bb649b0,NQH9,1.284142299970346791939157635,5.350592916543111633079823481,4.066450616572764841140665845,0,5.778640349866560563726209359,4.63718052767069674866918035,opening_hour_rth,2019-01-14T10:30:00-05:00,26158,true,true,1.959687925550621540140445453,26147,7,4,false,false,false,true,false,false,99.35897435897435897435897436,6537.875,2.122605242672561550673899209,1.083134316948023479247089371,476e4c1721f598e17af8,3f7ef1ad64b47a570a58,1.959687925550621540140445453,WIDTH_EXCEEDS_MAXIMUM,,2019-01-14,2,2019-01-14,INSIDE_VALUE,1.712189733293795722585543514,3,12,2019,2.028964717581687893508756871493196704603,POC_BROAD_DISTRIBUTION,6539.75,3f7ef1ad64b47a570a58-Z0026147,6536.75,241,2.084497671324018629407850965,13613.21490951017589104334485,1.974911213297983334265857416
false,1.3619056723129667510620685,30979,30969,11,72e6777d760308a8b761fa05fa8dc2be7bb649b0,NQU9,0.1835663108557417389822199027,8.352267143936249123691005575,2.845277818263996954224408492,0,8.352267143936249123691005575,2.66171150740825521524218859,midnight,2019-06-21T09:30:00-04:00,30978,true,true,,30969,5,4,true,false,false,true,false,false,99.40828402366863905325443787,7743.625,2.788505235141167128452246921,,cfb2c93c4be166978fda,401a037b141cc8ddf57b,,WIDTH_EXCEEDS_MAXIMUM,,2019-06-21,2,2019-06-21,INSIDE_VALUE,1.835663108557417389822199027,2.5,10,2019,2.53981538128905253730946837434259119151,POC_BROAD_DISTRIBUTION,7744.75,401a037b141cc8ddf57b-Z0030969,7742.25,729,2.524093423478795328826060233,10137.10119196767016899031795,2.555635267311906106600080155
false,1.973591385030262952104634072,29023,29009,15,72e6777d760308a8b761fa05fa8dc2be7bb649b0,NQM9,0.2533452485618409936851423741,4.750223410534518631596419514,15.01070597728907887584468566,0,4.49687816197267763791127714,13.61730711019895341057640261,full_overnight,2019-06-06T09:30:00-04:00,29023,true,true,,29009,7,4,true,false,false,true,false,false,99.6996996996996996996996997,7254.125,3.468984462812862715366714318,,c44c09cc27a8349d0441,40601e4f653fb6bbe313,,WIDTH_EXCEEDS_MAXIMUM,,2019-06-06,2,2019-06-06,INSIDE_VALUE,1.900089364213807452638567806,3.75,15,2019,3.150714920865120049569106713682425564408,POC_BROAD_DISTRIBUTION,7256,40601e4f653fb6bbe313-Z0029009,7252.25,1044,3.117256220578345662407531943,14560.77391578355175678655155,3.184532746146975045816616203
false,2.538568732686756239907759938,31597,31584,14,72e6777d760308a8b761fa05fa8dc2be7bb649b0,NQU9,0,4.579352077537170810003021748,2.806699660426007915808303652,0,4.579352077537170810003021748,2.806699660426007915808303652,prior_rth,2019-09-13T16:00:00-04:00,31597,true,true,2.166978994462862519550420216,31584,10,4,true,false,false,true,false,false,98.9071038251366120218579235,7896.875,2.408112132311124950091647211,1.111276176863926194086610486,d2430381465096c51a94,4122a4d398e29ea0a286,2.166978994462862519550420216,WIDTH_EXCEEDS_MAXIMUM,,2019-09-16,2,2019-09-13,INSIDE_VALUE,1.378729657753126695484780741,3.5,14,2019,2.223604529346634647760961399357265056553,POC_BROAD_DISTRIBUTION,7899.5,4122a4d398e29ea0a286-Z0031584,7896,952,2.296788482834994462901439646,22682.45886217498407385666926,2.152752480205677113583792819
false,1.733533304109103129112930128,32855,32846,10,72e6777d760308a8b761fa05fa8dc2be7bb649b0,NQZ9,0,5.840672328590443032427301225,7.427027775861921386913728718,0,7.427027775861921386913728718,7.427027775861921386913728718,opening_hour_rth,2019-11-08T10:30:00-05:00,32855,true,true,,32846,6,4,true,false,false,true,false,false,98.85714285714285714285714286,8213.125,2.511084718964060705555895747,1.032797116924821822187830627,ed67738dad60d4d56078,421b38e514b0f8719992,2.431343656768597168060196519,WIDTH_EXCEEDS_MAXIMUM,2.431343656768597168060196519,2019-11-08,2,2019-11-08,INSIDE_VALUE,1.442141315701343958624024994,2.5,10,2019,2.250228677659189719152196764889515750671,POC_BROAD_DISTRIBUTION,8214,421b38e514b0f8719992-Z0032846,8211.5,169,2.373595505617977528089887641,11169.94351336698080451748629,2.133273799084612893879320425
false,1.920186351963421024300070846,27500,27486,15,72e6777d760308a8b761fa05fa8dc2be7bb649b0,NQH9,0,7.356056866854075538903711684,5.403121415476887342734584688,0,13.21486322098564012741109267,9.959970802023659800462547678,full_overnight,2019-02-08T09:30:00-05:00,27497,true,true,,27489,7,4,true,false,false,true,false,false,99.58677685950413223140495868,6873.375,3.959333618591123424707423269,,9de34170ce315e643cd4,425b5a20ecf45054c198,,WIDTH_EXCEEDS_MAXIMUM,,2019-02-08,2,2019-02-08,INSIDE_VALUE,1.171761270826312917701476197,2.25,9,2019,3.538608993125792800309197573929690732382,POC_BROAD_DISTRIBUTION,6874.5,425b5a20ecf45054c198-Z0027489,6872.25,972,3.983539094650205761316872427,9778.880947320653203006144182,3.143374097431889586408297658
false,1.652411080905224944452368307,33072,33060,13,72e6777d760308a8b761fa05fa8dc2be7bb649b0,NQZ9,0.1512940713657311185858082008,3.706704748460412405352300919,16.11281860045036412938857338,0,4.009292891191874642523917321,16.41540674318182636656018979,prior_rth,2019-11-07T16:00:00-05:00,33072,true,true,,33060,6,4,true,false,false,true,false,false,99.68051118210862619808306709,8266.625,3.582386725960989040202694903,,a77294e6c1dd149df6ba,4260d383564fd4cc961f,,WIDTH_EXCEEDS_MAXIMUM,,2019-11-08,2,2019-11-07,INSIDE_VALUE,1.96682292775450454161550661,3.25,13,2019,3.189589330622279078882630204481602388087,POC_BROAD_DISTRIBUTION,8268.25,4260d383564fd4cc961f-Z0033060,8265,644,3.428911645629911883781852822,32975.29059366272988564010235,2.96697061616778646129393268
false,1.981781205298132674609317408,31516,31502,15,72e6777d760308a8b761fa05fa8dc2be7bb649b0,NQZ9,0,7.001277417964356180126590032,7.758172273960502794194329495,0,7.379724845962429487160459764,6.875128275298331744448633455,full_overnight,2019-10-15T09:30:00-04:00,31512,true,true,,31503,7,4,true,false,false,true,false,false,99.48453608247422680412371134,7877.375,3.829889042129394494402451011,,5e476f505cbe92e1dac2,432571d7728f9b87e33b,,WIDTH_EXCEEDS_MAXIMUM,,2019-10-15,2,2019-10-15,INSIDE_VALUE,1.261491426660244356779565772,2.5,10,2019,3.442347972757645249290076153056514726091,POC_BROAD_DISTRIBUTION,7878.25,432571d7728f9b87e33b-Z0031503,7875.75,1146,3.552069020610321137561910848,14801.93798311251871623388651,3.336016135044760137258502732
false,1.828436529211741035126802945,31375,31362,14,72e6777d760308a8b761fa05fa8dc2be7bb649b0,NQM9,1.914203716717959162791680288,2.939669993531151571430080442,3.076398830439577225915200462,0,3.213127667348002880400320483,2.939669993531151571430080442,opening_hour_rth,2019-05-01T10:30:00-04:00,31375,true,true,2.050606507865160880250654473,31362,7,4,false,false,false,true,false,false,97.52066115702479338842975207,7842.125,2.361144642406113168101624,1.151437213014722348843325148,fa106a7777e08ebdb5d4,4362f30894bea65abd10,2.050606507865160880250654473,WIDTH_EXCEEDS_MAXIMUM,,2019-05-01,2,2019-05-01,INSIDE_VALUE,1.914203716717959162791680288,3.5,14,2019,2.203374181335739688748343367222157533482,POC_BROAD_DISTRIBUTION,7844,4362f30894bea65abd10-Z0031362,7840.5,279,2.147245897468515456048848748,23029.67617819391140161095741,2.260969639620944569788722737
false,2.538568732686756239907759938,31627,31610,18,72e6777d760308a8b761fa05fa8dc2be7bb649b0,NQU9,0,1.821892762030917419033460265,4.973274836895207008712959102,0,1.821892762030917419033460265,5.071755526734716058390443441,opening_hour_rth,2019-09-13T10:30:00-04:00,31627,true,true,1.428427405277120313712206598,31610,10,4,true,false,false,true,false,false,97.12230215827338129496402878,7904.375,1.809502289774965087897561529,1.266779314853536296274864185,d0515e15d10ef250981c,43a55c2f8f24c68a7ce4,1.428427405277120313712206598,WIDTH_EXCEEDS_MAXIMUM,,2019-09-13,2,2019-09-13,INSIDE_VALUE,1.772652417111162894194718096,4.5,18,2019,1.648048996841418139553475810799732961607,POC_BROAD_DISTRIBUTION,7907,43a55c2f8f24c68a7ce4-Z0031610,7902.5,329,1.729483397624990545344527646,9786.044012201666918684212063,1.570449013688038816958882283
false,1.661608426498074687097301685,31575,31563,13,72e6777d760308a8b761fa05fa8dc2be7bb649b0,NQZ9,0,11.81084525513673396910971186,24.9005718436322225718172906,0,13.91723803949232983621208085,22.49326580436868443798601175,prior_rth,2019-09-18T16:00:00-04:00,31575,true,true,,31563,6,4,true,false,false,true,false,false,99.75728155339805825242718447,7892.375,4.775808318178544858431328298,,1fa75e1905a259c18f7c,44547a153f8d41a12bff,,WIDTH_EXCEEDS_MAXIMUM,,2019-09-19,2,2019-09-18,INSIDE_VALUE,1.955936156901624733737914066,3.25,13,2019,4.252641558992201762161866587002017226377,POC_BROAD_DISTRIBUTION,7894,44547a153f8d41a12bff-Z0031563,7890.75,893,4.430374259428736573382785029,37021.61618665872779517757077,4.082038936277032227676346363
false,2.956623581220614111975843799,31865,31843,23,72e6777d760308a8b761fa05fa8dc2be7bb649b0,NQU9,0.08455591086667510848478207755,2.832623014033616134240199598,2.578955281433590808785853365,0,3.086290746633641459694545831,2.917178924900291242724981675,opening_hour_rth,2019-07-30T10:30:00-04:00,31859,true,true,,31843,11,4,true,false,false,true,false,false,99.42528735632183908045977011,7963.625,2.946635759665328134220413076,1.807664318203181234488229577,281e7759f7d0aa626ce8,4461ffac5c48afe2512b,1.63007906390180052096565618,WIDTH_EXCEEDS_MAXIMUM,1.63007906390180052096565618,2019-07-30,2,2019-07-30,INSIDE_VALUE,1.437450484733476844241295318,4.25,17,2019,2.61370839527630684486382215492978498337,POC_BROAD_DISTRIBUTION,7965,4461ffac5c48afe2512b-Z0031843,7960.75,382,2.736096818013419503560696497,24059.28430765440750424256293,2.496794532474888950362625783
false,1.89979935098279281100227441,30380,30366,15,72e6777d760308a8b761fa05fa8dc2be7bb649b0,NQM9,0.2631856883945891430519297034,9.014109827514678149528592341,2.302874773452655001704384905,0,9.277295515909267292580522045,2.302874773452655001704384905,prior_rth,2019-04-09T16:00:00-04:00,30380,true,true,,30366,7,4,true,false,false,true,false,false,98.80952380952380952380952381,7593.375,2.010869094002097443078070127,,8f94e3c47c9fb455eb9e,448186bd7b87bc2cd0cf,,WIDTH_EXCEEDS_MAXIMUM,,2019-04-10,2,2019-04-09,INSIDE_VALUE,1.973892662959418572889472775,3.75,15,2019,1.863779019877088862337476422856627292813,POC_BROAD_DISTRIBUTION,7595.25,448186bd7b87bc2cd0cf-Z0030366,7591.5,759,1.957807461999078765545831414,50268.45571419820112037470849,1.774266521278401642983369161
true,3.786374340606368957831474748,25372,25366,7,72e6777d760308a8b761fa05fa8dc2be7bb649b0,NQH9,0.5282097912378388818710225031,15.94533307299226124648149181,5.645242143854403049996553002,0,16.80367398375374942952190338,10.86131383232806200847290022,prior_rth,2019-01-02T16:00:00-05:00,25372,true,true,2.388825955811866875310241954,25366,15,4,false,false,false,true,false,false,99.50920245398773006134969325,6342.625,2.524737260169063256343150459,1.013255062621777221704479623,da3b7a7104c7a9be5de9,448f27e8b9dd32d8647d,2.491709494780471226882335071,,2.491709494780471226882335071,2019-01-03,2,2019-01-02,INSIDE_VALUE,0.4621835673331090216371446902,1.75,7,2019,2.450741445308818366625245374875256576798,POC_HVN_ZONE,6343.25,448f27e8b9dd32d8647d-Z0025366,6341.5,257,2.461107324982962423330904989,10050.80220080833083552872382,2.44041922543785643110256761
false,3.587822308325129907331704579,29276,29258,19,72e6777d760308a8b761fa05fa8dc2be7bb649b0,NQM9,0,3.240127018839679337492346859,2.403965207526213702010450895,0,3.936928528267567367060593495,2.194924754697847293139976905,opening_hour_rth,2019-05-23T10:30:00-04:00,29276,true,true,1.628268287455629157275587689,29258,14,4,true,false,false,true,false,false,99.44134078212290502793296089,7316.875,1.998939414203898979155803141,1.223946242615726965496041257,a1e1d5d5e9c25c213dec,45406fd53ef3d7b15416,1.633192165312680884178830764,WIDTH_EXCEEDS_MAXIMUM,1.633192165312680884178830764,2019-05-23,2,2019-05-23,INSIDE_VALUE,1.323922867912987256179668609,4.75,19,2019,1.791213469679310985800997157186242136838,POC_BROAD_DISTRIBUTION,7319.25,45406fd53ef3d7b15416-Z0029258,7314.5,356,1.860174562863064483171322649,23638.77616293386133268794139,1.72480892815906306868602711
false,1.657759678201924225087265703,30270,30260,11,72e6777d760308a8b761fa05fa8dc2be7bb649b0,NQM9,0,2.186686072574661276859844741,5.202804793367297520804458178,0,2.186686072574661276859844741,5.35361072940692933300168885,opening_hour_rth,2019-04-03T10:30:00-04:00,30270,true,true,,30260,6,4,true,false,false,true,false,false,98.29059829059829059829059829,7566.625,1.989450249213454806662922458,1.050839752440849778336820043,c546079771837408fe4f,4546da75d235c0f428a1,1.893200409094190629711323954,WIDTH_EXCEEDS_MAXIMUM,1.893200409094190629711323954,2019-04-03,2,2019-04-03,INSIDE_VALUE,1.65886529643594993416953739,2.75,11,2019,1.785324719837021288294123409698526527146,POC_BROAD_DISTRIBUTION,7567.75,4546da75d235c0f428a1-Z0030260,7565,184,1.855062473071951744937526928,15973.01081385594806191508738,1.718208632608951733702132931
false,2.005329851124690106994562962,24801,24785,17,72e6777d760308a8b761fa05fa8dc2be7bb649b0,NQH9,0,13.90045631862822682050475177,3.179028126681791784061624844,0,21.38052249905597219476739846,3.802366975050770565250178736,midnight,2019-01-03T09:30:00-05:00,24801,true,true,,24787,8,4,true,false,false,true,false,false,99.46091644204851752021563342,6198.375,2.866585845526380787277224207,,2ed3f7c2fc161d1fb7e9,458039a9051a0e8d9fe1,,WIDTH_EXCEEDS_MAXIMUM,,2019-01-03,2,2019-01-03,INSIDE_VALUE,1.870016545106936343565661673,3.75,15,2019,2.615299371558013818449282167800049173754,POC_BROAD_DISTRIBUTION,6200.5,458039a9051a0e8d9fe1-Z0024787,6196.75,993,2.879273153575615474794841736,9540.877955737402114422886762,2.375526891006423376620924049
false,2.436359540468703317195822841,30942,30926,17,72e6777d760308a8b761fa05fa8dc2be7bb649b0,NQU9,1.539181692074307076679533404,7.234153952749243260393806998,16.26401987958517811024706963,0,7.234153952749243260393806998,9.183784096043365557521215976,full_overnight,2019-08-21T09:30:00-04:00,30942,true,true,2.800149026099425797114136574,30926,9,4,false,false,false,true,false,false,99.75062344139650872817955112,7733.375,3.712571246113949448401378898,1.325847735784804612188166288,e41e7849b57986a1d841,4588eb8215374e454fd6,2.800149026099425797114136574,WIDTH_EXCEEDS_MAXIMUM,,2019-08-21,2,2019-08-21,INSIDE_VALUE,1.744405917684214686903471191,4.25,17,2019,3.298411269163573470919069905714146260806,POC_BROAD_DISTRIBUTION,7735.75,4588eb8215374e454fd6-Z0030926,7731.5,846,3.085765742821018928678630877,16062.09108043206437557649048,3.525710571470392714076938813
false,1.747263937418418616065855173,32378,32370,9,72e6777d760308a8b761fa05fa8dc2be7bb649b0,NQZ9,2.003131825161599700502725413,1.788510558179999732591719119,4.363965761959199347523794649,0,2.217753092143199668413731707,4.07780407265039939030911959,opening_hour_rth,2019-10-28T10:30:00-04:00,32376,true,true,2.87886266201687680446672468,32370,6,4,false,false,false,true,false,false,96.32352941176470588235294118,8093.125,2.996141200540241201876994556,1.040737802490793801362389791,30fad3c802dea3e963b2,459b16b3c09a43df8d6f,2.87886266201687680446672468,WIDTH_EXCEEDS_MAXIMUM,,2019-10-28,2,2019-10-28,INSIDE_VALUE,1.001565912580799850251362706,1.75,7,2019,2.751976686938621474258997583667912431349,POC_BROAD_DISTRIBUTION,8094.25,459b16b3c09a43df8d6f-Z0032370,8092.5,137,2.645839250213007668276057938,10520.39502800972321629949472,2.862371810700126351222614678
false,2.971061338646736019604830465,30372,30352,21,72e6777d760308a8b761fa05fa8dc2be7bb649b0,NQU9,14.47294252752981256618401547,0.7152326249069965512358379738,20.15273101943831459070390526,0,1.977407845331108112240257928,13.84185491731775678568180549,full_overnight,2019-08-16T09:30:00-04:00,30372,false,true,1.520968913615536077245563612,30352,11,4,false,true,false,true,false,false,99.74554707379134860050890585,7590.875,2.139801197940249930620806981,1.322917722779305474106089272,ed5e438bf4cbef75d9c7,45a18657d482fd9f93f9,1.617486228429052716639647406,WIDTH_EXCEEDS_MAXIMUM,1.617486228429052716639647406,2019-08-16,2,2019-08-16,INSIDE_VALUE,1.767045308593756185406187935,5.25,21,2019,1.830136680438681477226094714096964300859,POC_BROAD_DISTRIBUTION,7593.25,45a18657d482fd9f93f9-Z0030352,7588,993,1.832129124941902226729200997,13077.38711853414003886755127,1.828146402723294822366740884
false,2.251656904494992347773572857,31108,31091,18,72e6777d760308a8b761fa05fa8dc2be7bb649b0,NQM9,0.3330880466303599714777526356,9.937126724472405815752953629,7.050363653675952729612430787,0,7.938598444690245986886437816,6.82830495592237941529392903,full_overnight,2019-05-03T09:30:00-04:00,31107,true,true,0.9988856855536417399764000453,31095,9,4,true,false,false,true,false,false,99.23076923076923076923076923,7774.875,2.779218070208280675924878891,2.78231844784908800579044552,1dec80eecd03c6af1fcb,4614f113a6422c48de5c,0.9988856855536417399764000453,WIDTH_EXCEEDS_MAXIMUM,,2019-05-03,2,2019-05-03,INSIDE_VALUE,1.443381535398226543070261421,3.25,13,2019,2.423493674646250117903198944451404944413,POC_BROAD_DISTRIBUTION,7777,4614f113a6422c48de5c-Z0031095,7773.75,632,2.638830897703549060542797494,9218.745588867397378035675906,2.225728672557859286326486856
true,3.703329321623898632356316466,32029,32009,21,72e6777d760308a8b761fa05fa8dc2be7bb649b0,NQU9,0.06750682380317604623703937525,3.814135544879446612392724702,0.6413148261301724392518740649,0,3.611615073469918473681606576,0.8438352975397005779629921907,full_overnight,2019-07-26T09:30:00-04:00,32023,true,true,0.9304241642769300047985937502,32015,14,4,true,false,false,true,false,false,99.27007299270072992700729927,8004.625,2.565443543342175253851986829,2.757283873141756255625101229,10a75b563c8688894cd1,46313714c2285bace5d7,0.9304241642769300047985937502,,0.8815863249701216005837660511,2019-07-26,2,2019-07-26,INSIDE_VALUE,0.6075614142285844161333543773,2.25,9,2019,2.267855025042420046842804699556407193134,POC_HVN_ZONE,8006,46313714c2285bace5d7-Z0032015,8003.75,614,2.090459504460846442506026492,11731.61065268288967103150174,2.46030425542093313575856006
false,1.358974871879148223098139956,33660,33652,9,72e6777d760308a8b761fa05fa8dc2be7bb649b0,NQZ9,0.9198109735991945482957337113,2.299527433997986370739334278,5.426884744235247834944828897,0,1.747640849838469641761894051,5.610846938955086744603975639,opening_hour_rth,2019-11-27T10:30:00-05:00,33660,true,true,,33652,5,4,false,false,false,true,false,false,94.04761904761904761904761905,8414.375,1.851292806745691898327804116,0.9901043725593973909051434769,5a5ddf0742e75d0015bd,46a23d4be003b4ef452b,1.869795607467263172518057813,WIDTH_EXCEEDS_MAXIMUM,1.869795607467263172518057813,2019-11-27,2,2019-11-27,INSIDE_VALUE,1.65565975247855018693232068,2.25,9,2019,1.781511693260023642182691129769411499698,POC_BROAD_DISTRIBUTION,8415.25,46a23d4be003b4ef452b-Z0033652,8413,131,1.787524366471734892787524367,10258.56972805353812218800777,1.775519244801512365224345819
false,0.6896043231516199822892246783,31750,31746,5,72e6777d760308a8b761fa05fa8dc2be7bb649b0,NQZ9,2.53768710729969702602288665,4.169057390563787971323313783,14.68233254937681850770384419,0,8.881904875548939591080103276,12.86969890130560634625892516,midnight,2019-09-20T09:30:00-04:00,31750,true,true,,31746,2,4,false,false,false,true,false,false,99.15966386554621848739495798,7937.125,2.028185746750499199147316048,,c14fae69e83cf05c1e20,46a88873f048272aac67,,WIDTH_EXCEEDS_MAXIMUM,,2019-09-20,2,2019-09-20,INSIDE_VALUE,1.812633648071212161444919036,1.25,5,2019,1.988888764629392489959457909751494284485,POC_BROAD_DISTRIBUTION,7937.75,46a88873f048272aac67-Z0031746,7936.5,284,1.963742010459035444509006392,4652.15026634122378803229867,2.014357536275536261601148134
false,4.313820166648060686455611712,30004,29982,23,72e6777d760308a8b761fa05fa8dc2be7bb649b0,NQU9,5.041934795557381673969078695,3.622079594509613271529510557,18.86379052820606591812569098,0,3.737986141533920896218454895,18.11039797254806635764755278,prior_rth,2019-08-05T16:00:00-04:00,30001,true,true,2.141055455003904683163654964,29982,17,4,false,false,false,true,false,false,99.72222222222222222222222222,7496.875,2.616343173287613609998111376,1.221987579617755456815004563,379ba5a56ebff996e157,46ffa5cc9f86a1004e43,2.141055455003904683163654964,WIDTH_EXCEEDS_MAXIMUM,,2019-08-06,2,2019-08-05,INSIDE_VALUE,1.159065470243076246889443378,5,20,2019,2.294503821309501605358141161538841427955,POC_BROAD_DISTRIBUTION,7500.5,46ffa5cc9f86a1004e43-Z0029982,7495.5,716,2.137667938298225244650854204,41704.60951258359686844493236,2.46284639989273315430625284
false,1.672577491197236838129541955,28404,28393,12,72e6777d760308a8b761fa05fa8dc2be7bb649b0,NQH9,0,4.55883212594353296000174366,6.651410806704498908855003045,0,9.49133901630866698229871221,3.213602974025769135738934055,full_overnight,2019-03-07T09:30:00-05:00,28404,true,true,1.623188836483579873957494827,28393,6,4,true,false,false,true,false,false,99.38650306748466257668711656,7099.625,2.186535952692136828040399507,1.29058715359966862531773647,c8936e22170ca6161624,47fa300cb84a63e45c54,1.694217974038803611552725266,WIDTH_EXCEEDS_MAXIMUM,1.694217974038803611552725266,2019-03-07,2,2019-03-07,INSIDE_VALUE,1.793638869223685099017079473,3,12,2019,1.894809596363425123791953419722502294557,POC_BROAD_DISTRIBUTION,7101.25,47fa300cb84a63e45c54-Z0028393,7098.25,718,1.985915970949568994773637412,10230.26552016828766809888912,1.807882840457855096772783669
false,2.495424995116749163590572363,30887,30869,19,72e6777d760308a8b761fa05fa8dc2be7bb649b0,NQU9,0.1001833357000191782367352751,3.456325081650661649167366989,9.667691895051850699844954042,0.1001833357000191782367352751,3.756875088750719183877572814,9.667691895051850699844954042,opening_hour_rth,2019-08-19T10:30:00-04:00,30882,true,true,,30870,9,4,true,false,false,true,false,false,99.49494949494949494949494949,7719.625,2.499597592954859637732991956,2.893767832991657027715683223,98dd1a51499848d24170,484aac2b60cee6f3f08b,0.8637865016181020575245155579,WIDTH_EXCEEDS_MAXIMUM,0.8637865016181020575245155579,2019-08-19,2,2019-08-19,INSIDE_VALUE,1.302383364100249317077558576,3.25,13,2019,2.31602948353751694490516015706415908451,POC_BROAD_DISTRIBUTION,7720.75,484aac2b60cee6f3f08b-Z0030870,7717.5,200,2.466521332918094051697290563,12601.60010328546134172732638,2.174719714371584538738713446
false,0.8311346617874466252325369029,33264,33258,7,72e6777d760308a8b761fa05fa8dc2be7bb649b0,NQZ9,0.3007936156366616534061475496,3.158332964184947360764549271,16.694045667834721764041189,0,3.158332964184947360764549271,16.694045667834721764041189,midnight,2019-11-20T09:30:00-05:00,33264,true,true,,33258,3,4,true,false,false,true,false,false,99.29577464788732394366197183,8315.375,2.86526034753832883518357546,,1b5b153b007a3c064b45,488b044565010d021b27,,WIDTH_EXCEEDS_MAXIMUM,,2019-11-20,2,2019-11-20,INSIDE_VALUE,2.105555309456631573843032847,1.75,7,2019,2.663912851001271190901514512878300268106,POC_BROAD_DISTRIBUTION,8316.25,488b044565010d021b27-Z0033258,8314.5,539,2.871323529411764705882352941,9273.009948933419040217135866,2.471484527967329168501368834
false,0.6670741340044014798052789629,33519,33515,5,72e6777d760308a8b761fa05fa8dc2be7bb649b0,NQZ9,23.61056919634074517494507538,3.185552986807878317254494297,32.79245721713992385409038247,0,12.18005553779482886009071349,20.79978714915732313030875688,midnight,2019-12-11T09:30:00-05:00,33519,false,true,,33515,2,4,false,false,false,true,false,false,90.44585987261146496815286624,8379.375,2.041360857266168524718917134,,f4807409ae034ba3e38a,4900722e3454efa2b741,,WIDTH_EXCEEDS_MAXIMUM,,2019-12-11,2,2019-12-11,INSIDE_VALUE,1.873854698122281363090878998,1.25,5,2019,2.010423079325120927672011685337577108016,POC_BROAD_DISTRIBUTION,8380,4900722e3454efa2b741-Z0033515,8378.75,206,1.778009895547003848268279274,4760.9401007558902295744401,2.27321623350113214434617367
false,1.335844525987370592119456663,30457,30447,11,72e6777d760308a8b761fa05fa8dc2be7bb649b0,NQU9,0.3742950547560406179440258748,35.65160396551286885916846457,21.80268693953936599523950721,0,22.17698199429540661318353308,19.55691661100312228757535196,midnight,2019-08-12T09:30:00-04:00,30457,true,true,,30447,5,4,true,false,false,true,false,false,99.6031746031746031746031746,7613.125,3.781897795858967207748831674,,a2978774797da3226d02,4939be1dea43736302d1,,WIDTH_EXCEEDS_MAXIMUM,,2019-08-12,2,2019-08-12,INSIDE_VALUE,2.058622801158223398692142311,2.75,11,2019,3.60818041704391252897780915507398792455,POC_BROAD_DISTRIBUTION,7614.5,4939be1dea43736302d1-Z0030447,7611.75,553,3.493857493857493857493857493,9663.245202364530729745013028,3.726244114085265327073408653
false,2.536098445467508689131220417,32593,32573,21,72e6777d760308a8b761fa05fa8dc2be7bb649b0,NQZ9,0,5.175272286238287267103152295,5.372425516190222020135653335,0,5.471002131166189396651903855,5.569578746142156773168154375,prior_rth,2019-11-01T16:00:00-04:00,32588,true,true,,32575,10,4,true,false,false,true,false,false,99.51219512195121951219512195,8145.875,3.70473206110885761325440147,,e9a10ebc43c082b8819a,4976f21b828de39ef355,,WIDTH_EXCEEDS_MAXIMUM,,2019-11-04,2,2019-11-01,INSIDE_VALUE,1.380072609663543271227507279,3.5,14,2019,3.287795958984618629776619243785992454474,POC_BROAD_DISTRIBUTION,8147.25,4976f21b828de39ef355-Z0032575,8143.75,1002,3.575954876222972737718046029,54251.5639604030429241926793,3.022857570096914511271192834
false,2.021390832137412410402963331,28141,28130,12,72e6777d760308a8b761fa05fa8dc2be7bb649b0,NQH9,7.296956019338128513278195897,2.040674141001341024899834446,20.09754835834654039674079379,0,2.659060244335080729414935793,19.2318078136793048104196519,opening_hour_rth,2019-02-06T10:30:00-05:00,28139,true,true,2.010509314090282329910311216,28130,8,4,false,false,false,true,false,false,97.36842105263157894736842105,7033.375,2.123587301435379665611164673,1.056243453612779207282244523,d75beacc8f0a1e2dcddb,49f02b505aef08b43f21,2.010509314090282329910311216,WIDTH_EXCEEDS_MAXIMUM,,2019-02-06,2,2019-02-06,INSIDE_VALUE,1.236772206667479409030202694,2.5,10,2019,1.959615038891007258032782901589833148243,POC_BROAD_DISTRIBUTION,7035,49f02b505aef08b43f21-Z0028130,7032.5,97,1.772115384615384615384615385,9091.10184699284869064155991,2.16695319841221706128414544
false,2.486788114396982091579996373,29491,29475,17,72e6777d760308a8b761fa05fa8dc2be7bb649b0,NQM9,0,7.087455460303204226827331551,1.859828737810060683635540903,0,6.685330327803731646581809193,2.161422587184665118819682672,full_overnight,2019-03-27T09:30:00-04:00,29491,true,true,,29477,9,4,true,false,false,true,false,false,98.87005649717514124293785311,7371.125,2.207108845079816687562935698,1.29426740806911298154968104,692d10d09b67827a4681,4a5138660c923fc95502,1.705295854102167584414383259,WIDTH_EXCEEDS_MAXIMUM,1.705295854102167584414383259,2019-03-27,2,2019-03-27,INSIDE_VALUE,1.507969246873022175920708841,3.75,15,2019,1.905019071127357630400258677453529727672,POC_BROAD_DISTRIBUTION,7373,4a5138660c923fc95502-Z0029477,7369.25,1104,1.977713678457567936845301351,15152.25026712100510727513015,1.834996491599986250252435274
false,0.8074540831743375720448256938,31925,31920,6,72e6777d760308a8b761fa05fa8dc2be7bb649b0,NQU9,20.7442136327441224435398839,4.799034497127371610072659708,26.78170864525920285621193966,0,5.108649625974298810722508721,15.32594887792289643216752616,midnight,2019-07-15T09:30:00-04:00,31924,false,true,,31920,3,4,false,false,false,true,false,false,62.60869565217391304347826087,7980.875,1.231327944288578450011560493,1.385113159586858164150823465,608a006b0c6d0ffe9c33,4a7cb3d1eafd37461ace,0.8889728147957603050542750673,WIDTH_EXCEEDS_MAXIMUM,0.8889728147957603050542750673,2019-07-15,2,2019-07-15,INSIDE_VALUE,1.548075644234636003249245067,1.25,5,2019,1.295806882347053954214581307875212859566,POC_BROAD_DISTRIBUTION,7981.25,4a7cb3d1eafd37461ace-Z0031920,7980,117,1.018546555639666919000757002,2774.207335883071177188824247,1.648540724074683815407388132
false,2.503295977041695642893623769,31432,31416,17,72e6777d760308a8b761fa05fa8dc2be7bb649b0,NQZ9,0,2.846247533389985502006386866,4.344272550963662082009748374,0,2.946115867894897274006610967,4.544009219973485626010196575,opening_hour_rth,2019-10-14T10:30:00-04:00,31432,true,true,1.725826539723650787863858143,31416,10,4,true,false,false,true,false,false,96.73202614379084967320261438,7855.625,1.991627200347660025905874673,1.154013543369527020606880247,400ea2ab131bf5af8126,4afef87e75113cfc088b,1.725826539723650787863858143,WIDTH_EXCEEDS_MAXIMUM,,2019-10-14,2,2019-10-14,INSIDE_VALUE,1.69776168658350012400380971,4.25,17,2019,1.85570033472809855236719682771487262664,POC_BROAD_DISTRIBUTION,7858.25,4afef87e75113cfc088b-Z0031416,7854,250,1.871880199667221297836938436,13853.45985728191659394139648,1.839660322771818829425333732
false,1.85245086428801741395621303,28528,28514,15,72e6777d760308a8b761fa05fa8dc2be7bb649b0,NQM9,0.1349563461139826606463074825,2.226779710880713900664073461,10.99894220828958684267405982,0,2.226779710880713900664073461,11.53876759274551748525928975,opening_hour_rth,2019-03-11T10:30:00-04:00,28528,true,true,,28514,7,4,true,false,false,true,false,false,99.2125984251968503937007874,7130.375,3.58644586744081411133699258,,d21809e2a8d163b0d4a2,4b5302c1de7ffae28588,,WIDTH_EXCEEDS_MAXIMUM,,2019-03-11,2,2019-03-11,INSIDE_VALUE,2.024345191709739909694612237,3.75,15,2019,3.279525955472882467178508353786629543961,POC_BROAD_DISTRIBUTION,7132.25,4b5302c1de7ffae28588-Z0028514,7128.5,212,3.339410852713178294573643411,12686.70054896980795486650918,3.220714960509261312040711751
true,2.912668761317052680040452867,30943,30933,11,72e6777d760308a8b761fa05fa8dc2be7bb649b0,NQZ9,0,2.274546315731522687457828182,4.763672472569792798260734495,0,4.677840536127093828922703243,3.905353108142803104880421974,opening_hour_rth,2019-09-30T10:30:00-04:00,30943,true,true,1.904779406409819603737510099,30933,11,4,true,false,false,true,false,false,98.79518072289156626506024096,7734.625,2.453727101519471987150498622,1.061050635756085743777498095,aa056ab7a9639c1d187e,4b6eb781a53d7f11c259,2.312544772918391262731520189,,2.312544772918391262731520189,2019-09-30,2,2019-09-30,INSIDE_VALUE,0.9441513008696886627183437738,2.75,11,2019,2.225142383692435984070277836689649939098,POC_HVN_ZONE,7736,4b6eb781a53d7f11c259-Z0030933,7733.25,237,2.27515614156835530881332408,10098.01281653235314562545684,2.176228056282483177422060273
false,1.112916848437809342653457047,31509,31501,9,72e6777d760308a8b761fa05fa8dc2be7bb649b0,NQU9,0,5.278920889953890890552574834,9.546984588214483525467422573,0,5.503555821441290502916514189,8.199174999290085851283786445,midnight,2019-09-06T09:30:00-04:00,31509,true,true,,31501,4,4,true,false,false,true,false,false,99.39393939393939393939393939,7876.375,2.506493846473207286269100259,,5ae88921640df564d169,4bbff8de55021d4e4688,,WIDTH_EXCEEDS_MAXIMUM,,2019-09-06,2,2019-09-06,INSIDE_VALUE,2.021714383386596511275454192,2.25,9,2019,2.446269055013438957739361937698941628376,POC_BROAD_DISTRIBUTION,7877.5,4bbff8de55021d4e4688-Z0031501,7875.25,624,2.267591674925668979187314171,11730.37245311159758337331601,2.639025515787583361293608624
false,2.041697414581953429246697718,31491,31475,17,72e6777d760308a8b761fa05fa8dc2be7bb649b0,NQU9,0,5.4488975303315907499159269,2.142824871478715463450083612,0,5.693791801357729660024507885,1.530589193913368188178631152,full_overnight,2019-09-06T09:30:00-04:00,31491,true,true,,31478,8,4,true,false,false,true,false,false,99.42196531791907514450867052,7870.875,2.808933159650604954105115509,,c5c10d8609ad3b9021d7,4c341d06fc909ccf6544,,WIDTH_EXCEEDS_MAXIMUM,,2019-09-06,2,2019-09-06,INSIDE_VALUE,1.71425989718297237076006689,3.5,14,2019,2.444684474119038312340193890200381915805,POC_BROAD_DISTRIBUTION,7873,4c341d06fc909ccf6544-Z0031478,7869.5,1462,2.503622901488755147291732657,21157.86820979749946794479154,2.387133531349637987383473414
false,1.517688164549230855038742263,33538,33530,9,72e6777d760308a8b761fa05fa8dc2be7bb649b0,NQZ9,0,1.40015587499237504206458286,5.68298561026316928837977749,0,1.40015587499237504206458286,5.68298561026316928837977749,opening_hour_rth,2019-11-26T10:30:00-05:00,33537,true,true,1.859340106997569004704474703,33530,6,4,true,false,false,true,false,false,98.88888888888888888888888889,8383.125,1.876359408766728899257196619,1.009153409699015407969488951,8d992cc68e98f31ad226,4cff69be921b2fa62318,1.859340106997569004704474703,WIDTH_EXCEEDS_MAXIMUM,,2019-11-26,2,2019-11-26,INSIDE_VALUE,1.317793764698705921943136809,2,8,2019,1.674276673412548765745182325697221134405,POC_BROAD_DISTRIBUTION,8384.5,4cff69be921b2fa62318-Z0033530,8382.5,139,1.66533546325878594249201278,10487.86866605806414287946436,1.683265889052760134209201426
false,1.661153393662424311971176023,28193,28181,13,72e6777d760308a8b761fa05fa8dc2be7bb649b0,NQH9,0,5.493171211528922205718952699,2.934707907529150219493687058,0,5.493171211528922205718952699,2.784210066117398926186318491,full_overnight,2019-02-13T09:30:00-05:00,28191,true,true,,28183,6,4,true,false,false,true,false,false,99.51456310679611650485436893,7046.875,4.125415151615998741240394342,,3085456385c00ad1d4ee,4d0f4628cfb7bc951e3b,,WIDTH_EXCEEDS_MAXIMUM,,2019-02-13,2,2019-02-13,INSIDE_VALUE,1.354480572705761639766317104,2.25,9,2019,3.623452001000205515005821535608633644297,POC_BROAD_DISTRIBUTION,7048,4d0f4628cfb7bc951e3b-Z0028183,7045.75,746,3.558797647167801398730952712,12134.27789924985837249047618,3.689280960945101704727551145
false,2.508702088832320657212807698,30067,30047,21,72e6777d760308a8b761fa05fa8dc2be7bb649b0,NQM9,0,1.943235915376893729357780902,5.630401498399717728652031843,0,2.242195286973338918489747194,5.929360869996162917783998135,prior_rth,2019-06-13T16:00:00-04:00,30067,true,true,,30048,10,4,true,false,false,true,false,false,99.4623655913978494623655914,7514.375,2.364403576273314415414690933,,7c2c7116bdba0b58b814,4d1875a95a73a3f1300c,,WIDTH_EXCEEDS_MAXIMUM,,2019-06-14,2,2019-06-13,INSIDE_VALUE,1.993062477309634594213108617,5,20,2019,2.109580317920819975614118196362536773964,POC_BROAD_DISTRIBUTION,7517,4d1875a95a73a3f1300c-Z0030048,7512,1357,2.243972261735419630156472263,55293.29105752816916566009324,1.983237134275964368597881371
false,1.622104343546930918526977688,30521,30509,13,72e6777d760308a8b761fa05fa8dc2be7bb649b0,NQM9,28.20410424397359705460876813,42.30615636596039558191315219,0.6935435469829573046215270851,0,9.786670051870619742992659979,13.63968975733149365755669934,midnight,2019-05-08T09:30:00-04:00,30521,false,true,,30509,6,4,false,false,true,true,false,false,99.73958333333333333333333333,7628.875,2.8065501769781023412997324,,105a120e6604c1363f85,4d2f55e60cfa3b35a665,,WIDTH_EXCEEDS_MAXIMUM,,2019-05-08,2,2019-05-08,INSIDE_VALUE,2.003570246839654435573300468,3.25,13,2019,2.620989857037481447273485113510194902306,POC_BROAD_DISTRIBUTION,7630.5,4d2f55e60cfa3b35a665-Z0030509,7627.25,553,2.295821395751121682253094762,13535.76099685064111278827274,2.992213524713598628571467814
false,1.515054123517170059630494604,35162,35150,13,72e6777d760308a8b761fa05fa8dc2be7bb649b0,NQH0,9.240593971322463088554607907,11.30322655420694145653554717,0.2475159099461374041577127118,0,7.342971995068742990012143783,4.537791682345852409558066383,full_overnight,2019-12-30T09:30:00-05:00,35159,false,true,,35152,6,4,false,false,true,true,false,false,99.26470588235294117647058824,8789.125,2.182600825397952404753229133,,a4dee65e5ad3b209f8c8,4d4a0c21ce691a46d581,,WIDTH_EXCEEDS_MAXIMUM,,2019-12-30,2,2019-12-30,INSIDE_VALUE,1.32008485304606615550780113,2,8,2019,1.925314626590281177399163004461408658152,POC_BROAD_DISTRIBUTION,8790,4d4a0c21ce691a46d581-Z0035152,8788,380,1.861671469740634005763688761,7770.574134199134199134199134,1.991133490313898489468247096
false,2.677732029005720063550885521,27407,27387,21,72e6777d760308a8b761fa05fa8dc2be7bb649b0,NQH9,0.4668129545674302423760184494,12.18381811420992932601408153,3.407734568342240769344934681,0.4668129545674302423760184494,12.37054329603690142296448891,3.034284204688296575444119921,opening_hour_rth,2019-01-31T10:30:00-05:00,27405,true,true,,27387,10,4,true,false,false,true,false,false,98.06949806949806949806949807,6849.375,2.321232691886626943368456787,,aadfe55d32d5ef268f75,4d66678100678f52931a,,WIDTH_EXCEEDS_MAXIMUM,,2019-01-31,2,2019-01-31,INSIDE_VALUE,1.773889227356234921028870108,4.75,19,2019,2.129720192439015229177738617047257233516,POC_BROAD_DISTRIBUTION,6851.5,4d66678100678f52931a-Z0027387,6846.75,221,2.221665890389691041763701289,15569.62320386986604453925203,2.041579752249286556785415512
false,4.158362879317074677396615809,27563,27532,32,72e6777d760308a8b761fa05fa8dc2be7bb649b0,NQH9,0,2.494972252566827388202997025,1.893774119418194282611913405,0,2.374732625937100767084780301,2.074133559362784214289238491,full_overnight,2019-02-01T09:30:00-05:00,27556,true,true,1.803349248294230325401964256,27536,16,4,true,false,false,true,false,false,98.97959183673469387755102041,6886.875,3.195665824705195044519426252,1.772072618616689350962552342,2f1327706ad2abe82542,4d7cce5e7f609e4e753b,1.803349248294230325401964256,WIDTH_EXCEEDS_MAXIMUM,,2019-02-01,2,2019-02-01,INSIDE_VALUE,1.262516079612129521741275603,5.25,21,2019,2.788858807845136470902696305194503489708,POC_BROAD_DISTRIBUTION,6889.25,4d7cce5e7f609e4e753b-Z0027536,6884,2215,2.80164430591317703392510277,29421.24500877883826277086921,2.776131657284130562433306838
false,2.834925402164246741510979125,31992,31970,23,72e6777d760308a8b761fa05fa8dc2be7bb649b0,NQU9,0.1763714839262749526379436309,6.481652034290604509444428435,59.74584018002564020610340496,0,6.658023518216879462082372066,55.60111030775817881911172964,prior_rth,2019-08-01T16:00:00-04:00,31988,true,true,,31977,11,4,true,false,false,true,false,false,99.68454258675078864353312303,7995.375,4.618510603589768550866812617,,39d47cee0b675f628943,4dccfe80b22701801a08,,WIDTH_EXCEEDS_MAXIMUM,,2019-08-02,2,2019-08-01,INSIDE_VALUE,1.058228903557649715827661785,3,12,2019,4.158757050154004113311652258574714760736,POC_BROAD_DISTRIBUTION,7997.25,4dccfe80b22701801a08-Z0031977,7994.25,654,4.22614970645792563600782779,32470.93500211257311809203045,4.092439076584761457331823699
false,2.426926448046015697564987356,30810,30793,18,72e6777d760308a8b761fa05fa8dc2be7bb649b0,NQU9,0.2060219008295713123810592833,2.317746384332677264286916937,6.850228202583246136670221169,0,3.347855888480533826192213353,6.541195351338889168098632244,opening_hour_rth,2019-06-26T10:30:00-04:00,30810,true,true,,30793,9,4,true,false,false,true,false,false,99,7700.625,2.447891526947870264925135382,1.266365189953127746708040156,ecd5b954b4fac07ac29c,4e662c25492e13c3a9d0,1.933006013090485069623237231,WIDTH_EXCEEDS_MAXIMUM,1.933006013090485069623237231,2019-06-26,2,2019-06-26,INSIDE_VALUE,1.854197107466141811429533549,4.5,18,2019,2.1238481756397532284901205512815752315,POC_BROAD_DISTRIBUTION,7702.75,4e662c25492e13c3a9d0-Z0030793,7698.25,270,2.124645892351274787535410764,18990.71026473445379953875432,2.123050758437883669167363068
false,3.057858814123058778707332858,29823,29806,18,72e6777d760308a8b761fa05fa8dc2be7bb649b0,NQM9,3.106749061180719135314841836,0.776687265295179783828710459,4.537488760408681894999308471,0,1.348983144986364887702497113,4.292219097683888279053399905,opening_hour_rth,2019-05-21T10:30:00-04:00,29821,false,true,1.638151782019088305686681061,29806,12,4,false,true,false,true,false,false,96.07843137254901960784313725,7452.875,1.779362017241511958003995651,1.086200947172536312808652655,1f69f7c67bbe64cf14ca,4ea088f3bbdb60da20ff,1.638151782019088305686681061,WIDTH_EXCEEDS_MAXIMUM,,2019-05-21,2,2019-05-21,INSIDE_VALUE,1.308104867865565951711512352,4,16,2019,1.579401247849025170389739902697526280571,POC_BROAD_DISTRIBUTION,7455.5,4ea088f3bbdb60da20ff-Z0029806,7451.5,274,1.508419689119170984455958549,17483.02962906605747400814151,1.653722978890380978052138139
false,2.87123921145472967901887451,33455,33433,23,72e6777d760308a8b761fa05fa8dc2be7bb649b0,NQZ9,0,3.961704045632892964473233508,4.919478650071614340499729521,0,4.048774464218231271384733145,5.790182835924997409614725896,opening_hour_rth,2019-12-10T10:30:00-05:00,33454,true,true,,33435,11,4,true,false,false,true,false,false,98.66071428571428571428571429,8361.125,3.460214052731023560882882256,,b4d339b0719aa362b418,4f292597a3ccb95ef7ee,,WIDTH_EXCEEDS_MAXIMUM,,2019-12-10,2,2019-12-10,INSIDE_VALUE,1.741408371706766138229992751,5,20,2019,3.17187963170327154021174855776355918001,POC_BROAD_DISTRIBUTION,8363.75,4f292597a3ccb95ef7ee-Z0033435,8358.75,363,3.289320388349514563106796116,22348.22197421089339855813005,3.058631939183737884789342533
false,2.023682639072128822102000328,31596,31580,17,72e6777d760308a8b761fa05fa8dc2be7bb649b0,NQU9,0,9.079981043087394723977574199,1.791288777207717326498977223,0,9.574129671282627089908326536,1.791288777207717326498977223,prior_rth,2019-07-22T16:00:00-04:00,31596,true,true,,31582,8,4,true,false,false,true,false,false,99.59183673469387755102040816,7897.125,2.523744052121782776019830331,,6842c4d0c9de27b1b25f,505367eeb6e15c57d9cd,,WIDTH_EXCEEDS_MAXIMUM,,2019-07-23,2,2019-07-22,INSIDE_VALUE,1.853057355732121372240321265,3.75,15,2019,2.201164355173310201597919361006942911926,POC_BROAD_DISTRIBUTION,7899.25,505367eeb6e15c57d9cd-Z0031582,7895.5,623,2.218854484663468527402238697,35886.60275352909455749676507,2.183615262728862438770308195
false,2.768336058063070861169004348,31336,31314,23,72e6777d760308a8b761fa05fa8dc2be7bb649b0,NQZ9,0,3.025282994673615885201893596,3.476817769998036166575310551,0,3.476817769998036166575310551,3.115589949738499941476576987,opening_hour_rth,2019-09-23T10:30:00-04:00,31335,true,true,,31315,11,4,true,false,false,true,false,false,98.13664596273291925465838509,7831.375,2.489702222136264595374602388,,4f67ac515b2aea22eec9,509bc46881b8a6b8eff4,,WIDTH_EXCEEDS_MAXIMUM,,2019-09-23,2,2019-09-23,INSIDE_VALUE,1.89644605636256518176835121,5.25,21,2019,2.168537182116806137877269929334078486652,POC_BROAD_DISTRIBUTION,7834,509bc46881b8a6b8eff4-Z0031315,7828.75,403,2.203756538278649548264384213,24170.93039966430511300542244,2.133880684431799580844617105
false,0.8009173355352686426262364692,33475,33469,7,72e6777d760308a8b761fa05fa8dc2be7bb649b0,NQZ9,0,5.774628410195444813544686723,22.94244260266838885381267428,0,4.838202181515102411348251038,16.38745900190599203843762448,midnight,2019-11-19T09:30:00-05:00,33475,true,true,,33469,3,4,true,false,false,true,false,false,99.37106918238993710691823899,8368.125,4.323028563035960267772798622,,2af58b7c7e5fcd71c999,50c207421f9d12a4c7d4,,WIDTH_EXCEEDS_MAXIMUM,,2019-11-19,2,2019-11-19,INSIDE_VALUE,2.184994533587465605125016598,1.75,7,2019,3.902755205754578293808562697280507410085,POC_BROAD_DISTRIBUTION,8369,50c207421f9d12a4c7d4-Z0033469,8367.25,448,3.563025210084033613445378151,10132.99343795093795093795094,4.274878031437006673616055205
false,1.652411080905224944452368307,33018,33006,13,72e6777d760308a8b761fa05fa8dc2be7bb649b0,NQZ9,0,4.160586962557605761109725522,6.883880247140765895654273136,0,5.67352767621491694696780753,3.85799881982614352393810912,opening_hour_rth,2019-11-07T10:30:00-05:00,33018,true,true,,33006,6,4,true,false,false,true,false,false,99.20634920634920634920634921,8253.125,3.336420048340705759243687638,,359425c40472dc9dfdb1,50e135974f66938f5246,,WIDTH_EXCEEDS_MAXIMUM,,2019-11-07,2,2019-11-07,INSIDE_VALUE,1.96682292775450454161550661,3.25,13,2019,2.970813568575922819171692949632295398773,POC_BROAD_DISTRIBUTION,8254.75,50e135974f66938f5246-Z0033006,8251.5,272,3.019825535289452815226011101,20917.0736154110767113863089,2.922597069300182378080199827
false,2.158586625122937677761973114,30563,30550,14,72e6777d760308a8b761fa05fa8dc2be7bb649b0,NQZ9,3.24286267622052461910555542,8.165064952626678058819344896,4.690569228104687395491964089,0,15.2298729258213924075850192,6.775266662817881793488392573,full_overnight,2019-10-04T09:30:00-04:00,30563,true,true,,30553,8,4,false,false,false,true,false,false,83.97212543554006968641114983,7639.625,1.777505399201951022737932266,1.137693608379436454441086842,8dcb96b406b10f472fe1,512ec3c7c196c38caa84,1.56237618468638574149160323,WIDTH_EXCEEDS_MAXIMUM,1.56237618468638574149160323,2019-10-04,2,2019-10-04,INSIDE_VALUE,1.273981765658063243220039629,2.75,11,2019,1.608527415234511672979259395921005568262,POC_BROAD_DISTRIBUTION,7641,512ec3c7c196c38caa84-Z0030553,7638.25,445,1.359538002980625931445603577,8904.222195125509838122572005,1.903117411862366500179980357
false,1.592965873862788011204247989,33668,33658,11,72e6777d760308a8b761fa05fa8dc2be7bb649b0,NQZ9,1.569399596701806331275308899,8.5532278020248445054504335,4.943608729610689943517223032,0,6.983828205323038174175124601,3.688089052249244878496975913,full_overnight,2019-11-27T09:30:00-05:00,33668,true,true,1.365781715691618259798659147,33658,6,4,false,false,false,true,false,false,97.7443609022556390977443609,8415.875,1.943499609974033005737877969,1.297354065554880255839749806,aff7027095b44a731cd7,522086f071bdf0f45c75,1.49804872977585755920796988,WIDTH_EXCEEDS_MAXIMUM,1.49804872977585755920796988,2019-11-27,2,2019-11-27,INSIDE_VALUE,1.726339556371986964402839789,2.75,11,2019,1.655540881419150445891930659051697609555,POC_BROAD_DISTRIBUTION,8417.25,522086f071bdf0f45c75-Z0033658,8414.5,439,1.509214981776824256210096415,8657.975069375069375069375072,1.816053804888213544630077112
false,1.421075334277970116940508075,30711,30701,11,72e6777d760308a8b761fa05fa8dc2be7bb649b0,NQU9,0.1759231153829165196420700101,8.004501749922701643714185458,5.189731903796037329441065297,0,9.763732903751866840134885559,5.189731903796037329441065297,prior_rth,2019-06-28T16:00:00-04:00,30711,true,true,,30701,5,4,true,false,false,true,false,false,99.45945945945945945945945946,7676.625,3.27240622730002634557001683,,35750cf66ed735391727,5237569345f17260e4d1,,WIDTH_EXCEEDS_MAXIMUM,,2019-07-01,2,2019-06-28,INSIDE_VALUE,1.935154269212081716062770111,2.75,11,2019,3.109150297991674464921882443776660189455,POC_BROAD_DISTRIBUTION,7678,5237569345f17260e4d1-Z0030701,7675.25,845,3.298830927661011226470836499,41434.98064345075214640432033,2.930376180981131734991318085
false,1.71091331618363283824366743,30507,30496,12,72e6777d760308a8b761fa05fa8dc2be7bb649b0,NQM9,0,3.433838491072585989396781789,5.333408720176569728212022779,0,3.872200851635043775277222018,5.333408720176569728212022779,opening_hour_rth,2019-04-11T10:30:00-04:00,30507,true,true,1.400745819020634105006508852,30498,6,4,true,false,false,true,false,false,95.58823529411764705882352941,7625.375,2.339342265548361450875385814,1.670069068765074122518130337,b5279a6928dba3e2c01a,52402be088298f6da024,1.400745819020634105006508852,WIDTH_EXCEEDS_MAXIMUM,,2019-04-11,2,2019-04-11,INSIDE_VALUE,1.461207868541525952934800761,2.5,10,2019,2.301737479770792727791283098661620671653,POC_BROAD_DISTRIBUTION,7627,52402be088298f6da024-Z0030498,7624.5,172,2.309180651530108588351431392,14425.86370819582893886299459,2.294318299554019009829459334
true,4.723930383307108370502389821,30164,30158,7,72e6777d760308a8b761fa05fa8dc2be7bb649b0,NQM9,0,3.889769431177796264395325497,1.508277942701594469867575193,0,4.260223662718538765766308878,1.508277942701594469867575193,opening_hour_rth,2019-05-17T10:30:00-04:00,30164,true,true,2.331852592607833894262634736,30158,18,4,true,false,false,true,false,false,98.80952380952380952380952381,7540.375,2.3423550666902174004265968,1.004503918521984288374478323,c867a7eaca0db2d05c40,5245643c73b588449bd4,2.331852592607833894262634736,,2.197493131606128136588860104,2019-05-17,2,2019-05-17,INSIDE_VALUE,0.3704542315407425013709833807,1.75,7,2019,2.296019521506666114117290023144047918187,POC_HVN_ZONE,7541.25,5245643c73b588449bd4-Z0030158,7539.5,132,2.352475247524752475247524752,7881.435368540671505905343924,2.240918644600630058386848082
false,2.76377756899555464638024104,30824,30807,18,72e6777d760308a8b761fa05fa8dc2be7bb649b0,NQZ9,0,5.472582225745796825810567834,7.914891648805904500139251,0,5.653494034861360357242322143,8.005347553363686265855128154,prior_rth,2019-10-09T16:00:00-04:00,30821,true,true,2.458279065168087043289918801,30807,11,4,true,false,false,true,false,false,99.28825622775800711743772242,7703.375,2.64316751888646590617348492,1.075210522815780049967261415,c34bbe04eb4f7f618918,53600426f6b0be353e94,2.458279065168087043289918801,WIDTH_EXCEEDS_MAXIMUM,,2019-10-10,2,2019-10-09,INSIDE_VALUE,1.356838568366726485738157314,3.75,15,2019,2.389210256690462961981324947121715900275,POC_BROAD_DISTRIBUTION,7705.5,53600426f6b0be353e94-Z0030807,7701.75,824,2.44013067762672568236905891,33026.82787330849453351070814,2.339352438381223491965624864
false,3.356440585183486861454752318,25744,25725,20,72e6777d760308a8b761fa05fa8dc2be7bb649b0,NQH9,0,4.208327137489855868122606558,1.377947823779864310801207457,0,4.506261802090907610998543305,1.377947823779864310801207457,opening_hour_rth,2019-01-07T10:30:00-05:00,25744,true,true,,25725,13,4,true,false,false,true,false,false,96.22641509433962264150943396,6434.625,1.907108933931950185483572216,1.008685845765397751544132866,89ad599f03c856f17867,53b0b7be7f7916c52f9d,1.890686720685391218706577383,WIDTH_EXCEEDS_MAXIMUM,1.890686720685391218706577383,2019-01-07,2,2019-01-07,INSIDE_VALUE,1.489673323005258714379683737,5,20,2019,1.713314926292651057809479894224305352364,POC_BROAD_DISTRIBUTION,6436.25,53b0b7be7f7916c52f9d-Z0025725,6431.25,499,1.749140211640211640211640211,19819.50173239293374805720408,1.678223402059089801647226188
true,8.462819100674575552035276392,29917,29885,33,72e6777d760308a8b761fa05fa8dc2be7bb649b0,NQU9,0,9.408803266709677315726624426,1.225950818111308033289340388,0,10.05870490522651530927760005,0.8419180317149946734637638811,prior_rth,2019-08-07T16:00:00-04:00,29912,true,true,1.77940694755985182093158803,29885,33,4,true,false,false,true,false,false,99.47368421052631578947368421,7474.125,2.371388482616692257345783369,1.332684738512817708900203103,01b4d34128f6547829c3,540f0a16d5e6ba953787,1.77940694755985182093158803,,1.381832140623333844440073178,2019-08-08,2,2019-08-07,INSIDE_VALUE,0.8271475399305210827012417078,7,28,2019,2.106797347797892837627531522203565411256,POC_HVN_ZONE,7478.25,540f0a16d5e6ba953787-Z0029885,7471.25,1097,2.184732136305986184920809618,46320.8437385290620483647627,2.031642685584856908133210639
false,1.95485696501046954336752856,29507,29494,14,72e6777d760308a8b761fa05fa8dc2be7bb649b0,NQM9,0.3836597835156615958641793324,2.238015403841359309207712772,3.516881348893564628754977214,0,2.110128809336138777252986328,4.284200915924887820483335879,opening_hour_rth,2019-03-20T10:30:00-04:00,29506,true,true,2.337306186826917944176731996,29494,7,4,true,false,false,true,false,false,91.45299145299145299145299145,7375.125,2.325499638873292785996289647,0.9949486515629971864047444771,be7f3d4b5b9a57edf6af,5427bc7379abfa0e68c9,2.337306186826917944176731996,WIDTH_EXCEEDS_MAXIMUM,,2019-03-20,2,2019-03-20,INSIDE_VALUE,1.662525728567866915411443774,3.25,13,2019,2.174875047803310368321167143580313479381,POC_BROAD_DISTRIBUTION,7376.75,5427bc7379abfa0e68c9-Z0029494,7373.5,319,2.294964028776978417266187051,22823.14396145352699607698947,2.06106998377581745080515854
false,3.160149340783593403494982732,31396,31380,17,72e6777d760308a8b761fa05fa8dc2be7bb649b0,NQU9,1.028432409208270881338774389,3.836843988200087518840812142,0.7515467605752748748244889763,0,4.232394914818653242432648446,0.9097671312227011642612234977,opening_hour_rth,2019-09-06T10:30:00-04:00,31396,true,true,,31384,12,4,false,false,false,true,false,false,99.31506849315068493150684932,7848.125,2.040223952756728866484599876,1.141574362851700069898908372,5f66ce011ad93e889441,542d5cbe27884ba75bae,1.78720197224836486105072551,WIDTH_EXCEEDS_MAXIMUM,1.78720197224836486105072551,2019-09-06,2,2019-09-06,INSIDE_VALUE,1.028432409208270881338774389,3.25,13,2019,1.777986124884246921240758815407119279847,POC_BROAD_DISTRIBUTION,7849.25,542d5cbe27884ba75bae-Z0031384,7846,225,1.729584583794029379244984995,12378.48391786981545295736847,1.82774215837793456884481969
false,1.60012050499282247902283422,31896,31885,12,72e6777d760308a8b761fa05fa8dc2be7bb649b0,NQU9,1.406144095384923917803017649,1.015548513333556162857734969,5.390219032308875018244900987,0,2.109216143077385876704526473,4.452789635385592406376222555,opening_hour_rth,2019-07-15T10:30:00-04:00,31896,true,true,1.582229030343466927638284283,31885,6,4,false,true,false,true,false,false,96.77419354838709677419354839,7972.625,1.847839189927138379772025274,1.167870867295370861134955806,b32cbf1686d4dd5438e1,54363ae133ba5b4b2b49,1.582229030343466927638284283,WIDTH_EXCEEDS_MAXIMUM,,2019-07-15,2,2019-07-15,INSIDE_VALUE,1.874858793846565223737356865,3,12,2019,1.687524017133672439511435118855721548738,POC_BROAD_DISTRIBUTION,7974.25,54363ae133ba5b4b2b49-Z0031885,7971.25,201,1.666042780748663101604278075,12911.36653350015175294486104,1.709282223307189424255183086
false,0.697741092592880255358250695,28543,28539,5,72e6777d760308a8b761fa05fa8dc2be7bb649b0,NQH9,24.72263735520744771000986253,2.328944098678962465435711687,41.02524604596018496805984434,0,12.36131867760372385500493126,28.48477782230423323109831987,midnight,2019-02-25T09:30:00-05:00,28543,false,true,,28539,2,4,false,false,false,true,false,false,94.70899470899470899470899471,7135.375,2.041079146849771084384724834,,481534cb9c1d240ef80b,54754cba274f9b26b7d9,,WIDTH_EXCEEDS_MAXIMUM,,2019-02-25,2,2019-02-25,INSIDE_VALUE,1.791495460522278819565932067,1.25,5,2019,1.988794081074459911786948196013058781393,POC_BROAD_DISTRIBUTION,7136,54754cba274f9b26b7d9-Z0028539,7134.75,147,1.969727047146401985111662531,2387.980677655677655677655678,2.00804568462770544991580763
false,1.416777262560326655066987088,31806,31797,10,72e6777d760308a8b761fa05fa8dc2be7bb649b0,NQZ9,9.175754258299622759424486962,2.029253345585493494872723078,15.61642792037531950402052108,0,3.264451034202750404795250169,9.793353102608251214385750507,midnight,2019-10-18T09:30:00-04:00,31804,false,true,,31797,5,4,false,false,false,true,false,false,88.81987577639751552795031056,7950.625,1.622121401782125251522342756,1.661763012731704925298800725,3a8b1b694e80db0e506f,5484e9d74ff349b10b7c,0.9761448469812705514600194521,WIDTH_EXCEEDS_MAXIMUM,0.9761448469812705514600194521,2019-10-18,2,2019-10-18,INSIDE_VALUE,1.411654501276865039911459533,2,8,2019,1.551284363310519124055650912034828413776,POC_BROAD_DISTRIBUTION,7951.25,5484e9d74ff349b10b7c-Z0031797,7949.25,223,1.181641653501843075302790942,5841.40834939913887282308335,2.036559196030380254583267836
false,0.58475892301677083497720363,34682,34678,5,72e6777d760308a8b761fa05fa8dc2be7bb649b0,NQH0,0,20.30751397300084642635123321,7.481715674263469736024138551,0,41.25631786093856168721882115,7.481715674263469736024138551,midnight,2019-12-20T09:30:00-05:00,34682,true,true,,34678,2,4,true,false,false,true,false,false,99.57983193277310924369747899,8670.125,5.549110806661464731323322753,,8cac72692af151eb7695,54c534a94b3b3d47b6db,,WIDTH_EXCEEDS_MAXIMUM,,2019-12-20,2,2019-12-20,INSIDE_VALUE,2.137633049789562781721182443,1.25,5,2019,5.405892193943679308094721627570331885366,POC_BROAD_DISTRIBUTION,8670.75,54c534a94b3b3d47b6db-Z0034678,8669.5,310,6.452120682116309575863576737,6146.828860028860028860028861,4.529312431111530168791117109
false,2.253086093507322459145262142,26898,26880,19,72e6777d760308a8b761fa05fa8dc2be7bb649b0,NQH9,0.1109589201763840667192889158,33.67603227353256424930418596,12.37191959966682343920071412,0,34.11986795423810051618134162,11.70616607860851903888498062,prior_rth,2019-01-30T16:00:00-05:00,26897,true,true,,26880,9,4,true,false,false,true,false,false,99.82142857142857142857142857,6722.375,3.166940864316030784195744667,,8cebe4ff5f69f52aa574,550afe5bc0a2e159ad82,,WIDTH_EXCEEDS_MAXIMUM,,2019-01-31,2,2019-01-30,INSIDE_VALUE,1.997260563174913200947200485,4.5,18,2019,2.778849072303737483321583955975070094198,POC_BROAD_DISTRIBUTION,6724.5,550afe5bc0a2e159ad82-Z0026880,6720,572,2.663606579188078963561675731,37961.83702189386239775905625,2.899077599138970635978792477
false,2.842270743844861107971551588,29654,29641,14,72e6777d760308a8b761fa05fa8dc2be7bb649b0,NQM9,37.99778759074295093485301961,48.42079182570369094823284096,24.23238537326315505220371968,0,35.49098910385365903290091068,3.386376903341675025444076979,full_overnight,2019-05-13T09:30:00-04:00,29654,false,true,2.03622472106263762366818904,29641,11,4,false,false,false,true,false,false,97.63912310286677908937605396,7412.875,2.849024823823125045570605949,1.087765196061494571861170473,9a2c313aab8c97002c40,5510693327749c5947ef,2.619154238560562731069356803,WIDTH_EXCEEDS_MAXIMUM,2.619154238560562731069356803,2019-05-13,2,2019-05-13,INSIDE_VALUE,1.231409783033336372888755265,3.5,14,2019,2.532397010591747351519215501398859302572,POC_BROAD_DISTRIBUTION,7413.75,5510693327749c5947ef-Z0029641,7410.25,475,1.960978835978835978835978836,12609.11996979086137018905379,3.270323218992268480298615372
false,0.9648956343325224118977706112,31228,31222,7,72e6777d760308a8b761fa05fa8dc2be7bb649b0,NQM9,0,4.275073752254580276046160144,11.52974436214114074448812887,0,19.82079648772578127985037885,12.56612587783922081140841012,midnight,2019-04-26T09:30:00-04:00,31228,true,true,,31222,3,4,true,false,false,true,false,false,99.4623655913978494623655914,7806.375,3.307824650310592455420984553,,cf4eec68065393fe8c88,55329b93466b7a0da387,,WIDTH_EXCEEDS_MAXIMUM,,2019-04-26,2,2019-04-26,INSIDE_VALUE,1.813667652471640117110492182,1.75,7,2019,3.107983496334776962992613243537346507816,POC_BROAD_DISTRIBUTION,7807.25,55329b93466b7a0da387-Z0031222,7805.5,424,3.522916108281961940498525864,7097.244144744144744144744144,2.741922065864937962743324095
false,1.166956175948858378764367752,31327,31319,9,72e6777d760308a8b761fa05fa8dc2be7bb649b0,NQZ9,0,7.605255606778626022406895422,24.10116213415761767664157,0,3.749069665313407194144244222,18.74534832656703597072122111,midnight,2019-09-26T09:30:00-04:00,31327,true,true,,31320,4,4,true,false,false,true,false,false,99.57627118644067796610169492,7830.875,3.173584991477279700632152763,,ff7114fa9d38f207530e,5572b25b4728ef072ac5,,WIDTH_EXCEEDS_MAXIMUM,,2019-09-26,2,2019-09-26,INSIDE_VALUE,1.713860418428986145894511644,2,8,2019,2.800992213635146295413809298186981530588,POC_BROAD_DISTRIBUTION,7832,5572b25b4728ef072ac5-Z0031320,7830,428,2.983459357277882797731568998,5959.935198979764197155501503,2.629684685231652340239717834
false,3.434055634084123279749486168,30233,30213,21,72e6777d760308a8b761fa05fa8dc2be7bb649b0,NQU9,4.22241266451328458536131441,12.70363810271669241630257525,1.274003821189353107652120727,0,8.918026748325471753564845089,5.860417577471024295199755344,midnight,2019-08-05T09:30:00-04:00,30230,true,true,0.970166628051356859551444965,30216,13,4,false,false,false,true,false,false,96.78362573099415204678362573,7555.375,1.64399201731126711113337946,1.507451975546573152001328526,70df7763691405a00c2a,55810226da70f6ec3f2a,1.090576710886718073233997646,WIDTH_EXCEEDS_MAXIMUM,1.090576710886718073233997646,2019-08-05,2,2019-08-05,INSIDE_VALUE,1.092003275305159806558960623,3.75,15,2019,1.509584581216661862652631115983096516643,POC_BROAD_DISTRIBUTION,7557.75,55810226da70f6ec3f2a-Z0030216,7554,533,1.437133396404919583727530747,9164.721974559869248637204332,1.585688296958209528813503673
false,3.775277996417184476479186294,31026,31007,20,72e6777d760308a8b761fa05fa8dc2be7bb649b0,NQZ9,0,2.152159392688641758624396007,6.588918756077533999480843159,0,2.748141993740881014858844132,8.111985403211034320968877256,prior_rth,2019-10-10T16:00:00-04:00,31023,true,true,2.810979497651374437686698824,31007,15,4,true,false,false,true,false,false,99.2125984251968503937007874,7752.875,3.170519267666738729098659607,1.127905511340714667220987236,cf5fd59f7f835f909b40,558351b00d1036400a49,2.810979497651374437686698824,WIDTH_EXCEEDS_MAXIMUM,,2019-10-11,2,2019-10-10,INSIDE_VALUE,1.12574491309867415066506868,4.25,17,2019,2.816267879113580723322910041517604466865,POC_BROAD_DISTRIBUTION,7756,558351b00d1036400a49-Z0031007,7751.75,838,2.732585308239402264616016639,41823.85071843095125720664266,2.902513141314173349657903725
false,2.143520933225968907188579613,30722,30711,12,72e6777d760308a8b761fa05fa8dc2be7bb649b0,NQU9,0,12.65441339039188008483079189,15.22028522991834424949694324,0,13.70408823383452451583058108,15.22028522991834424949694324,prior_rth,2019-08-30T16:00:00-04:00,30722,true,true,3.854988397288300858149510398,30711,8,4,true,false,false,true,false,false,99.76133651551312649164677804,7678.625,4.083934648490464252903592277,1.059389608374232758992822262,c7158749a541194fa92f,5610249356312d8cfedf,3.854988397288300858149510398,WIDTH_EXCEEDS_MAXIMUM,,2019-09-03,2,2019-08-30,INSIDE_VALUE,1.399566457923525907999718919,3,12,2019,3.688907671066180319704530459040126122679,POC_BROAD_DISTRIBUTION,7680.75,5610249356312d8cfedf-Z0030711,7677.75,719,3.833422405456303761388507153,31085.32172239257410281705385,3.549840942725722041727947381
false,0.5840955447735301226758804342,28189,28185,5,72e6777d760308a8b761fa05fa8dc2be7bb649b0,NQH9,8.560243345014105971669336219,18.19051710815497518979733947,5.350152090633816232293335137,0,17.33449277365356459263040584,4.066115588881700336542934704,midnight,2019-02-13T09:30:00-05:00,28189,true,true,,28185,2,4,false,false,false,true,false,false,95.86776859504132231404958678,7046.875,2.237788814512908920906945439,,88d889b20921ffc76660,56781abc559369d1230d,,WIDTH_EXCEEDS_MAXIMUM,,2019-02-13,2,2019-02-13,INSIDE_VALUE,2.140060836253526492917334055,1.25,5,2019,2.15984833309270168636833962358914169369,POC_BROAD_DISTRIBUTION,7047.5,56781abc559369d1230d-Z0028185,7046.25,235,1.944273504273504273504273504,5210.402820218996689584924879,2.39932540957318744672911503
false,5.443381081667480291252970858,30316,30287,30,72e6777d760308a8b761fa05fa8dc2be7bb649b0,NQU9,0,1.079292430909559090240987038,1.538565805764690618003109181,0,1.538565805764690618003109181,1.997839180619822145765231325,opening_hour_rth,2019-08-16T10:30:00-04:00,30308,true,true,2.553921663542666296174660089,30287,21,4,true,false,false,true,false,false,99.50738916256157635467980296,7573.875,3.077129230990029846797109529,1.204864375801408658393985102,b5d6887ac400ad9418b4,56bc7f14dc158e61fb8d,2.553921663542666296174660089,WIDTH_EXCEEDS_MAXIMUM,,2019-08-16,2,2019-08-16,INSIDE_VALUE,1.010401424681289361076668716,5.5,22,2019,2.80472484389978005215307305904273507503,POC_BROAD_DISTRIBUTION,7577.25,56bc7f14dc158e61fb8d-Z0030287,7571.75,562,2.948111013489069202542767067,26648.50259616203270112857814,2.668312493659700635370772397
false,1.641118929271388229891523329,33013,33001,13,72e6777d760308a8b761fa05fa8dc2be7bb649b0,NQZ9,0,5.25556060938817110501473509,2.513528987098690528485308086,0,5.864900969896944566465718868,2.208858806844303797759816197,opening_hour_rth,2019-11-14T10:30:00-05:00,33012,true,true,,33001,6,4,true,false,false,true,false,false,99.05660377358490566037735849,8251.875,2.553477378059260295511268613,,bc2269566dfbc85647f8,56c9997a9d319fd38299,,WIDTH_EXCEEDS_MAXIMUM,,2019-11-14,2,2019-11-14,INSIDE_VALUE,1.828021081526320384352951336,3,12,2019,2.241614674908401191305990019854172573776,POC_BROAD_DISTRIBUTION,8253.25,56c9997a9d319fd38299-Z0033001,8250.25,248,2.323082361258395192647578651,16355.49323932537352916946401,2.163003961703184458066917175
false,1.205120517172038901039482815,31442,31434,9,72e6777d760308a8b761fa05fa8dc2be7bb649b0,NQZ9,0.2074481318985882400054377296,2.178205384935176520057096161,11.09847505657447084029091853,0,3.422894176326705960089722539,10.47613066087870612027460535,midnight,2019-09-16T09:30:00-04:00,31441,true,true,,31434,4,4,true,false,false,true,false,false,98.38709677419354838709677419,7859.625,2.831425731417767463976793787,,08a4b3bd426cec0be9c9,5770173f25dc37aebeb0,,WIDTH_EXCEEDS_MAXIMUM,,2019-09-16,2,2019-09-16,INSIDE_VALUE,1.659585055188705920043501837,2,8,2019,2.694441662493374238803210449503010061385,POC_BROAD_DISTRIBUTION,7860.5,5770173f25dc37aebeb0-Z0031434,7858.5,565,2.486042770628311884935654808,5809.972692944036664591247981,2.920310124328710922945056108
true,4.26039728883053331359367625,29527,29497,31,72e6777d760308a8b761fa05fa8dc2be7bb649b0,NQM9,0,1.437659350703721510687691781,5.721297416065830501716324436,0,1.555019297699943674825462539,6.54281704503938565068071974,opening_hour_rth,2019-06-07T10:30:00-04:00,29520,true,true,1.328372744717807402563230194,29505,17,4,true,false,false,true,false,false,99.13544668587896253602305476,7377.625,4.442582240311143845044515249,2.064152234132867759348748662,2329aa092537a2f8bd75,57af7edb697da11bae2f,2.152255132566534590216448048,,2.152255132566534590216448048,2019-06-07,2,2019-06-07,INSIDE_VALUE,0.9388795759697773131021660613,4,16,2019,4.072580217253215397762025798062318298341,POC_HVN_ZONE,7380.25,57af7edb697da11bae2f-Z0029505,7376.25,306,4.520691416893732970027247957,19003.78153226621122704040998,3.668887808617291636501881811
false,2.140628895942558650723664752,33321,33308,14,72e6777d760308a8b761fa05fa8dc2be7bb649b0,NQZ9,1.751821629198743189381221761,8.700714091687091173926734748,28.90505688177926262479015906,0,8.700714091687091173926734748,27.97075201287326625712017412,prior_rth,2019-11-20T16:00:00-05:00,33317,true,true,2.268652563560976845430139144,33308,8,4,false,false,false,true,false,false,98.5042735042735042735042735,8328.375,2.985979043349356258400306502,1.31619054028371458531129776,bd8b7bbe452cc50d0cf7,57fcc686aca0a9c092e1,2.268652563560976845430139144,WIDTH_EXCEEDS_MAXIMUM,,2019-11-21,2,2019-11-20,INSIDE_VALUE,1.167881086132495459587481174,2.5,10,2019,2.569260919732288089833142637190398078138,POC_BROAD_DISTRIBUTION,8329.5,57fcc686aca0a9c092e1-Z0033308,8327,360,2.527452745274527452745274527,21993.64775768322117018857511,2.611760669316332914910125811
false,1.486192264055218188348985059,26184,26175,10,72e6777d760308a8b761fa05fa8dc2be7bb649b0,NQH9,23.88654608060927721227474111,2.7755493685215005211446002,26.99852567561823234204292921,0,11.69095037043904764966967963,11.85916548368277495398147358,midnight,2019-01-08T09:30:00-05:00,26184,false,true,,26175,5,4,false,false,false,true,false,false,98.8,6545.125,1.690456208026171081725064567,1.108844192516755843300484956,ef168463b1099dd85042,5887d926089a26382632,1.524520955635186273011152383,WIDTH_EXCEEDS_MAXIMUM,1.524520955635186273011152383,2019-01-08,2,2019-01-08,INSIDE_VALUE,1.682151132437273043117939515,2.5,10,2019,1.606693252939899561393711450684062515928,POC_BROAD_DISTRIBUTION,6546.25,5887d926089a26382632-Z0026175,6543.75,333,1.430166638034701941247208384,5437.696977549454329640088154,1.80500868946990411133391141
false,1.239084727289264085729321517,33459,33451,9,72e6777d760308a8b761fa05fa8dc2be7bb649b0,NQZ9,0,7.767830389659096850634348949,2.925546510391088424264884669,0,9.381925016081766326090837042,7.162544904750595797338165914,prior_rth,2019-11-25T16:00:00-05:00,33459,true,true,,33451,4,4,true,false,false,true,false,false,99.61977186311787072243346008,8363.875,7.713150726768367246556862342,,454337537719ef7ce0be,588d233e2889b760c785,,WIDTH_EXCEEDS_MAXIMUM,,2019-11-26,2,2019-11-25,INSIDE_VALUE,1.815856454725503159888549105,2.25,9,2019,6.890113205400674309911292118772542127481,POC_BROAD_DISTRIBUTION,8365,588d233e2889b760c785-Z0033451,8362.75,744,7.966776597044094295834860143,39613.83864052614052614052613,5.958954591603693594293965972
false,1.575386457505057451483880916,31617,31607,11,72e6777d760308a8b761fa05fa8dc2be7bb649b0,NQZ9,0,3.72924368621541202437649895,2.459713920695271760758967393,0,3.887934906905429557328690395,2.142331479315236694854584503,full_overnight,2019-09-18T09:30:00-04:00,31617,true,true,2.256658842721371954054852788,31607,6,4,true,false,false,true,false,false,98.33333333333333333333333333,7902.875,2.804306220705729153309028193,1.242680624832033960899366833,c115eb326d0da142231b,58a3d1ad1af88a0194ff,2.256658842721371954054852788,WIDTH_EXCEEDS_MAXIMUM,,2019-09-18,2,2019-09-18,INSIDE_VALUE,1.745603427590192862474105892,2.75,11,2019,2.531085683363138465374975066743876466779,POC_BROAD_DISTRIBUTION,7904.5,58a3d1ad1af88a0194ff-Z0031607,7901.75,948,2.609593283325304521368109558,11434.53734647705235940530058,2.4549399239572010246839259
false,2.565876961876225773292235062,30796,30783,14,72e6777d760308a8b761fa05fa8dc2be7bb649b0,NQZ9,0.2922977255509490501238255491,7.551024576732850461532160019,4.920345046774309010417730077,0,8.038187452651098878405202601,7.745889727100149828281377052,opening_hour_rth,2019-09-25T10:30:00-04:00,30796,true,true,,30784,10,4,true,false,false,true,false,false,98.69281045751633986928104575,7698.375,2.980557228857696622075629048,1.101411950149721018913134075,2c056ed15e64e6938d20,58befefaee8f5684f60c,2.706123924343233238769337139,WIDTH_EXCEEDS_MAXIMUM,2.706123924343233238769337139,2019-09-25,2,2019-09-25,INSIDE_VALUE,1.266623477387445883869910713,3.25,13,2019,2.699667691512502267332774185254081249404,POC_BROAD_DISTRIBUTION,7699.25,58befefaee8f5684f60c-Z0030784,7696,250,2.777071913457000762333466439,13792.82428753183140654574561,2.624420926688865598147373213
false,1.190454988549647731039351671,30774,30766,9,72e6777d760308a8b761fa05fa8dc2be7bb649b0,NQU9,0.2100037400864516523422757983,21.94539083903419766976782092,5.145091632118065482385757058,0,20.47536465842903610337189033,6.825121552809678701123963445,midnight,2019-09-04T09:30:00-04:00,30774,true,true,,30767,4,4,true,false,false,true,false,false,99.6855345911949685534591195,7692.625,3.230793227864302766834363742,,cf1387a7a2307a15d9e1,5904edb3d80eac151180,,WIDTH_EXCEEDS_MAXIMUM,,2019-09-04,2,2019-09-04,INSIDE_VALUE,1.680029920691613218738206386,2,8,2019,2.928784377619141561877375038012257974516,POC_BROAD_DISTRIBUTION,7693.75,5904edb3d80eac151180-Z0030767,7691.75,391,2.776889405038413435769162051,8231.783781539101232195861353,3.088987957180557486427564599
true,2.506389202350395943643895669,31233,31222,12,72e6777d760308a8b761fa05fa8dc2be7bb649b0,NQM9,2.194391834613040278485170522,5.136871794662344288272103722,9.525655463888424845242444765,0,4.937381627879340626591633674,10.62285138119494498448503003,prior_rth,2019-04-26T16:00:00-04:00,31233,true,true,1.838972392890441563098093861,31226,10,4,false,false,false,true,false,false,99.42693409742120343839541547,7807.625,2.97700223826631109268625195,1.029951106368262681628312263,cc20dbe44981393712e8,59d2dd9d82b99bc2154e,2.890430642638557789137934793,,2.890430642638557789137934793,2019-04-29,2,2019-04-26,INSIDE_VALUE,0.7979606671320146467218801898,2,8,2019,2.808920182040698760389224335960016787479,POC_HVN_ZONE,7808.5,59d2dd9d82b99bc2154e-Z0031226,7806.5,329,2.963581457774106958496799504,21522.0031867914220855397326,2.662330258673441242221036797
false,2.167033994864963296419036929,31944,31933,12,72e6777d760308a8b761fa05fa8dc2be7bb649b0,NQZ9,2.999491477938278232501828431,1.442063210547249150241263669,4.903014915860647110820296474,0,2.018888494766148810337769137,4.326189631641747450723791007,opening_hour_rth,2019-10-17T10:30:00-04:00,31944,true,true,1.910957615000579098500429454,31933,8,4,false,false,false,true,false,false,95.55555555555555555555555556,7984.125,1.919720636159110613656691348,1.004585670079620713932786689,d927502948df784e3e19,5a6df9f32f55b16f5b6b,1.910957615000579098500429454,WIDTH_EXCEEDS_MAXIMUM,1.520001491219819017178170082,2019-10-17,2,2019-10-17,INSIDE_VALUE,1.384380682125359184231613122,3,12,2019,1.737152985900387868885946301017181410203,POC_BROAD_DISTRIBUTION,7986.25,5a6df9f32f55b16f5b6b-Z0031933,7983.25,180,1.623897353648757016840417001,11907.70356115161068721440238,1.858307416809394354555016464
false,1.745323330474483820867675869,32225,32213,13,72e6777d760308a8b761fa05fa8dc2be7bb649b0,NQZ9,0,2.076979054084212031106002501,3.795858271257353022366142502,0,5.944457292723779261441317503,4.225578075550638270181177502,full_overnight,2019-10-30T09:30:00-04:00,32223,true,true,1.935126601306485675035328953,32215,6,4,true,false,false,true,false,false,99.13793103448275862068965517,8054.875,3.037917405982645965733859558,1.569880442928963746107903818,00458b80536238b69cd7,5a7aac18ebbabae8b17f,1.935126601306485675035328953,WIDTH_EXCEEDS_MAXIMUM,,2019-10-30,2,2019-10-30,INSIDE_VALUE,1.289159412879855743445105001,2.25,9,2019,2.680692451204855440553830099963896054473,POC_BROAD_DISTRIBUTION,8056,5a7aac18ebbabae8b17f-Z0032215,8053.75,874,3.016034508403986315632901978,9142.974908424908424908424909,2.382635874332026700655261686
false,1.539903495033003667034194913,33188,33176,13,72e6777d760308a8b761fa05fa8dc2be7bb649b0,NQZ9,0.1623478359562018697011785253,3.328130637102138328874159769,4.139869816883147677380052396,0,3.328130637102138328874159769,4.464565488795551416782409447,full_overnight,2019-11-22T09:30:00-05:00,33188,true,true,,33176,6,4,true,false,false,true,false,false,98.94736842105263157894736842,8295.625,4.235497941086131413318363021,,6144e6a5c27370c173e6,5aa9a35953d2ca2222be,,WIDTH_EXCEEDS_MAXIMUM,,2019-11-22,2,2019-11-22,INSIDE_VALUE,2.110521867430624306115320829,3.25,13,2019,3.715799576052148795612920783391726950172,POC_BROAD_DISTRIBUTION,8297.25,5aa9a35953d2ca2222be-Z0033176,8294,1310,3.758569659629730301108392982,23860.51236048557931174359606,3.673516188269747394853819534
false,1.521485989539223347151537052,29587,29575,13,72e6777d760308a8b761fa05fa8dc2be7bb649b0,NQM9,0,4.682921859936272604240236422,11.09113072090169827320055995,0,4.682921859936272604240236422,11.58406986405288486312058483,prior_rth,2019-03-19T16:00:00-04:00,29587,true,true,,29575,6,4,true,false,false,true,false,false,99.64285714285714285714285714,7395.375,3.43968407749199147685522739,,a88d5bb35d998d6ebad4,5b098686730331bb0c67,,WIDTH_EXCEEDS_MAXIMUM,,2019-03-20,2,2019-03-19,INSIDE_VALUE,2.136069620321808556320107842,3.25,13,2019,3.218910521560232681728651298666771823465,POC_BROAD_DISTRIBUTION,7397,5b098686730331bb0c67-Z0029575,7393.75,791,3.133515371882118249600316917,54914.59844206895125521001838,3.30663287590247087497076502
false,1.344971860730485921889174289,29654,29646,9,72e6777d760308a8b761fa05fa8dc2be7bb649b0,NQM9,51.11631105996541399147738956,68.12410183082663355591441191,0.8364487264357976834969027383,0,52.51039227069174346397222746,7.156283548395157958806834539,midnight,2019-05-13T09:30:00-04:00,29654,false,true,,29646,5,4,false,false,false,true,false,false,99.59016393442622950819672131,7412.875,3.498802306353664469589346024,1.087765196061494571861170472,7be5ac6a88bee2fe3124,5b3c6becd06309848b67,3.216505105165974500675139562,WIDTH_EXCEEDS_MAXIMUM,3.216505105165974500675139562,2019-05-13,2,2019-05-13,INSIDE_VALUE,1.672897452871595366993805477,2.25,9,2019,3.328695236321125174209435037343476161115,POC_BROAD_DISTRIBUTION,7413.75,5b3c6becd06309848b67-Z0029646,7411.5,332,2.85380116959064327485380117,8540.973871292992894056938085,3.882615262189525992778574979
false,0.8676247802591473822269679333,31075,31069,7,72e6777d760308a8b761fa05fa8dc2be7bb649b0,NQM9,0,9.940933219339163156814344364,8.500218260014646757276033587,0,10.22907621120406643672200652,7.347646292555033637645384965,midnight,2019-05-02T09:30:00-04:00,31075,true,true,,31069,3,4,true,false,false,true,false,false,99.14529914529914529914529915,7768.125,2.250287346849456153132049544,,9bde30b30a5456bfb90a,5b91d349600de0db4a64,,WIDTH_EXCEEDS_MAXIMUM,,2019-05-02,2,2019-05-02,INSIDE_VALUE,2.017000943054322959353635088,1.75,7,2019,2.027172539659276593880090441646334876644,POC_BROAD_DISTRIBUTION,7769,5b91d349600de0db4a64-Z0031069,7767.25,408,2.086090110562426255298693353,7196.669656949804008627538039,1.969918981323729672907213631
false,1.976015703787069182352803633,31231,31219,13,72e6777d760308a8b761fa05fa8dc2be7bb649b0,NQU9,2.27730983684778926513835192,2.8466372960597365814229399,19.54690943294352452577085398,0,3.352706148692578640342573659,20.93859877768384018779984682,prior_rth,2019-07-01T16:00:00-04:00,31231,true,true,1.969084282638209674587885997,31219,7,4,false,false,false,true,false,false,97.24517906336088154269972452,7806.125,2.291909478857213474258057833,1.163946865588951628192897805,0f4781cbc1ac1a17d35e,5ba0b27b9f655f0b68cd,1.969084282638209674587885997,WIDTH_EXCEEDS_MAXIMUM,,2019-07-02,2,2019-07-01,INSIDE_VALUE,1.64472377105673669148880972,3.25,13,2019,2.009969040530472996995713107989511674729,POC_BROAD_DISTRIBUTION,7808,5ba0b27b9f655f0b68cd-Z0031219,7804.75,427,2.033973702858042673805212188,21381.60605846939438270707621,1.986247677742445527974025357
false,1.521485989539223347151537052,29548,29539,10,72e6777d760308a8b761fa05fa8dc2be7bb649b0,NQM9,0,4.847234907653334800880244718,2.54685223961446404792012858,0,5.5044870985215835874402779,2.54685223961446404792012858,opening_hour_rth,2019-03-19T10:30:00-04:00,29548,true,true,,29539,6,4,true,false,false,true,false,false,93.61702127659574468085106383,7386.375,1.664409092427027230756473597,0.9978936519698009289173397382,fd67010f7b9cb33ab6f6,5ba7fa4afcf7f62c2fd0,1.667922317314627967367221484,WIDTH_EXCEEDS_MAXIMUM,1.667922317314627967367221484,2019-03-19,2,2019-03-19,INSIDE_VALUE,1.643130477170621966400082955,2.5,10,2019,1.564786542421471198385775249167562968064,POC_BROAD_DISTRIBUTION,7387.25,5ba7fa4afcf7f62c2fd0-Z0029539,7384.75,188,1.675071090047393364928909952,12863.20328963090572997693741,1.461762988981001884254735505
false,2.484946488233585554903352232,26362,26346,17,72e6777d760308a8b761fa05fa8dc2be7bb649b0,NQH9,3.521202585823046480050963949,4.577563361569960424066253134,2.36423602190975977946279008,0,4.879380726069078693784907187,2.163024445577014266317020712,opening_hour_rth,2019-01-11T10:30:00-05:00,26362,true,true,,26346,9,4,false,false,false,true,false,false,92.64705882352941176470588235,6588.875,1.577019608655514493929741829,1.148163020876272455933787995,3de89d3c12087c359f2f,5bc6c242a1ef2ed7580f,1.373515415478144181603925218,WIDTH_EXCEEDS_MAXIMUM,1.373515415478144181603925218,2019-01-11,2,2019-01-11,INSIDE_VALUE,1.710298398828336861739039633,4.25,17,2019,1.428951081447702500239389834319396350778,POC_BROAD_DISTRIBUTION,6590.75,5bc6c242a1ef2ed7580f-Z0026346,6586.5,270,1.381074168797953964194373402,14568.09389662864480524486567,1.478487715795719213492317674
false,0.5508917484640523791521268021,28401,28397,5,72e6777d760308a8b761fa05fa8dc2be7bb649b0,NQH9,13.6142899597077579636039536,2.949762824603347558780856613,28.36310408272449575750823666,0,7.034049812515674947862042693,25.18643642545935223266731416,midnight,2019-02-28T09:30:00-05:00,28401,true,true,,28397,2,4,false,false,false,true,false,false,99.37888198757763975155279503,7099.875,2.771963261580306255898161436,,7bf25568c7f276dc8d69,5bd6ccb958397daea432,,WIDTH_EXCEEDS_MAXIMUM,,2019-02-28,2,2019-02-28,INSIDE_VALUE,2.269048326617959660600658933,1.25,5,2019,2.698916778171737583034843174724932332464,POC_BROAD_DISTRIBUTION,7100.5,5bd6ccb958397daea432-Z0028397,7099.25,255,2.440844233055885850178359096,4560.936911699411699411699412,2.984275553863306850383173233
true,2.776356683409774235644049168,30830,30818,13,72e6777d760308a8b761fa05fa8dc2be7bb649b0,NQM9,2.251151675628392608371694189,2.476266843191231869208863608,6.618385926347474268612780917,0,2.476266843191231869208863608,6.528339859322338564277913149,prior_rth,2019-04-18T16:00:00-04:00,30827,true,true,2.035793542774304548147710371,30818,11,4,false,false,false,true,false,false,97.59615384615384615384615385,7706.125,2.266750691794315045515437117,1.113448217693661898072900356,23660e522e82a123983d,5c1ea564ca0858c9e997,2.035793542774304548147710371,,1.097715904108302917220575805,2019-04-22,2,2019-04-18,INSIDE_VALUE,0.9004606702513570433486776758,2.5,10,2019,2.144672681714729659830531770334863769499,POC_HVN_ZONE,7707,5c1ea564ca0858c9e997-Z0030818,7704.5,379,2.076165393731893600210692652,30957.58573297617415264474087,2.215440506608995088164495476
false,4.728658652780081308800828612,30956,30928,29,72e6777d760308a8b761fa05fa8dc2be7bb649b0,NQZ9,0,7.798194521467601635502892278,5.577691674676826932512238206,0,7.851063636867381985574098327,5.736299020876167982725856354,prior_rth,2019-10-04T16:00:00-04:00,30956,true,true,0.9265835961666023813376067603,30936,18,4,true,false,false,true,false,false,99.45504087193460490463215259,7736.625,2.724871268173306462917504203,1.325352093731492838549727399,7ee26d272fd50b5bc8f7,5c428e451de0d6610005,2.055960284864005747789486831,WIDTH_EXCEEDS_MAXIMUM,2.055960284864005747789486831,2019-10-07,2,2019-10-04,INSIDE_VALUE,1.110251423395387351495327036,5.25,21,2019,2.357605905275708639875272515192544158884,POC_BROAD_DISTRIBUTION,7739.25,5c428e451de0d6610005-Z0030936,7734,967,2.738975071389982248977386741,32863.97528595189066037233285,2.029337785016842143649901253
false,2.49559595315819572894133974,31327,31311,17,72e6777d760308a8b761fa05fa8dc2be7bb649b0,NQU9,0.3005294182541325549308465027,14.27514736707129635921520888,5.459617764950074747910378133,0,14.47550031257405139583577321,5.459617764950074747910378133,opening_hour_rth,2019-09-05T10:30:00-04:00,31322,true,true,1.977501851959780148357023752,31311,9,4,true,false,false,true,false,false,98.78787878787878787878787879,7829.875,2.450237043804397193184768597,1.23905676314594514593441952,a146b46f28ac62c1a821,5ca78c879a9edc432280,1.977501851959780148357023752,WIDTH_EXCEEDS_MAXIMUM,0.9436639369870523869800386774,2019-09-05,2,2019-09-05,INSIDE_VALUE,1.202117673016530219723386011,3,12,2019,2.252169178143243066354401819795674410348,POC_BROAD_DISTRIBUTION,7830.75,5ca78c879a9edc432280-Z0031311,7827.75,102,2.154377880184331797235023042,9273.508390541571319603356215,2.354399408586770417285304215
false,3.251642010720362552715923791,29780,29765,16,72e6777d760308a8b761fa05fa8dc2be7bb649b0,NQM9,0,2.806274482220281361897597339,3.267579876557861859743777724,0,2.575621785051491112974507147,3.498232573726652108666867916,prior_rth,2019-05-22T16:00:00-04:00,29780,true,true,2.520976295061407251326256333,29765,13,4,true,false,false,true,false,false,96.27906976744186046511627907,7441.875,2.581666418809390227016488739,1.024074055700910370559975578,44a7e54cf5083e327d98,5caec4629ad226e48d14,2.520976295061407251326256333,WIDTH_EXCEEDS_MAXIMUM,,2019-05-23,2,2019-05-22,INSIDE_VALUE,1.230147718233547994256481025,4,16,2019,2.433645573610071675530837513744761149462,POC_BROAD_DISTRIBUTION,7445.25,5caec4629ad226e48d14-Z0029765,7441.25,1194,2.426553992740471869328493647,59492.19049727071977401129529,2.440757879557036555094698475
false,2.912668761317052680040452867,31097,31075,23,72e6777d760308a8b761fa05fa8dc2be7bb649b0,NQZ9,0,2.532042125059619595471921939,11.80189126087110828397929717,0,2.446210188616920626133890687,11.88772319731380725331732843,prior_rth,2019-09-30T16:00:00-04:00,31092,true,true,,31081,11,4,true,false,false,true,false,false,99.64788732394366197183098592,7771.625,2.308593276259378927414689912,,0745289933d351518cd2,5e4e2fdc7beb916d5b9e,,WIDTH_EXCEEDS_MAXIMUM,,2019-10-01,2,2019-09-30,INSIDE_VALUE,1.029983237312387632056375026,3,12,2019,1.997265926823684341385118382905994839168,POC_BROAD_DISTRIBUTION,7773.25,5e4e2fdc7beb916d5b9e-Z0031081,7770.25,493,2.107979524239686841312857573,18405.40267649017649017649017,1.892367139519375764135413987
false,2.169510255122931129039404197,30173,30157,17,72e6777d760308a8b761fa05fa8dc2be7bb649b0,NQU9,19.24397448752060242694893487,22.98905934287640828848091322,1.440417252059925331358453209,0,11.69618808672659369063064006,10.19815414458427134601784872,full_overnight,2019-08-13T09:30:00-04:00,30173,false,true,,30157,8,4,false,false,false,true,false,false,98.75389408099688473520249221,7541.375,2.25941399034013262365364208,1.106022217643680532812272426,33ee0e797accd95711d6,5e7b42b2442cca537357,2.042828755423819413130474797,WIDTH_EXCEEDS_MAXIMUM,2.042828755423819413130474797,2019-08-13,2,2019-08-13,INSIDE_VALUE,1.958967462801498450647496364,4.25,17,2019,2.125522192931136948859753078192516563597,POC_BROAD_DISTRIBUTION,7543.5,5e7b42b2442cca537357-Z0030157,7539.25,1186,2.012262610138852917391235405,19767.51937051142226137022441,2.245156556544596743352443005
false,3.541826544403877945831132465,31681,31660,22,72e6777d760308a8b761fa05fa8dc2be7bb649b0,NQU9,0,4.199810412371168111549206139,2.646939335528047129127650928,0,4.905660901845314012649913053,2.788109433422876309347792311,prior_rth,2019-07-10T16:00:00-04:00,31678,true,true,2.593806627219832646883107157,31660,14,4,true,false,false,true,false,false,99.26199261992619926199261993,7917.375,3.029103835600541530969760413,1.167821765821950065170150021,e08b17f9a93c69a19591,5ed60a2b1a5243f9386b,2.593806627219832646883107157,WIDTH_EXCEEDS_MAXIMUM,1.839117872107344487302054504,2019-07-11,2,2019-07-10,INSIDE_VALUE,1.341115930000877212091343137,4.75,19,2019,2.704751488119811563346186840229508484077,POC_BROAD_DISTRIBUTION,7919.75,5ed60a2b1a5243f9386b-Z0031660,7915,1212,3.026426360017691287041132242,55733.29323369465754730843116,2.41726701469900314636522798
false,1.737569263394533441219367712,31077,31065,13,72e6777d760308a8b761fa05fa8dc2be7bb649b0,NQU9,0.2877583130258616473479980058,2.805643552002151061642980557,5.251589212721975064100963607,0,2.805643552002151061642980557,5.539347525747836711448961613,prior_rth,2019-06-24T16:00:00-04:00,31077,true,true,,31065,6,4,true,false,false,true,false,false,99.09090909090909090909090909,7767.875,2.111472307363103017612151786,,06bb70149713ce879deb,5efbeebfd3a73bd66b8d,,WIDTH_EXCEEDS_MAXIMUM,,2019-06-25,2,2019-06-24,INSIDE_VALUE,1.870429034668100707761987038,3.25,13,2019,1.985435862791596981661676903388901081572,POC_BROAD_DISTRIBUTION,7769.5,5efbeebfd3a73bd66b8d-Z0031065,7766.25,1067,2.103555810452362176500107535,42744.61531904156343678068883,1.873948647177233499321417904
true,3.504770465862619242600125358,25716,25694,23,72e6777d760308a8b761fa05fa8dc2be7bb649b0,NQH9,8.9877497847057992963421197,11.87666935836123478445208675,0.8203104962231483484756696552,0,9.09474680595229690701285922,3.459570353636756078353911154,full_overnight,2019-01-07T09:30:00-05:00,25706,true,true,2.093834794589650898353175849,25694,14,4,false,false,false,true,false,false,99.4623655913978494623655914,6425.625,2.677335306169452351676090104,1.278675525446197251125878812,afbee03ebe9a1898201a,5f1a3c5fbcfffbcf16cb,2.093834794589650898353175849,,,2019-01-07,2,2019-01-07,INSIDE_VALUE,0.9273075174696459591464091754,3.25,13,2019,2.346174378014692642001402417422140233515,POC_HVN_ZONE,6426.75,5f1a3c5fbcfffbcf16cb-Z0025694,6423.5,738,2.017786532214202766467241912,10625.4008961214224372119109,2.728006220763239490682911588
true,1.705277511155371787223395992,31148,31143,6,72e6777d760308a8b761fa05fa8dc2be7bb649b0,NQM9,1.172829634424103634115752356,3.884998164029843288008429678,11.2151833791804910012318819,0,4.324809276938882150801836811,13.12103153511965940666997948,opening_hour_rth,2019-04-23T10:30:00-04:00,31148,true,true,2.204748357305360163178326996,31143,6,4,false,false,false,true,false,false,95.89041095890410958904109589,7786.375,2.349191484903598914321895478,1.065514564108702593833831392,7f26ea07358382752a4b,5f2e0f152ce7ff658b34,2.204748357305360163178326996,,2.064024149026756582776491468,2019-04-23,2,2019-04-23,INSIDE_VALUE,0.8796222258180777255868142667,1.5,6,2019,2.148382992527878008486419155345064179196,POC_HVN_ZONE,7787.25,5f2e0f152ce7ff658b34-Z0031143,7785.75,54,2.123922413793103448275862069,6030.035647171902431369472042,2.173125276426718128227266013
false,1.616861094783146924304413273,33562,33550,13,72e6777d760308a8b761fa05fa8dc2be7bb649b0,NQZ9,0,4.252065945666206767364997731,10.28226855952010000108263088,0,4.252065945666206767364997731,10.28226855952010000108263088,opening_hour_rth,2019-12-11T10:30:00-05:00,33559,true,true,,33550,6,4,true,false,false,true,false,false,98.46153846153846153846153846,8389.125,2.455037323182940061420962651,,747d0943953146ed6831,5f9adac1dd3a9fd698c2,,WIDTH_EXCEEDS_MAXIMUM,,2019-12-11,2,2019-12-11,INSIDE_VALUE,1.546205798424075188132726447,2.5,10,2019,2.237977682778933539054191279275620994078,POC_BROAD_DISTRIBUTION,8390,5f9adac1dd3a9fd698c2-Z0033550,8387.5,134,2.335120643431635388739946381,8871.701900876900876900876899,2.144875950073454304359439097
false,2.00873785606185151642557634,30588,30572,17,72e6777d760308a8b761fa05fa8dc2be7bb649b0,NQM9,0,1.182334465810391348729280657,1.804615763605334163849954687,0,1.306790725369379911753415463,1.929072023164322726874089493,opening_hour_rth,2019-04-12T10:30:00-04:00,30585,true,true,,30572,8,4,true,false,false,true,false,false,97.10144927536231884057971014,7645.125,2.580111138525660848593470361,,376eb3dac024e7f32ff1,5f9be2cce9404ef56c24,,WIDTH_EXCEEDS_MAXIMUM,,2019-04-12,2,2019-04-12,INSIDE_VALUE,1.742387633825839882337887284,3.5,14,2019,2.362675010342555673414347567578081804699,POC_BROAD_DISTRIBUTION,7646.5,5f9be2cce9404ef56c24-Z0030572,7643,449,2.423799092473791268971991863,38092.88083060786150031001289,2.303092373386370795864008029
true,2.368556353952842814698021199,30779,30761,19,72e6777d760308a8b761fa05fa8dc2be7bb649b0,NQU9,0.105549525804095526513649388,15.77965410771228121379058351,14.40751027225903936911314147,0,15.67410458190818568727693412,6.385746311147779354075787976,full_overnight,2019-09-04T09:30:00-04:00,30775,true,true,,30767,9,4,true,false,false,true,false,false,99.79423868312757201646090535,7692.625,3.576979847385607800121071203,,bdfab9902d5a55c817f2,602ca797fb8ba9c65420,,,,2019-09-04,2,2019-09-04,INSIDE_VALUE,0.9499457322368597386228444923,2.25,9,2019,3.200575440182726289652850711370531596531,POC_HVN_ZONE,7694,602ca797fb8ba9c65420-Z0030767,7691.75,435,2.917287630402384500745156483,9123.325693341895387931193559,3.511372358881160558132943132
false,2.301167020171435489258799587,31154,31140,15,72e6777d760308a8b761fa05fa8dc2be7bb649b0,NQU9,0,2.987614518953003612587233522,3.639457686724568037151720836,0,3.422176630800713228963558398,3.856738742648422845339883274,opening_hour_rth,2019-06-20T10:30:00-04:00,31154,true,true,,31140,9,4,true,false,false,true,false,false,99.4047619047619047619047619,7787.375,2.552559378744716697897778883,1.069637837350423684696189606,724b01a0f94915d88769,603e5c4c338faac7690b,2.3863772293878508302063777,WIDTH_EXCEEDS_MAXIMUM,2.3863772293878508302063777,2019-06-20,2,2019-06-20,INSIDE_VALUE,1.629607919428911061411218285,3.75,15,2019,2.31588421579829258206573796176238509121,POC_BROAD_DISTRIBUTION,7788.75,603e5c4c338faac7690b-Z0031140,7785,294,2.360430107526881720430107526,22201.82609656424351050722075,2.272178991397055176198916956
true,3.089300612224253406824391798,27739,27723,17,72e6777d760308a8b761fa05fa8dc2be7bb649b0,NQH9,0.404622326184054135317024807,6.271646055852839097413884508,0.7687824197497028571023471333,0,8.537531082483542255189223428,0.7687824197497028571023471333,full_overnight,2019-02-05T09:30:00-05:00,27736,true,true,0.9899866457143162785582490599,27726,12,4,true,false,false,true,false,false,97.8021978021978021978021978,6932.125,2.548026074862662677484360586,1.502760892296080794012950963,2c8e6afc2012f5576c5e,606371e3cc0a8c20eeef,1.695563204981673809391522728,,1.695563204981673809391522728,2019-02-05,2,2019-02-05,INSIDE_VALUE,0.8901691176049190976974545754,2.75,11,2019,2.348337884558653940527862748719071360826,POC_HVN_ZONE,6934.25,606371e3cc0a8c20eeef-Z0027726,6931.5,794,2.892358192226091829790640887,6375.348990268043976483874182,1.906641727458055362657115935
true,2.643805065270747794367487002,34785,34774,12,72e6777d760308a8b761fa05fa8dc2be7bb649b0,NQH0,0,2.789540006893336591680130029,1.654811868496047130657704254,0,3.829707467090851930950686989,1.465690512096498887153966625,opening_hour_rth,2019-12-20T10:30:00-05:00,34780,true,true,2.501187647916416466732100214,34774,10,4,true,false,false,true,false,false,99.05660377358490566037735849,8693.875,2.525561535876048793769069824,1.009744925767539550220925274,2ff5322291723dc68488,6091a06acd667873ff23,2.501187647916416466732100214,,,2019-12-20,2,2019-12-20,INSIDE_VALUE,0.6619247473984188522630817018,1.75,7,2019,2.256734724364141496137567670842821571445,POC_HVN_ZONE,8695.25,6091a06acd667873ff23-Z0034774,8693.5,153,2.388512518409425625920471281,11088.58776679976370378847159,2.132227307538820775694472541
false,1.879697444109398548239028516,30430,30416,15,72e6777d760308a8b761fa05fa8dc2be7bb649b0,NQM9,7.71400740339363827371551076,12.03651155184697006502161593,0.06650006382235895063547854103,0,10.0415096371762015459572597,2.327502233782563272241748936,prior_rth,2019-04-10T16:00:00-04:00,30430,false,true,,30416,7,4,false,false,true,true,false,false,95.26627218934911242603550296,7605.875,1.778799265037056245493907232,,e02bce57c4d2a81406ca,60a904bd83c4fcea3b48,,WIDTH_EXCEEDS_MAXIMUM,,2019-04-11,2,2019-04-10,INSIDE_VALUE,1.995001914670768519064356231,3.75,15,2019,1.633245133231197136194403380638606068226,POC_BROAD_DISTRIBUTION,7607.75,60a904bd83c4fcea3b48-Z0030416,7604,528,1.519489144316730523627075351,39773.84411222049421138730972,1.755517421891738722213156716
false,1.133353831446125653007629086,30274,30266,9,72e6777d760308a8b761fa05fa8dc2be7bb649b0,NQM9,2.426426702498620488514195339,4.742561282156394591186836344,8.93366195010855725316590102,0,4.742561282156394591186836344,8.271909213063478938116575018,full_overnight,2019-04-03T09:30:00-04:00,30274,true,true,,30266,4,4,false,false,false,true,false,false,98.4251968503937007874015748,7567.625,4.059710680465983487801272031,,31d2031407216b92b31c,60fc38ffee2084065665,,WIDTH_EXCEEDS_MAXIMUM,,2019-04-03,2,2019-04-03,INSIDE_VALUE,1.985258211135234945147978004,2.25,9,2019,3.919741716379100654530511699031321789761,POC_BROAD_DISTRIBUTION,7568.75,60fc38ffee2084065665-Z0030266,7566.5,623,3.66300925925925925925925926,13641.7970841903194844371315,4.194468000397463174860707288
false,1.924632407769264491886973947,30370,30357,14,72e6777d760308a8b761fa05fa8dc2be7bb649b0,NQM9,0,2.273161348805729472492381329,7.988538454374420717616082955,0,2.273161348805729472492381329,8.50811819124430173990005583,opening_hour_rth,2019-04-04T10:30:00-04:00,30367,true,true,2.765666868061153795813627158,30357,7,4,true,false,false,true,false,false,99.45355191256830601092896175,7590.875,3.30988064672694086551231727,1.196774884549744527867585887,d868204fe83969d0c132,61d8316a248d3d1135bf,2.765666868061153795813627158,WIDTH_EXCEEDS_MAXIMUM,,2019-04-04,2,2019-04-04,INSIDE_VALUE,1.428844276392172811280925407,2.75,11,2019,2.999415308874186778224772381349880167148,POC_BROAD_DISTRIBUTION,7592,61d8316a248d3d1135bf-Z0030357,7589.25,220,3.166089965397923875432525952,16423.24256185663844837354057,2.841515021187380127004935194
false,1.461286658966218251522926697,31389,31379,11,72e6777d760308a8b761fa05fa8dc2be7bb649b0,NQZ9,0,9.152892704475994753593550245,27.62976022005370378888520308,0,11.20587798398462909084817834,19.24673699539344691176213837,midnight,2019-10-11T09:30:00-04:00,31389,true,true,,31379,5,4,true,false,false,true,false,false,99.01960784313725490196078431,7846.125,3.260903352677801808186765157,,5f807daf263db3114c05,61ec98b3e4a470143a52,,WIDTH_EXCEEDS_MAXIMUM,,2019-10-11,2,2019-10-11,INSIDE_VALUE,1.881903172882914809150075751,2.75,11,2019,3.03131398846032198859212552596780379591,POC_BROAD_DISTRIBUTION,7847.5,61ec98b3e4a470143a52-Z0031379,7844.75,558,2.905211576744423459751926904,10175.80252122060945590357355,3.162889949286328890545541396
true,5.443381081667480291252970858,30467,30459,9,72e6777d760308a8b761fa05fa8dc2be7bb649b0,NQU9,0.4133460373696183749859099293,2.043766518105335298541443539,4.56977007980855870123311533,0,2.411185217989440520751141254,4.56977007980855870123311533,prior_rth,2019-08-16T16:00:00-04:00,30467,true,true,2.788308991476995166767764584,30459,21,4,false,false,false,true,false,false,98.70550161812297734627831715,7615.875,2.980249580517452678887308376,1.068837632280769808782602008,50fe7ecacb8f667071ec,62762c5164acb83c40cd,2.788308991476995166767764584,,2.406904014428340756510914284,2019-08-19,2,2019-08-16,INSIDE_VALUE,0.4133460373696183749859099293,2.25,9,2019,2.75360683818321139547425117377763811131,POC_HVN_ZONE,7617,62762c5164acb83c40cd-Z0030459,7614.75,522,2.878111450136502328569134414,22988.72297185110128284002248,2.634488188054610871490425751
false,2.145426667792489912772576122,33150,33134,17,72e6777d760308a8b761fa05fa8dc2be7bb649b0,NQZ9,0,4.136706294012752657694110322,4.020179356153238498322445242,0,4.136706294012752657694110322,3.554071604715181860835784924,opening_hour_rth,2019-11-22T10:30:00-05:00,33150,true,true,,33134,8,4,true,false,false,true,false,false,99.33774834437086092715231788,8285.625,2.667586626870333222050417833,,4c6243702fbc8fe99df8,62bf8b6d67758e47db55,,WIDTH_EXCEEDS_MAXIMUM,,2019-11-22,2,2019-11-22,INSIDE_VALUE,1.980957943611740709318306351,4.25,17,2019,2.499947312905935828242853932824297249626,POC_BROAD_DISTRIBUTION,8287.75,62bf8b6d67758e47db55-Z0033134,8283.5,309,2.569894249834765366820885657,19016.12173179553281495591416,2.431904179600948100173487736
false,1.813188956998726092573758972,28073,28064,10,72e6777d760308a8b761fa05fa8dc2be7bb649b0,NQH9,0.137878624858719368763576373,4.481055307908379484816232124,6.824991930506608753797030465,0,5.446205681919415066161266735,6.687113305647889385033454092,full_overnight,2019-02-06T09:30:00-05:00,28072,true,true,1.80764754107930274374221489,28064,7,4,true,false,false,true,false,false,99.34210526315789473684210526,7017.125,2.082645514335566405367893438,1.152130305829458880649709683,ea9e938cc6ff96c32fbc,62e718b49b775c93d301,1.80764754107930274374221489,WIDTH_EXCEEDS_MAXIMUM,1.366727504383032902958813551,2019-02-06,2,2019-02-06,INSIDE_VALUE,1.240907623728474318872187357,2.25,9,2019,1.871549391635739532141333064614223001725,POC_BROAD_DISTRIBUTION,7018.25,62e718b49b775c93d301-Z0028064,7016,573,2.068248201182588872266153737,6187.356391647568118156353449,1.693557438284885038832554016
false,1.004868391685749812811773577,28281,28273,9,72e6777d760308a8b761fa05fa8dc2be7bb649b0,NQH9,0,5.100170372960372202049164996,5.84653676900335349991001841,0,7.339269561089316095631725238,4.353803976917390904188311582,midnight,2019-02-20T09:30:00-05:00,28281,true,true,,28273,4,4,true,false,false,true,false,false,98.11320754716981132075471698,7069.375,2.391789595876414159439223669,1.344115801726735447125947421,b6bdc4c08201dc13a69a,638a39ec449fe8b83716,1.779452032930325837787266074,WIDTH_EXCEEDS_MAXIMUM,1.779452032930325837787266074,2019-02-20,2,2019-02-20,INSIDE_VALUE,2.239099188128943893582560242,2.25,9,2019,2.106426385795406412263187850853769919856,POC_BROAD_DISTRIBUTION,7070.5,638a39ec449fe8b83716-Z0028273,7068.25,568,2.122391426959954878736604624,7838.674542124542124542124542,2.090581436776042876448211472
true,2.805686972137338631172405052,31435,31416,20,72e6777d760308a8b761fa05fa8dc2be7bb649b0,NQM9,5.613598436464863078383486358,1.648437636104761380160230121,14.65772925076936470466799216,0,1.648437636104761380160230121,14.65772925076936470466799216,prior_rth,2019-05-03T16:00:00-04:00,31429,true,true,1.353387971766050184509299112,31420,11,4,false,false,false,true,false,false,98.46153846153846153846153846,7856.125,2.218796571957736251889602441,1.639438666698363878670561542,9a6eeeb9cadb9c3f344b,645ffeeaa167ac7091d4,1.353387971766050184509299112,,,2019-05-06,2,2019-05-03,INSIDE_VALUE,0.89104737086743858387039466,2.5,10,2019,1.961375276147429157836149116927050404111,POC_HVN_ZONE,7857.5,645ffeeaa167ac7091d4-Z0031420,7855,263,1.815912470788187805396218398,22841.17142072902942468159859,2.118490310390696175903449841
false,2.019892412708723776930643703,30366,30354,13,72e6777d760308a8b761fa05fa8dc2be7bb649b0,NQM9,0.7426138098060699759257214305,5.136412184491984000152906561,2.289725913568715759104307744,0,5.012643216190972337498619656,2.413494881869727421758594649,opening_hour_rth,2019-04-05T10:30:00-04:00,30366,true,true,,30354,8,4,true,false,false,true,false,false,95.86776859504132231404958678,7590.625,1.828516203054694005456195324,1.207213401413257196076828239,df51e0d8aacdece4916a,648e5e608c8c5dd59afd,1.514658635262076936498681337,WIDTH_EXCEEDS_MAXIMUM,1.514658635262076936498681337,2019-04-05,2,2019-04-05,INSIDE_VALUE,1.608996587913151614505729766,3.25,13,2019,1.764334587791901790557961169836005714972,POC_BROAD_DISTRIBUTION,7591.75,648e5e608c8c5dd59afd-Z0030354,7588.5,231,1.77106830566468128247370422,18043.4592668140677912563451,1.757626471956178217143819094
false,1.458573445390502121171169065,32021,32011,11,72e6777d760308a8b761fa05fa8dc2be7bb649b0,NQU9,6.170412623678638809958680526,2.313904733879489553734505197,19.45393979965348624806417333,0,2.485305084537229520677801879,21.5107440075463658513837335,prior_rth,2019-07-29T16:00:00-04:00,32021,true,true,,32011,5,4,false,false,false,true,false,false,90.06849315068493150684931507,8004.125,1.88988051000653236680603151,,2ddde17e094fd16c109d,649ec4199394e7a553f8,,WIDTH_EXCEEDS_MAXIMUM,,2019-07-30,2,2019-07-29,INSIDE_VALUE,1.885403857235139636376263494,2.75,11,2019,1.738468763762041880065262232296696007453,POC_BROAD_DISTRIBUTION,8005.5,649ec4199394e7a553f8-Z0032011,8002.75,246,1.547069845577308263875428054,17954.51518116665175488704901,1.95354699157006925996985433
false,3.251642010720362552715923791,29764,29744,21,72e6777d760308a8b761fa05fa8dc2be7bb649b0,NQM9,0.3844211619479837482051503204,4.036422200453829356154078365,1.345474066817943118718026122,0.07688423238959674964103006409,4.036422200453829356154078365,1.729895228765926866923176442,opening_hour_rth,2019-05-22T10:30:00-04:00,29764,true,true,,29745,13,4,true,false,false,true,false,false,97.64150943396226415094339623,7439.375,2.469845030557454130791516447,1.209556951297473230249363247,15dc92cce79cfe702804,65043c292ca8c9055965,2.041941909314885227794507698,WIDTH_EXCEEDS_MAXIMUM,2.041941909314885227794507698,2019-05-22,2,2019-05-22,INSIDE_VALUE,1.537684647791934992820601282,5,20,2019,2.225405882105663647356964135678285525933,POC_BROAD_DISTRIBUTION,7441.25,65043c292ca8c9055965-Z0029745,7436.25,330,2.172670807453416149068322982,21831.47663831298512313268094,2.279420942703797585820025198
false,1.291794205951258826364843496,29376,29366,11,72e6777d760308a8b761fa05fa8dc2be7bb649b0,NQM9,0,19.06263388282230393284954828,6.870289368935957254986385421,0,14.03087265486920847849332234,7.450877202930545192027488414,midnight,2019-05-23T09:30:00-04:00,29376,true,true,,29366,5,4,true,false,false,true,false,false,99.33110367892976588628762542,7342.875,3.418960329708163605172983128,,ed5721927055072f8d06,65356d2133a6f89c9722,,WIDTH_EXCEEDS_MAXIMUM,,2019-05-23,2,2019-05-23,INSIDE_VALUE,2.128822057980155769150710975,2.75,11,2019,3.1527832247655432844818303468743245682,POC_BROAD_DISTRIBUTION,7344.25,65356d2133a6f89c9722-Z0029366,7341.5,620,2.749669974339577863806938695,14733.10991281410545849533785,3.614994583031893007654008634
false,2.881288595398368255074733189,29652,29637,16,72e6777d760308a8b761fa05fa8dc2be7bb649b0,NQM9,19.26221486061396952050289776,0.04338336680318461603716868866,22.60273410445918495536488679,0,6.811188588099984717835484119,14.35989441185410790830283595,prior_rth,2019-03-26T16:00:00-04:00,29652,false,true,1.584020388667072701049341056,29637,11,4,false,true,false,true,false,false,99.53271028037383177570093458,7411.875,2.023386947504076284528634216,1.066466575868390313928205475,bd6c4de92726d006828c,655de3d4c56d8e55c91c,1.897281165006503554073942901,WIDTH_EXCEEDS_MAXIMUM,1.897281165006503554073942901,2019-03-27,2,2019-03-26,INSIDE_VALUE,1.388267737701907713189398037,4,16,2019,1.897043498139250646916786350448199149315,POC_BROAD_DISTRIBUTION,7413.25,655de3d4c56d8e55c91c-Z0029637,7409.25,493,1.834689760712298274902615471,32599.00915373739686428543238,1.961516388708257865243035489
false,1.984233042434216775513545359,26757,26745,13,72e6777d760308a8b761fa05fa8dc2be7bb649b0,NQH9,0,7.874579077078349381012177082,3.212828263447966547452968249,0,8.882525198944378101781735748,3.338821528681220137549163083,prior_rth,2019-01-16T16:00:00-05:00,26757,true,true,,26745,7,4,true,false,false,true,false,false,98.77551020408163265306122449,6688.125,2.808615908336206180459031501,1.131597199299365467887081385,8ea84636a273dceafdf2,657ac1c7a8eae92c7cbe,2.481992629599274304678406389,WIDTH_EXCEEDS_MAXIMUM,2.481992629599274304678406389,2019-01-17,2,2019-01-16,INSIDE_VALUE,1.637912448032296671250532833,3.25,13,2019,2.650219814136235334401842044378238939095,POC_BROAD_DISTRIBUTION,6689.5,657ac1c7a8eae92c7cbe-Z0026745,6686.25,887,2.780991259613784983939700293,46118.65059765041475699179903,2.525597676353619862994709387
false,2.589305858864511511083755812,28947,28927,21,72e6777d760308a8b761fa05fa8dc2be7bb649b0,NQM9,0.1931019459475000133088614928,7.675802351413125529027244338,4.103416351384375282813306721,0,6.324088729780625435865213888,5.165477054095625356012044932,full_overnight,2019-05-29T09:30:00-04:00,28942,true,true,,28927,10,4,true,false,false,true,false,false,99.3569131832797427652733119,7234.375,4.426701748040499957101604446,,0b300f614f7b1257783a,657d09d3c8d22f4cdffc,,WIDTH_EXCEEDS_MAXIMUM,,2019-05-29,2,2019-05-29,INSIDE_VALUE,1.544815567580000106470891942,4,16,2019,3.834941928886010559640376539608757178976,POC_BROAD_DISTRIBUTION,7235.75,657d09d3c8d22f4cdffc-Z0028927,7231.75,1550,3.681344696969696969696969697,26617.29616314976558616348629,3.994947718433934602616482232
true,5.442462116875279847387354204,30473,30464,10,72e6777d760308a8b761fa05fa8dc2be7bb649b0,NQU9,3.674807388734337154109220769,0.02296754617958960721318262981,5.764854091076991410508840081,0,1.401020316954966040004140418,4.065255673787360476733325476,opening_hour_rth,2019-08-14T10:30:00-04:00,30473,false,true,1.384617922173134550904822,30464,21,4,false,true,false,true,false,false,97.72727272727272727272727273,7617.375,1.50100892161150183773154738,1.084060012205889672403362706,cb10b451f98e368d9855,65853fb8873fc2b5ce2e,1.384617922173134550904822,,1.199633578924808923335595762,2019-08-14,2,2019-08-14,INSIDE_VALUE,0.4593509235917921442636525961,2.5,10,2019,1.390460295332492128778613324493907088605,POC_HVN_ZONE,7618.5,65853fb8873fc2b5ce2e-Z0030464,7616,163,1.356278366111951588502269289,7812.86181683554317676125619,1.425503702782304667463509924
false,1.430972209196694102884634513,30950,30940,11,72e6777d760308a8b761fa05fa8dc2be7bb649b0,NQU9,0,5.503251530245157177130011427,4.804425939102914995907152833,0,6.376783519172959903658584669,6.726196314744080994270013966,midnight,2019-08-20T09:30:00-04:00,30950,true,true,,30940,5,4,true,false,false,true,false,false,98.87005649717514124293785311,7736.375,2.811192799752086971587405504,,0225eee69d2fd7afe2c1,65b87c440785abca3d2b,,WIDTH_EXCEEDS_MAXIMUM,,2019-08-20,2,2019-08-20,INSIDE_VALUE,1.921770375641165998362861133,2.75,11,2019,2.597812648012956810172552458426833043547,POC_BROAD_DISTRIBUTION,7737.75,65b87c440785abca3d2b-Z0030940,7735,851,2.79513444302176696542893726,12903.44192901555601784434737,2.414420734224244977412481157
false,1.929975690256450066934068357,31866,31852,15,72e6777d760308a8b761fa05fa8dc2be7bb649b0,NQZ9,0,8.355027517397046920278847835,7.836886276008082770184035566,0,11.33433965538359078332401838,8.355027517397046920278847835,opening_hour_rth,2019-10-25T10:30:00-04:00,31864,true,true,,31852,7,4,true,false,false,true,false,false,98.14126394052044609665427509,7964.875,2.547162644973659148970346598,1.582398649482228137356338169,2866bf01a63364b1e0cd,666dd256c26b7189f555,1.609684541760136431123852194,WIDTH_EXCEEDS_MAXIMUM,1.609684541760136431123852194,2019-10-25,2,2019-10-25,INSIDE_VALUE,1.683959034514133487808139874,3.25,13,2019,2.28648730745297239538663576193683205917,POC_BROAD_DISTRIBUTION,7966.25,666dd256c26b7189f555-Z0031852,7963,135,2.472089857045609257998638529,8085.600189551535052383948818,2.114819650363173736001067831
false,1.07715842519224952342575927,26804,26796,9,72e6777d760308a8b761fa05fa8dc2be7bb649b0,NQH9,21.35247653648997505812582339,4.757888793457005311864993256,28.66337882887512956172325205,0,13.11320569904003903026205458,16.13040347050057898412766006,midnight,2019-01-30T09:30:00-05:00,26804,false,true,,26796,4,4,false,false,false,true,false,false,93.65853658536585365853658537,6700.125,2.067606529415640941516977009,1.190016829337435789553480893,82a3499f8cf912bac45a,67359fe3db842a887bf4,1.737459906820662101780603937,WIDTH_EXCEEDS_MAXIMUM,1.737459906820662101780603937,2019-01-30,2,2019-01-30,INSIDE_VALUE,2.088829226395758429599265332,2.25,9,2019,1.850073179942168325532635042230362332515,POC_BROAD_DISTRIBUTION,6701.25,67359fe3db842a887bf4-Z0026796,6699,290,1.632613829845663755698357774,5019.751284826284826284826285,2.096497474522124001997362471
false,2.097292532695087996310848445,27721,27705,17,72e6777d760308a8b761fa05fa8dc2be7bb649b0,NQH9,0.2384026034544089112551062829,5.066055323406189364171008511,6.854074849314256198584305633,0,5.423659228587802731053667935,7.092477452768665109839411916,prior_rth,2019-02-11T16:00:00-05:00,27721,true,true,,27705,8,4,true,false,false,true,false,false,99.62546816479400749063670412,6928.375,2.854018715817685597338418013,,82e47c5fd10ed649f621,67375b73254e167cf789,,WIDTH_EXCEEDS_MAXIMUM,,2019-02-12,2,2019-02-11,INSIDE_VALUE,2.026422129362475745668403404,4.25,17,2019,2.606761896112067192500334507127340090879,POC_BROAD_DISTRIBUTION,6930.5,67375b73254e167cf789-Z0027705,6926.25,1036,2.712334408675955796554327682,47351.07237501645640353998321,2.505298594924696572693751626
false,1.127242879794897660388342849,31349,31341,9,72e6777d760308a8b761fa05fa8dc2be7bb649b0,NQM9,13.75036407665775794710239374,0.7762302301339056905622319046,18.07507535883237536594911435,0,9.425652794483140528255673128,10.75633318899840742636235639,midnight,2019-04-24T09:30:00-04:00,31349,false,true,,31341,4,4,false,true,false,true,false,false,99.1935483870967741935483871,7836.375,2.490357275642020962315654579,,ba30d8357ab3eb158aa3,67518ad5148fd5676539,,WIDTH_EXCEEDS_MAXIMUM,,2019-04-24,2,2019-04-24,INSIDE_VALUE,1.996020591772900347160024898,2.25,9,2019,2.263545087691207284639894845906070465733,POC_BROAD_DISTRIBUTION,7837.5,67518ad5148fd5676539-Z0031341,7835.25,394,2.167909123180688675896343628,8401.54383116883116883116883,2.363399973377922661274370203
true,3.95964793856756526032363893,29632,29621,12,72e6777d760308a8b761fa05fa8dc2be7bb649b0,NQM9,0,6.597808796468640221030347914,11.33307826761838200645882728,0,4.261742524034767606885631428,10.32288744710643709223408501,opening_hour_rth,2019-05-15T10:30:00-04:00,29632,true,true,1.473446127649564364660527462,29625,15,4,true,false,false,true,false,false,99.13043478260869565217391304,7407.875,2.74810343022806062355009052,1.002099045024009680605142895,4924d6239a8e86b6cf57,6778de38b78ca355562f,2.742347120151399550617096927,,2.742347120151399550617096927,2019-05-15,2,2019-05-15,INSIDE_VALUE,0.5050954102559724571123711321,2,8,2019,2.537444874772947602606198584402070173696,POC_HVN_ZONE,7408.25,6778de38b78ca355562f-Z0029625,7406.25,98,2.471491228070175438596491228,6500.39160230372718179665039,2.605158545328521634256432487
false,2.495424995116749163590572363,30953,30937,17,72e6777d760308a8b761fa05fa8dc2be7bb649b0,NQU9,1.402566699800268495314293851,3.055591738850584936220425889,4.25779176725081507506124919,0,3.356141745950642470930631714,4.758708445750910966244925565,prior_rth,2019-08-19T16:00:00-04:00,30951,true,true,2.703899402452338827253223762,30937,9,4,false,false,false,true,false,false,95.89041095890410958904109589,7736.125,3.012660401173300794506176951,1.114191008156933251372634718,0ab255cd0ea1eb33e7ec,679f6b4f7c728b0c8e04,2.703899402452338827253223762,WIDTH_EXCEEDS_MAXIMUM,,2019-08-20,2,2019-08-19,INSIDE_VALUE,1.502750035500287673551029126,3.75,15,2019,2.710273556673562045778551676499727620448,POC_BROAD_DISTRIBUTION,7738,679f6b4f7c728b0c8e04-Z0030937,7734.25,856,2.679588336192109777015437392,48434.63216588664385875837076,2.741310167979969686414787676
true,4.461586429246931530192632312,30804,30798,7,72e6777d760308a8b761fa05fa8dc2be7bb649b0,NQU9,0.8405082047537427684919775845,6.4719131766038193173882274,11.51496240512627592834009291,0,7.424489141991394455012468663,13.02787717368301291162565256,prior_rth,2019-08-08T16:00:00-04:00,30804,true,true,3.181599847364713729477969696,30798,17,4,false,false,false,true,false,false,98.06763285024154589371980676,7700.125,3.306087796458721354078658388,1.024314055983618901781938032,b2903a48905cf37c08d2,67c10b0fb63bcf41f595,3.227611470472287626780558743,,3.227611470472287626780558743,2019-08-09,2,2019-08-08,INSIDE_VALUE,0.3922371622184132919629228727,1.75,7,2019,3.244102498497821309998661843257060052485,POC_HVN_ZONE,7701.25,67c10b0fb63bcf41f595-Z0030798,7699.5,283,3.606168178273895021955923996,12801.14380182506018057731864,2.918388855008213245726780445
false,2.322755772467069704382070548,27459,27441,19,72e6777d760308a8b761fa05fa8dc2be7bb649b0,NQH9,0.4305230932384550785701201955,8.018492611566225838368488642,7.480338745018156990155838397,0,6.834554105160474372300658104,7.587969518327770759798368446,prior_rth,2019-02-08T16:00:00-05:00,27459,true,true,1.434680762811836650103808172,27446,9,4,true,false,false,true,false,false,97.81931464174454828660436137,6862.625,2.424558456707798826256210579,1.689963732388727974702442631,c033be5c76ccc01f901e,681d8dd84d4ac49b168e,1.434680762811836650103808172,WIDTH_EXCEEDS_MAXIMUM,,2019-02-11,2,2019-02-08,INSIDE_VALUE,1.506830826334592774995420684,3.5,14,2019,2.331067366816611117419228915879437622744,POC_BROAD_DISTRIBUTION,6865,681d8dd84d4ac49b168e-Z0027446,6861.5,639,2.352120266954108662248010458,36948.82387092805548812739465,2.310202902878752887943211023
false,1.261870674934039081124218205,31242,31232,11,72e6777d760308a8b761fa05fa8dc2be7bb649b0,NQU9,5.547319657274630224600093472,8.420038765506135162339427591,10.59934291657831132200375003,0,8.221920206317755511460852825,10.20310579820155202024660049,midnight,2019-09-05T09:30:00-04:00,31242,true,true,,31232,5,4,false,false,false,true,false,false,99.19678714859437751004016064,7809.375,2.57540889208733501515069777,,e9c8edf08eb6663521c2,682169f597259163a3d5,,WIDTH_EXCEEDS_MAXIMUM,,2019-09-05,2,2019-09-05,INSIDE_VALUE,2.179304151072176159664322435,2.75,11,2019,2.297462376965088982321001519151335864225,POC_BROAD_DISTRIBUTION,7810.75,682169f597259163a3d5-Z0031232,7808,525,2.217594870141987141427335493,10670.16869961179171705487495,2.380206341851845073574641817
false,3.571457267988004377338550948,27888,27870,19,72e6777d760308a8b761fa05fa8dc2be7bb649b0,NQH9,0,5.564955285380375186314915614,5.074959222516694352299765811,0,5.144958660068648757159072926,6.194950223347964830048679645,prior_rth,2019-03-08T16:00:00-05:00,27888,true,true,,27873,14,4,true,false,false,true,false,false,99.68454258675078864353312303,6971.125,2.228316680072428380671160421,1.088914560540043002409865188,b9eff038340554769217,683cfb13042d73f4c990,2.04636503250292039854047128,WIDTH_EXCEEDS_MAXIMUM,2.04636503250292039854047128,2019-03-11,2,2019-03-08,INSIDE_VALUE,1.119991000831270477748913834,4,16,2019,1.991697012079157816834827104460895251868,POC_BROAD_DISTRIBUTION,6972.25,683cfb13042d73f4c990-Z0027873,6968.25,707,2.08599218168279970215934475,18614.09065346097982388762468,1.90166436037402819951824908
false,1.457831166455116718363644342,34867,34857,11,72e6777d760308a8b761fa05fa8dc2be7bb649b0,NQH0,0,11.06095161843039922871350928,14.31921643626260985422601589,0,15.0051669242272857753865436,14.31921643626260985422601589,opening_hour_rth,2019-12-30T10:30:00-05:00,34867,true,true,,34858,5,4,true,false,false,true,false,false,99.50859950859950859950859951,8715.625,3.90341194846136668071673107,,cc561386bec7916aeeed,69121598f4aa09d62a42,,WIDTH_EXCEEDS_MAXIMUM,,2019-12-30,2,2019-12-30,INSIDE_VALUE,1.714876219911689802901319269,2.5,10,2019,3.520412275095703629592070455553790569241,POC_BROAD_DISTRIBUTION,8717,69121598f4aa09d62a42-Z0034858,8714.5,159,3.721276595744680851063829787,10520.0230304995007321263548,3.330390060447637965803089884
false,2.293125070056803967789620037,30783,30768,16,72e6777d760308a8b761fa05fa8dc2be7bb649b0,NQZ9,34.88688909498437705169237059,39.19323946764651109401064758,1.580812162116479585154810542,0,21.53175186331067021159138497,12.59198653272092359209521501,full_overnight,2019-10-08T09:30:00-04:00,30783,false,true,,30768,9,4,false,false,false,true,false,false,99.36974789915966386554621849,7694.375,3.315329146142086783471783836,1.127871716631786732613907405,3146549d98781f9499d4,694461eaaceb99bff35c,2.93945587716553533928199252,WIDTH_EXCEEDS_MAXIMUM,2.93945587716553533928199252,2019-10-08,2,2019-10-08,INSIDE_VALUE,1.744344454749218852584618529,4,16,2019,3.149602683702519430982065492769009440269,POC_BROAD_DISTRIBUTION,7696,694461eaaceb99bff35c-Z0030768,7692,845,2.806290466622013842375530253,15198.58799328331025730698585,3.534914572520001877500803867
false,0.51736152955769633289402396,34480,34476,5,72e6777d760308a8b761fa05fa8dc2be7bb649b0,NQH0,1.449663257028777100324063924,5.557042485276978884575578374,8.939590085010792118665060862,0,5.073821399600719851134223732,10.87247442771582825243047943,midnight,2019-12-19T09:30:00-05:00,34480,true,true,,34476,2,4,false,false,false,true,false,false,94.20289855072463768115942029,8619.625,2.210571622172200312107318244,,c78bce49615be0e0fbbe,6a18e1c4f495d75f7442,,WIDTH_EXCEEDS_MAXIMUM,,2019-12-19,2,2019-12-19,INSIDE_VALUE,2.416105428381295167206773206,1.25,5,2019,2.153059216866976245192230547008849333636,POC_BROAD_DISTRIBUTION,8620.25,6a18e1c4f495d75f7442-Z0034476,8619,400,2.344944774851316907391673747,6252.227056277056277056277057,1.976875549928362392562186351
false,3.130003969158297679241114157,26964,26940,25,72e6777d760308a8b761fa05fa8dc2be7bb649b0,NQH9,0.07987210318689421170807718175,3.714052798190580844425588951,2.356227044013379245388276862,0,5.95047168742361877225175004,2.356227044013379245388276862,full_overnight,2019-01-18T09:30:00-05:00,26958,true,true,,26940,12,4,true,false,false,true,false,false,99.33774834437086092715231788,6738.125,4.649502236922504603333070167,,35ef28b505fd9e8c1804,6a427d6782763aec3730,,WIDTH_EXCEEDS_MAXIMUM,,2019-01-18,2,2019-01-18,INSIDE_VALUE,1.517569960550990022453466453,4.75,19,2019,4.042176655976922132851683073095982659501,POC_BROAD_DISTRIBUTION,6739.75,6a427d6782763aec3730-Z0026940,6735,1958,4.752885573738867633347265537,19342.5096276272746860982155,3.437741528725992906814034002
false,2.950521360534409395875085881,30364,30345,20,72e6777d760308a8b761fa05fa8dc2be7bb649b0,NQU9,0.1694615760753001772898735853,2.245365882997727349090825006,8.515444197783833908816147663,0,2.414827459073027526380698591,11.73521414321453727732374578,full_overnight,2019-08-28T09:30:00-04:00,30364,true,true,2.073353486678519820428699132,30345,11,4,true,false,false,true,false,false,98.73015873015873015873015873,7588.375,2.775489026100606443440454858,1.338647289974126353401682278,c1e89f12978eb7e5b354,6adcf07ff33479a306fa,2.073353486678519820428699132,WIDTH_EXCEEDS_MAXIMUM,,2019-08-28,2,2019-08-28,INSIDE_VALUE,1.694615760753001772898735853,5,20,2019,2.457435629664012700706996032051163628165,POC_BROAD_DISTRIBUTION,7591.25,6adcf07ff33479a306fa-Z0030345,7586.25,1747,2.768412315122245698762450951,22942.97090994688368102929175,2.181391059761810409631102233
false,1.750457315784218340401359706,26264,26250,15,72e6777d760308a8b761fa05fa8dc2be7bb649b0,NQH9,0.5712792828381492461054313824,4.213184710931350690027556445,3.213445965964589509343051526,0,4.356004531640888001553914291,4.0703648902218133785011986,midnight,2019-01-10T09:30:00-05:00,26264,true,true,,26251,7,4,true,false,false,true,false,false,98.85714285714285714285714286,6564.375,3.235198211495202164736998589,1.109035106056542214383027113,304f48dede3e473bf19c,6afc985ccd62ebbf02b8,2.917128767004298279273898844,WIDTH_EXCEEDS_MAXIMUM,2.917128767004298279273898844,2019-01-10,2,2019-01-10,INSIDE_VALUE,1.999477489933522361369009838,3.5,14,2019,3.007499884717924300350838617612202740483,POC_BROAD_DISTRIBUTION,6566.25,6afc985ccd62ebbf02b8-Z0026251,6562.75,1316,3.020011015237745548008077841,14727.69276909228868233885849,2.995040584600738746469418241
false,1.623358623394939269548918206,29377,29365,13,72e6777d760308a8b761fa05fa8dc2be7bb649b0,NQM9,26.18029028676331814918203492,33.95737651900771559938022764,2.079023052184145853023279243,0,16.2471801485501768514041452,12.39713745932027712358325771,full_overnight,2019-05-23T09:30:00-04:00,29377,true,true,,29365,6,4,false,false,false,true,false,false,99.57894736842105263157894737,7342.875,4.047146916507392839200668559,1.23141860204771684034081964,5a8bc434ab789d95d0f0,6b6c6d3de6b5df043d60,3.286572827288317972260480509,WIDTH_EXCEEDS_MAXIMUM,3.286572827288317972260480509,2019-05-23,2,2019-05-23,INSIDE_VALUE,2.002022198399547858466861494,3.25,13,2019,3.63434551140297280784516628844433484243,POC_BROAD_DISTRIBUTION,7344.5,6b6c6d3de6b5df043d60-Z0029365,7341.25,714,3.005929431784945092929883805,16945.08013741140062267424283,4.394137519193736277805006809
false,1.406444871184817729774513956,30002,29992,11,72e6777d760308a8b761fa05fa8dc2be7bb649b0,NQM9,2.488544038737564524359251056,5.599224087159520179808314877,3.11068004842195565544906382,0,5.599224087159520179808314877,3.643939485294290910668903332,opening_hour_rth,2019-04-02T10:30:00-04:00,30002,true,true,,29992,5,4,false,false,false,true,false,false,98.24561403508771929824561404,7499.375,2.001727536189113102742735642,,9936fc0d6d72f99819e8,6be54e3fc5a32cc47471,,WIDTH_EXCEEDS_MAXIMUM,,2019-04-02,2,2019-04-02,INSIDE_VALUE,1.955284601865229269139411544,2.75,11,2019,1.891466523530794452314188994862980892907,POC_BROAD_DISTRIBUTION,7500.75,6be54e3fc5a32cc47471-Z0029992,7498,182,1.899478165339192529524855809,16572.70118374166328130522504,1.883488673321393044883599052
true,3.096993415326035022229302466,29892,29879,14,72e6777d760308a8b761fa05fa8dc2be7bb649b0,NQM9,0.6457876177917060955965490222,4.560875050653924300150627469,8.919941470747940445427333369,0.08072345222396326194956862777,6.498237904029042586940274536,9.162111827419830231276039252,opening_hour_rth,2019-03-22T10:30:00-04:00,29888,true,true,1.992194764459650774188987191,29879,12,4,false,false,false,true,false,false,99.30795847750865051903114187,7470.875,2.084966527676851685719912984,1.046567617219074304435849766,e07d83a2b016c9f898c9,6c031c673cfb54abc0e1,1.992194764459650774188987191,,1.328329070826906124564147528,2019-03-22,2,2019-03-22,INSIDE_VALUE,0.8072345222396326194956862777,2.5,10,2019,1.888709325566069574046608027160334061855,POC_HVN_ZONE,7472.25,6c031c673cfb54abc0e1-Z0029879,7469.75,123,1.977030033370411568409343715,8423.680962244237368970084578,1.804334206496038155106175743
false,2.66044127069228650757703604,26431,26418,14,72e6777d760308a8b761fa05fa8dc2be7bb649b0,NQH9,9.396937371030418215354634479,10.75949328982982885658105648,2.866065898164277555683163516,0,6.154993978024923931057285584,10.28964642127830794581332475,prior_rth,2019-01-09T16:00:00-05:00,26431,true,true,2.281803126044379421009372818,26418,10,4,false,false,false,true,false,false,99.70501474926253687315634218,6605.375,2.349869930800417611078706949,1.029830270622003845887700259,93d589af929aec622d9d,6c7487b9e8c8cc532fc1,2.281803126044379421009372818,WIDTH_EXCEEDS_MAXIMUM,,2019-01-10,2,2019-01-09,INSIDE_VALUE,1.315571231944258550149648827,3.5,14,2019,2.205864794713498004156384984136921072329,POC_BROAD_DISTRIBUTION,6608,6c7487b9e8c8cc532fc1-Z0026418,6604.5,792,2.161843567322092854727281511,35668.07594938995620720145218,2.25078241835222564830830206
false,2.801843368165274050550926853,27524,27506,19,72e6777d760308a8b761fa05fa8dc2be7bb649b0,NQH9,4.99671043680346567705757641,9.770353443392490922103653872,5.576685755361010800287473671,0,10.9303040805075811685634484,3.881373285731263517000081675,prior_rth,2019-02-01T16:00:00-05:00,27521,true,true,,27507,11,4,false,false,false,true,false,false,99.6268656716417910447761194,6879.375,1.726848623885255831266764396,1.761761872700411017830758643,2a97ca24b5b7b83a7ad0,6c85d1444b1568bdfa46,0.980182765130658374857503172,WIDTH_EXCEEDS_MAXIMUM,0.980182765130658374857503172,2019-02-04,2,2019-02-01,INSIDE_VALUE,1.338404581286642592068993681,3.75,15,2019,1.511029956528293718934915395256590994028,POC_BROAD_DISTRIBUTION,6880.5,6c85d1444b1568bdfa46-Z0027507,6876.75,500,1.329760841520293738215738811,33404.79737912989487666545425,1.717009147987497473522505132
false,1.589500008853029504400360799,32272,32261,12,72e6777d760308a8b761fa05fa8dc2be7bb649b0,NQZ9,0,13.13306063776824579475224952,4.639823818133691628086124082,0,15.64957525099329888117184224,4.639823818133691628086124082,prior_rth,2019-10-29T16:00:00-04:00,32272,true,true,,32262,6,4,true,false,false,true,false,false,99.59839357429718875502008032,8066.875,2.139228626004709100012317909,1.176445349660226344069395734,a8fb65b2b47679269422,6cdd3c91ac34760f4b51,1.81838334149779915899734195,WIDTH_EXCEEDS_MAXIMUM,1.81838334149779915899734195,2019-10-30,2,2019-10-29,INSIDE_VALUE,1.730103796592223996913469997,2.75,11,2019,1.922920076801018723701639682856006994393,POC_BROAD_DISTRIBUTION,8068.25,6cdd3c91ac34760f4b51-Z0032262,8065.5,458,2.127093669563919871675308688,21626.43698282306134232202732,1.738344518942832098057207309
false,1.38988595471190696029740666,27783,27773,11,72e6777d760308a8b761fa05fa8dc2be7bb649b0,NQH9,0,9.443220830820271288901441473,18.43676447922052965928376669,0,13.40038003611638497186966457,22.75366543045265367706728279,prior_rth,2019-02-04T16:00:00-05:00,27783,true,true,,27773,5,4,true,false,false,true,false,false,99.72144846796657381615598886,6944.625,4.947653368373401097827469816,,e19830b490198318f25b,6d70f8c64c184c97881d,,WIDTH_EXCEEDS_MAXIMUM,,2019-02-05,2,2019-02-04,INSIDE_VALUE,1.978579602648056841484111547,2.75,11,2019,4.448641851569719125351462090644493687395,POC_BROAD_DISTRIBUTION,6946,6d70f8c64c184c97881d-Z0027773,6943.25,702,4.932341716410607691554946667,33442.41323796004775948240748,4.012376972522425703664725502
false,1.63599040648066528570313029,31476,31464,13,72e6777d760308a8b761fa05fa8dc2be7bb649b0,NQZ9,0,9.397976870215655019340242981,3.285471588774578583996995514,0,8.786726342071547375805918234,2.827033692666497851346251954,full_overnight,2019-09-17T09:30:00-04:00,31476,true,true,,31464,6,4,true,false,false,true,false,false,99.47643979057591623036649215,7867.625,3.065062116797040962682694014,,3765ac5632bbebedf72e,6d8c9bff1f1d19e35abe,,WIDTH_EXCEEDS_MAXIMUM,,2019-09-17,2,2019-09-17,INSIDE_VALUE,1.986564216468349841486555427,3.25,13,2019,2.749806199024861184289636379714461488067,POC_BROAD_DISTRIBUTION,7869.25,6d8c9bff1f1d19e35abe-Z0031464,7866,1266,2.864253393665158371040723983,14486.79950958578268375382202,2.639931979802871310766349438
false,1.286948691563542711931525287,29469,29459,11,72e6777d760308a8b761fa05fa8dc2be7bb649b0,NQM9,0.5827738160165563766670368775,12.14112116701159118056326828,7.478930638879140167226973262,0,16.41479581779967127612153872,7.478930638879140167226973262,full_overnight,2019-03-19T09:30:00-04:00,29466,true,true,,29459,5,4,true,false,false,true,false,false,97.43589743589743589743589744,7366.125,3.276049044582191968673124031,,be7a118126fca1388d6a,6e1c7b13793bc3cf297b,,WIDTH_EXCEEDS_MAXIMUM,,2019-03-19,2,2019-03-19,INSIDE_VALUE,1.55406350937748367111209834,2,8,2019,3.156950315987933019064423772095584778713,POC_BROAD_DISTRIBUTION,7366.75,6e1c7b13793bc3cf297b-Z0029459,7364.75,728,3.871284428688301063539678211,7262.785808635808635808635808,2.574426002842984592421079007
true,3.062455094112725960638603087,33792,33780,13,72e6777d760308a8b761fa05fa8dc2be7bb649b0,NQZ9,0.7347046506332150359595514674,2.571466277216252625858430136,6.571524930663756710527099236,0,2.653100127286609852076158077,6.734792630804471162962555118,full_overnight,2019-12-02T09:30:00-05:00,33791,true,true,2.538736405821383673951734431,33780,12,4,false,false,false,true,false,false,99.49748743718592964824120603,8446.625,3.272652721709029179939897938,1.289087246003467603708643564,db46c3416cb26f062402,6e48456bec25eb9c421d,2.538736405821383673951734431,,2.239213707618565750101201892,2019-12-02,2,2019-12-02,INSIDE_VALUE,0.9796062008442867146127352899,3,12,2019,2.773751336560467473880674473312347785262,POC_HVN_ZONE,8448,6e48456bec25eb9c421d-Z0033780,8445,761,2.855184766214177978883861237,14424.47824675324675324675326,2.694640489859578863870806061
false,2.180298823711373446730082687,33289,33275,15,72e6777d760308a8b761fa05fa8dc2be7bb649b0,NQZ9,0.114663181615831041193434071,1.891942496661212179691662172,16.68349292510341649364465733,0,1.777279315045381138498228101,16.33950338025592337006435512,prior_rth,2019-11-18T16:00:00-05:00,33286,true,true,,33278,8,4,true,false,false,true,false,false,99.62406015037593984962406015,8320.875,2.212047174562208786758496344,2.220780691694776293870277573,badc37a2693edabccb7c,6e83da60cae789617a9b,0.996067366235113214788184561,WIDTH_EXCEEDS_MAXIMUM,0.996067366235113214788184561,2019-11-19,2,2019-11-18,INSIDE_VALUE,1.031968634542479370740906639,2.25,9,2019,1.945386067347621410187621636234603332034,POC_BROAD_DISTRIBUTION,8321.75,6e83da60cae789617a9b-Z0033278,8319.5,291,2.189579090291921249151391717,14758.92508741258741258741258,1.728426695253871695091635414
false,1.508760369134190701614468953,30242,30230,13,72e6777d760308a8b761fa05fa8dc2be7bb649b0,NQZ9,0,14.00156077278374001100404289,1.905537856651041539959130098,0,13.50446394061390308753644374,2.568333632877490771249262306,midnight,2019-10-03T09:30:00-04:00,30242,true,true,,30231,6,4,true,false,false,true,false,false,98.89502762430939226519337017,7559.125,2.134966564912294121254776483,,ca11777c31fe26490800,6eb28b20ff7681085ff8,,WIDTH_EXCEEDS_MAXIMUM,,2019-10-03,2,2019-10-03,INSIDE_VALUE,1.988387328679347693870396624,3,12,2019,1.910017468307760477006938437836255565961,POC_BROAD_DISTRIBUTION,7560.75,6eb28b20ff7681085ff8-Z0030231,7557.75,737,1.810196493513542854041144222,11139.65780361522386020972641,2.015342943328651024622535623
false,0.2814451253936739321420217181,34937,34935,3,72e6777d760308a8b761fa05fa8dc2be7bb649b0,NQH0,54.18463005414971612999910402,4.885499431111859651065492985,76.83558196203197451221184422,0,32.42195077010597768434372617,53.74049374223045616172042283,midnight,2019-12-23T09:30:00-05:00,34937,false,true,,34935,1,4,false,false,false,true,false,false,95.93495934959349593495934959,8734.125,2.082138288802968809379736868,,7a2d650689f02dc4c923,6eda577a90715666817f,,BASIN_TOO_NARROW,,2019-12-23,2,2019-12-23,INSIDE_VALUE,2.664817871515559809672087083,0.75,3,2019,2.174208368696040965262796624917932186462,POC_HVN_ZONE,8734.5,6eda577a90715666817f-Z0034935,8733.75,99,2.127358490566037735849056604,2093.750754147812971342383107,2.222090001036972764160222287
false,1.891096881598569237907013145,31604,31591,14,72e6777d760308a8b761fa05fa8dc2be7bb649b0,NQZ9,1.982976142835196967042825823,1.652480119029330805869021519,12.22835288081704796343075924,0,2.710067395208102521625195291,19.76366222359079643819349737,midnight,2019-09-19T09:30:00-04:00,31601,true,true,1.968240310668223742578497733,31591,7,4,false,false,false,true,false,false,95.91836734693877551020408163,7899.375,2.68405503542245468826425538,1.363682585340003328861421769,c28819f8032837a90f4e,6f805781f9087264c721,1.968240310668223742578497733,WIDTH_EXCEEDS_MAXIMUM,,2019-09-19,2,2019-09-19,INSIDE_VALUE,1.454182504745811109164738937,2.75,11,2019,2.332394999159241830923195757209830171771,POC_BROAD_DISTRIBUTION,7900.5,6f805781f9087264c721-Z0031591,7897.75,350,2.341982052282481467030823254,5744.577179842446203073938742,2.322847191250327489233153548
false,1.628368753186019523647812426,32784,32773,12,72e6777d760308a8b761fa05fa8dc2be7bb649b0,NQZ9,0,3.454377264974095450890591758,8.367269375159475647712766703,0,3.914960900303974844342670659,7.906685739829596254260687802,prior_rth,2019-11-06T16:00:00-05:00,32784,true,true,,32773,6,4,true,false,false,true,false,false,99.5024875621890547263681592,8194.875,3.256532509312295960419676087,1.136021354180961316610507261,ad6e032cc9d7f9723163,6febcdfb0e2a6b0704a7,2.866612055598340512027952377,WIDTH_EXCEEDS_MAXIMUM,2.866612055598340512027952377,2019-11-07,2,2019-11-06,INSIDE_VALUE,1.842334541319517573808315604,3,12,2019,3.073653518903030295923081905230520100088,POC_BROAD_DISTRIBUTION,8196.25,6febcdfb0e2a6b0704a7-Z0032773,8193.25,853,3.207846879209699146834306242,43654.25822551865498209164486,2.945073848597310602258863117
false,0.510234571236447325562854075,28383,28379,5,72e6777d760308a8b761fa05fa8dc2be7bb649b0,NQH9,1.469912158602916777440426596,14.45413622626201497816419486,22.29366773881090445784647004,0,27.19337493415396038264789203,21.80369701927659886536632784,midnight,2019-03-07T09:30:00-05:00,28383,true,true,,28379,2,4,false,false,false,true,false,false,96.93251533742331288343558282,7095.375,2.387041719201769696454844304,,acf9538bdda01f64e08b,6ff4f7137f72730761ad,,WIDTH_EXCEEDS_MAXIMUM,,2019-03-07,2,2019-03-07,INSIDE_VALUE,2.449853597671527962400710994,1.25,5,2019,2.335564528323542613502202738495766869803,POC_BROAD_DISTRIBUTION,7096,6ff4f7137f72730761ad-Z0028379,7094.75,249,2.578589580686149936467598475,3971.453961827646038172353962,2.115443925943290429143144654
false,1.831739226454306645699146062,31551,31537,15,72e6777d760308a8b761fa05fa8dc2be7bb649b0,NQZ9,0,4.708639677218351878236744567,7.574768176394739978033023869,0,5.118086605672121606779070182,7.847732795363919797061240945,prior_rth,2019-10-23T16:00:00-04:00,31551,true,true,,31537,7,4,true,false,false,true,false,false,99.45652173913043478260869565,7886.125,1.950552256282660266237164717,,3cef7802ff624c6893d7,70389e34728de4daeae5,,WIDTH_EXCEEDS_MAXIMUM,,2019-10-24,2,2019-10-23,INSIDE_VALUE,2.047234642268848642711628073,3.75,15,2019,1.736562611421612800954760608635910571077,POC_BROAD_DISTRIBUTION,7888,70389e34728de4daeae5-Z0031537,7884.25,742,1.842110234095662146663968158,30507.81750435666844335574987,1.63706256421071837711541891
false,1.92421197631854637174461112,29903,29894,10,72e6777d760308a8b761fa05fa8dc2be7bb649b0,NQM9,0,5.391817599976550642993572536,3.832737812031523951043623851,0,7.210744019245748450268512669,4.48235439034195173935610247,prior_rth,2019-06-12T16:00:00-04:00,29903,true,true,,29894,7,4,true,false,false,true,false,false,99.02912621359223300970873786,7475.375,2.531506069256570098672755507,1.044461854917807467472271172,ee053cbe34c75c40c289,70f7231fe8ce6f7bf357,2.42374200392007958219668951,WIDTH_EXCEEDS_MAXIMUM,2.42374200392007958219668951,2019-06-13,2,2019-06-12,INSIDE_VALUE,1.299233156620855576624957238,2.5,10,2019,2.394547153845245856142624711075510071989,POC_BROAD_DISTRIBUTION,7476,70f7231fe8ce6f7bf357-Z0029894,7473.5,726,2.632564689315261397641260342,29558.35136959349951538068007,2.178049449367856583370624902
false,2.143520933225968907188579613,30941,30930,12,72e6777d760308a8b761fa05fa8dc2be7bb649b0,NQU9,0,4.257014642850724636832478377,6.123103253415425847498770269,0,4.956797871812487590832337836,6.239733791575719673165413512,opening_hour_rth,2019-08-30T10:30:00-04:00,30941,true,true,,30930,8,4,true,false,false,true,false,false,99.5024875621890547263681592,7734.625,2.81126763129034008447786895,1.047936599982620580962817693,bdd1a4e6b6576cbdae8e,7123e75efaa38a534259,2.682669573080054006250689376,WIDTH_EXCEEDS_MAXIMUM,2.682669573080054006250689376,2019-08-30,2,2019-08-30,INSIDE_VALUE,1.399566457923525907999718919,3,12,2019,2.653359352926481578450558859751168181701,POC_BROAD_DISTRIBUTION,7735.5,7123e75efaa38a534259-Z0030930,7732.5,235,2.720283344851416724257083621,12102.95215217557188885808459,2.588081814744552906145447685
false,2.169768435291274818917314836,31536,31520,17,72e6777d760308a8b761fa05fa8dc2be7bb649b0,NQZ9,0,3.16854088582825375429902364,6.164252268793148212909009627,0,3.16854088582825375429902364,8.007766966002314033592077927,opening_hour_rth,2019-10-11T10:30:00-04:00,31536,true,true,,31520,8,4,true,false,false,true,false,false,99.01960784313725490196078431,7882.125,2.438150186367955614109383594,,bab178f09f2744484611,718cee0e7be3b718dbde,,WIDTH_EXCEEDS_MAXIMUM,,2019-10-11,2,2019-10-11,INSIDE_VALUE,1.958734365784738684475760068,4.25,17,2019,2.220319125691676728038689391132229514828,POC_BROAD_DISTRIBUTION,7884.25,718cee0e7be3b718dbde-Z0031520,7880,239,2.370247933884297520661157025,15764.40488282222586678518105,2.079873986783062981302880274
false,2.903037617745300910621732807,31303,31285,19,72e6777d760308a8b761fa05fa8dc2be7bb649b0,NQU9,0,4.951709861467319088863805335,8.654727670912444668361955411,0,5.554526714167688369247225114,8.138027511454985285176167028,full_overnight,2019-07-01T09:30:00-04:00,31300,true,true,,31289,11,4,true,false,false,true,false,false,99.64664310954063604240282686,7824.125,3.357842561907885775807839234,1.621481275350470205778115363,6833faccdba2e63cf102,71dc9ac9f8d572e4c40f,2.070848805319762307382832884,WIDTH_EXCEEDS_MAXIMUM,2.070848805319762307382832884,2019-07-01,2,2019-07-01,INSIDE_VALUE,1.033400318914918766371576765,3,12,2019,2.885584553687316157618513833454287117012,POC_BROAD_DISTRIBUTION,7825.25,71dc9ac9f8d572e4c40f-Z0031289,7822.25,892,3.114187021959042684431285466,10569.16806783137956339502404,2.673763058469369519361094546
false,0.7990617002838441363305182408,31762,31756,7,72e6777d760308a8b761fa05fa8dc2be7bb649b0,NQZ9,0,3.285103014032011260488772542,8.603841227226696158422975705,0,4.223703875184014477771278983,9.542442088378699375705482146,midnight,2019-10-25T09:30:00-04:00,31762,true,true,,31756,3,4,true,false,false,true,false,false,98.03921568627450980392156863,7939.875,2.77390221209161358628080563,,3e1499d99100ae0ac5e8,71facac37d67b58b9fef,,WIDTH_EXCEEDS_MAXIMUM,,2019-10-25,2,2019-10-25,INSIDE_VALUE,2.190068676021340840325848361,1.75,7,2019,2.655794225159097219182168206757211185195,POC_BROAD_DISTRIBUTION,7940.75,71facac37d67b58b9fef-Z0031756,7939,535,2.809266409266409266409266409,7554.813816738816738816738817,2.510706333554972622879126814
false,2.087644680835047816566285242,33255,33239,17,72e6777d760308a8b761fa05fa8dc2be7bb649b0,NQZ9,0.2395043584715778397692657369,23.65105539906831167721499152,6.047485051407340454173959858,0.2395043584715778397692657369,25.32758590836935655559985168,6.047485051407340454173959858,opening_hour_rth,2019-12-02T10:30:00-05:00,33255,true,true,,33239,8,4,true,false,false,true,false,false,99.56236323851203501094091904,8311.875,3.28412736958123831628483323,,798a1101473fb4435324,72631ab0b35cbbdaaaab,,WIDTH_EXCEEDS_MAXIMUM,,2019-12-02,2,2019-12-02,INSIDE_VALUE,2.035787047008411638038758764,4.25,17,2019,2.814250855779942307298028337657294420922,POC_BROAD_DISTRIBUTION,8314,72631ab0b35cbbdaaaab-Z0033239,8309.75,187,2.936331775700934579439252337,15433.45619752874777942487469,2.697245571770426026004271506
false,1.577246758234516674586313882,28369,28357,13,72e6777d760308a8b761fa05fa8dc2be7bb649b0,NQH9,0,1.981300632691078236640463963,4.358861391920372120609020718,0,2.13980468330636449557170108,4.517365442535658379540257835,opening_hour_rth,2019-02-20T10:30:00-05:00,28369,true,true,,28357,6,4,true,false,false,true,false,false,98.93617021276595744680851064,7090.875,2.193338241663965337831764109,,2ea7946a0d168137e2c3,73505371dd7efb26b422,,WIDTH_EXCEEDS_MAXIMUM,,2019-02-20,2,2019-02-20,INSIDE_VALUE,2.060552657998721366106082521,3.25,13,2019,2.043555376527185458861343591438497031606,POC_BROAD_DISTRIBUTION,7092.5,73505371dd7efb26b422-Z0028357,7089.25,278,2.096093687334563246972006097,19494.69078939200422576381656,1.992333931525554479810082845
false,1.167102119273504298001960965,28980,28972,9,72e6777d760308a8b761fa05fa8dc2be7bb649b0,NQM9,0,5.248041194383812250832424941,7.175893061708477975628009613,0,5.033835431347738281410693311,5.890658483492034159097619832,midnight,2019-05-30T09:30:00-04:00,28980,true,true,,28972,4,4,true,false,false,true,false,false,97.11538461538461538461538462,7244.125,1.947892094698175744168120802,,48d8b198da0101497ebd,7398794d29a55ec2a47d,,WIDTH_EXCEEDS_MAXIMUM,,2019-05-30,2,2019-05-30,INSIDE_VALUE,1.927851867324665724795584672,2.25,9,2019,1.890035612092407360604208433249820479992,POC_BROAD_DISTRIBUTION,7245.25,7398794d29a55ec2a47d-Z0028972,7243,651,1.872707659115426105717367853,9781.635819751616715563584633,1.907523898665991889088798888
true,4.211357251771601169337598388,26727,26708,20,72e6777d760308a8b761fa05fa8dc2be7bb649b0,NQH9,0.2968164240813717895860858729,1.09822076910107562146851773,3.828931870649696085660507761,0,1.157584053917349979385734904,4.481928003628714022749896681,opening_hour_rth,2019-01-28T10:30:00-05:00,26722,true,true,2.629357348312473314818557462,26708,16,4,false,false,false,true,false,false,98.55072463768115942028985507,6677.875,2.704590443390448842346325351,1.028612731215960536893406809,22db75ee7a7cabe5309f,73bc227c29d192caea04,2.629357348312473314818557462,,,2019-01-28,2,2019-01-28,INSIDE_VALUE,0.8904492722441153687582576188,3.75,15,2019,2.493743753529106045549137263292705017654,POC_HVN_ZONE,6680.75,73bc227c29d192caea04-Z0026708,6677,312,2.564383561643835616438356165,22416.24679853885783104335719,2.425049825338550963989262723
false,1.825909096785170900547793096,31195,31181,15,72e6777d760308a8b761fa05fa8dc2be7bb649b0,NQU9,20.67463274402072423318622717,12.52800593429070375719562772,26.08289760090031765842368395,0,12.52800593429070375719562772,21.56460037869711302468099854,full_overnight,2019-06-20T09:30:00-04:00,31192,true,true,2.969332309684953389243409356,31181,7,4,false,false,false,true,false,false,99.80506822612085769980506823,7797.125,3.302708047768271564597990547,1.112272963519764950791607922,860de973e6ea52a84969,7402e44138a70f3020ad,2.969332309684953389243409356,WIDTH_EXCEEDS_MAXIMUM,,2019-06-20,2,2019-06-20,INSIDE_VALUE,1.643017171710256230451885603,3,12,2019,3.027208935743313586658146081319864550123,POC_BROAD_DISTRIBUTION,7798.25,7402e44138a70f3020ad-Z0031181,7795.25,478,3.211456859971711456859971711,6867.900111000111000111000112,2.853531696117782364392855112
false,1.591264658819971928634639945,30951,30939,13,72e6777d760308a8b761fa05fa8dc2be7bb649b0,NQU9,0,6.991294589706984299543866521,6.362863615351300317562395373,0,7.148402333295905295039234308,7.619725564062668281525337669,midnight,2019-06-25T09:30:00-04:00,30951,true,true,,30939,6,4,true,false,false,true,false,false,98.82352941176470588235294118,7736.375,2.30753137800008422003278265,,911842258830e961157e,742e80b4fafe9aceaa9f,,WIDTH_EXCEEDS_MAXIMUM,,2019-06-25,2,2019-06-25,INSIDE_VALUE,2.042400666655972941439781231,3.25,13,2019,2.19674969430379449981583105868835784188,POC_BROAD_DISTRIBUTION,7738,742e80b4fafe9aceaa9f-Z0030939,7734.75,726,2.427472808449540743071809295,7046.286778438952351995830255,1.987956035028074906423545992
true,2.49559595315819572894133974,31434,31426,9,72e6777d760308a8b761fa05fa8dc2be7bb649b0,NQU9,2.003529455027550366205643351,4.457853037436299564807556457,4.157323619182167009876709954,0,5.659970710452829784530942468,4.357676564684922046497274289,prior_rth,2019-09-05T16:00:00-04:00,31434,true,true,2.428480745074256066574937257,31426,9,4,false,false,false,true,false,false,97.87878787878787878787878788,7857.875,3.210864532159140170939600343,1.030093553933307462840914656,c5c5ca071b309ecd29e6,745847ce6a81e0d95449,3.117061086246759372752323106,,3.117061086246759372752323106,2019-09-06,2,2019-09-05,INSIDE_VALUE,0.9015882547623976647925395081,2.25,9,2019,2.894727623492230209807395924105495906627,POC_HVN_ZONE,7858.75,745847ce6a81e0d95449-Z0031426,7856.5,422,3.134792004321988114532685035,21268.15124790840037314467319,2.67304752680755063149586223
false,1.282695487711267595873494507,30601,30591,11,72e6777d760308a8b761fa05fa8dc2be7bb649b0,NQM9,19.10040242186842798892717334,1.071961360410983203460198504,25.4347195515696923730101645,0,7.113925391818343077508590072,20.17236378227941119238737185,prior_rth,2019-04-15T16:00:00-04:00,30599,true,true,,30591,5,4,false,false,false,true,false,false,96.68049792531120331950207469,7649.125,2.263851214121416234088088873,,d52b50613457f17b3269,745d6dece889262f721f,,WIDTH_EXCEEDS_MAXIMUM,,2019-04-16,2,2019-04-15,INSIDE_VALUE,1.754118589763427060207597552,2.25,9,2019,2.07747582761599599975022270652049616338,POC_BROAD_DISTRIBUTION,7650,745d6dece889262f721f-Z0030591,7647.75,235,1.894273864472539969228710951,22175.36262609939080527315822,2.278395904242985636694199249
false,2.481766341057412906254154298,31657,31639,19,72e6777d760308a8b761fa05fa8dc2be7bb649b0,NQU9,0,12.03779723568620800945943282,6.09444964651895886671377143,0,12.44073605529076727337439292,3.676816728891603283224010863,prior_rth,2019-07-11T16:00:00-04:00,31654,true,true,,31639,9,4,true,false,false,true,false,false,99.6062992125984251968503937,7912.125,2.418111690733365297515297501,,e78b3fbb47a3fd14ecc2,74c3420721e6edb5bb69,,WIDTH_EXCEEDS_MAXIMUM,,2019-07-12,2,2019-07-11,INSIDE_VALUE,1.611755278418237055659840378,4,16,2019,2.090263442472984224014571605799083207757,POC_BROAD_DISTRIBUTION,7913.75,74c3420721e6edb5bb69-Z0031639,7909.75,720,2.330750407830342577487765089,37251.37887988364028207883372,1.874589936468670876797357178
false,2.465695004175717285665388292,26315,26301,15,72e6777d760308a8b761fa05fa8dc2be7bb649b0,NQH9,11.86278106191738234602721572,3.396608252771216312751382279,27.52773554111597698244776981,0,3.903564708408711284803827395,13.83991123890361273703175167,opening_hour_rth,2019-01-08T10:30:00-05:00,26315,false,true,1.729130519199512377260869544,26301,9,4,false,false,false,true,false,false,99.35483870967741935483870968,6576.625,2.141743886393373089901828598,1.238624766963732087196307162,b0f75a6fe6a9173ac5f1,75f67d0688311528b1a3,1.729130519199512377260869544,WIDTH_EXCEEDS_MAXIMUM,,2019-01-08,2,2019-01-08,INSIDE_VALUE,1.520869366912484916157335349,3.75,15,2019,1.89916825915541087922895103366841454203,POC_BROAD_DISTRIBUTION,6579,75f67d0688311528b1a3-Z0026301,6575.25,165,1.814795103778605641298563066,12221.94239978255681605816138,1.98746407739008713666327276
false,2.528830068612255862201094976,30674,30654,21,72e6777d760308a8b761fa05fa8dc2be7bb649b0,NQU9,0,10.33086419062416329893424286,12.90122274522921828240113582,0,10.82516391266359694960095304,14.08754207812385904400124026,prior_rth,2019-08-09T16:00:00-04:00,30674,true,true,,30654,10,4,true,false,false,true,false,false,99.5943204868154158215010142,7666.125,2.411525121830858826803928143,,ad7fe08ad81cca5f540d,76057265615182df68d0,,WIDTH_EXCEEDS_MAXIMUM,,2019-08-12,2,2019-08-09,INSIDE_VALUE,2.076058832565621332800182775,5.25,21,2019,2.175832931567899865216016064858879616865,POC_BROAD_DISTRIBUTION,7668.75,76057265615182df68d0-Z0030654,7663.5,990,2.374724488753302485804784773,39219.64524438451007114684837,1.993599244256236410790187397
false,1.606983293133367872001880003,28478,28466,13,72e6777d760308a8b761fa05fa8dc2be7bb649b0,NQH9,0,4.74491553993223793373350643,8.011906567426565691386084628,0,9.25647457790059531334897156,9.412045579209849016094332426,full_overnight,2019-02-25T09:30:00-05:00,28476,true,true,,28466,6,4,true,false,false,true,false,false,99.51690821256038647342995169,7118.125,3.53324822571929018558315583,,492116ffea22cd65675c,76345939436028a07132,,WIDTH_EXCEEDS_MAXIMUM,,2019-02-25,2,2019-02-25,INSIDE_VALUE,1.711281014401790730198969532,2.75,11,2019,3.117395923678008934463062412609246609724,POC_BROAD_DISTRIBUTION,7119.25,76345939436028a07132-Z0028466,7116.5,844,3.434806542938030827304183706,10315.07556362479340656490849,2.829317233293623941313881378
true,3.398594467148544392114042377,30598,30583,16,72e6777d760308a8b761fa05fa8dc2be7bb649b0,NQZ9,0,8.937518228082368553977090734,2.758493280272335973449719362,0,9.158197690504155431853068283,2.758493280272335973449719362,opening_hour_rth,2019-10-08T10:30:00-04:00,30594,true,true,2.022593456386587480007026683,30583,13,4,true,false,false,true,false,false,99.63369963369963369963369963,7647.375,2.188258201534150132833027532,1.081907090436022056001169741,371e6105ee7dfb22dafc,764af0b1d7d69f5cd02b,2.022593456386587480007026683,,1.132702304108376668912468754,2019-10-08,2,2019-10-08,INSIDE_VALUE,0.882717849687147511503910196,3,12,2019,2.047575322464968612794381101427023964643,POC_HVN_ZONE,7648.75,764af0b1d7d69f5cd02b-Z0030583,7645.75,168,2.044943820224719101123595506,10039.36121831998542875697671,2.050210211010490646441425315
false,2.087644680835047816566285242,33272,33259,14,72e6777d760308a8b761fa05fa8dc2be7bb649b0,NQZ9,0,8.322776456887329931981984359,10.71782004160310832967464173,0,7.963519919179963172328085753,12.03509401319678644840560328,prior_rth,2019-12-02T16:00:00-05:00,33270,true,true,3.71063711139385248569227384,33259,8,4,true,false,false,true,false,false,99.81751824817518248175182482,8316.125,4.14769683274941055587903029,1.117785627706230286752455458,1e042905a903dede3d2d,772bac014f6cb12a01c4,3.71063711139385248569227384,WIDTH_EXCEEDS_MAXIMUM,,2019-12-03,2,2019-12-02,INSIDE_VALUE,1.437026150829467038615594422,3,12,2019,3.849811498977048881302443652512751320298,POC_BROAD_DISTRIBUTION,8317.75,772bac014f6cb12a01c4-Z0033259,8314.75,547,3.7710849436392914653784219,39089.35648328766460267168432,3.930181578819817238712353603
false,1.123744074346178210410703632,30750,30742,9,72e6777d760308a8b761fa05fa8dc2be7bb649b0,NQU9,0,13.01452913868238436061641562,40.82335208458491504569422677,0,13.01452913868238436061641562,32.59194049259776596291119467,midnight,2019-08-29T09:30:00-04:00,30750,true,true,,30742,4,4,true,false,false,true,false,false,99.82300884955752212389380531,7686.625,7.613026146510801583144867117,,72550c9a3530c14cb2d4,774c0a98314d23b736cb,,WIDTH_EXCEEDS_MAXIMUM,,2019-08-29,2,2019-08-29,INSIDE_VALUE,2.002235252104982209325602403,2.25,9,2019,6.925811735608753364000757990840101086599,POC_BROAD_DISTRIBUTION,7687.75,774c0a98314d23b736cb-Z0030742,7685.5,683,6.322209115632884432648514044,14342.89396414894473823970935,7.587042332796075447012959244
false,0.3800516028759859924964441504,28764,28762,3,72e6777d760308a8b761fa05fa8dc2be7bb649b0,NQH9,13.81391358507996816156983624,20.72087037761995224235475436,8.880373018979979532437751867,0,14.14281628948663407017864186,13.48501088067330225296103061,midnight,2019-03-04T09:30:00-05:00,28764,true,true,,28762,1,4,false,false,false,true,false,false,96.96969696969696969696969697,7190.875,2.037115762002438364532924843,,776c617698e173da136d,7805ebb7abd385099f3d,,BASIN_TOO_NARROW,,2019-03-04,2,2019-03-04,INSIDE_VALUE,1.973416226439995451652833748,0.75,3,2019,2.098248728178019194849898594208585803423,POC_HVN_ZONE,7191.25,7805ebb7abd385099f3d-Z0028762,7190.5,138,1.732217573221757322175732218,3176.107192807192807192807193,2.54162513610352981806495556
false,0.6180586164305482889363293379,33665,33661,5,72e6777d760308a8b761fa05fa8dc2be7bb649b0,NQZ9,4.04492378803512219653875425,9.101078523079024942212197062,8.292093765472000502904446212,0,10.71904803829307382082769876,7.078616629061463843942819937,midnight,2019-11-27T09:30:00-05:00,33665,true,true,,33661,2,4,false,false,false,true,false,false,96.47058823529411764705882353,8415.875,1.853990712478621335263427826,,f4dbd7e6898166d88cf8,7876255ab84af5050647,,WIDTH_EXCEEDS_MAXIMUM,,2019-11-27,2,2019-11-27,INSIDE_VALUE,2.022461894017561098269377125,1.25,5,2019,1.800730709912268999392620559548313141468,POC_BROAD_DISTRIBUTION,8416.5,7876255ab84af5050647-Z0033661,8415.25,225,1.755392381826525929325378613,4537.582160894660894660894662,1.84724003772143095402752004
false,1.849316908118637045724150211,29993,29979,15,72e6777d760308a8b761fa05fa8dc2be7bb649b0,NQM9,0,1.419443032438657329389295012,16.28979861036744839918190942,0,3.176848691648423546728422169,16.42498366107589195436184228,prior_rth,2019-04-01T16:00:00-04:00,29989,true,true,,29979,7,4,true,false,false,true,false,false,99.59349593495934959349593496,7496.625,2.876750469424729783135405711,,e5fb16cc593bae4e9bf2,78bc36a5956e05f6f9ad,,WIDTH_EXCEEDS_MAXIMUM,,2019-04-02,2,2019-04-01,INSIDE_VALUE,1.487035557792879106979261441,2.75,11,2019,2.583620493670280069238663435690615791284,POC_BROAD_DISTRIBUTION,7497.5,78bc36a5956e05f6f9ad-Z0029979,7494.75,601,2.944904788463070671659628716,29721.85138333888333888333888,2.266658970253756945414523628
false,1.264527249549990127655167437,30019,30009,11,72e6777d760308a8b761fa05fa8dc2be7bb649b0,NQM9,2.767832801741166183475589356,11.367884721436932539274742,11.96099175038146815001951115,0,5.832219117954600172323563286,10.97248003547390879877822923,midnight,2019-03-22T09:30:00-04:00,30019,true,true,,30009,5,4,false,false,false,true,false,false,98.5436893203883495145631068,7503.625,2.534314307079168236845713513,,6f2f88e849b855fed286,78ff3cfc087409ed06ba,,WIDTH_EXCEEDS_MAXIMUM,,2019-03-22,2,2019-03-22,INSIDE_VALUE,2.174725772796630572730820208,2.75,11,2019,2.429517186522202963048136470499537495449,POC_BROAD_DISTRIBUTION,7505,78ff3cfc087409ed06ba-Z0030009,7502.25,604,2.459507007452212931664986459,11226.03561318872868206560493,2.399893044306134019335099553
false,1.280680588103548594623100993,30574,30564,11,72e6777d760308a8b761fa05fa8dc2be7bb649b0,NQZ9,0.1952087056853136379920605371,19.03284880431807970422590237,6.344282934772693234741967456,0,16.10471821903837513434499431,6.149074229087379596749906919,midnight,2019-10-02T09:30:00-04:00,30574,true,true,,30564,5,4,true,false,false,true,false,false,99.71910112359550561797752809,7642.375,3.741066913474001036969586862,,3d7af5f817ff76c23c64,78ff5ff9ea72c1b99826,,WIDTH_EXCEEDS_MAXIMUM,,2019-10-02,2,2019-10-02,INSIDE_VALUE,2.147295762538450017912665908,2.75,11,2019,3.423728661792686389660017780416063729839,POC_BROAD_DISTRIBUTION,7643.75,78ff5ff9ea72c1b99826-Z0030564,7641,564,3.16399565073512031390346523,9800.317128706465473840300358,3.704783205646087962060487407
true,3.642663297700867476164805272,29422,29401,22,72e6777d760308a8b761fa05fa8dc2be7bb649b0,NQM9,0.1372622060116245171862831007,1.201044302601714525379977131,7.926892397171315867507849066,0,1.201044302601714525379977131,8.338679015206189419066698368,prior_rth,2019-03-15T16:00:00-04:00,29413,true,true,2.898016426297224351175723688,29401,14,4,true,false,false,true,false,false,99.25373134328358208955223881,7352.375,3.184213022549363432794375163,1.098756029695045760505931307,96fdce84f486b8ef8692,799869e98a5b470439ec,2.898016426297224351175723688,,0.9550078660533605218450278408,2019-03-18,2,2019-03-15,INSIDE_VALUE,0.8922043390755593617108401546,3.25,13,2019,2.963458849084191681611962721634086171741,POC_HVN_ZONE,7353.5,799869e98a5b470439ec-Z0029401,7350.25,670,3.392020553120749584403808372,39702.73868240313253100976887,2.589043377740045213963026524
false,1.065617262394542714448089776,31982,31974,9,72e6777d760308a8b761fa05fa8dc2be7bb649b0,NQU9,0,2.697966804272298709770308818,5.747842322145332033858484003,0,2.463360995205142300225064573,6.217053940279644852948972493,midnight,2019-07-31T09:30:00-04:00,31982,true,true,,31974,4,4,true,false,false,true,false,false,98.88888888888888888888888889,7994.625,2.793216454644349351479826146,,f2c1de0e2e2fb6627931,7a022301129e406cdf66,,WIDTH_EXCEEDS_MAXIMUM,,2019-07-31,2,2019-07-31,INSIDE_VALUE,2.111452281604407685907198205,2.25,9,2019,2.734179814714909911748631466450420153678,POC_BROAD_DISTRIBUTION,7995.75,7a022301129e406cdf66-Z0031974,7993.5,947,2.85843646242076667672804105,14535.45118143505240279433828,2.615324621511218900067353682
false,2.382001276182041837715400088,31722,31704,19,72e6777d760308a8b761fa05fa8dc2be7bb649b0,NQZ9,0.5247688204447754962287813028,11.07262211138476297042728549,7.714101660538199794563085152,0,11.59739093182953846665606679,7.39924036827133449682581637,prior_rth,2019-09-19T16:00:00-04:00,31722,true,true,,31705,9,4,true,false,false,true,false,false,97.71863117870722433460076046,7928.375,2.657715715770571881776022572,,42c1cccfd8df2e477811,7a1ec2249358c269dd2b,,WIDTH_EXCEEDS_MAXIMUM,,2019-09-20,2,2019-09-19,INSIDE_VALUE,1.88916775360119178642361269,4.5,18,2019,2.440419479024703887811273154071977167101,POC_BROAD_DISTRIBUTION,7930.75,7a1ec2249358c269dd2b-Z0031705,7926.25,933,2.657860531617599272112822513,40226.76757059367622700507343,2.240767400228688231229298521
false,1.502962328554031734558337745,25708,25696,13,72e6777d760308a8b761fa05fa8dc2be7bb649b0,NQH9,0,15.3862805212477104179366803,8.899091977154081160644458337,0,11.56050266191044188158485709,8.233739305964990980409358648,midnight,2019-01-07T09:30:00-05:00,25706,true,true,,25696,6,4,true,false,false,true,false,false,99.22779922779922779922779923,6425.625,2.850132726555689578328333797,,e1beb26fdf91f024bd12,7ae4e8e6fa2df217b9d7,,WIDTH_EXCEEDS_MAXIMUM,,2019-01-07,2,2019-01-07,INSIDE_VALUE,1.829719845769997995646524144,2.75,11,2019,2.556136862266860151635151985351936543473,POC_BROAD_DISTRIBUTION,6426.75,7ae4e8e6fa2df217b9d7-Z0025696,6424,638,2.317137127872898349529538794,9217.277557705452442294547558,2.819788082476346606845245851
false,1.457430077056672693763834521,28281,28271,11,72e6777d760308a8b761fa05fa8dc2be7bb649b0,NQH9,0,4.031068174374960774061552699,3.859533358444111379420635563,0,5.746416333683454720470724061,2.830324462859015011575132746,full_overnight,2019-02-20T09:30:00-05:00,28281,true,true,,28271,5,4,true,false,false,true,false,false,99.0990990990990990990990991,7069.125,2.329191358646779158531422227,1.376620880303924242132492386,4f9b3ef27bd76b6dfb0f,7b23a05c713d418e5f3e,1.691962828671137574283486591,WIDTH_EXCEEDS_MAXIMUM,1.691962828671137574283486591,2019-02-20,2,2019-02-20,INSIDE_VALUE,1.886882975239343341050088497,2.75,11,2019,2.006515993775640455564308833990649144246,POC_BROAD_DISTRIBUTION,7070.5,7b23a05c713d418e5f3e-Z0028271,7067.75,998,2.065366544857931240211798047,12254.25079172035693774824209,1.949342330203371554404372224
false,0.8113379176487792328009866229,32072,32066,7,72e6777d760308a8b761fa05fa8dc2be7bb649b0,NQU9,4.930128264671543961424320056,11.86312113686590265717727013,9.398057004530130676465110106,0,16.17698336845350362342355018,9.70619002107210217405413011,midnight,2019-07-25T09:30:00-04:00,32072,true,true,,32066,3,4,false,false,false,true,false,false,93.68421052631578947368421053,8017.375,2.102325608486159691691992166,1.211913283823063792911821196,3bde83a5874e777c6fdb,7b2654c425402875cc4f,1.734716201685840912684225567,WIDTH_EXCEEDS_MAXIMUM,1.734716201685840912684225567,2019-07-25,2,2019-07-25,INSIDE_VALUE,2.156931115793800483123140024,1.75,7,2019,1.975644533264054547902089840051479928886,POC_BROAD_DISTRIBUTION,8018.25,7b2654c425402875cc4f-Z0032066,8016.5,240,1.847500202576776598330767361,4960.298904798904798904798906,2.112677073795308435385907503
false,1.197893880626107837368032441,26966,26958,9,72e6777d760308a8b761fa05fa8dc2be7bb649b0,NQH9,0.626098865792681563044604721,5.530539981168687140227341702,11.79152863909550277067338891,0,5.530539981168687140227341702,9.078433553993882664146768454,full_overnight,2019-01-22T09:30:00-05:00,26966,true,true,2.831199467754252518576064243,26958,4,4,true,false,false,true,false,false,98.24561403508771929824561404,6740.625,3.329360845132523221540844586,1.175954178803734855481335886,f0fed3d9fb83a8cdf6b3,7b26c9a0f1a92425cdf7,2.831199467754252518576064243,WIDTH_EXCEEDS_MAXIMUM,,2019-01-22,2,2019-01-22,INSIDE_VALUE,1.878296597378044689133814163,2.25,9,2019,3.195941949156243000144217515747976061416,POC_BROAD_DISTRIBUTION,6741.75,7b26c9a0f1a92425cdf7-Z0026958,6739.5,684,2.755287009063444108761329304,12584.67729304745433777691843,3.707071135884491768200547282
false,1.705833403234387584214573393,29403,29391,13,72e6777d760308a8b761fa05fa8dc2be7bb649b0,NQM9,0,7.107962581228679235740248002,11.06497267799516045976059225,0,7.107962581228679235740248002,11.2115286075050301347243087,prior_rth,2019-03-18T16:00:00-04:00,29403,true,true,,29393,6,4,true,false,false,true,false,false,99.13419913419913419913419913,7349.375,2.422308421297802795272311446,,2aaf203ab600593ba522,7b39c7509a7066543541,,WIDTH_EXCEEDS_MAXIMUM,,2019-03-19,2,2019-03-18,INSIDE_VALUE,1.61211522460856642460088099,2.75,11,2019,2.253235268837644914391474898698756140932,POC_BROAD_DISTRIBUTION,7351,7b39c7509a7066543541-Z0029393,7348.25,465,2.33668341708542713567839196,31447.5983673103642143889822,2.172767239075348250013715113
false,0.7622333606099812819677650858,29898,29892,7,72e6777d760308a8b761fa05fa8dc2be7bb649b0,NQM9,0,3.443827226217611170516453127,8.03559686117442606453839063,0,3.443827226217611170516453127,9.019547497236600684685948666,midnight,2019-04-01T09:30:00-04:00,29898,true,true,,29892,3,4,true,false,false,true,false,false,99.07407407407407407407407407,7473.875,3.112226985093884376486132774,,5b88c324ea4fb986adc6,7bb4bea3b83cde2e031a,,WIDTH_EXCEEDS_MAXIMUM,,2019-04-01,2,2019-04-01,INSIDE_VALUE,2.295884817478407447010968751,1.75,7,2019,2.989197936363566657506080747672680624338,POC_BROAD_DISTRIBUTION,7474.75,7bb4bea3b83cde2e031a-Z0029892,7473,633,2.963072122052704576976421637,12620.76405495089705616021405,3.015554105571403974445587022
false,1.484326832527940842902721415,34450,34440,11,72e6777d760308a8b761fa05fa8dc2be7bb649b0,NQH0,0.5052795540471926780710610477,2.442184511228097944010128397,5.305435317495523119746141001,0,2.442184511228097944010128397,6.989700497652832046649677826,prior_rth,2019-12-16T16:00:00-05:00,34449,true,true,,34440,5,4,true,false,false,true,false,false,97.28260869565217391304347826,8611.375,4.852675430790653154426862847,,e6f351bcf86fcd1859db,7c17b8694d91ddb9a322,,WIDTH_EXCEEDS_MAXIMUM,,2019-12-17,2,2019-12-16,INSIDE_VALUE,1.684265180157308926903536826,2.5,10,2019,4.638325108018679593687281063865044571676,POC_BROAD_DISTRIBUTION,8612.5,7c17b8694d91ddb9a322-Z0034440,8610,790,4.995189003436426116838487974,39359.72701881451881451881451,4.306956111745913769095314253
false,1.6168637449329025919518435,30542,30531,12,72e6777d760308a8b761fa05fa8dc2be7bb649b0,NQU9,0,4.097438649831886429638545405,14.14775986640066446460101527,0,7.653706157233146349702188586,12.29231594949565928891563621,midnight,2019-09-03T09:30:00-04:00,30542,true,true,1.890049185327798095215672687,30531,6,4,true,false,false,true,false,false,99.27272727272727272727272727,7634.125,2.255165318777005956898784361,1.193178112127216649386005484,9f14f7845c098d6dc687,7c2c411cb90b0f7b5900,1.890049185327798095215672687,WIDTH_EXCEEDS_MAXIMUM,,2019-09-03,2,2019-09-03,INSIDE_VALUE,1.855443916905005175685379051,3,12,2019,2.099675244210137830692815294995608802576,POC_BROAD_DISTRIBUTION,7635.75,7c2c411cb90b0f7b5900-Z0030531,7632.75,813,2.179093567251461988304093567,9998.311062870524474052975928,2.023151367799965733331985606
false,2.346945496641184251210380238,31019,31008,12,72e6777d760308a8b761fa05fa8dc2be7bb649b0,NQZ9,0,10.38583982239217841226276292,6.018461025283672618388165179,0,9.427146915709823481900046342,8.894539745330737409476314911,prior_rth,2019-10-07T16:00:00-04:00,31019,true,true,2.086131022221010147212038542,31008,9,4,true,false,false,true,false,false,99.33774834437086092715231788,7752.875,2.155586961473357730461116202,1.033294140450680302652042398,b1bfcf332eca9e0f83ab,7c761367d5f8e83b3eb4,2.086131022221010147212038542,WIDTH_EXCEEDS_MAXIMUM,1.886940565990685159483668603,2019-10-08,2,2019-10-07,INSIDE_VALUE,1.278257208909806573816955436,3,12,2019,2.066876367543601230995855779354620479793,POC_BROAD_DISTRIBUTION,7755,7c761367d5f8e83b3eb4-Z0031008,7752,582,2.128615026885627089085888679,23589.67547663516041823594456,2.006928385242377604218009877
false,2.174230733492571645234457948,30498,30485,14,72e6777d760308a8b761fa05fa8dc2be7bb649b0,NQU9,55.0769511971895466415074341,62.60835057801609216346721893,21.67433256924891344869342657,0,49.15531656951676657462302313,12.47567683694168227683414739,full_overnight,2019-08-14T09:30:00-04:00,30498,false,true,,30485,8,4,false,false,false,true,false,false,92.84671532846715328467153285,7623.375,2.346913658204166075901260679,1.117850706940837793243342058,561696e2e09a6a3658d9,7ce22c86ae31bb056222,2.09948756451283113360861436,WIDTH_EXCEEDS_MAXIMUM,2.09948756451283113360861436,2019-08-14,2,2019-08-14,INSIDE_VALUE,1.609764753153765455075373857,3.5,14,2019,2.175869552115754854445051170287344449304,POC_BROAD_DISTRIBUTION,7624.75,7ce22c86ae31bb056222-Z0030485,7621.25,412,1.81461620565050216684027108,10051.1538264995984686773468,2.609041125656225871169822204
false,0.5432532356867500618428718212,35343,35339,5,72e6777d760308a8b761fa05fa8dc2be7bb649b0,NQH0,16.56685944745954112894513153,0.690285810310814213706047147,24.62019390108570695551568158,0,12.65523985569826058461086436,15.41638309694151743943505295,midnight,2019-12-27T09:30:00-05:00,35343,false,true,,35339,2,4,false,true,false,true,false,false,90.90909090909090909090909091,8835.375,1.850061572230694262239767568,,52986e1bfed949d6caca,7d2bca7ca7d14e1fedf6,,WIDTH_EXCEEDS_MAXIMUM,,2019-12-27,2,2019-12-27,INSIDE_VALUE,2.300952701036047379020157157,1.25,5,2019,1.637911712493771097420957282193192281856,POC_BROAD_DISTRIBUTION,8836,7d2bca7ca7d14e1fedf6-Z0035339,8834.75,184,1.519662130455185358986391365,4504.182395382395382395382395,1.765362658027617386263416773
false,1.582397177412304994296600363,28268,28256,13,72e6777d760308a8b761fa05fa8dc2be7bb649b0,NQH9,0.157988148341382371790704913,15.71982075996754599317513884,9.084318529629486377965532495,0,14.92988001826063413422161427,9.084318529629486377965532495,full_overnight,2019-02-21T09:30:00-05:00,28268,true,true,,28256,6,4,true,false,false,true,false,false,99.25650557620817843866171004,7065.625,3.00315532190967366310426921,,ee6ddfc223dd38c6730f,7deb2cc3c002cf862300,,WIDTH_EXCEEDS_MAXIMUM,,2019-02-21,2,2019-02-21,INSIDE_VALUE,2.053845928437970833279163868,3.25,13,2019,2.7202376519785723673998524475055761437,POC_BROAD_DISTRIBUTION,7067.25,7deb2cc3c002cf862300-Z0028256,7064,806,2.718057366362451108213820079,12319.25269702491064720166888,2.722419686507511543675933908
false,2.66044127069228650757703604,26388,26368,21,72e6777d760308a8b761fa05fa8dc2be7bb649b0,NQH9,0,5.403238988342490473828914826,1.738433413640627369840607379,0,5.403238988342490473828914826,2.208280282192148280608339103,opening_hour_rth,2019-01-09T10:30:00-05:00,26388,true,true,,26368,10,4,true,false,false,true,false,false,97.81420765027322404371584699,6594.625,1.966884442407491995980130209,,bee38aab14805129e891,7e218ee42c509b11ef93,,WIDTH_EXCEEDS_MAXIMUM,,2019-01-09,2,2019-01-09,INSIDE_VALUE,1.973356847916387825224473241,5.25,21,2019,1.780704147043025618576159882513078281461,POC_BROAD_DISTRIBUTION,6597.25,7e218ee42c509b11ef93-Z0026368,6592,470,1.849916118208801135630403923,23630.69482637187134811578677,1.714081642991732239306628497
false,1.711687481822584066201264526,31380,31368,13,72e6777d760308a8b761fa05fa8dc2be7bb649b0,NQM9,0,7.66787169935054921304213541,6.499434107068560761530952871,0,8.690254592597289108114420131,6.937598204174306430847646323,prior_rth,2019-04-25T16:00:00-04:00,31378,true,true,,31368,6,4,true,false,false,true,false,false,99.65635738831615120274914089,7843.625,3.59840841444812640395290646,,a5a54da31ed419cb1408,7e3218a8ac7ea1e44a9c,,WIDTH_EXCEEDS_MAXIMUM,,2019-04-26,2,2019-04-25,INSIDE_VALUE,1.606601689387734120827875991,2.75,11,2019,3.25820193965227579061317443949065394679,POC_BROAD_DISTRIBUTION,7844.75,7e3218a8ac7ea1e44a9c-Z0031368,7842,632,3.406534785507890642364969992,44221.28391863390561409972755,3.116328042418946959797018834
false,1.509443038968357830564246279,30628,30619,10,72e6777d760308a8b761fa05fa8dc2be7bb649b0,NQU9,0,16.81083641111940715907821566,6.542148159992281603779207078,0,17.97020443947246972177326501,7.039020172143594130648513945,prior_rth,2019-06-19T16:00:00-04:00,30628,true,true,3.225163090268027386887352122,30619,6,4,true,false,false,true,false,false,99.70059880239520958083832335,7655.625,3.297055756672005195839049798,1.022291172381612231667825095,3250e20b753b0107e7d8,7f1d70f3ff6d4f86589c,3.225163090268027386887352122,WIDTH_EXCEEDS_MAXIMUM,,2019-06-20,2,2019-06-19,INSIDE_VALUE,1.656240040504375089564356222,2.5,10,2019,3.041259336931664919018089079993265407547,POC_BROAD_DISTRIBUTION,7657.25,7f1d70f3ff6d4f86589c-Z0030619,7654.75,630,3.21743119266055045871559633,27390.36082380730823364339511,2.874733848410804926575065509
false,2.44356854093911423741419855,28619,28609,11,72e6777d760308a8b761fa05fa8dc2be7bb649b0,NQM9,0.1023093871980852224677750306,2.915817535145428840331588373,4.450458343116707177348213832,0,2.813508147947343617863813342,5.064314666305218512154864016,opening_hour_rth,2019-05-31T10:30:00-04:00,28619,true,true,1.721955289199918392709214876,28609,9,4,true,false,false,true,false,false,98,7153.375,1.944011038219904248879344307,1.11217089090191823206444183,56f1a0492f349a4237eb,7f32a9dd9e9d3a98ee77,1.747942743442424410122694958,WIDTH_EXCEEDS_MAXIMUM,1.747942743442424410122694958,2019-05-31,2,2019-05-31,INSIDE_VALUE,1.125403259178937447145525337,2.75,11,2019,1.83017557942556760449999991050912356837,POC_BROAD_DISTRIBUTION,7155,7f32a9dd9e9d3a98ee77-Z0028609,7152.25,216,1.895401895401895401895401896,13738.80150246123611051431819,1.767193891517917373329035216
false,3.545888464597944705117154188,28804,28784,21,72e6777d760308a8b761fa05fa8dc2be7bb649b0,NQM9,0.1410083833690728247867790579,3.771974255122698063046339798,6.169116772396936084421583782,0.1410083833690728247867790579,4.829537130390744248947182732,5.252562280497962723307519906,opening_hour_rth,2019-06-05T10:30:00-04:00,28804,true,true,1.640236302116596511807124627,28784,14,4,true,false,false,true,false,false,99.27797833935018050541516245,7198.125,1.998187311562058933299476424,1.218231366409556155160681867,691a84734bd0fe7976d2,7fa89eb38fdbe19e4f0f,1.640236302116596511807124627,WIDTH_EXCEEDS_MAXIMUM,1.551346411031041058750218704,2019-06-05,2,2019-06-05,INSIDE_VALUE,1.480588025375264660261180108,5.25,21,2019,1.778845516031789206276196437027962528501,POC_BROAD_DISTRIBUTION,7201.25,7fa89eb38fdbe19e4f0f-Z0028784,7196,278,1.832559910520930011184883748,17522.35235347136253344185152,1.726705550928978735612413886
false,2.140628895942558650723664752,33321,33308,14,72e6777d760308a8b761fa05fa8dc2be7bb649b0,NQZ9,0.1167881086132495459587481174,2.510944335184865238113084525,2.160580009345116600236840172,0,2.510944335184865238113084525,2.394156226571615692154336407,opening_hour_rth,2019-11-20T10:30:00-05:00,33321,true,true,1.503814864921484687971402579,33308,8,4,true,false,false,true,false,false,97.72727272727272727272727273,8328.375,1.884745821384275317973346259,1.253309742674128522787202666,b2e608c19f5e817de0c4,7fd6961b142db1114187,1.503814864921484687971402579,WIDTH_EXCEEDS_MAXIMUM,,2019-11-20,2,2019-11-20,INSIDE_VALUE,1.635033520585493643422473644,3.5,14,2019,1.678042698558593843564059738903244751106,POC_BROAD_DISTRIBUTION,8330.5,7fd6961b142db1114187-Z0033308,8327,292,1.761447765286536879627090759,18910.01125968452109824477458,1.598586886127590474889324537
false,2.410538482103851477605996529,31190,31178,13,72e6777d760308a8b761fa05fa8dc2be7bb649b0,NQM9,0,2.644637307111594374424310598,2.437214773220488933292992119,0,2.748348574057147094989969837,2.852059841002699815555629076,opening_hour_rth,2019-04-30T10:30:00-04:00,31188,true,true,2.542914147735062713561927717,31178,9,4,true,false,false,true,false,false,99.2,7795.375,2.74379376366412911385546198,1.078995830869078691902385403,c4c6340320bfad0943f6,7fe8f997d1e4ac5ee5e7,2.542914147735062713561927717,WIDTH_EXCEEDS_MAXIMUM,,2019-04-30,2,2019-04-30,INSIDE_VALUE,1.14082393640107992622225163,2.75,11,2019,2.535929757543241543280856334263157132547,POC_BROAD_DISTRIBUTION,7797.25,7fe8f997d1e4ac5ee5e7-Z0031178,7794.5,297,2.726171243941841680129240711,20670.24248877807179340767073,2.358963968050173307455524948
false,1.897772370222002373931399301,28504,28490,15,72e6777d760308a8b761fa05fa8dc2be7bb649b0,NQH9,0.1317333964403512067488873209,5.862136141595628700325485779,5.335202555834223873329936495,0,6.389069727357033527321035062,5.993869538035979907074373099,prior_rth,2019-02-26T16:00:00-05:00,28504,true,true,,28493,7,4,true,false,false,true,false,false,99.16666666666666666666666667,7124.375,2.862390218041598972189854816,,03239811de558b851850,803620f3bb4f3f4cb52d,,WIDTH_EXCEEDS_MAXIMUM,,2019-02-27,2,2019-02-26,INSIDE_VALUE,1.58080075728421448098664785,3,12,2019,2.689606693014957386516764984428988556485,POC_BROAD_DISTRIBUTION,7126.25,803620f3bb4f3f4cb52d-Z0028493,7123.25,739,3.126057529610829103214890016,31712.19861855980277032908611,2.314091821595948815511519388
false,0.9814957944757428426266946975,30999,30993,7,72e6777d760308a8b761fa05fa8dc2be7bb649b0,NQU9,0.5094265332711593596010011862,13.11773323173235350972578055,81.12617542343212801645943891,0,13.11773323173235350972578055,84.43744788969466385386594662,midnight,2019-08-23T09:30:00-04:00,30999,true,true,,30993,3,4,true,false,false,true,false,false,99.38398357289527720739219713,7749.125,3.65605049528327094061724774,,9a9bd59a612270b2112f,805e171ed398327b06aa,,WIDTH_EXCEEDS_MAXIMUM,,2019-08-23,2,2019-08-23,INSIDE_VALUE,1.782992866449057758603504152,1.75,7,2019,3.591124210974600714962999427117451321961,POC_BROAD_DISTRIBUTION,7750,805e171ed398327b06aa-Z0030993,7748.25,404,4.444474564019156049516580826,4983.65921913054265995442466,2.901619283199561806167304455
false,2.654999115535034495178204379,29902,29890,13,72e6777d760308a8b761fa05fa8dc2be7bb649b0,NQM9,0,1.836158803773308113270739248,3.625236612578069864662741593,0,1.647834823899122665755791633,3.813560592452255312177689208,opening_hour_rth,2019-06-14T10:30:00-04:00,29902,true,true,1.509725162112037243483797714,29890,10,4,true,false,false,true,false,false,98.01980198019801980198019802,7473.125,1.602198931589684764631927758,1.061252055538559679704055521,9236bb7ab4b67870ec68,8068e8db45317fae317a,1.509725162112037243483797714,WIDTH_EXCEEDS_MAXIMUM,,2019-06-14,2,2019-06-14,INSIDE_VALUE,1.224105869182205408847159499,3.25,13,2019,1.454583069395482877801069277342541352648,POC_BROAD_DISTRIBUTION,7475.75,8068e8db45317fae317a-Z0029890,7472.5,285,1.482082174853259190608588199,8370.536000438658911991405835,1.427594192596959399176517453
false,0.8048000004043896374385991333,33250,33244,7,72e6777d760308a8b761fa05fa8dc2be7bb649b0,NQZ9,0,25.6274850765861215226344786,7.610586477289211846115693644,0,25.31684889383962307993587886,6.678677929049716518019894422,midnight,2019-12-05T09:30:00-05:00,33250,true,true,,33244,3,4,true,false,false,true,false,false,99.03846153846153846153846154,8311.875,2.630595815976228016316314373,,0684308b871c4b106ecf,80c7ee704ec615e55919,,WIDTH_EXCEEDS_MAXIMUM,,2019-12-05,2,2019-12-05,INSIDE_VALUE,2.174453279225489098890198184,1.75,7,2019,2.490566628840786307925540437498814488713,POC_BROAD_DISTRIBUTION,8312.75,80c7ee704ec615e55919-Z0033244,8311,331,2.64606633613897536415696222,5096.155319190825085049385911,2.344205074520691181346927368
false,1.164320265260970872478582948,34494,34486,9,72e6777d760308a8b761fa05fa8dc2be7bb649b0,NQH0,4.509068644290292775960350659,0.3220763317350209125685964756,9.125496065825592522776900143,0,2.039816767655132446267777679,6.334167857455411280515730687,opening_hour_rth,2019-12-18T10:30:00-05:00,34494,false,true,,34488,4,4,false,true,false,true,false,false,84.88372093023255813953488372,8622.625,1.770568890619551332208873728,,edb7f668627901e1f030,812647ec956a5b9f0624,,WIDTH_EXCEEDS_MAXIMUM,,2019-12-18,2,2019-12-18,INSIDE_VALUE,1.503022881430097591986783553,1.75,7,2019,1.76221580517678907503145350648331491414,POC_BROAD_DISTRIBUTION,8623.75,812647ec956a5b9f0624-Z0034488,8622,86,1.546956703618489855678728299,10064.66154701851296278540861,2.007428221327087160551754933
false,3.741951011781449324326908362,28245,28225,21,72e6777d760308a8b761fa05fa8dc2be7bb649b0,NQH9,4.075414122735897674058484027,0.3006453041362547464469373462,5.378210440659668241995212527,0,3.039858075155464658519033167,3.77476881859964292761154668,opening_hour_rth,2019-02-15T10:30:00-05:00,28241,false,true,2.15458246266673463648523025,28225,14,4,false,true,false,true,false,false,98.95287958115183246073298429,7057.875,2.581842372235960985036661627,1.198302880939820324831942486,f53ce4eb1fe175077962,8198d11d99d8356428d8,2.15458246266673463648523025,WIDTH_EXCEEDS_MAXIMUM,,2019-02-15,2,2019-02-15,INSIDE_VALUE,1.135771148959184597688429975,4.25,17,2019,2.25254244546287570482915762677691583169,POC_BROAD_DISTRIBUTION,7060.5,8198d11d99d8356428d8-Z0028225,7056.25,319,2.226123492875411033978808915,23216.55123745335959040311253,2.279274930097440409972374638
false,1.88113572414022685859101632,28614,28601,14,72e6777d760308a8b761fa05fa8dc2be7bb649b0,NQH9,0,2.192824232225631342309643183,6.977168011627008816439773765,0,2.591519547175746131820487398,7.242964888260418676113669908,opening_hour_rth,2019-03-01T10:30:00-05:00,28612,true,true,2.919543394857464720105301194,28601,7,4,true,false,false,true,false,false,99.41520467836257309941520468,7151.875,3.421056902469395394954154178,1.171778062451582470504829863,a6b7338a77bc50a9078b,81c35edd1ce2984ff497,2.919543394857464720105301194,WIDTH_EXCEEDS_MAXIMUM,,2019-03-01,2,2019-03-01,INSIDE_VALUE,1.594781259800459158043376861,3,12,2019,3.08883610643059740712616317204670440675,POC_BROAD_DISTRIBUTION,7153.25,81c35edd1ce2984ff497-Z0028601,7150.25,261,3.165319148936170212765957446,20332.63731253752454452414071,3.01420111005107646043660864
false,2.642552587556231023058558196,31129,31109,21,72e6777d760308a8b761fa05fa8dc2be7bb649b0,NQZ9,0,2.507045661530861117668334713,4.682972084746325483946512011,0,2.696256654853944975605567521,4.682972084746325483946512011,opening_hour_rth,2019-09-26T10:30:00-04:00,31129,true,true,1.940706163794206241043779274,31111,10,4,true,false,false,true,false,false,99.10313901345291479820627803,7779.875,2.917193593681328799810109966,1.19823795566734497581907655,636e2182fc26b4502fc8,81e1bc7a70685b208915,2.434569510908733539844229153,WIDTH_EXCEEDS_MAXIMUM,2.434569510908733539844229153,2019-09-26,2,2019-09-26,INSIDE_VALUE,1.797504436569296650403711681,4.75,19,2019,2.619112914808662728177665519279904799161,POC_BROAD_DISTRIBUTION,7782.5,81e1bc7a70685b208915-Z0031111,7777.75,350,2.556250614089673468050961255,20987.62598567216517537266664,2.683521100281636447514977725
false,1.891720519761656939346550446,31755,31741,15,72e6777d760308a8b761fa05fa8dc2be7bb649b0,NQZ9,0.132154828045898760032792711,5.484425363904798541360897508,1.651935350573734500409908888,0,5.087960879767102261262519375,1.784090178619633260442701599,full_overnight,2019-10-16T09:30:00-04:00,31755,true,true,,31742,7,4,true,false,false,true,false,false,99.27536231884057971014492754,7937.125,2.86194342391848398460866643,,865d176162bfeba74b98,81eff032a52c2d30aad6,,WIDTH_EXCEEDS_MAXIMUM,,2019-10-16,2,2019-10-16,INSIDE_VALUE,1.850167592642582640459097954,3.5,14,2019,2.581804186775530278836068051773000813337,POC_BROAD_DISTRIBUTION,7939,81eff032a52c2d30aad6-Z0031742,7935.5,1746,2.565296084151353192939122289,26151.9903325484285236607218,2.598418521757809808155721609
false,1.912634502055428509529358485,31348,31334,15,72e6777d760308a8b761fa05fa8dc2be7bb649b0,NQZ9,0,2.548840353324715658709228675,30.91285864416898734793500419,0,3.202389161869514545557748848,29.08292198024355046475914771,opening_hour_rth,2019-10-01T10:30:00-04:00,31346,true,true,,31334,7,4,true,false,false,true,false,false,99.70414201183431952662721893,7835.375,2.054686024387989752633251686,1.483047670345786473382192565,19a60c22bfaf02cd0429,825b4e37d9ad4cc00d08,1.385448401607293200351725822,WIDTH_EXCEEDS_MAXIMUM,1.385448401607293200351725822,2019-10-01,2,2019-10-01,INSIDE_VALUE,1.69922690221647710580615245,3.25,13,2019,1.835057625296272984015612491375768798564,POC_BROAD_DISTRIBUTION,7836.75,825b4e37d9ad4cc00d08-Z0031334,7833.5,130,1.86740331491712707182320442,8192.126901522969634424742785,1.803272202238453812311992549
false,1.819509394566138047157786265,30263,30249,15,72e6777d760308a8b761fa05fa8dc2be7bb649b0,NQU9,0.1373996752897296754222520386,3.641091395177836398689679022,9.824076783215671792691020758,0,4.190690096336755100378687177,12.43467061372053562571380949,opening_hour_rth,2019-06-17T10:30:00-04:00,30263,true,true,,30249,7,4,true,false,false,true,false,false,99.55156950672645739910313901,7564.125,3.185884874640088829050828417,,28729ca70a3b568f0a83,826a66a9024a6b490c6e,,WIDTH_EXCEEDS_MAXIMUM,,2019-06-17,2,2019-06-17,INSIDE_VALUE,2.060995129345945131333780579,3.75,15,2019,2.808134365025168658443040916933814236248,POC_BROAD_DISTRIBUTION,7566,826a66a9024a6b490c6e-Z0030249,7562.25,247,3.017310325938099150917556834,12127.44866656512823560878481,2.613459591559785270211062962
true,3.223466063463673861387807753,29396,29385,12,72e6777d760308a8b761fa05fa8dc2be7bb649b0,NQM9,0,5.235048133830048955361371903,3.683922760843367783402446894,0,6.475948432219393892928511909,2.675691268402025021629145639,opening_hour_rth,2019-03-28T10:30:00-04:00,29396,true,true,1.389398987456512942412760131,29385,12,4,true,false,false,true,false,false,99,7348.125,1.934444601087706874444467458,1.028540895228040442917120509,7fd60ec33bbf784bd55c,82c1c56a66996a586b6d,1.88076585973649224201898051,,1.88076585973649224201898051,2019-03-28,2,2019-03-28,INSIDE_VALUE,0.9306752237920087031753550049,3,12,2019,1.721819201932220495912853682089666657025,POC_HVN_ZONE,7349.25,82c1c56a66996a586b6d-Z0029385,7346.25,162,1.717557251908396946564885497,9832.819613425991644817872818,1.726091727567416176867150608
false,0.7833762555994246614518620383,29396,29390,7,72e6777d760308a8b761fa05fa8dc2be7bb649b0,NQM9,6.063497541632009306808814464,8.456983413328855085812293858,2.074354422137266341803015475,0,8.456983413328855085812293858,3.670011669935163527805335071,midnight,2019-03-18T09:30:00-04:00,29396,true,true,,29390,3,4,false,false,false,true,false,false,96.07843137254901960784313725,7348.375,2.531499749906452035041180122,,810c87a879b982542ba8,82ee03676e548b02c0ca,,WIDTH_EXCEEDS_MAXIMUM,,2019-03-18,2,2019-03-18,INSIDE_VALUE,2.233920146917056060403247434,1.75,7,2019,2.405413870988771312025978030139212548319,POC_BROAD_DISTRIBUTION,7349.25,82ee03676e548b02c0ca-Z0029390,7347.5,394,2.445120467266974933073740569,6019.234093684093684093684094,2.366352074755844195631441979
false,3.043680412270043147541082158,28954,28936,19,72e6777d760308a8b761fa05fa8dc2be7bb649b0,NQM9,0,3.408702161427683866599716552,6.776335622115275156493412423,0,5.297862395471942395076667894,7.761984439877496997437908775,prior_rth,2019-06-06T16:00:00-04:00,28952,true,true,2.470508593564173870046258863,28936,12,4,true,false,false,true,false,false,99.7375328083989501312335958,7235.625,3.196977639913463222999711487,1.29405647413726294775420575,3c4574205ffe9a32c333,82f7e32b334851128bed,2.470508593564173870046258863,WIDTH_EXCEEDS_MAXIMUM,,2019-06-07,2,2019-06-06,INSIDE_VALUE,1.396335825163147608004703166,4.25,17,2019,2.767802932567703769503984801820217429062,POC_BROAD_DISTRIBUTION,7238.25,82f7e32b334851128bed-Z0028936,7234,920,3.080654942389326864766525167,35064.6825003013938365188814,2.486722212254251608215726259
false,1.567921448863779520956323328,31901,31889,13,72e6777d760308a8b761fa05fa8dc2be7bb649b0,NQU9,0,11.55989033323996181832085821,53.17549553290382436427594779,0,12.19767738610837350484890556,51.42158113751569222632381758,prior_rth,2019-07-31T16:00:00-04:00,31901,true,true,,31889,6,4,true,false,false,true,false,false,99.64412811387900355871886121,7973.875,6.640590332969091414502619701,,eab336a54f393226590b,82faab9bb5a151437cbc,,WIDTH_EXCEEDS_MAXIMUM,,2019-08-01,2,2019-07-31,INSIDE_VALUE,2.072807921822337981216153887,3.25,13,2019,6.08817153303785351433706262965718700777,POC_BROAD_DISTRIBUTION,7975.5,82faab9bb5a151437cbc-Z0031889,7972.25,820,5.927965011577051710830975046,43465.79045874440427313573018,6.252707724034228746621604029
false,1.628368753186019523647812426,32785,32773,13,72e6777d760308a8b761fa05fa8dc2be7bb649b0,NQZ9,0,3.300849386530802319739898791,1.612042723654577877082276154,0,3.454377264974095450890591758,1.612042723654577877082276154,opening_hour_rth,2019-11-06T10:30:00-05:00,32785,true,true,,32773,6,4,true,false,false,true,false,false,98.01980198019801980198019802,8194.875,2.988222068054025726244261507,,b4255cf57cd142887608,838792c30c8e11e6a789,,WIDTH_EXCEEDS_MAXIMUM,,2019-11-06,2,2019-11-06,INSIDE_VALUE,1.995862419762810704959008571,3.25,13,2019,2.669321284584097216909993626346465250127,POC_BROAD_DISTRIBUTION,8196.5,838792c30c8e11e6a789-Z0032773,8193.25,335,2.733920491273432449903038138,23383.75163219701582872938372,2.606248478358203291250594807
false,2.770890018380711791973842862,31518,31504,15,72e6777d760308a8b761fa05fa8dc2be7bb649b0,NQZ9,0,2.661599684966889080770162862,2.300704812429005815580988237,0,2.932270839370301529662043831,2.300704812429005815580988237,opening_hour_rth,2019-09-17T10:30:00-04:00,31518,true,true,1.846663291314537482432733411,31504,11,4,true,false,false,true,false,false,97.54098360655737704918032787,7876.875,2.092289242222329490823434053,1.133010685847848568148890089,9b762d15a19e0baa1772,839c9ff1859e733a99e3,1.846663291314537482432733411,WIDTH_EXCEEDS_MAXIMUM,1.631902371893050933698538637,2019-09-17,2,2019-09-17,INSIDE_VALUE,1.353355772017062244459404845,3.75,15,2019,1.901598443851712970928539748884393693652,POC_BROAD_DISTRIBUTION,7879.75,839c9ff1859e733a99e3-Z0031504,7876,313,1.92712591471107746656573303,14629.06995444363065532587744,1.876409119951766745465759395
false,0.6917013151839649469621079396,31499,31495,5,72e6777d760308a8b761fa05fa8dc2be7bb649b0,NQM9,25.66136511577863391440928046,5.240701326461833686745557278,33.07063250836260567842886144,0,6.324984359522902725382569128,21.50494682237786926630073504,midnight,2019-04-25T09:30:00-04:00,31498,false,true,,31495,2,4,false,false,false,true,false,false,95.76271186440677966101694915,7874.375,1.69534602067271855682129379,,b91fc9af3305e5492ccf,83a75835b20a9382a479,,WIDTH_EXCEEDS_MAXIMUM,,2019-04-25,2,2019-04-25,INSIDE_VALUE,1.445710710748092051516015801,1,4,2019,1.75493006734329340931610564251928076946,POC_BROAD_DISTRIBUTION,7874.75,83a75835b20a9382a479-Z0031495,7873.75,146,1.632676269901440485216072782,3576.241365574569908935234013,1.886338154134777076126258823
false,2.092710101900656721904629576,31021,31005,17,72e6777d760308a8b761fa05fa8dc2be7bb649b0,NQU9,0,13.20058615615713671435844932,5.31607315790943514741132122,0,12.48381224722552748099961949,5.31607315790943514741132122,midnight,2019-08-02T09:30:00-04:00,31021,true,true,,31005,8,4,true,false,false,true,false,false,99.05660377358490566037735849,7753.375,2.702897755881419853727663862,,30b5e33be49eb9aac88f,83c700743904299140fc,,WIDTH_EXCEEDS_MAXIMUM,,2019-08-02,2,2019-08-02,INSIDE_VALUE,2.030859408639559494516684511,4.25,17,2019,2.524683059924737926386043599813899620182,POC_BROAD_DISTRIBUTION,7755.5,83c700743904299140fc-Z0031005,7751.25,1240,2.627171153884591553236993064,16813.93787880799705671340283,2.426193110276111464103903525
false,3.64906166972354214700800817,30115,30095,21,72e6777d760308a8b761fa05fa8dc2be7bb649b0,NQU9,0,6.474267123523254127044084075,9.557251468058137044684124111,0,7.433417808489662145865429864,10.79044520587209021174014013,full_overnight,2019-08-15T09:30:00-04:00,30115,true,true,3.43772152581192836580082066,30095,14,4,true,false,false,true,false,false,99.86449864498644986449864499,7525.375,4.193368332801192331925467279,1.219810360238761253225681073,6cae406cb82fda78a785,84102c9422caaaabc909,3.43772152581192836580082066,WIDTH_EXCEEDS_MAXIMUM,,2019-08-15,2,2019-08-15,INSIDE_VALUE,1.438726027449612028232018683,5.25,21,2019,3.679541174879346573367046860422358863431,POC_BROAD_DISTRIBUTION,7529,84102c9422caaaabc909-Z0030095,7523.75,1950,3.923990576532949414305346509,29294.21282227895543984750654,3.450320023345957211851554274
false,2.506389202350395943643895669,31141,31124,18,72e6777d760308a8b761fa05fa8dc2be7bb649b0,NQM9,0.3989803335660073233609400949,5.136871794662344288272103722,6.134322628577362596674453959,0,5.136871794662344288272103722,6.234067711968864427514688983,opening_hour_rth,2019-04-26T10:30:00-04:00,31141,true,true,2.617950419892847914621294959,31124,10,4,true,false,false,true,false,false,98.17518248175182481751824818,7783.375,2.96311362065093276282914221,1.13184481957156862259114897,c0b9b18fee14f0d8e0d5,845835616589e96d0ea1,2.617950419892847914621294959,WIDTH_EXCEEDS_MAXIMUM,2.160582202982005416284824086,2019-04-26,2,2019-04-26,INSIDE_VALUE,1.795411501047032955124230427,4.5,18,2019,2.661291749075260890046450150439182787622,POC_BROAD_DISTRIBUTION,7785.5,845835616589e96d0ea1-Z0031124,7781,280,2.59891598915989159891598916,25689.96726635409831737364565,2.725164569858025700125041117
false,2.290412572845295536861519238,29328,29319,10,72e6777d760308a8b761fa05fa8dc2be7bb649b0,NQM9,1.091506407902023384870186933,12.06114580731735840281556561,18.50103361393929637354966851,0,12.27944708889776307978960299,21.55725155606496185118619192,prior_rth,2019-03-27T16:00:00-04:00,29328,true,true,2.020205820753969913654679417,29319,9,4,false,false,false,true,false,false,99.61165048543689320388349515,7331.125,2.430874951656170239635379834,1.021418600132587801420156086,51d7d0917e84d4fe7662,846040057c2418291870,2.379900807896610091022735496,WIDTH_EXCEEDS_MAXIMUM,2.379900807896610091022735496,2019-03-28,2,2019-03-27,INSIDE_VALUE,1.091506407902023384870186933,2.5,10,2019,2.275956167213718414797596511110903565269,POC_BROAD_DISTRIBUTION,7332.25,846040057c2418291870-Z0029319,7329.75,387,2.4140625,20117.64261482390075414046799,2.145750772847910680591651307
false,0.8341970872585728027620905954,26190,26184,7,72e6777d760308a8b761fa05fa8dc2be7bb649b0,NQH9,0,10.93866202528654898270390474,9.739904543063365532544572717,0,10.93866202528654898270390474,9.140525801951773807464906704,midnight,2019-01-14T09:30:00-05:00,26190,true,true,,26184,3,4,true,false,false,true,false,false,99.29577464788732394366197183,6546.875,2.334409614629445215802378387,,3c5fce562fc369cc6709,846148f7699d3ec4eadc,,WIDTH_EXCEEDS_MAXIMUM,,2019-01-14,2,2019-01-14,INSIDE_VALUE,2.097825593890571037778831047,1.75,7,2019,2.182990580866212645734099239462078962624,POC_BROAD_DISTRIBUTION,6547.75,846148f7699d3ec4eadc-Z0026184,6546,465,2.179495642989173488249273831,5979.252534687534687534687536,2.18649112306313363179127836
false,1.897746249362930377092151431,29570,29556,15,72e6777d760308a8b761fa05fa8dc2be7bb649b0,NQM9,1.317352096382350908757779433,2.173630959030878999450336064,5.730481619263226453096340532,0,3.62271826505146499908389344,5.993952038539696634847896418,prior_rth,2019-03-29T16:00:00-04:00,29570,true,true,2.516863905453470985869242644,29556,7,4,false,false,false,true,false,false,97.52475247524752475247524752,7390.875,2.641920469827146685087538439,1.049687455925887212242510657,bbe622a8c03d684db049,849712fc66edc9961f37,2.516863905453470985869242644,WIDTH_EXCEEDS_MAXIMUM,,2019-04-01,2,2019-03-29,INSIDE_VALUE,1.976028144573526363136669149,3.75,15,2019,2.497873118915994206571328267914774383177,POC_BROAD_DISTRIBUTION,7392.75,849712fc66edc9961f37-Z0029556,7389,1042,2.614058618976651763537009439,52721.35815202031482822975623,2.386851646290050281062661758
false,1.442884918972707845920823302,29349,29339,11,72e6777d760308a8b761fa05fa8dc2be7bb649b0,NQM9,0,5.284551733639837703615141041,9.269623532778075971915083465,0,5.284551733639837703615141041,8.403303576443676348371617721,midnight,2019-03-28T09:30:00-04:00,29349,true,true,,29339,5,4,true,false,false,true,false,false,99.00990099009900990099009901,7336.125,2.363786211865207041258288292,,148c0e35d70cb4712a79,854518816b8dedf321d9,,WIDTH_EXCEEDS_MAXIMUM,,2019-03-28,2,2019-03-28,INSIDE_VALUE,1.905903903935679171795624638,2.75,11,2019,2.240104133364382549075537268832102948102,POC_BROAD_DISTRIBUTION,7337.5,854518816b8dedf321d9-Z0029339,7334.75,574,2.202408540060023553546328305,9975.279964391473679399375995,2.27844491021608145299710526
false,2.019892412708723776930643703,30405,30389,17,72e6777d760308a8b761fa05fa8dc2be7bb649b0,NQM9,0.1237689683010116626542869051,1.547112103762645783178586314,2.784801786772762409721455364,0,2.042187976966692433795733934,3.032339723374785735030029175,prior_rth,2019-04-05T16:00:00-04:00,30405,true,true,,30389,8,4,true,false,false,true,false,false,99.1935483870967741935483871,7599.375,3.340741650704518399369156574,,9f7ca81db0d4ce7f351d,858b16ee7c9124416ffd,,WIDTH_EXCEEDS_MAXIMUM,,2019-04-08,2,2019-04-05,INSIDE_VALUE,2.104072461117198265122877386,4.25,17,2019,2.84653131620202930278505870257950703013,POC_BROAD_DISTRIBUTION,7601.5,858b16ee7c9124416ffd-Z0030389,7597.25,1682,3.027814877184832471981882587,95619.74660895485242799251827,2.676101698018120557036897201
false,2.654999115535034495178204379,29929,29914,16,72e6777d760308a8b761fa05fa8dc2be7bb649b0,NQM9,0,2.495292733332957179573055902,5.131828451571553444782322515,0,2.495292733332957179573055902,5.69680039119410978732716536,prior_rth,2019-06-14T16:00:00-04:00,29925,true,true,2.104751000200879181158909076,29914,10,4,true,false,false,true,false,false,99.47916666666666666666666667,7479.875,2.475000491655498273104679783,1.175911303246456314021480935,52b30bed21c70ee2436f,858eb0baab816319b8b8,2.104751000200879181158909076,WIDTH_EXCEEDS_MAXIMUM,,2019-06-17,2,2019-06-14,INSIDE_VALUE,1.129943879245112685089685691,3,12,2019,2.189795987999653727813383729603940644154,POC_BROAD_DISTRIBUTION,7481.5,858eb0baab816319b8b8-Z0029914,7478.5,766,2.492069947132980886539243595,15998.76597896752290517140398,1.924186146771706016422560296
false,4.094672238346397203177807088,30040,30023,18,72e6777d760308a8b761fa05fa8dc2be7bb649b0,NQM9,21.24712185391773875460672021,25.18516599063525067895193128,1.984285805322777326220455192,0,18.53017667432193595408948156,4.731758458846622854833393149,prior_rth,2019-05-09T16:00:00-04:00,30040,false,true,1.994994958018974618237800984,30023,16,4,false,false,false,true,false,false,97.43119266055045871559633028,7506.625,2.097419369095384439872799968,1.051340686684299706237702604,7d7748e0f92480643e8b,85d389e8fccb78e938a5,1.994994958018974618237800984,WIDTH_EXCEEDS_MAXIMUM,1.766367622280921784300635333,2019-05-10,2,2019-05-09,INSIDE_VALUE,1.098989061409538211445175183,4.5,18,2019,1.91675769013277284945566795021043634417,POC_BROAD_DISTRIBUTION,7510.25,85d389e8fccb78e938a5-Z0030023,7505.75,659,1.797896517891111511583668729,39741.59167451260402426224473,2.043476922127079826524493639
false,1.017066769020903356032647316,29235,29227,9,72e6777d760308a8b761fa05fa8dc2be7bb649b0,NQM9,0.4916098089423701396486545838,17.08344086074736235279074679,12.41314767579484602612852824,0,21.26212423675750853980431075,8.971879013198255048587946154,midnight,2019-06-07T09:30:00-04:00,29235,true,true,,29228,4,4,true,false,false,true,false,false,98.12206572769953051643192488,7307.875,3.23877175508153230817798248,,6b7235beef1511402d4f,85f146e66e92ea18a178,,WIDTH_EXCEEDS_MAXIMUM,,2019-06-07,2,2019-06-07,INSIDE_VALUE,1.966439235769480558594618335,2,8,2019,3.08893333700156822730656188590190577802,POC_BROAD_DISTRIBUTION,7309,85f146e66e92ea18a178-Z0029228,7307,460,3.111661585365853658536585366,9434.518467456046773188640898,3.06637110067282614944210212
false,1.635439152589169186000711336,33320,33308,13,72e6777d760308a8b761fa05fa8dc2be7bb649b0,NQZ9,0.1528641402550555784402734751,4.509492137524139563988067514,31.5664449626689769479164726,0,4.815220418034250720868614464,45.78281000638914574286190578,full_overnight,2019-12-03T09:30:00-05:00,33320,true,true,,33309,6,4,true,false,false,true,false,false,99.81273408239700374531835206,8328.625,4.770055849266640701076233709,,1b6f3b7150da84a611b2,86258e18ac5a51bedbd9,,WIDTH_EXCEEDS_MAXIMUM,,2019-12-03,2,2019-12-03,INSIDE_VALUE,1.834369683060666941283281701,3,12,2019,4.227821492820772110791047841727514877401,POC_BROAD_DISTRIBUTION,8330.25,86258e18ac5a51bedbd9-Z0033309,8327.25,848,5.077502691065662002152852528,13713.5363654319536672477849,3.520327937316323172018196754
false,1.714345713352229096257582308,30699,30691,9,72e6777d760308a8b761fa05fa8dc2be7bb649b0,NQM9,0.7291411471235587781963625628,8.23929496249621419361889696,6.197699750550249614669081784,0,11.73917246868929632896143726,6.197699750550249614669081784,full_overnight,2019-04-18T09:30:00-04:00,30699,true,true,,30691,6,4,false,false,false,true,false,false,99.20318725099601593625498008,7674.375,2.44685084825994669520092795,1.043648257292505499387219592,01aa0fe595f4c16cd8c2,862da6fc3754246fccf7,2.344516776761274890523442712,WIDTH_EXCEEDS_MAXIMUM,2.344516776761274890523442712,2019-04-18,2,2019-04-18,INSIDE_VALUE,1.312454064822405800753452613,2.25,9,2019,2.131004530770385551016084407428060652963,POC_BROAD_DISTRIBUTION,7675,862da6fc3754246fccf7-Z0030691,7672.75,426,2.357742938413706423232122776,6280.802442411389779810832442,1.926071004678408733497193559
false,1.705277511155371787223395992,31305,31293,13,72e6777d760308a8b761fa05fa8dc2be7bb649b0,NQM9,0.4398111129090388627934071334,8.429712997423244870206970056,22.06385749760344961680259119,0,8.429712997423244870206970056,22.79687601911851438812493641,prior_rth,2019-04-23T16:00:00-04:00,31302,true,true,,31293,6,4,true,false,false,true,false,false,99.00249376558603491271820449,7824.875,5.719875258613347125132705542,,e6ca9e6e1506e3658d74,8697b3336f8bd8e5df8a,,WIDTH_EXCEEDS_MAXIMUM,,2019-04-24,2,2019-04-23,INSIDE_VALUE,1.466037043030129542644690445,2.5,10,2019,5.454407197505801985856365103102184913506,POC_BROAD_DISTRIBUTION,7825.75,8697b3336f8bd8e5df8a-Z0031293,7823.25,543,6.119814502529510961214165263,42253.12937880832617674722936,4.8613496150751398846243961
false,2.310540477026359276930203869,29768,29750,19,72e6777d760308a8b761fa05fa8dc2be7bb649b0,NQM9,0,3.300093668912172845299836536,10.22488038400656832396178861,0,6.329687856765970867214440569,7.41168578099947016075537058,full_overnight,2019-05-21T09:30:00-04:00,29768,true,true,,29753,9,4,true,false,false,true,false,false,99.6268656716417910447761194,7439.875,2.822486380012568227909129961,,9e6133ad05ececbff3d7,86ade12d2263c2cd5992,,WIDTH_EXCEEDS_MAXIMUM,,2019-05-21,2,2019-05-21,INSIDE_VALUE,1.731196678773598869665488019,4,16,2019,2.416679624125436994664617214247048299306,POC_BROAD_DISTRIBUTION,7442.25,86ade12d2263c2cd5992-Z0029753,7438.25,1092,2.302782324058919803600654664,19220.08353910675555580657209,2.536210368059795137390181523
false,1.616861094783146924304413273,33544,33532,13,72e6777d760308a8b761fa05fa8dc2be7bb649b0,NQZ9,4.174755655745003007958361408,8.581442181253617294136631783,7.653718702199172181256995915,0,9.354545080465654888202995007,7.962959861883987218883541204,prior_rth,2019-12-11T16:00:00-05:00,33543,true,true,,33532,6,4,false,false,false,true,false,false,99.47368421052631578947368421,8384.625,2.112548888401454524001269863,,13498ae5f06d9cd20a90,874e0aa9a73ce8a7e115,,WIDTH_EXCEEDS_MAXIMUM,,2019-12-12,2,2019-12-11,INSIDE_VALUE,1.855446958108890225759271737,3,12,2019,1.856470612793426657734686951495489090439,POC_BROAD_DISTRIBUTION,8386,874e0aa9a73ce8a7e115-Z0033532,8383,449,1.901355086030132834091111705,23070.13342122772862810813476,1.81264570804686660089047752
false,0.8765289180555414914208587,28966,28960,7,72e6777d760308a8b761fa05fa8dc2be7bb649b0,NQM9,0,10.12516508832128825453334917,20.96336997159477990727327223,0,19.53729038169037311086012446,25.5268246592888816557953451,midnight,2019-03-13T09:30:00-04:00,28966,true,true,,28960,3,4,true,false,false,true,false,false,99.52380952380952380952380952,7240.875,2.878103817525187013183289606,,842e33a09beb2eab5b85,876291b359d28d0a05f9,,WIDTH_EXCEEDS_MAXIMUM,,2019-03-13,2,2019-03-13,INSIDE_VALUE,1.99651142586616951497840688,1.75,7,2019,2.724493062956480726402992812099491150943,POC_BROAD_DISTRIBUTION,7241.75,876291b359d28d0a05f9-Z0028960,7240,291,2.987679671457905544147843943,3805.163186813186813186813188,2.484490730720081929083604931
false,1.786886059466503617633208487,31749,31735,15,72e6777d760308a8b761fa05fa8dc2be7bb649b0,NQU9,0.5596327727233834146659703025,6.365822789728486341825412191,7.904812914717790732156830523,0,10.00343581243047853715421916,7.345180141994407317490860221,full_overnight,2019-07-23T09:30:00-04:00,31747,true,true,,31735,7,4,true,false,false,true,false,false,96.51162790697674418604651163,7935.625,2.317708178778214707564339838,,4107086ee20a55365f0f,8793820458c41753f43f,,WIDTH_EXCEEDS_MAXIMUM,,2019-07-23,2,2019-07-23,INSIDE_VALUE,1.818806511350996097664403483,3.25,13,2019,2.219352346646557374715012537811380006036,POC_BROAD_DISTRIBUTION,7937,8793820458c41753f43f-Z0031735,7933.75,795,2.465071839339474680463665699,9165.323953864171255475603302,1.998126285798386294743317783
false,1.984233042434216775513545359,26907,26893,15,72e6777d760308a8b761fa05fa8dc2be7bb649b0,NQH9,0,3.590808059147727317741552749,7.622592546611842200819787415,0,4.472760915780502448414916583,8.504545403244617331493151248,opening_hour_rth,2019-01-16T10:30:00-05:00,26907,true,true,,26896,7,4,true,false,false,true,false,false,99.02912621359223300970873786,6725.125,3.951624300002973031012968034,,5c8f93351ba2dee49a1e,87bf22487d8a35264d13,,WIDTH_EXCEEDS_MAXIMUM,,2019-01-16,2,2019-01-16,INSIDE_VALUE,1.511919182799043081154338,3,12,2019,3.737177776691559951302651159359741169513,POC_BROAD_DISTRIBUTION,6727,87bf22487d8a35264d13-Z0026896,6724,293,4.105986394557823129251700679,18679.36674285998822646907273,3.401496350087476154431222204
false,2.968521780682247557826635637,31082,31063,20,72e6777d760308a8b761fa05fa8dc2be7bb649b0,NQM9,1.347472006447832265647452925,3.747656517933033488831978447,2.821269513500148806199354561,0,3.326571515918085905817149408,2.652835512694169772993422945,full_overnight,2019-05-02T09:30:00-04:00,31075,true,true,2.479461987213456207780625663,31063,11,4,false,false,false,true,false,false,98.64864864864864864864864865,7768.125,3.351648968654192683157791679,1.351764611007787204878014058,afff9f1d141f10457cd3,88ab654a6c38719c65c2,2.479461987213456207780625663,WIDTH_EXCEEDS_MAXIMUM,1.696015731559389682843536593,2019-05-02,2,2019-05-02,INSIDE_VALUE,1.094821005238863715838555501,3.25,13,2019,3.000353779351049001252613459155137932025,POC_BROAD_DISTRIBUTION,7769,88ab654a6c38719c65c2-Z0031063,7765.75,879,3.042897908902368663163311451,14305.11165892930598812951755,2.958404478483920184752467154
false,1.641118929271388229891523329,33013,33001,13,72e6777d760308a8b761fa05fa8dc2be7bb649b0,NQZ9,0,5.864900969896944566465718868,8.302262411932038412269653983,0,7.23591678104168485473043237,8.759267682313618508357891817,prior_rth,2019-11-14T16:00:00-05:00,33013,true,true,,33001,6,4,true,false,false,true,false,false,99.55156950672645739910313901,8251.875,2.455990783381015530590989294,,34a81fca3ac9ac9e4ba0,88d9473f10032b6dc6ec,,WIDTH_EXCEEDS_MAXIMUM,,2019-11-15,2,2019-11-14,INSIDE_VALUE,1.98035617165351374971569728,3.25,13,2019,2.342274888450533748505529394955098253497,POC_BROAD_DISTRIBUTION,8253.5,88d9473f10032b6dc6ec-Z0033001,8250.25,606,2.463324826831935836675173168,37185.84670452496864368328018,2.22717345000812934091370769
false,1.206294089673812935899858243,30919,30911,9,72e6777d760308a8b761fa05fa8dc2be7bb649b0,NQU9,0.2072463109452862077048126651,22.90071735945412595138179949,5.492027240050084504177535625,0,24.14419522512584319761067548,5.492027240050084504177535625,midnight,2019-08-22T09:30:00-04:00,30919,true,true,,30911,4,4,true,false,false,true,false,false,99.61389961389961389961389961,7728.875,2.94103293095082216151614358,,c098320c3d8a32b5bda9,88f287a8c7cf18f05b3d,,WIDTH_EXCEEDS_MAXIMUM,,2019-08-22,2,2019-08-22,INSIDE_VALUE,1.865216798507575869343313986,2.25,9,2019,2.739267824396384788531335138637774435786,POC_BROAD_DISTRIBUTION,7730,88f287a8c7cf18f05b3d-Z0030911,7727.75,586,3.056139503040554146027143489,9015.424088534222859599869486,2.455250555908191008018083923
false,1.984208167511522198672363118,31029,31015,15,72e6777d760308a8b761fa05fa8dc2be7bb649b0,NQZ9,0,14.93038910184204202985314587,6.236744814693511227660174856,0,15.56036332554845730537437565,6.236744814693511227660174856,opening_hour_rth,2019-09-27T10:30:00-04:00,31029,true,true,,31015,7,4,true,false,false,true,false,false,98.15498154981549815498154982,7755.625,3.450772175372208936744550599,1.109343606101624966176312447,551b2ec81343eca4e461,88ffa00fb76199ee6841,3.110643227573702645883188771,WIDTH_EXCEEDS_MAXIMUM,3.110643227573702645883188771,2019-09-27,2,2019-09-27,INSIDE_VALUE,1.88992267111924582656368935,3.75,15,2019,3.16160781393551408483829665271288028589,POC_BROAD_DISTRIBUTION,7757.5,88ffa00fb76199ee6841-Z0031015,7753.75,240,3.226190476190476190476190476,16549.99134435134569742188532,3.098317983053876092085958189
true,2.585778088398166863091745895,28080,28074,7,72e6777d760308a8b761fa05fa8dc2be7bb649b0,NQH9,0.09668269722049874286523266248,11.65026501507009851526053583,3.142187659666209143120061531,0,10.29670725398311611514727855,2.948822265225211657389596206,prior_rth,2019-02-21T16:00:00-05:00,28080,true,true,2.387083428669937896260739058,28074,10,4,true,false,false,true,false,false,99.22480620155038759689922481,7019.375,2.425035127893833448110361604,1.015898773695162346394187236,06b4556018ba0d2ed876,8942aa655277b799a8c7,2.387083428669937896260739058,,2.310034303713853713335210619,2019-02-22,2,2019-02-21,INSIDE_VALUE,0.6767788805434912000566286374,1.75,7,2019,2.365560371113719155970397723098193738133,POC_HVN_ZONE,7020.25,8942aa655277b799a8c7-Z0028074,7018.5,350,2.304806146149723065928175809,21657.42536469241298125466628,2.427916065189181277673847746
false,1.663720616813141994738187921,31247,31235,13,72e6777d760308a8b761fa05fa8dc2be7bb649b0,NQZ9,0,12.54717876850385920074583708,2.930179472884134783407710455,0,12.39691315450980100672492885,2.47938263090196020134498577,full_overnight,2019-09-26T09:30:00-04:00,31247,true,true,,31235,6,4,true,false,false,true,false,false,99.57627118644067796610169492,7810.375,3.1803753032068626153807049,,7696b74bd30eef3326a9,89466ce4672ddf846e60,,WIDTH_EXCEEDS_MAXIMUM,,2019-09-26,2,2019-09-26,INSIDE_VALUE,1.95345298192275652227180697,3.25,13,2019,2.926231512019123168533059164421509145227,POC_BROAD_DISTRIBUTION,7812,89466ce4672ddf846e60-Z0031235,7808.75,1090,3.068810841763695361710250048,13953.6526975801975801975802,2.790276528419889839048755566
false,1.792595747455185042132732191,30723,30709,15,72e6777d760308a8b761fa05fa8dc2be7bb649b0,NQU9,0.5578502578842026600329894089,2.440594878243386637644328664,2.719520007185487967660823368,0,2.440594878243386637644328664,2.719520007185487967660823368,full_overnight,2019-06-19T09:30:00-04:00,30721,true,true,,30709,7,4,true,false,false,true,false,false,97.32142857142857142857142857,7679.125,3.180114693229538843319991013,,49acdbc82e6bcf471a99,8988e7d27a9505398972,,WIDTH_EXCEEDS_MAXIMUM,,2019-06-19,2,2019-06-19,INSIDE_VALUE,1.813013338123658645107215579,3.25,13,2019,2.915973811295817644213938297347829572672,POC_BROAD_DISTRIBUTION,7680.5,8988e7d27a9505398972-Z0030709,7677.25,1627,2.920256410256410256410256409,18005.7553145647310732699727,2.91169749282956547883447604
false,2.692014742417430600699009124,30808,30788,21,72e6777d760308a8b761fa05fa8dc2be7bb649b0,NQU9,0.09286724773858402926651549965,4.504061515321325419426001733,8.590220415819022707152683717,0,4.596928763059909448692517233,11.56197234345371164368117971,opening_hour_rth,2019-06-18T10:30:00-04:00,30808,true,true,,30790,10,4,true,false,false,true,false,false,99.71181556195965417867435159,7699.625,5.124783524261526220682738921,,dad4ded4c7bd24f85bed,89b5731246cab965d601,,WIDTH_EXCEEDS_MAXIMUM,,2019-06-18,2,2019-06-18,INSIDE_VALUE,1.764477707033096556063794493,4.75,19,2019,4.666903048586915048737592742388689240856,POC_BROAD_DISTRIBUTION,7702.25,89b5731246cab965d601-Z0030790,7697.5,507,4.760627790556081721012041672,35757.17078086892417341301754,4.575023510158889068890185714
false,1.859089054952242599833385368,31625,31611,15,72e6777d760308a8b761fa05fa8dc2be7bb649b0,NQZ9,0,3.160149850998353890594335187,5.715164624145959163840818955,0,3.832522159721407909869725652,5.715164624145959163840818955,full_overnight,2019-10-21T09:30:00-04:00,31622,true,true,,31612,7,4,true,false,false,true,false,false,99.58333333333333333333333333,7904.625,5.94501833795398193007658963,,12481072afac0764f7fe,89dc5793cf24f28c67b0,,WIDTH_EXCEEDS_MAXIMUM,,2019-10-21,2,2019-10-21,INSIDE_VALUE,1.479219079190718842405859024,2.75,11,2019,5.320739407568386447144962436975850525614,POC_BROAD_DISTRIBUTION,7905.75,89dc5793cf24f28c67b0-Z0031612,7903,1445,5.640950568486800370858341874,16674.20882682848627121072942,5.018705180897461188582311623
false,2.359598253024251726457969023,30045,30027,19,72e6777d760308a8b761fa05fa8dc2be7bb649b0,NQM9,8.370068919438639446276715715,17.95856559297277703979624448,0.05297511974328252814099187162,0,15.62766032426834580159260213,5.668337812531230511086130263,prior_rth,2019-06-10T16:00:00-04:00,30045,false,true,,30027,9,4,false,false,true,true,false,false,92.23744292237442922374429224,7509.125,1.996029830969384057727092193,,69ee44f21d1e3c774408,89fb1eeeb7b06c16e69a,,WIDTH_EXCEEDS_MAXIMUM,,2019-06-11,2,2019-06-10,INSIDE_VALUE,2.013054550244736069357691121,4.75,19,2019,1.813199920129470953982860471706954983843,POC_BROAD_DISTRIBUTION,7511.5,89fb1eeeb7b06c16e69a-Z0030027,7506.75,463,1.588771720906911518152332304,32374.46002692969261542560032,2.069330607471298698622336859
false,1.334212568667817188417622737,29203,29194,10,72e6777d760308a8b761fa05fa8dc2be7bb649b0,NQM9,3.185399463178145902844894966,7.963498657945364757112237414,9.275133731018718952401311812,0,5.340228511798656366534088619,9.275133731018718952401311812,full_overnight,2019-03-15T09:30:00-04:00,29203,true,true,2.359973898709291403269604721,29194,5,4,false,false,false,true,false,false,88.46153846153846153846153846,7299.625,2.397985967393134191094746791,1.01610698690550442710044401,000bbfec23f3d47b1d89,89fc17baa7ede165e4c2,2.359973898709291403269604721,WIDTH_EXCEEDS_MAXIMUM,,2019-03-15,2,2019-03-15,INSIDE_VALUE,1.873764390104791707555820568,2.5,10,2019,2.223867497604314266049007186443281099943,POC_BROAD_DISTRIBUTION,7301,89fc17baa7ede165e4c2-Z0029194,7298.5,499,2.011027457927369353410097432,10375.39919835561130767186276,2.459233774956985424231658555
false,1.984208167511522198672363118,31028,31015,14,72e6777d760308a8b761fa05fa8dc2be7bb649b0,NQZ9,31.49871118532076377606148917,0.3149871118532076377606148917,53.2328219031920907815439167,0,22.1120952520951761707951654,32.31767767613910363423908789,prior_rth,2019-09-27T16:00:00-04:00,31028,false,true,,31015,7,4,false,true,false,true,false,false,97.05882352941176470588235294,7755.625,2.369928936052760908928106211,0.9702207630661769990725510304,e50aeee03795fce44352,8a3d712cb05d7b60fb18,2.442669778126684301113506672,WIDTH_EXCEEDS_MAXIMUM,2.442669778126684301113506672,2019-09-30,2,2019-09-27,INSIDE_VALUE,1.763927826377962771459443394,3.5,14,2019,2.199827847587190153191605960429898237932,POC_BROAD_DISTRIBUTION,7757.25,8a3d712cb05d7b60fb18-Z0031015,7753.75,400,2.132430186430844975461373223,22992.19067372983294954270013,2.269355681519296133888842194
false,1.58527508324899005135020253,31236,31224,13,72e6777d760308a8b761fa05fa8dc2be7bb649b0,NQU9,0,13.32576296897616575613205242,9.225528209291191677322190139,0,12.85265895824328413165399139,9.698632220024073301800251172,full_overnight,2019-09-10T09:30:00-04:00,31236,true,true,,31224,6,4,true,false,false,true,false,false,99.67105263157894736842105263,7807.625,2.60982522843609379077530275,,ffcb8a7ec651242ee4f2,8a6124c3a1d7022a8316,,WIDTH_EXCEEDS_MAXIMUM,,2019-09-10,2,2019-09-10,INSIDE_VALUE,2.050117379842487039404931142,3.25,13,2019,2.379166817421841569312582149390720757101,POC_BROAD_DISTRIBUTION,7809.25,8a6124c3a1d7022a8316-Z0031224,7806,772,2.424512903159156180912828779,10008.94038408558532397541686,2.334668847398415944503333698
true,4.399541277252594521237207912,29911,29892,20,72e6777d760308a8b761fa05fa8dc2be7bb649b0,NQM9,18.24053803402752800861737089,30.08836414024167003290622394,0.08523615903751181312438023779,0,20.25779379791530758589436985,8.154259214588630122232376082,prior_rth,2019-05-10T16:00:00-04:00,29906,false,true,2.258994394337320321090980441,29892,17,4,false,false,true,true,false,false,99.75155279503105590062111801,7473.625,2.300603690038005541404260743,1.018419388646996344082373113,8a033c98688da7166052,8ad724d50e2341c9f061,2.258994394337320321090980441,,,2019-05-13,2,2019-05-10,INSIDE_VALUE,0.8523615903751181312438023779,3.75,15,2019,2.048244785100298894868266649199880479094,POC_HVN_ZONE,7476.75,8ad724d50e2341c9f061-Z0029892,7473,424,1.992702221443792509560089908,22777.04925105220249836079931,2.105335485926694053177914242
false,1.23640219233019501841837637,33567,33559,9,72e6777d760308a8b761fa05fa8dc2be7bb649b0,NQZ9,0.4043991535292177919820803082,15.46826762249258054331457179,15.8726667760217983352966521,0,16.68146508308023391926081271,15.8726667760217983352966521,prior_rth,2019-12-09T16:00:00-05:00,33567,true,true,,33559,4,4,true,false,false,true,false,false,99.61538461538461538461538462,8390.875,2.445445967457990518012015981,,447734035284515542cb,8b1ee3ef04df485fd87e,,WIDTH_EXCEEDS_MAXIMUM,,2019-12-10,2,2019-12-09,INSIDE_VALUE,1.819796190881480063919361387,2.25,9,2019,2.286112772166683329584669319752943009353,POC_BROAD_DISTRIBUTION,8392,8b1ee3ef04df485fd87e-Z0033559,8389.75,297,2.614259597806215722120658135,14765.25547924297924297924298,1.99915555878588101778925684
true,4.31811125231898494044835115,30452,30431,22,72e6777d760308a8b761fa05fa8dc2be7bb649b0,NQU9,0,7.671177990657525038097700069,2.286879476460167841546106813,0,7.671177990657525038097700069,2.344775159408526521078919644,prior_rth,2019-09-03T16:00:00-04:00,30452,true,true,,30438,17,4,true,false,false,true,false,false,99.71988795518207282913165266,7612.125,2.185496307398813019180004293,1.044493804316367539270042939,1c265531aca2e566b086,8ba0a09a6fdb69218df3,2.092397578968162405630939867,,2.092397578968162405630939867,2019-09-04,2,2019-09-03,INSIDE_VALUE,0.8684352442253801929921924606,3.75,15,2019,1.944953271788939516876394602220692297002,POC_HVN_ZONE,7613.25,8ba0a09a6fdb69218df3-Z0030438,7609.5,633,1.850331613854089904200442152,30233.3561626968725555934181,2.044413661377782103196443216
true,6.569837508273943714085380162,30606,30567,40,72e6777d760308a8b761fa05fa8dc2be7bb649b0,NQM9,0,3.938453571707588936127093017,1.465028623292194918269498369,0,3.786242805651256996566625654,2.264135145087937600961952025,prior_rth,2019-05-08T16:00:00-04:00,30595,true,true,1.885380727669142611400958546,30571,26,4,true,false,false,true,false,false,99.45652173913043478260869565,7646.125,2.852785194037512864126849659,1.513108282147528092811693586,a57501f065051095bcfe,8bdf4781d229f7bbeb8e,1.885380727669142611400958546,,1.327829530573881055665201698,2019-05-09,2,2019-05-08,INSIDE_VALUE,0.9513172878520746222529210187,6.25,25,2019,2.488022238808792441151932476753948887543,POC_HVN_ZONE,7649,8bdf4781d229f7bbeb8e-Z0030571,7642.75,1558,2.518809445359692476661175178,72737.1148106436409647552325,2.45761134182309352642110305
false,1.712658962062980343222476978,31815,31806,10,72e6777d760308a8b761fa05fa8dc2be7bb649b0,NQZ9,1.021802961806266774295312264,10.87490295065241066928582338,4.306169624754981405958815971,0,11.75073406077206790439609104,4.160197773068371866773771362,prior_rth,2019-10-24T16:00:00-04:00,31815,true,true,,31806,6,4,false,false,false,true,false,false,97.55102040816326530612244898,7953.125,2.438897138668554303990529899,1.049053970244165667546779983,2021875577cba631195f,8be70d3689483a6c0807,2.324853828159960938033689647,WIDTH_EXCEEDS_MAXIMUM,2.324853828159960938033689647,2019-10-25,2,2019-10-24,INSIDE_VALUE,1.459718516866095391850446092,2.5,10,2019,2.321985698314188418926614218571631229914,POC_BROAD_DISTRIBUTION,7954,8be70d3689483a6c0807-Z0031806,7951.5,470,2.33949613978057700121901666,25928.23205374988377736978469,2.30460631735913565718168526
false,1.724278294005460427789524058,32919,32908,12,72e6777d760308a8b761fa05fa8dc2be7bb649b0,NQZ9,0.2899763928701503475784436715,1.812352455438439672365272947,8.626797687886972840458699228,0,1.667364259003364498576051111,9.061762277192198361826364735,prior_rth,2019-11-05T16:00:00-05:00,32918,true,true,2.134845345406831380520539647,32908,6,4,true,false,false,true,false,false,99.39759036144578313253012048,8228.375,2.883378703589998588905212627,1.350626503129912365651593098,ba5f3c77e5774599dfc6,8bebeb660deea8543d97,2.134845345406831380520539647,WIDTH_EXCEEDS_MAXIMUM,,2019-11-06,2,2019-11-05,INSIDE_VALUE,1.594870160785826911681440193,2.75,11,2019,2.477945721712292902531517427954527528805,POC_BROAD_DISTRIBUTION,8229.75,8bebeb660deea8543d97-Z0032908,8227,766,2.715441945885920515941657591,33791.15893627730012169371436,2.261221238426805642922827778
false,1.298025533254926821511120699,29464,29454,11,72e6777d760308a8b761fa05fa8dc2be7bb649b0,NQM9,36.20884088631359401945613731,55.17996230813215258816054968,0.4815005437009786438757465068,0,42.85354838938709930494143911,7.992909025436245488337392013,midnight,2019-05-15T09:30:00-04:00,29464,false,true,,29454,5,4,false,false,true,true,false,false,92.73607748184019370460048426,7364.875,1.64946886763738529049167197,,4ce568cb3267486bebf1,8c0371c3b212714419ab,,WIDTH_EXCEEDS_MAXIMUM,,2019-05-15,2,2019-05-15,INSIDE_VALUE,2.11860239228430603305328463,2.75,11,2019,1.486491859139016662308409704340880729515,POC_BROAD_DISTRIBUTION,7366.25,8c0371c3b212714419ab-Z0029454,7363.5,162,1.113374269881683390744346264,5363.273470667619274430419943,1.984649822670490842375169062
false,1.745546919050777487459482895,33036,33027,10,72e6777d760308a8b761fa05fa8dc2be7bb649b0,NQZ9,2.577988566727891098229645598,21.26840567550510156039457618,21.69807043662641674343285045,0,21.12518408846466316604848476,21.69807043662641674343285045,full_overnight,2019-12-04T09:30:00-05:00,33036,true,true,,33027,6,4,false,false,false,true,false,false,99.73333333333333333333333333,8258.375,3.354462286504806689876146778,1.347863422970063841613096073,af3e4e9fd9a32d4f61c6,8c34f970d449c55e4291,2.488725659691196750730592684,WIDTH_EXCEEDS_MAXIMUM,2.488725659691196750730592684,2019-12-04,2,2019-12-04,INSIDE_VALUE,1.432215870404383943460914221,2.5,10,2019,2.863146557144814564166847785047992160693,POC_BROAD_DISTRIBUTION,8259.25,8c34f970d449c55e4291-Z0033027,8256.75,510,2.478294674096151354153168329,14540.03836944561511245511699,3.307761701372303850503924325
false,1.979785745536312515450281108,31348,31334,15,72e6777d760308a8b761fa05fa8dc2be7bb649b0,NQU9,0.252552581069600988546920388,6.124400090937823972262819408,12.05938574607344720311544853,0,11.80683316500384621456852814,12.31193832714304819166236891,prior_rth,2019-07-09T16:00:00-04:00,31348,true,true,,31337,7,4,true,false,false,true,false,false,98.9247311827956989247311828,7835.375,3.120021616571061128431741679,,58da93d12c904389b2fd,8c3f8d2c01495189e8b6,,WIDTH_EXCEEDS_MAXIMUM,,2019-07-10,2,2019-07-09,INSIDE_VALUE,1.515315486417605931281522328,3,12,2019,2.917547083766793134692440385093555686871,POC_BROAD_DISTRIBUTION,7837.25,8c3f8d2c01495189e8b6-Z0031337,7834.25,422,3.34065372829417773237997957,21099.32006188256188256188256,2.548028523250328859989942966
false,1.458573445390502121171169065,31877,31867,11,72e6777d760308a8b761fa05fa8dc2be7bb649b0,NQU9,0,16.71153418912964677697142643,11.22672296808196783478593262,0,17.39713559176060664474461315,11.22672296808196783478593262,opening_hour_rth,2019-07-29T10:30:00-04:00,31877,true,true,,31869,5,4,true,false,false,true,false,false,99.65753424657534246575342466,7968.125,3.571436838040703727800646581,,fb6babe70dfce3abb80d,8c65bf5e6296a8330bbf,,WIDTH_EXCEEDS_MAXIMUM,,2019-07-29,2,2019-07-29,INSIDE_VALUE,1.542603155919659702489670132,2.25,9,2019,3.182330496416358411782287210501808103431,POC_BROAD_DISTRIBUTION,7969.5,8c65bf5e6296a8330bbf-Z0031869,7967.25,117,3.292281006071118820468343453,8984.937039493073975832596523,3.076051943848811601833621976
false,4.360847631909071484258938192,31393,31376,18,72e6777d760308a8b761fa05fa8dc2be7bb649b0,NQZ9,14.96268741942610824943995071,2.149811410837084518597694067,18.14440830746499333696453793,0,3.755003930928774292483972304,10.00378909842856662654126973,full_overnight,2019-10-11T09:30:00-04:00,31393,false,true,2.007365382549145448752631959,31376,17,4,false,false,false,true,false,false,99.21465968586387434554973822,7846.125,2.863969856153042398097113802,1.136935847655021212161730606,7f6b26d8fba7060ec608,8c7ead49df7d1b6bc223,2.519025028597789977501915556,WIDTH_EXCEEDS_MAXIMUM,2.519025028597789977501915556,2019-10-11,2,2019-10-11,INSIDE_VALUE,1.031909477201800568926893152,4.5,18,2019,2.526254969781991507474821306391455819577,POC_BROAD_DISTRIBUTION,7848.5,8c7ead49df7d1b6bc223-Z0031376,7844,862,2.117064640152245753449317851,15881.3247676329070190962774,3.014534394136052815291232861
false,1.327192878478874821111566938,33375,33365,11,72e6777d760308a8b761fa05fa8dc2be7bb649b0,NQZ9,0,6.687046128646978756149851653,6.49867863206537372076534879,0,10.0776610671158693930709032,2.73132870043327301307529152,opening_hour_rth,2019-11-19T10:30:00-05:00,33375,true,true,,33365,5,4,true,false,false,true,false,false,99.26470588235294117647058824,8342.625,2.435655853556973829438780679,,d2f22529a59197be4178,8cba83d25b13784ead3c,,WIDTH_EXCEEDS_MAXIMUM,,2019-11-19,2,2019-11-19,INSIDE_VALUE,2.072042462397655389229531498,2.75,11,2019,2.302377716796282266932112967125121773604,POC_BROAD_DISTRIBUTION,8344,8cba83d25b13784ead3c-Z0033365,8341.25,185,2.499751614505712866368604073,15009.72421077248910821364192,2.120587949634444416563793332
false,3.104104424822199984390151605,31810,31787,24,72e6777d760308a8b761fa05fa8dc2be7bb649b0,NQU9,0,3.020194786306839751420456432,6.322274419335651212973488797,0,3.181271841576537871496214108,7.127659695684141813352277179,prior_rth,2019-09-12T16:00:00-04:00,31808,true,true,1.913268436881022283216541026,31790,12,4,true,false,false,true,false,false,99.3174061433447098976109215,7949.625,2.862407543699157798436564592,1.496082561402312144927607331,3cfde2401e3b3f7f3931,8d19b080209e937c4310,1.913268436881022283216541026,WIDTH_EXCEEDS_MAXIMUM,,2019-09-13,2,2019-09-12,INSIDE_VALUE,1.530232025062132140719697925,4.75,19,2019,2.526295875296710480773186354524785789803,POC_BROAD_DISTRIBUTION,7952.25,8d19b080209e937c4310-Z0031790,7947.5,1217,2.791524773558170303044536822,44112.00716203685696355124405,2.286266957038767512356277483
false,2.56572919722568828704857348,33549,33532,18,72e6777d760308a8b761fa05fa8dc2be7bb649b0,NQZ9,0.0974381864891758265313681317,1.120539144625522005110733515,3.361617433876566015332200544,0,1.120539144625522005110733515,3.751370179833269321457673071,opening_hour_rth,2019-12-06T10:30:00-05:00,33547,true,true,,33532,10,4,true,false,false,true,false,false,97.95918367346938775510204082,8385.625,1.943027791942800264233905139,1.483263471801322297798166801,929e072d442450fb78f4,8d7d80fda9fa31ec1a39,1.309968073024225133038347637,WIDTH_EXCEEDS_MAXIMUM,1.309968073024225133038347637,2019-12-06,2,2019-12-06,INSIDE_VALUE,1.559010983826813224501890107,4,16,2019,1.698422184339517730155285962736289192279,POC_BROAD_DISTRIBUTION,8387,8d7d80fda9fa31ec1a39-Z0033532,8383,286,1.794825819672131147540983607,19526.7168294725570267365933,1.607196578430974680025285341
false,2.290955545999200664995497441,30954,30940,15,72e6777d760308a8b761fa05fa8dc2be7bb649b0,NQU9,1.527746798104488921189107011,4.092178923494166753185108065,6.165549578064544574798896152,0,3.98305415220098897310017185,6.711173434530433475223577227,full_overnight,2019-08-20T09:30:00-04:00,30954,true,true,2.237890623359694761816615704,30940,9,4,false,false,false,true,false,false,99.02912621359223300970873786,7736.375,2.605690105304353563711502986,1.164350964298911860151736768,a0b2096ddbc9401f18a9,8df9f83e4f3f6d858f53,2.237890623359694761816615704,WIDTH_EXCEEDS_MAXIMUM,,2019-08-20,2,2019-08-20,INSIDE_VALUE,1.636871569397666701274043226,3.75,15,2019,2.32977039084489594231735090873830678871,POC_BROAD_DISTRIBUTION,7738.75,8df9f83e4f3f6d858f53-Z0030940,7735,1271,2.447772635908942177347730566,18545.42006577836097286898202,2.217456799063381631310243913
false,2.086037326762031312523038874,30285,30270,16,72e6777d760308a8b761fa05fa8dc2be7bb649b0,NQM9,0.239688903734098164497703174,3.535411330077947926341121817,4.733855848748438748829637687,0,4.254478041280242419834231339,6.291833723020076818064708318,opening_hour_rth,2019-06-11T10:30:00-04:00,30285,true,true,,30270,8,4,true,false,false,true,false,false,99.48453608247422680412371134,7569.625,2.569877076093422331269683446,1.187716402433874618635384441,7c7a091922f27d2ffea6,8e12a01d58898a978262,2.163712710228819677681457349,WIDTH_EXCEEDS_MAXIMUM,2.163712710228819677681457349,2019-06-11,2,2019-06-11,INSIDE_VALUE,1.917511229872785315981625392,4,16,2019,2.379442255392826772229057411407421867121,POC_BROAD_DISTRIBUTION,7571.5,8e12a01d58898a978262-Z0030270,7567.5,384,2.569536423841059602649006622,20360.06506340543741830728853,2.203411243451248047064173522
false,4.723930383307108370502389821,30303,30279,25,72e6777d760308a8b761fa05fa8dc2be7bb649b0,NQM9,0,2.090420306551332686307691934,8.176454110434959494545276046,0,2.831328769632817689049658695,9.340738838134435927425509528,prior_rth,2019-05-17T16:00:00-04:00,30298,true,true,3.139877442565321715004293459,30279,18,4,true,false,false,true,false,false,99.77578475336322869955156951,7571.375,3.443892040740856035757372983,1.096823714854026385982333716,e2f9216b799680929c8f,8e708d5a4f1701a7d126,3.139877442565321715004293459,WIDTH_EXCEEDS_MAXIMUM,,2019-05-20,2,2019-05-17,INSIDE_VALUE,1.058440661544978575345666802,5,20,2019,3.072379454246290572913507308608816970571,POC_BROAD_DISTRIBUTION,7574.75,8e708d5a4f1701a7d126-Z0030279,7569.75,1365,3.313323174050288451072167193,59482.90215016660998362891555,2.84895707874328369674037435
false,1.327192878478874821111566938,33391,33381,11,72e6777d760308a8b761fa05fa8dc2be7bb649b0,NQZ9,0,6.121943638902163649996343063,6.121943638902163649996343063,0,7.628883611555003933072365971,5.745208645738953579227337336,prior_rth,2019-11-19T16:00:00-05:00,33391,true,true,2.509153349233414793343201521,33381,5,4,true,false,false,true,false,false,99.51923076923076923076923077,8346.625,2.903841283893234764156338546,1.147216077451960449356121042,c98078bda22aba4a0e61,8ed6d5f287699f746ffd,2.531206928639677129694742817,WIDTH_EXCEEDS_MAXIMUM,2.531206928639677129694742817,2019-11-20,2,2019-11-19,INSIDE_VALUE,2.072042462397655389229531498,2.75,11,2019,2.679632605427652222364992654060305410933,POC_BROAD_DISTRIBUTION,8348,8ed6d5f287699f746ffd-Z0033381,8345.25,611,2.824805512336074683262947322,39164.12606638268832805110115,2.541920450350888649870169242
false,0.9566224040870524526611024692,31746,31740,7,72e6777d760308a8b761fa05fa8dc2be7bb649b0,NQU9,0,6.925407529340203795700847186,4.573382330696360997160936821,0,7.448079795705502195376382822,4.834718463879010196998704639,midnight,2019-07-12T09:30:00-04:00,31746,true,true,,31740,3,4,true,false,false,true,false,false,98.88888888888888888888888889,7935.875,2.01875166461640050318363249,,2d1264ebd27a322c367e,90161bb40f669f5e16d4,,WIDTH_EXCEEDS_MAXIMUM,,2019-07-12,2,2019-07-12,INSIDE_VALUE,1.829352932278544398864374728,1.75,7,2019,1.952670218561652683275050391124430456661,POC_BROAD_DISTRIBUTION,7936.75,90161bb40f669f5e16d4-Z0031740,7935,476,2.073873263300576075906472383,6306.085642135642135642135642,1.838550624057584046958603558
true,2.881288595398368255074733189,29652,29640,13,72e6777d760308a8b761fa05fa8dc2be7bb649b0,NQM9,0,5.943521252036292397092110346,0.9978174364732461688548798391,0,6.290588186461769325389459855,1.258117637292353865077891971,opening_hour_rth,2019-03-26T10:30:00-04:00,29652,true,true,0.8941547194714293387637353961,29646,11,4,true,false,false,true,false,false,95.76719576719576719576719577,7412.625,2.083951901995902219259289233,0.9905208742458607415822574516,d21b3114c5ce1f92626a,907790c0ebbf44587d4f,2.103894987152625152558623211,,2.103894987152625152558623211,2019-03-26,2,2019-03-26,INSIDE_VALUE,0.6073671352445846245203616412,1.75,7,2019,1.987525545798980516885929503748248607173,POC_HVN_ZONE,7413.25,907790c0ebbf44587d4f-Z0029646,7411.5,103,1.961212976022566995768688293,8771.504005456051491857118455,2.014191137575912692357967687
false,0.9163085391121988176564014742,30755,30749,7,72e6777d760308a8b761fa05fa8dc2be7bb649b0,NQU9,10.09485299456253286055528071,17.05211654486914334553256876,17.32495040958704963906108986,0,16.23361495071542446494700546,17.59778427430495593258961096,midnight,2019-06-27T09:30:00-04:00,30755,true,true,,30749,3,4,false,false,false,true,false,false,97.71863117870722433460076046,7688.125,2.318991409358945692631213007,,2bb28a0e925901213e63,9087fdbef81c0e5e7bff,,WIDTH_EXCEEDS_MAXIMUM,,2019-06-27,2,2019-06-27,INSIDE_VALUE,1.909837053025344054699647701,1.75,7,2019,2.216031963410424534475406820378297147147,POC_BROAD_DISTRIBUTION,7689,9087fdbef81c0e5e7bff-Z0030749,7687.25,244,1.934056660638939119951778179,4771.494693137070632533427452,2.539117784291965603641014715
false,1.519660066601945067813934462,31318,31306,13,72e6777d760308a8b761fa05fa8dc2be7bb649b0,NQU9,0,5.18207997503612266271768264,7.15620567981178843899108555,0,5.18207997503612266271768264,7.320716155209760587013869126,midnight,2019-09-11T09:30:00-04:00,31318,true,true,,31306,6,4,true,false,false,true,false,false,99.54954954954954954954954955,7828.125,3.468035832335692326004637162,,354c8f195c49b8ebc28a,9092d8e84187b8ee41b8,,WIDTH_EXCEEDS_MAXIMUM,,2019-09-11,2,2019-09-11,INSIDE_VALUE,2.138636180173637924296186486,3.25,13,2019,3.102661495831449744302720944553258179054,POC_BROAD_DISTRIBUTION,7829.75,9092d8e84187b8ee41b8-Z0031306,7826.5,1064,3.150112023898431665421956684,14608.09581030195581279172611,3.055925720953165227851599666
false,2.923521208176379427632648819,28582,28565,18,72e6777d760308a8b761fa05fa8dc2be7bb649b0,NQM9,0.7696198658341509416440178192,7.054848770146383631736830009,22.10519281312533537944206736,0,10.47538150718705448348802032,24.49956572905380497566790058,prior_rth,2019-06-04T16:00:00-04:00,28582,true,true,,28567,11,4,false,false,false,true,false,false,98.64406779661016949152542373,7144.125,2.958542825245032835586658136,1.040964779805530774801263302,3d6e66c3fa2d65963e0d,90e8b5926d7dcf450dbc,2.842116162467799307894526399,WIDTH_EXCEEDS_MAXIMUM,2.842116162467799307894526399,2019-06-05,2,2019-06-04,INSIDE_VALUE,1.368213094816268340700476123,4,16,2019,2.646462050869771914185132179083884407346,POC_BROAD_DISTRIBUTION,7145.75,90e8b5926d7dcf450dbc-Z0028567,7141.75,636,3.203455812047534489823794564,25039.00586993697381228074086,2.186314342265668776453245367
false,1.003547392168388072444705862,29547,29539,9,72e6777d760308a8b761fa05fa8dc2be7bb649b0,NQM9,16.19255864427911966706797984,2.117488438098038725693505057,22.04679138490310908516178794,0,4.857767593283735900120393953,18.06093079554209501326813136,midnight,2019-03-29T09:30:00-04:00,29547,false,true,,29539,4,4,false,false,false,true,false,false,86.14457831325301204819277108,7385.875,1.737639350795836648734959639,,1557f09fa8c80e76ddcf,912ecc2b0cce83edc4ea,,WIDTH_EXCEEDS_MAXIMUM,,2019-03-29,2,2019-03-29,INSIDE_VALUE,2.242046581515570415440181825,2.25,9,2019,1.647533047731056314386580285341913119237,POC_BROAD_DISTRIBUTION,7387,912ecc2b0cce83edc4ea-Z0029539,7384.75,274,1.476417697276592982114454507,5709.279359562006620830150242,1.838480498014155326376628878
false,1.058455144152836984189538248,31356,31348,9,72e6777d760308a8b761fa05fa8dc2be7bb649b0,NQZ9,0,8.384861700590387063993901498,19.72213949293795267164762747,0,8.384861700590387063993901498,15.70685360814818985227026619,midnight,2019-09-23T09:30:00-04:00,31356,true,true,,31348,4,4,true,false,false,true,false,false,99.65156794425087108013937282,7838.125,3.17016308104691501096391083,,4ac1e800e91502044342,91a6e456b73d622f7921,,WIDTH_EXCEEDS_MAXIMUM,,2019-09-23,2,2019-09-23,INSIDE_VALUE,2.125739586065168551435073619,2.25,9,2019,2.890904609036954693225312317920178009074,POC_BROAD_DISTRIBUTION,7839.25,91a6e456b73d622f7921-Z0031348,7837,442,2.874747886781335690167017926,6630.16055865412596489782355,2.907152135663713693257242626
false,1.376950559179954166978015769,28389,28383,7,72e6777d760308a8b761fa05fa8dc2be7bb649b0,NQM9,1.81560622008743750043683393,7.171644569345378126725494023,12.43690260759894687799231242,0,7.353205191354121876769177416,12.9815844736251781281233626,midnight,2019-06-03T09:30:00-04:00,28389,true,true,1.980672294823432817159268751,28383,5,4,false,false,false,true,false,false,98.02955665024630541871921182,7096.625,2.030175482097562924600951738,1.024993123498273131976212933,cd2cd2add97f775d09b9,9241e29257df83601e2f,1.980672294823432817159268751,WIDTH_EXCEEDS_MAXIMUM,1.869235364966145312258891717,2019-06-03,2,2019-06-03,INSIDE_VALUE,1.270924354061206250305783751,1.75,7,2019,1.959715936285148789030868540745110059994,POC_BROAD_DISTRIBUTION,7097.5,9241e29257df83601e2f-Z0028383,7095.75,325,1.963950823088143363200666806,5533.632628651492748855832019,1.955490181210924275161083163
false,2.484946488233585554903352232,26413,26400,14,72e6777d760308a8b761fa05fa8dc2be7bb649b0,NQH9,4.426654679320401289206926108,0.8551491994141684308695198163,6.790890701230161068669716188,0,1.358178140246032213733943238,6.589679124897415555523946819,prior_rth,2019-01-11T16:00:00-05:00,26412,true,true,1.905095707627200715069094113,26400,9,4,false,true,false,true,false,false,97.1910112359550561797752809,6601.125,2.161753379526477630772866322,1.13472166824570949969851669,852ede4a648d0ac3eba5,92bdb8f4d5d27005ce55,1.905095707627200715069094113,WIDTH_EXCEEDS_MAXIMUM,,2019-01-14,2,2019-01-11,INSIDE_VALUE,1.307875246162845835447500895,3.25,13,2019,1.959062592424385546050892586055588504075,POC_BROAD_DISTRIBUTION,6603.25,92bdb8f4d5d27005ce55-Z0026400,6600,881,1.943438549528448030139668612,39963.23248227431024577343057,1.974812242953491255566951275
false,2.740483898372922463217169032,29267,29254,14,72e6777d760308a8b761fa05fa8dc2be7bb649b0,NQM9,0.6385733559824994276036983929,9.624212722307669944598597207,6.15767164697410162332137736,0,9.441763192026955822426111952,5.975222116693387501148892105,full_overnight,2019-03-25T09:30:00-04:00,29267,true,true,2.799317166428022308128301418,29254,10,4,false,false,false,true,false,false,99.5024875621890547263681592,7315.625,3.229275211980338706738075499,1.078827354009493073034093909,8fc36f3b2db64a071081,92c0f3cd641c35108164,2.993319737378408096849894548,WIDTH_EXCEEDS_MAXIMUM,2.993319737378408096849894548,2019-03-25,2,2019-03-25,INSIDE_VALUE,1.277146711964998855207396786,3.5,14,2019,3.064159081271539010296913325760165132972,POC_BROAD_DISTRIBUTION,7317,92c0f3cd641c35108164-Z0029254,7313.5,991,3.313829875725764860503418789,13240.90837516340612315844514,2.833299000686489120256997728
false,1.23640219233019501841837637,33688,33680,9,72e6777d760308a8b761fa05fa8dc2be7bb649b0,NQZ9,0.2021995767646088959910401541,3.336293016616046783852162543,5.560488361026744639753604238,0,4.953889630732917951780483775,8.795681589260486975610246703,opening_hour_rth,2019-12-09T10:30:00-05:00,33688,true,true,,33680,4,4,true,false,false,true,false,false,99.36305732484076433121019108,8421.125,4.412193193351286700848815449,,1de5ea2ee20a84247e23,92c8f77fc69fab586b65,,WIDTH_EXCEEDS_MAXIMUM,,2019-12-09,2,2019-12-09,INSIDE_VALUE,1.819796190881480063919361387,2.25,9,2019,4.003478283669822740992576854243150020552,POC_BROAD_DISTRIBUTION,8422.25,92c8f77fc69fab586b65-Z0033680,8420,203,4.476892822025565388397246804,13027.80322902249879937506712,3.580125548005433663104483437
false,1.152349249215650432204852306,27549,27541,9,72e6777d760308a8b761fa05fa8dc2be7bb649b0,NQH9,1.301688703334496006192773735,7.701658161395768036640577934,7.701658161395768036640577934,0,6.183021340838856029415675243,8.352502513063016039736964802,midnight,2019-02-01T09:30:00-05:00,27549,true,true,,27541,4,4,false,false,false,true,false,false,98.17073170731707317073170732,6886.375,2.638079010624571637761250351,,7c532136904019825cca,92dc8d8ac21739a5cdc9,,WIDTH_EXCEEDS_MAXIMUM,,2019-02-01,2,2019-02-01,INSIDE_VALUE,1.952533055001744009289160603,2.25,9,2019,2.567217746863148542835891408076311373112,POC_BROAD_DISTRIBUTION,6887.5,92dc8d8ac21739a5cdc9-Z0027541,6885.25,556,2.329628778007715694540251909,10349.8781052281052281052281,2.829037408030882867753789522
false,1.680894470488696409335819787,29667,29655,13,72e6777d760308a8b761fa05fa8dc2be7bb649b0,NQM9,16.95525834629822187873749699,32.05138748795848083217482984,10.6342190505291479327169389,0,21.49153360561485141646989751,14.35247745980507378331726719,full_overnight,2019-05-22T09:30:00-04:00,29667,false,true,,29655,6,4,false,false,false,true,false,false,90.74626865671641791044776119,7415.375,1.854916671283328560253181063,1.278511206688780660813372166,6ac4f7605ca64be18308,92e781ffb7651d9e6f6c,1.450841151472877456505030232,WIDTH_EXCEEDS_MAXIMUM,1.450841151472877456505030232,2019-05-22,2,2019-05-22,INSIDE_VALUE,1.93349437282348144231217071,3.25,13,2019,1.656707922778821313632855091940996177339,POC_BROAD_DISTRIBUTION,7417,92e781ffb7651d9e6f6c-Z0029655,7413.75,370,1.303968187173876451775795321,9468.595557478297416377911734,2.104868177303262655990917173
true,8.391302415514437247393641721,30041,30029,13,72e6777d760308a8b761fa05fa8dc2be7bb649b0,NQU9,0,1.623705037111894584260310689,1.236399248443002298106475112,0,1.832254307933605815266222154,1.35557026034112300153842452,opening_hour_rth,2019-08-15T10:30:00-04:00,30041,true,true,2.52332035908201257046811395,30029,33,4,true,false,false,true,false,false,99.66329966329966329966329966,7509.375,2.773173309248870743697675344,1.057690998946555491537366974,df894f7112b0c7f9c974,92f0ae151cf362018a4c,2.621912554811291886035584208,,2.621912554811291886035584208,2019-08-15,2,2019-08-15,INSIDE_VALUE,0.3873057886688922861538355772,3.25,13,2019,2.635052541973523797786012484195000764364,POC_HVN_ZONE,7510.5,92f0ae151cf362018a4c-Z0030029,7507.25,370,2.738282126037228078044404574,12492.13382325160068771056296,2.535714575550178212714534979
false,1.831739226454306645699146062,31515,31504,12,72e6777d760308a8b761fa05fa8dc2be7bb649b0,NQZ9,0.1364823094845899095141085382,3.889745820310812421152093338,6.346427391033430792406047025,0,3.889745820310812421152093338,6.482909700518020701920155563,opening_hour_rth,2019-10-23T10:30:00-04:00,31515,true,true,1.771298018996465125028422828,31504,7,4,true,false,false,true,false,false,99.27536231884057971014492754,7877.625,1.948616308152036241330840153,1.091756136284891905724069329,08429ebee2389e33a9ac,92f148645fe6b6f6e2d5,1.784845757572685748598748854,WIDTH_EXCEEDS_MAXIMUM,1.784845757572685748598748854,2019-10-23,2,2019-10-23,INSIDE_VALUE,1.637787713815078914169302458,3,12,2019,1.850450735475801325817281696551062942101,POC_BROAD_DISTRIBUTION,7879,92f148645fe6b6f6e2d5-Z0031504,7876,212,1.882625482625482625482625483,11755.94144737139890180068383,1.818825866336218046155090328
false,3.223466063463673861387807753,29400,29386,15,72e6777d760308a8b761fa05fa8dc2be7bb649b0,NQM9,1.783794178934683347752763759,1.279678432714011966866113132,9.345530372244754061052523174,0,1.977684850558018494247629385,9.578199178192756236846361926,prior_rth,2019-03-28T16:00:00-04:00,29400,true,true,1.907806149565552835229205517,29386,12,4,false,false,false,true,false,false,90.8450704225352112676056338,7347.125,1.982325190531172369610084648,1.039060069589664060402498761,b9d0f3ac62aa545e3cc7,93079a201d80d77bd943,1.907806149565552835229205517,WIDTH_EXCEEDS_MAXIMUM,,2019-03-29,2,2019-03-28,INSIDE_VALUE,1.163344029740010878969193756,3.75,15,2019,1.828771982285646500555935501787267733865,POC_BROAD_DISTRIBUTION,7350.25,93079a201d80d77bd943-Z0029386,7346.5,561,1.658847415274090270185850383,34413.49095781944734698702946,2.016102826817485675439785455
false,2.293986134804343636934519905,31460,31443,18,72e6777d760308a8b761fa05fa8dc2be7bb649b0,NQU9,0,1.798180005282301045804098031,11.82439579231088869513603857,0,1.798180005282301045804098031,13.13216306887983491026629168,opening_hour_rth,2019-09-11T10:30:00-04:00,31455,true,true,,31445,9,4,true,false,false,true,false,false,99.55752212389380530973451327,7863.125,2.097335552105037949725118716,2.190184146182689047008317491,c59930e9986b4bdd091e,930a21e312a523b91ac8,0.9576069463202541368835780278,WIDTH_EXCEEDS_MAXIMUM,0.9576069463202541368835780278,2019-09-11,2,2019-09-11,INSIDE_VALUE,1.19878667018820069720273202,2.75,11,2019,1.917192319269231736713307341952487467174,POC_BROAD_DISTRIBUTION,7864,930a21e312a523b91ac8-Z0031445,7861.25,145,1.971602190000601648516936406,9301.976931548843313549195904,1.864283985738428375702343987
false,1.737569263394533441219367712,31078,31066,13,72e6777d760308a8b761fa05fa8dc2be7bb649b0,NQU9,0,2.94952270851508188531697956,4.100555960618528474708971583,0,3.237281021540943532664977566,4.388314273644390122056969589,opening_hour_rth,2019-06-24T10:30:00-04:00,31078,true,true,,31066,6,4,true,false,false,true,false,false,97.24770642201834862385321101,7768.125,2.373033518423328380531734934,,10c61fb6d6beb5fd2181,931da3daa1a1f92a61f5,,WIDTH_EXCEEDS_MAXIMUM,,2019-06-24,2,2019-06-24,INSIDE_VALUE,1.870429034668100707761987038,3.25,13,2019,2.181869717347809497472208269733515561484,POC_BROAD_DISTRIBUTION,7769.75,931da3daa1a1f92a61f5-Z0031066,7766.5,313,2.244982562347831808909653222,17307.71691510202172634114559,2.120531153926095360753533527
false,1.371859610868903211102315271,30805,30798,8,72e6777d760308a8b761fa05fa8dc2be7bb649b0,NQZ9,1.822343904721095717261555839,8.656133547425204656992390236,39.6359799276838318504388395,0,13.75869648064427266532474658,32.34660430879944898139261614,midnight,2019-10-09T09:30:00-04:00,30805,true,true,3.555009026575144442876753267,30798,5,4,false,false,false,true,false,false,99.76851851851851851851851852,7700.125,3.668341535693327986990485193,1.031879668453997373890679399,c6c987256fd26ce952e0,9386654408960a7f1bf0,3.555009026575144442876753267,WIDTH_EXCEEDS_MAXIMUM,,2019-10-09,2,2019-10-09,INSIDE_VALUE,1.457875123776876573809244671,2,8,2019,3.467954759613519787388655207423980879772,POC_BROAD_DISTRIBUTION,7701.5,9386654408960a7f1bf0-Z0030798,7699.5,447,3.110567010309278350515463917,7479.273060460794908410177454,3.866404477018571162409649533
false,0.6997818101865489575676517933,33316,33312,5,72e6777d760308a8b761fa05fa8dc2be7bb649b0,NQZ9,0.3572542131858994719275695543,11.25350771535583336571844096,99.13804415908710345990055133,0,12.68252456809943125342871918,132.0054317721898548772369503,midnight,2019-12-03T09:30:00-05:00,33316,true,true,,33312,2,4,true,false,false,true,false,false,99.81273408239700374531835206,8328.625,6.281582899892733318854326409,,6358c06fc5aad36534c6,93e66c1cc9ac3b262be5,,WIDTH_EXCEEDS_MAXIMUM,,2019-12-03,2,2019-12-03,INSIDE_VALUE,1.786271065929497359637847772,1.25,5,2019,6.097693862220570447295471154860980945133,POC_BROAD_DISTRIBUTION,8329.25,93e66c1cc9ac3b262be5-Z0033312,8328,359,7.336624569460390355912743972,6204.622262051673816379698734,5.067980525013718718418329391
false,2.503295977041695642893623769,31438,31419,20,72e6777d760308a8b761fa05fa8dc2be7bb649b0,NQZ9,0,4.643877554478397398010420676,0.9487491777966618340021289553,0,4.943482557993132714011092978,1.148485846806485378002577156,prior_rth,2019-10-14T16:00:00-04:00,31438,false,true,,31419,10,4,true,false,true,true,false,false,99.41520467836257309941520468,7857.375,2.452667304321100147559359838,1.342144056429833525411131334,75101a8e1709c87f6031,943f8bf4d8eb0571a6a5,1.827424777967061765851253569,WIDTH_EXCEEDS_MAXIMUM,1.827424777967061765851253569,2019-10-15,2,2019-10-14,INSIDE_VALUE,1.997366690098235440004482011,5,20,2019,2.12945348967798386824214906876566002014,POC_BROAD_DISTRIBUTION,7859.75,943f8bf4d8eb0571a6a5-Z0031419,7854.75,1144,2.171187569367369589345172031,45552.24414651865647093589899,2.088521613092601499482534164
true,3.586157463981335707937220039,29546,29527,20,72e6777d760308a8b761fa05fa8dc2be7bb649b0,NQM9,0.1394249987687105835623373929,2.335368729375902274669151331,6.65754369120593036510161051,0,3.311343720756876359605513081,6.239268694899798614414598332,opening_hour_rth,2019-05-14T10:30:00-04:00,29540,true,true,2.319169055513331025961380489,29527,14,4,true,false,false,true,false,false,99.22779922779922779922779923,7383.125,2.471231147702170526309549138,1.065567489281276941583587548,f3fb4f9405514b8e4185,94dc0a005ca2fdef43e6,2.319169055513331025961380489,,,2019-05-14,2,2019-05-14,INSIDE_VALUE,0.9759749913809740849363617502,3.5,14,2019,2.287157778556883574296480443057827928385,POC_HVN_ZONE,7385.25,94dc0a005ca2fdef43e6-Z0029527,7381.75,243,2.291284403669724770642201835,15321.53365127306077696052372,2.283038585535316013771362083
false,0.5837593099182968468785107512,30976,30972,5,72e6777d760308a8b761fa05fa8dc2be7bb649b0,NQM9,26.55203906241664105229326562,2.783681514608196239353326234,31.9052727443554799741265853,0,7.494527154714374490566647553,22.05532276958801635795327708,midnight,2019-04-23T09:30:00-04:00,30976,false,true,,30972,2,4,false,false,false,true,false,false,84.95575221238938053097345133,7743.625,1.503612372130262816783383342,,bd5d853d56a624ddff3a,955dc1d40b7fd8f289f4,,WIDTH_EXCEEDS_MAXIMUM,,2019-04-23,2,2019-04-23,INSIDE_VALUE,2.141293472775535568733327872,1.25,5,2019,1.426950324346669641386900935829808005991,POC_BROAD_DISTRIBUTION,7744.25,955dc1d40b7fd8f289f4-Z0030972,7743,124,1.212110726643598615916955017,3329.559812409812409812409813,1.679868994964989964320231766
false,1.784949159366040864937377638,31293,31279,15,72e6777d760308a8b761fa05fa8dc2be7bb649b0,NQM9,0,7.493210621612544597359592934,3.011290249806910445667873796,0,8.053450668088248866321057827,3.011290249806910445667873796,prior_rth,2019-04-24T16:00:00-04:00,31290,true,true,,31279,7,4,true,false,false,true,false,false,98.27586206896551724137931034,7821.625,3.009738005866566937162182128,,5a0235c1b86e11d9856c,96489075408061c73912,,WIDTH_EXCEEDS_MAXIMUM,,2019-04-25,2,2019-04-24,INSIDE_VALUE,1.680720139427112806884394677,3,12,2019,2.744333691264804891121595063405804365275,POC_BROAD_DISTRIBUTION,7822.75,96489075408061c73912-Z0031279,7819.75,799,2.965318658817507038648579472,49145.11299543804287637304714,2.539817225584256581023153269
false,0.6132461043344809472701296,30602,30598,5,72e6777d760308a8b761fa05fa8dc2be7bb649b0,NQM9,4.892000093919421254962051921,14.87983361900490631717624126,25.07150048133703393168051609,0,15.69516696799147652633658325,16.51050031697804673549692523,midnight,2019-04-12T09:30:00-04:00,30602,true,true,,30598,2,4,false,false,false,true,false,false,98.4375,7650.125,2.992328970090136307086443579,,6e16b8779b53fafc7acb,9651afae5a420a05470d,,WIDTH_EXCEEDS_MAXIMUM,,2019-04-12,2,2019-04-12,INSIDE_VALUE,2.038333372466425522900854967,1.25,5,2019,2.932853031169578299077808709805081321178,POC_BROAD_DISTRIBUTION,7650.75,9651afae5a420a05470d-Z0030598,7649.5,218,2.859993167065254526819268876,5195.888804173982192558043951,3.007569039497752731296787577
false,1.593322772352358339657306832,26193,26182,12,72e6777d760308a8b761fa05fa8dc2be7bb649b0,NQH9,0.156904805691632506952109276,7.139168658969279066320972058,7.139168658969279066320972058,0,7.139168658969279066320972058,5.570120602052953996799879298,full_overnight,2019-01-14T09:30:00-05:00,26193,true,true,3.722975808808625571960008642,26182,6,4,true,false,false,true,false,false,99.67426710097719869706840391,6546.875,4.696852290173303087797764191,1.261585498100865659135515742,852d51acc1aaaabc883e,96645068a759d1118368,3.722975808808625571960008642,WIDTH_EXCEEDS_MAXIMUM,,2019-01-14,2,2019-01-14,INSIDE_VALUE,1.882857668299590083425311312,3,12,2019,4.246914801013443309173999617537920216376,POC_BROAD_DISTRIBUTION,6548.5,96645068a759d1118368-Z0026182,6545.5,1115,4.211015155988583800807007184,13102.8329340870837034519899,4.283120496827761057616699995
true,8.558622460544344518804044108,30941,30923,19,72e6777d760308a8b761fa05fa8dc2be7bb649b0,NQU9,0,2.994056592416883137631561766,2.000906112981038974904994936,0,3.344580291041298724476232411,1.942485496543636377097549828,opening_hour_rth,2019-08-02T10:30:00-04:00,30941,true,true,1.948442073411299924788317362,30923,34,4,true,false,false,true,false,false,99.67532467532467532467532468,7732.375,2.144693677106642489300914503,1.100722318807121900186315152,ca183b7e3b7b2211ee83,9693dd08d4730984eea1,1.948442073411299924788317362,,1.763492353012607964652086631,2019-08-02,2,2019-08-02,INSIDE_VALUE,0.5549958561553246791707285224,4.75,19,2019,1.971487791925079038715108733264947912444,POC_HVN_ZONE,7735.5,9693dd08d4730984eea1-Z0030923,7730.75,320,1.992842267019835412580625594,16047.79500878614104912200727,1.950362142570382117025803313
false,2.734948522698297775342811136,30945,30930,16,72e6777d760308a8b761fa05fa8dc2be7bb649b0,NQZ9,0,4.341946439373614089811290896,3.245033654689753688174754249,0,4.250537040649959056341579509,3.88489944575533892246273396,full_overnight,2019-09-30T09:30:00-04:00,30945,true,true,2.197435491434697813977944258,30930,10,4,true,false,false,true,false,false,99.53051643192488262910798122,7733.875,2.565653779522971384388341756,1.167567279914945380363450431,5e83c19413efd7b8d354,97550850efff4563c30f,2.197435491434697813977944258,WIDTH_EXCEEDS_MAXIMUM,,2019-09-30,2,2019-09-30,INSIDE_VALUE,1.462550379578480535515382197,4,16,2019,2.314743676162353756618089832849838969459,POC_BROAD_DISTRIBUTION,7736.5,97550850efff4563c30f-Z0030930,7732.5,1352,2.382014293276866066701958708,14814.17952084628281276780387,2.249372852823109665753879542
false,2.021781212587337342284133142,28954,28938,17,72e6777d760308a8b761fa05fa8dc2be7bb649b0,NQM9,0.865573381088287821521072617,5.255266956607461773520798032,8.470253800649673682027639181,0,5.378920296762931462309522691,9.583133862048900881126161117,prior_rth,2019-03-12T16:00:00-04:00,28954,true,true,,28939,8,4,true,false,false,true,false,false,94.44444444444444444444444444,7236.625,1.97722217247356688974165974,0.8922718150007110993884376641,9063fd352a09a6fed8ff,9756242df313dec089f1,2.215941531753965729684755171,WIDTH_EXCEEDS_MAXIMUM,2.215941531753965729684755171,2019-03-13,2,2019-03-12,INSIDE_VALUE,1.978453442487515020619594553,4,16,2019,1.92162749826831699321006346671388435456,POC_BROAD_DISTRIBUTION,7238.75,9756242df313dec089f1-Z0028939,7234.75,720,2.039511911679256246368390471,35901.88750323482622580751536,1.810556840072859268392752164
false,2.466847857185209136812473102,29025,29014,12,72e6777d760308a8b761fa05fa8dc2be7bb649b0,NQM9,4.864507539468839142760804998,0.8614232101142735981972258851,9.779687032473812026592035048,0,2.685613537415088276732527759,8.36087233346206727662013359,prior_rth,2019-05-30T16:00:00-04:00,29025,true,true,1.817989464777567916358946722,29014,9,4,false,false,false,true,false,false,99.19678714859437751004016064,7254.875,1.949550105457547913728892517,1.072366008290414663859874713,e50ed286496af6df0a2a,9762055ccb3e0a99e4ec,1.817989464777567916358946722,WIDTH_EXCEEDS_MAXIMUM,1.683149033172365799200773196,2019-05-31,2,2019-05-30,INSIDE_VALUE,1.21612688486720978569020125,3,12,2019,1.830953674501016756993444004325947222471,POC_BROAD_DISTRIBUTION,7256.5,9762055ccb3e0a99e4ec-Z0029014,7253.5,526,1.730811925150650174437044085,28775.54980156032558898338632,1.936889450237051311402860007
false,2.916257151261899477309444858,29993,29980,14,72e6777d760308a8b761fa05fa8dc2be7bb649b0,NQU9,0.3429052885707585819672710925,7.158147898914585398566784057,19.24555932103382541291309007,0,6.129432033202309652664970779,21.64589634102913548668398772,full_overnight,2019-08-07T09:30:00-04:00,29993,true,true,2.805401599583033134880239798,29980,11,4,false,false,false,true,false,false,98.86178861788617886178861789,7495.625,2.855950659333859789172441249,1.018018475414835352450131496,14ef03dea76abc6814aa,97baca979100e8d9e418,2.805401599583033134880239798,WIDTH_EXCEEDS_MAXIMUM,,2019-08-07,2,2019-08-07,INSIDE_VALUE,1.200168509997655036885448824,3.5,14,2019,2.576347660948641464969006427812121530945,POC_BROAD_DISTRIBUTION,7498.5,97baca979100e8d9e418-Z0029980,7495,850,2.737283609287128090734864431,11817.68351267715734090462505,2.424873786390062973282672268
false,2.38508518632505758199601833,30578,30560,19,72e6777d760308a8b761fa05fa8dc2be7bb649b0,NQZ9,27.98642177760052609217474882,36.73872971179394904609456726,4.349949452323677276499071445,0,19.65338607977565034562833484,5.083675865968634889402529279,full_overnight,2019-10-02T09:30:00-04:00,30577,false,true,,30561,9,4,false,false,false,true,false,false,99.75062344139650872817955112,7642.375,3.174942089345398318956220847,,4da1532f84161080987b,97d40e73a1ab4b85f75a,,WIDTH_EXCEEDS_MAXIMUM,,2019-10-02,2,2019-10-02,INSIDE_VALUE,1.781907004566325631336969026,4.25,17,2019,2.725589009040525881231203036432559260248,POC_BROAD_DISTRIBUTION,7644.5,97d40e73a1ab4b85f75a-Z0030561,7640.25,821,2.375023445728548961895280554,14149.136810402152560794602,3.127899835920856644662173695
false,1.029233269668031335746992069,27465,27457,9,72e6777d760308a8b761fa05fa8dc2be7bb649b0,NQH9,0,8.380024484422181119836062951,6.922628921913975707690660699,0,10.32321856776645500269659929,7.165528182332009943048227741,midnight,2019-01-31T09:30:00-05:00,27465,true,true,,27457,4,4,true,false,false,true,false,false,99.35897435897435897435897436,6865.375,2.668680877937439012581454253,,439e0315cb4276c63939,97e4731a08df9e329d23,,WIDTH_EXCEEDS_MAXIMUM,,2019-01-31,2,2019-01-31,INSIDE_VALUE,2.186093343762308118218103378,2.25,9,2019,2.586428148870686505752115702273283766284,POC_BROAD_DISTRIBUTION,6866.5,97e4731a08df9e329d23-Z0027457,6864.25,675,2.741973283337239278181392079,10035.7803959198696040801304,2.439706692228875796095271131
false,0.6322819063185344816863548804,34434,34430,5,72e6777d760308a8b761fa05fa8dc2be7bb649b0,NQH0,0,14.03646049540583141625581713,12.05949422844726361114936402,0,18.78117953610639414851130462,5.337808920788133073787423417,midnight,2019-12-17T09:30:00-05:00,34434,true,true,,34430,2,4,true,false,false,true,false,false,98.4,8608.125,2.286565023897780353855126494,,a3497e74af2e3330847b,97fccafd6a330ef8cf8f,,WIDTH_EXCEEDS_MAXIMUM,,2019-12-17,2,2019-12-17,INSIDE_VALUE,1.976966266958567805106453117,1.25,5,2019,2.224144163789587473930745698072255910934,POC_BROAD_DISTRIBUTION,8608.75,97fccafd6a330ef8cf8f-Z0034430,8607.5,272,2.439024390243902439024390244,3994.165129315129315129315129,2.028195077140906158028819658
true,3.104104424822199984390151605,31775,31765,11,72e6777d760308a8b761fa05fa8dc2be7bb649b0,NQU9,8.053852763484906003787883818,10.26866227344325515482955187,3.342348896846235991571971785,0,4.550426811368971892140154357,8.818968776015972074147732781,opening_hour_rth,2019-09-12T10:30:00-04:00,31775,true,true,1.583273318538869643442067721,31765,12,4,false,false,false,true,false,false,96.58703071672354948805460751,7942.375,1.746444080226612934668030861,1.103059124269413007108765541,08d6efc8ebc32106a183,985bcd84059d6800a613,1.583273318538869643442067721,,1.497016732346637845499029157,2019-09-12,2,2019-09-12,INSIDE_VALUE,0.88592380398333966041666722,2.75,11,2019,1.6343970605372588780738033608073586407,POC_HVN_ZONE,7944,985bcd84059d6800a613-Z0031765,7941.25,123,1.532400714346458032145590611,7820.391604860308491320228069,1.74318226719965673670980178
false,4.515120661412815998802353554,30059,30038,22,72e6777d760308a8b761fa05fa8dc2be7bb649b0,NQU9,0,3.239116093837395911507787155,4.512614729021329346801447063,0,3.405224611470082881328699317,4.014289176123268437338710577,opening_hour_rth,2019-08-06T10:30:00-04:00,30059,true,true,2.230112375657613704343526187,30038,18,4,true,false,false,true,false,false,99.3006993006993006993006993,7513.125,2.557510065593761698433395997,1.146807709561992467926025222,9f3437f4621cbf88d32b,9879263c791495ebb578,2.230112375657613704343526187,WIDTH_EXCEEDS_MAXIMUM,2.179505181659152014087488943,2019-08-06,2,2019-08-06,INSIDE_VALUE,1.21812912930637111202002252,5.5,22,2019,2.362152941210005756874539168617999445355,POC_BROAD_DISTRIBUTION,7515,9879263c791495ebb578-Z0030038,7509.5,435,2.404336734693877551020408163,27027.15852562702519677057428,2.320709257215380072246299312
true,4.208425390417825839083106229,31250,31237,14,72e6777d760308a8b761fa05fa8dc2be7bb649b0,NQU9,2.673208850420671059830431568,11.07896556896567005907501083,3.118743658824116236468836829,0,10.78194236336337327464940732,2.999934376583197522698595426,prior_rth,2019-07-05T16:00:00-04:00,31248,true,true,1.515448150156711908748464987,31237,16,4,false,false,false,true,false,false,96.6966966966966966966966967,7810.375,1.719878186861083166980996056,1.134897414130091634595992121,8dd26ab337c2632abc81,9888a910ca89e4a8c6d7,1.515448150156711908748464987,,0.9196224467436661942820706699,2019-07-08,2,2019-07-05,INSIDE_VALUE,0.7128556934455122826214484181,3,12,2019,1.553745071733196767181619038789043411559,POC_HVN_ZONE,7812.25,9888a910ca89e4a8c6d7-Z0031237,7809.25,269,1.47846108140225787284610814,14379.5467114576208945433002,1.632862561147367089336009189
true,4.399541277252594521237207912,30310,30291,20,72e6777d760308a8b761fa05fa8dc2be7bb649b0,NQM9,3.523094573550488275807716496,2.983265566312913459353308323,9.29074133508878763055744592,0,3.21056199041294496101832229,9.91580650136387426013623433,opening_hour_rth,2019-05-10T10:30:00-04:00,30306,true,true,1.44812583064255876703280697,30291,17,4,false,false,false,true,false,false,88.98550724637681159420289855,7574.125,1.827218441151175485007381699,1.261781540310213715475881504,1b40ed613b45103cad5f,98a06ce30213e3ab7d7d,1.44812583064255876703280697,,0.9498885952802191671273569516,2019-05-10,2,2019-05-10,INSIDE_VALUE,0.9091856964001260066600558698,4,16,2019,1.650558454502212789067591854571564160653,POC_HVN_ZONE,7576.75,98a06ce30213e3ab7d7d-Z0030291,7572.75,145,1.578274861181221605249873801,9104.959489161496064537329698,1.726152572492832163005435155
false,1.693521544766699821838345485,30781,30772,10,72e6777d760308a8b761fa05fa8dc2be7bb649b0,NQZ9,0,4.059588153008766498662930925,6.126287576358683988891332123,0,3.616723990862355607899702096,7.159637288033642734005532722,midnight,2019-10-10T09:30:00-04:00,30781,true,true,,30772,6,4,true,false,false,true,false,false,99.00497512437810945273631841,7694.625,3.064872162928840017286139774,1.084682108220214233545049643,2584d829456549c7c217,98b79510430e984746d8,2.825594835299527053987142603,WIDTH_EXCEEDS_MAXIMUM,2.825594835299527053987142603,2019-10-10,2,2019-10-10,INSIDE_VALUE,1.476213873821369635877429427,2.5,10,2019,2.939725277300200100822744635042065377024,POC_BROAD_DISTRIBUTION,7695.5,98b79510430e984746d8-Z0030772,7693,1058,3.070430262777938203869477332,11900.23030950905432782141487,2.81458426552212171690212792
false,1.815106821730583163516931063,31025,31014,12,72e6777d760308a8b761fa05fa8dc2be7bb649b0,NQU9,0.1377329405669037660236647847,7.368712320329351482266065981,23.07026754495638080896385144,0,7.644178201463159014313395551,20.86654049588592055258521488,full_overnight,2019-08-30T09:30:00-04:00,31025,true,true,,31015,7,4,true,false,false,true,false,false,99.08256880733944954128440367,7755.375,2.736150765435106237715848988,1.283741678824820117663804771,df108d46b27eb3177f9a,98ecfe9dbc2830f32c72,2.1313873426154316063209132,WIDTH_EXCEEDS_MAXIMUM,2.1313873426154316063209132,2019-08-30,2,2019-08-30,INSIDE_VALUE,1.515062346235941426260312632,2.75,11,2019,2.461713494223550194142602782822979711666,POC_BROAD_DISTRIBUTION,7756.5,98ecfe9dbc2830f32c72-Z0031015,7753.75,563,2.233015950027290921220207411,11625.18268659445130033365327,2.71383342674657477516459229
false,1.924632407769264491886973947,30251,30237,15,72e6777d760308a8b761fa05fa8dc2be7bb649b0,NQM9,0.1298949342174702555709932188,3.831900559415372539344299954,11.7554915466810581291748863,0,5.780324572677426372909198236,10.97612194137623659574892699,prior_rth,2019-04-04T16:00:00-04:00,30251,true,true,,30237,7,4,true,false,false,true,false,false,99.34210526315789473684210526,7561.125,3.133860830875841913916315973,1.36536906572196831470083025,0ed30436f98262cbc991,991fe8d2e10a0a122e81,2.295248156379422197202685887,WIDTH_EXCEEDS_MAXIMUM,2.295248156379422197202685887,2019-04-05,2,2019-04-04,INSIDE_VALUE,1.948424013262053833564898282,3.75,15,2019,2.764871658249946997427431041374216593149,POC_BROAD_DISTRIBUTION,7563,991fe8d2e10a0a122e81-Z0030237,7559.25,752,2.868536294623251144990275425,45568.07167341864165247889344,2.664953307693054589629592274
true,5.1337804229847785820767616,25760,25731,30,72e6777d760308a8b761fa05fa8dc2be7bb649b0,NQH9,0.1947882296490195940446858228,3.774021949449754634615787817,12.53949228365563636662664984,0,4.114901351335538924193988007,14.04910106343553822047296497,prior_rth,2019-01-04T16:00:00-05:00,25748,true,true,3.582121758629597462726898879,25731,20,4,true,false,false,true,false,false,99.5464852607709750566893424,6435.125,4.06696994189808540381870229,1.13535223421717942560629462,c5993779cfe3e439c9e7,994057696f8d6e367c1c,3.582121758629597462726898879,,,2019-01-07,2,2019-01-04,INSIDE_VALUE,0.8765470334205881732010862027,4.5,18,2019,3.636286219225488285009882980456915053957,POC_HVN_ZONE,6437.25,994057696f8d6e367c1c-Z0025731,6432.75,769,3.640676328502415458937198067,38210.56758504346503829146356,3.631901403761502535064171542
false,0.7685974332389205901632650525,27816,27810,7,72e6777d760308a8b761fa05fa8dc2be7bb649b0,NQH9,0,24.23245146879168459826694694,16.42602414998630969412725934,0,18.05236317473742946582302759,17.40182756483698155714472029,midnight,2019-02-07T09:30:00-05:00,27816,true,true,,27810,3,4,true,false,false,true,false,false,99.42528735632183908045977011,6953.375,2.71993990342946684232830588,,6d566695c95d32a0a490,99745143c39e210e7810,,WIDTH_EXCEEDS_MAXIMUM,,2019-02-07,2,2019-02-07,INSIDE_VALUE,2.276874634651567680374075551,1.75,7,2019,2.580799885490804224733400577811490150733,POC_BROAD_DISTRIBUTION,6954.25,99745143c39e210e7810-Z0027810,6952.5,379,2.375405230170736978603846985,7203.471766709382808454015885,2.803954442952291339784298809
false,1.711687481822584066201264526,31421,31410,12,72e6777d760308a8b761fa05fa8dc2be7bb649b0,NQM9,0.1460546990352485564388978173,5.915215310927566535775361602,23.29572449612214475200420186,0,5.915215310927566535775361602,13.5100596607604914705980481,opening_hour_rth,2019-04-25T10:30:00-04:00,31421,true,true,,31411,6,4,true,false,false,true,false,false,99.31271477663230240549828179,7854.125,3.178763633465900795214790107,1.07466086134588833487932382,e15b86761336343d3fe0,99a909474b84c9121dfd,2.957922585442320186474346289,WIDTH_EXCEEDS_MAXIMUM,2.957922585442320186474346289,2019-04-25,2,2019-04-25,INSIDE_VALUE,1.606601689387734120827875991,2.75,11,2019,2.870134099915459311743680453938215932667,POC_BROAD_DISTRIBUTION,7855.5,99a909474b84c9121dfd-Z0031411,7852.75,146,2.672916011324315822585718779,17394.56103689298415464744065,3.081903702397334190397170286
false,1.733533304109103129112930128,32930,32919,12,72e6777d760308a8b761fa05fa8dc2be7bb649b0,NQZ9,0,9.878668012554206116574571207,6.129100591730711824152106224,0,12.4745223808166252420978162,6.273314723300846220014508723,prior_rth,2019-11-08T16:00:00-05:00,32930,true,true,,32921,6,4,true,false,false,true,false,false,99.65156794425087108013937282,8231.375,3.72016197320015019945167266,1.267887163114941436970953999,b3fc6dae2a71962fa13c,99da35a3c3199a037990,2.934142786066598586851706577,WIDTH_EXCEEDS_MAXIMUM,2.934142786066598586851706577,2019-11-11,2,2019-11-08,INSIDE_VALUE,1.442141315701343958624024994,2.5,10,2019,3.277805001991191670621763768725908417628,POC_BROAD_DISTRIBUTION,8232.75,99da35a3c3199a037990-Z0032921,8230.25,458,3.380812757201646090534979423,26381.9600495222012249876027,3.17793572216979708866573853
false,3.253062015004695920090390282,27032,27006,27,72e6777d760308a8b761fa05fa8dc2be7bb649b0,NQH9,2.151818799553347964953658571,3.804108234924668723757360689,4.495764277638244855349608087,0,4.495764277638244855349608087,3.650406892099429583403527934,opening_hour_rth,2019-01-18T10:30:00-05:00,27026,true,true,,27009,13,4,false,false,false,true,false,false,99,6754.875,1.880878003254705220533152574,1.725456441676242347053233288,1cb84e65957c20ca44e5,9a5220275e83f1deefea,1.090075621629413201568596374,WIDTH_EXCEEDS_MAXIMUM,1.090075621629413201568596374,2019-01-18,2,2019-01-18,INSIDE_VALUE,1.383312085427152263184494796,4.5,18,2019,1.656339699704224524923970768245304423119,POC_BROAD_DISTRIBUTION,6756.75,9a5220275e83f1deefea-Z0027009,6752.25,255,1.697623327341721589774315958,17879.89421541289034013260136,1.61606002735142557042670396
false,1.587636366657914848350611725,34918,34906,13,72e6777d760308a8b761fa05fa8dc2be7bb649b0,NQH0,0,1.495934490968823327036209408,2.598202010630061568010258446,0,1.968334856537925430310801853,2.28326843358399349916053015,opening_hour_rth,2019-12-23T10:30:00-05:00,34918,true,true,,34906,6,4,true,false,false,true,false,false,98.30508474576271186440677966,8728.125,2.040732266681860149154039463,,bd801f373240e1f4af47,9b7e0b7f464632e8cea7,,WIDTH_EXCEEDS_MAXIMUM,,2019-12-23,2,2019-12-23,INSIDE_VALUE,2.047068250799442447523233927,3.25,13,2019,1.821905878932375250825663682024681721418,POC_BROAD_DISTRIBUTION,8729.75,9b7e0b7f464632e8cea7-Z0034906,8726.5,273,1.849253731343283582089552238,18361.09695380784090461509817,1.794962462656331739981427102
false,0.6283878097617223428160050696,32233,32229,5,72e6777d760308a8b761fa05fa8dc2be7bb649b0,NQZ9,0,14.91913091623291604262865468,6.564417603142483058756608058,0,18.10187884502927146505610101,10.14500902303838290898748518,midnight,2019-10-28T09:30:00-04:00,32233,true,true,,32229,2,4,true,false,false,true,false,false,99.2125984251968503937007874,8057.875,2.44266050093651042179220654,,e1354530349d35509fb1,9b920e944e80b7ce0e7c,,WIDTH_EXCEEDS_MAXIMUM,,2019-10-28,2,2019-10-28,INSIDE_VALUE,1.989217455497722139017153957,1.25,5,2019,2.353234393449685376604914462090553460262,POC_BROAD_DISTRIBUTION,8058.5,9b920e944e80b7ce0e7c-Z0032229,8057.25,286,2.79185242121445042275172944,3528.646055088702147525676937,1.983526087709755998476346528
false,0.9923995586361432973898304679,27006,27001,6,72e6777d760308a8b761fa05fa8dc2be7bb649b0,NQH9,5.794037240304939802031776057,9.950629173567179225228484967,4.912335921128101136505201439,0,17.00423972698188854944108191,20.2791303410672893071112162,midnight,2019-01-28T09:30:00-05:00,27006,true,true,,27001,3,4,false,false,false,true,false,false,95.62682215743440233236151603,6751.125,4.19295447988298081251610092,0.9808653032989775849811008177,4cf0c25cf38148c08951,9bcbe2d1343fe8d860c9,4.274750534839671274632768746,WIDTH_EXCEEDS_MAXIMUM,4.274750534839671274632768746,2019-01-28,2,2019-01-28,INSIDE_VALUE,1.511487975731723426616985058,1.5,6,2019,3.881513440650483276403714077384374783151,POC_BROAD_DISTRIBUTION,6751.75,9bcbe2d1343fe8d860c9-Z0027001,6750.25,337,4.338024468963446671170156871,4253.009782211252799488093607,3.473043247621502536067462114
false,2.585778088398166863091745895,28080,28068,13,72e6777d760308a8b761fa05fa8dc2be7bb649b0,NQH9,0.3867307888819949714609306499,8.073005217911645029246927317,4.882476209635186514694249455,0,7.106178245706657600594600692,4.592428117973690286098551468,opening_hour_rth,2019-02-21T10:30:00-05:00,28080,true,true,3.80328797941578514970571577,28068,10,4,false,false,false,true,false,false,99.59183673469387755102040816,7017.625,3.82132534866764841814194804,1.004742572571281849070228301,c3c83302c1c1ac9e4ac4,9bd4551702b78fb1ec62,3.80328797941578514970571577,WIDTH_EXCEEDS_MAXIMUM,,2019-02-21,2,2019-02-21,INSIDE_VALUE,1.256875063866483657248024612,3.25,13,2019,3.603567891218832816649161324948582962068,POC_BROAD_DISTRIBUTION,7020.25,9bd4551702b78fb1ec62-Z0028068,7017,308,3.605351170568561872909698996,20971.25637724997127183634926,3.601785493915009615542277565
false,0.9510075923124827295456553021,26289,26283,7,72e6777d760308a8b761fa05fa8dc2be7bb649b0,NQH9,0,15.64130520118115130365674168,7.75493283083771367156090554,0,12.22387717403232832974854602,5.914779277757578224071877107,midnight,2019-01-15T09:30:00-05:00,26289,true,true,,26283,3,4,true,false,false,true,false,false,99.44751381215469613259668508,6571.625,2.811200613026609620045255701,,b3fd665b09930027a22b,9bed6b76a02dbad9c0d1,,WIDTH_EXCEEDS_MAXIMUM,,2019-01-15,2,2019-01-15,INSIDE_VALUE,1.840153553080135447489028433,1.75,7,2019,2.705486702582056686101614090147218154312,POC_BROAD_DISTRIBUTION,6572.5,9bed6b76a02dbad9c0d1-Z0026283,6570.75,435,2.355078966259870782483847811,8365.565780461368696662814309,3.108030941940247289181121089
false,2.652982546773455022344680114,30993,30976,18,72e6777d760308a8b761fa05fa8dc2be7bb649b0,NQU9,0,2.968357258730381850812862112,5.418429916730062108626653061,0,3.251057950038037265175991837,5.229962789191625165717899911,prior_rth,2019-08-21T16:00:00-04:00,30992,true,true,1.673569310183419927192911668,30978,10,4,true,false,false,true,false,false,98.55072463768115942028985507,7745.875,2.527741170161011153728108581,1.510389294772605300253721859,d11dd2c1f709922d9a74,9c99b23f1425b4faa98d,1.673569310183419927192911668,WIDTH_EXCEEDS_MAXIMUM,,2019-08-22,2,2019-08-21,INSIDE_VALUE,1.413503456538277071815648625,3.75,15,2019,2.242471677850160800640782516829828053279,POC_BROAD_DISTRIBUTION,7748.25,9c99b23f1425b4faa98d-Z0030978,7744.5,849,2.393503575076608784473953013,34481.63740627378802079009283,2.100970008285516182626543807
false,2.982460603068159122375901875,29394,29376,19,72e6777d760308a8b761fa05fa8dc2be7bb649b0,NQM9,0,2.556613821539135162775456763,10.85513081604321323211218527,0,2.388967013569355807839361237,11.35807123995255129692047185,prior_rth,2019-03-25T16:00:00-04:00,29394,true,true,1.734182906103010888194321264,29376,11,4,true,false,false,true,false,false,99.67948717948717948717948718,7345.875,1.935797813356127650073588683,1.11625930952472483150186639,f9e439639b6dd67c02e1,9c9a22f6498d977a7cc1,1.734182906103010888194321264,WIDTH_EXCEEDS_MAXIMUM,,2019-03-26,2,2019-03-25,INSIDE_VALUE,1.592644675712903871892907491,4.75,19,2019,1.704792772544447229684698468298898900793,POC_BROAD_DISTRIBUTION,7348.75,9c9a22f6498d977a7cc1-Z0029376,7344,912,1.690102697212504232027987812,46673.12339834196450870262171,1.719610531426989890622064296
false,1.728262147629950211532511001,31659,31653,7,72e6777d760308a8b761fa05fa8dc2be7bb649b0,NQZ9,1.591193791851084923538622624,5.858486233633539945755837842,4.845908366091940448958532536,0,6.581756139020396729182484489,5.279870309324054519014520524,opening_hour_rth,2019-10-21T10:30:00-04:00,31659,true,true,1.93519400134948033251442796,31653,6,4,false,false,false,true,false,false,97.66081871345029239766081871,7914.125,2.137920464177757665259174939,1.08792779983129792949227525,fe7861e25f43e0069197,9ce70884be15874c3e6a,1.965130833598773103974233466,WIDTH_EXCEEDS_MAXIMUM,1.965130833598773103974233466,2019-10-21,2,2019-10-21,INSIDE_VALUE,1.012577867541599496797305306,1.75,7,2019,2.031067790594502435646122120640296849952,POC_BROAD_DISTRIBUTION,7915,9ce70884be15874c3e6a-Z0031653,7913.25,110,2.067032967032967032967032967,6220.451964987526917446953275,1.995728387395690894681162973
false,2.086037326762031312523038874,30046,30030,17,72e6777d760308a8b761fa05fa8dc2be7bb649b0,NQM9,0,20.55332349519891760567804717,7.849811597291714887299778949,0,25.22725711801383181338325906,7.610122693557616722802075775,prior_rth,2019-06-11T16:00:00-04:00,30046,true,true,,30030,8,4,true,false,false,true,false,false,99.76851851851851851851851852,7509.625,2.794160574578012482931730621,,485813fc4ee2b6b976fe,9d185f317b7b7e2c88bd,,WIDTH_EXCEEDS_MAXIMUM,,2019-06-12,2,2019-06-11,INSIDE_VALUE,2.037355681739834398230476979,4.25,17,2019,2.624898769346519893297965766067339095338,POC_BROAD_DISTRIBUTION,7511.75,9d185f317b7b7e2c88bd-Z0030030,7507.5,840,2.947919120693436883108442935,33376.81893007425567814453565,2.337273604608298385225896475
false,3.924789970937609649406397794,30548,30530,19,72e6777d760308a8b761fa05fa8dc2be7bb649b0,NQU9,0.1273953520321885883348542676,2.516058202635724619613371785,5.509848975392156445482447074,0,5.446151299376062151315019941,3.280430314828856149622497391,full_overnight,2019-09-03T09:30:00-04:00,30545,true,true,1.96989879909979230287213268,30530,15,4,true,false,false,true,false,false,98.94736842105263157894736842,7634.125,2.518030908515767777212363162,1.278253943637339043081170896,9ef6ec45b60afb892404,9d52a1fb1024eb3fbffa,1.96989879909979230287213268,WIDTH_EXCEEDS_MAXIMUM,1.597274838064209053434724478,2019-09-03,2,2019-09-03,INSIDE_VALUE,1.019162816257508706678834141,4,16,2019,2.242508541171065978082698132639090602537,POC_BROAD_DISTRIBUTION,7636.5,9d52a1fb1024eb3fbffa-Z0030530,7632.5,1558,2.388079769383013510024954822,17661.97592400952368693441793,2.105810962304847726699951264
false,3.362255366197398036519283592,30972,30946,27,72e6777d760308a8b761fa05fa8dc2be7bb649b0,NQM9,0,6.059920434610969286127896981,3.45750061606638124914045656,0,6.282984990486219689298249018,3.45750061606638124914045656,opening_hour_rth,2019-05-06T10:30:00-04:00,30970,true,true,,30950,13,4,true,false,false,true,false,false,99.72972972972972972972972973,7739.875,4.454289609924879976525673011,,9e2caad2bbc1f0da169b,9d5308a2288507183cdd,,WIDTH_EXCEEDS_MAXIMUM,,2019-05-06,2,2019-05-06,INSIDE_VALUE,1.561451891126752822192464253,5.25,21,2019,3.821806694663174845989323752304746597015,POC_BROAD_DISTRIBUTION,7742.75,9d5308a2288507183cdd-Z0030950,7737.5,363,3.816058643027616774633481077,27701.5866939950194950536033,3.827563404472177240566574364
false,1.420341447271926235982686996,26960,26950,11,72e6777d760308a8b761fa05fa8dc2be7bb649b0,NQH9,1.760140144330641162899293554,3.256259267011686151363693076,9.240735757735866105221291161,0,7.656609627838289058611926962,9.592763786601994337801149872,midnight,2019-01-25T09:30:00-05:00,26960,true,true,2.302073366700247428498302641,26950,5,4,false,false,false,true,false,false,99.05213270142180094786729858,6738.875,2.484032758518534968333827992,1.079041525978429183791941986,4a1add4eb35729e9f883,9d911ba8fdf3a71556ef,2.302073366700247428498302641,WIDTH_EXCEEDS_MAXIMUM,,2019-01-25,2,2019-01-25,INSIDE_VALUE,1.93615415876370527918922291,2.75,11,2019,2.299713302665994425336589819252582970905,POC_BROAD_DISTRIBUTION,6740.25,9d911ba8fdf3a71556ef-Z0026950,6737.5,591,2.4633756074434040535735451,7556.054747572688749159337394,2.146924431044339998212547892
false,1.295215029149877447405061801,33078,33069,10,72e6777d760308a8b761fa05fa8dc2be7bb649b0,NQZ9,14.47636074166517411860913206,21.521522969275558856332243,1.833672360610922055023823394,0,13.99381538360966831465549432,11.4845795217210381340965781,prior_rth,2019-11-12T16:00:00-05:00,33078,true,true,1.586939145147353276086138427,33069,5,4,false,false,false,true,false,false,84.27947598253275109170305677,8268.375,1.805370958898967099429655346,1.137643471975311067656651856,05460552d176c72bf9c1,9e11b604cd425c1720a0,1.586939145147353276086138427,WIDTH_EXCEEDS_MAXIMUM,,2019-11-13,2,2019-11-12,INSIDE_VALUE,1.930181432222023215814550941,2.5,10,2019,1.600823669876097792461441638690184720882,POC_BROAD_DISTRIBUTION,8269.75,9e11b604cd425c1720a0-Z0033069,8267.25,231,1.290849194729136163982430454,21581.73670853036978797627885,1.985233002041966298899199375
false,1.160078946142451803146634356,29954,29946,9,72e6777d760308a8b761fa05fa8dc2be7bb649b0,NQM9,0,10.23637230852891481315598322,2.047274461705782962631196644,0,13.46891093227488791204734634,1.831771886789384756038439102,midnight,2019-04-02T09:30:00-04:00,29954,true,true,,29947,4,4,true,false,false,true,false,false,99.06542056074766355140186916,7487.625,2.278207876319092173247471769,,e1c49c23284b2ccc77d6,9e7804a86a67a38ea8e4,,WIDTH_EXCEEDS_MAXIMUM,,2019-04-02,2,2019-04-02,INSIDE_VALUE,1.724020599331185652742060332,2,8,2019,2.081815501096427141623727977252159122799,POC_BROAD_DISTRIBUTION,7488.75,9e7804a86a67a38ea8e4-Z0029947,7486.75,462,2.477646351242983159582999198,5699.131746031746031746031746,1.749222918125951836395419018
false,1.553434182072852875260288111,29608,29596,13,72e6777d760308a8b761fa05fa8dc2be7bb649b0,NQM9,86.26049403727854559853590226,93.42204624746305171632479713,13.27703499640947763410300734,0,51.09646801648495937972975554,14.24263754160289418931049879,midnight,2019-05-20T09:30:00-04:00,29605,false,true,,29596,6,4,false,false,false,true,false,false,95.23809523809523809523809524,7400.625,2.516214047658161139118183023,,8b3fe6db2f9a3816404c,9ef7cb0f5cc80e3e4967,,WIDTH_EXCEEDS_MAXIMUM,,2019-05-20,2,2019-05-20,INSIDE_VALUE,1.609337575322360925345819072,2.5,10,2019,2.208064672469267297226248899819392300587,POC_BROAD_DISTRIBUTION,7401.5,9ef7cb0f5cc80e3e4967-Z0029596,7399,167,1.605493562231759656652360515,5507.032031621740000847161538,3.036791745853794244823525217
false,2.495554726191570584859344579,26263,26249,15,72e6777d760308a8b761fa05fa8dc2be7bb649b0,NQH9,0.300534383048599372798942789,4.758461064936156735983260826,3.255789149693159871988546881,0,4.057214171156091532785727652,3.656501660424625702387137266,full_overnight,2019-01-10T09:30:00-05:00,26263,true,true,,26251,9,4,true,false,false,true,false,false,99.609375,6564.625,3.753892726344632553408550451,1.071044197354124240587277789,646341da7a1342355e07,a05387c664d64f9ecc12,3.504890587725639706433805146,WIDTH_EXCEEDS_MAXIMUM,3.504890587725639706433805146,2019-01-10,2,2019-01-10,INSIDE_VALUE,1.302315659877263948795418752,3.25,13,2019,3.474644615656041628894096823928220236895,POC_BROAD_DISTRIBUTION,6566,a05387c664d64f9ecc12-Z0026251,6562.75,1534,3.443684450524395804833561332,17657.68164909530416792265745,3.505883125635698371903866169
false,0.7037181655528468735547357421,31778,31774,5,72e6777d760308a8b761fa05fa8dc2be7bb649b0,NQU9,16.34176942265729898606714709,22.91400277742164749133328233,9.059024353864372264015483713,0,18.65093249325017819062011353,9.059024353864372264015483713,midnight,2019-07-24T09:30:00-04:00,31778,true,true,,31774,2,4,false,false,false,true,false,false,97.2972972972972972972972973,7944.125,2.024258102600293290137088211,,838908ecc280b28c8fc0,a0e60bdcd0515c04615d,,WIDTH_EXCEEDS_MAXIMUM,,2019-07-24,2,2019-07-24,INSIDE_VALUE,1.776279285071445541963820336,1.25,5,2019,1.973666899356964293002816079363320972949,POC_BROAD_DISTRIBUTION,7944.75,a0e60bdcd0515c04615d-Z0031774,7943.5,172,1.80487804878048780487804878,3403.195394663815716447295395,2.158240570463657705441097127
false,0.4531789100537978088524126358,34449,34447,3,72e6777d760308a8b761fa05fa8dc2be7bb649b0,NQH0,0,6.895731312008815160835602796,19.58387692610503505677311194,0,7.44738981696952037370245102,18.48055991618362463103941549,midnight,2019-12-18T09:30:00-05:00,34449,true,true,,34447,1,4,true,false,false,true,false,false,98.96907216494845360824742268,8612.125,2.62480603694403417463788965,,ed6bdb1920b01e7a3148,a11703073560044f205c,,BASIN_TOO_NARROW,,2019-12-18,2,2019-12-18,INSIDE_VALUE,1.654975514882115638600544671,0.75,3,2019,2.689865164830529810727924189941478565053,POC_HVN_ZONE,8612.5,a11703073560044f205c-Z0034447,8611.75,165,2.60625305324865657059110894,3103.002380952380952380952381,2.776159665674054163262796356
false,3.135345477062097891845751261,31739,31723,17,72e6777d760308a8b761fa05fa8dc2be7bb649b0,NQZ9,0.558152207724105908655271669,0.9967003709359034083129851233,1.395380519310264771638179173,0,1.076436400610775680978023933,1.395380519310264771638179173,opening_hour_rth,2019-09-20T10:30:00-04:00,31738,true,true,1.861247283378678587935613478,31723,12,4,false,false,false,true,false,false,98.66666666666666666666666667,7931.875,1.973960226207180605512943871,1.060557747396088526784335951,13ebd0ab3a024b7e2a4a,a1727e5940003b5d9784,1.861247283378678587935613478,WIDTH_EXCEEDS_MAXIMUM,,2019-09-20,2,2019-09-20,INSIDE_VALUE,1.275776474797956362640620958,4,16,2019,1.746810543414963607090801543380485737098,POC_BROAD_DISTRIBUTION,7934.75,a1727e5940003b5d9784-Z0031723,7930.75,344,1.715425531914893617021276596,24434.88914549983160789113052,1.778769767510412173282234972
false,1.499330436663082171025859083,28110,28100,11,72e6777d760308a8b761fa05fa8dc2be7bb649b0,NQH9,0.1667410958163440845316554191,22.92690067474731162310262013,4.752121230765806409152179444,0,24.4275705370944083838875189,4.585380134949462324620524025,full_overnight,2019-02-22T09:30:00-05:00,28110,true,true,,28102,5,4,true,false,false,true,false,false,99.58158995815899581589958159,7026.375,3.626364944789555573837261601,,17dd4ff0fee4cd4c320b,a1aaf690d035c082d73a,,WIDTH_EXCEEDS_MAXIMUM,,2019-02-22,2,2019-02-22,INSIDE_VALUE,1.500669862347096760784898772,2.25,9,2019,3.305586876709146205297321570127742575915,POC_BROAD_DISTRIBUTION,7027.75,a1aaf690d035c082d73a-Z0028102,7025.5,792,3.891211840888066604995374653,7808.686366411366411366411367,2.808098105750508305409336851
false,1.50774914535451782080352851,30261,30249,13,72e6777d760308a8b761fa05fa8dc2be7bb649b0,NQU9,19.56558893824718437951757886,23.1305055668261205164635784,6.715308067788228537037813085,0,28.76804814225327533768050791,9.368269279753948452904603439,midnight,2019-08-27T09:30:00-04:00,30261,true,true,,30249,6,4,false,false,false,true,false,false,98.71465295629820051413881748,7563.875,1.934062124805579400048349713,,9792478af0eff397274a,a1b2e5e69632d658e94f,,WIDTH_EXCEEDS_MAXIMUM,,2019-08-27,2,2019-08-27,INSIDE_VALUE,2.155530984722147431641767163,3.25,13,2019,1.772357294277016622105757861062075587366,POC_BROAD_DISTRIBUTION,7565.5,a1b2e5e69632d658e94f-Z0030249,7562.25,435,1.760895354645354645354645355,6240.48255513891335511330589,1.783893841442722734436209487
false,1.364724669651740913202101848,28178,28168,11,72e6777d760308a8b761fa05fa8dc2be7bb649b0,NQH9,21.24970746473015961262677617,30.68384483053708392340504317,9.617324499123563617783670249,0,20.60855249812192203810786482,5.953581832790777477675605392,full_overnight,2019-02-19T09:30:00-05:00,28178,false,true,,28168,5,4,false,false,false,true,false,false,97.07317073170731707317073171,7043.375,2.650116979596193333676362886,,592495d59088e835ff75,a2024937029600443ae7,,WIDTH_EXCEEDS_MAXIMUM,,2019-02-19,2,2019-02-19,INSIDE_VALUE,2.015058466483032377059435671,2.75,11,2019,2.397743582236665471358740853329180867941,POC_BROAD_DISTRIBUTION,7044.75,a2024937029600443ae7-Z0028168,7042,549,2.116541918982961597773347876,9996.904963924963924963924964,2.716305419984171104165590344
false,1.677964227723067625837109325,32957,32946,12,72e6777d760308a8b761fa05fa8dc2be7bb649b0,NQZ9,0.8939403923023089829543042596,2.607326144215067866950054091,2.905306274982504194601488844,0,2.756316209598786030775771467,3.203286405749940522252923597,full_overnight,2019-11-05T09:30:00-05:00,32957,true,true,3.921633453864503190238758752,32946,6,4,false,false,false,true,false,false,99.33333333333333333333333333,8237.875,4.0382817444138089943151929,1.029744822386283155319260561,45837736280764e1fbef,a216dac9d82c12feddf7,3.921633453864503190238758752,WIDTH_EXCEEDS_MAXIMUM,,2019-11-05,2,2019-11-05,INSIDE_VALUE,1.787880784604617965908608519,3,12,2019,3.821196151546649438599886839977972201704,POC_BROAD_DISTRIBUTION,8239.5,a216dac9d82c12feddf7-Z0032946,8236.5,1519,3.840513754045307443365695792,21779.84600578544112022532522,3.801975715674696803424477568
false,1.707380688855655826917513581,31814,31805,10,72e6777d760308a8b761fa05fa8dc2be7bb649b0,NQU9,0,3.001673870069918620614403109,11.05494522879409052957987487,0,3.001673870069918620614403109,11.49421457563359081552344605,prior_rth,2019-07-12T16:00:00-04:00,31814,true,true,,31805,6,4,true,false,false,true,false,false,99.45945945945945945945945946,7952.875,2.291532330636664356558658727,1.118995036286095532569330818,e3ef4ce92b126361098a,a2416577d9ad1ea04ea5,2.047848521511032014243576416,WIDTH_EXCEEDS_MAXIMUM,2.047848521511032014243576416,2019-07-15,2,2019-07-12,INSIDE_VALUE,1.464231156131667619811903956,2.5,10,2019,2.06091479880026435546250143872421075788,POC_BROAD_DISTRIBUTION,7953.75,a2416577d9ad1ea04ea5-Z0031805,7951.25,401,2.157795229784758580570098895,23882.35101010101010101010101,1.968384093766678637034156943
false,1.16367731848961680126128317,29538,29530,9,72e6777d760308a8b761fa05fa8dc2be7bb649b0,NQM9,13.31984370041522175144986866,14.71627892707165628990832263,7.841520888147670869805164612,0,14.50144273835528174553009894,7.841520888147670869805164612,midnight,2019-03-27T09:30:00-04:00,29538,true,true,0.8999000661870094903420051616,29532,4,4,false,false,false,true,false,false,90.39548022598870056497175141,7383.625,1.670027984506951791665901861,1.855792712165331636261326499,ccb24490ce3336a99f1e,a2444bab827b8b6b91d3,0.8999000661870094903420051616,WIDTH_EXCEEDS_MAXIMUM,,2019-03-27,2,2019-03-27,INSIDE_VALUE,1.503853321014621810647565816,1.75,7,2019,1.593181012000439099800681510426498406841,POC_BROAD_DISTRIBUTION,7384.75,a2444bab827b8b6b91d3-Z0029532,7383,241,1.473726032129901537398514424,4743.75191874087384923298236,1.722318586807056850993702417
false,2.23837853935892083809468363,26591,26578,14,72e6777d760308a8b761fa05fa8dc2be7bb649b0,NQH9,0,13.45840279929948827473974965,4.63505158648073662574024573,0,13.7934667694065294766004903,4.63505158648073662574024573,prior_rth,2019-01-15T16:00:00-05:00,26591,true,true,3.734281501217300996166150522,26578,8,4,true,false,false,true,false,false,99.77876106194690265486725664,6645.875,4.329721828958517373154227797,1.159452448227889288185461139,16c00ff07753222f604a,a2b4d1d9bae00cc28d85,3.734281501217300996166150522,WIDTH_EXCEEDS_MAXIMUM,,2019-01-16,2,2019-01-15,INSIDE_VALUE,1.563631860499525608683456391,3.5,14,2019,3.960705589988117740867300132701881152935,POC_BROAD_DISTRIBUTION,6648,a2b4d1d9bae00cc28d85-Z0026578,6644.5,853,4.106115146222496751794500415,44492.61988677409095748970591,3.820445411764662467440915578
false,1.876825649697348621151339466,30021,30007,15,72e6777d760308a8b761fa05fa8dc2be7bb649b0,NQM9,1.864850898944395658655179532,12.58774356787467069592246184,7.925616320513681549284513011,0,9.923670855096962612129348224,8.058819956152566953474168692,full_overnight,2019-03-22T09:30:00-04:00,30021,true,true,,30007,7,4,false,false,false,true,false,false,98.7012987012987012987012987,7503.625,2.072106231646982622558174211,1.18770709245323447080871698,b59753eee76d92513b5c,a2c4ee32ea61e14001ff,1.744627311576461805144615529,WIDTH_EXCEEDS_MAXIMUM,1.744627311576461805144615529,2019-03-22,2,2019-03-22,INSIDE_VALUE,1.998054534583281062844835213,3.75,15,2019,1.911653617165813299965977275276619218664,POC_BROAD_DISTRIBUTION,7505.5,a2c4ee32ea61e14001ff-Z0030007,7501.75,797,1.843189668118336086499474396,14651.34693226457663124778484,1.98266061015513330276459014
false,0.7407643290869977594705372308,32986,32982,5,72e6777d760308a8b761fa05fa8dc2be7bb649b0,NQZ9,1.349957011607880439135686812,10.29342221351008834840961194,18.39316428315737098322373281,0,8.943465201902207909273925128,20.08061054766722153214334133,midnight,2019-11-13T09:30:00-05:00,32986,true,true,,32982,2,4,false,false,false,true,false,false,99.41520467836257309941520468,8246.125,2.185825976038381379526617588,,3e70f70ceb5e6afcb505,a31636e2e2c009407ac3,,WIDTH_EXCEEDS_MAXIMUM,,2019-11-13,2,2019-11-13,INSIDE_VALUE,1.687446264509850548919608515,1.25,5,2019,2.112530496231852691216055352842677384604,POC_BROAD_DISTRIBUTION,8246.75,a31636e2e2c009407ac3-Z0032982,8245.5,202,2.190361445783132530120481928,3153.602847152847152847152846,2.037465143527484133888214364
false,2.00873785606185151642557634,30578,30564,15,72e6777d760308a8b761fa05fa8dc2be7bb649b0,NQM9,0,3.422547137872185483163707166,3.671459656990162609211976778,0,3.422547137872185483163707166,3.29809087831319692013957236,prior_rth,2019-04-12T16:00:00-04:00,30578,true,true,,30569,8,4,true,false,false,true,false,false,97.9020979020979020979020979,7643.125,2.894606127265560927617847682,1.046276608912172722474686972,8425d3b203f6af4169a7,a328890a96b337747025,2.76657826678847406484510111,WIDTH_EXCEEDS_MAXIMUM,2.76657826678847406484510111,2019-04-15,2,2019-04-12,INSIDE_VALUE,1.24456259558988563024134806,2.5,10,2019,2.723465778450426708838470252062697877851,POC_BROAD_DISTRIBUTION,7644.75,a328890a96b337747025-Z0030569,7642.25,621,2.790791954745443117536140792,46397.12174210322514266517499,2.65776380563886956128518896
false,1.235216134448172866180585768,28767,28759,9,72e6777d760308a8b761fa05fa8dc2be7bb649b0,NQH9,6.274205609743170087895802775,8.601733497228539636631342515,1.922740428792261801129358915,0,7.18497739180266252000970963,2.732315346178477296341720564,full_overnight,2019-03-04T09:30:00-05:00,28766,true,true,1.249071947051332115480563838,28760,4,4,false,false,false,true,false,false,80.46875,7190.875,1.801455428557952043850182917,1.442235119290465550866014267,aa009860284ba7787b4f,a36957f0b1db7aaec370,1.249071947051332115480563838,WIDTH_EXCEEDS_MAXIMUM,,2019-03-04,2,2019-03-04,INSIDE_VALUE,1.416756105425877116621632885,1.75,7,2019,1.611169650533762629476152799827965289602,POC_BROAD_DISTRIBUTION,7191.75,a36957f0b1db7aaec370-Z0028760,7190,317,1.396091384530690889072391963,6268.776766860590390002154709,1.859382323796598646995260732
false,1.751676316724080697318789557,27820,27806,15,72e6777d760308a8b761fa05fa8dc2be7bb649b0,NQH9,13.27300014164790294619887632,23.33479057160679711509157288,1.213123668860292204760112352,0,12.77347863094072380306235947,7.63554309223830975937247186,full_overnight,2019-02-07T09:30:00-05:00,27817,false,true,,27806,7,4,false,false,false,true,false,false,99.54337899543378995433789954,6953.375,2.597207280296981193390608672,,993b381304d3d7a4ecc0,a36d752cff4fc8028f51,,WIDTH_EXCEEDS_MAXIMUM,,2019-02-07,2,2019-02-07,INSIDE_VALUE,1.712645179567471347896629202,3,12,2019,2.395307941286901067437889818676130053328,POC_BROAD_DISTRIBUTION,6954.5,a36d752cff4fc8028f51-Z0027806,6951.5,629,2.042207792207792207792207792,12050.81101735553747937648866,2.809459524874983188751049655
false,3.963878126229409759188741874,24971,24941,31,72e6777d760308a8b761fa05fa8dc2be7bb649b0,NQH9,0.1261390951178458256576401066,11.38405333438558576560201962,10.75335785879635663731381909,0,11.88860971485696906823258005,7.410671838173442257386356263,full_overnight,2019-01-04T09:30:00-05:00,24971,true,true,,24946,15,4,true,false,false,true,false,false,99.83305509181969949916527546,6239.125,3.236408466118316803904873651,,c94dd9166c2b32445cae,a404958bcfca17c7c90e,,WIDTH_EXCEEDS_MAXIMUM,,2019-01-04,2,2019-01-04,INSIDE_VALUE,1.639808236531995733549321386,6.5,26,2019,2.827229742240308417263825970919747006517,POC_BROAD_DISTRIBUTION,6243,a404958bcfca17c7c90e-Z0024946,6236.5,1621,2.781569056595125416814676462,18854.53231638915696487486925,2.873639968224475599456522557
false,1.548069209068840191470403078,31751,31742,10,72e6777d760308a8b761fa05fa8dc2be7bb649b0,NQZ9,1.77640636729291852063851256,13.48453924263260877030143625,35.77036457776195021103913927,0,18.16779239276848487016660572,28.34175613271883639745990493,prior_rth,2019-10-22T16:00:00-04:00,31751,true,true,2.507759393169094408882616036,31742,6,4,false,false,false,true,false,false,99.53596287703016241299303944,7936.375,2.888626284248327529860584791,1.151875372141633463598336491,67bb0d2351f2e26f32b6,a486faafe4e900f27ea7,2.507759393169094408882616036,WIDTH_EXCEEDS_MAXIMUM,,2019-10-23,2,2019-10-22,INSIDE_VALUE,1.614914879357198655125920509,2.5,10,2019,2.626076766861313192258756744525300147941,POC_BROAD_DISTRIBUTION,7938,a486faafe4e900f27ea7-Z0031742,7935.5,348,2.767306273062730627306273063,16088.26706512441806559453617,2.492054910068293591380018076
false,3.923210169899265333675561647,31871,31844,28,72e6777d760308a8b761fa05fa8dc2be7bb649b0,NQU9,0,2.198454741521395629135141938,4.428771145963391194924416368,0,2.134731415680195755826876954,4.428771145963391194924416368,opening_hour_rth,2019-07-25T10:30:00-04:00,31861,true,true,1.774579258646256437833761292,31846,15,4,true,false,false,true,false,false,99.08675799086757990867579909,7964.125,2.779357877108980373174575086,1.566206673253480137096426783,11007f928b39a56b9bdd,a4bf1b9b0c9d1a64e8b4,1.774579258646256437833761292,WIDTH_EXCEEDS_MAXIMUM,,2019-07-25,2,2019-07-25,INSIDE_VALUE,1.019573213459197972932239739,4,16,2019,2.439885960670483412110825741100177984776,POC_BROAD_DISTRIBUTION,7965.5,a4bf1b9b0c9d1a64e8b4-Z0031846,7961.5,260,2.504398311048557353976073188,18843.31336195375096976927642,2.377035423963558637457761672
false,1.517688164549230855038742263,33579,33567,13,72e6777d760308a8b761fa05fa8dc2be7bb649b0,NQZ9,0,3.376846522040433924979288074,6.506606713199860489594237996,0,3.376846522040433924979288074,7.330227816136551690808698502,prior_rth,2019-11-26T16:00:00-05:00,33577,true,true,,33567,6,4,true,false,false,true,false,false,96.2962962962962962962962963,8393.375,2.191020415918672537679904013,,a780b7789a99bb450fbd,a501ce74696a9872dd17,,WIDTH_EXCEEDS_MAXIMUM,,2019-11-27,2,2019-11-26,INSIDE_VALUE,1.811966426460720642671813113,2.75,11,2019,2.063223469527098158908883576257373029334,POC_BROAD_DISTRIBUTION,8394.5,a501ce74696a9872dd17-Z0033567,8391.75,596,2.236180206219949417748256025,30875.6113493021842167952225,1.903644023575053123669207643
false,0.4663715690573010320735062725,32990,32988,3,72e6777d760308a8b761fa05fa8dc2be7bb649b0,NQZ9,0,19.56594399277982405424310057,12.59725161178974973355377708,0,19.02989073270366449111315261,13.13330487186590929668372504,midnight,2019-11-07T09:30:00-05:00,32990,true,true,,32988,1,4,true,false,false,true,false,false,99.64157706093189964157706093,8247.375,4.425127525611501134558804899,,1c715dfb93fd3b9eb424,a5c693ba16173c360e68,,BASIN_TOO_NARROW,,2019-11-07,2,2019-11-07,INSIDE_VALUE,1.608159780228478689389843883,0.75,3,2019,4.564146504884041034177474493317726149996,POC_HVN_ZONE,8247.75,a5c693ba16173c360e68-Z0032988,8247,199,4.664062500000000000000000001,3452.312652161578643359225155,4.466370962662959085099922652
false,0.6420029616626342092665430133,28175,28171,5,72e6777d760308a8b761fa05fa8dc2be7bb649b0,NQH9,44.78172487794195258534494019,52.37514779202776193677299527,2.920547274648388212087713491,0,27.45314438169484919362450681,12.65570485680968225238009179,midnight,2019-02-19T09:30:00-05:00,28175,false,true,,28171,2,4,false,false,false,true,false,false,99.40119760479041916167664671,7043.375,2.988108428522701121139996458,,8a44ad841c94ef36d285,a5ccb97ef5a151660b5e,,WIDTH_EXCEEDS_MAXIMUM,,2019-02-19,2,2019-02-19,INSIDE_VALUE,1.947031516432258808058475661,1.25,5,2019,2.915739653505883343578609329661340879033,POC_BROAD_DISTRIBUTION,7044,a5ccb97ef5a151660b5e-Z0028171,7042.75,271,2.817117958294428882664176782,4866.902563449622273151684917,3.017813898064000444133784017
false,1.715891706287686504803811515,30922,30913,10,72e6777d760308a8b761fa05fa8dc2be7bb649b0,NQZ9,0,37.95402691286226116545426065,16.39089454010366365110788608,0,54.27207303278768631144611168,16.39089454010366365110788608,prior_rth,2019-09-24T16:00:00-04:00,30922,true,true,,30913,6,4,true,false,false,true,false,false,99.8699609882964889466840052,7729.875,4.423597699009734087557271434,1.046961318952449719117394288,1cb766408b85dcfa37a2,a5e1ab9bc435e92c1a78,4.22517777775765417525286023,WIDTH_EXCEEDS_MAXIMUM,4.22517777775765417525286023,2019-09-25,2,2019-09-24,INSIDE_VALUE,1.456968403564770102320700985,2.5,10,2019,4.293215299190523516074109830442996108842,POC_BROAD_DISTRIBUTION,7730.75,a5e1ab9bc435e92c1a78-Z0030913,7728.25,572,4.604019258949131253925057569,26421.45548074358145374218684,4.003392811482421281821820862
true,1.847621959045115344710103072,27980,27971,10,72e6777d760308a8b761fa05fa8dc2be7bb649b0,NQH9,0,2.097290509581662758156792157,8.862743766296703913501282987,0,2.097290509581662758156792157,10.35114348277401296767707097,opening_hour_rth,2019-02-12T10:30:00-05:00,27977,true,true,2.673347852585753097456395982,27971,7,4,true,false,false,true,false,false,97.22222222222222222222222222,6993.375,2.755671386081120530723022557,1.030794171965216313965264033,30a01245a113a958b017,a5e57978c67205028a6d,2.673347852585753097456395982,,,2019-02-12,2,2019-02-12,INSIDE_VALUE,0.9471634559401057617482287162,1.75,7,2019,2.519122385305432915567504523232888096231,POC_HVN_ZONE,6994.5,a5e57978c67205028a6d-Z0027971,6992.75,100,2.579166069637483880212064765,8065.975182355484213069352389,2.460476534199636249303031337
false,0.6793206363835585437936877821,32222,32218,5,72e6777d760308a8b761fa05fa8dc2be7bb649b0,NQZ9,0.3680147291430799496502441328,11.59246396800701841398269018,11.22444923886393846433244605,0,18.5847438217255374573373287,10.85643450972085851468220192,midnight,2019-10-30T09:30:00-04:00,32222,true,true,,32218,2,4,true,false,false,true,false,false,98.1981981981981981981981982,8055.125,2.802489233236329801067672504,,6b874159d2c1330912f8,a612510f13d1a9e00d97,,WIDTH_EXCEEDS_MAXIMUM,,2019-10-30,2,2019-10-30,INSIDE_VALUE,1.840073645715399748251220664,1.25,5,2019,2.712027951012394292709484602328164625367,POC_BROAD_DISTRIBUTION,8055.75,a612510f13d1a9e00d97-Z0032218,8054.5,337,3.134227063259321323837452868,3816.244166944166944166944167,2.346701581800468288751486356
true,2.707376823159817466638326365,32300,32288,13,72e6777d760308a8b761fa05fa8dc2be7bb649b0,NQZ9,0.5540418264530051489196077246,5.21722719909913181899297274,5.124886894690297627506371453,0,6.140630243187473733858985614,4.755525677054960861559966303,prior_rth,2019-10-31T16:00:00-04:00,32295,true,true,2.811952806534811428554784934,32288,10,4,false,false,false,true,false,false,98.95104895104895104895104895,8072.875,2.876481332250723348523188624,1.022947940508087993537571104,d91a2523dbaf31682c6e,a62e611536f2437869bc,2.811952806534811428554784934,,1.585734724555719565741290187,2019-11-01,2,2019-10-31,INSIDE_VALUE,0.7387224352706735318928102995,2,8,2019,2.689037147389453670049503904985449350418,POC_HVN_ZONE,8074,a62e611536f2437869bc-Z0032288,8072,474,2.787547293962822832702747163,24413.06456205661193732667514,2.59400828667585227373475988
false,2.021390832137412410402963331,28021,28005,17,72e6777d760308a8b761fa05fa8dc2be7bb649b0,NQH9,0.1236772206667479409030202694,6.122022423004023074699503338,6.493054085004266897408564146,0,7.85350351233849424734178711,6.493054085004266897408564146,prior_rth,2019-02-06T16:00:00-05:00,28021,true,true,,28005,8,4,true,false,false,true,false,false,99.2481203007518796992481203,7003.375,3.099749932596325248901176722,,6afe3bf5e07f44f5f93f,a66de59b7ee4c5abcf76,,WIDTH_EXCEEDS_MAXIMUM,,2019-02-07,2,2019-02-06,INSIDE_VALUE,2.102512751334714995351344581,4.25,17,2019,2.751939189776603672443860450123573275176,POC_BROAD_DISTRIBUTION,7005.5,a66de59b7ee4c5abcf76-Z0028005,7001.25,1080,3.014417325974271263981868167,48709.07813347401515391823643,2.512316141156942315634829195
true,3.462403554460442696012119321,31049,31040,10,72e6777d760308a8b761fa05fa8dc2be7bb649b0,NQU9,1.01085848167268765326940575,4.296148547108922526394974438,3.068677533649230375996410313,0,4.296148547108922526394974438,4.007331838059583196889429938,prior_rth,2019-06-21T16:00:00-04:00,31049,true,true,2.188577980567242692586619002,31040,13,4,false,false,false,true,false,false,92.10526315789473684210526316,7760.875,2.598523060806093553656785448,1.059756774350315421626364306,be385b8010e2f676a066,a6cd444d26ffe79f5182,2.45199948110652069453563894,,2.45199948110652069453563894,2019-06-24,2,2019-06-21,INSIDE_VALUE,0.7220417726233483237638612501,2.5,10,2019,2.465017789542718861662877823266111489167,POC_HVN_ZONE,7762.5,a6cd444d26ffe79f5182-Z0031040,7760,483,2.426402266288951841359773371,25394.39140879325871594543013,2.50424786820507559870744368
false,0.9574710457775931079110693971,31520,31514,7,72e6777d760308a8b761fa05fa8dc2be7bb649b0,NQU9,6.26650803328178612717289307,2.219388261787299253373732962,10.83583680754975517823646093,0,1.697179259013817076109325206,7.963687292295603203282218276,midnight,2019-09-09T09:30:00-04:00,31520,false,true,,31515,3,4,false,false,false,true,false,false,76.47058823529411764705882353,7879.375,1.731421377624918923150221712,,c9046ccdd6265706981b,a6f57f63ac1bfaf68618,,WIDTH_EXCEEDS_MAXIMUM,,2019-09-09,2,2019-09-09,INSIDE_VALUE,1.566627008320446531793223267,1.5,6,2019,1.674423317847248252911508640774530542901,POC_BROAD_DISTRIBUTION,7880.25,a6f57f63ac1bfaf68618-Z0031515,7878.75,311,1.423992673992673992673992675,6461.082711732711732711732711,1.968895977174817330553096003
false,1.239946205347385391101473158,34684,34676,9,72e6777d760308a8b761fa05fa8dc2be7bb649b0,NQH0,0.2016216501343778734445537936,7.560811880039170254170767261,2.52027062667972341805692242,0,16.02892118568304093884202659,3.528378877351612785279691389,full_overnight,2019-12-20T09:30:00-05:00,34684,true,true,,34676,4,4,true,false,false,true,false,false,99.57983193277310924369747899,8670.125,4.469491278269746026020268864,,3d462a78005948fa31c1,a74ab7f5a9f371436d93,,WIDTH_EXCEEDS_MAXIMUM,,2019-12-20,2,2019-12-20,INSIDE_VALUE,1.814594851209400861000984143,2.25,9,2019,4.12800137988390853055572496979732840794,POC_BROAD_DISTRIBUTION,8671.25,a74ab7f5a9f371436d93-Z0034676,8669,576,4.655256723716381418092909534,10865.76168831168831168831169,3.660463085850993823171458272
false,1.297232907835583063801510205,31475,31465,11,72e6777d760308a8b761fa05fa8dc2be7bb649b0,NQZ9,0,8.961382285156616624644610171,4.336152718624169334505456534,0,8.383228589340060713377215966,4.336152718624169334505456534,midnight,2019-09-17T09:30:00-04:00,31475,true,true,,31465,5,4,true,false,false,true,false,false,99.28571428571428571428571429,7867.625,2.656189584367712149397323014,,69a5f5b7efe38d03b389,a7533a3115dc381d02cb,,WIDTH_EXCEEDS_MAXIMUM,,2019-09-17,2,2019-09-17,INSIDE_VALUE,2.119896884660705007980445417,2.75,11,2019,2.335505007261877202736132159270318035882,POC_BROAD_DISTRIBUTION,7869,a7533a3115dc381d02cb-Z0031465,7866.25,793,2.497581606713009831049920137,9927.32984629442778077439075,2.183946111824514308692115763
false,1.65015337144140935169013842,28531,28522,10,72e6777d760308a8b761fa05fa8dc2be7bb649b0,NQH9,0,13.25634354877703424595954146,9.468816820555024461399672475,0,14.16534996355031659425391002,9.771818958812785244164461994,prior_rth,2019-02-25T16:00:00-05:00,28531,true,true,,28522,6,4,true,false,false,true,false,false,99.04761904761904761904761905,7132.125,2.01916401867161277245514177,1.142769241911075703858127022,d38422993b01d835e6e9,a77eae6f020c8266dd0e,1.766904414836126210591877516,WIDTH_EXCEEDS_MAXIMUM,1.766904414836126210591877516,2019-02-26,2,2019-02-25,INSIDE_VALUE,1.515010691288803913823947596,2.5,10,2019,1.890395908604665506732061750037536251934,POC_BROAD_DISTRIBUTION,7133,a77eae6f020c8266dd0e-Z0028522,7130.5,473,2.213728549141965678627145085,20342.49583496568790686437746,1.614288568783364997597236641
false,1.164320265260970872478582948,34535,34527,9,72e6777d760308a8b761fa05fa8dc2be7bb649b0,NQH0,0,2.898686985615188213117368281,9.769648729295634347914093094,0,2.898686985615188213117368281,10.84323650174570405647608135,prior_rth,2019-12-18T16:00:00-05:00,34535,true,true,,34527,4,4,true,false,false,true,false,false,99.25925925925925925925925926,8632.875,2.803526302497214644196734122,,91c6421202fce0d0c71d,a83316e00f1ed3b0db79,,WIDTH_EXCEEDS_MAXIMUM,,2019-12-19,2,2019-12-18,INSIDE_VALUE,1.932457990410125475411578854,2.25,9,2019,2.55394905629849917931418456848517647576,POC_BROAD_DISTRIBUTION,8634,a83316e00f1ed3b0db79-Z0034527,8631.75,513,2.828004410143329658213891951,30452.39026873968824433220718,2.306451771706187539649593816
false,1.456392281940556466244415083,32856,32846,11,72e6777d760308a8b761fa05fa8dc2be7bb649b0,NQZ9,0,5.063882919080873771916015829,4.377254726663128175724013682,0,5.922168159603055767156018511,4.033940630454255377628012609,prior_rth,2019-11-04T16:00:00-05:00,32856,true,true,,32846,5,4,true,false,false,true,false,false,99.23076923076923076923076923,8212.875,2.167261472837601496557630662,,e009cb68097b1cb0c374,a83ffdd492a6e0eb82f3,,WIDTH_EXCEEDS_MAXIMUM,,2019-11-05,2,2019-11-04,INSIDE_VALUE,1.888227529148800389528005902,2.75,11,2019,2.077108101806581087805688813256319428233,POC_BROAD_DISTRIBUTION,8214.25,a83ffdd492a6e0eb82f3-Z0032846,8211.5,719,2.158311589350451428175583624,41744.09263189007838354991404,1.998959783137225286878517809
false,2.167033994864963296419036929,31823,31807,17,72e6777d760308a8b761fa05fa8dc2be7bb649b0,NQZ9,0,2.13425355160992874235707023,9.863712360143184187650243496,0,3.864729404266627722646586633,11.24809304226854337188185662,prior_rth,2019-10-17T16:00:00-04:00,31821,true,true,,31807,8,4,true,false,false,true,false,false,99.28825622775800711743772242,7953.875,3.50007335589890285049689015,,b62f195b83effc94e0dd,a8683b5b7cb1a8b37e17,,WIDTH_EXCEEDS_MAXIMUM,,2019-10-18,2,2019-10-17,INSIDE_VALUE,1.730475852656698980289516403,3.75,15,2019,3.172787427759887322490436112458043320008,POC_BROAD_DISTRIBUTION,7955.5,a8683b5b7cb1a8b37e17-Z0031807,7951.75,912,3.196407857811038353601496726,43239.84299532914252257367076,3.149341545119648801239789661
false,2.180298823711373446730082687,33185,33174,12,72e6777d760308a8b761fa05fa8dc2be7bb649b0,NQZ9,0.917305452926648329547472568,2.350595223124536344465398456,3.497227039282846756399739166,0,2.465258404740367385658832527,3.95587976574617092117347545,opening_hour_rth,2019-11-18T10:30:00-05:00,33184,true,true,2.418848946732994744600173852,33174,8,4,false,false,false,true,false,false,93.61702127659574468085106383,8294.625,2.322445317827464329179977127,0.9601448329232226527766992458,f36fbc148b01199011b9,a89c62b0555fee56d569,2.418848946732994744600173852,WIDTH_EXCEEDS_MAXIMUM,1.60907523994693883759627316,2019-11-18,2,2019-11-18,INSIDE_VALUE,1.261294997774141453127774781,2.75,11,2019,2.084951608997574146294975294517664791462,POC_BROAD_DISTRIBUTION,8296.25,a89c62b0555fee56d569-Z0033174,8293.5,172,2.11789363374377783599685617,12468.35767561154389798891077,2.052521969281992244971473625
false,1.624025699449364996005576567,33178,33166,13,72e6777d760308a8b761fa05fa8dc2be7bb649b0,NQZ9,0.3078769013135246559118881912,16.54838344560195025526399028,2.847861337150103067184965768,0,18.39564485348309819073531942,2.847861337150103067184965768,full_overnight,2019-12-05T09:30:00-05:00,33178,true,true,,33166,6,4,true,false,false,true,false,false,99.54337899543378995433789954,8293.125,3.128238824895583285897019358,,2ed553a1cac83b42b109,a8df7bda6f808c8ad31a,,WIDTH_EXCEEDS_MAXIMUM,,2019-12-05,2,2019-12-05,INSIDE_VALUE,2.001199858537910263427273243,3.25,13,2019,2.846090333650134047787163780915302168873,POC_BROAD_DISTRIBUTION,8294.75,a8df7bda6f808c8ad31a-Z0033166,8291.5,962,2.821870102733762841720355215,16783.50192801694349681965781,2.870518447836920160632385573
true,1.877763575292305707263532874,26550,26544,7,72e6777d760308a8b761fa05fa8dc2be7bb649b0,NQH9,3.062153337970098340412883123,12.44831900435670412298280748,8.054794649877867373694757781,0,18.17321437534427928114602375,10.05185117464097498700750764,prior_rth,2019-01-29T16:00:00-05:00,26550,true,true,2.848913184881747818439988251,26544,7,4,false,false,false,true,false,false,99.4623655913978494623655914,6636.875,3.165420347737676594693863547,1.025541982020380431885260457,353cebf6db810b36cc1c,a8e8cd9fdeafc9045041,3.086582902731690122156823449,,3.086582902731690122156823449,2019-01-30,2,2019-01-29,INSIDE_VALUE,0.9319597115561168862126166028,1.75,7,2019,3.03767927840139535750596043498607828267,POC_HVN_ZONE,6637.75,a8e8cd9fdeafc9045041-Z0026544,6636,321,2.938142807932680478322917178,19573.66268408314662857669992,3.140587779979905207812748504
false,2.805686972137338631172405052,31239,31224,16,72e6777d760308a8b761fa05fa8dc2be7bb649b0,NQM9,0.44552368543371929193519733,1.559332899018017521773190655,5.301731856661259574028848227,0,1.559332899018017521773190655,5.658150805008235007577006091,opening_hour_rth,2019-05-03T10:30:00-04:00,31237,true,true,2.110416788525464016109303872,31224,11,4,false,false,false,true,false,false,98.02631578947368421052631579,7807.125,2.165485694329370665887462704,1.026093853168398539528925341,b5bd5e9a68413d7334f8,a8ed7f6deb2c36d48d75,2.110416788525464016109303872,WIDTH_EXCEEDS_MAXIMUM,,2019-05-03,2,2019-05-03,INSIDE_VALUE,1.247466319214414017418552524,3.5,14,2019,1.972964273507578950155953859461330191286,POC_BROAD_DISTRIBUTION,7809.5,a8ed7f6deb2c36d48d75-Z0031224,7806,274,2.144814090019569471624266145,17589.61353654496742395517465,1.814883650126418408569030039
false,1.842111447602693864765271252,28261,28247,15,72e6777d760308a8b761fa05fa8dc2be7bb649b0,NQH9,3.121418091985148207264374089,6.446406929099762601959033445,1.153567555733641728771616511,0,5.632123948581897852237892378,2.239278196424128061733137934,opening_hour_rth,2019-02-19T10:30:00-05:00,28259,true,true,2.313618030656917847001831286,28247,7,4,false,false,false,true,false,false,89.34911242603550295857988166,7063.625,2.359417732607274791950339674,1.01979570583539789949304519,57bf099ee64280c6d0a0,a91b0d83fbfdbd7618f0,2.313618030656917847001831286,WIDTH_EXCEEDS_MAXIMUM,,2019-02-19,2,2019-02-19,INSIDE_VALUE,1.764279791122040291062472311,3.25,13,2019,2.214604433392177569347060834549998564764,POC_BROAD_DISTRIBUTION,7065,a91b0d83fbfdbd7618f0-Z0028247,7061.75,161,2.124873096446700507614213198,12740.49511339007233474860342,2.30812503796191282298464066
false,1.60012050499282247902283422,31895,31885,11,72e6777d760308a8b761fa05fa8dc2be7bb649b0,NQU9,0,3.202883772821215590551317978,6.015171963591063426157353276,0,4.140313169744498202419996411,5.54645726512942212022301406,prior_rth,2019-07-15T16:00:00-04:00,31895,true,true,1.877633561086572949423385369,31885,6,4,true,false,false,true,false,false,96.74796747967479674796747967,7972.375,2.081010348042106567911586638,1.108315483473698107601978078,f84af1144b00a0e95029,aa08d10a6ccffa576036,1.877633561086572949423385369,WIDTH_EXCEEDS_MAXIMUM,,2019-07-16,2,2019-07-15,INSIDE_VALUE,1.718620561026018121759243793,2.75,11,2019,2.015100495661897779698286508440232014021,POC_BROAD_DISTRIBUTION,7974,aa08d10a6ccffa576036-Z0031885,7971.25,637,2.058023167240156549604685981,32129.92226127770615588626088,1.973073030592847403700633658
false,1.784949159366040864937377638,31338,31324,15,72e6777d760308a8b761fa05fa8dc2be7bb649b0,NQM9,0,2.170930180093354042225676458,6.512790540280062126677029373,0,2.451050203331206176706408904,6.092610505423283924955930704,opening_hour_rth,2019-04-24T10:30:00-04:00,31338,true,true,,31325,7,4,true,false,false,true,false,false,99.2,7832.875,2.62389333191958165299695318,,c8fbfa01e238ea54bc5b,aa3718c08e199e7db8ae,,WIDTH_EXCEEDS_MAXIMUM,,2019-04-24,2,2019-04-24,INSIDE_VALUE,1.960840162664964941365127123,3.5,14,2019,2.273319318358811403808267888495131472253,POC_BROAD_DISTRIBUTION,7834.75,aa3718c08e199e7db8ae-Z0031325,7831.25,258,2.236477115117891816920943135,24311.46530164537904475984972,2.310768435004062282316097272
false,2.105673785013554485098332934,29767,29751,17,72e6777d760308a8b761fa05fa8dc2be7bb649b0,NQM9,0.5936342129044236516946172597,4.689710281944946848387476351,8.251515559371488758555179909,0,8.014061874209719297877333006,7.776608189047949837199486102,opening_hour_rth,2019-03-21T10:30:00-04:00,29763,true,true,,29751,8,4,true,false,false,true,false,false,98.20788530465949820788530466,7439.875,4.130328824408756465220943944,1.790128718808996467564847881,047e01dc1f02ec65bd1b,aaeb377cea9a3fa95cd2,2.307280354206448080112949978,WIDTH_EXCEEDS_MAXIMUM,2.307280354206448080112949978,2019-03-21,2,2019-03-21,INSIDE_VALUE,1.543448953551501494406004875,3.25,13,2019,3.938967840710160805012282728294137543434,POC_BROAD_DISTRIBUTION,7441,aaeb377cea9a3fa95cd2-Z0029751,7437.75,254,4.199715538698589546047173165,19004.87505632205473498748762,3.694409182522111837165454013
false,4.492975013385721804662394154,29493,29470,24,72e6777d760308a8b761fa05fa8dc2be7bb649b0,NQM9,0,11.04502024875598720742699911,3.477651211824932999819584102,0,11.1563050875343850634212258,3.477651211824932999819584102,opening_hour_rth,2019-05-13T10:30:00-04:00,29490,true,true,2.596407882326246762093661473,29470,17,4,true,false,false,true,false,false,99.7311827956989247311827957,7369.125,2.809046350569947503303526302,1.081897174050013938969942915,c350fb0acb686870bdc8,ab1a6955dc8ed01fe770,2.596407882326246762093661473,WIDTH_EXCEEDS_MAXIMUM,,2019-05-13,2,2019-05-13,INSIDE_VALUE,1.168490807173177487939380258,5.25,21,2019,2.586557663626627614260686881545631161806,POC_BROAD_DISTRIBUTION,7372.75,ab1a6955dc8ed01fe770-Z0029470,7367.5,393,2.605431993156544054747647562,24015.70281383484102533312531,2.567820063942717356410185535
false,1.798809570907238161847925098,33263,33250,14,72e6777d760308a8b761fa05fa8dc2be7bb649b0,NQZ9,0.2779616075468303307419691491,3.960952907542332213073060375,14.94043640564213027738084176,0,7.296492198104296181976690164,14.52349399432188478126788804,opening_hour_rth,2019-12-05T10:30:00-05:00,33261,true,true,2.264493903881524787594647023,33250,7,4,true,false,false,true,false,false,99.07407407407407407407407407,8314.125,2.866465010006755410995616813,1.265830305435313251919091227,3c5884836d071d93211e,ab4ba526034b8129b3a0,2.264493903881524787594647023,WIDTH_EXCEEDS_MAXIMUM,,2019-12-05,2,2019-12-05,INSIDE_VALUE,1.667769645280981984451814895,3,12,2019,2.522676949801568033179477247758458440148,POC_BROAD_DISTRIBUTION,8315.5,ab4ba526034b8129b3a0-Z0033250,8312.5,175,2.513966480446927374301675977,12615.6008755395509773738616,2.531417599461701327604141449
false,2.144607331508060017293981029,29609,29594,16,72e6777d760308a8b761fa05fa8dc2be7bb649b0,NQM9,64.3474439225012779404280262,73.84801761758072386822672935,14.62971777585853329986180668,0,58.22744246248077596239818675,10.31657388974884619153601507,full_overnight,2019-05-20T09:30:00-04:00,29605,false,true,,29595,8,4,false,false,false,true,false,false,84.23236514522821576763485477,7400.625,1.953907903356093238851727281,1.740508740099538884804014717,f990aedf50bf1a719880,abd713de1e7d0808ba77,1.122607349414602856414387686,WIDTH_EXCEEDS_MAXIMUM,1.122607349414602856414387686,2019-05-20,2,2019-05-20,INSIDE_VALUE,1.282286020194771843015775884,2.75,11,2019,1.686168825531590861095971899654612847574,POC_BROAD_DISTRIBUTION,7401.5,abd713de1e7d0808ba77-Z0029595,7398.75,181,1.147327260452923486967271325,5945.746484971634776887947766,2.478077010976105649026176086
false,1.718697099214231363275358516,31443,31431,13,72e6777d760308a8b761fa05fa8dc2be7bb649b0,NQZ9,0,6.9093035680511208434483484,13.8913366473448850641961531,0,7.345680635506981107245086193,15.78230393965361287398201687,full_overnight,2019-09-16T09:30:00-04:00,31442,true,true,,31431,6,4,true,false,false,true,false,false,99.37694704049844236760124611,7859.375,3.590095301278715496133401979,,231c1b23a427f14da435,abe48e8b2462887f23b1,,WIDTH_EXCEEDS_MAXIMUM,,2019-09-16,2,2019-09-16,INSIDE_VALUE,1.745508269823441055186951175,3,12,2019,3.148576561304301633746200645575423280242,POC_BROAD_DISTRIBUTION,7860.75,abe48e8b2462887f23b1-Z0031431,7857.75,1110,3.140734080812354558916860589,9444.772351152154671447656535,3.156438624638566470868104403
false,4.515120661412815998802353554,30047,30022,26,72e6777d760308a8b761fa05fa8dc2be7bb649b0,NQU9,0,6.062960893593074398463293906,7.779415575797506419946052911,0,6.062960893593074398463293906,7.502568046409694803577865975,prior_rth,2019-08-06T16:00:00-04:00,30047,true,true,1.336639694271428063342515238,30022,18,4,true,false,false,true,false,false,99.10714285714285714285714286,7508.125,1.873374056765489563160391854,1.374944364178934742257880794,3a514f043f91959f7a92,abec185a3aed004f59a6,1.362508989870436218053314509,WIDTH_EXCEEDS_MAXIMUM,1.362508989870436218053314509,2019-08-07,2,2019-08-06,INSIDE_VALUE,1.439607152816620405114572069,6.5,26,2019,1.59370196081665547366734614753647024418,POC_BROAD_DISTRIBUTION,7512,abec185a3aed004f59a6-Z0030022,7505.5,942,1.524073672806067172264355363,48538.38295059583999508741209,1.666511262040574399597616108
false,2.156578365840260715804012242,30772,30757,16,72e6777d760308a8b761fa05fa8dc2be7bb649b0,NQU9,0,2.260525319746759759753267299,2.492374070490017171010012663,0,2.376449695118388465381639981,2.956071571976531993523503391,opening_hour_rth,2019-06-27T10:30:00-04:00,30772,true,true,1.991987011641174671875540662,30757,8,4,true,false,false,true,false,false,99.07407407407407407407407407,7691.125,2.497055261161046663123807148,1.253549971243914989379364242,d6464e3241bb42144c24,ac0bfff797b0253fbccb,1.991987011641174671875540662,WIDTH_EXCEEDS_MAXIMUM,,2019-06-27,2,2019-06-27,INSIDE_VALUE,1.854790005946059290053962912,4,16,2019,2.303578826476389057164751026270453674653,POC_BROAD_DISTRIBUTION,7693.25,ac0bfff797b0253fbccb-Z0030757,7689.25,454,2.422529644268774703557312254,22207.13414342776374309294556,2.190468720308297364769075617
false,0.9945179214710334610151337417,30936,30930,7,72e6777d760308a8b761fa05fa8dc2be7bb649b0,NQU9,3.770671115160214125770681218,11.18632430830863523978635428,16.71664194387694929091668674,0,7.667031267492435389067051811,15.459751572156877915659793,midnight,2019-08-21T09:30:00-04:00,30936,true,true,,30930,3,4,false,false,false,true,false,false,99.60159362549800796812749004,7733.375,3.131119271271097152050278259,,843c85cb77c0b24ec3e8,ac26ec6dd2abe8fde6ee,,WIDTH_EXCEEDS_MAXIMUM,,2019-08-21,2,2019-08-21,INSIDE_VALUE,1.759646520408099925359651235,1.75,7,2019,2.994507150806970808383590779856186729946,POC_BROAD_DISTRIBUTION,7734.25,ac26ec6dd2abe8fde6ee-Z0030930,7732.5,374,3.014288925280159265324470989,7138.23023254909771328981079,2.974855197532416029148805387
false,1.149188360192521518224658957,31295,31287,9,72e6777d760308a8b761fa05fa8dc2be7bb649b0,NQU9,0,5.982483149105550687426698801,7.722841883390801796496283906,0,5.764938307319894298793000662,6.852662516248176241961491353,midnight,2019-07-08T09:30:00-04:00,31295,true,true,,31287,4,4,true,false,false,true,false,false,98.6013986013986013986013986,7822.875,3.429137710819212510686762947,,443f02edee4872540c5f,ac4a9c022d511c8d0867,,WIDTH_EXCEEDS_MAXIMUM,,2019-07-08,2,2019-07-08,INSIDE_VALUE,1.957903576070907497703283244,2.25,9,2019,3.273557589511694190934487092410225343733,POC_BROAD_DISTRIBUTION,7824,ac4a9c022d511c8d0867-Z0031287,7821.75,777,3.51128175957527493363670838,9332.753291153291153291153291,3.051928049529652120140855356
false,1.269506439530000135053863418,28834,28824,11,72e6777d760308a8b761fa05fa8dc2be7bb649b0,NQH9,0,1.673878866488241557235161185,8.566321257910412675262295477,0,1.673878866488241557235161185,8.960175108848822453435274579,opening_hour_rth,2019-03-04T10:30:00-05:00,28834,true,true,,28824,5,4,true,false,false,true,false,false,99.10714285714285714285714286,7207.375,1.948451206386148313767743774,,4347de038d88ac88681b,ac6104e9664e42332129,,WIDTH_EXCEEDS_MAXIMUM,,2019-03-04,2,2019-03-04,INSIDE_VALUE,2.166196180161253779951385063,2.75,11,2019,1.735788923934745594064579863475599051187,POC_BROAD_DISTRIBUTION,7208.75,ac6104e9664e42332129-Z0028824,7206,178,1.80514306410720753350235422,13161.23616528829002387074951,1.66909939071488574105926307
false,0.7547015402028467815598840175,31766,31760,7,72e6777d760308a8b761fa05fa8dc2be7bb649b0,NQU9,40.74458360285722002125872084,51.17917208651577636816644203,15.0721833652845813899778195,0,41.2414687687457227044448028,16.72846725157959033393142604,midnight,2019-07-30T09:30:00-04:00,31766,true,true,,31760,3,4,false,false,false,true,false,false,98.86685552407932011331444759,7940.875,2.838102774724408698045932002,,591e973df2a95551564a,ac933053c34563cc11b1,,WIDTH_EXCEEDS_MAXIMUM,,2019-07-30,2,2019-07-30,INSIDE_VALUE,2.318797440813012521535049154,1.75,7,2019,2.719806907664769091163870792829843517128,POC_BROAD_DISTRIBUTION,7941.75,ac933053c34563cc11b1-Z0031760,7940,186,2.329549902152641878669275929,5569.715504909034320799026681,3.175441576995369474141461616
false,1.175502037843288712729518422,28345,28337,9,72e6777d760308a8b761fa05fa8dc2be7bb649b0,NQH9,0,19.2470955146198029086819681,13.50486812351776226189287265,0,19.2470955146198029086819681,17.75836989470445903729220261,midnight,2019-02-21T09:30:00-05:00,28345,true,true,,28337,4,4,true,false,false,true,false,false,99.18699186991869918699186992,7085.375,2.763219602475113359514780987,,6a1a43a728a14ffe4d23,acd5eee3a6c6db0fb3a7,,WIDTH_EXCEEDS_MAXIMUM,,2019-02-21,2,2019-02-21,INSIDE_VALUE,1.914075797034013548929698485,2.25,9,2019,2.609948312588139192707300920623594175568,POC_BROAD_DISTRIBUTION,7086.5,acd5eee3a6c6db0fb3a7-Z0028337,7084.25,443,2.997936783032103656020467113,5294.27329059829059829059829,2.272172726568374100091221052
false,1.449089080751396394046129781,32214,32204,11,72e6777d760308a8b761fa05fa8dc2be7bb649b0,NQZ9,0,1.811482837645052385542134428,7.332192438087116798622925064,0,2.32904936268649592426845855,8.367325488170003876075573309,opening_hour_rth,2019-10-30T10:30:00-04:00,32214,true,true,,32204,5,4,true,false,false,true,false,false,99.47916666666666666666666667,8052.375,3.682472448107391229421523246,,feee63d0085b2f7fa6b1,ad381629b9c850eff487,,WIDTH_EXCEEDS_MAXIMUM,,2019-10-30,2,2019-10-30,INSIDE_VALUE,1.897743925151959641996521781,2.75,11,2019,3.445740519545760608528659153712619986491,POC_BROAD_DISTRIBUTION,8053.75,ad381629b9c850eff487-Z0032204,8051,259,3.705514157973174366616989568,16753.21266403674298411140516,3.204178211677323283961052983
false,4.158557655890529763874370704,30690,30673,18,72e6777d760308a8b761fa05fa8dc2be7bb649b0,NQM9,0,9.949363078179998456048334841,12.53439396858326089477992637,0,10.61065005014362373107269547,12.53439396858326089477992637,prior_rth,2019-05-07T16:00:00-04:00,30690,true,true,2.355052709715532180976155987,30673,16,4,true,false,false,true,false,false,98.83211678832116788321167883,7671.375,2.487557396880651772222556603,1.056264000639342330812557692,b0a682623b774853dca4,ad62f06283dce5735121,2.355052709715532180976155987,WIDTH_EXCEEDS_MAXIMUM,1.983934709130775642941922617,2019-05-08,2,2019-05-07,INSIDE_VALUE,1.082105954122295904585317385,4.5,18,2019,2.37437213642530159524101869426103062505,POC_BROAD_DISTRIBUTION,7672.75,ad62f06283dce5735121-Z0030673,7668.25,739,2.516379344627376123439115565,38975.01708145550004321659889,2.240378842033322149819813146
false,1.498513368101729897693791923,30888,30878,11,72e6777d760308a8b761fa05fa8dc2be7bb649b0,NQM9,21.6881615418419580926834849,1.918568136393711677429692895,26.60970589172147935217704493,0,6.589864468482748805084597334,17.60077725126405060598544351,opening_hour_rth,2019-04-17T10:30:00-04:00,30886,false,true,,30878,5,4,false,false,false,true,false,false,97.67441860465116279069767442,7720.875,2.219224525086554135970510128,,e52887ac02f39630f366,ad67804f2742bbc1114d,,WIDTH_EXCEEDS_MAXIMUM,,2019-04-17,2,2019-04-17,INSIDE_VALUE,1.50148810674290479103193357,2.25,9,2019,2.130097043077924594678324860503946803117,POC_BROAD_DISTRIBUTION,7721.75,ad67804f2742bbc1114d-Z0030878,7719.5,99,2.087378640776699029126213592,11062.67516339869281045751634,2.173689681542882455256222071
true,4.327674538501634156721686446,31487,31477,11,72e6777d760308a8b761fa05fa8dc2be7bb649b0,NQU9,0.2310709807549966234143169828,5.401284175148046072309659473,3.090574367598079838166489645,0,5.343516429959296916456080227,2.166290444578093344509221714,full_overnight,2019-08-01T09:30:00-04:00,31487,true,true,3.327302625031240224083544173,31477,17,4,false,false,false,true,false,false,99.00990099009900990099009901,7869.875,3.442677041184741886790211937,1.034675059396624136670167482,66dd72de6d0f9f93fc2c,ada94ffb17e766ded89d,3.327302625031240224083544173,,2.789628603118655082234499796,2019-08-01,2,2019-08-01,INSIDE_VALUE,0.6354451970762407143893717027,2.75,11,2019,3.200129215465456852078060010627068973413,POC_HVN_ZONE,7872,ada94ffb17e766ded89d-Z0031477,7869.25,808,3.008885666179163542959676529,14548.62248320135317039341807,3.403528126969305788417346953
false,2.69008944507440390754216108,30912,30901,12,72e6777d760308a8b761fa05fa8dc2be7bb649b0,NQM9,0.1858674256781713580697469493,6.923561606511883088098073861,13.52185521808696629957409056,0,13.89359006944330901571358446,16.12399917758136531255054785,prior_rth,2019-05-02T16:00:00-04:00,30912,true,true,2.808183231116406566795821203,30901,10,4,true,false,false,true,false,false,99.38900203665987780040733198,7727.375,3.180855359733079625064366671,1.132709334806659138625824627,ba6b849c2149c73d69d3,add69811c575bc7be9d6,2.808183231116406566795821203,WIDTH_EXCEEDS_MAXIMUM,2.77078771912907119650174402,2019-05-03,2,2019-05-02,INSIDE_VALUE,1.115204554069028148418481696,3,12,2019,3.005857019396120549104406069765367950037,POC_BROAD_DISTRIBUTION,7728.25,add69811c575bc7be9d6-Z0030901,7725.25,706,3.438948412698412698412698412,31636.59729050668465299010807,2.627307925786350705204653419
true,2.035482752077498097656085172,28290,28280,11,72e6777d760308a8b761fa05fa8dc2be7bb649b0,NQH9,0.7369259201381283151623752542,0.9211574001726603939529690678,5.588354894380806389981345678,0,1.04397838686234844648003161,5.588354894380806389981345678,opening_hour_rth,2019-02-22T10:30:00-05:00,28287,true,true,1.789835742180208590225673036,28280,8,4,false,false,false,true,false,false,96.46017699115044247787610619,7070.625,1.803525087778218601829050322,1.007648380952173268006219786,4b82912d16e3d78f9a29,ae80c73c3c56b84a2ac9,1.789835742180208590225673036,,,2019-02-22,2,2019-02-22,INSIDE_VALUE,0.982567893517504420216500339,2,8,2019,1.612390143943006193074986102903814656445,POC_HVN_ZONE,7072,ae80c73c3c56b84a2ac9-Z0028280,7070,131,1.652120535714285714285714285,8958.410260499734183944710261,1.573615193373610224198117601
false,4.999738733571430863335517792,30261,30237,25,72e6777d760308a8b761fa05fa8dc2be7bb649b0,NQU9,0,12.27564144259962065750967265,24.67628941720127411193899574,0,12.72566495780693872642041422,21.3261143595467951544923641,full_overnight,2019-08-26T09:30:00-04:00,30261,true,true,4.126598132067844913497298329,30237,19,4,true,false,false,true,false,false,99.90834097158570119156736939,7562.375,5.340759315420130380000494306,1.294228113447011947999861638,3f0b2e3f8a811f793d84,aec103bc81dde32c2f9b,4.126598132067844913497298329,WIDTH_EXCEEDS_MAXIMUM,4.114290973170008868526994171,2019-08-26,2,2019-08-26,INSIDE_VALUE,1.250065320020327969196504344,6.25,25,2019,4.694969618073533826242519121363738626876,POC_BROAD_DISTRIBUTION,7565.5,aec103bc81dde32c2f9b-Z0030237,7559.25,2038,4.218084894474745079440360446,31563.69614381034790389543141,5.225769576972538687661699132
false,1.283959684186351878681534574,31768,31758,11,72e6777d760308a8b761fa05fa8dc2be7bb649b0,NQU9,54.71355593576723711367135727,61.62576673904032222945546112,15.86887832300722357567336519,0,36.50815565109023828759209782,9.83286325536030417879147168,full_overnight,2019-07-30T09:30:00-04:00,31768,false,true,,31758,5,4,false,false,false,true,false,false,96.45776566757493188010899183,7940.875,2.389018337551158231218440853,,b5f7ba79a41c85d43249,aedfe7d56ce59a13ab62,,WIDTH_EXCEEDS_MAXIMUM,,2019-07-30,2,2019-07-30,INSIDE_VALUE,2.141811798197293979538736405,2.75,11,2019,2.168110677927731608170726383120491754671,POC_BROAD_DISTRIBUTION,7942.25,aedfe7d56ce59a13ab62-Z0031758,7939.5,276,1.748861688682675161441110784,8312.471831567125684772743596,2.687864879289018623404613126
false,1.175489329855702579294064843,31201,31193,9,72e6777d760308a8b761fa05fa8dc2be7bb649b0,NQZ9,6.167644244707840228837421184,9.251466367061760343256131777,9.676821142558852772831126341,0,7.337369877324844410168656237,9.676821142558852772831126341,midnight,2019-10-01T09:30:00-04:00,31201,true,true,,31193,4,4,false,false,false,true,false,false,99.39759036144578313253012048,7799.375,2.214217682783738188580408807,,083c358873617f19eb89,af2bbd4d5a82910d1c3f,,WIDTH_EXCEEDS_MAXIMUM,,2019-10-01,2,2019-10-01,INSIDE_VALUE,1.91409648973691593308747554,2.25,9,2019,2.080534593121054794775233266757857394428,POC_BROAD_DISTRIBUTION,7800.5,af2bbd4d5a82910d1c3f-Z0031193,7798.25,434,1.828017558549643500545532973,6859.832307806572512454865397,2.367933597206659715214500517
false,1.239084727289264085729321517,33378,33370,9,72e6777d760308a8b761fa05fa8dc2be7bb649b0,NQZ9,6.05285484908501053296183035,11.39954329911010317041144716,3.127308338693922108696945681,0,11.80306695571577053927556918,3.127308338693922108696945681,opening_hour_rth,2019-11-25T10:30:00-05:00,33378,true,true,,33370,4,4,false,false,false,true,false,false,99.4897959183673469387755102,8343.625,3.013078172348896798219910881,,7d0cdd2106ffede822d1,af4c9892381444addc87,,WIDTH_EXCEEDS_MAXIMUM,,2019-11-25,2,2019-11-25,INSIDE_VALUE,1.815856454725503159888549105,2.25,9,2019,2.900275731493267608393109121769758283631,POC_BROAD_DISTRIBUTION,8344.75,af4c9892381444addc87-Z0033370,8342.5,102,2.884848484848484848484848486,9216.321849718908542437954203,2.915785478116918915680165778
false,3.203501555882501744753366586,26793,26773,21,72e6777d760308a8b761fa05fa8dc2be7bb649b0,NQH9,0,2.146089171511600081537873934,5.735911058403731127019408515,0,2.614326808932312826600682793,5.970029877114087499550812944,prior_rth,2019-01-24T16:00:00-05:00,26793,true,true,1.252016005498975605879690682,26775,12,4,true,false,false,true,false,false,99.56140350877192982456140351,6696.375,1.894226868120618429977954514,1.212189446889538376191353645,eca6068ac0fb1cf29170,af5a501b9487519a4306,1.562649198919507833278376804,WIDTH_EXCEEDS_MAXIMUM,1.562649198919507833278376804,2019-01-25,2,2019-01-24,INSIDE_VALUE,1.482752518498923692698894718,4.75,19,2019,1.683569009258272542231081262573969503038,POC_BROAD_DISTRIBUTION,6698.5,af5a501b9487519a4306-Z0026775,6693.75,980,1.721059563881164934874871945,44888.73426878793825389174325,1.64689512694320105860266455
true,9.592206208222729699755261779,24943,24905,39,72e6777d760308a8b761fa05fa8dc2be7bb649b0,NQH9,0,0.4560994525169420863520245762,3.427261600341593391730927529,0,0.7949161886723847790706714042,3.896392465787590966264438522,full_overnight,2019-01-03T09:30:00-05:00,24933,true,true,1.753684131148445262428638771,24908,38,4,true,false,false,true,false,false,99.73045822102425876010781671,6231.375,2.587120219765950229581919526,1.475248691491384973036501137,dd6716190e9f0b32c696,aff182161a328ec87f35,1.753684131148445262428638771,,0.9217816351788720951927858052,2019-01-03,2,2019-01-03,INSIDE_VALUE,0.677633472310885385437293656,6.5,26,2019,2.241558614096875052491800052065261908931,POC_HVN_ZONE,6233.5,aff182161a328ec87f35-Z0024908,6227,2424,2.609673712435142946686631612,18184.99140128584014471622657,1.92536905916232505887142731
true,8.462819100674575552035276392,29748,29730,19,72e6777d760308a8b761fa05fa8dc2be7bb649b0,NQU9,4.165278683221552595031252885,6.247918024832328892546879328,0.9009999988528890365138525745,0.08862295070684154457513304012,4.80040982995391699781970634,1.905393440197093208365360363,opening_hour_rth,2019-08-07T10:30:00-04:00,29748,true,true,1.668277879368486472232039666,29730,33,4,false,false,false,true,false,false,96.35535307517084282460136674,7434.875,1.824624720504566955332642161,1.093717505380617020191581485,1bb1a32c0fce62b3050d,b00fdd27fc75be133f3a,1.668277879368486472232039666,,1.304188503131876107298730757,2019-08-07,2,2019-08-07,INSIDE_VALUE,0.5612786878099964489758425874,4.75,19,2019,1.65608984629359960228917035150621364397,POC_HVN_ZONE,7437.25,b00fdd27fc75be133f3a-Z0029730,7432.5,234,1.620692919348731541082923135,11595.05234762696389176219796,1.692259863823477324727997151
false,2.22876417328261861239271491,30101,30088,14,72e6777d760308a8b761fa05fa8dc2be7bb649b0,NQM9,19.51754273577152442619631924,25.51862627809207935034288866,1.514292108809859653756610975,0,21.3683442020946862252321771,6.00108354232055492414656942,full_overnight,2019-05-17T09:30:00-04:00,30101,true,true,1.581221482299107184550467269,30088,8,4,false,false,false,true,false,false,90.52132701421800947867298578,7523.375,2.119129909247858632764404108,1.340185377551681629448805842,eaccc966b57a3a5a750c,b018885b273b986365e5,1.581221482299107184550467269,WIDTH_EXCEEDS_MAXIMUM,,2019-05-17,2,2019-05-17,INSIDE_VALUE,1.570377001728743344636485456,3.5,14,2019,1.852577248640587671941014779358625581501,POC_BROAD_DISTRIBUTION,7525.5,b018885b273b986365e5-Z0030088,7522,411,1.396226111316835987184234677,11478.34827852502001108812255,2.458085000962942175862174727
false,0.7561322704952144281669034308,32021,32015,7,72e6777d760308a8b761fa05fa8dc2be7bb649b0,NQU9,0,15.04366424217043456534221928,3.140984841771848975181342488,0,15.04366424217043456534221928,4.132874791805064441028082221,midnight,2019-07-26T09:30:00-04:00,32021,true,true,,32015,3,4,true,false,false,true,false,false,99.18032786885245901639344262,8004.625,2.881930906880122721183715401,,10d016383fe39b64caf6,b076082803860117f9e2,,WIDTH_EXCEEDS_MAXIMUM,,2019-07-26,2,2019-07-26,INSIDE_VALUE,2.314409883410836086975726044,1.75,7,2019,2.637785956650841218180829357707647088583,POC_BROAD_DISTRIBUTION,8005.5,b076082803860117f9e2-Z0032015,8003.75,430,2.503101440977192480198492223,8438.880407841731517179849442,2.779717449400722088833652287
true,5.442462116875279847387354204,30043,30027,17,72e6777d760308a8b761fa05fa8dc2be7bb649b0,NQU9,0,9.807142218684762280028982927,2.962813457167059330500559245,0,9.026245648578715634780773514,2.825008180089521687221463466,prior_rth,2019-08-14T16:00:00-04:00,30043,true,true,2.624825990463065041763439498,30027,21,4,true,false,false,true,false,false,99.828473413379073756432247,7509.375,3.01688130373744703518461891,1.042393697340239125689885523,4a006b5ffa3905e9c863,b0cf01c681a9ff0cbead,2.894186056031698838923942249,,2.894186056031698838923942249,2019-08-15,2,2019-08-14,INSIDE_VALUE,0.7808965701060466452482094134,4.25,17,2019,2.890856262440483947572043699885482018249,POC_HVN_ZONE,7511,b0cf01c681a9ff0cbead-Z0030027,7506.75,1006,2.822768970131007729552302021,52282.38239891024789155821941,2.960585871008602084564791394
false,1.487058415704859755071521182,31746,31736,11,72e6777d760308a8b761fa05fa8dc2be7bb649b0,NQU9,0,11.34790659316588941004485747,13.70154647915585165805416124,0,11.01167232373875194604352836,13.53342934444228292605349668,prior_rth,2019-07-23T16:00:00-04:00,31746,true,true,,31736,5,4,true,false,false,true,false,false,99.60159362549800796812749004,7935.375,2.348762763327181607552163856,,196a9e00a667656b4b15,b11ca29448e6e762bae8,,WIDTH_EXCEEDS_MAXIMUM,,2019-07-24,2,2019-07-23,INSIDE_VALUE,1.849288481849256052007310106,2.75,11,2019,2.188041527289828776199472716950678198154,POC_BROAD_DISTRIBUTION,7936.75,b11ca29448e6e762bae8-Z0031736,7934,449,2.164208626185812497599569843,26064.38384802558816558008913,2.212136883301454804317788684
false,2.253086093507322459145262142,26904,26892,13,72e6777d760308a8b761fa05fa8dc2be7bb649b0,NQH9,0.665753521058304400315733495,1.719863262733953034148978195,8.710275233846149237464179893,0,3.162329225026945901499734101,7.045891431200388236674846156,opening_hour_rth,2019-01-30T10:30:00-05:00,26904,true,true,2.095075007506963507746491641,26892,9,4,false,false,false,true,false,false,96.44970414201183431952662722,6723.875,2.086907568297386504129625256,0.9961016005726230032925181908,e242cec4fe93e5cc182c,b18472f9ec449e5a289a,2.095075007506963507746491641,WIDTH_EXCEEDS_MAXIMUM,,2019-01-30,2,2019-01-30,INSIDE_VALUE,1.442465962292992867350755906,3.25,13,2019,1.847370923112430014604938131731733277271,POC_BROAD_DISTRIBUTION,6726.25,b18472f9ec449e5a289a-Z0026892,6723,175,1.724791508718726307808946171,15419.71256539978171422511174,1.978661948594864842066612568
false,4.255047517945363996469742854,32831,32797,35,72e6777d760308a8b761fa05fa8dc2be7bb649b0,NQZ9,0,4.494661909024906537819020689,4.083385655911516397103554744,0,3.965878155021976356899135902,4.377154408135366497614601848,prior_rth,2019-12-03T16:00:00-05:00,32824,true,true,1.722276506326253327808178532,32807,17,4,true,false,false,true,false,false,99.4623655913978494623655914,8203.625,3.290492878582144079969057173,1.910548548096388686506025256,573ef7c65aad80d33826,b1a8727dd5c83681f0d8,1.722276506326253327808178532,WIDTH_EXCEEDS_MAXIMUM,,2019-12-04,2,2019-12-03,INSIDE_VALUE,1.057567508005860361839769574,4.5,18,2019,2.910417305836510149613233961843260993,POC_BROAD_DISTRIBUTION,8206.25,b1a8727dd5c83681f0d8-Z0032807,8201.75,934,2.929973689536531066585711394,59327.20133040730850126703883,2.890991453050397521296456332
false,1.465746821228921084134139516,33284,33276,9,72e6777d760308a8b761fa05fa8dc2be7bb649b0,NQZ9,3.922914869553697688078309008,12.87739446310018154130053609,8.954479593546483853222227083,0,11.68346385062731702753757248,8.783918077478931779827517996,full_overnight,2019-11-18T09:30:00-05:00,33283,true,true,1.631069932659221554287495138,33277,5,4,false,false,false,true,false,false,92.97520661157024793388429752,8319.875,2.560197542556131558945564884,1.569643024675283539309704709,095e0c9dbf72cf0d2baf,b1d9f282e87cbc3c42e2,1.631069932659221554287495138,WIDTH_EXCEEDS_MAXIMUM,,2019-11-18,2,2019-11-18,INSIDE_VALUE,1.193930612472864513762963611,1.75,7,2019,2.40380907085632338881673436961195572137,POC_BROAD_DISTRIBUTION,8321,b1d9f282e87cbc3c42e2-Z0033277,8319.25,232,1.642549954653169889704806764,10957.49227357609710550887021,3.517882687684374506034440497
false,0.6831843653336668616688352717,30721,30717,5,72e6777d760308a8b761fa05fa8dc2be7bb649b0,NQM9,0,4.940101341973263525867983806,14.45437059318103031642854521,0,4.940101341973263525867983806,13.72250372770350979407773279,midnight,2019-04-16T09:30:00-04:00,30721,true,true,,30717,2,4,true,false,false,true,false,false,98.01980198019801980198019802,7679.875,3.511832116139467175843457278,,1272016ada5f65a00015,b1e9c6e978eb1cc39647,,WIDTH_EXCEEDS_MAXIMUM,,2019-04-16,2,2019-04-16,INSIDE_VALUE,1.829667163693801305877031039,1.25,5,2019,3.408708359769204809415846427058095251234,POC_BROAD_DISTRIBUTION,7680.5,b1e9c6e978eb1cc39647-Z0030717,7679.25,442,3.587143431096826034552028927,7292.89625915020651862757126,3.239149174028895595344699636
false,2.728577106410510126450777504,26184,26170,15,72e6777d760308a8b761fa05fa8dc2be7bb649b0,NQH9,8.062810447362206470006455696,2.977742494764451253127384206,15.34682670378601799688728783,0,6.367787796496288064380098533,9.84945594422087722188288622,full_overnight,2019-01-08T09:30:00-05:00,26184,false,true,0.9100774913626302444324859229,26171,10,4,false,false,false,true,false,false,79.66101694915254237288135593,6545.125,1.41898908690639409425990319,1.108844192516755843300484957,7d4094d810cc1dccbc78,b1fa7abba5bc13c87ec8,1.279701058528068742941756573,WIDTH_EXCEEDS_MAXIMUM,1.279701058528068742941756573,2019-01-08,2,2019-01-08,INSIDE_VALUE,1.282719843898532847501027043,3.5,14,2019,1.287841133250300668198743000630931759995,POC_BROAD_DISTRIBUTION,6546.25,b1fa7abba5bc13c87ec8-Z0026171,6542.75,446,1.071958154768694291906337076,7255.858947279071118080406007,1.547201051751217953231279273
false,1.996814029220810226935145742,28983,28969,15,72e6777d760308a8b761fa05fa8dc2be7bb649b0,NQM9,5.508775398724728237610376278,0.6885969248405910297012970348,13.95973765813198178394447625,0,3.067386301562632768669414064,6.698170087085749107094434793,full_overnight,2019-05-30T09:30:00-04:00,28983,false,true,,28969,7,4,false,true,false,true,false,false,98.34254143646408839779005525,7244.125,2.243686047906541526316949537,,4d73d680e91a360f5ffc,b22e00a6a0a83e494add,,WIDTH_EXCEEDS_MAXIMUM,,2019-05-30,2,2019-05-30,INSIDE_VALUE,1.877991613201611899185355549,3.75,15,2019,2.07810726132935984635498132728500929644,POC_BROAD_DISTRIBUTION,7246,b22e00a6a0a83e494add-Z0028969,7242.25,1032,1.939990652749649478111855429,15617.51172889138197281089781,2.226057008815447540922997117
false,0.7254392959330219782209083512,30572,30568,5,72e6777d760308a8b761fa05fa8dc2be7bb649b0,NQU9,57.2067163064621091199952539,7.753922390936129248192127787,97.69942212579522852722081012,0,8.443159936797118514698094702,60.13597587637131350264561328,midnight,2019-06-18T09:30:00-04:00,30572,true,true,,30568,2,4,false,false,false,true,false,false,99.29906542056074766355140187,7642.625,4.181483760833145818906292431,,0400472dba438f9510a5,b23dc79707e22ddd3fa0,,WIDTH_EXCEEDS_MAXIMUM,,2019-06-18,2,2019-06-18,INSIDE_VALUE,1.723093864652473166264917286,1.25,5,2019,4.109036105481011108451695122577646596397,POC_BROAD_DISTRIBUTION,7643.25,b23dc79707e22ddd3fa0-Z0030568,7642,196,3.554576271186440677966101697,4170.6073643977281748179581,4.749983240762191244753352403
false,0.7981953663084032420590728242,31328,31322,7,72e6777d760308a8b761fa05fa8dc2be7bb649b0,NQU9,0.3132065288179161028585653954,21.14144069520933694295316419,22.70747333929891745724599116,0,68.74883307553258457745510428,25.21312556984224628011451433,midnight,2019-07-10T09:30:00-04:00,31328,true,true,,31322,3,4,true,false,false,true,false,false,99.5024875621890547263681592,7831.375,4.15405068266281383989184584,,3561fd7db8c8c485f26a,b281705e6d030073da6c,,WIDTH_EXCEEDS_MAXIMUM,,2019-07-10,2,2019-07-10,INSIDE_VALUE,2.192445701725412720009957767,1.75,7,2019,3.844047613723104383309806649880057052033,POC_BROAD_DISTRIBUTION,7832.25,b281705e6d030073da6c-Z0031322,7830.5,326,4.262685402029664324746291959,5042.490592740592740592740593,3.466524189079121966003570223
false,1.06396263724787368798802839,29665,29657,9,72e6777d760308a8b761fa05fa8dc2be7bb649b0,NQM9,26.78665490897336187083621047,46.87664609070338327396336832,9.04637029820591607041398336,0,25.96425760913646040988948471,22.67466840978885456610258167,midnight,2019-05-22T09:30:00-04:00,29665,false,true,,29657,4,4,false,false,false,true,false,false,93.28859060402684563758389262,7415.375,2.170110775017899401956788018,,c643cea92d4cb20afca1,b2dd130656d8d741bf58,,WIDTH_EXCEEDS_MAXIMUM,,2019-05-22,2,2019-05-22,INSIDE_VALUE,2.114735913866318042434437669,2.25,9,2019,2.00720999211820138185483881939420445024,POC_BROAD_DISTRIBUTION,7416.5,b2dd130656d8d741bf58-Z0029657,7414.25,265,1.669732529865736335764880009,6795.453663622239473632662487,2.412896604932955575266435534
false,0.6539833431831568764649863525,31879,31875,5,72e6777d760308a8b761fa05fa8dc2be7bb649b0,NQZ9,27.90590951624411751736341869,3.249318231343493135583411766,45.68159160535852114143737718,0,12.80613655882435529906403461,24.65659128490062438178000693,midnight,2019-10-22T09:30:00-04:00,31879,false,true,,31875,2,4,false,false,false,true,false,false,99.42528735632183908045977011,7969.375,1.883628164191358845900144164,,aa73e56b5cf73f9c7b99,b34ba6c7d4b9f2c29097,,WIDTH_EXCEEDS_MAXIMUM,,2019-10-22,2,2019-10-22,INSIDE_VALUE,1.911363665496172432696124568,1.25,5,2019,1.818833966287522548914068186158340603772,POC_BROAD_DISTRIBUTION,7970,b34ba6c7d4b9f2c29097-Z0031875,7968.75,125,1.438016528925619834710743802,3506.609812409812409812409812,2.300499980617616587076479621
false,1.587636366657914848350611725,34914,34906,9,72e6777d760308a8b761fa05fa8dc2be7bb649b0,NQH0,0.7873339426151701721243207413,2.755668799153095602435122595,2.28326843358399349916053015,0,3.070602376199163671284850891,2.28326843358399349916053015,prior_rth,2019-12-23T16:00:00-05:00,34914,true,true,,34907,6,4,false,false,false,true,false,false,98.7654320987654320987654321,8728.125,2.263489827799378313196869142,1.082572071500348584594967524,852366eac245ed190e2f,b392889abc9a5aaec985,2.090844468823570123871022282,WIDTH_EXCEEDS_MAXIMUM,2.090844468823570123871022282,2019-12-26,2,2019-12-23,INSIDE_VALUE,1.259734308184272275398913186,2,8,2019,2.036323262326601293470477446957660713316,POC_BROAD_DISTRIBUTION,8728.75,b392889abc9a5aaec985-Z0034907,8726.75,448,2.079779917469050894085281981,25724.51712749615975422427035,1.993774626758870898072680307
false,2.06148553830417089005911685,30722,30707,16,72e6777d760308a8b761fa05fa8dc2be7bb649b0,NQU9,0,7.094398543310125555024513138,2.486071284407821775692350758,0,7.094398543310125555024513138,2.728614824350048290394043515,midnight,2019-08-09T09:30:00-04:00,30719,true,true,1.35829461151262794027064567,30709,8,4,true,false,false,true,false,false,98.87005649717514124293785311,7678.625,2.063212390354954087016190592,1.518972668276518883096851211,903f3a7b4685e31f16fc,b4390f27d4dd0fc9436d,1.35829461151262794027064567,WIDTH_EXCEEDS_MAXIMUM,,2019-08-09,2,2019-08-09,INSIDE_VALUE,1.333989469682245830859310163,2.75,11,2019,1.791123676164145839753997990022857181907,POC_BROAD_DISTRIBUTION,7680,b4390f27d4dd0fc9436d-Z0030709,7677.25,615,1.873870306932227023118899657,7752.646967351533915001407262,1.712030982852749484358058285
true,3.163974169414004038621840414,31863,31846,18,72e6777d760308a8b761fa05fa8dc2be7bb649b0,NQU9,0.395072757572958011976528275,2.409943821195043873056822477,4.148263954516059125753546887,0,2.409943821195043873056822477,4.543336712089017137730075162,full_overnight,2019-07-19T09:30:00-04:00,31861,true,true,1.448403007789257446040208837,31850,12,4,true,false,false,true,false,false,97.75280898876404494382022472,7964.375,2.545416905806581549587906348,1.506575871174504780936949781,a411978bf2df5eb31292,b4c41866c8cc3b715a6e,1.689537815192945648379475888,,1.689537815192945648379475888,2019-07-19,2,2019-07-19,INSIDE_VALUE,0.9481746181750992287436678599,3,12,2019,2.340581694670069424221521210973863153637,POC_HVN_ZONE,7965.5,b4c41866c8cc3b715a6e-Z0031850,7962.5,1021,2.42472515743409115167040239,13313.05241751712339947634065,2.259358200919530728100533762
false,1.884171171199435431478220401,26738,26726,13,72e6777d760308a8b761fa05fa8dc2be7bb649b0,NQH9,0.6634216779807051890191101274,4.577609578066865804231859879,8.823508317143379013954164694,0,4.84297824925914787983950393,9.22156132393180212736563077,opening_hour_rth,2019-01-17T10:30:00-05:00,26738,true,true,,26726,7,4,true,false,false,true,false,false,99.51690821256038647342995169,6683.375,1.963633237490559825628569322,1.065703424133742985715620739,f3ff2a1763415cc03767,b4ccca9d71424da73854,1.842570074396353823189506362,WIDTH_EXCEEDS_MAXIMUM,1.842570074396353823189506362,2019-01-17,2,2019-01-17,INSIDE_VALUE,1.724896362749833491449686331,3.25,13,2019,1.890903539852906462514840385213518084163,POC_BROAD_DISTRIBUTION,6684.75,b4ccca9d71424da73854-Z0026726,6681.5,170,1.968671328671328671328671328,10095.79897232667423810242494,1.816207786924694754372464021
false,1.359738055716184900623094106,26967,26957,11,72e6777d760308a8b761fa05fa8dc2be7bb649b0,NQH9,0.5515768252915220543655296445,4.688403014977937462107001978,7.262428199671707049146140319,0,4.872261956741778146895511859,5.975415607324822255626571148,midnight,2019-01-22T09:30:00-05:00,26967,true,true,,26957,5,4,true,false,false,true,false,false,98.21428571428571428571428571,6740.625,2.16563958934925436667855637,,5d17749088b8f063b505,b4d59041708087cb0ef9,,WIDTH_EXCEEDS_MAXIMUM,,2019-01-22,2,2019-01-22,INSIDE_VALUE,2.022448359402247532673608696,2.75,11,2019,1.975416398860857917419299535740624594278,POC_BROAD_DISTRIBUTION,6742,b4d59041708087cb0ef9-Z0026957,6739.25,662,1.762647394446557626473944466,13219.7415552189745738132835,2.213868730174277914659313704
false,2.429730275078561850981179501,28033,28017,17,72e6777d760308a8b761fa05fa8dc2be7bb649b0,NQM9,0,21.55589060119297782336044254,25.77446585011379925895842891,0,24.02530050300028793200316627,25.77446585011379925895842891,prior_rth,2019-06-03T16:00:00-04:00,28033,true,true,,28017,9,4,true,false,false,true,false,false,99.73856209150326797385620915,7006.625,2.936109328586584195227559722,1.177353800154479618552000588,7cf9579043a141fe7129,b4fe37828e445cd087f7,2.493820742924802823181501994,WIDTH_EXCEEDS_MAXIMUM,2.493820742924802823181501994,2019-06-04,2,2019-06-03,INSIDE_VALUE,1.74916534711351132695526264,4.25,17,2019,2.719980622090302792641242220815639848918,POC_BROAD_DISTRIBUTION,7008.5,b4fe37828e445cd087f7-Z0028017,7004.25,761,2.921679037624776042999744049,34914.11918442820212387396069,2.53220647760176561552511476
false,0.8202888885244894581226542596,30971,30965,7,72e6777d760308a8b761fa05fa8dc2be7bb649b0,NQZ9,17.06715791942857037842153707,1.371468047096938691123159228,20.57202070645408036684738843,0,10.20981768394387692280574092,15.08614851806632560235475151,midnight,2019-10-07T09:30:00-04:00,30971,true,true,,30965,3,4,false,false,false,true,false,false,88.43537414965986394557823129,7742.125,1.777170118378027030717557226,,8ea2803e81d39979cae0,b4ff0cd31ffe48956d98,,WIDTH_EXCEEDS_MAXIMUM,,2019-10-07,2,2019-10-07,INSIDE_VALUE,2.133394739928571297302692133,1.75,7,2019,1.734614860156503644445473743066002750781,POC_BROAD_DISTRIBUTION,7743,b4ff0cd31ffe48956d98-Z0030965,7741.25,351,1.585502258550225855022585502,4760.373172239858014617693601,1.897751136492909966531343199
true,3.332246654980370024023402442,27469,27451,19,72e6777d760308a8b761fa05fa8dc2be7bb649b0,NQH9,0.3000978329456499711757838335,1.688050310319281087863784063,3.713710682702418393300324939,0,1.988148143264931059039567897,4.013808515648068364476108773,full_overnight,2019-01-31T09:30:00-05:00,27466,true,true,1.38865716188123507754423037,27454,13,4,true,false,false,true,false,false,99.40828402366863905325443787,6865.375,2.23219618368150869213222498,1.607449444654516750174071127,21d9fb9a96fb8db483bd,b542e611d61ad4f6f2cf,1.38865716188123507754423037,,1.380748196808206460700793292,2019-01-31,2,2019-01-31,INSIDE_VALUE,0.9753179570733624063212974588,3.25,13,2019,2.047159498122136202809942610746970455004,POC_HVN_ZONE,6866.75,b542e611d61ad4f6f2cf-Z0027454,6863.5,1106,2.107902067145579827004838001,16413.69767790688843320422268,1.988167323364667265771448094
false,0.8190703864565128491729235621,28251,28245,7,72e6777d760308a8b761fa05fa8dc2be7bb649b0,NQH9,0.3052240736984248487769959143,20.2974009009452524436702283,19.38172867984997789733924056,0,16.32948794286572940956928141,12.97202313218305607302232636,midnight,2019-02-22T09:30:00-05:00,28251,true,true,,28245,3,4,true,false,false,true,false,false,99.0990990990990990990990991,7062.125,3.1467058159806231162413996,,8f63d8df16553afd52f7,b547c5e6abc0d53f43fa,,WIDTH_EXCEEDS_MAXIMUM,,2019-02-22,2,2019-02-22,INSIDE_VALUE,2.1365685158889739414389714,1.75,7,2019,2.984219266410074006030004573051734714462,POC_BROAD_DISTRIBUTION,7063,b547c5e6abc0d53f43fa-Z0028245,7061.25,348,3.235582359592913682623445155,4636.24181684328743152272564,2.752383849420398638839314377
false,1.193111020102356225330192124,31483,31475,9,72e6777d760308a8b761fa05fa8dc2be7bb649b0,NQU9,0,13.51508763921788824332786694,7.438536607631550893614562422,0,13.51508763921788824332786694,7.438536607631550893614562422,midnight,2019-08-01T09:30:00-04:00,31483,true,true,,31475,4,4,true,false,false,true,false,false,99.11894273127753303964757709,7869.875,3.253347174810615641125425923,,8259615bd6900461ff8f,b5e1ffb2344cbeb150ed,,WIDTH_EXCEEDS_MAXIMUM,,2019-08-01,2,2019-08-01,INSIDE_VALUE,1.885826182216449522324818642,2.25,9,2019,3.123926406134338604529192482505240742911,POC_BROAD_DISTRIBUTION,7871,b5e1ffb2344cbeb150ed-Z0031475,7868.75,559,3.031438878138512625719677967,10317.23907868876909124587143,3.219235677592144372297703132
false,0.5560196884153200669701906808,33788,33784,5,72e6777d760308a8b761fa05fa8dc2be7bb649b0,NQZ9,4.046619295824930938515838721,16.86091373260387891048266134,38.89250767653961402018000548,0,19.10903556361772943188034952,40.69100514135069443729815603,midnight,2019-12-02T09:30:00-05:00,33788,true,true,,33785,2,4,false,false,false,true,false,false,98.99497487437185929648241206,8446.625,2.856299709102647472595751281,,000106bb13abc156961c,b5e851f88e39ab857653,,WIDTH_EXCEEDS_MAXIMUM,,2019-12-02,2,2019-12-02,INSIDE_VALUE,1.798497464811080417118150543,1,4,2019,2.900417897335044515959123315951204318218,POC_BROAD_DISTRIBUTION,8447.25,b5e851f88e39ab857653-Z0033785,8446.25,156,2.615773508594539939332659252,4287.510425685425685425685425,3.216036843993214140217532602
false,1.222545250404589396619521092,31192,31184,9,72e6777d760308a8b761fa05fa8dc2be7bb649b0,NQU9,1.022457041640237629203005537,16.66604977873587335600899026,16.87054118706392088184959137,0,17.27952400372001593353079358,13.80317006214320799424057475,midnight,2019-06-20T09:30:00-04:00,31192,true,true,,31184,4,4,false,false,false,true,false,false,99.63768115942028985507246377,7797.125,2.707706625616216211490027699,,902ed6ac42c04d0f210f,b5f29169c84a87b54600,,WIDTH_EXCEEDS_MAXIMUM,,2019-06-20,2,2019-06-20,INSIDE_VALUE,1.840422674952427732565409967,2.25,9,2019,2.493492290546023904810025918944215895365,POC_BROAD_DISTRIBUTION,7798.25,b5f29169c84a87b54600-Z0031184,7796,349,2.730272108843537414965986395,5340.936158286158286158286159,2.277246939187320701140844627
true,5.499518765319799284079512483,30672,30654,19,72e6777d760308a8b761fa05fa8dc2be7bb649b0,NQU9,0,4.02307928095839893477559289,1.795611656472957716651253324,0,4.113996326855763882454137362,1.795611656472957716651253324,opening_hour_rth,2019-08-23T10:30:00-04:00,30672,true,true,1.857032533339033044310025428,30654,21,4,true,false,false,true,false,false,99.6402877697841726618705036,7667.125,2.360811571518185849043418442,1.050447845832590484354487737,b45f82a0451bcf0b7f1b,b63831d874ab6cd74d48,2.247433397939898851140187618,,2.247433397939898851140187618,2019-08-23,2,2019-08-23,INSIDE_VALUE,0.8637119360249670029461724849,4.75,19,2019,2.157252061439516662956353915099419600684,POC_HVN_ZONE,7668.25,b63831d874ab6cd74d48-Z0030654,7663.5,354,2.134148721618632489753431788,16488.84464399385465439793622,2.180605507687133094046219136
false,1.509443038968357830564246279,30620,30611,10,72e6777d760308a8b761fa05fa8dc2be7bb649b0,NQU9,0,4.885908119487906514214850856,4.223412103286156478389108367,0,4.720284115437469005258415234,5.879652143790531567953464589,opening_hour_rth,2019-06-19T10:30:00-04:00,30620,true,true,,30611,6,4,true,false,false,true,false,false,98.9010989010989010989010989,7654.375,3.385738534501532413937233639,1.105754731833028177041471338,8637c2adfa130755e6d0,b64cb46a50de2202e1ba,3.061925431590906983351753836,WIDTH_EXCEEDS_MAXIMUM,3.061925431590906983351753836,2019-06-19,2,2019-06-19,INSIDE_VALUE,1.656240040504375089564356222,2.5,10,2019,3.192214491869341619645275242310036579283,POC_BROAD_DISTRIBUTION,7655.25,b64cb46a50de2202e1ba-Z0030611,7652.75,235,3.407968127490039840637450199,12501.32991468739101990032887,2.990119913358966994719365838
false,1.86733501278238616808566062,30498,30486,13,72e6777d760308a8b761fa05fa8dc2be7bb649b0,NQU9,64.53046677492075823360115398,71.15755827981407261651247581,8.099778505980717579113837792,0,38.08904107357874630178325375,14.52604905618029516254299835,midnight,2019-08-14T09:30:00-04:00,30498,false,true,,30486,7,4,false,false,false,true,false,false,99.84591679506933744221879815,7623.375,3.009797056683740019192431323,1.117850706940837793243342058,7d4d652df7d0d63d434e,b70eef35f586518610c2,2.692485712086268256553713941,WIDTH_EXCEEDS_MAXIMUM,2.692485712086268256553713941,2019-08-14,2,2019-08-14,INSIDE_VALUE,1.740448274012385595512064319,3.25,13,2019,2.80323121435231181713824236250724272225,POC_BROAD_DISTRIBUTION,7624.75,b70eef35f586518610c2-Z0030486,7621.5,384,2.45177919663147953210621071,9383.923832760362566217653257,3.205062369366480861709423479
false,0.4036664755064103306809744107,35157,35155,3,72e6777d760308a8b761fa05fa8dc2be7bb649b0,NQH0,0,28.17920409597988025988078465,18.27003342486607621245017906,0,24.46326509431220374209430756,18.27003342486607621245017906,midnight,2019-12-30T09:30:00-05:00,35157,true,true,,35155,1,4,true,false,false,true,false,false,99.26470588235294117647058824,8789.125,2.857957425626590015828716141,,f63abb24dce904387f3f,b76cd809a0c54783d034,,BASIN_TOO_NARROW,,2019-12-30,2,2019-12-30,INSIDE_VALUE,1.857969500833838258893238549,0.75,3,2019,2.897924617386943051042973209818672827227,POC_HVN_ZONE,8789.5,b76cd809a0c54783d034-Z0035155,8788.75,152,2.90255546194889076102218478,3074.089935064935064935064936,2.893301161046043328151038987
false,1.645542546688041785424431563,28626,28614,13,72e6777d760308a8b761fa05fa8dc2be7bb649b0,NQH9,0,1.747144129324682823403358707,11.01460429356865258232552228,0,2.202920858713730516465104457,9.495348528938493605453036452,full_overnight,2019-03-01T09:30:00-05:00,28624,true,true,,28614,6,4,true,false,false,true,false,false,98.79032258064516129032258065,7155.125,4.303135243625635943177003088,,4e0cc7e5423ca242c156,b7a0962263ff349b59b2,,WIDTH_EXCEEDS_MAXIMUM,,2019-03-01,2,2019-03-01,INSIDE_VALUE,1.671181341093174874559734416,2.75,11,2019,4.023940759984158096519375716202391265353,POC_BROAD_DISTRIBUTION,7156.25,b7a0962263ff349b59b2-Z0028614,7153.5,734,3.661142397425583266291230892,12754.82503819709702062643239,4.422690374252509802739514046
false,1.589500008853029504400360799,32335,32323,13,72e6777d760308a8b761fa05fa8dc2be7bb649b0,NQZ9,0,8.729160064624402893517962257,4.482541654807125810184899537,0,8.886442227950968711419186802,4.482541654807125810184899537,opening_hour_rth,2019-10-29T10:30:00-04:00,32332,true,true,,32323,6,4,true,false,false,true,false,false,99.37106918238993710691823899,8082.375,2.175442068317440238117378529,,b55ecad2e239bb5a58f2,b7c557b8678093707c12,,WIDTH_EXCEEDS_MAXIMUM,,2019-10-29,2,2019-10-29,INSIDE_VALUE,1.572821633265658179012245452,2.5,10,2019,2.0105361430887745401307687778356495618,POC_BROAD_DISTRIBUTION,8083.25,b7c557b8678093707c12-Z0032323,8080.75,140,2.044077134986225895316804407,9341.104172779920200327643663,1.97754552090008296631661719
false,2.50057639346020374038161156,26353,26339,15,72e6777d760308a8b761fa05fa8dc2be7bb649b0,NQH9,0.09997694957603730119400669713,2.749366113341025782835184171,7.148351894686667035371478845,0,3.749135609101398794775251142,5.248789852741958312685351599,full_overnight,2019-01-09T09:30:00-05:00,26353,true,true,1.892351608241726814634028008,26342,10,4,true,false,false,true,false,false,99.60159362549800796812749004,6587.125,3.062122831155788404482290234,1.128958406472663557640312108,a422a96673e95e4a0a26,b831d4bfa39033ba630d,2.712343354369569701457992984,WIDTH_EXCEEDS_MAXIMUM,2.712343354369569701457992984,2019-01-09,2,2019-01-09,INSIDE_VALUE,1.199723394912447614328080366,3,12,2019,2.755196882808647623243868276553558479048,POC_BROAD_DISTRIBUTION,6588.5,b831d4bfa39033ba630d-Z0026342,6585.5,1060,2.531590165182309507497906675,13970.58572587726612494414352,2.998554018514218646733108969
true,1.881739234644245700293675253,30308,30303,6,72e6777d760308a8b761fa05fa8dc2be7bb649b0,NQM9,1.594269782320379970156886042,9.897758231905692314724000843,8.967767525552137332132483985,0,11.35917219903270728736781305,8.967767525552137332132483985,midnight,2019-05-09T09:30:00-04:00,30308,true,true,2.992674787028901647647145062,30303,7,4,false,false,false,true,false,false,98.38709677419354838709677419,7576.125,3.010954701437795319141072497,1.006108219472467902970635325,f763049a184defec72bd,b85f0168c88af8ea1754,2.992674787028901647647145062,,2.658580752390042965894170627,2019-05-09,2,2019-05-09,INSIDE_VALUE,0.7971348911601899850784430209,1.5,6,2019,2.837322251500052721989186875602363801928,POC_HVN_ZONE,7577.25,b85f0168c88af8ea1754-Z0030303,7575.75,360,2.99131553554197491154712126,5056.159195975014052817256478,2.691256560267466031327436279
false,2.441712543742754917541247013,30879,30861,19,72e6777d760308a8b761fa05fa8dc2be7bb649b0,NQM9,10.23871547208378481668147716,0.6655165056854460130842960156,11.9281035249776093114339209,0,1.58700089817298664658562896,9.777973275840014499930810691,midnight,2019-05-06T09:30:00-04:00,30877,false,true,,30862,9,4,false,true,false,true,false,false,97.61904761904761904761904762,7717.625,1.619631064231631896168283924,,a934eafdb88022cf5d29,b89684127267388d3795,,WIDTH_EXCEEDS_MAXIMUM,,2019-05-06,2,2019-05-06,INSIDE_VALUE,1.638194475533405570669036346,4,16,2019,1.452558088085562341820661897731863963899,POC_BROAD_DISTRIBUTION,7719.5,b89684127267388d3795-Z0030862,7715.5,694,1.344663418954827280779450842,13467.80678652125771604384766,1.569110135310124963587969263
false,1.409949854110775580314471178,33459,33450,10,72e6777d760308a8b761fa05fa8dc2be7bb649b0,NQZ9,0,6.294550103412910144161708827,10.90464313689842179904070684,0,9.663464243267707122727130453,10.90464313689842179904070684,full_overnight,2019-12-11T09:30:00-05:00,33459,true,true,2.543626617949610340435758571,33450,5,4,true,false,false,true,false,false,99.4897959183673469387755102,8363.625,3.004112414187634419447433267,1.181035138171818886821115212,529aa84088b0306934b0,b8b8212f25c5372ab0d2,2.543626617949610340435758571,WIDTH_EXCEEDS_MAXIMUM,,2019-12-11,2,2019-12-11,INSIDE_VALUE,1.773112705186735251876537698,2.5,10,2019,2.68222822298190611562532636700754996346,POC_BROAD_DISTRIBUTION,8365,b8b8212f25c5372ab0d2-Z0033450,8362.5,820,3.07480390281232064281614693,9998.835985108779226426285249,2.339774654761065352236239576
false,1.728262147629950211532511001,31767,31758,10,72e6777d760308a8b761fa05fa8dc2be7bb649b0,NQZ9,0,1.2295588391576565318252993,11.35533751457365149979835236,0,2.676098649931370098678592594,12.36791538211525099659565767,prior_rth,2019-10-21T16:00:00-04:00,31766,true,true,2.403093382424587433298580414,31758,6,4,true,false,false,true,false,false,99.57081545064377682403433476,7940.375,2.587655354360381682692629697,1.076801831042279969575970641,f0f8d21542fc3be4d47c,b8ffefe50e6b969fb66c,2.403093382424587433298580414,WIDTH_EXCEEDS_MAXIMUM,,2019-10-22,2,2019-10-21,INSIDE_VALUE,1.301885829696342210167963965,2.25,9,2019,2.341702889772138429126836183760752756861,POC_BROAD_DISTRIBUTION,7941.75,b8ffefe50e6b969fb66c-Z0031758,7939.5,446,2.77225556889422435640923036,14753.79278324015166120429278,1.97801836363680872000899939
false,2.775771498137211157488877181,30899,30878,22,72e6777d760308a8b761fa05fa8dc2be7bb649b0,NQU9,0.1801301008874629421526839912,8.511147266932624016714318584,16.3468066555372620003560722,0,8.871407468707549901019686567,17.69778241219323406650120214,prior_rth,2019-08-22T16:00:00-04:00,30896,true,true,,30882,11,4,true,false,false,true,false,false,99.16317991631799163179916318,7722.375,2.811459072525446256019763192,1.504478623709929369911541858,f702280d8fea9f9efe26,b90ccfb553486d4efd78,1.8687264998106805466202797,WIDTH_EXCEEDS_MAXIMUM,1.8687264998106805466202797,2019-08-23,2,2019-08-22,INSIDE_VALUE,1.350975756655972066145129934,3.75,15,2019,2.476897918059764094365096945571843248399,POC_BROAD_DISTRIBUTION,7724.25,b90ccfb553486d4efd78-Z0030882,7720.5,558,2.724314386394974720392216945,23629.72959593678072698823981,2.251951289882932774981608308
false,2.410538482103851477605996529,31195,31177,19,72e6777d760308a8b761fa05fa8dc2be7bb649b0,NQM9,0,2.022369705438278051030355163,7.933911921334783123272931793,0,2.126080972383830771596014402,8.452468256062546726101227988,prior_rth,2019-04-30T16:00:00-04:00,31191,true,true,,31177,9,4,true,false,false,true,false,false,99.62546816479400749063670412,7796.625,2.876160400188148019500274299,,32e4004f88590cca5b59,b90dc68ba129655a779e,,WIDTH_EXCEEDS_MAXIMUM,,2019-05-01,2,2019-04-30,INSIDE_VALUE,1.555669004183290808484888587,3.75,15,2019,2.573229170933112308071651098197957725425,POC_BROAD_DISTRIBUTION,7798,b90dc68ba129655a779e-Z0031177,7794.25,734,2.630930326218284333467579542,52038.94757347106058316368637,2.516793508423657102746440296
false,1.976015703787069182352803633,31310,31296,15,72e6777d760308a8b761fa05fa8dc2be7bb649b0,NQU9,0.3795516394746315441897253199,6.262602051331420479130467779,2.8466372960597365814229399,0,6.895188117122473052780009979,2.8466372960597365814229399,opening_hour_rth,2019-07-01T10:30:00-04:00,31307,true,true,,31296,7,4,true,false,false,true,false,false,97.89473684210526315789473684,7825.875,2.781917015520034193001384866,,596e9c329bc836cc73b0,b9328f96563a05163b90,,WIDTH_EXCEEDS_MAXIMUM,,2019-07-01,2,2019-07-01,INSIDE_VALUE,1.51820655789852617675890128,3,12,2019,2.668358271507315321284639463901283813939,POC_BROAD_DISTRIBUTION,7827,b9328f96563a05163b90-Z0031296,7824,254,2.907929621595565196432875392,14424.07526934100511570786889,2.448524136294167812036079652
false,2.045716844419304528403333134,31001,30989,13,72e6777d760308a8b761fa05fa8dc2be7bb649b0,NQU9,0.1222065510591055385279723008,6.538050481662146311246518091,30.61274104030593740125706134,0,6.660257032721251849774490391,37.82292755279316417440742709,full_overnight,2019-08-23T09:30:00-04:00,31001,true,true,2.972956202699222598258469801,30989,8,4,true,false,false,true,false,false,99.38398357289527720739219713,7748.375,3.579201307504088598697802476,1.203919958274003714158391443,7344c119d3fc5d5bb0f4,b942f0cc04a8967e1012,2.972956202699222598258469801,WIDTH_EXCEEDS_MAXIMUM,,2019-08-23,2,2019-08-23,INSIDE_VALUE,1.58868516376837200086363991,3.25,13,2019,3.235468975973320502167149638422337319219,POC_BROAD_DISTRIBUTION,7750.5,b942f0cc04a8967e1012-Z0030989,7747.25,867,3.742269137706400063814512483,10999.98210343577990636814166,2.797302681683055124446117997
false,2.221794981848271883707896183,30044,30033,12,72e6777d760308a8b761fa05fa8dc2be7bb649b0,NQM9,0.6751297992185474171208189646,4.669647777928286301752331172,20.98528459237651554883878948,0,5.457299210349924955059953297,12.54616210214467283482855242,midnight,2019-06-13T09:30:00-04:00,30041,true,true,3.200376500262960544404612834,30033,8,4,false,false,false,true,false,false,99.03846153846153846153846154,7509.125,3.421814943883263867573698613,1.069191372828199657790912994,f470026c1a8ebdd27ad1,b9d34aee4a865f518377,3.200376500262960544404612834,WIDTH_EXCEEDS_MAXIMUM,2.136504407928790665129782774,2019-06-13,2,2019-06-13,INSIDE_VALUE,1.012694698827821125681228447,2.25,9,2019,3.063882617147030087624390084945747930812,POC_BROAD_DISTRIBUTION,7510.5,b9d34aee4a865f518377-Z0030033,7508.25,430,2.924022492480711390087616058,6110.224689140011720656881947,3.210432449064910648076487582
false,1.449089080751396394046129781,32210,32200,11,72e6777d760308a8b761fa05fa8dc2be7bb649b0,NQZ9,0,8.194803313156189363166798601,7.677236788114745824440474479,0,9.402458538252890953528221553,7.677236788114745824440474479,prior_rth,2019-10-30T16:00:00-04:00,32210,true,true,4.61319980047131576481250443,32200,5,4,true,false,false,true,false,false,99.41176470588235294117647059,8051.375,4.973462248392862762624909217,1.078093831506005905898333898,fcd614d29ea260fccd94,ba34b6e4bf3a5d3e8a30,4.61319980047131576481250443,WIDTH_EXCEEDS_MAXIMUM,,2019-10-31,2,2019-10-30,INSIDE_VALUE,1.897743925151959641996521781,2.75,11,2019,4.640344932914099249061936783715710662302,POC_BROAD_DISTRIBUTION,8052.75,ba34b6e4bf3a5d3e8a30-Z0032200,8050,916,4.946318531224191601550092115,43148.4992237659215720758902,4.353298510901255035875917824
true,3.057858814123058778707332858,29869,29859,11,72e6777d760308a8b761fa05fa8dc2be7bb649b0,NQM9,0,2.166548687402343607522192333,5.845593628274247846710820823,0,1.921279024677549991576283767,6.090863290999041462656729389,prior_rth,2019-05-21T16:00:00-04:00,29869,true,true,2.923970344189703803957295286,29859,12,4,true,false,false,true,false,false,98.29787234042553191489361702,7465.125,2.926681310681507104936533316,1.000927152526423645772149749,73c9ffdd9e343612f82a,ba3b6a837a625a71f736,2.923970344189703803957295286,,2.326962808537013309359254124,2019-05-22,2,2019-05-21,INSIDE_VALUE,0.899322096657576591801664742,2.75,11,2019,2.593550191636021918881894642411339558526,POC_HVN_ZONE,7467.5,ba3b6a837a625a71f736-Z0029859,7464.75,814,2.863965744400527009222661397,32669.28206403841775010679722,2.348667266599310743657759171
false,1.427878203991575135569624332,33266,33256,11,72e6777d760308a8b761fa05fa8dc2be7bb649b0,NQZ9,0.1750849612390855341204135883,1.838392093010398108264342678,10.94281007744284588252584927,0,1.138052248054055971782688324,10.76772511620376034840543568,full_overnight,2019-11-20T09:30:00-05:00,33265,true,true,,33256,5,4,true,false,false,true,false,false,99.41176470588235294117647059,8315.375,2.302577246408781035525468736,,b20cb48c3cf886841b69,ba4b42b5e2e157f4d7a5,,WIDTH_EXCEEDS_MAXIMUM,,2019-11-20,2,2019-11-20,INSIDE_VALUE,1.750849612390855341204135883,2.5,10,2019,2.07323452076700695428922141318317514263,POC_BROAD_DISTRIBUTION,8316.5,ba4b42b5e2e157f4d7a5-Z0033256,8314,758,2.113498441856650811874692472,13334.50005475233962030392057,2.033737661204074657466304064
false,1.952162776770093629269328953,30157,30143,15,72e6777d760308a8b761fa05fa8dc2be7bb649b0,NQM9,22.92329335058836191477504768,0.320157728360172652440992286,28.62210091539943512822471037,0,12.10196213201452626226950841,11.33358358395011189641112692,midnight,2019-05-16T09:30:00-04:00,30157,false,true,,30143,7,4,false,true,false,true,false,false,93.23529411764705882352941176,7537.625,1.711999276353561494528006657,,f1464b9e508845ae04cd,ba78b6ee0290cfa3a2b5,,WIDTH_EXCEEDS_MAXIMUM,,2019-05-16,2,2019-05-16,INSIDE_VALUE,1.920946370161035914645953716,3.75,15,2019,1.498971992232959596126510029928970899471,POC_BROAD_DISTRIBUTION,7539.5,ba78b6ee0290cfa3a2b5-Z0030143,7535.75,335,1.27447689381224124426541345,7443.148078725847812205759639,1.763011196521440170088968965
false,1.090648726049119063024964878,31861,31853,9,72e6777d760308a8b761fa05fa8dc2be7bb649b0,NQU9,0.4584427488502670489763957125,4.469816801290103727519858197,11.34645803404410946216579389,0,6.074366422266038398937243191,12.95100765502004413358317888,midnight,2019-07-19T09:30:00-04:00,31860,true,true,,31853,4,4,true,false,false,true,false,false,98.83720930232558139534883721,7964.375,3.281937080421216502501733899,,38b0f862f67dd8c26fc4,ba7afce4c178bd830208,,WIDTH_EXCEEDS_MAXIMUM,,2019-07-19,2,2019-07-19,INSIDE_VALUE,1.83377099540106819590558285,2,8,2019,3.123666487552682158469550383291848699378,POC_BROAD_DISTRIBUTION,7965.25,ba7afce4c178bd830208-Z0031853,7963.25,559,3.389311900733220530174844895,7919.492579071255541843777138,2.87884166793527760841391848
false,1.484326832527940842902721415,34400,34390,11,72e6777d760308a8b761fa05fa8dc2be7bb649b0,NQH0,0,5.137008799479792227055787318,8.168686123762948295482153604,0,5.473861835511254012436494683,9.684524785904526329695336747,opening_hour_rth,2019-12-16T10:30:00-05:00,34400,true,true,,34390,5,4,true,false,false,true,false,false,99.41176470588235294117647059,8598.875,2.957450302113637208166672684,,f7fb5bab988c00ce7eb3,babbb4e4e0de8edfb455,,WIDTH_EXCEEDS_MAXIMUM,,2019-12-16,2,2019-12-16,INSIDE_VALUE,1.852691698173039819593890508,2.75,11,2019,2.608247606226573893824547602915170166099,POC_BROAD_DISTRIBUTION,8600.25,babbb4e4e0de8edfb455-Z0034390,8597.5,157,2.834536958368734069668649109,9524.437157776863659216600393,2.40002359302513013894326326
false,3.398594467148544392114042377,30598,30583,16,72e6777d760308a8b761fa05fa8dc2be7bb649b0,NQZ9,0,10.11447536099856523598230433,1.802215609777926169320483317,0,10.40871464422761440648360773,2.464253997043286802948415964,prior_rth,2019-10-08T16:00:00-04:00,30598,true,true,2.115236429675265587941726916,30583,13,4,true,false,false,true,false,false,99.53271028037383177570093458,7647.375,2.226807047312936074983882938,1.05274616873670192184388361,1a33a13f0473d8a365a5,bac5d514453b248e173e,2.115236429675265587941726916,WIDTH_EXCEEDS_MAXIMUM,1.816545006511480454214572453,2019-10-09,2,2019-10-08,INSIDE_VALUE,1.176957132916196682005213595,4,16,2019,2.059130775495240939282954141327273409445,POC_BROAD_DISTRIBUTION,7649.75,bac5d514453b248e173e-Z0030583,7645.75,714,2.019401564812856840769718757,31883.31292803712492770194081,2.099641608916236482873119562
false,0.9093938502345870713323326638,31102,31096,7,72e6777d760308a8b761fa05fa8dc2be7bb649b0,NQM9,0.8247251724943270037844471354,9.209431092853318208926326345,16.63195764530226124298635056,0,18.83122477195379991974487626,9.759247874516202878115957769,midnight,2019-05-03T09:30:00-04:00,31102,true,true,,31096,3,4,true,false,false,true,false,false,98.78787878787878787878787879,7774.875,2.470140662335619085055255631,,db6386be627a0591517b,baf00a25ac13fa5c6657,,WIDTH_EXCEEDS_MAXIMUM,,2019-05-03,2,2019-05-03,INSIDE_VALUE,1.924358735820096342163709983,1.75,7,2019,2.387132489221460984008542792282569930667,POC_BROAD_DISTRIBUTION,7775.75,baf00a25ac13fa5c6657-Z0031096,7774,380,2.873642238416059397772583527,5459.914388566516226090694174,1.982989199183537073619742903
false,1.657759678201924225087265703,30272,30260,13,72e6777d760308a8b761fa05fa8dc2be7bb649b0,NQM9,0.1508059360396318121972306718,16.21163812426041981120229722,12.44148972326962450627153043,0,16.66405593237931524779398924,12.44148972326962450627153043,prior_rth,2019-04-03T16:00:00-04:00,30272,true,true,2.417967673953350495682256659,30260,6,4,true,false,false,true,false,false,99.29328621908127208480565371,7566.625,2.832624152113877295172754353,1.171489669869145946070041132,8db5b7bd477e19ebcc2d,bbb5c9ce7ba52b02f706,2.417967673953350495682256659,WIDTH_EXCEEDS_MAXIMUM,,2019-04-04,2,2019-04-03,INSIDE_VALUE,1.960477168515213558563998734,3.25,13,2019,2.585551768631739131371091341597961616475,POC_BROAD_DISTRIBUTION,7568.25,bbb5c9ce7ba52b02f706-Z0030260,7565,577,2.717033561290537280154411887,42619.20486634897363993017905,2.460432599551488162491922441
false,3.24000061612575327747824778,30526,30504,23,72e6777d760308a8b761fa05fa8dc2be7bb649b0,NQM9,14.50617008097994805092959048,18.9428976323434959920383748,1.118826947735155567757867351,0,10.53240540454129206889302713,7.368825759221197015232850483,full_overnight,2019-05-08T09:30:00-04:00,30524,false,true,1.738704033212731087239442471,30504,12,4,false,false,false,true,false,false,95.83333333333333333333333333,7628.875,2.112869123906289752657486107,1.215197689512565493058023874,f1cae859022fb0b35d01,bbdb438f6a1f69ee3fd3,1.738704033212731087239442471,WIDTH_EXCEEDS_MAXIMUM,1.447308449151871967684677356,2019-05-08,2,2019-05-08,INSIDE_VALUE,1.620370062237121856752773405,5.25,21,2019,1.887197032879726486986296338529857061326,POC_BROAD_DISTRIBUTION,7631.25,bbdb438f6a1f69ee3fd3-Z0030504,7626,857,1.521147072690462323543278698,20848.89826692628651255598444,2.341333527080174971997060908
false,1.358974871879148223098139956,33767,33758,10,72e6777d760308a8b761fa05fa8dc2be7bb649b0,NQZ9,0,4.323111575916214376989948443,12.23348594886928749233325836,0,6.346695717834442383240562608,14.62499448022719331790216601,prior_rth,2019-11-27T16:00:00-05:00,33767,true,true,,33759,5,4,true,false,false,true,false,false,99.46808510638297872340425532,8440.875,2.780541869273527135284060429,1.254113493693674215634953319,0f19640a50ed33ac9157,bbef7cc7bb3e9163118b,2.217137351009711305583920356,WIDTH_EXCEEDS_MAXIMUM,2.217137351009711305583920356,2019-12-02,2,2019-11-27,INSIDE_VALUE,1.65565975247855018693232068,2.25,9,2019,2.398110656805653745213061719949681832943,POC_BROAD_DISTRIBUTION,8442,bbef7cc7bb3e9163118b-Z0033759,8439.75,350,2.731083717262275349686630972,17237.18795093795093795093795,2.105733590638430797579612638
false,1.252084148132195003521325841,26781,26771,11,72e6777d760308a8b761fa05fa8dc2be7bb649b0,NQH9,0,6.289513377952739448670115759,14.27619703249590065333058022,0,6.289513377952739448670115759,11.88019193613295229193244088,midnight,2019-01-24T09:30:00-05:00,26781,true,true,,26771,5,4,true,false,false,true,false,false,99.45355191256830601092896175,6694.125,2.382978139391310898919882344,,ceecf4c36292406e7b34,bc81ecf48a98ee66df3b,,WIDTH_EXCEEDS_MAXIMUM,,2019-01-24,2,2019-01-24,INSIDE_VALUE,2.196338004999369331281627725,2.75,11,2019,2.183903379848916465235272883768399394143,POC_BROAD_DISTRIBUTION,6695.5,bc81ecf48a98ee66df3b-Z0026771,6692.75,711,2.368533148869552553973859541,8649.640514879177669875344294,2.0136657047809797252248054
false,2.298239945170661991437413102,26577,26559,19,72e6777d760308a8b761fa05fa8dc2be7bb649b0,NQH9,0,12.6727411823125564693183601,13.43419344219399763056495684,0,12.89029897085011108681738774,15.60977132756954380555523325,prior_rth,2019-01-23T16:00:00-05:00,26576,true,true,,26559,9,4,true,false,false,true,false,false,99.81060606060606060606060606,6642.125,4.102329738555338750680147758,,247af2dc5d26b0706ec6,bceb3bfc9ea7f3162e80,,WIDTH_EXCEEDS_MAXIMUM,,2019-01-24,2,2019-01-23,INSIDE_VALUE,1.95802009683799155749124877,4.5,18,2019,3.679461422127632374866422113943602785717,POC_BROAD_DISTRIBUTION,6644.25,bceb3bfc9ea7f3162e80-Z0026559,6639.75,1027,3.731615673644659151905528718,50994.52097723444797772908859,3.628036095073677275479149328
false,1.715891706287686504803811515,31492,31481,12,72e6777d760308a8b761fa05fa8dc2be7bb649b0,NQZ9,0.1456968403564770102320700985,10.85441460655753726228922234,3.132482067664255719989507117,0,10.41732408548810623159301204,2.986785227307778709757437019,opening_hour_rth,2019-09-24T10:30:00-04:00,31492,true,true,,31481,6,4,true,false,false,true,false,false,99.45945945945945945945945946,7871.875,2.456790900261385595778942048,1.119701370585470633818824699,224c99288cf97e87132a,bd443b78a89aa4b973a9,2.194148337048811665019624008,WIDTH_EXCEEDS_MAXIMUM,2.194148337048811665019624008,2019-09-24,2,2019-09-24,INSIDE_VALUE,1.748362084277724122784841182,3,12,2019,2.239632172748190134778523865232614285768,POC_BROAD_DISTRIBUTION,7873.25,bd443b78a89aa4b973a9-Z0031481,7870.25,193,2.227108283433133732534930139,13010.07761860393007240387724,2.252226488725812759338533577
false,3.253062015004695920090390282,27252,27229,24,72e6777d760308a8b761fa05fa8dc2be7bb649b0,NQH9,0,4.188361591987766574641942577,10.41326597640995175897216916,0,4.188361591987766574641942577,11.6428767190118648818028312,prior_rth,2019-01-18T16:00:00-05:00,27247,true,true,1.361334292442920550793695507,27232,13,4,true,false,false,true,false,false,99.45652173913043478260869565,6809.875,2.162578644013928159148658554,1.588572811262376261809790334,2456f2c524be059e4e5f,bdd4829140b0a3746a1d,1.361334292442920550793695507,WIDTH_EXCEEDS_MAXIMUM,,2019-01-22,2,2019-01-18,INSIDE_VALUE,1.229610742601913122830662041,4,16,2019,1.889651678725178700525890788309004165656,POC_BROAD_DISTRIBUTION,6812,bdd4829140b0a3746a1d-Z0027232,6808,575,1.951453445477349859819979342,30978.87371550640687719007642,1.829807149734708528852269444
true,3.642663297700867476164805272,29300,29278,23,72e6777d760308a8b761fa05fa8dc2be7bb649b0,NQM9,0,2.230510847688898404277100386,3.259977392776082283174223642,0,2.98545298075283324880165744,4.014919525840017127698780696,opening_hour_rth,2019-03-15T10:30:00-04:00,29294,true,true,1.352516346451376571272985517,29281,14,4,true,false,false,true,false,false,99.35064935064935064935064935,7321.625,2.183599838794644801723345126,1.614472050207598706008224389,49dc7746dd30f8bc0ccd,bde29cb8d0383db32a2d,1.352516346451376571272985517,,,2019-03-15,2,2019-03-15,INSIDE_VALUE,0.9608354420813716203039817049,3.5,14,2019,1.850013738549435231275533774010575840281,POC_HVN_ZONE,7323.75,bde29cb8d0383db32a2d-Z0029281,7320.25,173,1.965909090909090909090909091,15321.15761254569304104907818,1.740950712649167124131396726
false,0.7321406393068214740802191404,30272,30268,5,72e6777d760308a8b761fa05fa8dc2be7bb649b0,NQM9,3.756108939129036816778232163,4.6097700616583633660460122,7.682950102763938943410020334,0,5.634163408693555225167348245,5.97562785770528584487446026,midnight,2019-04-03T09:30:00-04:00,30272,true,true,,30268,2,4,false,false,false,true,false,false,95.94594594594594594594594595,7567.625,1.896428144151802970730296589,,0dd7fe586a9c200f9a44,be4520f83e5ab6bc4fd5,,WIDTH_EXCEEDS_MAXIMUM,,2019-04-03,2,2019-04-03,INSIDE_VALUE,1.707322245058653098535560074,1.25,5,2019,1.878473089098005331270066665935165573708,POC_BROAD_DISTRIBUTION,7568.25,be4520f83e5ab6bc4fd5-Z0030268,7567,349,1.814260625219529329118370214,7622.922126729479670656141244,1.944958236658212928416213675
false,2.016594211278158627354137769,30988,30972,17,72e6777d760308a8b761fa05fa8dc2be7bb649b0,NQM9,0.1239713962292616571404472045,17.78989535889904779965417385,11.71529694366522659977226083,0,11.34338275497744162835091921,16.67415279283569288539014901,midnight,2019-05-07T09:30:00-04:00,30987,true,true,,30972,8,4,true,false,false,true,false,false,99.26650366748166259168704156,7745.125,3.258340712868485429392954026,,44d3e92502b185d989fc,be94c4edd18a71bf6467,,WIDTH_EXCEEDS_MAXIMUM,,2019-05-07,2,2019-05-07,INSIDE_VALUE,1.983542339668186514247155272,4,16,2019,2.981685785653355902848725763877012166314,POC_BROAD_DISTRIBUTION,7747,be94c4edd18a71bf6467-Z0030972,7743,618,3.0234688995215311004784689,11698.99842946304147806025153,2.940480097471549490014209822
false,2.740071336606197471645241082,28921,28909,13,72e6777d760308a8b761fa05fa8dc2be7bb649b0,NQM9,0.5474310029671974606215385156,4.242590272995780319816923496,8.25708429475522836437487261,0,4.242590272995780319816923496,8.530799796238827094685641868,prior_rth,2019-05-29T16:00:00-04:00,28921,true,true,2.68770366398988133593851448,28909,10,4,false,false,false,true,false,false,98.41772151898734177215189873,7227.875,2.718635132684808546142592133,1.011508511562993375063699472,1b65aa7b44e5cade0c73,bece05c968f399d3da09,2.68770366398988133593851448,WIDTH_EXCEEDS_MAXIMUM,2.319478788982483588125312011,2019-05-30,2,2019-05-29,INSIDE_VALUE,1.186100506428927831346666784,3.25,13,2019,2.522554856929895951415604778498463772809,POC_BROAD_DISTRIBUTION,7230.5,bece05c968f399d3da09-Z0028909,7227.25,804,2.414850440551663831041070631,45752.33173805963306784695715,2.635062983348541821940941737
false,2.143134428204767599560107664,31516,31500,17,72e6777d760308a8b761fa05fa8dc2be7bb649b0,NQZ9,0.4666062878928536117420478669,2.624660369397301566049019251,4.724388664915142818888234652,0,2.158054081504447954306971384,4.491085520968716013017210719,full_overnight,2019-09-24T09:30:00-04:00,31511,true,true,,31500,8,4,true,false,false,true,false,false,98.21428571428571428571428571,7877.125,3.2537643655734466891332017,,c18f476eff6b20b6df66,bf4e93f7a1959f8fdda8,,WIDTH_EXCEEDS_MAXIMUM,,2019-09-24,2,2019-09-24,INSIDE_VALUE,1.399818863678560835226143601,3,12,2019,2.949089435602408727163428984261069889553,POC_BROAD_DISTRIBUTION,7878,bf4e93f7a1959f8fdda8-Z0031500,7875,1149,2.857193605683836589698046182,15228.61893971238233533315501,3.043940908267633995726277039
false,2.46210249879354907792562706,29660,29642,19,72e6777d760308a8b761fa05fa8dc2be7bb649b0,NQM9,2.233863132300562724643657544,9.08776137913183472070942501,5.33080974753543377471781914,0,11.01700681157322980108349289,10.20469294528211608303125378,full_overnight,2019-03-21T09:30:00-04:00,29656,true,true,,29647,9,4,false,false,false,true,false,false,99.65397923875432525951557093,7412.875,2.472226216022269820070833276,,272d742465ef6930acc3,bfe486c34e8f36940ff1,,WIDTH_EXCEEDS_MAXIMUM,,2019-03-21,2,2019-03-21,INSIDE_VALUE,1.015392332863892147565298884,2.5,10,2019,2.182314037809790267289844056692576299486,POC_BROAD_DISTRIBUTION,7414.25,bfe486c34e8f36940ff1-Z0029647,7411.75,457,2.223076923076923076923076923,6511.401668470418470418470418,2.142298590833277479452342839
true,8.558622460544344518804044108,30658,30632,27,72e6777d760308a8b761fa05fa8dc2be7bb649b0,NQU9,0.08763092465610389671116766143,4.250099845821038990491631579,0.5403907020459740297188672455,0,4.454572003351948082817689456,0.5111803938272727308151446917,prior_rth,2019-08-02T16:00:00-04:00,30658,true,true,0.9288763365699665415777923826,30643,34,4,true,false,false,true,false,false,99.78354978354978354978354978,7663.875,2.585306150128491280015900901,1.009209656786093218762943193,7464452ca79d186334b2,c009c2fc614c2c1908b1,2.561713646658515080601995196,,2.561713646658515080601995196,2019-08-05,2,2019-08-02,INSIDE_VALUE,0.467364931499220782459560861,4,16,2019,2.374273195958451400935762046726038242006,POC_HVN_ZONE,7664.75,c009c2fc614c2c1908b1-Z0030643,7660.75,990,2.571630982367758186397984887,41046.17085403749245268372701,2.192061476820631340734928511
false,2.76377756899555464638024104,30748,30727,22,72e6777d760308a8b761fa05fa8dc2be7bb649b0,NQZ9,0,1.221154711530053837164341583,4.025287752821288574356533366,0,1.221154711530053837164341583,4.477567275610197402935919137,opening_hour_rth,2019-10-09T10:30:00-04:00,30748,true,true,1.64242769718732740312821725,30727,11,4,true,false,false,true,false,false,98.6013986013986013986013986,7684.375,2.106045912993755142243487662,1.282276179706649013850543873,7d3b091ef30af886c9ee,c0af10e75f3e13795747,1.64242769718732740312821725,WIDTH_EXCEEDS_MAXIMUM,,2019-10-09,2,2019-10-09,INSIDE_VALUE,1.990029900271198845749297394,5.5,22,2019,1.917774968676055742908964881624162390146,POC_BROAD_DISTRIBUTION,7687.25,c0af10e75f3e13795747-Z0030727,7681.75,480,1.983471074380165289256198348,20381.11334043252324738394506,1.854254835367225153726581886
false,1.225670085955680833802952602,26752,26744,9,72e6777d760308a8b761fa05fa8dc2be7bb649b0,NQH9,0,8.26078739786271589694680075,12.74812870040542576689321103,0,14.58385923326380707732583342,17.64341012136110926138020407,midnight,2019-01-29T09:30:00-05:00,26752,true,true,,26745,4,4,true,false,false,true,false,false,99.54954954954954954954954955,6687.125,2.46571383344876053576113239,,ae2e7146cbf6f843a2a3,c0b71be562067533a14b,,WIDTH_EXCEEDS_MAXIMUM,,2019-01-29,2,2019-01-29,INSIDE_VALUE,1.631760473651894498162331012,2,8,2019,2.238498186079601513335646717289878426671,POC_BROAD_DISTRIBUTION,6688.25,c0b71be562067533a14b-Z0026745,6686.25,394,2.479251700680272108843537415,4581.796165536726177458442904,2.021123602620400448662678685
false,2.02461683265312180733807878,31588,31575,14,72e6777d760308a8b761fa05fa8dc2be7bb649b0,NQZ9,0,4.630505806728231171111882342,10.43407308449428090557210821,0,8.334910452110816108001388216,7.347069213342126791497519983,opening_hour_rth,2019-10-15T10:30:00-04:00,31588,true,true,,31578,8,4,true,false,false,true,false,false,99.55555555555555555555555556,7895.875,3.069387113842372019960382142,1.076905019987614636665719724,c3245115d49bfac7bc02,c134f02538cde17b2031,2.850192966764768814455497691,WIDTH_EXCEEDS_MAXIMUM,2.850192966764768814455497691,2019-10-15,2,2019-10-15,INSIDE_VALUE,1.35828170330694781019281882,2.75,11,2019,2.855826859623972027797320907472294585725,POC_BROAD_DISTRIBUTION,7897.25,c134f02538cde17b2031-Z0031578,7894.5,133,3.022727272727272727272727273,9083.396575268556692705299518,2.698141881914192432263007291
true,2.068346408414536333309710113,30186,30175,12,72e6777d760308a8b761fa05fa8dc2be7bb649b0,NQM9,1.933912029303711875341192181,8.037821871793552481886830004,19.15781604028989576509868505,0,13.11434094871579615465745948,9.125647388276890411766250606,full_overnight,2019-06-11T09:30:00-04:00,30182,true,true,2.754551006217101081102835496,30175,8,4,false,false,false,true,false,false,99.70149253731343283582089552,7544.875,2.942379456144994685334442494,1.068188408747545198650728085,dafa48e07a3ac544fe27,c17780dbf58a30b29f87,2.754551006217101081102835496,,1.257071060824879181885040414,2019-06-11,2,2019-06-11,INSIDE_VALUE,0.9669560146518559376705960907,2,8,2019,2.767490105481972718355156523720734257054,POC_HVN_ZONE,7545.75,c17780dbf58a30b29f87-Z0030175,7543.75,333,2.619645876385496900244223182,5719.238160815792394739763162,2.923678178406412824631967065
true,4.158557655890529763874370704,30789,30775,15,72e6777d760308a8b761fa05fa8dc2be7bb649b0,NQM9,0,6.943513205618065387755786551,2.975791373836313737609622808,0,7.664917175032929324145998141,2.675206386580120430780367978,opening_hour_rth,2019-05-07T10:30:00-04:00,30789,true,true,2.156772532207365513858954336,30775,16,4,true,false,false,true,false,false,99.64539007092198581560283688,7695.125,2.447666866920737571760480712,1.134874832820526512940149655,a76dd04ff95749cf4f92,c1a68bdacd3b12da993c,2.156772532207365513858954336,,1.720880912930298911325544422,2019-05-07,2,2019-05-07,INSIDE_VALUE,0.9017549617685799204877644871,3.75,15,2019,2.139214514308727555013011522121426318497,POC_HVN_ZONE,7697.5,c1a68bdacd3b12da993c-Z0030775,7693.75,245,2.2589504659146640510053948,17769.61178725398693842234503,2.025825181773596643172372496
false,0.6530882438938102830705129929,33292,33288,5,72e6777d760308a8b761fa05fa8dc2be7bb649b0,NQZ9,0,65.26683093522453039576712795,34.26030128271316991449359503,0,71.39157753325146579947548014,15.50326482625568024063676646,midnight,2019-12-10T09:30:00-05:00,33292,true,true,,33288,2,4,true,false,false,true,false,false,99.71098265895953757225433526,8322.625,4.272339500553796139093811204,,88caa42ad300ef845917,c27df0a1c101e8a3933a,,WIDTH_EXCEEDS_MAXIMUM,,2019-12-10,2,2019-12-10,INSIDE_VALUE,1.913983311883417313658860057,1.25,5,2019,4.118177337293555320332930199215828880902,POC_BROAD_DISTRIBUTION,8323.25,c27df0a1c101e8a3933a-Z0033288,8322,311,4.595601110399316677343583174,6026.579047760095007369203088,3.690351745938328034386493445
true,4.728658652780081308800828612,30871,30853,19,72e6777d760308a8b761fa05fa8dc2be7bb649b0,NQZ9,0.1057382307995607001424120987,0.6079948270974740258188695674,4.361702020481878880874499071,0,0.6608639424972543758900756168,4.41457113588165923094570512,opening_hour_rth,2019-10-04T10:30:00-04:00,30865,true,true,1.616942306482750494436253852,30853,18,4,true,false,false,true,false,false,98.9010989010989010989010989,7714.875,1.830101180514680426773672453,1.131828373329907616339947901,b6e4d5150d4833d3a914,c2c048b25a6301647389,1.616942306482750494436253852,,0.9441190985536645296799026216,2019-10-04,2,2019-10-04,INSIDE_VALUE,0.6872985001971445509256786415,3.25,13,2019,1.683767854322405168035518538992178954482,POC_HVN_ZONE,7716.5,c2c048b25a6301647389-Z0030853,7713.25,231,1.727564102564102564102564103,11162.05301242069242937229996,1.641081904307674553534463308
false,0.8970353550221758624582171642,27834,27828,7,72e6777d760308a8b761fa05fa8dc2be7bb649b0,NQH9,27.31218994082382475598142781,1.532826986474806491407120949,30.51719182163478378346904434,0,12.95935543110518215462384075,15.46761777260941095874458412,midnight,2019-02-05T09:30:00-05:00,27834,false,true,,27828,3,4,false,false,false,true,false,false,92.48554913294797687861271676,6957.875,1.592912047002354563232887817,,6a18f5f4a5227d36834a,c40c851cf23187cd1eda,,WIDTH_EXCEEDS_MAXIMUM,,2019-02-05,2,2019-02-05,INSIDE_VALUE,1.950870710058844625427244844,1.75,7,2019,1.427162340911351311932162136474529086964,POC_BROAD_DISTRIBUTION,6958.75,c40c851cf23187cd1eda-Z0027828,6957,144,1.179210451576256745242828742,3012.415476190476190476190476,1.727250928443669419604140754
false,1.91909440937540738338362349,33021,33007,15,72e6777d760308a8b761fa05fa8dc2be7bb649b0,NQZ9,0.3908093298255694579996431454,5.927274835687803446327921038,2.279721090649155171664585015,0,5.927274835687803446327921038,3.582418856734386698330062166,full_overnight,2019-11-14T09:30:00-05:00,33021,true,true,,33010,7,4,true,false,false,true,false,false,98.4375,8253.625,2.674982283418367664486306692,1.342009407336856970480250274,f85ad3640a5c9c06cfd1,c4988b33bd5865589d88,1.993266417354496217608293514,WIDTH_EXCEEDS_MAXIMUM,1.993266417354496217608293514,2019-11-14,2,2019-11-14,INSIDE_VALUE,1.563237319302277831998572581,3,12,2019,2.402930211694880421520154488010009143129,POC_BROAD_DISTRIBUTION,8255.5,c4988b33bd5865589d88-Z0033010,8252.5,936,2.521212121212121212121212122,11999.91901648489109789419387,2.290197462441203048444052029
false,1.068632431533771114259277482,27506,27498,9,72e6777d760308a8b761fa05fa8dc2be7bb649b0,NQH9,4.678877275719279067113496336,9.47472648333154011090483008,0.3509157956789459300335122252,0,8.07106330061575639077078118,1.754578978394729650167561126,midnight,2019-02-04T09:30:00-05:00,27506,false,true,,27498,4,4,false,false,true,true,false,false,94.54545454545454545454545455,6875.625,2.285707360606951098503121933,,4faadbdf6efa8c54a3b5,c4b64e6b48fdbc347743,,WIDTH_EXCEEDS_MAXIMUM,,2019-02-04,2,2019-02-04,INSIDE_VALUE,2.105494774073675580201073351,2.25,9,2019,2.070309839536092481451101910380765105534,POC_BROAD_DISTRIBUTION,6876.75,c4b64e6b48fdbc347743-Z0027498,6874.5,548,1.966464409212500815554250668,6490.470043845043845043845043,2.179639159295247585763682294
false,1.294516024907455560330330414,26631,26624,8,72e6777d760308a8b761fa05fa8dc2be7bb649b0,NQH9,13.51856575220926144400243438,7.628333531603797529115659399,26.16808084891935608089042655,0,7.048966427937686324372697926,17.47757429392768800974600445,midnight,2019-01-17T09:30:00-05:00,26629,false,true,1.397595966432643019829997252,26624,5,4,false,false,false,true,false,false,79.53488372093023255813953488,6656.875,1.541037618765918904598993942,1.102634563764097010253651054,4ba414c93b8f8548c405,c5036546a5ee7227b4fd,1.397595966432643019829997252,WIDTH_EXCEEDS_MAXIMUM,0.8259745431860066929474660776,2019-01-17,2,2019-01-17,INSIDE_VALUE,1.158734207332222409485922947,1.5,6,2019,1.486401727149955243215459680156776570048,POC_BROAD_DISTRIBUTION,6657.5,c5036546a5ee7227b4fd-Z0026624,6656,113,0.8760637530650512043848261936,4139.894444444444444444444444,2.521951269807089058389592201
false,0.8449252998098077065188884562,32866,32860,7,72e6777d760308a8b761fa05fa8dc2be7bb649b0,NQZ9,0,9.32035057036717784522030487,7.545045699821048731845008704,0,9.024466425276156326324422175,6.657393264547984175157360621,midnight,2019-11-08T09:30:00-05:00,32866,true,true,,32860,3,4,true,false,false,true,false,false,99.375,8215.875,3.858431718730180438951224987,,9de8416f298ea83a6ad2,c54e0f7013f9eaa6bdb7,,WIDTH_EXCEEDS_MAXIMUM,,2019-11-08,2,2019-11-08,INSIDE_VALUE,2.07118901563715063227117886,1.75,7,2019,3.582402913582335087293765883406065270188,POC_BROAD_DISTRIBUTION,8216.75,c54e0f7013f9eaa6bdb7-Z0032860,8215,523,3.660222202781908844370571253,7493.488293869872817241238295,3.506238125513027199177067193
false,2.145426667792489912772576122,33105,33089,17,72e6777d760308a8b761fa05fa8dc2be7bb649b0,NQZ9,0,1.573113661103441151517478573,11.82748419274068717622400557,0,1.689640598962955310889143653,12.7596996956168004511973262,prior_rth,2019-11-22T16:00:00-05:00,33101,true,true,,33089,8,4,true,false,false,true,false,false,99.61832061068702290076335878,8274.375,2.674668518512306488488593347,,5a57fe3909aa1e1ad360,c55b86e7207ad860ff50,,WIDTH_EXCEEDS_MAXIMUM,,2019-11-25,2,2019-11-22,INSIDE_VALUE,1.514850192173684071831646033,3.25,13,2019,2.349622243423667253501423358042383207379,POC_BROAD_DISTRIBUTION,8275.5,c55b86e7207ad860ff50-Z0033089,8272.25,499,2.46187741267300630825722625,26411.10544075807233701970543,2.242485616209902529545392421
true,2.220637755924055619328681609,30308,30303,6,72e6777d760308a8b761fa05fa8dc2be7bb649b0,NQM9,1.35096325008291810172089078,15.81752805305416610764876288,6.923686656674955271319565246,0,18.18171374069927278566032174,7.599168281716414322180010635,full_overnight,2019-05-09T09:30:00-04:00,30308,true,true,2.878640215078605929541434827,30303,8,4,false,false,false,true,false,false,98.85844748858447488584474886,7576.125,2.896223581294578262598900069,1.006108219472467902970635325,8fc61c095b5da49ba302,c56570729e05aacdf35b,2.878640215078605929541434827,,2.557276688410849952042821534,2019-05-09,2,2019-05-09,INSIDE_VALUE,0.6754816250414590508604453898,1.5,6,2019,2.729207320389854176559455872262048466417,POC_HVN_ZONE,7577.25,c56570729e05aacdf35b-Z0030303,7575.75,360,2.75934481310373792524149517,5056.159195975014052817256478,2.699398988592274239440517514
false,1.76413602331083022093019626,31435,31421,15,72e6777d760308a8b761fa05fa8dc2be7bb649b0,NQU9,0,6.731340351926874060126952406,3.046817211924795627215357405,0,7.298190065773347665190274713,2.905104783463177225949526828,opening_hour_rth,2019-09-09T10:30:00-04:00,31435,true,true,,31421,7,4,true,false,false,true,false,false,99.37106918238993710691823899,7857.125,2.979062050386696534753836124,,d81cc2d86f15ccb9bb01,c56991e34ab42764705f,,WIDTH_EXCEEDS_MAXIMUM,,2019-09-09,2,2019-09-09,INSIDE_VALUE,2.125686426924276018987458654,3.75,15,2019,2.589018180156395544543441421263778094338,POC_BROAD_DISTRIBUTION,7859,c56991e34ab42764705f-Z0031421,7855.25,318,2.772039473684210526315789474,19925.44116869794703285078842,2.418080695031234842445199061
false,5.220188097339335853900731321,30205,30184,22,72e6777d760308a8b761fa05fa8dc2be7bb649b0,NQU9,0,3.759443076390794309242251338,1.74802130303521009283238438,0,3.663661087183385537032257673,2.179040254468549567777355871,prior_rth,2019-08-26T16:00:00-04:00,30205,true,true,2.11959243843367387583268985,30184,20,4,true,false,false,true,false,false,99.3174061433447098976109215,7548.125,2.455241738043332461160858,1.158355584556479676029967212,7eb95a8b2e0d32559272,c5a0121d79a2afc415a9,2.11959243843367387583268985,WIDTH_EXCEEDS_MAXIMUM,1.958852121669883509888485034,2019-08-27,2,2019-08-26,INSIDE_VALUE,1.053601881281496494309930311,5.5,22,2019,2.232742932540790666745355873777345057412,POC_BROAD_DISTRIBUTION,7551.5,c5a0121d79a2afc415a9-Z0030184,7546,1293,2.243409209341986830261973566,56168.26603433419013287363982,2.222127368494238630379648635
false,4.11766660003627052604853416,30391,30365,27,72e6777d760308a8b761fa05fa8dc2be7bb649b0,NQU9,0,3.005342880332029463671036515,2.094632916595050838316176965,0,3.612482856156681880574276215,2.094632916595050838316176965,opening_hour_rth,2019-08-12T10:30:00-04:00,30385,true,true,1.926942213638313897618813583,30365,16,4,true,false,false,true,false,false,99.49238578680203045685279188,7593.875,2.305530507923946753272863068,1.196471015895598461171187261,103d0630cc604ec76f41,c6626a7ebffc4c9fccc5,1.926942213638313897618813583,WIDTH_EXCEEDS_MAXIMUM,,2019-08-12,2,2019-08-12,INSIDE_VALUE,1.27499394923177007549680337,5.25,21,2019,2.099552003854445143858509683070210283449,POC_BROAD_DISTRIBUTION,7596.5,c6626a7ebffc4c9fccc5-Z0030365,7591.25,503,2.212198334561203759515995803,20384.69409254460238776738845,1.992641684979651571889630473
false,1.425726149043887057108103141,35230,35220,11,72e6777d760308a8b761fa05fa8dc2be7bb649b0,NQH0,0,8.504438252837828278286961075,18.49934506545135841977885347,0,9.556533706797147240549265538,18.14864658079825209902475199,opening_hour_rth,2019-12-27T10:30:00-05:00,35229,true,true,,35221,5,4,true,false,false,true,false,false,99.52606635071090047393364929,8806.375,2.088136379004301317771192702,,ada44b0d831d9c3083ea,c73b32d58df3e5b1d512,,WIDTH_EXCEEDS_MAXIMUM,,2019-12-27,2,2019-12-27,INSIDE_VALUE,1.578143180938978443393456694,2.25,9,2019,1.809739578508489674040432548589313073187,POC_BROAD_DISTRIBUTION,8807.5,c73b32d58df3e5b1d512-Z0035221,8805.25,81,1.863591756624141315014720314,6653.481441452710802556003794,1.757443565833842807708496762
false,1.483350172809344370260508847,29366,29356,11,72e6777d760308a8b761fa05fa8dc2be7bb649b0,NQM9,15.1683671276262658897046438,0.5898809438521325623774028144,28.06147918610859189595359103,0,12.89311205848232600624894723,14.24141135871577186311158223,midnight,2019-03-25T09:30:00-04:00,29366,false,true,1.853804611822827961524843119,29356,5,4,false,true,false,true,false,false,97.9020979020979020979020979,7340.375,2.261003494060520137837782468,1.219655771509435125471626164,8220492d31b69da6a355,c7585e7937a39b2bfd26,1.853804611822827961524843119,WIDTH_EXCEEDS_MAXIMUM,,2019-03-25,2,2019-03-25,INSIDE_VALUE,1.853911537820988053186123131,2.75,11,2019,2.006075263481706575442621912035384728461,POC_BROAD_DISTRIBUTION,7341.75,c7585e7937a39b2bfd26-Z0029356,7339,341,1.800203045685279187817258883,6944.467252750689283197023135,2.23549114217905508819238562
false,2.446467507841495814379552778,30844,30826,19,72e6777d760308a8b761fa05fa8dc2be7bb649b0,NQZ9,0,13.53993048909363878440328375,8.226146448090852242599730882,0,15.68588173642168719551625702,2.19704532464538289709185359,full_overnight,2019-09-25T09:30:00-04:00,30839,true,true,,30830,9,4,true,false,false,true,false,false,99.67105263157894736842105263,7708.875,2.585595730273529508805922081,2.778915855206644818721998649,51e724b0f6a65b325560,c7662b14026af2a27183,0.9304332570664541755498767663,WIDTH_EXCEEDS_MAXIMUM,0.9304332570664541755498767663,2019-09-25,2,2019-09-25,INSIDE_VALUE,1.021881546346689719577606321,2.5,10,2019,2.281899917489215201924799337743320236294,POC_BROAD_DISTRIBUTION,7710,c7662b14026af2a27183-Z0030830,7707.5,580,2.29912635284913287260399009,9474.02667930188091478414059,2.264802552928230213649958105
false,0.342840285747814466518443393,34207,34205,3,72e6777d760308a8b761fa05fa8dc2be7bb649b0,NQH0,0,20.78227179299747842082880264,24.42828438826019393325490836,0,39.74153728836359908544455241,18.5946642358398491133731392,midnight,2019-12-16T09:30:00-05:00,34207,true,true,,34205,1,4,true,false,false,true,false,false,99.31506849315068493150684932,8551.625,2.821577354831101478713899039,,1b224f9c2f430ff2c014,c79f2033305eb9fe7c62,,BASIN_TOO_NARROW,,2019-12-16,2,2019-12-16,INSIDE_VALUE,2.187607557157629307455663436,0.75,3,2019,2.881640176385920407383185585448334341431,POC_HVN_ZONE,8552,c79f2033305eb9fe7c62-Z0034205,8551.25,162,2.993166287015945330296127562,2936.868354583212595382980779,2.774269556015897299545896941
false,0.8032881220309365602012969662,28640,28634,7,72e6777d760308a8b761fa05fa8dc2be7bb649b0,NQH9,0,2.956597931505992105409140845,10.11467713409944667639969236,0,3.890260436192094875538343217,11.67078130857628462661502965,midnight,2019-03-06T09:30:00-05:00,28640,true,true,,28634,3,4,true,false,false,true,false,false,99.08256880733944954128440367,7159.375,2.831933425476212210126235964,,91ca960922b42b8d7aea,c7cdcb0bdb1c1230d8be,,WIDTH_EXCEEDS_MAXIMUM,,2019-03-06,2,2019-03-06,INSIDE_VALUE,2.178545844267573130301472202,1.75,7,2019,2.51808350575981690372841513805060758671,POC_BROAD_DISTRIBUTION,7160.25,c7cdcb0bdb1c1230d8be-Z0028634,7158.5,484,2.688751847510320574894245962,5611.26799034299034299034299,2.358248325464074412435166142
true,4.987834994519934433889256712,29887,29870,18,72e6777d760308a8b761fa05fa8dc2be7bb649b0,NQU9,9.573291829513660116913877293,4.836767861508210477917220727,29.69725345019289853021713244,0,5.137499542016492994678913207,28.99554619567357265777318332,full_overnight,2019-08-06T09:30:00-04:00,29887,true,true,2.716186587025995267127058594,29870,19,4,false,false,false,true,false,false,99.90791896869244935543278085,7470.375,3.679044131627400862434591618,1.090534420304953895921078774,eeb032be20bdc5ef2980,c8c2459b89b8c178527f,3.373615782433170322345953888,,3.373615782433170322345953888,2019-08-06,2,2019-08-06,INSIDE_VALUE,0.9021950415248475502850774412,4.5,18,2019,3.322102136766350095846063339814200242326,POC_HVN_ZONE,7472,c8c2459b89b8c178527f-Z0029870,7467.5,1113,3.07018105340160936356986101,19260.0746355597907935191805,3.59469438940084754385978274
true,2.303669113141157812500949251,27551,27546,6,72e6777d760308a8b761fa05fa8dc2be7bb649b0,NQH9,0.6511351788515676393977412151,10.90651424576375795991216535,11.12355930538094717304474576,0,13.72810002078721773063571062,9.712766417869217287682973125,prior_rth,2019-02-07T16:00:00-05:00,27551,true,true,2.728251015216171763773832469,27546,9,4,false,false,false,true,false,false,99.51456310679611650485436893,6887.125,2.887926856909682099673034526,1.021126271748269949333796664,70366654af44bccb113e,c91d095900ed1fa90b69,2.828177999930668213077396221,,2.828177999930668213077396221,2019-02-08,2,2019-02-07,INSIDE_VALUE,0.6511351788515676393977412151,1.5,6,2019,2.819753169757657508554213108720049099494,POC_HVN_ZONE,6888,c91d095900ed1fa90b69-Z0027546,6886.5,352,3.067732791809451284003892203,18949.1656855901670042175151,2.591818935334516792335155331
false,2.392635580157379598615407372,30759,30741,19,72e6777d760308a8b761fa05fa8dc2be7bb649b0,NQU9,0.3134618603099881588499888347,6.634942709894749362324763668,3.709298680334859879724867877,0,4.231735114184840144474849268,4.336222400954836197424845547,opening_hour_rth,2019-09-04T10:30:00-04:00,30759,true,true,,30741,9,4,true,false,false,true,false,false,98.75,7687.625,2.445905106583287376452033369,,edb5b9cc9f1e9ce293d0,c931bbe5a9b1e31075bb,,WIDTH_EXCEEDS_MAXIMUM,,2019-09-04,2,2019-09-04,INSIDE_VALUE,1.985258448629925006049929286,4.75,19,2019,2.286911843237416786121406043051372152786,POC_BROAD_DISTRIBUTION,7690,c931bbe5a9b1e31075bb-Z0030741,7685.25,369,2.331109093062739369052789513,20889.0728862049359888675525,2.24355256229906529590163508
false,2.211710387764885099310637914,31701,31685,17,72e6777d760308a8b761fa05fa8dc2be7bb649b0,NQZ9,0,5.143078435099891738405178036,2.204176472185667887887933444,0,5.03004374421857543646220709,2.204176472185667887887933444,prior_rth,2019-10-16T16:00:00-04:00,31701,true,true,,31687,8,4,true,false,false,true,false,false,98.9010989010989010989010989,7923.375,2.839160190089144574457551102,,e93406d6a2b45ef2eae2,ca89a76ed96b67e8473a,,WIDTH_EXCEEDS_MAXIMUM,,2019-10-17,2,2019-10-16,INSIDE_VALUE,1.695520363219744529144564188,3.75,15,2019,2.450682469230852779134653551589928768563,POC_BROAD_DISTRIBUTION,7925.5,ca89a76ed96b67e8473a-Z0031687,7921.75,931,2.454613935969868173258003766,46499.61419561994447097229629,2.44675729938052260189253257
true,4.109724036435643883678304582,26724,26699,26,72e6777d760308a8b761fa05fa8dc2be7bb649b0,NQH9,0.06083133509295785740947193363,3.680295773123950373273051985,1.916187055428172508398365909,0,5.261910485540854665919322259,1.855355720335214650988893976,full_overnight,2019-01-30T09:30:00-05:00,26715,true,true,1.879661773085439777649572901,26702,16,4,true,false,false,true,false,false,99.57983193277310924369747899,6677.125,3.013526487867239332919747368,1.603228054651862031780935178,1a06eb7eb296608eecf3,cad643e5c77d3bd30b86,1.879661773085439777649572901,,0.9774767379258136849086292662,2019-01-30,2,2019-01-30,INSIDE_VALUE,0.8516386913014100037326070709,3.5,14,2019,2.632327983118326822968782599839025965304,POC_HVN_ZONE,6679,cad643e5c77d3bd30b86-Z0026702,6675.5,1129,2.936954858454475899005355776,11727.65212764270807532327321,2.359297621058482879869540431
false,2.13207512667891737940937148,33086,33070,17,72e6777d760308a8b761fa05fa8dc2be7bb649b0,NQZ9,0.1172566561429845311619188985,8.970134194938316633886795738,3.107301387789090075790850811,0,10.96349734936905366363941701,3.576328012361028200438526405,full_overnight,2019-11-21T09:30:00-05:00,33086,true,true,,33070,8,4,true,false,false,true,false,false,99.26470588235294117647058824,8269.625,2.91783331181882587995107896,,dff5ae31723b1ed33164,cba27fcaa108dc2ad14e,,WIDTH_EXCEEDS_MAXIMUM,,2019-11-21,2,2019-11-21,INSIDE_VALUE,1.993363154430737029752621275,4.25,17,2019,2.613882511211995223314038918408981031255,POC_BROAD_DISTRIBUTION,8271.75,cba27fcaa108dc2ad14e-Z0033070,8267.5,1504,3.048005066497783407219759341,18476.59687587989788291889658,2.241591346916776862094162538
false,1.459430113058140699076315369,31753,31743,11,72e6777d760308a8b761fa05fa8dc2be7bb649b0,NQZ9,0.1712997407434202457912323235,4.882042611187477005050121221,2.312546500036173318181636368,0,5.395941833417737742423818191,2.483846240779593563972868691,midnight,2019-10-16T09:30:00-04:00,31753,true,true,,31743,5,4,true,false,false,true,false,false,99.24242424242424242424242424,7937.125,3.231750953734291918803489344,,d414c58649c3413bb4b2,cc364b186e6280d42277,,WIDTH_EXCEEDS_MAXIMUM,,2019-10-16,2,2019-10-16,INSIDE_VALUE,1.884297148177622703703555559,2.75,11,2019,2.985698690683622688707143788192872701286,POC_BROAD_DISTRIBUTION,7938.5,cc364b186e6280d42277-Z0031743,7935.75,1172,3.078135259356533158240315168,17198.84565574088793903035389,2.896037997178006809350512128
false,1.498513368101729897693791923,30803,30793,11,72e6777d760308a8b761fa05fa8dc2be7bb649b0,NQM9,1.50148810674290479103193357,4.421048314298552995816248844,8.758680622666944614352945824,0,5.588872397320812277729974954,9.592840681968558387148464474,prior_rth,2019-04-17T16:00:00-04:00,30803,true,true,,30793,5,4,false,false,false,true,false,false,94.59459459459459459459459459,7699.625,2.563412386030674660387864597,,9b281137a2d90d269254,cc3923b0588b23bd13d9,,WIDTH_EXCEEDS_MAXIMUM,,2019-04-18,2,2019-04-17,INSIDE_VALUE,1.83515213046355030015014103,2.75,11,2019,2.524617113676819279624744131581294051091,POC_BROAD_DISTRIBUTION,7701,cc3923b0588b23bd13d9-Z0030793,7698.25,663,2.649088389337844891200662336,45272.37011100344276361795051,2.405994302161814713881460846
false,1.487058415704859755071521182,31756,31746,11,72e6777d760308a8b761fa05fa8dc2be7bb649b0,NQU9,0,7.81744676418094603803090181,12.18849226673373307004818024,0,7.81744676418094603803090181,12.18849226673373307004818024,opening_hour_rth,2019-07-23T10:30:00-04:00,31754,true,true,,31746,5,4,true,false,false,true,false,false,98.97959183673469387755102041,7937.875,2.311921426140703657283486327,,0b0bc2944aaee9a97ec2,cc9bd59a23d67f5e0b9f,,WIDTH_EXCEEDS_MAXIMUM,,2019-07-23,2,2019-07-23,INSIDE_VALUE,1.513054212422118588005980996,2.25,9,2019,2.222647570274326222137993136206768170184,POC_BROAD_DISTRIBUTION,7938.75,cc9bd59a23d67f5e0b9f-Z0031746,7936.5,114,2.431603003591250408096637284,6839.554524122248580452914817,2.03164834652293485760647935
false,0.3765034710035267523354172071,33588,33586,3,72e6777d760308a8b761fa05fa8dc2be7bb649b0,NQZ9,49.13633319419439913252097712,83.99656958196745257113383252,12.94808780117284842005620343,0,52.1243534560035179986877933,36.18824539302155071246477369,midnight,2019-12-12T09:30:00-05:00,33588,false,true,,33586,1,4,false,false,false,true,false,false,90.95744680851063829787234043,8396.875,1.857034462620876863346386181,,a9fef09d8bae4195f52a,cd23ea0641784d12dd57,,BASIN_TOO_NARROW,,2019-12-12,2,2019-12-12,INSIDE_VALUE,1.992013507872745910777877451,0.75,3,2019,1.890442508792794277448069768917058759839,POC_HVN_ZONE,8397.25,cd23ea0641784d12dd57-Z0033586,8396.5,76,1.409489987175693005820262405,3094.196173854650974638892784,2.535507815995093748423719486
false,1.76413602331083022093019626,31481,31467,15,72e6777d760308a8b761fa05fa8dc2be7bb649b0,NQU9,0,5.455928495772308448734477213,26.85450519347668703987489433,0,8.715314350389531677848580483,24.44539390962917421835577453,prior_rth,2019-09-09T16:00:00-04:00,31481,true,true,,31467,7,4,true,false,false,true,false,false,99.41520467836257309941520468,7868.625,2.378980861527904681852316816,,1f76934196d585900066,cd3caba2cc592aee34c1,,WIDTH_EXCEEDS_MAXIMUM,,2019-09-10,2,2019-09-09,INSIDE_VALUE,2.125686426924276018987458654,3.75,15,2019,2.141478721345877011508708104127217160689,POC_BROAD_DISTRIBUTION,7870.5,cd3caba2cc592aee34c1-Z0031467,7866.75,497,2.095340236686390532544378698,27617.3826633662333459493703,2.188633155458059597180584295
false,3.216863871522302287160816195,30463,30446,18,72e6777d760308a8b761fa05fa8dc2be7bb649b0,NQZ9,0.07771544273699514794008266349,1.360020247897415088951446611,5.478938712958157929775827776,0,2.059459232530371420412190582,5.634369598432148225655993103,opening_hour_rth,2019-10-02T10:30:00-04:00,30459,true,true,2.989017097725213355565923952,30446,12,4,true,false,false,true,false,false,99.29577464788732394366197183,7612.875,3.080177426856437808965760782,1.030498430136315337556995809,6cc64fc8a74b5452fb15,cd3f9a9067141f873b2e,2.989017097725213355565923952,WIDTH_EXCEEDS_MAXIMUM,,2019-10-02,2,2019-10-02,INSIDE_VALUE,1.088016198317932071161157289,3.5,14,2019,2.833723676864690024313499549201427197837,POC_BROAD_DISTRIBUTION,7615,cd3f9a9067141f873b2e-Z0030446,7611.5,259,2.923761825264329437952142459,15740.70671767864241311396777,2.746458281052892669037543456
false,1.968137186577172392745165569,28233,28226,8,72e6777d760308a8b761fa05fa8dc2be7bb649b0,NQH9,0,2.349937815078547460801225035,6.28767145115611347619787239,0,2.349937815078547460801225035,6.414695116836034960565506176,opening_hour_rth,2019-02-13T10:30:00-05:00,28233,true,true,2.190617683782149632266269347,28226,7,4,true,false,false,true,false,false,99.39393939393939393939393939,7057.375,2.420799868876523715403487094,1.102794576698614593511501706,35044d44bdf6015dee9e,cda5e3f52e3f964a7db4,2.195150320854461353737293889,WIDTH_EXCEEDS_MAXIMUM,2.195150320854461353737293889,2019-02-13,2,2019-02-13,INSIDE_VALUE,1.016189325439371874941070285,2,8,2019,2.286215157801670498296088461286132332116,POC_BROAD_DISTRIBUTION,7058.5,cda5e3f52e3f964a7db4-Z0028226,7056.5,160,2.342086586231369765791341377,10029.39793886713131425140746,2.231676565029340317360210577
false,1.047931160589635498462582916,31796,31788,9,72e6777d760308a8b761fa05fa8dc2be7bb649b0,NQU9,0,9.423328908784113988644264962,5.606284287504472879320005737,0,10.13902477527404669664256357,5.606284287504472879320005737,midnight,2019-07-11T09:30:00-04:00,31796,true,true,,31788,4,4,true,false,false,true,false,false,99.3006993006993006993006993,7948.125,2.97460642378475752817667982,,83bf0707ed009b033b76,cdc93bd4c0447687de17,,WIDTH_EXCEEDS_MAXIMUM,,2019-07-11,2,2019-07-11,INSIDE_VALUE,2.147087599469798123994895814,2.25,9,2019,2.734934516664557860609613590724629645559,POC_BROAD_DISTRIBUTION,7949.25,cdc93bd4c0447687de17-Z0031788,7947,674,2.918809242603191908179643257,9510.02287120381749537759768,2.562643252346339201017186505
false,4.461586429246931530192632312,30410,30381,30,72e6777d760308a8b761fa05fa8dc2be7bb649b0,NQU9,0.05603388031691618456613183896,5.295201689948579441499458782,3.277981998539596797118712579,0,5.351235570265495626065590621,3.277981998539596797118712579,opening_hour_rth,2019-08-08T10:30:00-04:00,30406,true,true,,30386,17,4,true,false,false,true,false,false,99.21568627450980392156862745,7599.625,2.352913338619838572557748856,1.711560583330712003270130635,3d13d6c08e73fc39b46e,cdeb9b96707caa51c115,1.374718114880309083896415168,WIDTH_EXCEEDS_MAXIMUM,1.374718114880309083896415168,2019-08-08,2,2019-08-08,INSIDE_VALUE,1.176711486655239875888768618,5.25,21,2019,2.036974334745905901872664739631274133559,POC_BROAD_DISTRIBUTION,7601.75,cdeb9b96707caa51c115-Z0030386,7596.5,314,2.099590937696664568911264946,18677.60624969834841173683587,1.976225161728615263867752271
false,1.745630127472995250644054447,34422,34413,10,72e6777d760308a8b761fa05fa8dc2be7bb649b0,NQH0,2.721080442668678732076725711,5.22733874512667230109476255,2.792687822738907119762955335,0,4.797694464705301974977384806,3.79519114372210454737017007,opening_hour_rth,2019-12-17T10:30:00-05:00,34422,true,true,1.47586634882474204784072761,34413,6,4,false,false,false,true,false,false,96.55172413793103448275862069,8604.125,1.676312197981014285977915838,1.135815718893442310541828288,2bd40226bb8c36bbca8d,cdf12948590f4e8ede36,1.47586634882474204784072761,WIDTH_EXCEEDS_MAXIMUM,,2019-12-17,2,2019-12-17,INSIDE_VALUE,1.432147601404567753724592479,2.5,10,2019,1.618936745411022823478491869285192091187,POC_BROAD_DISTRIBUTION,8605.75,cdf12948590f4e8ede36-Z0034413,8603.25,124,1.565179542981501632208922742,9702.37297976791010846738401,1.674540277116956409787410608
false,0.9308229859420029101364703571,30702,30696,7,72e6777d760308a8b761fa05fa8dc2be7bb649b0,NQM9,12.89181743600354954528391521,23.2321293377980632430637222,10.34031190179451369777980699,0,16.51764108987954785489501636,4.968721303459701387244842321,midnight,2019-04-22T09:30:00-04:00,30702,false,true,,30696,3,4,false,false,false,true,false,false,81.1965811965811965811965812,7674.875,1.650520646558412193690668962,,3de2942ecd739d0d62c6,ce289c478e91128761ff,,WIDTH_EXCEEDS_MAXIMUM,,2019-04-22,2,2019-04-22,INSIDE_VALUE,1.880056709417184308687237635,1.75,7,2019,1.503351589886246620273800030676471437795,POC_BROAD_DISTRIBUTION,7675.75,ce289c478e91128761ff-Z0030696,7674,164,1.172932330827067669172932331,3975.48916040100250626566416,1.926851143424334775919479305
false,3.692744352136363661358435399,31816,31790,27,72e6777d760308a8b761fa05fa8dc2be7bb649b0,NQU9,0.06770032695476671208819300255,2.471061933848984991219044593,3.621967492080019096718325636,0,2.064859972120384718689886578,3.621967492080019096718325636,full_overnight,2019-07-24T09:30:00-04:00,31808,true,true,,31793,14,4,true,false,false,true,false,false,99.45945945945945945945945946,7951.125,2.921116679566154120064572729,2.260940200329071260846343629,c213186e08e71e6ce70c,ce5216534780b2cdc777,1.291992012500373375424821012,WIDTH_EXCEEDS_MAXIMUM,1.291992012500373375424821012,2019-07-24,2,2019-07-24,INSIDE_VALUE,1.083205231276267393411088041,4,16,2019,2.447597661952068816898002950950091245164,POC_BROAD_DISTRIBUTION,7952.25,ce5216534780b2cdc777-Z0031793,7948.25,1106,2.527297430830039525691699605,15870.73630544721875991225836,2.37041127083554178016515517
false,0.9535497313553495579719561646,30182,30176,7,72e6777d760308a8b761fa05fa8dc2be7bb649b0,NQM9,0,22.15406213787455183291643949,13.24000163269425878771929224,0,27.13544889076942147582072766,12.19128863208481254710786315,midnight,2019-06-11T09:30:00-04:00,30182,true,true,,30176,3,4,true,false,false,true,false,false,99.55947136563876651982378855,7544.875,2.806906519481338293854054033,,0c13a93e92b9bdd6657c,ce58ee7ee553b80816fc,,WIDTH_EXCEEDS_MAXIMUM,,2019-06-11,2,2019-06-11,INSIDE_VALUE,1.835247751066530921070000904,1.75,7,2019,2.645303028321043231853364945680011191161,POC_BROAD_DISTRIBUTION,7545.75,ce58ee7ee553b80816fc-Z0030176,7544,282,2.652990177794355340047246053,5030.278065501749712276028065,2.637638152683314703086421977
true,2.528830068612255862201094976,30676,30667,10,72e6777d760308a8b761fa05fa8dc2be7bb649b0,NQU9,0,8.057085469242768505867376009,9.6388445797689561880008486,0,10.23200424621627656880090082,9.6388445797689561880008486,opening_hour_rth,2019-08-09T10:30:00-04:00,30676,true,true,2.124411603684082970911476413,30667,10,4,true,false,false,true,false,false,99.67948717948717948717948718,7667.875,2.383659512119842370412898517,1.122032805688963672656542591,f1000ef94158eea6b732,ce5abd8f84113ecab7bc,2.124411603684082970911476413,,2.041229478836793033996869671,2019-08-09,2,2019-08-09,INSIDE_VALUE,0.9885994440788673013334203692,2.5,10,2019,2.201397834465336052168982687041991195432,POC_HVN_ZONE,7669.25,ce5abd8f84113ecab7bc-Z0030667,7666.75,154,2.295652173913043478260869565,7957.167180674164589661240237,2.111013367207186279356405346
false,2.465695004175717285665388292,26237,26222,16,72e6777d760308a8b761fa05fa8dc2be7bb649b0,NQH9,0,3.903564708408711284803827395,18.80808450415106346314571381,0,5.018868910811200223319206651,19.41643225091605742960864795,prior_rth,2019-01-08T16:00:00-05:00,26237,true,true,,26223,9,4,true,false,false,true,false,false,99.7899159663865546218487395,6557.875,2.818438250111420413057204596,1.203895967845152051776773557,df5ddb05726104c97742,cf06cc23dc4cdb3f4fe5,2.341097840169803285027137452,WIDTH_EXCEEDS_MAXIMUM,2.341097840169803285027137452,2019-01-09,2,2019-01-08,INSIDE_VALUE,1.520869366912484916157335349,3.75,15,2019,2.434328227139651341510391540397599200495,POC_BROAD_DISTRIBUTION,6559.5,cf06cc23dc4cdb3f4fe5-Z0026223,6555.75,744,2.726281755196304849884526559,28988.49761120281053475846274,2.173639575643267268820537144
false,1.828436529211741035126802945,31365,31351,15,72e6777d760308a8b761fa05fa8dc2be7bb649b0,NQM9,0,8.135365796051326441864641222,9.776111838952434295686081469,0,8.272094632959752096349761243,11.28012904494511649502240169,prior_rth,2019-05-01T16:00:00-04:00,31365,true,true,,31351,7,4,true,false,false,true,false,false,99.5215311004784688995215311,7839.625,4.56596917075551243559524322,,a7c83732515facb3583f,cf79d5bf58d03c045711,,WIDTH_EXCEEDS_MAXIMUM,,2019-05-02,2,2019-05-01,INSIDE_VALUE,2.050932553626384817276800308,3.75,15,2019,4.167148146979851936176885953842557307834,POC_BROAD_DISTRIBUTION,7841.5,cf79d5bf58d03c045711-Z0031351,7837.75,960,4.35558450016281341582546402,58553.68117226562934917698109,3.986864146070062170827913572
false,1.462269517609138917279013802,30170,30160,11,72e6777d760308a8b761fa05fa8dc2be7bb649b0,NQU9,0.3419342289357964876494204425,13.24995137126211389641504215,6.411266792546184143426633296,0,12.73705002785841916494091148,5.898365449142489411952502633,midnight,2019-08-13T09:30:00-04:00,30170,true,true,,30160,5,4,true,false,false,true,false,false,98.634812286689419795221843,7541.375,2.743829946138758267622942748,,39417666b03976eb8ac4,cf7abbd85a8c3f3799c9,,WIDTH_EXCEEDS_MAXIMUM,,2019-08-13,2,2019-08-13,INSIDE_VALUE,1.880638259146880682071812434,2.75,11,2019,2.673189697197949673831177559318585901779,POC_BROAD_DISTRIBUTION,7542.75,cf7abbd85a8c3f3799c9-Z0030160,7540,797,2.637820802457979396349177661,13209.04992313765082302189932,2.709032831398751189863847756
false,1.824066856882174825166891436,28039,28028,12,72e6777d760308a8b761fa05fa8dc2be7bb649b0,NQH9,0,3.083768546518438039981544406,4.728445104661604994638368088,0,2.946712166673174127093475765,5.68783976357845238485484857,opening_hour_rth,2019-02-05T10:30:00-05:00,28039,true,true,2.894267153725065079260410963,28028,7,4,true,false,false,true,false,false,98.9247311827956989247311828,7008.125,3.21856029460169320024733283,1.112046719826553259852102176,31bf2a20e93b374d0417,cfabce9608532922d9b1,2.894267153725065079260410963,WIDTH_EXCEEDS_MAXIMUM,,2019-02-05,2,2019-02-05,INSIDE_VALUE,1.644676558143166954656823683,3,12,2019,3.077000822601680140353199380256987236945,POC_BROAD_DISTRIBUTION,7010,cfabce9608532922d9b1-Z0028028,7007,255,3.261138613861386138613861386,18073.63785221785289089098485,2.903260236178923846627806089
false,3.95964793856756526032363893,30029,30007,23,72e6777d760308a8b761fa05fa8dc2be7bb649b0,NQM9,0.06313692628199655713904639152,8.555053511210533492340786051,9.123285847748502506592203574,0,8.681327363774526606618878834,16.32089544389611002044349221,prior_rth,2019-05-15T16:00:00-04:00,30023,true,true,3.765835573451116689721378063,30007,15,4,true,false,false,true,false,false,99.71509971509971509971509972,7503.625,4.254325388284633615209346762,1.129716182585702020664568441,4df7f47eadaafbea4a38,cfc830947e8fb2ef166f,3.765835573451116689721378063,WIDTH_EXCEEDS_MAXIMUM,,2019-05-16,2,2019-05-15,INSIDE_VALUE,1.073327746793941471363788656,4.25,17,2019,3.756405461469670382010707744586848966623,POC_BROAD_DISTRIBUTION,7506,cfc830947e8fb2ef166f-Z0030007,7501.75,769,4.087947537408372205730902041,32207.59683802036266736862147,3.451752220847928075762470244
false,2.021781212587337342284133142,28855,28841,15,72e6777d760308a8b761fa05fa8dc2be7bb649b0,NQM9,1.112880061399227199098521936,0.8037467110105529771267102872,5.378920296762931462309522691,0,1.792973432254310487436507564,4.760653595985583018365899394,opening_hour_rth,2019-03-12T10:30:00-04:00,28854,true,true,1.719719688648729299970998656,28841,8,4,false,true,false,true,false,false,94.44444444444444444444444444,7212.125,1.765625930283636516901768729,1.026694025740310080289579668,eb03c6bd0e6f5baf23ce,cfcb3f8b4b07455a4bce,1.719719688648729299970998656,WIDTH_EXCEEDS_MAXIMUM,1.218534362819552500204492412,2019-03-12,2,2019-03-12,INSIDE_VALUE,1.731146762176575643042145234,3.5,14,2019,1.655184879804748298554819457869104015947,POC_BROAD_DISTRIBUTION,7213.75,cfcb3f8b4b07455a4bce-Z0028841,7210.25,298,1.696573537163943068002108593,17641.63502730415085657618192,1.61480591693887939956388182
true,1.817032373349105191823615494,32882,32871,12,72e6777d760308a8b761fa05fa8dc2be7bb649b0,NQZ9,16.51043781058496333187997755,6.948142578621172068832823886,26.34790700605850398379179751,0,5.572272761072425124509492423,15.20336148391365373477281266,full_overnight,2019-11-04T09:30:00-05:00,32879,false,true,0.911487327831708746751260603,32873,7,4,false,false,false,true,false,false,92.83018867924528301886792453,8219.125,1.990166347259132450617765793,2.042381306422093233121586282,6cd1321311b78a4c8f4b,d005c1936e3f40a8d471,0.9744342748345887656143410862,,0.9744342748345887656143410862,2019-11-04,2,2019-11-04,INSIDE_VALUE,0.9631088722841228610263320238,1.75,7,2019,1.801881883588521332339348386393814573295,POC_HVN_ZONE,8220,d005c1936e3f40a8d471-Z0032873,8218.25,134,1.241521571918047688972799105,4570.659307359307359307359308,2.615160618907744600007449379
false,2.382001276182041837715400088,31857,31839,19,72e6777d760308a8b761fa05fa8dc2be7bb649b0,NQZ9,0.1049537640889550992457562606,1.206968287022983641326196997,5.090257558314322313419178638,0,1.731737107467759137554978299,5.51007261467014271040220368,opening_hour_rth,2019-09-19T10:30:00-04:00,31856,true,true,,31842,9,4,true,false,false,true,false,false,99.45355191256830601092896175,7962.125,3.037286002216169722280648402,,78005430ecc106e74358,d083914028d90e43c1e9,,WIDTH_EXCEEDS_MAXIMUM,,2019-09-19,2,2019-09-19,INSIDE_VALUE,1.574306461334326488686343909,3.75,15,2019,2.630299090813469116009821500549075830911,POC_BROAD_DISTRIBUTION,7964.25,d083914028d90e43c1e9-Z0031842,7960.5,267,2.805684754521963824289405685,14694.2010460587299489829649,2.465876929324848767229603461
false,1.494176352511988710422319218,28579,28569,11,72e6777d760308a8b761fa05fa8dc2be7bb649b0,NQH9,0,7.947522379159537298072286837,4.266564645654067391596701355,0,8.784103682228962276816738083,3.597299603198527408601140358,full_overnight,2019-03-05T09:30:00-05:00,28579,true,true,,28569,5,4,true,false,false,true,false,false,98.85057471264367816091954023,7143.625,2.636345043547144926365604476,,096136250ad89f49c804,d12f872abd92c0520457,,WIDTH_EXCEEDS_MAXIMUM,,2019-03-05,2,2019-03-05,INSIDE_VALUE,1.840478866752734953237792741,2.75,11,2019,2.326341302462117367232553300359426262652,POC_BROAD_DISTRIBUTION,7145,d12f872abd92c0520457-Z0028569,7142.25,864,2.532315933094143210874728385,9255.65933804757334169098875,2.137120327213115264205558346
false,2.361541054986960555783813485,30981,30965,17,72e6777d760308a8b761fa05fa8dc2be7bb649b0,NQU9,0.1058630759232684166369724096,6.298853017434470789899858374,2.170193056427002541057934398,0,5.875400713741397123351968735,1.958466904580465707783989578,full_overnight,2019-06-21T09:30:00-04:00,30979,true,true,,30967,9,4,true,false,false,true,false,false,99.44134078212290502793296089,7743.625,2.300843050392840517033542231,1.595573999005757017055034044,865da899893f20ff300c,d17667cd56cffecdbc25,1.442015883830242088945384937,WIDTH_EXCEEDS_MAXIMUM,1.442015883830242088945384937,2019-06-21,2,2019-06-21,INSIDE_VALUE,1.376219987002489416280641325,3.25,13,2019,2.025990413419032000480335170924452161229,POC_BROAD_DISTRIBUTION,7745,d17667cd56cffecdbc25-Z0030967,7741.75,1003,1.941864238124080643765683136,13813.133796742017636470403,2.113761134625490414047738929
false,2.642552587556231023058558196,31172,31153,20,72e6777d760308a8b761fa05fa8dc2be7bb649b0,NQZ9,0.1892109933230838579372328085,2.317834668207777259731101904,11.39996234771580244071827671,0,2.317834668207777259731101904,10.83232936774655086690657829,prior_rth,2019-09-26T16:00:00-04:00,31172,true,true,1.403374307892165757924534922,31156,10,4,true,false,false,true,false,false,99.70059880239520958083832335,7790.875,2.269552465998240495004048429,1.373961652099150242716376267,abbc01b7f7ae6b7f9022,d1acee93ff19c6ab263c,1.651831011826857776999279806,WIDTH_EXCEEDS_MAXIMUM,1.651831011826857776999279806,2019-09-27,2,2019-09-26,INSIDE_VALUE,1.608293443246212792466478872,4.25,17,2019,2.005854889573466909893169768100630023725,POC_BROAD_DISTRIBUTION,7793.25,d1acee93ff19c6ab263c-Z0031156,7789,725,1.947514034325789380559442809,40345.97639203642449664420933,2.065943437177163211362996647
false,1.996248882428109489593699753,30733,30721,13,72e6777d760308a8b761fa05fa8dc2be7bb649b0,NQU9,0.125234885389599310060644609,6.825301253733162398305131191,11.83469666931713480073091555,0,6.324361712174765158062552755,11.0832873569795389403670479,full_overnight,2019-06-27T09:30:00-04:00,30731,true,true,2.010322560425545348303733966,30721,7,4,true,false,false,true,false,false,99.66996699669966996699669967,7681.625,2.839538993629486510199621417,1.412479295376565100317427812,2865fc2d1c83f5e64cd5,d1cb4be9715353135ba9,2.010322560425545348303733966,WIDTH_EXCEEDS_MAXIMUM,,2019-06-27,2,2019-06-27,INSIDE_VALUE,1.377583739285592410667090699,2.75,11,2019,2.444693825128405500830881706859414031844,POC_BROAD_DISTRIBUTION,7683,d1cb4be9715353135ba9-Z0030721,7680.25,591,2.506445517530967877388200714,7709.450597059839265361891046,2.384463518883215908993582455
false,1.246881704125392701111498025,31025,31017,9,72e6777d760308a8b761fa05fa8dc2be7bb649b0,NQU9,0.2005001750950856373071770621,10.72675936758708159593397282,26.76677337519393258050813779,0,11.12775971777725287054832694,24.16027109895781929551483598,midnight,2019-08-30T09:30:00-04:00,31025,true,true,,31017,4,4,true,false,false,true,false,false,99.04153354632587859424920128,7755.375,3.655401355495961104663587841,1.283741678824820117663804771,520447d39f75d9bc489d,d2187b79ac32897fa892,2.847458656045379186435838988,WIDTH_EXCEEDS_MAXIMUM,2.847458656045379186435838988,2019-08-30,2,2019-08-30,INSIDE_VALUE,1.804501575855770735764593559,2.25,9,2019,3.419402839378387233161527235414720676301,POC_BROAD_DISTRIBUTION,7756.5,d2187b79ac32897fa892-Z0031017,7754.25,482,3.317413197880247157903995426,9826.440428933811286752463223,3.524528022442336990878945582
false,1.159074230158724147890466988,35046,35038,9,72e6777d760308a8b761fa05fa8dc2be7bb649b0,NQH0,0,3.558874740434114076866059185,7.872662304596676594279464257,0,3.558874740434114076866059185,8.519730439221060971891475018,opening_hour_rth,2019-12-26T10:30:00-05:00,35046,true,true,,35040,4,4,true,false,false,true,false,false,98.14814814814814814814814815,8760.625,2.321429294335118220487921236,,a544d6d97bc007a87068,d22d6d6be930a42734e5,,WIDTH_EXCEEDS_MAXIMUM,,2019-12-26,2,2019-12-26,INSIDE_VALUE,1.509825647456896881094691775,1.75,7,2019,2.218192995216032398017840879722143618419,POC_BROAD_DISTRIBUTION,8761.75,d22d6d6be930a42734e5-Z0035040,8760,87,2.342557965594614809274495139,4482.649278499278499278499279,2.10043048509005669651080061
false,3.675547085106861244354596601,30978,30962,17,72e6777d760308a8b761fa05fa8dc2be7bb649b0,NQU9,0,12.61716934273791613903440406,22.68369798276601095616158358,0,12.68518642814351137428526338,29.55342360873112971649837501,opening_hour_rth,2019-08-13T10:30:00-04:00,30978,true,true,2.855086772052475576878835933,30962,14,4,true,false,false,true,false,false,99.89327641408751334044823906,7742.875,3.599565348537990251475301709,1.260755148940822243328886588,addaddd5ee8d4c8a8136,d23cd416236ded1da809,2.855086772052475576878835933,WIDTH_EXCEEDS_MAXIMUM,2.719832127449120431466808039,2019-08-13,2,2019-08-13,INSIDE_VALUE,1.156290451895118999264608458,4.25,17,2019,3.151682090954462623571025248483393743294,POC_BROAD_DISTRIBUTION,7744.75,d23cd416236ded1da809-Z0030962,7740.5,214,3.27189361181365750183568573,11214.14943097118062238397083,3.035887220347923837769995098
false,2.023682639072128822102000328,31598,31582,17,72e6777d760308a8b761fa05fa8dc2be7bb649b0,NQU9,0.2470743140976161829653761687,9.944741142429051364356390789,2.532511719500565875395105729,0,9.944741142429051364356390789,2.038363091305333509464353392,opening_hour_rth,2019-07-22T10:30:00-04:00,31598,true,true,,31585,8,4,true,false,false,true,false,false,97.1910112359550561797752809,7897.625,2.027771992404356820161372743,,ec46d09b0442294f8c40,d29d5bdbfafd4246e4e9,,WIDTH_EXCEEDS_MAXIMUM,,2019-07-22,2,2019-07-22,INSIDE_VALUE,1.729520198683313280757633181,3.5,14,2019,1.913301220569151696200710468296686480601,POC_BROAD_DISTRIBUTION,7899.75,d29d5bdbfafd4246e4e9-Z0031585,7896.25,170,1.945480262311945480262311945,13169.21310897564767533807782,1.881654433379407924225685719
false,1.38988595471190696029740666,27629,27621,9,72e6777d760308a8b761fa05fa8dc2be7bb649b0,NQH9,0,1.888644166164054257780288295,20.41534408186858650076787823,0,9.263349957852266121493794969,15.0192178928284314785384831,opening_hour_rth,2019-02-04T10:30:00-05:00,27629,true,true,2.050433101250918804102541543,27621,5,4,true,false,false,true,false,false,97.54901960784313725490196078,6906.125,2.26744140152409418796569821,1.105835347732527316909684575,7274a861c94c4b8df60e,d2ec4e492daf7b45824f,2.050433101250918804102541543,WIDTH_EXCEEDS_MAXIMUM,,2019-02-04,2,2019-02-04,INSIDE_VALUE,1.618837856712046506668818538,2.25,9,2019,2.243704708308316450376626504609258159103,POC_BROAD_DISTRIBUTION,6907.5,d2ec4e492daf7b45824f-Z0027621,6905.25,139,2.231350330500472143531633617,9743.285631035631035631035633,2.256127488934370268139473762
false,1.295215029149877447405061801,33078,33068,11,72e6777d760308a8b761fa05fa8dc2be7bb649b0,NQZ9,0,9.554398089499014918282027159,3.763853792832945270838374336,0,9.554398089499014918282027159,3.763853792832945270838374336,opening_hour_rth,2019-11-12T10:30:00-05:00,33076,true,true,,33068,5,4,true,false,false,true,false,false,98.58156028368794326241134752,8268.375,3.653762749408264332237937077,,64b3d8ef17c2dd665bbd,d313b3b88dba553f4db0,,WIDTH_EXCEEDS_MAXIMUM,,2019-11-12,2,2019-11-12,INSIDE_VALUE,1.737163288999820894233095847,2.25,9,2019,3.140945868652947752519040667128921072372,POC_BROAD_DISTRIBUTION,8269.25,d313b3b88dba553f4db0-Z0033068,8267,137,2.880984340044742729306487696,14134.02869004727523997300874,3.424364656440584850296565892
true,5.1337804229847785820767616,25174,25152,23,72e6777d760308a8b761fa05fa8dc2be7bb649b0,NQH9,0.2434852870612744925558572785,5.234933671817401589950931488,6.062783647825734864640846235,0,5.234933671817401589950931488,6.841936566421813240819589526,opening_hour_rth,2019-01-04T10:30:00-05:00,25174,true,true,1.881162924679960111820928683,25155,20,4,true,false,false,true,false,false,99.00199600798403193612774451,6290.875,2.900832590861232531089429979,1.368916080665775042963973682,edcf8b31918dab7dc100,d32aeb1e8cd6dbc6f017,2.119072623831262807515848994,,2.119072623831262807515848994,2019-01-04,2,2019-01-04,INSIDE_VALUE,0.9739411482450979702234291141,5,20,2019,2.654897450869896588728559774040659146789,POC_HVN_ZONE,6293.75,d32aeb1e8cd6dbc6f017-Z0025155,6288.75,251,2.785799734160389898094816128,13935.80259008614947118461093,2.53014615092560170651630758
true,3.997089676213721324036188763,29593,29581,13,72e6777d760308a8b761fa05fa8dc2be7bb649b0,NQM9,1.313455645301685876017187706,1.407273905680377724304129686,5.285095334666307453497731486,0,1.532364919518633522020052324,5.84800489693845854321938336,opening_hour_rth,2019-05-20T10:30:00-04:00,29593,true,true,1.778044437198458471133299321,29581,15,4,false,false,false,true,false,false,98.05447470817120622568093385,7397.625,2.160407292169562103587963838,1.057268931297817037325094266,ec1e5fdba561d6eecd19,d3a3c6a25ca444c5375d,2.043384826902671263991545122,,2.043384826902671263991545122,2019-05-20,2,2019-05-20,INSIDE_VALUE,0.8130915899486626851534971516,3.25,13,2019,2.016041000192462989502626455837985578444,POC_HVN_ZONE,7398.5,d3a3c6a25ca444c5375d-Z0029581,7395.25,251,2.117830526281230506582619258,13807.20909569288859471056728,1.91914379551128671088965183
false,1.839503436648088718298401093,30755,30741,15,72e6777d760308a8b761fa05fa8dc2be7bb649b0,NQU9,0,22.35657687866963829099546493,27.24920160591648922397927488,0,23.85154554532839829829607353,27.24920160591648922397927488,prior_rth,2019-06-25T16:00:00-04:00,30755,true,true,,30744,7,4,true,false,false,true,false,false,99.47643979057591623036649215,7687.125,3.176032154168437813262458302,,710e29170cedebbf8b42,d3b609dc5af8ea4bd73d,,WIDTH_EXCEEDS_MAXIMUM,,2019-06-26,2,2019-06-25,INSIDE_VALUE,1.630874909082283644327936651,3,12,2019,2.882333025780960511060174198358837157068,POC_BROAD_DISTRIBUTION,7689,d3b609dc5af8ea4bd73d-Z0030744,7686,433,3.191687249150972522383451682,18162.2489686184651859709068,2.602962954380199451433054507
false,3.530689478366109223337936716,30245,30222,24,72e6777d760308a8b761fa05fa8dc2be7bb649b0,NQZ9,0,4.779519723668594382697322271,1.522365541612959692266554501,0,4.708712024058689280731436015,1.663980940832769896198327013,full_overnight,2019-10-03T09:30:00-04:00,30245,true,true,,30230,14,4,true,false,false,true,false,false,98.89502762430939226519337017,7559.125,2.259195303141555863902133792,1.312115419299648783169332817,a7a59366fc84790a333f,d40f37160f8049dd65fa,1.721796169690177032199675844,WIDTH_EXCEEDS_MAXIMUM,1.721796169690177032199675844,2019-10-03,2,2019-10-03,INSIDE_VALUE,1.132923193758481631454180094,4,16,2019,1.93955758482226804795883436464447339435,POC_BROAD_DISTRIBUTION,7561.5,d40f37160f8049dd65fa-Z0030230,7557.5,1614,1.976870398440883499350368125,18602.22050583645841332587692,1.902949038949902209167147288
false,1.724278294005460427789524058,32881,32869,13,72e6777d760308a8b761fa05fa8dc2be7bb649b0,NQZ9,4.204657696617180039887433237,0.2174822946526127606838327536,12.54147899163400253276768879,0,2.972258026919041062679047633,8.191833098581747319091033721,opening_hour_rth,2019-11-05T10:30:00-05:00,32881,false,true,,32870,6,4,false,true,false,true,false,false,98.79518072289156626506024096,8218.875,2.288311071681650485925887259,,c09539aa5c6e4fc0a25a,d46a7e0030b0aca74bdd,,WIDTH_EXCEEDS_MAXIMUM,,2019-11-05,2,2019-11-05,INSIDE_VALUE,1.739858357220902085470662029,3,12,2019,2.024715643931652333855831344525730980247,POC_BROAD_DISTRIBUTION,8220.5,d46a7e0030b0aca74bdd-Z0032870,8217.5,169,2.027609135588320323793003758,12060.65659637860449219475589,2.021826281420893315180271092
false,1.92421197631854637174461112,29986,29977,10,72e6777d760308a8b761fa05fa8dc2be7bb649b0,NQM9,0,3.962661127693609508706119575,5.391817599976550642993572536,0,4.48235439034195173935610247,5.52174091563863620065606826,opening_hour_rth,2019-06-12T10:30:00-04:00,29986,true,true,,29977,7,4,true,false,false,true,false,false,96.85534591194968553459119497,7496.125,1.804676489882747118156014509,1.018250977227453163144065985,270c66e7d11825e2e00a,d472a5adce501220692f,1.772329740155628755781018226,WIDTH_EXCEEDS_MAXIMUM,1.772329740155628755781018226,2019-06-12,2,2019-06-12,INSIDE_VALUE,1.299233156620855576624957238,2.5,10,2019,1.639216183430950109052887566995933359012,POC_BROAD_DISTRIBUTION,7496.75,d472a5adce501220692f-Z0029977,7494.25,165,1.733972240581625908790482485,9809.210077154134782497977627,1.549638242836356205765873241
false,2.299931327004667695882999899,29783,29770,14,72e6777d760308a8b761fa05fa8dc2be7bb649b0,NQM9,0,6.902380003091188726295683188,4.076208663242827987969891646,0,7.989368979955942856420987627,4.076208663242827987969891646,full_overnight,2019-06-10T09:30:00-04:00,29783,true,true,2.481747755002738787510678288,29770,9,4,true,false,false,true,false,false,99.53271028037383177570093458,7444.125,3.169345540992771305136940104,1.151766350227443188559045082,cacae9d1bd85ae3c975c,d49e676107521c360baf,2.751726112129348061048195029,WIDTH_EXCEEDS_MAXIMUM,2.751726112129348061048195029,2019-06-10,2,2019-06-10,INSIDE_VALUE,1.521784567610655782175426215,3.5,14,2019,2.870384797432720435717633894497347671631,POC_BROAD_DISTRIBUTION,7446,d49e676107521c360baf-Z0029770,7442.5,1383,3.163271413608088753981317202,14470.32421287862464333052568,2.604616489716635495490595147
false,2.923521208176379427632648819,28169,28155,15,72e6777d760308a8b761fa05fa8dc2be7bb649b0,NQM9,0,5.344582401626048205861234855,2.437129575141477981872723094,0,6.456255541164266232680371705,2.437129575141477981872723094,opening_hour_rth,2019-06-04T10:30:00-04:00,28169,true,true,2.295579766976135166305561022,28155,11,4,true,false,false,true,false,false,99.61685823754789272030651341,7040.125,2.718286190399839559634371876,1.184139287819441234345586673,e9c5b8b3295dc3ce44d5,d556699003790c1dd2dd,2.295579766976135166305561022,WIDTH_EXCEEDS_MAXIMUM,1.952191888535441144969409409,2019-06-04,2,2019-06-04,INSIDE_VALUE,1.282699776390251569406696365,3.75,15,2019,2.362529644493733494555016892929670913186,POC_BROAD_DISTRIBUTION,7042.5,d556699003790c1dd2dd-Z0028155,7038.75,300,2.521739130434782608695652175,17859.87527870058467781427933,2.213371816992565443469241611
false,1.499935104142140867578008412,32989,32979,11,72e6777d760308a8b761fa05fa8dc2be7bb649b0,NQZ9,0.1666738776295143169281742651,9.417074086067558906441845979,5.750248778218243934022012146,0,9.417074086067558906441845979,5.916922655847758250950186412,full_overnight,2019-11-13T09:30:00-05:00,32989,true,true,,32979,5,4,true,false,false,true,false,false,98.60465116279069767441860465,8246.125,2.88495493125229630884632491,,767896594a0db352e96a,d59536423bc14835ee7c,,WIDTH_EXCEEDS_MAXIMUM,,2019-11-13,2,2019-11-13,INSIDE_VALUE,1.833412653924657486209916916,2.75,11,2019,2.701477536248464621130956953746093042986,POC_BROAD_DISTRIBUTION,8247.5,d59536423bc14835ee7c-Z0032979,8244.75,670,2.748835966720097702465460653,9922.801123386417504064562888,2.654935022391678744207198983
true,3.934355902431234108593210752,30799,30787,13,72e6777d760308a8b761fa05fa8dc2be7bb649b0,NQU9,2.160455284370035619438781531,4.861024389832580143737258445,3.971425155091977241615407226,0,5.369366809684353230664030569,3.272454327795789247091095554,prior_rth,2019-08-20T16:00:00-04:00,30799,true,true,1.95722734221483746589723269,30787,15,4,false,false,false,true,false,false,98.92086330935251798561151079,7698.125,2.210381450692663232826469471,1.129343231119667239414912785,52520ed619a38fd7042a,d6091d1af4cbc2af2252,1.95722734221483746589723269,,1.786901611489178070647848549,2019-08-21,2,2019-08-20,INSIDE_VALUE,0.826056432259131266256004703,3.25,13,2019,2.004981754450397458283026938387471604284,POC_HVN_ZONE,7700,d6091d1af4cbc2af2252-Z0030787,7696.75,585,1.965744814582023884349465745,27064.22424835573646488800111,2.045001877079225987475579035
true,2.940818658190364038355804042,31746,31725,22,72e6777d760308a8b761fa05fa8dc2be7bb649b0,NQZ9,0,1.912732695820608629900907407,2.422794748039437597874482715,0,2.08275337989355161922543251,2.422794748039437597874482715,full_overnight,2019-10-25T09:30:00-04:00,31738,true,true,1.072857448029104947906350355,31730,11,4,true,false,false,true,false,false,98.21428571428571428571428571,7934.125,2.45149256189343386313042781,2.285012390413053921905653561,ac94ffe374768246a6bc,d69263c66d25331308e2,1.072857448029104947906350355,,0.9964235580947529103720823564,2019-10-25,2,2019-10-25,INSIDE_VALUE,0.7650930783282434519603629627,2.25,9,2019,2.262981994008919988486614180808018293123,POC_HVN_ZONE,7934.75,d69263c66d25331308e2-Z0031730,7932.5,857,2.385347548398320037774298566,10372.48664668664668664668665,2.146893650213455948270664524
false,2.481766341057412906254154298,31761,31746,16,72e6777d760308a8b761fa05fa8dc2be7bb649b0,NQU9,0,1.964326745572226411585430461,1.964326745572226411585430461,0,2.065061450473366227564170484,2.065061450473366227564170484,opening_hour_rth,2019-07-11T10:30:00-04:00,31761,true,true,1.788397597894923315824236651,31746,9,4,true,false,false,true,false,false,96.875,7938.875,1.963834218946670392943656412,1.098097101706158070613755917,8089b3e4b8bdf2fe7c97,d693fbe1fd75a96d74c6,1.788397597894923315824236651,WIDTH_EXCEEDS_MAXIMUM,1.492835251584448833485600619,2019-07-11,2,2019-07-11,INSIDE_VALUE,1.611755278418237055659840378,4,16,2019,1.822892069184335820354603680414718798843,POC_BROAD_DISTRIBUTION,7940.5,d693fbe1fd75a96d74c6-Z0031746,7936.5,365,1.84498736310025273799494524,25974.30694381972872951841673,1.801061385218055846262689245
true,2.996651835793818739408305743,30512,30499,14,72e6777d760308a8b761fa05fa8dc2be7bb649b0,NQU9,0,2.96163868421137276133263402,1.042830522609638296243885218,0,3.211918009637685952431166472,1.376536289844722551041928488,opening_hour_rth,2019-08-27T10:30:00-04:00,30512,true,true,,30503,11,4,true,false,false,true,false,false,99.32885906040268456375838926,7627.625,2.617415548875673359605211491,1.013510518043342779605549248,cb5f73dfeef14182081c,d6f6b0d4a51265584cf7,2.582524307620199337402491093,,2.582524307620199337402491093,2019-08-27,2,2019-08-27,INSIDE_VALUE,0.8342644180877106369951081747,2.5,10,2019,2.323637331364083529500895900729616432365,POC_HVN_ZONE,7628.25,d6f6b0d4a51265584cf7-Z0030503,7625.75,256,2.391473354231974921630094043,13424.07234473207466820380461,2.257725530645851394085725606
false,1.364321998319804393018563644,29190,29180,11,72e6777d760308a8b761fa05fa8dc2be7bb649b0,NQM9,7.879371595003881444189740326,5.405615396572430293106914875,9.620162993900087809766543421,0,8.15423339482959823875449871,6.138580196107675078612937231,midnight,2019-03-14T09:30:00-04:00,29190,true,true,,29180,5,4,false,false,false,true,false,false,97.5308641975308641975308642,7296.375,1.847825229653665593109866798,,bf440a8fe785ab07ce00,d757a1f0b5dcf44e44e4,,WIDTH_EXCEEDS_MAXIMUM,,2019-03-14,2,2019-03-14,INSIDE_VALUE,2.015653198721923160141561479,2.75,11,2019,1.71322031056053759737875612880591543408,POC_BROAD_DISTRIBUTION,7297.75,d757a1f0b5dcf44e44e4-Z0029180,7295,382,1.633038659453753793376434886,6966.740575360312202417465575,1.797338853875593137492940233
false,1.417228788200635471585452895,30693,30686,8,72e6777d760308a8b761fa05fa8dc2be7bb649b0,NQM9,0.5292017818465478073081280901,8.908229994416888089686822851,3.263410988053711478400123223,0.1764005939488492691027093634,8.908229994416888089686822851,3.263410988053711478400123223,opening_hour_rth,2019-04-16T10:30:00-04:00,30693,true,true,,30686,5,4,true,false,false,true,false,false,96.11650485436893203883495146,7672.875,2.033837007838415662772827246,1.036244274680630837332521342,cdeb23f3a839a10a2fe5,d77fa243ad1a71c24061,1.962700356984111330651263989,WIDTH_EXCEEDS_MAXIMUM,1.962700356984111330651263989,2019-04-16,2,2019-04-16,INSIDE_VALUE,1.411204751590794152821674907,2,8,2019,2.005372240836791561744886412046468874945,POC_BROAD_DISTRIBUTION,7673.5,d77fa243ad1a71c24061-Z0030686,7671.5,120,1.970663265306122448979591837,12786.70207981673498914878225,2.040692539977941355661628693
false,1.911971795232396041378580826,29351,29337,15,72e6777d760308a8b761fa05fa8dc2be7bb649b0,NQM9,10.98342561975266761986590618,1.89594847007635333914351952,12.8793740898290209590094257,0,3.988029540505432885784644507,10.91804808630175888403337103,full_overnight,2019-03-28T09:30:00-04:00,29351,true,true,,29337,7,4,false,false,false,true,false,false,99.19678714859437751004016064,7336.125,1.988560215065620523590591407,,15d07f473fda398afa17,d798af145bd2258c8523,,WIDTH_EXCEEDS_MAXIMUM,,2019-03-28,2,2019-03-28,INSIDE_VALUE,1.961326003527262074976054675,3.75,15,2019,1.796171487224501070103658583831495795776,POC_BROAD_DISTRIBUTION,7338,d798af145bd2258c8523-Z0029337,7334.25,746,1.69036309036309036309036309,12965.62286218941017702627609,1.908602968150044418085238579
false,0.8512284168870265124220579608,29531,29525,7,72e6777d760308a8b761fa05fa8dc2be7bb649b0,NQM9,7.342330067946367249537311028,3.671165033973183624768655514,11.30718830463740556428745898,0,2.790085425819619554824178191,10.13241549376598680436148922,midnight,2019-03-20T09:30:00-04:00,29531,true,true,,29525,3,4,false,false,false,true,false,false,99.12280701754385964912280702,7382.125,2.48560740502809794425416854,,94c5901b492bff5e0787,d89eb19c6bf89be5154d,,WIDTH_EXCEEDS_MAXIMUM,,2019-03-20,2,2019-03-20,INSIDE_VALUE,2.055852419024982829870447088,1.75,7,2019,2.291152143798872220689790479286851098949,POC_BROAD_DISTRIBUTION,7383,d89eb19c6bf89be5154d-Z0029525,7381.25,344,2.079541839007317849188673242,6551.410446906035141329258976,2.524295519122611717048881511
false,2.375305553552010236544336849,30723,30706,18,72e6777d760308a8b761fa05fa8dc2be7bb649b0,NQU9,0,8.998842261803337330233894558,1.420869830811053262668509667,0,8.7883430276091072172459672,2.578615618879318884102110137,full_overnight,2019-08-09T09:30:00-04:00,30721,true,true,1.533631989609648832070184799,30709,9,4,true,false,false,true,false,false,99.25093632958801498127340824,7678.625,2.441825783590575099983209384,1.470381895199754655527463225,d6c4b99f2a89df1ca7af,d8d934e139b687153286,1.660674544186255522730070684,WIDTH_EXCEEDS_MAXIMUM,1.660674544186255522730070684,2019-08-09,2,2019-08-09,INSIDE_VALUE,1.368245022262495734421527828,3.25,13,2019,2.130502160737164016108969769507798108722,POC_BROAD_DISTRIBUTION,7680.5,d8d934e139b687153286-Z0030709,7677.25,1066,2.186339125224685440383463151,14056.8170786467479935761275,2.076091217751618101878645181
false,2.227025524482059720056745105,30920,30904,17,72e6777d760308a8b761fa05fa8dc2be7bb649b0,NQZ9,0,6.230283329701357909632093485,1.627731680732787201615591992,0,6.90382747345285606202475224,1.515474323440870842883482199,full_overnight,2019-10-07T09:30:00-04:00,30920,true,true,,30907,8,4,true,false,false,true,false,false,99.34640522875816993464052288,7728.125,5.368712519653538140931553553,,795c6fbc69af53a74228,d96d36dd225fdf6400fc,,WIDTH_EXCEEDS_MAXIMUM,,2019-10-07,2,2019-10-07,INSIDE_VALUE,1.571603002086829022249537095,3.5,14,2019,4.948233580260844087196219593428190213212,POC_BROAD_DISTRIBUTION,7730.25,d96d36dd225fdf6400fc-Z0030907,7726.75,1715,5.280321171996055782504578111,15502.35396416046920732607602,4.637031492454705708500597517
false,2.618170781885286204983465208,31691,31671,21,72e6777d760308a8b761fa05fa8dc2be7bb649b0,NQU9,0,15.61204497537277800356028678,10.7422327812198013785965276,0,16.47142359787036211384800899,9.5009081042788465526253733,prior_rth,2019-07-19T16:00:00-04:00,31686,true,true,,31674,10,4,true,false,false,true,false,false,99.60159362549800796812749004,7920.375,3.219115598890746847975558764,2.01819538664857774065292392,10f06aca3f95cf39b251,d993b699e7bbae5ec377,1.59504655504956899998842811,WIDTH_EXCEEDS_MAXIMUM,1.59504655504956899998842811,2019-07-22,2,2019-07-19,INSIDE_VALUE,1.2413246769409548259711543,3.25,13,2019,2.899216818624206210287517928106815616906,POC_BROAD_DISTRIBUTION,7921.75,d993b699e7bbae5ec377-Z0031674,7918.5,496,3.029615749641058087752171903,23870.92870642429465958877724,2.774430441348650494022925799
false,1.483317894801258157632628872,29763,29753,11,72e6777d760308a8b761fa05fa8dc2be7bb649b0,NQM9,0.1685410800181145018528793493,12.72485154136764488989239087,9.016947780969125849129045189,0,12.89339262138575939174527022,7.500078060806095332453131045,midnight,2019-05-21T09:30:00-04:00,29763,true,true,,29753,5,4,true,false,false,true,false,false,99.6268656716417910447761194,7439.625,3.26945878701316170403363334,,024cae09408263ef29dd,d9c6bed0e88269725f4c,,WIDTH_EXCEEDS_MAXIMUM,,2019-05-21,2,2019-05-21,INSIDE_VALUE,1.853951880199259520381672843,2.75,11,2019,2.997308889270187106269168236528016857808,POC_BROAD_DISTRIBUTION,7441,d9c6bed0e88269725f4c-Z0029753,7438.25,655,2.923814917219094573436823345,11873.71795330535066704133873,3.072650229940967826401940039
false,1.532785000891976044860148051,33114,33102,13,72e6777d760308a8b761fa05fa8dc2be7bb649b0,NQZ9,0,1.386365340712099431205570227,13.29279709035718866391223218,0,1.2232635359224406745931502,13.78210250472616493374949226,prior_rth,2019-11-13T16:00:00-05:00,33111,true,true,,33104,6,4,true,false,false,true,false,false,99.44134078212290502793296089,8277.125,2.278851591910106453256586752,,e30893628bf019ee9c01,d9ecd27427cd67d55ca6,,WIDTH_EXCEEDS_MAXIMUM,,2019-11-14,2,2019-11-13,INSIDE_VALUE,1.304814438317270052899360214,2,8,2019,2.014294571999295405246385131864326554278,POC_BROAD_DISTRIBUTION,8278,d9ecd27427cd67d55ca6-Z0033104,8276,465,2.197333685322069693769799367,24344.45688754829621702686717,1.846502718221025267822315547
false,0.7919828974140928107426436471,31614,31608,7,72e6777d760308a8b761fa05fa8dc2be7bb649b0,NQZ9,2.525307057172837537559937744,3.945792276832558652437402725,5.208445805418977421217371596,0,5.208445805418977421217371596,5.208445805418977421217371596,midnight,2019-09-18T09:30:00-04:00,31614,true,true,,31608,3,4,false,false,false,true,false,false,98.95833333333333333333333333,7902.875,2.813655034000645844801714816,,e1f22b25dfb25d273d7f,da25bab60149bc500d08,,WIDTH_EXCEEDS_MAXIMUM,,2019-09-18,2,2019-09-18,INSIDE_VALUE,2.209643675026232845364945526,1.75,7,2019,2.699477334833357923101630742069470887386,POC_BROAD_DISTRIBUTION,7903.75,da25bab60149bc500d08-Z0031608,7902,538,2.805431830526887561108093428,6550.496782302664655605832077,2.597524488738122666466304054
false,2.69008944507440390754216108,31115,31099,17,72e6777d760308a8b761fa05fa8dc2be7bb649b0,NQM9,0.2788011385172570371046204239,4.600218785534741112226236995,8.410501011937253952656049455,0,4.879019924051998149330857419,8.410501011937253952656049455,opening_hour_rth,2019-05-02T10:30:00-04:00,31115,true,true,1.574623643583787573765811818,31099,10,4,true,false,false,true,false,false,98.53658536585365853658536585,7777.375,2.053513249905323012247230449,1.17990607830344516559165675,87d63f586c213520aa68,db99c21b343e1eb08a50,1.74040399288222484640061591,WIDTH_EXCEEDS_MAXIMUM,1.74040399288222484640061591,2019-05-02,2,2019-05-02,INSIDE_VALUE,1.579873118264456543592849069,4.25,17,2019,1.878504389922794132090357596233667920803,POC_BROAD_DISTRIBUTION,7779,db99c21b343e1eb08a50-Z0031099,7774.75,214,1.92869075881473665699463642,15872.24631442440103680491176,1.829623918106910585302893448
false,2.416021156256678796329286343,33930,33912,19,72e6777d760308a8b761fa05fa8dc2be7bb649b0,NQZ9,0,6.467244692595728005594319832,14.95226972928132314893406745,0,6.467244692595728005594319832,15.88355296501510798173964951,opening_hour_rth,2019-12-12T10:30:00-05:00,33930,true,true,,33913,9,4,true,false,false,true,false,false,99.78448275862068965517241379,8480.375,2.736713444300583485395389438,1.141706795772538282032132873,a511542730559867e5d5,dba001ab3996a3eef851,2.397037010232369363749853746,WIDTH_EXCEEDS_MAXIMUM,2.397037010232369363749853746,2019-12-12,2,2019-12-12,INSIDE_VALUE,1.862566471467569665611164112,4.5,18,2019,2.451770317391632419207047357580852337493,POC_BROAD_DISTRIBUTION,8482.75,dba001ab3996a3eef851-Z0033913,8478.25,199,2.543271084669200683082686057,13286.2313619793996584692801,2.363561527309437605253495796
true,8.012124780313836672995006992,30203,30173,31,72e6777d760308a8b761fa05fa8dc2be7bb649b0,NQM9,5.24205515410792826553787635,6.349751332505734535934272841,0.8580745043926668291803071406,0,4.633602323720400877573658559,1.138898887648448700548407659,midnight,2019-05-10T09:30:00-04:00,30196,false,true,1.379275436950202585926872083,30175,32,4,false,false,false,true,false,false,99.16201117318435754189944134,7546.625,2.046649048806416017295178228,1.483858114179052341256711019,b94de84d991aa57fb0b8,dba7a31c2145bd2086ec,1.379275436950202585926872083,,1.092706007032198632074523745,2019-05-10,2,2019-05-10,INSIDE_VALUE,0.6864596035141334633442457125,5.5,22,2019,1.831917351946500994627082154895380510442,POC_HVN_ZONE,7549.25,dba7a31c2145bd2086ec-Z0030175,7543.75,980,1.69291642540050183362285273,15276.98551413935924941578498,1.98233127992053894747460489
false,2.87184551867684574911887205,29454,29432,23,72e6777d760308a8b761fa05fa8dc2be7bb649b0,NQM9,0,2.219826922632375236151769064,6.572428731715463934488571151,0,2.829191175904007653918921356,6.746532804078787482422043234,opening_hour_rth,2019-05-28T10:30:00-04:00,29450,true,true,,29433,11,4,true,false,false,true,false,false,98.9247311827956989247311828,7360.875,2.613257573333195467763882329,,23d40e225b538c746dea,dc1a07250f5089c74ae0,,WIDTH_EXCEEDS_MAXIMUM,,2019-05-28,2,2019-05-28,INSIDE_VALUE,1.566936651269911931401248751,4.5,18,2019,2.327829579963521129408649669807126495885,POC_BROAD_DISTRIBUTION,7362.75,dc1a07250f5089c74ae0-Z0029433,7358.25,332,2.384063006717627982395181839,19300.41179893414101387514063,2.27292254360916432628688951
true,4.208425390417825839083106229,31245,31229,17,72e6777d760308a8b761fa05fa8dc2be7bb649b0,NQU9,0,4.841478251317437586137337173,0.9207719373671200317193708734,0,4.72266896907651887236709577,0.8613672962466606748342501718,opening_hour_rth,2019-07-05T10:30:00-04:00,31245,true,true,0.975177598152895617944691695,31231,16,4,true,false,false,true,false,false,97.35099337748344370860927152,7810.125,1.638676034454960035306251377,1.036043412220773758532876377,b4953522388207e18deb,dc41c745a2b71d31aade,1.581667346296266387064969919,,1.581667346296266387064969919,2019-07-05,2,2019-07-05,INSIDE_VALUE,0.8910696168068903532768105226,3.75,15,2019,1.496053692521903292386790594133034453495,POC_HVN_ZONE,7811.5,dc41c745a2b71d31aade-Z0031231,7807.75,191,1.489336431706687322489026595,10439.34323798462646221429369,1.50280124977780186169243885
false,2.211710387764885099310637914,31709,31701,9,72e6777d760308a8b761fa05fa8dc2be7bb649b0,NQZ9,0.7912428361692141136007966209,1.752037708660402680116049661,3.221488690117514605374671956,0,1.752037708660402680116049661,3.334523380998830907317642902,opening_hour_rth,2019-10-16T10:30:00-04:00,31709,true,true,1.797828789355490049692545736,31701,8,4,false,false,false,true,false,false,95.04132231404958677685950413,7926.625,2.146660968562352761680860493,1.120135233666334451156739217,fd10c23cf5abcb417f2b,dc7bb6ec3debfcaf3ee9,1.916430180966702356077217029,WIDTH_EXCEEDS_MAXIMUM,1.916430180966702356077217029,2019-10-16,2,2019-10-16,INSIDE_VALUE,1.017312217931846717486738513,2.25,9,2019,1.964309547851451551566046277065192708687,POC_BROAD_DISTRIBUTION,7927.5,dc7bb6ec3debfcaf3ee9-Z0031701,7925.25,179,2.00713557594291539245667686,11105.89570569258144974930545,1.922397293948474822854049122
false,2.69076594734220018383589348,29751,29735,17,72e6777d760308a8b761fa05fa8dc2be7bb649b0,NQU9,42.92458068085964245329851747,49.19602915695926553900771645,16.30576603785902002284391735,0,28.94157333785233468442097011,7.758014040804718928247675776,midnight,2019-08-07T09:30:00-04:00,29751,false,true,,29736,10,4,false,false,false,true,false,false,85.85365853658536585365853659,7436.375,1.678492114237758683770462787,1.136930769741164055217721435,3b09269d2c5ecc0c7d07,dc8b9314c2d47189d5b7,1.476336254510806821617729579,WIDTH_EXCEEDS_MAXIMUM,1.476336254510806821617729579,2019-08-07,2,2019-08-07,INSIDE_VALUE,1.486565564705095842538476795,4,16,2019,1.548234018521552273462402358863891689533,POC_BROAD_DISTRIBUTION,7438,dc8b9314c2d47189d5b7-Z0029736,7434,274,1.21181394546082153952364515,8335.62492545675011698287226,1.978050001063377944051223949
false,3.571457267988004377338550948,27839,27821,19,72e6777d760308a8b761fa05fa8dc2be7bb649b0,NQH9,0.06999943755195440485930711464,2.414980595542426967646095455,2.904976658406107801661245257,0,2.274981720438518157927481226,2.904976658406107801661245257,opening_hour_rth,2019-03-08T10:30:00-05:00,27839,true,true,1.800845587199293961716785522,27821,14,4,true,false,false,true,false,false,99.27007299270072992700729927,6956.375,1.876099636455147909343682522,1.041788174283665452778763877,38732d04fcd32d5c2486,ddce86857c1d34bb75bc,1.800845587199293961716785522,WIDTH_EXCEEDS_MAXIMUM,,2019-03-08,2,2019-03-08,INSIDE_VALUE,1.329989313487133692326835178,4.75,19,2019,1.645275238991201236278227530355025679851,POC_BROAD_DISTRIBUTION,6960,ddce86857c1d34bb75bc-Z0027821,6955.25,401,1.676186117467581998474446987,14164.02375435821198565655617,1.614934394115638707097034984
false,1.607600374204208827511549397,31490,31479,12,72e6777d760308a8b761fa05fa8dc2be7bb649b0,NQU9,0.15551128502551792938319173,4.587582908252778916804156036,2.099402347844492046673088355,0,5.209628048354850634336922956,1.321845922716902399757129705,full_overnight,2019-09-09T09:30:00-04:00,31490,true,true,,31482,6,4,true,false,false,true,false,false,97.76119402985074626865671642,7871.375,3.203537804570707332049864163,1.032580901849608426059047022,b1b9edf62c8bb68f9cb9,ddfa65f32203856308c8,3.102456958900146999990630987,WIDTH_EXCEEDS_MAXIMUM,3.102456958900146999990630987,2019-09-09,2,2019-09-09,INSIDE_VALUE,1.39960156522966136444872557,2.25,9,2019,3.019535427978962182417582500267200403941,POC_BROAD_DISTRIBUTION,7872.75,ddfa65f32203856308c8-Z0031482,7870.5,1162,3.108874912648497554157931517,14238.85026946644593703417233,2.93276328478995570982115901
false,1.867529649709779669276400907,31917,31903,15,72e6777d760308a8b761fa05fa8dc2be7bb649b0,NQU9,0.267733366416807179552532576,3.413600421814291539294790344,1.271733490479834102874529736,0,3.413600421814291539294790344,1.271733490479834102874529736,opening_hour_rth,2019-07-16T10:30:00-04:00,31917,true,true,,31903,7,4,true,false,false,true,false,false,96.25,7977.625,1.921292545344264323049482616,1.226153675010295549232608501,7b25c2a15584a2dbaff0,de0d8d6ac804c27f5d5b,1.566926384923269879128023518,WIDTH_EXCEEDS_MAXIMUM,1.566926384923269879128023518,2019-07-16,2,2019-07-16,INSIDE_VALUE,2.00800024812605384664399432,3.75,15,2019,1.781840923952471288622511115095355794385,POC_BROAD_DISTRIBUTION,7979.5,de0d8d6ac804c27f5d5b-Z0031903,7975.75,258,1.789336801040312093628088427,16606.83277599780157324914358,1.774376448539979333092837948
true,3.095135868460443144445470653,26718,26709,10,72e6777d760308a8b761fa05fa8dc2be7bb649b0,NQH9,1.938525562363913387493732924,0.5250173398068932091128860004,8.763750979853525105961250929,0,4.402068464534719984100351849,5.129015550421187504410501696,full_overnight,2019-01-23T09:30:00-05:00,26715,true,true,1.824874937580853993516238257,26709,12,4,false,false,false,true,false,false,91.15044247787610619469026549,6678.125,1.908717170260508329553492562,1.045944097840918247718723621,b3cd65b63ea83c89769f,de2e9074084f16358774,1.824874937580853993516238257,,0.8404428140519961002898375289,2019-01-23,2,2019-01-23,INSIDE_VALUE,0.5654032890228080713523387696,1.75,7,2019,1.789988478108098713811096519048330659821,POC_HVN_ZONE,6679,de2e9074084f16358774-Z0026709,6677.25,319,1.448543299176210568615631907,5906.035926981515216809334456,2.211917830541829105363745955
false,1.548069209068840191470403078,31857,31845,13,72e6777d760308a8b761fa05fa8dc2be7bb649b0,NQZ9,0,9.285760556303892266974042925,1.695660623325058587882216534,0,9.447252044239612132486634976,2.180135087132218184419992687,opening_hour_rth,2019-10-22T10:30:00-04:00,31857,true,true,,31845,6,4,true,false,false,true,false,false,99.22480620155038759689922481,7962.875,1.928621243129426890614073937,,6930ef1a61002634eb85,de32d284ddd235efc675,,WIDTH_EXCEEDS_MAXIMUM,,2019-10-22,2,2019-10-22,INSIDE_VALUE,2.099389343164358251663696661,3.25,13,2019,1.683916360739740459771473440160362295022,POC_BROAD_DISTRIBUTION,7964.5,de32d284ddd235efc675-Z0031845,7961.25,196,1.691237458193979933110367893,12481.92880543815694191634041,1.676626955149747954945330938
false,2.200950452730992199744408212,26784,26768,17,72e6777d760308a8b761fa05fa8dc2be7bb649b0,NQH9,9.427745169934607787163298414,0.7383173928262042242959209601,14.255205046105943099867397,0,2.442126760886675511132661637,9.71171339794468633496942186,full_overnight,2019-01-24T09:30:00-05:00,26784,false,true,,26768,8,4,false,true,false,true,false,false,95.32710280373831775700934579,6694.125,1.877677772906659205141646802,1.398802386896610159241960553,2f19aad01df7b402f379,de4ff3544663f19b3e6d,1.342346703505764189877084442,WIDTH_EXCEEDS_MAXIMUM,1.342346703505764189877084442,2019-01-24,2,2019-01-24,INSIDE_VALUE,1.930983950468534125081639434,4.25,17,2019,1.624698663873119191582088118087514304138,POC_BROAD_DISTRIBUTION,6696.25,de4ff3544663f19b3e6d-Z0026768,6692,1037,1.629916344112873017854913222,13083.23314389208654088433355,1.61949768644586408594861068
true,2.755919547051988987840646802,30352,30344,9,72e6777d760308a8b761fa05fa8dc2be7bb649b0,NQM9,0,4.036765155898846224698745965,17.46241106765231232032603592,0,4.036765155898846224698745965,17.09955577274005647990367673,full_overnight,2019-05-10T09:30:00-04:00,30352,true,true,2.213950057726693840766688524,30344,11,4,true,false,false,true,false,false,99.22779922779922779922779923,7587.875,2.391045848964549454028101919,1.018912836725393759479399266,33908a7de7807ad6e042,df05e10b51a4fe6c8713,2.346663780043197132113103613,,2.346663780043197132113103613,2019-05-10,2,2019-05-10,INSIDE_VALUE,0.8164244135525756409503081727,2.25,9,2019,2.325298602370518699362185168745000362199,POC_HVN_ZONE,7588.25,df05e10b51a4fe6c8713-Z0030344,7586,764,2.586157998261744659439183936,7375.807864980635654778870993,2.090751452084732452074601147
true,3.160149340783593403494982732,31494,31471,24,72e6777d760308a8b761fa05fa8dc2be7bb649b0,NQU9,0,1.384428243164980032571427062,4.548835656113505821306117488,0,1.542648613812406322008161583,4.548835656113505821306117488,prior_rth,2019-09-06T16:00:00-04:00,31486,true,true,1.147098196438138688449351284,31476,12,4,true,false,false,true,false,false,99.39024390243902439024390244,7870.625,2.584840566446186309725325789,2.253373402967932348105884714,05ee2afd650932ab04b9,df12e9b3da4a800302c7,1.147098196438138688449351284,,,2019-09-09,2,2019-09-06,INSIDE_VALUE,0.8702120385608445919020398673,2.75,11,2019,2.286465082266298355650063471473560196507,POC_HVN_ZONE,7871.75,df12e9b3da4a800302c7-Z0031476,7869,727,2.28476161275486739230415453,35955.30997041763632152648171,2.288169821848252289648079858
false,3.203501555882501744753366586,26749,26734,16,72e6777d760308a8b761fa05fa8dc2be7bb649b0,NQH9,0,5.267673420983018381956599657,2.380207990221956454069278363,0,5.891990270877302042040344801,2.380207990221956454069278363,opening_hour_rth,2019-01-24T10:30:00-05:00,26749,true,true,,26734,12,4,true,false,false,true,false,false,98.9071038251366120218579235,6686.625,1.97286659910574177872619213,1.104077371140211691822771227,f681fe236b5eac125d26,df2a35c4d38007a517a1,1.786891617086859650880858454,WIDTH_EXCEEDS_MAXIMUM,1.786891617086859650880858454,2019-01-24,2,2019-01-24,INSIDE_VALUE,1.248633699788567320167490289,4,16,2019,1.779048507309010042001870313535390527668,POC_BROAD_DISTRIBUTION,6687.5,df2a35c4d38007a517a1-Z0026734,6683.5,274,1.810441941074523396880415945,16247.13511680775637631724716,1.748199442109662767687669479
true,2.901842055118888720110317696,30362,30355,8,72e6777d760308a8b761fa05fa8dc2be7bb649b0,NQU9,1.378434774885127114148999864,5.642967359685989123547468194,6.246032573698232235987655634,0,5.98757605340727090208471816,5.556815186255668678913155702,full_overnight,2019-08-08T09:30:00-04:00,30362,true,true,2.631473903805472488356213222,30355,11,4,false,false,false,true,false,false,94.08602150537634408602150538,7589.875,2.643263255008240055711553757,1.004480132288493740024281163,a4aa29132c7578c277ae,df3c192188a3a6243291,2.631473903805472488356213222,,2.210298447634573887723158246,2019-08-08,2,2019-08-08,INSIDE_VALUE,0.6892173874425635570744999321,2,8,2019,2.517610298766754088554887929462322086142,POC_HVN_ZONE,7590.75,df3c192188a3a6243291-Z0030355,7588.75,611,2.404900964956830878618588115,7986.610672462061456209996301,2.635601926572556971312947657
false,1.093941604477341740140725929,30939,30931,9,72e6777d760308a8b761fa05fa8dc2be7bb649b0,NQZ9,0,9.941115645926828246522280688,3.313705215308942748840760229,0,12.91202376999691484893123813,5.8275505510605544893406473,midnight,2019-09-30T09:30:00-04:00,30939,true,true,,30931,4,4,true,false,false,true,false,false,99.45652173913043478260869565,7733.875,3.085603542089117666256563729,,b240366d5e2cc93f347f,dfa0cf6074d4ef5b95ed,,WIDTH_EXCEEDS_MAXIMUM,,2019-09-30,2,2019-09-30,INSIDE_VALUE,2.056782547433136878590816694,2.25,9,2019,2.865953901777084964421103910771727329667,POC_BROAD_DISTRIBUTION,7735,dfa0cf6074d4ef5b95ed-Z0030931,7732.75,732,3.060395364689843217450579414,7985.785619891576974954790691,2.683866229141186954584724215
true,5.638070254026577266741622808,29887,29870,18,72e6777d760308a8b761fa05fa8dc2be7bb649b0,NQU9,8.469209826872602774655037797,0.687291896945158863911796261,12.7038147403089041619825567,0,4.145922088024022824242125833,7.382845215572190376858972739,midnight,2019-08-06T09:30:00-04:00,29887,false,true,1.921008800532661861528725494,29870,22,4,false,false,false,true,false,false,99.75550122249388753056234719,7470.375,2.601984778277915332438665749,1.090534420304953895921078773,423c8a569b202fbecfae,dfa6518734783ccd1c9b,2.385972170919927335587775262,,2.385972170919927335587775262,2019-08-06,2,2019-08-06,INSIDE_VALUE,0.7981454287105070677685375934,4.5,18,2019,2.349539413632132143975104568019644133656,POC_HVN_ZONE,7472,dfa6518734783ccd1c9b-Z0029870,7467.5,1113,2.242801820976705687596074258,19260.0746355597907935191805,2.46135677462879987381315342
true,3.043680412270043147541082158,28872,28859,14,72e6777d760308a8b761fa05fa8dc2be7bb649b0,NQM9,0.2464122044405554602361240881,3.326564759947498713187675189,1.273129722942869877886641122,0,3.983663971788979940484006091,1.108854919982499571062558396,opening_hour_rth,2019-06-06T10:30:00-04:00,28872,true,true,,28864,12,4,true,false,false,true,false,false,98.07692307692307692307692308,7217.875,2.528468771468838362288201782,1.006867531476918443633304653,edb28b6535b4966200a7,e00a17ae7225a70a225c,2.511222869367896877601173616,,2.511222869367896877601173616,2019-06-06,2,2019-06-06,INSIDE_VALUE,0.7392366133216663807083722643,2.25,9,2019,2.389864871964032657659920368646512803901,POC_HVN_ZONE,7218.25,e00a17ae7225a70a225c-Z0028864,7216,245,2.539872408293460925039872409,11991.15334106935014117745532,2.248716938535186313607301013
false,3.104644085557359589271444771,31029,31013,17,72e6777d760308a8b761fa05fa8dc2be7bb649b0,NQU9,1.852064146981838109064225954,4.871733951843530678190681313,2.133899995435596082182695121,0,5.918552817528917435487852505,2.133899995435596082182695121,opening_hour_rth,2019-09-10T10:30:00-04:00,31029,true,true,,31013,12,4,false,false,false,true,false,false,98.20627802690582959641255605,7756.375,2.337149246521287329866055172,1.41510495472497276336161403,9666be54c68400d06ad6,e039f7e019a26cfe5707,1.651573078532196157677306062,WIDTH_EXCEEDS_MAXIMUM,1.651573078532196157677306062,2019-09-10,2,2019-09-10,INSIDE_VALUE,1.368916978203967298003993096,4.25,17,2019,2.080991785826025978044294914556218360874,POC_BROAD_DISTRIBUTION,7757.5,e039f7e019a26cfe5707-Z0031013,7753.25,234,2.146524064171122994652406417,16360.3535405874948056859972,2.017460174315641377349588691
true,4.094672238346397203177807088,30036,30021,16,72e6777d760308a8b761fa05fa8dc2be7bb649b0,NQM9,0.06105494785608545619139862128,7.357121216658297471063533865,3.32749465815665736243122486,0,7.967670695219152032977520077,3.32749465815665736243122486,opening_hour_rth,2019-05-09T10:30:00-04:00,30036,true,true,2.893009004345084590749014494,30021,16,4,true,false,false,true,false,false,99.40828402366863905325443787,7506.625,3.042205514449486946181616544,1.051571395000955849667428629,b4ec52a90bb8a3349ef7,e07a1217c33b3341604e,2.893009004345084590749014494,,2.526497885620889149457145114,2019-05-09,2,2019-05-09,INSIDE_VALUE,0.9768791656973672990623779405,4,16,2019,2.822981249629966341191299569502591634763,POC_HVN_ZONE,7509.25,e07a1217c33b3341604e-Z0030021,7505.25,310,2.910555555555555555555555556,19185.21674606248502724474603,2.738041924865863601789916718
false,1.823414281714427232269944555,28642,28632,11,72e6777d760308a8b761fa05fa8dc2be7bb649b0,NQH9,0.8226325827554977237380283751,1.576712450281370637164554386,6.786718807732856220838734095,0,2.399345033036868360902582761,6.101191655436608117723710449,opening_hour_rth,2019-03-06T10:30:00-05:00,28642,true,true,2.228339877555244885822514238,28632,7,4,false,false,false,true,false,false,95.89041095890410958904109589,7158.875,2.267159474703399163538039334,1.017420860048846773955018698,35670435b1183887486a,e0e6be052cac263b3613,2.228339877555244885822514238,WIDTH_EXCEEDS_MAXIMUM,,2019-03-06,2,2019-03-06,INSIDE_VALUE,1.508159735051745826853052021,2.75,11,2019,2.073868815355934730322017483196930637584,POC_BROAD_DISTRIBUTION,7160.75,e0e6be052cac263b3613-Z0028632,7158,182,1.949666153055983564458140729,15746.02497040143478222251679,2.205983756021192652929231846
false,1.421075334277970116940508075,30705,30697,9,72e6777d760308a8b761fa05fa8dc2be7bb649b0,NQU9,1.05553869229749911785242006,7.476732403773952084787975428,7.476732403773952084787975428,0,8.532271096071451202640395489,7.476732403773952084787975428,opening_hour_rth,2019-06-28T10:30:00-04:00,30705,true,true,2.413294665592703570127241341,30697,5,4,false,false,false,true,false,false,99.45945945945945945945945946,7675.125,2.831998066676502552129944852,1.173498664317051272414626337,106f78904ea72d1b7bc3,e1803621534aa4af778c,2.413294665592703570127241341,WIDTH_EXCEEDS_MAXIMUM,,2019-06-28,2,2019-06-28,INSIDE_VALUE,1.583308038446248676778630091,2.25,9,2019,2.600802219557765591820007044822389789236,POC_BROAD_DISTRIBUTION,7676.5,e1803621534aa4af778c-Z0030697,7674.25,134,2.533987529387713380353674741,8836.436897824397824397824397,2.669378640111549705690837788
false,2.385845053973481975564164148,24965,24947,19,72e6777d760308a8b761fa05fa8dc2be7bb649b0,NQH9,0.2095693511895418189113661256,12.41698405798035277049844294,1.938516498503261824930136662,0,10.94999859965356003811888006,1.624162471718949096563087474,midnight,2019-01-04T09:30:00-05:00,24965,true,true,,24947,9,4,true,false,false,true,false,false,99.71590909090909090909090909,6239.125,2.792857115115205278492085782,,50d605645543d3a9d087,e1b453a20631bbca0a87,,WIDTH_EXCEEDS_MAXIMUM,,2019-01-04,2,2019-01-04,INSIDE_VALUE,1.990908836300647279657978194,4.75,19,2019,2.535618504537300484712269379790568244553,POC_BROAD_DISTRIBUTION,6241.5,e1b453a20631bbca0a87-Z0024947,6236.75,1243,2.66839055924864304445935232,14182.83341695848855894042169,2.409452836005511601779078085
false,1.577246758234516674586313882,28267,28259,9,72e6777d760308a8b761fa05fa8dc2be7bb649b0,NQH9,0,13.39359227699168887968953639,13.23508822637640262075829927,0,16.72217733991270031724551585,7.845950505456669817096237293,prior_rth,2019-02-20T16:00:00-05:00,28267,true,true,2.475277013415869511563294554,28259,6,4,true,false,false,true,false,false,99.31271477663230240549828179,7065.625,2.595140799183176244792953284,1.048424392549864682459359657,147688cfbbaa3e847192,e1cb807099ace28427f1,2.475277013415869511563294554,WIDTH_EXCEEDS_MAXIMUM,2.388409561162735887723200011,2019-02-21,2,2019-02-20,INSIDE_VALUE,1.426536455537576330381134053,2.25,9,2019,2.501124662474077234699823490751629102561,POC_BROAD_DISTRIBUTION,7067,e1cb807099ace28427f1-Z0028259,7064.75,470,2.733213429256594724220623501,24395.29266814132771395606559,2.288743539115981437611519781
true,8.391302415514437247393641721,30001,29987,15,72e6777d760308a8b761fa05fa8dc2be7bb649b0,NQU9,0,2.159974590653437749704083027,2.577073132296860211715905956,0,2.308938355526088628994019787,2.517487626347799859999931252,prior_rth,2019-08-15T16:00:00-04:00,30001,true,true,2.300701717817573009139828426,29987,33,4,true,false,false,true,false,false,99.74937343358395989974937343,7499.375,2.701334608846720976501549307,1.04978218830039767388776491,833744f92dc07f0cffb1,e215fdf2714a93ec5920,2.573233418277170886119878773,,2.573233418277170886119878773,2019-08-16,2,2019-08-15,INSIDE_VALUE,0.4468912946179526378698102814,3.75,15,2019,2.501918686073335422712063503505735267941,POC_HVN_ZONE,7500.5,e215fdf2714a93ec5920-Z0029987,7496.75,1142,2.531855309218203033838973162,36891.71497297487257688064457,2.472336033158146756386740767
false,2.35499754673761963095000475,31358,31343,16,72e6777d760308a8b761fa05fa8dc2be7bb649b0,NQZ9,12.84502399669390489463154916,22.02762379598334930277724339,0.2653930577829319193105691974,0,12.3673164926846274398725246,9.819543137968481014491060306,full_overnight,2019-09-23T09:30:00-04:00,31358,false,true,,31348,9,4,false,false,true,true,false,false,99.70059880239520958083832335,7838.125,2.543878954156676547491978524,1.247190717106739185409446164,5250252973d63ecabc81,e31d568e736a60e9e34d,2.039687210034744025602624832,WIDTH_EXCEEDS_MAXIMUM,2.039687210034744025602624832,2019-09-23,2,2019-09-23,INSIDE_VALUE,1.167729454244900444966504469,2.75,11,2019,2.260376586989131410354784445234446092077,POC_BROAD_DISTRIBUTION,7839.75,e31d568e736a60e9e34d-Z0031348,7837,528,2.081807557460070120763537203,7871.856063998454838638461996,2.454262545401789744879948458
false,2.303669113141157812500949251,27732,27719,14,72e6777d760308a8b761fa05fa8dc2be7bb649b0,NQH9,4.666468781769568082350478708,1.356531622607432582078627531,6.023000404377000664429106239,0,1.465054152416027188644917734,6.131522934185595270995396442,opening_hour_rth,2019-02-07T10:30:00-05:00,27732,true,true,1.770067962497166881973231982,27719,9,4,false,false,false,true,false,false,98.19277108433734939759036145,6930.875,1.961477756053609866756736366,1.108136974179458575220900511,c1dc24654ad84e313dcb,e33a2601fc3f808d7267,1.770067962497166881973231982,WIDTH_EXCEEDS_MAXIMUM,,2019-02-07,2,2019-02-07,INSIDE_VALUE,1.519315417320324491928062835,3.5,14,2019,1.790243162750575372291607660677411796527,POC_BROAD_DISTRIBUTION,6933.25,e33a2601fc3f808d7267-Z0027719,6929.75,224,1.798239675016926201760324983,18034.24800949994896365364383,1.782282209820009577926491813
false,1.704684987358916994563672391,26674,26667,8,72e6777d760308a8b761fa05fa8dc2be7bb649b0,NQH9,0.2933093232519483080429721888,12.53897356902079016883706107,2.126492593576625233311548369,0,16.20534010967014401937421343,3.593039209836366773526409313,full_overnight,2019-01-29T09:30:00-05:00,26674,true,true,,26667,6,4,false,false,false,true,false,false,98.33333333333333333333333333,6668.375,2.179475806666449026246064116,1.003928223181953901188777537,80a3d387cefe41bc6eee,e415dc29e5468af71bf4,2.170947839038325947786104261,WIDTH_EXCEEDS_MAXIMUM,2.170947839038325947786104261,2019-01-29,2,2019-01-29,INSIDE_VALUE,1.173237293007793232171888755,2,8,2019,2.072025802063595405268370669764766608025,POC_BROAD_DISTRIBUTION,6668.75,e415dc29e5468af71bf4-Z0026667,6666.75,520,2.283372365339578454332552693,5459.59386071444894974306739,1.88024125612941646759605122
false,0.5735889171582515105076935608,32890,32886,5,72e6777d760308a8b761fa05fa8dc2be7bb649b0,NQZ9,0.4358522149252506017823827516,7.627413761191885531191698153,7.627413761191885531191698153,0,7.627413761191885531191698153,7.191561546266634929409315401,midnight,2019-11-11T09:30:00-05:00,32890,true,true,,32886,2,4,true,false,false,true,false,false,98.9247311827956989247311828,8222.125,2.451961222464060671847252337,,556c0884d7f01212a52a,e41ba9874b2610cb1cef,,WIDTH_EXCEEDS_MAXIMUM,,2019-11-11,2,2019-11-11,INSIDE_VALUE,2.179261074626253008911913758,1.25,5,2019,2.373757230641197656577266641661166594238,POC_BROAD_DISTRIBUTION,8222.75,e41ba9874b2610cb1cef-Z0032886,8221.5,412,2.362997224791859389454209065,6453.584923872423872423872424,2.384566232623355331394823638
true,1.640689767969140808611689126,27006,26998,9,72e6777d760308a8b761fa05fa8dc2be7bb649b0,NQH9,3.504623550567635312327338321,13.63755685981753741101290347,4.34268570396424375657952792,0,17.14218041038517272334024179,5.256935325851452968491007482,full_overnight,2019-01-28T09:30:00-05:00,27006,true,true,2.024732703864918438184088252,27001,6,4,false,false,false,true,false,false,96.28712871287128712871287129,6751.125,3.365720433646852694863068564,0.980865303298977584981100818,c240b03dad147f51265a,e528bea48de7e89d9fa7,3.43137882676327815836921346,,3.43137882676327815836921346,2019-01-28,2,2019-01-28,INSIDE_VALUE,0.9142496218872092119114795621,1.5,6,2019,3.11572404693428279248694569634571260777,POC_HVN_ZONE,6751.75,e528bea48de7e89d9fa7-Z0027001,6750.25,337,3.205896204200810021663370067,4253.009782211252799488093607,3.028088159536831465236330062
false,2.466847857185209136812473102,29039,29021,19,72e6777d760308a8b761fa05fa8dc2be7bb649b0,NQM9,0.1013439070722674821408501041,2.178894002053750866028277239,1.97620618790921590174657703,0,2.584269630342820794591677655,1.97620618790921590174657703,opening_hour_rth,2019-05-30T10:30:00-04:00,29037,true,true,,29021,9,4,true,false,false,true,false,false,99.2,7257.625,2.970349475085974593641675102,,1dc12a2146ed95a2da6c,e541387fce1041c79442,,WIDTH_EXCEEDS_MAXIMUM,,2019-05-30,2,2019-05-30,INSIDE_VALUE,1.72284642022854719639445177,4.25,17,2019,2.639930802211278139202804869449577057646,POC_BROAD_DISTRIBUTION,7259.5,e541387fce1041c79442-Z0029021,7255.25,440,2.755787153021344824130674416,26168.41199699137005638553625,2.52894518098869395841971791
false,1.305982763266566129438328507,30586,30576,11,72e6777d760308a8b761fa05fa8dc2be7bb649b0,NQM9,0.3828534449791541689970810193,3.924247811036330232220080448,7.752782260827871922190890641,0,5.455661590952946908208404525,6.412795203400832330701107074,full_overnight,2019-04-11T09:30:00-04:00,30586,true,true,,30576,5,4,true,false,false,true,false,false,97.94520547945205479452054795,7645.375,2.795064000723168690558089206,,c6967039bed7463956fa,e5aa2daca275c8bf4c85,,WIDTH_EXCEEDS_MAXIMUM,,2019-04-11,2,2019-04-11,INSIDE_VALUE,2.105693947385347929483945606,2.75,11,2019,2.588199376022678648450214787160199359837,POC_BROAD_DISTRIBUTION,7646.75,e5aa2daca275c8bf4c85-Z0030576,7644,778,2.585423589930350070560386034,13687.5873864697394109158815,2.590978142279828331080024298
false,3.95070907561488767126418062,24909,24894,16,72e6777d760308a8b761fa05fa8dc2be7bb649b0,NQH9,1.455434933311324879871004276,10.85248222012574856077727102,9.523606846232799757416788851,0,11.10560133896250071379831524,9.523606846232799757416788851,opening_hour_rth,2019-01-03T10:30:00-05:00,24909,true,true,1.485268285735832194548569492,24894,15,4,false,false,false,true,false,false,99.3657505285412262156448203,6226.375,2.093847439872540006397108168,1.057664239843386391200036202,cc7246707d6423e172f3,e621c3b4f193f102cbe1,1.979690114305638639634944142,WIDTH_EXCEEDS_MAXIMUM,1.979690114305638639634944142,2019-01-03,2,2019-01-03,INSIDE_VALUE,1.012476475347008612084176888,4,16,2019,1.917651988521806056910761812508831157972,POC_BROAD_DISTRIBUTION,6227.5,e621c3b4f193f102cbe1-Z0024894,6223.5,168,1.949175824175824175824175824,9454.218159990044123091281145,1.886637984870635467246871229
false,2.707376823159817466638326365,32388,32378,11,72e6777d760308a8b761fa05fa8dc2be7bb649b0,NQZ9,0,6.879352678458147265751795914,5.309567503507966010479574028,0,6.879352678458147265751795914,5.771269025552136967912580465,opening_hour_rth,2019-10-31T10:30:00-04:00,32388,true,true,1.630069076005638187295911576,32378,10,4,true,false,false,true,false,false,98.3539094650205761316872428,8095.375,1.969135958714998595251531454,1.140077320524711725119506398,5f0a58462b947f1a36ed,e693ce6588e2850e747d,1.727195097441916550058928871,WIDTH_EXCEEDS_MAXIMUM,1.727195097441916550058928871,2019-10-31,2,2019-10-31,INSIDE_VALUE,1.015743348497176106352614162,2.75,11,2019,1.845387900307785183437006824084368258646,POC_BROAD_DISTRIBUTION,8097.25,e693ce6588e2850e747d-Z0032378,8094.5,134,1.823895143673332213073433036,8734.85206323375054025208824,1.867133927306683269864213812
true,2.307767613151289755202812688,31230,31218,13,72e6777d760308a8b761fa05fa8dc2be7bb649b0,NQZ9,7.366426282751345280692689715,4.604016426719590800432931072,14.67868766636481302255675671,0,6.553952795683182198263348938,9.803846743955834527980712048,full_overnight,2019-09-27T09:30:00-04:00,31226,true,true,2.105999288938063615347493429,31218,9,4,false,false,false,true,false,false,99.63503649635036496350364964,7805.875,2.705756385506325345320743252,1.284785042292528659014167516,ab5e67978302a3949d74,e6f8a1931678575437ea,2.105999288938063615347493429,,0.8923337410826398824777568406,2019-09-27,2,2019-09-27,INSIDE_VALUE,0.9749681844817956989152089329,2.25,9,2019,2.370256704684721756991297240777937252359,POC_HVN_ZONE,7806.75,e6f8a1931678575437ea-Z0031218,7804.5,424,2.05450333351017737457336375,7601.156555410231880820116115,2.734537712579012406673956016
false,1.11438059584389366210642505,31512,31504,9,72e6777d760308a8b761fa05fa8dc2be7bb649b0,NQZ9,0.8973594871711885975052913635,1.458209166653181470946098466,8.412745192229893101612106533,0,1.233869294860384321569775625,8.412745192229893101612106533,midnight,2019-09-24T09:30:00-04:00,31511,true,true,,31504,4,4,true,false,false,true,false,false,98.0952380952380952380952381,7877.125,2.371819525939040344095433256,,8ba6f927a5254889d4aa,e71d123d676fea56711f,,WIDTH_EXCEEDS_MAXIMUM,,2019-09-24,2,2019-09-24,INSIDE_VALUE,1.794718974342377195010582727,2,8,2019,2.247688237083125244690127381750506446215,POC_BROAD_DISTRIBUTION,7878,e71d123d676fea56711f-Z0031504,7876,517,2.135859301227573182247403211,8101.557792207792207792207791,2.365372292181502707818497294
false,2.405577084691393148609906727,26906,26890,17,72e6777d760308a8b761fa05fa8dc2be7bb649b0,NQH9,0,3.481493090908127195151395823,5.871771929442065269434443702,0,5.144295761192605855522211739,5.871771929442065269434443702,opening_hour_rth,2019-01-22T10:30:00-05:00,26906,true,true,1.52866627450653118314914176,26890,9,4,true,false,false,true,false,false,99.40119760479041916167664671,6724.375,1.829467393368095319816009583,1.196773569141940909907796555,b1446e03bbbe2b7dc480,e72ad08f58382735d5a7,1.52866627450653118314914176,WIDTH_EXCEEDS_MAXIMUM,,2019-01-22,2,2019-01-22,INSIDE_VALUE,1.76672783717725857664399191,4.25,17,2019,1.700356749211426732561494535835447476122,POC_BROAD_DISTRIBUTION,6726.75,e72ad08f58382735d5a7-Z0026890,6722.5,293,1.824014016252888988294937747,17192.12975217059811977723042,1.585082707055251477932507355
true,1.883473282911473198058392268,29230,29222,9,72e6777d760308a8b761fa05fa8dc2be7bb649b0,NQM9,2.521936489939188042177373376,6.703041723259420848945123973,10.81778020684441186512925948,0,4.712039231202167131436671307,15.99438668619327153065123641,prior_rth,2019-03-13T16:00:00-04:00,29228,true,true,2.480822292447547428903193562,29222,7,4,false,false,false,true,false,false,97.73584905660377358490566038,7305.875,2.487249456858563380661309992,1.00259073954252281160044595,fd88c4c8d896e57cb411,e7414cb6ff63c08f08e3,2.480822292447547428903193562,,,2019-03-14,2,2019-03-13,INSIDE_VALUE,0.9291344962933850681706112437,1.75,7,2019,2.290405971470138056554870799084113130069,POC_HVN_ZONE,7307.25,e7414cb6ff63c08f08e3-Z0029222,7305.5,302,2.372946688015181165866097373,17358.27640517806926475657126,2.210736356042612159084864672
true,3.934355902431234108593210752,30797,30787,11,72e6777d760308a8b761fa05fa8dc2be7bb649b0,NQU9,1.58857006203679089664616289,1.938055475684884893908318726,3.145368722832845975359402523,0.06354280248147163586584651561,2.31931229057371470910339782,2.827654710425487796030169945,opening_hour_rth,2019-08-20T10:30:00-04:00,30797,true,true,1.57769744668709384879991688,30787,15,4,false,false,false,true,false,false,93.90243902439024390243902439,7698.375,1.827587955979949111389205461,1.088433917008065957140421169,ed233c30e129a3e153ae,e75d9b1680e7328b7f94,1.679098682447990614557486556,,1.679098682447990614557486556,2019-08-20,2,2019-08-20,INSIDE_VALUE,0.6989708272961879945243116718,2.75,11,2019,1.714620179431639841284069257259106293715,POC_HVN_ZONE,7699.5,e75d9b1680e7328b7f94-Z0030787,7696.75,180,1.719177683303243841360433288,9778.76010896340511922008018,1.710074757406921950247752089
false,2.301167020171435489258799587,30988,30971,18,72e6777d760308a8b761fa05fa8dc2be7bb649b0,NQU9,0,11.35293517202141372783148738,6.46411141373468054359783253,0,12.87390256348839738514862445,9.506046196668647858232106661,prior_rth,2019-06-20T16:00:00-04:00,30986,true,true,,30971,9,4,true,false,false,true,false,false,99.73958333333333333333333333,7745.125,2.779465517847318294481021383,1.475960140416831949124096573,5312cc5614a552bb9433,e815e6c9fe766b9f6f13,1.883157574338259603854748304,WIDTH_EXCEEDS_MAXIMUM,1.883157574338259603854748304,2019-06-21,2,2019-06-20,INSIDE_VALUE,1.738248447390838465505299504,4,16,2019,2.493624919298313086260486382488597681204,POC_BROAD_DISTRIBUTION,7746.75,e815e6c9fe766b9f6f13-Z0030971,7742.75,758,2.943689320388349514563106795,31059.42944666702406640487135,2.11237143644125461932101843
false,2.095417108217020129412585132,33246,33230,17,72e6777d760308a8b761fa05fa8dc2be7bb649b0,NQZ9,0,3.758201633993910578987242202,2.684429738567078984990887287,0,3.996817610755428710986432183,2.684429738567078984990887287,prior_rth,2019-11-15T16:00:00-05:00,33243,true,true,,33233,8,4,true,false,false,true,false,false,99.25373134328358208955223881,8309.625,3.130734484528356612581803792,,25f763a8db0160bf5ac2,e818de55ebe6f7b02ec6,,WIDTH_EXCEEDS_MAXIMUM,,2019-11-18,2,2019-11-15,INSIDE_VALUE,1.312387872188349725995544896,2.75,11,2019,2.762395500831261078382172914826201761486,POC_BROAD_DISTRIBUTION,8311,e818de55ebe6f7b02ec6-Z0033233,8308.25,775,2.922882071488882634393470307,50914.74385293069503595819385,2.610720759981170544592184101
false,2.941569111367242903835545467,31802,31780,23,72e6777d760308a8b761fa05fa8dc2be7bb649b0,NQZ9,0.169977308392254544475966388,2.252199336197372714306554641,4.121949728512172703542184909,0,2.252199336197372714306554641,4.036961074316045431304201715,opening_hour_rth,2019-10-18T10:30:00-04:00,31798,true,true,,31782,11,4,true,false,false,true,false,false,99.31972789115646258503401361,7947.875,2.719890984233623096285438371,,3abcedd283de281f40c4,eafe84f5424cb6c306f9,,WIDTH_EXCEEDS_MAXIMUM,,2019-10-18,2,2019-10-18,INSIDE_VALUE,1.444807121334163628045714298,4.25,17,2019,2.48985344697533935161514387775968932448,POC_BROAD_DISTRIBUTION,7949.75,eafe84f5424cb6c306f9-Z0031782,7945.5,327,2.486884991463603911221480676,20001.56651902171976075900972,2.492825445766380187855782205
false,1.847621959045115344710103072,28044,28030,15,72e6777d760308a8b761fa05fa8dc2be7bb649b0,NQH9,0.4059271954029024693206694498,9.94521628737111049835640152,7.780271245222297328646164455,0,9.94521628737111049835640152,9.403980026833907205928842254,prior_rth,2019-02-12T16:00:00-05:00,28044,true,true,,28031,7,4,true,false,false,true,false,false,99.32885906040268456375838926,7009.375,3.540217906008764559230803613,,7f93346cc28425455cfc,ebc01a0c552aaf0ecfb9,,WIDTH_EXCEEDS_MAXIMUM,,2019-02-13,2,2019-02-12,INSIDE_VALUE,1.894326911880211523496457432,3.5,14,2019,3.292142313378194868378654836988728299862,POC_BROAD_DISTRIBUTION,7011.25,ebc01a0c552aaf0ecfb9-Z0028031,7007.75,722,3.768584039795417921950535976,36439.84708049088854042414415,2.8759345412192260123825083
false,0.78836564119788326761008404,30413,30407,7,72e6777d760308a8b761fa05fa8dc2be7bb649b0,NQM9,0.3171117397000421695833865547,6.183678924150822306876037817,5.232343705050695798125878153,0,6.817902403550906646042810926,5.232343705050695798125878153,midnight,2019-04-10T09:30:00-04:00,30413,true,true,,30407,3,4,true,false,false,true,false,false,98.7654320987654320987654321,7602.625,2.180829724487551814508460009,1.147790107320745652166684625,ed78fbbd2d1c3dca923b,ebd61a87b827268c76d6,1.9000248482522659566910529,WIDTH_EXCEEDS_MAXIMUM,1.9000248482522659566910529,2019-04-10,2,2019-04-10,INSIDE_VALUE,2.219782177900295187083705883,1.75,7,2019,2.024734637658979990842346652452154034566,POC_BROAD_DISTRIBUTION,7603.5,ebd61a87b827268c76d6-Z0030407,7601.75,478,2.166526775222427396340439819,7884.867108184213447371342108,1.892222334762125848785215689
false,0.8594030888651361708381160692,28618,28612,7,72e6777d760308a8b761fa05fa8dc2be7bb649b0,NQH9,0,7.417939361165609804711154842,10.61783477186450030870420203,0,7.127039778374801577075423279,10.61783477186450030870420203,midnight,2019-03-05T09:30:00-05:00,28618,true,true,,28612,3,4,true,false,false,true,false,false,98.37398373983739837398373984,7153.875,2.691999786952475567170816768,,22cb4ee226b94ed2a4ca,ebf2a72df7d2150a7046,,WIDTH_EXCEEDS_MAXIMUM,,2019-03-05,2,2019-03-05,INSIDE_VALUE,2.036297079535657593450120937,1.75,7,2019,2.53738739800592286355737779012345293127,POC_BROAD_DISTRIBUTION,7154.75,ebf2a72df7d2150a7046-Z0028612,7153,489,2.703722017441337768587611256,6415.938947456052719210613948,2.381285785308718092169020357
false,2.156578365840260715804012242,30773,30761,13,72e6777d760308a8b761fa05fa8dc2be7bb649b0,NQU9,0.115924375371628705628372682,1.796827818260244937239776571,3.303844698091418110408621437,0,1.912752193631873642868149253,3.651617824206304227293739483,prior_rth,2019-06-27T16:00:00-04:00,30772,true,true,3.131643055837375394556234971,30761,8,4,true,false,false,true,false,false,98.70967741935483870967741935,7691.375,3.248740747563535877780969063,1.037391774745174312688179557,1440d06e0ffc20f47fc0,ec6f0e794d0c10df5898,3.131643055837375394556234971,WIDTH_EXCEEDS_MAXIMUM,,2019-06-28,2,2019-06-27,INSIDE_VALUE,1.391092504459544467540472184,3,12,2019,2.905101963593360181520753742242309707621,POC_BROAD_DISTRIBUTION,7693.25,ec6f0e794d0c10df5898-Z0030761,7690.25,1096,3.030108447488584474885844749,43705.24932571691695700050058,2.785252595783798971278392969
false,1.124694172131901886691165442,33122,33114,9,72e6777d760308a8b761fa05fa8dc2be7bb649b0,NQZ9,0,7.224186095495403904516784804,11.44755642824656311023428977,0,11.89212172643089565820455345,9.669295235509232918353235045,midnight,2019-11-21T09:30:00-05:00,33122,true,true,,33114,4,4,true,false,false,true,false,false,99.50980392156862745098039216,8279.625,2.318121557070562700809728763,,5dfe3889b5e5925f568b,ed04703047363a25e34f,,WIDTH_EXCEEDS_MAXIMUM,,2019-11-21,2,2019-11-21,INSIDE_VALUE,2.000543841829496465866186561,2.25,9,2019,2.120434000382884057871461117936443548552,POC_BROAD_DISTRIBUTION,8280.75,ed04703047363a25e34f-Z0033114,8278.5,484,2.348173515981735159817351598,6670.199367685723184444412067,1.914781986671011383579111875
false,2.313931941426493851034389387,32093,32081,13,72e6777d760308a8b761fa05fa8dc2be7bb649b0,NQU9,0,2.755050779959386792984255277,2.971133194073848502237922358,0,2.863091987016617647611088817,3.079174401131079356864755898,opening_hour_rth,2019-07-26T10:30:00-04:00,32093,true,true,,32081,9,4,true,false,false,true,false,false,99.36708860759493670886075949,8022.625,2.739577765862951388193826969,1.07134150549006664256541944,2713c18b0962580493fa,ed12fa118e5f192c5fc6,2.557147045852367047878796381,WIDTH_EXCEEDS_MAXIMUM,2.557147045852367047878796381,2019-07-26,2,2019-07-26,INSIDE_VALUE,1.404535691744001110148836024,3.25,13,2019,2.431554403878022361610730735707855534679,POC_BROAD_DISTRIBUTION,8023.5,ed12fa118e5f192c5fc6-Z0032081,8020.25,260,2.523961661341853035143769968,16826.18800946978950685355817,2.342530359940282617043670976
false,1.884171171199435431478220401,26769,26761,9,72e6777d760308a8b761fa05fa8dc2be7bb649b0,NQH9,1.326843355961410378038220255,9.619614330720225240777096847,24.74562858868030355041280775,0,11.34451069347005873222678318,23.81683823950731628578605357,prior_rth,2019-01-17T16:00:00-05:00,26769,true,true,4.500616668224711515905485394,26761,7,4,false,false,false,true,false,false,98.70410367170626349892008639,6690.875,4.723437921385064870902013787,1.049509049445049982524903981,020efefd55bc35aef88b,edde898eeb9a799762dc,4.500616668224711515905485394,WIDTH_EXCEEDS_MAXIMUM,3.97983591501332195857994738,2019-01-18,2,2019-01-17,INSIDE_VALUE,1.194159020365269340234398229,2.25,9,2019,4.441053813718746621741238302442904258819,POC_BROAD_DISTRIBUTION,6692.5,edde898eeb9a799762dc-Z0026761,6690.25,619,4.827059437791588769305913463,28599.17870767826207896973045,4.085915914341673491501491818
false,2.740071336606197471645241082,28916,28901,16,72e6777d760308a8b761fa05fa8dc2be7bb649b0,NQM9,0,3.877636271017648679402564485,2.874012765577786668263077207,0,4.425067273984846140024103001,3.33020526805045121878102597,opening_hour_rth,2019-05-29T10:30:00-04:00,28916,true,true,,28901,10,4,true,false,false,true,false,false,99.48186528497409326424870466,7227.875,2.689496826828546686091327598,1.081886082951634236146465676,de67a2438fe61dc90e7f,ee31fe4cbe12465811d9,2.485933472303276459993380353,WIDTH_EXCEEDS_MAXIMUM,2.485933472303276459993380353,2019-05-29,2,2019-05-29,INSIDE_VALUE,1.459816007912526561657436042,4,16,2019,2.486080395537939015252939254799627645301,POC_BROAD_DISTRIBUTION,7229.25,ee31fe4cbe12465811d9-Z0028901,7225.25,359,2.671460518198642813078346699,21848.67807977862802600261046,2.313564318459638331770675402
false,2.058191320450199312988309568,31570,31554,17,72e6777d760308a8b761fa05fa8dc2be7bb649b0,NQU9,0,5.040833617805083430424619804,20.22406740637461183531805295,0,6.498424061507758157294389386,18.76647696267193710844828337,prior_rth,2019-07-18T16:00:00-04:00,31570,true,true,,31554,8,4,true,false,false,true,false,false,99.42528735632183908045977011,7890.625,2.15118973991585681605077357,,26aa6b2c7b1d302a746e,ee7450b614c3d4c8907d,,WIDTH_EXCEEDS_MAXIMUM,,2019-07-19,2,2019-07-18,INSIDE_VALUE,2.064919795245455863065506908,4.25,17,2019,1.919686941314207148969724269148510338306,POC_BROAD_DISTRIBUTION,7892.75,ee7450b614c3d4c8907d-Z0031554,7888.5,466,1.851571063207891852393131165,29652.41364527666346171854228,1.990308676712413735078394541
false,1.421963383620372460365230647,35310,35300,11,72e6777d760308a8b761fa05fa8dc2be7bb649b0,NQH0,0,7.647876257060740494355189213,2.725105332975666153161044432,0,7.647876257060740494355189213,2.725105332975666153161044432,full_overnight,2019-12-27T09:30:00-05:00,35308,true,true,,35301,5,4,true,false,false,true,false,false,99.42196531791907514450867052,8826.375,3.793074762361635123860071447,,787de85a7059823b0f32,ef1259a46a77a3e14abc,,WIDTH_EXCEEDS_MAXIMUM,,2019-12-27,2,2019-12-27,INSIDE_VALUE,1.406505978310021240341184223,2,8,2019,3.475408035113070654586092463459951743118,POC_BROAD_DISTRIBUTION,8827.25,ef1259a46a77a3e14abc-Z0035301,8825.25,564,3.713915956151035322777101096,9758.00484809308338720103426,3.252217108069985331487306051
false,1.95485696501046954336752856,29490,29479,12,72e6777d760308a8b761fa05fa8dc2be7bb649b0,NQM9,0,25.00182922577061399714901983,10.29487085767025282235547875,0,23.97873646972884974151120828,11.31796361371201707799329031,prior_rth,2019-03-20T16:00:00-04:00,29490,true,true,,29479,7,4,true,false,false,true,false,false,99.76958525345622119815668203,7371.625,3.540044151589663385093521959,1.076802853381754156218430317,2af6ece541d7de9d380a,ef1ba0f856c9949edb2a,3.287550864554244618787655842,WIDTH_EXCEEDS_MAXIMUM,3.287550864554244618787655842,2019-03-21,2,2019-03-20,INSIDE_VALUE,1.53463913406264638345671733,3,12,2019,3.335122154601898933283327807442739533546,POC_BROAD_DISTRIBUTION,7372.75,ef1ba0f856c9949edb2a-Z0029479,7369.75,676,3.360179585853032801905809053,42072.62638992086304059000423,3.310251580881698461076157704
false,3.216863871522302287160816195,30262,30243,20,72e6777d760308a8b761fa05fa8dc2be7bb649b0,NQZ9,0,6.02294681211712396535640642,7.499540224120031776217977027,0,7.266393895909046332397729036,8.587556422437963847379134315,prior_rth,2019-10-02T16:00:00-04:00,30262,true,true,,30243,12,4,true,false,false,true,false,false,99.40944881889763779527559055,7563.875,2.87997395464315274555318784,1.147397883289067637594135518,e1bdc84855cbd76082d0,ef1bcc96b4a133167117,2.510004590898823933172299762,WIDTH_EXCEEDS_MAXIMUM,2.510004590898823933172299762,2019-10-03,2,2019-10-02,INSIDE_VALUE,1.55430885473990295880165327,5,20,2019,2.66286837950832535258015260324959826294,POC_BROAD_DISTRIBUTION,7565.75,ef1bcc96b4a133167117-Z0030243,7560.75,922,2.627487938965555929541119714,48130.80833206471788618031794,2.698725235396123254545209876
false,1.912634502055428509529358485,30890,30881,10,72e6777d760308a8b761fa05fa8dc2be7bb649b0,NQZ9,0,20.58678746916116493572838545,14.96626771567589450883111197,0,25.55375841410163647577713877,14.83555795396693473146140793,prior_rth,2019-10-01T16:00:00-04:00,30890,true,true,,30881,7,4,true,false,false,true,false,false,99.5016611295681063122923588,7722.125,3.307592592577528492466787478,1.005855822668766890732793291,2c55bdec08083ecd7f42,ef2109db2cb3753d9e20,3.288336676126926864763699998,WIDTH_EXCEEDS_MAXIMUM,3.288336676126926864763699998,2019-10-02,2,2019-10-01,INSIDE_VALUE,1.307097617089597773697040346,2.5,10,2019,2.974733997576476790724265402495426272322,POC_BROAD_DISTRIBUTION,7722.75,ef2109db2cb3753d9e20-Z0030881,7720.25,431,3.238417373939091362955566649,17608.82607119832867253274696,2.732520652695757286806614873
false,1.727786475150947125055972852,29901,29889,13,72e6777d760308a8b761fa05fa8dc2be7bb649b0,NQM9,0,3.83438584297357141926221898,5.715405313111549851353118857,0,3.979079648368800529423057432,5.570711507716320741192280405,full_overnight,2019-04-01T09:30:00-04:00,29900,true,true,,29889,6,4,true,false,false,true,false,false,99.57627118644067796610169492,7473.875,4.493038461487723205921001264,,0f238178e7da8b25c358,ef5bf466508dfbddefc4,,WIDTH_EXCEEDS_MAXIMUM,,2019-04-01,2,2019-04-01,INSIDE_VALUE,1.736325664742749321930061425,3,12,2019,4.083651058570030932516437874520419380208,POC_BROAD_DISTRIBUTION,7475.25,ef5bf466508dfbddefc4-Z0029889,7472.25,1091,3.943454021932242847515775287,21756.48237771000928895665739,4.228832357474527655219994489
false,2.130335619154407052556887716,29139,29124,16,72e6777d760308a8b761fa05fa8dc2be7bb649b0,NQM9,0,1.584257414491166840945085543,4.635419842400080756839324366,0,1.584257414491166840945085543,4.518067441326660990843392104,opening_hour_rth,2019-03-14T10:30:00-04:00,29139,true,true,1.235353681048736934321319822,29124,8,4,true,false,false,true,false,false,99.01960784313725490196078431,7282.875,1.761938444197952210934742376,1.426262349987234592178661471,f9a7c6acbda2a2023953,ef6065763b1906ed9053,1.235353681048736934321319822,WIDTH_EXCEEDS_MAXIMUM,,2019-03-14,2,2019-03-14,INSIDE_VALUE,1.877638417174716255934916199,4,16,2019,1.557624846472906720120400931633522765616,POC_BROAD_DISTRIBUTION,7285,ef6065763b1906ed9053-Z0029124,7281,290,1.578778821520068317677198975,18267.00679021030114513724008,1.536754312433564752306077034
false,0.8758959275938850677887607317,32946,32941,6,72e6777d760308a8b761fa05fa8dc2be7bb649b0,NQZ9,1.141688148667425481058346419,5.565729724753699220159438794,2.426087315918279147248986141,0,6.421995836254268330953198608,2.99693139025199188777815935,midnight,2019-11-05T09:30:00-05:00,32946,true,true,,32941,3,4,false,false,false,true,false,false,93.81443298969072164948453608,8236.125,2.98448967578247921419687526,0.9955081540839924302439231222,a5b43f0a2bd9092382bb,efe275585020829bbb66,2.997956032342728155369765192,WIDTH_EXCEEDS_MAXIMUM,2.997956032342728155369765192,2019-11-05,2,2019-11-05,INSIDE_VALUE,1.712532223001138221587519629,1.5,6,2019,2.87025771004277025070396358469810790735,POC_BROAD_DISTRIBUTION,8236.75,efe275585020829bbb66-Z0032941,8235.25,532,3.008277952664101667249621079,7782.733206253282653961771108,2.738569856805997219202695302
false,2.982460603068159122375901875,29243,29221,23,72e6777d760308a8b761fa05fa8dc2be7bb649b0,NQM9,0,6.580137212813839681241749372,3.39484786138803193745593439,0,8.005135080556964198198561338,3.143377649433362905051791101,opening_hour_rth,2019-03-25T10:30:00-04:00,29243,true,true,,29224,11,4,true,false,false,true,false,false,98.3974358974358974358974359,7308.125,3.19711260520957918835143687,,621fef387e524e4911d4,f02d546a0522db6dbb64,,WIDTH_EXCEEDS_MAXIMUM,,2019-03-25,2,2019-03-25,INSIDE_VALUE,1.676468079697793549360955254,5,20,2019,3.010481343777942463644857887738294763884,POC_BROAD_DISTRIBUTION,7311,f02d546a0522db6dbb64-Z0029224,7306,444,3.159854014598540145985401461,26676.18561329575717540390012,2.868169820303075372427844689
false,2.238760552710016990013389732,26465,26453,13,72e6777d760308a8b761fa05fa8dc2be7bb649b0,NQH9,0,3.964247087191536871194127254,3.85257815515797245228725043,0,5.974287863795696411517910088,4.857598543460052222449141847,full_overnight,2019-01-11T09:30:00-05:00,26465,true,true,,26453,8,4,true,false,false,true,false,false,99.43181818181818181818181818,6615.375,2.513766737903865836466557657,1.046135359897410507491239093,aa711f5d7ace5553645b,f065f8eeff17c7220ef9,2.40290772520142988048922604,WIDTH_EXCEEDS_MAXIMUM,2.40290772520142988048922604,2019-01-11,2,2019-01-11,INSIDE_VALUE,1.451696116436337445789398713,3.25,13,2019,2.228378544279640548233556148855548459757,POC_BROAD_DISTRIBUTION,6616.5,f065f8eeff17c7220ef9-Z0026453,6613.25,1358,2.583283795030317441445725836,10564.2488389641610002054015,1.922232062214276683262757016
false,2.698549996008177484620401262,30423,30412,12,72e6777d760308a8b761fa05fa8dc2be7bb649b0,NQU9,7.133460572705900771414300941,3.752014976553103652497132313,23.20690744756919666544522579,0,3.196160905952643852127186785,22.8363380671688901318652621,full_overnight,2019-08-05T09:30:00-04:00,30423,true,true,2.061303250627890602552127977,30412,10,4,false,false,false,true,false,false,99.43262411347517730496453901,7604.375,2.378800875816369501154351786,1.105624049663830100374448413,5e84638d69e35cbcd701,f0797a07e4377ed92838,2.151545886270884271902192597,WIDTH_EXCEEDS_MAXIMUM,2.151545886270884271902192597,2019-08-05,2,2019-08-05,INSIDE_VALUE,1.111708141200919600739891056,3,12,2019,2.221987728574237279308210487769825697335,POC_BROAD_DISTRIBUTION,7606,f0797a07e4377ed92838-Z0030412,7603,555,2.261182385575589459084604716,7814.787304911627761294345399,2.183472459996947405602524342
false,1.968137186577172392745165569,28185,28173,13,72e6777d760308a8b761fa05fa8dc2be7bb649b0,NQH9,2.159402316558665234249774356,6.033624119796270507462604819,5.906600454116349023094971033,0,7.938979104995092772977111604,5.017434794356898632521534533,prior_rth,2019-02-13T16:00:00-05:00,28185,true,true,2.069966491849889139948089194,28173,7,4,false,false,false,true,false,false,98.64253393665158371040723982,7044.625,2.486333296497771602130856362,1.201146639951540219087973967,6e84f27b2b8d788e2474,f0b7bb03608541486d73,2.069966491849889139948089194,WIDTH_EXCEEDS_MAXIMUM,,2019-02-14,2,2019-02-13,INSIDE_VALUE,1.651307653838979296779239214,3.25,13,2019,2.267670654771949741523735864073403383182,POC_BROAD_DISTRIBUTION,7046.5,f0b7bb03608541486d73-Z0028173,7043.25,620,2.228329809725158562367864693,36850.94353700077535721633178,2.307706056828318657784105024
false,1.456392281940556466244415083,32889,32879,11,72e6777d760308a8b761fa05fa8dc2be7bb649b0,NQZ9,0.5149711443133091971440016097,4.205597678558691776676013146,5.922168159603055767156018511,0,4.205597678558691776676013146,5.750511111498619368108017975,opening_hour_rth,2019-11-04T10:30:00-05:00,32889,true,true,,32879,5,4,true,false,false,true,false,false,98.26086956521739130434782609,8221.125,2.054408551167393667219473052,,d57a8dc7b4a046abeac9,f1016645ffde26db96f5,,WIDTH_EXCEEDS_MAXIMUM,,2019-11-04,2,2019-11-04,INSIDE_VALUE,1.888227529148800389528005902,2.75,11,2019,1.947926546178215828774189924723500775108,POC_BROAD_DISTRIBUTION,8222.5,f1016645ffde26db96f5-Z0032879,8219.75,190,1.911803307375973400997462595,16524.01843748099166055822402,1.984732328198439631688874251
false,0.9750410855677466178888163258,30561,30555,7,72e6777d760308a8b761fa05fa8dc2be7bb649b0,NQZ9,12.56357314714289586793244587,23.71694930838199730170920905,14.99936794097672261783771599,0,36.02412300354238509070425807,14.99936794097672261783771599,midnight,2019-10-04T09:30:00-04:00,30561,true,true,,30555,3,4,false,false,false,true,false,false,99.65156794425087108013937282,7639.625,2.016216327265961228242741089,,c5856e10ba2aff9d5280,f16ea9670053c7f1928b,,WIDTH_EXCEEDS_MAXIMUM,,2019-10-04,2,2019-10-04,INSIDE_VALUE,1.794796163877556552561777982,1.75,7,2019,1.896021107025901862936360966688415778854,POC_BROAD_DISTRIBUTION,7640.5,f16ea9670053c7f1928b-Z0030555,7638.75,267,1.638772455089820359281437126,5789.314445413472873427106836,2.193651734334704704174627371
false,2.298239945170661991437413102,26872,26859,14,72e6777d760308a8b761fa05fa8dc2be7bb649b0,NQH9,5.547723607707642746225204849,1.142178389822161741869895116,7.668912045948800266840724351,0,0.8158417070158298156213536543,8.321585411561464119337807274,opening_hour_rth,2019-01-23T10:30:00-05:00,26870,true,true,1.248680215982453437090235541,26859,9,4,false,false,false,true,false,false,84.21052631578947368421052632,6716.625,1.617157071228387068259296307,1.295093051471163454359505843,1603ceea20dd3db4d4cd,f1cc20d41b581216b278,1.248680215982453437090235541,WIDTH_EXCEEDS_MAXIMUM,0.9737577382499783217343368148,2019-01-23,2,2019-01-23,INSIDE_VALUE,1.305346731225327704994165847,3,12,2019,1.42967608064204237406708965647933868146,POC_BROAD_DISTRIBUTION,6717.75,f1cc20d41b581216b278-Z0026859,6714.75,134,1.355216465578424414478353442,9357.779503583126373498889227,1.50822672796230858034201791
false,1.691950792906446699381564894,32892,32884,9,72e6777d760308a8b761fa05fa8dc2be7bb649b0,NQZ9,0.1477584342571499886515721105,7.166284061471774449601247357,3.767840073557324710615088817,0,6.279733455928874517691814694,3.767840073557324710615088817,full_overnight,2019-11-11T09:30:00-05:00,32892,true,true,3.272107576612173781336630312,32884,6,4,true,false,false,true,false,false,99.47916666666666666666666667,8222.125,3.645909786918280453275913124,1.11423897336930727109926149,3ca6c62a1d901f77fdaa,f205957ff75930d10291,3.272107576612173781336630312,WIDTH_EXCEEDS_MAXIMUM,3.154714721737273023788573173,2019-11-11,2,2019-11-11,INSIDE_VALUE,1.329825908314349897864148994,2.25,9,2019,3.385778594020194877475345026074384627735,POC_BROAD_DISTRIBUTION,8223.25,f205957ff75930d10291-Z0032884,8221,718,3.273633967371945572415758353,11040.24416278166278166278166,3.501764950504896088386773647
true,4.169209211087516135181954888,30372,30359,14,72e6777d760308a8b761fa05fa8dc2be7bb649b0,NQU9,0.539670687193243396867727399,1.768920585800075578621995363,7.345517686796924012921845152,0,1.768920585800075578621995363,9.084456567752930513940077882,prior_rth,2019-08-28T16:00:00-04:00,30372,true,true,2.747573754570777727116334277,30359,16,4,false,false,false,true,false,false,98.76847290640394088669950739,7590.875,2.982948158439719247257884882,1.085666273190075435347018672,e376068361c8dad62898,f25df0eee1f30e9b5160,2.747573754570777727116334277,,2.442387736911509195354483822,2019-08-29,2,2019-08-28,INSIDE_VALUE,0.8394877356339341729053537317,3.5,14,2019,2.720973248800069671345266373725985954946,POC_HVN_ZONE,7593.25,f25df0eee1f30e9b5160-Z0030359,7589.75,630,2.657454545454545454545454546,28900.62858381814264167205343,2.786010181566148889604095159
true,2.402097834613174919492186691,31200,31192,9,72e6777d760308a8b761fa05fa8dc2be7bb649b0,NQZ9,5.411936105464027704641457343,8.690320477043198333414647849,2.341703122556550449123707504,0,5.359898258296104361327597177,4.735444092281024241561275175,full_overnight,2019-10-01T09:30:00-04:00,31200,true,true,1.749491871387711020974168916,31192,9,4,false,false,false,true,false,false,96.92307692307692307692307692,7799.375,1.99743504853255017668965606,1.099786649627387047220659134,3f914beabf1b49d4dc41,f3ad584848d37d5ef9a4,1.81620230542832164816689609,,1.81620230542832164816689609,2019-10-01,2,2019-10-01,INSIDE_VALUE,0.9366812490226201796494830017,2.25,9,2019,1.878365277461721238757772485957080830175,POC_HVN_ZONE,7800.25,f3ad584848d37d5ef9a4-Z0031192,7798,484,1.63115051589153315704878934,7531.598433919022154316271963,2.163047542945735090226300458
false,1.425726149043887057108103141,35219,35209,11,72e6777d760308a8b761fa05fa8dc2be7bb649b0,NQH0,0.1753492423265531603770507438,6.575596587245743514139402893,10.43327991842991304243451926,0,7.978390525858168797155808844,11.13467688773612568394272223,prior_rth,2019-12-27T16:00:00-05:00,35219,true,true,,35211,5,4,true,false,false,true,false,false,98.4313725490196078431372549,8803.625,3.234691874635115489305934128,,ce0e81ad5ac0f7e2130e,f3d6aa4e917241f26476,,WIDTH_EXCEEDS_MAXIMUM,,2019-12-30,2,2019-12-27,INSIDE_VALUE,1.578143180938978443393456694,2.25,9,2019,3.095241714204482708400955491181415998484,POC_BROAD_DISTRIBUTION,8805,f3d6aa4e917241f26476-Z0035211,8802.75,449,3.44854070660522273425499232,24269.12540032894522058608746,2.77813779347342071426526745
true,4.11766660003627052604853416,30434,30421,14,72e6777d760308a8b761fa05fa8dc2be7bb649b0,NQU9,0.06071399758246524169032397,4.401764824728730022548487825,5.373188786048173889593671345,0,4.948190802970917197761403555,6.223184752202687273258206925,prior_rth,2019-08-12T16:00:00-04:00,30434,true,true,1.675017551889688419913395892,30421,16,4,true,false,false,true,false,false,99.49238578680203045685279188,7607.375,2.378057227572601754645832397,1.129809674383130791628831113,2e4bfcb029ed5229f673,f40ffc0a5efea5e901d8,2.10482993860979862172980142,,2.10482993860979862172980142,2019-08-13,2,2019-08-12,INSIDE_VALUE,0.84999596615451338366453558,3.5,14,2019,2.130456413598212828606584642148979322914,POC_HVN_ZONE,7608.75,f40ffc0a5efea5e901d8-Z0030421,7605.25,682,2.237517902941078506478366585,27569.18162596802230472886054,2.028517637456991812180970988
false,1.25799990946474273155393728,28942,28932,11,72e6777d760308a8b761fa05fa8dc2be7bb649b0,NQM9,0.3974563084132028101400315627,4.073927161235328803935323518,6.856121320127748474915544457,0,4.471383469648531614075355081,6.259936857507944259705497113,midnight,2019-05-29T09:30:00-04:00,28942,true,true,,28932,5,4,true,false,false,true,false,false,98.96373056994818652849740933,7234.375,3.989930801554651615284597178,,18b5d5f187cfd42edf21,f42c05cce4add917de24,,WIDTH_EXCEEDS_MAXIMUM,,2019-05-29,2,2019-05-29,INSIDE_VALUE,2.186009696272615455770173595,2.75,11,2019,3.614822397528966414696665109483721149211,POC_BROAD_DISTRIBUTION,7235.75,f42c05cce4add917de24-Z0028932,7233,1102,3.587881037129506233236053239,19352.87927638616997884732439,3.641966060316009186969963754
false,0.9932076629688961438263241783,30775,30769,7,72e6777d760308a8b761fa05fa8dc2be7bb649b0,NQM9,3.775645456450165480892205466,13.21475909757557918312271913,2.391242122418438137898396795,0,25.04511486111943102325162959,1.887822728225082740446102733,midnight,2019-04-17T09:30:00-04:00,30775,true,true,,30770,3,4,false,false,false,true,false,false,97.56097560975609756097560976,7693.125,3.358806109906835620681180931,,62432717464635ba7439,f43288359c17beafbb72,,WIDTH_EXCEEDS_MAXIMUM,,2019-04-17,2,2019-04-17,INSIDE_VALUE,1.510258182580066192356882186,1.5,6,2019,3.229272414086021456141408641169056896203,POC_BROAD_DISTRIBUTION,7694,f43288359c17beafbb72-Z0030770,7692.5,276,4.027762947143619861185264282,3718.89761904761904761904762,2.589079958584046610332237295
true,3.729822571042943849035293673,31976,31967,10,72e6777d760308a8b761fa05fa8dc2be7bb649b0,NQU9,0,0.7708141460455809638238016233,1.642169267662324662059403458,0,0.7708141460455809638238016233,1.709196584709766485000603599,full_overnight,2019-07-31T09:30:00-04:00,31976,true,true,1.37834683988870080877143541,31970,14,4,true,false,false,true,false,false,98.9010989010989010989010989,7993.625,2.387340756441610141062718907,1.008137842154551513874251076,40940c0a843b93a92834,f473beb2349b4bdd3866,2.368069778374236815777736053,,2.368069778374236815777736053,2019-07-31,2,2019-07-31,INSIDE_VALUE,0.4691912193320927605884009881,1.75,7,2019,2.23369713965143844686717011063265997367,POC_HVN_ZONE,7994.25,f473beb2349b4bdd3866-Z0031970,7992.5,876,2.286287893997189319413772335,12908.2319422197031305190698,2.182316113726118301775794048
false,1.69488067588815707887188516,31297,31285,13,72e6777d760308a8b761fa05fa8dc2be7bb649b0,NQU9,0,7.743907985216831447321300854,4.646344791130098868392780512,0,7.006392939005704642814510296,4.351338772645648146590064289,full_overnight,2019-07-08T09:30:00-04:00,31296,true,true,,31285,6,4,true,false,false,true,false,false,99.09502262443438914027149321,7822.875,3.556177097438432521408441698,,79ae58c30e562c0de132,f47658dc94bf1bf5998f,,WIDTH_EXCEEDS_MAXIMUM,,2019-07-08,2,2019-07-08,INSIDE_VALUE,1.770036110906704330816297338,3,12,2019,3.296388114372430869943700071178352659551,POC_BROAD_DISTRIBUTION,7824.25,f47658dc94bf1bf5998f-Z0031285,7821.25,1003,3.312754065040650406504065041,12118.45190896060461277852583,3.280103016171981623119460092
false,1.282695487711267595873494507,30620,30610,11,72e6777d760308a8b761fa05fa8dc2be7bb649b0,NQM9,0.389804131058539346712799456,3.605688212291488957093394968,12.76608529216716360484418218,0,3.995492343350028303806194424,12.181379095579354584774983,opening_hour_rth,2019-04-15T10:30:00-04:00,30620,true,true,,30610,5,4,true,false,false,true,false,false,98.33333333333333333333333333,7653.875,2.987542050550892916775105664,,2484a1296a33ffe224d1,f4b995185eae21bfab4a,,WIDTH_EXCEEDS_MAXIMUM,,2019-04-15,2,2019-04-15,INSIDE_VALUE,2.143922720821966406920397008,2.75,11,2019,2.686658288473359395246371378376565523904,POC_BROAD_DISTRIBUTION,7655.25,f4b995185eae21bfab4a-Z0030610,7652.5,131,2.548913630958815263214787591,12006.02330316742081447963801,2.83184674103978287828949865
false,1.22762141558840467907574024,34482,34474,9,72e6777d760308a8b761fa05fa8dc2be7bb649b0,NQH0,0.2036458445783742149657381503,2.341927212651303472105988728,4.989323192170168266660584682,0,2.341927212651303472105988728,5.396614881326916696592060982,full_overnight,2019-12-19T09:30:00-05:00,34482,true,true,,34474,4,4,true,false,false,true,false,false,98.83720930232558139534883721,8619.625,2.189536089026409962510862862,,6e64d0aa1281e538d742,f58c7fd606e57285d598,,WIDTH_EXCEEDS_MAXIMUM,,2019-12-19,2,2019-12-19,INSIDE_VALUE,1.832812601205367934691643352,2.25,9,2019,2.068743584362814086722502108822296398917,POC_BROAD_DISTRIBUTION,8620.75,f58c7fd606e57285d598-Z0034474,8618.5,813,2.197021116138763197586726998,12663.52472804972804972804973,1.947955796330179244967826207
false,3.356440585183486861454752318,26069,26048,22,72e6777d760308a8b761fa05fa8dc2be7bb649b0,NQH9,1.340705990704732842941715364,5.772484126645377518221274482,13.29533440782193402583867736,0,5.772484126645377518221274482,12.92291607707061934724375642,prior_rth,2019-01-07T16:00:00-05:00,26065,true,true,2.156875094494690162708696894,26048,13,4,false,false,false,true,false,false,97.79735682819383259911894273,6514.125,2.372676228589499046729910986,1.100052680215757457935503342,f17d46b68400237c14e4,f5ba20f5672bc53175f0,2.156875094494690162708696894,WIDTH_EXCEEDS_MAXIMUM,,2019-01-08,2,2019-01-07,INSIDE_VALUE,1.340705990704732842941715364,4.5,18,2019,2.183448178417610796041857787262478105509,POC_BROAD_DISTRIBUTION,6516.5,f5ba20f5672bc53175f0-Z0026048,6512,742,2.090348362435930848753366345,34651.7464806542497649720545,2.280694468686343138892703524
true,2.99986400736037038633867213,30811,30798,14,72e6777d760308a8b761fa05fa8dc2be7bb649b0,NQZ9,0.8333711107790486353353770258,3.958512776200481017843040872,21.79265454687212181402010922,0,6.291951886381817196782096545,19.12586699237916618094690274,full_overnight,2019-10-09T09:30:00-04:00,30806,true,true,2.95541738740352818000561894,30798,11,4,false,false,false,true,false,false,99.7816593886462882096069869,7700.125,3.049635113857131773044896778,1.031879668453997373890679399,ebdb13ac928e50661137,f6e2c250814772c24d00,2.95541738740352818000561894,,,2019-10-09,2,2019-10-09,INSIDE_VALUE,0.7500339997011437718018393232,2.25,9,2019,2.81799120174454641209607624440785429394,POC_HVN_ZONE,7701.75,f6e2c250814772c24d00-Z0030798,7699.5,491,2.366364659953067946249118709,8233.161821717042367161268973,3.355811784844339256090914753
false,2.941569111367242903835545467,31565,31547,19,72e6777d760308a8b761fa05fa8dc2be7bb649b0,NQZ9,0,9.561223597064318126773109326,11.51596264357524538824672279,0,9.731200905456572671249075714,13.30072438169391810524436986,prior_rth,2019-10-18T16:00:00-04:00,31565,true,true,,31548,11,4,true,false,false,true,false,false,99.79633401221995926680244399,7889.625,2.643872200771530022065556213,1.231985789370848895438083153,84cd38c4a402c5d9324b,f7d848c0d89af77446e1,2.146024916506304807868679444,WIDTH_EXCEEDS_MAXIMUM,2.146024916506304807868679444,2019-10-21,2,2019-10-18,INSIDE_VALUE,1.529795775530290900283697492,4.5,18,2019,2.375417878862743660849911506794414081594,POC_BROAD_DISTRIBUTION,7891.5,f7d848c0d89af77446e1-Z0031548,7887,555,2.612453264308311763014092608,27062.89503586552588367470399,2.159889394505492294172193177
false,1.395993236047047158617556612,30840,30830,11,72e6777d760308a8b761fa05fa8dc2be7bb649b0,NQZ9,0,16.0280146223043214327866069,14.41625896196087011552314922,0,23.01228915045927714092825683,3.85030518859824481346270445,midnight,2019-09-25T09:30:00-04:00,30839,true,true,,30830,5,4,true,false,false,true,false,false,99.6598639455782312925170068,7708.875,3.656901183302628519425144364,,55f95876228c07dea997,f81de90371a31f1a4770,,WIDTH_EXCEEDS_MAXIMUM,,2019-09-25,2,2019-09-25,INSIDE_VALUE,1.790839622603834796959397419,2.5,10,2019,3.227373255122795099123788725287555567599,POC_BROAD_DISTRIBUTION,7710,f81de90371a31f1a4770-Z0030830,7707.5,580,3.483554647599591419816138918,9474.02667930188091478414059,2.990031499881652073368619326
false,1.712658962062980343222476978,31813,31801,13,72e6777d760308a8b761fa05fa8dc2be7bb649b0,NQZ9,0,3.284366662948714631663503707,13.06448072595155375706149252,0,5.473944438247857719439172844,12.33462146751850606113626948,opening_hour_rth,2019-10-24T10:30:00-04:00,31813,true,true,,31801,6,4,true,false,false,true,false,false,99.43820224719101123595505618,7951.875,2.663079346778198694392923051,,6097faf9849bd1b92a98,f82131bfff4a575dc610,,WIDTH_EXCEEDS_MAXIMUM,,2019-10-24,2,2019-10-24,INSIDE_VALUE,1.897634071925924009405579919,3.25,13,2019,2.531232643460875557590924129354074228489,POC_BROAD_DISTRIBUTION,7953.5,f82131bfff4a575dc610-Z0031801,7950.25,224,2.445834866887498466445834867,16706.0612929976437416764991,2.619612134107597683162212237
false,0.9373779401266541375399518508,27950,27944,7,72e6777d760308a8b761fa05fa8dc2be7bb649b0,NQH9,0,12.93501743636267621417807872,15.86873273120781927306382853,0,12.66831604592220866337028328,27.0701911297074564069912369,midnight,2019-03-08T09:30:00-05:00,27950,true,true,,27944,3,4,true,false,false,true,false,false,99.66555183946488294314381271,6986.875,3.446755062691135371044871139,,b4a202cb6d673ae65c13,f835c2b35fb57c0f43e4,,WIDTH_EXCEEDS_MAXIMUM,,2019-03-08,2,2019-03-08,INSIDE_VALUE,1.866909733083272855654568062,1.75,7,2019,3.253576462777850416689461344475682052577,POC_BROAD_DISTRIBUTION,6987.75,f835c2b35fb57c0f43e4-Z0027944,6986,404,3.67082991460783419941045978,3285.769148947457770987182752,2.883751098632129790817762092
false,2.958366184004550066977102353,28209,28188,22,72e6777d760308a8b761fa05fa8dc2be7bb649b0,NQH9,0.2535183115785799134534710996,7.394284087708580809059573738,8.239345126303847187237810737,0,7.563296295427634084695221138,8.239345126303847187237810737,prior_rth,2019-03-07T16:00:00-05:00,28204,true,true,2.177449150972595189491593208,28188,11,4,true,false,false,true,false,false,98.7309644670050761421319797,7049.625,2.474983979955776053139283678,1.136643755308950293769266237,5e727f31994e0596b30c,f84cbd06300f1a4663f2,2.177449150972595189491593208,WIDTH_EXCEEDS_MAXIMUM,,2019-03-08,2,2019-03-07,INSIDE_VALUE,1.436603765611952842903002898,4.25,17,2019,2.321094112187904173700289042594022233803,POC_BROAD_DISTRIBUTION,7051.25,f84cbd06300f1a4663f2-Z0028188,7047,724,2.343542556687479461058166283,44448.86251862817575185205868,2.2988606979889361875645865
false,2.095417108217020129412585132,33209,33193,17,72e6777d760308a8b761fa05fa8dc2be7bb649b0,NQZ9,0.1193079883807590659995949905,1.968581808282524588993317344,5.428513471324537502981572069,0,3.042353703709356182989672259,5.070589506182260304982787098,opening_hour_rth,2019-11-15T10:30:00-05:00,33204,true,true,,33193,8,4,true,false,false,true,false,false,97.34513274336283185840707965,8300.375,2.563222217585490486779702118,3.16926746071684224422117982,a656813796710fddc8a1,f85a288d23c50a9b3e1b,0.8087743459195857422466292784,WIDTH_EXCEEDS_MAXIMUM,0.8087743459195857422466292784,2019-11-15,2,2019-11-15,INSIDE_VALUE,1.431695860569108791995139886,3,12,2019,2.417628774724426468381900568352313864151,POC_BROAD_DISTRIBUTION,8301.25,f85a288d23c50a9b3e1b-Z0033193,8298.25,228,2.42873303167420814479638009,19210.85992696673811224894818,2.406575286846748932069676671
false,2.060312817739408654411650626,28460,28447,14,72e6777d760308a8b761fa05fa8dc2be7bb649b0,NQH9,0.2426815946078537299515975323,1.880782358210866407124880875,22.99408108909414091291386618,0,1.880782358210866407124880875,22.63005869718236031798646988,opening_hour_rth,2019-02-27T10:30:00-05:00,28456,true,true,1.722524974639987438560973991,28447,8,4,true,false,false,true,false,false,99.29577464788732394366197183,7113.125,2.3254984783133395314783035,1.350052111029261128736964836,f72eb7ced72898f48a3a,f867b22f4a33d53dff8a,1.722524974639987438560973991,WIDTH_EXCEEDS_MAXIMUM,,2019-02-27,2,2019-02-27,INSIDE_VALUE,1.213407973039268649757987661,2.5,10,2019,2.002186994951263970044311467566473068994,POC_BROAD_DISTRIBUTION,7114.25,f867b22f4a33d53dff8a-Z0028447,7111.75,97,1.986157173756308579668348954,7340.241824037476211389254867,2.018346189174163707868158069
false,0.7407615329583891531294089396,31619,31615,5,72e6777d760308a8b761fa05fa8dc2be7bb649b0,NQZ9,0,4.218631585146769267908220402,11.30593264819334163799403068,0,10.29346106775811701369605778,12.65589475544030780372466121,midnight,2019-10-21T09:30:00-04:00,31619,true,true,,31615,2,4,true,false,false,true,false,false,99.36708860759493670886075949,7904.375,3.727419371859843668804253678,,6b3309f99dc5a77d448d,f89a57bd016921b03c35,,WIDTH_EXCEEDS_MAXIMUM,,2019-10-21,2,2019-10-21,INSIDE_VALUE,1.687452634058707707163288161,1.25,5,2019,3.666993055530283820669897797389148832358,POC_BROAD_DISTRIBUTION,7905,f89a57bd016921b03c35-Z0031615,7903.75,444,4.10245614035087719298245614,5548.738003499768205650558592,3.27775303605250449206560832
false,2.0975381338109287565350398,28475,28461,15,72e6777d760308a8b761fa05fa8dc2be7bb649b0,NQH9,9.415800209609088829966618055,3.277651971699366364861797424,13.52776359228647572406596391,0,1.847403838594188314740285821,9.356206537396373077878221738,opening_hour_rth,2019-02-28T10:30:00-05:00,28474,false,true,,28462,8,4,false,false,false,true,false,false,99.33333333333333333333333333,7117.375,1.613404349219757519282215048,1.617585670208799457803539833,f44eba03872e0bc52922,f8a22dae9a31e95f0463,0.9974150852928227228101014433,WIDTH_EXCEEDS_MAXIMUM,0.9974150852928227228101014433,2019-02-28,2,2019-02-28,INSIDE_VALUE,1.549435477530609554298304237,3.25,13,2019,1.389698517812837485559010801063388112679,POC_BROAD_DISTRIBUTION,7118.75,f8a22dae9a31e95f0463-Z0028462,7115.5,135,1.271585557299843014128728414,11745.54544344544344544344544,1.518782561915966339476441378
false,2.047200684420388724418412117,31759,31743,17,72e6777d760308a8b761fa05fa8dc2be7bb649b0,NQU9,0,4.457306051840982481092264359,3.96883415574882001741092032,0,5.434249844025307408454952438,5.312131870002266792534616428,prior_rth,2019-07-17T16:00:00-04:00,31757,true,true,1.693969505276990413955182813,31748,8,4,true,false,false,true,false,false,99.53917050691244239631336406,7937.875,3.491667988752162206157660909,2.061234265360178413446077917,9c3b089560e388429468,f8bf5c1ffd99108233d0,1.693969505276990413955182813,WIDTH_EXCEEDS_MAXIMUM,,2019-07-18,2,2019-07-17,INSIDE_VALUE,1.221179740230406159203360098,2.5,10,2019,3.089182705603852869222705340860152499108,POC_BROAD_DISTRIBUTION,7939.5,f8bf5c1ffd99108233d0-Z0031748,7937,641,3.508121059268600252206809585,28326.19849562483943822686216,2.720273795395062071540891413
false,0.9545412923867715984818599596,31299,31293,7,72e6777d760308a8b761fa05fa8dc2be7bb649b0,NQU9,0,10.08337730045525997361172008,6.15478874183632751636040057,0,12.70243633953454827844593309,5.892882837928398685876979269,midnight,2019-07-01T09:30:00-04:00,31299,true,true,,31293,3,4,true,false,false,true,false,false,99.50980392156862745098039216,7824.125,4.117427442839693516102317992,,d7429b782a200da8ca7c,f8c7cfc6d58190fbe9c1,,WIDTH_EXCEEDS_MAXIMUM,,2019-07-01,2,2019-07-01,INSIDE_VALUE,1.833341327355501813383949106,1.75,7,2019,3.879571322926873891544427553331464388453,POC_BROAD_DISTRIBUTION,7825,f8c7cfc6d58190fbe9c1-Z0031293,7823.25,562,4.278549037169726824899238693,6670.970405082869748369815675,3.517798561830415604470518404
false,2.244366709800940396325340003,30860,30851,10,72e6777d760308a8b761fa05fa8dc2be7bb649b0,NQU9,1.670849947837890862503675651,1.503764953054101776253308086,6.293534803522722248763844953,0,1.61515494957662783375355313,6.18214480700019619126359991,opening_hour_rth,2019-08-29T10:30:00-04:00,30860,true,true,1.890791858932897945303021778,30851,8,4,false,false,false,true,false,false,99.41176470588235294117647059,7714.125,2.270628508706082495122626148,1.200887605887806247920719945,c2731bae4b45cc5d4b60,f8e30917cb5a05fb1019,1.890791858932897945303021778,WIDTH_EXCEEDS_MAXIMUM,1.873373987484570571303205621,2019-08-29,2,2019-08-29,INSIDE_VALUE,1.113899965225260575002450434,2.5,10,2019,2.039544452335378839082354974566747030263,POC_BROAD_DISTRIBUTION,7715.25,f8e30917cb5a05fb1019-Z0030851,7712.75,155,1.921954777534646243617797228,11749.63037701820596557438663,2.164328537629722950890838267
true,5.499518765319799284079512483,30003,29992,12,72e6777d760308a8b761fa05fa8dc2be7bb649b0,NQU9,0.3182096606407773168749056523,24.70670722260892453164446029,9.341726465954248373970444508,0,25.43404358978784411307281607,9.341726465954248373970444508,prior_rth,2019-08-23T16:00:00-04:00,30003,true,true,2.613903814307899326616346026,29992,21,4,false,false,false,true,false,false,99.91197183098591549295774648,7499.125,2.83469750206384251827194068,1.084468941262249239566300441,e531dfa72a285a992745,f9d432b54932f99d8731,2.613903814307899326616346026,,2.536382796038105761992981708,2019-08-26,2,2019-08-23,INSIDE_VALUE,0.5455022753841896860712668326,3,12,2019,2.660639786933544924948358906926081686391,POC_HVN_ZONE,7501,f9d432b54932f99d8731-Z0029992,7498,397,2.952291175700445142707515055,14642.01433634963358878491095,2.397800099827298336328853371
true,1.947917092360764146443676192,31133,31127,7,72e6777d760308a8b761fa05fa8dc2be7bb649b0,NQU9,0.8983955255914408830708006228,8.534757493118688389172605916,1.989304378095333383942487093,0,8.919784146943591624774377612,1.860962160153698972075229861,opening_hour_rth,2019-07-08T10:30:00-04:00,31133,true,true,2.176092497996830057986089694,31127,7,4,false,false,false,true,false,false,95.09202453987730061349693252,7782.375,2.153128973285006284560656113,0.9894473581739000027157320394,682447f8acd61d14e794,f9edc5f95d4d6b40454c,2.176092497996830057986089694,,1.849196012190337790282017197,2019-07-08,2,2019-07-08,INSIDE_VALUE,0.8983955255914408830708006228,1.75,7,2019,2.014101471593240263780173498918769114141,POC_HVN_ZONE,7783.5,f9edc5f95d4d6b40454c-Z0031127,7781.75,91,2.012345679012345679012345679,7297.124395626502525839235194,2.015858796121463419602152639
false,4.872361852413157682137692367,31171,31136,36,72e6777d760308a8b761fa05fa8dc2be7bb649b0,NQU9,0.05130981802514961372655915737,1.411019995691614377480376828,6.336762526105977295230055935,0,1.154470905565866308847581041,6.901170524382623046222206666,full_overnight,2019-08-02T09:30:00-04:00,31164,true,true,1.620979748103165013840473556,31138,19,4,true,false,false,true,false,false,99.38650306748466257668711656,7788.125,2.324115806340868906926117673,1.433772265853721061588013997,82ad6baa0dee6cdf8c96,fa39700f40b80ec0028d,1.620979748103165013840473556,WIDTH_EXCEEDS_MAXIMUM,,2019-08-02,2,2019-08-02,INSIDE_VALUE,1.385365086679039570617097249,6.75,27,2019,2.050212422517480410955551464997621184505,POC_BROAD_DISTRIBUTION,7791.25,fa39700f40b80ec0028d-Z0031138,7784.5,2594,2.355075430344247548548623818,26382.67865476792739867924518,1.784813736021430899303285073
false,2.256505467871397453463247886,33243,33225,19,72e6777d760308a8b761fa05fa8dc2be7bb649b0,NQZ9,0,3.268327998760389134389614893,2.382001761808419199639888821,0,3.600700337617377859920762171,2.603583321046411683327320339,opening_hour_rth,2019-12-04T10:30:00-05:00,33243,true,true,,33228,9,4,true,false,false,true,false,false,96.85039370078740157480314961,8308.625,2.498878903051953452120593503,,b2ba522e888787c50843,fa5f94c37cf7a3f2004c,,WIDTH_EXCEEDS_MAXIMUM,,2019-12-04,2,2019-12-04,INSIDE_VALUE,1.772652473903939869499452146,4,16,2019,2.331396059518713298307182973124985407242,POC_BROAD_DISTRIBUTION,8311,fa5f94c37cf7a3f2004c-Z0033228,8307,372,2.410408163265306122448979593,24005.42270552966474355624983,2.254973937267206877027866994
false,2.614966437672727975820237085,33099,33083,17,72e6777d760308a8b761fa05fa8dc2be7bb649b0,NQZ9,1.147242257789719401336118734,1.386251061495910943281143471,6.070823614137265165403628302,0,1.768665147425817410393183049,5.59280600672488208151357883,prior_rth,2019-11-21T16:00:00-05:00,33096,true,true,1.963679693053014580507800523,33083,10,4,false,false,false,true,false,false,99.40828402366863905325443787,8272.375,2.075423353040063257942284219,1.056905237846257989551541242,ed3b7f68b9c57a35f88b,faf8dc50a50ed2d56e96,1.963679693053014580507800523,WIDTH_EXCEEDS_MAXIMUM,,2019-11-22,2,2019-11-21,INSIDE_VALUE,1.338449300754672634892138523,3.5,14,2019,1.91639060957562365505562032013758589934,POC_BROAD_DISTRIBUTION,8274.25,faf8dc50a50ed2d56e96-Z0033083,8270.75,826,1.879193366000753863550697324,43656.08593067581004814325635,1.954324145090749070538067915
false,0.819370056618047993751024555,31523,31517,7,72e6777d760308a8b761fa05fa8dc2be7bb649b0,NQU9,13.42494750833649957823185381,1.983230881913346528602432949,24.56155169138836854653782345,0,2.593455768655914691249335395,22.73087703116066405859711611,midnight,2019-07-22T09:30:00-04:00,31523,true,true,,31517,3,4,false,false,false,true,false,false,98,7880.125,2.619441814067531920453759251,,7cec88af72e3a6a50438,fb0da33ae3067e5b0d86,,WIDTH_EXCEEDS_MAXIMUM,,2019-07-22,2,2019-07-22,INSIDE_VALUE,2.135787103598988569264158561,1.75,7,2019,2.495486579559863255656870761896650713917,POC_BROAD_DISTRIBUTION,7881,fb0da33ae3067e5b0d86-Z0031517,7879.25,319,2.425947754667477850868854329,4704.31848269546545408614374,2.567018707134926036279681186
false,0.6639541227290033365861964167,31198,31194,5,72e6777d760308a8b761fa05fa8dc2be7bb649b0,NQM9,0,8.848502929468087315564600006,12.99035536453825584625441277,0,13.36688740409008934904439575,11.48422720633092183509448086,midnight,2019-04-30T09:30:00-04:00,31198,true,true,,31194,2,4,true,false,false,true,false,false,98.2300884955752212389380531,7799.125,1.904464627498419093018706797,,b83e22c7a1226c9ee621,fb30cf01534031c0417c,,WIDTH_EXCEEDS_MAXIMUM,,2019-04-30,2,2019-04-30,INSIDE_VALUE,1.882660197759167513949914895,1.25,5,2019,1.818939481971739409605490900997103935139,POC_BROAD_DISTRIBUTION,7799.75,fb30cf01534031c0417c-Z0031194,7798.5,217,1.967188126754913758523866827,3368.786385836385836385836386,1.681862956611785806802153892
false,1.897746249362930377092151431,29573,29559,15,72e6777d760308a8b761fa05fa8dc2be7bb649b0,NQM9,0.1317352096382350908757779433,1.646690120477938635947224291,5.598746409624991362220562588,0,2.04189574939264390857455812,6.389157667454401907475230248,opening_hour_rth,2019-03-29T10:30:00-04:00,29570,true,true,,29559,7,4,true,false,false,true,false,false,98.50746268656716417910447761,7391.625,2.258065000090990823643690033,,9a73b2336ab61fb57725,fb4302a4fcf800bb26c8,,WIDTH_EXCEEDS_MAXIMUM,,2019-03-29,2,2019-03-29,INSIDE_VALUE,1.580822515658821090509335319,3,12,2019,2.121507151854755126954493396662998953023,POC_BROAD_DISTRIBUTION,7392.75,fb4302a4fcf800bb26c8-Z0029559,7389.75,261,2.228211009174311926605504587,14480.96801219592241264067888,2.019913094783017512224773562
false,2.359598253024251726457969023,30040,30027,14,72e6777d760308a8b761fa05fa8dc2be7bb649b0,NQM9,0,7.999243081235661749289772614,7.575442123289401524161837641,0,7.999243081235661749289772614,7.575442123289401524161837641,opening_hour_rth,2019-06-10T10:30:00-04:00,30040,true,true,,30029,9,4,true,false,false,true,false,false,98.95833333333333333333333333,7509.125,2.383710980438337349038315392,1.200015714727593131308873846,bd9c5028f4db788b829d,fb6b362f5c2849074260,1.986399803922106386409617449,WIDTH_EXCEEDS_MAXIMUM,1.986399803922106386409617449,2019-06-10,2,2019-06-10,INSIDE_VALUE,1.271402873838780675383804919,3,12,2019,2.093277489270159468590719845378097962745,POC_BROAD_DISTRIBUTION,7510.25,fb6b362f5c2849074260-Z0030029,7507.25,132,2.117647058823529411764705882,9317.555190139383677289646907,2.069188361123558444878891172
false,2.56572919722568828704857348,33608,33592,17,72e6777d760308a8b761fa05fa8dc2be7bb649b0,NQZ9,0.2923145594675274795941043951,1.607730077071401137767574173,6.089886655573489158210508231,0,1.9974828230281044438930467,6.382201215041016637804612627,prior_rth,2019-12-06T16:00:00-05:00,33608,true,true,0.9887539793483681541854497233,33598,10,4,true,false,false,true,false,false,97.59036144578313253012048193,8400.625,2.563239115142719087943846301,1.111812722682345305585883785,ae0569630b65c15a0f60,fb7ac295674f98cfa95f,2.305459420322768779459830779,WIDTH_EXCEEDS_MAXIMUM,2.305459420322768779459830779,2019-12-09,2,2019-12-06,INSIDE_VALUE,1.071820051380934091845049449,2.75,11,2019,2.375448059791932534593999512328463110756,POC_BROAD_DISTRIBUTION,8402.25,fb7ac295674f98cfa95f-Z0033598,8399.5,477,2.483907396950875211744776963,29450.85639915639915639915641,2.27172457866023041391528966
false,2.322755772467069704382070548,27428,27413,16,72e6777d760308a8b761fa05fa8dc2be7bb649b0,NQH9,0.1076307733096137696425300489,2.959846266014378665169576344,4.35904631903935767052246698,0,3.605630905872061283024756637,4.251415545729743900879936931,opening_hour_rth,2019-02-08T10:30:00-05:00,27425,true,true,1.719840533772846421389005229,27413,9,4,true,false,false,true,false,false,97.91666666666666666666666667,6855.125,2.019818546613730721131975689,1.174421992591846238895930541,b2d598fc5fd9e92b0f7c,fbf628743ed3ff73b280,1.719840533772846421389005229,WIDTH_EXCEEDS_MAXIMUM,1.200202770174865310616409877,2019-02-08,2,2019-02-08,INSIDE_VALUE,1.399200053024979005352890635,3.25,13,2019,1.832070554434571714608946987920054030238,POC_BROAD_DISTRIBUTION,6856.5,fbf628743ed3ff73b280-Z0027413,6853.25,270,1.917159763313609467455621302,17825.54779541931882906359789,1.750757855790208737686420231
false,2.035482752077498097656085172,28357,28341,17,72e6777d760308a8b761fa05fa8dc2be7bb649b0,NQH9,0,1.658083320310788709115344322,10.74683633534770459611797246,0,1.780904307000476761642406864,11.23812028210645680622622263,prior_rth,2019-02-22T16:00:00-05:00,28356,true,true,,28341,8,4,true,false,false,true,false,false,98.40425531914893617021276596,7087.375,1.965702260216464300663721843,,17b85a9c5a9cc9dc3648,fc38294223db8d6a6a7e,,WIDTH_EXCEEDS_MAXIMUM,,2019-02-25,2,2019-02-22,INSIDE_VALUE,1.965135787035008840433000678,4,16,2019,1.803102473247226928206908338235816510483,POC_BROAD_DISTRIBUTION,7089.25,fc38294223db8d6a6a7e-Z0028341,7085.25,750,2.001930940481599273057701045,38796.14165875576092294358548,1.624021320259998186090194445
false,1.800330051593240985041533578,28835,28823,13,72e6777d760308a8b761fa05fa8dc2be7bb649b0,NQM9,0.1388634266137795663609676093,6.596012764154529402145961443,12.42827668193327118930660104,0,11.03964241579547552569692494,10.06759842949901856117015168,full_overnight,2019-06-05T09:30:00-04:00,28835,true,true,,28825,7,4,true,false,false,true,false,false,99.61685823754789272030651341,7207.625,2.470844850621688677269308179,1.175013449850924958765292052,d88e3015adf4db0489d2,fc8a345b0cb5e13137ac,2.102822611039190270306481769,WIDTH_EXCEEDS_MAXIMUM,2.102822611039190270306481769,2019-06-05,2,2019-06-05,INSIDE_VALUE,1.527497692751575229970643703,2.75,11,2019,2.238750353867272953455867085216713817771,POC_BROAD_DISTRIBUTION,7209,fc8a345b0cb5e13137ac-Z0028825,7206.25,755,2.433318515225605690153367415,11422.58335390100095982448924,2.059739863721108799295150513
false,2.380092269871999689903088712,30102,30088,15,72e6777d760308a8b761fa05fa8dc2be7bb649b0,NQM9,18.27660236144517656442912767,23.05582884101848422926548002,6.774947427087436140262521463,0,16.85859010926408527925790224,5.619530036421361759752634082,midnight,2019-05-17T09:30:00-04:00,30102,false,true,1.440178040708151802104647637,30088,9,4,false,false,false,true,false,false,90.37800687285223367697594502,7523.375,1.930105551228095538071108404,1.340185377551681629448805841,08bfa0d0ed31a9572d03,fcfecc77e8b060358758,1.440178040708151802104647637,WIDTH_EXCEEDS_MAXIMUM,,2019-05-17,2,2019-05-17,INSIDE_VALUE,1.575569169090101427968028247,3.75,15,2019,1.676929499343652465813262113080471441161,POC_BROAD_DISTRIBUTION,7525.75,fcfecc77e8b060358758-Z0030088,7522,438,1.338985187519697447210841475,12212.47128501629275623083673,2.100167030957230052662224712
false,0.4384355700133366856198068179,32877,32875,3,72e6777d760308a8b761fa05fa8dc2be7bb649b0,NQZ9,72.41656966617513030865033036,19.67221774396096059565697951,81.82502163067819841961671187,0,23.09347300378025809055384551,43.62100456269604305993504152,midnight,2019-11-04T09:30:00-05:00,32877,false,true,,32875,1,4,false,false,false,true,false,false,96.2962962962962962962962963,8219.125,1.914102776635840946528867772,,eba5b82e2349277ad197,fd1a894132c9c5d1c979,,BASIN_TOO_NARROW,,2019-11-04,2,2019-11-04,INSIDE_VALUE,1.710627629909648747448433001,0.75,3,2019,1.926408977115421175558474085380427237506,POC_HVN_ZONE,8219.5,fd1a894132c9c5d1c979-Z0032875,8218.75,64,1.436408977556109725685785537,2171.914393939393939393939394,2.583561927762958690793742341
false,1.055047578969020900244864972,29655,29647,9,72e6777d760308a8b761fa05fa8dc2be7bb649b0,NQM9,0.2369561382665764003852112899,18.83801299219282383062429755,24.28800417232408103948415721,0,17.89018843912651822908345239,27.36843396978957424449190398,midnight,2019-03-21T09:30:00-04:00,29655,true,true,,29647,4,4,true,false,false,true,false,false,99.61538461538461538461538462,7412.875,2.821782193641591733680353074,,cc601281bbd25d864bbf,fd735f17be0d7e4e5309,,WIDTH_EXCEEDS_MAXIMUM,,2019-03-21,2,2019-03-21,INSIDE_VALUE,2.132605244399187603466901609,2.25,9,2019,2.519276254401911294980844361179984739552,POC_BROAD_DISTRIBUTION,7414,fd735f17be0d7e4e5309-Z0029647,7411.75,374,2.621801612337889940413599719,5575.336480880230880230880229,2.420760142997186157427634342
false,1.798809570907238161847925098,33179,33167,13,72e6777d760308a8b761fa05fa8dc2be7bb649b0,NQZ9,0,8.269357824518202339573582186,5.072799337729653536040936971,0,9.103242647158693331799489633,4.933818533956238370669952396,prior_rth,2019-12-05T16:00:00-05:00,33179,true,true,2.715534990457330400199579083,33167,7,4,true,false,false,true,false,false,99.53703703703703703703703704,8293.125,2.860549494404431989618140841,1.0534018174896281910382032,67bb0f7667182988e1b3,fdcdddf143a0ff9ad439,2.715534990457330400199579083,WIDTH_EXCEEDS_MAXIMUM,,2019-12-06,2,2019-12-05,INSIDE_VALUE,1.806750449054397149822799469,3.25,13,2019,2.721863780411856973542539210783410910484,POC_BROAD_DISTRIBUTION,8295,fdcdddf143a0ff9ad439-Z0033167,8291.75,804,2.955479918311776718856364874,38939.8383592989043946277803,2.506713848135303262492985324
false,2.31040396354430695820179351,28654,28639,16,72e6777d760308a8b761fa05fa8dc2be7bb649b0,NQM9,0.3246185566828115161245169552,3.841319587413269607473450637,9.792659793264814069756261483,0,3.733113401852332435431944985,7.953154638728882145050665403,midnight,2019-05-31T09:30:00-04:00,28654,true,true,2.152387179252585625101011389,28641,9,4,true,false,false,true,false,false,98.7012987012987012987012987,7161.875,3.244761932739057459207954388,1.157050273698003259731056333,4f87e93d4bf148894ecd,fde221660a8627c159b4,2.804339626806880549695680989,WIDTH_EXCEEDS_MAXIMUM,2.804339626806880549695680989,2019-05-31,2,2019-05-31,INSIDE_VALUE,1.514886597853120408581079124,3.5,14,2019,2.936966468125426891881012651465175052159,POC_BROAD_DISTRIBUTION,7163.75,fde221660a8627c159b4-Z0028641,7160.25,776,2.891598915989159891598915988,14436.85698375154257507198683,2.983045811504751828195053261
false,2.881705167121083593485736148,31525,31509,17,72e6777d760308a8b761fa05fa8dc2be7bb649b0,NQU9,14.22768729701807849626057559,3.340036347165829403085561952,15.57237725496795786633398365,0,1.171181576278927193289742503,11.4081760948651056235260103,full_overnight,2019-07-22T09:30:00-04:00,31523,false,true,,31512,11,4,false,false,false,true,false,false,95.18072289156626506024096386,7880.125,2.150732441216514860937123217,2.185787952652706117714850208,803f3ffdb58c70d28102,fe33a35cd1f60bf2c9b5,0.9839620712550605171555863068,WIDTH_EXCEEDS_MAXIMUM,0.9839620712550605171555863068,2019-07-22,2,2019-07-22,INSIDE_VALUE,1.041050290025713060701993336,3,12,2019,1.985401932500392234519228914277126414834,POC_BROAD_DISTRIBUTION,7881,fe33a35cd1f60bf2c9b5-Z0031512,7878,529,1.83312458249832999331997328,7827.611849347466407357514436,2.150328936293059125065115373
false,1.159074230158724147890466988,35151,35143,9,72e6777d760308a8b761fa05fa8dc2be7bb649b0,NQH0,0,5.500079144307267209702091467,19.3041993496274672654249877,0,13.04920738159175161517555034,17.57868432396244225845962567,prior_rth,2019-12-26T16:00:00-05:00,35150,true,true,,35143,4,4,true,false,false,true,false,false,99.6031746031746031746031746,8786.875,3.69856162373770739771996123,,0b98502e5089a0f73bd5,fe6f37f122723b3021da,,WIDTH_EXCEEDS_MAXIMUM,,2019-12-27,2,2019-12-26,INSIDE_VALUE,1.725515025665025006965362029,2,8,2019,3.456092469070687767582682781710572320942,POC_BROAD_DISTRIBUTION,8787.75,fe6f37f122723b3021da-Z0035143,8785.75,280,3.718381112984822934232715009,13071.43092346250240987083092,3.212305245703811278843891511
true,2.536098445467508689131220417,32630,32619,12,72e6777d760308a8b761fa05fa8dc2be7bb649b0,NQZ9,0,1.922243992031363842066885138,11.38559902972423198762693505,0,2.020820607007331218583135658,11.38559902972423198762693505,opening_hour_rth,2019-11-01T10:30:00-04:00,32630,true,true,1.152033869093744999340628623,32622,10,4,true,false,false,true,false,false,99.43502824858757062146892655,8156.625,2.022554947555473932621298951,1.05004646453018741511714667,fbfe2f67144e709566bf,ff1a68c25bdfcba75df3,1.926157570998924318976667068,,1.926157570998924318976667068,2019-11-01,2,2019-11-01,INSIDE_VALUE,0.8871895347837063886462546792,2.25,9,2019,1.861756493387395154481307900545821448064,POC_HVN_ZONE,8157.75,ff1a68c25bdfcba75df3-Z0032622,8155.5,110,1.899326894937079309335674568,7663.311031721901287118678422,1.824929268315844991786248621
false,3.675547085106861244354596601,30969,30944,26,72e6777d760308a8b761fa05fa8dc2be7bb649b0,NQU9,0,6.699682912451130672209643125,4.591153264877678379433004172,0,8.400110047591011553481126152,6.427614570828749731206205841,prior_rth,2019-08-13T16:00:00-04:00,30968,true,true,6.667441619892193661675774626,30944,14,4,true,false,false,true,false,false,99.89327641408751334044823906,7738.875,8.232198458452143531599893062,1.234686245154592074953825616,548e3c862328d206b8c7,ff527e27294067d90524,6.667441619892193661675774626,WIDTH_EXCEEDS_MAXIMUM,,2019-08-14,2,2019-08-13,INSIDE_VALUE,1.700427135139880881271483027,6.25,25,2019,7.336953668477819462959749851444099155917,POC_BROAD_DISTRIBUTION,7742.25,ff527e27294067d90524-Z0030944,7736,2306,7.987881700554528650646950093,87673.35099715874299510265804,6.73906939929432426201681616
false,1.819509394566138047157786265,30258,30244,15,72e6777d760308a8b761fa05fa8dc2be7bb649b0,NQU9,0.1373996752897296754222520386,4.190690096336755100378687177,4.190690096336755100378687177,0,4.190690096336755100378687177,5.702086524523781530023459601,prior_rth,2019-06-17T16:00:00-04:00,30258,true,true,,30244,7,4,true,false,false,true,false,false,99.15611814345991561181434599,7562.875,3.1926515162486610099719572,1.05752443538910562027581567,09880c05410524c94922,ff92ed686706aa299292,3.018986048368666366576611183,WIDTH_EXCEEDS_MAXIMUM,3.018986048368666366576611183,2019-06-18,2,2019-06-17,INSIDE_VALUE,2.060995129345945131333780579,3.75,15,2019,2.990805704044695426295612719230845832655,POC_BROAD_DISTRIBUTION,7564.75,ff92ed686706aa299292-Z0030244,7561,886,3.279175450925275240103068635,31188.02094953472527843237226,2.727795109841507569412512071
false,1.471859139366267164200916623,32900,32890,11,72e6777d760308a8b761fa05fa8dc2be7bb649b0,NQZ9,0,5.350376125931934651626077878,5.859935756973071285114275771,0,5.180522915584889107130011913,6.369495388014207918602473664,opening_hour_rth,2019-11-11T10:30:00-05:00,32900,true,true,,32890,5,4,true,false,false,true,false,false,99.20634920634920634920634921,8223.875,1.906444621235394906491666741,,5416ef3e50e7204e14a7,ffb84b6daeb2d2e9f6d9,,WIDTH_EXCEEDS_MAXIMUM,,2019-11-11,2,2019-11-11,INSIDE_VALUE,1.868385313817500989456725608,2.75,11,2019,1.63309602809487768708918570509666778375,POC_BROAD_DISTRIBUTION,8225.25,ffb84b6daeb2d2e9f6d9-Z0032890,8222.5,137,1.667664959907255337648536374,8276.46678368966237128929976,1.599243673697855261290718578
false,2.23837853935892083809468363,26579,26568,12,72e6777d760308a8b761fa05fa8dc2be7bb649b0,NQH9,0.8935039202854432049619750804,5.863619476873221032562961465,11.11295500855019986171456506,0,10.88957902847883906047407129,6.533747417087303436284442776,opening_hour_rth,2019-01-15T10:30:00-05:00,26579,true,true,3.220180227462557375539896163,26568,8,4,false,false,false,true,false,false,99.7311827956989247311827957,6642.875,3.289490373854522688156049222,1.021523685476008412603182048,684de7790de6a1a9e320,ffd8df5fbd7d7f32e4d0,3.220180227462557375539896163,WIDTH_EXCEEDS_MAXIMUM,,2019-01-15,2,2019-01-15,INSIDE_VALUE,1.340255880428164807442962621,3,12,2019,3.115118145885513851784516486555088146326,POC_BROAD_DISTRIBUTION,6645,ffd8df5fbd7d7f32e4d0-Z0026568,6642,185,3.290304073436603557085484795,13197.84182736187059876608292,2.949259656931879044446156178
false,1.338909979267730283762826662,33343,33333,11,72e6777d760308a8b761fa05fa8dc2be7bb649b0,NQZ9,7.842200119938314042966769089,3.454302433782352614163934003,12.97697400799316252348072504,0,18.76526457270953717424191175,16.15119786606343249325298872,full_overnight,2019-12-06T09:30:00-05:00,33343,true,true,,33334,5,4,false,false,false,true,false,false,99.66101694915254237288135593,8334.625,4.59833518970478417000273533,,b3ca114a11a94c5273fa,fff6a834d90591eeebf6,,WIDTH_EXCEEDS_MAXIMUM,,2019-12-06,2,2019-12-06,INSIDE_VALUE,1.867190504747217629277802164,2.5,10,2019,4.078387061265369249225418485570353674322,POC_BROAD_DISTRIBUTION,8336,fff6a834d90591eeebf6-Z0033334,8333.5,714,4.468179889690284259652100126,11809.09285934653581712405242,3.722598783427612218216746235
