active_tick_count,allocated_total_volume,atr_reference_time,atr_value,code_sha,contract,family,freeze_time,invalid_reason,poc_index,poc_price,profile_id,profile_range_high,profile_range_low,session_date,smoothing_half_width_ticks,smoothing_span_atr,smoothing_span_points,source_bar_count,source_date,source_total_volume,tick_count,tpo_total,valid,year
237,64199.99999999999999999999983,2019-01-18T00:00:00-05:00,0.9142627644298091208095504129,72e6777d760308a8b761fa05fa8dc2be7bb649b0,NQH9,midnight,2019-01-18T09:30:00-05:00,,27006,6751.625,000181fe67c6fecf6c7d,6787.5,6728.25,2019-01-18,2,1.367221819188466470174400676,1.25,570,2019-01-18,64200,237,4191,true,2019
98,86102.00000000000000000000001,2019-04-29T09:30:00-04:00,1.791794080913788187081218203,72e6777d760308a8b761fa05fa8dc2be7bb649b0,NQM9,opening_hour_rth,2019-04-29T10:30:00-04:00,,31380,7845.125,0049442e3899ed9c34e6,7851.75,7827.25,2019-04-29,2,0.697624807066288941131009433,1.25,60,2019-04-29,86102,98,1112,true,2019
197,75748.00000000000000000000005,2019-02-25T17:00:00-05:00,1.743833749628763857329403626,72e6777d760308a8b761fa05fa8dc2be7bb649b0,NQH9,full_overnight,2019-02-26T09:30:00-05:00,,28391,7097.875,00671d426e6be9a5c330,7122.5,7073.25,2019-02-26,2,0.7168114507854354338604233804,1.25,930,2019-02-26,75748,197,5362,true,2019
526,333214.0000000000000000000002,2019-09-20T09:30:00-04:00,3.135345477062097891845751261,72e6777d760308a8b761fa05fa8dc2be7bb649b0,NQZ9,prior_rth,2019-09-20T16:00:00-04:00,,31726,7931.625,0078278d143e6b3ff2cc,7942.25,7810.75,2019-09-23,2,0.3986801483743613633251940493,1.25,390,2019-09-20,333214,526,6475,true,2019
272,261825.0000000000000000000002,2019-04-08T09:30:00-04:00,1.719481747427119455686533893,72e6777d760308a8b761fa05fa8dc2be7bb649b0,NQM9,prior_rth,2019-04-08T16:00:00-04:00,,30372,7593.125,0182c5442c60e79f6612,7629.25,7561.25,2019-04-09,2,0.7269632270714065696616753243,1.25,390,2019-04-08,261825,272,3966,true,2019
102,70538.00000000000000000000007,2019-07-12T09:30:00-04:00,1.707380688855655826917513581,72e6777d760308a8b761fa05fa8dc2be7bb649b0,NQU9,opening_hour_rth,2019-07-12T10:30:00-04:00,,31778,7944.625,0192f1f6f6dc6c7587bf,7950,7924.5,2019-07-12,2,0.7321155780658338099059519779,1.25,60,2019-07-12,70538,102,982,true,2019
317,295256.9999999999999999999995,2019-05-24T09:30:00-04:00,2.748592469329516139813594598,72e6777d760308a8b761fa05fa8dc2be7bb649b0,NQM9,prior_rth,2019-05-24T16:00:00-04:00,,29297,7324.375,01bba9e94bdea915d3c7,7379.75,7300.5,2019-05-28,2,0.4547782233809734109986812344,1.25,390,2019-05-24,295257,317,6356,true,2019
233,90274.00000000000000000000008,2019-06-11T17:00:00-04:00,1.925917967837954638780741664,72e6777d760308a8b761fa05fa8dc2be7bb649b0,NQM9,full_overnight,2019-06-12T09:30:00-04:00,,29948,7487.125,021e9b52893475eda8ad,7531,7472.75,2019-06-12,2,0.6490411434310758279053810366,1.25,930,2019-06-12,90274,233,6265,true,2019
258,53431,2019-03-08T17:00:00-05:00,2.003056585667675340379335513,72e6777d760308a8b761fa05fa8dc2be7bb649b0,NQM9,full_overnight,2019-03-11T09:30:00-04:00,,28290,7072.625,027d098d6cf4f482a46d,7089.25,7024.75,2019-03-11,2,0.6240462745506211903778832767,1.25,930,2019-03-11,53431,258,5386,true,2019
134,93347.00000000000000000000009,2019-11-21T09:30:00-05:00,2.614966437672727975820237085,72e6777d760308a8b761fa05fa8dc2be7bb649b0,NQZ9,opening_hour_rth,2019-11-21T10:30:00-05:00,,33080,8270.125,02a8ea834d4edbb1447b,8287.5,8254,2019-11-21,2,0.4780176074123830838900494726,1.25,60,2019-11-21,93347,134,1441,true,2019
499,248284.0000000000000000000005,2019-03-11T09:30:00-04:00,1.85245086428801741395621303,72e6777d760308a8b761fa05fa8dc2be7bb649b0,NQM9,prior_rth,2019-03-11T16:00:00-04:00,,28732,7183.125,02d6c21c7b93b5712a96,7197.25,7072.5,2019-03-12,2,0.6747817305699133032315374124,1.25,390,2019-03-11,248284,499,4355,true,2019
517,375385.0000000000000000000008,2019-05-16T09:30:00-04:00,3.121037176177492139973317401,72e6777d760308a8b761fa05fa8dc2be7bb649b0,NQM9,prior_rth,2019-05-16T16:00:00-04:00,,30457,7614.375,030771c5b9bcf1d3ee6b,7641,7511.75,2019-05-17,2,0.4005078855007246470319801158,1.25,390,2019-05-16,375385,517,6507,true,2019
231,272486.9999999999999999999996,2019-01-14T09:30:00-05:00,1.752142266516691054551520773,72e6777d760308a8b761fa05fa8dc2be7bb649b0,NQH9,prior_rth,2019-01-14T16:00:00-05:00,,26277,6569.375,0327f9c6289d20a35520,6579.25,6521.5,2019-01-15,2,0.7134123888724148844106431308,1.25,390,2019-01-14,272487,231,5866,true,2019
446,366024,2019-08-27T09:30:00-04:00,2.996651835793818739408305743,72e6777d760308a8b761fa05fa8dc2be7bb649b0,NQU9,prior_rth,2019-08-27T16:00:00-04:00,,30302,7575.625,038916c838e3f81240a8,7648.5,7537,2019-08-28,2,0.4171322090438553184975540873,1.25,390,2019-08-27,366024,446,7947,true,2019
101,43760.99999999999999999999998,2019-03-01T00:00:00-05:00,0.7694032914248719338964023217,72e6777d760308a8b761fa05fa8dc2be7bb649b0,NQH9,midnight,2019-03-01T09:30:00-05:00,,28620,7155.125,03c21eab4c532627bdcf,7160.25,7135,2019-03-01,2,1.624635628585760648385075166,1.25,570,2019-03-01,43761,101,2794,true,2019
188,72935.00000000000000000000001,2019-09-10T00:00:00-04:00,1.206125708305420314238138685,72e6777d760308a8b761fa05fa8dc2be7bb649b0,NQU9,midnight,2019-09-10T09:30:00-04:00,,31230,7807.625,03f2603e5e9a30fb6eb2,7828.75,7781.75,2019-09-10,2,1.036376217994907086277827483,1.25,570,2019-09-10,72935,188,5206,true,2019
332,377532.0000000000000000000005,2019-02-14T09:30:00-05:00,3.934959162911603444864572189,72e6777d760308a8b761fa05fa8dc2be7bb649b0,NQH9,prior_rth,2019-02-14T16:00:00-05:00,,28166,7041.625,042251ba58af8a687149,7055,6972,2019-02-15,2,0.3176653043268394698175270288,1.25,390,2019-02-14,377532,332,6299,true,2019
182,85136.99999999999999999999996,2019-02-26T09:30:00-05:00,1.897772370222002373931399301,72e6777d760308a8b761fa05fa8dc2be7bb649b0,NQH9,opening_hour_rth,2019-02-26T10:30:00-05:00,,28526,7131.625,044fc8d538e8d2cb0223,7136.5,7091,2019-02-26,2,0.6586669822017560337444366043,1.25,60,2019-02-26,85137,182,1163,true,2019
162,67610.99999999999999999999999,2019-10-15T00:00:00-04:00,0.9450268268376381632807003,72e6777d760308a8b761fa05fa8dc2be7bb649b0,NQZ9,midnight,2019-10-15T09:30:00-04:00,,31510,7877.625,0470eeb58bcb2c7e309f,7908.25,7867.75,2019-10-15,2,1.322713773304086570325020945,1.25,570,2019-10-15,67611,162,4355,true,2019
548,481580.000000000000000000001,2019-03-04T09:30:00-05:00,1.269506439530000135053863418,72e6777d760308a8b761fa05fa8dc2be7bb649b0,NQH9,prior_rth,2019-03-04T16:00:00-05:00,,28394,7098.625,04e69c645caeedcacc6f,7211.5,7074.5,2019-03-05,2,0.9846346273460244454324477559,1.25,390,2019-03-04,481580,548,7293,true,2019
145,39439.99999999999999999999995,2019-07-02T00:00:00-04:00,0.8415059640723368705208751262,72e6777d760308a8b761fa05fa8dc2be7bb649b0,NQU9,midnight,2019-07-02T09:30:00-04:00,,31079,7769.875,065916afcc9d0db18f2b,7799.25,7763,2019-07-02,2,1.485432134016994902788431588,1.25,570,2019-07-02,39440,145,3192,true,2019
319,70192.0000000000000000000002,2019-12-13T09:30:00-05:00,6.458783142561547790172841825,72e6777d760308a8b761fa05fa8dc2be7bb649b0,NQZ9,opening_hour_rth,2019-12-13T10:30:00-05:00,,34050,8512.625,069a465479e66bbf20f7,8520,8440.25,2019-12-13,2,0.1935349078006435566130428727,1.25,60,2019-12-13,70192,319,2150,true,2019
226,58878.99999999999999999999998,2019-01-23T00:00:00-05:00,1.318712545567755426810607114,72e6777d760308a8b761fa05fa8dc2be7bb649b0,NQH9,midnight,2019-01-23T09:30:00-05:00,,26713,6678.375,06c13f25f54f4501e90f,6694.75,6638.25,2019-01-23,2,0.9478942201629149682959121501,1.25,570,2019-01-23,58879,226,4463,true,2019
257,274530.9999999999999999999997,2019-07-30T09:30:00-04:00,2.956623581220614111975843799,72e6777d760308a8b761fa05fa8dc2be7bb649b0,NQU9,prior_rth,2019-07-30T16:00:00-04:00,,31855,7963.875,06e70b6f2a16b0882785,7997.75,7933.5,2019-07-31,2,0.4227795543333755424239103877,1.25,390,2019-07-30,274531,257,4895,true,2019
221,183555.0000000000000000000008,2019-09-17T09:30:00-04:00,2.770890018380711791973842862,72e6777d760308a8b761fa05fa8dc2be7bb649b0,NQZ9,prior_rth,2019-09-17T16:00:00-04:00,,31543,7885.875,06fc22a10dadfe91f9b3,7917.75,7862.5,2019-09-18,2,0.4511185906723540814864682818,1.25,390,2019-09-17,183555,221,4461,true,2019
301,138291,2019-08-21T17:00:00-04:00,1.833602497857541223427482544,72e6777d760308a8b761fa05fa8dc2be7bb649b0,NQU9,full_overnight,2019-08-22T09:30:00-04:00,,31036,7759.125,0754eec74e603fc9404c,7782.25,7707,2019-08-22,2,0.6817180940037728535201449802,1.25,930,2019-08-22,138291,301,7911,true,2019
327,104334.0000000000000000000002,2019-06-25T17:00:00-04:00,2.252870042927713979436557538,72e6777d760308a8b761fa05fa8dc2be7bb649b0,NQU9,full_overnight,2019-06-26T09:30:00-04:00,,30550,7637.625,0816a70bca8da5dd37cf,7698,7616.25,2019-06-26,2,0.5548478057684873480726388289,1.25,930,2019-06-26,104334,327,6659,true,2019
232,236082,2019-09-23T09:30:00-04:00,2.768336058063070861169004348,72e6777d760308a8b761fa05fa8dc2be7bb649b0,NQZ9,prior_rth,2019-09-23T16:00:00-04:00,,31402,7850.625,0886830907bd7f562b9e,7865.75,7807.75,2019-09-24,2,0.4515347753244202813734169546,1.25,390,2019-09-23,236082,232,5132,true,2019
455,395206,2019-05-14T09:30:00-04:00,3.586157463981335707937220039,72e6777d760308a8b761fa05fa8dc2be7bb649b0,NQM9,prior_rth,2019-05-14T16:00:00-04:00,,29761,7440.375,088dc15f93cd4106fdad,7459.5,7345.75,2019-05-15,2,0.3485624969217764589058434822,1.25,390,2019-05-14,395206,455,7693,true,2019
121,75670.00000000000000000000001,2019-06-21T09:30:00-04:00,3.462403554460442696012119321,72e6777d760308a8b761fa05fa8dc2be7bb649b0,NQU9,opening_hour_rth,2019-06-21T10:30:00-04:00,,31033,7758.375,092399182ac8a87c17ab,7767.25,7737,2019-06-21,2,0.3610208863116741618819306251,1.25,60,2019-06-21,75670,121,1313,true,2019
738,245879.9999999999999999999997,2019-08-15T00:00:00-04:00,2.317749064500408215410976157,72e6777d760308a8b761fa05fa8dc2be7bb649b0,NQU9,midnight,2019-08-15T09:30:00-04:00,,30099,7524.875,098f84fa38635711bb8e,7572.75,7388.25,2019-08-15,2,0.5393163648064886718665286952,1.25,570,2019-08-15,245880,738,13512,true,2019
568,357933,2019-06-07T09:30:00-04:00,4.26039728883053331359367625,72e6777d760308a8b761fa05fa8dc2be7bb649b0,NQM9,prior_rth,2019-06-07T16:00:00-04:00,,29699,7424.875,09946e5c23d4668a278e,7453,7311,2019-06-10,2,0.2933998674905554103444268942,1.25,390,2019-06-07,357933,568,6458,true,2019
249,98412.99999999999999999999995,2019-04-25T17:00:00-04:00,3.37105253840253687097132395,72e6777d760308a8b761fa05fa8dc2be7bb649b0,NQM9,full_overnight,2019-04-26T09:30:00-04:00,,31225,7806.375,09e63a4daac9f7527e52,7840.5,7778.25,2019-04-26,2,0.3708040695777307075861263797,1.25,930,2019-04-26,98413,249,5362,true,2019
182,60124,2019-11-11T17:00:00-05:00,1.304922921435049931967325759,72e6777d760308a8b761fa05fa8dc2be7bb649b0,NQZ9,full_overnight,2019-11-12T09:30:00-05:00,,33021,8255.375,0a4720417b22b0fe62ff,8274,8228.5,2019-11-12,2,0.9579109842176347912317527031,1.25,930,2019-11-12,60124,182,4476,true,2019
101,74394,2019-07-31T09:30:00-04:00,1.567921448863779520956323328,72e6777d760308a8b761fa05fa8dc2be7bb649b0,NQU9,opening_hour_rth,2019-07-31T10:30:00-04:00,,31896,7974.125,0acb9ac11443686ee1c3,7993,7967.75,2019-07-31,2,0.7972338160855146081600591872,1.25,60,2019-07-31,74394,101,1051,true,2019
162,240080.9999999999999999999999,2019-04-29T09:30:00-04:00,1.791794080913788187081218203,72e6777d760308a8b761fa05fa8dc2be7bb649b0,NQM9,prior_rth,2019-04-29T16:00:00-04:00,,31416,7854.125,0b75d6b06fb954ab32d6,7867.75,7827.25,2019-04-30,2,0.697624807066288941131009433,1.25,390,2019-04-29,240081,162,3593,true,2019
220,186631.0000000000000000000003,2019-12-19T09:30:00-05:00,1.245497688247997691214189225,72e6777d760308a8b761fa05fa8dc2be7bb649b0,NQH0,prior_rth,2019-12-19T16:00:00-05:00,,34646,8661.625,0b8959dd7dcbd51641bf,8673.25,8618.25,2019-12-20,2,1.003614869617570762978897562,1.25,390,2019-12-19,186631,220,2552,true,2019
219,108940.9999999999999999999997,2019-08-26T09:30:00-04:00,5.220188097339335853900731321,72e6777d760308a8b761fa05fa8dc2be7bb649b0,NQU9,opening_hour_rth,2019-08-26T10:30:00-04:00,,30189,7547.375,0bbd3bf7d447b8eac1a2,7565.25,7510.5,2019-08-26,2,0.2394549730185219305249841616,1.25,60,2019-08-26,108941,219,1950,true,2019
62,29513.99999999999999999999998,2019-04-15T00:00:00-04:00,0.8606958393563736313712017312,72e6777d760308a8b761fa05fa8dc2be7bb649b0,NQM9,midnight,2019-04-15T09:30:00-04:00,,30598,7649.625,0c46dfbea6a39bfe6b32,7653.75,7638.25,2019-04-15,2,1.452313282860466857094198355,1.25,570,2019-04-15,29514,62,1825,true,2019
112,245415,2019-03-14T09:30:00-04:00,2.130335619154407052556887716,72e6777d760308a8b761fa05fa8dc2be7bb649b0,NQM9,prior_rth,2019-03-14T16:00:00-04:00,,29117,7279.375,0c8a1f406e0e5bca8ff7,7297,7269,2019-03-15,2,0.5867620053670988299796613122,1.25,390,2019-03-14,245415,112,4368,true,2019
301,119911.9999999999999999999992,2019-09-11T17:00:00-04:00,2.124907890250838610838434947,72e6777d760308a8b761fa05fa8dc2be7bb649b0,NQU9,full_overnight,2019-09-12T09:30:00-04:00,,31740,7935.125,0cab395ad3c3958b7e80,7962,7886.75,2019-09-12,2,0.5882607927313223350780435925,1.25,930,2019-09-12,119912,301,8794,true,2019
789,192901.9999999999999999999993,2019-08-26T00:00:00-04:00,2.55578623622786731139930455,72e6777d760308a8b761fa05fa8dc2be7bb649b0,NQU9,midnight,2019-08-26T09:30:00-04:00,,30249,7562.375,0cb9d8bc15299fbd9847,7626,7428.75,2019-08-26,2,0.4890862867486517064083271099,1.25,570,2019-08-26,192902,789,14061,true,2019
139,34719.00000000000000000000004,2019-03-11T00:00:00-04:00,1.027574651709990626634480999,72e6777d760308a8b761fa05fa8dc2be7bb649b0,NQM9,midnight,2019-03-11T09:30:00-04:00,,28290,7072.625,0d2906930226b18dbabc,7089.25,7054.5,2019-03-11,2,1.21645663205088852813333887,1.25,570,2019-03-11,34719,139,2975,true,2019
152,46358.00000000000000000000002,2019-02-06T00:00:00-05:00,0.8434367061552240159749907146,72e6777d760308a8b761fa05fa8dc2be7bb649b0,NQH9,midnight,2019-02-06T09:30:00-05:00,,28010,7002.625,0d4843f06f8a0ba2bdca,7029.25,6991.25,2019-02-06,2,1.482031776513593037587114647,1.25,570,2019-02-06,46358,152,3104,true,2019
185,285072.0000000000000000000005,2019-04-02T09:30:00-04:00,1.406444871184817729774513956,72e6777d760308a8b761fa05fa8dc2be7bb649b0,NQM9,prior_rth,2019-04-02T16:00:00-04:00,,30041,7510.375,0d66bae753478c067f42,7532.5,7486.25,2019-04-03,2,0.8887657281205587586997325201,1.25,390,2019-04-02,285072,185,3781,true,2019
238,247190,2019-12-10T09:30:00-05:00,2.87123921145472967901887451,72e6777d760308a8b761fa05fa8dc2be7bb649b0,NQZ9,prior_rth,2019-12-10T16:00:00-05:00,,33485,8371.375,0dd2695b9472a4bcd6b3,8398,8338.5,2019-12-11,2,0.4353520929266915345574981877,1.25,390,2019-12-10,247190,238,4540,true,2019
400,246727.0000000000000000000005,2019-10-15T09:30:00-04:00,2.02461683265312180733807878,72e6777d760308a8b761fa05fa8dc2be7bb649b0,NQZ9,prior_rth,2019-10-15T16:00:00-04:00,,31778,7944.625,0e4744e3a89c179e0fd4,7971.75,7871.75,2019-10-16,2,0.6174007742304308228149176457,1.25,390,2019-10-15,246727,400,4287,true,2019
188,260882.9999999999999999999997,2019-04-11T09:30:00-04:00,1.71091331618363283824366743,72e6777d760308a8b761fa05fa8dc2be7bb649b0,NQM9,prior_rth,2019-04-11T16:00:00-04:00,,30507,7626.875,0e648178b8149488435f,7648.5,7601.5,2019-04-12,2,0.7306039342707629764674003807,1.25,390,2019-04-11,260883,188,4011,true,2019
267,328638.9999999999999999999999,2019-07-25T09:30:00-04:00,3.923210169899265333675561647,72e6777d760308a8b761fa05fa8dc2be7bb649b0,NQU9,prior_rth,2019-07-25T16:00:00-04:00,,31811,7952.875,0edf6b5c1d0568bff8da,7999,7932.25,2019-07-26,2,0.3186166292059993665413249186,1.25,390,2019-07-25,328639,267,6411,true,2019
176,51834.00000000000000000000004,2019-01-11T00:00:00-05:00,1.211788318655971438969326621,72e6777d760308a8b761fa05fa8dc2be7bb649b0,NQH9,midnight,2019-01-11T09:30:00-05:00,,26379,6594.875,0f91db81e1a0ee00f2ef,6632.5,6588.5,2019-01-11,2,1.031533297322431869334649034,1.25,570,2019-01-11,51834,176,4448,true,2019
176,79193.00000000000000000000002,2019-07-19T09:30:00-04:00,2.618170781885286204983465208,72e6777d760308a8b761fa05fa8dc2be7bb649b0,NQU9,opening_hour_rth,2019-07-19T10:30:00-04:00,,31799,7949.875,0fa92c126fa7f91aa9a5,7974.25,7930.25,2019-07-19,2,0.4774325680542133946042901156,1.25,60,2019-07-19,79193,176,1203,true,2019
333,265330.0000000000000000000003,2019-09-11T09:30:00-04:00,2.293986134804343636934519905,72e6777d760308a8b761fa05fa8dc2be7bb649b0,NQU9,prior_rth,2019-09-11T16:00:00-04:00,,31449,7862.375,0fdecf3a7cead46ffa95,7894.75,7811.5,2019-09-12,2,0.5449030319037275896376054638,1.25,390,2019-09-11,265330,333,4863,true,2019
144,68350.00000000000000000000005,2019-06-12T00:00:00-04:00,0.8394086635579303521421249567,72e6777d760308a8b761fa05fa8dc2be7bb649b0,NQM9,midnight,2019-06-12T09:30:00-04:00,,29948,7487.125,1009a9a4f50e07b22f58,7508.75,7472.75,2019-06-12,2,1.489143553393565123195485717,1.25,570,2019-06-12,68350,144,4213,true,2019
224,59235.99999999999999999999999,2019-07-18T00:00:00-04:00,0.9919087970636029014941808025,72e6777d760308a8b761fa05fa8dc2be7bb649b0,NQU9,midnight,2019-07-18T09:30:00-04:00,,31491,7872.875,108932cde6d31faddd69,7889,7833,2019-07-18,2,1.260196505667090928912030968,1.25,570,2019-07-18,59236,224,3472,true,2019
227,381214.9999999999999999999996,2019-01-28T09:30:00-05:00,4.211357251771601169337598388,72e6777d760308a8b761fa05fa8dc2be7bb649b0,NQH9,prior_rth,2019-01-28T16:00:00-05:00,,26720,6680.125,109859a0960c55dc5287,6705,6648.25,2019-01-29,2,0.2968164240813717895860858729,1.25,390,2019-01-28,381215,227,6813,true,2019
366,132635.9999999999999999999995,2019-05-15T17:00:00-04:00,2.002148877509503533262150581,72e6777d760308a8b761fa05fa8dc2be7bb649b0,NQM9,full_overnight,2019-05-16T09:30:00-04:00,,30102,7525.625,10b95c8b81f33620853f,7565,7473.5,2019-05-16,2,0.6243291965155406714825495351,1.25,930,2019-05-16,132636,366,8886,true,2019
145,43091.00000000000000000000001,2019-02-27T00:00:00-05:00,0.8960125729534187049138324908,72e6777d760308a8b761fa05fa8dc2be7bb649b0,NQH9,midnight,2019-02-27T09:30:00-05:00,,28405,7101.375,110df4c244c93a66a964,7125.25,7089,2019-02-27,2,1.395069709657951589716533,1.25,570,2019-02-27,43091,145,3431,true,2019
225,119937.9999999999999999999998,2019-02-01T09:30:00-05:00,2.801843368165274050550926853,72e6777d760308a8b761fa05fa8dc2be7bb649b0,NQH9,opening_hour_rth,2019-02-01T10:30:00-05:00,,27533,6883.375,116b175c0344bd1922fe,6927.5,6871.25,2019-02-01,2,0.4461348604288808640229978937,1.25,60,2019-02-01,119938,225,1770,true,2019
243,305658.9999999999999999999994,2019-03-01T09:30:00-05:00,1.88113572414022685859101632,72e6777d760308a8b761fa05fa8dc2be7bb649b0,NQH9,prior_rth,2019-03-01T16:00:00-05:00,,28609,7152.375,11a518d1845d0aae88c2,7164.5,7103.75,2019-03-04,2,0.6644921915835246491847403586,1.25,390,2019-03-01,305659,243,4451,true,2019
166,84117.99999999999999999999988,2019-07-18T09:30:00-04:00,2.058191320450199312988309568,72e6777d760308a8b761fa05fa8dc2be7bb649b0,NQU9,opening_hour_rth,2019-07-18T10:30:00-04:00,,31569,7892.375,11dba2969aa221f43100,7905.25,7863.75,2019-07-18,2,0.6073293515427811361957373258,1.25,60,2019-07-18,84118,166,1181,true,2019
86,63569.00000000000000000000003,2019-07-02T09:30:00-04:00,1.848856659964014671732720716,72e6777d760308a8b761fa05fa8dc2be7bb649b0,NQU9,opening_hour_rth,2019-07-02T10:30:00-04:00,,31150,7787.625,1218dad20c06ce59591e,7798.5,7777,2019-07-02,2,0.6760935161000147232161513816,1.25,60,2019-07-02,63569,86,1021,true,2019
102,82776.99999999999999999999999,2019-02-25T09:30:00-05:00,1.65015337144140935169013842,72e6777d760308a8b761fa05fa8dc2be7bb649b0,NQH9,opening_hour_rth,2019-02-25T10:30:00-05:00,,28617,7154.375,1281745af004dda00df2,7167.75,7142.25,2019-02-25,2,0.757505345644401956911973798,1.25,60,2019-02-25,82777,102,1030,true,2019
182,153925.9999999999999999999997,2019-11-11T09:30:00-05:00,1.471859139366267164200916623,72e6777d760308a8b761fa05fa8dc2be7bb649b0,NQZ9,prior_rth,2019-11-11T16:00:00-05:00,,32942,8235.625,12b0dd1ebe5c9deca54a,8252,8206.5,2019-11-12,2,0.8492660517352277224803298219,1.25,390,2019-11-11,153926,182,3059,true,2019
319,159672.9999999999999999999994,2019-12-13T09:30:00-05:00,6.458783142561547790172841825,72e6777d760308a8b761fa05fa8dc2be7bb649b0,NQZ9,prior_rth,2019-12-13T16:00:00-05:00,,33985,8496.375,12cbc2a587e41394df77,8520,8440.25,2019-12-16,2,0.1935349078006435566130428727,1.25,390,2019-12-13,159673,319,6636,true,2019
155,50977.99999999999999999999998,2019-02-01T17:00:00-05:00,1.614709170248974381712502727,72e6777d760308a8b761fa05fa8dc2be7bb649b0,NQH9,full_overnight,2019-02-04T09:30:00-05:00,,27535,6883.875,12ee6821d1670c2d8845,6897,6858.25,2019-02-04,2,0.7741332142228811778072367896,1.25,930,2019-02-04,50978,155,5511,true,2019
114,34404.00000000000000000000002,2019-07-29T00:00:00-04:00,0.7114619386591325415899547762,72e6777d760308a8b761fa05fa8dc2be7bb649b0,NQU9,midnight,2019-07-29T09:30:00-04:00,,32102,8025.625,134bd41414aca5209a91,8031.75,8003.25,2019-07-29,2,1.756945708657066500186133004,1.25,570,2019-07-29,34404,114,2400,true,2019
199,86535.00000000000000000000009,2019-07-09T09:30:00-04:00,1.979785745536312515450281108,72e6777d760308a8b761fa05fa8dc2be7bb649b0,NQU9,opening_hour_rth,2019-07-09T10:30:00-04:00,,31175,7793.875,137da0f4f4726b17cc8f,7815.5,7765.75,2019-07-09,2,0.6313814526740024713673009699,1.25,60,2019-07-09,86535,199,1121,true,2019
439,136970,2019-05-13T17:00:00-04:00,3.064554461912830005031122328,72e6777d760308a8b761fa05fa8dc2be7bb649b0,NQM9,full_overnight,2019-05-14T09:30:00-04:00,,29447,7361.875,13d7f6d32687b9a72134,7399.75,7290,2019-05-14,2,0.4078896347039551282756746517,1.25,930,2019-05-14,136970,439,9103,true,2019
118,47268.99999999999999999999999,2019-04-11T00:00:00-04:00,0.8813880773573331531772787425,72e6777d760308a8b761fa05fa8dc2be7bb649b0,NQM9,midnight,2019-04-11T09:30:00-04:00,,30581,7645.375,13e29e89498415d32249,7654,7624.5,2019-04-11,2,1.418217504992666093269330176,1.25,570,2019-04-11,47269,118,2604,true,2019
236,240560.0000000000000000000004,2019-02-19T09:30:00-05:00,1.842111447602693864765271252,72e6777d760308a8b761fa05fa8dc2be7bb649b0,NQH9,prior_rth,2019-02-19T16:00:00-05:00,,28336,7084.125,13f92f92767411d0efe5,7094.75,7035.75,2019-02-20,2,0.678569150431553958100950889,1.25,390,2019-02-19,240560,236,3614,true,2019
227,225522.0000000000000000000004,2019-07-02T09:30:00-04:00,1.848856659964014671732720716,72e6777d760308a8b761fa05fa8dc2be7bb649b0,NQU9,prior_rth,2019-07-02T16:00:00-04:00,,31150,7787.625,148edaffa7a8dc06c619,7826,7769.25,2019-07-05,2,0.6760935161000147232161513816,1.25,390,2019-07-02,225522,227,4505,true,2019
224,84137.99999999999999999999999,2019-07-17T17:00:00-04:00,2.676234918289839118626374353,72e6777d760308a8b761fa05fa8dc2be7bb649b0,NQU9,full_overnight,2019-07-18T09:30:00-04:00,,31491,7872.875,151abd50b0667f2f1fff,7889,7833,2019-07-18,2,0.4670740940779488238630159956,1.25,930,2019-07-18,84138,224,5518,true,2019
208,77024.99999999999999999999997,2019-11-07T17:00:00-05:00,1.771569245121503666339819452,72e6777d760308a8b761fa05fa8dc2be7bb649b0,NQZ9,full_overnight,2019-11-08T09:30:00-05:00,,32863,8215.875,155ab3a43ee7d97a6655,8248.25,8196.25,2019-11-08,2,0.7055891286452471316976853191,1.25,930,2019-11-08,77025,208,5290,true,2019
167,42562.00000000000000000000002,2019-07-23T00:00:00-04:00,0.8516229970334310211382597258,72e6777d760308a8b761fa05fa8dc2be7bb649b0,NQU9,midnight,2019-07-23T09:30:00-04:00,,31836,7959.125,15937f5417e60719300e,7964.25,7922.5,2019-07-23,2,1.46778563326059456737290424,1.25,570,2019-07-23,42562,167,2730,true,2019
725,396833.9999999999999999999981,2019-09-25T09:30:00-04:00,2.565876961876225773292235062,72e6777d760308a8b761fa05fa8dc2be7bb649b0,NQZ9,prior_rth,2019-09-25T16:00:00-04:00,,31057,7764.375,1602484dedce8af4d410,7844.25,7663,2019-09-26,2,0.4871628759182484168730425819,1.25,390,2019-09-25,396834,725,7506,true,2019
209,117138.9999999999999999999996,2019-02-14T09:30:00-05:00,3.934959162911603444864572189,72e6777d760308a8b761fa05fa8dc2be7bb649b0,NQH9,opening_hour_rth,2019-02-14T10:30:00-05:00,,27964,6991.125,16bfb73aa67e44c9d650,7024.25,6972,2019-02-14,2,0.3176653043268394698175270288,1.25,60,2019-02-14,117139,209,1627,true,2019
386,326283.9999999999999999999993,2019-06-18T09:30:00-04:00,2.692014742417430600699009124,72e6777d760308a8b761fa05fa8dc2be7bb649b0,NQU9,prior_rth,2019-06-18T16:00:00-04:00,,30797,7699.375,17cc5f893598a9db6b88,7721.75,7625.25,2019-06-19,2,0.4643362386929201463325774982,1.25,390,2019-06-18,326284,386,6451,true,2019
160,70747.99999999999999999999996,2019-10-07T09:30:00-04:00,2.346945496641184251210380238,72e6777d760308a8b761fa05fa8dc2be7bb649b0,NQZ9,opening_hour_rth,2019-10-07T10:30:00-04:00,,31011,7752.875,17cfd82216f46fb99ccd,7764.25,7724.25,2019-10-07,2,0.5326071703790860724237314318,1.25,60,2019-10-07,70748,160,1462,true,2019
159,66437.99999999999999999999993,2019-01-09T00:00:00-05:00,1.424603375937766945112063255,72e6777d760308a8b761fa05fa8dc2be7bb649b0,NQH9,midnight,2019-01-09T09:30:00-05:00,,26347,6586.875,182782f4c19f16636fda,6602.25,6562.5,2019-01-09,2,0.877437201899910138600257496,1.25,570,2019-01-09,66438,159,5831,true,2019
185,283531.0000000000000000000004,2019-02-28T09:30:00-05:00,2.0975381338109287565350398,72e6777d760308a8b761fa05fa8dc2be7bb649b0,NQH9,prior_rth,2019-02-28T16:00:00-05:00,,28469,7117.375,183d82a9c97140cf1f2c,7130.75,7084.5,2019-03-01,2,0.5959367221271575208839631681,1.25,390,2019-02-28,283531,185,4583,true,2019
480,85661.99999999999999999999961,2019-02-15T00:00:00-05:00,0.7252581747922034152555399721,72e6777d760308a8b761fa05fa8dc2be7bb649b0,NQH9,midnight,2019-02-15T09:30:00-05:00,,28096,7024.125,18a9b7cc5bb16641d03a,7095.25,6975.25,2019-02-15,2,1.723524178625277044333672273,1.25,570,2019-02-15,85662,480,4444,true,2019
312,483563.9999999999999999999995,2019-05-23T09:30:00-04:00,3.587822308325129907331704579,72e6777d760308a8b761fa05fa8dc2be7bb649b0,NQM9,prior_rth,2019-05-23T16:00:00-04:00,,29253,7313.375,18f53b6e1f44a33b44b6,7346,7268,2019-05-24,2,0.3484007547139440147841233182,1.25,390,2019-05-23,483564,312,8975,true,2019
103,75944,2019-03-13T09:30:00-04:00,1.883473282911473198058392268,72e6777d760308a8b761fa05fa8dc2be7bb649b0,NQM9,opening_hour_rth,2019-03-13T10:30:00-04:00,,29076,7269.125,19041a32693d8d1ed503,7283.75,7258,2019-03-13,2,0.6636674973524179058361508884,1.25,60,2019-03-13,75944,103,1014,true,2019
290,96576.9999999999999999999999,2019-10-10T09:30:00-04:00,3.775277996417184476479186294,72e6777d760308a8b761fa05fa8dc2be7bb649b0,NQZ9,opening_hour_rth,2019-10-10T10:30:00-04:00,,31017,7754.375,19145395c30efb6e32e3,7763.5,7691,2019-10-10,2,0.3311014450290218090191378472,1.25,60,2019-10-10,96577,290,1617,true,2019
124,210350.9999999999999999999998,2019-12-20T09:30:00-05:00,2.643805065270747794367487002,72e6777d760308a8b761fa05fa8dc2be7bb649b0,NQH0,prior_rth,2019-12-20T16:00:00-05:00,,34833,8708.375,191738c8bfb395f8f072,8717.25,8686.25,2019-12-23,2,0.4728033909988706087593440727,1.25,390,2019-12-20,210351,124,2892,true,2019
154,80013.99999999999999999999998,2019-06-13T09:30:00-04:00,2.508702088832320657212807698,72e6777d760308a8b761fa05fa8dc2be7bb649b0,NQM9,opening_hour_rth,2019-06-13T10:30:00-04:00,,30074,7518.625,19af9dedca96d26a5349,7536,7497.5,2019-06-13,2,0.4982656193274086485532771542,1.25,60,2019-06-13,80014,154,1374,true,2019
156,69199.99999999999999999999999,2019-09-19T17:00:00-04:00,1.725010945624508553431144647,72e6777d760308a8b761fa05fa8dc2be7bb649b0,NQZ9,full_overnight,2019-09-20T09:30:00-04:00,,31735,7933.875,1b35cf6d8976c375adfa,7952.25,7913.25,2019-09-20,2,0.7246330831526755567756541018,1.25,930,2019-09-20,69200,156,5149,true,2019
204,70393.99999999999999999999994,2019-03-26T00:00:00-04:00,1.056263346866454317322326596,72e6777d760308a8b761fa05fa8dc2be7bb649b0,NQM9,midnight,2019-03-26T09:30:00-04:00,,29562,7390.625,1b5a46009f49e2e55c48,7405.5,7354.5,2019-03-26,2,1.18341699890305881361882802,1.25,570,2019-03-26,70394,204,4222,true,2019
367,392321.9999999999999999999983,2019-06-05T09:30:00-04:00,3.545888464597944705117154188,72e6777d760308a8b761fa05fa8dc2be7bb649b0,NQM9,prior_rth,2019-06-05T16:00:00-04:00,,28813,7203.375,1b6392e6811dff8ca4da,7242,7150.25,2019-06-06,2,0.3525209584226820619669476447,1.25,390,2019-06-05,392322,367,7793,true,2019
214,226146.0000000000000000000006,2019-10-28T09:30:00-04:00,1.747263937418418616065855173,72e6777d760308a8b761fa05fa8dc2be7bb649b0,NQZ9,prior_rth,2019-10-28T16:00:00-04:00,,32462,8115.625,1bb7df64733555a5191a,8127.5,8074,2019-10-29,2,0.7154042232719998930366876474,1.25,390,2019-10-28,226146,214,3915,true,2019
83,52540.00000000000000000000005,2019-12-19T09:30:00-05:00,1.245497688247997691214189225,72e6777d760308a8b761fa05fa8dc2be7bb649b0,NQH0,opening_hour_rth,2019-12-19T10:30:00-05:00,,34524,8631.125,1bc36142442f9110c1c5,8639,8618.25,2019-12-19,2,1.003614869617570762978897562,1.25,60,2019-12-19,52540,83,700,true,2019
570,194258.0000000000000000000009,2019-05-03T17:00:00-04:00,1.408148597391708791316035664,72e6777d760308a8b761fa05fa8dc2be7bb649b0,NQM9,full_overnight,2019-05-06T09:30:00-04:00,,30870,7717.625,1ceac1b7b653050c7565,7810,7667.5,2019-05-06,2,0.8876904059098273305585095537,1.25,930,2019-05-06,194258,570,13808,true,2019
216,91982.00000000000000000000004,2019-05-14T00:00:00-04:00,1.257565281795235171863994992,72e6777d760308a8b761fa05fa8dc2be7bb649b0,NQM9,midnight,2019-05-14T09:30:00-04:00,,29475,7368.875,1d0ab723407714b5c389,7399.75,7345.75,2019-05-14,2,0.9939841836406016499214034739,1.25,570,2019-05-14,91982,216,5533,true,2019
623,551727.0000000000000000000015,2019-01-03T09:30:00-05:00,3.95070907561488767126418062,72e6777d760308a8b761fa05fa8dc2be7bb649b0,NQH9,prior_rth,2019-01-03T16:00:00-05:00,,24816,6204.125,1d0be41b38247483193b,6304.25,6148.5,2019-01-04,2,0.3163988985459401912763052775,1.25,390,2019-01-03,551727,623,13751,true,2019
375,120254.0000000000000000000006,2019-12-04T00:00:00-05:00,1.088008077939224783196051618,72e6777d760308a8b761fa05fa8dc2be7bb649b0,NQZ9,midnight,2019-12-04T09:30:00-05:00,,33214,8303.625,1d54525980364276953c,8314.25,8220.5,2019-12-04,2,1.148888528812764889620759859,1.25,570,2019-12-04,120254,375,5344,true,2019
223,74957.00000000000000000000001,2019-11-25T17:00:00-05:00,1.3983437175271410580480175,72e6777d760308a8b761fa05fa8dc2be7bb649b0,NQZ9,full_overnight,2019-11-26T09:30:00-05:00,,33529,8382.375,1d6cc712855c379c266c,8422,8366.25,2019-11-26,2,0.8939146966030104178084682834,1.25,930,2019-11-26,74957,223,4886,true,2019
113,45187.99999999999999999999999,2019-02-26T00:00:00-05:00,1.005729176784478856226870905,72e6777d760308a8b761fa05fa8dc2be7bb649b0,NQH9,midnight,2019-02-26T09:30:00-05:00,,28391,7097.875,1dabeeafa522a326ee67,7109.25,7081,2019-02-26,2,1.242879324627435735232407567,1.25,570,2019-02-26,45188,113,3261,true,2019
721,457162.0000000000000000000015,2019-10-03T09:30:00-04:00,2.997166038475690710140775912,72e6777d760308a8b761fa05fa8dc2be7bb649b0,NQZ9,prior_rth,2019-10-03T16:00:00-04:00,,30528,7632.125,1e30b43e8d8d6ddfec4d,7654.5,7474.25,2019-10-04,2,0.4170606446067063455078647515,1.25,390,2019-10-03,457162,721,9410,true,2019
244,374077.0000000000000000000002,2019-03-06T09:30:00-05:00,1.823414281714427232269944555,72e6777d760308a8b761fa05fa8dc2be7bb649b0,NQH9,prior_rth,2019-03-06T16:00:00-05:00,,28494,7123.625,1e887f5e5744c80e7361,7168,7107,2019-03-07,2,0.6855271522962481031150236459,1.25,390,2019-03-06,374077,244,6080,true,2019
153,68834.00000000000000000000003,2019-10-23T00:00:00-04:00,0.9782519056174541802560223621,72e6777d760308a8b761fa05fa8dc2be7bb649b0,NQZ9,midnight,2019-10-23T09:30:00-04:00,,31423,7855.875,1e92fb302a00e21a9eb8,7872,7833.75,2019-10-23,2,1.277789486350168201477607159,1.25,570,2019-10-23,68834,153,4110,true,2019
138,58083.00000000000000000000002,2019-12-06T17:00:00-05:00,1.397832436322553472679099744,72e6777d760308a8b761fa05fa8dc2be7bb649b0,NQZ9,full_overnight,2019-12-09T09:30:00-05:00,,33547,8386.875,1ea80a5a367faa645be2,8415,8380.5,2019-12-09,2,0.8942416612455537887882575202,1.25,930,2019-12-09,58083,138,3859,true,2019
90,36538.00000000000000000000002,2019-06-19T00:00:00-04:00,0.6325512142786747719095597054,72e6777d760308a8b761fa05fa8dc2be7bb649b0,NQU9,midnight,2019-06-19T09:30:00-04:00,,30716,7679.125,1eb24d573f0189ed7287,7685.5,7663,2019-06-19,2,1.976124575818621280155934204,1.25,570,2019-06-19,36538,90,3001,true,2019
203,129594.9999999999999999999994,2019-05-31T17:00:00-04:00,1.963890545145127258382024562,72e6777d760308a8b761fa05fa8dc2be7bb649b0,NQM9,full_overnight,2019-06-03T09:30:00-04:00,,28348,7087.125,1ee2225cfd5b7a2fa134,7117.5,7066.75,2019-06-03,2,0.6364916838619576463912125915,1.25,930,2019-06-03,129595,203,8174,true,2019
164,84173.99999999999999999999996,2019-03-18T09:30:00-04:00,1.705833403234387584214573393,72e6777d760308a8b761fa05fa8dc2be7bb649b0,NQM9,opening_hour_rth,2019-03-18T10:30:00-04:00,,29481,7370.375,1f10a00ab4eedb8db9a4,7376.25,7335.25,2019-03-18,2,0.7327796475493483748185822683,1.25,60,2019-03-18,84174,164,943,true,2019
327,89727.99999999999999999999999,2019-06-04T00:00:00-04:00,1.399654010647754538756989688,72e6777d760308a8b761fa05fa8dc2be7bb649b0,NQM9,midnight,2019-06-04T09:30:00-04:00,,28127,7031.875,1f438895fd987e637d2e,7066.75,6985,2019-06-04,2,0.8930778538772626862889146968,1.25,570,2019-06-04,89728,327,4715,true,2019
416,146023.9999999999999999999985,2019-06-03T09:30:00-04:00,2.429730275078561850981179501,72e6777d760308a8b761fa05fa8dc2be7bb649b0,NQM9,opening_hour_rth,2019-06-03T10:30:00-04:00,,28250,7062.625,1ff6e46a3b2a11278db3,7132.5,7028.5,2019-06-03,2,0.5144603962098562726339007766,1.25,60,2019-06-03,146024,416,2119,true,2019
316,84712.00000000000000000000006,2019-10-14T00:00:00-04:00,1.323596058007398238998518687,72e6777d760308a8b761fa05fa8dc2be7bb649b0,NQZ9,midnight,2019-10-14T09:30:00-04:00,,31364,7841.125,2024a9ef99e83a80964c,7886,7807,2019-10-14,2,0.9443968893967596918476053314,1.25,570,2019-10-14,84712,316,5390,true,2019
63,35971.99999999999999999999999,2019-12-09T00:00:00-05:00,0.5033889215317427635192335188,72e6777d760308a8b761fa05fa8dc2be7bb649b0,NQZ9,midnight,2019-12-09T09:30:00-05:00,,33547,8386.875,206aa8d2ac65ba2a2c1b,8398,8382.25,2019-12-09,2,2.483169467052280646643468745,1.25,570,2019-12-09,35972,63,2294,true,2019
115,53583,2019-02-12T00:00:00-05:00,0.8699375608196771279182282671,72e6777d760308a8b761fa05fa8dc2be7bb649b0,NQH9,midnight,2019-02-12T09:30:00-05:00,,27869,6967.375,206e58a4ed8e8f8d2313,6979.75,6951,2019-02-12,2,1.436884733224093058726336377,1.25,570,2019-02-12,53583,115,3176,true,2019
389,136938.0000000000000000000004,2019-08-26T17:00:00-04:00,2.18543662718506913405217525,72e6777d760308a8b761fa05fa8dc2be7bb649b0,NQU9,full_overnight,2019-08-27T09:30:00-04:00,,30373,7593.375,209bc4e48ac80dd3cd13,7645,7547.75,2019-08-27,2,0.5719680838378052689324930055,1.25,930,2019-08-27,136938,389,10362,true,2019
140,39760.99999999999999999999998,2019-03-19T00:00:00-04:00,0.8297167462854932521184774162,72e6777d760308a8b761fa05fa8dc2be7bb649b0,NQM9,midnight,2019-03-19T09:30:00-04:00,,29562,7390.625,213c3057b52eb820df4a,7395.5,7360.5,2019-03-19,2,1.506538231988261570785326805,1.25,570,2019-03-19,39761,140,2274,true,2019
124,35200.99999999999999999999999,2019-06-28T00:00:00-04:00,1.167664550430417814996241906,72e6777d760308a8b761fa05fa8dc2be7bb649b0,NQU9,midnight,2019-06-28T09:30:00-04:00,,30802,7700.625,219ad91463cfac229129,7705.25,7674.25,2019-06-28,2,1.070512930737883721336386241,1.25,570,2019-06-28,35201,124,3112,true,2019
141,66733.00000000000000000000004,2019-11-15T00:00:00-05:00,0.6119072817922769973166632775,72e6777d760308a8b761fa05fa8dc2be7bb649b0,NQZ9,midnight,2019-11-15T09:30:00-05:00,,33189,8297.375,2266baf14bfc321afd0d,8320.75,8285.5,2019-11-15,2,2.042793143985390789530723693,1.25,570,2019-11-15,66733,141,2776,true,2019
449,271964.0000000000000000000008,2019-10-25T09:30:00-04:00,1.929975690256450066934068357,72e6777d760308a8b761fa05fa8dc2be7bb649b0,NQZ9,prior_rth,2019-10-25T16:00:00-04:00,,32106,8026.625,2271305e6229c0c20e1d,8041.5,7929.25,2019-10-28,2,0.6476765517362051876185153361,1.25,390,2019-10-25,271964,449,4655,true,2019
307,139116.0000000000000000000004,2019-03-07T09:30:00-05:00,2.958366184004550066977102353,72e6777d760308a8b761fa05fa8dc2be7bb649b0,NQH9,opening_hour_rth,2019-03-07T10:30:00-05:00,,28169,7042.375,22f437d620e4605630f8,7101.75,7025,2019-03-07,2,0.4225305192976331890891184993,1.25,60,2019-03-07,139116,307,1634,true,2019
251,70070.00000000000000000000019,2019-04-18T00:00:00-04:00,1.178284489226864200973671736,72e6777d760308a8b761fa05fa8dc2be7bb649b0,NQM9,midnight,2019-04-18T09:30:00-04:00,,30738,7684.625,233c37db56abf136f7a9,7723,7660.25,2019-04-18,2,1.060864342549558809125624291,1.25,570,2019-04-18,70070,251,3323,true,2019
300,330981.9999999999999999999979,2019-09-10T09:30:00-04:00,3.104644085557359589271444771,72e6777d760308a8b761fa05fa8dc2be7bb649b0,NQU9,prior_rth,2019-09-10T16:00:00-04:00,,31107,7776.875,248ad84e04b4bd313865,7819.25,7744.25,2019-09-11,2,0.4026226406482256758835273813,1.25,390,2019-09-10,330982,300,6435,true,2019
138,55970.99999999999999999999997,2019-07-09T00:00:00-04:00,2.086017429386632681667661237,72e6777d760308a8b761fa05fa8dc2be7bb649b0,NQU9,midnight,2019-07-09T09:30:00-04:00,,31081,7770.375,24a1447363523bc69f3b,7777.5,7743,2019-07-09,2,0.5992279749875085444937082253,1.25,570,2019-07-09,55971,138,3759,true,2019
223,163705.0000000000000000000012,2019-12-03T09:30:00-05:00,4.255047517945363996469742854,72e6777d760308a8b761fa05fa8dc2be7bb649b0,NQZ9,opening_hour_rth,2019-12-03T10:30:00-05:00,,32781,8195.375,24d82e9560cfdb6067ed,8224,8168.25,2019-12-03,2,0.2937687522238501005110471039,1.25,60,2019-12-03,163705,223,2048,true,2019
168,69011.00000000000000000000004,2019-07-24T09:30:00-04:00,2.028090564609624972410864374,72e6777d760308a8b761fa05fa8dc2be7bb649b0,NQU9,opening_hour_rth,2019-07-24T10:30:00-04:00,,31893,7973.375,24ff543eb63c5c53280f,7980.75,7938.75,2019-07-24,2,0.6163432845715176564213170014,1.25,60,2019-07-24,69011,168,1039,true,2019
165,92655.99999999999999999999994,2019-01-29T09:30:00-05:00,1.877763575292305707263532874,72e6777d760308a8b761fa05fa8dc2be7bb649b0,NQH9,opening_hour_rth,2019-01-29T10:30:00-05:00,,26707,6676.875,253d79832478ac8e51b6,6709.75,6668.5,2019-01-29,2,0.6656855082543692044375832877,1.25,60,2019-01-29,92656,165,1367,true,2019
443,142200.9999999999999999999994,2019-10-03T09:30:00-04:00,2.997166038475690710140775912,72e6777d760308a8b761fa05fa8dc2be7bb649b0,NQZ9,opening_hour_rth,2019-10-03T10:30:00-04:00,,29994,7498.625,254a7c22374cbe95dab2,7585,7474.25,2019-10-03,2,0.4170606446067063455078647515,1.25,60,2019-10-03,142201,443,2670,true,2019
351,255120.9999999999999999999998,2019-07-24T09:30:00-04:00,2.028090564609624972410864374,72e6777d760308a8b761fa05fa8dc2be7bb649b0,NQU9,prior_rth,2019-07-24T16:00:00-04:00,,31952,7988.125,254cf2fba168caefaa24,8026.5,7938.75,2019-07-25,2,0.6163432845715176564213170014,1.25,390,2019-07-24,255121,351,4397,true,2019
186,236972.9999999999999999999998,2019-07-26T09:30:00-04:00,2.313931941426493851034389387,72e6777d760308a8b761fa05fa8dc2be7bb649b0,NQU9,prior_rth,2019-07-26T16:00:00-04:00,,32107,8026.875,256de6519ef09f6eb63b,8040.75,7994.25,2019-07-29,2,0.5402060352861542731341677014,1.25,390,2019-07-26,236973,186,4094,true,2019
343,104338.9999999999999999999997,2019-09-18T17:00:00-04:00,2.501998367321481325937731944,72e6777d760308a8b761fa05fa8dc2be7bb649b0,NQZ9,full_overnight,2019-09-19T09:30:00-04:00,,31597,7899.375,2589084012ad625188dd,7938.25,7852.5,2019-09-19,2,0.4996006457582902658874028477,1.25,930,2019-09-19,104339,343,6984,true,2019
305,83205.99999999999999999999997,2019-06-26T00:00:00-04:00,1.009083454753888029048678531,72e6777d760308a8b761fa05fa8dc2be7bb649b0,NQU9,midnight,2019-06-26T09:30:00-04:00,,30724,7681.125,25e123d95ea69a90d401,7698,7621.75,2019-06-26,2,1.238747889593404030808950908,1.25,570,2019-06-26,83206,305,4407,true,2019
294,98430.9999999999999999999999,2019-02-13T17:00:00-05:00,2.013722561786207066238263247,72e6777d760308a8b761fa05fa8dc2be7bb649b0,NQH9,full_overnight,2019-02-14T09:30:00-05:00,,28170,7042.625,264d9753f601c25897e0,7057.5,6984,2019-02-14,2,0.6207409221711396919120052334,1.25,930,2019-02-14,98431,294,6538,true,2019
253,241188.0000000000000000000011,2019-07-16T09:30:00-04:00,1.867529649709779669276400907,72e6777d760308a8b761fa05fa8dc2be7bb649b0,NQU9,prior_rth,2019-07-16T16:00:00-04:00,,31914,7978.625,26dde35e0fda1d079ea9,7987.25,7924,2019-07-17,2,0.66933341604201794888133144,1.25,390,2019-07-16,241188,253,4423,true,2019
160,181589,2019-09-16T09:30:00-04:00,2.628989501761798094101601644,72e6777d760308a8b761fa05fa8dc2be7bb649b0,NQZ9,prior_rth,2019-09-16T16:00:00-04:00,,31501,7875.375,26e20b4389e38fd77db9,7895,7855,2019-09-17,2,0.4754678552966155394427579959,1.25,390,2019-09-16,181589,160,5620,true,2019
135,63882.00000000000000000000003,2019-12-16T17:00:00-05:00,1.317543119836606094746258322,72e6777d760308a8b761fa05fa8dc2be7bb649b0,NQH0,full_overnight,2019-12-17T09:30:00-05:00,,34432,8608.125,26e65c4baccca802e57d,8626.5,8592.75,2019-12-17,2,0.9487355526967630531957019724,1.25,930,2019-12-17,63882,135,3905,true,2019
257,248201.0000000000000000000003,2019-09-04T09:30:00-04:00,2.392635580157379598615407372,72e6777d760308a8b761fa05fa8dc2be7bb649b0,NQU9,prior_rth,2019-09-04T16:00:00-04:00,,30738,7684.625,26f1e16c54f5fedd9bcd,7729.75,7665.5,2019-09-05,2,0.5224364338499802647499813912,1.25,390,2019-09-04,248201,257,4478,true,2019
235,310900.9999999999999999999999,2019-02-15T09:30:00-05:00,3.741951011781449324326908362,72e6777d760308a8b761fa05fa8dc2be7bb649b0,NQH9,prior_rth,2019-02-15T16:00:00-05:00,,28169,7042.375,2760177f4d1875e3c34e,7084.25,7025.5,2019-02-19,2,0.3340503379291719404965970514,1.25,390,2019-02-15,310901,235,5448,true,2019
127,232782.0000000000000000000004,2019-12-04T09:30:00-05:00,2.256505467871397453463247886,72e6777d760308a8b761fa05fa8dc2be7bb649b0,NQZ9,prior_rth,2019-12-04T16:00:00-05:00,,33234,8308.625,27674298d397efb8adc9,8319.25,8287.5,2019-12-05,2,0.5539538980949812092185787955,1.25,390,2019-12-04,232782,127,4036,true,2019
208,85287.00000000000000000000004,2019-06-25T09:30:00-04:00,1.839503436648088718298401093,72e6777d760308a8b761fa05fa8dc2be7bb649b0,NQU9,opening_hour_rth,2019-06-25T10:30:00-04:00,,30906,7726.625,278bb2a28867f87abd92,7752.75,7700.75,2019-06-25,2,0.6795312121176181851366402714,1.25,60,2019-06-25,85287,208,1304,true,2019
321,115881.9999999999999999999989,2019-09-03T09:30:00-04:00,4.31811125231898494044835115,72e6777d760308a8b761fa05fa8dc2be7bb649b0,NQU9,opening_hour_rth,2019-09-03T10:30:00-04:00,,30444,7611.125,27d79768a03e722294b7,7676.75,7596.5,2019-09-03,2,0.2894784147417933976640641535,1.25,60,2019-09-03,115882,321,2217,true,2019
100,41735.00000000000000000000005,2019-11-06T00:00:00-05:00,0.4294857953655643129201277992,72e6777d760308a8b761fa05fa8dc2be7bb649b0,NQZ9,midnight,2019-11-06T09:30:00-05:00,,32870,8217.625,27fb1fd5f23f34b2f742,8228.25,8203.25,2019-11-06,2,2.910457140814263100447255226,1.25,570,2019-11-06,41735,100,2607,true,2019
168,81091.00000000000000000000008,2019-09-12T00:00:00-04:00,1.900927375252752460160439381,72e6777d760308a8b761fa05fa8dc2be7bb649b0,NQU9,midnight,2019-09-12T09:30:00-04:00,,31742,7935.625,281bf7f8794797d19dc9,7948.25,7906.25,2019-09-12,2,0.6575737801838939845461065091,1.25,570,2019-09-12,81091,168,5700,true,2019
366,338342.0000000000000000000015,2019-05-28T09:30:00-04:00,2.87184551867684574911887205,72e6777d760308a8b761fa05fa8dc2be7bb649b0,NQM9,prior_rth,2019-05-28T16:00:00-04:00,,29367,7341.875,282178f670f078d58b79,7371.75,7280.25,2019-05-29,2,0.4352601809083088698336802087,1.25,390,2019-05-28,338342,366,6731,true,2019
346,137546.0000000000000000000003,2019-12-09T17:00:00-05:00,1.648790383631428293431703656,72e6777d760308a8b761fa05fa8dc2be7bb649b0,NQZ9,full_overnight,2019-12-10T09:30:00-05:00,,33460,8365.125,282efbfefbc228706803,8383.5,8297,2019-12-10,2,0.7581315444398090552773618207,1.25,930,2019-12-10,137546,346,6308,true,2019
164,61526.99999999999999999999998,2019-02-08T00:00:00-05:00,1.072680590261044544429636151,72e6777d760308a8b761fa05fa8dc2be7bb649b0,NQH9,midnight,2019-02-08T09:30:00-05:00,,27404,6851.125,2859da40d56c14d768f1,6884,6843,2019-02-08,2,1.165304948508300593557910895,1.25,570,2019-02-08,61527,164,4236,true,2019
145,60535.99999999999999999999996,2019-07-01T17:00:00-04:00,1.630485430487413702731271982,72e6777d760308a8b761fa05fa8dc2be7bb649b0,NQU9,full_overnight,2019-07-02T09:30:00-04:00,,31113,7778.375,2864dda9f2c99e0a764e,7799.25,7763,2019-07-02,2,0.7666428516483755202925082549,1.25,930,2019-07-02,60536,145,5343,true,2019
156,90208.0000000000000000000001,2019-05-24T09:30:00-04:00,2.748592469329516139813594598,72e6777d760308a8b761fa05fa8dc2be7bb649b0,NQM9,opening_hour_rth,2019-05-24T10:30:00-04:00,,29471,7367.875,286585c03afed08698ae,7379.75,7340.75,2019-05-24,2,0.4547782233809734109986812344,1.25,60,2019-05-24,90208,156,1503,true,2019
182,91631.99999999999999999999993,2019-01-25T09:30:00-05:00,2.610119197514694852271078919,72e6777d760308a8b761fa05fa8dc2be7bb649b0,NQH9,opening_hour_rth,2019-01-25T10:30:00-05:00,,27114,6778.625,2897e3db8b24b8c3f41b,6784.5,6739,2019-01-25,2,0.4789053316761264719594045551,1.25,60,2019-01-25,91632,182,1299,true,2019
139,71335.99999999999999999999994,2019-08-21T09:30:00-04:00,2.652982546773455022344680114,72e6777d760308a8b761fa05fa8dc2be7bb649b0,NQU9,opening_hour_rth,2019-08-21T10:30:00-04:00,,31016,7754.125,293da2461a7af0a071f0,7765.75,7731,2019-08-21,2,0.4711678188460923572718828749,1.25,60,2019-08-21,71336,139,1141,true,2019
163,279200.9999999999999999999991,2019-04-16T09:30:00-04:00,1.417228788200635471585452895,72e6777d760308a8b761fa05fa8dc2be7bb649b0,NQM9,prior_rth,2019-04-16T16:00:00-04:00,,30714,7678.625,295c28ae0e686b0dca02,7694,7653.25,2019-04-17,2,0.8820029697442463455135468169,1.25,390,2019-04-16,279201,163,3417,true,2019
123,58622.99999999999999999999998,2019-03-15T00:00:00-04:00,1.178818252961309087100695595,72e6777d760308a8b761fa05fa8dc2be7bb649b0,NQM9,midnight,2019-03-15T09:30:00-04:00,,29198,7299.625,297fa34345a908ae1afb,7315.25,7284.5,2019-03-15,2,1.060383987828382586567299287,1.25,570,2019-03-15,58623,123,2889,true,2019
529,584061.0000000000000000000004,2019-05-13T09:30:00-04:00,4.492975013385721804662394154,72e6777d760308a8b761fa05fa8dc2be7bb649b0,NQM9,prior_rth,2019-05-13T16:00:00-04:00,,29463,7365.875,29965f4b96c9d6de873f,7445,7312.75,2019-05-14,2,0.2782120969459946399855667282,1.25,390,2019-05-13,584061,529,12246,true,2019
127,44948.99999999999999999999998,2019-11-12T00:00:00-05:00,0.7933409823442028878932828075,72e6777d760308a8b761fa05fa8dc2be7bb649b0,NQZ9,midnight,2019-11-12T09:30:00-05:00,,33021,8255.375,299b7c473afc59d88bdd,8274,8242.25,2019-11-12,2,1.575615060634380219023522514,1.25,570,2019-11-12,44949,127,3093,true,2019
311,104312.0000000000000000000005,2019-06-06T17:00:00-04:00,3.206837994425588720909355197,72e6777d760308a8b761fa05fa8dc2be7bb649b0,NQM9,full_overnight,2019-06-07T09:30:00-04:00,,29231,7307.875,29b9b509c829bdad1330,7335.5,7257.75,2019-06-07,2,0.3897920637627660881962802883,1.25,930,2019-06-07,104312,311,6146,true,2019
138,83979.00000000000000000000004,2019-01-15T17:00:00-05:00,2.209180150950924210962216188,72e6777d760308a8b761fa05fa8dc2be7bb649b0,NQH9,full_overnight,2019-01-16T09:30:00-05:00,,26742,6685.625,29bb4996bf1cb2b14a02,6698.5,6664,2019-01-16,2,0.5658207636266998582267008891,1.25,930,2019-01-16,83979,138,6835,true,2019
244,101713.0000000000000000000004,2019-09-10T17:00:00-04:00,2.004453034509385200268544153,72e6777d760308a8b761fa05fa8dc2be7bb649b0,NQU9,full_overnight,2019-09-11T09:30:00-04:00,,31312,7828.125,29c43aa1ea695f32fd3e,7847.5,7786.5,2019-09-11,2,0.6236115181945148643052298026,1.25,930,2019-09-11,101713,244,7972,true,2019
641,552116.9999999999999999999974,2019-03-22T09:30:00-04:00,3.096993415326035022229302466,72e6777d760308a8b761fa05fa8dc2be7bb649b0,NQM9,prior_rth,2019-03-22T16:00:00-04:00,,29586,7396.625,2a1e2d43e9842bf64cf0,7513.25,7353,2019-03-25,2,0.4036172611198163097478431389,1.25,390,2019-03-22,552117,641,9281,true,2019
192,97892.99999999999999999999997,2019-04-18T09:30:00-04:00,2.776356683409774235644049168,72e6777d760308a8b761fa05fa8dc2be7bb649b0,NQM9,opening_hour_rth,2019-04-18T10:30:00-04:00,,30803,7700.875,2a50c59817dcf4c64dbd,7717,7669,2019-04-18,2,0.4502303351256785216743388379,1.25,60,2019-04-18,97893,192,1211,true,2019
220,76112.00000000000000000000003,2019-06-06T00:00:00-04:00,0.9157383761563721136297105525,72e6777d760308a8b761fa05fa8dc2be7bb649b0,NQM9,midnight,2019-06-06T09:30:00-04:00,,29016,7254.125,2a5cc4835b438d7c40ff,7264.25,7209.25,2019-06-06,2,1.3650186915247823381185981,1.25,570,2019-06-06,76112,220,4765,true,2019
476,107158.0000000000000000000003,2019-10-08T00:00:00-04:00,1.09854558885612071460763575,72e6777d760308a8b761fa05fa8dc2be7bb649b0,NQZ9,midnight,2019-10-08T09:30:00-04:00,,30777,7694.375,2a65dd516393776ddb25,7784.5,7665.5,2019-10-08,2,1.137868116426177422357438397,1.25,570,2019-10-08,107158,476,6907,true,2019
244,60617.99999999999999999999995,2019-09-27T00:00:00-04:00,1.393662306415444005879763712,72e6777d760308a8b761fa05fa8dc2be7bb649b0,NQZ9,midnight,2019-09-27T09:30:00-04:00,,31223,7805.875,2a6c8f00aaf5989d4d20,7822,7761,2019-09-27,2,0.8969174198411455308154489458,1.25,570,2019-09-27,60618,244,4013,true,2019
237,77045.99999999999999999999995,2019-11-18T00:00:00-05:00,0.5674150105675069482402139725,72e6777d760308a8b761fa05fa8dc2be7bb649b0,NQZ9,midnight,2019-11-18T09:30:00-05:00,,33256,8314.125,2a9b308930ac57cab6bc,8367,8307.75,2019-11-18,2,2.202973091511621209634426525,1.25,570,2019-11-18,77046,237,3460,true,2019
134,61883.99999999999999999999995,2019-10-25T17:00:00-04:00,1.448933960346134800549318505,72e6777d760308a8b761fa05fa8dc2be7bb649b0,NQZ9,full_overnight,2019-10-28T09:30:00-04:00,,32231,8057.875,2aeb843eea8f9f45d835,8081.5,8048,2019-10-28,2,0.8627032247221180400641280925,1.25,930,2019-10-28,61884,134,4142,true,2019
253,182094.9999999999999999999996,2019-04-22T09:30:00-04:00,1.570748771430250292632050217,72e6777d760308a8b761fa05fa8dc2be7bb649b0,NQM9,prior_rth,2019-04-22T16:00:00-04:00,,30898,7724.625,2b24dd8a1884d59449f1,7734.25,7671,2019-04-23,2,0.795798808018043854305202497,1.25,390,2019-04-22,182095,253,3199,true,2019
133,83234.9999999999999999999999,2019-04-08T09:30:00-04:00,1.719481747427119455686533893,72e6777d760308a8b761fa05fa8dc2be7bb649b0,NQM9,opening_hour_rth,2019-04-08T10:30:00-04:00,,30304,7576.125,2b453fdac920a5cd50d0,7594.5,7561.25,2019-04-08,2,0.7269632270714065696616753243,1.25,60,2019-04-08,83235,133,1091,true,2019
237,142150.9999999999999999999995,2019-08-05T09:30:00-04:00,4.313820166648060686455611712,72e6777d760308a8b761fa05fa8dc2be7bb649b0,NQU9,opening_hour_rth,2019-08-05T10:30:00-04:00,,29987,7496.875,2b58beb16a5ab6a36665,7540.75,7481.5,2019-08-05,2,0.2897663675607690617223608446,1.25,60,2019-08-05,142151,237,2417,true,2019
242,89644.99999999999999999999996,2019-08-08T00:00:00-04:00,2.451177837720950774178471979,72e6777d760308a8b761fa05fa8dc2be7bb649b0,NQU9,midnight,2019-08-08T09:30:00-04:00,,30371,7592.875,2ba9d769650ec33a240c,7619,7558.5,2019-08-08,2,0.5099589188364323166265873693,1.25,570,2019-08-08,89645,242,7324,true,2019
79,78672.00000000000000000000002,2019-04-10T09:30:00-04:00,1.879697444109398548239028516,72e6777d760308a8b761fa05fa8dc2be7bb649b0,NQM9,opening_hour_rth,2019-04-10T10:30:00-04:00,,30421,7605.375,2c4eed264ee3a191125a,7615.75,7596,2019-04-10,2,0.6650006382235895063547854103,1.25,60,2019-04-10,78672,79,1014,true,2019
405,125662.9999999999999999999998,2019-08-01T09:30:00-04:00,2.834925402164246741510979125,72e6777d760308a8b761fa05fa8dc2be7bb649b0,NQU9,opening_hour_rth,2019-08-01T10:30:00-04:00,,31671,7917.875,2c563a2cf6364f4e9f77,7968.75,7867.5,2019-08-01,2,0.4409287098156873815948590772,1.25,60,2019-08-01,125663,405,1559,true,2019
116,174590.9999999999999999999997,2019-12-17T09:30:00-05:00,1.745630127472995250644054447,72e6777d760308a8b761fa05fa8dc2be7bb649b0,NQH0,prior_rth,2019-12-17T16:00:00-05:00,,34429,8607.375,2c8a826248089645f60a,8625.25,8596.25,2019-12-18,2,0.7160738007022838768622962397,1.25,390,2019-12-17,174591,116,3175,true,2019
504,155431.9999999999999999999997,2019-08-09T17:00:00-04:00,2.770076918966685331992204682,72e6777d760308a8b761fa05fa8dc2be7bb649b0,NQU9,full_overnight,2019-08-12T09:30:00-04:00,,30452,7613.125,2ca23c3f08d22a188c78,7710,7584,2019-08-12,2,0.4512510073064268138817689014,1.25,930,2019-08-12,155432,504,10739,true,2019
294,75402.99999999999999999999982,2019-02-14T00:00:00-05:00,1.071892516984541661317513085,72e6777d760308a8b761fa05fa8dc2be7bb649b0,NQH9,midnight,2019-02-14T09:30:00-05:00,,28170,7042.625,2cbb2ab479b19fd7168c,7057.5,6984,2019-02-14,2,1.166161700164221710412111493,1.25,570,2019-02-14,75403,294,4119,true,2019
156,58758.99999999999999999999996,2019-09-16T09:30:00-04:00,2.628989501761798094101601644,72e6777d760308a8b761fa05fa8dc2be7bb649b0,NQZ9,opening_hour_rth,2019-09-16T10:30:00-04:00,,31546,7886.625,2d184b4b0f948e1f2d10,7895,7856,2019-09-16,2,0.4754678552966155394427579959,1.25,60,2019-09-16,58759,156,1499,true,2019
126,71175,2019-11-13T09:30:00-05:00,1.532785000891976044860148051,72e6777d760308a8b761fa05fa8dc2be7bb649b0,NQZ9,opening_hour_rth,2019-11-13T10:30:00-05:00,,33041,8260.375,2d1b78e305a53c8adcb7,8268.25,8236.75,2019-11-13,2,0.8155090239482937830621001336,1.25,60,2019-11-13,71175,126,956,true,2019
153,100730.9999999999999999999999,2019-03-05T09:30:00-05:00,1.914405705474117914313605787,72e6777d760308a8b761fa05fa8dc2be7bb649b0,NQH9,opening_hour_rth,2019-03-05T10:30:00-05:00,,28600,7150.125,2d443ff087ce9ac1cda6,7162.5,7124.25,2019-03-05,2,0.652944146805301900703118431,1.25,60,2019-03-05,100731,153,1487,true,2019
335,304611.0000000000000000000002,2019-02-27T09:30:00-05:00,2.060312817739408654411650626,72e6777d760308a8b761fa05fa8dc2be7bb649b0,NQH9,prior_rth,2019-02-27T16:00:00-05:00,,28483,7120.875,2d44b5c8d87212ef19be,7131.75,7048,2019-02-28,2,0.6067039865196343248789938307,1.25,390,2019-02-27,304611,335,4925,true,2019
601,418680.9999999999999999999991,2019-03-21T09:30:00-04:00,2.105673785013554485098332934,72e6777d760308a8b761fa05fa8dc2be7bb649b0,NQM9,prior_rth,2019-03-21T16:00:00-04:00,,29926,7481.625,2d5683767bb77e63d7f2,7537.25,7387,2019-03-22,2,0.5936342129044236516946172597,1.25,390,2019-03-21,418681,601,5600,true,2019
150,64241.00000000000000000000005,2019-04-22T09:30:00-04:00,1.570748771430250292632050217,72e6777d760308a8b761fa05fa8dc2be7bb649b0,NQM9,opening_hour_rth,2019-04-22T10:30:00-04:00,,30796,7699.125,2de75a9626c443bcc9bb,7708.5,7671,2019-04-22,2,0.795798808018043854305202497,1.25,60,2019-04-22,64241,150,898,true,2019
152,109346.0000000000000000000003,2019-04-01T09:30:00-04:00,1.849316908118637045724150211,72e6777d760308a8b761fa05fa8dc2be7bb649b0,NQM9,opening_hour_rth,2019-04-01T10:30:00-04:00,,29870,7467.625,2e30534cd2c73e3ef699,7483,7445,2019-04-01,2,0.6759252535422177758996642913,1.25,60,2019-04-01,109346,152,1443,true,2019
248,109114,2019-07-10T09:30:00-04:00,3.541826544403877945831132465,72e6777d760308a8b761fa05fa8dc2be7bb649b0,NQU9,opening_hour_rth,2019-07-10T10:30:00-04:00,,31691,7922.875,2e850e05c5e103597359,7949.5,7887.5,2019-07-10,2,0.3529252447370729505503534571,1.25,60,2019-07-10,109114,248,1359,true,2019
411,409962.9999999999999999999995,2019-01-31T09:30:00-05:00,2.677732029005720063550885521,72e6777d760308a8b761fa05fa8dc2be7bb649b0,NQH9,prior_rth,2019-01-31T16:00:00-05:00,,27609,6902.375,2ebce92ae79229e38102,6943,6840.25,2019-02-01,2,0.4668129545674302423760184494,1.25,390,2019-01-31,409963,411,6265,true,2019
566,416854.9999999999999999999997,2019-05-06T09:30:00-04:00,3.362255366197398036519283592,72e6777d760308a8b761fa05fa8dc2be7bb649b0,NQM9,prior_rth,2019-05-06T16:00:00-04:00,,31022,7755.625,2ed6262fa9bb3ebbdd82,7817.5,7676,2019-05-07,2,0.3717742597920840052839200602,1.25,390,2019-05-06,416855,566,6637,true,2019
412,104134,2019-06-12T17:00:00-04:00,1.477396927627131822279045362,72e6777d760308a8b761fa05fa8dc2be7bb649b0,NQM9,full_overnight,2019-06-13T09:30:00-04:00,,30036,7509.125,2ee666e88813903a19bb,7524,7421,2019-06-13,2,0.8460827125230609111024739102,1.25,930,2019-06-13,104134,412,7979,true,2019
253,86537.00000000000000000000005,2019-01-16T17:00:00-05:00,2.269380712356748910994059358,72e6777d760308a8b761fa05fa8dc2be7bb649b0,NQH9,full_overnight,2019-01-17T09:30:00-05:00,,26627,6656.875,2f76272ee895569043a4,6675.5,6612.25,2019-01-17,2,0.550811061887397742855315773,1.25,930,2019-01-17,86537,253,7277,true,2019
300,285974.0000000000000000000014,2019-08-29T09:30:00-04:00,2.244366709800940396325340003,72e6777d760308a8b761fa05fa8dc2be7bb649b0,NQU9,prior_rth,2019-08-29T16:00:00-04:00,,30858,7714.625,302741edf45ec79dd1f9,7730.25,7655.25,2019-08-30,2,0.5569499826126302875012252171,1.25,390,2019-08-29,285974,300,5728,true,2019
98,42897.99999999999999999999998,2019-11-26T00:00:00-05:00,0.9647502055456815330779574083,72e6777d760308a8b761fa05fa8dc2be7bb649b0,NQZ9,midnight,2019-11-26T09:30:00-05:00,,33526,8381.625,304397837f449ea8c3d8,8390.75,8366.25,2019-11-26,2,1.295672177953023207254087341,1.25,570,2019-11-26,42898,98,2637,true,2019
255,103723.9999999999999999999999,2019-08-16T00:00:00-04:00,1.823695861797812391742400176,72e6777d760308a8b761fa05fa8dc2be7bb649b0,NQU9,midnight,2019-08-16T09:30:00-04:00,,30363,7590.875,309dcd0720a714f85815,7600.75,7537,2019-08-16,2,0.6854213063617642263324303685,1.25,570,2019-08-16,103724,255,6821,true,2019
464,427737.9999999999999999999991,2019-12-12T09:30:00-05:00,2.416021156256678796329286343,72e6777d760308a8b761fa05fa8dc2be7bb649b0,NQZ9,prior_rth,2019-12-12T16:00:00-05:00,,33766,8441.625,31662180667809da2f89,8497,8381,2019-12-13,2,0.5173795754076582404475455865,1.25,390,2019-12-12,427738,464,7726,true,2019
549,463299.0000000000000000000004,2019-01-22T09:30:00-05:00,2.405577084691393148609906727,72e6777d760308a8b761fa05fa8dc2be7bb649b0,NQH9,prior_rth,2019-01-22T16:00:00-05:00,,26627,6656.875,31c34462775a5e6ff495,6748.75,6611.5,2019-01-23,2,0.5196258344638995813658799737,1.25,390,2019-01-22,463299,549,8291,true,2019
244,137818.0000000000000000000016,2019-05-08T09:30:00-04:00,6.569837508273943714085380162,72e6777d760308a8b761fa05fa8dc2be7bb649b0,NQM9,opening_hour_rth,2019-05-08T10:30:00-04:00,,30585,7646.375,324f8c9dc7a09c9da061,7661,7600,2019-05-08,2,0.1902634575704149244505842037,1.25,60,2019-05-08,137818,244,2433,true,2019
270,105858.0000000000000000000002,2019-08-28T09:30:00-04:00,4.169209211087516135181954888,72e6777d760308a8b761fa05fa8dc2be7bb649b0,NQU9,opening_hour_rth,2019-08-28T10:30:00-04:00,,30191,7547.875,326d4d661cc78853594e,7571.75,7504.25,2019-08-28,2,0.2998170484406907760376263328,1.25,60,2019-08-28,105858,270,1909,true,2019
129,66385.00000000000000000000001,2019-04-29T17:00:00-04:00,2.497790520698509371596163794,72e6777d760308a8b761fa05fa8dc2be7bb649b0,NQM9,full_overnight,2019-04-30T09:30:00-04:00,,31220,7805.125,3272d12d00407b7aac52,7811.25,7779,2019-04-30,2,0.5004422867496656095733536006,1.25,930,2019-04-30,66385,129,4083,true,2019
112,62165.00000000000000000000003,2019-04-01T17:00:00-04:00,1.598009941766170098651458418,72e6777d760308a8b761fa05fa8dc2be7bb649b0,NQM9,full_overnight,2019-04-02T09:30:00-04:00,,29975,7493.875,32c6b59c0024d31a2568,7511.75,7483.75,2019-04-02,2,0.782222918224439374483559357,1.25,930,2019-04-02,62165,112,4040,true,2019
131,72123.00000000000000000000001,2019-11-22T00:00:00-05:00,0.5910366831411795832496250529,72e6777d760308a8b761fa05fa8dc2be7bb649b0,NQZ9,midnight,2019-11-22T09:30:00-05:00,,33182,8295.625,333fa3f842ec6e2fdfb7,8313.5,8280.75,2019-11-22,2,2.114927948899265451466770284,1.25,570,2019-11-22,72123,131,3488,true,2019
280,84401.00000000000000000000004,2019-08-22T09:30:00-04:00,2.775771498137211157488877181,72e6777d760308a8b761fa05fa8dc2be7bb649b0,NQU9,opening_hour_rth,2019-08-22T10:30:00-04:00,,31040,7760.125,337c2c13cbe4f5722866,7773.5,7703.5,2019-08-22,2,0.450325252218657355381709978,1.25,60,2019-08-22,84401,280,1414,true,2019
527,189183.9999999999999999999998,2019-10-09T17:00:00-04:00,2.56634413813068432509035428,72e6777d760308a8b761fa05fa8dc2be7bb649b0,NQZ9,full_overnight,2019-10-10T09:30:00-04:00,,30775,7693.875,33b480821e7b2249aca5,7715,7583.25,2019-10-10,2,0.4870741929843031199196548959,1.25,930,2019-10-10,189184,527,15609,true,2019
366,97210.00000000000000000000005,2019-01-24T17:00:00-05:00,2.297428418881954805917052385,72e6777d760308a8b761fa05fa8dc2be7bb649b0,NQH9,full_overnight,2019-01-25T09:30:00-05:00,,26945,6736.375,34446f8e45eeece99564,6768.25,6676.75,2019-01-25,2,0.544086592525182307937910461,1.25,930,2019-01-25,97210,366,7180,true,2019
253,76718.00000000000000000000003,2019-12-06T00:00:00-05:00,0.4715302906853854738939290729,72e6777d760308a8b761fa05fa8dc2be7bb649b0,NQZ9,midnight,2019-12-06T09:30:00-05:00,,33338,8334.625,34522fd25bc87478ab69,8381.5,8318.25,2019-12-06,2,2.650943162491389607887051989,1.25,570,2019-12-06,76718,253,3303,true,2019
174,113590.0000000000000000000002,2019-03-27T09:30:00-04:00,2.290412572845295536861519238,72e6777d760308a8b761fa05fa8dc2be7bb649b0,NQM9,opening_hour_rth,2019-03-27T10:30:00-04:00,,29514,7378.625,346f255e63f5bc4ec9e5,7404.75,7361.25,2019-03-27,2,0.5457532039510116924350934663,1.25,60,2019-03-27,113590,174,1589,true,2019
236,101141.0000000000000000000006,2019-01-10T09:30:00-05:00,2.094506800910630647732388141,72e6777d760308a8b761fa05fa8dc2be7bb649b0,NQH9,opening_hour_rth,2019-01-10T10:30:00-05:00,,26207,6551.875,347ed91c8ab55051a882,6586.5,6527.5,2019-01-10,2,0.5967992080314737343531769935,1.25,60,2019-01-10,101141,236,1672,true,2019
258,98865.00000000000000000000002,2019-01-14T17:00:00-05:00,1.884340158430184540403427764,72e6777d760308a8b761fa05fa8dc2be7bb649b0,NQH9,full_overnight,2019-01-15T09:30:00-05:00,,26286,6571.625,348abe9d63f012ac5cc4,6606.75,6542.25,2019-01-15,2,0.6633621824635718687559242406,1.25,930,2019-01-15,98865,258,7523,true,2019
409,138963.999999999999999999999,2019-05-06T17:00:00-04:00,4.8909512448761942135480442,72e6777d760308a8b761fa05fa8dc2be7bb649b0,NQM9,full_overnight,2019-05-07T09:30:00-04:00,,30982,7745.625,34aa83b1a7d8bf751b58,7804,7701.75,2019-05-07,2,0.2555740054267585611024704179,1.25,930,2019-05-07,138964,409,7972,true,2019
257,302423.9999999999999999999994,2019-02-05T09:30:00-05:00,1.824066856882174825166891436,72e6777d760308a8b761fa05fa8dc2be7bb649b0,NQH9,prior_rth,2019-02-05T16:00:00-05:00,,28088,7022.125,355fb27aefede6e5d1af,7033.75,6969.5,2019-02-06,2,0.6852818992263195644403432012,1.25,390,2019-02-05,302424,257,4932,true,2019
69,40938.00000000000000000000001,2019-04-08T00:00:00-04:00,0.9922078651608671582534244171,72e6777d760308a8b761fa05fa8dc2be7bb649b0,NQM9,midnight,2019-04-08T09:30:00-04:00,,30367,7591.875,35ab1703f7bfb17a00e2,7601.25,7584,2019-04-08,2,1.259816661297415611371683548,1.25,570,2019-04-08,40938,69,2486,true,2019
163,263616.0000000000000000000004,2019-07-08T09:30:00-04:00,1.947917092360764146443676192,72e6777d760308a8b761fa05fa8dc2be7bb649b0,NQU9,prior_rth,2019-07-08T16:00:00-04:00,,31187,7796.875,3615b7fa5c79f0a6da11,7818.25,7777.5,2019-07-09,2,0.6417110897081720593362861591,1.25,390,2019-07-08,263616,163,4298,true,2019
261,99567.99999999999999999999991,2019-06-05T00:00:00-04:00,1.010074151292970263544609373,72e6777d760308a8b761fa05fa8dc2be7bb649b0,NQM9,midnight,2019-06-05T09:30:00-04:00,,28940,7235.125,381393f2be79d49b829e,7245.25,7180,2019-06-05,2,1.237532906272184821314481538,1.25,570,2019-06-05,99568,261,5112,true,2019
316,352181.9999999999999999999999,2019-10-11T09:30:00-04:00,2.169768435291274818917314836,72e6777d760308a8b761fa05fa8dc2be7bb649b0,NQZ9,prior_rth,2019-10-11T16:00:00-04:00,,31526,7881.625,38d15c020c2f68fe82c5,7918.5,7839.5,2019-10-14,2,0.5760983428778643189634588436,1.25,390,2019-10-11,352182,316,7051,true,2019
303,123677.9999999999999999999997,2019-08-28T00:00:00-04:00,1.419540187919966040031782581,72e6777d760308a8b761fa05fa8dc2be7bb649b0,NQU9,midnight,2019-08-28T09:30:00-04:00,,30277,7569.375,38d449454bc9651ef4c0,7597.5,7521.75,2019-08-28,2,0.8805668276511487184704997193,1.25,570,2019-08-28,123678,303,6905,true,2019
92,54168.99999999999999999999994,2019-04-04T00:00:00-04:00,1.050284064444567781733018045,72e6777d760308a8b761fa05fa8dc2be7bb649b0,NQM9,midnight,2019-04-04T09:30:00-04:00,,30274,7568.625,39775f059b922efc7973,7581.25,7558.25,2019-04-04,2,1.190154209053005095734834363,1.25,570,2019-04-04,54169,92,3268,true,2019
240,66258.99999999999999999999995,2019-03-12T17:00:00-04:00,1.646937241649733186359893815,72e6777d760308a8b761fa05fa8dc2be7bb649b0,NQM9,full_overnight,2019-03-13T09:30:00-04:00,,28963,7240.875,39e6c9cd67ff6c09891a,7271,7211,2019-03-13,2,0.7589845978271023375660701686,1.25,930,2019-03-13,66259,240,4977,true,2019
118,77602.99999999999999999999993,2019-04-24T17:00:00-04:00,2.827258645292341723371639558,72e6777d760308a8b761fa05fa8dc2be7bb649b0,NQM9,full_overnight,2019-04-25T09:30:00-04:00,,31439,7859.875,39f39263a8a004be5deb,7879.5,7850,2019-04-25,2,0.4421243886127541027603135947,1.25,930,2019-04-25,77603,118,3938,true,2019
235,356725.0000000000000000000003,2019-05-31T09:30:00-04:00,2.44356854093911423741419855,72e6777d760308a8b761fa05fa8dc2be7bb649b0,NQM9,prior_rth,2019-05-31T16:00:00-04:00,,28626,7156.625,3a16bf3e2255a790ad8f,7189.25,7130.5,2019-06-03,2,0.5115469359904261123388751531,1.25,390,2019-05-31,356725,235,6781,true,2019
445,381569.0000000000000000000004,2019-01-10T09:30:00-05:00,2.094506800910630647732388141,72e6777d760308a8b761fa05fa8dc2be7bb649b0,NQH9,prior_rth,2019-01-10T16:00:00-05:00,,26402,6600.625,3a671e7bbc1d0e4c6d99,6638.75,6527.5,2019-01-11,2,0.5967992080314737343531769935,1.25,390,2019-01-10,381569,445,7865,true,2019
231,285180.9999999999999999999999,2019-03-05T09:30:00-05:00,1.914405705474117914313605787,72e6777d760308a8b761fa05fa8dc2be7bb649b0,NQH9,prior_rth,2019-03-05T16:00:00-05:00,,28649,7162.375,3aa53503c3b27ef8941c,7182,7124.25,2019-03-06,2,0.652944146805301900703118431,1.25,390,2019-03-05,285181,231,5111,true,2019
392,110422.0000000000000000000011,2019-05-16T09:30:00-04:00,3.121037176177492139973317401,72e6777d760308a8b761fa05fa8dc2be7bb649b0,NQM9,opening_hour_rth,2019-05-16T10:30:00-04:00,,30316,7579.125,3ac46a150a73d4dc6692,7609.75,7511.75,2019-05-16,2,0.4005078855007246470319801158,1.25,60,2019-05-16,110422,392,1368,true,2019
351,114796.0000000000000000000006,2019-10-11T17:00:00-04:00,4.385515261814663340085833608,72e6777d760308a8b761fa05fa8dc2be7bb649b0,NQZ9,full_overnight,2019-10-14T09:30:00-04:00,,31364,7841.125,3acc661ca0177e5158b6,7894.75,7807,2019-10-14,2,0.2850292212830580644894214051,1.25,930,2019-10-14,114796,351,8606,true,2019
100,66197.99999999999999999999999,2019-07-17T09:30:00-04:00,2.047200684420388724418412117,72e6777d760308a8b761fa05fa8dc2be7bb649b0,NQU9,opening_hour_rth,2019-07-17T10:30:00-04:00,,31831,7957.875,3adfe5bbcf05c174f67d,7962.5,7937.5,2019-07-17,2,0.6105898701152030796016800492,1.25,60,2019-07-17,66198,100,993,true,2019
131,101323.0000000000000000000003,2019-04-09T09:30:00-04:00,1.89979935098279281100227441,72e6777d760308a8b761fa05fa8dc2be7bb649b0,NQM9,opening_hour_rth,2019-04-09T10:30:00-04:00,,30423,7605.875,3b622134821070bfa513,7617.25,7584.5,2019-04-09,2,0.6579642209864728576298242585,1.25,60,2019-04-09,101323,131,1059,true,2019
305,457969.9999999999999999999994,2019-05-20T09:30:00-04:00,3.997089676213721324036188763,72e6777d760308a8b761fa05fa8dc2be7bb649b0,NQM9,prior_rth,2019-05-20T16:00:00-04:00,,29576,7394.125,3bafe96c0f0e25eb925e,7437.75,7361.5,2019-05-21,2,0.3127275345956394942898065968,1.25,390,2019-05-20,457970,305,9204,true,2019
143,54288.00000000000000000000002,2019-11-14T00:00:00-05:00,0.9724362094211887632121298529,72e6777d760308a8b761fa05fa8dc2be7bb649b0,NQZ9,midnight,2019-11-14T09:30:00-05:00,,33017,8254.375,3c00031f5a6a4aa13c16,8273.25,8237.5,2019-11-14,2,1.285431360833449543975664909,1.25,570,2019-11-14,54288,143,3901,true,2019
300,262116.0000000000000000000003,2019-06-26T09:30:00-04:00,2.426926448046015697564987356,72e6777d760308a8b761fa05fa8dc2be7bb649b0,NQU9,prior_rth,2019-06-26T16:00:00-04:00,,30748,7687.125,3c2e86e70601c2801d5c,7719,7644,2019-06-27,2,0.5150547520739282809526482082,1.25,390,2019-06-26,262116,300,5719,true,2019
171,99825.00000000000000000000004,2019-02-11T09:30:00-05:00,2.097292532695087996310848445,72e6777d760308a8b761fa05fa8dc2be7bb649b0,NQH9,opening_hour_rth,2019-02-11T10:30:00-05:00,,27748,6937.125,3ca7f332ff0c526a278b,6964.5,6921.75,2019-02-11,2,0.5960065086360222781377657072,1.25,60,2019-02-11,99825,171,1734,true,2019
111,56106.00000000000000000000001,2019-01-16T00:00:00-05:00,0.9548564332276451619729492771,72e6777d760308a8b761fa05fa8dc2be7bb649b0,NQH9,midnight,2019-01-16T09:30:00-05:00,,26742,6685.625,3d6d6d809928765d5a7f,6698.5,6670.75,2019-01-16,2,1.309097322384579177891351417,1.25,570,2019-01-16,56106,111,4107,true,2019
247,97128.99999999999999999999998,2019-10-22T17:00:00-04:00,3.215276508214367864706036272,72e6777d760308a8b761fa05fa8dc2be7bb649b0,NQZ9,full_overnight,2019-10-23T09:30:00-04:00,,31384,7846.125,3d83d61d74d998e48024,7872,7810.25,2019-10-23,2,0.3887690519949086781496994148,1.25,930,2019-10-23,97129,247,6434,true,2019
139,55278.99999999999999999999997,2019-06-10T00:00:00-04:00,1.117613073726213583072043909,72e6777d760308a8b761fa05fa8dc2be7bb649b0,NQM9,midnight,2019-06-10T09:30:00-04:00,,29776,7444.125,3e4fc94b9f8b6920816c,7471.75,7437,2019-06-10,2,1.118455062298437110088444622,1.25,570,2019-06-10,55279,139,3844,true,2019
293,61379.99999999999999999999994,2019-02-11T00:00:00-05:00,0.9411376203471336272067532633,72e6777d760308a8b761fa05fa8dc2be7bb649b0,NQH9,midnight,2019-02-11T09:30:00-05:00,,27803,6950.875,3e8ef369c26c1b749d4a,6969.5,6896.25,2019-02-11,2,1.328179825113084013925257762,1.25,570,2019-02-11,61380,293,4037,true,2019
82,47561.99999999999999999999998,2019-09-18T09:30:00-04:00,1.661608426498074687097301685,72e6777d760308a8b761fa05fa8dc2be7bb649b0,NQZ9,opening_hour_rth,2019-09-18T10:30:00-04:00,,31570,7892.625,3f1c83cdc5d6dd251950,7903,7882.5,2019-09-18,2,0.7522831372698556668222746406,1.25,60,2019-09-18,47562,82,949,true,2019
286,335867.0000000000000000000007,2019-01-25T09:30:00-05:00,2.610119197514694852271078919,72e6777d760308a8b761fa05fa8dc2be7bb649b0,NQH9,prior_rth,2019-01-25T16:00:00-05:00,,27159,6789.875,3f79db08e6b187e96183,6810.5,6739,2019-01-28,2,0.4789053316761264719594045551,1.25,390,2019-01-25,335867,286,5750,true,2019
156,89609.99999999999999999999999,2019-01-14T09:30:00-05:00,1.752142266516691054551520773,72e6777d760308a8b761fa05fa8dc2be7bb649b0,NQH9,opening_hour_rth,2019-01-14T10:30:00-05:00,,26151,6537.875,3f7ef1ad64b47a570a58,6560.5,6521.5,2019-01-14,2,0.7134123888724148844106431308,1.25,60,2019-01-14,89610,156,1503,true,2019
169,67035.00000000000000000000008,2019-06-21T00:00:00-04:00,1.3619056723129667510620685,72e6777d760308a8b761fa05fa8dc2be7bb649b0,NQU9,midnight,2019-06-21T09:30:00-04:00,,30974,7743.625,401a037b141cc8ddf57b,7768.25,7726,2019-06-21,2,0.9178315542787086949110995137,1.25,570,2019-06-21,67035,169,4881,true,2019
333,101506,2019-06-05T17:00:00-04:00,1.973591385030262952104634072,72e6777d760308a8b761fa05fa8dc2be7bb649b0,NQM9,full_overnight,2019-06-06T09:30:00-04:00,,29016,7254.125,40601e4f653fb6bbe313,7264.25,7181,2019-06-06,2,0.6333631214046024842128559352,1.25,930,2019-06-06,101506,333,7435,true,2019
183,137727.0000000000000000000001,2019-09-13T09:30:00-04:00,2.538568732686756239907759938,72e6777d760308a8b761fa05fa8dc2be7bb649b0,NQU9,prior_rth,2019-09-13T16:00:00-04:00,,31587,7896.875,4122a4d398e29ea0a286,7927.5,7881.75,2019-09-16,2,0.4924034491975452483874216933,1.25,390,2019-09-13,137727,183,5418,true,2019
175,91631.0000000000000000000001,2019-11-08T09:30:00-05:00,1.733533304109103129112930128,72e6777d760308a8b761fa05fa8dc2be7bb649b0,NQZ9,opening_hour_rth,2019-11-08T10:30:00-05:00,,32852,8213.125,421b38e514b0f8719992,8233.75,8190,2019-11-08,2,0.7210706578506719793120124969,1.25,60,2019-11-08,91631,175,1246,true,2019
242,83649.99999999999999999999999,2019-02-07T17:00:00-05:00,1.920186351963421024300070846,72e6777d760308a8b761fa05fa8dc2be7bb649b0,NQH9,full_overnight,2019-02-08T09:30:00-05:00,,27493,6873.375,425b5a20ecf45054c198,6903.5,6843,2019-02-08,2,0.6509784837923960653897089986,1.25,930,2019-02-08,83650,242,6561,true,2019
313,267593.9999999999999999999988,2019-11-07T09:30:00-05:00,1.652411080905224944452368307,72e6777d760308a8b761fa05fa8dc2be7bb649b0,NQZ9,prior_rth,2019-11-07T16:00:00-05:00,,33066,8266.625,4260d383564fd4cc961f,8282.25,8204,2019-11-08,2,0.7564703568286555929290410039,1.25,390,2019-11-07,267594,313,4522,true,2019
194,86078.00000000000000000000005,2019-10-14T17:00:00-04:00,1.981781205298132674609317408,72e6777d760308a8b761fa05fa8dc2be7bb649b0,NQZ9,full_overnight,2019-10-15T09:30:00-04:00,,31509,7877.375,432571d7728f9b87e33b,7908.25,7859.75,2019-10-15,2,0.6307457133301221783897828858,1.25,930,2019-10-15,86078,194,6259,true,2019
121,88034.00000000000000000000011,2019-05-01T09:30:00-04:00,1.828436529211741035126802945,72e6777d760308a8b761fa05fa8dc2be7bb649b0,NQM9,opening_hour_rth,2019-05-01T10:30:00-04:00,,31368,7842.125,4362f30894bea65abd10,7855,7824.75,2019-05-01,2,0.6836441845421282724256001027,1.25,60,2019-05-01,88034,121,1123,true,2019
139,48119.99999999999999999999996,2019-09-13T09:30:00-04:00,2.538568732686756239907759938,72e6777d760308a8b761fa05fa8dc2be7bb649b0,NQU9,opening_hour_rth,2019-09-13T10:30:00-04:00,,31617,7904.375,43a55c2f8f24c68a7ce4,7920.75,7886,2019-09-13,2,0.4924034491975452483874216933,1.25,60,2019-09-13,48120,139,1469,true,2019
412,287430.0000000000000000000019,2019-09-18T09:30:00-04:00,1.661608426498074687097301685,72e6777d760308a8b761fa05fa8dc2be7bb649b0,NQZ9,prior_rth,2019-09-18T16:00:00-04:00,,31569,7892.375,44547a153f8d41a12bff,7916.5,7813.5,2019-09-19,2,0.7522831372698556668222746406,1.25,390,2019-09-18,287430,412,6388,true,2019
174,98628.00000000000000000000005,2019-07-30T09:30:00-04:00,2.956623581220614111975843799,72e6777d760308a8b761fa05fa8dc2be7bb649b0,NQU9,opening_hour_rth,2019-07-30T10:30:00-04:00,,31854,7963.625,4461ffac5c48afe2512b,7977,7933.5,2019-07-30,2,0.4227795543333755424239103877,1.25,60,2019-07-30,98628,174,1429,true,2019
168,317317.9999999999999999999999,2019-04-09T09:30:00-04:00,1.89979935098279281100227441,72e6777d760308a8b761fa05fa8dc2be7bb649b0,NQM9,prior_rth,2019-04-09T16:00:00-04:00,,30373,7593.375,448186bd7b87bc2cd0cf,7620.75,7578.75,2019-04-10,2,0.6579642209864728576298242585,1.25,390,2019-04-09,317318,168,4342,true,2019
815,479507.9999999999999999999994,2019-01-02T09:30:00-05:00,3.786374340606368957831474748,72e6777d760308a8b761fa05fa8dc2be7bb649b0,NQH9,prior_rth,2019-01-02T16:00:00-05:00,,25370,6342.625,448f27e8b9dd32d8647d,6409.25,6205.5,2019-01-03,2,0.3301311195236493011693890644,1.25,390,2019-01-02,479508,815,12158,true,2019
179,129117.0000000000000000000007,2019-05-23T09:30:00-04:00,3.587822308325129907331704579,72e6777d760308a8b761fa05fa8dc2be7bb649b0,NQM9,opening_hour_rth,2019-05-23T10:30:00-04:00,,29267,7316.875,45406fd53ef3d7b15416,7346,7301.25,2019-05-23,2,0.3484007547139440147841233182,1.25,60,2019-05-23,129117,179,1803,true,2019
117,98879.00000000000000000000004,2019-04-03T09:30:00-04:00,1.657759678201924225087265703,72e6777d760308a8b761fa05fa8dc2be7bb649b0,NQM9,opening_hour_rth,2019-04-03T10:30:00-04:00,,30266,7566.625,4546da75d235c0f428a1,7582.5,7553.25,2019-04-03,2,0.7540296801981590609861533591,1.25,60,2019-04-03,98879,117,1055,true,2019
371,99337.00000000000000000000012,2019-01-03T00:00:00-05:00,2.005329851124690106994562962,72e6777d760308a8b761fa05fa8dc2be7bb649b0,NQH9,midnight,2019-01-03T09:30:00-05:00,,24793,6198.375,458039a9051a0e8d9fe1,6281,6188.25,2019-01-03,2,0.6233388483689787811885538911,1.25,570,2019-01-03,99337,371,8530,true,2019
401,107461.0000000000000000000002,2019-08-20T17:00:00-04:00,2.436359540468703317195822841,72e6777d760308a8b761fa05fa8dc2be7bb649b0,NQU9,full_overnight,2019-08-21T09:30:00-04:00,,30933,7733.375,4588eb8215374e454fd6,7752.5,7652.25,2019-08-21,2,0.5130605640247690255598444679,1.25,930,2019-08-21,107461,401,6467,true,2019
136,71407.99999999999999999999999,2019-10-28T09:30:00-04:00,1.747263937418418616065855173,72e6777d760308a8b761fa05fa8dc2be7bb649b0,NQZ9,opening_hour_rth,2019-10-28T10:30:00-04:00,,32372,8093.125,459b16b3c09a43df8d6f,8108,8074,2019-10-28,2,0.7154042232719998930366876474,1.25,60,2019-10-28,71408,136,1006,true,2019
393,133870.0000000000000000000001,2019-08-15T17:00:00-04:00,2.971061338646736019604830465,72e6777d760308a8b761fa05fa8dc2be7bb649b0,NQU9,full_overnight,2019-08-16T09:30:00-04:00,,30363,7590.875,45a18657d482fd9f93f9,7600.75,7502.5,2019-08-16,2,0.4207250734747038536681399846,1.25,930,2019-08-16,133870,393,10143,true,2019
260,82837.99999999999999999999995,2019-05-02T17:00:00-04:00,2.251656904494992347773572857,72e6777d760308a8b761fa05fa8dc2be7bb649b0,NQM9,full_overnight,2019-05-03T09:30:00-04:00,,31099,7774.875,4614f113a6422c48de5c,7799.75,7734.75,2019-05-03,2,0.5551467443839332857962543927,1.25,930,2019-05-03,82838,260,4790,true,2019
137,72585.00000000000000000000006,2019-07-25T17:00:00-04:00,3.703329321623898632356316466,72e6777d760308a8b761fa05fa8dc2be7bb649b0,NQU9,full_overnight,2019-07-26T09:30:00-04:00,,32018,8004.625,46313714c2285bace5d7,8021.75,7987.5,2019-07-26,2,0.3375341190158802311851968763,1.25,930,2019-07-26,72585,137,4471,true,2019
84,53925.99999999999999999999997,2019-11-27T09:30:00-05:00,1.358974871879148223098139956,72e6777d760308a8b761fa05fa8dc2be7bb649b0,NQZ9,opening_hour_rth,2019-11-27T10:30:00-05:00,,33657,8414.375,46a23d4be003b4ef452b,8423.5,8402.5,2019-11-27,2,0.9198109735991945482957337113,1.25,60,2019-11-27,53926,84,684,true,2019
119,54966.00000000000000000000002,2019-09-20T00:00:00-04:00,0.6896043231516199822892246783,72e6777d760308a8b761fa05fa8dc2be7bb649b0,NQZ9,midnight,2019-09-20T09:30:00-04:00,,31748,7937.125,46a88873f048272aac67,7952.25,7922.5,2019-09-20,2,1.812633648071212161444919036,1.25,570,2019-09-20,54966,119,3442,true,2019
720,609605.9999999999999999999985,2019-08-05T09:30:00-04:00,4.313820166648060686455611712,72e6777d760308a8b761fa05fa8dc2be7bb649b0,NQU9,prior_rth,2019-08-05T16:00:00-04:00,,29987,7496.875,46ffa5cc9f86a1004e43,7540.75,7360.75,2019-08-06,2,0.2897663675607690617223608446,1.25,390,2019-08-05,609606,720,12058,true,2019
163,76863.99999999999999999999997,2019-03-06T17:00:00-05:00,1.672577491197236838129541955,72e6777d760308a8b761fa05fa8dc2be7bb649b0,NQH9,full_overnight,2019-03-07T09:30:00-05:00,,28398,7099.625,47fa300cb84a63e45c54,7123.25,7082.5,2019-03-07,2,0.7473495288432021245904497803,1.25,930,2019-03-07,76864,163,4911,true,2019
198,88256.00000000000000000000012,2019-08-19T09:30:00-04:00,2.495424995116749163590572363,72e6777d760308a8b761fa05fa8dc2be7bb649b0,NQU9,opening_hour_rth,2019-08-19T10:30:00-04:00,,30878,7719.625,484aac2b60cee6f3f08b,7744.75,7695.25,2019-08-19,2,0.5009166785000958911836763753,1.25,60,2019-08-19,88256,198,1235,true,2019
142,76112.00000000000000000000001,2019-11-20T00:00:00-05:00,0.8311346617874466252325369029,72e6777d760308a8b761fa05fa8dc2be7bb649b0,NQZ9,midnight,2019-11-20T09:30:00-05:00,,33261,8315.375,488b044565010d021b27,8327,8291.5,2019-11-20,2,1.503968078183308267030737748,1.25,570,2019-11-20,76112,142,3808,true,2019
157,65763.00000000000000000000003,2019-12-11T00:00:00-05:00,0.6670741340044014798052789629,72e6777d760308a8b761fa05fa8dc2be7bb649b0,NQZ9,midnight,2019-12-11T09:30:00-05:00,,33517,8379.375,4900722e3454efa2b741,8394,8354.75,2019-12-11,2,1.873854698122281363090878998,1.25,570,2019-12-11,65763,157,3638,true,2019
504,118819.9999999999999999999997,2019-08-12T00:00:00-04:00,1.335844525987370592119456663,72e6777d760308a8b761fa05fa8dc2be7bb649b0,NQU9,midnight,2019-08-12T09:30:00-04:00,,30452,7613.125,4939be1dea43736302d1,7710,7584,2019-08-12,2,0.9357376368901015448600646869,1.25,570,2019-08-12,118820,504,7252,true,2019
205,262796.9999999999999999999994,2019-11-01T09:30:00-04:00,2.536098445467508689131220417,72e6777d760308a8b761fa05fa8dc2be7bb649b0,NQZ9,prior_rth,2019-11-01T16:00:00-04:00,,32583,8145.875,4976f21b828de39ef355,8165.5,8114.25,2019-11-04,2,0.4928830748798368825812525996,1.25,390,2019-11-01,262797,205,4103,true,2019
266,111595.9999999999999999999996,2019-02-06T09:30:00-05:00,2.021390832137412410402963331,72e6777d760308a8b761fa05fa8dc2be7bb649b0,NQH9,opening_hour_rth,2019-02-06T10:30:00-05:00,,28133,7033.375,49f02b505aef08b43f21,7038.75,6972.25,2019-02-06,2,0.6183861033337397045151013472,1.25,60,2019-02-06,111596,266,1456,true,2019
177,97437,2019-03-26T17:00:00-04:00,2.486788114396982091579996373,72e6777d760308a8b761fa05fa8dc2be7bb649b0,NQM9,full_overnight,2019-03-27T09:30:00-04:00,,29484,7371.125,4a5138660c923fc95502,7403.75,7359.5,2019-03-27,2,0.5026564156243407253069029469,1.25,930,2019-03-27,97437,177,6587,true,2019
115,38705.00000000000000000000001,2019-07-15T00:00:00-04:00,0.8074540831743375720448256938,72e6777d760308a8b761fa05fa8dc2be7bb649b0,NQU9,midnight,2019-07-15T09:30:00-04:00,,31923,7980.875,4a7cb3d1eafd37461ace,7986.75,7958,2019-07-15,2,1.548075644234636003249245067,1.25,570,2019-07-15,38705,115,2642,true,2019
153,67774,2019-10-14T09:30:00-04:00,2.503295977041695642893623769,72e6777d760308a8b761fa05fa8dc2be7bb649b0,NQZ9,opening_hour_rth,2019-10-14T10:30:00-04:00,,31422,7855.625,4afef87e75113cfc088b,7874.25,7836,2019-10-14,2,0.4993416725245588600011205028,1.25,60,2019-10-14,67774,153,1202,true,2019
254,66702.00000000000000000000008,2019-03-11T09:30:00-04:00,1.85245086428801741395621303,72e6777d760308a8b761fa05fa8dc2be7bb649b0,NQM9,opening_hour_rth,2019-03-11T10:30:00-04:00,,28521,7130.375,4b5302c1de7ffae28588,7136,7072.5,2019-03-11,2,0.6747817305699133032315374124,1.25,60,2019-03-11,66702,254,1075,true,2019
166,70024.00000000000000000000005,2019-09-30T09:30:00-04:00,2.912668761317052680040452867,72e6777d760308a8b761fa05fa8dc2be7bb649b0,NQZ9,opening_hour_rth,2019-09-30T10:30:00-04:00,,30938,7734.625,4b6eb781a53d7f11c259,7752,7710.5,2019-09-30,2,0.4291596822134948466901562608,1.25,60,2019-09-30,70024,166,1572,true,2019
165,81490.99999999999999999999994,2019-09-06T00:00:00-04:00,1.112916848437809342653457047,72e6777d760308a8b761fa05fa8dc2be7bb649b0,NQU9,midnight,2019-09-06T09:30:00-04:00,,31505,7876.375,4bbff8de55021d4e4688,7895,7853.75,2019-09-06,2,1.123174657436998061819696773,1.25,570,2019-09-06,81491,165,5045,true,2019
173,109524.9999999999999999999993,2019-09-05T17:00:00-04:00,2.041697414581953429246697718,72e6777d760308a8b761fa05fa8dc2be7bb649b0,NQU9,full_overnight,2019-09-06T09:30:00-04:00,,31483,7870.875,4c341d06fc909ccf6544,7895,7851.75,2019-09-06,2,0.6122356775653472752714524607,1.25,930,2019-09-06,109525,173,7216,true,2019
90,70095.00000000000000000000004,2019-11-26T09:30:00-05:00,1.517688164549230855038742263,72e6777d760308a8b761fa05fa8dc2be7bb649b0,NQZ9,opening_hour_rth,2019-11-26T10:30:00-05:00,,33532,8383.125,4cff69be921b2fa62318,8391.25,8368.75,2019-11-26,2,0.8236211029366912012144605058,1.25,60,2019-11-26,70095,90,939,true,2019
206,75282.99999999999999999999994,2019-02-12T17:00:00-05:00,1.661153393662424311971176023,72e6777d760308a8b761fa05fa8dc2be7bb649b0,NQH9,full_overnight,2019-02-13T09:30:00-05:00,,28187,7046.875,4d0f4628cfb7bc951e3b,7064.75,7013.25,2019-02-13,2,0.7524892070587564665368428355,1.25,930,2019-02-13,75283,206,4798,true,2019
186,259287.0000000000000000000001,2019-06-13T09:30:00-04:00,2.508702088832320657212807698,72e6777d760308a8b761fa05fa8dc2be7bb649b0,NQM9,prior_rth,2019-06-13T16:00:00-04:00,,30057,7514.375,4d1875a95a73a3f1300c,7536,7489.5,2019-06-14,2,0.4982656193274086485532771542,1.25,390,2019-06-13,259287,186,5624,true,2019
384,133621.9999999999999999999998,2019-05-08T00:00:00-04:00,1.622104343546930918526977688,72e6777d760308a8b761fa05fa8dc2be7bb649b0,NQM9,midnight,2019-05-08T09:30:00-04:00,,30515,7628.875,4d2f55e60cfa3b35a665,7698,7602,2019-05-08,2,0.7706039410921747829128078724,1.25,570,2019-05-08,133622,384,7115,true,2019
136,66343.99999999999999999999995,2019-12-27T17:00:00-05:00,1.515054123517170059630494604,72e6777d760308a8b761fa05fa8dc2be7bb649b0,NQH0,full_overnight,2019-12-30T09:30:00-05:00,,35156,8789.125,4d4a0c21ce691a46d581,8809.75,8775.75,2019-12-30,2,0.825053033153791347192375706,1.25,930,2019-12-30,66344,136,3470,true,2019
259,103957.9999999999999999999996,2019-01-31T09:30:00-05:00,2.677732029005720063550885521,72e6777d760308a8b761fa05fa8dc2be7bb649b0,NQH9,opening_hour_rth,2019-01-31T10:30:00-05:00,,27397,6849.375,4d66678100678f52931a,6905,6840.25,2019-01-31,2,0.4668129545674302423760184494,1.25,60,2019-01-31,103958,259,1356,true,2019
196,98914.00000000000000000000005,2019-01-31T17:00:00-05:00,4.158362879317074677396615809,72e6777d760308a8b761fa05fa8dc2be7bb649b0,NQH9,full_overnight,2019-02-01T09:30:00-05:00,,27547,6886.875,4d7cce5e7f609e4e753b,6911.25,6862.25,2019-02-01,2,0.3005990665743165527955418103,1.25,930,2019-02-01,98914,196,7379,true,2019
951,628799.000000000000000000001,2019-08-01T09:30:00-04:00,2.834925402164246741510979125,72e6777d760308a8b761fa05fa8dc2be7bb649b0,NQU9,prior_rth,2019-08-01T16:00:00-04:00,,31981,7995.375,4dccfe80b22701801a08,8014.5,7776.75,2019-08-02,2,0.4409287098156873815948590772,1.25,390,2019-08-01,628799,951,12264,true,2019
200,99389.00000000000000000000004,2019-06-26T09:30:00-04:00,2.426926448046015697564987356,72e6777d760308a8b761fa05fa8dc2be7bb649b0,NQU9,opening_hour_rth,2019-06-26T10:30:00-04:00,,30802,7700.625,4e662c25492e13c3a9d0,7719,7669,2019-06-26,2,0.5150547520739282809526482082,1.25,60,2019-06-26,99389,200,1412,true,2019
153,101094.0000000000000000000001,2019-05-21T09:30:00-04:00,3.057858814123058778707332858,72e6777d760308a8b761fa05fa8dc2be7bb649b0,NQM9,opening_hour_rth,2019-05-21T10:30:00-04:00,,29811,7452.875,4ea088f3bbdb60da20ff,7464.75,7426.5,2019-05-21,2,0.40878277120798935990984761,1.25,60,2019-05-21,101094,153,1737,true,2019
224,81833.9999999999999999999999,2019-12-10T09:30:00-05:00,2.87123921145472967901887451,72e6777d760308a8b761fa05fa8dc2be7bb649b0,NQZ9,opening_hour_rth,2019-12-10T10:30:00-05:00,,33444,8361.125,4f292597a3ccb95ef7ee,8394.5,8338.5,2019-12-10,2,0.4353520929266915345574981877,1.25,60,2019-12-10,81834,224,1236,true,2019
245,268430.0000000000000000000003,2019-07-22T09:30:00-04:00,2.023682639072128822102000328,72e6777d760308a8b761fa05fa8dc2be7bb649b0,NQU9,prior_rth,2019-07-22T16:00:00-04:00,,31588,7897.125,505367eeb6e15c57d9cd,7936.5,7875.25,2019-07-23,2,0.6176857852440404574134404217,1.25,390,2019-07-22,268430,245,4586,true,2019
161,86842.00000000000000000000001,2019-09-23T09:30:00-04:00,2.768336058063070861169004348,72e6777d760308a8b761fa05fa8dc2be7bb649b0,NQZ9,opening_hour_rth,2019-09-23T10:30:00-04:00,,31325,7831.375,509bc46881b8a6b8eff4,7848,7807.75,2019-09-23,2,0.4515347753244202813734169546,1.25,60,2019-09-23,86842,161,1402,true,2019
159,53841.00000000000000000000003,2019-11-19T00:00:00-05:00,0.8009173355352686426262364692,72e6777d760308a8b761fa05fa8dc2be7bb649b0,NQZ9,midnight,2019-11-19T09:30:00-05:00,,33472,8368.125,50c207421f9d12a4c7d4,8379,8339.25,2019-11-19,2,1.560710381133904003660726141,1.25,570,2019-11-19,53841,159,2856,true,2019
126,69367.99999999999999999999999,2019-11-07T09:30:00-05:00,1.652411080905224944452368307,72e6777d760308a8b761fa05fa8dc2be7bb649b0,NQZ9,opening_hour_rth,2019-11-07T10:30:00-05:00,,33012,8253.125,50e135974f66938f5246,8265.5,8234,2019-11-07,2,0.7564703568286555929290410039,1.25,60,2019-11-07,69368,126,873,true,2019
287,122073.0000000000000000000001,2019-10-03T17:00:00-04:00,2.158586625122937677761973114,72e6777d760308a8b761fa05fa8dc2be7bb649b0,NQZ9,full_overnight,2019-10-04T09:30:00-04:00,,30558,7639.625,512ec3c7c196c38caa84,7695.75,7624,2019-10-04,2,0.5790826207536651105545634678,1.25,930,2019-10-04,122073,287,8540,true,2019
133,57642.99999999999999999999997,2019-11-26T17:00:00-05:00,1.592965873862788011204247989,72e6777d760308a8b761fa05fa8dc2be7bb649b0,NQZ9,full_overnight,2019-11-27T09:30:00-05:00,,33663,8415.875,522086f071bdf0f45c75,8430.25,8397,2019-11-27,2,0.7846997983509031656376544495,1.25,930,2019-11-27,57643,133,3517,true,2019
185,237805.9999999999999999999996,2019-06-28T09:30:00-04:00,1.421075334277970116940508075,72e6777d760308a8b761fa05fa8dc2be7bb649b0,NQU9,prior_rth,2019-06-28T16:00:00-04:00,,30706,7676.625,5237569345f17260e4d1,7710.25,7664,2019-07-01,2,0.8796155769145825982103500504,1.25,390,2019-06-28,237806,185,4308,true,2019
136,85511.99999999999999999999994,2019-04-11T09:30:00-04:00,1.71091331618363283824366743,72e6777d760308a8b761fa05fa8dc2be7bb649b0,NQM9,opening_hour_rth,2019-04-11T10:30:00-04:00,,30501,7625.375,52402be088298f6da024,7648.5,7614.5,2019-04-11,2,0.7306039342707629764674003807,1.25,60,2019-04-11,85512,136,1013,true,2019
252,126613.9999999999999999999992,2019-05-17T09:30:00-04:00,4.723930383307108370502389821,72e6777d760308a8b761fa05fa8dc2be7bb649b0,NQM9,opening_hour_rth,2019-05-17T10:30:00-04:00,,30161,7540.375,5245643c73b588449bd4,7579,7516,2019-05-17,2,0.2646101653862446438364167005,1.25,60,2019-05-17,126614,252,2020,true,2019
281,264475.9999999999999999999989,2019-10-09T09:30:00-04:00,2.76377756899555464638024104,72e6777d760308a8b761fa05fa8dc2be7bb649b0,NQZ9,prior_rth,2019-10-09T16:00:00-04:00,,30813,7703.375,53600426f6b0be353e94,7732,7661.75,2019-10-10,2,0.4522795227889088285793857714,1.25,390,2019-10-09,264476,281,6326,true,2019
159,93888.00000000000000000000002,2019-01-07T09:30:00-05:00,3.356440585183486861454752318,72e6777d760308a8b761fa05fa8dc2be7bb649b0,NQH9,opening_hour_rth,2019-01-07T10:30:00-05:00,,25738,6434.625,53b0b7be7f7916c52f9d,6462,6422.25,2019-01-07,2,0.3724183307513146785949209343,1.25,60,2019-01-07,93888,159,2268,true,2019
760,618849.0000000000000000000012,2019-08-07T09:30:00-04:00,8.462819100674575552035276392,72e6777d760308a8b761fa05fa8dc2be7bb649b0,NQU9,prior_rth,2019-08-07T16:00:00-04:00,,29896,7474.125,540f0a16d5e6ba953787,7577.5,7387.5,2019-08-08,2,0.1477049178447359076252217335,1.25,390,2019-08-07,618849,760,13629,true,2019
117,99660.99999999999999999999999,2019-03-20T09:30:00-04:00,1.95485696501046954336752856,72e6777d760308a8b761fa05fa8dc2be7bb649b0,NQM9,opening_hour_rth,2019-03-20T10:30:00-04:00,,29500,7375.125,5427bc7379abfa0e68c9,7388.5,7359.25,2019-03-20,2,0.6394329725261026597736322207,1.25,60,2019-03-20,99661,117,1251,true,2019
146,76061.00000000000000000000002,2019-09-06T09:30:00-04:00,3.160149340783593403494982732,72e6777d760308a8b761fa05fa8dc2be7bb649b0,NQU9,opening_hour_rth,2019-09-06T10:30:00-04:00,,31392,7848.125,542d5cbe27884ba75bae,7877,7840.5,2019-09-06,2,0.3955509266185657235918363033,1.25,60,2019-09-06,76061,146,1461,true,2019
93,58541.00000000000000000000003,2019-07-15T09:30:00-04:00,1.60012050499282247902283422,72e6777d760308a8b761fa05fa8dc2be7bb649b0,NQU9,opening_hour_rth,2019-07-15T10:30:00-04:00,,31890,7972.625,54363ae133ba5b4b2b49,7984.5,7961.25,2019-07-15,2,0.7811911641027355098905653605,1.25,60,2019-07-15,58541,93,935,true,2019
189,44952.00000000000000000000001,2019-02-25T00:00:00-05:00,0.697741092592880255358250695,72e6777d760308a8b761fa05fa8dc2be7bb649b0,NQH9,midnight,2019-02-25T09:30:00-05:00,,28541,7135.375,54754cba274f9b26b7d9,7153.75,7106.5,2019-02-25,2,1.791495460522278819565932067,1.25,570,2019-02-25,44952,189,2821,true,2019
161,57723.99999999999999999999995,2019-10-18T00:00:00-04:00,1.416777262560326655066987088,72e6777d760308a8b761fa05fa8dc2be7bb649b0,NQZ9,midnight,2019-10-18T09:30:00-04:00,,31802,7950.625,5484e9d74ff349b10b7c,7957.5,7917.25,2019-10-18,2,0.8822840632980406499446622079,1.25,570,2019-10-18,57724,161,3798,true,2019
238,64598.99999999999999999999992,2019-12-20T00:00:00-05:00,0.58475892301677083497720363,72e6777d760308a8b761fa05fa8dc2be7bb649b0,NQH0,midnight,2019-12-20T09:30:00-05:00,,34680,8670.125,54c534a94b3b3d47b6db,8724.75,8665.25,2019-12-20,2,2.137633049789562781721182443,1.25,570,2019-12-20,64599,238,2287,true,2019
560,407383.0000000000000000000003,2019-01-30T09:30:00-05:00,2.253086093507322459145262142,72e6777d760308a8b761fa05fa8dc2be7bb649b0,NQH9,prior_rth,2019-01-30T16:00:00-05:00,,26889,6722.375,550afe5bc0a2e159ad82,6834.5,6694.5,2019-01-31,2,0.5547946008819203335964445792,1.25,390,2019-01-30,407383,560,6681,true,2019
593,163313.0000000000000000000019,2019-05-10T17:00:00-04:00,2.842270743844861107971551588,72e6777d760308a8b761fa05fa8dc2be7bb649b0,NQM9,full_overnight,2019-05-13T09:30:00-04:00,,29651,7412.875,5510693327749c5947ef,7551.5,7403.25,2019-05-13,2,0.4397892082261915617459840233,1.25,930,2019-05-13,163313,593,10260,true,2019
186,68777.99999999999999999999994,2019-04-26T00:00:00-04:00,0.9648956343325224118977706112,72e6777d760308a8b761fa05fa8dc2be7bb649b0,NQM9,midnight,2019-04-26T09:30:00-04:00,,31225,7806.375,55329b93466b7a0da387,7840.5,7794,2019-04-26,2,1.295476894622600083650351559,1.25,570,2019-04-26,68778,186,3198,true,2019
236,66858.99999999999999999999988,2019-09-26T00:00:00-04:00,1.166956175948858378764367752,72e6777d760308a8b761fa05fa8dc2be7bb649b0,NQZ9,midnight,2019-09-26T09:30:00-04:00,,31323,7830.875,5572b25b4728ef072ac5,7842.75,7783.75,2019-09-26,2,1.071162761518116341184069778,1.25,570,2019-09-26,66859,236,4232,true,2019
342,131775.9999999999999999999992,2019-08-05T00:00:00-04:00,3.434055634084123279749486168,72e6777d760308a8b761fa05fa8dc2be7bb649b0,NQU9,midnight,2019-08-05T09:30:00-04:00,,30221,7555.375,55810226da70f6ec3f2a,7614.75,7529.25,2019-08-05,2,0.3640010917683866021863202077,1.25,570,2019-08-05,131776,342,8456,true,2019
381,322943.0000000000000000000001,2019-10-10T09:30:00-04:00,3.775277996417184476479186294,72e6777d760308a8b761fa05fa8dc2be7bb649b0,NQZ9,prior_rth,2019-10-10T16:00:00-04:00,,31011,7752.875,558351b00d1036400a49,7786.25,7691,2019-10-11,2,0.3311014450290218090191378472,1.25,390,2019-10-10,322943,381,6873,true,2019
419,305759.0000000000000000000001,2019-08-30T09:30:00-04:00,2.143520933225968907188579613,72e6777d760308a8b761fa05fa8dc2be7bb649b0,NQU9,prior_rth,2019-08-30T16:00:00-04:00,,30714,7678.625,5610249356312d8cfedf,7750.75,7646,2019-09-03,2,0.5831526908014691283332162161,1.25,390,2019-08-30,305759,419,6549,true,2019
121,52552.99999999999999999999995,2019-02-13T00:00:00-05:00,0.5840955447735301226758804342,72e6777d760308a8b761fa05fa8dc2be7bb649b0,NQH9,midnight,2019-02-13T09:30:00-05:00,,28187,7046.875,56781abc559369d1230d,7064.75,7034.5,2019-02-13,2,2.140060836253526492917334055,1.25,570,2019-02-13,52553,121,2925,true,2019
203,92153.00000000000000000000017,2019-08-16T09:30:00-04:00,5.443381081667480291252970858,72e6777d760308a8b761fa05fa8dc2be7bb649b0,NQU9,opening_hour_rth,2019-08-16T10:30:00-04:00,,30295,7573.875,56bc7f14dc158e61fb8d,7606,7555.25,2019-08-16,2,0.2296366874275657638810610718,1.25,60,2019-08-16,92153,203,1759,true,2019
106,66792.99999999999999999999999,2019-11-14T09:30:00-05:00,1.641118929271388229891523329,72e6777d760308a8b761fa05fa8dc2be7bb649b0,NQZ9,opening_hour_rth,2019-11-14T10:30:00-05:00,,33007,8251.875,56c9997a9d319fd38299,8264.25,8237.75,2019-11-14,2,0.7616754506359668268137297232,1.25,60,2019-11-14,66793,106,943,true,2019
186,46256.00000000000000000000007,2019-09-16T00:00:00-04:00,1.205120517172038901039482815,72e6777d760308a8b761fa05fa8dc2be7bb649b0,NQZ9,midnight,2019-09-16T09:30:00-04:00,,31438,7859.625,5770173f25dc37aebeb0,7873.25,7826.75,2019-09-16,2,1.037240659492941200027188648,1.25,570,2019-09-16,46256,186,5284,true,2019
347,112334.9999999999999999999995,2019-06-07T09:30:00-04:00,4.26039728883053331359367625,72e6777d760308a8b761fa05fa8dc2be7bb649b0,NQM9,opening_hour_rth,2019-06-07T10:30:00-04:00,,29510,7377.625,57af7edb697da11bae2f,7397.75,7311,2019-06-07,2,0.2933998674905554103444268942,1.25,60,2019-06-07,112335,347,1468,true,2019
468,394103.000000000000000000001,2019-11-20T09:30:00-05:00,2.140628895942558650723664752,72e6777d760308a8b761fa05fa8dc2be7bb649b0,NQZ9,prior_rth,2019-11-20T16:00:00-05:00,,33313,8328.375,57fcc686aca0a9c092e1,8348,8231,2019-11-21,2,0.5839405430662477297937405871,1.25,390,2019-11-20,394103,468,6666,true,2019
250,75313.99999999999999999999994,2019-01-08T00:00:00-05:00,1.486192264055218188348985059,72e6777d760308a8b761fa05fa8dc2be7bb649b0,NQH9,midnight,2019-01-08T09:30:00-05:00,,26180,6545.125,5887d926089a26382632,6564.75,6502.25,2019-01-08,2,0.8410755662186365215589697575,1.25,570,2019-01-08,75314,250,5821,true,2019
263,194262.9999999999999999999994,2019-11-25T09:30:00-05:00,1.239084727289264085729321517,72e6777d760308a8b761fa05fa8dc2be7bb649b0,NQZ9,prior_rth,2019-11-25T16:00:00-05:00,,33455,8363.875,588d233e2889b760c785,8377.5,8311.75,2019-11-26,2,1.008809141514168422160305058,1.25,390,2019-11-25,194263,263,2729,true,2019
120,50811.99999999999999999999994,2019-09-17T17:00:00-04:00,1.575386457505057451483880916,72e6777d760308a8b761fa05fa8dc2be7bb649b0,NQZ9,full_overnight,2019-09-18T09:30:00-04:00,,31611,7902.875,58a3d1ad1af88a0194ff,7917.25,7887.25,2019-09-18,2,0.7934561034500876647609572234,1.25,930,2019-09-18,50812,120,3963,true,2019
306,123707.999999999999999999999,2019-09-25T09:30:00-04:00,2.565876961876225773292235062,72e6777d760308a8b761fa05fa8dc2be7bb649b0,NQZ9,opening_hour_rth,2019-09-25T10:30:00-04:00,,30793,7698.375,58befefaee8f5684f60c,7739.5,7663,2019-09-25,2,0.4871628759182484168730425819,1.25,60,2019-09-25,123708,306,2119,true,2019
318,105928.9999999999999999999995,2019-09-04T00:00:00-04:00,1.190454988549647731039351671,72e6777d760308a8b761fa05fa8dc2be7bb649b0,NQU9,midnight,2019-09-04T09:30:00-04:00,,30770,7692.625,5904edb3d80eac151180,7730,7650.5,2019-09-04,2,1.050018700432258261711378992,1.25,570,2019-09-04,105929,318,5597,true,2019
349,352659.9999999999999999999991,2019-04-26T09:30:00-04:00,2.506389202350395943643895669,72e6777d760308a8b761fa05fa8dc2be7bb649b0,NQM9,prior_rth,2019-04-26T16:00:00-04:00,,31230,7807.625,59d2dd9d82b99bc2154e,7842.75,7755.5,2019-04-29,2,0.4987254169575091542011751186,1.25,390,2019-04-26,352660,349,4843,true,2019
135,72087.99999999999999999999995,2019-10-17T09:30:00-04:00,2.167033994864963296419036929,72e6777d760308a8b761fa05fa8dc2be7bb649b0,NQZ9,opening_hour_rth,2019-10-17T10:30:00-04:00,,31936,7984.125,5a6df9f32f55b16f5b6b,7992.25,7958.5,2019-10-17,2,0.5768252842188996600965054676,1.25,60,2019-10-17,72088,135,1247,true,2019
116,49458.99999999999999999999998,2019-10-29T17:00:00-04:00,1.745323330474483820867675869,72e6777d760308a8b761fa05fa8dc2be7bb649b0,NQZ9,full_overnight,2019-10-30T09:30:00-04:00,,32219,8054.875,5a7aac18ebbabae8b17f,8075.25,8046.25,2019-10-30,2,0.7161996738221420796917250004,1.25,930,2019-10-30,49459,116,3735,true,2019
190,94931.00000000000000000000006,2019-11-21T17:00:00-05:00,1.539903495033003667034194913,72e6777d760308a8b761fa05fa8dc2be7bb649b0,NQZ9,full_overnight,2019-11-22T09:30:00-05:00,,33182,8295.625,5aa9a35953d2ca2222be,8313.5,8266,2019-11-22,2,0.8117391797810093485058926267,1.25,930,2019-11-22,94931,190,5094,true,2019
280,357697.9999999999999999999992,2019-03-19T09:30:00-04:00,1.521485989539223347151537052,72e6777d760308a8b761fa05fa8dc2be7bb649b0,NQM9,prior_rth,2019-03-19T16:00:00-04:00,,29581,7395.375,5b098686730331bb0c67,7421.25,7351.25,2019-03-20,2,0.8215652385853109832000414776,1.25,390,2019-03-19,357698,280,5437,true,2019
488,119277.9999999999999999999997,2019-05-13T00:00:00-04:00,1.344971860730485921889174289,72e6777d760308a8b761fa05fa8dc2be7bb649b0,NQM9,midnight,2019-05-13T09:30:00-04:00,,29651,7412.875,5b3c6becd06309848b67,7525.25,7403.25,2019-05-13,2,0.9293874738175529816632252648,1.25,570,2019-05-13,119278,488,6308,true,2019
117,61061.99999999999999999999996,2019-05-02T00:00:00-04:00,0.8676247802591473822269679333,72e6777d760308a8b761fa05fa8dc2be7bb649b0,NQM9,midnight,2019-05-02T09:30:00-04:00,,31072,7768.125,5b91d349600de0db4a64,7787.5,7758.25,2019-05-02,2,1.440714959324516399538310777,1.25,570,2019-05-02,61062,117,3269,true,2019
363,300586.9999999999999999999994,2019-07-01T09:30:00-04:00,1.976015703787069182352803633,72e6777d760308a8b761fa05fa8dc2be7bb649b0,NQU9,prior_rth,2019-07-01T16:00:00-04:00,,31224,7806.125,5ba0b27b9f655f0b68cd,7849.75,7759,2019-07-02,2,0.6325860657910525736495421999,1.25,390,2019-07-01,300587,363,5862,true,2019
94,82718.00000000000000000000004,2019-03-19T09:30:00-04:00,1.521485989539223347151537052,72e6777d760308a8b761fa05fa8dc2be7bb649b0,NQM9,opening_hour_rth,2019-03-19T10:30:00-04:00,,29545,7386.375,5ba7fa4afcf7f62c2fd0,7399,7375.5,2019-03-19,2,0.8215652385853109832000414776,1.25,60,2019-03-19,82718,94,1055,true,2019
136,78827.00000000000000000000001,2019-01-11T09:30:00-05:00,2.484946488233585554903352232,72e6777d760308a8b761fa05fa8dc2be7bb649b0,NQH9,opening_hour_rth,2019-01-11T10:30:00-05:00,,26355,6588.875,5bc6c242a1ef2ed7580f,6606,6572,2019-01-11,2,0.5030289408318637828644234213,1.25,60,2019-01-11,78827,136,1564,true,2019
161,49211.99999999999999999999996,2019-02-28T00:00:00-05:00,0.5508917484640523791521268021,72e6777d760308a8b761fa05fa8dc2be7bb649b0,NQH9,midnight,2019-02-28T09:30:00-05:00,,28399,7099.875,5bd6ccb958397daea432,7112.75,7072.5,2019-02-28,2,2.269048326617959660600658933,1.25,570,2019-02-28,49212,161,3364,true,2019
208,290650,2019-04-18T09:30:00-04:00,2.776356683409774235644049168,72e6777d760308a8b761fa05fa8dc2be7bb649b0,NQM9,prior_rth,2019-04-18T16:00:00-04:00,,30824,7706.125,5c1ea564ca0858c9e997,7717,7665,2019-04-22,2,0.4502303351256785216743388379,1.25,390,2019-04-18,290650,208,3797,true,2019
367,283017,2019-10-04T09:30:00-04:00,4.728658652780081308800828612,72e6777d760308a8b761fa05fa8dc2be7bb649b0,NQZ9,prior_rth,2019-10-04T16:00:00-04:00,,30946,7736.625,5c428e451de0d6610005,7773.75,7682,2019-10-07,2,0.2643455769989017503560302467,1.25,390,2019-10-04,283017,367,6170,true,2019
330,108316.9999999999999999999997,2019-09-05T09:30:00-04:00,2.49559595315819572894133974,72e6777d760308a8b761fa05fa8dc2be7bb649b0,NQU9,opening_hour_rth,2019-09-05T10:30:00-04:00,,31319,7829.875,5ca78c879a9edc432280,7886.75,7804.25,2019-09-05,2,0.5008823637568875915514108378,1.25,60,2019-09-05,108317,330,1302,true,2019
215,327531.9999999999999999999999,2019-05-22T09:30:00-04:00,3.251642010720362552715923791,72e6777d760308a8b761fa05fa8dc2be7bb649b0,NQM9,prior_rth,2019-05-22T16:00:00-04:00,,29767,7441.875,5caec4629ad226e48d14,7473,7419.25,2019-05-23,2,0.3844211619479837482051503204,1.25,390,2019-05-22,327532,215,6612,true,2019
284,230184.9999999999999999999994,2019-09-30T09:30:00-04:00,2.912668761317052680040452867,72e6777d760308a8b761fa05fa8dc2be7bb649b0,NQZ9,prior_rth,2019-09-30T16:00:00-04:00,,31086,7771.625,5e4e2fdc7beb916d5b9e,7781.5,7710.5,2019-10-01,2,0.4291596822134948466901562608,1.25,390,2019-09-30,230185,284,5535,true,2019
321,166249.9999999999999999999998,2019-08-12T17:00:00-04:00,2.169510255122931129039404197,72e6777d760308a8b761fa05fa8dc2be7bb649b0,NQU9,full_overnight,2019-08-13T09:30:00-04:00,,30165,7541.375,5e7b42b2442cca537357,7594.25,7514,2019-08-13,2,0.5761669008239701325433812837,1.25,930,2019-08-13,166250,321,11129,true,2019
271,328856.0000000000000000000001,2019-07-10T09:30:00-04:00,3.541826544403877945831132465,72e6777d760308a8b761fa05fa8dc2be7bb649b0,NQU9,prior_rth,2019-07-10T16:00:00-04:00,,31669,7917.375,5ed60a2b1a5243f9386b,7949.5,7881.75,2019-07-11,2,0.3529252447370729505503534571,1.25,390,2019-07-10,328856,271,5712,true,2019
110,193007.0000000000000000000001,2019-06-24T09:30:00-04:00,1.737569263394533441219367712,72e6777d760308a8b761fa05fa8dc2be7bb649b0,NQU9,prior_rth,2019-06-24T16:00:00-04:00,,31071,7767.875,5efbeebfd3a73bd66b8d,7776.75,7749.25,2019-06-25,2,0.7193957825646541183699950146,1.25,390,2019-06-24,193007,110,4292,true,2019
372,111455.0000000000000000000003,2019-01-04T17:00:00-05:00,3.504770465862619242600125358,72e6777d760308a8b761fa05fa8dc2be7bb649b0,NQH9,full_overnight,2019-01-07T09:30:00-05:00,,25702,6425.625,5f1a3c5fbcfffbcf16cb,6495.5,6402.5,2019-01-07,2,0.3566567374883253689024650675,1.25,930,2019-01-07,111455,372,10466,true,2019
219,101281.0000000000000000000002,2019-04-23T09:30:00-04:00,1.705277511155371787223395992,72e6777d760308a8b761fa05fa8dc2be7bb649b0,NQM9,opening_hour_rth,2019-04-23T10:30:00-04:00,,31145,7786.375,5f2e0f152ce7ff658b34,7794.25,7739.5,2019-04-23,2,0.7330185215150647713223452223,1.25,60,2019-04-23,101281,219,928,true,2019
130,53771.00000000000000000000002,2019-12-11T09:30:00-05:00,1.616861094783146924304413273,72e6777d760308a8b761fa05fa8dc2be7bb649b0,NQZ9,opening_hour_rth,2019-12-11T10:30:00-05:00,,33556,8389.125,5f9adac1dd3a9fd698c2,8396,8363.5,2019-12-11,2,0.7731028992120375940663632237,1.25,60,2019-12-11,53771,130,746,true,2019
69,81517.99999999999999999999994,2019-04-12T09:30:00-04:00,2.00873785606185151642557634,72e6777d760308a8b761fa05fa8dc2be7bb649b0,NQM9,opening_hour_rth,2019-04-12T10:30:00-04:00,,30580,7645.125,5f9be2cce9404ef56c24,7653.25,7636,2019-04-12,2,0.6222812977949428151206740301,1.25,60,2019-04-12,81518,69,913,true,2019
486,140303.9999999999999999999997,2019-09-03T17:00:00-04:00,2.368556353952842814698021199,72e6777d760308a8b761fa05fa8dc2be7bb649b0,NQU9,full_overnight,2019-09-04T09:30:00-04:00,,30770,7692.625,602ca797fb8ba9c65420,7730,7608.5,2019-09-04,2,0.5277476290204776325682469402,1.25,930,2019-09-04,140304,486,8052,true,2019
168,109436.9999999999999999999989,2019-06-20T09:30:00-04:00,2.301167020171435489258799587,72e6777d760308a8b761fa05fa8dc2be7bb649b0,NQU9,opening_hour_rth,2019-06-20T10:30:00-04:00,,31149,7787.375,603e5c4c338faac7690b,7802.5,7760.5,2019-06-20,2,0.5432026398096370204704060949,1.25,60,2019-06-20,109437,168,1395,true,2019
182,55323.99999999999999999999996,2019-02-04T17:00:00-05:00,3.089300612224253406824391798,72e6777d760308a8b761fa05fa8dc2be7bb649b0,NQH9,full_overnight,2019-02-05T09:30:00-05:00,,27728,6932.125,606371e3cc0a8c20eeef,6973.75,6928.25,2019-02-05,2,0.404622326184054135317024807,1.25,930,2019-02-05,55324,182,4542,true,2019
106,78750.00000000000000000000001,2019-12-20T09:30:00-05:00,2.643805065270747794367487002,72e6777d760308a8b761fa05fa8dc2be7bb649b0,NQH0,opening_hour_rth,2019-12-20T10:30:00-05:00,,34775,8693.875,6091a06acd667873ff23,8712.75,8686.25,2019-12-20,2,0.4728033909988706087593440727,1.25,60,2019-12-20,78750,106,970,true,2019
169,255263,2019-04-10T09:30:00-04:00,1.879697444109398548239028516,72e6777d760308a8b761fa05fa8dc2be7bb649b0,NQM9,prior_rth,2019-04-10T16:00:00-04:00,,30423,7605.875,60a904bd83c4fcea3b48,7638.25,7596,2019-04-11,2,0.6650006382235895063547854103,1.25,390,2019-04-10,255263,169,3915,true,2019
254,91787.99999999999999999999992,2019-04-02T17:00:00-04:00,1.133353831446125653007629086,72e6777d760308a8b761fa05fa8dc2be7bb649b0,NQM9,full_overnight,2019-04-03T09:30:00-04:00,,30270,7567.625,60fc38ffee2084065665,7576.75,7513.25,2019-04-03,2,1.102921228408463858415543336,1.25,930,2019-04-03,91788,254,4800,true,2019
183,96153.99999999999999999999998,2019-04-04T09:30:00-04:00,1.924632407769264491886973947,72e6777d760308a8b761fa05fa8dc2be7bb649b0,NQM9,opening_hour_rth,2019-04-04T10:30:00-04:00,,30363,7590.875,61d8316a248d3d1135bf,7598,7552.25,2019-04-04,2,0.6494746710873512778549660939,1.25,60,2019-04-04,96154,183,1156,true,2019
306,89498.00000000000000000000007,2019-10-11T00:00:00-04:00,1.461286658966218251522926697,72e6777d760308a8b761fa05fa8dc2be7bb649b0,NQZ9,midnight,2019-10-11T09:30:00-04:00,,31384,7846.125,61ec98b3e4a470143a52,7862.5,7786,2019-10-11,2,0.8554105331285976405227617051,1.25,570,2019-10-11,89498,306,5343,true,2019
309,299595.0000000000000000000008,2019-08-16T09:30:00-04:00,5.443381081667480291252970858,72e6777d760308a8b761fa05fa8dc2be7bb649b0,NQU9,prior_rth,2019-08-16T16:00:00-04:00,,30463,7615.875,62762c5164acb83c40cd,7632.5,7555.25,2019-08-19,2,0.2296366874275657638810610718,1.25,390,2019-08-16,299595,309,6227,true,2019
151,69454.99999999999999999999989,2019-11-22T09:30:00-05:00,2.145426667792489912772576122,72e6777d760308a8b761fa05fa8dc2be7bb649b0,NQZ9,opening_hour_rth,2019-11-22T10:30:00-05:00,,33142,8285.625,62bf8b6d67758e47db55,8298.75,8261,2019-11-22,2,0.5826346892975707968583253974,1.25,60,2019-11-22,69455,151,1068,true,2019
152,61703.00000000000000000000001,2019-02-05T17:00:00-05:00,1.813188956998726092573758972,72e6777d760308a8b761fa05fa8dc2be7bb649b0,NQH9,full_overnight,2019-02-06T09:30:00-05:00,,28068,7017.125,62e718b49b775c93d301,7029.25,6991.25,2019-02-06,2,0.6893931242935968438178818652,1.25,930,2019-02-06,61703,152,4679,true,2019
106,44160.99999999999999999999999,2019-02-20T00:00:00-05:00,1.004868391685749812811773577,72e6777d760308a8b761fa05fa8dc2be7bb649b0,NQH9,midnight,2019-02-20T09:30:00-05:00,,28277,7069.375,638a39ec449fe8b83716,7083.75,7057.25,2019-02-20,2,1.243943993404968829768089023,1.25,570,2019-02-20,44161,106,3152,true,2019
325,350408.9999999999999999999994,2019-05-03T09:30:00-04:00,2.805686972137338631172405052,72e6777d760308a8b761fa05fa8dc2be7bb649b0,NQM9,prior_rth,2019-05-03T16:00:00-04:00,,31424,7856.125,645ffeeaa167ac7091d4,7863.75,7782.5,2019-05-06,2,0.44552368543371929193519733,1.25,390,2019-05-03,350409,325,4707,true,2019
121,95551.00000000000000000000001,2019-04-05T09:30:00-04:00,2.019892412708723776930643703,72e6777d760308a8b761fa05fa8dc2be7bb649b0,NQM9,opening_hour_rth,2019-04-05T10:30:00-04:00,,30362,7590.625,648e5e608c8c5dd59afd,7607.5,7577.25,2019-04-05,2,0.6188448415050583132714345254,1.25,60,2019-04-05,95551,121,1214,true,2019
292,243972.0000000000000000000002,2019-07-29T09:30:00-04:00,1.458573445390502121171169065,72e6777d760308a8b761fa05fa8dc2be7bb649b0,NQU9,prior_rth,2019-07-29T16:00:00-04:00,,32016,8004.125,649ec4199394e7a553f8,8024.75,7951.75,2019-07-30,2,0.8570017532886998347164834064,1.25,390,2019-07-29,243972,292,4221,true,2019
212,101522.9999999999999999999999,2019-05-22T09:30:00-04:00,3.251642010720362552715923791,72e6777d760308a8b761fa05fa8dc2be7bb649b0,NQM9,opening_hour_rth,2019-05-22T10:30:00-04:00,,29757,7439.375,65043c292ca8c9055965,7473,7420,2019-05-22,2,0.3844211619479837482051503204,1.25,60,2019-05-22,101523,212,1610,true,2019
299,110780.9999999999999999999995,2019-05-23T00:00:00-04:00,1.291794205951258826364843496,72e6777d760308a8b761fa05fa8dc2be7bb649b0,NQM9,midnight,2019-05-23T09:30:00-04:00,,29371,7342.875,65356d2133a6f89c9722,7390.75,7316,2019-05-23,2,0.9676463899909798950685049889,1.25,570,2019-05-23,110781,299,6129,true,2019
428,444566.0000000000000000000006,2019-03-26T09:30:00-04:00,2.881288595398368255074733189,72e6777d760308a8b761fa05fa8dc2be7bb649b0,NQM9,prior_rth,2019-03-26T16:00:00-04:00,,29647,7411.875,655de3d4c56d8e55c91c,7447.5,7340.5,2019-03-27,2,0.4338336680318461603716868866,1.25,390,2019-03-26,444566,428,7188,true,2019
245,344140.0000000000000000000004,2019-01-16T09:30:00-05:00,1.984233042434216775513545359,72e6777d760308a8b761fa05fa8dc2be7bb649b0,NQH9,prior_rth,2019-01-16T16:00:00-05:00,,26752,6688.125,657ac1c7a8eae92c7cbe,6737.25,6676,2019-01-17,2,0.6299663261662679504809741666,1.25,390,2019-01-16,344140,245,6011,true,2019
311,129507.0000000000000000000001,2019-05-28T17:00:00-04:00,2.589305858864511511083755812,72e6777d760308a8b761fa05fa8dc2be7bb649b0,NQM9,full_overnight,2019-05-29T09:30:00-04:00,,28937,7234.375,657d09d3c8d22f4cdffc,7296,7218.25,2019-05-29,2,0.4827548648687500332721537319,1.25,930,2019-05-29,129507,311,8184,true,2019
220,120577.0000000000000000000001,2019-08-14T09:30:00-04:00,5.442462116875279847387354204,72e6777d760308a8b761fa05fa8dc2be7bb649b0,NQU9,opening_hour_rth,2019-08-14T10:30:00-04:00,,30469,7617.375,65853fb8873fc2b5ce2e,7634.5,7579.5,2019-08-14,2,0.2296754617958960721318262981,1.25,60,2019-08-14,120577,220,2644,true,2019
177,85994.99999999999999999999988,2019-08-20T00:00:00-04:00,1.430972209196694102884634513,72e6777d760308a8b761fa05fa8dc2be7bb649b0,NQU9,midnight,2019-08-20T09:30:00-04:00,,30945,7736.375,65b87c440785abca3d2b,7752,7707.75,2019-08-20,2,0.8735319889278027265285732424,1.25,570,2019-08-20,85995,177,4899,true,2019
269,79113.00000000000000000000001,2019-10-25T09:30:00-04:00,1.929975690256450066934068357,72e6777d760308a8b761fa05fa8dc2be7bb649b0,NQZ9,opening_hour_rth,2019-10-25T10:30:00-04:00,,31859,7964.875,666dd256c26b7189f555,7996.5,7929.25,2019-10-25,2,0.6476765517362051876185153361,1.25,60,2019-10-25,79113,269,1130,true,2019
205,54537.99999999999999999999992,2019-01-30T00:00:00-05:00,1.07715842519224952342575927,72e6777d760308a8b761fa05fa8dc2be7bb649b0,NQH9,midnight,2019-01-30T09:30:00-05:00,,26800,6700.125,67359fe3db842a887bf4,6717.25,6666,2019-01-30,2,1.160460681330976905332925184,1.25,570,2019-01-30,54538,205,4046,true,2019
267,296847.0000000000000000000001,2019-02-11T09:30:00-05:00,2.097292532695087996310848445,72e6777d760308a8b761fa05fa8dc2be7bb649b0,NQH9,prior_rth,2019-02-11T16:00:00-05:00,,27713,6928.375,67375b73254e167cf789,6964.5,6897.75,2019-02-12,2,0.5960065086360222781377657072,1.25,390,2019-02-11,296847,267,5999,true,2019
124,48978.00000000000000000000002,2019-04-24T00:00:00-04:00,1.127242879794897660388342849,72e6777d760308a8b761fa05fa8dc2be7bb649b0,NQM9,midnight,2019-04-24T09:30:00-04:00,,31345,7836.375,67518ad5148fd5676539,7847,7816,2019-04-24,2,1.108900328762722415088902721,1.25,570,2019-04-24,48978,124,2504,true,2019
460,143474.0000000000000000000011,2019-05-15T09:30:00-04:00,3.95964793856756526032363893,72e6777d760308a8b761fa05fa8dc2be7bb649b0,NQM9,opening_hour_rth,2019-05-15T10:30:00-04:00,,29631,7407.875,6778de38b78ca355562f,7478,7363,2019-05-15,2,0.3156846314099827856952319576,1.25,60,2019-05-15,143474,460,2280,true,2019
219,257958.9999999999999999999997,2019-08-19T09:30:00-04:00,2.495424995116749163590572363,72e6777d760308a8b761fa05fa8dc2be7bb649b0,NQU9,prior_rth,2019-08-19T16:00:00-04:00,,30944,7736.125,679f6b4f7c728b0c8e04,7750,7695.25,2019-08-20,2,0.5009166785000958911836763753,1.25,390,2019-08-19,257959,219,4664,true,2019
621,389134.0000000000000000000001,2019-08-08T09:30:00-04:00,4.461586429246931530192632312,72e6777d760308a8b761fa05fa8dc2be7bb649b0,NQU9,prior_rth,2019-08-08T16:00:00-04:00,,30800,7700.125,67c10b0fb63bcf41f595,7733.25,7578,2019-08-09,2,0.2801694015845809228306591948,1.25,390,2019-08-08,389134,621,6962,true,2019
321,366714.0000000000000000000019,2019-02-08T09:30:00-05:00,2.322755772467069704382070548,72e6777d760308a8b761fa05fa8dc2be7bb649b0,NQH9,prior_rth,2019-02-08T16:00:00-05:00,,27450,6862.625,681d8dd84d4ac49b168e,6921.25,6841,2019-02-11,2,0.5381538665480688482126502444,1.25,390,2019-02-08,366714,321,6229,true,2019
249,101475.9999999999999999999992,2019-09-05T00:00:00-04:00,1.261870674934039081124218205,72e6777d760308a8b761fa05fa8dc2be7bb649b0,NQU9,midnight,2019-09-05T09:30:00-04:00,,31237,7809.375,682169f597259163a3d5,7831.25,7769,2019-09-05,2,0.9905927959418982543928738343,1.25,570,2019-09-05,101476,249,5359,true,2019
317,193931.0000000000000000000009,2019-03-08T09:30:00-05:00,3.571457267988004377338550948,72e6777d760308a8b761fa05fa8dc2be7bb649b0,NQH9,prior_rth,2019-03-08T16:00:00-05:00,,27884,6971.125,683cfb13042d73f4c990,7022,6942.75,2019-03-11,2,0.3499971877597720242965355732,1.25,390,2019-03-08,193931,317,6715,true,2019
407,128562.9999999999999999999987,2019-12-30T09:30:00-05:00,1.457831166455116718363644342,72e6777d760308a8b761fa05fa8dc2be7bb649b0,NQH0,opening_hour_rth,2019-12-30T10:30:00-05:00,,34862,8715.625,69121598f4aa09d62a42,8793,8691.25,2019-12-30,2,0.8574381099558449014506596344,1.25,60,2019-12-30,128563,407,1739,true,2019
476,127912.0000000000000000000014,2019-10-07T17:00:00-04:00,2.293125070056803967789620037,72e6777d760308a8b761fa05fa8dc2be7bb649b0,NQZ9,full_overnight,2019-10-08T09:30:00-04:00,,30777,7694.375,694461eaaceb99bff35c,7784.5,7665.5,2019-10-08,2,0.5451076421091308914326932904,1.25,930,2019-10-08,127912,476,8958,true,2019
69,43645.00000000000000000000004,2019-12-19T00:00:00-05:00,0.51736152955769633289402396,72e6777d760308a8b761fa05fa8dc2be7bb649b0,NQH0,midnight,2019-12-19T09:30:00-05:00,,34478,8619.625,6a18e1c4f495d75f7442,8626,8608.75,2019-12-19,2,2.416105428381295167206773206,1.25,570,2019-12-19,43645,69,2354,true,2019
302,89431.99999999999999999999989,2019-01-17T17:00:00-05:00,3.130003969158297679241114157,72e6777d760308a8b761fa05fa8dc2be7bb649b0,NQH9,full_overnight,2019-01-18T09:30:00-05:00,,26952,6738.125,6a427d6782763aec3730,6787.5,6712,2019-01-18,2,0.3993605159344710585403859088,1.25,930,2019-01-18,89432,302,6548,true,2019
315,165651.9999999999999999999991,2019-08-27T17:00:00-04:00,2.950521360534409395875085881,72e6777d760308a8b761fa05fa8dc2be7bb649b0,NQU9,full_overnight,2019-08-28T09:30:00-04:00,,30353,7588.375,6adcf07ff33479a306fa,7600.5,7521.75,2019-08-28,2,0.4236539401882504432246839633,1.25,930,2019-08-28,165652,315,9939,true,2019
175,61467.00000000000000000000003,2019-01-10T00:00:00-05:00,1.750457315784218340401359706,72e6777d760308a8b761fa05fa8dc2be7bb649b0,NQH9,midnight,2019-01-10T09:30:00-05:00,,26257,6564.375,6afc985ccd62ebbf02b8,6584.25,6540.5,2019-01-10,2,0.714099103547686557631789228,1.25,570,2019-01-10,61467,175,5447,true,2019
475,140902.9999999999999999999996,2019-05-22T17:00:00-04:00,1.623358623394939269548918206,72e6777d760308a8b761fa05fa8dc2be7bb649b0,NQM9,full_overnight,2019-05-23T09:30:00-04:00,,29371,7342.875,6b6c6d3de6b5df043d60,7434.75,7316,2019-05-23,2,0.7700085378459799455641774975,1.25,930,2019-05-23,140903,475,8679,true,2019
114,91189.00000000000000000000004,2019-04-02T09:30:00-04:00,1.406444871184817729774513956,72e6777d760308a8b761fa05fa8dc2be7bb649b0,NQM9,opening_hour_rth,2019-04-02T10:30:00-04:00,,29997,7499.375,6be54e3fc5a32cc47471,7514.75,7486.25,2019-04-02,2,0.8887657281205587586997325201,1.25,60,2019-04-02,91189,114,993,true,2019
289,134922.0000000000000000000004,2019-03-22T09:30:00-04:00,3.096993415326035022229302466,72e6777d760308a8b761fa05fa8dc2be7bb649b0,NQM9,opening_hour_rth,2019-03-22T10:30:00-04:00,,29883,7470.875,6c031c673cfb54abc0e1,7513.25,7441,2019-03-22,2,0.4036172611198163097478431389,1.25,60,2019-03-22,134922,289,1798,true,2019
339,383723.0000000000000000000003,2019-01-09T09:30:00-05:00,2.66044127069228650757703604,72e6777d760308a8b761fa05fa8dc2be7bb649b0,NQH9,prior_rth,2019-01-09T16:00:00-05:00,,26421,6605.375,6c7487b9e8c8cc532fc1,6645,6560.25,2019-01-10,2,0.469846868551520910767731724,1.25,390,2019-01-09,383723,339,8871,true,2019
268,347599.9999999999999999999993,2019-02-01T09:30:00-05:00,2.801843368165274050550926853,72e6777d760308a8b761fa05fa8dc2be7bb649b0,NQH9,prior_rth,2019-02-01T16:00:00-05:00,,27517,6879.375,6c85d1444b1568bdfa46,6927.5,6860.5,2019-02-04,2,0.4461348604288808640229978937,1.25,390,2019-02-01,347600,268,6718,true,2019
249,281615.0000000000000000000002,2019-10-29T09:30:00-04:00,1.589500008853029504400360799,72e6777d760308a8b761fa05fa8dc2be7bb649b0,NQZ9,prior_rth,2019-10-29T16:00:00-04:00,,32267,8066.875,6cdd3c91ac34760f4b51,8114,8051.75,2019-10-30,2,0.7864108166328290895061227258,1.25,390,2019-10-29,281615,249,4874,true,2019
359,272017.9999999999999999999992,2019-02-04T09:30:00-05:00,1.38988595471190696029740666,72e6777d760308a8b761fa05fa8dc2be7bb649b0,NQH9,prior_rth,2019-02-04T16:00:00-05:00,,27778,6944.625,6d70f8c64c184c97881d,6963.25,6873.5,2019-02-05,2,0.8993543648400258370382325212,1.25,390,2019-02-04,272018,359,4645,true,2019
191,80625.00000000000000000000003,2019-09-16T17:00:00-04:00,1.63599040648066528570313029,72e6777d760308a8b761fa05fa8dc2be7bb649b0,NQZ9,full_overnight,2019-09-17T09:30:00-04:00,,31470,7867.625,6d8c9bff1f1d19e35abe,7898.5,7850.75,2019-09-17,2,0.7640631601801345544179059334,1.25,930,2019-09-17,80625,191,6494,true,2019
156,55011.99999999999999999999999,2019-03-18T17:00:00-04:00,1.286948691563542711931525287,72e6777d760308a8b761fa05fa8dc2be7bb649b0,NQM9,full_overnight,2019-03-19T09:30:00-04:00,,29464,7366.125,6e1c7b13793bc3cf297b,7395.5,7356.5,2019-03-19,2,0.9712896933609272944450614626,1.25,930,2019-03-19,55012,156,3667,true,2019
199,88771.00000000000000000000001,2019-11-29T13:15:00-05:00,3.062455094112725960638603087,72e6777d760308a8b761fa05fa8dc2be7bb649b0,NQZ9,full_overnight,2019-12-02T09:30:00-05:00,,33786,8446.625,6e48456bec25eb9c421d,8457.25,8407.5,2019-12-02,2,0.4081692503517861310886397041,1.25,930,2019-12-02,88771,199,4420,true,2019
266,252373.0000000000000000000004,2019-11-18T09:30:00-05:00,2.180298823711373446730082687,72e6777d760308a8b761fa05fa8dc2be7bb649b0,NQZ9,prior_rth,2019-11-18T16:00:00-05:00,,33283,8320.875,6e83da60cae789617a9b,8345.75,8279.25,2019-11-19,2,0.573315908079155205967170355,1.25,390,2019-11-18,252373,266,3928,true,2019
181,83372.00000000000000000000003,2019-10-03T00:00:00-04:00,1.508760369134190701614468953,72e6777d760308a8b761fa05fa8dc2be7bb649b0,NQZ9,midnight,2019-10-03T09:30:00-04:00,,30236,7559.125,6eb28b20ff7681085ff8,7587.75,7542.5,2019-10-03,2,0.82849472028306153911266526,1.25,570,2019-10-03,83372,181,6141,true,2019
123,38631.99999999999999999999999,2019-12-23T00:00:00-05:00,0.2814451253936739321420217181,72e6777d760308a8b761fa05fa8dc2be7bb649b0,NQH0,midnight,2019-12-23T09:30:00-05:00,,34936,8734.125,6eda577a90715666817f,8743.25,8712.5,2019-12-23,2,4.441363119192599682786811805,1.25,570,2019-12-23,38632,123,1908,true,2019
343,77114.99999999999999999999979,2019-09-19T00:00:00-04:00,1.891096881598569237907013145,72e6777d760308a8b761fa05fa8dc2be7bb649b0,NQZ9,midnight,2019-09-19T09:30:00-04:00,,31597,7899.375,6f805781f9087264c721,7938.25,7852.5,2019-09-19,2,0.6609920476117323223476086076,1.25,570,2019-09-19,77115,343,4660,true,2019
201,248281.9999999999999999999996,2019-11-06T09:30:00-05:00,1.628368753186019523647812426,72e6777d760308a8b761fa05fa8dc2be7bb649b0,NQZ9,prior_rth,2019-11-06T16:00:00-05:00,,32779,8194.875,6febcdfb0e2a6b0704a7,8211.25,8161,2019-11-07,2,0.7676393922164656557534648351,1.25,390,2019-11-06,248282,201,4454,true,2019
163,61202.00000000000000000000001,2019-03-07T00:00:00-05:00,0.510234571236447325562854075,72e6777d760308a8b761fa05fa8dc2be7bb649b0,NQH9,midnight,2019-03-07T09:30:00-05:00,,28381,7095.375,6ff4f7137f72730761ad,7123.25,7082.5,2019-03-07,2,2.449853597671527962400710994,1.25,570,2019-03-07,61202,163,3148,true,2019
184,228597.9999999999999999999998,2019-10-23T09:30:00-04:00,1.831739226454306645699146062,72e6777d760308a8b761fa05fa8dc2be7bb649b0,NQZ9,prior_rth,2019-10-23T16:00:00-04:00,,31544,7886.125,70389e34728de4daeae5,7899,7853,2019-10-24,2,0.6824115474229495475705426909,1.25,390,2019-10-23,228598,184,4941,true,2019
206,279563.0000000000000000000001,2019-06-12T09:30:00-04:00,1.92421197631854637174461112,72e6777d760308a8b761fa05fa8dc2be7bb649b0,NQM9,prior_rth,2019-06-12T16:00:00-04:00,,29901,7475.375,70f7231fe8ce6f7bf357,7512.5,7461,2019-06-13,2,0.6496165783104277883124786188,1.25,390,2019-06-12,279563,206,5681,true,2019
201,78329.99999999999999999999991,2019-08-30T09:30:00-04:00,2.143520933225968907188579613,72e6777d760308a8b761fa05fa8dc2be7bb649b0,NQU9,opening_hour_rth,2019-08-30T10:30:00-04:00,,30938,7734.625,7123e75efaa38a534259,7750.75,7700.5,2019-08-30,2,0.5831526908014691283332162161,1.25,60,2019-08-30,78330,201,1447,true,2019
204,90954.00000000000000000000004,2019-10-11T09:30:00-04:00,2.169768435291274818917314836,72e6777d760308a8b761fa05fa8dc2be7bb649b0,NQZ9,opening_hour_rth,2019-10-11T10:30:00-04:00,,31528,7882.125,718cee0e7be3b718dbde,7893.75,7842.75,2019-10-11,2,0.5760983428778643189634588436,1.25,60,2019-10-11,90954,204,1210,true,2019
283,93223,2019-06-28T17:00:00-04:00,2.903037617745300910621732807,72e6777d760308a8b761fa05fa8dc2be7bb649b0,NQU9,full_overnight,2019-07-01T09:30:00-04:00,,31296,7824.125,71dc9ac9f8d572e4c40f,7843.5,7772.75,2019-07-01,2,0.4305834662145494859881569856,1.25,930,2019-07-01,93223,283,6755,true,2019
102,43845.99999999999999999999997,2019-10-25T00:00:00-04:00,0.7990617002838441363305182408,72e6777d760308a8b761fa05fa8dc2be7bb649b0,NQZ9,midnight,2019-10-25T09:30:00-04:00,,31759,7939.875,71facac37d67b58b9fef,7946.5,7921,2019-10-25,2,1.564334768586672028804177401,1.25,570,2019-10-25,43846,102,2775,true,2019
457,153819.0000000000000000000016,2019-12-02T09:30:00-05:00,2.087644680835047816566285242,72e6777d760308a8b761fa05fa8dc2be7bb649b0,NQZ9,opening_hour_rth,2019-12-02T10:30:00-05:00,,33247,8311.875,72631ab0b35cbbdaaaab,8413.5,8299.25,2019-12-02,2,0.5987608961789445994231643424,1.25,60,2019-12-02,153819,457,1712,true,2019
94,70751.99999999999999999999995,2019-02-20T09:30:00-05:00,1.577246758234516674586313882,72e6777d760308a8b761fa05fa8dc2be7bb649b0,NQH9,opening_hour_rth,2019-02-20T10:30:00-05:00,,28363,7090.875,73505371dd7efb26b422,7098.5,7075,2019-02-20,2,0.7925202530764312946561855852,1.25,60,2019-02-20,70752,94,959,true,2019
104,59255.99999999999999999999999,2019-05-30T00:00:00-04:00,1.167102119273504298001960965,72e6777d760308a8b761fa05fa8dc2be7bb649b0,NQM9,midnight,2019-05-30T09:30:00-04:00,,28976,7244.125,7398794d29a55ec2a47d,7253.75,7227.75,2019-05-30,2,1.071028815180369847108658151,1.25,570,2019-05-30,59256,104,4017,true,2019
207,127561.9999999999999999999991,2019-01-28T09:30:00-05:00,4.211357251771601169337598388,72e6777d760308a8b761fa05fa8dc2be7bb649b0,NQH9,opening_hour_rth,2019-01-28T10:30:00-05:00,,26711,6677.875,73bc227c29d192caea04,6703.75,6652,2019-01-28,2,0.2968164240813717895860858729,1.25,60,2019-01-28,127562,207,1679,true,2019
513,102890.9999999999999999999998,2019-06-19T17:00:00-04:00,1.825909096785170900547793096,72e6777d760308a8b761fa05fa8dc2be7bb649b0,NQU9,full_overnight,2019-06-20T09:30:00-04:00,,31188,7797.125,7402e44138a70f3020ad,7821,7692.75,2019-06-20,2,0.684590488212606762688285668,1.25,930,2019-06-20,102891,513,6363,true,2019
170,46350.99999999999999999999999,2019-06-25T00:00:00-04:00,1.591264658819971928634639945,72e6777d760308a8b761fa05fa8dc2be7bb649b0,NQU9,midnight,2019-06-25T09:30:00-04:00,,30945,7736.375,742e80b4fafe9aceaa9f,7756.75,7714.25,2019-06-25,2,0.7855387179446049774768389349,1.25,570,2019-06-25,46351,170,3911,true,2019
330,291738.9999999999999999999997,2019-09-05T09:30:00-04:00,2.49559595315819572894133974,72e6777d760308a8b761fa05fa8dc2be7bb649b0,NQU9,prior_rth,2019-09-05T16:00:00-04:00,,31431,7857.875,745847ce6a81e0d95449,7886.75,7804.25,2019-09-06,2,0.5008823637568875915514108378,1.25,390,2019-09-05,291739,330,4936,true,2019
241,260625.0000000000000000000008,2019-04-15T09:30:00-04:00,1.282695487711267595873494507,72e6777d760308a8b761fa05fa8dc2be7bb649b0,NQM9,prior_rth,2019-04-15T16:00:00-04:00,,30596,7649.125,745d6dece889262f721f,7659,7598.75,2019-04-16,2,0.97451032764634836678199864,1.25,390,2019-04-15,260625,241,3322,true,2019
254,315464.0000000000000000000004,2019-07-11T09:30:00-04:00,2.481766341057412906254154298,72e6777d760308a8b761fa05fa8dc2be7bb649b0,NQU9,prior_rth,2019-07-11T16:00:00-04:00,,31648,7912.125,74c3420721e6edb5bb69,7957.75,7894.25,2019-07-12,2,0.5036735245056990798937001182,1.25,390,2019-07-11,315464,254,4904,true,2019
310,127090.0000000000000000000001,2019-01-08T09:30:00-05:00,2.465695004175717285665388292,72e6777d760308a8b761fa05fa8dc2be7bb649b0,NQH9,opening_hour_rth,2019-01-08T10:30:00-05:00,,26306,6576.625,75f67d0688311528b1a3,6586.25,6508.75,2019-01-08,2,0.5069564556374949720524451163,1.25,60,2019-01-08,127090,310,1879,true,2019
493,461841.9999999999999999999991,2019-08-09T09:30:00-04:00,2.528830068612255862201094976,72e6777d760308a8b761fa05fa8dc2be7bb649b0,NQU9,prior_rth,2019-08-09T16:00:00-04:00,,30664,7666.125,76057265615182df68d0,7720,7596.75,2019-08-12,2,0.4942997220394336506667101846,1.25,390,2019-08-09,461842,493,9787,true,2019
207,68607.00000000000000000000001,2019-02-22T17:00:00-05:00,1.606983293133367872001880003,72e6777d760308a8b761fa05fa8dc2be7bb649b0,NQH9,full_overnight,2019-02-25T09:30:00-05:00,,28472,7118.125,76345939436028a07132,7153.75,7102,2019-02-25,2,0.7778550065462685137268043328,1.25,930,2019-02-25,68607,207,4624,true,2019
273,111400.9999999999999999999993,2019-10-08T09:30:00-04:00,3.398594467148544392114042377,72e6777d760308a8b761fa05fa8dc2be7bb649b0,NQZ9,opening_hour_rth,2019-10-08T10:30:00-04:00,,30589,7647.375,764af0b1d7d69f5cd02b,7693.75,7625.5,2019-10-08,2,0.3677991040363114631266292483,1.25,60,2019-10-08,111401,273,1869,true,2019
548,454198.0000000000000000000005,2019-12-02T09:30:00-05:00,2.087644680835047816566285242,72e6777d760308a8b761fa05fa8dc2be7bb649b0,NQZ9,prior_rth,2019-12-02T16:00:00-05:00,,33264,8316.125,772bac014f6cb12a01c4,8413.5,8276.5,2019-12-03,2,0.5987608961789445994231643424,1.25,390,2019-12-02,454198,548,6624,true,2019
565,118677.9999999999999999999999,2019-08-29T00:00:00-04:00,1.123744074346178210410703632,72e6777d760308a8b761fa05fa8dc2be7bb649b0,NQU9,midnight,2019-08-29T09:30:00-04:00,,30746,7686.625,774c0a98314d23b736cb,7702.75,7561.5,2019-08-29,2,1.112352917836101227403112446,1.25,570,2019-08-29,118678,565,6782,true,2019
99,41238,2019-03-04T00:00:00-05:00,0.3800516028759859924964441504,72e6777d760308a8b761fa05fa8dc2be7bb649b0,NQH9,midnight,2019-03-04T09:30:00-05:00,,28763,7190.875,7805ebb7abd385099f3d,7205.5,7180.75,2019-03-04,2,3.289027044066659086088056247,1.25,570,2019-03-04,41238,99,2629,true,2019
85,41758.99999999999999999999994,2019-11-27T00:00:00-05:00,0.6180586164305482889363293379,72e6777d760308a8b761fa05fa8dc2be7bb649b0,NQZ9,midnight,2019-11-27T09:30:00-05:00,,33663,8415.875,7876255ab84af5050647,8430.25,8409,2019-11-27,2,2.022461894017561098269377125,1.25,570,2019-11-27,41759,85,2179,true,2019
246,293246.0000000000000000000003,2019-04-01T09:30:00-04:00,1.849316908118637045724150211,72e6777d760308a8b761fa05fa8dc2be7bb649b0,NQM9,prior_rth,2019-04-01T16:00:00-04:00,,29986,7496.625,78bc36a5956e05f6f9ad,7506.5,7445,2019-04-02,2,0.6759252535422177758996642913,1.25,390,2019-04-01,293246,246,4564,true,2019
206,87601,2019-03-22T00:00:00-04:00,1.264527249549990127655167437,72e6777d760308a8b761fa05fa8dc2be7bb649b0,NQM9,midnight,2019-03-22T09:30:00-04:00,,30014,7503.625,78ff3cfc087409ed06ba,7538.5,7487,2019-03-22,2,0.9885117149075593512412819128,1.25,570,2019-03-22,87601,206,4599,true,2019
356,85612.00000000000000000000004,2019-10-02T00:00:00-04:00,1.280680588103548594623100993,72e6777d760308a8b761fa05fa8dc2be7bb649b0,NQZ9,midnight,2019-10-02T09:30:00-04:00,,30569,7642.375,78ff5ff9ea72c1b99826,7719.25,7630.25,2019-10-02,2,0.9760435284265681899603026855,1.25,570,2019-10-02,85612,356,5769,true,2019
268,316134.9999999999999999999995,2019-03-15T09:30:00-04:00,3.642663297700867476164805272,72e6777d760308a8b761fa05fa8dc2be7bb649b0,NQM9,prior_rth,2019-03-15T16:00:00-04:00,,29409,7352.375,799869e98a5b470439ec,7361,7294,2019-03-18,2,0.3431555150290612929657077518,1.25,390,2019-03-15,316135,268,4072,true,2019
90,55577.99999999999999999999994,2019-07-31T00:00:00-04:00,1.065617262394542714448089776,72e6777d760308a8b761fa05fa8dc2be7bb649b0,NQU9,midnight,2019-07-31T09:30:00-04:00,,31978,7994.625,7a022301129e406cdf66,8001.25,7978.75,2019-07-31,2,1.173029045335782047726221225,1.25,570,2019-07-31,55578,90,3313,true,2019
263,262302.0000000000000000000005,2019-09-19T09:30:00-04:00,2.382001276182041837715400088,72e6777d760308a8b761fa05fa8dc2be7bb649b0,NQZ9,prior_rth,2019-09-19T16:00:00-04:00,,31713,7928.375,7a1ec2249358c269dd2b,7973.75,7908,2019-09-20,2,0.5247688204447754962287813028,1.25,390,2019-09-19,262302,263,5129,true,2019
259,76965.00000000000000000000006,2019-01-07T00:00:00-05:00,1.502962328554031734558337745,72e6777d760308a8b761fa05fa8dc2be7bb649b0,NQH9,midnight,2019-01-07T09:30:00-05:00,,25702,6425.625,7ae4e8e6fa2df217b9d7,6467.25,6402.5,2019-01-07,2,0.8316908389863627252938746109,1.25,570,2019-01-07,76965,259,6483,true,2019
111,63434.99999999999999999999999,2019-02-19T17:00:00-05:00,1.457430077056672693763834521,72e6777d760308a8b761fa05fa8dc2be7bb649b0,NQH9,full_overnight,2019-02-20T09:30:00-05:00,,28276,7069.125,7b23a05c713d418e5f3e,7085,7057.25,2019-02-20,2,0.8576740796542469732045856807,1.25,930,2019-02-20,63435,111,4876,true,2019
190,63727.9999999999999999999999,2019-07-25T00:00:00-04:00,0.8113379176487792328009866229,72e6777d760308a8b761fa05fa8dc2be7bb649b0,NQU9,midnight,2019-07-25T09:30:00-04:00,,32069,8017.375,7b2654c425402875cc4f,8034.5,7987,2019-07-25,2,1.540665082709857487945100017,1.25,570,2019-07-25,63728,190,3526,true,2019
228,86001.00000000000000000000001,2019-01-21T13:00:00-05:00,1.197893880626107837368032441,72e6777d760308a8b761fa05fa8dc2be7bb649b0,NQH9,full_overnight,2019-01-22T09:30:00-05:00,,26962,6740.625,7b26c9a0f1a92425cdf7,6778.25,6721.25,2019-01-22,2,1.043498109654469271741007868,1.25,930,2019-01-22,86001,228,6289,true,2019
231,303943.9999999999999999999999,2019-03-18T09:30:00-04:00,1.705833403234387584214573393,72e6777d760308a8b761fa05fa8dc2be7bb649b0,NQM9,prior_rth,2019-03-18T16:00:00-04:00,,29397,7349.375,7b39c7509a7066543541,7379.5,7321.75,2019-03-19,2,0.7327796475493483748185822683,1.25,390,2019-03-18,303944,231,4179,true,2019
108,64572.00000000000000000000004,2019-04-01T00:00:00-04:00,0.7622333606099812819677650858,72e6777d760308a8b761fa05fa8dc2be7bb649b0,NQM9,midnight,2019-04-01T09:30:00-04:00,,29895,7473.875,7bb4bea3b83cde2e031a,7487.5,7460.5,2019-04-01,2,1.639917726770291033579263394,1.25,570,2019-04-01,64572,108,3296,true,2019
184,168151,2019-12-16T09:30:00-05:00,1.484326832527940842902721415,72e6777d760308a8b761fa05fa8dc2be7bb649b0,NQH0,prior_rth,2019-12-16T16:00:00-05:00,,34445,8611.375,7c17b8694d91ddb9a322,8617.5,8571.5,2019-12-17,2,0.8421325900786544634517684128,1.25,390,2019-12-16,168151,184,2910,true,2019
275,113252.9999999999999999999996,2019-09-03T00:00:00-04:00,1.6168637449329025919518435,72e6777d760308a8b761fa05fa8dc2be7bb649b0,NQU9,midnight,2019-09-03T09:30:00-04:00,,30536,7634.125,7c2c411cb90b0f7b5900,7662,7593.25,2019-09-03,2,0.7731016320437521565355746047,1.25,570,2019-09-03,113253,275,8550,true,2019
302,295812.0000000000000000000002,2019-10-07T09:30:00-04:00,2.346945496641184251210380238,72e6777d760308a8b761fa05fa8dc2be7bb649b0,NQZ9,prior_rth,2019-10-07T16:00:00-04:00,,31011,7752.875,7c761367d5f8e83b3eb4,7799.75,7724.25,2019-10-08,2,0.5326071703790860724237314318,1.25,390,2019-10-07,295812,302,6881,true,2019
685,188494.0000000000000000000007,2019-08-13T17:00:00-04:00,2.174230733492571645234457948,72e6777d760308a8b761fa05fa8dc2be7bb649b0,NQU9,full_overnight,2019-08-14T09:30:00-04:00,,30493,7623.375,7ce22c86ae31bb056222,7767.5,7596.25,2019-08-14,2,0.5749159832692019482412049489,1.25,930,2019-08-14,188494,685,11109,true,2019
88,44904.99999999999999999999998,2019-12-27T00:00:00-05:00,0.5432532356867500618428718212,72e6777d760308a8b761fa05fa8dc2be7bb649b0,NQH0,midnight,2019-12-27T09:30:00-05:00,,35341,8835.375,7d2bca7ca7d14e1fedf6,8843.5,8821.5,2019-12-27,2,2.300952701036047379020157157,1.25,570,2019-12-27,44905,88,2131,true,2019
269,93634.99999999999999999999997,2019-02-20T17:00:00-05:00,1.582397177412304994296600363,72e6777d760308a8b761fa05fa8dc2be7bb649b0,NQH9,full_overnight,2019-02-21T09:30:00-05:00,,28262,7065.625,7deb2cc3c002cf862300,7113.75,7046.5,2019-02-21,2,0.7899407417069118589535245648,1.25,930,2019-02-21,93635,269,6136,true,2019
183,120136.9999999999999999999999,2019-01-09T09:30:00-05:00,2.66044127069228650757703604,72e6777d760308a8b761fa05fa8dc2be7bb649b0,NQH9,opening_hour_rth,2019-01-09T10:30:00-05:00,,26378,6594.625,7e218ee42c509b11ef93,6614.75,6569,2019-01-09,2,0.469846868551520910767731724,1.25,60,2019-01-09,120137,183,2214,true,2019
291,375394.9999999999999999999995,2019-04-25T09:30:00-04:00,1.711687481822584066201264526,72e6777d760308a8b761fa05fa8dc2be7bb649b0,NQM9,prior_rth,2019-04-25T16:00:00-04:00,,31374,7843.625,7e3218a8ac7ea1e44a9c,7864.75,7792,2019-04-26,2,0.7302734951762427821944890866,1.25,390,2019-04-25,375395,291,4908,true,2019
334,318233.9999999999999999999998,2019-06-19T09:30:00-04:00,1.509443038968357830564246279,72e6777d760308a8b761fa05fa8dc2be7bb649b0,NQU9,prior_rth,2019-06-19T16:00:00-04:00,,30622,7655.625,7f1d70f3ff6d4f86589c,7713.5,7630,2019-06-20,2,0.8281200202521875447821781112,1.25,390,2019-06-19,318234,334,6540,true,2019
150,106013.9999999999999999999998,2019-05-31T09:30:00-04:00,2.44356854093911423741419855,72e6777d760308a8b761fa05fa8dc2be7bb649b0,NQM9,opening_hour_rth,2019-05-31T10:30:00-04:00,,28613,7153.375,7f32a9dd9e9d3a98ee77,7171,7133.5,2019-05-31,2,0.5115469359904261123388751531,1.25,60,2019-05-31,106014,150,1554,true,2019
277,133854.9999999999999999999999,2019-06-05T09:30:00-04:00,3.545888464597944705117154188,72e6777d760308a8b761fa05fa8dc2be7bb649b0,NQM9,opening_hour_rth,2019-06-05T10:30:00-04:00,,28792,7198.125,7fa89eb38fdbe19e4f0f,7242,7172.75,2019-06-05,2,0.3525209584226820619669476447,1.25,60,2019-06-05,133855,277,2001,true,2019
88,74355.00000000000000000000001,2019-11-20T09:30:00-05:00,2.140628895942558650723664752,72e6777d760308a8b761fa05fa8dc2be7bb649b0,NQZ9,opening_hour_rth,2019-11-20T10:30:00-05:00,,33313,8328.375,7fd6961b142db1114187,8338.75,8316.75,2019-11-20,2,0.5839405430662477297937405871,1.25,60,2019-11-20,74355,88,1042,true,2019
125,99573,2019-04-30T09:30:00-04:00,2.410538482103851477605996529,72e6777d760308a8b761fa05fa8dc2be7bb649b0,NQM9,opening_hour_rth,2019-04-30T10:30:00-04:00,,31181,7795.375,7fe8f997d1e4ac5ee5e7,7806.75,7775.5,2019-04-30,2,0.5185563347277636028282961956,1.25,60,2019-04-30,99573,125,1238,true,2019
240,274078.9999999999999999999999,2019-02-26T09:30:00-05:00,1.897772370222002373931399301,72e6777d760308a8b761fa05fa8dc2be7bb649b0,NQH9,prior_rth,2019-02-26T16:00:00-05:00,,28497,7124.375,803620f3bb4f3f4cb52d,7151,7091,2019-02-27,2,0.6586669822017560337444366043,1.25,390,2019-02-26,274079,240,4728,true,2019
487,119492.0000000000000000000001,2019-08-23T00:00:00-04:00,0.9814957944757428426266946975,72e6777d760308a8b761fa05fa8dc2be7bb649b0,NQU9,midnight,2019-08-23T09:30:00-04:00,,30996,7749.125,805e171ed398327b06aa,7762,7640.25,2019-08-23,2,1.273566333177898399002502966,1.25,570,2019-08-23,119492,487,6324,true,2019
101,45554.00000000000000000000004,2019-06-14T09:30:00-04:00,2.654999115535034495178204379,72e6777d760308a8b761fa05fa8dc2be7bb649b0,NQM9,opening_hour_rth,2019-06-14T10:30:00-04:00,,29892,7473.125,8068e8db45317fae317a,7481.5,7456.25,2019-06-14,2,0.470809949685463618787369038,1.25,60,2019-06-14,45554,101,1494,true,2019
208,64596.99999999999999999999996,2019-12-05T00:00:00-05:00,0.8048000004043896374385991333,72e6777d760308a8b761fa05fa8dc2be7bb649b0,NQZ9,midnight,2019-12-05T09:30:00-05:00,,33247,8311.875,80c7ee704ec615e55919,8340,8288,2019-12-05,2,1.553180913732492213492998703,1.25,570,2019-12-05,64597,208,3717,true,2019
86,61597.00000000000000000000002,2019-12-18T09:30:00-05:00,1.164320265260970872478582948,72e6777d760308a8b761fa05fa8dc2be7bb649b0,NQH0,opening_hour_rth,2019-12-18T10:30:00-05:00,,34490,8622.625,812647ec956a5b9f0624,8629,8607.5,2019-12-18,2,1.073587772450069708561988252,1.25,60,2019-12-18,61597,86,683,true,2019
191,114442.0000000000000000000006,2019-02-15T09:30:00-05:00,3.741951011781449324326908362,72e6777d760308a8b761fa05fa8dc2be7bb649b0,NQH9,opening_hour_rth,2019-02-15T10:30:00-05:00,,28231,7057.875,8198d11d99d8356428d8,7084.25,7036.5,2019-02-15,2,0.3340503379291719404965970514,1.25,60,2019-02-15,114442,191,1610,true,2019
171,96124.99999999999999999999985,2019-03-01T09:30:00-05:00,1.88113572414022685859101632,72e6777d760308a8b761fa05fa8dc2be7bb649b0,NQH9,opening_hour_rth,2019-03-01T10:30:00-05:00,,28607,7151.875,81c35edd1ce2984ff497,7162,7119.25,2019-03-01,2,0.6644921915835246491847403586,1.25,60,2019-03-01,96125,171,1175,true,2019
223,91793.0000000000000000000001,2019-09-26T09:30:00-04:00,2.642552587556231023058558196,72e6777d760308a8b761fa05fa8dc2be7bb649b0,NQZ9,opening_hour_rth,2019-09-26T10:30:00-04:00,,31119,7779.875,81e1bc7a70685b208915,7814,7758.25,2019-09-26,2,0.4730274833077096448430820213,1.25,60,2019-09-26,91793,223,1607,true,2019
138,99207.99999999999999999999996,2019-10-15T17:00:00-04:00,1.891720519761656939346550446,72e6777d760308a8b761fa05fa8dc2be7bb649b0,NQZ9,full_overnight,2019-10-16T09:30:00-04:00,,31748,7937.125,81eff032a52c2d30aad6,7960.25,7925.75,2019-10-16,2,0.6607741402294938001639635552,1.25,930,2019-10-16,99208,138,6709,true,2019
338,118116.0000000000000000000003,2019-10-01T09:30:00-04:00,1.912634502055428509529358485,72e6777d760308a8b761fa05fa8dc2be7bb649b0,NQZ9,opening_hour_rth,2019-10-01T10:30:00-04:00,,31341,7835.375,825b4e37d9ad4cc00d08,7841.5,7757,2019-10-01,2,0.6535488085447988868485201732,1.25,60,2019-10-01,118116,338,1810,true,2019
223,68987.00000000000000000000011,2019-06-17T09:30:00-04:00,1.819509394566138047157786265,72e6777d760308a8b761fa05fa8dc2be7bb649b0,NQU9,opening_hour_rth,2019-06-17T10:30:00-04:00,,30256,7564.125,826a66a9024a6b490c6e,7574,7518.25,2019-06-17,2,0.6869983764486483771112601929,1.25,60,2019-06-17,68987,223,1217,true,2019
200,94943.00000000000000000000003,2019-03-28T09:30:00-04:00,3.223466063463673861387807753,72e6777d760308a8b761fa05fa8dc2be7bb649b0,NQM9,opening_hour_rth,2019-03-28T10:30:00-04:00,,29392,7348.125,82c1c56a66996a586b6d,7372.5,7322.5,2019-03-28,2,0.3877813432466702929897312521,1.25,60,2019-03-28,94943,200,1572,true,2019
102,37064.99999999999999999999995,2019-03-18T00:00:00-04:00,0.7833762555994246614518620383,72e6777d760308a8b761fa05fa8dc2be7bb649b0,NQM9,midnight,2019-03-18T09:30:00-04:00,,29393,7348.375,82ee03676e548b02c0ca,7358,7332.5,2019-03-18,2,1.595657247797897186002319596,1.25,570,2019-03-18,37065,102,2348,true,2019
381,316023,2019-06-06T09:30:00-04:00,3.043680412270043147541082158,72e6777d760308a8b761fa05fa8dc2be7bb649b0,NQM9,prior_rth,2019-06-06T16:00:00-04:00,,28942,7235.625,82f7e32b334851128bed,7299.25,7204,2019-06-07,2,0.4106870074009257670602068135,1.25,390,2019-06-06,316023,381,6693,true,2019
843,450778.9999999999999999999999,2019-07-31T09:30:00-04:00,1.567921448863779520956323328,72e6777d760308a8b761fa05fa8dc2be7bb649b0,NQU9,prior_rth,2019-07-31T16:00:00-04:00,,31895,7973.875,82faab9bb5a151437cbc,7993,7782.25,2019-08-01,2,0.7972338160855146081600591872,1.25,390,2019-07-31,450779,843,8970,true,2019
101,69706.99999999999999999999992,2019-11-06T09:30:00-05:00,1.628368753186019523647812426,72e6777d760308a8b761fa05fa8dc2be7bb649b0,NQZ9,opening_hour_rth,2019-11-06T10:30:00-05:00,,32779,8194.875,838792c30c8e11e6a789,8211.25,8186,2019-11-06,2,0.7676393922164656557534648351,1.25,60,2019-11-06,69707,101,952,true,2019
122,63409.99999999999999999999994,2019-09-17T09:30:00-04:00,2.770890018380711791973842862,72e6777d760308a8b761fa05fa8dc2be7bb649b0,NQZ9,opening_hour_rth,2019-09-17T10:30:00-04:00,,31507,7876.875,839c9ff1859e733a99e3,7893,7862.5,2019-09-17,2,0.4511185906723540814864682818,1.25,60,2019-09-17,63410,122,1321,true,2019
118,55927.99999999999999999999997,2019-04-25T00:00:00-04:00,0.6917013151839649469621079396,72e6777d760308a8b761fa05fa8dc2be7bb649b0,NQM9,midnight,2019-04-25T09:30:00-04:00,,31497,7874.375,83a75835b20a9382a479,7879.5,7850,2019-04-25,2,1.807138388435115064395019751,1.25,570,2019-04-25,55928,118,2638,true,2019
318,129635.0000000000000000000008,2019-08-02T00:00:00-04:00,2.092710101900656721904629576,72e6777d760308a8b761fa05fa8dc2be7bb649b0,NQU9,midnight,2019-08-02T09:30:00-04:00,,31013,7753.375,83c700743904299140fc,7804,7724.5,2019-08-02,2,0.5973115907763410277990248562,1.25,570,2019-08-02,129635,318,8829,true,2019
738,298372.9999999999999999999993,2019-08-14T17:00:00-04:00,3.64906166972354214700800817,72e6777d760308a8b761fa05fa8dc2be7bb649b0,NQU9,full_overnight,2019-08-15T09:30:00-04:00,,30101,7525.375,84102c9422caaaabc909,7572.75,7388.25,2019-08-15,2,0.3425538160594314352933377818,1.25,930,2019-08-15,298373,738,17464,true,2019
274,143498.9999999999999999999991,2019-04-26T09:30:00-04:00,2.506389202350395943643895669,72e6777d760308a8b761fa05fa8dc2be7bb649b0,NQM9,opening_hour_rth,2019-04-26T10:30:00-04:00,,31133,7783.375,845835616589e96d0ea1,7824,7755.5,2019-04-26,2,0.4987254169575091542011751186,1.25,60,2019-04-26,143499,274,1640,true,2019
515,482842.0000000000000000000004,2019-03-27T09:30:00-04:00,2.290412572845295536861519238,72e6777d760308a8b761fa05fa8dc2be7bb649b0,NQM9,prior_rth,2019-03-27T16:00:00-04:00,,29324,7331.125,846040057c2418291870,7404.75,7276,2019-03-28,2,0.5457532039510116924350934663,1.25,390,2019-03-27,482842,515,8256,true,2019
142,55473.99999999999999999999997,2019-01-14T00:00:00-05:00,0.8341970872585728027620905954,72e6777d760308a8b761fa05fa8dc2be7bb649b0,NQH9,midnight,2019-01-14T09:30:00-05:00,,26187,6546.875,846148f7699d3ec4eadc,6561.25,6525.75,2019-01-14,2,1.498446852778979312699165033,1.25,570,2019-01-14,55474,142,4328,true,2019
202,297454.9999999999999999999989,2019-03-29T09:30:00-04:00,1.897746249362930377092151431,72e6777d760308a8b761fa05fa8dc2be7bb649b0,NQM9,prior_rth,2019-03-29T16:00:00-04:00,,29563,7390.875,849712fc66edc9961f37,7406.5,7356,2019-04-01,2,0.6586760481911754543788897163,1.25,390,2019-03-29,297455,202,5368,true,2019
202,80397.99999999999999999999983,2019-03-28T00:00:00-04:00,1.442884918972707845920823302,72e6777d760308a8b761fa05fa8dc2be7bb649b0,NQM9,midnight,2019-03-28T09:30:00-04:00,,29344,7336.125,854518816b8dedf321d9,7351.75,7301.25,2019-03-28,2,0.8663199563343996235434657444,1.25,570,2019-03-28,80398,202,4786,true,2019
124,260625.9999999999999999999996,2019-04-05T09:30:00-04:00,2.019892412708723776930643703,72e6777d760308a8b761fa05fa8dc2be7bb649b0,NQM9,prior_rth,2019-04-05T16:00:00-04:00,,30397,7599.375,858b16ee7c9124416ffd,7608.25,7577.25,2019-04-08,2,0.6188448415050583132714345254,1.25,390,2019-04-05,260626,124,4052,true,2019
192,133032.9999999999999999999999,2019-06-14T09:30:00-04:00,2.654999115535034495178204379,72e6777d760308a8b761fa05fa8dc2be7bb649b0,NQM9,prior_rth,2019-06-14T16:00:00-04:00,,29919,7479.875,858eb0baab816319b8b8,7504.25,7456.25,2019-06-17,2,0.470809949685463618787369038,1.25,390,2019-06-14,133033,192,4918,true,2019
545,588843.0000000000000000000009,2019-05-09T09:30:00-04:00,4.094672238346397203177807088,72e6777d760308a8b761fa05fa8dc2be7bb649b0,NQM9,prior_rth,2019-05-09T16:00:00-04:00,,30026,7506.625,85d389e8fccb78e938a5,7617.25,7481,2019-05-10,2,0.3052747392804272809569931064,1.25,390,2019-05-09,588843,545,11098,true,2019
213,81919.00000000000000000000009,2019-06-07T00:00:00-04:00,1.017066769020903356032647316,72e6777d760308a8b761fa05fa8dc2be7bb649b0,NQM9,midnight,2019-06-07T09:30:00-04:00,,29231,7307.875,85f146e66e92ea18a178,7335.5,7282.25,2019-06-07,2,1.229024522355925349121636459,1.25,570,2019-06-07,81919,213,3936,true,2019
534,173351.0000000000000000000007,2019-12-02T17:00:00-05:00,1.635439152589169186000711336,72e6777d760308a8b761fa05fa8dc2be7bb649b0,NQZ9,full_overnight,2019-12-03T09:30:00-05:00,,33314,8328.625,86258e18ac5a51bedbd9,8337.5,8204,2019-12-03,2,0.7643207012752778922013673753,1.25,930,2019-12-03,173351,534,7432,true,2019
251,90944.00000000000000000000021,2019-04-17T17:00:00-04:00,1.714345713352229096257582308,72e6777d760308a8b761fa05fa8dc2be7bb649b0,NQM9,full_overnight,2019-04-18T09:30:00-04:00,,30697,7674.375,862da6fc3754246fccf7,7723,7660.25,2019-04-18,2,0.7291411471235587781963625628,1.25,930,2019-04-18,90944,251,5039,true,2019
401,348535.0000000000000000000006,2019-04-23T09:30:00-04:00,1.705277511155371787223395992,72e6777d760308a8b761fa05fa8dc2be7bb649b0,NQM9,prior_rth,2019-04-23T16:00:00-04:00,,31299,7824.875,8697b3336f8bd8e5df8a,7839.75,7739.5,2019-04-24,2,0.7330185215150647713223452223,1.25,390,2019-04-23,348535,401,3558,true,2019
268,126936.0000000000000000000003,2019-05-20T17:00:00-04:00,2.310540477026359276930203869,72e6777d760308a8b761fa05fa8dc2be7bb649b0,NQM9,full_overnight,2019-05-21T09:30:00-04:00,,29759,7439.875,86ade12d2263c2cd5992,7467.75,7400.75,2019-05-21,2,0.5409989621167496467704650059,1.25,930,2019-05-21,126936,268,7943,true,2019
190,201515.9999999999999999999996,2019-12-11T09:30:00-05:00,1.616861094783146924304413273,72e6777d760308a8b761fa05fa8dc2be7bb649b0,NQZ9,prior_rth,2019-12-11T16:00:00-05:00,,33538,8384.625,874e0aa9a73ce8a7e115,8411,8363.5,2019-12-12,2,0.7731028992120375940663632237,1.25,390,2019-12-11,201516,190,3739,true,2019
210,45946.99999999999999999999995,2019-03-13T00:00:00-04:00,0.8765289180555414914208587,72e6777d760308a8b761fa05fa8dc2be7bb649b0,NQM9,midnight,2019-03-13T09:30:00-04:00,,28963,7240.875,876291b359d28d0a05f9,7271,7218.5,2019-03-13,2,1.426079589904406796413147771,1.25,570,2019-03-13,45947,210,2922,true,2019
172,60688.99999999999999999999999,2019-07-22T17:00:00-04:00,1.786886059466503617633208487,72e6777d760308a8b761fa05fa8dc2be7bb649b0,NQU9,full_overnight,2019-07-23T09:30:00-04:00,,31742,7935.625,8793820458c41753f43f,7964.25,7921.25,2019-07-23,2,0.6995409659042292683324628782,1.25,930,2019-07-23,60689,172,4267,true,2019
206,94271.00000000000000000000005,2019-01-16T09:30:00-05:00,1.984233042434216775513545359,72e6777d760308a8b761fa05fa8dc2be7bb649b0,NQH9,opening_hour_rth,2019-01-16T10:30:00-05:00,,26900,6725.125,87bf22487d8a35264d13,6737.25,6685.75,2019-01-16,2,0.6299663261662679504809741666,1.25,60,2019-01-16,94271,206,1225,true,2019
222,82574,2019-05-01T17:00:00-04:00,2.968521780682247557826635637,72e6777d760308a8b761fa05fa8dc2be7bb649b0,NQM9,full_overnight,2019-05-02T09:30:00-04:00,,31072,7768.125,88ab654a6c38719c65c2,7787.5,7732,2019-05-02,2,0.421085002014947583014829039,1.25,930,2019-05-02,82574,222,4933,true,2019
223,286407.9999999999999999999994,2019-11-14T09:30:00-05:00,1.641118929271388229891523329,72e6777d760308a8b761fa05fa8dc2be7bb649b0,NQZ9,prior_rth,2019-11-14T16:00:00-05:00,,33007,8251.875,88d9473f10032b6dc6ec,8272,8216.25,2019-11-15,2,0.7616754506359668268137297232,1.25,390,2019-11-14,286408,223,4220,true,2019
259,105669.0000000000000000000003,2019-08-22T00:00:00-04:00,1.206294089673812935899858243,72e6777d760308a8b761fa05fa8dc2be7bb649b0,NQU9,midnight,2019-08-22T09:30:00-04:00,,30915,7728.875,88f287a8c7cf18f05b3d,7771.75,7707,2019-08-22,2,1.036231554726431038524063325,1.25,570,2019-08-22,105669,259,5518,true,2019
271,96504.99999999999999999999992,2019-09-27T09:30:00-04:00,1.984208167511522198672363118,72e6777d760308a8b761fa05fa8dc2be7bb649b0,NQZ9,opening_hour_rth,2019-09-27T10:30:00-04:00,,31022,7755.625,88ffa00fb76199ee6841,7811,7743.25,2019-09-27,2,0.6299742237064152755212297835,1.25,60,2019-09-27,96505,271,1344,true,2019
258,328772.0000000000000000000002,2019-02-21T09:30:00-05:00,2.585778088398166863091745895,72e6777d760308a8b761fa05fa8dc2be7bb649b0,NQH9,prior_rth,2019-02-21T16:00:00-05:00,,28077,7019.375,8942aa655277b799a8c7,7069.5,7005,2019-02-22,2,0.4834134861024937143261633124,1.25,390,2019-02-21,328772,258,5597,true,2019
236,90783.99999999999999999999993,2019-09-25T17:00:00-04:00,1.663720616813141994738187921,72e6777d760308a8b761fa05fa8dc2be7bb649b0,NQZ9,full_overnight,2019-09-26T09:30:00-04:00,,31241,7810.375,89466ce4672ddf846e60,7842.75,7783.75,2019-09-26,2,0.7513280699702909701045411424,1.25,930,2019-09-26,90784,236,6448,true,2019
112,53277.00000000000000000000005,2019-06-18T17:00:00-04:00,1.792595747455185042132732191,72e6777d760308a8b761fa05fa8dc2be7bb649b0,NQU9,full_overnight,2019-06-19T09:30:00-04:00,,30716,7679.125,8988e7d27a9505398972,7691,7663,2019-06-19,2,0.6973128223552533250412367611,1.25,930,2019-06-19,53277,112,4800,true,2019
347,142740.0000000000000000000002,2019-06-18T09:30:00-04:00,2.692014742417430600699009124,72e6777d760308a8b761fa05fa8dc2be7bb649b0,NQU9,opening_hour_rth,2019-06-18T10:30:00-04:00,,30798,7699.625,89b5731246cab965d601,7712,7625.25,2019-06-18,2,0.4643362386929201463325774982,1.25,60,2019-06-18,142740,347,1945,true,2019
240,72489.00000000000000000000003,2019-10-18T17:00:00-04:00,1.859089054952242599833385368,72e6777d760308a8b761fa05fa8dc2be7bb649b0,NQZ9,full_overnight,2019-10-21T09:30:00-04:00,,31618,7904.625,89dc5793cf24f28c67b0,7925.75,7865.75,2019-10-21,2,0.6723723087230540192753904653,1.25,930,2019-10-21,72489,240,5589,true,2019
438,360656.0000000000000000000005,2019-06-10T09:30:00-04:00,2.359598253024251726457969023,72e6777d760308a8b761fa05fa8dc2be7bb649b0,NQM9,prior_rth,2019-06-10T16:00:00-04:00,,30036,7509.125,89fb1eeeb7b06c16e69a,7578.5,7469,2019-06-11,2,0.5297511974328252814099187162,1.25,390,2019-06-10,360656,438,6718,true,2019
182,76784.99999999999999999999999,2019-03-14T17:00:00-04:00,1.334212568667817188417622737,72e6777d760308a8b761fa05fa8dc2be7bb649b0,NQM9,full_overnight,2019-03-15T09:30:00-04:00,,29198,7299.625,89fc17baa7ede165e4c2,7315.25,7269.75,2019-03-15,2,0.936882195052395853777910284,1.25,930,2019-03-15,76785,182,4516,true,2019
680,492106.0000000000000000000005,2019-09-27T09:30:00-04:00,1.984208167511522198672363118,72e6777d760308a8b761fa05fa8dc2be7bb649b0,NQZ9,prior_rth,2019-09-27T16:00:00-04:00,,31022,7755.625,8a3d712cb05d7b60fb18,7811,7641,2019-09-30,2,0.6299742237064152755212297835,1.25,390,2019-09-27,492106,680,9111,true,2019
304,100251.9999999999999999999999,2019-09-09T17:00:00-04:00,1.58527508324899005135020253,72e6777d760308a8b761fa05fa8dc2be7bb649b0,NQU9,full_overnight,2019-09-10T09:30:00-04:00,,31230,7807.625,8a6124c3a1d7022a8316,7857.75,7781.75,2019-09-10,2,0.7885066845548027074634350546,1.25,930,2019-09-10,100252,304,7446,true,2019
805,580604.999999999999999999999,2019-05-10T09:30:00-04:00,4.399541277252594521237207912,72e6777d760308a8b761fa05fa8dc2be7bb649b0,NQM9,prior_rth,2019-05-10T16:00:00-04:00,,29894,7473.625,8ad724d50e2341c9f061,7637,7435.75,2019-05-13,2,0.2841205301250393770812674593,1.25,390,2019-05-10,580605,805,11419,true,2019
260,213366,2019-12-09T09:30:00-05:00,1.23640219233019501841837637,72e6777d760308a8b761fa05fa8dc2be7bb649b0,NQZ9,prior_rth,2019-12-09T16:00:00-05:00,,33563,8390.875,8b1ee3ef04df485fd87e,8427.25,8362.25,2019-12-10,2,1.01099788382304447995520077,1.25,390,2019-12-09,213366,260,3282,true,2019
357,351961,2019-09-03T09:30:00-04:00,4.31811125231898494044835115,72e6777d760308a8b761fa05fa8dc2be7bb649b0,NQU9,prior_rth,2019-09-03T16:00:00-04:00,,30448,7612.125,8ba0a09a6fdb69218df3,7676.75,7587.5,2019-09-04,2,0.2894784147417933976640641535,1.25,390,2019-09-03,351961,357,8142,true,2019
368,435663.0000000000000000000018,2019-05-08T09:30:00-04:00,6.569837508273943714085380162,72e6777d760308a8b761fa05fa8dc2be7bb649b0,NQM9,prior_rth,2019-05-08T16:00:00-04:00,,30584,7646.125,8bdf4781d229f7bbeb8e,7692,7600,2019-05-09,2,0.1902634575704149244505842037,1.25,390,2019-05-08,435663,368,9105,true,2019
245,275640,2019-10-24T09:30:00-04:00,1.712658962062980343222476978,72e6777d760308a8b761fa05fa8dc2be7bb649b0,NQZ9,prior_rth,2019-10-24T16:00:00-04:00,,31812,7953.125,8be70d3689483a6c0807,7978,7916.75,2019-10-25,2,0.7298592584330476959252230459,1.25,390,2019-10-24,275640,245,4922,true,2019
166,225515.0000000000000000000006,2019-11-05T09:30:00-05:00,1.724278294005460427789524058,72e6777d760308a8b761fa05fa8dc2be7bb649b0,NQZ9,prior_rth,2019-11-05T16:00:00-05:00,,32913,8228.375,8bebeb660deea8543d97,8234.75,8193.25,2019-11-06,2,0.7249409821753758689461091788,1.25,390,2019-11-05,225515,166,4257,true,2019
413,101462,2019-05-15T00:00:00-04:00,1.298025533254926821511120699,72e6777d760308a8b761fa05fa8dc2be7bb649b0,NQM9,midnight,2019-05-15T09:30:00-04:00,,29459,7364.875,8c0371c3b212714419ab,7457,7353.75,2019-05-15,2,0.9630010874019572877514930136,1.25,570,2019-05-15,101462,413,5463,true,2019
375,164840.0000000000000000000004,2019-12-03T17:00:00-05:00,1.745546919050777487459482895,72e6777d760308a8b761fa05fa8dc2be7bb649b0,NQZ9,full_overnight,2019-12-04T09:30:00-05:00,,33033,8258.375,8c34f970d449c55e4291,8314.25,8220.5,2019-12-04,2,0.7161079352021919717304571104,1.25,930,2019-12-04,164840,375,7717,true,2019
372,256700,2019-07-09T09:30:00-04:00,1.979785745536312515450281108,72e6777d760308a8b761fa05fa8dc2be7bb649b0,NQU9,prior_rth,2019-07-09T16:00:00-04:00,,31341,7835.375,8c3f8d2c01495189e8b6,7858.75,7765.75,2019-07-10,2,0.6313814526740024713673009699,1.25,390,2019-07-09,256700,372,3916,true,2019
292,94767.99999999999999999999995,2019-07-29T09:30:00-04:00,1.458573445390502121171169065,72e6777d760308a8b761fa05fa8dc2be7bb649b0,NQU9,opening_hour_rth,2019-07-29T10:30:00-04:00,,31872,7968.125,8c65bf5e6296a8330bbf,8024.75,7951.75,2019-07-29,2,0.8570017532886998347164834064,1.25,60,2019-07-29,94768,292,1153,true,2019
382,111803.9999999999999999999998,2019-10-10T17:00:00-04:00,4.360847631909071484258938192,72e6777d760308a8b761fa05fa8dc2be7bb649b0,NQZ9,full_overnight,2019-10-11T09:30:00-04:00,,31384,7846.125,8c7ead49df7d1b6bc223,7862.5,7767,2019-10-11,2,0.2866415214449446024796925423,1.25,930,2019-10-11,111804,382,8641,true,2019
136,87510.99999999999999999999998,2019-11-19T09:30:00-05:00,1.327192878478874821111566938,72e6777d760308a8b761fa05fa8dc2be7bb649b0,NQZ9,opening_hour_rth,2019-11-19T10:30:00-05:00,,33370,8342.625,8cba83d25b13784ead3c,8364.5,8330.5,2019-11-19,2,0.9418374829080251769225143174,1.25,60,2019-11-19,87511,136,915,true,2019
293,297539.0000000000000000000008,2019-09-12T09:30:00-04:00,3.104104424822199984390151605,72e6777d760308a8b761fa05fa8dc2be7bb649b0,NQU9,prior_rth,2019-09-12T16:00:00-04:00,,31798,7949.625,8d19b080209e937c4310,7982.75,7909.5,2019-09-13,2,0.4026926381742453001893941909,1.25,390,2019-09-12,297539,293,6723,true,2019
98,74416.00000000000000000000001,2019-12-06T09:30:00-05:00,2.56572919722568828704857348,72e6777d760308a8b761fa05fa8dc2be7bb649b0,NQZ9,opening_hour_rth,2019-12-06T10:30:00-05:00,,33542,8385.625,8d7d80fda9fa31ec1a39,8392.5,8368,2019-12-06,2,0.4871909324458791326568406585,1.25,60,2019-12-06,74416,98,976,true,2019
206,114857.0000000000000000000006,2019-08-19T17:00:00-04:00,2.290955545999200664995497441,72e6777d760308a8b761fa05fa8dc2be7bb649b0,NQU9,full_overnight,2019-08-20T09:30:00-04:00,,30945,7736.375,8df9f83e4f3f6d858f53,7752,7700.5,2019-08-20,2,0.5456238564658889004246810754,1.25,930,2019-08-20,114857,206,7131,true,2019
194,112038.0000000000000000000002,2019-06-11T09:30:00-04:00,2.086037326762031312523038874,72e6777d760308a8b761fa05fa8dc2be7bb649b0,NQM9,opening_hour_rth,2019-06-11T10:30:00-04:00,,30278,7569.625,8e12a01d58898a978262,7600.75,7552.25,2019-06-11,2,0.599222259335245411244257935,1.25,60,2019-06-11,112038,194,1812,true,2019
446,465598,2019-05-17T09:30:00-04:00,4.723930383307108370502389821,72e6777d760308a8b761fa05fa8dc2be7bb649b0,NQM9,prior_rth,2019-05-17T16:00:00-04:00,,30285,7571.375,8e708d5a4f1701a7d126,7620,7508.5,2019-05-20,2,0.2646101653862446438364167005,1.25,390,2019-05-17,465598,446,9187,true,2019
208,291338.0000000000000000000004,2019-11-19T09:30:00-05:00,1.327192878478874821111566938,72e6777d760308a8b761fa05fa8dc2be7bb649b0,NQZ9,prior_rth,2019-11-19T16:00:00-05:00,,33386,8346.625,8ed6d5f287699f746ffd,8364.5,8312.5,2019-11-20,2,0.9418374829080251769225143174,1.25,390,2019-11-19,291338,208,4090,true,2019
90,44098.99999999999999999999998,2019-07-12T00:00:00-04:00,0.9566224040870524526611024692,72e6777d760308a8b761fa05fa8dc2be7bb649b0,NQU9,midnight,2019-07-12T09:30:00-04:00,,31743,7935.875,90161bb40f669f5e16d4,7947.75,7925.25,2019-07-12,2,1.306680665913245999188839092,1.25,570,2019-07-12,44099,90,2951,true,2019
189,117580.9999999999999999999998,2019-03-26T09:30:00-04:00,2.881288595398368255074733189,72e6777d760308a8b761fa05fa8dc2be7bb649b0,NQM9,opening_hour_rth,2019-03-26T10:30:00-04:00,,29650,7412.625,907790c0ebbf44587d4f,7447.5,7400.25,2019-03-26,2,0.4338336680318461603716868866,1.25,60,2019-03-26,117581,189,1418,true,2019
263,70603.99999999999999999999996,2019-06-27T00:00:00-04:00,0.9163085391121988176564014742,72e6777d760308a8b761fa05fa8dc2be7bb649b0,NQU9,midnight,2019-06-27T09:30:00-04:00,,30752,7688.125,9087fdbef81c0e5e7bff,7716.5,7650.75,2019-06-27,2,1.364169323589531467642605501,1.25,570,2019-06-27,70604,263,4740,true,2019
222,81632.00000000000000000000012,2019-09-11T00:00:00-04:00,1.519660066601945067813934462,72e6777d760308a8b761fa05fa8dc2be7bb649b0,NQU9,midnight,2019-09-11T09:30:00-04:00,,31312,7828.125,9092d8e84187b8ee41b8,7847.5,7792,2019-09-11,2,0.8225523769898607401139178793,1.25,570,2019-09-11,81632,222,5768,true,2019
590,422315.0000000000000000000009,2019-06-04T09:30:00-04:00,2.923521208176379427632648819,72e6777d760308a8b761fa05fa8dc2be7bb649b0,NQM9,prior_rth,2019-06-04T16:00:00-04:00,,28576,7144.125,90e8b5926d7dcf450dbc,7174.75,7027.25,2019-06-05,2,0.4275665921300838564688987884,1.25,390,2019-06-04,422315,590,7321,true,2019
166,57278,2019-03-29T00:00:00-04:00,1.003547392168388072444705862,72e6777d760308a8b761fa05fa8dc2be7bb649b0,NQM9,midnight,2019-03-29T09:30:00-04:00,,29543,7385.875,912ecc2b0cce83edc4ea,7398.75,7357.25,2019-03-29,2,1.24558143417531689746676768,1.25,570,2019-03-29,57278,166,3423,true,2019
287,72726.99999999999999999999997,2019-09-23T00:00:00-04:00,1.058455144152836984189538248,72e6777d760308a8b761fa05fa8dc2be7bb649b0,NQZ9,midnight,2019-09-23T09:30:00-04:00,,31352,7838.125,91a6e456b73d622f7921,7885.75,7814,2019-09-23,2,1.180966436702871417463929788,1.25,570,2019-09-23,72727,287,4903,true,2019
203,82063.99999999999999999999994,2019-06-03T00:00:00-04:00,1.376950559179954166978015769,72e6777d760308a8b761fa05fa8dc2be7bb649b0,NQM9,midnight,2019-06-03T09:30:00-04:00,,28386,7096.625,9241e29257df83601e2f,7117.5,7066.75,2019-06-03,2,0.907803110043718750218416965,1.25,570,2019-06-03,82064,203,4799,true,2019
178,277083.9999999999999999999996,2019-01-11T09:30:00-05:00,2.484946488233585554903352232,72e6777d760308a8b761fa05fa8dc2be7bb649b0,NQH9,prior_rth,2019-01-11T16:00:00-05:00,,26404,6601.125,92bdb8f4d5d27005ce55,6616.5,6572,2019-01-14,2,0.5030289408318637828644234213,1.25,390,2019-01-11,277084,178,6207,true,2019
402,134190.9999999999999999999999,2019-03-22T17:00:00-04:00,2.740483898372922463217169032,72e6777d760308a8b761fa05fa8dc2be7bb649b0,NQM9,full_overnight,2019-03-25T09:30:00-04:00,,29262,7315.625,92c0f3cd641c35108164,7390.5,7290,2019-03-25,2,0.4561238257017853054312131378,1.25,930,2019-03-25,134191,402,8587,true,2019
157,63479.00000000000000000000004,2019-12-09T09:30:00-05:00,1.23640219233019501841837637,72e6777d760308a8b761fa05fa8dc2be7bb649b0,NQZ9,opening_hour_rth,2019-12-09T10:30:00-05:00,,33684,8421.125,92c8f77fc69fab586b65,8427.25,8388,2019-12-09,2,1.01099788382304447995520077,1.25,60,2019-12-09,63479,157,791,true,2019
164,66665.00000000000000000000006,2019-02-01T00:00:00-05:00,1.152349249215650432204852306,72e6777d760308a8b761fa05fa8dc2be7bb649b0,NQH9,midnight,2019-02-01T09:30:00-05:00,,27545,6886.375,92dc8d8ac21739a5cdc9,6903.25,6862.25,2019-02-01,2,1.084740586112080005160644779,1.25,570,2019-02-01,66665,164,4349,true,2019
335,115921.0000000000000000000002,2019-05-21T17:00:00-04:00,1.680894470488696409335819787,72e6777d760308a8b761fa05fa8dc2be7bb649b0,NQM9,full_overnight,2019-05-22T09:30:00-04:00,,29661,7415.375,92e781ffb7651d9e6f6c,7475,7391.25,2019-05-22,2,0.7436516818551851701200656576,1.25,930,2019-05-22,115921,335,7312,true,2019
297,112551.0000000000000000000017,2019-08-15T09:30:00-04:00,8.391302415514437247393641721,72e6777d760308a8b761fa05fa8dc2be7bb649b0,NQU9,opening_hour_rth,2019-08-15T10:30:00-04:00,,30037,7509.375,92f0ae151cf362018a4c,7535.25,7461,2019-08-15,2,0.1489637648726508792899367605,1.25,60,2019-08-15,112551,297,3087,true,2019
138,74329.99999999999999999999998,2019-10-23T09:30:00-04:00,1.831739226454306645699146062,72e6777d760308a8b761fa05fa8dc2be7bb649b0,NQZ9,opening_hour_rth,2019-10-23T10:30:00-04:00,,31510,7877.625,92f148645fe6b6f6e2d5,7887.5,7853,2019-10-23,2,0.6824115474229495475705426909,1.25,60,2019-10-23,74330,138,1295,true,2019
284,323179.0000000000000000000004,2019-03-28T09:30:00-04:00,3.223466063463673861387807753,72e6777d760308a8b761fa05fa8dc2be7bb649b0,NQM9,prior_rth,2019-03-28T16:00:00-04:00,,29388,7347.125,93079a201d80d77bd943,7372.5,7301.5,2019-03-29,2,0.3877813432466702929897312521,1.25,390,2019-03-28,323179,284,6403,true,2019
226,102512.9999999999999999999997,2019-09-11T09:30:00-04:00,2.293986134804343636934519905,72e6777d760308a8b761fa05fa8dc2be7bb649b0,NQU9,opening_hour_rth,2019-09-11T10:30:00-04:00,,31452,7863.125,930a21e312a523b91ac8,7868,7811.5,2019-09-11,2,0.5449030319037275896376054638,1.25,60,2019-09-11,102513,226,1511,true,2019
109,68434.99999999999999999999999,2019-06-24T09:30:00-04:00,1.737569263394533441219367712,72e6777d760308a8b761fa05fa8dc2be7bb649b0,NQU9,opening_hour_rth,2019-06-24T10:30:00-04:00,,31072,7768.125,931da3daa1a1f92a61f5,7776.75,7749.5,2019-06-24,2,0.7193957825646541183699950146,1.25,60,2019-06-24,68435,109,1169,true,2019
432,104459.0000000000000000000005,2019-10-09T00:00:00-04:00,1.371859610868903211102315271,72e6777d760308a8b761fa05fa8dc2be7bb649b0,NQZ9,midnight,2019-10-09T09:30:00-04:00,,30800,7700.125,9386654408960a7f1bf0,7719,7611,2019-10-09,2,0.9111719523605478586307779195,1.25,570,2019-10-09,104459,432,7760,true,2019
534,130753.0000000000000000000004,2019-12-03T00:00:00-05:00,0.6997818101865489575676517933,72e6777d760308a8b761fa05fa8dc2be7bb649b0,NQZ9,midnight,2019-12-03T09:30:00-05:00,,33314,8328.625,93e66c1cc9ac3b262be5,8337.5,8204,2019-12-03,2,1.786271065929497359637847772,1.25,570,2019-12-03,130753,534,5226,true,2019
171,186482.0000000000000000000002,2019-10-14T09:30:00-04:00,2.503295977041695642893623769,72e6777d760308a8b761fa05fa8dc2be7bb649b0,NQZ9,prior_rth,2019-10-14T16:00:00-04:00,,31429,7857.375,943f8bf4d8eb0571a6a5,7878.75,7836,2019-10-15,2,0.4993416725245588600011205028,1.25,390,2019-10-14,186482,171,4505,true,2019
259,124154.0000000000000000000003,2019-05-14T09:30:00-04:00,3.586157463981335707937220039,72e6777d760308a8b761fa05fa8dc2be7bb649b0,NQM9,opening_hour_rth,2019-05-14T10:30:00-04:00,,29532,7383.125,94dc0a005ca2fdef43e6,7410.5,7345.75,2019-05-14,2,0.3485624969217764589058434822,1.25,60,2019-05-14,124154,259,1962,true,2019
113,44794.00000000000000000000002,2019-04-23T00:00:00-04:00,0.5837593099182968468785107512,72e6777d760308a8b761fa05fa8dc2be7bb649b0,NQM9,midnight,2019-04-23T09:30:00-04:00,,30974,7743.625,955dc1d40b7fd8f289f4,7752.75,7724.5,2019-04-23,2,2.141293472775535568733327872,1.25,570,2019-04-23,44794,113,2312,true,2019
174,280573.0000000000000000000005,2019-04-24T09:30:00-04:00,1.784949159366040864937377638,72e6777d760308a8b761fa05fa8dc2be7bb649b0,NQM9,prior_rth,2019-04-24T16:00:00-04:00,,31286,7821.625,96489075408061c73912,7845.75,7802.25,2019-04-25,2,0.7003000580946303362018311154,1.25,390,2019-04-24,280573,174,3907,true,2019
192,66339.99999999999999999999995,2019-04-12T00:00:00-04:00,0.6132461043344809472701296,72e6777d760308a8b761fa05fa8dc2be7bb649b0,NQM9,midnight,2019-04-12T09:30:00-04:00,,30600,7650.125,9651afae5a420a05470d,7665,7617,2019-04-12,2,2.038333372466425522900854967,1.25,570,2019-04-12,66340,192,2927,true,2019
307,78263.99999999999999999999996,2019-01-11T17:00:00-05:00,1.593322772352358339657306832,72e6777d760308a8b761fa05fa8dc2be7bb649b0,NQH9,full_overnight,2019-01-14T09:30:00-05:00,,26187,6546.875,96645068a759d1118368,6602.5,6525.75,2019-01-14,2,0.78452402845816253476054638,1.25,930,2019-01-14,78264,307,6774,true,2019
308,133381.9999999999999999999996,2019-08-02T09:30:00-04:00,8.558622460544344518804044108,72e6777d760308a8b761fa05fa8dc2be7bb649b0,NQU9,opening_hour_rth,2019-08-02T10:30:00-04:00,,30929,7732.375,9693dd08d4730984eea1,7765.75,7688.75,2019-08-02,2,0.146051541093506494518612769,1.25,60,2019-08-02,133382,308,2603,true,2019
213,87675.00000000000000000000007,2019-09-27T17:00:00-04:00,2.734948522698297775342811136,72e6777d760308a8b761fa05fa8dc2be7bb649b0,NQZ9,full_overnight,2019-09-30T09:30:00-04:00,,30935,7733.875,97550850efff4563c30f,7759,7705.75,2019-09-30,2,0.4570469936182751673485569365,1.25,930,2019-09-30,87675,213,7556,true,2019
234,290001.9999999999999999999995,2019-03-12T09:30:00-04:00,2.021781212587337342284133142,72e6777d760308a8b761fa05fa8dc2be7bb649b0,NQM9,prior_rth,2019-03-12T16:00:00-04:00,,28946,7236.625,9756242df313dec089f1,7250.5,7192,2019-03-13,2,0.6182667007773484439436232979,1.25,390,2019-03-12,290002,234,5163,true,2019
249,308274.0000000000000000000001,2019-05-30T09:30:00-04:00,2.466847857185209136812473102,72e6777d760308a8b761fa05fa8dc2be7bb649b0,NQM9,prior_rth,2019-05-30T16:00:00-04:00,,29019,7254.875,9762055ccb3e0a99e4ec,7271.25,7209,2019-05-31,2,0.5067195353613374107042505206,1.25,390,2019-05-30,308274,249,6306,true,2019
615,214086.9999999999999999999998,2019-08-06T17:00:00-04:00,2.916257151261899477309444858,72e6777d760308a8b761fa05fa8dc2be7bb649b0,NQU9,full_overnight,2019-08-07T09:30:00-04:00,,29982,7495.625,97baca979100e8d9e418,7569,7415.25,2019-08-07,2,0.4286316107134482274590888657,1.25,930,2019-08-07,214087,615,13641,true,2019
401,106702.0000000000000000000004,2019-10-01T17:00:00-04:00,2.38508518632505758199601833,72e6777d760308a8b761fa05fa8dc2be7bb649b0,NQZ9,full_overnight,2019-10-02T09:30:00-04:00,,30569,7642.375,97d40e73a1ab4b85f75a,7730.5,7630.25,2019-10-02,2,0.5240902954606840092167555958,1.25,930,2019-10-02,106702,401,8154,true,2019
156,71300.99999999999999999999999,2019-01-31T00:00:00-05:00,1.029233269668031335746992069,72e6777d760308a8b761fa05fa8dc2be7bb649b0,NQH9,midnight,2019-01-31T09:30:00-05:00,,27461,6865.375,97e4731a08df9e329d23,6878.25,6839.25,2019-01-31,2,1.21449630209017117678783521,1.25,570,2019-01-31,71301,156,4267,true,2019
125,49233,2019-12-17T00:00:00-05:00,0.6322819063185344816863548804,72e6777d760308a8b761fa05fa8dc2be7bb649b0,NQH0,midnight,2019-12-17T09:30:00-05:00,,34432,8608.125,97fccafd6a330ef8cf8f,8626.5,8595.25,2019-12-17,2,1.976966266958567805106453117,1.25,570,2019-12-17,49233,125,2788,true,2019
293,119498,2019-09-12T09:30:00-04:00,3.104104424822199984390151605,72e6777d760308a8b761fa05fa8dc2be7bb649b0,NQU9,opening_hour_rth,2019-09-12T10:30:00-04:00,,31769,7942.375,985bcd84059d6800a613,7982.75,7909.5,2019-09-12,2,0.4026926381742453001893941909,1.25,60,2019-09-12,119498,293,2138,true,2019
286,151398.9999999999999999999983,2019-08-06T09:30:00-04:00,4.515120661412815998802353554,72e6777d760308a8b761fa05fa8dc2be7bb649b0,NQU9,opening_hour_rth,2019-08-06T10:30:00-04:00,,30052,7513.125,9879263c791495ebb578,7534.5,7463,2019-08-06,2,0.2768475293878116163681869364,1.25,60,2019-08-06,151399,286,2352,true,2019
333,244375.9999999999999999999993,2019-07-05T09:30:00-04:00,4.208425390417825839083106229,72e6777d760308a8b761fa05fa8dc2be7bb649b0,NQU9,prior_rth,2019-07-05T16:00:00-04:00,,31241,7810.375,9888a910ca89e4a8c6d7,7880.5,7797.25,2019-07-08,2,0.2970232056022967844256035075,1.25,390,2019-07-05,244376,333,5049,true,2019
345,113735.9999999999999999999993,2019-05-10T09:30:00-04:00,4.399541277252594521237207912,72e6777d760308a8b761fa05fa8dc2be7bb649b0,NQM9,opening_hour_rth,2019-05-10T10:30:00-04:00,,30296,7574.125,98a06ce30213e3ab7d7d,7588.25,7502,2019-05-10,2,0.2841205301250393770812674593,1.25,60,2019-05-10,113736,345,1981,true,2019
201,84983.99999999999999999999992,2019-10-10T00:00:00-04:00,1.693521544766699821838345485,72e6777d760308a8b761fa05fa8dc2be7bb649b0,NQZ9,midnight,2019-10-10T09:30:00-04:00,,30778,7694.625,98b79510430e984746d8,7715,7664.75,2019-10-10,2,0.7381069369106848179387147136,1.25,570,2019-10-10,84984,201,6926,true,2019
327,127341.9999999999999999999998,2019-08-29T17:00:00-04:00,1.815106821730583163516931063,72e6777d760308a8b761fa05fa8dc2be7bb649b0,NQU9,full_overnight,2019-08-30T09:30:00-04:00,,31021,7755.375,98ecfe9dbc2830f32c72,7770.5,7688.75,2019-08-30,2,0.6886647028345188301183239235,1.25,930,2019-08-30,127342,327,7495,true,2019
304,346540.0000000000000000000001,2019-04-04T09:30:00-04:00,1.924632407769264491886973947,72e6777d760308a8b761fa05fa8dc2be7bb649b0,NQM9,prior_rth,2019-04-04T16:00:00-04:00,,30244,7561.125,991fe8d2e10a0a122e81,7598,7522,2019-04-05,2,0.6494746710873512778549660939,1.25,390,2019-04-04,346540,304,5313,true,2019
882,515520.0000000000000000000002,2019-01-04T09:30:00-05:00,5.1337804229847785820767616,72e6777d760308a8b761fa05fa8dc2be7bb649b0,NQH9,prior_rth,2019-01-04T16:00:00-05:00,,25740,6435.125,994057696f8d6e367c1c,6462,6241.5,2019-01-07,2,0.2434852870612744925558572785,1.25,390,2019-01-04,515520,882,10350,true,2019
174,63859.00000000000000000000001,2019-02-07T00:00:00-05:00,0.7685974332389205901632650525,72e6777d760308a8b761fa05fa8dc2be7bb649b0,NQH9,midnight,2019-02-07T09:30:00-05:00,,27813,6953.375,99745143c39e210e7810,6983.5,6940,2019-02-07,2,1.626339024751119771695768251,1.25,570,2019-02-07,63859,174,3966,true,2019
291,149312.0000000000000000000012,2019-04-25T09:30:00-04:00,1.711687481822584066201264526,72e6777d760308a8b761fa05fa8dc2be7bb649b0,NQM9,opening_hour_rth,2019-04-25T10:30:00-04:00,,31416,7854.125,99a909474b84c9121dfd,7864.75,7792,2019-04-25,2,0.7302734951762427821944890866,1.25,60,2019-04-25,149312,291,1445,true,2019
287,238255.9999999999999999999995,2019-11-08T09:30:00-05:00,1.733533304109103129112930128,72e6777d760308a8b761fa05fa8dc2be7bb649b0,NQZ9,prior_rth,2019-11-08T16:00:00-05:00,,32925,8231.375,99da35a3c3199a037990,8261.75,8190,2019-11-11,2,0.7210706578506719793120124969,1.25,390,2019-11-08,238256,287,3888,true,2019
200,122931.9999999999999999999997,2019-01-18T09:30:00-05:00,3.253062015004695920090390282,72e6777d760308a8b761fa05fa8dc2be7bb649b0,NQH9,opening_hour_rth,2019-01-18T10:30:00-05:00,,27019,6754.875,9a5220275e83f1deefea,6786.25,6736.25,2019-01-18,2,0.3842533570630978508845818878,1.25,60,2019-01-18,122932,200,1669,true,2019
59,46425,2019-12-23T09:30:00-05:00,1.587636366657914848350611725,72e6777d760308a8b761fa05fa8dc2be7bb649b0,NQH0,opening_hour_rth,2019-12-23T10:30:00-05:00,,34912,8728.125,9b7e0b7f464632e8cea7,8735.25,8720.5,2019-12-23,2,0.7873339426151701721243207413,1.25,60,2019-12-23,46425,59,670,true,2019
127,45185.99999999999999999999999,2019-10-28T00:00:00-04:00,0.6283878097617223428160050696,72e6777d760308a8b761fa05fa8dc2be7bb649b0,NQZ9,midnight,2019-10-28T09:30:00-04:00,,32231,8057.875,9b920e944e80b7ce0e7c,8081.5,8049.75,2019-10-28,2,1.989217455497722139017153957,1.25,570,2019-10-28,45186,127,2602,true,2019
343,70004.99999999999999999999978,2019-01-28T00:00:00-05:00,0.9923995586361432973898304679,72e6777d760308a8b761fa05fa8dc2be7bb649b0,NQH9,midnight,2019-01-28T09:30:00-05:00,,27004,6751.125,9bcbe2d1343fe8d860c9,6775.75,6690,2019-01-28,2,1.259573313109769522180820882,1.25,570,2019-01-28,70005,343,4441,true,2019
245,109730.9999999999999999999999,2019-02-21T09:30:00-05:00,2.585778088398166863091745895,72e6777d760308a8b761fa05fa8dc2be7bb649b0,NQH9,opening_hour_rth,2019-02-21T10:30:00-05:00,,28070,7017.625,9bd4551702b78fb1ec62,7066.25,7005,2019-02-21,2,0.4834134861024937143261633124,1.25,60,2019-02-21,109731,245,1610,true,2019
181,69596.99999999999999999999994,2019-01-15T00:00:00-05:00,0.9510075923124827295456553021,72e6777d760308a8b761fa05fa8dc2be7bb649b0,NQH9,midnight,2019-01-15T09:30:00-05:00,,26286,6571.625,9bed6b76a02dbad9c0d1,6606.75,6561.5,2019-01-15,2,1.314395395057239605349306024,1.25,570,2019-01-15,69597,181,4776,true,2019
207,226489.0000000000000000000004,2019-08-21T09:30:00-04:00,2.652982546773455022344680114,72e6777d760308a8b761fa05fa8dc2be7bb649b0,NQU9,prior_rth,2019-08-21T16:00:00-04:00,,30983,7745.875,9c99b23f1425b4faa98d,7765.75,7714,2019-08-22,2,0.4711678188460923572718828749,1.25,390,2019-08-21,226489,207,4895,true,2019
312,445694.9999999999999999999998,2019-03-25T09:30:00-04:00,2.982460603068159122375901875,72e6777d760308a8b761fa05fa8dc2be7bb649b0,NQM9,prior_rth,2019-03-25T16:00:00-04:00,,29383,7345.875,9c9a22f6498d977a7cc1,7371.5,7293.5,2019-03-26,2,0.4191170199244483873402388135,1.25,390,2019-03-25,445695,312,8861,true,2019
171,76141.00000000000000000000004,2019-10-21T09:30:00-04:00,1.728262147629950211532511001,72e6777d760308a8b761fa05fa8dc2be7bb649b0,NQZ9,opening_hour_rth,2019-10-21T10:30:00-04:00,,31656,7914.125,9ce70884be15874c3e6a,7936.25,7893.5,2019-10-21,2,0.7232699053868567834266466471,1.25,60,2019-10-21,76141,171,1300,true,2019
432,362886.0000000000000000000011,2019-06-11T09:30:00-04:00,2.086037326762031312523038874,72e6777d760308a8b761fa05fa8dc2be7bb649b0,NQM9,prior_rth,2019-06-11T16:00:00-04:00,,30038,7509.625,9d185f317b7b7e2c88bd,7600.75,7492.75,2019-06-12,2,0.599222259335245411244257935,1.25,390,2019-06-11,362886,432,7241,true,2019
285,149398.0000000000000000000002,2019-09-02T13:00:00-04:00,3.924789970937609649406397794,72e6777d760308a8b761fa05fa8dc2be7bb649b0,NQU9,full_overnight,2019-09-03T09:30:00-04:00,,30536,7634.125,9d52a1fb1024eb3fbffa,7664.5,7593.25,2019-09-03,2,0.318488380080471470837135669,1.25,930,2019-09-03,149398,285,11621,true,2019
370,127515.9999999999999999999999,2019-05-06T09:30:00-04:00,3.362255366197398036519283592,72e6777d760308a8b761fa05fa8dc2be7bb649b0,NQM9,opening_hour_rth,2019-05-06T10:30:00-04:00,,30959,7739.875,9d5308a2288507183cdd,7768.5,7676,2019-05-06,2,0.3717742597920840052839200602,1.25,60,2019-05-06,127516,370,1676,true,2019
211,67510,2019-01-25T00:00:00-05:00,1.420341447271926235982686996,72e6777d760308a8b761fa05fa8dc2be7bb649b0,NQH9,midnight,2019-01-25T09:30:00-05:00,,26955,6738.875,9d911ba8fdf3a71556ef,6768.25,6715.5,2019-01-25,2,0.8800700721653205814496467772,1.25,570,2019-01-25,67510,211,4602,true,2019
229,248949.0000000000000000000002,2019-11-12T09:30:00-05:00,1.295215029149877447405061801,72e6777d760308a8b761fa05fa8dc2be7bb649b0,NQZ9,prior_rth,2019-11-12T16:00:00-05:00,,33073,8268.375,9e11b604cd425c1720a0,8300.25,8243,2019-11-13,2,0.9650907161110116079072754706,1.25,390,2019-11-12,248949,229,4098,true,2019
107,43577.00000000000000000000003,2019-04-02T00:00:00-04:00,1.160078946142451803146634356,72e6777d760308a8b761fa05fa8dc2be7bb649b0,NQM9,midnight,2019-04-02T09:30:00-04:00,,29950,7487.625,9e7804a86a67a38ea8e4,7511.75,7485,2019-04-02,2,1.077512874581991032963787707,1.25,570,2019-04-02,43577,107,2494,true,2019
672,121863.0000000000000000000006,2019-05-20T00:00:00-04:00,1.553434182072852875260288111,72e6777d760308a8b761fa05fa8dc2be7bb649b0,NQM9,midnight,2019-05-20T09:30:00-04:00,,29602,7400.625,9ef7cb0f5cc80e3e4967,7546.5,7378.5,2019-05-20,2,0.804668787661180462672909536,1.25,570,2019-05-20,121863,672,6990,true,2019
256,99182.00000000000000000000002,2019-01-09T17:00:00-05:00,2.495554726191570584859344579,72e6777d760308a8b761fa05fa8dc2be7bb649b0,NQH9,full_overnight,2019-01-10T09:30:00-05:00,,26258,6564.625,a05387c664d64f9ecc12,6604.5,6540.5,2019-01-10,2,0.5008906384143322879982379817,1.25,930,2019-01-10,99182,256,8772,true,2019
185,58342.99999999999999999999995,2019-07-24T00:00:00-04:00,0.7037181655528468735547357421,72e6777d760308a8b761fa05fa8dc2be7bb649b0,NQU9,midnight,2019-07-24T09:30:00-04:00,,31776,7944.125,a0e60bdcd0515c04615d,7971.5,7925.25,2019-07-24,2,1.776279285071445541963820336,1.25,570,2019-07-24,58343,185,3526,true,2019
97,36140,2019-12-18T00:00:00-05:00,0.4531789100537978088524126358,72e6777d760308a8b761fa05fa8dc2be7bb649b0,NQH0,midnight,2019-12-18T09:30:00-05:00,,34448,8612.125,a11703073560044f205c,8619.5,8595.25,2019-12-18,2,2.758292524803526064334241118,1.25,570,2019-12-18,36140,97,2047,true,2019
75,64392.00000000000000000000002,2019-09-20T09:30:00-04:00,3.135345477062097891845751261,72e6777d760308a8b761fa05fa8dc2be7bb649b0,NQZ9,opening_hour_rth,2019-09-20T10:30:00-04:00,,31727,7931.875,a1727e5940003b5d9784,7942.25,7923.5,2019-09-20,2,0.3986801483743613633251940493,1.25,60,2019-09-20,64392,75,940,true,2019
239,73844.99999999999999999999996,2019-02-21T17:00:00-05:00,1.499330436663082171025859083,72e6777d760308a8b761fa05fa8dc2be7bb649b0,NQH9,full_overnight,2019-02-22T09:30:00-05:00,,28105,7026.375,a1aaf690d035c082d73a,7079,7019.25,2019-02-22,2,0.8337054790817204226582770955,1.25,930,2019-02-22,73845,239,5405,true,2019
389,104678.0000000000000000000006,2019-08-27T00:00:00-04:00,1.50774914535451782080352851,72e6777d760308a8b761fa05fa8dc2be7bb649b0,NQU9,midnight,2019-08-27T09:30:00-04:00,,30255,7563.875,a1b2e5e69632d658e94f,7645,7547.75,2019-08-27,2,0.8290503787392874737083719858,1.25,570,2019-08-27,104678,389,7392,true,2019
205,68588.00000000000000000000005,2019-02-18T13:00:00-05:00,1.364724669651740913202101848,72e6777d760308a8b761fa05fa8dc2be7bb649b0,NQH9,full_overnight,2019-02-19T09:30:00-05:00,,28173,7043.375,a2024937029600443ae7,7086.5,7035.25,2019-02-19,2,0.9159356665831965350270162142,1.25,930,2019-02-19,68588,205,4834,true,2019
150,71607.00000000000000000000002,2019-11-04T17:00:00-05:00,1.677964227723067625837109325,72e6777d760308a8b761fa05fa8dc2be7bb649b0,NQZ9,full_overnight,2019-11-05T09:30:00-05:00,,32951,8237.875,a216dac9d82c12feddf7,8248,8210.5,2019-11-05,2,0.744950326918590819128586883,1.25,930,2019-11-05,71607,150,4944,true,2019
185,224460.0000000000000000000007,2019-07-12T09:30:00-04:00,1.707380688855655826917513581,72e6777d760308a8b761fa05fa8dc2be7bb649b0,NQU9,prior_rth,2019-07-12T16:00:00-04:00,,31811,7952.875,a2416577d9ad1ea04ea5,7966.75,7920.5,2019-07-15,2,0.7321155780658338099059519779,1.25,390,2019-07-12,224460,185,3438,true,2019
177,69644,2019-03-27T00:00:00-04:00,1.16367731848961680126128317,72e6777d760308a8b761fa05fa8dc2be7bb649b0,NQM9,midnight,2019-03-27T09:30:00-04:00,,29534,7383.625,a2444bab827b8b6b91d3,7403.75,7359.5,2019-03-27,2,1.07418094358187272189111844,1.25,570,2019-03-27,69644,177,4135,true,2019
452,375996.9999999999999999999999,2019-01-15T09:30:00-05:00,2.23837853935892083809468363,72e6777d760308a8b761fa05fa8dc2be7bb649b0,NQH9,prior_rth,2019-01-15T16:00:00-05:00,,26583,6645.875,a2b4d1d9bae00cc28d85,6689,6576,2019-01-16,2,0.5584399501784020031012344253,1.25,390,2019-01-15,375997,452,6707,true,2019
231,113801.9999999999999999999997,2019-03-21T17:00:00-04:00,1.876825649697348621151339466,72e6777d760308a8b761fa05fa8dc2be7bb649b0,NQM9,full_overnight,2019-03-22T09:30:00-04:00,,30014,7503.625,a2c4ee32ea61e14001ff,7544.75,7487,2019-03-22,2,0.6660181781944270209482784043,1.25,930,2019-03-22,113802,231,6659,true,2019
171,52934.99999999999999999999999,2019-11-13T00:00:00-05:00,0.7407643290869977594705372308,72e6777d760308a8b761fa05fa8dc2be7bb649b0,NQZ9,midnight,2019-11-13T09:30:00-05:00,,32984,8246.125,a31636e2e2c009407ac3,8262.75,8220,2019-11-13,2,1.687446264509850548919608515,1.25,570,2019-11-13,52935,171,3154,true,2019
143,249638.0000000000000000000003,2019-04-12T09:30:00-04:00,2.00873785606185151642557634,72e6777d760308a8b761fa05fa8dc2be7bb649b0,NQM9,prior_rth,2019-04-12T16:00:00-04:00,,30572,7643.125,a328890a96b337747025,7653.25,7617.5,2019-04-15,2,0.6222812977949428151206740301,1.25,390,2019-04-12,249638,143,3182,true,2019
128,61649.00000000000000000000003,2019-03-01T17:01:00-05:00,1.235216134448172866180585768,72e6777d760308a8b761fa05fa8dc2be7bb649b0,NQH9,full_overnight,2019-03-04T09:30:00-05:00,,28763,7190.875,a36957f0b1db7aaec370,7206.25,7174.25,2019-03-04,2,1.011968646732769369015452061,1.25,930,2019-03-04,61649,128,4152,true,2019
219,78281.00000000000000000000004,2019-02-06T17:00:00-05:00,1.751676316724080697318789557,72e6777d760308a8b761fa05fa8dc2be7bb649b0,NQH9,full_overnight,2019-02-07T09:30:00-05:00,,27813,6953.375,a36d752cff4fc8028f51,6994.75,6940,2019-02-07,2,0.7136021581531130616235955009,1.25,930,2019-02-07,78281,219,5621,true,2019
599,151159.9999999999999999999998,2019-01-03T17:00:00-05:00,3.963878126229409759188741874,72e6777d760308a8b761fa05fa8dc2be7bb649b0,NQH9,full_overnight,2019-01-04T09:30:00-05:00,,24956,6239.125,a404958bcfca17c7c90e,6286.25,6136.5,2019-01-04,2,0.3153477377946145641441002665,1.25,930,2019-01-04,151160,599,13426,true,2019
431,278245.9999999999999999999998,2019-10-22T09:30:00-04:00,1.548069209068840191470403078,72e6777d760308a8b761fa05fa8dc2be7bb649b0,NQZ9,prior_rth,2019-10-22T16:00:00-04:00,,31745,7936.375,a486faafe4e900f27ea7,7988.75,7881,2019-10-23,2,0.8074574396785993275629602544,1.25,390,2019-10-22,278246,431,5420,true,2019
219,108503.9999999999999999999994,2019-07-25T09:30:00-04:00,3.923210169899265333675561647,72e6777d760308a8b761fa05fa8dc2be7bb649b0,NQU9,opening_hour_rth,2019-07-25T10:30:00-04:00,,31856,7964.125,a4bf1b9b0c9d1a64e8b4,7999,7944.25,2019-07-25,2,0.3186166292059993665413249186,1.25,60,2019-07-25,108504,219,1421,true,2019
135,199053.9999999999999999999999,2019-11-26T09:30:00-05:00,1.517688164549230855038742263,72e6777d760308a8b761fa05fa8dc2be7bb649b0,NQZ9,prior_rth,2019-11-26T16:00:00-05:00,,33573,8393.375,a501ce74696a9872dd17,8402.5,8368.75,2019-11-27,2,0.8236211029366912012144605058,1.25,390,2019-11-26,199054,135,3271,true,2019
279,71884.99999999999999999999992,2019-11-07T00:00:00-05:00,0.4663715690573010320735062725,72e6777d760308a8b761fa05fa8dc2be7bb649b0,NQZ9,midnight,2019-11-07T09:30:00-05:00,,32989,8247.375,a5c693ba16173c360e68,8263.75,8194,2019-11-07,2,2.680266300380797815649739805,1.25,570,2019-11-07,71885,279,3968,true,2019
167,53865.00000000000000000000005,2019-02-19T00:00:00-05:00,0.6420029616626342092665430133,72e6777d760308a8b761fa05fa8dc2be7bb649b0,NQH9,midnight,2019-02-19T09:30:00-05:00,,28173,7043.375,a5ccb97ef5a151660b5e,7077,7035.25,2019-02-19,2,1.947031516432258808058475661,1.25,570,2019-02-19,53865,167,3213,true,2019
769,507522.0000000000000000000003,2019-09-24T09:30:00-04:00,1.715891706287686504803811515,72e6777d760308a8b761fa05fa8dc2be7bb649b0,NQZ9,prior_rth,2019-09-24T16:00:00-04:00,,30919,7729.875,a5e1ab9bc435e92c1a78,7894,7701.75,2019-09-25,2,0.7284842017823850511603504924,1.25,390,2019-09-24,507522,769,9554,true,2019
180,84297.00000000000000000000009,2019-02-12T09:30:00-05:00,1.847621959045115344710103072,72e6777d760308a8b761fa05fa8dc2be7bb649b0,NQH9,opening_hour_rth,2019-02-12T10:30:00-05:00,,27973,6993.375,a5e57978c67205028a6d,6999,6954,2019-02-12,2,0.676545325671504115534449083,1.25,60,2019-02-12,84297,180,997,true,2019
111,36102.00000000000000000000001,2019-10-30T00:00:00-04:00,0.6793206363835585437936877821,72e6777d760308a8b761fa05fa8dc2be7bb649b0,NQZ9,midnight,2019-10-30T09:30:00-04:00,,32220,8055.125,a612510f13d1a9e00d97,8075.25,8047.5,2019-10-30,2,1.840073645715399748251220664,1.25,570,2019-10-30,36102,111,2387,true,2019
286,336455.0000000000000000000003,2019-10-31T09:30:00-04:00,2.707376823159817466638326365,72e6777d760308a8b761fa05fa8dc2be7bb649b0,NQZ9,prior_rth,2019-10-31T16:00:00-04:00,,32291,8072.875,a62e611536f2437869bc,8117.5,8046,2019-11-01,2,0.4617015220441709574330064372,1.25,390,2019-10-31,336455,286,6079,true,2019
266,303367.0000000000000000000002,2019-02-06T09:30:00-05:00,2.021390832137412410402963331,72e6777d760308a8b761fa05fa8dc2be7bb649b0,NQH9,prior_rth,2019-02-06T16:00:00-05:00,,28013,7003.375,a66de59b7ee4c5abcf76,7038.75,6972.25,2019-02-07,2,0.6183861033337397045151013472,1.25,390,2019-02-06,303367,266,5606,true,2019
266,269737.9999999999999999999993,2019-06-21T09:30:00-04:00,3.462403554460442696012119321,72e6777d760308a8b761fa05fa8dc2be7bb649b0,NQU9,prior_rth,2019-06-21T16:00:00-04:00,,31043,7760.875,a6cd444d26ffe79f5182,7803.5,7737,2019-06-24,2,0.3610208863116741618819306251,1.25,390,2019-06-21,269738,266,5295,true,2019
85,46489,2019-09-09T00:00:00-04:00,0.9574710457775931079110693971,72e6777d760308a8b761fa05fa8dc2be7bb649b0,NQU9,midnight,2019-09-09T09:30:00-04:00,,31517,7879.375,a6f57f63ac1bfaf68618,7886,7864.75,2019-09-09,2,1.30552250693370544316101939,1.25,570,2019-09-09,46489,85,3094,true,2019
238,78497.99999999999999999999995,2019-12-19T17:00:00-05:00,1.239946205347385391101473158,72e6777d760308a8b761fa05fa8dc2be7bb649b0,NQH0,full_overnight,2019-12-20T09:30:00-05:00,,34680,8670.125,a74ab7f5a9f371436d93,8724.75,8665.25,2019-12-20,2,1.008108250671889367222768968,1.25,930,2019-12-20,78498,238,3272,true,2019
140,57852.99999999999999999999997,2019-09-17T00:00:00-04:00,1.297232907835583063801510205,72e6777d760308a8b761fa05fa8dc2be7bb649b0,NQZ9,midnight,2019-09-17T09:30:00-04:00,,31470,7867.625,a7533a3115dc381d02cb,7885.75,7850.75,2019-09-17,2,0.9635894930275931854456570076,1.25,570,2019-09-17,57853,140,4041,true,2019
210,264631.9999999999999999999999,2019-02-25T09:30:00-05:00,1.65015337144140935169013842,72e6777d760308a8b761fa05fa8dc2be7bb649b0,NQH9,prior_rth,2019-02-25T16:00:00-05:00,,28528,7132.125,a77eae6f020c8266dd0e,7168.5,7116,2019-02-26,2,0.757505345644401956911973798,1.25,390,2019-02-25,264632,210,4487,true,2019
135,198047.0000000000000000000005,2019-12-18T09:30:00-05:00,1.164320265260970872478582948,72e6777d760308a8b761fa05fa8dc2be7bb649b0,NQH0,prior_rth,2019-12-18T16:00:00-05:00,,34531,8632.875,a83316e00f1ed3b0db79,8641.25,8607.5,2019-12-19,2,1.073587772450069708561988252,1.25,390,2019-12-18,198047,135,2721,true,2019
130,246798.0000000000000000000003,2019-11-04T09:30:00-05:00,1.456392281940556466244415083,72e6777d760308a8b761fa05fa8dc2be7bb649b0,NQZ9,prior_rth,2019-11-04T16:00:00-05:00,,32851,8212.875,a83ffdd492a6e0eb82f3,8233.75,8201.25,2019-11-05,2,0.8582852405221819952400026828,1.25,390,2019-11-04,246798,130,3937,true,2019
281,257204.9999999999999999999997,2019-10-17T09:30:00-04:00,2.167033994864963296419036929,72e6777d760308a8b761fa05fa8dc2be7bb649b0,NQZ9,prior_rth,2019-10-17T16:00:00-04:00,,31815,7953.875,a8683b5b7cb1a8b37e17,7992.25,7922,2019-10-18,2,0.5768252842188996600965054676,1.25,390,2019-10-17,257205,281,5345,true,2019
141,77866,2019-11-18T09:30:00-05:00,2.180298823711373446730082687,72e6777d760308a8b761fa05fa8dc2be7bb649b0,NQZ9,opening_hour_rth,2019-11-18T10:30:00-05:00,,33178,8294.625,a89c62b0555fee56d569,8314.5,8279.25,2019-11-18,2,0.573315908079155205967170355,1.25,60,2019-11-18,77866,141,1041,true,2019
219,98496.99999999999999999999994,2019-12-04T17:00:00-05:00,1.624025699449364996005576567,72e6777d760308a8b761fa05fa8dc2be7bb649b0,NQZ9,full_overnight,2019-12-05T09:30:00-05:00,,33172,8293.125,a8df7bda6f808c8ad31a,8340,8285.25,2019-12-05,2,0.7696922532838116397797204779,1.25,930,2019-12-05,98497,219,5743,true,2019
372,331211.9999999999999999999984,2019-01-29T09:30:00-05:00,1.877763575292305707263532874,72e6777d760308a8b761fa05fa8dc2be7bb649b0,NQH9,prior_rth,2019-01-29T16:00:00-05:00,,26547,6636.875,a8e8cd9fdeafc9045041,6709.75,6616.75,2019-01-30,2,0.6656855082543692044375832877,1.25,390,2019-01-29,331212,372,5806,true,2019
152,105225.9999999999999999999992,2019-05-03T09:30:00-04:00,2.805686972137338631172405052,72e6777d760308a8b761fa05fa8dc2be7bb649b0,NQM9,opening_hour_rth,2019-05-03T10:30:00-04:00,,31228,7807.125,a8ed7f6deb2c36d48d75,7820.5,7782.5,2019-05-03,2,0.44552368543371929193519733,1.25,60,2019-05-03,105226,152,1387,true,2019
169,71757.99999999999999999999999,2019-02-19T09:30:00-05:00,1.842111447602693864765271252,72e6777d760308a8b761fa05fa8dc2be7bb649b0,NQH9,opening_hour_rth,2019-02-19T10:30:00-05:00,,28254,7063.625,a91b0d83fbfdbd7618f0,7078,7035.75,2019-02-19,2,0.678569150431553958100950889,1.25,60,2019-02-19,71758,169,985,true,2019
123,182087,2019-07-15T09:30:00-04:00,1.60012050499282247902283422,72e6777d760308a8b761fa05fa8dc2be7bb649b0,NQU9,prior_rth,2019-07-15T16:00:00-04:00,,31889,7972.375,aa08d10a6ccffa576036,7992,7961.25,2019-07-16,2,0.7811911641027355098905653605,1.25,390,2019-07-15,182087,123,3461,true,2019
125,93937.00000000000000000000006,2019-04-24T09:30:00-04:00,1.784949159366040864937377638,72e6777d760308a8b761fa05fa8dc2be7bb649b0,NQM9,opening_hour_rth,2019-04-24T10:30:00-04:00,,31331,7832.875,aa3718c08e199e7db8ae,7843.5,7812.25,2019-04-24,2,0.7003000580946303362018311154,1.25,60,2019-04-24,93937,125,1030,true,2019
279,110402.9999999999999999999999,2019-03-21T09:30:00-04:00,2.105673785013554485098332934,72e6777d760308a8b761fa05fa8dc2be7bb649b0,NQM9,opening_hour_rth,2019-03-21T10:30:00-04:00,,29759,7439.875,aaeb377cea9a3fa95cd2,7456.75,7387,2019-03-21,2,0.5936342129044236516946172597,1.25,60,2019-03-21,110403,279,1298,true,2019
372,165673.9999999999999999999994,2019-05-13T09:30:00-04:00,4.492975013385721804662394154,72e6777d760308a8b761fa05fa8dc2be7bb649b0,NQM9,opening_hour_rth,2019-05-13T10:30:00-04:00,,29476,7369.125,ab1a6955dc8ed01fe770,7445,7352,2019-05-13,2,0.2782120969459946399855667282,1.25,60,2019-05-13,165674,372,2672,true,2019
216,89705.00000000000000000000005,2019-12-05T09:30:00-05:00,1.798809570907238161847925098,72e6777d760308a8b761fa05fa8dc2be7bb649b0,NQZ9,opening_hour_rth,2019-12-05T10:30:00-05:00,,33256,8314.125,ab4ba526034b8129b3a0,8327.25,8273.25,2019-12-05,2,0.6949040188670758268549228727,1.25,60,2019-12-05,89705,216,1253,true,2019
723,157702.0000000000000000000001,2019-05-17T17:00:00-04:00,2.144607331508060017293981029,72e6777d760308a8b761fa05fa8dc2be7bb649b0,NQM9,full_overnight,2019-05-20T09:30:00-04:00,,29602,7400.625,abd713de1e7d0808ba77,7559.25,7378.5,2019-05-20,2,0.5828572819067144740980799475,1.25,930,2019-05-20,157702,723,10369,true,2019
321,80041.99999999999999999999989,2019-09-13T17:00:00-04:00,1.718697099214231363275358516,72e6777d760308a8b761fa05fa8dc2be7bb649b0,NQZ9,full_overnight,2019-09-16T09:30:00-04:00,,31437,7859.375,abe48e8b2462887f23b1,7878.5,7798.25,2019-09-16,2,0.7272951124264337729945629894,1.25,930,2019-09-16,80042,321,9454,true,2019
448,501859.0000000000000000000009,2019-08-06T09:30:00-04:00,4.515120661412815998802353554,72e6777d760308a8b761fa05fa8dc2be7bb649b0,NQU9,prior_rth,2019-08-06T16:00:00-04:00,,30032,7508.125,abec185a3aed004f59a6,7549,7437,2019-08-07,2,0.2768475293878116163681869364,1.25,390,2019-08-06,501859,448,10650,true,2019
108,68431.99999999999999999999998,2019-06-27T09:30:00-04:00,2.156578365840260715804012242,72e6777d760308a8b761fa05fa8dc2be7bb649b0,NQU9,opening_hour_rth,2019-06-27T10:30:00-04:00,,30764,7691.125,ac0bfff797b0253fbccb,7701.75,7674.75,2019-06-27,2,0.57962187685814352814186341,1.25,60,2019-06-27,68432,108,1265,true,2019
251,86040,2019-08-21T00:00:00-04:00,0.9945179214710334610151337417,72e6777d760308a8b761fa05fa8dc2be7bb649b0,NQU9,midnight,2019-08-21T09:30:00-04:00,,30933,7733.375,ac26ec6dd2abe8fde6ee,7752.5,7689.75,2019-08-21,2,1.256890371720071375256893739,1.25,570,2019-08-21,86040,251,4449,true,2019
143,48588.00000000000000000000002,2019-07-08T00:00:00-04:00,1.149188360192521518224658957,72e6777d760308a8b761fa05fa8dc2be7bb649b0,NQU9,midnight,2019-07-08T09:30:00-04:00,,31291,7822.875,ac4a9c022d511c8d0867,7844,7808.25,2019-07-08,2,1.087724208928281943168490691,1.25,570,2019-07-08,48588,143,3516,true,2019
112,80286.00000000000000000000012,2019-03-04T09:30:00-05:00,1.269506439530000135053863418,72e6777d760308a8b761fa05fa8dc2be7bb649b0,NQH9,opening_hour_rth,2019-03-04T10:30:00-05:00,,28829,7207.375,ac6104e9664e42332129,7211.5,7183.5,2019-03-04,2,0.9846346273460244454324477559,1.25,60,2019-03-04,80286,112,1004,true,2019
352,88200.99999999999999999999998,2019-07-30T00:00:00-04:00,0.7547015402028467815598840175,72e6777d760308a8b761fa05fa8dc2be7bb649b0,NQU9,midnight,2019-07-30T09:30:00-04:00,,31763,7940.875,ac933053c34563cc11b1,8016.5,7928.25,2019-07-30,2,1.656283886295008943953606538,1.25,570,2019-07-30,88201,353,4015,true,2019
246,63688.00000000000000000000011,2019-02-21T00:00:00-05:00,1.175502037843288712729518422,72e6777d760308a8b761fa05fa8dc2be7bb649b0,NQH9,midnight,2019-02-21T09:30:00-05:00,,28341,7085.375,acd5eee3a6c6db0fb3a7,7108,7046.5,2019-02-21,2,1.063375442796674193849832492,1.25,570,2019-02-21,63688,246,4039,true,2019
192,91262,2019-10-30T09:30:00-04:00,1.449089080751396394046129781,72e6777d760308a8b761fa05fa8dc2be7bb649b0,NQZ9,opening_hour_rth,2019-10-30T10:30:00-04:00,,32209,8052.375,ad381629b9c850eff487,8068.5,8020.5,2019-10-30,2,0.862610875069072564543873537,1.25,60,2019-10-30,91262,192,1220,true,2019
685,662038.000000000000000000001,2019-05-07T09:30:00-04:00,4.158557655890529763874370704,72e6777d760308a8b761fa05fa8dc2be7bb649b0,NQM9,prior_rth,2019-05-07T16:00:00-04:00,,30685,7671.375,ad62f06283dce5735121,7752.5,7581.25,2019-05-08,2,0.300584987256193306829254829,1.25,390,2019-05-07,662038,685,11176,true,2019
215,121579.0000000000000000000002,2019-04-17T09:30:00-04:00,1.498513368101729897693791923,72e6777d760308a8b761fa05fa8dc2be7bb649b0,NQM9,opening_hour_rth,2019-04-17T10:30:00-04:00,,30883,7720.875,ad67804f2742bbc1114d,7733.5,7679.75,2019-04-17,2,0.8341600593016137727955186499,1.25,60,2019-04-17,121579,215,1133,true,2019
303,117744.9999999999999999999997,2019-07-31T17:00:00-04:00,4.327674538501634156721686446,72e6777d760308a8b761fa05fa8dc2be7bb649b0,NQU9,full_overnight,2019-08-01T09:30:00-04:00,,31479,7869.875,ada94ffb17e766ded89d,7895.25,7819.5,2019-08-01,2,0.2888387259437457792678962285,1.25,930,2019-08-01,117745,303,7397,true,2019
491,492696.0000000000000000000004,2019-05-02T09:30:00-04:00,2.69008944507440390754216108,72e6777d760308a8b761fa05fa8dc2be7bb649b0,NQM9,prior_rth,2019-05-02T16:00:00-04:00,,30909,7727.375,add69811c575bc7be9d6,7805,7682.25,2019-05-03,2,0.4646685641954283951743673732,1.25,390,2019-05-02,492696,491,8400,true,2019
113,80411.99999999999999999999995,2019-02-22T09:30:00-05:00,2.035482752077498097656085172,72e6777d760308a8b761fa05fa8dc2be7bb649b0,NQH9,opening_hour_rth,2019-02-22T10:30:00-05:00,,28282,7070.625,ae80c73c3c56b84a2ac9,7082.5,7054.25,2019-02-22,2,0.6141049334484402626353127119,1.25,60,2019-02-22,80412,113,1120,true,2019
1091,263585.9999999999999999999998,2019-08-23T17:00:00-04:00,4.999738733571430863335517792,72e6777d760308a8b761fa05fa8dc2be7bb649b0,NQU9,full_overnight,2019-08-26T09:30:00-04:00,,30249,7562.375,aec103bc81dde32c2f9b,7626,7353.25,2019-08-26,2,0.2500130640040655938393008687,1.25,930,2019-08-26,263586,1091,21085,true,2019
366,102899.0000000000000000000003,2019-07-29T17:00:00-04:00,1.283959684186351878681534574,72e6777d760308a8b761fa05fa8dc2be7bb649b0,NQU9,full_overnight,2019-07-30T09:30:00-04:00,,31763,7940.875,aedfe7d56ce59a13ab62,8020,7928.25,2019-07-30,2,0.9735508173624063543357892752,1.25,930,2019-07-30,102899,367,5251,true,2019
166,53433.00000000000000000000002,2019-10-01T00:00:00-04:00,1.175489329855702579294064843,72e6777d760308a8b761fa05fa8dc2be7bb649b0,NQZ9,midnight,2019-10-01T09:30:00-04:00,,31197,7799.375,af2bbd4d5a82910d1c3f,7826.75,7785.25,2019-10-01,2,1.063386938742731073937486411,1.25,570,2019-10-01,53433,166,4379,true,2019
196,68836.00000000000000000000003,2019-11-25T09:30:00-05:00,1.239084727289264085729321517,72e6777d760308a8b761fa05fa8dc2be7bb649b0,NQZ9,opening_hour_rth,2019-11-25T10:30:00-05:00,,33374,8343.625,af4c9892381444addc87,8360.75,8311.75,2019-11-25,2,1.008809141514168422160305058,1.25,60,2019-11-25,68836,196,770,true,2019
228,327079.0000000000000000000004,2019-01-24T09:30:00-05:00,3.203501555882501744753366586,72e6777d760308a8b761fa05fa8dc2be7bb649b0,NQH9,prior_rth,2019-01-24T16:00:00-05:00,,26785,6696.375,af5a501b9487519a4306,6718.5,6661.5,2019-01-25,2,0.3901980311839272875523407153,1.25,390,2019-01-24,327079,228,6833,true,2019
371,134772.0000000000000000000004,2019-01-02T17:00:00-05:00,9.592206208222729699755261779,72e6777d760308a8b761fa05fa8dc2be7bb649b0,NQH9,full_overnight,2019-01-03T09:30:00-05:00,,24925,6231.375,aff182161a328ec87f35,6281,6188.25,2019-01-03,2,0.1303141292905548818148641646,1.25,930,2019-01-03,134772,371,13254,true,2019
439,158313.0000000000000000000018,2019-08-07T09:30:00-04:00,8.462819100674575552035276392,72e6777d760308a8b761fa05fa8dc2be7bb649b0,NQU9,opening_hour_rth,2019-08-07T10:30:00-04:00,,29739,7434.875,b00fdd27fc75be133f3a,7497.25,7387.5,2019-08-07,2,0.1477049178447359076252217335,1.25,60,2019-08-07,158313,439,3336,true,2019
422,140755.9999999999999999999998,2019-05-16T17:00:00-04:00,2.22876417328261861239271491,72e6777d760308a8b761fa05fa8dc2be7bb649b0,NQM9,full_overnight,2019-05-17T09:30:00-04:00,,30093,7523.375,b018885b273b986365e5,7613.25,7507.75,2019-05-17,2,0.5608489291888369087987448056,1.25,930,2019-05-17,140756,422,8873,true,2019
122,52910.99999999999999999999995,2019-07-26T00:00:00-04:00,0.7561322704952144281669034308,72e6777d760308a8b761fa05fa8dc2be7bb649b0,NQU9,midnight,2019-07-26T09:30:00-04:00,,32018,8004.625,b076082803860117f9e2,8021.75,7991.25,2019-07-26,2,1.653149916722025776411232888,1.25,570,2019-07-26,52911,122,2994,true,2019
583,605615.9999999999999999999987,2019-08-14T09:30:00-04:00,5.442462116875279847387354204,72e6777d760308a8b761fa05fa8dc2be7bb649b0,NQU9,prior_rth,2019-08-14T16:00:00-04:00,,30037,7509.375,b0cf01c681a9ff0cbead,7634.5,7488.75,2019-08-15,2,0.2296754617958960721318262981,1.25,390,2019-08-14,605616,583,12222,true,2019
251,268854.000000000000000000001,2019-07-23T09:30:00-04:00,1.487058415704859755071521182,72e6777d760308a8b761fa05fa8dc2be7bb649b0,NQU9,prior_rth,2019-07-23T16:00:00-04:00,,31741,7935.375,b11ca29448e6e762bae8,7970.75,7908,2019-07-24,2,0.8405856735678436600033227753,1.25,390,2019-07-23,268854,251,4734,true,2019
169,101309,2019-01-30T09:30:00-05:00,2.253086093507322459145262142,72e6777d760308a8b761fa05fa8dc2be7bb649b0,NQH9,opening_hour_rth,2019-01-30T10:30:00-05:00,,26895,6723.875,b18472f9ec449e5a289a,6736.75,6694.5,2019-01-30,2,0.5547946008819203335964445792,1.25,60,2019-01-30,101309,169,1319,true,2019
372,424109.0000000000000000000014,2019-12-03T09:30:00-05:00,4.255047517945363996469742854,72e6777d760308a8b761fa05fa8dc2be7bb649b0,NQZ9,prior_rth,2019-12-03T16:00:00-05:00,,32814,8203.625,b1a8727dd5c83681f0d8,8261.25,8168.25,2019-12-04,2,0.2937687522238501005110471039,1.25,390,2019-12-03,424109,372,6588,true,2019
242,107682.9999999999999999999999,2019-11-15T17:00:00-05:00,1.465746821228921084134139516,72e6777d760308a8b761fa05fa8dc2be7bb649b0,NQZ9,full_overnight,2019-11-18T09:30:00-05:00,,33279,8319.875,b1d9f282e87cbc3c42e2,8367,8306.5,2019-11-18,2,0.8528075803377603669735454365,1.25,930,2019-11-18,107683,242,4883,true,2019
101,45480.00000000000000000000001,2019-04-16T00:00:00-04:00,0.6831843653336668616688352717,72e6777d760308a8b761fa05fa8dc2be7bb649b0,NQM9,midnight,2019-04-16T09:30:00-04:00,,30719,7679.875,b1e9c6e978eb1cc39647,7686.25,7661,2019-04-16,2,1.829667163693801305877031039,1.25,570,2019-04-16,45480,101,2489,true,2019
295,98817.99999999999999999999997,2019-01-07T17:00:00-05:00,2.728577106410510126450777504,72e6777d760308a8b761fa05fa8dc2be7bb649b0,NQH9,full_overnight,2019-01-08T09:30:00-05:00,,26180,6545.125,b1fa7abba5bc13c87ec8,6564.75,6491,2019-01-08,2,0.4581142299637617312503668009,1.25,930,2019-01-08,98818,295,8767,true,2019
181,84656.99999999999999999999998,2019-05-29T17:00:00-04:00,1.996814029220810226935145742,72e6777d760308a8b761fa05fa8dc2be7bb649b0,NQM9,full_overnight,2019-05-30T09:30:00-04:00,,28976,7244.125,b22e00a6a0a83e494add,7253.75,7208.5,2019-05-30,2,0.6259972044005372997284518498,1.25,930,2019-05-30,84657,181,6419,true,2019
428,75159.00000000000000000000004,2019-06-18T00:00:00-04:00,0.7254392959330219782209083512,72e6777d760308a8b761fa05fa8dc2be7bb649b0,NQU9,midnight,2019-06-18T09:30:00-04:00,,30570,7642.625,b23dc79707e22ddd3fa0,7648.75,7541.75,2019-06-18,2,1.723093864652473166264917286,1.25,570,2019-06-18,75159,428,4720,true,2019
402,83536.99999999999999999999992,2019-07-10T00:00:00-04:00,0.7981953663084032420590728242,72e6777d760308a8b761fa05fa8dc2be7bb649b0,NQU9,midnight,2019-07-10T09:30:00-04:00,,31325,7831.375,b281705e6d030073da6c,7911.75,7811.25,2019-07-10,2,1.566032644089580514292826977,1.25,570,2019-07-10,83537,402,4392,true,2019
298,93251.00000000000000000000008,2019-05-22T00:00:00-04:00,1.06396263724787368798802839,72e6777d760308a8b761fa05fa8dc2be7bb649b0,NQM9,midnight,2019-05-22T09:30:00-04:00,,29661,7415.375,b2dd130656d8d741bf58,7465.75,7391.25,2019-05-22,2,1.174853285481287801352465371,1.25,570,2019-05-22,93251,298,5255,true,2019
174,53044.99999999999999999999998,2019-10-22T00:00:00-04:00,0.6539833431831568764649863525,72e6777d760308a8b761fa05fa8dc2be7bb649b0,NQZ9,midnight,2019-10-22T09:30:00-04:00,,31877,7969.375,b34ba6c7d4b9f2c29097,7978.5,7935,2019-10-22,2,1.911363665496172432696124568,1.25,570,2019-10-22,53045,174,3025,true,2019
81,130637,2019-12-23T09:30:00-05:00,1.587636366657914848350611725,72e6777d760308a8b761fa05fa8dc2be7bb649b0,NQH0,prior_rth,2019-12-23T16:00:00-05:00,,34912,8728.125,b392889abc9a5aaec985,8736.75,8716.5,2019-12-26,2,0.7873339426151701721243207413,1.25,390,2019-12-23,130637,81,2181,true,2019
177,72864.99999999999999999999998,2019-08-09T00:00:00-04:00,2.06148553830417089005911685,72e6777d760308a8b761fa05fa8dc2be7bb649b0,NQU9,midnight,2019-08-09T09:30:00-04:00,,30714,7678.625,b4390f27d4dd0fc9436d,7702.75,7658.5,2019-08-09,2,0.6063588498555662867542318921,1.25,570,2019-08-09,72865,177,5281,true,2019
178,87404.00000000000000000000004,2019-07-18T17:00:00-04:00,3.163974169414004038621840414,72e6777d760308a8b761fa05fa8dc2be7bb649b0,NQU9,full_overnight,2019-07-19T09:30:00-04:00,,31857,7964.375,b4c41866c8cc3b715a6e,7980.75,7936.25,2019-07-19,2,0.395072757572958011976528275,1.25,930,2019-07-19,87404,178,6246,true,2019
207,88512.00000000000000000000006,2019-01-17T09:30:00-05:00,1.884171171199435431478220401,72e6777d760308a8b761fa05fa8dc2be7bb649b0,NQH9,opening_hour_rth,2019-01-17T10:30:00-05:00,,26733,6683.375,b4ccca9d71424da73854,6696,6644.25,2019-01-17,2,0.6634216779807051890191101274,1.25,60,2019-01-17,88512,207,1375,true,2019
112,60798.99999999999999999999999,2019-01-22T00:00:00-05:00,1.359738055716184900623094106,72e6777d760308a8b761fa05fa8dc2be7bb649b0,NQH9,midnight,2019-01-22T09:30:00-05:00,,26962,6740.625,b4d59041708087cb0ef9,6749.25,6721.25,2019-01-22,2,0.9192947088192034239425494074,1.25,570,2019-01-22,60799,112,3824,true,2019
765,620461.0000000000000000000008,2019-06-03T09:30:00-04:00,2.429730275078561850981179501,72e6777d760308a8b761fa05fa8dc2be7bb649b0,NQM9,prior_rth,2019-06-03T16:00:00-04:00,,28026,7006.625,b4fe37828e445cd087f7,7132.5,6941.25,2019-06-04,2,0.5144603962098562726339007766,1.25,390,2019-06-03,620461,765,11721,true,2019
147,52676.99999999999999999999996,2019-10-07T00:00:00-04:00,0.8202888885244894581226542596,72e6777d760308a8b761fa05fa8dc2be7bb649b0,NQZ9,midnight,2019-10-07T09:30:00-04:00,,30968,7742.125,b4ff0cd31ffe48956d98,7759,7722.25,2019-10-07,2,1.523853385663265212359065809,1.25,570,2019-10-07,52677,147,4649,true,2019
169,107323.9999999999999999999998,2019-01-30T17:00:00-05:00,3.332246654980370024023402442,72e6777d760308a8b761fa05fa8dc2be7bb649b0,NQH9,full_overnight,2019-01-31T09:30:00-05:00,,27461,6865.375,b542e611d61ad4f6f2cf,6881.5,6839.25,2019-01-31,2,0.3751222911820624639697297918,1.25,930,2019-01-31,107324,169,6821,true,2019
222,53420.99999999999999999999994,2019-02-22T00:00:00-05:00,0.8190703864565128491729235621,72e6777d760308a8b761fa05fa8dc2be7bb649b0,NQH9,midnight,2019-02-22T09:30:00-05:00,,28248,7062.125,b547c5e6abc0d53f43fa,7079,7023.5,2019-02-22,2,1.526120368492124243884979571,1.25,570,2019-02-22,53421,222,3411,true,2019
227,80833.99999999999999999999996,2019-08-01T00:00:00-04:00,1.193111020102356225330192124,72e6777d760308a8b761fa05fa8dc2be7bb649b0,NQU9,midnight,2019-08-01T09:30:00-04:00,,31479,7869.875,b5e1ffb2344cbeb150ed,7895.25,7838.5,2019-08-01,2,1.047681212342471956847121468,1.25,570,2019-08-01,80834,227,4651,true,2019
199,66325.00000000000000000000003,2019-12-02T00:00:00-05:00,0.5560196884153200669701906808,72e6777d760308a8b761fa05fa8dc2be7bb649b0,NQZ9,midnight,2019-12-02T09:30:00-05:00,,33786,8446.625,b5e851f88e39ab857653,8457.25,8407.5,2019-12-02,2,2.248121831013850521397688178,1.25,570,2019-12-02,66325,199,2967,true,2019
276,71923.99999999999999999999998,2019-06-20T00:00:00-04:00,1.222545250404589396619521092,72e6777d760308a8b761fa05fa8dc2be7bb649b0,NQU9,midnight,2019-06-20T09:30:00-04:00,,31188,7797.125,b5f29169c84a87b54600,7821,7752,2019-06-20,2,1.022457041640237629203005537,1.25,570,2019-06-20,71924,276,3920,true,2019
278,110638.0000000000000000000001,2019-08-23T09:30:00-04:00,5.499518765319799284079512483,72e6777d760308a8b761fa05fa8dc2be7bb649b0,NQU9,opening_hour_rth,2019-08-23T10:30:00-04:00,,30668,7667.125,b63831d874ab6cd74d48,7697.5,7628,2019-08-23,2,0.2272926147434123691963611802,1.25,60,2019-08-23,110638,278,2427,true,2019
182,76092.00000000000000000000005,2019-06-19T09:30:00-04:00,1.509443038968357830564246279,72e6777d760308a8b761fa05fa8dc2be7bb649b0,NQU9,opening_hour_rth,2019-06-19T10:30:00-04:00,,30617,7654.375,b64cb46a50de2202e1ba,7685,7639.5,2019-06-19,2,0.8281200202521875447821781112,1.25,60,2019-06-19,76092,182,1255,true,2019
649,146167.000000000000000000001,2019-08-14T00:00:00-04:00,1.86733501278238616808566062,72e6777d760308a8b761fa05fa8dc2be7bb649b0,NQU9,midnight,2019-08-14T09:30:00-04:00,,30493,7623.375,b70eef35f586518610c2,7758.5,7596.25,2019-08-14,2,0.6694031823124559982738708919,1.25,570,2019-08-14,146167,649,7819,true,2019
136,48165.99999999999999999999998,2019-12-30T00:00:00-05:00,0.4036664755064103306809744107,72e6777d760308a8b761fa05fa8dc2be7bb649b0,NQH0,midnight,2019-12-30T09:30:00-05:00,,35156,8789.125,b76cd809a0c54783d034,8809.75,8775.75,2019-12-30,2,3.096615834723063764822064248,1.25,570,2019-12-30,48166,136,2374,true,2019
248,65019.99999999999999999999994,2019-02-28T17:00:00-05:00,1.645542546688041785424431563,72e6777d760308a8b761fa05fa8dc2be7bb649b0,NQH9,full_overnight,2019-03-01T09:30:00-05:00,,28620,7155.125,b7a0962263ff349b59b2,7160.25,7098.25,2019-03-01,2,0.7596278823150794884362429162,1.25,930,2019-03-01,65020,248,4520,true,2019
159,75105.00000000000000000000011,2019-10-29T09:30:00-04:00,1.589500008853029504400360799,72e6777d760308a8b761fa05fa8dc2be7bb649b0,NQZ9,opening_hour_rth,2019-10-29T10:30:00-04:00,,32329,8082.375,b7c557b8678093707c12,8114,8074.25,2019-10-29,2,0.7864108166328290895061227258,1.25,60,2019-10-29,75105,159,1089,true,2019
251,97453.00000000000000000000007,2019-01-08T17:00:00-05:00,2.50057639346020374038161156,72e6777d760308a8b761fa05fa8dc2be7bb649b0,NQH9,full_overnight,2019-01-09T09:30:00-05:00,,26348,6587.125,b831d4bfa39033ba630d,6609.5,6546.75,2019-01-09,2,0.4998847478801865059700334856,1.25,930,2019-01-09,97453,251,8758,true,2019
310,97067.99999999999999999999996,2019-05-09T00:00:00-04:00,1.881739234644245700293675253,72e6777d760308a8b761fa05fa8dc2be7bb649b0,NQM9,midnight,2019-05-09T09:30:00-04:00,,30304,7576.125,b85f0168c88af8ea1754,7612.5,7535,2019-05-09,2,0.6642790759668249875653691841,1.25,570,2019-05-09,97068,310,6218,true,2019
210,112652.9999999999999999999995,2019-05-06T00:00:00-04:00,2.441712543742754917541247013,72e6777d760308a8b761fa05fa8dc2be7bb649b0,NQM9,midnight,2019-05-06T09:30:00-04:00,,30870,7717.625,b89684127267388d3795,7726,7673.5,2019-05-06,2,0.5119357736041892408340738582,1.25,570,2019-05-06,112653,210,6774,true,2019
196,83759.00000000000000000000009,2019-12-10T17:00:00-05:00,1.409949854110775580314471178,72e6777d760308a8b761fa05fa8dc2be7bb649b0,NQZ9,full_overnight,2019-12-11T09:30:00-05:00,,33454,8363.625,b8b8212f25c5372ab0d2,8394,8345,2019-12-11,2,0.8865563525933676259382688489,1.25,930,2019-12-11,83759,196,5227,true,2019
233,193102.0000000000000000000009,2019-10-21T09:30:00-04:00,1.728262147629950211532511001,72e6777d760308a8b761fa05fa8dc2be7bb649b0,NQZ9,prior_rth,2019-10-21T16:00:00-04:00,,31761,7940.375,b8ffefe50e6b969fb66c,7951.75,7893.5,2019-10-22,2,0.7232699053868567834266466471,1.25,390,2019-10-21,193102,233,4165,true,2019
478,334377.0000000000000000000003,2019-08-22T09:30:00-04:00,2.775771498137211157488877181,72e6777d760308a8b761fa05fa8dc2be7bb649b0,NQU9,prior_rth,2019-08-22T16:00:00-04:00,,30889,7722.375,b90ccfb553486d4efd78,7773.5,7654,2019-08-23,2,0.450325252218657355381709978,1.25,390,2019-08-22,334377,478,6527,true,2019
267,368044.9999999999999999999996,2019-04-30T09:30:00-04:00,2.410538482103851477605996529,72e6777d760308a8b761fa05fa8dc2be7bb649b0,NQM9,prior_rth,2019-04-30T16:00:00-04:00,,31186,7796.625,b90dc68ba129655a779e,7806.75,7740,2019-05-01,2,0.5185563347277636028282961956,1.25,390,2019-04-30,368045,267,4966,true,2019
190,93273,2019-07-01T09:30:00-04:00,1.976015703787069182352803633,72e6777d760308a8b761fa05fa8dc2be7bb649b0,NQU9,opening_hour_rth,2019-07-01T10:30:00-04:00,,31303,7825.875,b9328f96563a05163b90,7849.75,7802.25,2019-07-01,2,0.6325860657910525736495421999,1.25,60,2019-07-01,93273,190,1383,true,2019
487,147312.0000000000000000000011,2019-08-22T17:00:00-04:00,2.045716844419304528403333134,72e6777d760308a8b761fa05fa8dc2be7bb649b0,NQU9,full_overnight,2019-08-23T09:30:00-04:00,,30993,7748.375,b942f0cc04a8967e1012,7762,7640.25,2019-08-23,2,0.6110327552955276926398615038,1.25,930,2019-08-23,147312,487,8679,true,2019
312,65979,2019-06-13T00:00:00-04:00,2.221794981848271883707896183,72e6777d760308a8b761fa05fa8dc2be7bb649b0,NQM9,midnight,2019-06-13T09:30:00-04:00,,30036,7509.125,b9d34aee4a865f518377,7524,7446,2019-06-13,2,0.5626081660154561809340158038,1.25,570,2019-06-13,65979,312,5098,true,2019
340,306361,2019-10-30T09:30:00-04:00,1.449089080751396394046129781,72e6777d760308a8b761fa05fa8dc2be7bb649b0,NQZ9,prior_rth,2019-10-30T16:00:00-04:00,,32205,8051.375,ba34b6e4bf3a5d3e8a30,8105.5,8020.5,2019-10-31,2,0.862610875069072564543873537,1.25,390,2019-10-30,306361,340,5724,true,2019
235,297162.0000000000000000000002,2019-05-21T09:30:00-04:00,3.057858814123058778707332858,72e6777d760308a8b761fa05fa8dc2be7bb649b0,NQM9,prior_rth,2019-05-21T16:00:00-04:00,,29860,7465.125,ba3b6a837a625a71f736,7485.25,7426.5,2019-05-22,2,0.40878277120798935990984761,1.25,390,2019-05-21,297162,235,6072,true,2019
170,111462.9999999999999999999999,2019-11-19T17:00:00-05:00,1.427878203991575135569624332,72e6777d760308a8b761fa05fa8dc2be7bb649b0,NQZ9,full_overnight,2019-11-20T09:30:00-05:00,,33261,8315.375,ba4b42b5e2e157f4d7a5,8334,8291.5,2019-11-20,2,0.8754248061954276706020679417,1.25,930,2019-11-20,111463,170,6097,true,2019
340,95695.00000000000000000000004,2019-05-16T00:00:00-04:00,1.952162776770093629269328953,72e6777d760308a8b761fa05fa8dc2be7bb649b0,NQM9,midnight,2019-05-16T09:30:00-04:00,,30150,7537.625,ba78b6ee0290cfa3a2b5,7565,7480,2019-05-16,2,0.640315456720345304881984572,1.25,570,2019-05-16,95695,340,5958,true,2019
172,59145.00000000000000000000001,2019-07-19T00:00:00-04:00,1.090648726049119063024964878,72e6777d760308a8b761fa05fa8dc2be7bb649b0,NQU9,midnight,2019-07-19T09:30:00-04:00,,31857,7964.375,ba7afce4c178bd830208,7980.75,7937.75,2019-07-19,2,1.146106872125667622440989281,1.25,570,2019-07-19,59145,172,3546,true,2019
170,61330.99999999999999999999992,2019-12-16T09:30:00-05:00,1.484326832527940842902721415,72e6777d760308a8b761fa05fa8dc2be7bb649b0,NQH0,opening_hour_rth,2019-12-16T10:30:00-05:00,,34395,8598.875,babbb4e4e0de8edfb455,8614,8571.5,2019-12-16,2,0.8421325900786544634517684128,1.25,60,2019-12-16,61331,170,856,true,2019
428,406202.0000000000000000000022,2019-10-08T09:30:00-04:00,3.398594467148544392114042377,72e6777d760308a8b761fa05fa8dc2be7bb649b0,NQZ9,prior_rth,2019-10-08T16:00:00-04:00,,30589,7647.375,bac5d514453b248e173e,7721.5,7614.5,2019-10-09,2,0.3677991040363114631266292483,1.25,390,2019-10-08,406202,428,9458,true,2019
165,64900.99999999999999999999997,2019-05-03T00:00:00-04:00,0.9093938502345870713323326638,72e6777d760308a8b761fa05fa8dc2be7bb649b0,NQM9,midnight,2019-05-03T09:30:00-04:00,,31099,7774.875,baf00a25ac13fa5c6657,7799.75,7758.5,2019-05-03,2,1.374541954157211672974078559,1.25,570,2019-05-03,64901,165,3117,true,2019
283,377083.0000000000000000000002,2019-04-03T09:30:00-04:00,1.657759678201924225087265703,72e6777d760308a8b761fa05fa8dc2be7bb649b0,NQM9,prior_rth,2019-04-03T16:00:00-04:00,,30266,7566.625,bbb5c9ce7ba52b02f706,7616.25,7545.5,2019-04-04,2,0.7540296801981590609861533591,1.25,390,2019-04-03,377083,283,4623,true,2019
384,162828.9999999999999999999997,2019-05-07T17:00:00-04:00,3.24000061612575327747824778,72e6777d760308a8b761fa05fa8dc2be7bb649b0,NQM9,full_overnight,2019-05-08T09:30:00-04:00,,30515,7628.875,bbdb438f6a1f69ee3fd3,7698,7602,2019-05-08,2,0.3858023957707432992268508106,1.25,930,2019-05-08,162829,384,10302,true,2019
188,170993,2019-11-27T09:30:00-05:00,1.358974871879148223098139956,72e6777d760308a8b761fa05fa8dc2be7bb649b0,NQZ9,prior_rth,2019-11-27T16:00:00-05:00,,33763,8440.875,bbef7cc7bb3e9163118b,8449.5,8402.5,2019-12-02,2,0.9198109735991945482957337113,1.25,390,2019-11-27,170993,188,2677,true,2019
183,71460.99999999999999999999999,2019-01-24T00:00:00-05:00,1.252084148132195003521325841,72e6777d760308a8b761fa05fa8dc2be7bb649b0,NQH9,midnight,2019-01-24T09:30:00-05:00,,26776,6694.125,bc81ecf48a98ee66df3b,6706.5,6660.75,2019-01-24,2,0.998335456817895150582558057,1.25,570,2019-01-24,71461,183,4994,true,2019
528,412299.9999999999999999999992,2019-01-23T09:30:00-05:00,2.298239945170661991437413102,72e6777d760308a8b761fa05fa8dc2be7bb649b0,NQH9,prior_rth,2019-01-23T16:00:00-05:00,,26568,6642.125,bceb3bfc9ea7f3162e80,6724.25,6592.25,2019-01-24,2,0.5438944713438865437475691029,1.25,390,2019-01-23,412300,528,8073,true,2019
185,89054.99999999999999999999989,2019-09-24T09:30:00-04:00,1.715891706287686504803811515,72e6777d760308a8b761fa05fa8dc2be7bb649b0,NQZ9,opening_hour_rth,2019-09-24T10:30:00-04:00,,31487,7871.875,bd443b78a89aa4b973a9,7894,7847.75,2019-09-24,2,0.7284842017823850511603504924,1.25,60,2019-09-24,89055,185,1336,true,2019
368,389393.0000000000000000000011,2019-01-18T09:30:00-05:00,3.253062015004695920090390282,72e6777d760308a8b761fa05fa8dc2be7bb649b0,NQH9,prior_rth,2019-01-18T16:00:00-05:00,,27239,6809.875,bdd4829140b0a3746a1d,6828.25,6736.25,2019-01-22,2,0.3842533570630978508845818878,1.25,390,2019-01-18,389393,368,6777,true,2019
154,96804.99999999999999999999993,2019-03-15T09:30:00-04:00,3.642663297700867476164805272,72e6777d760308a8b761fa05fa8dc2be7bb649b0,NQM9,opening_hour_rth,2019-03-15T10:30:00-04:00,,29286,7321.625,bde29cb8d0383db32a2d,7332.5,7294,2019-03-15,2,0.3431555150290612929657077518,1.25,60,2019-03-15,96805,154,968,true,2019
74,58006.00000000000000000000001,2019-04-03T00:00:00-04:00,0.7321406393068214740802191404,72e6777d760308a8b761fa05fa8dc2be7bb649b0,NQM9,midnight,2019-04-03T09:30:00-04:00,,30270,7567.625,be4520f83e5ab6bc4fd5,7576.75,7558.25,2019-04-03,2,1.707322245058653098535560074,1.25,570,2019-04-03,58006,74,2847,true,2019
409,101702.9999999999999999999994,2019-05-07T00:00:00-04:00,2.016594211278158627354137769,72e6777d760308a8b761fa05fa8dc2be7bb649b0,NQM9,midnight,2019-05-07T09:30:00-04:00,,30980,7745.125,be94c4edd18a71bf6467,7804,7701.75,2019-05-07,2,0.6198569811463082857022360225,1.25,570,2019-05-07,101703,409,5225,true,2019
316,422052.0000000000000000000004,2019-05-29T09:30:00-04:00,2.740071336606197471645241082,72e6777d760308a8b761fa05fa8dc2be7bb649b0,NQM9,prior_rth,2019-05-29T16:00:00-04:00,,28911,7227.875,bece05c968f399d3da09,7262.25,7183.25,2019-05-30,2,0.456192502472664550517948763,1.25,390,2019-05-29,422052,316,8093,true,2019
168,70041.00000000000000000000001,2019-09-23T17:00:00-04:00,2.143134428204767599560107664,72e6777d760308a8b761fa05fa8dc2be7bb649b0,NQZ9,full_overnight,2019-09-24T09:30:00-04:00,,31508,7877.125,bf4e93f7a1959f8fdda8,7904.75,7862.75,2019-09-24,2,0.5832578598660670146775598336,1.25,930,2019-09-24,70041,168,5630,true,2019
289,87840.00000000000000000000007,2019-03-20T17:00:00-04:00,2.46210249879354907792562706,72e6777d760308a8b761fa05fa8dc2be7bb649b0,NQM9,full_overnight,2019-03-21T09:30:00-04:00,,29651,7412.875,bfe486c34e8f36940ff1,7440,7367.75,2019-03-21,2,0.5076961664319460737826494419,1.25,930,2019-03-21,87840,289,5941,true,2019
462,540682.0000000000000000000001,2019-08-02T09:30:00-04:00,8.558622460544344518804044108,72e6777d760308a8b761fa05fa8dc2be7bb649b0,NQU9,prior_rth,2019-08-02T16:00:00-04:00,,30655,7663.875,c009c2fc614c2c1908b1,7765.75,7650.25,2019-08-05,2,0.146051541093506494518612769,1.25,390,2019-08-02,540682,462,11116,true,2019
143,71445.00000000000000000000003,2019-10-09T09:30:00-04:00,2.76377756899555464638024104,72e6777d760308a8b761fa05fa8dc2be7bb649b0,NQZ9,opening_hour_rth,2019-10-09T10:30:00-04:00,,30737,7684.375,c0af10e75f3e13795747,7697.5,7661.75,2019-10-09,2,0.4522795227889088285793857714,1.25,60,2019-10-09,71445,143,1573,true,2019
222,62907.99999999999999999999994,2019-01-29T00:00:00-05:00,1.225670085955680833802952602,72e6777d760308a8b761fa05fa8dc2be7bb649b0,NQH9,midnight,2019-01-29T09:30:00-05:00,,26748,6687.125,c0b71be562067533a14b,6721,6665.5,2019-01-29,2,1.019850296032434061351456883,1.25,570,2019-01-29,62908,222,4410,true,2019
225,68860.99999999999999999999984,2019-10-15T09:30:00-04:00,2.02461683265312180733807878,72e6777d760308a8b761fa05fa8dc2be7bb649b0,NQZ9,opening_hour_rth,2019-10-15T10:30:00-04:00,,31583,7895.875,c134f02538cde17b2031,7928,7871.75,2019-10-15,2,0.6174007742304308228149176457,1.25,60,2019-10-15,68861,225,900,true,2019
335,81915.00000000000000000000009,2019-06-10T17:00:00-04:00,2.068346408414536333309710113,72e6777d760308a8b761fa05fa8dc2be7bb649b0,NQM9,full_overnight,2019-06-11T09:30:00-04:00,,30179,7544.875,c17780dbf58a30b29f87,7589,7505.25,2019-06-11,2,0.6043475091574099610441225567,1.25,930,2019-06-11,81915,335,5323,true,2019
282,164905,2019-05-07T09:30:00-04:00,4.158557655890529763874370704,72e6777d760308a8b761fa05fa8dc2be7bb649b0,NQM9,opening_hour_rth,2019-05-07T10:30:00-04:00,,30780,7695.125,c1a68bdacd3b12da993c,7752.5,7682,2019-05-07,2,0.300584987256193306829254829,1.25,60,2019-05-07,164905,282,2039,true,2019
346,113008.0000000000000000000007,2019-12-10T00:00:00-05:00,0.6530882438938102830705129929,72e6777d760308a8b761fa05fa8dc2be7bb649b0,NQZ9,midnight,2019-12-10T09:30:00-05:00,,33290,8322.625,c27df0a1c101e8a3933a,8383.5,8297,2019-12-10,2,1.913983311883417313658860057,1.25,570,2019-12-10,113008,346,4683,true,2019
182,95222.99999999999999999999992,2019-10-04T09:30:00-04:00,4.728658652780081308800828612,72e6777d760308a8b761fa05fa8dc2be7bb649b0,NQZ9,opening_hour_rth,2019-10-04T10:30:00-04:00,,30859,7714.875,c2c048b25a6301647389,7727.5,7682,2019-10-04,2,0.2643455769989017503560302467,1.25,60,2019-10-04,95223,182,1872,true,2019
173,43102.99999999999999999999999,2019-02-05T00:00:00-05:00,0.8970353550221758624582171642,72e6777d760308a8b761fa05fa8dc2be7bb649b0,NQH9,midnight,2019-02-05T09:30:00-05:00,,27831,6957.875,c40c851cf23187cd1eda,6973.75,6930.5,2019-02-05,2,1.393479078613460446733746317,1.25,570,2019-02-05,43103,173,3018,true,2019
192,83835.00000000000000000000001,2019-11-13T17:00:00-05:00,1.91909440937540738338362349,72e6777d760308a8b761fa05fa8dc2be7bb649b0,NQZ9,full_overnight,2019-11-14T09:30:00-05:00,,33014,8253.625,c4988b33bd5865589d88,8285.5,8237.5,2019-11-14,2,0.6513488830426157633327385756,1.25,930,2019-11-14,83835,192,5940,true,2019
110,36395.00000000000000000000005,2019-02-04T00:00:00-05:00,1.068632431533771114259277482,72e6777d760308a8b761fa05fa8dc2be7bb649b0,NQH9,midnight,2019-02-04T09:30:00-05:00,,27502,6875.625,c4b64e6b48fdbc347743,6892.5,6865,2019-02-04,2,1.169719318929819766778374084,1.25,570,2019-02-04,36395,110,3406,true,2019
215,58822.00000000000000000000005,2019-01-17T00:00:00-05:00,1.294516024907455560330330414,72e6777d760308a8b761fa05fa8dc2be7bb649b0,NQH9,midnight,2019-01-17T09:30:00-05:00,,26627,6656.875,c5036546a5ee7227b4fd,6666,6612.25,2019-01-17,2,0.9656118394435186745716024556,1.25,570,2019-01-17,58822,215,4622,true,2019
160,48850.00000000000000000000003,2019-11-08T00:00:00-05:00,0.8449252998098077065188884562,72e6777d760308a8b761fa05fa8dc2be7bb649b0,NQZ9,midnight,2019-11-08T09:30:00-05:00,,32863,8215.875,c54e0f7013f9eaa6bdb7,8236.25,8196.25,2019-11-08,2,1.479420725455107594479413471,1.25,570,2019-11-08,48850,160,3266,true,2019
262,237363.9999999999999999999993,2019-11-22T09:30:00-05:00,2.145426667792489912772576122,72e6777d760308a8b761fa05fa8dc2be7bb649b0,NQZ9,prior_rth,2019-11-22T16:00:00-05:00,,33097,8274.375,c55b86e7207ad860ff50,8298.75,8233.25,2019-11-25,2,0.5826346892975707968583253974,1.25,390,2019-11-22,237364,262,4085,true,2019
438,136734.0000000000000000000004,2019-05-08T17:00:00-04:00,2.220637755924055619328681609,72e6777d760308a8b761fa05fa8dc2be7bb649b0,NQM9,full_overnight,2019-05-09T09:30:00-04:00,,30304,7576.125,c56570729e05aacdf35b,7644.5,7535,2019-05-09,2,0.5629013542012158757170378248,1.25,930,2019-05-09,136734,438,9524,true,2019
159,87346.00000000000000000000003,2019-09-09T09:30:00-04:00,1.76413602331083022093019626,72e6777d760308a8b761fa05fa8dc2be7bb649b0,NQU9,opening_hour_rth,2019-09-09T10:30:00-04:00,,31428,7857.125,c56991e34ab42764705f,7884,7844.25,2019-09-09,2,0.7085621423080920063291528848,1.25,60,2019-09-09,87346,159,1216,true,2019
293,336640.9999999999999999999991,2019-08-26T09:30:00-04:00,5.220188097339335853900731321,72e6777d760308a8b761fa05fa8dc2be7bb649b0,NQU9,prior_rth,2019-08-26T16:00:00-04:00,,30192,7548.125,c5a0121d79a2afc415a9,7583.75,7510.5,2019-08-27,2,0.2394549730185219305249841616,1.25,390,2019-08-26,336641,293,7676,true,2019
197,95967.00000000000000000000009,2019-08-12T09:30:00-04:00,4.11766660003627052604853416,72e6777d760308a8b761fa05fa8dc2be7bb649b0,NQU9,opening_hour_rth,2019-08-12T10:30:00-04:00,,30375,7593.875,c6626a7ebffc4c9fccc5,7629.75,7580.5,2019-08-12,2,0.30356998791232620845161985,1.25,60,2019-08-12,95967,197,2133,true,2019
211,88758,2019-12-27T09:30:00-05:00,1.425726149043887057108103141,72e6777d760308a8b761fa05fa8dc2be7bb649b0,NQH0,opening_hour_rth,2019-12-27T10:30:00-05:00,,35225,8806.375,c73b32d58df3e5b1d512,8832.75,8780,2019-12-27,2,0.8767462116327658018852537191,1.25,60,2019-12-27,88758,211,1019,true,2019
286,80767.9999999999999999999999,2019-03-25T00:00:00-04:00,1.483350172809344370260508847,72e6777d760308a8b761fa05fa8dc2be7bb649b0,NQM9,midnight,2019-03-25T09:30:00-04:00,,29361,7340.375,c7585e7937a39b2bfd26,7361.5,7290,2019-03-25,2,0.8426870626459036605391468777,1.25,570,2019-03-25,80768,286,4925,true,2019
304,127168.0000000000000000000007,2019-09-24T17:00:00-04:00,2.446467507841495814379552778,72e6777d760308a8b761fa05fa8dc2be7bb649b0,NQZ9,full_overnight,2019-09-25T09:30:00-04:00,,30835,7708.875,c7662b14026af2a27183,7759.25,7683.25,2019-09-25,2,0.5109407731733448597888031604,1.25,930,2019-09-25,127168,304,7669,true,2019
146,51519.00000000000000000000002,2019-12-16T00:00:00-05:00,0.342840285747814466518443393,72e6777d760308a8b761fa05fa8dc2be7bb649b0,NQH0,midnight,2019-12-16T09:30:00-05:00,,34206,8551.625,c79f2033305eb9fe7c62,8577,8540.5,2019-12-16,2,3.646012595262715512426105726,1.25,570,2019-12-16,51519,146,2634,true,2019
109,37051.00000000000000000000004,2019-03-06T00:00:00-05:00,0.8032881220309365602012969662,72e6777d760308a8b761fa05fa8dc2be7bb649b0,NQH9,midnight,2019-03-06T09:30:00-05:00,,28637,7159.375,c7cdcb0bdb1c1230d8be,7171.25,7144,2019-03-06,2,1.556104174476837950215337287,1.25,570,2019-03-06,37051,109,2803,true,2019
1086,323260.9999999999999999999987,2019-08-05T17:00:00-04:00,4.987834994519934433889256712,72e6777d760308a8b761fa05fa8dc2be7bb649b0,NQU9,full_overnight,2019-08-06T09:30:00-04:00,,29881,7470.375,c8c2459b89b8c178527f,7496,7224.5,2019-08-06,2,0.2506097337569020973014104003,1.25,930,2019-08-06,323261,1086,21872,true,2019
412,502032.0000000000000000000008,2019-02-07T09:30:00-05:00,2.303669113141157812500949251,72e6777d760308a8b761fa05fa8dc2be7bb649b0,NQH9,prior_rth,2019-02-07T16:00:00-05:00,,27548,6887.125,c91d095900ed1fa90b69,6959.25,6856.25,2019-02-08,2,0.5426126490429730328314510126,1.25,390,2019-02-07,502032,412,7879,true,2019
160,78405.99999999999999999999996,2019-09-04T09:30:00-04:00,2.392635580157379598615407372,72e6777d760308a8b761fa05fa8dc2be7bb649b0,NQU9,opening_hour_rth,2019-09-04T10:30:00-04:00,,30750,7687.625,c931bbe5a9b1e31075bb,7705.5,7665.5,2019-09-04,2,0.5224364338499802647499813912,1.25,60,2019-09-04,78406,160,1333,true,2019
182,230589.0000000000000000000009,2019-10-16T09:30:00-04:00,2.211710387764885099310637914,72e6777d760308a8b761fa05fa8dc2be7bb649b0,NQZ9,prior_rth,2019-10-16T16:00:00-04:00,,31693,7923.375,ca89a76ed96b67e8473a,7953,7907.5,2019-10-17,2,0.5651734544065815097148547292,1.25,390,2019-10-16,230589,182,4602,true,2019
238,84503.99999999999999999999996,2019-01-29T17:00:00-05:00,4.109724036435643883678304582,72e6777d760308a8b761fa05fa8dc2be7bb649b0,NQH9,full_overnight,2019-01-30T09:30:00-05:00,,26708,6677.125,cad643e5c77d3bd30b86,6717.25,6657.75,2019-01-30,2,0.3041566754647892870473596682,1.25,930,2019-01-30,84504,238,6535,true,2019
272,131882.0000000000000000000007,2019-11-20T17:00:00-05:00,2.13207512667891737940937148,72e6777d760308a8b761fa05fa8dc2be7bb649b0,NQZ9,full_overnight,2019-11-21T09:30:00-05:00,,33078,8269.625,cba27fcaa108dc2ad14e,8308,8240,2019-11-21,2,0.5862832807149226558095944927,1.25,930,2019-11-21,131882,272,7895,true,2019
132,71264.99999999999999999999995,2019-10-16T00:00:00-04:00,1.459430113058140699076315369,72e6777d760308a8b761fa05fa8dc2be7bb649b0,NQZ9,midnight,2019-10-16T09:30:00-04:00,,31748,7937.125,cc364b186e6280d42277,7958.75,7925.75,2019-10-16,2,0.8564987037171012289561616176,1.25,570,2019-10-16,71265,132,4569,true,2019
222,379750.9999999999999999999999,2019-04-17T09:30:00-04:00,1.498513368101729897693791923,72e6777d760308a8b761fa05fa8dc2be7bb649b0,NQM9,prior_rth,2019-04-17T16:00:00-04:00,,30798,7699.625,cc3923b0588b23bd13d9,7733.5,7678,2019-04-18,2,0.8341600593016137727955186499,1.25,390,2019-04-17,379751,222,5051,true,2019
196,73315.00000000000000000000012,2019-07-23T09:30:00-04:00,1.487058415704859755071521182,72e6777d760308a8b761fa05fa8dc2be7bb649b0,NQU9,opening_hour_rth,2019-07-23T10:30:00-04:00,,31751,7937.875,cc9bd59a23d67f5e0b9f,7962.75,7913.75,2019-07-23,2,0.8405856735678436600033227753,1.25,60,2019-07-23,73315,196,1021,true,2019
188,76475.00000000000000000000003,2019-12-12T00:00:00-05:00,0.3765034710035267523354172071,72e6777d760308a8b761fa05fa8dc2be7bb649b0,NQZ9,midnight,2019-12-12T09:30:00-05:00,,33587,8396.875,cd23ea0641784d12dd57,8430,8383,2019-12-12,2,3.320022513121243184629795752,1.25,570,2019-12-12,76475,188,3379,true,2019
342,287702.9999999999999999999998,2019-09-09T09:30:00-04:00,1.76413602331083022093019626,72e6777d760308a8b761fa05fa8dc2be7bb649b0,NQU9,prior_rth,2019-09-09T16:00:00-04:00,,31474,7868.625,cd3caba2cc592aee34c1,7884,7798.5,2019-09-10,2,0.7085621423080920063291528848,1.25,390,2019-09-09,287703,342,5408,true,2019
284,116263.000000000000000000001,2019-10-02T09:30:00-04:00,3.216863871522302287160816195,72e6777d760308a8b761fa05fa8dc2be7bb649b0,NQZ9,opening_hour_rth,2019-10-02T10:30:00-04:00,,30451,7612.875,cd3f9a9067141f873b2e,7652.5,7581.5,2019-10-02,2,0.3885772136849757397004133174,1.25,60,2019-10-02,116263,284,1797,true,2019
165,92691.00000000000000000000011,2019-02-13T09:30:00-05:00,1.968137186577172392745165569,72e6777d760308a8b761fa05fa8dc2be7bb649b0,NQH9,opening_hour_rth,2019-02-13T10:30:00-05:00,,28229,7057.375,cda5e3f52e3f964a7db4,7069.75,7028.5,2019-02-13,2,0.6351183283996074218381689283,1.25,60,2019-02-13,92691,165,1409,true,2019
143,58964.00000000000000000000012,2019-07-11T00:00:00-04:00,1.047931160589635498462582916,72e6777d760308a8b761fa05fa8dc2be7bb649b0,NQU9,midnight,2019-07-11T09:30:00-04:00,,31792,7948.125,cdc93bd4c0447687de17,7963.25,7927.5,2019-07-11,2,1.192826444149887846663831008,1.25,570,2019-07-11,58964,143,3669,true,2019
255,114763.9999999999999999999998,2019-08-08T09:30:00-04:00,4.461586429246931530192632312,72e6777d760308a8b761fa05fa8dc2be7bb649b0,NQU9,opening_hour_rth,2019-08-08T10:30:00-04:00,,30398,7599.625,cdeb9b96707caa51c115,7641.75,7578,2019-08-08,2,0.2801694015845809228306591948,1.25,60,2019-08-08,114764,255,1816,true,2019
116,67211.00000000000000000000009,2019-12-17T09:30:00-05:00,1.745630127472995250644054447,72e6777d760308a8b761fa05fa8dc2be7bb649b0,NQH0,opening_hour_rth,2019-12-17T10:30:00-05:00,,34416,8604.125,cdf12948590f4e8ede36,8625.25,8596.25,2019-12-17,2,0.7160738007022838768622962397,1.25,60,2019-12-17,67211,116,919,true,2019
117,34485,2019-04-22T00:00:00-04:00,0.9308229859420029101364703571,72e6777d760308a8b761fa05fa8dc2be7bb649b0,NQM9,midnight,2019-04-22T09:30:00-04:00,,30699,7674.875,ce289c478e91128761ff,7699,7669.75,2019-04-22,2,1.342897649583703077633741168,1.25,570,2019-04-22,34485,117,2337,true,2019
185,77414.99999999999999999999992,2019-07-23T17:00:00-04:00,3.692744352136363661358435399,72e6777d760308a8b761fa05fa8dc2be7bb649b0,NQU9,full_overnight,2019-07-24T09:30:00-04:00,,31804,7951.125,ce5216534780b2cdc777,7971.5,7925.25,2019-07-24,2,0.3385016347738335604409650127,1.25,930,2019-07-24,77415,185,5060,true,2019
227,61845.00000000000000000000003,2019-06-11T00:00:00-04:00,0.9535497313553495579719561646,72e6777d760308a8b761fa05fa8dc2be7bb649b0,NQM9,midnight,2019-06-11T09:30:00-04:00,,30179,7544.875,ce58ee7ee553b80816fc,7589,7532.25,2019-06-11,2,1.31089125076180780076428636,1.25,570,2019-06-11,61845,227,3447,true,2019
312,117604.0000000000000000000005,2019-08-09T09:30:00-04:00,2.528830068612255862201094976,72e6777d760308a8b761fa05fa8dc2be7bb649b0,NQU9,opening_hour_rth,2019-08-09T10:30:00-04:00,,30671,7667.875,ce5abd8f84113ecab7bc,7720,7642,2019-08-09,2,0.4942997220394336506667101846,1.25,60,2019-08-09,117604,312,2093,true,2019
476,423208.0000000000000000000003,2019-01-08T09:30:00-05:00,2.465695004175717285665388292,72e6777d760308a8b761fa05fa8dc2be7bb649b0,NQH9,prior_rth,2019-01-08T16:00:00-05:00,,26231,6557.875,cf06cc23dc4cdb3f4fe5,6586.25,6467.25,2019-01-09,2,0.5069564556374949720524451163,1.25,390,2019-01-08,423208,476,8660,true,2019
418,409268.0000000000000000000021,2019-05-01T09:30:00-04:00,1.828436529211741035126802945,72e6777d760308a8b761fa05fa8dc2be7bb649b0,NQM9,prior_rth,2019-05-01T16:00:00-04:00,,31358,7839.625,cf79d5bf58d03c045711,7867.25,7762.75,2019-05-02,2,0.6836441845421282724256001027,1.25,390,2019-05-01,409268,418,6142,true,2019
293,129876.9999999999999999999998,2019-08-13T00:00:00-04:00,1.462269517609138917279013802,72e6777d760308a8b761fa05fa8dc2be7bb649b0,NQU9,midnight,2019-08-13T09:30:00-04:00,,30165,7541.375,cf7abbd85a8c3f3799c9,7587.25,7514,2019-08-13,2,0.8548355723394912191235511062,1.25,570,2019-08-13,129877,293,8048,true,2019
186,96492.00000000000000000000002,2019-02-05T09:30:00-05:00,1.824066856882174825166891436,72e6777d760308a8b761fa05fa8dc2be7bb649b0,NQH9,opening_hour_rth,2019-02-05T10:30:00-05:00,,28032,7008.125,cfabce9608532922d9b1,7016,6969.5,2019-02-05,2,0.6852818992263195644403432012,1.25,60,2019-02-05,96492,186,1212,true,2019
702,385307.0000000000000000000032,2019-05-15T09:30:00-04:00,3.95964793856756526032363893,72e6777d760308a8b761fa05fa8dc2be7bb649b0,NQM9,prior_rth,2019-05-15T16:00:00-04:00,,30014,7503.625,cfc830947e8fb2ef166f,7538.5,7363,2019-05-16,2,0.3156846314099827856952319576,1.25,390,2019-05-15,385307,702,7768,true,2019
108,84277.99999999999999999999996,2019-03-12T09:30:00-04:00,2.021781212587337342284133142,72e6777d760308a8b761fa05fa8dc2be7bb649b0,NQM9,opening_hour_rth,2019-03-12T10:30:00-04:00,,28848,7212.125,cfcb3f8b4b07455a4bce,7219,7192,2019-03-12,2,0.6182667007773484439436232979,1.25,60,2019-03-12,84278,108,1355,true,2019
265,66164.99999999999999999999998,2019-11-01T17:00:00-04:00,1.817032373349105191823615494,72e6777d760308a8b761fa05fa8dc2be7bb649b0,NQZ9,full_overnight,2019-11-04T09:30:00-05:00,,32876,8219.125,d005c1936e3f40a8d471,8230.25,8164,2019-11-04,2,0.6879349087743734721616657313,1.25,930,2019-11-04,66165,265,4086,true,2019
183,72700.00000000000000000000006,2019-09-19T09:30:00-04:00,2.382001276182041837715400088,72e6777d760308a8b761fa05fa8dc2be7bb649b0,NQZ9,opening_hour_rth,2019-09-19T10:30:00-04:00,,31848,7962.125,d083914028d90e43c1e9,7970,7924.25,2019-09-19,2,0.5247688204447754962287813028,1.25,60,2019-09-19,72700,183,1161,true,2019
174,68507.00000000000000000000004,2019-03-04T17:00:00-05:00,1.494176352511988710422319218,72e6777d760308a8b761fa05fa8dc2be7bb649b0,NQH9,full_overnight,2019-03-05T09:30:00-05:00,,28574,7143.625,d12f872abd92c0520457,7169.25,7125.75,2019-03-05,2,0.836581303069424978744451246,1.25,930,2019-03-05,68507,174,5397,true,2019
179,89980.00000000000000000000006,2019-06-20T17:00:00-04:00,2.361541054986960555783813485,72e6777d760308a8b761fa05fa8dc2be7bb649b0,NQU9,full_overnight,2019-06-21T09:30:00-04:00,,30974,7743.625,d17667cd56cffecdbc25,7770.75,7726,2019-06-21,2,0.5293153796163420831848620482,1.25,930,2019-06-21,89980,179,7112,true,2019
334,383688.9999999999999999999991,2019-09-26T09:30:00-04:00,2.642552587556231023058558196,72e6777d760308a8b761fa05fa8dc2be7bb649b0,NQZ9,prior_rth,2019-09-26T16:00:00-04:00,,31163,7790.875,d1acee93ff19c6ab263c,7818.25,7734.75,2019-09-27,2,0.4730274833077096448430820213,1.25,390,2019-09-26,383689,334,7314,true,2019
303,89059.99999999999999999999996,2019-06-26T17:00:00-04:00,1.996248882428109489593699753,72e6777d760308a8b761fa05fa8dc2be7bb649b0,NQU9,full_overnight,2019-06-27T09:30:00-04:00,,30726,7681.625,d1cb4be9715353135ba9,7716.5,7640.75,2019-06-27,2,0.626174426947996550303223045,1.25,930,2019-06-27,89060,303,6495,true,2019
313,96961.00000000000000000000019,2019-08-30T00:00:00-04:00,1.246881704125392701111498025,72e6777d760308a8b761fa05fa8dc2be7bb649b0,NQU9,midnight,2019-08-30T09:30:00-04:00,,31021,7755.375,d2187b79ac32897fa892,7770.5,7692.25,2019-08-30,2,1.00250087547542818653588531,1.25,570,2019-08-30,96961,313,5053,true,2019
108,32927.00000000000000000000001,2019-12-26T09:30:00-05:00,1.159074230158724147890466988,72e6777d760308a8b761fa05fa8dc2be7bb649b0,NQH0,opening_hour_rth,2019-12-26T10:30:00-05:00,,35042,8760.625,d22d6d6be930a42734e5,8766,8739,2019-12-26,2,1.078446891040640629353351268,1.25,60,2019-12-26,32927,108,573,true,2019
937,203596.9999999999999999999981,2019-08-13T09:30:00-04:00,3.675547085106861244354596601,72e6777d760308a8b761fa05fa8dc2be7bb649b0,NQU9,opening_hour_rth,2019-08-13T10:30:00-04:00,,30971,7742.875,d23cd416236ded1da809,7789.5,7555.25,2019-08-13,2,0.3400854270279761762542966054,1.25,60,2019-08-13,203597,937,3605,true,2019
178,88984,2019-07-22T09:30:00-04:00,2.023682639072128822102000328,72e6777d760308a8b761fa05fa8dc2be7bb649b0,NQU9,opening_hour_rth,2019-07-22T10:30:00-04:00,,31590,7897.625,d29d5bdbfafd4246e4e9,7919.75,7875.25,2019-07-22,2,0.6176857852440404574134404217,1.25,60,2019-07-22,88984,178,1111,true,2019
204,97888.00000000000000000000002,2019-02-04T09:30:00-05:00,1.38988595471190696029740666,72e6777d760308a8b761fa05fa8dc2be7bb649b0,NQH9,opening_hour_rth,2019-02-04T10:30:00-05:00,,27624,6906.125,d2ec4e492daf7b45824f,6924.5,6873.5,2019-02-04,2,0.8993543648400258370382325212,1.25,60,2019-02-04,97888,204,1412,true,2019
141,64664.00000000000000000000003,2019-11-12T09:30:00-05:00,1.295215029149877447405061801,72e6777d760308a8b761fa05fa8dc2be7bb649b0,NQZ9,opening_hour_rth,2019-11-12T10:30:00-05:00,,33073,8268.375,d313b3b88dba553f4db0,8287.25,8252,2019-11-12,2,0.9650907161110116079072754706,1.25,60,2019-11-12,64664,141,745,true,2019
501,137972.9999999999999999999993,2019-01-04T09:30:00-05:00,5.1337804229847785820767616,72e6777d760308a8b761fa05fa8dc2be7bb649b0,NQH9,opening_hour_rth,2019-01-04T10:30:00-05:00,,25163,6290.875,d32aeb1e8cd6dbc6f017,6366.75,6241.5,2019-01-04,2,0.2434852870612744925558572785,1.25,60,2019-01-04,137973,501,2257,true,2019
257,142229.0000000000000000000008,2019-05-20T09:30:00-04:00,3.997089676213721324036188763,72e6777d760308a8b761fa05fa8dc2be7bb649b0,NQM9,opening_hour_rth,2019-05-20T10:30:00-04:00,,29590,7397.625,d3a3c6a25ca444c5375d,7425.75,7361.5,2019-05-20,2,0.3127275345956394942898065968,1.25,60,2019-05-20,142229,257,2343,true,2019
573,333176.9999999999999999999993,2019-06-25T09:30:00-04:00,1.839503436648088718298401093,72e6777d760308a8b761fa05fa8dc2be7bb649b0,NQU9,prior_rth,2019-06-25T16:00:00-04:00,,30748,7687.125,d3b609dc5af8ea4bd73d,7752.75,7609.5,2019-06-26,2,0.6795312121176181851366402714,1.25,390,2019-06-25,333177,573,6478,true,2019
181,110584.9999999999999999999999,2019-10-02T17:00:00-04:00,3.530689478366109223337936716,72e6777d760308a8b761fa05fa8dc2be7bb649b0,NQZ9,full_overnight,2019-10-03T09:30:00-04:00,,30236,7559.125,d40f37160f8049dd65fa,7587.75,7542.5,2019-10-03,2,0.3540384980495255098294312793,1.25,930,2019-10-03,110585,181,9236,true,2019
166,82518.99999999999999999999981,2019-11-05T09:30:00-05:00,1.724278294005460427789524058,72e6777d760308a8b761fa05fa8dc2be7bb649b0,NQZ9,opening_hour_rth,2019-11-05T10:30:00-05:00,,32875,8218.875,d46a7e0030b0aca74bdd,8234.75,8193.25,2019-11-05,2,0.7249409821753758689461091788,1.25,60,2019-11-05,82519,166,1153,true,2019
159,100647.0000000000000000000001,2019-06-12T09:30:00-04:00,1.92421197631854637174461112,72e6777d760308a8b761fa05fa8dc2be7bb649b0,NQM9,opening_hour_rth,2019-06-12T10:30:00-04:00,,29984,7496.125,d472a5adce501220692f,7512.5,7472.75,2019-06-12,2,0.6496165783104277883124786188,1.25,60,2019-06-12,100647,159,1513,true,2019
214,84922.00000000000000000000002,2019-06-07T17:00:00-04:00,2.299931327004667695882999899,72e6777d760308a8b761fa05fa8dc2be7bb649b0,NQM9,full_overnight,2019-06-10T09:30:00-04:00,,29776,7444.125,d49e676107521c360baf,7484.75,7431.25,2019-06-10,2,0.5434944884323770650626522195,1.25,930,2019-06-10,84922,214,6683,true,2019
261,140401.9999999999999999999999,2019-06-04T09:30:00-04:00,2.923521208176379427632648819,72e6777d760308a8b761fa05fa8dc2be7bb649b0,NQM9,opening_hour_rth,2019-06-04T10:30:00-04:00,,28160,7040.125,d556699003790c1dd2dd,7092.5,7027.25,2019-06-04,2,0.4275665921300838564688987884,1.25,60,2019-06-04,140402,261,2070,true,2019
215,73050.99999999999999999999995,2019-11-12T17:00:00-05:00,1.499935104142140867578008412,72e6777d760308a8b761fa05fa8dc2be7bb649b0,NQZ9,full_overnight,2019-11-13T09:30:00-05:00,,32984,8246.125,d59536423bc14835ee7c,8273.75,8220,2019-11-13,2,0.8333693881475715846408713256,1.25,930,2019-11-13,73051,215,4764,true,2019
278,283011.0000000000000000000012,2019-08-20T09:30:00-04:00,3.934355902431234108593210752,72e6777d760308a8b761fa05fa8dc2be7bb649b0,NQU9,prior_rth,2019-08-20T16:00:00-04:00,,30792,7698.125,d6091d1af4cbc2af2252,7742,7672.5,2019-08-21,2,0.3177140124073581793292325781,1.25,390,2019-08-20,283011,278,6364,true,2019
112,60124.00000000000000000000003,2019-10-24T17:00:00-04:00,2.940818658190364038355804042,72e6777d760308a8b761fa05fa8dc2be7bb649b0,NQZ9,full_overnight,2019-10-25T09:30:00-04:00,,31736,7934.125,d69263c66d25331308e2,7946.5,7918.5,2019-10-25,2,0.4250517101823574733113127571,1.25,930,2019-10-25,60124,112,4471,true,2019
96,86530,2019-07-11T09:30:00-04:00,2.481766341057412906254154298,72e6777d760308a8b761fa05fa8dc2be7bb649b0,NQU9,opening_hour_rth,2019-07-11T10:30:00-04:00,,31755,7938.875,d693fbe1fd75a96d74c6,7954,7930,2019-07-11,2,0.5036735245056990798937001182,1.25,60,2019-07-11,86530,96,1187,true,2019
149,88593.00000000000000000000004,2019-08-27T09:30:00-04:00,2.996651835793818739408305743,72e6777d760308a8b761fa05fa8dc2be7bb649b0,NQU9,opening_hour_rth,2019-08-27T10:30:00-04:00,,30510,7627.625,d6f6b0d4a51265584cf7,7648.5,7611.25,2019-08-27,2,0.4171322090438553184975540873,1.25,60,2019-08-27,88593,149,1595,true,2019
162,57084.99999999999999999999991,2019-03-14T00:00:00-04:00,1.364321998319804393018563644,72e6777d760308a8b761fa05fa8dc2be7bb649b0,NQM9,midnight,2019-03-14T09:30:00-04:00,,29185,7296.375,d757a1f0b5dcf44e44e4,7318.5,7278,2019-03-14,2,0.9162059994190559818825279449,1.25,570,2019-03-14,57085,162,3445,true,2019
103,80672.99999999999999999999997,2019-04-16T09:30:00-04:00,1.417228788200635471585452895,72e6777d760308a8b761fa05fa8dc2be7bb649b0,NQM9,opening_hour_rth,2019-04-16T10:30:00-04:00,,30691,7672.875,d77fa243ad1a71c24061,7694,7668.25,2019-04-16,2,0.8820029697442463455135468169,1.25,60,2019-04-16,80673,103,784,true,2019
249,112767.9999999999999999999995,2019-03-27T17:00:00-04:00,1.911971795232396041378580826,72e6777d760308a8b761fa05fa8dc2be7bb649b0,NQM9,full_overnight,2019-03-28T09:30:00-04:00,,29344,7336.125,d798af145bd2258c8523,7351.75,7289.5,2019-03-28,2,0.6537753345090873583253515585,1.25,930,2019-03-28,112768,249,7326,true,2019
114,42266.99999999999999999999997,2019-03-20T00:00:00-04:00,0.8512284168870265124220579608,72e6777d760308a8b761fa05fa8dc2be7bb649b0,NQM9,midnight,2019-03-20T09:30:00-04:00,,29528,7382.125,d89eb19c6bf89be5154d,7392.25,7363.75,2019-03-20,2,1.468466013589273449907462206,1.25,570,2019-03-20,42267,114,2694,true,2019
267,139062.0000000000000000000005,2019-08-08T17:00:00-04:00,2.375305553552010236544336849,72e6777d760308a8b761fa05fa8dc2be7bb649b0,NQU9,full_overnight,2019-08-09T09:30:00-04:00,,30714,7678.625,d8d934e139b687153286,7724,7657.25,2019-08-09,2,0.5262480854855752824698183952,1.25,930,2019-08-09,139062,267,10014,true,2019
306,73071.99999999999999999999997,2019-10-04T17:00:00-04:00,2.227025524482059720056745105,72e6777d760308a8b761fa05fa8dc2be7bb649b0,NQZ9,full_overnight,2019-10-07T09:30:00-04:00,,30912,7728.125,d96d36dd225fdf6400fc,7759,7682.5,2019-10-07,2,0.5612867864595817936605489626,1.25,930,2019-10-07,73072,306,7099,true,2019
502,332243.0000000000000000000001,2019-07-19T09:30:00-04:00,2.618170781885286204983465208,72e6777d760308a8b761fa05fa8dc2be7bb649b0,NQU9,prior_rth,2019-07-19T16:00:00-04:00,,31681,7920.375,d993b699e7bbae5ec377,7974.25,7848.75,2019-07-22,2,0.4774325680542133946042901156,1.25,390,2019-07-19,332243,502,6322,true,2019
268,94149.00000000000000000000001,2019-05-21T00:00:00-04:00,1.483317894801258157632628872,72e6777d760308a8b761fa05fa8dc2be7bb649b0,NQM9,midnight,2019-05-21T09:30:00-04:00,,29758,7439.625,d9c6bed0e88269725f4c,7467.75,7400.75,2019-05-21,2,0.8427054000905725092643967467,1.25,570,2019-05-21,94149,268,5458,true,2019
179,294994.0000000000000000000003,2019-11-13T09:30:00-05:00,1.532785000891976044860148051,72e6777d760308a8b761fa05fa8dc2be7bb649b0,NQZ9,prior_rth,2019-11-13T16:00:00-05:00,,33108,8277.125,d9ecd27427cd67d55ca6,8281.5,8236.75,2019-11-14,2,0.8155090239482937830621001336,1.25,390,2019-11-13,294994,179,4735,true,2019
96,34584.99999999999999999999997,2019-09-18T00:00:00-04:00,0.7919828974140928107426436471,72e6777d760308a8b761fa05fa8dc2be7bb649b0,NQZ9,midnight,2019-09-18T09:30:00-04:00,,31611,7902.875,da25bab60149bc500d08,7911.25,7887.25,2019-09-18,2,1.57831691073302346097496109,1.25,570,2019-09-18,34585,96,2630,true,2019
205,104611.9999999999999999999997,2019-05-02T09:30:00-04:00,2.69008944507440390754216108,72e6777d760308a8b761fa05fa8dc2be7bb649b0,NQM9,opening_hour_rth,2019-05-02T10:30:00-04:00,,31109,7777.375,db99c21b343e1eb08a50,7805,7753.75,2019-05-02,2,0.4646685641954283951743673732,1.25,60,2019-05-02,104612,205,1338,true,2019
464,144903.9999999999999999999995,2019-12-12T09:30:00-05:00,2.416021156256678796329286343,72e6777d760308a8b761fa05fa8dc2be7bb649b0,NQZ9,opening_hour_rth,2019-12-12T10:30:00-05:00,,33921,8480.375,dba001ab3996a3eef851,8497,8381,2019-12-12,2,0.5173795754076582404475455865,1.25,60,2019-12-12,144904,464,2017,true,2019
358,125406.9999999999999999999992,2019-05-10T00:00:00-04:00,8.012124780313836672995006992,72e6777d760308a8b761fa05fa8dc2be7bb649b0,NQM9,midnight,2019-05-10T09:30:00-04:00,,30186,7546.625,dba7a31c2145bd2086ec,7614.5,7525,2019-05-10,2,0.1560135462532121507600558438,1.25,570,2019-05-10,125407,358,9420,true,2019
186,87744.99999999999999999999994,2019-05-28T09:30:00-04:00,2.87184551867684574911887205,72e6777d760308a8b761fa05fa8dc2be7bb649b0,NQM9,opening_hour_rth,2019-05-28T10:30:00-04:00,,29443,7360.875,dc1a07250f5089c74ae0,7371.75,7325.25,2019-05-28,2,0.4352601809083088698336802087,1.25,60,2019-05-28,87745,186,1439,true,2019
151,69929.00000000000000000000007,2019-07-05T09:30:00-04:00,4.208425390417825839083106229,72e6777d760308a8b761fa05fa8dc2be7bb649b0,NQU9,opening_hour_rth,2019-07-05T10:30:00-04:00,,31240,7810.125,dc41c745a2b71d31aade,7841.25,7803.5,2019-07-05,2,0.2970232056022967844256035075,1.25,60,2019-07-05,69929,151,1291,true,2019
121,77670.00000000000000000000013,2019-10-16T09:30:00-04:00,2.211710387764885099310637914,72e6777d760308a8b761fa05fa8dc2be7bb649b0,NQZ9,opening_hour_rth,2019-10-16T10:30:00-04:00,,31706,7926.625,dc7bb6ec3debfcaf3ee9,7937.75,7907.5,2019-10-16,2,0.5651734544065815097148547292,1.25,60,2019-10-16,77670,121,1199,true,2019
615,161977.9999999999999999999998,2019-08-07T00:00:00-04:00,2.69076594734220018383589348,72e6777d760308a8b761fa05fa8dc2be7bb649b0,NQU9,midnight,2019-08-07T09:30:00-04:00,,29745,7436.375,dc8b9314c2d47189d5b7,7569,7415.25,2019-08-07,2,0.4645517389703424507932739986,1.25,570,2019-08-07,161978,615,8691,true,2019
137,63240.99999999999999999999986,2019-03-08T09:30:00-05:00,3.571457267988004377338550948,72e6777d760308a8b761fa05fa8dc2be7bb649b0,NQH9,opening_hour_rth,2019-03-08T10:30:00-05:00,,27825,6956.375,ddce86857c1d34bb75bc,6977,6942.75,2019-03-08,2,0.3499971877597720242965355732,1.25,60,2019-03-08,63241,137,1725,true,2019
134,72287,2019-09-06T17:00:00-04:00,1.607600374204208827511549397,72e6777d760308a8b761fa05fa8dc2be7bb649b0,NQU9,full_overnight,2019-09-09T09:30:00-04:00,,31485,7871.375,ddfa65f32203856308c8,7887,7853.5,2019-09-09,2,0.7775564251275896469159586501,1.25,930,2019-09-09,72287,134,5565,true,2019
80,49916.00000000000000000000005,2019-07-16T09:30:00-04:00,1.867529649709779669276400907,72e6777d760308a8b761fa05fa8dc2be7bb649b0,NQU9,opening_hour_rth,2019-07-16T10:30:00-04:00,,31910,7977.625,de0d8d6ac804c27f5d5b,7987.25,7967.25,2019-07-16,2,0.66933341604201794888133144,1.25,60,2019-07-16,49916,80,769,true,2019
226,86206.00000000000000000000003,2019-01-22T17:00:00-05:00,3.095135868460443144445470653,72e6777d760308a8b761fa05fa8dc2be7bb649b0,NQH9,full_overnight,2019-01-23T09:30:00-05:00,,26712,6678.125,de2e9074084f16358774,6694.75,6638.25,2019-01-23,2,0.4038594921591486223945276926,1.25,930,2019-01-23,86206,226,7110,true,2019
129,73874.00000000000000000000011,2019-10-22T09:30:00-04:00,1.548069209068840191470403078,72e6777d760308a8b761fa05fa8dc2be7bb649b0,NQZ9,opening_hour_rth,2019-10-22T10:30:00-04:00,,31851,7962.875,de32d284ddd235efc675,7988.75,7956.5,2019-10-22,2,0.8074574396785993275629602544,1.25,60,2019-10-22,73874,129,1150,true,2019
214,101695.0000000000000000000003,2019-01-23T17:00:00-05:00,2.200950452730992199744408212,72e6777d760308a8b761fa05fa8dc2be7bb649b0,NQH9,full_overnight,2019-01-24T09:30:00-05:00,,26776,6694.125,de4ff3544663f19b3e6d,6706.5,6653,2019-01-24,2,0.5679364560201570956122468924,1.25,930,2019-01-24,101695,214,8009,true,2019
518,203045.9999999999999999999997,2019-05-09T17:00:00-04:00,2.755919547051988987840646802,72e6777d760308a8b761fa05fa8dc2be7bb649b0,NQM9,full_overnight,2019-05-10T09:30:00-04:00,,30351,7587.875,df05e10b51a4fe6c8713,7654.5,7525,2019-05-10,2,0.4535691186403198005279489848,1.25,930,2019-05-10,203046,518,17003,true,2019
164,234275.0000000000000000000002,2019-09-06T09:30:00-04:00,3.160149340783593403494982732,72e6777d760308a8b761fa05fa8dc2be7bb649b0,NQU9,prior_rth,2019-09-06T16:00:00-04:00,,31482,7870.625,df12e9b3da4a800302c7,7879.25,7838.25,2019-09-09,2,0.3955509266185657235918363033,1.25,390,2019-09-06,234275,164,4744,true,2019
183,106295.9999999999999999999997,2019-01-24T09:30:00-05:00,3.203501555882501744753366586,72e6777d760308a8b761fa05fa8dc2be7bb649b0,NQH9,opening_hour_rth,2019-01-24T10:30:00-05:00,,26746,6686.625,df2a35c4d38007a517a1,6718.5,6672.75,2019-01-24,2,0.3901980311839272875523407153,1.25,60,2019-01-24,106296,183,1731,true,2019
372,140907.9999999999999999999998,2019-08-07T17:00:00-04:00,2.901842055118888720110317696,72e6777d760308a8b761fa05fa8dc2be7bb649b0,NQU9,full_overnight,2019-08-08T09:30:00-04:00,,30359,7589.875,df3c192188a3a6243291,7619,7526,2019-08-08,2,0.4307608671516022231715624575,1.25,930,2019-08-08,140908,372,11814,true,2019
184,60831.99999999999999999999986,2019-09-30T00:00:00-04:00,1.093941604477341740140725929,72e6777d760308a8b761fa05fa8dc2be7bb649b0,NQZ9,midnight,2019-09-30T09:30:00-04:00,,30935,7733.875,dfa0cf6074d4ef5b95ed,7753.5,7707.5,2019-09-30,2,1.142656970796187154772675941,1.25,570,2019-09-30,60832,184,4890,true,2019
409,177800.9999999999999999999997,2019-08-06T00:00:00-04:00,5.638070254026577266741622808,72e6777d760308a8b761fa05fa8dc2be7bb649b0,NQU9,midnight,2019-08-06T09:30:00-04:00,,29881,7470.375,dfa6518734783ccd1c9b,7496,7393.75,2019-08-06,2,0.2217070635306964077134826648,1.25,570,2019-08-06,177801,409,11276,true,2019
156,92429.00000000000000000000007,2019-06-06T09:30:00-04:00,3.043680412270043147541082158,72e6777d760308a8b761fa05fa8dc2be7bb649b0,NQM9,opening_hour_rth,2019-06-06T10:30:00-04:00,,28871,7217.875,e00a17ae7225a70a225c,7247.5,7208.5,2019-06-06,2,0.4106870074009257670602068135,1.25,60,2019-06-06,92429,156,1672,true,2019
223,106375.9999999999999999999995,2019-09-10T09:30:00-04:00,3.104644085557359589271444771,72e6777d760308a8b761fa05fa8dc2be7bb649b0,NQU9,opening_hour_rth,2019-09-10T10:30:00-04:00,,31025,7756.375,e039f7e019a26cfe5707,7800,7744.25,2019-09-10,2,0.4026226406482256758835273813,1.25,60,2019-09-10,106376,223,1430,true,2019
338,148020.9999999999999999999991,2019-05-09T09:30:00-04:00,4.094672238346397203177807088,72e6777d760308a8b761fa05fa8dc2be7bb649b0,NQM9,opening_hour_rth,2019-05-09T10:30:00-04:00,,30026,7506.625,e07a1217c33b3341604e,7565.5,7481,2019-05-09,2,0.3052747392804272809569931064,1.25,60,2019-05-09,148021,338,2250,true,2019
146,94738.99999999999999999999988,2019-03-06T09:30:00-05:00,1.823414281714427232269944555,72e6777d760308a8b761fa05fa8dc2be7bb649b0,NQH9,opening_hour_rth,2019-03-06T10:30:00-05:00,,28635,7158.875,e0e6be052cac263b3613,7168,7131.5,2019-03-06,2,0.6855271522962481031150236459,1.25,60,2019-03-06,94739,146,1239,true,2019
185,68044.99999999999999999999992,2019-06-28T09:30:00-04:00,1.421075334277970116940508075,72e6777d760308a8b761fa05fa8dc2be7bb649b0,NQU9,opening_hour_rth,2019-06-28T10:30:00-04:00,,30700,7675.125,e1803621534aa4af778c,7710.25,7664,2019-06-28,2,0.8796155769145825982103500504,1.25,60,2019-06-28,68045,185,1087,true,2019
352,109051.9999999999999999999998,2019-01-04T00:00:00-05:00,2.385845053973481975564164148,72e6777d760308a8b761fa05fa8dc2be7bb649b0,NQH9,midnight,2019-01-04T09:30:00-05:00,,24956,6239.125,e1b453a20631bbca0a87,6286.25,6198.25,2019-01-04,2,0.5239233779738545472784153141,1.25,570,2019-01-04,109052,352,8630,true,2019
291,344635.0000000000000000000004,2019-02-20T09:30:00-05:00,1.577246758234516674586313882,72e6777d760308a8b761fa05fa8dc2be7bb649b0,NQH9,prior_rth,2019-02-20T16:00:00-05:00,,28262,7065.625,e1cb807099ace28427f1,7105,7032.25,2019-02-21,2,0.7925202530764312946561855852,1.25,390,2019-02-20,344635,291,5560,true,2019
399,396920.0000000000000000000001,2019-08-15T09:30:00-04:00,8.391302415514437247393641721,72e6777d760308a8b761fa05fa8dc2be7bb649b0,NQU9,prior_rth,2019-08-15T16:00:00-04:00,,29997,7499.375,e215fdf2714a93ec5920,7535.25,7435.5,2019-08-16,2,0.1489637648726508792899367605,1.25,390,2019-08-15,396920,399,11998,true,2019
334,97389.00000000000000000000007,2019-09-20T17:00:00-04:00,2.35499754673761963095000475,72e6777d760308a8b761fa05fa8dc2be7bb649b0,NQZ9,full_overnight,2019-09-23T09:30:00-04:00,,31352,7838.125,e31d568e736a60e9e34d,7897.5,7814,2019-09-23,2,0.5307861155658638386211383949,1.25,930,2019-09-23,97389,334,7701,true,2019
166,119977.9999999999999999999996,2019-02-07T09:30:00-05:00,2.303669113141157812500949251,72e6777d760308a8b761fa05fa8dc2be7bb649b0,NQH9,opening_hour_rth,2019-02-07T10:30:00-05:00,,27723,6930.875,e33a2601fc3f808d7267,6954,6912.5,2019-02-07,2,0.5426126490429730328314510126,1.25,60,2019-02-07,119978,166,1477,true,2019
240,87109.99999999999999999999997,2019-01-28T17:00:00-05:00,1.704684987358916994563672391,72e6777d760308a8b761fa05fa8dc2be7bb649b0,NQH9,full_overnight,2019-01-29T09:30:00-05:00,,26673,6668.375,e415dc29e5468af71bf4,6721,6661,2019-01-29,2,0.733273308129870770107430472,1.25,930,2019-01-29,87110,240,6832,true,2019
93,50338.99999999999999999999999,2019-11-11T00:00:00-05:00,0.5735889171582515105076935608,72e6777d760308a8b761fa05fa8dc2be7bb649b0,NQZ9,midnight,2019-11-11T09:30:00-05:00,,32888,8222.125,e41ba9874b2610cb1cef,8237,8213.75,2019-11-11,2,2.179261074626253008911913758,1.25,570,2019-11-11,50339,93,3243,true,2019
404,94570.99999999999999999999977,2019-01-25T17:00:00-05:00,1.640689767969140808611689126,72e6777d760308a8b761fa05fa8dc2be7bb649b0,NQH9,full_overnight,2019-01-28T09:30:00-05:00,,27004,6751.125,e528bea48de7e89d9fa7,6791,6690,2019-01-28,2,0.7618746849060076765928996351,1.25,930,2019-01-28,94571,404,7078,true,2019
125,76084.99999999999999999999999,2019-05-30T09:30:00-04:00,2.466847857185209136812473102,72e6777d760308a8b761fa05fa8dc2be7bb649b0,NQM9,opening_hour_rth,2019-05-30T10:30:00-04:00,,29030,7257.625,e541387fce1041c79442,7269.25,7238,2019-05-30,2,0.5067195353613374107042505206,1.25,60,2019-05-30,76085,125,1174,true,2019
146,70116.99999999999999999999996,2019-04-10T17:00:00-04:00,1.305982763266566129438328507,72e6777d760308a8b761fa05fa8dc2be7bb649b0,NQM9,full_overnight,2019-04-11T09:30:00-04:00,,30581,7645.375,e5aa2daca275c8bf4c85,7661,7624.5,2019-04-11,2,0.9571336124478854224927025483,1.25,930,2019-04-11,70117,146,3994,true,2019
473,148142.0000000000000000000006,2019-01-03T09:30:00-05:00,3.95070907561488767126418062,72e6777d760308a8b761fa05fa8dc2be7bb649b0,NQH9,opening_hour_rth,2019-01-03T10:30:00-05:00,,24905,6226.375,e621c3b4f193f102cbe1,6304.25,6186,2019-01-03,2,0.3163988985459401912763052775,1.25,60,2019-01-03,148142,473,2548,true,2019
243,103345.9999999999999999999998,2019-10-31T09:30:00-04:00,2.707376823159817466638326365,72e6777d760308a8b761fa05fa8dc2be7bb649b0,NQZ9,opening_hour_rth,2019-10-31T10:30:00-04:00,,32381,8095.375,e693ce6588e2850e747d,8117.5,8056.75,2019-10-31,2,0.4617015220441709574330064372,1.25,60,2019-10-31,103346,243,1623,true,2019
274,84625.99999999999999999999995,2019-09-26T17:00:00-04:00,2.307767613151289755202812688,72e6777d760308a8b761fa05fa8dc2be7bb649b0,NQZ9,full_overnight,2019-09-27T09:30:00-04:00,,31223,7805.875,e6f8a1931678575437ea,7822,7753.5,2019-09-27,2,0.541648991378775388286227185,1.25,930,2019-09-27,84626,274,6283,true,2019
105,44953.99999999999999999999996,2019-09-24T00:00:00-04:00,1.11438059584389366210642505,72e6777d760308a8b761fa05fa8dc2be7bb649b0,NQZ9,midnight,2019-09-24T09:30:00-04:00,,31508,7877.125,e71d123d676fea56711f,7889,7862.75,2019-09-24,2,1.121699358963985746881614204,1.25,570,2019-09-24,44954,105,3177,true,2019
167,106547.9999999999999999999995,2019-01-22T09:30:00-05:00,2.405577084691393148609906727,72e6777d760308a8b761fa05fa8dc2be7bb649b0,NQH9,opening_hour_rth,2019-01-22T10:30:00-05:00,,26897,6724.375,e72ad08f58382735d5a7,6748.75,6707,2019-01-22,2,0.5196258344638995813658799737,1.25,60,2019-01-22,106548,167,1578,true,2019
265,297247,2019-03-13T09:30:00-04:00,1.883473282911473198058392268,72e6777d760308a8b761fa05fa8dc2be7bb649b0,NQM9,prior_rth,2019-03-13T16:00:00-04:00,,29223,7305.875,e7414cb6ff63c08f08e3,7324.25,7258,2019-03-14,2,0.6636674973524179058361508884,1.25,390,2019-03-13,297247,265,4818,true,2019
164,85255.00000000000000000000009,2019-08-20T09:30:00-04:00,3.934355902431234108593210752,72e6777d760308a8b761fa05fa8dc2be7bb649b0,NQU9,opening_hour_rth,2019-08-20T10:30:00-04:00,,30793,7698.375,e75d9b1680e7328b7f94,7721.5,7680.5,2019-08-20,2,0.3177140124073581793292325781,1.25,60,2019-08-20,85255,164,1561,true,2019
384,352886.0000000000000000000012,2019-06-20T09:30:00-04:00,2.301167020171435489258799587,72e6777d760308a8b761fa05fa8dc2be7bb649b0,NQU9,prior_rth,2019-06-20T16:00:00-04:00,,30980,7745.125,e815e6c9fe766b9f6f13,7802.5,7706.5,2019-06-21,2,0.5432026398096370204704060949,1.25,390,2019-06-20,352886,384,6180,true,2019
134,237572.0000000000000000000001,2019-11-15T09:30:00-05:00,2.095417108217020129412585132,72e6777d760308a8b761fa05fa8dc2be7bb649b0,NQZ9,prior_rth,2019-11-15T16:00:00-05:00,,33238,8309.625,e818de55ebe6f7b02ec6,8322.5,8289,2019-11-18,2,0.5965399419037953299979749527,1.25,390,2019-11-15,237572,134,3230,true,2019
147,69381,2019-10-18T09:30:00-04:00,2.941569111367242903835545467,72e6777d760308a8b761fa05fa8dc2be7bb649b0,NQZ9,opening_hour_rth,2019-10-18T10:30:00-04:00,,31791,7947.875,eafe84f5424cb6c306f9,7958.5,7921.75,2019-10-18,2,0.42494327098063636118991597,1.25,60,2019-10-18,69381,147,1137,true,2019
298,269703.0000000000000000000013,2019-02-12T09:30:00-05:00,1.847621959045115344710103072,72e6777d760308a8b761fa05fa8dc2be7bb649b0,NQH9,prior_rth,2019-02-12T16:00:00-05:00,,28037,7009.375,ebc01a0c552aaf0ecfb9,7028.5,6954,2019-02-13,2,0.676545325671504115534449083,1.25,390,2019-02-12,269703,298,4078,true,2019
81,48218,2019-04-10T00:00:00-04:00,0.78836564119788326761008404,72e6777d760308a8b761fa05fa8dc2be7bb649b0,NQM9,midnight,2019-04-10T09:30:00-04:00,,30410,7602.625,ebd61a87b827268c76d6,7612.75,7592.5,2019-04-10,2,1.585558698500210847916932774,1.25,570,2019-04-10,48218,81,2553,true,2019
123,47343.00000000000000000000001,2019-03-05T00:00:00-05:00,0.8594030888651361708381160692,72e6777d760308a8b761fa05fa8dc2be7bb649b0,NQH9,midnight,2019-03-05T09:30:00-05:00,,28615,7153.875,ebf2a72df7d2150a7046,7169.25,7138.5,2019-03-05,2,1.454497913954041138178657812,1.25,570,2019-03-05,47343,123,3178,true,2019
155,202683.9999999999999999999995,2019-06-27T09:30:00-04:00,2.156578365840260715804012242,72e6777d760308a8b761fa05fa8dc2be7bb649b0,NQU9,prior_rth,2019-06-27T16:00:00-04:00,,30765,7691.375,ec6f0e794d0c10df5898,7701.75,7663,2019-06-28,2,0.57962187685814352814186341,1.25,390,2019-06-27,202684,155,4672,true,2019
204,78959.99999999999999999999995,2019-11-21T00:00:00-05:00,1.124694172131901886691165442,72e6777d760308a8b761fa05fa8dc2be7bb649b0,NQZ9,midnight,2019-11-21T09:30:00-05:00,,33118,8279.625,ed04703047363a25e34f,8308,8257,2019-11-21,2,1.111413245460831369925659201,1.25,570,2019-11-21,78960,204,4672,true,2019
158,87300.00000000000000000000001,2019-07-26T09:30:00-04:00,2.313931941426493851034389387,72e6777d760308a8b761fa05fa8dc2be7bb649b0,NQU9,opening_hour_rth,2019-07-26T10:30:00-04:00,,32090,8022.625,ed12fa118e5f192c5fc6,8033.75,7994.25,2019-07-26,2,0.5402060352861542731341677014,1.25,60,2019-07-26,87300,158,1252,true,2019
463,360083.0000000000000000000026,2019-01-17T09:30:00-05:00,1.884171171199435431478220401,72e6777d760308a8b761fa05fa8dc2be7bb649b0,NQH9,prior_rth,2019-01-17T16:00:00-05:00,,26763,6690.875,edde898eeb9a799762dc,6760,6644.25,2019-01-18,2,0.6634216779807051890191101274,1.25,390,2019-01-17,360083,463,6597,true,2019
193,113915.0000000000000000000001,2019-05-29T09:30:00-04:00,2.740071336606197471645241082,72e6777d760308a8b761fa05fa8dc2be7bb649b0,NQM9,opening_hour_rth,2019-05-29T10:30:00-04:00,,28911,7227.875,ee31fe4cbe12465811d9,7260.75,7212.5,2019-05-29,2,0.456192502472664550517948763,1.25,60,2019-05-29,113915,193,1621,true,2019
348,304979.0000000000000000000001,2019-07-18T09:30:00-04:00,2.058191320450199312988309568,72e6777d760308a8b761fa05fa8dc2be7bb649b0,NQU9,prior_rth,2019-07-18T16:00:00-04:00,,31562,7890.625,ee7450b614c3d4c8907d,7932.25,7845.25,2019-07-19,2,0.6073293515427811361957373258,1.25,390,2019-07-18,304979,348,5152,true,2019
173,64884.00000000000000000000003,2019-12-26T17:00:00-05:00,1.421963383620372460365230647,72e6777d760308a8b761fa05fa8dc2be7bb649b0,NQH0,full_overnight,2019-12-27T09:30:00-05:00,,35305,8826.375,ef1259a46a77a3e14abc,8843.5,8800.25,2019-12-27,2,0.8790662364437632752132401394,1.25,930,2019-12-27,64884,173,3284,true,2019
434,459670.9999999999999999999995,2019-03-20T09:30:00-04:00,1.95485696501046954336752856,72e6777d760308a8b761fa05fa8dc2be7bb649b0,NQM9,prior_rth,2019-03-20T16:00:00-04:00,,29486,7371.625,ef1ba0f856c9949edb2a,7458,7349.5,2019-03-21,2,0.6394329725261026597736322207,1.25,390,2019-03-20,459671,434,7276,true,2019
508,453000.0000000000000000000008,2019-10-02T09:30:00-04:00,3.216863871522302287160816195,72e6777d760308a8b761fa05fa8dc2be7bb649b0,NQZ9,prior_rth,2019-10-02T16:00:00-04:00,,30255,7563.875,ef1bcc96b4a133167117,7652.5,7525.5,2019-10-03,2,0.3885772136849757397004133174,1.25,390,2019-10-02,453000,508,8913,true,2019
602,387938.9999999999999999999999,2019-10-01T09:30:00-04:00,1.912634502055428509529358485,72e6777d760308a8b761fa05fa8dc2be7bb649b0,NQZ9,prior_rth,2019-10-01T16:00:00-04:00,,30888,7722.125,ef2109db2cb3753d9e20,7841.5,7691,2019-10-02,2,0.6535488085447988868485201732,1.25,390,2019-10-01,387939,602,8012,true,2019
236,101180.9999999999999999999999,2019-03-29T17:00:00-04:00,1.727786475150947125055972852,72e6777d760308a8b761fa05fa8dc2be7bb649b0,NQM9,full_overnight,2019-04-01T09:30:00-04:00,,29895,7473.875,ef5bf466508dfbddefc4,7487.5,7428.5,2019-04-01,2,0.7234690269761455508041922604,1.25,930,2019-04-01,101181,236,5441,true,2019
102,75778.00000000000000000000004,2019-03-14T09:30:00-04:00,2.130335619154407052556887716,72e6777d760308a8b761fa05fa8dc2be7bb649b0,NQM9,opening_hour_rth,2019-03-14T10:30:00-04:00,,29131,7282.875,ef6065763b1906ed9053,7294.5,7269,2019-03-14,2,0.5867620053670988299796613122,1.25,60,2019-03-14,75778,102,1171,true,2019
97,45943.99999999999999999999999,2019-11-05T00:00:00-05:00,0.8758959275938850677887607317,72e6777d760308a8b761fa05fa8dc2be7bb649b0,NQZ9,midnight,2019-11-05T09:30:00-05:00,,32944,8236.125,efe275585020829bbb66,8248,8223.75,2019-11-05,2,1.427110185834281851322933024,1.25,570,2019-11-05,45944,97,2859,true,2019
312,145092.0000000000000000000001,2019-03-25T09:30:00-04:00,2.982460603068159122375901875,72e6777d760308a8b761fa05fa8dc2be7bb649b0,NQM9,opening_hour_rth,2019-03-25T10:30:00-04:00,,29232,7308.125,f02d546a0522db6dbb64,7371.5,7293.5,2019-03-25,2,0.4191170199244483873402388135,1.25,60,2019-03-25,145092,312,2192,true,2019
176,74404.99999999999999999999997,2019-01-10T17:00:00-05:00,2.238760552710016990013389732,72e6777d760308a8b761fa05fa8dc2be7bb649b0,NQH9,full_overnight,2019-01-11T09:30:00-05:00,,26461,6615.375,f065f8eeff17c7220ef9,6632.5,6588.5,2019-01-11,2,0.5583446601678220945343841203,1.25,930,2019-01-11,74405,176,7117,true,2019
705,210269.9999999999999999999994,2019-08-02T17:00:00-04:00,2.698549996008177484620401262,72e6777d760308a8b761fa05fa8dc2be7bb649b0,NQU9,full_overnight,2019-08-05T09:30:00-04:00,,30417,7604.375,f0797a07e4377ed92838,7705.5,7529.25,2019-08-05,2,0.4632117255003831669749546065,1.25,930,2019-08-05,210270,705,14420,true,2019
221,271467.0000000000000000000008,2019-02-13T09:30:00-05:00,1.968137186577172392745165569,72e6777d760308a8b761fa05fa8dc2be7bb649b0,NQH9,prior_rth,2019-02-13T16:00:00-05:00,,28178,7044.625,f0b7bb03608541486d73,7069.75,7014.5,2019-02-14,2,0.6351183283996074218381689283,1.25,390,2019-02-13,271467,221,4730,true,2019
115,87039.99999999999999999999997,2019-11-04T09:30:00-05:00,1.456392281940556466244415083,72e6777d760308a8b761fa05fa8dc2be7bb649b0,NQZ9,opening_hour_rth,2019-11-04T10:30:00-05:00,,32884,8221.125,f1016645ffde26db96f5,8233.75,8205,2019-11-04,2,0.8582852405221819952400026828,1.25,60,2019-11-04,87040,115,1039,true,2019
287,108204.0000000000000000000001,2019-10-04T00:00:00-04:00,0.9750410855677466178888163258,72e6777d760308a8b761fa05fa8dc2be7bb649b0,NQZ9,midnight,2019-10-04T09:30:00-04:00,,30558,7639.625,f16ea9670053c7f1928b,7695.75,7624,2019-10-04,2,1.281997259912540394686984273,1.25,570,2019-10-04,108204,287,6680,true,2019
171,88414,2019-01-23T09:30:00-05:00,2.298239945170661991437413102,72e6777d760308a8b761fa05fa8dc2be7bb649b0,NQH9,opening_hour_rth,2019-01-23T10:30:00-05:00,,26866,6716.625,f1cc20d41b581216b278,6724.25,6681.5,2019-01-23,2,0.5438944713438865437475691029,1.25,60,2019-01-23,88414,171,1409,true,2019
192,67259.00000000000000000000001,2019-11-08T17:00:00-05:00,1.691950792906446699381564894,72e6777d760308a8b761fa05fa8dc2be7bb649b0,NQZ9,full_overnight,2019-11-11T09:30:00-05:00,,32888,8222.125,f205957ff75930d10291,8261.75,8213.75,2019-11-11,2,0.7387921712857499432578605523,1.25,930,2019-11-11,67259,192,4679,true,2019
406,300830.9999999999999999999995,2019-08-28T09:30:00-04:00,4.169209211087516135181954888,72e6777d760308a8b761fa05fa8dc2be7bb649b0,NQU9,prior_rth,2019-08-28T16:00:00-04:00,,30363,7590.875,f25df0eee1f30e9b5160,7605.75,7504.25,2019-08-29,2,0.2998170484406907760376263328,1.25,390,2019-08-28,300831,406,6875,true,2019
195,75442.00000000000000000000002,2019-09-30T17:00:00-04:00,2.402097834613174919492186691,72e6777d760308a8b761fa05fa8dc2be7bb649b0,NQZ9,full_overnight,2019-10-01T09:30:00-04:00,,31197,7799.375,f3ad584848d37d5ef9a4,7826.75,7778,2019-10-01,2,0.5203784716792334331386016676,1.25,930,2019-10-01,75442,195,6429,true,2019
255,247513.0000000000000000000008,2019-12-27T09:30:00-05:00,1.425726149043887057108103141,72e6777d760308a8b761fa05fa8dc2be7bb649b0,NQH0,prior_rth,2019-12-27T16:00:00-05:00,,35214,8803.625,f3d6aa4e917241f26476,8832.75,8769,2019-12-30,2,0.8767462116327658018852537191,1.25,390,2019-12-27,247513,255,3689,true,2019
394,382483.9999999999999999999982,2019-08-12T09:30:00-04:00,4.11766660003627052604853416,72e6777d760308a8b761fa05fa8dc2be7bb649b0,NQU9,prior_rth,2019-08-12T16:00:00-04:00,,30429,7607.375,f40ffc0a5efea5e901d8,7633.25,7534.75,2019-08-13,2,0.30356998791232620845161985,1.25,390,2019-08-12,382484,394,8578,true,2019
193,93233.99999999999999999999999,2019-05-29T00:00:00-04:00,1.25799990946474273155393728,72e6777d760308a8b761fa05fa8dc2be7bb649b0,NQM9,midnight,2019-05-29T09:30:00-04:00,,28937,7234.375,f42c05cce4add917de24,7266.5,7218.25,2019-05-29,2,0.9936407710330070253500789068,1.25,570,2019-05-29,93234,193,5389,true,2019
164,39260.99999999999999999999993,2019-04-17T00:00:00-04:00,0.9932076629688961438263241783,72e6777d760308a8b761fa05fa8dc2be7bb649b0,NQM9,midnight,2019-04-17T09:30:00-04:00,,30772,7693.125,f43288359c17beafbb72,7731.5,7690.5,2019-04-17,2,1.258548485483388493630735155,1.25,570,2019-04-17,39261,164,1873,true,2019
91,76893.99999999999999999999996,2019-07-30T17:00:00-04:00,3.729822571042943849035293673,72e6777d760308a8b761fa05fa8dc2be7bb649b0,NQU9,full_overnight,2019-07-31T09:30:00-04:00,,31974,7993.625,f473beb2349b4bdd3866,8001.25,7978.5,2019-07-31,2,0.3351365852372091147060007058,1.25,930,2019-07-31,76894,91,4981,true,2019
221,68040.99999999999999999999998,2019-07-05T17:00:00-04:00,1.69488067588815707887188516,72e6777d760308a8b761fa05fa8dc2be7bb649b0,NQU9,full_overnight,2019-07-08T09:30:00-04:00,,31291,7822.875,f47658dc94bf1bf5998f,7863.5,7808.25,2019-07-08,2,0.7375150462111268045067905575,1.25,930,2019-07-08,68041,221,5576,true,2019
180,69376.00000000000000000000001,2019-04-15T09:30:00-04:00,1.282695487711267595873494507,72e6777d760308a8b761fa05fa8dc2be7bb649b0,NQM9,opening_hour_rth,2019-04-15T10:30:00-04:00,,30615,7653.875,f4b995185eae21bfab4a,7659,7614,2019-04-15,2,0.97451032764634836678199864,1.25,60,2019-04-15,69376,180,841,true,2019
86,62120.00000000000000000000003,2019-12-18T17:00:00-05:00,1.22762141558840467907574024,72e6777d760308a8b761fa05fa8dc2be7bb649b0,NQH0,full_overnight,2019-12-19T09:30:00-05:00,,34478,8619.625,f58c7fd606e57285d598,8630.25,8608.75,2019-12-19,2,1.018229222891871074828690751,1.25,930,2019-12-19,62120,86,3536,true,2019
454,383213.9999999999999999999988,2019-01-07T09:30:00-05:00,3.356440585183486861454752318,72e6777d760308a8b761fa05fa8dc2be7bb649b0,NQH9,prior_rth,2019-01-07T16:00:00-05:00,,26056,6514.125,f5ba20f5672bc53175f0,6535.75,6422.25,2019-01-08,2,0.3724183307513146785949209343,1.25,390,2019-01-07,383214,454,8953,true,2019
458,124851.0000000000000000000003,2019-10-08T17:00:00-04:00,2.99986400736037038633867213,72e6777d760308a8b761fa05fa8dc2be7bb649b0,NQZ9,full_overnight,2019-10-09T09:30:00-04:00,,30800,7700.125,f6e2c250814772c24d00,7719,7604.5,2019-10-09,2,0.4166855553895243176676885129,1.25,930,2019-10-09,124851,458,10559,true,2019
491,341783.9999999999999999999987,2019-10-18T09:30:00-04:00,2.941569111367242903835545467,72e6777d760308a8b761fa05fa8dc2be7bb649b0,NQZ9,prior_rth,2019-10-18T16:00:00-04:00,,31558,7889.625,f7d848c0d89af77446e1,7958.5,7835.75,2019-10-21,2,0.42494327098063636118991597,1.25,390,2019-10-18,341784,491,5795,true,2019
294,93155,2019-09-25T00:00:00-04:00,1.395993236047047158617556612,72e6777d760308a8b761fa05fa8dc2be7bb649b0,NQZ9,midnight,2019-09-25T09:30:00-04:00,,30835,7708.875,f81de90371a31f1a4770,7756.75,7683.25,2019-09-25,2,0.8954198113019173984796987093,1.25,570,2019-09-25,93155,294,4895,true,2019
178,87319.9999999999999999999999,2019-10-24T09:30:00-04:00,1.712658962062980343222476978,72e6777d760308a8b761fa05fa8dc2be7bb649b0,NQZ9,opening_hour_rth,2019-10-24T10:30:00-04:00,,31807,7951.875,f82131bfff4a575dc610,7961.25,7916.75,2019-10-24,2,0.7298592584330476959252230459,1.25,60,2019-10-24,87320,178,1254,true,2019
299,48668.99999999999999999999999,2019-03-08T00:00:00-05:00,0.9373779401266541375399518508,72e6777d760308a8b761fa05fa8dc2be7bb649b0,NQH9,midnight,2019-03-08T09:30:00-05:00,,27947,6986.875,f835c2b35fb57c0f43e4,7013.75,6939,2019-03-08,2,1.333506952202337754038977187,1.25,570,2019-03-08,48669,299,4701,true,2019
394,448120.9999999999999999999995,2019-03-07T09:30:00-05:00,2.958366184004550066977102353,72e6777d760308a8b761fa05fa8dc2be7bb649b0,NQH9,prior_rth,2019-03-07T16:00:00-05:00,,28198,7049.625,f84cbd06300f1a4663f2,7101.75,7003.25,2019-03-08,2,0.4225305192976331890891184993,1.25,390,2019-03-07,448121,394,7160,true,2019
113,75169.99999999999999999999997,2019-11-15T09:30:00-05:00,2.095417108217020129412585132,72e6777d760308a8b761fa05fa8dc2be7bb649b0,NQZ9,opening_hour_rth,2019-11-15T10:30:00-05:00,,33201,8300.375,f85a288d23c50a9b3e1b,8317.25,8289,2019-11-15,2,0.5965399419037953299979749527,1.25,60,2019-11-15,75170,113,884,true,2019
284,103284.0000000000000000000001,2019-02-27T09:30:00-05:00,2.060312817739408654411650626,72e6777d760308a8b761fa05fa8dc2be7bb649b0,NQH9,opening_hour_rth,2019-02-27T10:30:00-05:00,,28452,7113.125,f867b22f4a33d53dff8a,7119,7048,2019-02-27,2,0.6067039865196343248789938307,1.25,60,2019-02-27,103284,284,1387,true,2019
158,53494,2019-10-21T00:00:00-04:00,0.7407615329583891531294089396,72e6777d760308a8b761fa05fa8dc2be7bb649b0,NQZ9,midnight,2019-10-21T09:30:00-04:00,,31617,7904.375,f89a57bd016921b03c35,7925.75,7886.25,2019-10-21,2,1.687452634058707707163288161,1.25,570,2019-10-21,53494,158,3420,true,2019
150,89233.00000000000000000000006,2019-02-28T09:30:00-05:00,2.0975381338109287565350398,72e6777d760308a8b761fa05fa8dc2be7bb649b0,NQH9,opening_hour_rth,2019-02-28T10:30:00-05:00,,28469,7117.375,f8a22dae9a31e95f0463,7122,7084.5,2019-02-28,2,0.5959367221271575208839631681,1.25,60,2019-02-28,89233,150,1225,true,2019
217,225962.0000000000000000000013,2019-07-17T09:30:00-04:00,2.047200684420388724418412117,72e6777d760308a8b761fa05fa8dc2be7bb649b0,NQU9,prior_rth,2019-07-17T16:00:00-04:00,,31751,7937.875,f8bf5c1ffd99108233d0,7962.5,7908.25,2019-07-18,2,0.6105898701152030796016800492,1.25,390,2019-07-17,225962,217,3965,true,2019
204,55265.00000000000000000000003,2019-07-01T00:00:00-04:00,0.9545412923867715984818599596,72e6777d760308a8b761fa05fa8dc2be7bb649b0,NQU9,midnight,2019-07-01T09:30:00-04:00,,31296,7824.125,f8c7cfc6d58190fbe9c1,7843.5,7792.5,2019-07-01,2,1.309529519539644152417106504,1.25,570,2019-07-01,55265,204,3828,true,2019
170,92288.99999999999999999999991,2019-08-29T09:30:00-04:00,2.244366709800940396325340003,72e6777d760308a8b761fa05fa8dc2be7bb649b0,NQU9,opening_hour_rth,2019-08-29T10:30:00-04:00,,30856,7714.125,f8e30917cb5a05fb1019,7726,7683.5,2019-08-29,2,0.5569499826126302875012252171,1.25,60,2019-08-29,92289,170,1371,true,2019
1136,578075.9999999999999999999979,2019-08-23T09:30:00-04:00,5.499518765319799284079512483,72e6777d760308a8b761fa05fa8dc2be7bb649b0,NQU9,prior_rth,2019-08-23T16:00:00-04:00,,29996,7499.125,f9d432b54932f99d8731,7731.75,7447.75,2019-08-26,2,0.2272926147434123691963611802,1.25,390,2019-08-23,578076,1136,12730,true,2019
163,84291.00000000000000000000001,2019-07-08T09:30:00-04:00,1.947917092360764146443676192,72e6777d760308a8b761fa05fa8dc2be7bb649b0,NQU9,opening_hour_rth,2019-07-08T10:30:00-04:00,,31129,7782.375,f9edc5f95d4d6b40454c,7818.25,7777.5,2019-07-08,2,0.6417110897081720593362861591,1.25,60,2019-07-08,84291,163,1053,true,2019
326,178476.0000000000000000000011,2019-08-01T17:00:00-04:00,4.872361852413157682137692367,72e6777d760308a8b761fa05fa8dc2be7bb649b0,NQU9,full_overnight,2019-08-02T09:30:00-04:00,,31152,7788.125,fa39700f40b80ec0028d,7806,7724.5,2019-08-02,2,0.2565490901257480686327957869,1.25,930,2019-08-02,178476,326,13299,true,2019
127,84499,2019-12-04T09:30:00-05:00,2.256505467871397453463247886,72e6777d760308a8b761fa05fa8dc2be7bb649b0,NQZ9,opening_hour_rth,2019-12-04T10:30:00-05:00,,33234,8308.625,fa5f94c37cf7a3f2004c,8319.25,8287.5,2019-12-04,2,0.5539538980949812092185787955,1.25,60,2019-12-04,84499,127,1225,true,2019
169,269654.0000000000000000000002,2019-11-21T09:30:00-05:00,2.614966437672727975820237085,72e6777d760308a8b761fa05fa8dc2be7bb649b0,NQZ9,prior_rth,2019-11-21T16:00:00-05:00,,33089,8272.375,faf8dc50a50ed2d56e96,8289,8246.75,2019-11-22,2,0.4780176074123830838900494726,1.25,390,2019-11-21,269654,169,5306,true,2019
200,52359.99999999999999999999999,2019-07-22T00:00:00-04:00,0.819370056618047993751024555,72e6777d760308a8b761fa05fa8dc2be7bb649b0,NQU9,midnight,2019-07-22T09:30:00-04:00,,31520,7880.125,fb0da33ae3067e5b0d86,7888.5,7838.5,2019-07-22,2,1.525562216856420406617256115,1.25,570,2019-07-22,52360,200,3757,true,2019
113,45267.99999999999999999999996,2019-04-30T00:00:00-04:00,0.6639541227290033365861964167,72e6777d760308a8b761fa05fa8dc2be7bb649b0,NQM9,midnight,2019-04-30T09:30:00-04:00,,31196,7799.125,fb30cf01534031c0417c,7811.25,7783,2019-04-30,2,1.882660197759167513949914895,1.25,570,2019-04-30,45268,113,2493,true,2019
134,80054.99999999999999999999998,2019-03-29T09:30:00-04:00,1.897746249362930377092151431,72e6777d760308a8b761fa05fa8dc2be7bb649b0,NQM9,opening_hour_rth,2019-03-29T10:30:00-04:00,,29566,7391.625,fb4302a4fcf800bb26c8,7404,7370.5,2019-03-29,2,0.6586760481911754543788897163,1.25,60,2019-03-29,80055,134,1308,true,2019
288,108071.9999999999999999999995,2019-06-10T09:30:00-04:00,2.359598253024251726457969023,72e6777d760308a8b761fa05fa8dc2be7bb649b0,NQM9,opening_hour_rth,2019-06-10T10:30:00-04:00,,30036,7509.125,fb6b362f5c2849074260,7541,7469,2019-06-10,2,0.5297511974328252814099187162,1.25,60,2019-06-10,108072,288,1496,true,2019
166,195640.0000000000000000000001,2019-12-06T09:30:00-05:00,2.56572919722568828704857348,72e6777d760308a8b761fa05fa8dc2be7bb649b0,NQZ9,prior_rth,2019-12-06T16:00:00-05:00,,33602,8400.625,fb7ac295674f98cfa95f,8409.5,8368,2019-12-09,2,0.4871909324458791326568406585,1.25,390,2019-12-06,195640,166,2898,true,2019
144,112781.0000000000000000000007,2019-02-08T09:30:00-05:00,2.322755772467069704382070548,72e6777d760308a8b761fa05fa8dc2be7bb649b0,NQH9,opening_hour_rth,2019-02-08T10:30:00-05:00,,27420,6855.125,fbf628743ed3ff73b280,6877,6841,2019-02-08,2,0.5381538665480688482126502444,1.25,60,2019-02-08,112781,144,1560,true,2019
188,280694.9999999999999999999996,2019-02-22T09:30:00-05:00,2.035482752077498097656085172,72e6777d760308a8b761fa05fa8dc2be7bb649b0,NQH9,prior_rth,2019-02-22T16:00:00-05:00,,28349,7087.375,fc38294223db8d6a6a7e,7101.25,7054.25,2019-02-25,2,0.6141049334484402626353127119,1.25,390,2019-02-22,280695,188,4402,true,2019
261,131583.0000000000000000000001,2019-06-04T17:00:00-04:00,1.800330051593240985041533578,72e6777d760308a8b761fa05fa8dc2be7bb649b0,NQM9,full_overnight,2019-06-05T09:30:00-04:00,,28830,7207.625,fc8a345b0cb5e13137ac,7245.25,7180,2019-06-05,2,0.6943171330688978318048380467,1.25,930,2019-06-05,131583,261,7362,true,2019
291,112811.0000000000000000000003,2019-05-17T00:00:00-04:00,2.380092269871999689903088712,72e6777d760308a8b761fa05fa8dc2be7bb649b0,NQM9,midnight,2019-05-17T09:30:00-04:00,,30093,7523.375,fcfecc77e8b060358758,7580.5,7507.75,2019-05-17,2,0.5251897230300338093226760824,1.25,570,2019-05-17,112811,291,6346,true,2019
189,52961.99999999999999999999999,2019-11-04T00:00:00-05:00,0.4384355700133366856198068179,72e6777d760308a8b761fa05fa8dc2be7bb649b0,NQZ9,midnight,2019-11-04T09:30:00-05:00,,32876,8219.125,fd1a894132c9c5d1c979,8230.25,8183,2019-11-04,2,2.851046049849414579080721668,1.25,570,2019-11-04,52962,189,2807,true,2019
260,66535.00000000000000000000004,2019-03-21T00:00:00-04:00,1.055047578969020900244864972,72e6777d760308a8b761fa05fa8dc2be7bb649b0,NQM9,midnight,2019-03-21T09:30:00-04:00,,29651,7412.875,fd735f17be0d7e4e5309,7432.75,7367.75,2019-03-21,2,1.184780691332882001926056449,1.25,570,2019-03-21,66535,260,4121,true,2019
216,258107.0000000000000000000007,2019-12-05T09:30:00-05:00,1.798809570907238161847925098,72e6777d760308a8b761fa05fa8dc2be7bb649b0,NQZ9,prior_rth,2019-12-05T16:00:00-05:00,,33172,8293.125,fdcdddf143a0ff9ad439,8327.25,8273.25,2019-12-06,2,0.6949040188670758268549228727,1.25,390,2019-12-05,258107,216,4520,true,2019
308,106471.9999999999999999999998,2019-05-31T00:00:00-04:00,2.31040396354430695820179351,72e6777d760308a8b761fa05fa8dc2be7bb649b0,NQM9,midnight,2019-05-31T09:30:00-04:00,,28647,7161.875,fde221660a8627c159b4,7211.25,7134.25,2019-05-31,2,0.5410309278046858602075282587,1.25,570,2019-05-31,106472,308,5904,true,2019
249,75533.99999999999999999999999,2019-07-19T17:00:00-04:00,2.881705167121083593485736148,72e6777d760308a8b761fa05fa8dc2be7bb649b0,NQU9,full_overnight,2019-07-22T09:30:00-04:00,,31520,7880.125,fe33a35cd1f60bf2c9b5,7888.5,7826.25,2019-07-22,2,0.4337709541773804419591638898,1.25,930,2019-07-22,75534,249,5988,true,2019
252,128179.0000000000000000000012,2019-12-26T09:30:00-05:00,1.159074230158724147890466988,72e6777d760308a8b761fa05fa8dc2be7bb649b0,NQH0,prior_rth,2019-12-26T16:00:00-05:00,,35147,8786.875,fe6f37f122723b3021da,8802,8739,2019-12-27,2,1.078446891040640629353351268,1.25,390,2019-12-26,128179,252,2372,true,2019
177,82584.99999999999999999999998,2019-11-01T09:30:00-04:00,2.536098445467508689131220417,72e6777d760308a8b761fa05fa8dc2be7bb649b0,NQZ9,opening_hour_rth,2019-11-01T10:30:00-04:00,,32626,8156.625,ff1a68c25bdfcba75df3,8161.75,8117.5,2019-11-01,2,0.4928830748798368825812525996,1.25,60,2019-11-01,82585,177,1139,true,2019
937,487603.9999999999999999999994,2019-08-13T09:30:00-04:00,3.675547085106861244354596601,72e6777d760308a8b761fa05fa8dc2be7bb649b0,NQU9,prior_rth,2019-08-13T16:00:00-04:00,,30955,7738.875,ff527e27294067d90524,7789.5,7555.25,2019-08-14,2,0.3400854270279761762542966054,1.25,390,2019-08-13,487604,937,10820,true,2019
237,180648.0000000000000000000004,2019-06-17T09:30:00-04:00,1.819509394566138047157786265,72e6777d760308a8b761fa05fa8dc2be7bb649b0,NQU9,prior_rth,2019-06-17T16:00:00-04:00,,30251,7562.875,ff92ed686706aa299292,7577.5,7518.25,2019-06-18,2,0.6869983764486483771112601929,1.25,390,2019-06-17,180648,237,4269,true,2019
126,59279.99999999999999999999996,2019-11-11T09:30:00-05:00,1.471859139366267164200916623,72e6777d760308a8b761fa05fa8dc2be7bb649b0,NQZ9,opening_hour_rth,2019-11-11T10:30:00-05:00,,32895,8223.875,ffb84b6daeb2d2e9f6d9,8238,8206.5,2019-11-11,2,0.8492660517352277224803298219,1.25,60,2019-11-11,59280,126,941,true,2019
372,138724.0000000000000000000003,2019-01-15T09:30:00-05:00,2.23837853935892083809468363,72e6777d760308a8b761fa05fa8dc2be7bb649b0,NQH9,opening_hour_rth,2019-01-15T10:30:00-05:00,,26571,6642.875,ffd8df5fbd7d7f32e4d0,6669,6576,2019-01-15,2,0.5584399501784020031012344253,1.25,60,2019-01-15,138724,372,1743,true,2019
295,93582.00000000000000000000003,2019-12-05T17:00:00-05:00,1.338909979267730283762826662,72e6777d760308a8b761fa05fa8dc2be7bb649b0,NQZ9,full_overnight,2019-12-06T09:30:00-05:00,,33338,8334.625,fff6a834d90591eeebf6,8381.5,8307.75,2019-12-06,2,0.933595252373608814638901082,1.25,930,2019-12-06,93582,295,4714,true,2019
