contract,family,freeze_time,max_raw_activity,mean_active_tpo,mean_active_volume,median_raw_activity,positive_tpo_ticks,positive_volume_ticks,profile_id,session_date,source_date,year
NQH9,midnight,2019-01-18T09:30:00-05:00,3.850284703929412437199861997551294573423,17.68354430379746835443037975,270.886075949367088607594936,0.6806545415431550344234017491728808268723,237,237,000181fe67c6fecf6c7d,2019-01-18,2019-01-18,2019
NQM9,opening_hour_rth,2019-04-29T10:30:00-04:00,2.270202886106806181261627847481701593159,11.34693877551020408163265306,878.5918367346938775510204083,0.8959532251578944882581793205,98,98,0049442e3899ed9c34e6,2019-04-29,2019-04-29,2019
NQH9,full_overnight,2019-02-26T09:30:00-05:00,2.361278616156563560257450908772302511099,27.21827411167512690355329949,384.5076142131979695431472084,1.071248078994766561988295037382670093145,197,197,00671d426e6be9a5c330,2019-02-26,2019-02-26,2019
NQZ9,prior_rth,2019-09-20T16:00:00-04:00,2.745999747927017988046705640415317924873,12.30988593155893536121673004,633.4866920152091254752851715,0.8883971521460863694190682515,526,526,0078278d143e6b3ff2cc,2019-09-23,2019-09-20,2019
NQM9,prior_rth,2019-04-08T16:00:00-04:00,2.743583101876917063015540263424165147694,14.58088235294117647058823529,962.5919117647058823529411772,0.925314988433166333094245045,272,272,0182c5442c60e79f6612,2019-04-09,2019-04-08,2019
NQU9,opening_hour_rth,2019-07-12T10:30:00-04:00,1.868324525311725656625852171140453417466,9.627450980392156862745098039,691.5490196078431372549019615,1.077596230369619595637857454,102,102,0192f1f6f6dc6c7587bf,2019-07-12,2019-07-12,2019
NQM9,prior_rth,2019-05-24T16:00:00-04:00,2.686568872766164237413700270833994124816,20.05047318611987381703470032,931.4100946372239747634069385,1.016186631067981365899549743122304680261,317,317,01bba9e94bdea915d3c7,2019-05-28,2019-05-24,2019
NQM9,full_overnight,2019-06-12T09:30:00-04:00,3.36001834736210862444638098507229696041,26.88841201716738197424892704,387.4420600858369098712446355,0.7595187396667799756345095424438345389961,233,233,021e9b52893475eda8ad,2019-06-12,2019-06-12,2019
NQM9,full_overnight,2019-03-11T09:30:00-04:00,3.279803015258360140113557169080744500386,20.87596899224806201550387597,207.0968992248062015503875969,0.925665594617594840599182305,258,258,027d098d6cf4f482a46d,2019-03-11,2019-03-11,2019
NQZ9,opening_hour_rth,2019-11-21T10:30:00-05:00,1.858327216270855304661003233684396601899,10.75373134328358208955223881,696.6194029850746268656716425,0.9089576288025443796739035575,134,134,02a8ea834d4edbb1447b,2019-11-21,2019-11-21,2019
NQM9,prior_rth,2019-03-11T16:00:00-04:00,4.191861482685752762657864685778360128848,8.727454909819639278557114228,497.5631262525050100200400812,0.7414522986833680965621507496989949761466,499,499,02d6c21c7b93b5712a96,2019-03-12,2019-03-11,2019
NQM9,prior_rth,2019-05-16T16:00:00-04:00,4.061444254041764731086123624108050764595,12.58607350096711798839458414,726.0831721470019342359767907,0.4793473651891082066458520151458222546123,517,517,030771c5b9bcf1d3ee6b,2019-05-17,2019-05-16,2019
NQH9,prior_rth,2019-01-14T16:00:00-05:00,2.99789217203399285618233036866438190648,25.39393939393939393939393939,1179.597402597402597402597401,0.7208046280603780793748971741122269833172,231,231,0327f9c6289d20a35520,2019-01-15,2019-01-14,2019
NQU9,prior_rth,2019-08-27T16:00:00-04:00,3.106907293798795854924321918400081523111,17.8183856502242152466367713,820.6816143497757847533632287,0.8593799779343204321290315745,446,446,038916c838e3f81240a8,2019-08-28,2019-08-27,2019
NQH9,midnight,2019-03-01T09:30:00-05:00,2.92623079796692345901229094188110310843,27.66336633663366336633663366,433.2772277227722772277227721,0.8271630181602293974943343901603851280521,101,101,03c21eab4c532627bdcf,2019-03-01,2019-03-01,2019
NQU9,midnight,2019-09-10T09:30:00-04:00,2.364758682312741890700391777267157805101,27.69148936170212765957446809,387.952127659574468085106383,0.9977584336345104974939192185,188,188,03f2603e5e9a30fb6eb2,2019-09-10,2019-09-10,2019
NQH9,prior_rth,2019-02-14T16:00:00-05:00,2.942383994234170313918211941820259997213,18.97289156626506024096385542,1137.144578313253012048192773,0.913372489381720055411885849,332,332,042251ba58af8a687149,2019-02-15,2019-02-14,2019
NQH9,opening_hour_rth,2019-02-26T10:30:00-05:00,2.957462681152860973415188463608956775247,6.39010989010989010989010989,467.7857142857142857142857141,0.8630863763950177859931480665,182,182,044fc8d538e8d2cb0223,2019-02-26,2019-02-26,2019
NQZ9,midnight,2019-10-15T09:30:00-04:00,2.996093841040428786086012948920172638081,26.88271604938271604938271605,417.3518518518518518518518518,1.064032877295420726503729808,162,162,0470eeb58bcb2c7e309f,2019-10-15,2019-10-15,2019
NQH9,prior_rth,2019-03-04T16:00:00-05:00,2.294771338853632806513982441013166061853,13.30839416058394160583941606,878.7956204379562043795620456,1.027343823708852557299475789,548,548,04e69c645caeedcacc6f,2019-03-05,2019-03-04,2019
NQU9,midnight,2019-07-02T09:30:00-04:00,1.888294373415654612788296528998397541856,22.01379310344827586206896552,271.9999999999999999999999997,1.029192813496022913251077128751471366844,145,145,065916afcc9d0db18f2b,2019-07-02,2019-07-02,2019
NQZ9,opening_hour_rth,2019-12-13T10:30:00-05:00,2.1867598071852822079387637162566786555,6.739811912225705329153605016,220.0376175548589341692789975,0.9539600595513141465926718739975965221158,319,319,069a465479e66bbf20f7,2019-12-13,2019-12-13,2019
NQH9,midnight,2019-01-23T09:30:00-05:00,2.352275478225365500732629791099283201102,19.74778761061946902654867257,260.5265486725663716814159291,0.9795272164255073176721368015,226,226,06c13f25f54f4501e90f,2019-01-23,2019-01-23,2019
NQU9,prior_rth,2019-07-30T16:00:00-04:00,4.35326096349774589020485985160273675783,19.04669260700389105058365759,1068.214007782101167315175096,0.3713850888763824777927113357527881730228,257,257,06e70b6f2a16b0882785,2019-07-31,2019-07-30,2019
NQZ9,prior_rth,2019-09-17T16:00:00-04:00,3.43514472897657600127879949096630450565,20.18552036199095022624434389,830.5656108597285067873303204,0.3734955701223863875857475167659532112088,221,221,06fc22a10dadfe91f9b3,2019-09-18,2019-09-17,2019
NQU9,full_overnight,2019-08-22T09:30:00-04:00,2.566353497258760074022737359516507781209,26.28239202657807308970099668,459.4385382059800664451827243,0.8446453432747952008761455002265137799181,301,301,0754eec74e603fc9404c,2019-08-22,2019-08-22,2019
NQU9,full_overnight,2019-06-26T09:30:00-04:00,4.802538385862677243493897921528646610379,20.36391437308868501529051988,319.0642201834862385321100924,0.7138040150654105891738847838856841000749,327,327,0816a70bca8da5dd37cf,2019-06-26,2019-06-26,2019
NQZ9,prior_rth,2019-09-23T16:00:00-04:00,2.747686258978670506045488995387997580778,22.12068965517241379310344828,1017.594827586206896551724138,1.013630524789123600912343218,232,232,0886830907bd7f562b9e,2019-09-24,2019-09-23,2019
NQM9,prior_rth,2019-05-14T16:00:00-04:00,3.644392444042300215340679165787367364407,16.90769230769230769230769231,868.5846153846153846153846154,0.9157849583637762679925878619051795558104,455,455,088dc15f93cd4106fdad,2019-05-15,2019-05-14,2019
NQU9,opening_hour_rth,2019-06-21T10:30:00-04:00,2.022263243566139284900849381762472063738,10.85123966942148760330578512,625.3719008264462809917355373,1.210532422623416262533282421928439318035,121,121,092399182ac8a87c17ab,2019-06-21,2019-06-21,2019
NQU9,midnight,2019-08-15T09:30:00-04:00,3.901768660630692227466142727235069688356,18.30894308943089430894308943,333.1707317073170731707317069,0.684134375237529483660092553,738,738,098f84fa38635711bb8e,2019-08-15,2019-08-15,2019
NQM9,prior_rth,2019-06-07T16:00:00-04:00,6.243779044660948463782566444830661121618,11.36971830985915492957746479,630.1637323943661971830985915,0.3955594046310657129975345768,568,568,09946e5c23d4668a278e,2019-06-10,2019-06-07,2019
NQM9,full_overnight,2019-04-26T09:30:00-04:00,3.684494896651848078261969549058426874105,21.53413654618473895582329317,395.2329317269076305220883532,0.6825895575240343260029570549624672325839,249,249,09e63a4daac9f7527e52,2019-04-26,2019-04-26,2019
NQZ9,full_overnight,2019-11-12T09:30:00-05:00,3.135761749777360375080091283796061903255,24.59340659340659340659340659,330.3516483516483516483516484,0.790385759344776596016175848,182,182,0a4720417b22b0fe62ff,2019-11-12,2019-11-12,2019
NQU9,opening_hour_rth,2019-07-31T10:30:00-04:00,1.983629759504717283932532814016023773701,10.40594059405940594059405941,736.5742574257425742574257426,1.044459165830173822822809859599700716216,101,101,0acb9ac11443686ee1c3,2019-07-31,2019-07-31,2019
NQM9,prior_rth,2019-04-29T16:00:00-04:00,2.46591234550075176841798493597263723991,22.17901234567901234567901235,1481.981481481481481481481481,0.897148170335525224781204379,162,162,0b75d6b06fb954ab32d6,2019-04-30,2019-04-29,2019
NQH0,prior_rth,2019-12-19T16:00:00-05:00,3.216449594082430734475604117940677281214,11.6,848.3227272727272727272727286,0.714414427514077389835844559,220,220,0b8959dd7dcbd51641bf,2019-12-20,2019-12-19,2019
NQU9,opening_hour_rth,2019-08-26T10:30:00-04:00,1.825825301624373429035035534181545132669,8.904109589041095890410958904,497.4474885844748858447488571,1.087132537938798569258001472235765659732,219,219,0bbd3bf7d447b8eac1a2,2019-08-26,2019-08-26,2019
NQM9,midnight,2019-04-15T09:30:00-04:00,2.108997797471264428588607378250741283472,29.43548387096774193548387097,476.0322580645161290322580642,0.959188875938722395508272274,62,62,0c46dfbea6a39bfe6b32,2019-04-15,2019-04-15,2019
NQM9,prior_rth,2019-03-14T16:00:00-04:00,1.999343303806158716781041190437852287764,39,2191.205357142857142857142857,0.8547546803501970005765300165,112,112,0c8a1f406e0e5bca8ff7,2019-03-15,2019-03-14,2019
NQU9,full_overnight,2019-09-12T09:30:00-04:00,3.117055206859181347773015559042641010397,29.21594684385382059800664452,398.3787375415282392026578047,1.083327375708343013676772094458410499177,301,301,0cab395ad3c3958b7e80,2019-09-12,2019-09-12,2019
NQU9,midnight,2019-08-26T09:30:00-04:00,5.675477553800660303674715692683320257118,17.82129277566539923954372624,244.4892268694550063371356138,0.5313929647534529300203482287875821644112,789,789,0cb9d8bc15299fbd9847,2019-08-26,2019-08-26,2019
NQM9,midnight,2019-03-11T09:30:00-04:00,2.949480925296297765216609503166385130725,21.40287769784172661870503597,249.7769784172661870503597125,0.8622329576327727169315756699872189120029,139,139,0d2906930226b18dbabc,2019-03-11,2019-03-11,2019
NQH9,midnight,2019-02-06T09:30:00-05:00,2.716294564304562578109372100521384234126,20.42105263157894736842105263,304.9868421052631578947368422,0.818775526632999068948614457,152,152,0d4843f06f8a0ba2bdca,2019-02-06,2019-02-06,2019
NQM9,prior_rth,2019-04-02T16:00:00-04:00,2.696919882692139543771640484208064292284,20.43783783783783783783783784,1540.929729729729729729729732,0.9084442494065338844571568378717386440814,185,185,0d66bae753478c067f42,2019-04-03,2019-04-02,2019
NQZ9,prior_rth,2019-12-10T16:00:00-05:00,2.728692856513534145216808233431134710465,19.07563025210084033613445378,1038.613445378151260504201681,0.955207726237864921776793575,238,238,0dd2695b9472a4bcd6b3,2019-12-11,2019-12-10,2019
NQZ9,prior_rth,2019-10-15T16:00:00-04:00,4.338046108309796448218870522960357339884,10.7175,616.8175000000000000000000012,0.6512308807303131142266726305,400,400,0e4744e3a89c179e0fd4,2019-10-16,2019-10-15,2019
NQM9,prior_rth,2019-04-11T16:00:00-04:00,2.518794723685633735384448129088519373596,21.33510638297872340425531915,1387.675531914893617021276594,1.092848969506318879161852066,188,188,0e648178b8149488435f,2019-04-12,2019-04-11,2019
NQU9,prior_rth,2019-07-25T16:00:00-04:00,2.454809686660469878599652735444504875455,24.01123595505617977528089888,1230.857677902621722846441947,0.9431171013516300124202647108148395419519,267,267,0edf6b5c1d0568bff8da,2019-07-26,2019-07-25,2019
NQH9,midnight,2019-01-11T09:30:00-05:00,2.268802145358050890887481220056191213765,25.27272727272727272727272727,294.5113636363636363636363639,0.983880748892102621776871031,176,176,0f91db81e1a0ee00f2ef,2019-01-11,2019-01-11,2019
NQU9,opening_hour_rth,2019-07-19T10:30:00-04:00,2.383057072533509580265869500376041881466,6.835227272727272727272727273,449.9602272727272727272727274,1.067830697839044230702841406,176,176,0fa92c126fa7f91aa9a5,2019-07-19,2019-07-19,2019
NQU9,prior_rth,2019-09-11T16:00:00-04:00,3.485158301012057308261400833968103099402,14.6036036036036036036036036,796.7867867867867867867867877,0.7204668583442154803388294688001331280234,333,333,0fdecf3a7cead46ffa95,2019-09-12,2019-09-11,2019
NQM9,midnight,2019-06-12T09:30:00-04:00,2.910215247045186175557443379732065533354,29.25694444444444444444444444,474.6527777777777777777777781,0.8090836046379682960352657345,144,144,1009a9a4f50e07b22f58,2019-06-12,2019-06-12,2019
NQU9,midnight,2019-07-18T09:30:00-04:00,3.29137971470788613481615948093518339103,15.5,264.4464285714285714285714285,0.796901724641453243555533252,224,224,108932cde6d31faddd69,2019-07-18,2019-07-18,2019
NQH9,prior_rth,2019-01-28T16:00:00-05:00,1.927445682166163502853093391372092098006,30.01321585903083700440528634,1679.361233480176211453744492,0.9728167494230196470234240973639019830504,227,227,109859a0960c55dc5287,2019-01-29,2019-01-28,2019
NQM9,full_overnight,2019-05-16T09:30:00-04:00,2.070538836908468940962025998087251208639,24.27868852459016393442622951,362.3934426229508196721311462,0.9916954895517992136033573445,366,366,10b95c8b81f33620853f,2019-05-16,2019-05-16,2019
NQH9,midnight,2019-02-27T09:30:00-05:00,3.702603669038420660228154142142265180092,23.66206896551724137931034483,297.1793103448275862068965518,0.4827421140099636889397740821578929231188,145,145,110df4c244c93a66a964,2019-02-27,2019-02-27,2019
NQH9,opening_hour_rth,2019-02-01T10:30:00-05:00,1.695980048188679641775426634060677003265,7.866666666666666666666666667,533.0577777777777777777777769,1.064275370180743781605999228214091887567,225,225,116b175c0344bd1922fe,2019-02-01,2019-02-01,2019
NQH9,prior_rth,2019-03-01T16:00:00-05:00,2.523296157693330313460831380711642312409,18.31687242798353909465020576,1257.855967078189300411522631,0.9087311817514801168093344121145350127098,243,243,11a518d1845d0aae88c2,2019-03-04,2019-03-01,2019
NQU9,opening_hour_rth,2019-07-18T10:30:00-04:00,3.019894162822954188507315005425238857545,7.114457831325301204819277108,506.7349397590361445783132523,0.5854529495446241730240761565,166,166,11dba2969aa221f43100,2019-07-18,2019-07-18,2019
NQU9,opening_hour_rth,2019-07-02T10:30:00-04:00,2.463966809654365780368234334159970376794,11.87209302325581395348837209,739.1744186046511627906976748,0.992323177119052826478075214,86,86,1218dad20c06ce59591e,2019-07-02,2019-07-02,2019
NQH9,opening_hour_rth,2019-02-25T10:30:00-05:00,1.791704956973629256389483389033229545517,10.09803921568627450980392157,811.5392156862745098039215685,1.203895386026810191866988792,102,102,1281745af004dda00df2,2019-02-25,2019-02-25,2019
NQZ9,prior_rth,2019-11-11T16:00:00-05:00,2.742161122007535679828755857990033388588,16.80769230769230769230769231,845.7472527472527472527472511,0.807164834183624733282860205,182,182,12b0dd1ebe5c9deca54a,2019-11-12,2019-11-11,2019
NQZ9,prior_rth,2019-12-13T16:00:00-05:00,3.944010869888100306561678988988815487673,20.80250783699059561128526646,500.5423197492163009404388696,0.7751921312559882538785533058527149253624,319,319,12cbc2a587e41394df77,2019-12-16,2019-12-13,2019
NQH9,full_overnight,2019-02-04T09:30:00-05:00,2.899515156230111850918723708662013629938,35.55483870967741935483870968,328.8903225806451612903225805,0.9292807591803342880567395066700264736239,155,155,12ee6821d1670c2d8845,2019-02-04,2019-02-04,2019
NQU9,midnight,2019-07-29T09:30:00-04:00,2.844027544197851398074205907157624580139,21.05263157894736842105263158,301.7894736842105263157894739,0.956261058255311291160278162,114,114,134bd41414aca5209a91,2019-07-29,2019-07-29,2019
NQU9,opening_hour_rth,2019-07-09T10:30:00-04:00,3.200543350571087981534441955082390563797,5.633165829145728643216080402,434.8492462311557788944723623,0.5729495588343673329575729430654912278661,199,199,137da0f4f4726b17cc8f,2019-07-09,2019-07-09,2019
NQM9,full_overnight,2019-05-14T09:30:00-04:00,3.869565353586924707652560395980963910415,20.73576309794988610478359909,312.0045558086560364464692483,0.7379598901366160285401995923404220395691,439,439,13d7f6d32687b9a72134,2019-05-14,2019-05-14,2019
NQM9,midnight,2019-04-11T09:30:00-04:00,2.913761839146200992418786950770099642673,22.06779661016949152542372881,400.5847457627118644067796609,0.7576765474449264504373441005,118,118,13e29e89498415d32249,2019-04-11,2019-04-11,2019
NQH9,prior_rth,2019-02-19T16:00:00-05:00,3.125763872415822172838559240361034989795,15.31355932203389830508474576,1019.322033898305084745762714,0.724345387870208137880220755,236,236,13f92f92767411d0efe5,2019-02-20,2019-02-19,2019
NQU9,prior_rth,2019-07-02T16:00:00-04:00,2.9758990092490563420326619631896970486,19.84581497797356828193832599,993.4889867841409691629955965,0.7059831301792005725985632645631897696257,227,227,148edaffa7a8dc06c619,2019-07-05,2019-07-02,2019
NQU9,full_overnight,2019-07-18T09:30:00-04:00,2.845884426594491199966682179865242309564,24.63392857142857142857142857,375.6160714285714285714285714,0.793111500865350934521109639,224,224,151abd50b0667f2f1fff,2019-07-18,2019-07-18,2019
NQZ9,full_overnight,2019-11-08T09:30:00-05:00,3.55186944310867711279881060051036214035,25.43269230769230769230769231,370.3124999999999999999999999,0.7247708591034575832798397425,208,208,155ab3a43ee7d97a6655,2019-11-08,2019-11-08,2019
NQU9,midnight,2019-07-23T09:30:00-04:00,2.612416089092609746486778289546165512569,16.34730538922155688622754491,254.8622754491017964071856289,0.8616298268079110880203272449420704718094,167,167,15937f5417e60719300e,2019-07-23,2019-07-23,2019
NQZ9,prior_rth,2019-09-25T16:00:00-04:00,3.141761168767072767826054367700072227408,10.35310344827586206896551724,547.3572413793103448275862043,0.9139845781905639402241650358464988354976,725,725,1602484dedce8af4d410,2019-09-26,2019-09-25,2019
NQH9,opening_hour_rth,2019-02-14T10:30:00-05:00,2.124717339667044421195973817109378082604,7.784688995215311004784688995,560.4736842105263157894736823,1.051181014284624505445473290576752001528,209,209,16bfb73aa67e44c9d650,2019-02-14,2019-02-14,2019
NQU9,prior_rth,2019-06-18T16:00:00-04:00,2.619441378088387300590102604415092745546,16.71243523316062176165803109,845.2953367875647668393782365,0.784974383750389805634790086,386,386,17cc5f893598a9db6b88,2019-06-19,2019-06-18,2019
NQZ9,opening_hour_rth,2019-10-07T10:30:00-04:00,2.136771335606767549185534175724394759359,9.1375,442.1749999999999999999999998,1.163925782558907465285140852,160,160,17cfd82216f46fb99ccd,2019-10-07,2019-10-07,2019
NQH9,midnight,2019-01-09T09:30:00-05:00,2.619471189389843840169727972261801321137,36.67295597484276729559748428,417.8490566037735849056603769,0.9238314742592591073584728869787612738204,159,159,182782f4c19f16636fda,2019-01-09,2019-01-09,2019
NQH9,prior_rth,2019-02-28T16:00:00-05:00,2.025428021510289441226604261742098214035,24.77297297297297297297297297,1532.600000000000000000000002,1.065479849044479231241616324536431186271,185,185,183d82a9c97140cf1f2c,2019-03-01,2019-02-28,2019
NQH9,midnight,2019-02-15T09:30:00-05:00,4.067891149273310336037090136311180098791,9.258333333333333333333333333,178.4624999999999999999999992,0.615962502936327409001683309,480,480,18a9b7cc5bb16641d03a,2019-02-15,2019-02-15,2019
NQM9,prior_rth,2019-05-23T16:00:00-04:00,1.96795630419895261202302188741999767299,28.76602564102564102564102564,1549.884615384615384615384614,1.014507067765060404475229736,312,312,18f53b6e1f44a33b44b6,2019-05-24,2019-05-23,2019
NQM9,opening_hour_rth,2019-03-13T10:30:00-04:00,2.251695583025595962369098255973011091166,9.844660194174757281553398058,737.3203883495145631067961165,0.9207569443922530289880824195232927640915,103,103,19041a32693d8d1ed503,2019-03-13,2019-03-13,2019
NQZ9,opening_hour_rth,2019-10-10T10:30:00-04:00,3.298283707522295881148151544878908546024,5.575862068965517241379310345,333.0241379310344827586206893,0.6509785112728407094260284285,290,290,19145395c30efb6e32e3,2019-10-10,2019-10-10,2019
NQH0,prior_rth,2019-12-20T16:00:00-05:00,2.831912839216999271088552922839355532422,23.32258064516129032258064516,1696.379032258064516129032256,1.001243256884001580078369287,124,124,191738c8bfb395f8f072,2019-12-23,2019-12-20,2019
NQM9,opening_hour_rth,2019-06-13T10:30:00-04:00,2.17577166414245744069137149005383354128,8.922077922077922077922077922,519.5714285714285714285714284,0.822467893704330582191301964,154,154,19af9dedca96d26a5349,2019-06-13,2019-06-13,2019
NQZ9,full_overnight,2019-09-20T09:30:00-04:00,2.952169361355697911787428393847050253244,33.00641025641025641025641026,443.5897435897435897435897435,0.763849488524840186004923753,156,156,1b35cf6d8976c375adfa,2019-09-20,2019-09-20,2019
NQM9,midnight,2019-03-26T09:30:00-04:00,2.094457307679029757463546067683962546824,20.69607843137254901960784314,345.0686274509803921568627448,0.9825099173023225611300912705,204,204,1b5a46009f49e2e55c48,2019-03-26,2019-03-26,2019
NQM9,prior_rth,2019-06-05T16:00:00-04:00,3.031613621422525584169976744474274772882,21.23433242506811989100817439,1068.997275204359673024523156,0.6885836176047388840779743247361810862505,367,367,1b6392e6811dff8ca4da,2019-06-06,2019-06-05,2019
NQZ9,prior_rth,2019-10-28T16:00:00-04:00,2.917220918456685211362176030124930399662,18.29439252336448598130841121,1056.757009345794392523364489,0.9325298494071592648058847235,214,214,1bb7df64733555a5191a,2019-10-29,2019-10-28,2019
NQH0,opening_hour_rth,2019-12-19T10:30:00-05:00,3.431485362670342005200616988554760560905,8.433734939759036144578313253,633.0120481927710843373493982,0.4387040225241410721354027744282987828933,83,83,1bc36142442f9110c1c5,2019-12-19,2019-12-19,2019
NQM9,full_overnight,2019-05-06T09:30:00-04:00,3.705411627766162031877074706315901569999,24.2245614035087719298245614,340.8035087719298245614035104,0.4077824044635625664218851484,570,570,1ceac1b7b653050c7565,2019-05-06,2019-05-06,2019
NQM9,midnight,2019-05-14T09:30:00-04:00,2.472683137988309406311425993357388275357,25.61574074074074074074074074,425.8425925925925925925925928,0.9491006878707747298872020455,216,216,1d0ab723407714b5c389,2019-05-14,2019-05-14,2019
NQH9,prior_rth,2019-01-03T16:00:00-05:00,2.101882597692704367639825282198937881657,22.07223113964686998394863563,885.597110754414125200642057,1.084488936707933633805920587886340212772,623,623,1d0be41b38247483193b,2019-01-04,2019-01-03,2019
NQZ9,midnight,2019-12-04T09:30:00-05:00,4.277867409782030446397870197729894946686,14.25066666666666666666666667,320.6773333333333333333333349,0.671153393935674561036035554414381047602,375,375,1d54525980364276953c,2019-12-04,2019-12-04,2019
NQZ9,full_overnight,2019-11-26T09:30:00-05:00,4.199841786368718714477799856916264132821,21.9103139013452914798206278,336.1300448430493273542600897,0.5270705252941939726345249871806521913613,223,223,1d6cc712855c379c266c,2019-11-26,2019-11-26,2019
NQH9,midnight,2019-02-26T09:30:00-05:00,2.208832475823684486560892364820883073382,28.85840707964601769911504425,399.8938053097345132743362831,0.9618645102402428233654398577634840227986,113,113,1dabeeafa522a326ee67,2019-02-26,2019-02-26,2019
NQZ9,prior_rth,2019-10-03T16:00:00-04:00,3.244939652339506882542681063165646815344,13.05131761442441054091539528,634.0665742024965325936199743,0.8628888205007260241409786480270050503795,721,721,1e30b43e8d8d6ddfec4d,2019-10-04,2019-10-03,2019
NQH9,prior_rth,2019-03-06T16:00:00-05:00,2.960771390874559680893160087969301424113,24.91803278688524590163934426,1533.10245901639344262295082,0.730699470690728524658161397,244,244,1e887f5e5744c80e7361,2019-03-07,2019-03-06,2019
NQZ9,midnight,2019-10-23T09:30:00-04:00,2.328236388912796691666110100935315012069,26.8627450980392156862745098,449.8954248366013071895424839,0.879511984747617584677544928224752459302,153,153,1e92fb302a00e21a9eb8,2019-10-23,2019-10-23,2019
NQZ9,full_overnight,2019-12-09T09:30:00-05:00,4.353301689372741356356931934639012368959,27.96376811594202898550724638,420.8913043478260869565217393,0.3320985164818221520495332598,138,138,1ea80a5a367faa645be2,2019-12-09,2019-12-09,2019
NQU9,midnight,2019-06-19T09:30:00-04:00,3.231799476795730915089829546300304421511,33.34444444444444444444444444,405.977777777777777777777778,0.8035204750397866431713616405,90,90,1eb24d573f0189ed7287,2019-06-19,2019-06-19,2019
NQM9,full_overnight,2019-06-03T09:30:00-04:00,2.55148289138001798493348830005233459362,40.2660098522167487684729064,638.3990147783251231527093567,0.6943056596141643592811974703661295098354,203,203,1ee2225cfd5b7a2fa134,2019-06-03,2019-06-03,2019
NQM9,opening_hour_rth,2019-03-18T10:30:00-04:00,2.839826647838316820407266597735613980489,5.75,513.2560975609756097560975607,0.8136199992405584297514174005,164,164,1f10a00ab4eedb8db9a4,2019-03-18,2019-03-18,2019
NQM9,midnight,2019-06-04T09:30:00-04:00,2.688519211648899403975393348251397783661,14.41896024464831804281345566,274.397553516819571865443425,0.8400852733931447833858327464590229677142,327,327,1f438895fd987e637d2e,2019-06-04,2019-06-04,2019
NQM9,opening_hour_rth,2019-06-03T10:30:00-04:00,3.02901411226363139868623657124485279822,5.09375,351.0192307692307692307692272,0.7648734270545247023138541285,416,416,1ff6e46a3b2a11278db3,2019-06-03,2019-06-03,2019
NQZ9,midnight,2019-10-14T09:30:00-04:00,2.700339602883124285967830368789003925066,17.05696202531645569620253165,268.0759493670886075949367091,0.9289288294336504480733565285,316,316,2024a9ef99e83a80964c,2019-10-14,2019-10-14,2019
NQZ9,midnight,2019-12-09T09:30:00-05:00,2.318517094071558150417080555384843202201,36.41269841269841269841269841,570.9841269841269841269841268,1.012858066428973737927927716461950053138,63,63,206aa8d2ac65ba2a2c1b,2019-12-09,2019-12-09,2019
NQH9,midnight,2019-02-12T09:30:00-05:00,2.694093533959011037611972954193422582218,27.61739130434782608695652174,465.9391304347826086956521739,0.8440074405881650462455429177712681384295,115,115,206e58a4ed8e8f8d2313,2019-02-12,2019-02-12,2019
NQU9,full_overnight,2019-08-27T09:30:00-04:00,2.567849033830031436520095061144356872561,26.63753213367609254498714653,352.0257069408740359897172247,0.9619285627500885177441066872955932340193,389,389,209bc4e48ac80dd3cd13,2019-08-27,2019-08-27,2019
NQM9,midnight,2019-03-19T09:30:00-04:00,2.878457571326231393717259256456597679144,16.24285714285714285714285714,284.0071428571428571428571427,0.8026095727972221223741965065,140,140,213c3057b52eb820df4a,2019-03-19,2019-03-19,2019
NQU9,midnight,2019-06-28T09:30:00-04:00,3.044469022222946540043507368918990364398,25.09677419354838709677419355,283.879032258064516129032258,0.639170763807102097170645406,124,124,219ad91463cfac229129,2019-06-28,2019-06-28,2019
NQZ9,midnight,2019-11-15T09:30:00-05:00,5.937083210391295167932994433075196426384,19.68794326241134751773049645,473.2836879432624113475177308,0.7455585895582760064454408343639722905833,141,141,2266baf14bfc321afd0d,2019-11-15,2019-11-15,2019
NQZ9,prior_rth,2019-10-25T16:00:00-04:00,5.450691156543659268678840500149351382886,10.36748329621380846325167038,605.7104677060133630289532312,0.6528055977211521436166110764266020617834,449,449,2271305e6229c0c20e1d,2019-10-28,2019-10-25,2019
NQH9,opening_hour_rth,2019-03-07T10:30:00-05:00,2.911351021633089516121271176835962222879,5.32247557003257328990228013,453.1465798045602605863192195,0.7680296151737759371968238295232810046414,307,307,22f437d620e4605630f8,2019-03-07,2019-03-07,2019
NQM9,midnight,2019-04-18T09:30:00-04:00,3.377232986278685962487041635902087089506,13.23904382470119521912350598,279.1633466135458167330677298,0.8646678625203385318721503215831101113515,251,251,233c37db56abf136f7a9,2019-04-18,2019-04-18,2019
NQU9,prior_rth,2019-09-10T16:00:00-04:00,2.759297469125605838600030154797245321165,21.45,1103.273333333333333333333326,0.995949065033547160993758309,300,300,248ad84e04b4bd313865,2019-09-11,2019-09-10,2019
NQU9,midnight,2019-07-09T09:30:00-04:00,1.897657711100001733169441938614260772281,27.23913043478260869565217391,405.5869565217391304347826085,1.097698426380880998938141957,138,138,24a1447363523bc69f3b,2019-07-09,2019-07-09,2019
NQZ9,opening_hour_rth,2019-12-03T10:30:00-05:00,2.402388241521633075301610614346393337956,9.183856502242152466367713004,734.1031390134529147982062834,0.8018845704001418623779077910458226189185,223,223,24d82e9560cfdb6067ed,2019-12-03,2019-12-03,2019
NQU9,opening_hour_rth,2019-07-24T10:30:00-04:00,3.305105853011307602044739985318111184055,6.18452380952380952380952381,410.7797619047619047619047621,0.649543918035254801473227471,168,168,24ff543eb63c5c53280f,2019-07-24,2019-07-24,2019
NQH9,opening_hour_rth,2019-01-29T10:30:00-05:00,1.604268296833759332012252309267194681727,8.284848484848484848484848485,561.5515151515151515151515148,1.032444518987889033463627748071804323289,165,165,253d79832478ac8e51b6,2019-01-29,2019-01-29,2019
NQZ9,opening_hour_rth,2019-10-03T10:30:00-04:00,2.121088296181208949918668623856734947564,6.027088036117381489841986456,320.9954853273137697516930009,0.8790565132715430467638921495346395677913,443,443,254a7c22374cbe95dab2,2019-10-03,2019-10-03,2019
NQU9,prior_rth,2019-07-24T16:00:00-04:00,3.549238752155015284251537273768999941664,12.52706552706552706552706553,726.8404558404558404558404553,0.4775645122671912015779059269666224781405,351,351,254cf2fba168caefaa24,2019-07-25,2019-07-24,2019
NQU9,prior_rth,2019-07-26T16:00:00-04:00,2.641239223562536514546827783757308124223,22.01075268817204301075268817,1274.048387096774193548387096,0.849415858554080807077824519,186,186,256de6519ef09f6eb63b,2019-07-29,2019-07-26,2019
NQZ9,full_overnight,2019-09-19T09:30:00-04:00,2.833631882542684846419108881091872055918,20.36151603498542274052478134,304.1953352769679300291545181,0.8419676819672253101307101418967782774667,343,343,2589084012ad625188dd,2019-09-19,2019-09-19,2019
NQU9,midnight,2019-06-26T09:30:00-04:00,2.605466671546961285174528192918387770467,14.44918032786885245901639344,272.8065573770491803278688524,0.8216112872922138004910995737600549481105,305,305,25e123d95ea69a90d401,2019-06-26,2019-06-26,2019
NQH9,full_overnight,2019-02-14T09:30:00-05:00,3.574445312559965023288414242596006627994,22.23809523809523809523809524,334.7993197278911564625850337,0.8414752443266841227162162855,294,294,264d9753f601c25897e0,2019-02-14,2019-02-14,2019
NQU9,prior_rth,2019-07-16T16:00:00-04:00,2.243802522698052405028882125770627712487,17.48221343873517786561264822,953.3122529644268774703557356,1.046779675861599462146181907024815233149,253,253,26dde35e0fda1d079ea9,2019-07-17,2019-07-16,2019
NQZ9,prior_rth,2019-09-16T16:00:00-04:00,2.725157832404031085951417347104395239891,35.125,1134.93125,0.929629904508274805438917012,160,160,26e20b4389e38fd77db9,2019-09-17,2019-09-16,2019
NQH0,full_overnight,2019-12-17T09:30:00-05:00,2.117175438614214790971285575668501484863,28.92592592592592592592592593,473.2000000000000000000000002,1.043336807375469612157564648607585132757,135,135,26e65c4baccca802e57d,2019-12-17,2019-12-17,2019
NQU9,prior_rth,2019-09-04T16:00:00-04:00,1.969325626384395242520463461837520377759,17.42412451361867704280155642,965.7626459143968871595330751,1.082497188121679076493530782096816956831,257,257,26f1e16c54f5fedd9bcd,2019-09-05,2019-09-04,2019
NQH9,prior_rth,2019-02-15T16:00:00-05:00,3.020225168876553082895584201538804730491,23.18297872340425531914893617,1322.982978723404255319148936,0.9595048766178525231302856318005457867317,235,235,2760177f4d1875e3c34e,2019-02-19,2019-02-15,2019
NQZ9,prior_rth,2019-12-04T16:00:00-05:00,2.29775277574930677456033086687492690159,31.77952755905511811023622047,1832.929133858267716535433074,1.138933701441206385761728274578726563623,127,127,27674298d397efb8adc9,2019-12-05,2019-12-04,2019
NQU9,opening_hour_rth,2019-06-25T10:30:00-04:00,2.85484741433947926873586826881096119339,6.269230769230769230769230769,410.033653846153846153846154,0.876639095959294668110921389,208,208,278bb2a28867f87abd92,2019-06-25,2019-06-25,2019
NQU9,opening_hour_rth,2019-09-03T10:30:00-04:00,2.871255136341620151041601027586441968037,6.906542056074766355140186916,361.0031152647975077881619903,0.8205749016185370940622738421487481238892,321,321,27d79768a03e722294b7,2019-09-03,2019-09-03,2019
NQZ9,midnight,2019-11-06T09:30:00-05:00,3.410823467036175487214037093624801453716,26.07,417.3500000000000000000000005,0.732078431060824505676949998,100,100,27fb1fd5f23f34b2f742,2019-11-06,2019-11-06,2019
NQU9,midnight,2019-09-12T09:30:00-04:00,1.927478881769908352635083462453442044141,33.92857142857142857142857143,482.6845238095238095238095243,1.083604772351890709522111378,168,168,281bf7f8794797d19dc9,2019-09-12,2019-09-12,2019
NQM9,prior_rth,2019-05-28T16:00:00-04:00,2.486414267433688238688457706780691401261,18.39071038251366120218579235,924.4316939890710382513661243,0.7984060616791287321797392935,366,366,282178f670f078d58b79,2019-05-29,2019-05-28,2019
NQZ9,full_overnight,2019-12-10T09:30:00-05:00,3.708832480729133493957943552493796665142,18.23121387283236994219653179,397.531791907514450867052024,0.693053636542950187985781506,346,346,282efbfefbc228706803,2019-12-10,2019-12-10,2019
NQH9,midnight,2019-02-08T09:30:00-05:00,2.773465828608138639030827011162937456949,25.82926829268292682926829268,375.1646341463414634146341462,0.923667899929691508129141423,164,164,2859da40d56c14d768f1,2019-02-08,2019-02-08,2019
NQU9,full_overnight,2019-07-02T09:30:00-04:00,2.076328840588962136670815556883000392122,36.84827586206896551724137931,417.4896551724137931034482756,1.02131771055595347463361755135025413693,145,145,2864dda9f2c99e0a764e,2019-07-02,2019-07-02,2019
NQM9,opening_hour_rth,2019-05-24T10:30:00-04:00,2.377330180846692365174219456890025960872,9.634615384615384615384615385,578.2564102564102564102564109,0.6795176728546659256853595815,156,156,286585c03afed08698ae,2019-05-24,2019-05-24,2019
NQH9,opening_hour_rth,2019-01-25T10:30:00-05:00,2.245301450796581763289675014326474682377,7.137362637362637362637362637,503.4725274725274725274725271,1.056951972611482638283277706,182,182,2897e3db8b24b8c3f41b,2019-01-25,2019-01-25,2019
NQU9,opening_hour_rth,2019-08-21T10:30:00-04:00,2.627591224350821877654999831293323982277,8.208633093525179856115107914,513.2086330935251798561151075,0.8395316252445996789101700831576756024197,139,139,293da2461a7af0a071f0,2019-08-21,2019-08-21,2019
NQM9,prior_rth,2019-04-16T16:00:00-04:00,3.80799157414656448450901077951966920384,20.96319018404907975460122699,1712.889570552147239263803675,0.5527933664363279744933499687965143029318,163,163,295c28ae0e686b0dca02,2019-04-17,2019-04-16,2019
NQM9,midnight,2019-03-15T09:30:00-04:00,2.165751553471966322688239798448334931318,23.48780487804878048780487805,476.6097560975609756097560974,0.8629207889898113106990545260784615246701,123,123,297fa34345a908ae1afb,2019-03-15,2019-03-15,2019
NQM9,prior_rth,2019-05-13T16:00:00-04:00,2.726013013792058080224790117765599403951,23.14933837429111531190926276,1104.085066162570888468809074,0.6499663494969247044417408889134049508821,529,529,29965f4b96c9d6de873f,2019-05-14,2019-05-13,2019
NQZ9,midnight,2019-11-12T09:30:00-05:00,3.010726932228324371145601061630680278865,24.35433070866141732283464567,353.9291338582677165354330707,0.6986368923033041594224900334726089792345,127,127,299b7c473afc59d88bdd,2019-11-12,2019-11-12,2019
NQM9,full_overnight,2019-06-07T09:30:00-04:00,3.488807611773308436524571793474348559987,19.7620578778135048231511254,335.4083601286173633440514486,0.6202333458169168776132570469635347469184,311,311,29b9b509c829bdad1330,2019-06-07,2019-06-07,2019
NQH9,full_overnight,2019-01-16T09:30:00-05:00,3.100511565734402153175541953441136185327,49.5289855072463768115942029,608.5434782608695652173913046,0.685926250535018927144481328,138,138,29bb4996bf1cb2b14a02,2019-01-16,2019-01-16,2019
NQU9,full_overnight,2019-09-11T09:30:00-04:00,3.066896245760000646690827768969357577954,32.67213114754098360655737705,416.8565573770491803278688541,0.8930409535545506314627939595,244,244,29c43aa1ea695f32fd3e,2019-09-11,2019-09-11,2019
NQM9,prior_rth,2019-03-22T16:00:00-04:00,3.813081198619395713093628793205235833764,14.47893915756630265210608424,861.336973478939157566302648,0.7894927467026432716393149411165999505365,641,641,2a1e2d43e9842bf64cf0,2019-03-25,2019-03-22,2019
NQM9,opening_hour_rth,2019-04-18T10:30:00-04:00,2.381273376993134756553760832923547737158,6.307291666666666666666666667,509.8593749999999999999999998,0.9156166367285721780355320065,192,192,2a50c59817dcf4c64dbd,2019-04-18,2019-04-18,2019
NQM9,midnight,2019-06-06T09:30:00-04:00,3.379760607538399341672666566235016183177,21.65909090909090909090909091,345.9636363636363636363636365,0.7210225713260780591944019365,220,220,2a5cc4835b438d7c40ff,2019-06-06,2019-06-06,2019
NQZ9,midnight,2019-10-08T09:30:00-04:00,4.34820901331714553183510078318716606247,14.51050420168067226890756303,225.1218487394957983193277317,0.564455698087665466873151028,476,476,2a65dd516393776ddb25,2019-10-08,2019-10-08,2019
NQZ9,midnight,2019-09-27T09:30:00-04:00,3.733430180013043318056519499602034748833,16.44672131147540983606557377,248.4344262295081967213114752,0.628611223181246416219139975,244,244,2a6c8f00aaf5989d4d20,2019-09-27,2019-09-27,2019
NQZ9,midnight,2019-11-18T09:30:00-05:00,4.324796034553654078078298854684218430001,14.59915611814345991561181435,325.0886075949367088607594935,0.5999484540488015113103722222375137134656,237,237,2a9b308930ac57cab6bc,2019-11-18,2019-11-18,2019
NQZ9,full_overnight,2019-10-28T09:30:00-04:00,3.370128745883567645961617995586532494202,30.91044776119402985074626866,461.8208955223880597014925369,0.564870134210976479077162761,134,134,2aeb843eea8f9f45d835,2019-10-28,2019-10-28,2019
NQM9,prior_rth,2019-04-22T16:00:00-04:00,3.417209959069749298749284792392176302866,12.64426877470355731225296443,719.7430830039525691699604727,0.7623955589231779645864536786326688625298,253,253,2b24dd8a1884d59449f1,2019-04-23,2019-04-22,2019
NQM9,opening_hour_rth,2019-04-08T10:30:00-04:00,2.072689207937060808845314426669687696299,8.203007518796992481203007519,625.8270676691729323308270669,0.9692130028882947941084277240268683560092,133,133,2b453fdac920a5cd50d0,2019-04-08,2019-04-08,2019
NQU9,opening_hour_rth,2019-08-05T10:30:00-04:00,2.786330472941648195153065386696572777716,10.19831223628691983122362869,599.7932489451476793248945127,0.8422870339654121261408177885416464445943,237,237,2b58beb16a5ab6a36665,2019-08-05,2019-08-05,2019
NQU9,midnight,2019-08-08T09:30:00-04:00,2.552529585618322799459082479322831749527,30.26446280991735537190082645,370.4338842975206611570247932,1.032816695065150742821497737,242,242,2ba9d769650ec33a240c,2019-08-08,2019-08-08,2019
NQM9,opening_hour_rth,2019-04-10T10:30:00-04:00,2.134310105204068619906320648889375980145,12.83544303797468354430379747,995.8481012658227848101265825,0.7656076786141472125212323906444372349693,79,79,2c4eed264ee3a191125a,2019-04-10,2019-04-10,2019
NQU9,opening_hour_rth,2019-08-01T10:30:00-04:00,3.176083537954949484836054887323774909627,3.849382716049382716049382716,310.2790123456790123456790119,0.6971750467739996013944805438733095459668,405,405,2c563a2cf6364f4e9f77,2019-08-01,2019-08-01,2019
NQH0,prior_rth,2019-12-17T16:00:00-05:00,3.587990194547920155802279656164729185735,27.37068965517241379310344828,1505.094827586206896551724135,0.4191518817759984913982481238,116,116,2c8a826248089645f60a,2019-12-18,2019-12-17,2019
NQU9,full_overnight,2019-08-12T09:30:00-04:00,2.759339699599519218809910288162594216325,21.30753968253968253968253968,308.3968253968253968253968248,0.946998789945762826561285734,504,504,2ca23c3f08d22a188c78,2019-08-12,2019-08-12,2019
NQH9,midnight,2019-02-14T09:30:00-05:00,5.145254428889094296004816788253293106869,14.0102040816326530612244898,256.4727891156462585034013599,0.611559606162979724629322157,294,294,2cbb2ab479b19fd7168c,2019-02-14,2019-02-14,2019
NQZ9,opening_hour_rth,2019-09-16T10:30:00-04:00,2.531603066926754978806365622681525390456,9.608974358974358974358974359,376.6602564102564102564102562,0.8746914927685996594349452935,156,156,2d184b4b0f948e1f2d10,2019-09-16,2019-09-16,2019
NQZ9,opening_hour_rth,2019-11-13T10:30:00-05:00,2.424811605188640079811431770555360218905,7.587301587301587301587301587,564.8809523809523809523809524,0.9235883224426356838304571785,126,126,2d1b78e305a53c8adcb7,2019-11-13,2019-11-13,2019
NQH9,opening_hour_rth,2019-03-05T10:30:00-05:00,2.147372238145085775489555716285118179922,9.718954248366013071895424837,658.3725490196078431372549013,1.113762751034846659428686343465960464928,153,153,2d443ff087ce9ac1cda6,2019-03-05,2019-03-05,2019
NQH9,prior_rth,2019-02-27T16:00:00-05:00,2.526229481003269753793318684822428108914,14.70149253731343283582089552,909.2865671641791044776119409,0.93872709333271482605239330350956257144,335,335,2d44b5c8d87212ef19be,2019-02-28,2019-02-27,2019
NQM9,prior_rth,2019-03-21T16:00:00-04:00,3.746547175620693554195454798187539446523,9.317803660565723793677204659,696.6405990016638935108153063,0.6610077528208730983236226318526945647371,601,601,2d5683767bb77e63d7f2,2019-03-22,2019-03-21,2019
NQM9,opening_hour_rth,2019-04-22T10:30:00-04:00,2.367862942794315555622764349464547197336,5.986666666666666666666666667,428.2733333333333333333333337,0.9857915025247051378616286955,150,150,2de75a9626c443bcc9bb,2019-04-22,2019-04-22,2019
NQM9,opening_hour_rth,2019-04-01T10:30:00-04:00,1.966699166354931987274505216044551428916,9.493421052631578947368421053,719.3815789473684210526315809,1.09007715086677397377054952,152,152,2e30534cd2c73e3ef699,2019-04-01,2019-04-01,2019
NQU9,opening_hour_rth,2019-07-10T10:30:00-04:00,2.653505926818346375379538004279699635959,5.479838709677419354838709677,439.9758064516129032258064516,0.939800356373363990754710877,248,248,2e850e05c5e103597359,2019-07-10,2019-07-10,2019
NQH9,prior_rth,2019-01-31T16:00:00-05:00,3.672055004070274176591213595703952035451,15.24330900243309002433090024,997.4768856447688564476885633,0.6418337282258392169293014475618766922185,411,411,2ebce92ae79229e38102,2019-02-01,2019-01-31,2019
NQM9,prior_rth,2019-05-06T16:00:00-04:00,3.731864878167083228399187382413009743594,11.72614840989399293286219081,736.492932862190812720848056,0.512237954533128923742326387,566,566,2ed6262fa9bb3ebbdd82,2019-05-07,2019-05-06,2019
NQM9,full_overnight,2019-06-13T09:30:00-04:00,3.112857728606003718455713426051726204451,19.36650485436893203883495146,252.7524271844660194174757282,0.8111378296593049204686065985,412,412,2ee666e88813903a19bb,2019-06-13,2019-06-13,2019
NQH9,full_overnight,2019-01-17T09:30:00-05:00,2.549424340642215006514351724963196122522,28.76284584980237154150197628,342.0434782608695652173913045,0.9456692562485656198595093211280460298414,253,253,2f76272ee895569043a4,2019-01-17,2019-01-17,2019
NQU9,prior_rth,2019-08-29T16:00:00-04:00,3.740214407631150141674970568994372901477,19.09333333333333333333333333,953.2466666666666666666666713,0.5341982573723858956097742875,300,300,302741edf45ec79dd1f9,2019-08-30,2019-08-29,2019
NQZ9,midnight,2019-11-26T09:30:00-05:00,2.616793616695489461710399164591670124929,26.90816326530612244897959184,437.7346938775510204081632651,0.722014506283270600301700759,98,98,304397837f449ea8c3d8,2019-11-26,2019-11-26,2019
NQU9,midnight,2019-08-16T09:30:00-04:00,1.958742607085843265112222024148913203915,26.74901960784313725490196078,406.760784313725490196078431,1.086065861652483584488927566167713410866,255,255,309dcd0720a714f85815,2019-08-16,2019-08-16,2019
NQZ9,prior_rth,2019-12-12T16:00:00-05:00,2.689036001305902626792846601152985091899,16.65086206896551724137931034,921.8491379310344827586206877,0.9623818830503543305169398065,464,464,31662180667809da2f89,2019-12-13,2019-12-12,2019
NQH9,prior_rth,2019-01-22T16:00:00-05:00,2.953929790795375261602380955939653768786,15.10200364298724954462659381,843.8961748633879781420765035,0.7937621878392431193496363915058778318698,549,549,31c34462775a5e6ff495,2019-01-23,2019-01-22,2019
NQM9,opening_hour_rth,2019-05-08T10:30:00-04:00,2.949014358203356115235169801215478435013,9.971311475409836065573770492,564.8278688524590163934426295,0.7143710307293326753442992885,244,244,324f8c9dc7a09c9da061,2019-05-08,2019-05-08,2019
NQU9,opening_hour_rth,2019-08-28T10:30:00-04:00,2.449139193723777657081572691963299888018,7.07037037037037037037037037,392.0666666666666666666666674,0.925132350084530171432562531,270,270,326d4d661cc78853594e,2019-08-28,2019-08-28,2019
NQM9,full_overnight,2019-04-30T09:30:00-04:00,1.953492216209665689848630642400893368846,31.65116279069767441860465116,514.6124031007751937984496125,1.172610032378575195495547636425821884678,129,129,3272d12d00407b7aac52,2019-04-30,2019-04-30,2019
NQM9,full_overnight,2019-04-02T09:30:00-04:00,1.890557925495046054333542772472590967526,36.07142857142857142857142857,555.0446428571428571428571431,1.07379336751112358533890291,112,112,32c6b59c0024d31a2568,2019-04-02,2019-04-02,2019
NQZ9,midnight,2019-11-22T09:30:00-05:00,2.96648934101513448040548425515799740977,26.6259541984732824427480916,550.5572519083969465648854963,0.6497881199968907786537065882254950440304,131,131,333fa3f842ec6e2fdfb7,2019-11-22,2019-11-22,2019
NQU9,opening_hour_rth,2019-08-22T10:30:00-04:00,4.813779439039312349171960264414898048343,5.05,301.432142857142857142857143,0.63630380383393592170164911,280,280,337c2c13cbe4f5722866,2019-08-22,2019-08-22,2019
NQZ9,full_overnight,2019-10-10T09:30:00-04:00,4.800113763534995421106571045774776884176,29.6185958254269449715370019,358.9829222011385199240986713,0.6524555475234297316139532147842136827633,527,527,33b480821e7b2249aca5,2019-10-10,2019-10-10,2019
NQH9,full_overnight,2019-01-25T09:30:00-05:00,3.798673974803670059379279917486895950776,19.61748633879781420765027322,265.6010928961748633879781422,0.6461176766997790862567108295,366,366,34446f8e45eeece99564,2019-01-25,2019-01-25,2019
NQZ9,midnight,2019-12-06T09:30:00-05:00,5.5212843992921478262043423358619107517,13.05533596837944664031620553,303.2332015810276679841897234,0.4488248486414743760329455512456590529876,253,253,34522fd25bc87478ab69,2019-12-06,2019-12-06,2019
NQM9,opening_hour_rth,2019-03-27T10:30:00-04:00,1.892720298747045309165201591126612240724,9.132183908045977011494252874,652.8160919540229885057471276,1.118270154873373882239159104,174,174,346f255e63f5bc4ec9e5,2019-03-27,2019-03-27,2019
NQH9,opening_hour_rth,2019-01-10T10:30:00-05:00,2.373788743461079186145366749105569062778,7.084745762711864406779661017,428.5635593220338983050847483,0.7689188357878595085446047545,236,236,347ed91c8ab55051a882,2019-01-10,2019-01-10,2019
NQH9,full_overnight,2019-01-15T09:30:00-05:00,2.98521899955999958062742913356652673648,29.15891472868217054263565891,383.1976744186046511627906978,0.899084292307019525919972775,258,258,348abe9d63f012ac5cc4,2019-01-15,2019-01-15,2019
NQM9,full_overnight,2019-05-07T09:30:00-04:00,3.225185123152048980311491190129249197304,19.49144254278728606356968215,339.7652811735941320293398509,0.6339008260846353473624408333969220127274,409,409,34aa83b1a7d8bf751b58,2019-05-07,2019-05-07,2019
NQH9,prior_rth,2019-02-05T16:00:00-05:00,2.438555164768706491489941119294923430573,19.19066147859922178988326848,1176.747081712062256809338519,0.7493326096925558795498859164586789319442,257,257,355fb27aefede6e5d1af,2019-02-06,2019-02-05,2019
NQM9,midnight,2019-04-08T09:30:00-04:00,2.959392153970768156307107476398068017344,36.0289855072463768115942029,593.3043478260869565217391306,0.7659432651926344003207757803512561189477,69,69,35ab1703f7bfb17a00e2,2019-04-08,2019-04-08,2019
NQU9,prior_rth,2019-07-08T16:00:00-04:00,2.112677163816091610056437725036006218089,26.36809815950920245398773006,1617.2760736196319018404908,0.9796533123119211376672059759414224033024,163,163,3615b7fa5c79f0a6da11,2019-07-09,2019-07-08,2019
NQM9,midnight,2019-06-05T09:30:00-04:00,2.301729155070803789013222351281536236237,19.58620689655172413793103448,381.4865900383141762452107276,0.919144086209733026320177376206264089197,261,261,381393f2be79d49b829e,2019-06-05,2019-06-05,2019
NQZ9,prior_rth,2019-10-11T16:00:00-04:00,2.723264130414444388048286142789024091736,22.31329113924050632911392405,1114.5,0.758894006341389039828195549,316,316,38d15c020c2f68fe82c5,2019-10-14,2019-10-11,2019
NQU9,midnight,2019-08-28T09:30:00-04:00,2.470570845767628765614821759007561387258,22.78877887788778877887788779,408.1782178217821782178217812,0.9094384848719240080341771040952094133361,303,303,38d449454bc9651ef4c0,2019-08-28,2019-08-28,2019
NQM9,midnight,2019-04-04T09:30:00-04:00,3.128838756209737704220165479722010946401,35.52173913043478260869565217,588.7934782608695652173913037,0.6669767612130412268923932705,92,92,39775f059b922efc7973,2019-04-04,2019-04-04,2019
NQM9,full_overnight,2019-03-13T09:30:00-04:00,2.240325887834112401939705385251772954475,20.7375,276.0791666666666666666666665,0.9022757360902935668945379025,240,240,39e6c9cd67ff6c09891a,2019-03-13,2019-03-13,2019
NQM9,full_overnight,2019-04-25T09:30:00-04:00,1.82772932475777804773563171511495184349,33.37288135593220338983050847,657.6525423728813559322033892,1.097480538702686669507410976,118,118,39f39263a8a004be5deb,2019-04-25,2019-04-25,2019
NQM9,prior_rth,2019-05-31T16:00:00-04:00,2.020021974397320489416716691889579127884,28.85531914893617021276595745,1517.978723404255319148936171,1.013971542267623451735237093410903153122,235,235,3a16bf3e2255a790ad8f,2019-06-03,2019-05-31,2019
NQH9,prior_rth,2019-01-10T16:00:00-05:00,2.405862350492866925601938923021263008207,17.67415730337078651685393258,857.4584269662921348314606751,0.8712767073393055641547411901543929871001,445,445,3a671e7bbc1d0e4c6d99,2019-01-11,2019-01-10,2019
NQH9,prior_rth,2019-03-05T16:00:00-05:00,2.742967336391415521974470234100710683075,22.12554112554112554112554113,1234.549783549783549783549783,0.8555342190915876262784593356621614990933,231,231,3aa53503c3b27ef8941c,2019-03-06,2019-03-05,2019
NQM9,opening_hour_rth,2019-05-16T10:30:00-04:00,5.36015018644414170850899645868254151321,3.489795918367346938775510204,281.688775510204081632653064,0.624765000275949385486868729,392,392,3ac46a150a73d4dc6692,2019-05-16,2019-05-16,2019
NQZ9,full_overnight,2019-10-14T09:30:00-04:00,2.378197464187819311243806206805018569349,24.51851851851851851851851852,327.0541310541310541310541328,0.8897092924334670778280028677203491171834,351,351,3acc661ca0177e5158b6,2019-10-14,2019-10-14,2019
NQU9,opening_hour_rth,2019-07-17T10:30:00-04:00,2.134258762292618618536447224409890195122,9.93,661.9799999999999999999999999,0.987509854586164167416755469,100,100,3adfe5bbcf05c174f67d,2019-07-17,2019-07-17,2019
NQM9,opening_hour_rth,2019-04-09T10:30:00-04:00,2.804296303792317837111309707157594444955,8.083969465648854961832061069,773.4580152671755725190839718,0.8909310947227829344270872927751545688884,131,131,3b622134821070bfa513,2019-04-09,2019-04-09,2019
NQM9,prior_rth,2019-05-20T16:00:00-04:00,2.457718531718012078970920507641039792055,30.17704918032786885245901639,1501.540983606557377049180326,0.8955031718690840026310983865061487658351,305,305,3bafe96c0f0e25eb925e,2019-05-21,2019-05-20,2019
NQZ9,midnight,2019-11-14T09:30:00-05:00,2.436209232959232670604285866002061059023,27.27972027972027972027972028,379.6363636363636363636363638,1.076820813232491081174603790703624267293,143,143,3c00031f5a6a4aa13c16,2019-11-14,2019-11-14,2019
NQU9,prior_rth,2019-06-26T16:00:00-04:00,2.919953613093788253764752563263720769621,19.06333333333333333333333333,873.720000000000000000000001,0.911370855753121515333577093,300,300,3c2e86e70601c2801d5c,2019-06-27,2019-06-26,2019
NQH9,opening_hour_rth,2019-02-11T10:30:00-05:00,2.507017471010435353758854849945864346321,10.14035087719298245614035088,583.7719298245614035087719301,0.784253544658136368064942317347758313771,171,171,3ca7f332ff0c526a278b,2019-02-11,2019-02-11,2019
NQH9,midnight,2019-01-16T09:30:00-05:00,2.720835984824053704364856517400372398281,37,505.4594594594594594594594595,0.9472218208951374383611957944069296555689,111,111,3d6d6d809928765d5a7f,2019-01-16,2019-01-16,2019
NQZ9,full_overnight,2019-10-23T09:30:00-04:00,2.865788168407915631816570792179974923929,26.048582995951417004048583,393.2348178137651821862348177,0.9610356950263368457272958411293179519585,247,247,3d83d61d74d998e48024,2019-10-23,2019-10-23,2019
NQM9,midnight,2019-06-10T09:30:00-04:00,3.096524784995342457997691471325239856324,27.65467625899280575539568345,397.6906474820143884892086329,0.8545304876658213285605613234871194222866,139,139,3e4fc94b9f8b6920816c,2019-06-10,2019-06-10,2019
NQH9,midnight,2019-02-11T09:30:00-05:00,3.715555319034878881480806101428449069717,13.77815699658703071672354949,209.4880546075085324232081909,0.4889169730689518112903524026220121920258,293,293,3e8ef369c26c1b749d4a,2019-02-11,2019-02-11,2019
NQZ9,opening_hour_rth,2019-09-18T10:30:00-04:00,2.63762982128454918847743159541450818923,11.57317073170731707317073171,580.0243902439024390243902437,0.7453873271073580981147425505,82,82,3f1c83cdc5d6dd251950,2019-09-18,2019-09-18,2019
NQH9,prior_rth,2019-01-25T16:00:00-05:00,3.571742118861555426160373677331935868576,20.1048951048951048951048951,1174.360139860139860139860142,0.5782254865760034714801685405,286,286,3f79db08e6b187e96183,2019-01-28,2019-01-25,2019
NQH9,opening_hour_rth,2019-01-14T10:30:00-05:00,2.258294813754636615519638683516554209323,9.634615384615384615384615385,574.4230769230769230769230769,0.8912895568202376430387279875,156,156,3f7ef1ad64b47a570a58,2019-01-14,2019-01-14,2019
NQU9,midnight,2019-06-21T09:30:00-04:00,2.899595512457433523478214961900124298543,28.88165680473372781065088757,396.6568047337278106508875744,0.6921518318777932232767468655435492719504,169,169,401a037b141cc8ddf57b,2019-06-21,2019-06-21,2019
NQM9,full_overnight,2019-06-06T09:30:00-04:00,3.546330184193950321456681367826750842499,22.32732732732732732732732733,304.8228228228228228228228228,0.6478490661466828835532190928950425042216,333,333,40601e4f653fb6bbe313,2019-06-06,2019-06-06,2019
NQU9,prior_rth,2019-09-13T16:00:00-04:00,2.491054249322354261746605568986956643138,29.60655737704918032786885246,752.606557377049180327868853,0.8589531914750973002791233580263645618003,183,183,4122a4d398e29ea0a286,2019-09-16,2019-09-13,2019
NQZ9,opening_hour_rth,2019-11-08T10:30:00-05:00,2.662036952694204724487153671504243200433,7.12,523.6057142857142857142857149,0.9519750102654607832641251512954779956122,175,175,421b38e514b0f8719992,2019-11-08,2019-11-08,2019
NQH9,full_overnight,2019-02-08T09:30:00-05:00,4.225998173712397468121445505816673869236,27.11157024793388429752066116,345.6611570247933884297520661,0.6904972656771229281057489325,242,242,425b5a20ecf45054c198,2019-02-08,2019-02-08,2019
NQZ9,prior_rth,2019-11-07T16:00:00-05:00,3.675654464865991475053560885528371900463,14.44728434504792332268370607,854.9329073482428115015974403,0.6332821413177601504801386249164100071032,313,313,4260d383564fd4cc961f,2019-11-08,2019-11-07,2019
NQZ9,full_overnight,2019-10-15T09:30:00-04:00,3.991360271078870543086831204370551565947,32.26288659793814432989690722,443.7010309278350515463917528,0.9324626587829953624572916545,194,194,432571d7728f9b87e33b,2019-10-15,2019-10-15,2019
NQM9,opening_hour_rth,2019-05-01T10:30:00-04:00,2.448724161652317602945256900526106484475,9.280991735537190082644628099,727.5537190082644628099173563,0.8004532254877433158401622674354353184437,121,121,4362f30894bea65abd10,2019-05-01,2019-05-01,2019
NQU9,opening_hour_rth,2019-09-13T10:30:00-04:00,2.020661117183674732572752035859678597773,10.56834532374100719424460432,346.1870503597122302158273378,0.9944690884283655097957098302469940242068,139,139,43a55c2f8f24c68a7ce4,2019-09-13,2019-09-13,2019
NQZ9,prior_rth,2019-09-18T16:00:00-04:00,4.872831871558779209274292694075285701146,15.50485436893203883495145631,697.6456310679611650485436939,0.796381380933800583017927797,412,412,44547a153f8d41a12bff,2019-09-19,2019-09-18,2019
NQU9,opening_hour_rth,2019-07-30T10:30:00-04:00,3.051002780446058772756888539139583906092,8.212643678160919540229885057,566.8275862068965517241379313,0.6469081515564638206254717445,174,174,4461ffac5c48afe2512b,2019-07-30,2019-07-30,2019
NQM9,prior_rth,2019-04-09T16:00:00-04:00,2.091758498899032600228715971394945169909,25.8452380952380952380952381,1888.797619047619047619047618,1.040343316400523796245047913,168,168,448186bd7b87bc2cd0cf,2019-04-10,2019-04-09,2019
NQH9,prior_rth,2019-01-02T16:00:00-05:00,2.609450305292706642425448910452427213845,14.91779141104294478527607362,588.3533742331288343558282201,0.8725663794250497004193695830553035853632,815,815,448f27e8b9dd32d8647d,2019-01-03,2019-01-02,2019
NQM9,opening_hour_rth,2019-05-23T10:30:00-04:00,2.130920921731408763498473556552604510939,10.07262569832402234636871508,721.3240223463687150837988866,1.012729886514826888171407161556403549754,179,179,45406fd53ef3d7b15416,2019-05-23,2019-05-23,2019
NQM9,opening_hour_rth,2019-04-03T10:30:00-04:00,2.056950695306577229069069214347869873105,9.017094017094017094017094017,845.1196581196581196581196585,0.9220176272661108125827079755965436564513,117,117,4546da75d235c0f428a1,2019-04-03,2019-04-03,2019
NQH9,midnight,2019-01-03T09:30:00-05:00,2.922338979709218476230886670615397259174,22.9919137466307277628032345,267.7547169811320754716981135,0.7681403192832457742730177384551455226105,371,371,458039a9051a0e8d9fe1,2019-01-03,2019-01-03,2019
NQU9,full_overnight,2019-08-21T09:30:00-04:00,3.848082976538608895595798454257832381235,16.12718204488778054862842893,267.9825436408977556109725691,0.634891582469996926242107892509264924527,401,401,4588eb8215374e454fd6,2019-08-21,2019-08-21,2019
NQZ9,opening_hour_rth,2019-10-28T10:30:00-04:00,3.229506161476908272575930201829524460843,7.397058823529411764705882353,525.0588235294117647058823529,0.646684255386973899483120557,136,136,459b16b3c09a43df8d6f,2019-10-28,2019-10-28,2019
NQU9,full_overnight,2019-08-16T09:30:00-04:00,2.179056789871348466071988491316468267963,25.80916030534351145038167939,340.6361323155216284987277356,0.9830554744812903539983497590780652852389,393,393,45a18657d482fd9f93f9,2019-08-16,2019-08-16,2019
NQM9,full_overnight,2019-05-03T09:30:00-04:00,2.934788173599720644813705780188748696923,18.42307692307692307692307692,318.6076923076923076923076921,0.9486594253822068469802308845,260,260,4614f113a6422c48de5c,2019-05-03,2019-05-03,2019
NQU9,full_overnight,2019-07-26T09:30:00-04:00,2.706655513737597599396559093856069094173,32.63503649635036496350364964,529.8175182481751824817518253,0.8370640340243861667856248170811354400445,137,137,46313714c2285bace5d7,2019-07-26,2019-07-26,2019
NQZ9,opening_hour_rth,2019-11-27T10:30:00-05:00,1.940520955671133900147522556659377949139,8.142857142857142857142857143,641.9761904761904761904761901,1.024699915062705103358332446,84,84,46a23d4be003b4ef452b,2019-11-27,2019-11-27,2019
NQZ9,midnight,2019-09-20T09:30:00-04:00,2.188545435886089077694808451666436070425,28.92436974789915966386554622,461.8991596638655462184873951,1.080212825599649512681171054554804986259,119,119,46a88873f048272aac67,2019-09-20,2019-09-20,2019
NQU9,prior_rth,2019-08-05T16:00:00-04:00,2.74896399709865465669102825792176382961,16.74722222222222222222222222,846.6749999999999999999999979,0.975026182613841233397189441,720,720,46ffa5cc9f86a1004e43,2019-08-06,2019-08-05,2019
NQH9,full_overnight,2019-03-07T09:30:00-05:00,2.383807594757660147301690655555247409608,30.12883435582822085889570552,471.5582822085889570552147237,0.91280489476596982666347269156439180456,163,163,47fa300cb84a63e45c54,2019-03-07,2019-03-07,2019
NQU9,opening_hour_rth,2019-08-19T10:30:00-04:00,2.557547500229079381735303177403518145935,6.237373737373737373737373737,445.7373737373737373737373743,0.8924166921014863778621407285,198,198,484aac2b60cee6f3f08b,2019-08-19,2019-08-19,2019
NQZ9,midnight,2019-11-20T09:30:00-05:00,3.013241370606367493631118530320674411534,26.81690140845070422535211268,536.0000000000000000000000001,1.047478159661105047961783784,142,142,488b044565010d021b27,2019-11-20,2019-11-20,2019
NQZ9,midnight,2019-12-11T09:30:00-05:00,2.48781602100343882683813312964362068619,23.17197452229299363057324841,418.8726114649681528662420384,0.9214949022329709287831991479018130454287,157,157,4900722e3454efa2b741,2019-12-11,2019-12-11,2019
NQU9,midnight,2019-08-12T09:30:00-04:00,3.840463451567867792544419418159815739479,14.38888888888888888888888889,235.7539682539682539682539677,0.7417650486838145349103376985,504,504,4939be1dea43736302d1,2019-08-12,2019-08-12,2019
NQZ9,prior_rth,2019-11-01T16:00:00-04:00,3.879898808732724030131961658493637082791,20.01463414634146341463414634,1281.936585365853658536585363,0.8124175971678520541889602541463178794367,205,205,4976f21b828de39ef355,2019-11-04,2019-11-01,2019
NQH9,opening_hour_rth,2019-02-06T10:30:00-05:00,2.19639939600279483201556554638348853728,5.473684210526315789473684211,419.5338345864661654135338331,0.9245595965799870456432275745,266,266,49f02b505aef08b43f21,2019-02-06,2019-02-06,2019
NQM9,full_overnight,2019-03-27T09:30:00-04:00,2.293799115969753525168276574600935454647,37.21468926553672316384180791,550.4915254237288135593220339,0.938976121755206040521214380932860088106,177,177,4a5138660c923fc95502,2019-03-27,2019-03-27,2019
NQU9,midnight,2019-07-15T09:30:00-04:00,2.309819622295606063790664439747409417503,22.97391304347826086956521739,336.5652173913043478260869566,0.9726832589041951093963996408828673898692,115,115,4a7cb3d1eafd37461ace,2019-07-15,2019-07-15,2019
NQZ9,opening_hour_rth,2019-10-14T10:30:00-04:00,2.038211206442515554129069401900672152555,7.856209150326797385620915033,442.9673202614379084967320261,0.9930376461297621560556158298389450460771,153,153,4afef87e75113cfc088b,2019-10-14,2019-10-14,2019
NQM9,opening_hour_rth,2019-03-11T10:30:00-04:00,3.741364568962930796497244735273125761323,4.232283464566929133858267717,262.606299212598425196850394,0.71009273317012245081317657,254,254,4b5302c1de7ffae28588,2019-03-11,2019-03-11,2019
NQZ9,opening_hour_rth,2019-09-30T10:30:00-04:00,2.6266168222503915710273448709558056148,9.469879518072289156626506024,421.831325301204819277108434,0.8976913194712540068014243945,166,166,4b6eb781a53d7f11c259,2019-09-30,2019-09-30,2019
NQU9,midnight,2019-09-06T09:30:00-04:00,2.588032603541528958391685999207504131946,30.57575757575757575757575758,493.8848484848484848484848481,0.8640446684471593155600739550905364359488,165,165,4bbff8de55021d4e4688,2019-09-06,2019-09-06,2019
NQU9,full_overnight,2019-09-06T09:30:00-04:00,2.984002503629661838393778889782145969718,41.71098265895953757225433526,633.0924855491329479768786087,0.8810605433807374187296731564062572542719,173,173,4c341d06fc909ccf6544,2019-09-06,2019-09-06,2019
NQZ9,opening_hour_rth,2019-11-26T10:30:00-05:00,2.029267699002403314387209480766373685385,10.43333333333333333333333333,778.8333333333333333333333338,1.090182110530321719318326361,90,90,4cff69be921b2fa62318,2019-11-26,2019-11-26,2019
NQH9,full_overnight,2019-02-13T09:30:00-05:00,4.374971351350095487972215208535271188042,23.29126213592233009708737864,365.4514563106796116504854366,0.3642430594701384324973093806,206,206,4d0f4628cfb7bc951e3b,2019-02-13,2019-02-13,2019
NQM9,prior_rth,2019-06-13T16:00:00-04:00,2.400794947257105736034732381277684931192,30.23655913978494623655913978,1394.016129032258064516129033,0.848014483965214365392737646,186,186,4d1875a95a73a3f1300c,2019-06-14,2019-06-13,2019
NQM9,midnight,2019-05-08T09:30:00-04:00,2.882620753824099899592672717779721684998,18.52864583333333333333333333,347.9739583333333333333333328,0.6911921553312875382442979995,384,384,4d2f55e60cfa3b35a665,2019-05-08,2019-05-08,2019
NQH0,full_overnight,2019-12-30T09:30:00-05:00,2.388364441627341178583793229976962009742,25.51470588235294117647058824,487.8235294117647058823529408,0.9167151382559517629810217485,136,136,4d4a0c21ce691a46d581,2019-12-30,2019-12-30,2019
NQH9,opening_hour_rth,2019-01-31T10:30:00-05:00,2.383109161464829161452269635844833904937,5.235521235521235521235521236,401.3822393822393822393822378,0.9379369280978327121310242646165039892858,259,259,4d66678100678f52931a,2019-01-31,2019-01-31,2019
NQH9,full_overnight,2019-02-01T09:30:00-05:00,3.308778572263094883558687853578838220317,37.64795918367346938775510204,504.663265306122448979591837,0.8047768911856368218797098995,196,196,4d7cce5e7f609e4e753b,2019-02-01,2019-02-01,2019
NQU9,prior_rth,2019-08-01T16:00:00-04:00,4.95371012558252392106612152713490639493,12.8958990536277602523659306,661.1976866456361724500525773,0.8284727799783117108262349100713899311361,951,951,4dccfe80b22701801a08,2019-08-02,2019-08-01,2019
NQU9,opening_hour_rth,2019-06-26T10:30:00-04:00,2.585821192618938805927714622964486761437,7.06,496.9450000000000000000000002,0.9230806704069759938927801525,200,200,4e662c25492e13c3a9d0,2019-06-26,2019-06-26,2019
NQM9,opening_hour_rth,2019-05-21T10:30:00-04:00,1.867337862584270525235061374252364675605,11.35294117647058823529411765,660.7450980392156862745098046,0.982698398320608526508131022735816963867,153,153,4ea088f3bbdb60da20ff,2019-05-21,2019-05-21,2019
NQZ9,opening_hour_rth,2019-12-10T10:30:00-05:00,3.685571284169773920530684859398297503015,5.517857142857142857142857143,365.3303571428571428571428567,0.7137782342379040010659119675,224,224,4f292597a3ccb95ef7ee,2019-12-10,2019-12-10,2019
NQU9,prior_rth,2019-07-22T16:00:00-04:00,2.64644862949232086060363615894393464112,18.71836734693877551020408163,1095.632653061224489795918369,0.6337148162178923388740322901509803708252,245,245,505367eeb6e15c57d9cd,2019-07-23,2019-07-22,2019
NQZ9,opening_hour_rth,2019-09-23T10:30:00-04:00,2.62090058638143729176664885378103540197,8.708074534161490683229813665,539.3913043478260869565217392,0.8642217202514126691599989457660402117181,161,161,509bc46881b8a6b8eff4,2019-09-23,2019-09-23,2019
NQZ9,midnight,2019-11-19T09:30:00-05:00,4.927864618270240848798739209900048611469,17.96226415094339622641509434,338.6226415094339622641509436,0.678039670906091408207395099816141198985,159,159,50c207421f9d12a4c7d4,2019-11-19,2019-11-19,2019
NQZ9,opening_hour_rth,2019-11-07T10:30:00-05:00,3.525344320299763938100718398955218621356,6.928571428571428571428571429,550.5396825396825396825396825,0.734037328168847571930985357,126,126,50e135974f66938f5246,2019-11-07,2019-11-07,2019
NQZ9,full_overnight,2019-10-04T09:30:00-04:00,2.806860598367338252708309383319628934862,29.75609756097560975609756098,425.341463414634146341463415,0.8276527351350662946652913487710693734126,287,287,512ec3c7c196c38caa84,2019-10-04,2019-10-04,2019
NQZ9,full_overnight,2019-11-27T09:30:00-05:00,2.208012491556961881927828854117027948602,26.44360902255639097744360902,433.4060150375939849624060148,0.9013769224949955494533539033244086613942,133,133,522086f071bdf0f45c75,2019-11-27,2019-11-27,2019
NQU9,prior_rth,2019-06-28T16:00:00-04:00,3.342589525794888492509063713729479522358,23.28648648648648648648648649,1285.437837837837837837837836,0.7567277183872376928373582629011216560463,185,185,5237569345f17260e4d1,2019-07-01,2019-06-28,2019
NQM9,opening_hour_rth,2019-04-11T10:30:00-04:00,2.563112711453200717840367931726254726034,7.448529411764705882352941176,628.7647058823529411764705878,0.823292833647555536679906229,136,136,52402be088298f6da024,2019-04-11,2019-04-11,2019
NQM9,opening_hour_rth,2019-05-17T10:30:00-04:00,2.442873140604756675086828415733052261481,8.015873015873015873015873016,502.4365079365079365079365048,0.902118485952992654283588036,252,252,5245643c73b588449bd4,2019-05-17,2019-05-17,2019
NQZ9,prior_rth,2019-10-09T16:00:00-04:00,2.776281963802336650559398005950055967629,22.51245551601423487544483986,941.1957295373665480427046224,0.9046630335838691830421269759308591867737,281,281,53600426f6b0be353e94,2019-10-10,2019-10-09,2019
NQH9,opening_hour_rth,2019-01-07T10:30:00-05:00,2.014732929646524124291380262528109234128,14.26415094339622641509433962,590.4905660377358490566037737,1.156675049393927544112015575342344890554,159,159,53b0b7be7f7916c52f9d,2019-01-07,2019-01-07,2019
NQU9,prior_rth,2019-08-07T16:00:00-04:00,2.419096980304125861535915159377247696828,17.93289473684210526315789474,814.2750000000000000000000016,0.9557157088979516077373082005,760,760,540f0a16d5e6ba953787,2019-08-08,2019-08-07,2019
NQM9,opening_hour_rth,2019-03-20T10:30:00-04:00,2.461682169925113286382061702764841765985,10.69230769230769230769230769,851.8034188034188034188034187,0.9281062305213433548722126846080445967157,117,117,5427bc7379abfa0e68c9,2019-03-20,2019-03-20,2019
NQU9,opening_hour_rth,2019-09-06T10:30:00-04:00,2.219608911463494153667523230243993157311,10.00684931506849315068493151,520.9657534246575342465753426,1.08269263904897019790916454,146,146,542d5cbe27884ba75bae,2019-09-06,2019-09-06,2019
NQU9,opening_hour_rth,2019-07-15T10:30:00-04:00,2.023707712240484281147053861050014334134,10.05376344086021505376344086,629.4731182795698924731182799,0.9674740348100602408250037199605019472112,93,93,54363ae133ba5b4b2b49,2019-07-15,2019-07-15,2019
NQH9,midnight,2019-02-25T09:30:00-05:00,2.280129357258716561338113621324086607607,14.92592592592592592592592593,237.8412698412698412698412699,0.8550186005210593257281489491176803239691,189,189,54754cba274f9b26b7d9,2019-02-25,2019-02-25,2019
NQZ9,midnight,2019-10-18T09:30:00-04:00,2.298479157559128796112475024638747915597,23.59006211180124223602484472,358.534161490683229813664596,1.024402846026684301089175867094747396842,161,161,5484e9d74ff349b10b7c,2019-10-18,2019-10-18,2019
NQH0,midnight,2019-12-20T09:30:00-05:00,5.849082040223590180570682054416637678991,9.609243697478991596638655462,271.4243697478991596638655459,0.4816119361669100368919692518,238,238,54c534a94b3b3d47b6db,2019-12-20,2019-12-20,2019
NQH9,prior_rth,2019-01-30T16:00:00-05:00,3.246585041076985752912160167633214783986,11.93035714285714285714285714,727.4696428571428571428571434,0.6825733357863114458875252065,560,560,550afe5bc0a2e159ad82,2019-01-31,2019-01-30,2019
NQM9,full_overnight,2019-05-13T09:30:00-04:00,3.963009646808676984459308475208327620324,17.30185497470489038785834739,275.401349072512647554806074,0.6155862506355031305892797205355785909209,593,593,5510693327749c5947ef,2019-05-13,2019-05-13,2019
NQM9,midnight,2019-04-26T09:30:00-04:00,3.69942666621762861100289762393262056433,17.1935483870967741935483871,369.7741935483870967741935481,0.7303713520295286528162415285,186,186,55329b93466b7a0da387,2019-04-26,2019-04-26,2019
NQZ9,midnight,2019-09-26T09:30:00-04:00,3.403748890388488922629127459930499516261,17.93220338983050847457627119,283.3008474576271186440677961,0.9599092162002012285715612175,236,236,5572b25b4728ef072ac5,2019-09-26,2019-09-26,2019
NQU9,midnight,2019-08-05T09:30:00-04:00,1.819969453195978805428608729396918538225,24.7251461988304093567251462,385.3099415204678362573099392,1.0271493362397653652008459,342,342,55810226da70f6ec3f2a,2019-08-05,2019-08-05,2019
NQZ9,prior_rth,2019-10-10T16:00:00-04:00,3.311378105189343787610428710227791399435,18.03937007874015748031496063,847.6194225721784776902887142,0.5865655734347668664952746700840245352538,381,381,558351b00d1036400a49,2019-10-11,2019-10-10,2019
NQU9,prior_rth,2019-08-30T16:00:00-04:00,4.166662181725283280195060767510527756768,15.63007159904534606205250597,729.7350835322195704057279239,0.6670765277261945442771507009575131169278,419,419,5610249356312d8cfedf,2019-09-03,2019-08-30,2019
NQH9,midnight,2019-02-13T09:30:00-05:00,2.422260291126514788342649399557557405451,24.17355371900826446280991736,434.3223140495867768595041318,0.892029038369127698459092658840391134581,121,121,56781abc559369d1230d,2019-02-13,2019-02-13,2019
NQU9,opening_hour_rth,2019-08-16T10:30:00-04:00,3.236447531683703435194504718317845494398,8.66502463054187192118226601,453.9556650246305418719211831,0.6289249743652653195672650033563797538364,203,203,56bc7f14dc158e61fb8d,2019-08-16,2019-08-16,2019
NQZ9,opening_hour_rth,2019-11-14T10:30:00-05:00,2.618396959899949764104017653828916715291,8.896226415094339622641509434,630.1226415094339622641509433,0.9218999805107789318301727445,106,106,56c9997a9d319fd38299,2019-11-14,2019-11-14,2019
NQZ9,midnight,2019-09-16T09:30:00-04:00,3.071190523017348303169178883283573258227,28.40860215053763440860215054,248.6881720430107526881720434,0.650574398476257386747386907,186,186,5770173f25dc37aebeb0,2019-09-16,2019-09-16,2019
NQM9,opening_hour_rth,2019-06-07T10:30:00-04:00,4.504984834730811077645950189531666080085,4.230547550432276657060518732,323.7319884726224783861671455,0.5394380251316371023591183451281353711229,347,347,57af7edb697da11bae2f,2019-06-07,2019-06-07,2019
NQZ9,prior_rth,2019-11-20T16:00:00-05:00,3.349569454141387620230388427134418041854,14.24358974358974358974358974,842.1004273504273504273504295,0.9686489862353240117861521065,468,468,57fcc686aca0a9c092e1,2019-11-21,2019-11-20,2019
NQH9,midnight,2019-01-08T09:30:00-05:00,1.774383557808501510994314803226952385909,23.284,301.2559999999999999999999998,1.005616907894646044266228672,250,250,5887d926089a26382632,2019-01-08,2019-01-08,2019
NQZ9,prior_rth,2019-11-25T16:00:00-05:00,8.113296036064488885616732286840613686334,10.37642585551330798479087452,738.6425855513307984790874502,0.3735392794988466012302930535147260359645,263,263,588d233e2889b760c785,2019-11-26,2019-11-25,2019
NQZ9,full_overnight,2019-09-18T09:30:00-04:00,2.960934009209423978412866832638972943521,33.025,423.4333333333333333333333328,0.6347558561249042614774076685,120,120,58a3d1ad1af88a0194ff,2019-09-18,2019-09-18,2019
NQZ9,opening_hour_rth,2019-09-25T10:30:00-04:00,3.102964250020768977681780371409869238715,6.924836601307189542483660131,404.2745098039215686274509771,0.8186884056454936158387122805,306,306,58befefaee8f5684f60c,2019-09-25,2019-09-25,2019
NQU9,midnight,2019-09-04T09:30:00-04:00,3.402458845317677743404209804854566916757,17.60062893081761006289308176,333.1100628930817610062893066,0.897591400244215574541953993,318,318,5904edb3d80eac151180,2019-09-04,2019-09-04,2019
NQM9,prior_rth,2019-04-26T16:00:00-04:00,3.139965770601913269388746634742042723364,13.87679083094555873925501433,1010.487106017191977077363894,0.8732020717366110733758475500006902178886,349,349,59d2dd9d82b99bc2154e,2019-04-29,2019-04-26,2019
NQZ9,opening_hour_rth,2019-10-17T10:30:00-04:00,2.087930328847302661263486185164665464503,9.237037037037037037037037037,533.9851851851851851851851848,0.9460430420591834233522129894373375164253,135,135,5a6df9f32f55b16f5b6b,2019-10-17,2019-10-17,2019
NQZ9,full_overnight,2019-10-30T09:30:00-04:00,3.154108393911414702569077110970689607108,32.19827586206896551724137931,426.3706896551724137931034481,0.702348011919621901548468553,116,116,5a7aac18ebbabae8b17f,2019-10-30,2019-10-30,2019
NQZ9,full_overnight,2019-11-22T09:30:00-05:00,4.457276407815496656718019047206717283148,26.81052631578947368421052632,499.6368421052631578947368424,0.4861627007928944642683952742,190,190,5aa9a35953d2ca2222be,2019-11-22,2019-11-22,2019
NQM9,prior_rth,2019-03-19T16:00:00-04:00,3.511232139192373611775667621719420296468,19.41785714285714285714285714,1277.492857142857142857142854,0.623837640544696558358767218,280,280,5b098686730331bb0c67,2019-03-20,2019-03-19,2019
NQM9,midnight,2019-05-13T09:30:00-04:00,3.638746139141086239335072104118175644793,12.92622950819672131147540984,244.4221311475409836065573764,0.487233183700742068370613048,488,488,5b3c6becd06309848b67,2019-05-13,2019-05-13,2019
NQM9,midnight,2019-05-02T09:30:00-04:00,2.450876399566349939907899658189079728843,27.94017094017094017094017094,521.8974358974358974358974356,1.024371709499184625364562878588083210796,117,117,5b91d349600de0db4a64,2019-05-02,2019-05-02,2019
NQU9,prior_rth,2019-07-01T16:00:00-04:00,2.765679863308508322991754322976477564217,16.14876033057851239669421488,828.0633608815426997245179047,0.913268793627363426003914553644657861806,363,363,5ba0b27b9f655f0b68cd,2019-07-02,2019-07-01,2019
NQM9,opening_hour_rth,2019-03-19T10:30:00-04:00,1.748228152023586745042408809408918716311,11.22340425531914893617021277,879.9787234042553191489361706,1.17016011084732898848683228,94,94,5ba7fa4afcf7f62c2fd0,2019-03-19,2019-03-19,2019
NQH9,opening_hour_rth,2019-01-11T10:30:00-05:00,1.698043485434887870429663940963624927938,11.5,579.6102941176470588235294118,1.004758589563640386178595038,136,136,5bc6c242a1ef2ed7580f,2019-01-11,2019-01-11,2019
NQH9,midnight,2019-02-28T09:30:00-05:00,2.92409326615080093039314195657292910958,20.89440993788819875776397516,305.6645962732919254658385091,0.8274155683948829437398562014548833501513,161,161,5bd6ccb958397daea432,2019-02-28,2019-02-28,2019
NQM9,prior_rth,2019-04-18T16:00:00-04:00,2.469087745168055336309773684468294373032,18.25480769230769230769230769,1397.355769230769230769230769,0.8940608147259845362971523595,208,208,5c1ea564ca0858c9e997,2019-04-22,2019-04-18,2019
NQZ9,prior_rth,2019-10-04T16:00:00-04:00,2.949055718951939938685195548560641763892,16.81198910081743869209809264,771.1634877384196185286103542,0.9677549459459427586954647661463545428977,367,367,5c428e451de0d6610005,2019-10-07,2019-10-04,2019
NQU9,opening_hour_rth,2019-09-05T10:30:00-04:00,2.640408173154817460265555598498787766799,3.945454545454545454545454545,328.2333333333333333333333324,0.838908603465246720312813771,330,330,5ca78c879a9edc432280,2019-09-05,2019-09-05,2019
NQM9,prior_rth,2019-05-22T16:00:00-04:00,2.713109411269441002305301019561525020073,30.75348837209302325581395349,1523.404651162790697674418604,0.9199958113823324248811638413691901324217,215,215,5caec4629ad226e48d14,2019-05-23,2019-05-22,2019
NQZ9,prior_rth,2019-09-30T16:00:00-04:00,2.415751645166289932426303787571450681038,19.48943661971830985915492958,810.5105633802816901408450683,0.9853861891894682104380769235,284,284,5e4e2fdc7beb916d5b9e,2019-10-01,2019-09-30,2019
NQU9,full_overnight,2019-08-13T09:30:00-04:00,2.346157659702033120988963848457511235383,34.66978193146417445482866044,517.9127725856697819314641738,0.8552415721617631316226475150186945932628,321,321,5e7b42b2442cca537357,2019-08-13,2019-08-13,2019
NQU9,prior_rth,2019-07-10T16:00:00-04:00,3.169900064445947742375801645757337663931,21.07749077490774907749077491,1213.490774907749077490774908,0.6751258617347407780529271019305395538945,271,271,5ed60a2b1a5243f9386b,2019-07-11,2019-07-10,2019
NQU9,prior_rth,2019-06-24T16:00:00-04:00,2.153652553281154715912057570534804370807,39.01818181818181818181818182,1754.609090909090909090909092,1.036829638050425405221923474,110,110,5efbeebfd3a73bd66b8d,2019-06-25,2019-06-24,2019
NQH9,full_overnight,2019-01-07T09:30:00-05:00,2.813764238623647010186505533068179992861,28.13440860215053763440860215,299.6102150537634408602150546,0.7889954472221002899088631995,372,372,5f1a3c5fbcfffbcf16cb,2019-01-07,2019-01-07,2019
NQM9,opening_hour_rth,2019-04-23T10:30:00-04:00,2.766932445665680699549178283537014461429,4.237442922374429223744292237,462.4703196347031963470319644,0.8474921228685759213540276650220064037831,219,219,5f2e0f152ce7ff658b34,2019-04-23,2019-04-23,2019
NQZ9,opening_hour_rth,2019-12-11T10:30:00-05:00,2.756979821525048204962495614578342710332,5.738461538461538461538461538,413.6230769230769230769230771,0.9167294929339469241408905755,130,130,5f9adac1dd3a9fd698c2,2019-12-11,2019-12-11,2019
NQM9,opening_hour_rth,2019-04-12T10:30:00-04:00,2.711957991301095739320174842097601428934,13.23188405797101449275362319,1181.420289855072463768115941,0.737703081931221101666990670411432877991,69,69,5f9be2cce9404ef56c24,2019-04-12,2019-04-12,2019
NQU9,full_overnight,2019-09-04T09:30:00-04:00,3.767039814338565634561018371342071331493,16.56790123456790123456790123,288.6913580246913580246913574,0.891366599678039809091262114,486,486,602ca797fb8ba9c65420,2019-09-04,2019-09-04,2019
NQU9,opening_hour_rth,2019-06-20T10:30:00-04:00,2.653346625764815904661316722433305110091,8.303571428571428571428571429,651.4107142857142857142857077,0.6570534350302577985995531515,168,168,603e5c4c338faac7690b,2019-06-20,2019-06-20,2019
NQH9,full_overnight,2019-02-05T09:30:00-05:00,2.678102242250251816771357603995322369845,24.95604395604395604395604396,303.9780219780219780219780218,0.869357836816417943169862681,182,182,606371e3cc0a8c20eeef,2019-02-05,2019-02-05,2019
NQH0,opening_hour_rth,2019-12-20T10:30:00-05:00,2.616558010661512445525789093405745785491,9.150943396226415094339622642,742.9245283018867924528301888,0.881137842181413671097649983,106,106,6091a06acd667873ff23,2019-12-20,2019-12-20,2019
NQM9,prior_rth,2019-04-10T16:00:00-04:00,2.093528058604703768448860297753709958751,23.1656804733727810650887574,1510.43195266272189349112426,0.9580465961628124843013451041684982130939,169,169,60a904bd83c4fcea3b48,2019-04-11,2019-04-10,2019
NQM9,full_overnight,2019-04-03T09:30:00-04:00,4.217646559979323440676754528632456148399,18.89763779527559055118110236,361.3700787401574803149606296,0.5045173417003317643230092675,254,254,60fc38ffee2084065665,2019-04-03,2019-04-03,2019
NQM9,opening_hour_rth,2019-04-04T10:30:00-04:00,3.439521365806690275601816962143096572496,6.316939890710382513661202186,525.4316939890710382513661201,0.8821651229833619130378099054446193511431,183,183,61d8316a248d3d1135bf,2019-04-04,2019-04-04,2019
NQZ9,midnight,2019-10-11T09:30:00-04:00,3.466146911572979868996439630505350715986,17.46078431372549019607843137,292.4771241830065359477124185,0.626614596464466540732079186,306,306,61ec98b3e4a470143a52,2019-10-11,2019-10-11,2019
NQU9,prior_rth,2019-08-16T16:00:00-04:00,3.123533640842936448619141370590223724579,20.15210355987055016181229773,969.5631067961165048543689346,0.7686829547918224081300565425524984551688,309,309,62762c5164acb83c40cd,2019-08-19,2019-08-16,2019
NQZ9,opening_hour_rth,2019-11-22T10:30:00-05:00,2.8336579823212768414227310629339064761,7.072847682119205298013245033,459.9668874172185430463576152,0.9326210524692543457156472510010834638417,151,151,62bf8b6d67758e47db55,2019-11-22,2019-11-22,2019
NQH9,full_overnight,2019-02-06T09:30:00-05:00,2.263180329605732678883257806121122900737,30.78289473684210526315789474,405.9407894736842105263157895,0.786804975844714503965654129,152,152,62e718b49b775c93d301,2019-02-06,2019-02-06,2019
NQH9,midnight,2019-02-20T09:30:00-05:00,2.619553187443628240027287939902795583004,29.73584905660377358490566038,416.6132075471698113207547169,1.03847991557473623852062712,106,106,638a39ec449fe8b83716,2019-02-20,2019-02-20,2019
NQM9,prior_rth,2019-05-03T16:00:00-04:00,2.473989095524104867429024436308836314924,14.48307692307692307692307692,1078.181538461538461538461537,0.9129906764576970370066828292868496106998,325,325,645ffeeaa167ac7091d4,2019-05-06,2019-05-03,2019
NQM9,opening_hour_rth,2019-04-05T10:30:00-04:00,1.904523692035902508805003995610414344972,10.03305785123966942148760331,789.6776859504132231404958679,1.066348240875994911978032551789798469672,121,121,648e5e608c8c5dd59afd,2019-04-05,2019-04-05,2019
NQU9,prior_rth,2019-07-29T16:00:00-04:00,2.611517323216165569001019575061354157521,14.45547945205479452054794521,835.5205479452054794520547952,1.028402912138419273957354048,292,292,649ec4199394e7a553f8,2019-07-30,2019-07-29,2019
NQM9,opening_hour_rth,2019-05-22T10:30:00-04:00,2.6076711313790858031574012848906766132,7.594339622641509433962264151,478.8820754716981132075471693,0.805718798390895926507705089,212,212,65043c292ca8c9055965,2019-05-22,2019-05-22,2019
NQM9,midnight,2019-05-23T09:30:00-04:00,3.54907199530542174699545754392857994899,20.49832775919732441471571906,370.5050167224080267558528411,0.7294207735560364828354596408958618691766,299,299,65356d2133a6f89c9722,2019-05-23,2019-05-23,2019
NQM9,prior_rth,2019-03-26T16:00:00-04:00,2.114882937221184260364704069161243464469,16.79439252336448598130841121,1038.70560747663551401869159,0.9521039792259937838692417335,428,428,655de3d4c56d8e55c91c,2019-03-27,2019-03-26,2019
NQH9,prior_rth,2019-01-16T16:00:00-05:00,2.908068399372682213025651462139467670981,24.53469387755102040816326531,1404.653061224489795918367349,0.8429288822785265116545210575143869604342,245,245,657ac1c7a8eae92c7cbe,2019-01-17,2019-01-16,2019
NQM9,full_overnight,2019-05-29T09:30:00-04:00,4.573032988091112824939069420473413956169,26.31511254019292604501607717,416.421221864951768488745981,0.7077760842070304906245881387187874126717,311,311,657d09d3c8d22f4cdffc,2019-05-29,2019-05-29,2019
NQU9,opening_hour_rth,2019-08-14T10:30:00-04:00,1.56157178695192606756489477259285791703,12.01818181818181818181818182,548.0772727272727272727272732,1.164866501302481032729723642,220,220,65853fb8873fc2b5ce2e,2019-08-14,2019-08-14,2019
NQU9,midnight,2019-08-20T09:30:00-04:00,2.97866269304609923436257760414869425006,27.67796610169491525423728814,485.8474576271186440677966095,0.6836036592268041448216652153293287193803,177,177,65b87c440785abca3d2b,2019-08-20,2019-08-20,2019
NQZ9,opening_hour_rth,2019-10-25T10:30:00-04:00,2.835437458613056862778667332474096989555,4.20074349442379182156133829,294.1003717472118959107806692,0.7023091067193615418482900762486520982525,269,269,666dd256c26b7189f555,2019-10-25,2019-10-25,2019
NQH9,midnight,2019-01-30T09:30:00-05:00,2.583355157405134361089245572452057246463,19.73658536585365853658536585,266.0390243902439024390243899,0.8601442038969539668250627017394080209982,205,205,67359fe3db842a887bf4,2019-01-30,2019-01-30,2019
NQH9,prior_rth,2019-02-11T16:00:00-05:00,2.898646710743060036438441712847994756406,22.46816479400749063670411985,1111.786516853932584269662922,0.6948038334437504679152504649904277885756,267,267,67375b73254e167cf789,2019-02-12,2019-02-11,2019
NQM9,midnight,2019-04-24T09:30:00-04:00,2.658418278921077152093587768073232565293,20.1935483870967741935483871,394.9838709677419354838709679,0.9049598982465094126364554915,124,124,67518ad5148fd5676539,2019-04-24,2019-04-24,2019
NQM9,opening_hour_rth,2019-05-15T10:30:00-04:00,2.890579075836517065042255837086941946214,4.956521739130434782608695652,311.9000000000000000000000024,0.855924752106485551833353992,460,460,6778de38b78ca355562f,2019-05-15,2019-05-15,2019
NQU9,prior_rth,2019-08-19T16:00:00-04:00,3.267875148850274911788579103403942772483,21.2968036529680365296803653,1177.894977168949771689497716,0.5868013086321632863418478423462975838491,219,219,679f6b4f7c728b0c8e04,2019-08-20,2019-08-19,2019
NQU9,prior_rth,2019-08-08T16:00:00-04:00,3.561351488398468429785285728914042288277,11.21095008051529790660225443,626.6247987117552334943639293,0.8168941012915418758473664114424531651727,621,621,67c10b0fb63bcf41f595,2019-08-09,2019-08-08,2019
NQH9,prior_rth,2019-02-08T16:00:00-05:00,2.593378314348052018262165885532914553343,19.40498442367601246105919003,1142.411214953271028037383183,0.9023361640668002676127800736559963488628,321,321,681d8dd84d4ac49b168e,2019-02-11,2019-02-08,2019
NQU9,midnight,2019-09-05T09:30:00-04:00,2.690085854267893625213875724004476593723,21.52208835341365461847389558,407.53413654618473895582329,0.7947984546102842972981880676328602755751,249,249,682169f597259163a3d5,2019-09-05,2019-09-05,2019
NQH9,prior_rth,2019-03-08T16:00:00-05:00,2.330113546265732579112245708545995129714,21.18296529968454258675078864,611.7697160883280757097791826,1.119136503556143921812019681815372974217,317,317,683cfb13042d73f4c990,2019-03-11,2019-03-08,2019
NQH0,opening_hour_rth,2019-12-30T10:30:00-05:00,4.185772815145658983057661256094628004974,4.272727272727272727272727273,315.8796068796068796068796037,0.5911211545045534018807079424559134279377,407,407,69121598f4aa09d62a42,2019-12-30,2019-12-30,2019
NQZ9,full_overnight,2019-10-08T09:30:00-04:00,3.4946707564104157969586893254928083127,18.81932773109243697478991597,268.7226890756302521008403391,0.742206265937113835783329179,476,476,694461eaaceb99bff35c,2019-10-08,2019-10-08,2019
NQH0,midnight,2019-12-19T09:30:00-05:00,2.325930842100267966585383704001028498545,34.11594202898550724637681159,632.5362318840579710144927542,0.8953707283238501875918811055975852467835,69,69,6a18e1c4f495d75f7442,2019-12-19,2019-12-19,2019
NQH9,full_overnight,2019-01-18T09:30:00-05:00,4.754480665727730875388071154945743301196,21.68211920529801324503311258,296.1324503311258278145695361,0.512251693671998348065898828,302,302,6a427d6782763aec3730,2019-01-18,2019-01-18,2019
NQU9,full_overnight,2019-08-28T09:30:00-04:00,2.939243759011211804579865209586972644415,31.55238095238095238095238095,525.8793650793650793650793622,0.8110287923401352940975846840738646410911,315,315,6adcf07ff33479a306fa,2019-08-28,2019-08-28,2019
NQH9,midnight,2019-01-10T09:30:00-05:00,3.328345822654744182920424723370376509985,31.12571428571428571428571429,351.2400000000000000000000002,0.6427431810085690905926621704129377017443,175,175,6afc985ccd62ebbf02b8,2019-01-10,2019-01-10,2019
NQM9,full_overnight,2019-05-23T09:30:00-04:00,4.201164797805399106904319943877959025642,18.27157894736842105263157895,296.6378947368421052631578939,0.68310712915045861241791741793191025998,475,475,6b6c6d3de6b5df043d60,2019-05-23,2019-05-23,2019
NQM9,opening_hour_rth,2019-04-02T10:30:00-04:00,2.103867473516045744879022296289868409138,8.710526315789473684210526316,799.9035087719298245614035091,0.9270030653959376191664686985,114,114,6be54e3fc5a32cc47471,2019-04-02,2019-04-02,2019
NQM9,opening_hour_rth,2019-03-22T10:30:00-04:00,2.161766695420935101388556556490906105565,6.221453287197231833910034602,466.8581314878892733564013855,1.009098283882243497033010335826207547311,289,289,6c031c673cfb54abc0e1,2019-03-22,2019-03-22,2019
NQH9,prior_rth,2019-01-09T16:00:00-05:00,2.372305569749621278857359027238845270798,26.16814159292035398230088496,1131.926253687315634218289086,0.8859625514624881286090372108398427251371,339,339,6c7487b9e8c8cc532fc1,2019-01-10,2019-01-09,2019
NQH9,prior_rth,2019-02-01T16:00:00-05:00,1.788608356390606883602257199623886651104,25.06716417910447761194029851,1297.014925373134328358208953,0.9999716812973712885842129865,268,268,6c85d1444b1568bdfa46,2019-02-04,2019-02-01,2019
NQZ9,prior_rth,2019-10-29T16:00:00-04:00,2.281880270623138673097285287797353653845,19.57429718875502008032128514,1130.983935742971887550200804,0.9827572251182658662482316278904678522254,249,249,6cdd3c91ac34760f4b51,2019-10-30,2019-10-29,2019
NQH9,prior_rth,2019-02-04T16:00:00-05:00,5.235074066575029545715460299157729874234,12.93871866295264623955431755,757.7103064066852367688022262,0.6485293458931866051518395815983368364074,359,359,6d70f8c64c184c97881d,2019-02-05,2019-02-04,2019
NQZ9,full_overnight,2019-09-17T09:30:00-04:00,3.23493773401631433525193334068761553427,34,422.120418848167539267015707,0.8353014578786884165487953666508150661481,191,191,6d8c9bff1f1d19e35abe,2019-09-17,2019-09-17,2019
NQM9,full_overnight,2019-03-19T09:30:00-04:00,3.786254359496467250135833407081986274307,23.50641025641025641025641026,352.6410256410256410256410256,0.7924394802565257790021251685,156,156,6e1c7b13793bc3cf297b,2019-03-19,2019-03-19,2019
NQZ9,full_overnight,2019-12-02T09:30:00-05:00,3.555287992058423778967082444881573554626,22.21105527638190954773869347,446.085427135678391959798995,0.6852248115760174591437367348824103668005,199,199,6e48456bec25eb9c421d,2019-12-02,2019-12-02,2019
NQZ9,prior_rth,2019-11-18T16:00:00-05:00,2.312364193280170888110696974963640933077,14.76691729323308270676691729,948.7706766917293233082706782,1.06741309077668377149354199,266,266,6e83da60cae789617a9b,2019-11-19,2019-11-18,2019
NQZ9,midnight,2019-10-03T09:30:00-04:00,2.253690368106954241633476548829949162647,33.92817679558011049723756906,460.6187845303867403314917129,1.072513447707231923477923785929907036338,181,181,6eb28b20ff7681085ff8,2019-10-03,2019-10-03,2019
NQH0,midnight,2019-12-23T09:30:00-05:00,2.723294163056251057548723475643186069363,15.51219512195121951219512195,314.0813008130081300813008129,0.9772601497999584407921066338589070577022,123,123,6eda577a90715666817f,2019-12-23,2019-12-23,2019
NQZ9,midnight,2019-09-19T09:30:00-04:00,3.487955101965317419204388474417623950086,13.58600583090379008746355685,224.82507288629737609329446,0.6593790273918035774553663791991322088957,343,343,6f805781f9087264c721,2019-09-19,2019-09-19,2019
NQZ9,prior_rth,2019-11-06T16:00:00-05:00,3.416318866389515351149958339215369729513,22.15920398009950248756218905,1235.233830845771144278606963,0.9045364217142169193845644633632975771429,201,201,6febcdfb0e2a6b0704a7,2019-11-07,2019-11-06,2019
NQH9,midnight,2019-03-07T09:30:00-05:00,2.643830170451160705827294904376733626807,19.31288343558282208588957055,375.4723926380368098159509203,0.8974110404243297254755281814620120639062,163,163,6ff4f7137f72730761ad,2019-03-07,2019-03-07,2019
NQZ9,prior_rth,2019-10-23T16:00:00-04:00,1.985497856986255766425287258969730679414,26.85326086956521739130434783,1242.380434782608695652173912,1.032383807245935232972226494,184,184,70389e34728de4daeae5,2019-10-24,2019-10-23,2019
NQM9,prior_rth,2019-06-12T16:00:00-04:00,2.630822109879265414911384643149880316426,27.57766990291262135922330097,1357.101941747572815533980583,0.773273348190497099739225376,206,206,70f7231fe8ce6f7bf357,2019-06-13,2019-06-12,2019
NQU9,opening_hour_rth,2019-08-30T10:30:00-04:00,3.010419594491707141122189842386755933281,7.199004975124378109452736318,389.7014925373134328358208951,0.8007762020106713916524400846243616247125,201,201,7123e75efaa38a534259,2019-08-30,2019-08-30,2019
NQZ9,opening_hour_rth,2019-10-11T10:30:00-04:00,2.506228645878313611480930809274461466276,5.931372549019607843137254902,445.8529411764705882352941178,0.8390831215382972342171441415,204,204,718cee0e7be3b718dbde,2019-10-11,2019-10-11,2019
NQU9,full_overnight,2019-07-01T09:30:00-04:00,3.444889259160134164530964358960976195059,23.86925795053003533568904594,329.4098939929328621908127208,0.8836047151007147475796935403942887044416,283,283,71dc9ac9f8d572e4c40f,2019-07-01,2019-07-01,2019
NQZ9,midnight,2019-10-25T09:30:00-04:00,3.028105183421324722720181279563638903465,27.20588235294117647058823529,429.8627450980392156862745095,0.7031067309605852695206255515,102,102,71facac37d67b58b9fef,2019-10-25,2019-10-25,2019
NQZ9,opening_hour_rth,2019-12-02T10:30:00-05:00,3.313135431124777254283517350092722318793,3.746170678336980306345733042,336.5842450765864332603938766,0.6330250648593819172529092641817303567853,457,457,72631ab0b35cbbdaaaab,2019-12-02,2019-12-02,2019
NQH9,opening_hour_rth,2019-02-20T10:30:00-05:00,2.352642411938730008885559814890021333717,10.20212765957446808510638298,752.6808510638297872340425527,1.000763290281701255734382874,94,94,73505371dd7efb26b422,2019-02-20,2019-02-20,2019
NQM9,midnight,2019-05-30T09:30:00-04:00,2.037308398402739389374230505048584242878,38.625,569.7692307692307692307692307,1.072639967698241628752463684,104,104,7398794d29a55ec2a47d,2019-05-30,2019-05-30,2019
NQH9,opening_hour_rth,2019-01-28T10:30:00-05:00,2.752107666081337672859677365849686763997,8.111111111111111111111111111,616.2415458937198067632850198,0.7640363380505406161160598915023472629976,207,207,73bc227c29d192caea04,2019-01-28,2019-01-28,2019
NQU9,full_overnight,2019-06-20T09:30:00-04:00,3.545288684610611109767684094530194766047,12.40350877192982456140350877,200.5672514619883040935672511,0.710182263428093688083130110751624188237,513,513,7402e44138a70f3020ad,2019-06-20,2019-06-20,2019
NQU9,midnight,2019-06-25T09:30:00-04:00,2.399227269851360136989724106277379265168,23.00588235294117647058823529,272.6529411764705882352941176,0.970352905890407313942891932,170,170,742e80b4fafe9aceaa9f,2019-06-25,2019-06-25,2019
NQU9,prior_rth,2019-09-05T16:00:00-04:00,3.437144155673135265220511664944290392795,14.95757575757575757575757576,884.0575757575757575757575748,0.4787144156306334663456823203,330,330,745847ce6a81e0d95449,2019-09-06,2019-09-05,2019
NQM9,prior_rth,2019-04-15T16:00:00-04:00,2.646410157422440500212708218137629434292,13.78423236514522821576763485,1081.431535269709543568464734,0.9647402923759876771502789527751839353073,241,241,745d6dece889262f721f,2019-04-16,2019-04-15,2019
NQU9,prior_rth,2019-07-11T16:00:00-04:00,2.521119094659910205319845385712800426967,19.30708661417322834645669291,1241.984251968503937007874017,0.875844085341314485635794205,254,254,74c3420721e6edb5bb69,2019-07-12,2019-07-11,2019
NQH9,opening_hour_rth,2019-01-08T10:30:00-05:00,2.275143452010948325873676378130208879968,6.061290322580645161290322581,409.9677419354838709677419358,0.8993968454444126262473358255,310,310,75f67d0688311528b1a3,2019-01-08,2019-01-08,2019
NQU9,prior_rth,2019-08-09T16:00:00-04:00,2.48887655420285843789631171511372772437,19.85192697768762677484787018,936.7991886409736308316430002,0.8596631681092994220313109979597170942769,493,493,76057265615182df68d0,2019-08-12,2019-08-09,2019
NQH9,full_overnight,2019-02-25T09:30:00-05:00,3.701871852140230468159379507576807309505,22.33816425120772946859903382,331.4347826086956521739130435,0.7044513662969030191644794104892760484307,207,207,76345939436028a07132,2019-02-25,2019-02-25,2019
NQZ9,opening_hour_rth,2019-10-08T10:30:00-04:00,2.350224039032560538938580512588748314296,6.846153846153846153846153846,408.0622710622710622710622685,0.9785361211799678585086764362879537763625,273,273,764af0b1d7d69f5cd02b,2019-10-08,2019-10-08,2019
NQZ9,prior_rth,2019-12-02T16:00:00-05:00,4.217392998158395280548147858450453855483,12.08759124087591240875912409,828.8284671532846715328467162,0.483766510487561100295680096,548,548,772bac014f6cb12a01c4,2019-12-03,2019-12-02,2019
NQU9,midnight,2019-08-29T09:30:00-04:00,8.018331012220760584503884921952731276425,12.00353982300884955752212389,210.0495575221238938053097343,0.6022173317026215519117097632833412589789,565,565,774c0a98314d23b736cb,2019-08-29,2019-08-29,2019
NQH9,midnight,2019-03-04T09:30:00-05:00,2.473943640692079814326148379644674779328,26.55555555555555555555555556,416.5454545454545454545454545,1.160164021347542761212506373474668514021,99,99,7805ebb7abd385099f3d,2019-03-04,2019-03-04,2019
NQZ9,midnight,2019-11-27T09:30:00-05:00,2.10632131407429635064156724765722350911,25.63529411764705882352941176,491.2823529411764705882352934,0.8896061391998306074557521894748602107796,85,85,7876255ab84af5050647,2019-11-27,2019-11-27,2019
NQM9,prior_rth,2019-04-01T16:00:00-04:00,3.056567838342943992803928556907008760648,18.55284552845528455284552846,1192.05691056910569105691057,0.9818155460111293142225925495,246,246,78bc36a5956e05f6f9ad,2019-04-02,2019-04-01,2019
NQM9,midnight,2019-03-22T09:30:00-04:00,2.693223802054657642990530917267780088986,22.32524271844660194174757282,425.2475728155339805825242718,0.8210935520666399933631698525,206,206,78ff3cfc087409ed06ba,2019-03-22,2019-03-22,2019
NQZ9,midnight,2019-10-02T09:30:00-04:00,3.901090137432922790321395007879824536713,16.20505617977528089887640449,240.4831460674157303370786518,0.660083304938885001637615926,356,356,78ff5ff9ea72c1b99826,2019-10-02,2019-10-02,2019
NQM9,prior_rth,2019-03-15T16:00:00-04:00,3.332375050583231866299279008831049030989,15.19402985074626865671641791,1179.608208955223880597014924,0.94594077814123622956321744,268,268,799869e98a5b470439ec,2019-03-18,2019-03-15,2019
NQU9,midnight,2019-07-31T09:30:00-04:00,2.970234427244763809660044737162507671855,36.81111111111111111111111111,617.5333333333333333333333327,0.6482562725173672708627589485,90,90,7a022301129e406cdf66,2019-07-31,2019-07-31,2019
NQZ9,prior_rth,2019-09-19T16:00:00-04:00,2.83887908961062670859930038025712609451,19.5019011406844106463878327,997.3460076045627376425855532,0.9621893158334724217000273866203244313177,263,263,7a1ec2249358c269dd2b,2019-09-20,2019-09-19,2019
NQH9,midnight,2019-01-07T09:30:00-05:00,2.995366894401883721355456003687773113259,25.03088803088803088803088803,297.1621621621621621621621624,0.9067064351609997019178584814687442592994,259,259,7ae4e8e6fa2df217b9d7,2019-01-07,2019-01-07,2019
NQH9,full_overnight,2019-02-20T09:30:00-05:00,2.479617902499920114573218937242724448382,43.92792792792792792792792793,571.4864864864864864864864864,1.111157054390511329189541086655452360829,111,111,7b23a05c713d418e5f3e,2019-02-20,2019-02-20,2019
NQU9,midnight,2019-07-25T09:30:00-04:00,2.803185869899599623474582270338736780308,18.55789473684210526315789474,335.4105263157894736842105258,0.919889546380976829543419988,190,190,7b2654c425402875cc4f,2019-07-25,2019-07-25,2019
NQH9,full_overnight,2019-01-22T09:30:00-05:00,3.607384024508937960750308433210527526603,27.58333333333333333333333333,377.1973684210526315789473685,0.574154186096512157594106968,228,228,7b26c9a0f1a92425cdf7,2019-01-22,2019-01-22,2019
NQM9,prior_rth,2019-03-18T16:00:00-04:00,2.602912111054551968919463888180821370191,18.09090909090909090909090909,1315.774891774891774891774891,0.9899551844172435550974403784613065495372,231,231,7b39c7509a7066543541,2019-03-19,2019-03-18,2019
NQM9,midnight,2019-04-01T09:30:00-04:00,3.288720855301722962147627224589237433295,30.51851851851851851851851852,597.8888888888888888888888893,0.7704505296703040835660407275,108,108,7bb4bea3b83cde2e031a,2019-04-01,2019-04-01,2019
NQH0,prior_rth,2019-12-16T16:00:00-05:00,5.206084988777495153103964602324141160252,15.81521739130434782608695652,913.8641304347826086956521739,0.4500129597850830930089495147,184,184,7c17b8694d91ddb9a322,2019-12-17,2019-12-16,2019
NQU9,midnight,2019-09-03T09:30:00-04:00,2.329366250843441253529535235095345878534,31.09090909090909090909090909,411.8290909090909090909090895,0.9223649020106687576959452803082553642875,275,275,7c2c411cb90b0f7b5900,2019-09-03,2019-09-03,2019
NQZ9,prior_rth,2019-10-07T16:00:00-04:00,2.265442884822927740160041489487905755282,22.78476821192052980132450331,979.5099337748344370860927159,1.025003875032741337572692128,302,302,7c761367d5f8e83b3eb4,2019-10-08,2019-10-07,2019
NQU9,full_overnight,2019-08-14T09:30:00-04:00,3.085074289122211486042210003507597552386,16.21751824817518248175182482,275.1737226277372262773722638,0.7465710889985044759998603793386046639906,685,685,7ce22c86ae31bb056222,2019-08-14,2019-08-14,2019
NQH0,midnight,2019-12-27T09:30:00-05:00,2.7340013473283166957787103050907187196,24.21590909090909090909090909,510.2840909090909090909090907,0.8513229813279493270150978595,88,88,7d2bca7ca7d14e1fedf6,2019-12-27,2019-12-27,2019
NQH9,full_overnight,2019-02-21T09:30:00-05:00,3.183489312334105264589620470694352543012,22.81040892193308550185873606,348.0855018587360594795539032,0.7759877601523223690577225826112987619638,269,269,7deb2cc3c002cf862300,2019-02-21,2019-02-21,2019
NQH9,opening_hour_rth,2019-01-09T10:30:00-05:00,2.086393929514379099546092984548522287195,12.09836065573770491803278689,656.4863387978142076502732235,0.8737101704636302021140163426194583069793,183,183,7e218ee42c509b11ef93,2019-01-09,2019-01-09,2019
NQM9,prior_rth,2019-04-25T16:00:00-04:00,3.803957865210553655642216591718924459764,16.86597938144329896907216495,1290.017182130584192439862541,0.712391756177442597346726306548505747799,291,291,7e3218a8ac7ea1e44a9c,2019-04-26,2019-04-25,2019
NQU9,prior_rth,2019-06-19T16:00:00-04:00,3.474026366125486155345534956364968839657,19.58083832335329341317365269,952.7964071856287425149700593,0.810896629703009245459973266,334,334,7f1d70f3ff6d4f86589c,2019-06-20,2019-06-19,2019
NQM9,opening_hour_rth,2019-05-31T10:30:00-04:00,1.972106883207967109336748974291005333454,10.36,706.7599999999999999999999987,1.032304803800406164660590612,150,150,7f32a9dd9e9d3a98ee77,2019-05-31,2019-05-31,2019
NQM9,opening_hour_rth,2019-06-05T10:30:00-04:00,2.015001291785221933621116529995278871936,7.223826714801444043321299639,483.2310469314079422382671477,1.028078069414360800396863455898351151954,277,277,7fa89eb38fdbe19e4f0f,2019-06-05,2019-06-05,2019
NQZ9,opening_hour_rth,2019-11-20T10:30:00-05:00,2.026920325224190658824458966229199457157,11.84090909090909090909090909,844.9431818181818181818181819,1.114572153348646536776102495,88,88,7fd6961b142db1114187,2019-11-20,2019-11-20,2019
NQM9,opening_hour_rth,2019-04-30T10:30:00-04:00,2.824185111713434859156611529185820511033,9.904,796.584,0.8041930721415996194746138250108725758428,125,125,7fe8f997d1e4ac5ee5e7,2019-04-30,2019-04-30,2019
NQH9,prior_rth,2019-02-26T16:00:00-05:00,2.980548568088408394949663410517929164177,19.7,1141.995833333333333333333333,0.7218877444562627873182391435,240,240,803620f3bb4f3f4cb52d,2019-02-27,2019-02-26,2019
NQU9,midnight,2019-08-23T09:30:00-04:00,3.884816312470857780201805673523323459736,12.9856262833675564681724846,245.3634496919917864476386039,0.583981274137843106774578414454928023471,487,487,805e171ed398327b06aa,2019-08-23,2019-08-23,2019
NQM9,opening_hour_rth,2019-06-14T10:30:00-04:00,1.690526308265685348491694340728954588909,14.79207920792079207920792079,451.0297029702970297029702974,1.095110778804080704817274587897068822023,101,101,8068e8db45317fae317a,2019-06-14,2019-06-14,2019
NQZ9,midnight,2019-12-05T09:30:00-05:00,2.863733978749167054846424395435011016702,17.87019230769230769230769231,310.5624999999999999999999998,0.872370150142766169535903085,208,208,80c7ee704ec615e55919,2019-12-05,2019-12-05,2019
NQH0,opening_hour_rth,2019-12-18T10:30:00-05:00,2.268603681485922183759754831489235757481,7.94186046511627906976744186,716.2441860465116279069767444,0.9164223737662194300507229645,86,86,812647ec956a5b9f0624,2019-12-18,2019-12-18,2019
NQH9,opening_hour_rth,2019-02-15T10:30:00-05:00,2.662151405049732605186189916778464454196,8.42931937172774869109947644,599.1727748691099476439790607,0.7316888785419450143554742990980366713091,191,191,8198d11d99d8356428d8,2019-02-15,2019-02-15,2019
NQH9,opening_hour_rth,2019-03-01T10:30:00-05:00,3.620288299911410628841948251586997003549,6.871345029239766081871345029,562.134502923976608187134502,0.7014666024323100146403734251903575288432,171,171,81c35edd1ce2984ff497,2019-03-01,2019-03-01,2019
NQZ9,opening_hour_rth,2019-09-26T10:30:00-04:00,3.006932692977628986891247914985575518127,7.206278026905829596412556054,411.6278026905829596412556058,0.5731428323762244531557966447227454341787,223,223,81e1bc7a70685b208915,2019-09-26,2019-09-26,2019
NQZ9,full_overnight,2019-10-16T09:30:00-04:00,2.921599354020107908675541666469076015849,48.61594202898550724637681159,718.8985507246376811594202896,0.8372790614797589891071075895,138,138,81eff032a52c2d30aad6,2019-10-16,2019-10-16,2019
NQZ9,opening_hour_rth,2019-10-01T10:30:00-04:00,2.210567050758976560029943502470623112406,5.355029585798816568047337278,349.4556213017751479289940837,0.926795879799023586095444802,338,338,825b4e37d9ad4cc00d08,2019-10-01,2019-10-01,2019
NQU9,opening_hour_rth,2019-06-17T10:30:00-04:00,3.425355014403615896611744616835763933473,5.457399103139013452914798206,309.3587443946188340807174893,0.8143088817165651584887286147901711939972,223,223,826a66a9024a6b490c6e,2019-06-17,2019-06-17,2019
NQM9,opening_hour_rth,2019-03-28T10:30:00-04:00,2.057875031326365018816639493428707919858,7.86,474.7150000000000000000000002,1.032798958597812285552527479,200,200,82c1c56a66996a586b6d,2019-03-28,2019-03-28,2019
NQM9,midnight,2019-03-18T09:30:00-04:00,2.778732384565974885605259081256022838035,23.01960784313725490196078431,363.3823529411764705882352936,0.6141907826117080283162515675,102,102,82ee03676e548b02c0ca,2019-03-18,2019-03-18,2019
NQM9,prior_rth,2019-06-06T16:00:00-04:00,3.358168793683928973084932740979918943313,17.56692913385826771653543307,829.4566929133858267716535433,0.6324568126703738607151803693013205550307,381,381,82f7e32b334851128bed,2019-06-07,2019-06-06,2019
NQU9,prior_rth,2019-07-31T16:00:00-04:00,6.884708519815460931674868075604902913494,10.64056939501779359430604982,534.7319098457888493475682087,0.6281766094042243607508931569890277171236,843,843,82faab9bb5a151437cbc,2019-08-01,2019-07-31,2019
NQZ9,opening_hour_rth,2019-11-06T10:30:00-05:00,3.088467992386858970242536920617152743633,9.425742574257425742574257426,690.1683168316831683168316824,0.5076406420062681276961804892550113542766,101,101,838792c30c8e11e6a789,2019-11-06,2019-11-06,2019
NQZ9,opening_hour_rth,2019-09-17T10:30:00-04:00,2.248554260377023184379142299445273545451,10.82786885245901639344262295,519.7540983606557377049180323,1.020384537320007743595807017,122,122,839c9ff1859e733a99e3,2019-09-17,2019-09-17,2019
NQM9,midnight,2019-04-25T09:30:00-04:00,1.928789593194386835601748488284404230601,22.35593220338983050847457627,473.9661016949152542372881353,1.004508578308027987002645892,118,118,83a75835b20a9382a479,2019-04-25,2019-04-25,2019
NQU9,midnight,2019-08-02T09:30:00-04:00,2.775092509558753713021542443945802906296,27.76415094339622641509433962,407.6572327044025157232704428,0.9075160639947172916404765315,318,318,83c700743904299140fc,2019-08-02,2019-08-02,2019
NQU9,full_overnight,2019-08-15T09:30:00-04:00,4.303744987905954260598439513448766377391,23.66395663956639566395663957,404.2994579945799457994579936,0.636869416156313367647252911,738,738,84102c9422caaaabc909,2019-08-15,2019-08-15,2019
NQM9,opening_hour_rth,2019-04-26T10:30:00-04:00,3.104001585388689391100509954352548558229,5.985401459854014598540145985,523.7189781021897810218978069,0.742459287265385886490633745,274,274,845835616589e96d0ea1,2019-04-26,2019-04-26,2019
NQM9,prior_rth,2019-03-27T16:00:00-04:00,2.538443618245811287316458519585384353182,16.03106796116504854368932039,937.5572815533980582524271852,0.9534842171060063058182963678968867221946,515,515,846040057c2418291870,2019-03-28,2019-03-27,2019
NQH9,midnight,2019-01-14T09:30:00-05:00,2.450903062470214966013612379267099320762,30.47887323943661971830985915,390.6619718309859154929577463,0.8058518919039214011768954795,142,142,846148f7699d3ec4eadc,2019-01-14,2019-01-14,2019
NQM9,prior_rth,2019-03-29T16:00:00-04:00,2.79216487913473915662968028511949156393,26.57425742574257425742574257,1472.54950495049504950495049,0.7076540996215966739010635535,202,202,849712fc66edc9961f37,2019-04-01,2019-03-29,2019
NQM9,midnight,2019-03-28T09:30:00-04:00,2.470602743895159861406880389586153150808,23.69306930693069306930693069,398.0099009900990099009900982,0.9151249776293259462865296295,202,202,854518816b8dedf321d9,2019-03-28,2019-03-28,2019
NQM9,prior_rth,2019-04-05T16:00:00-04:00,3.432863863969117886241947586050031443981,32.67741935483870967741935484,2101.822580645161290322580642,0.654240581907061198565028516,124,124,858b16ee7c9124416ffd,2019-04-08,2019-04-05,2019
NQM9,prior_rth,2019-06-14T16:00:00-04:00,2.598996878173703669575161214761855488649,25.61458333333333333333333333,692.8802083333333333333333328,1.054467133257916915721987598,192,192,858eb0baab816319b8b8,2019-06-17,2019-06-14,2019
NQM9,prior_rth,2019-05-09T16:00:00-04:00,2.231060691085595985303402151519398406627,20.36330275229357798165137615,1080.445871559633027522935781,0.8816791683593640766358211955229556466636,545,545,85d389e8fccb78e938a5,2019-05-10,2019-05-09,2019
NQM9,midnight,2019-06-07T09:30:00-04:00,3.369300789832497681828848946523670909165,18.47887323943661971830985915,384.5962441314553990610328643,0.7538902080569091628692450966739974288533,213,213,85f146e66e92ea18a178,2019-06-07,2019-06-07,2019
NQZ9,full_overnight,2019-12-03T09:30:00-05:00,5.162166513642855637414017547493146557386,13.91760299625468164794007491,324.6273408239700374531835219,0.7406755194165483156374275175,534,534,86258e18ac5a51bedbd9,2019-12-03,2019-12-03,2019
NQM9,full_overnight,2019-04-18T09:30:00-04:00,2.710841492077889330891816356812915966398,20.07569721115537848605577689,362.326693227091633466135459,0.8933083727519901387508203850265374930858,251,251,862da6fc3754246fccf7,2019-04-18,2019-04-18,2019
NQM9,prior_rth,2019-04-23T16:00:00-04:00,6.006239443749813969588452893426425156174,8.872817955112219451371571072,869.1645885286783042394014978,0.6251153762800720352632850669732361534391,401,401,8697b3336f8bd8e5df8a,2019-04-24,2019-04-23,2019
NQM9,full_overnight,2019-05-21T09:30:00-04:00,2.89521540077715806434340970434559501483,29.63805970149253731343283582,473.6417910447761194029850757,0.976371399302543455457152604,268,268,86ade12d2263c2cd5992,2019-05-21,2019-05-21,2019
NQZ9,prior_rth,2019-12-11T16:00:00-05:00,2.236015875915028779020984258984682777035,19.67894736842105263157894737,1060.610526315789473684210524,1.009173180474158597957059119,190,190,874e0aa9a73ce8a7e115,2019-12-12,2019-12-11,2019
NQM9,midnight,2019-03-13T09:30:00-04:00,3.072251912732660712078034728649330062923,13.91428571428571428571428571,218.7952380952380952380952379,0.942177953257720848896629479,210,210,876291b359d28d0a05f9,2019-03-13,2019-03-13,2019
NQU9,full_overnight,2019-07-23T09:30:00-04:00,2.482244972766092676152920092768375690371,24.80813953488372093023255814,352.843023255813953488372093,0.9783897573554849890351255785,172,172,8793820458c41753f43f,2019-07-23,2019-07-23,2019
NQH9,opening_hour_rth,2019-01-16T10:30:00-05:00,4.138679142040995981127678000266382558362,5.946601941747572815533980583,457.6262135922330097087378643,0.6984191898344869141211408215,206,206,87bf22487d8a35264d13,2019-01-16,2019-01-16,2019
NQM9,full_overnight,2019-05-02T09:30:00-04:00,3.516771066182943769639911691622327129509,22.22072072072072072072072072,371.954954954954954954954955,0.5801234669423348481636805695,222,222,88ab654a6c38719c65c2,2019-05-02,2019-05-02,2019
NQZ9,prior_rth,2019-11-14T16:00:00-05:00,2.500529987767144000710909673582938352276,18.92376681614349775784753363,1284.340807174887892376681612,0.7649837089793332043703994513868368698336,223,223,88d9473f10032b6dc6ec,2019-11-15,2019-11-14,2019
NQU9,midnight,2019-08-22T09:30:00-04:00,3.024807558965975620535797828820841633591,21.30501930501930501930501931,407.9884169884169884169884181,0.7599177446190202907232608638021466206384,259,259,88f287a8c7cf18f05b3d,2019-08-22,2019-08-22,2019
NQZ9,opening_hour_rth,2019-09-27T10:30:00-04:00,3.640437318047134576402266539711027324958,4.959409594095940959409594096,356.1070110701107011070110698,0.6882410156814475413286212477827425049006,271,271,88ffa00fb76199ee6841,2019-09-27,2019-09-27,2019
NQH9,prior_rth,2019-02-21T16:00:00-05:00,2.467836570878187813833697825198193358605,21.6937984496124031007751938,1274.310077519379844961240311,0.8999025856981871602630059155,258,258,8942aa655277b799a8c7,2019-02-22,2019-02-21,2019
NQZ9,full_overnight,2019-09-26T09:30:00-04:00,3.27043567097491239234833958131213034778,27.32203389830508474576271186,384.6779661016949152542372878,0.878477004325349605055074987,236,236,89466ce4672ddf846e60,2019-09-26,2019-09-26,2019
NQU9,full_overnight,2019-06-19T09:30:00-04:00,3.375430929359538757040227204413256729909,42.85714285714285714285714286,475.6875000000000000000000004,0.666747213505939685243976717,112,112,8988e7d27a9505398972,2019-06-19,2019-06-19,2019
NQU9,opening_hour_rth,2019-06-18T10:30:00-04:00,5.276276753518183300489446438709083811404,5.605187319884726224783861671,411.3544668587896253602305481,0.4740569089303322827248838874989765783499,347,347,89b5731246cab965d601,2019-06-18,2019-06-18,2019
NQZ9,full_overnight,2019-10-21T09:30:00-04:00,6.130554994579024004996662740711705857883,23.2875,302.0375000000000000000000001,0.5403330972022952045738583755,240,240,89dc5793cf24f28c67b0,2019-10-21,2019-10-21,2019
NQM9,prior_rth,2019-06-10T16:00:00-04:00,2.464159584486612096542644548248539139329,15.33789954337899543378995434,823.4155251141552511415525126,0.909251213232066926972997065,438,438,89fb1eeeb7b06c16e69a,2019-06-11,2019-06-10,2019
NQM9,full_overnight,2019-03-15T09:30:00-04:00,2.814496100291578526097184803210838886176,24.81318681318681318681318681,421.8956043956043956043956043,0.6825057228305788549097854065,182,182,89fc17baa7ede165e4c2,2019-03-15,2019-03-15,2019
NQZ9,prior_rth,2019-09-27T16:00:00-04:00,2.539405770430497322321911623301473437007,13.39852941176470588235294118,723.6852941176470588235294125,0.820120540322351987183975175,680,680,8a3d712cb05d7b60fb18,2019-09-30,2019-09-27,2019
NQU9,full_overnight,2019-09-10T09:30:00-04:00,2.727185002266392010329203978195646882925,24.49342105263157894736842105,329.7763157894736842105263155,0.8874148577736574131979620345,304,304,8a6124c3a1d7022a8316,2019-09-10,2019-09-10,2019
NQM9,prior_rth,2019-05-10T16:00:00-04:00,2.369131820294442546176587867629734595525,14.18509316770186335403726708,721.2484472049689440993788807,0.9384363032383276550961674098164986075083,805,805,8ad724d50e2341c9f061,2019-05-13,2019-05-10,2019
NQZ9,prior_rth,2019-12-09T16:00:00-05:00,2.610301046475129847305123618796746134427,12.62307692307692307692307692,820.6384615384615384615384615,0.934578307867870452095029309,260,260,8b1ee3ef04df485fd87e,2019-12-10,2019-12-09,2019
NQU9,prior_rth,2019-09-03T16:00:00-04:00,2.274491733643166385169089891055863056889,22.80672268907563025210084034,985.8851540616246498599439776,0.9191773987126939897031909294699195425316,357,357,8ba0a09a6fdb69218df3,2019-09-04,2019-09-03,2019
NQM9,prior_rth,2019-05-08T16:00:00-04:00,2.893807156900610845309238572191262199698,24.74184782608695652173913043,1183.866847826086956521739135,0.893719712901839969002928863,368,368,8bdf4781d229f7bbeb8e,2019-05-09,2019-05-08,2019
NQZ9,prior_rth,2019-10-24T16:00:00-04:00,2.615152156594309135964201611284979695695,20.0897959183673469387755102,1125.061224489795918367346939,0.8423190015889478729593935057900907998433,245,245,8be70d3689483a6c0807,2019-10-25,2019-10-24,2019
NQZ9,prior_rth,2019-11-05T16:00:00-05:00,3.006187223171994116508121024067326012081,25.64457831325301204819277108,1358.524096385542168674698799,0.932142188918594212649691364,166,166,8bebeb660deea8543d97,2019-11-06,2019-11-05,2019
NQM9,midnight,2019-05-15T09:30:00-04:00,2.08940792080009836554816034892689150226,13.22760290556900726392251816,245.6707021791767554479418886,0.9678374045301108015686667937540312017199,413,413,8c0371c3b212714419ab,2019-05-15,2019-05-15,2019
NQZ9,full_overnight,2019-12-04T09:30:00-05:00,3.759953880888148188892616448071901752276,20.57866666666666666666666667,439.5733333333333333333333344,0.6937559811594890024542770443229075007651,375,375,8c34f970d449c55e4291,2019-12-04,2019-12-04,2019
NQU9,prior_rth,2019-07-09T16:00:00-04:00,3.29196308307383080384583590795938398488,10.52688172043010752688172043,690.0537634408602150537634409,0.7572538091428146782247120875,372,372,8c3f8d2c01495189e8b6,2019-07-10,2019-07-09,2019
NQU9,opening_hour_rth,2019-07-29T10:30:00-04:00,3.905530521916598599359139087839975110543,3.948630136986301369863013699,324.5479452054794520547945204,0.793715738989687886477994364,292,292,8c65bf5e6296a8330bbf,2019-07-29,2019-07-29,2019
NQZ9,full_overnight,2019-10-11T09:30:00-04:00,3.044230140580871355607812774722775820434,22.62041884816753926701570681,292.6806282722513089005235597,0.835867253802782405817130258,382,382,8c7ead49df7d1b6bc223,2019-10-11,2019-10-11,2019
NQZ9,opening_hour_rth,2019-11-19T10:30:00-05:00,2.598827093791885529332738678721015584591,6.727941176470588235294117647,643.4632352941176470588235293,0.9722495374858216838615887435,136,136,8cba83d25b13784ead3c,2019-11-19,2019-11-19,2019
NQU9,prior_rth,2019-09-12T16:00:00-04:00,3.025726603805696492304162777623974913284,22.94539249146757679180887372,1015.491467576791808873720139,0.8567164583503993677356686859443768187282,293,293,8d19b080209e937c4310,2019-09-13,2019-09-12,2019
NQZ9,opening_hour_rth,2019-12-06T10:30:00-05:00,2.072409902254047338229158642236246187596,9.959183673469387755102040816,759.3469387755102040816326532,1.06548425226066394680414131,98,98,8d7d80fda9fa31ec1a39,2019-12-06,2019-12-06,2019
NQU9,full_overnight,2019-08-20T09:30:00-04:00,2.731202002116214361186175412580797358949,34.61650485436893203883495146,557.5582524271844660194174786,0.8835675297043248700519294075,206,206,8df9f83e4f3f6d858f53,2019-08-20,2019-08-20,2019
NQM9,opening_hour_rth,2019-06-11T10:30:00-04:00,2.587123230271464120435226848915302808587,9.340206185567010309278350515,577.5154639175257731958762897,0.721544193644386816689119131,194,194,8e12a01d58898a978262,2019-06-11,2019-06-11,2019
NQM9,prior_rth,2019-05-17T16:00:00-04:00,3.605447884990213174175194508648152614055,20.59865470852017937219730942,1043.941704035874439461883408,0.8230738870915177204357700045,446,446,8e708d5a4f1701a7d126,2019-05-20,2019-05-17,2019
NQZ9,prior_rth,2019-11-19T16:00:00-05:00,3.024472753406420028296443692195959128836,19.66346153846153846153846154,1400.663461538461538461538463,0.5204175245587911489868601855,208,208,8ed6d5f287699f746ffd,2019-11-20,2019-11-19,2019
NQU9,midnight,2019-07-12T09:30:00-04:00,2.157793636083355547836265906061479273091,32.78888888888888888888888889,489.9888888888888888888888887,1.009443630213985280333894033,90,90,90161bb40f669f5e16d4,2019-07-12,2019-07-12,2019
NQM9,opening_hour_rth,2019-03-26T10:30:00-04:00,2.151304934642820724578181647994194757482,7.502645502645502645502645503,622.1216931216931216931216921,0.7556578588024688779370249032827251321323,189,189,907790c0ebbf44587d4f,2019-03-26,2019-03-26,2019
NQU9,midnight,2019-06-27T09:30:00-04:00,2.792130038245682353936848794954856308379,18.0228136882129277566539924,268.4562737642585551330798478,1.084927440570298950247822515117821232142,263,263,9087fdbef81c0e5e7bff,2019-06-27,2019-06-27,2019
NQU9,midnight,2019-09-11T09:30:00-04:00,3.661771706234869349440401933298115058289,25.98198198198198198198198198,367.7117117117117117117117123,0.7408911500042047369693731255,222,222,9092d8e84187b8ee41b8,2019-09-11,2019-09-11,2019
NQM9,prior_rth,2019-06-04T16:00:00-04:00,3.170274681918851988623748490758695552529,12.4084745762711864406779661,715.788135593220338983050849,0.898689167226378935418163287,590,590,90e8b5926d7dcf450dbc,2019-06-05,2019-06-04,2019
NQM9,midnight,2019-03-29T09:30:00-04:00,2.155265622140172685785389046469420593867,20.6204819277108433734939759,345.0481927710843373493975904,0.865333968904445827490127051,166,166,912ecc2b0cce83edc4ea,2019-03-29,2019-03-29,2019
NQZ9,midnight,2019-09-23T09:30:00-04:00,3.433406310187116885927373921278310241273,17.08362369337979094076655052,253.4041811846689895470383274,0.8930148972189532970091545638604065554325,287,287,91a6e456b73d622f7921,2019-09-23,2019-09-23,2019
NQM9,midnight,2019-06-03T09:30:00-04:00,2.12970772963131280219624039909647052417,23.64039408866995073891625616,404.2561576354679802955665022,0.8801619128809037379716130354397771480204,203,203,9241e29257df83601e2f,2019-06-03,2019-06-03,2019
NQH9,prior_rth,2019-01-11T16:00:00-05:00,2.243949814687338039666152582369469600493,34.87078651685393258426966292,1556.651685393258426966292133,0.858168254505049096036641835,178,178,92bdb8f4d5d27005ce55,2019-01-14,2019-01-11,2019
NQM9,full_overnight,2019-03-25T09:30:00-04:00,3.342552491336202889064547481679295679535,21.36069651741293532338308458,333.808457711442786069651741,0.8217523004884142037040472835,402,402,92c0f3cd641c35108164,2019-03-25,2019-03-25,2019
NQZ9,opening_hour_rth,2019-12-09T10:30:00-05:00,4.608084002732142705229572154482120569262,5.038216560509554140127388535,404.3248407643312101910828028,0.5553466955790444894161913883845572100786,157,157,92c8f77fc69fab586b65,2019-12-09,2019-12-09,2019
NQH9,midnight,2019-02-01T09:30:00-05:00,2.719313191923601598508578609776469373089,26.51829268292682926829268293,406.4939024390243902439024394,0.81859850850594623544397824,164,164,92dc8d8ac21739a5cdc9,2019-02-01,2019-02-01,2019
NQM9,full_overnight,2019-05-22T09:30:00-04:00,2.395712731020736933392119831433226189562,21.8268656716417910447761194,346.0328358208955223880597021,1.063143102728273450877336724633535025436,335,335,92e781ffb7651d9e6f6c,2019-05-22,2019-05-22,2019
NQU9,opening_hour_rth,2019-08-15T10:30:00-04:00,2.881752752803820260879654760620173088982,10.39393939393939393939393939,378.9595959595959595959596017,0.6136304252329242485331910808406164335717,297,297,92f0ae151cf362018a4c,2019-08-15,2019-08-15,2019
NQZ9,opening_hour_rth,2019-10-23T10:30:00-04:00,1.991571330059235869582337137566963523189,9.384057971014492753623188406,538.6231884057971014492753622,0.912327376370671945836031875,138,138,92f148645fe6b6f6e2d5,2019-10-23,2019-10-23,2019
NQM9,prior_rth,2019-03-28T16:00:00-04:00,2.35750577415743753406369822673373540143,22.54577464788732394366197183,1137.95422535211267605633803,0.828113597437139560109651903,284,284,93079a201d80d77bd943,2019-03-29,2019-03-28,2019
NQU9,opening_hour_rth,2019-09-11T10:30:00-04:00,2.199117354392591319751177709880058255755,6.685840707964601769911504425,453.5973451327433628318584058,0.936567198685952194689276828,226,226,930a21e312a523b91ac8,2019-09-11,2019-09-11,2019
NQU9,opening_hour_rth,2019-06-24T10:30:00-04:00,2.4636995598581548732902445636697290858,10.7247706422018348623853211,627.8440366972477064220183485,0.7629642667590096728181549348664659446407,109,109,931da3daa1a1f92a61f5,2019-06-24,2019-06-24,2019
NQZ9,midnight,2019-10-09T09:30:00-04:00,3.887722494496908616631056642194080853452,17.96296296296296296296296296,241.8032407407407407407407419,0.7729228767935824201907578715,432,432,9386654408960a7f1bf0,2019-10-09,2019-10-09,2019
NQZ9,midnight,2019-12-03T09:30:00-05:00,6.846367349242306703587995885593193845511,9.786516853932584269662921348,244.8558052434456928838951318,0.747080770544891738096200251,534,534,93e66c1cc9ac3b262be5,2019-12-03,2019-12-03,2019
NQZ9,prior_rth,2019-10-14T16:00:00-04:00,2.545024182980741976679587803991115199324,26.34502923976608187134502924,1090.538011695906432748538013,0.5387098077773958336613949411401605570139,171,171,943f8bf4d8eb0571a6a5,2019-10-15,2019-10-14,2019
NQM9,opening_hour_rth,2019-05-14T10:30:00-04:00,2.514000240947504684133162428539371956114,7.575289575289575289575289575,479.3590733590733590733590745,0.9042847445806879933480241351997137210688,259,259,94dc0a005ca2fdef43e6,2019-05-14,2019-05-14,2019
NQM9,midnight,2019-04-23T09:30:00-04:00,2.014107498252347034647680977554474282271,20.46017699115044247787610619,396.407079646017699115044248,0.9834882759269350972840407654902695507286,113,113,955dc1d40b7fd8f289f4,2019-04-23,2019-04-23,2019
NQM9,prior_rth,2019-04-24T16:00:00-04:00,3.200058700622841091674242625622102979647,22.45402298850574712643678161,1612.488505747126436781609198,0.8414540255349546294909604305,174,174,96489075408061c73912,2019-04-25,2019-04-24,2019
NQM9,midnight,2019-04-12T09:30:00-04:00,3.387940245636011778876111651850557191776,15.24479166666666666666666667,345.5208333333333333333333331,0.648231693293277515595681326,192,192,9651afae5a420a05470d,2019-04-12,2019-04-12,2019
NQH9,full_overnight,2019-01-14T09:30:00-05:00,4.880890454356417219047132945866973657568,22.06514657980456026058631922,254.9315960912052117263843647,0.628103822523995531683692801741983399585,307,307,96645068a759d1118368,2019-01-14,2019-01-14,2019
NQU9,opening_hour_rth,2019-08-02T10:30:00-04:00,2.237830087814152298468892009666971852543,8.451298701298701298701298701,433.0584415584415584415584403,0.8886081805125534887714273065,308,308,9693dd08d4730984eea1,2019-08-02,2019-08-02,2019
NQZ9,full_overnight,2019-09-30T09:30:00-04:00,2.648020990827580571073873562619408010014,35.47417840375586854460093897,411.6197183098591549295774651,0.8560136318363933063417078769326322023406,213,213,97550850efff4563c30f,2019-09-30,2019-09-30,2019
NQM9,prior_rth,2019-03-12T16:00:00-04:00,2.292605318148647048258131810908695443962,22.06410256410256410256410256,1239.324786324786324786324784,0.9572920445870128814843572745,234,234,9756242df313dec089f1,2019-03-13,2019-03-12,2019
NQM9,prior_rth,2019-05-30T16:00:00-04:00,2.061807105100333482822281408681087129428,25.32530120481927710843373494,1238.048192771084337349397591,0.9725657523260773025077154488248525159446,249,249,9762055ccb3e0a99e4ec,2019-05-31,2019-05-30,2019
NQU9,full_overnight,2019-08-07T09:30:00-04:00,2.949517158447647303793949569938898141539,22.18048780487804878048780488,348.1089430894308943089430891,0.866222987197392244592821012676771135009,615,615,97baca979100e8d9e418,2019-08-07,2019-08-07,2019
NQZ9,full_overnight,2019-10-02T09:30:00-04:00,3.310749462153956474458083447203124486126,20.3341645885286783042394015,266.0897755610972568578553626,0.9983625835560706925044678871542926643964,401,401,97d40e73a1ab4b85f75a,2019-10-02,2019-10-02,2019
NQH9,midnight,2019-01-31T09:30:00-05:00,2.75090109035594324722950596351477081117,27.3525641025641025641025641,457.0576923076923076923076922,0.872888285519746158564180161,156,156,97e4731a08df9e329d23,2019-01-31,2019-01-31,2019
NQH0,midnight,2019-12-17T09:30:00-05:00,2.46081337943619976880906172779138572264,22.304,393.864,0.9559721624822423347812330158758161344737,125,125,97fccafd6a330ef8cf8f,2019-12-17,2019-12-17,2019
NQU9,opening_hour_rth,2019-09-12T10:30:00-04:00,2.047855476103633399540126703733012405742,7.296928327645051194539249147,407.8430034129692832764505119,1.021813148734763064601307163867431194799,293,293,985bcd84059d6800a613,2019-09-12,2019-09-12,2019
NQU9,opening_hour_rth,2019-08-06T10:30:00-04:00,2.656893346770465480284227090812332514232,8.223776223776223776223776224,529.3671328671328671328671269,0.832025076346911947675302043,286,286,9879263c791495ebb578,2019-08-06,2019-08-06,2019
NQU9,prior_rth,2019-07-05T16:00:00-04:00,1.882882281935205038668255685593415266387,15.16216216216216216216216216,733.8618618618618618618618598,1.056469874305742001411052143432337754862,333,333,9888a910ca89e4a8c6d7,2019-07-08,2019-07-05,2019
NQM9,opening_hour_rth,2019-05-10T10:30:00-04:00,2.100011326140756360354890789309655334447,5.742028985507246376811594203,329.6695652173913043478260849,0.8129545014696892676949113497834701910573,345,345,98a06ce30213e3ab7d7d,2019-05-10,2019-05-10,2019
NQZ9,midnight,2019-10-10T09:30:00-04:00,3.153831155482229319958118398355350379142,34.45771144278606965174129353,422.8059701492537313432835817,0.661929873449905128114845561259104178074,201,201,98b79510430e984746d8,2019-10-10,2019-10-10,2019
NQU9,full_overnight,2019-08-30T09:30:00-04:00,2.863767969528350183797009558425631077274,22.92048929663608562691131498,389.4250764525993883792048924,0.8684219460072287604894715957051596522424,327,327,98ecfe9dbc2830f32c72,2019-08-30,2019-08-30,2019
NQM9,prior_rth,2019-04-04T16:00:00-04:00,3.254340457859113391436946794090046601632,17.47697368421052631578947368,1139.934210526315789473684211,0.7223864379810306594361022415,304,304,991fe8d2e10a0a122e81,2019-04-05,2019-04-04,2019
NQH9,prior_rth,2019-01-04T16:00:00-05:00,4.195364986636062355745059186532334077277,11.73469387755102040816326531,584.4897959183673469387755104,0.738347948433744516401683707,882,882,994057696f8d6e367c1c,2019-01-07,2019-01-04,2019
NQH9,midnight,2019-02-07T09:30:00-05:00,2.888438889933778977496320359971994974015,22.79310344827586206896551724,367.0057471264367816091954024,0.8277424487753933746251930325,174,174,99745143c39e210e7810,2019-02-07,2019-02-07,2019
NQM9,opening_hour_rth,2019-04-25T10:30:00-04:00,3.352848874010684607740527643395922796113,4.965635738831615120274914089,513.0996563573883161512027533,0.8162729161574713866887912246131176450159,291,291,99a909474b84c9121dfd,2019-04-25,2019-04-25,2019
NQZ9,prior_rth,2019-11-08T16:00:00-05:00,3.930805468145671325444691027806647985162,13.54703832752613240418118467,830.1602787456445993031358868,0.6977407182147834150655163786085015994253,287,287,99da35a3c3199a037990,2019-11-11,2019-11-08,2019
NQH9,opening_hour_rth,2019-01-18T10:30:00-05:00,2.012122435172181770750308303678114850165,8.345,614.6599999999999999999999985,1.068230337442445938313715889,200,200,9a5220275e83f1deefea,2019-01-18,2019-01-18,2019
NQH0,opening_hour_rth,2019-12-23T10:30:00-05:00,2.195248633197131733406351188972084916823,11.35593220338983050847457627,786.8644067796610169491525424,0.9782059661829664631028908873432308037637,59,59,9b7e0b7f464632e8cea7,2019-12-23,2019-12-23,2019
NQZ9,midnight,2019-10-28T09:30:00-04:00,2.792433061678506357322807027510994079783,20.48818897637795275590551181,355.7952755905511811023622046,0.814399282869150767616989217666548607345,127,127,9b920e944e80b7ce0e7c,2019-10-28,2019-10-28,2019
NQH9,midnight,2019-01-28T09:30:00-05:00,4.733537921823205616212997704653716867385,12.94752186588921282798833819,204.096209912536443148688046,0.400287112532706454194768695736493010415,343,343,9bcbe2d1343fe8d860c9,2019-01-28,2019-01-28,2019
NQH9,opening_hour_rth,2019-02-21T10:30:00-05:00,3.917119474757155990767815152477620979889,6.571428571428571428571428571,447.881632653061224489795918,0.6310419616894356024654112050177616828552,245,245,9bd4551702b78fb1ec62,2019-02-21,2019-02-21,2019
NQH9,midnight,2019-01-15T09:30:00-05:00,2.979100554412240213542586339394144409921,26.38674033149171270718232044,384.5138121546961325966850825,0.8036917584113330749835719803599761252,181,181,9bed6b76a02dbad9c0d1,2019-01-15,2019-01-15,2019
NQU9,prior_rth,2019-08-21T16:00:00-04:00,2.688621482400240588964679104070251084046,23.64734299516908212560386473,1094.149758454106280193236717,1.058653913981623108609868677020024903153,207,207,9c99b23f1425b4faa98d,2019-08-22,2019-08-21,2019
NQM9,prior_rth,2019-03-25T16:00:00-04:00,2.018321080323119999903951128532700098599,28.40064102564102564102564103,1428.509615384615384615384615,1.141152379057641424091724512,312,312,9c9a22f6498d977a7cc1,2019-03-26,2019-03-25,2019
NQZ9,opening_hour_rth,2019-10-21T10:30:00-04:00,2.266116425241081305041015807912462156547,7.602339181286549707602339181,445.2690058479532163742690061,0.8029871253056124444764536917516641163855,171,171,9ce70884be15874c3e6a,2019-10-21,2019-10-21,2019
NQM9,prior_rth,2019-06-11T16:00:00-04:00,2.888002285917999074581276456394926637139,16.76157407407407407407407407,840.0138888888888888888888914,0.877039925697272003208753775,432,432,9d185f317b7b7e2c88bd,2019-06-12,2019-06-11,2019
NQU9,full_overnight,2019-09-03T09:30:00-04:00,2.595263235339728192378287081252944869156,40.7754385964912280701754386,524.2035087719298245614035095,1.001529999604974285583097635629601709404,285,285,9d52a1fb1024eb3fbffa,2019-09-03,2019-09-03,2019
NQM9,opening_hour_rth,2019-05-06T10:30:00-04:00,4.610334353422675629552532569816132396313,4.52972972972972972972972973,344.6378378378378378378378376,0.5867620383616026863571768195,370,370,9d5308a2288507183cdd,2019-05-06,2019-05-06,2019
NQH9,midnight,2019-01-25T09:30:00-05:00,2.592986120347392922971589232195901382847,21.81042654028436018957345972,319.9526066350710900473933649,0.9426624398257561343233542213830494667105,211,211,9d911ba8fdf3a71556ef,2019-01-25,2019-01-25,2019
NQZ9,prior_rth,2019-11-12T16:00:00-05:00,2.543507961246656832643299805118527226848,17.89519650655021834061135371,1087.113537117903930131004368,0.8600705716923365393871988777478137575372,229,229,9e11b604cd425c1720a0,2019-11-13,2019-11-12,2019
NQM9,midnight,2019-04-02T09:30:00-04:00,2.474467836632364800594192729139864660731,23.30841121495327102803738318,407.2616822429906542056074769,0.9794687044844425456494895393691862152953,107,107,9e7804a86a67a38ea8e4,2019-04-02,2019-04-02,2019
NQM9,midnight,2019-05-20T09:30:00-04:00,2.988009989953621042543592324146157807255,10.40178571428571428571428571,181.3437500000000000000000009,0.8136923737127878632732860185,672,672,9ef7cb0f5cc80e3e4967,2019-05-20,2019-05-20,2019
NQH9,full_overnight,2019-01-10T09:30:00-05:00,3.867454252940533597475887950128777152813,34.265625,387.4296875000000000000000001,0.5168923304047160920428812885,256,256,a05387c664d64f9ecc12,2019-01-10,2019-01-10,2019
NQU9,midnight,2019-07-24T09:30:00-04:00,2.253032979754531433926133471070501728029,19.05945945945945945945945946,315.3675675675675675675675673,1.033357323089334103782963921713464917787,185,185,a0e60bdcd0515c04615d,2019-07-24,2019-07-24,2019
NQH0,midnight,2019-12-18T09:30:00-05:00,2.905927157400861030156851919313575589751,21.10309278350515463917525773,372.5773195876288659793814433,0.8636794108499945649290776079238480590399,97,97,a11703073560044f205c,2019-12-18,2019-12-18,2019
NQZ9,opening_hour_rth,2019-09-20T10:30:00-04:00,2.01481219179049065518627201942534400156,12.53333333333333333333333333,858.5600000000000000000000003,0.7597047218331631446963873130879001781198,75,75,a1727e5940003b5d9784,2019-09-20,2019-09-20,2019
NQH9,full_overnight,2019-02-22T09:30:00-05:00,3.738747060593089183169900221703749452394,22.61506276150627615062761506,308.9748953974895397489539747,0.8117905805251039692649331326755771403941,239,239,a1aaf690d035c082d73a,2019-02-22,2019-02-22,2019
NQU9,midnight,2019-08-27T09:30:00-04:00,2.13068293457043791291914229634667478762,19.00257069408740359897172237,269.095115681233933161953729,1.018538438529410083419656392770371976941,389,389,a1b2e5e69632d658e94f,2019-08-27,2019-08-27,2019
NQH9,full_overnight,2019-02-19T09:30:00-05:00,3.170237143593305880732110798904043651767,23.58048780487804878048780488,334.5756097560975609756097563,0.8316085114758305043802304727037136547075,205,205,a2024937029600443ae7,2019-02-19,2019-02-19,2019
NQZ9,full_overnight,2019-11-05T09:30:00-05:00,4.156547154591568601060563262695258030011,32.96,477.3800000000000000000000001,0.4601507279557797792192101532,150,150,a216dac9d82c12feddf7,2019-11-05,2019-11-05,2019
NQU9,prior_rth,2019-07-12T16:00:00-04:00,2.476781734732170023212195120580070015445,18.58378378378378378378378378,1213.297297297297297297297301,0.9268717675576247454312991712842605917173,185,185,a2416577d9ad1ea04ea5,2019-07-15,2019-07-12,2019
NQM9,midnight,2019-03-27T09:30:00-04:00,1.994708542707183794603590431801292185474,23.36158192090395480225988701,393.468926553672316384180791,1.028864056362064618451239275005505605287,177,177,a2444bab827b8b6b91d3,2019-03-27,2019-03-27,2019
NQH9,prior_rth,2019-01-15T16:00:00-05:00,4.41731792717093708321815635360601834391,14.83849557522123893805309735,831.8517699115044247787610617,0.4733951562849889234690468922,452,452,a2b4d1d9bae00cc28d85,2019-01-16,2019-01-15,2019
NQM9,full_overnight,2019-03-22T09:30:00-04:00,2.202033823456257104231474074593603126529,28.82683982683982683982683983,492.6493506493506493506493494,0.9577979252386462636773711755463541639773,231,231,a2c4ee32ea61e14001ff,2019-03-22,2019-03-22,2019
NQZ9,midnight,2019-11-13T09:30:00-05:00,2.318785625731997543766177942445962677047,18.44444444444444444444444444,309.5614035087719298245614035,0.9696785065454917239548160245346906334815,171,171,a31636e2e2c009407ac3,2019-11-13,2019-11-13,2019
NQM9,prior_rth,2019-04-12T16:00:00-04:00,3.108664028506753050553450165295786053769,22.25174825174825174825174825,1745.720279720279720279720282,0.8546734356252062325748876394606763606208,143,143,a328890a96b337747025,2019-04-15,2019-04-12,2019
NQH9,full_overnight,2019-03-04T09:30:00-05:00,2.554919321491709492243827973591905343524,32.4375,481.6328125000000000000000002,0.9503242834592685480149574985,128,128,a36957f0b1db7aaec370,2019-03-04,2019-03-04,2019
NQH9,full_overnight,2019-02-07T09:30:00-05:00,2.758103039030428057161480577126868417571,25.66666666666666666666666667,357.4474885844748858447488586,0.7464600400388054501041752758273682043592,219,219,a36d752cff4fc8028f51,2019-02-07,2019-02-07,2019
NQH9,full_overnight,2019-01-04T09:30:00-05:00,3.299720997173219626684161413675351810263,22.41402337228714524207011686,252.3539232053422370617696157,0.8266427229940176972750548273945715533071,599,599,a404958bcfca17c7c90e,2019-01-04,2019-01-04,2019
NQZ9,prior_rth,2019-10-22T16:00:00-04:00,3.068598415411711045435678858842600112824,12.57540603248259860788863109,645.582366589327146171693735,0.8568316895916026986598867911873358203402,431,431,a486faafe4e900f27ea7,2019-10-23,2019-10-22,2019
NQU9,opening_hour_rth,2019-07-25T10:30:00-04:00,2.977816171525289070603417344015926772338,6.488584474885844748858447489,495.4520547945205479452054767,0.7207319579806965947373709754320135097245,219,219,a4bf1b9b0c9d1a64e8b4,2019-07-25,2019-07-25,2019
NQZ9,prior_rth,2019-11-26T16:00:00-05:00,2.42196660390182268811159029105032087304,24.22962962962962962962962963,1474.474074074074074074074073,0.9864045722480531944129976380369880522887,135,135,a501ce74696a9872dd17,2019-11-27,2019-11-26,2019
NQZ9,midnight,2019-11-07T09:30:00-05:00,5.016647787506110184131201823348169417336,14.22222222222222222222222222,257.6523297491039426523297488,0.2943965075639984194492478275268740023969,279,279,a5c693ba16173c360e68,2019-11-07,2019-11-07,2019
NQH9,midnight,2019-02-19T09:30:00-05:00,3.195573529999643102914626919642982525913,19.23952095808383233532934132,322.5449101796407185628742518,0.7703508299753861449883397912260191858547,167,167,a5ccb97ef5a151660b5e,2019-02-19,2019-02-19,2019
NQZ9,prior_rth,2019-09-24T16:00:00-04:00,4.52144679239524672269754414086980469563,12.42392717815344603381014304,659.9765929778933680104031213,0.7523328982788741601065186570619490204394,769,769,a5e1ab9bc435e92c1a78,2019-09-25,2019-09-24,2019
NQH9,opening_hour_rth,2019-02-12T10:30:00-05:00,3.167868740201564457193018926997804175681,5.538888888888888888888888889,468.3166666666666666666666672,0.7471863572374789193210245575,180,180,a5e57978c67205028a6d,2019-02-12,2019-02-12,2019
NQZ9,midnight,2019-10-30T09:30:00-04:00,2.998071064232200935005479266968624712293,21.5045045045045045045045045,325.2432432432432432432432433,0.8778516070163403249706758065563762695154,111,111,a612510f13d1a9e00d97,2019-10-30,2019-10-30,2019
NQZ9,prior_rth,2019-10-31T16:00:00-04:00,3.00513832339106267920403745974989889653,21.25524475524475524475524476,1176.416083916083916083916085,0.774509653659003743574425641,286,286,a62e611536f2437869bc,2019-11-01,2019-10-31,2019
NQH9,prior_rth,2019-02-06T16:00:00-05:00,3.199925718863800236709639217059161413931,21.07518796992481203007518797,1140.477443609022556390977444,0.731191759909102767880255997,266,266,a66de59b7ee4c5abcf76,2019-02-07,2019-02-06,2019
NQU9,prior_rth,2019-06-21T16:00:00-04:00,3.072247822447425085540390427271491236419,19.90601503759398496240601504,1014.052631578947368421052629,0.7634690871742349115893820535,266,266,a6cd444d26ffe79f5182,2019-06-24,2019-06-21,2019
NQU9,midnight,2019-09-09T09:30:00-04:00,2.468410390239587814998188688438216755285,36.4,546.9294117647058823529411765,0.8664960918142576456641978712216353881227,85,85,a6f57f63ac1bfaf68618,2019-09-09,2019-09-09,2019
NQH0,full_overnight,2019-12-20T09:30:00-05:00,4.635518288276974403765123494300106084948,13.74789915966386554621848739,329.823529411764705882352941,0.3688341089195561352839759991,238,238,a74ab7f5a9f371436d93,2019-12-20,2019-12-20,2019
NQZ9,midnight,2019-09-17T09:30:00-04:00,2.850075533898995838302950957765900703961,28.86428571428571428571428571,413.2357142857142857142857141,0.9345003826987070018009375875,140,140,a7533a3115dc381d02cb,2019-09-17,2019-09-17,2019
NQH9,prior_rth,2019-02-25T16:00:00-05:00,2.165798709891793666960742422296247456499,21.36666666666666666666666667,1260.15238095238095238095238,1.055171834148704823172184076,210,210,a77eae6f020c8266dd0e,2019-02-26,2019-02-25,2019
NQH0,prior_rth,2019-12-18T16:00:00-05:00,2.973286683624181626971023337818461862031,20.15555555555555555555555556,1467.014814814814814814814819,0.8880130488626284055218493534765145410518,135,135,a83316e00f1ed3b0db79,2019-12-19,2019-12-18,2019
NQZ9,prior_rth,2019-11-04T16:00:00-05:00,2.193716494004164533550305637386395124138,30.28461538461538461538461538,1898.446153846153846153846156,1.071145493967629467686874102,130,130,a83ffdd492a6e0eb82f3,2019-11-05,2019-11-04,2019
NQZ9,prior_rth,2019-10-17T16:00:00-04:00,3.632426819394475497452343970819143180748,19.02135231316725978647686833,915.3202846975088967971530238,0.8273532518603577113086576054626421194469,281,281,a8683b5b7cb1a8b37e17,2019-10-18,2019-10-17,2019
NQZ9,opening_hour_rth,2019-11-18T10:30:00-05:00,2.574777365352134003654324990901270288478,7.38297872340425531914893617,552.2411347517730496453900709,0.6599422724077417670850986635966087724459,141,141,a89c62b0555fee56d569,2019-11-18,2019-11-18,2019
NQZ9,full_overnight,2019-12-05T09:30:00-05:00,3.263593251116305162802686611779740263599,26.22374429223744292237442922,449.7579908675799086757990865,0.8591366488853221498112940476913291925096,219,219,a8df7bda6f808c8ad31a,2019-12-05,2019-12-05,2019
NQH9,prior_rth,2019-01-29T16:00:00-05:00,3.275846471772391957279604398886660285559,15.60752688172043010752688172,890.3548387096774193548387054,0.7537658246920350447626460025,372,372,a8e8cd9fdeafc9045041,2019-01-30,2019-01-29,2019
NQM9,opening_hour_rth,2019-05-03T10:30:00-04:00,2.201802175975379007086580881163586071209,9.125,692.2763157894736842105263105,1.054131037330211646617393881,152,152,a8ed7f6deb2c36d48d75,2019-05-03,2019-05-03,2019
NQH9,opening_hour_rth,2019-02-19T10:30:00-05:00,2.732732569093403791191080499256610417234,5.828402366863905325443786982,424.6035502958579881656804733,0.5381763160010855829502461119166853770987,169,169,a91b0d83fbfdbd7618f0,2019-02-19,2019-02-19,2019
NQU9,prior_rth,2019-07-15T16:00:00-04:00,2.182015369731300683921762318960879811822,28.13821138211382113821138211,1480.382113821138211382113821,0.80289755385928529726437140759155827078,123,123,aa08d10a6ccffa576036,2019-07-16,2019-07-15,2019
NQM9,opening_hour_rth,2019-04-24T10:30:00-04:00,2.79232025893919904398706491028117055446,8.24,751.4960000000000000000000005,1.02540295541205872112582583987585682909,125,125,aa3718c08e199e7db8ae,2019-04-24,2019-04-24,2019
NQM9,opening_hour_rth,2019-03-21T10:30:00-04:00,4.256705304072832468697361550519072972759,4.652329749103942652329749104,395.709677419354838709677419,0.6758317856627901901545781871088143645462,279,279,aaeb377cea9a3fa95cd2,2019-03-21,2019-03-21,2019
NQM9,opening_hour_rth,2019-05-13T10:30:00-04:00,2.911721732168249708238955812458006706255,7.182795698924731182795698925,445.3602150537634408602150522,0.825333605924143811382578612,372,372,ab1a6955dc8ed01fe770,2019-05-13,2019-05-13,2019
NQZ9,opening_hour_rth,2019-12-05T10:30:00-05:00,2.979730571929443469769196127029900619404,5.800925925925925925925925926,415.3009259259259259259259262,0.772486857007892699360292159,216,216,ab4ba526034b8129b3a0,2019-12-05,2019-12-05,2019
NQM9,full_overnight,2019-05-20T09:30:00-04:00,3.727336507563853498772043867930825113447,14.34163208852005532503457815,218.1217150760719225449515907,0.7271715122118055280944161892407754726771,723,723,abd713de1e7d0808ba77,2019-05-20,2019-05-20,2019
NQZ9,full_overnight,2019-09-16T09:30:00-04:00,3.74278574679619572699655102631696615994,29.45171339563862928348909657,249.3520249221183800623052956,0.7548413644826178913056444011421473678566,321,321,abe48e8b2462887f23b1,2019-09-16,2019-09-16,2019
NQU9,prior_rth,2019-08-06T16:00:00-04:00,1.916187021515302390488682599469262695767,23.77232142857142857142857143,1120.220982142857142857142859,1.123166484415057185630726252,448,448,abec185a3aed004f59a6,2019-08-07,2019-08-06,2019
NQU9,opening_hour_rth,2019-06-27T10:30:00-04:00,2.567034380114690463935229547812246871351,11.71296296296296296296296296,633.6296296296296296296296294,0.8850933420452770195431591955,108,108,ac0bfff797b0253fbccb,2019-06-27,2019-06-27,2019
NQU9,midnight,2019-08-21T09:30:00-04:00,3.245407553566036298433985066339340562869,17.72509960159362549800796813,342.7888446215139442231075697,0.6870522036547702000477047793080706715469,251,251,ac26ec6dd2abe8fde6ee,2019-08-21,2019-08-21,2019
NQU9,midnight,2019-07-08T09:30:00-04:00,3.583171087035160503167355205480472129268,24.58741258741258741258741259,339.7762237762237762237762239,0.7430096048651743596071471803732687550305,143,143,ac4a9c022d511c8d0867,2019-07-08,2019-07-08,2019
NQH9,opening_hour_rth,2019-03-04T10:30:00-05:00,2.043193941342921764575644113668977485108,8.964285714285714285714285714,716.8392857142857142857142868,1.023530756422971789246159723,112,112,ac6104e9664e42332129,2019-03-04,2019-03-04,2019
NQU9,midnight,2019-07-30T09:30:00-04:00,3.047391172885129572353636567164929293253,11.40625,250.5710227272727272727272727,0.7372378025150163894811017135,352,352,ac933053c34563cc11b1,2019-07-30,2019-07-30,2019
NQH9,midnight,2019-02-21T09:30:00-05:00,3.080656593998862040428949012041273768177,16.41869918699186991869918699,258.8943089430894308943089435,0.7622487634414814901535155335,246,246,acd5eee3a6c6db0fb3a7,2019-02-21,2019-02-21,2019
NQZ9,opening_hour_rth,2019-10-30T10:30:00-04:00,3.802303135898606837666512138101216081135,6.354166666666666666666666667,475.3229166666666666666666667,0.3751004298277237783288660716,192,192,ad381629b9c850eff487,2019-10-30,2019-10-30,2019
NQM9,prior_rth,2019-05-07T16:00:00-04:00,2.694326994672821610458912572396915865651,16.31532846715328467153284672,966.4788321167883211678832131,0.9219606538242774332299495978586628531425,685,685,ad62f06283dce5735121,2019-05-08,2019-05-07,2019
NQM9,opening_hour_rth,2019-04-17T10:30:00-04:00,2.36776566606862790283006680485876485387,5.269767441860465116279069767,565.4837209302325581395348847,0.8912497470125102945992989584650887539911,215,215,ad67804f2742bbc1114d,2019-04-17,2019-04-17,2019
NQU9,full_overnight,2019-08-01T09:30:00-04:00,3.638692435249659178263976329635697254553,24.41254125412541254125412541,388.5973597359735973597359726,0.7079154135154839966587303958648764344333,303,303,ada94ffb17e766ded89d,2019-08-01,2019-08-01,2019
NQM9,prior_rth,2019-05-02T16:00:00-04:00,3.293625795700914929263177471245031267806,17.10794297352342158859470468,1003.454175152749490835030551,0.8861677766399779776785896036410906131766,491,491,add69811c575bc7be9d6,2019-05-03,2019-05-02,2019
NQH9,opening_hour_rth,2019-02-22T10:30:00-05:00,1.970325815060215336967947127522618463285,9.911504424778761061946902655,711.6106194690265486725663712,1.069761596296582410493532125945809150999,113,113,ae80c73c3c56b84a2ac9,2019-02-22,2019-02-22,2019
NQU9,full_overnight,2019-08-26T09:30:00-04:00,5.482500180368619839046380043979409447207,19.32630614115490375802016499,241.6003666361136571952337303,0.6957478709454179145255212071797980836743,1091,1091,aec103bc81dde32c2f9b,2019-08-26,2019-08-26,2019
NQU9,full_overnight,2019-07-30T09:30:00-04:00,2.998870983837277759395111167393138271154,14.34699453551912568306010929,281.144808743169398907103826,0.8118063508549083651604032585,366,366,aedfe7d56ce59a13ab62,2019-07-30,2019-07-30,2019
NQZ9,midnight,2019-10-01T09:30:00-04:00,2.359236694665447521776414288907954454704,26.3795180722891566265060241,321.885542168674698795180723,0.902960545903382401290324464,166,166,af2bbd4d5a82910d1c3f,2019-10-01,2019-10-01,2019
NQZ9,opening_hour_rth,2019-11-25T10:30:00-05:00,3.305092261614258455712480995370447712246,3.928571428571428571428571429,351.2040816326530612244897961,0.531399259032988930463913031,196,196,af4c9892381444addc87,2019-11-25,2019-11-25,2019
NQH9,prior_rth,2019-01-24T16:00:00-05:00,1.980626652593106589109037200698060186741,29.96929824561403508771929825,1434.557017543859649122807019,0.9674398669421832358056663075,228,228,af5a501b9487519a4306,2019-01-25,2019-01-24,2019
NQH9,full_overnight,2019-01-03T09:30:00-05:00,2.68821548428108706632661706491974446369,35.72506738544474393530997305,363.2668463611859838274932625,0.8549727665677829427328534859731847393128,371,371,aff182161a328ec87f35,2019-01-03,2019-01-03,2019
NQU9,opening_hour_rth,2019-08-07T10:30:00-04:00,1.913505773477969039639464526699629348964,7.599088838268792710706150342,360.6218678815489749430523959,1.005773318514497193546972606625420029938,439,439,b00fdd27fc75be133f3a,2019-08-07,2019-08-07,2019
NQM9,full_overnight,2019-05-17T09:30:00-04:00,2.905663353178412137935139803599731772896,21.02606635071090047393364929,333.5450236966824644549763028,0.832311570246200334392978495,422,422,b018885b273b986365e5,2019-05-17,2019-05-17,2019
NQU9,midnight,2019-07-26T09:30:00-04:00,3.094504955845080263934239305281013188361,24.54098360655737704918032787,433.6967213114754098360655734,0.894424368312986325672941977,122,122,b076082803860117f9e2,2019-07-26,2019-07-26,2019
NQU9,prior_rth,2019-08-14T16:00:00-04:00,3.059659255549724920311667090001280371699,20.96397941680960548885077187,1038.792452830188679245283017,0.7399791429841363477077476185244470022198,583,583,b0cf01c681a9ff0cbead,2019-08-15,2019-08-14,2019
NQU9,prior_rth,2019-07-23T16:00:00-04:00,2.40345020451344950429274478230072097044,18.86055776892430278884462151,1071.131474103585657370517932,0.9924504743179888714470154379039378701107,251,251,b11ca29448e6e762bae8,2019-07-24,2019-07-23,2019
NQH9,opening_hour_rth,2019-01-30T10:30:00-05:00,2.17331745188112518647064325283589771323,7.804733727810650887573964497,599.4615384615384615384615385,0.9987816148059391717805556641302731466723,169,169,b18472f9ec449e5a289a,2019-01-30,2019-01-30,2019
NQZ9,prior_rth,2019-12-03T16:00:00-05:00,3.386755457982539523709314749483546777158,17.70967741935483870967741935,1140.077956989247311827956993,0.7623934415668480721700474695,372,372,b1a8727dd5c83681f0d8,2019-12-04,2019-12-03,2019
NQZ9,full_overnight,2019-11-18T09:30:00-05:00,4.369969219820485669514538793467041612473,20.17768595041322314049586777,444.9710743801652892561983467,0.5316648865524924979468524175,242,242,b1d9f282e87cbc3c42e2,2019-11-18,2019-11-18,2019
NQM9,midnight,2019-04-16T09:30:00-04:00,3.899084505557617236646676542593124133956,24.64356435643564356435643564,450.2970297029702970297029704,0.7972013869066216954179846519533024789037,101,101,b1e9c6e978eb1cc39647,2019-04-16,2019-04-16,2019
NQH9,full_overnight,2019-01-08T09:30:00-05:00,2.051618043389924099621436871117092146665,29.71864406779661016949152542,334.9762711864406779661016948,1.027676126861707626992438289910334490609,295,295,b1fa7abba5bc13c87ec8,2019-01-08,2019-01-08,2019
NQM9,full_overnight,2019-05-30T09:30:00-04:00,2.346680517478732937948397023099029413989,35.46408839779005524861878453,467.7182320441988950276243093,0.8885971252439648344167251202251410283444,181,181,b22e00a6a0a83e494add,2019-05-30,2019-05-30,2019
NQU9,midnight,2019-06-18T09:30:00-04:00,4.312291581917859821094254516450389545003,11.02803738317757009345794393,175.6051401869158878504672898,0.6612985706392387857173138205,428,428,b23dc79707e22ddd3fa0,2019-06-18,2019-06-18,2019
NQU9,midnight,2019-07-10T09:30:00-04:00,4.507529134958211616763928158967032914992,10.92537313432835820895522388,207.8034825870646766169154227,0.6629903868053536959957513575,402,402,b281705e6d030073da6c,2019-07-10,2019-07-10,2019
NQM9,midnight,2019-05-22T09:30:00-04:00,2.802800843791406231311191298320918718019,17.63422818791946308724832215,312.922818791946308724832215,0.8427212070719998525293932125,298,298,b2dd130656d8d741bf58,2019-05-22,2019-05-22,2019
NQZ9,midnight,2019-10-22T09:30:00-04:00,2.011601242350764675175668123972938621481,17.38505747126436781609195402,304.8563218390804597701149424,0.9861750728436308155304646665,174,174,b34ba6c7d4b9f2c29097,2019-10-22,2019-10-22,2019
NQH0,prior_rth,2019-12-23T16:00:00-05:00,2.445055859830726204992139376217246149723,26.92592592592592592592592593,1612.802469135802469135802469,0.8105370352675709619063836854379059706813,81,81,b392889abc9a5aaec985,2019-12-26,2019-12-23,2019
NQU9,midnight,2019-08-09T09:30:00-04:00,2.204577890913073315752124382994383960036,29.8361581920903954802259887,411.6666666666666666666666666,1.046918765076305316603949625006919718992,177,177,b4390f27d4dd0fc9436d,2019-08-09,2019-08-09,2019
NQU9,full_overnight,2019-07-19T09:30:00-04:00,2.660490525103159365132382613901826645263,35.08988764044943820224719101,491.0337078651685393258426969,1.043717004632021423656042004,178,178,b4c41866c8cc3b715a6e,2019-07-19,2019-07-19,2019
NQH9,opening_hour_rth,2019-01-17T10:30:00-05:00,2.06523623801245372595420737351208686818,6.642512077294685990338164251,427.5942028985507246376811597,0.9630757562249338643767884631403719796081,207,207,b4ccca9d71424da73854,2019-01-17,2019-01-17,2019
NQH9,midnight,2019-01-22T09:30:00-05:00,2.29166903220113724090592865405102473522,34.14285714285714285714285714,542.8482142857142857142857142,0.9358761775481020531253543505,112,112,b4d59041708087cb0ef9,2019-01-22,2019-01-22,2019
NQM9,prior_rth,2019-06-03T16:00:00-04:00,3.032332546788063731984601369180469836322,15.32156862745098039215686275,811.0601307189542483660130729,0.9024546478741571592890957545854480102566,765,765,b4fe37828e445cd087f7,2019-06-04,2019-06-03,2019
NQZ9,midnight,2019-10-07T09:30:00-04:00,2.173735771087854831225327270935748181671,31.62585034013605442176870748,358.3469387755102040816326528,1.024971024351819192806376028307913110679,147,147,b4ff0cd31ffe48956d98,2019-10-07,2019-10-07,2019
NQH9,full_overnight,2019-01-31T09:30:00-05:00,2.312045996907492537368989598305590854434,40.3609467455621301775147929,635.0532544378698224852070994,1.043886302821029083532052589575499364112,169,169,b542e611d61ad4f6f2cf,2019-01-31,2019-01-31,2019
NQH9,midnight,2019-02-22T09:30:00-05:00,3.367092862767819551896138578031946890611,15.36486486486486486486486486,240.6351351351351351351351349,0.803505859601940311919657465,222,222,b547c5e6abc0d53f43fa,2019-02-22,2019-02-22,2019
NQU9,midnight,2019-08-01T09:30:00-04:00,3.45329191170370252448272657450090282998,20.48898678414096916299559471,356.0969162995594713656387663,0.7956779195667646870272202029452179432099,227,227,b5e1ffb2344cbeb150ed,2019-08-01,2019-08-01,2019
NQZ9,midnight,2019-12-02T09:30:00-05:00,3.341925964179435026032634907353730390361,14.90954773869346733668341709,333.2914572864321608040201007,0.7862722764658482864699345401023551207196,199,199,b5e851f88e39ab857653,2019-12-02,2019-12-02,2019
NQU9,midnight,2019-06-20T09:30:00-04:00,2.906584996978179768797560652702522838726,14.20289855072463768115942029,260.5942028985507246376811593,0.920349627938029057983994086,276,276,b5f29169c84a87b54600,2019-06-20,2019-06-20,2019
NQU9,opening_hour_rth,2019-08-23T10:30:00-04:00,2.434599724466794381686209082776517507177,8.730215827338129496402877698,397.9784172661870503597122306,0.904663064212875168326546431,278,278,b63831d874ab6cd74d48,2019-08-23,2019-08-23,2019
NQU9,opening_hour_rth,2019-06-19T10:30:00-04:00,3.542702351449855576037046220111369864708,6.895604395604395604395604396,418.0879120879120879120879124,0.529647799519105017571331829,182,182,b64cb46a50de2202e1ba,2019-06-19,2019-06-19,2019
NQU9,midnight,2019-08-14T09:30:00-04:00,3.173536012564574220862473120197760973278,12.04776579352850539291217257,225.2187981510015408320493082,0.8346878295528723989538388121378615449478,649,649,b70eef35f586518610c2,2019-08-14,2019-08-14,2019
NQH0,midnight,2019-12-30T09:30:00-05:00,3.095999127247491537759041774105528418641,17.45588235294117647058823529,354.1617647058823529411764704,1.032687022027248664248243779,136,136,b76cd809a0c54783d034,2019-12-30,2019-12-30,2019
NQH9,full_overnight,2019-03-01T09:30:00-05:00,4.634501250117576699601899620779046850042,18.22580645161290322580645161,262.1774193548387096774193546,0.6097881599272823653820476995,248,248,b7a0962263ff349b59b2,2019-03-01,2019-03-01,2019
NQZ9,opening_hour_rth,2019-10-29T10:30:00-04:00,2.306952054584377597527006997236404662625,6.849056603773584905660377358,472.3584905660377358490566045,0.9734847315921835055494267369405803678546,159,159,b7c557b8678093707c12,2019-10-29,2019-10-29,2019
NQH9,full_overnight,2019-01-09T09:30:00-05:00,3.168300110479751907339037021414801023592,34.89243027888446215139442231,388.2589641434262948207171318,1.017775792995273742923312477436523764127,251,251,b831d4bfa39033ba630d,2019-01-09,2019-01-09,2019
NQM9,midnight,2019-05-09T09:30:00-04:00,3.20790453785609750884286672457647148358,20.05806451612903225806451613,313.122580645161290322580645,0.726490742203604417209075869,310,310,b85f0168c88af8ea1754,2019-05-09,2019-05-09,2019
NQM9,midnight,2019-05-06T09:30:00-04:00,1.716884210506902006086397345712870170328,32.25714285714285714285714286,536.4428571428571428571428548,1.150031564739165696456430125,210,210,b89684127267388d3795,2019-05-06,2019-05-06,2019
NQZ9,full_overnight,2019-12-11T09:30:00-05:00,3.178741969578304257876907103098829032807,26.66836734693877551020408163,427.3418367346938775510204086,0.7814276874080228361569373385,196,196,b8b8212f25c5372ab0d2,2019-12-11,2019-12-11,2019
NQZ9,prior_rth,2019-10-21T16:00:00-04:00,2.885323582458694067373964110581674555613,17.87553648068669527896995708,828.763948497854077253218888,0.967497441946671335290570611594525428119,233,233,b8ffefe50e6b969fb66c,2019-10-22,2019-10-21,2019
NQU9,prior_rth,2019-08-22T16:00:00-04:00,2.955274040178537839686270128081185648647,13.65481171548117154811715481,699.5334728033472803347280341,1.01539679131109761960450041,478,478,b90ccfb553486d4efd78,2019-08-23,2019-08-22,2019
NQM9,prior_rth,2019-04-30T16:00:00-04:00,3.04275160652237440547853692496136438006,18.59925093632958801498127341,1378.445692883895131086142321,0.7355088696628037345252453411315125253987,267,267,b90dc68ba129655a779e,2019-05-01,2019-04-30,2019
NQU9,opening_hour_rth,2019-07-01T10:30:00-04:00,2.902808095398747042614196222508435412161,7.278947368421052631578947368,490.9105263157894736842105263,0.769092524427549976790482016,190,190,b9328f96563a05163b90,2019-07-01,2019-07-01,2019
NQU9,full_overnight,2019-08-23T09:30:00-04:00,3.774246452972777475031326156683658379862,17.82135523613963039014373717,302.4887063655030800821355259,0.9334373592377132216578526731853333149749,487,487,b942f0cc04a8967e1012,2019-08-23,2019-08-23,2019
NQM9,midnight,2019-06-13T09:30:00-04:00,3.704967288121371053732858375222984406937,16.33974358974358974358974359,211.4711538461538461538461538,0.696597666947418784763160593,312,312,b9d34aee4a865f518377,2019-06-13,2019-06-13,2019
NQZ9,prior_rth,2019-10-30T16:00:00-04:00,5.11402870893291741606613818767232150555,16.83529411764705882352941176,901.0617647058823529411764706,0.5781427499235679100571061025,340,340,ba34b6e4bf3a5d3e8a30,2019-10-31,2019-10-30,2019
NQM9,prior_rth,2019-05-21T16:00:00-04:00,3.049535751767588634365897516324378644922,25.83829787234042553191489362,1264.519148936170212765957448,0.9021935547541876799323484107792337292,235,235,ba3b6a837a625a71f736,2019-05-22,2019-05-21,2019
NQZ9,full_overnight,2019-11-20T09:30:00-05:00,2.411377380768648282538977723161147854435,35.86470588235294117647058824,655.6647058823529411764705876,0.8282399019265968713703530905,170,170,ba4b42b5e2e157f4d7a5,2019-11-20,2019-11-20,2019
NQM9,midnight,2019-05-16T09:30:00-04:00,2.066246164904716259162039701711391437612,17.52352941176470588235294118,281.4558823529411764705882354,1.015788333231508214915432226,340,340,ba78b6ee0290cfa3a2b5,2019-05-16,2019-05-16,2019
NQU9,midnight,2019-07-19T09:30:00-04:00,3.392125530374865392543890849586152918198,20.61627906976744186046511628,343.8662790697674418604651163,0.8870866667421687426568192585,172,172,ba7afce4c178bd830208,2019-07-19,2019-07-19,2019
NQH0,opening_hour_rth,2019-12-16T10:30:00-05:00,3.124727044620512835037885557132870287095,5.035294117647058823529411765,360.7705882352941176470588231,0.916685623708967892168701318,170,170,babbb4e4e0de8edfb455,2019-12-16,2019-12-16,2019
NQZ9,prior_rth,2019-10-08T16:00:00-04:00,2.346068352151815425414127039750159528027,22.09813084112149532710280374,949.070093457943925233644865,0.939076138673040097908007931,428,428,bac5d514453b248e173e,2019-10-09,2019-10-08,2019
NQM9,midnight,2019-05-03T09:30:00-04:00,2.608409782830418357776700459171175385364,18.89090909090909090909090909,393.3393939393939393939393938,0.9080959129795512255759690250197811032034,165,165,baf00a25ac13fa5c6657,2019-05-03,2019-05-03,2019
NQM9,prior_rth,2019-04-03T16:00:00-04:00,2.971939058927583820462208293779582192586,16.33568904593639575971731449,1332.448763250883392226148411,0.7506962954400599507934445734671480936391,283,283,bbb5c9ce7ba52b02f706,2019-04-04,2019-04-03,2019
NQM9,full_overnight,2019-05-08T09:30:00-04:00,2.74252883407136383616515617863094735513,26.828125,424.0338541666666666666666659,0.8798610794640138976928604695,384,384,bbdb438f6a1f69ee3fd3,2019-05-08,2019-05-08,2019
NQZ9,prior_rth,2019-11-27T16:00:00-05:00,3.105433785665549708535802320324941976726,14.23936170212765957446808511,909.5372340425531914893617021,0.903327533513937428295736282,188,188,bbef7cc7bb3e9163118b,2019-12-02,2019-11-27,2019
NQH9,midnight,2019-01-24T09:30:00-05:00,2.522545282634443646390805232646414591111,27.28961748633879781420765027,390.4972677595628415300546448,0.998955807541157519665367287167940197421,183,183,bc81ecf48a98ee66df3b,2019-01-24,2019-01-24,2019
NQH9,prior_rth,2019-01-23T16:00:00-05:00,4.201376175977787503156338460841349736894,15.28977272727272727272727273,780.8712121212121212121212106,0.8006726465401257577416230695,528,528,bceb3bfc9ea7f3162e80,2019-01-24,2019-01-23,2019
NQZ9,opening_hour_rth,2019-09-24T10:30:00-04:00,2.528108525081274473267415084291355629436,7.221621621621621621621621622,481.3783783783783783783783778,0.9560388187422845887643707094460797972649,185,185,bd443b78a89aa4b973a9,2019-09-24,2019-09-24,2019
NQH9,prior_rth,2019-01-18T16:00:00-05:00,2.244450838728675882668205720492700346926,18.41576086956521739130434783,1058.133152173913043478260873,0.9201011025817538448762625845,368,368,bdd4829140b0a3746a1d,2019-01-22,2019-01-18,2019
NQM9,opening_hour_rth,2019-03-15T10:30:00-04:00,2.26515607958891253609519134797070061702,6.285714285714285714285714286,628.6038961038961038961038956,1.087567471709850674028306428,154,154,bde29cb8d0383db32a2d,2019-03-15,2019-03-15,2019
NQM9,midnight,2019-04-03T09:30:00-04:00,1.976116180955292847789894415394909980514,38.47297297297297297297297297,783.864864864864864864864865,1.025648779321151681942630096,74,74,be4520f83e5ab6bc4fd5,2019-04-03,2019-04-03,2019
NQM9,midnight,2019-05-07T09:30:00-04:00,3.367282697872690584108999584596218628977,12.77506112469437652811735941,248.6625916870415647921760377,0.870563586104666639047120392913072044086,409,409,be94c4edd18a71bf6467,2019-05-07,2019-05-07,2019
NQM9,prior_rth,2019-05-29T16:00:00-04:00,2.843423756407066915155223410421181760497,25.61075949367088607594936709,1335.607594936708860759493672,0.837624212922020132574914367,316,316,bece05c968f399d3da09,2019-05-30,2019-05-29,2019
NQZ9,full_overnight,2019-09-24T09:30:00-04:00,3.419468288802756150596098247042880090619,33.51190476190476190476190476,416.9107142857142857142857143,0.9887669263156676325441138795,168,168,bf4e93f7a1959f8fdda8,2019-09-24,2019-09-24,2019
NQM9,full_overnight,2019-03-21T09:30:00-04:00,2.587822391025280608914151486604836066794,20.5570934256055363321799308,303.9446366782006920415224916,1.035877738625662231365941836562005231978,289,289,bfe486c34e8f36940ff1,2019-03-21,2019-03-21,2019
NQU9,prior_rth,2019-08-02T16:00:00-04:00,2.62662127902605797682666204314487529348,24.06060606060606060606060606,1170.30735930735930735930736,0.655744761719039600130740994,462,462,c009c2fc614c2c1908b1,2019-08-05,2019-08-02,2019
NQZ9,opening_hour_rth,2019-10-09T10:30:00-04:00,2.172741189189618866864325941873425291338,11,499.6153846153846153846153848,0.9536037974878478903566606968533352019836,143,143,c0af10e75f3e13795747,2019-10-09,2019-10-09,2019
NQH9,midnight,2019-01-29T09:30:00-05:00,2.628848312564486885451948160314031851837,19.86486486486486486486486486,283.3693693693693693693693691,0.9123928270770648246572996055,222,222,c0b71be562067533a14b,2019-01-29,2019-01-29,2019
NQZ9,opening_hour_rth,2019-10-15T10:30:00-04:00,3.285075198499106085169598962593774546906,4,306.0488888888888888888888882,0.6763153200287170449530983296217226971551,225,225,c134f02538cde17b2031,2019-10-15,2019-10-15,2019
NQM9,full_overnight,2019-06-11T09:30:00-04:00,3.238646090361156369775549431069150918907,15.88955223880597014925373134,244.5223880597014925373134331,0.8503829730733717534184020194808046748648,335,335,c17780dbf58a30b29f87,2019-06-11,2019-06-11,2019
NQM9,opening_hour_rth,2019-05-07T10:30:00-04:00,2.597633752982816844665086111433918992569,7.230496453900709219858156028,584.769503546099290780141844,0.854240060592068781173917985,282,282,c1a68bdacd3b12da993c,2019-05-07,2019-05-07,2019
NQZ9,midnight,2019-12-10T09:30:00-05:00,4.748870965378682674529962886320882929033,13.53468208092485549132947977,326.6127167630057803468208113,0.599713608540050015482890918,346,346,c27df0a1c101e8a3933a,2019-12-10,2019-12-10,2019
NQZ9,opening_hour_rth,2019-10-04T10:30:00-04:00,1.919518475659484766205509672396300387824,10.28571428571428571428571429,523.2032967032967032967032963,1.123507201131157088340952086,182,182,c2c048b25a6301647389,2019-10-04,2019-10-04,2019
NQH9,midnight,2019-02-05T09:30:00-05:00,2.234736934629976569383420850999989924189,17.4450867052023121387283237,249.1502890173410404624277456,0.9855398048566209553551453541952345625866,173,173,c40c851cf23187cd1eda,2019-02-05,2019-02-05,2019
NQZ9,full_overnight,2019-11-14T09:30:00-05:00,2.840920091254203353354687742801766232684,30.9375,436.6406250000000000000000001,0.6826687478017654309643360515,192,192,c4988b33bd5865589d88,2019-11-14,2019-11-14,2019
NQH9,midnight,2019-02-04T09:30:00-05:00,2.519167195346976251521674351266367639452,30.96363636363636363636363636,330.8636363636363636363636368,0.954294971829200623961201414,110,110,c4b64e6b48fdbc347743,2019-02-04,2019-02-04,2019
NQH9,midnight,2019-01-17T09:30:00-05:00,2.238280764083295034682507516595228489508,21.49767441860465116279069767,273.5906976744186046511627909,0.9858714331977613449888391597192901686475,215,215,c5036546a5ee7227b4fd,2019-01-17,2019-01-17,2019
NQZ9,midnight,2019-11-08T09:30:00-05:00,4.130413629310597984376361691419235615268,20.4125,305.3125000000000000000000002,0.648134263487348528059893417,160,160,c54e0f7013f9eaa6bdb7,2019-11-08,2019-11-08,2019
NQZ9,prior_rth,2019-11-22T16:00:00-05:00,2.808416282325247224291663764292097800934,15.59160305343511450381679389,905.969465648854961832061066,0.9713776197674647333930336405,262,262,c55b86e7207ad860ff50,2019-11-25,2019-11-22,2019
NQM9,full_overnight,2019-05-09T09:30:00-04:00,3.085668729803259968992471829898279343305,21.74429223744292237442922374,312.1780821917808219178082201,0.768858937347852195536510241,438,438,c56570729e05aacdf35b,2019-05-09,2019-05-09,2019
NQU9,opening_hour_rth,2019-09-09T10:30:00-04:00,3.195207821807285298773274380331112306798,7.647798742138364779874213836,549.3459119496855345911949687,0.8339998519497343941379857952577465692084,159,159,c56991e34ab42764705f,2019-09-09,2019-09-09,2019
NQU9,prior_rth,2019-08-26T16:00:00-04:00,2.596707819638384170416907240062806658854,26.19795221843003412969283276,1148.945392491467576791808871,0.8020223459304367809898634722391983882736,293,293,c5a0121d79a2afc415a9,2019-08-27,2019-08-26,2019
NQU9,opening_hour_rth,2019-08-12T10:30:00-04:00,2.362593298650397417357667983212031208982,10.82741116751269035532994924,487.1421319796954314720812187,0.9588410995722180319277843784797264991157,197,197,c6626a7ebffc4c9fccc5,2019-08-12,2019-08-12,2019
NQH0,opening_hour_rth,2019-12-27T10:30:00-05:00,2.427857631936485682691125900209508221312,4.829383886255924170616113744,420.654028436018957345971564,1.014173934104394168963398366945167118799,211,211,c73b32d58df3e5b1d512,2019-12-27,2019-12-27,2019
NQM9,midnight,2019-03-25T09:30:00-04:00,2.4341326631934451499894769858005824674,17.22027972027972027972027972,282.4055944055944055944055941,0.8933845407297814948935465485,286,286,c7585e7937a39b2bfd26,2019-03-25,2019-03-25,2019
NQZ9,full_overnight,2019-09-25T09:30:00-04:00,2.78428354902948464140132383454859307094,25.22697368421052631578947368,418.3157894736842105263157918,1.059058197655339766382876082,304,304,c7662b14026af2a27183,2019-09-25,2019-09-25,2019
NQH0,midnight,2019-12-16T09:30:00-05:00,3.198303592955444007580561746826711812045,18.04109589041095890410958904,352.8698630136986301369863015,0.7391203260754662653528195265,146,146,c79f2033305eb9fe7c62,2019-12-16,2019-12-16,2019
NQH9,midnight,2019-03-06T09:30:00-05:00,3.159319769736318026825801932588186479131,25.71559633027522935779816514,339.9174311926605504587155967,0.7708364617676749609405544441284004837826,109,109,c7cdcb0bdb1c1230d8be,2019-03-06,2019-03-06,2019
NQU9,full_overnight,2019-08-06T09:30:00-04:00,3.750763517146257910300325198760094614115,20.13996316758747697974217311,297.6620626151012891344383045,0.7959406612864916990792782525,1086,1086,c8c2459b89b8c178527f,2019-08-06,2019-08-06,2019
NQH9,prior_rth,2019-02-07T16:00:00-05:00,3.007578922991633703231539214368394673855,19.12378640776699029126213592,1218.524271844660194174757283,0.87788937634020888832334725,412,412,c91d095900ed1fa90b69,2019-02-08,2019-02-07,2019
NQU9,opening_hour_rth,2019-09-04T10:30:00-04:00,2.459991642775993496569688931082504259404,8.33125,490.0374999999999999999999998,0.984948855510180395831387261,160,160,c931bbe5a9b1e31075bb,2019-09-04,2019-09-04,2019
NQZ9,prior_rth,2019-10-16T16:00:00-04:00,2.94537337810822282266649097525946739351,25.28571428571428571428571429,1266.972527472527472527472532,0.6376306672040776534118966665,182,182,ca89a76ed96b67e8473a,2019-10-17,2019-10-16,2019
NQH9,full_overnight,2019-01-30T09:30:00-05:00,3.150452550357038993274240794783045281587,27.4579831932773109243697479,355.0588235294117647058823528,0.7062191481019642856198909165,238,238,cad643e5c77d3bd30b86,2019-01-30,2019-01-30,2019
NQZ9,full_overnight,2019-11-21T09:30:00-05:00,3.095816037153364280333496163833582222975,29.02573529411764705882352941,484.8602941176470588235294143,0.8400994702073200622013223385,272,272,cba27fcaa108dc2ad14e,2019-11-21,2019-11-21,2019
NQZ9,midnight,2019-10-16T09:30:00-04:00,3.321859723818710109729225272397304971071,34.61363636363636363636363636,539.8863636363636363636363633,0.6969240890414680880429090175,132,132,cc364b186e6280d42277,2019-10-16,2019-10-16,2019
NQM9,prior_rth,2019-04-17T16:00:00-04:00,2.750830499708616978291130889729722623279,22.75225225225225225225225225,1710.59009009009009009009009,0.718696533682585275491033371,222,222,cc3923b0588b23bd13d9,2019-04-18,2019-04-17,2019
NQU9,opening_hour_rth,2019-07-23T10:30:00-04:00,2.448342216876401141971664371290216488506,5.209183673469387755102040816,374.0561224489795918367346945,1.018667561853407917586907125,196,196,cc9bd59a23d67f5e0b9f,2019-07-23,2019-07-23,2019
NQZ9,midnight,2019-12-12T09:30:00-05:00,3.009440860197419164348437006970346572954,17.97340425531914893617021277,406.7819148936170212765957448,1.027319181241909904643814014,188,188,cd23ea0641784d12dd57,2019-12-12,2019-12-12,2019
NQU9,prior_rth,2019-09-09T16:00:00-04:00,2.505177139974702523888196491124138647106,15.8128654970760233918128655,841.2368421052631578947368415,1.105735369399699255000040468,342,342,cd3caba2cc592aee34c1,2019-09-10,2019-09-09,2019
NQZ9,opening_hour_rth,2019-10-02T10:30:00-04:00,3.234324202380686977058675628608313405825,6.327464788732394366197183099,409.3767605633802816901408486,0.582600208041100815011200707,284,284,cd3f9a9067141f873b2e,2019-10-02,2019-10-02,2019
NQH9,opening_hour_rth,2019-02-13T10:30:00-05:00,2.61105076098584615370062106665616226413,8.539393939393939393939393939,561.763636363636363636363637,0.811914644009735264999560427679034474541,165,165,cda5e3f52e3f964a7db4,2019-02-13,2019-02-13,2019
NQU9,midnight,2019-07-11T09:30:00-04:00,3.179365605896663696455833707354615199561,25.65734265734265734265734266,412.3356643356643356643356652,0.9763032409872146892963310961529776408174,143,143,cdc93bd4c0447687de17,2019-07-11,2019-07-11,2019
NQU9,opening_hour_rth,2019-08-08T10:30:00-04:00,2.464278366634730321078986867712000112555,7.121568627450980392156862745,450.0549019607843137254901953,0.8996697437252533616412334141004956303963,255,255,cdeb9b96707caa51c115,2019-08-08,2019-08-08,2019
NQH0,opening_hour_rth,2019-12-17T10:30:00-05:00,1.834916299436210557109310582120746765922,7.922413793103448275862068966,579.4051724137931034482758628,1.120762735795415766532995472,116,116,cdf12948590f4e8ede36,2019-12-17,2019-12-17,2019
NQM9,midnight,2019-04-22T09:30:00-04:00,2.513886177155746090383397905430580010447,19.97435897435897435897435897,294.7435897435897435897435897,0.9035307635107535153399554878881502280463,117,117,ce289c478e91128761ff,2019-04-22,2019-04-22,2019
NQU9,full_overnight,2019-07-24T09:30:00-04:00,3.145559535584500964942503943280140978154,27.35135135135135135135135135,418.459459459459459459459459,0.8433035818774143112177407810750020153209,185,185,ce5216534780b2cdc777,2019-07-24,2019-07-24,2019
NQM9,midnight,2019-06-11T09:30:00-04:00,3.034241238872809606030915049663041563114,15.18502202643171806167400881,272.4449339207048458149779737,0.8943366040257549843559810677191275294241,227,227,ce58ee7ee553b80816fc,2019-06-11,2019-06-11,2019
NQU9,opening_hour_rth,2019-08-09T10:30:00-04:00,2.570946359300277543174630103672913666322,6.708333333333333333333333333,376.935897435897435897435899,0.825364141610531048475084401,312,312,ce5abd8f84113ecab7bc,2019-08-09,2019-08-09,2019
NQH9,prior_rth,2019-01-08T16:00:00-05:00,2.979807888617217802376685662343830098629,18.19327731092436974789915966,889.0924369747899159663865553,0.9740452996932589855975943195,476,476,cf06cc23dc4cdb3f4fe5,2019-01-09,2019-01-08,2019
NQM9,prior_rth,2019-05-01T16:00:00-04:00,4.731399519170740606250830237722931672306,14.6937799043062200956937799,979.1100478468899521531100529,0.4875372376514010769536911344,418,418,cf79d5bf58d03c045711,2019-05-02,2019-05-01,2019
NQU9,midnight,2019-08-13T09:30:00-04:00,2.849171365927573350535965852323860249361,27.46757679180887372013651877,443.2662116040955631399317399,0.7289283622847503145732137170725913079223,293,293,cf7abbd85a8c3f3799c9,2019-08-13,2019-08-13,2019
NQH9,opening_hour_rth,2019-02-05T10:30:00-05:00,3.374629577422731712263209197545342505212,6.516129032258064516129032258,518.7741935483870967741935485,0.3820962564970141504286276014,186,186,cfabce9608532922d9b1,2019-02-05,2019-02-05,2019
NQM9,prior_rth,2019-05-15T16:00:00-04:00,4.55480403873133384238963940724271680858,11.06552706552706552706552707,548.8703703703703703703703749,0.753192217577863010339382365,702,702,cfc830947e8fb2ef166f,2019-05-16,2019-05-15,2019
NQM9,opening_hour_rth,2019-03-12T10:30:00-04:00,1.896534978692141988031504135977289639292,12.5462962962962962962962963,780.3518518518518518518518515,1.17151624873233182703721697,108,108,cfcb3f8b4b07455a4bce,2019-03-12,2019-03-12,2019
NQZ9,full_overnight,2019-11-04T09:30:00-05:00,2.848210781988338766988273820565889087501,15.41886792452830188679245283,249.6792452830188679245283018,0.9594335294640428407284262753989785156706,265,265,d005c1936e3f40a8d471,2019-11-04,2019-11-04,2019
NQZ9,opening_hour_rth,2019-09-19T10:30:00-04:00,3.14991592418557522996788239639505766054,6.344262295081967213114754098,397.2677595628415300546448091,0.7151530059218043003067997731355246097903,183,183,d083914028d90e43c1e9,2019-09-19,2019-09-19,2019
NQH9,full_overnight,2019-03-05T09:30:00-05:00,2.865592875628420099213156496656527925954,31.0172413793103448275862069,393.7183908045977011494252876,0.879616157275893097414268683,174,174,d12f872abd92c0520457,2019-03-05,2019-03-05,2019
NQU9,full_overnight,2019-06-21T09:30:00-04:00,2.385928016982786030127909473163929553141,39.73184357541899441340782123,502.681564245810055865921788,1.005490145439337133244845890075471354241,179,179,d17667cd56cffecdbc25,2019-06-21,2019-06-21,2019
NQZ9,prior_rth,2019-09-26T16:00:00-04:00,2.295199544552407613675381077249324264386,21.89820359281437125748502994,1148.769461077844311377245506,0.930570212498271868137402196,334,334,d1acee93ff19c6ab263c,2019-09-27,2019-09-26,2019
NQU9,full_overnight,2019-06-27T09:30:00-04:00,2.978251286161571525836844403530168613209,21.43564356435643564356435644,293.9273927392739273927392738,0.9846244303857636795705326041801996857037,303,303,d1cb4be9715353135ba9,2019-06-27,2019-06-27,2019
NQU9,midnight,2019-08-30T09:30:00-04:00,3.825893459483829791585291244517300676989,16.14376996805111821086261981,309.7795527156549520766773169,0.6891907622233509881117877296463141190575,313,313,d2187b79ac32897fa892,2019-08-30,2019-08-30,2019
NQH0,opening_hour_rth,2019-12-26T10:30:00-05:00,2.651462075495148493688550005630219539965,5.305555555555555555555555556,304.8796296296296296296296297,0.8420108315511698400793559475,108,108,d22d6d6be930a42734e5,2019-12-26,2019-12-26,2019
NQU9,opening_hour_rth,2019-08-13T10:30:00-04:00,3.74949887565440505811093985677760700855,3.847385272145144076840981857,217.2860192102454642475987173,0.647768992464966833318693955708649940202,937,937,d23cd416236ded1da809,2019-08-13,2019-08-13,2019
NQU9,opening_hour_rth,2019-07-22T10:30:00-04:00,2.07236916115988463366815363676515814389,6.241573033707865168539325843,499.910112359550561797752809,1.052388778859119738785351924,178,178,d29d5bdbfafd4246e4e9,2019-07-22,2019-07-22,2019
NQH9,opening_hour_rth,2019-02-04T10:30:00-05:00,2.340413571743595814035120429845554697357,6.921568627450980392156862745,479.8431372549019607843137256,0.94924316705036427152902425,204,204,d2ec4e492daf7b45824f,2019-02-04,2019-02-04,2019
NQZ9,opening_hour_rth,2019-11-12T10:30:00-05:00,4.067657373428502693106293474909556300075,5.283687943262411347517730496,458.6099290780141843971631208,0.7663304446110701465193091920155354561826,141,141,d313b3b88dba553f4db0,2019-11-12,2019-11-12,2019
NQH9,opening_hour_rth,2019-01-04T10:30:00-05:00,2.981232438183045557858614745828981294823,4.504990019960079840319361277,275.3952095808383233532934118,0.7610996480955144384779613842406195762802,501,501,d32aeb1e8cd6dbc6f017,2019-01-04,2019-01-04,2019
NQM9,opening_hour_rth,2019-05-20T10:30:00-04:00,2.221640341028632512156191524846286806792,9.116731517509727626459143969,553.4202334630350194552529214,0.8576388689812814250438777434080283315457,257,257,d3a3c6a25ca444c5375d,2019-05-20,2019-05-20,2019
NQU9,prior_rth,2019-06-25T16:00:00-04:00,3.394080835476597351825277173246984046754,11.30541012216404886561954625,581.4607329842931937172774857,0.7977116397463754186854534094202760720634,573,573,d3b609dc5af8ea4bd73d,2019-06-26,2019-06-25,2019
NQZ9,full_overnight,2019-10-03T09:30:00-04:00,2.345513418107309290671059080796895345301,51.02762430939226519337016575,610.9668508287292817679558006,1.005349719925966746840709248787627529329,181,181,d40f37160f8049dd65fa,2019-10-03,2019-10-03,2019
NQZ9,opening_hour_rth,2019-11-05T10:30:00-05:00,2.426906368024971543476508806858047407933,6.945783132530120481927710843,497.1024096385542168674698784,0.783159249328306520249073205,166,166,d46a7e0030b0aca74bdd,2019-11-05,2019-11-05,2019
NQM9,opening_hour_rth,2019-06-12T10:30:00-04:00,1.90125299121957895597699389114680129242,9.515723270440251572327044025,633.0000000000000000000000006,1.090495266044628846127973739265522778539,159,159,d472a5adce501220692f,2019-06-12,2019-06-12,2019
NQM9,full_overnight,2019-06-10T09:30:00-04:00,3.339140919067192597573072851091282251056,31.22897196261682242990654206,396.8317757009345794392523365,0.679510204852556687138747846,214,214,d49e676107521c360baf,2019-06-10,2019-06-10,2019
NQM9,opening_hour_rth,2019-06-04T10:30:00-04:00,2.81596440681401292806211898319110499044,7.931034482758620689655172414,537.9386973180076628352490418,0.7910237315450120447028387140473069433095,261,261,d556699003790c1dd2dd,2019-06-04,2019-06-04,2019
NQZ9,full_overnight,2019-11-13T09:30:00-05:00,3.034966163076458122580399133959482899063,22.15813953488372093023255814,339.7720930232558139534883719,0.8588696619564117990255907215393316186069,215,215,d59536423bc14835ee7c,2019-11-13,2019-11-13,2019
NQU9,prior_rth,2019-08-20T16:00:00-04:00,2.300996331978562801835611220503553380994,22.89208633093525179856115108,1018.025179856115107913669069,1.067666299495922439863489694,278,278,d6091d1af4cbc2af2252,2019-08-21,2019-08-20,2019
NQZ9,full_overnight,2019-10-25T09:30:00-04:00,2.586502792686969581659784005716990802576,39.91964285714285714285714286,536.8214285714285714285714288,0.960481357990926456580173304,112,112,d69263c66d25331308e2,2019-10-25,2019-10-25,2019
NQU9,opening_hour_rth,2019-07-11T10:30:00-04:00,2.040624719112046375666003275999889780754,12.36458333333333333333333333,901.3541666666666666666666667,0.905252561974553076694996893,96,96,d693fbe1fd75a96d74c6,2019-07-11,2019-07-11,2019
NQU9,opening_hour_rth,2019-08-27T10:30:00-04:00,2.727308300000266962055614333153519374412,10.70469798657718120805369128,594.5838926174496644295302016,0.6132314579078232456672597802195661531132,149,149,d6f6b0d4a51265584cf7,2019-08-27,2019-08-27,2019
NQM9,midnight,2019-03-14T09:30:00-04:00,2.076229579155570505413054327564670143855,21.2654320987654320987654321,352.3765432098765432098765427,1.130330416117100434579163648,162,162,d757a1f0b5dcf44e44e4,2019-03-14,2019-03-14,2019
NQM9,opening_hour_rth,2019-04-16T10:30:00-04:00,2.145034032108596521905918494681423784362,7.611650485436893203883495146,783.2330097087378640776699026,1.018007778196020905387414656910074908086,103,103,d77fa243ad1a71c24061,2019-04-16,2019-04-16,2019
NQM9,full_overnight,2019-03-28T09:30:00-04:00,2.103257813459402541110906844550091697068,29.42168674698795180722891566,452.8835341365461847389558213,1.087175794113518786636717150649963403596,249,249,d798af145bd2258c8523,2019-03-28,2019-03-28,2019
NQM9,midnight,2019-03-20T09:30:00-04:00,2.753311990478408630897005082305561337331,23.63157894736842105263157895,370.7631578947368421052631576,0.757787200895611812098485934,114,114,d89eb19c6bf89be5154d,2019-03-20,2019-03-20,2019
NQU9,full_overnight,2019-08-09T09:30:00-04:00,2.559908530811557895894917716542121589595,37.50561797752808988764044944,520.8314606741573033707865187,0.6976905134316283185009814257753644868565,267,267,d8d934e139b687153286,2019-08-09,2019-08-09,2019
NQZ9,full_overnight,2019-10-07T09:30:00-04:00,5.677053556978403785031147495192965141236,23.19934640522875816993464052,238.797385620915032679738562,0.08342515604428223551614958735,306,306,d96d36dd225fdf6400fc,2019-10-07,2019-10-07,2019
NQU9,prior_rth,2019-07-19T16:00:00-04:00,3.296645270525127557819563284414834484169,12.59362549800796812749003984,661.8386454183266932270916337,0.885553240898259624159711779,502,502,d993b699e7bbae5ec377,2019-07-22,2019-07-19,2019
NQM9,midnight,2019-05-21T09:30:00-04:00,3.337337377417609400538696922740647259389,20.36567164179104477611940299,351.3022388059701492537313433,0.9696326486623096220135330735,268,268,d9c6bed0e88269725f4c,2019-05-21,2019-05-21,2019
NQZ9,prior_rth,2019-11-13T16:00:00-05:00,2.435367045869836376147340290924414993255,26.45251396648044692737430168,1648.011173184357541899441342,0.9204716374386250750775088969071129980962,179,179,d9ecd27427cd67d55ca6,2019-11-14,2019-11-13,2019
NQZ9,midnight,2019-09-18T09:30:00-04:00,3.004889533578678063253197374553348772746,27.39583333333333333333333333,360.2604166666666666666666664,0.718787936590937834375719024,96,96,da25bab60149bc500d08,2019-09-18,2019-09-18,2019
NQM9,opening_hour_rth,2019-05-02T10:30:00-04:00,2.092778301881211192881448688155006370736,6.526829268292682926829268293,510.3024390243902439024390229,0.9331989084349816080797633656692552761692,205,205,db99c21b343e1eb08a50,2019-05-02,2019-05-02,2019
NQZ9,opening_hour_rth,2019-12-12T10:30:00-05:00,2.886488331340682756283851725192251939042,4.346982758620689655172413793,312.2931034482758620689655162,0.6359118261008880071813094255,464,464,dba001ab3996a3eef851,2019-12-12,2019-12-12,2019
NQM9,midnight,2019-05-10T09:30:00-04:00,2.159275406025396235677957087292278860584,26.3128491620111731843575419,350.2988826815642458100558637,1.079479418467509945591000243,358,358,dba7a31c2145bd2086ec,2019-05-10,2019-05-10,2019
NQM9,opening_hour_rth,2019-05-28T10:30:00-04:00,2.685813144853008083560980340346832683051,7.736559139784946236559139785,471.7473118279569892473118276,0.9086955705728069609663336185,186,186,dc1a07250f5089c74ae0,2019-05-28,2019-05-28,2019
NQU9,opening_hour_rth,2019-07-05T10:30:00-04:00,1.782501391551514083858749460091091824847,8.549668874172185430463576159,463.1059602649006622516556296,1.099761789620783767904391277346571216288,151,151,dc41c745a2b71d31aade,2019-07-05,2019-07-05,2019
NQZ9,opening_hour_rth,2019-10-16T10:30:00-04:00,2.339665027138609553594179542864496245764,9.909090909090909090909090909,641.9008264462809917355371912,0.6450029683602383261961916496554949664258,121,121,dc7bb6ec3debfcaf3ee9,2019-10-16,2019-10-16,2019
NQU9,midnight,2019-08-07T09:30:00-04:00,2.419726062374915790805117889412064865862,14.13170731707317073170731707,263.3788617886178861788617883,0.8730536435706158506169132273550365596154,615,615,dc8b9314c2d47189d5b7,2019-08-07,2019-08-07,2019
NQH9,opening_hour_rth,2019-03-08T10:30:00-05:00,1.90674478620076197798543482333535016858,12.59124087591240875912408759,461.6131386861313868613138676,0.9686292836857332454752317732955430863904,137,137,ddce86857c1d34bb75bc,2019-03-08,2019-03-08,2019
NQU9,full_overnight,2019-09-09T09:30:00-04:00,3.422991452079869819052217847301802322601,41.52985074626865671641791045,539.4552238805970149253731343,0.631640932669667268009695994,134,134,ddfa65f32203856308c8,2019-09-09,2019-09-09,2019
NQU9,opening_hour_rth,2019-07-16T10:30:00-04:00,2.059528746899601490759107802377470001133,9.6125,623.9500000000000000000000006,1.106878401506641353390590732,80,80,de0d8d6ac804c27f5d5b,2019-07-16,2019-07-16,2019
NQH9,full_overnight,2019-01-23T09:30:00-05:00,2.373144365696482289440773651563287303967,31.46017699115044247787610619,381.4424778761061946902654869,0.8940662598355375115729325015,226,226,de2e9074084f16358774,2019-01-23,2019-01-23,2019
NQZ9,opening_hour_rth,2019-10-22T10:30:00-04:00,2.016205512467888039877198035788455212494,8.914728682170542635658914729,572.6666666666666666666666675,1.073609347766752895395538809694652439358,129,129,de32d284ddd235efc675,2019-10-22,2019-10-22,2019
NQH9,full_overnight,2019-01-24T09:30:00-05:00,2.239419491003875054245479183009162438141,37.42523364485981308411214953,475.2102803738317757009345808,1.020135515739069871506223681,214,214,de4ff3544663f19b3e6d,2019-01-24,2019-01-24,2019
NQM9,full_overnight,2019-05-10T09:30:00-04:00,2.50069938394859872735251154925922659249,32.82432432432432432432432432,391.9806949806949806949806944,0.905807585625973695638861737,518,518,df05e10b51a4fe6c8713,2019-05-10,2019-05-10,2019
NQU9,prior_rth,2019-09-06T16:00:00-04:00,2.730810661671056153740676896426757544484,28.92682926829268292682926829,1428.506097560975609756097562,1.01177222946934509976753685,164,164,df12e9b3da4a800302c7,2019-09-09,2019-09-06,2019
NQH9,opening_hour_rth,2019-01-24T10:30:00-05:00,2.087539803068548002552900111505693504017,9.459016393442622950819672131,580.852459016393442622950818,0.9630085824559385221372342954614433694353,183,183,df2a35c4d38007a517a1,2019-01-24,2019-01-24,2019
NQU9,full_overnight,2019-08-08T09:30:00-04:00,3.08025914273681572079483780947052056275,31.75806451612903225806451613,378.784946236559139784946236,0.716670648336246341294973604,372,372,df3c192188a3a6243291,2019-08-08,2019-08-08,2019
NQZ9,midnight,2019-09-30T09:30:00-04:00,3.219026825723166960076478079814167142758,26.57608695652173913043478261,330.6086956521739130434782601,0.715715169959005371964312276,184,184,dfa0cf6074d4ef5b95ed,2019-09-30,2019-09-30,2019
NQU9,midnight,2019-08-06T09:30:00-04:00,2.652707939716309024852237107866136190859,27.56968215158924205378973105,434.7212713936430317848410751,0.8574200205048560975903544084104808359066,409,409,dfa6518734783ccd1c9b,2019-08-06,2019-08-06,2019
NQM9,opening_hour_rth,2019-06-06T10:30:00-04:00,2.555370632877496575368129380103188942234,10.71794871794871794871794872,592.4935897435897435897435902,0.664460771156044010770589579,156,156,e00a17ae7225a70a225c,2019-06-06,2019-06-06,2019
NQU9,opening_hour_rth,2019-09-10T10:30:00-04:00,2.450758627327810481641942793583363623974,6.412556053811659192825112108,477.0224215246636771300448408,0.8884732867477614202859570003024164679813,223,223,e039f7e019a26cfe5707,2019-09-10,2019-09-10,2019
NQM9,opening_hour_rth,2019-05-09T10:30:00-04:00,3.123213549507753069455667711225249814763,6.656804733727810650887573964,437.9319526627218934911242577,0.759063762301194569833960473,338,338,e07a1217c33b3341604e,2019-05-09,2019-05-09,2019
NQH9,opening_hour_rth,2019-03-06T10:30:00-05:00,2.419338081162549344124568742171312128515,8.486301369863013698630136986,648.8972602739726027397260266,0.882100799493804496451262886,146,146,e0e6be052cac263b3613,2019-03-06,2019-03-06,2019
NQU9,opening_hour_rth,2019-06-28T10:30:00-04:00,3.06960683040912172325207225541466107583,5.875675675675675675675675676,367.8108108108108108108108104,0.7296151487339256182439918096646072836891,185,185,e1803621534aa4af778c,2019-06-28,2019-06-28,2019
NQH9,midnight,2019-01-04T09:30:00-05:00,2.847492633061651486478808411165422126842,24.51704545454545454545454545,309.8068181818181818181818176,0.6940818091048364722793836435,352,352,e1b453a20631bbca0a87,2019-01-04,2019-01-04,2019
NQH9,prior_rth,2019-02-20T16:00:00-05:00,2.711801617414331488244711987621833324397,19.10652920962199312714776632,1184.312714776632302405498283,0.8234884669048071463391091839016371194723,291,291,e1cb807099ace28427f1,2019-02-21,2019-02-20,2019
NQU9,prior_rth,2019-08-15T16:00:00-04:00,2.812631044980349735343178219439950324789,30.07017543859649122807017544,994.7869674185463659147869677,0.8812705679164808663462829566572200758922,399,399,e215fdf2714a93ec5920,2019-08-16,2019-08-15,2019
NQZ9,full_overnight,2019-09-23T09:30:00-04:00,2.755116954636088752284711607048995908965,23.05688622754491017964071856,291.5838323353293413173652697,1.023342522955437223311334576,334,334,e31d568e736a60e9e34d,2019-09-23,2019-09-23,2019
NQH9,opening_hour_rth,2019-02-07T10:30:00-05:00,2.067064468362745733055212356909634607772,8.897590361445783132530120482,722.7590361445783132530120458,0.791716072618381015973462611,166,166,e33a2601fc3f808d7267,2019-02-07,2019-02-07,2019
NQH9,full_overnight,2019-01-29T09:30:00-05:00,2.271030505856019483966755914566785597685,28.46666666666666666666666667,362.9583333333333333333333332,0.8750564969409103466357346175,240,240,e415dc29e5468af71bf4,2019-01-29,2019-01-29,2019
NQZ9,midnight,2019-11-11T09:30:00-05:00,2.61690575142471345243147787783023149341,34.87096774193548387096774194,541.2795698924731182795698924,0.6955020075394777711606489063905979793975,93,93,e41ba9874b2610cb1cef,2019-11-11,2019-11-11,2019
NQH9,full_overnight,2019-01-28T09:30:00-05:00,3.799651387431054017809314244401889849229,17.51980198019801980198019802,234.0866336633663366336633658,0.4049650148483042549408125313,404,404,e528bea48de7e89d9fa7,2019-01-28,2019-01-28,2019
NQM9,opening_hour_rth,2019-05-30T10:30:00-04:00,3.066820254938086747733114362067125783715,9.392,608.6799999999999999999999999,0.6947943303982777221816010103904986248622,125,125,e541387fce1041c79442,2019-05-30,2019-05-30,2019
NQM9,full_overnight,2019-04-11T09:30:00-04:00,2.910794767076636822388791077723801081058,27.35616438356164383561643836,480.2534246575342465753424655,0.8181608953245618350017274395,146,146,e5aa2daca275c8bf4c85,2019-04-11,2019-04-11,2019
NQH9,opening_hour_rth,2019-01-03T10:30:00-05:00,2.224681428020461901393008738054347454885,5.386892177589852008456659619,313.196617336152219873150107,0.95196005501713311202714708395142737303,473,473,e621c3b4f193f102cbe1,2019-01-03,2019-01-03,2019
NQZ9,opening_hour_rth,2019-10-31T10:30:00-04:00,2.138669400069678799229341393789202050803,6.679012345679012345679012346,425.2921810699588477366255136,0.944234580250278235926415947878000255547,243,243,e693ce6588e2850e747d,2019-10-31,2019-10-31,2019
NQZ9,full_overnight,2019-09-27T09:30:00-04:00,2.835755056932978827209519941775525733689,22.93065693430656934306569343,308.8540145985401459854014597,0.8115362776211149904721672515,274,274,e6f8a1931678575437ea,2019-09-27,2019-09-27,2019
NQZ9,midnight,2019-09-24T09:30:00-04:00,2.537513654238867462799207770486948568083,30.25714285714285714285714286,428.133333333333333333333333,1.049126203039759548069277651442315945046,105,105,e71d123d676fea56711f,2019-09-24,2019-09-24,2019
NQH9,opening_hour_rth,2019-01-22T10:30:00-05:00,1.967219347499896478527015853932244170463,9.44910179640718562874251497,638.0119760479041916167664641,0.9990289757212633564182430792736415448753,167,167,e72ad08f58382735d5a7,2019-01-22,2019-01-22,2019
NQM9,prior_rth,2019-03-13T16:00:00-04:00,2.609021256635393645373535024267597880773,18.18113207547169811320754717,1121.686792452830188679245283,0.776307125084759342194659335321103072499,265,265,e7414cb6ff63c08f08e3,2019-03-14,2019-03-13,2019
NQU9,opening_hour_rth,2019-08-20T10:30:00-04:00,1.971624687325041903101249379291092304192,9.518292682926829268292682927,519.8475609756097560975609762,1.094290247831688416138911418,164,164,e75d9b1680e7328b7f94,2019-08-20,2019-08-20,2019
NQU9,prior_rth,2019-06-20T16:00:00-04:00,2.886028401923418167304885395312434006035,16.09375,918.9739583333333333333333365,0.9696459848783408190763925685,384,384,e815e6c9fe766b9f6f13,2019-06-21,2019-06-20,2019
NQZ9,prior_rth,2019-11-15T16:00:00-05:00,3.219921812349270435626642412038953897219,24.10447761194029850746268657,1772.925373134328358208955225,0.7314531758536153743222351365,134,134,e818de55ebe6f7b02ec6,2019-11-18,2019-11-15,2019
NQZ9,opening_hour_rth,2019-10-18T10:30:00-04:00,2.734544041097535746424854308182585807051,7.734693877551020408163265306,471.9795918367346938775510204,0.8156289315397138286114166917021784740851,147,147,eafe84f5424cb6c306f9,2019-10-18,2019-10-18,2019
NQH9,prior_rth,2019-02-12T16:00:00-05:00,3.612389216083406675727236065712333531797,13.68456375838926174496644295,905.0436241610738255033557091,0.4712576499405108299156225453,298,298,ebc01a0c552aaf0ecfb9,2019-02-13,2019-02-12,2019
NQM9,midnight,2019-04-10T09:30:00-04:00,2.31668838229719511872096161888065262502,31.51851851851851851851851852,595.2839506172839506172839506,0.8916010590099450380973175188172538543331,81,81,ebd61a87b827268c76d6,2019-04-10,2019-04-10,2019
NQH9,midnight,2019-03-05T09:30:00-05:00,2.847798268871356693037599789872550466056,25.83739837398373983739837398,384.9024390243902439024390245,1.027930847436434495501794678204041493405,123,123,ebf2a72df7d2150a7046,2019-03-05,2019-03-05,2019
NQU9,prior_rth,2019-06-27T16:00:00-04:00,3.40866952188322375096495845227914680998,30.14193548387096774193548387,1307.638709677419354838709674,0.5185361202486851964942010655055956155662,155,155,ec6f0e794d0c10df5898,2019-06-28,2019-06-27,2019
NQZ9,midnight,2019-11-21T09:30:00-05:00,2.494410383359263849691512531093298657034,22.90196078431372549019607843,387.0588235294117647058823527,1.072674136965560931116388206,204,204,ed04703047363a25e34f,2019-11-21,2019-11-21,2019
NQU9,opening_hour_rth,2019-07-26T10:30:00-04:00,2.90270677952172186400274689205002139954,7.924050632911392405063291139,552.5316455696202531645569621,0.6029519300800066630529281175,158,158,ed12fa118e5f192c5fc6,2019-07-26,2019-07-26,2019
NQH9,prior_rth,2019-01-17T16:00:00-05:00,5.045548473562048450985304148313024935525,14.24838012958963282937365011,777.7170626349892008639308911,0.4875834667698116177834740770283536437839,463,463,edde898eeb9a799762dc,2019-01-18,2019-01-17,2019
NQM9,opening_hour_rth,2019-05-29T10:30:00-04:00,2.774979506213977507269185570119946019328,8.398963730569948186528497409,590.2331606217616580310880834,0.7316972323205226930430099047348761777763,193,193,ee31fe4cbe12465811d9,2019-05-29,2019-05-29,2019
NQU9,prior_rth,2019-07-18T16:00:00-04:00,2.248567164564676351751179737759689684831,14.80459770114942528735632184,876.3764367816091954022988509,0.9703586462306746960775438575,348,348,ee7450b614c3d4c8907d,2019-07-19,2019-07-18,2019
NQH0,full_overnight,2019-12-27T09:30:00-05:00,4.141755116570286355797778761866048470009,18.98265895953757225433526012,375.0520231213872832369942198,0.6437389693164676506988674381213463302872,173,173,ef1259a46a77a3e14abc,2019-12-27,2019-12-27,2019
NQM9,prior_rth,2019-03-20T16:00:00-04:00,3.750272984149061513928488768871885607488,16.76497695852534562211981567,1059.149769585253456221198156,0.9064270338309908208956896275,434,434,ef1ba0f856c9949edb2a,2019-03-21,2019-03-20,2019
NQZ9,prior_rth,2019-10-02T16:00:00-04:00,3.0413196368915277077722287339692600701,17.54527559055118110236220472,891.7322834645669291338582693,0.8053730761006527399146560185,508,508,ef1bcc96b4a133167117,2019-10-03,2019-10-02,2019
NQZ9,prior_rth,2019-10-01T16:00:00-04:00,3.458585115346312117413240889603365159996,13.30897009966777408637873754,644.4169435215946843853820596,0.805769044617502406442973458,602,602,ef2109db2cb3753d9e20,2019-10-02,2019-10-01,2019
NQM9,full_overnight,2019-04-01T09:30:00-04:00,4.700885825916331865238058093820794624892,23.05508474576271186440677966,428.7330508474576271186440674,0.5787426616615275624697789595,236,236,ef5bf466508dfbddefc4,2019-04-01,2019-04-01,2019
NQM9,opening_hour_rth,2019-03-14T10:30:00-04:00,1.792049170778200942822607632256597487733,11.48039215686274509803921569,742.9215686274509803921568631,1.06221417323513032025443494,102,102,ef6065763b1906ed9053,2019-03-14,2019-03-14,2019
NQZ9,midnight,2019-11-05T09:30:00-05:00,3.114988885689262102688495138249141942409,29.47422680412371134020618557,473.6494845360824742268041236,0.5720944524688066661193813733648851260588,97,97,efe275585020829bbb66,2019-11-05,2019-11-05,2019
NQM9,opening_hour_rth,2019-03-25T10:30:00-04:00,3.304587445116522706086954395507521981024,7.025641025641025641025641026,465.0384615384615384615384619,0.6703082943206492848167861435,312,312,f02d546a0522db6dbb64,2019-03-25,2019-03-25,2019
NQH9,full_overnight,2019-01-11T09:30:00-05:00,2.692990054021067255048557275051485286395,40.4375,422.7556818181818181818181816,0.8707604580102671545493208215,176,176,f065f8eeff17c7220ef9,2019-01-11,2019-01-11,2019
NQU9,full_overnight,2019-08-05T09:30:00-04:00,2.468407523824914587656359264090575971841,20.45390070921985815602836879,298.2553191489361702127659566,0.936275790398459101976723868120453788621,705,705,f0797a07e4377ed92838,2019-08-05,2019-08-05,2019
NQH9,prior_rth,2019-02-13T16:00:00-05:00,2.617059221069895482632483994002437530674,21.40271493212669683257918552,1228.357466063348416289592764,0.9490787484953139936593728763707576502656,221,221,f0b7bb03608541486d73,2019-02-14,2019-02-13,2019
NQZ9,opening_hour_rth,2019-11-04T10:30:00-05:00,2.067841001859573687576627772575139310782,9.034782608695652173913043478,756.8695652173913043478260867,1.082248862057699099642258770238586268907,115,115,f1016645ffde26db96f5,2019-11-04,2019-11-04,2019
NQZ9,midnight,2019-10-04T09:30:00-04:00,2.14479635508496392377511892442049087992,23.27526132404181184668989547,377.0174216027874564459930317,0.964785781550466390810335607562535173703,287,287,f16ea9670053c7f1928b,2019-10-04,2019-10-04,2019
NQH9,opening_hour_rth,2019-01-23T10:30:00-05:00,2.123503514410480814956247776667882308834,8.239766081871345029239766082,517.0409356725146198830409357,0.9015519868807292909573696307011879141383,171,171,f1cc20d41b581216b278,2019-01-23,2019-01-23,2019
NQZ9,full_overnight,2019-11-11T09:30:00-05:00,3.891171770234610925709111742600612043158,24.36979166666666666666666667,350.3072916666666666666666667,0.5244678096563299952970403555,192,192,f205957ff75930d10291,2019-11-11,2019-11-11,2019
NQU9,prior_rth,2019-08-28T16:00:00-04:00,3.237369867535044631236514969590983284082,16.9334975369458128078817734,740.963054187192118226600984,0.7687413920582888019547223995,406,406,f25df0eee1f30e9b5160,2019-08-29,2019-08-28,2019
NQZ9,full_overnight,2019-10-01T09:30:00-04:00,2.212364227100981320741780480744852710649,32.96923076923076923076923077,386.8820512820512820512820514,0.8288962619625495894453776575280550301399,195,195,f3ad584848d37d5ef9a4,2019-10-01,2019-10-01,2019
NQH0,prior_rth,2019-12-27T16:00:00-05:00,3.452789454478222133893021034652062271843,14.46666666666666666666666667,970.6392156862745098039215718,0.7591775612397785034443259895694197759004,255,255,f3d6aa4e917241f26476,2019-12-30,2019-12-27,2019
NQU9,prior_rth,2019-08-12T16:00:00-04:00,2.43591286496957653924848635111308558854,21.77157360406091370558375635,970.7715736040609137055837518,0.8698224991386558805653246355,394,394,f40ffc0a5efea5e901d8,2019-08-13,2019-08-12,2019
NQM9,midnight,2019-05-29T09:30:00-04:00,4.12182392540607723274734723050913828479,27.9222797927461139896373057,483.0777202072538860103626942,0.5029293336555477730413881630744619621717,193,193,f42c05cce4add917de24,2019-05-29,2019-05-29,2019
NQM9,midnight,2019-04-17T09:30:00-04:00,3.887726635006328398631742289243455780495,11.42073170731707317073170732,239.396341463414634146341463,0.6250020811585824922104732895,164,164,f43288359c17beafbb72,2019-04-17,2019-04-17,2019
NQU9,full_overnight,2019-07-31T09:30:00-04:00,2.568922708556547244219578888833813299771,54.73626373626373626373626374,844.9890109890109890109890105,0.6572377260419997105502503479524668574091,91,91,f473beb2349b4bdd3866,2019-07-31,2019-07-31,2019
NQU9,full_overnight,2019-07-08T09:30:00-04:00,3.715916953616273547770089918595269087802,25.23076923076923076923076923,307.8778280542986425339366515,0.7530190917543230578377209070797994838219,221,221,f47658dc94bf1bf5998f,2019-07-08,2019-07-08,2019
NQM9,opening_hour_rth,2019-04-15T10:30:00-04:00,3.14240790885364225011663469854664281437,4.672222222222222222222222222,385.4222222222222222222222223,0.785264751540472369436086126,180,180,f4b995185eae21bfab4a,2019-04-15,2019-04-15,2019
NQH0,full_overnight,2019-12-19T09:30:00-05:00,2.297507237274989281842252151292250321129,41.11627906976744186046511628,722.3255813953488372093023259,0.954782270333390396068056742,86,86,f58c7fd606e57285d598,2019-12-19,2019-12-19,2019
NQH9,prior_rth,2019-01-07T16:00:00-05:00,2.485729157848925679663742060797434820787,19.72026431718061674008810573,844.0837004405286343612334775,0.9322691182378091573763595275,454,454,f5ba20f5672bc53175f0,2019-01-08,2019-01-07,2019
NQZ9,full_overnight,2019-10-09T09:30:00-04:00,3.232015044615840486956873949246774049074,23.05458515283842794759825328,272.6004366812227074235807867,0.8195512604085918743237303815,458,458,f6e2c250814772c24d00,2019-10-09,2019-10-09,2019
NQZ9,prior_rth,2019-10-18T16:00:00-04:00,2.804653100141573444154703149345986834698,11.80244399185336048879837067,696.0977596741344195519348242,0.872277882822106993514148782830785075364,491,491,f7d848c0d89af77446e1,2019-10-21,2019-10-18,2019
NQZ9,midnight,2019-09-25T09:30:00-04:00,3.937912522782062769358821658006771279304,16.64965986394557823129251701,316.8537414965986394557823129,0.89068723083205666872890391,294,294,f81de90371a31f1a4770,2019-09-25,2019-09-25,2019
NQZ9,opening_hour_rth,2019-10-24T10:30:00-04:00,2.779157183554351466742040955012750563746,7.044943820224719101123595506,490.5617977528089887640449433,0.727934506178306360480420105,178,178,f82131bfff4a575dc610,2019-10-24,2019-10-24,2019
NQH9,midnight,2019-03-08T09:30:00-05:00,3.690453325179613990578846791637356424182,15.72240802675585284280936455,162.7725752508361204013377926,0.6149703050243873388869364046514016101151,299,299,f835c2b35fb57c0f43e4,2019-03-08,2019-03-08,2019
NQH9,prior_rth,2019-03-07T16:00:00-05:00,2.582699465603737341521161660083360852996,18.17258883248730964467005076,1137.362944162436548223350253,0.956499110070808989995000666,394,394,f84cbd06300f1a4663f2,2019-03-08,2019-03-07,2019
NQZ9,opening_hour_rth,2019-11-15T10:30:00-05:00,2.690404475636304940164129687043872741291,7.82300884955752212389380531,665.2212389380530973451327431,0.9281723666900907092177832405981678069604,113,113,f85a288d23c50a9b3e1b,2019-11-15,2019-11-15,2019
NQH9,opening_hour_rth,2019-02-27T10:30:00-05:00,2.495719593413135989994023608585620903226,4.883802816901408450704225352,363.6760563380281690140845074,0.8354711370065229446828320905,284,284,f867b22f4a33d53dff8a,2019-02-27,2019-02-27,2019
NQZ9,midnight,2019-10-21T09:30:00-04:00,3.857433142615645634348675676540393020671,21.64556962025316455696202532,338.5696202531645569620253165,0.631310528293035445150203653,158,158,f89a57bd016921b03c35,2019-10-21,2019-10-21,2019
NQH9,opening_hour_rth,2019-02-28T10:30:00-05:00,1.747208966180170404150331070481956380299,8.166666666666666666666666667,594.8866666666666666666666671,1.031405117254431624363951652,150,150,f8a22dae9a31e95f0463,2019-02-28,2019-02-28,2019
NQU9,prior_rth,2019-07-17T16:00:00-04:00,3.711187401324687260609633740166461535519,18.27188940092165898617511521,1041.299539170506912442396319,0.7476949009536011854899894551131940642231,217,217,f8bf5c1ffd99108233d0,2019-07-18,2019-07-17,2019
NQU9,midnight,2019-07-01T09:30:00-04:00,4.218302098972101226398934828832010497439,18.76470588235294117647058824,270.9068627450980392156862747,0.5173729335526439550133617885,204,204,f8c7cfc6d58190fbe9c1,2019-07-01,2019-07-01,2019
NQU9,opening_hour_rth,2019-08-29T10:30:00-04:00,2.350594801612627260485954537817139704424,8.064705882352941176470588235,542.8764705882352941176470583,0.874903676212157169370536846,170,170,f8e30917cb5a05fb1019,2019-08-29,2019-08-29,2019
NQU9,prior_rth,2019-08-23T16:00:00-04:00,2.904331678507958062539811645258934990265,11.20598591549295774647887324,508.8697183098591549295774629,0.833725590472967550888986016,1136,1136,f9d432b54932f99d8731,2019-08-26,2019-08-23,2019
NQU9,opening_hour_rth,2019-07-08T10:30:00-04:00,2.394586930837197458019567546391171463459,6.460122699386503067484662577,517.1226993865030674846625767,1.063031555928127623436961061241500327563,163,163,f9edc5f95d4d6b40454c,2019-07-08,2019-07-08,2019
NQU9,full_overnight,2019-08-02T09:30:00-04:00,2.388806837958514529870838190436178589233,40.79447852760736196319018405,547.4723926380368098159509236,1.09945350011691640296906102,326,326,fa39700f40b80ec0028d,2019-08-02,2019-08-02,2019
NQZ9,opening_hour_rth,2019-12-04T10:30:00-05:00,2.630683591322282518908188912061349760597,9.645669291338582677165354331,665.3464566929133858267716535,0.7211900177422548513506977241676700638381,127,127,fa5f94c37cf7a3f2004c,2019-12-04,2019-12-04,2019
NQZ9,prior_rth,2019-11-21T16:00:00-05:00,2.135736010191178526299387611199155345065,31.39644970414201183431952663,1595.585798816568047337278108,1.010898125038964944102492755154473580352,169,169,faf8dc50a50ed2d56e96,2019-11-22,2019-11-21,2019
NQU9,midnight,2019-07-22T09:30:00-04:00,2.86029316831279892582569360587378042249,18.785,261.8,0.978361002318986209752355478,200,200,fb0da33ae3067e5b0d86,2019-07-22,2019-07-22,2019
NQM9,midnight,2019-04-30T09:30:00-04:00,2.200806877157068959556583680162844125757,22.06194690265486725663716814,400.6017699115044247787610616,1.031678746387560592201480449863912669778,113,113,fb30cf01534031c0417c,2019-04-30,2019-04-30,2019
NQM9,opening_hour_rth,2019-03-29T10:30:00-04:00,2.360459272915655505477039108021371804526,9.761194029850746268656716418,597.4253731343283582089552237,0.7728083228837714203078114605,134,134,fb4302a4fcf800bb26c8,2019-03-29,2019-03-29,2019
NQM9,opening_hour_rth,2019-06-10T10:30:00-04:00,2.634747240468456007232085826323382019595,5.194444444444444444444444444,375.2499999999999999999999983,0.8440989227414442483288976,288,288,fb6b362f5c2849074260,2019-06-10,2019-06-10,2019
NQZ9,prior_rth,2019-12-06T16:00:00-05:00,2.753047793729371813456133702422438472069,17.45783132530120481927710843,1178.55421686746987951807229,0.966553533941638051248189409,166,166,fb7ac295674f98cfa95f,2019-12-09,2019-12-06,2019
NQH9,opening_hour_rth,2019-02-08T10:30:00-05:00,2.13616201046974847015417183203829146004,10.83333333333333333333333333,783.2013888888888888888888938,0.93207578825492634110016367,144,144,fbf628743ed3ff73b280,2019-02-08,2019-02-08,2019
NQH9,prior_rth,2019-02-22T16:00:00-05:00,2.021338930067386871759013161912634796589,23.41489361702127659574468085,1493.05851063829787234042553,1.046621157039087032947803348,188,188,fc38294223db8d6a6a7e,2019-02-25,2019-02-22,2019
NQM9,full_overnight,2019-06-05T09:30:00-04:00,2.533155916426661686699594262289527406608,28.20689655172413793103448276,504.1494252873563218390804602,0.8745511367751360144185917415156375965488,261,261,fc8a345b0cb5e13137ac,2019-06-05,2019-06-05,2019
NQM9,midnight,2019-05-17T09:30:00-04:00,2.646480965369519709363704033348844105819,21.8075601374570446735395189,387.6666666666666666666666677,0.8290842146128207743678246921387818681433,291,291,fcfecc77e8b060358758,2019-05-17,2019-05-17,2019
NQZ9,midnight,2019-11-04T09:30:00-05:00,2.681869918356716663551537731973890656131,14.85185185185185185185185185,280.2222222222222222222222222,0.9498642994300050993304727303250767406064,189,189,fd1a894132c9c5d1c979,2019-11-04,2019-11-04,2019
NQM9,midnight,2019-03-21T09:30:00-04:00,2.909207396709977710991695741703279426939,15.85,255.9038461538461538461538463,0.924372348811760706525295794,260,260,fd735f17be0d7e4e5309,2019-03-21,2019-03-21,2019
NQZ9,prior_rth,2019-12-05T16:00:00-05:00,2.946713936456629835262924144091296804183,20.92592592592592592592592593,1194.939814814814814814814818,0.941395454067681413272722959,216,216,fdcdddf143a0ff9ad439,2019-12-06,2019-12-05,2019
NQM9,midnight,2019-05-31T09:30:00-04:00,3.403384233671501669822097864637514251754,19.16883116883116883116883117,345.688311688311688311688311,0.685013857860686963362854906,308,308,fde221660a8627c159b4,2019-05-31,2019-05-31,2019
NQU9,full_overnight,2019-07-22T09:30:00-04:00,2.603727795642226860910271337457378498712,24.04819277108433734939759036,303.3493975903614457831325301,0.9261628458944396480074251072217605064427,249,249,fe33a35cd1f60bf2c9b5,2019-07-22,2019-07-22,2019
NQH0,prior_rth,2019-12-26T16:00:00-05:00,4.01143936345196928965045634638551112523,9.412698412698412698412698413,508.6468253968253968253968302,0.7397129204129121740227254355,252,252,fe6f37f122723b3021da,2019-12-27,2019-12-26,2019
NQZ9,opening_hour_rth,2019-11-01T10:30:00-04:00,2.117756506512321727743749526342917255226,6.435028248587570621468926554,466.5819209039548022598870055,0.9971775769092167849569211909772434029712,177,177,ff1a68c25bdfcba75df3,2019-11-01,2019-11-01,2019
NQU9,prior_rth,2019-08-13T16:00:00-04:00,8.402654951973618060734324714855008642903,11.54749199573105656350053362,520.3884738527214514407684092,0.395324925809928768486291974695662422061,937,937,ff527e27294067d90524,2019-08-14,2019-08-13,2019
NQU9,prior_rth,2019-06-17T16:00:00-04:00,3.291473335798397412149288160876142327052,18.01265822784810126582278481,762.2278481012658227848101283,0.35680726811623216680172346505807025192,237,237,ff92ed686706aa299292,2019-06-18,2019-06-17,2019
NQZ9,opening_hour_rth,2019-11-11T10:30:00-05:00,2.019424899412325767649253738513251535398,7.468253968253968253968253968,470.4761904761904761904761902,1.123763651272039301508050436,126,126,ffb84b6daeb2d2e9f6d9,2019-11-11,2019-11-11,2019
NQH9,opening_hour_rth,2019-01-15T10:30:00-05:00,3.442172840636465220430738066386210903572,4.685483870967741935483870968,372.9139784946236559139784954,0.678496802445662725169947675,372,372,ffd8df5fbd7d7f32e4d0,2019-01-15,2019-01-15,2019
NQZ9,full_overnight,2019-12-06T09:30:00-05:00,4.879255783586385453570387969269820282632,15.97966101694915254237288136,317.2271186440677966101694916,0.4289225777305605287925831956929486106744,295,295,fff6a834d90591eeebf6,2019-12-06,2019-12-06,2019
