contiguous,contract,family,freeze_time,poc_inside,profile_id,session_date,source_date,volume_POC,volume_VAH,volume_VAL,volume_value_area_share,volume_value_area_tick_count,year
true,NQH9,midnight,2019-01-18T09:30:00-05:00,true,000181fe67c6fecf6c7d,2019-01-18,2019-01-18,6751.625,6769,6737.25,0.7089992421476066335879420006,127,2019
true,NQM9,opening_hour_rth,2019-04-29T10:30:00-04:00,true,0049442e3899ed9c34e6,2019-04-29,2019-04-29,7845.125,7849.25,7837.75,0.7037829412520008523428203571,46,2019
true,NQH9,full_overnight,2019-02-26T09:30:00-05:00,true,00671d426e6be9a5c330,2019-02-26,2019-02-26,7097.875,7108.75,7087.5,0.7035789837280810445700840786,85,2019
true,NQZ9,prior_rth,2019-09-20T16:00:00-04:00,true,0078278d143e6b3ff2cc,2019-09-23,2019-09-20,7931.625,7942.25,7851.5,0.7003902407457597923974829844,363,2019
true,NQM9,prior_rth,2019-04-08T16:00:00-04:00,true,0182c5442c60e79f6612,2019-04-09,2019-04-08,7593.125,7606.75,7568.75,0.700989210180845815334500525,152,2019
true,NQU9,opening_hour_rth,2019-07-12T10:30:00-04:00,true,0192f1f6f6dc6c7587bf,2019-07-12,2019-07-12,7944.625,7946.25,7932.5,0.7087953635029853614184726312,55,2019
true,NQM9,prior_rth,2019-05-24T16:00:00-04:00,true,01bba9e94bdea915d3c7,2019-05-28,2019-05-24,7324.375,7347.5,7300.5,0.7004047400098326954043492075,188,2019
true,NQM9,full_overnight,2019-06-12T09:30:00-04:00,true,021e9b52893475eda8ad,2019-06-12,2019-06-12,7487.125,7498.5,7475.5,0.7009621076694845346997105263,92,2019
true,NQM9,full_overnight,2019-03-11T09:30:00-04:00,true,027d098d6cf4f482a46d,2019-03-11,2019-03-11,7072.625,7082,7048.5,0.7025821747180822711991553171,134,2019
true,NQZ9,opening_hour_rth,2019-11-21T10:30:00-05:00,true,02a8ea834d4edbb1447b,2019-11-21,2019-11-21,8270.125,8281,8262.5,0.7058593842082048164292272968,74,2019
true,NQM9,prior_rth,2019-03-11T16:00:00-04:00,true,02d6c21c7b93b5712a96,2019-03-12,2019-03-11,7183.125,7196.75,7135,0.7002282245419137043244919703,247,2019
true,NQM9,prior_rth,2019-05-16T16:00:00-04:00,true,030771c5b9bcf1d3ee6b,2019-05-17,2019-05-16,7614.375,7624.75,7579,0.7018915867823397063449515666,183,2019
true,NQH9,prior_rth,2019-01-14T16:00:00-05:00,true,0327f9c6289d20a35520,2019-01-15,2019-01-14,6569.375,6576.25,6550,0.7012913718306978789836485244,105,2019
true,NQU9,prior_rth,2019-08-27T16:00:00-04:00,true,038916c838e3f81240a8,2019-08-28,2019-08-27,7575.625,7612.5,7541.5,0.7013136491884508681625997388,284,2019
true,NQH9,midnight,2019-03-01T09:30:00-05:00,true,03c21eab4c532627bdcf,2019-03-01,2019-03-01,7155.125,7158,7146.75,0.7051847162281916837746162006,45,2019
true,NQU9,midnight,2019-09-10T09:30:00-04:00,true,03f2603e5e9a30fb6eb2,2019-09-10,2019-09-10,7807.625,7820.25,7796.25,0.7030756684286342550463577302,96,2019
true,NQH9,prior_rth,2019-02-14T16:00:00-05:00,true,042251ba58af8a687149,2019-02-15,2019-02-14,7041.625,7047.75,7006.25,0.7010418135643041682398581253,166,2019
true,NQH9,opening_hour_rth,2019-02-26T10:30:00-05:00,true,044fc8d538e8d2cb0223,2019-02-26,2019-02-26,7131.625,7136,7107.25,0.7020576483853320011512101916,115,2019
true,NQZ9,midnight,2019-10-15T09:30:00-04:00,true,0470eeb58bcb2c7e309f,2019-10-15,2019-10-15,7877.625,7894.5,7869.5,0.7058223660591139951877458042,100,2019
true,NQH9,prior_rth,2019-03-04T16:00:00-05:00,true,04e69c645caeedcacc6f,2019-03-05,2019-03-04,7098.625,7156.5,7077.75,0.7009774786946713774528738666,315,2019
true,NQU9,midnight,2019-07-02T09:30:00-04:00,true,065916afcc9d0db18f2b,2019-07-02,2019-07-02,7769.875,7786.75,7767,0.70567610233748671882546122,79,2019
true,NQZ9,opening_hour_rth,2019-12-13T10:30:00-05:00,true,069a465479e66bbf20f7,2019-12-13,2019-12-13,8512.625,8520,8473.75,0.7004353535065724489020591144,185,2019
true,NQH9,midnight,2019-01-23T09:30:00-05:00,true,06c13f25f54f4501e90f,2019-01-23,2019-01-23,6678.375,6692,6663.5,0.7088279580776905799409578344,114,2019
true,NQU9,prior_rth,2019-07-30T16:00:00-04:00,true,06e70b6f2a16b0882785,2019-07-31,2019-07-30,7963.875,7973.5,7957.25,0.7033183634192589396991957211,65,2019
true,NQZ9,prior_rth,2019-09-17T16:00:00-04:00,true,06fc22a10dadfe91f9b3,2019-09-18,2019-09-17,7885.875,7890.5,7875,0.7047466716779383702141609939,62,2019
true,NQU9,full_overnight,2019-08-22T09:30:00-04:00,true,0754eec74e603fc9404c,2019-08-22,2019-08-22,7759.125,7764.25,7729.5,0.7063705728594265785265360207,139,2019
true,NQU9,full_overnight,2019-06-26T09:30:00-04:00,true,0816a70bca8da5dd37cf,2019-06-26,2019-06-26,7637.625,7676.5,7625,0.7034013395910538458396637827,206,2019
true,NQZ9,prior_rth,2019-09-23T16:00:00-04:00,true,0886830907bd7f562b9e,2019-09-24,2019-09-23,7850.625,7855.5,7828.75,0.7017370271728709847117881588,107,2019
true,NQM9,prior_rth,2019-05-14T16:00:00-04:00,true,088dc15f93cd4106fdad,2019-05-15,2019-05-14,7440.375,7457.5,7397.75,0.7007775505249375925348592273,239,2019
true,NQU9,opening_hour_rth,2019-06-21T10:30:00-04:00,true,092399182ac8a87c17ab,2019-06-21,2019-06-21,7758.375,7761.5,7746.5,0.708314675992176398297309977,60,2019
true,NQU9,midnight,2019-08-15T09:30:00-04:00,true,098f84fa38635711bb8e,2019-08-15,2019-08-15,7524.875,7553.75,7477.75,0.7004317290907434248647803193,304,2019
true,NQM9,prior_rth,2019-06-07T16:00:00-04:00,true,09946e5c23d4668a278e,2019-06-10,2019-06-07,7424.875,7453,7385.75,0.700011177623566797288267673,269,2019
true,NQM9,full_overnight,2019-04-26T09:30:00-04:00,true,09e63a4daac9f7527e52,2019-04-26,2019-04-26,7806.375,7812.5,7781.25,0.7018270273922474343150473341,125,2019
true,NQZ9,full_overnight,2019-11-12T09:30:00-05:00,true,0a4720417b22b0fe62ff,2019-11-12,2019-11-12,8255.375,8268.25,8247.75,0.7010864730566929356098406724,82,2019
true,NQU9,opening_hour_rth,2019-07-31T10:30:00-04:00,true,0acb9ac11443686ee1c3,2019-07-31,2019-07-31,7974.125,7983.5,7971,0.7042407638396368146241303047,50,2019
true,NQM9,prior_rth,2019-04-29T16:00:00-04:00,true,0b75d6b06fb954ab32d6,2019-04-30,2019-04-29,7854.125,7859,7841.75,0.7026366383312828773134576679,69,2019
true,NQH0,prior_rth,2019-12-19T16:00:00-05:00,true,0b8959dd7dcbd51641bf,2019-12-20,2019-12-19,8661.625,8673.25,8636,0.7006555522175564990136608939,149,2019
true,NQU9,opening_hour_rth,2019-08-26T10:30:00-04:00,true,0bbd3bf7d447b8eac1a2,2019-08-26,2019-08-26,7547.375,7557.75,7527.5,0.7012473657251977050982696739,121,2019
true,NQM9,midnight,2019-04-15T09:30:00-04:00,true,0c46dfbea6a39bfe6b32,2019-04-15,2019-04-15,7649.625,7652.25,7645,0.7144153541337928408471201726,29,2019
true,NQM9,prior_rth,2019-03-14T16:00:00-04:00,true,0c8a1f406e0e5bca8ff7,2019-03-15,2019-03-14,7279.375,7287,7275,0.7033178361945723794097955524,48,2019
true,NQU9,full_overnight,2019-09-12T09:30:00-04:00,true,0cab395ad3c3958b7e80,2019-09-12,2019-09-12,7935.125,7953,7923.25,0.7046051535622151569409589164,119,2019
true,NQU9,midnight,2019-08-26T09:30:00-04:00,true,0cb9d8bc15299fbd9847,2019-08-26,2019-08-26,7562.375,7595.75,7542.5,0.7001460824366054822160210962,213,2019
true,NQM9,midnight,2019-03-11T09:30:00-04:00,true,0d2906930226b18dbabc,2019-03-11,2019-03-11,7072.625,7081.75,7063.75,0.702294177575003635662064764,72,2019
true,NQH9,midnight,2019-02-06T09:30:00-05:00,true,0d4843f06f8a0ba2bdca,2019-02-06,2019-02-06,7002.625,7019.5,6995.5,0.7027108617686295756963171432,96,2019
true,NQM9,prior_rth,2019-04-02T16:00:00-04:00,true,0d66bae753478c067f42,2019-04-03,2019-04-02,7510.375,7518.25,7497.5,0.7018151391678668149560096258,83,2019
true,NQZ9,prior_rth,2019-12-10T16:00:00-05:00,true,0dd2695b9472a4bcd6b3,2019-12-11,2019-12-10,8371.375,8390.5,8361.5,0.7050733198545509110057288754,116,2019
true,NQZ9,prior_rth,2019-10-15T16:00:00-04:00,true,0e4744e3a89c179e0fd4,2019-10-16,2019-10-15,7944.625,7971.25,7927.25,0.7005814525476945884927175994,176,2019
true,NQM9,prior_rth,2019-04-11T16:00:00-04:00,true,0e648178b8149488435f,2019-04-12,2019-04-11,7626.875,7634.5,7612.5,0.706371218151114195060114906,88,2019
true,NQU9,prior_rth,2019-07-25T16:00:00-04:00,true,0edf6b5c1d0568bff8da,2019-07-26,2019-07-25,7952.875,7967.75,7940.25,0.7021285934812318351031782803,110,2019
true,NQH9,midnight,2019-01-11T09:30:00-05:00,true,0f91db81e1a0ee00f2ef,2019-01-11,2019-01-11,6594.875,6617,6592,0.7003281954564083952841179855,100,2019
true,NQU9,opening_hour_rth,2019-07-19T10:30:00-04:00,true,0fa92c126fa7f91aa9a5,2019-07-19,2019-07-19,7949.875,7961.5,7939.25,0.7038026835781667217202723222,89,2019
true,NQU9,prior_rth,2019-09-11T16:00:00-04:00,true,0fdecf3a7cead46ffa95,2019-09-12,2019-09-11,7862.375,7892.75,7852.5,0.7001603026989162765640191527,161,2019
true,NQM9,midnight,2019-06-12T09:30:00-04:00,true,1009a9a4f50e07b22f58,2019-06-12,2019-06-12,7487.125,7493.25,7479.25,0.7105356541987533368214644251,56,2019
true,NQU9,midnight,2019-07-18T09:30:00-04:00,true,108932cde6d31faddd69,2019-07-18,2019-07-18,7872.875,7883.25,7855.5,0.7008042738902450603999344238,111,2019
true,NQH9,prior_rth,2019-01-28T16:00:00-05:00,true,109859a0960c55dc5287,2019-01-29,2019-01-28,6680.125,6693.25,6665.75,0.7028403016617090230095572254,110,2019
true,NQM9,full_overnight,2019-05-16T09:30:00-04:00,true,10b95c8b81f33620853f,2019-05-16,2019-05-16,7525.625,7561,7500.25,0.7019264942196764838990540713,243,2019
true,NQH9,midnight,2019-02-27T09:30:00-05:00,true,110df4c244c93a66a964,2019-02-27,2019-02-27,7101.375,7104.25,7094.25,0.7095978295467076248018415698,40,2019
true,NQH9,opening_hour_rth,2019-02-01T10:30:00-05:00,true,116b175c0344bd1922fe,2019-02-01,2019-02-01,6883.375,6912.5,6874.25,0.7030318119428092298651297023,153,2019
true,NQH9,prior_rth,2019-03-01T16:00:00-05:00,true,11a518d1845d0aae88c2,2019-03-04,2019-03-01,7152.375,7163,7129.75,0.7029673581660353615709640512,133,2019
true,NQU9,opening_hour_rth,2019-07-18T10:30:00-04:00,true,11dba2969aa221f43100,2019-07-18,2019-07-18,7892.375,7899,7884.5,0.7000724660495314852596367279,58,2019
true,NQU9,opening_hour_rth,2019-07-02T10:30:00-04:00,true,1218dad20c06ce59591e,2019-07-02,2019-07-02,7787.625,7793.5,7784,0.7113243863225090009342299924,38,2019
true,NQH9,opening_hour_rth,2019-02-25T10:30:00-05:00,true,1281745af004dda00df2,2019-02-25,2019-02-25,7154.375,7160.5,7147.75,0.7076118051132193162046720865,51,2019
true,NQZ9,prior_rth,2019-11-11T16:00:00-05:00,true,12b0dd1ebe5c9deca54a,2019-11-12,2019-11-11,8235.625,8251,8227,0.7033259385764916372791755039,96,2019
true,NQZ9,prior_rth,2019-12-13T16:00:00-05:00,true,12cbc2a587e41394df77,2019-12-16,2019-12-13,8496.375,8512.5,8475.25,0.7027571705795308579889004911,149,2019
true,NQH9,full_overnight,2019-02-04T09:30:00-05:00,true,12ee6821d1670c2d8845,2019-02-04,2019-02-04,6883.875,6886.75,6872.5,0.7031232524031690745098735451,57,2019
true,NQU9,midnight,2019-07-29T09:30:00-04:00,true,134bd41414aca5209a91,2019-07-29,2019-07-29,8025.625,8031,8015,0.7005340487355660010002528309,64,2019
true,NQU9,opening_hour_rth,2019-07-09T10:30:00-04:00,true,137da0f4f4726b17cc8f,2019-07-09,2019-07-09,7793.875,7809.25,7782.5,0.7057495231252534485840288659,107,2019
true,NQM9,full_overnight,2019-05-14T09:30:00-04:00,true,13d7f6d32687b9a72134,2019-05-14,2019-05-14,7361.875,7390.75,7352.5,0.7021970143464246336468991791,153,2019
true,NQM9,midnight,2019-04-11T09:30:00-04:00,true,13e29e89498415d32249,2019-04-11,2019-04-11,7645.375,7648.5,7637,0.7024509418737136691821580441,46,2019
true,NQH9,prior_rth,2019-02-19T16:00:00-05:00,true,13f92f92767411d0efe5,2019-02-20,2019-02-19,7084.125,7092.25,7068.75,0.7024403808760869215290569717,94,2019
true,NQU9,prior_rth,2019-07-02T16:00:00-04:00,true,148edaffa7a8dc06c619,2019-07-05,2019-07-02,7787.625,7803.5,7782,0.7003743726064675584923121803,86,2019
true,NQU9,full_overnight,2019-07-18T09:30:00-04:00,true,151abd50b0667f2f1fff,2019-07-18,2019-07-18,7872.875,7884,7853.5,0.7044082036418680838981940951,122,2019
true,NQZ9,full_overnight,2019-11-08T09:30:00-05:00,true,155ab3a43ee7d97a6655,2019-11-08,2019-11-08,8215.875,8225,8205.25,0.700922579655321929703111479,79,2019
true,NQU9,midnight,2019-07-23T09:30:00-04:00,true,15937f5417e60719300e,2019-07-23,2019-07-23,7959.125,7964.25,7940.25,0.7032611357049823287312127124,96,2019
true,NQZ9,prior_rth,2019-09-25T16:00:00-04:00,true,1602484dedce8af4d410,2019-09-26,2019-09-25,7764.375,7774.5,7692,0.7007956014928746110628185131,330,2019
true,NQH9,opening_hour_rth,2019-02-14T10:30:00-05:00,true,16bfb73aa67e44c9d650,2019-02-14,2019-02-14,6991.125,7012,6978,0.7036659716599497623794950848,136,2019
true,NQU9,prior_rth,2019-06-18T16:00:00-04:00,true,17cc5f893598a9db6b88,2019-06-19,2019-06-18,7699.375,7713.75,7672,0.7018562538562825987067575195,167,2019
true,NQZ9,opening_hour_rth,2019-10-07T10:30:00-04:00,true,17cfd82216f46fb99ccd,2019-10-07,2019-10-07,7752.875,7756.5,7734.75,0.7065746040983961063216007806,87,2019
true,NQH9,midnight,2019-01-09T09:30:00-05:00,true,182782f4c19f16636fda,2019-01-09,2019-01-09,6586.875,6594,6577.75,0.700131974910207779370328762,65,2019
true,NQH9,prior_rth,2019-02-28T16:00:00-05:00,true,183d82a9c97140cf1f2c,2019-03-01,2019-02-28,7117.375,7122,7099,0.7003916316085916952565282619,92,2019
true,NQH9,midnight,2019-02-15T09:30:00-05:00,true,18a9b7cc5bb16641d03a,2019-02-15,2019-02-15,7024.125,7049.75,6975.75,0.7000806389333390804288051638,296,2019
true,NQM9,prior_rth,2019-05-23T16:00:00-04:00,true,18f53b6e1f44a33b44b6,2019-05-24,2019-05-23,7313.375,7340,7290.25,0.7018658232651799153598283271,199,2019
true,NQM9,opening_hour_rth,2019-03-13T10:30:00-04:00,true,19041a32693d8d1ed503,2019-03-13,2019-03-13,7269.125,7275.75,7263.75,0.7048719047429512680548090768,48,2019
true,NQZ9,opening_hour_rth,2019-10-10T10:30:00-04:00,true,19145395c30efb6e32e3,2019-10-10,2019-10-10,7754.375,7763.5,7716.5,0.7009090715418665994461687945,188,2019
true,NQH0,prior_rth,2019-12-20T16:00:00-05:00,true,191738c8bfb395f8f072,2019-12-23,2019-12-20,8708.375,8711.25,8696,0.7039353668187764917574711047,61,2019
true,NQM9,opening_hour_rth,2019-06-13T10:30:00-04:00,true,19af9dedca96d26a5349,2019-06-13,2019-06-13,7518.625,7531.25,7514,0.7013297067629830609066150658,69,2019
true,NQZ9,full_overnight,2019-09-20T09:30:00-04:00,true,1b35cf6d8976c375adfa,2019-09-20,2019-09-20,7933.875,7942.75,7927,0.7012749098797589155653339433,63,2019
true,NQM9,midnight,2019-03-26T09:30:00-04:00,true,1b5a46009f49e2e55c48,2019-03-26,2019-03-26,7390.625,7402,7369.5,0.7005877061254078504440487339,130,2019
true,NQM9,prior_rth,2019-06-05T16:00:00-04:00,true,1b6392e6811dff8ca4da,2019-06-06,2019-06-05,7203.375,7216.5,7179.5,0.7027909580909835828000208665,148,2019
true,NQZ9,prior_rth,2019-10-28T16:00:00-04:00,true,1bb7df64733555a5191a,2019-10-29,2019-10-28,8115.625,8122.5,8097.5,0.7003488808817003876832483121,100,2019
true,NQH0,opening_hour_rth,2019-12-19T10:30:00-05:00,true,1bc36142442f9110c1c5,2019-12-19,2019-12-19,8631.125,8633,8627.5,0.710207109850811067398517797,22,2019
true,NQM9,full_overnight,2019-05-06T09:30:00-04:00,true,1ceac1b7b653050c7565,2019-05-06,2019-05-06,7717.625,7720,7686.75,0.7046448895445966735577696248,133,2019
true,NQM9,midnight,2019-05-14T09:30:00-04:00,true,1d0ab723407714b5c389,2019-05-14,2019-05-14,7368.875,7386.5,7357.5,0.7040429894705629877198394236,116,2019
true,NQH9,prior_rth,2019-01-03T16:00:00-05:00,true,1d0be41b38247483193b,2019-01-04,2019-01-03,6204.125,6254.25,6178.5,0.7000700768901303730029384392,303,2019
true,NQZ9,midnight,2019-12-04T09:30:00-05:00,true,1d54525980364276953c,2019-12-04,2019-12-04,8303.625,8314,8261.75,0.7023868709938404085792114417,209,2019
true,NQZ9,full_overnight,2019-11-26T09:30:00-05:00,true,1d6cc712855c379c266c,2019-11-26,2019-11-26,8382.375,8388,8372,0.7045612524066837873420314022,64,2019
true,NQH9,midnight,2019-02-26T09:30:00-05:00,true,1dabeeafa522a326ee67,2019-02-26,2019-02-26,7097.875,7105.25,7092.25,0.705147182099027721759420441,52,2019
true,NQZ9,prior_rth,2019-10-03T16:00:00-04:00,true,1e30b43e8d8d6ddfec4d,2019-10-04,2019-10-03,7632.125,7653.75,7547.75,0.7000904740253218844301533985,424,2019
true,NQH9,prior_rth,2019-03-06T16:00:00-05:00,true,1e887f5e5744c80e7361,2019-03-07,2019-03-06,7123.625,7137.5,7111.25,0.7006868117791640167985228385,105,2019
true,NQZ9,midnight,2019-10-23T09:30:00-04:00,true,1e92fb302a00e21a9eb8,2019-10-23,2019-10-23,7855.875,7858.5,7837.75,0.7027969276609696051369680767,83,2019
true,NQZ9,full_overnight,2019-12-09T09:30:00-05:00,true,1ea80a5a367faa645be2,2019-12-09,2019-12-09,8386.875,8393.75,8385.25,0.7060755016621418757915110495,34,2019
true,NQU9,midnight,2019-06-19T09:30:00-04:00,true,1eb24d573f0189ed7287,2019-06-19,2019-06-19,7679.125,7683,7675.25,0.7079915912716916179506606792,31,2019
true,NQM9,full_overnight,2019-06-03T09:30:00-04:00,true,1ee2225cfd5b7a2fa134,2019-06-03,2019-06-03,7087.125,7100,7078.75,0.7017847162479274701764598305,85,2019
true,NQM9,opening_hour_rth,2019-03-18T10:30:00-04:00,true,1f10a00ab4eedb8db9a4,2019-03-18,2019-03-18,7370.375,7375.25,7350.5,0.7104674452490450951842403914,99,2019
true,NQM9,midnight,2019-06-04T09:30:00-04:00,true,1f438895fd987e637d2e,2019-06-04,2019-06-04,7031.875,7053.75,7013.25,0.7026824028400292047315538749,162,2019
true,NQM9,opening_hour_rth,2019-06-03T10:30:00-04:00,true,1ff6e46a3b2a11278db3,2019-06-03,2019-06-03,7062.625,7097.75,7028.5,0.7013541587858138562132426242,277,2019
true,NQZ9,midnight,2019-10-14T09:30:00-04:00,true,2024a9ef99e83a80964c,2019-10-14,2019-10-14,7841.125,7859.25,7819,0.7007051487884253763443190408,161,2019
true,NQZ9,midnight,2019-12-09T09:30:00-05:00,true,206aa8d2ac65ba2a2c1b,2019-12-09,2019-12-09,8386.875,8393.75,8385.75,0.705975327314391684718932709,32,2019
true,NQH9,midnight,2019-02-12T09:30:00-05:00,true,206e58a4ed8e8f8d2313,2019-02-12,2019-02-12,6967.375,6974,6964,0.7001064113930184986714014294,40,2019
true,NQU9,full_overnight,2019-08-27T09:30:00-04:00,true,209bc4e48ac80dd3cd13,2019-08-27,2019-08-27,7593.375,7602.75,7553.75,0.7005929131555002353144849379,196,2019
true,NQM9,midnight,2019-03-19T09:30:00-04:00,true,213c3057b52eb820df4a,2019-03-19,2019-03-19,7390.625,7395,7377,0.7061653314451282309233568007,72,2019
true,NQU9,midnight,2019-06-28T09:30:00-04:00,true,219ad91463cfac229129,2019-06-28,2019-06-28,7700.625,7702.75,7692.25,0.7051707032460420148269925265,42,2019
true,NQZ9,midnight,2019-11-15T09:30:00-05:00,true,2266baf14bfc321afd0d,2019-11-15,2019-11-15,8297.375,8301,8286.75,0.7007414385776004200965482132,57,2019
true,NQZ9,prior_rth,2019-10-25T16:00:00-04:00,true,2271305e6229c0c20e1d,2019-10-28,2019-10-25,8026.625,8041.5,7991.25,0.7020525119912354987585532815,201,2019
true,NQH9,opening_hour_rth,2019-03-07T10:30:00-05:00,true,22f437d620e4605630f8,2019-03-07,2019-03-07,7042.375,7068.75,7025,0.7005053336783691307973202193,175,2019
true,NQM9,midnight,2019-04-18T09:30:00-04:00,true,233c37db56abf136f7a9,2019-04-18,2019-04-18,7684.625,7723,7675.75,0.7022547057016159342404525801,189,2019
true,NQU9,prior_rth,2019-09-10T16:00:00-04:00,true,248ad84e04b4bd313865,2019-09-11,2019-09-10,7776.875,7785.25,7753.5,0.7007066308412494870701255336,127,2019
true,NQU9,midnight,2019-07-09T09:30:00-04:00,true,24a1447363523bc69f3b,2019-07-09,2019-07-09,7770.375,7775.5,7754.5,0.7009137166758556052757666342,84,2019
true,NQZ9,opening_hour_rth,2019-12-03T10:30:00-05:00,true,24d82e9560cfdb6067ed,2019-12-03,2019-12-03,8195.125,8214.5,8190.25,0.7059025675935963381161614138,97,2019
true,NQU9,opening_hour_rth,2019-07-24T10:30:00-04:00,true,24ff543eb63c5c53280f,2019-07-24,2019-07-24,7973.375,7977.75,7961,0.7030957736733968485598873596,67,2019
true,NQH9,opening_hour_rth,2019-01-29T10:30:00-05:00,true,253d79832478ac8e51b6,2019-01-29,2019-01-29,6676.625,6695.5,6670.75,0.7002084480541897917958667722,99,2019
true,NQZ9,opening_hour_rth,2019-10-03T10:30:00-04:00,true,254a7c22374cbe95dab2,2019-10-03,2019-10-03,7496.875,7562.5,7474.25,0.7016598254727626489265497172,353,2019
true,NQU9,prior_rth,2019-07-24T16:00:00-04:00,true,254cf2fba168caefaa24,2019-07-25,2019-07-24,7988.125,7998,7964.25,0.7021553906256655148357517046,135,2019
true,NQU9,prior_rth,2019-07-26T16:00:00-04:00,true,256de6519ef09f6eb63b,2019-07-29,2019-07-26,8026.875,8038.25,8017.75,0.7009165047307938018164919731,82,2019
true,NQZ9,full_overnight,2019-09-19T09:30:00-04:00,true,2589084012ad625188dd,2019-09-19,2019-09-19,7899.375,7911.5,7870,0.7036663268491106259919368433,166,2019
true,NQU9,midnight,2019-06-26T09:30:00-04:00,true,25e123d95ea69a90d401,2019-06-26,2019-06-26,7681.125,7693.5,7649.25,0.7013040609142187648262577821,177,2019
true,NQH9,full_overnight,2019-02-14T09:30:00-05:00,true,264d9753f601c25897e0,2019-02-14,2019-02-14,7042.625,7055.25,7012.5,0.701483706310380768556316357,171,2019
true,NQU9,prior_rth,2019-07-16T16:00:00-04:00,true,26dde35e0fda1d079ea9,2019-07-17,2019-07-16,7978.625,7986.5,7948,0.7012054177114522946000783929,154,2019
true,NQZ9,prior_rth,2019-09-16T16:00:00-04:00,true,26e20b4389e38fd77db9,2019-09-17,2019-09-16,7875.375,7881,7861.75,0.704538972016629194640119695,77,2019
true,NQH0,full_overnight,2019-12-17T09:30:00-05:00,true,26e65c4baccca802e57d,2019-12-17,2019-12-17,8608.125,8615.75,8597.25,0.7054567553143257690622157005,74,2019
true,NQU9,prior_rth,2019-09-04T16:00:00-04:00,true,26f1e16c54f5fedd9bcd,2019-09-05,2019-09-04,7684.625,7710.5,7669,0.7020107341681454632928360449,166,2019
true,NQH9,prior_rth,2019-02-15T16:00:00-05:00,true,2760177f4d1875e3c34e,2019-02-19,2019-02-15,7042.375,7058,7034,0.704920860955499203952049378,96,2019
true,NQZ9,prior_rth,2019-12-04T16:00:00-05:00,true,27674298d397efb8adc9,2019-12-05,2019-12-04,8308.625,8314.25,8301.25,0.7034477905323601960958940744,52,2019
true,NQU9,opening_hour_rth,2019-06-25T10:30:00-04:00,true,278bb2a28867f87abd92,2019-06-25,2019-06-25,7726.625,7733,7709,0.7009353166417336861246621778,96,2019
true,NQU9,opening_hour_rth,2019-09-03T10:30:00-04:00,true,27d79768a03e722294b7,2019-09-03,2019-09-03,7611.125,7655.75,7602.5,0.7002950179620140230051150547,213,2019
true,NQZ9,midnight,2019-11-06T09:30:00-05:00,true,27fb1fd5f23f34b2f742,2019-11-06,2019-11-06,8217.625,8224,8213,0.7072508237007458284563831469,44,2019
true,NQU9,midnight,2019-09-12T09:30:00-04:00,true,281bf7f8794797d19dc9,2019-09-12,2019-09-12,7935.625,7942.25,7919.75,0.7045333715945821484549098347,90,2019
true,NQM9,prior_rth,2019-05-28T16:00:00-04:00,true,282178f670f078d58b79,2019-05-29,2019-05-28,7341.875,7360.75,7321.75,0.7006766029014859406602737711,156,2019
true,NQZ9,full_overnight,2019-12-10T09:30:00-05:00,true,282efbfefbc228706803,2019-12-10,2019-12-10,8365.125,8383.5,8328,0.7025932830216755337848516509,222,2019
true,NQH9,midnight,2019-02-08T09:30:00-05:00,true,2859da40d56c14d768f1,2019-02-08,2019-02-08,6851.125,6869.25,6843,0.7033298428022695417497699419,105,2019
true,NQU9,full_overnight,2019-07-02T09:30:00-04:00,true,2864dda9f2c99e0a764e,2019-07-02,2019-07-02,7778.375,7791.75,7773.25,0.7063826958777574554524270262,74,2019
true,NQM9,opening_hour_rth,2019-05-24T10:30:00-04:00,true,286585c03afed08698ae,2019-05-24,2019-05-24,7367.875,7371.25,7358,0.7080591447951550196827597436,53,2019
true,NQH9,opening_hour_rth,2019-01-25T10:30:00-05:00,true,2897e3db8b24b8c3f41b,2019-01-25,2019-01-25,6778.625,6784.5,6750.5,0.7045198773873858682931438394,136,2019
true,NQU9,opening_hour_rth,2019-08-21T10:30:00-04:00,true,293da2461a7af0a071f0,2019-08-21,2019-08-21,7754.125,7763.75,7745.5,0.704404316731891294262430636,73,2019
true,NQM9,prior_rth,2019-04-16T16:00:00-04:00,true,295c28ae0e686b0dca02,2019-04-17,2019-04-16,7678.625,7685.75,7672.5,0.7039458043500528777229119836,53,2019
true,NQM9,midnight,2019-03-15T09:30:00-04:00,true,297fa34345a908ae1afb,2019-03-15,2019-03-15,7299.625,7303.75,7286.5,0.701878323133632483205176517,69,2019
true,NQM9,prior_rth,2019-05-13T16:00:00-04:00,true,29965f4b96c9d6de873f,2019-05-14,2019-05-13,7365.875,7381.75,7333,0.7021527136360295902226516525,195,2019
true,NQZ9,midnight,2019-11-12T09:30:00-05:00,true,299b7c473afc59d88bdd,2019-11-12,2019-11-12,8255.375,8265,8253.5,0.7085177394261022372882481008,46,2019
true,NQM9,full_overnight,2019-06-07T09:30:00-04:00,true,29b9b509c829bdad1330,2019-06-07,2019-06-07,7307.875,7329.5,7290.5,0.7027300141343019942381368103,156,2019
true,NQH9,full_overnight,2019-01-16T09:30:00-05:00,true,29bb4996bf1cb2b14a02,2019-01-16,2019-01-16,6685.625,6689.75,6677.75,0.7070461078882827177043588287,48,2019
true,NQU9,full_overnight,2019-09-11T09:30:00-04:00,true,29c43aa1ea695f32fd3e,2019-09-11,2019-09-11,7828.125,7836,7810.75,0.7027505788730941830731456995,101,2019
true,NQM9,prior_rth,2019-03-22T16:00:00-04:00,true,2a1e2d43e9842bf64cf0,2019-03-25,2019-03-22,7396.625,7445.75,7355.25,0.7012297424242413201438521729,362,2019
true,NQM9,opening_hour_rth,2019-04-18T10:30:00-04:00,true,2a50c59817dcf4c64dbd,2019-04-18,2019-04-18,7700.875,7711.75,7684.25,0.7056359754909190502952280638,110,2019
true,NQM9,midnight,2019-06-06T09:30:00-04:00,true,2a5cc4835b438d7c40ff,2019-06-06,2019-06-06,7254.125,7263,7232.5,0.7014465314327839187591319977,122,2019
true,NQZ9,midnight,2019-10-08T09:30:00-04:00,true,2a65dd516393776ddb25,2019-10-08,2019-10-08,7694.375,7736,7665.5,0.7024006348524316189400033031,282,2019
true,NQZ9,midnight,2019-09-27T09:30:00-04:00,true,2a6c8f00aaf5989d4d20,2019-09-27,2019-09-27,7805.875,7808.5,7787.75,0.7041740394339931872357927037,83,2019
true,NQZ9,midnight,2019-11-18T09:30:00-05:00,true,2a9b308930ac57cab6bc,2019-11-18,2019-11-18,8314.125,8340.75,8308,0.7052073707241895535825365376,131,2019
true,NQZ9,full_overnight,2019-10-28T09:30:00-04:00,true,2aeb843eea8f9f45d835,2019-10-28,2019-10-28,8057.875,8066.5,8052,0.7062402685391274720810069479,58,2019
true,NQM9,prior_rth,2019-04-22T16:00:00-04:00,true,2b24dd8a1884d59449f1,2019-04-23,2019-04-22,7724.625,7733.75,7701.25,0.7024863257341578534901853614,130,2019
true,NQM9,opening_hour_rth,2019-04-08T10:30:00-04:00,true,2b453fdac920a5cd50d0,2019-04-08,2019-04-08,7576.125,7584.75,7569.5,0.7097331453707043870727365891,61,2019
true,NQU9,opening_hour_rth,2019-08-05T10:30:00-04:00,true,2b58beb16a5ab6a36665,2019-08-05,2019-08-05,7496.875,7513.25,7486.75,0.7007799313025788342365836242,106,2019
true,NQU9,midnight,2019-08-08T09:30:00-04:00,true,2ba9d769650ec33a240c,2019-08-08,2019-08-08,7592.875,7602.5,7575.75,0.7027824730884770092697807122,107,2019
true,NQM9,opening_hour_rth,2019-04-10T10:30:00-04:00,true,2c4eed264ee3a191125a,2019-04-10,2019-04-10,7605.375,7609.75,7601.25,0.7060329111201052532416329338,34,2019
true,NQU9,opening_hour_rth,2019-08-01T10:30:00-04:00,true,2c563a2cf6364f4e9f77,2019-08-01,2019-08-01,7917.375,7951.75,7905.75,0.7014377735280039607142385365,184,2019
true,NQH0,prior_rth,2019-12-17T16:00:00-05:00,true,2c8a826248089645f60a,2019-12-18,2019-12-17,8607.375,8611,8602.5,0.7100501115521999054966803255,34,2019
true,NQU9,full_overnight,2019-08-12T09:30:00-04:00,true,2ca23c3f08d22a188c78,2019-08-12,2019-08-12,7613.125,7664.5,7587,0.7011285921001198023178666524,310,2019
true,NQH9,midnight,2019-02-14T09:30:00-05:00,true,2cbb2ab479b19fd7168c,2019-02-14,2019-02-14,7042.625,7055.75,7011.75,0.7019888234703009840637218374,176,2019
true,NQZ9,opening_hour_rth,2019-09-16T10:30:00-04:00,true,2d184b4b0f948e1f2d10,2019-09-16,2019-09-16,7886.625,7892.25,7873.5,0.705105601243656240863014649,75,2019
true,NQZ9,opening_hour_rth,2019-11-13T10:30:00-05:00,true,2d1b78e305a53c8adcb7,2019-11-13,2019-11-13,8260.375,8262.5,8244.5,0.7027351872315112507450479671,72,2019
true,NQH9,opening_hour_rth,2019-03-05T10:30:00-05:00,true,2d443ff087ce9ac1cda6,2019-03-05,2019-03-05,7150.125,7158.5,7140,0.7003658435985897322798594694,74,2019
true,NQH9,prior_rth,2019-02-27T16:00:00-05:00,true,2d44b5c8d87212ef19be,2019-02-28,2019-02-27,7120.875,7128,7078.75,0.700695642177086175927434065,197,2019
true,NQM9,prior_rth,2019-03-21T16:00:00-04:00,true,2d5683767bb77e63d7f2,2019-03-22,2019-03-21,7481.625,7528.25,7450,0.7006506584663846460574254452,313,2019
true,NQM9,opening_hour_rth,2019-04-22T10:30:00-04:00,true,2de75a9626c443bcc9bb,2019-04-22,2019-04-22,7699.125,7708.5,7683.75,0.7036940746573224274380856625,99,2019
true,NQM9,opening_hour_rth,2019-04-01T10:30:00-04:00,true,2e30534cd2c73e3ef699,2019-04-01,2019-04-01,7467.625,7476.75,7458,0.702809460514700682117612484,75,2019
true,NQU9,opening_hour_rth,2019-07-10T10:30:00-04:00,true,2e850e05c5e103597359,2019-07-10,2019-07-10,7922.875,7940.5,7906.25,0.7058666296882431968462081776,137,2019
true,NQH9,prior_rth,2019-01-31T16:00:00-05:00,true,2ebce92ae79229e38102,2019-02-01,2019-01-31,6902.375,6930.5,6892.5,0.7011988892167336534841148959,152,2019
true,NQM9,prior_rth,2019-05-06T16:00:00-04:00,true,2ed6262fa9bb3ebbdd82,2019-05-07,2019-05-06,7755.625,7785.25,7731.5,0.7000100541110625242252918974,215,2019
true,NQM9,full_overnight,2019-06-13T09:30:00-04:00,true,2ee666e88813903a19bb,2019-06-13,2019-06-13,7509.125,7519.5,7460.5,0.704419109547635748189083821,236,2019
true,NQH9,full_overnight,2019-01-17T09:30:00-05:00,true,2f76272ee895569043a4,2019-01-17,2019-01-17,6656.875,6662.25,6635,0.7014381005907972645299858985,109,2019
true,NQU9,prior_rth,2019-08-29T16:00:00-04:00,true,302741edf45ec79dd1f9,2019-08-30,2019-08-29,7714.625,7721.5,7701.25,0.7005681060187832878022232134,81,2019
true,NQZ9,midnight,2019-11-26T09:30:00-05:00,true,304397837f449ea8c3d8,2019-11-26,2019-11-26,8381.625,8383.75,8375.25,0.7016388610845228869379179422,34,2019
true,NQU9,midnight,2019-08-16T09:30:00-04:00,true,309dcd0720a714f85815,2019-08-16,2019-08-16,7590.875,7596.75,7560.25,0.7024142636528572465826979082,146,2019
true,NQZ9,prior_rth,2019-12-12T16:00:00-05:00,true,31662180667809da2f89,2019-12-13,2019-12-12,8441.625,8473.25,8419,0.7022503243339001142771558936,217,2019
true,NQH9,prior_rth,2019-01-22T16:00:00-05:00,true,31c34462775a5e6ff495,2019-01-23,2019-01-22,6656.875,6714.25,6611.5,0.7015432117175651552047861556,411,2019
true,NQM9,opening_hour_rth,2019-05-08T10:30:00-04:00,true,324f8c9dc7a09c9da061,2019-05-08,2019-05-08,7646.375,7654.25,7631.25,0.7003186376205114992564608169,92,2019
true,NQU9,opening_hour_rth,2019-08-28T10:30:00-04:00,true,326d4d661cc78853594e,2019-08-28,2019-08-28,7547.875,7564.25,7522.25,0.7034678901600813769437029421,168,2019
true,NQM9,full_overnight,2019-04-30T09:30:00-04:00,true,3272d12d00407b7aac52,2019-04-30,2019-04-30,7805.125,7808.25,7790.5,0.7081152658945081932202516673,71,2019
true,NQM9,full_overnight,2019-04-02T09:30:00-04:00,true,32c6b59c0024d31a2568,2019-04-02,2019-04-02,7493.875,7502,7486.25,0.7073844277745186616738132859,63,2019
true,NQZ9,midnight,2019-11-22T09:30:00-05:00,true,333fa3f842ec6e2fdfb7,2019-11-22,2019-11-22,8295.625,8301,8289.5,0.7037999722322204275652526649,46,2019
true,NQU9,opening_hour_rth,2019-08-22T10:30:00-04:00,true,337c2c13cbe4f5722866,2019-08-22,2019-08-22,7760.125,7772.75,7739.25,0.7029142204106955709424874484,134,2019
true,NQZ9,full_overnight,2019-10-10T09:30:00-04:00,true,33b480821e7b2249aca5,2019-10-10,2019-10-10,7693.875,7710.5,7649.75,0.7002349206143324369029233019,243,2019
true,NQH9,full_overnight,2019-01-25T09:30:00-05:00,true,34446f8e45eeece99564,2019-01-25,2019-01-25,6736.375,6761.25,6715.5,0.7020987897558386616912595156,183,2019
true,NQZ9,midnight,2019-12-06T09:30:00-05:00,true,34522fd25bc87478ab69,2019-12-06,2019-12-06,8334.625,8367.25,8319,0.700932093294055284722403261,193,2019
true,NQM9,opening_hour_rth,2019-03-27T10:30:00-04:00,true,346f255e63f5bc4ec9e5,2019-03-27,2019-03-27,7378.625,7398.75,7375,0.7009584265754481692286833931,95,2019
true,NQH9,opening_hour_rth,2019-01-10T10:30:00-05:00,true,347ed91c8ab55051a882,2019-01-10,2019-01-10,6551.875,6563.5,6537.75,0.7021126113262684351353920102,103,2019
true,NQH9,full_overnight,2019-01-15T09:30:00-05:00,true,348abe9d63f012ac5cc4,2019-01-15,2019-01-15,6571.625,6590.5,6564.25,0.7041940071905593892842664854,105,2019
true,NQM9,full_overnight,2019-05-07T09:30:00-04:00,true,34aa83b1a7d8bf751b58,2019-05-07,2019-05-07,7745.625,7768,7719.5,0.701310067369475700129094201,194,2019
true,NQH9,prior_rth,2019-02-05T16:00:00-05:00,true,355fb27aefede6e5d1af,2019-02-06,2019-02-05,7022.125,7026,6999.75,0.7035495704078234447264058187,105,2019
true,NQM9,midnight,2019-04-08T09:30:00-04:00,true,35ab1703f7bfb17a00e2,2019-04-08,2019-04-08,7591.875,7595.5,7587.5,0.7051900149291326192982355956,32,2019
true,NQU9,prior_rth,2019-07-08T16:00:00-04:00,true,3615b7fa5c79f0a6da11,2019-07-09,2019-07-08,7796.875,7807.25,7786.75,0.7049331058939143609989222806,82,2019
true,NQM9,midnight,2019-06-05T09:30:00-04:00,true,381393f2be79d49b829e,2019-06-05,2019-06-05,7235.125,7242.25,7209.5,0.7007022951497271737178723601,131,2019
true,NQZ9,prior_rth,2019-10-11T16:00:00-04:00,true,38d15c020c2f68fe82c5,2019-10-14,2019-10-11,7881.625,7904.5,7870.75,0.7014247872398376865713735789,135,2019
true,NQU9,midnight,2019-08-28T09:30:00-04:00,true,38d449454bc9651ef4c0,2019-08-28,2019-08-28,7569.375,7579.5,7536.5,0.7021350757958465612429055873,172,2019
true,NQM9,midnight,2019-04-04T09:30:00-04:00,true,39775f059b922efc7973,2019-04-04,2019-04-04,7568.625,7573.5,7565.5,0.7123281118788842666648092363,32,2019
true,NQM9,full_overnight,2019-03-13T09:30:00-04:00,true,39e6c9cd67ff6c09891a,2019-03-13,2019-03-13,7240.875,7249.75,7214,0.7022702319213776247219966099,143,2019
true,NQM9,full_overnight,2019-04-25T09:30:00-04:00,true,39f39263a8a004be5deb,2019-04-25,2019-04-25,7859.875,7870.75,7853.75,0.7003360869657241813228729089,68,2019
true,NQM9,prior_rth,2019-05-31T16:00:00-04:00,true,3a16bf3e2255a790ad8f,2019-06-03,2019-05-31,7156.625,7169.5,7138.75,0.7002716180236626815326752579,123,2019
true,NQH9,prior_rth,2019-01-10T16:00:00-05:00,true,3a671e7bbc1d0e4c6d99,2019-01-11,2019-01-10,6600.625,6630.5,6574.5,0.7006624928563853421286365788,224,2019
true,NQH9,prior_rth,2019-03-05T16:00:00-05:00,true,3aa53503c3b27ef8941c,2019-03-06,2019-03-05,7162.375,7173,7148.5,0.7023656809396413325498017612,98,2019
true,NQM9,opening_hour_rth,2019-05-16T10:30:00-04:00,true,3ac46a150a73d4dc6692,2019-05-16,2019-05-16,7579.125,7587.5,7526.5,0.7013043691359056765745481716,244,2019
true,NQZ9,full_overnight,2019-10-14T09:30:00-04:00,true,3acc661ca0177e5158b6,2019-10-14,2019-10-14,7841.125,7874.25,7821.75,0.7006077347417723995909906026,210,2019
true,NQU9,opening_hour_rth,2019-07-17T10:30:00-04:00,true,3adfe5bbcf05c174f67d,2019-07-17,2019-07-17,7957.875,7962,7947.75,0.7101704852176725230739967124,57,2019
true,NQM9,opening_hour_rth,2019-04-09T10:30:00-04:00,true,3b622134821070bfa513,2019-04-09,2019-04-09,7605.875,7614.5,7598.75,0.7022308097859185769379344466,63,2019
true,NQM9,prior_rth,2019-05-20T16:00:00-04:00,true,3bafe96c0f0e25eb925e,2019-05-21,2019-05-20,7394.125,7417,7380.5,0.7018419744074857622080408152,146,2019
true,NQZ9,midnight,2019-11-14T09:30:00-05:00,true,3c00031f5a6a4aa13c16,2019-11-14,2019-11-14,8254.375,8262.5,8246,0.7022553528185218657168219171,66,2019
true,NQU9,prior_rth,2019-06-26T16:00:00-04:00,true,3c2e86e70601c2801d5c,2019-06-27,2019-06-26,7687.125,7715.5,7671,0.701032652336183130699663761,178,2019
true,NQH9,opening_hour_rth,2019-02-11T10:30:00-05:00,true,3ca7f332ff0c526a278b,2019-02-11,2019-02-11,6937.125,6946.25,6927,0.70419174462452422939468181,77,2019
true,NQH9,midnight,2019-01-16T09:30:00-05:00,true,3d6d6d809928765d5a7f,2019-01-16,2019-01-16,6685.625,6689.5,6678,0.7073980762342969593531030812,46,2019
true,NQZ9,full_overnight,2019-10-23T09:30:00-04:00,true,3d83d61d74d998e48024,2019-10-23,2019-10-23,7846.125,7860.75,7832.5,0.7027812294125226653404764628,113,2019
true,NQM9,midnight,2019-06-10T09:30:00-04:00,true,3e4fc94b9f8b6920816c,2019-06-10,2019-06-10,7444.125,7462.25,7437.25,0.7076561420249872417393918374,100,2019
true,NQH9,midnight,2019-02-11T09:30:00-05:00,true,3e8ef369c26c1b749d4a,2019-02-11,2019-02-11,6950.875,6957.75,6936.25,0.7020897706618561174305373518,86,2019
true,NQZ9,opening_hour_rth,2019-09-18T10:30:00-04:00,true,3f1c83cdc5d6dd251950,2019-09-18,2019-09-18,7892.625,7897,7888.75,0.7108514669361455334135811971,33,2019
true,NQH9,prior_rth,2019-01-25T16:00:00-05:00,true,3f79db08e6b187e96183,2019-01-28,2019-01-25,6789.875,6802,6778,0.701039900016092608705926626,96,2019
true,NQH9,opening_hour_rth,2019-01-14T10:30:00-05:00,true,3f7ef1ad64b47a570a58,2019-01-14,2019-01-14,6537.875,6548,6529.75,0.7049189028970734092979819035,73,2019
true,NQU9,midnight,2019-06-21T09:30:00-04:00,true,401a037b141cc8ddf57b,2019-06-21,2019-06-21,7743.625,7755,7740,0.7037686183843396966045783805,60,2019
true,NQM9,full_overnight,2019-06-06T09:30:00-04:00,true,40601e4f653fb6bbe313,2019-06-06,2019-06-06,7254.125,7263,7227.25,0.7004759262579374053514672266,143,2019
true,NQU9,prior_rth,2019-09-13T16:00:00-04:00,true,4122a4d398e29ea0a286,2019-09-16,2019-09-13,7896.875,7908.5,7889.75,0.7005196318837162732446062662,75,2019
true,NQZ9,opening_hour_rth,2019-11-08T10:30:00-05:00,true,421b38e514b0f8719992,2019-11-08,2019-11-08,8213.125,8226,8200.25,0.7048695536116555986448415941,103,2019
true,NQH9,full_overnight,2019-02-08T09:30:00-05:00,true,425b5a20ecf45054c198,2019-02-08,2019-02-08,6873.375,6898.75,6854.25,0.7036893690147410221654409533,178,2019
true,NQZ9,prior_rth,2019-11-07T16:00:00-05:00,true,4260d383564fd4cc961f,2019-11-08,2019-11-07,8266.625,8273.25,8239.5,0.7006499576490551411410603307,135,2019
true,NQZ9,full_overnight,2019-10-15T09:30:00-04:00,true,432571d7728f9b87e33b,2019-10-15,2019-10-15,7877.375,7892,7863.75,0.7018771064790372859798264669,113,2019
true,NQM9,opening_hour_rth,2019-05-01T10:30:00-04:00,true,4362f30894bea65abd10,2019-05-01,2019-05-01,7842.125,7848,7836.75,0.7059770438046455442550687913,45,2019
true,NQU9,opening_hour_rth,2019-09-13T10:30:00-04:00,true,43a55c2f8f24c68a7ce4,2019-09-13,2019-09-13,7904.375,7909,7891.5,0.7031908704618019728305452198,70,2019
true,NQZ9,prior_rth,2019-09-18T16:00:00-04:00,true,44547a153f8d41a12bff,2019-09-19,2019-09-18,7892.375,7915.5,7855,0.7007195204932197309432305454,242,2019
true,NQU9,opening_hour_rth,2019-07-30T10:30:00-04:00,true,4461ffac5c48afe2512b,2019-07-30,2019-07-30,7963.625,7972.75,7955,0.7016288097820366838493083181,71,2019
true,NQM9,prior_rth,2019-04-09T16:00:00-04:00,true,448186bd7b87bc2cd0cf,2019-04-10,2019-04-09,7593.375,7611,7589,0.7059025783426748114866690354,88,2019
true,NQH9,prior_rth,2019-01-02T16:00:00-05:00,true,448f27e8b9dd32d8647d,2019-01-03,2019-01-02,6342.625,6406.25,6301.5,0.7011713723811730962592183958,419,2019
true,NQM9,opening_hour_rth,2019-05-23T10:30:00-04:00,true,45406fd53ef3d7b15416,2019-05-23,2019-05-23,7316.875,7331,7309,0.7049330944291905139954072062,88,2019
true,NQM9,opening_hour_rth,2019-04-03T10:30:00-04:00,true,4546da75d235c0f428a1,2019-04-03,2019-04-03,7566.625,7570.25,7557.75,0.7041769340586497152005710105,50,2019
true,NQH9,midnight,2019-01-03T09:30:00-05:00,true,458039a9051a0e8d9fe1,2019-01-03,2019-01-03,6198.375,6241.25,6190.75,0.7005047091914995085962468325,202,2019
true,NQU9,full_overnight,2019-08-21T09:30:00-04:00,true,4588eb8215374e454fd6,2019-08-21,2019-08-21,7733.375,7751,7711,0.7007374110645064758650152409,160,2019
true,NQZ9,opening_hour_rth,2019-10-28T10:30:00-04:00,true,459b16b3c09a43df8d6f,2019-10-28,2019-10-28,8093.125,8097,8086,0.7044579069979934377316822178,44,2019
true,NQU9,full_overnight,2019-08-16T09:30:00-04:00,true,45a18657d482fd9f93f9,2019-08-16,2019-08-16,7590.875,7596.75,7549.75,0.7030577105262576986344043693,188,2019
true,NQM9,full_overnight,2019-05-03T09:30:00-04:00,true,4614f113a6422c48de5c,2019-05-03,2019-05-03,7774.875,7792.75,7759.5,0.7030134821152524469711781837,133,2019
true,NQU9,full_overnight,2019-07-26T09:30:00-04:00,true,46313714c2285bace5d7,2019-07-26,2019-07-26,8004.625,8018,8001.5,0.7021863377949159643931460492,66,2019
true,NQZ9,opening_hour_rth,2019-11-27T10:30:00-05:00,true,46a23d4be003b4ef452b,2019-11-27,2019-11-27,8414.375,8416.75,8406.75,0.7098018950307759338458327519,40,2019
true,NQZ9,midnight,2019-09-20T09:30:00-04:00,true,46a88873f048272aac67,2019-09-20,2019-09-20,7937.125,7943.25,7928.25,0.7097891369923922215502238197,60,2019
true,NQU9,prior_rth,2019-08-05T16:00:00-04:00,true,46ffa5cc9f86a1004e43,2019-08-06,2019-08-05,7496.875,7513,7418.75,0.7022494931280078449052065799,377,2019
true,NQH9,full_overnight,2019-03-07T09:30:00-05:00,true,47fa300cb84a63e45c54,2019-03-07,2019-03-07,7099.625,7115.5,7094.25,0.7027832785211076738970161129,85,2019
true,NQU9,opening_hour_rth,2019-08-19T10:30:00-04:00,true,484aac2b60cee6f3f08b,2019-08-19,2019-08-19,7719.375,7729,7695.5,0.7004889752949868391165263603,134,2019
true,NQZ9,midnight,2019-11-20T09:30:00-05:00,true,488b044565010d021b27,2019-11-20,2019-11-20,8315.375,8318,8301.5,0.7057424574716622250209812085,66,2019
true,NQZ9,midnight,2019-12-11T09:30:00-05:00,true,4900722e3454efa2b741,2019-12-11,2019-12-11,8379.375,8387.5,8365.5,0.7077357493490157038674844595,88,2019
true,NQU9,midnight,2019-08-12T09:30:00-04:00,true,4939be1dea43736302d1,2019-08-12,2019-08-12,7613.125,7642.75,7587,0.7000325390328125557884857685,223,2019
true,NQZ9,prior_rth,2019-11-01T16:00:00-04:00,true,4976f21b828de39ef355,2019-11-04,2019-11-01,8145.875,8159.75,8131.75,0.7004078862244058690116988376,112,2019
true,NQH9,opening_hour_rth,2019-02-06T10:30:00-05:00,true,49f02b505aef08b43f21,2019-02-06,2019-02-06,7033.375,7038.75,6994.5,0.7017758252983977920355568322,177,2019
true,NQM9,full_overnight,2019-03-27T09:30:00-04:00,true,4a5138660c923fc95502,2019-03-27,2019-03-27,7371.125,7387.75,7365.75,0.7029017247179671158890119809,88,2019
true,NQU9,midnight,2019-07-15T09:30:00-04:00,true,4a7cb3d1eafd37461ace,2019-07-15,2019-07-15,7980.875,7985,7968.5,0.7079301793098460195734449708,66,2019
true,NQZ9,opening_hour_rth,2019-10-14T10:30:00-04:00,true,4afef87e75113cfc088b,2019-10-14,2019-10-14,7855.625,7863,7844.25,0.7018758092627438580629759365,75,2019
true,NQM9,opening_hour_rth,2019-03-11T10:30:00-04:00,true,4b5302c1de7ffae28588,2019-03-11,2019-03-11,7130.375,7134.5,7109,0.7055884283926921329098175358,102,2019
true,NQZ9,opening_hour_rth,2019-09-30T10:30:00-04:00,true,4b6eb781a53d7f11c259,2019-09-30,2019-09-30,7734.625,7748.25,7723.25,0.7012960248418817359764071319,100,2019
true,NQU9,midnight,2019-09-06T09:30:00-04:00,true,4bbff8de55021d4e4688,2019-09-06,2019-09-06,7876.375,7882.5,7867.25,0.7063186786516894661316120162,61,2019
true,NQU9,full_overnight,2019-09-06T09:30:00-04:00,true,4c341d06fc909ccf6544,2019-09-06,2019-09-06,7870.875,7882.5,7867.75,0.7064882529505106906834077425,59,2019
true,NQZ9,opening_hour_rth,2019-11-26T10:30:00-05:00,true,4cff69be921b2fa62318,2019-11-26,2019-11-26,8383.125,8385.25,8374.5,0.704317424716937396249283306,43,2019
true,NQH9,full_overnight,2019-02-13T09:30:00-05:00,true,4d0f4628cfb7bc951e3b,2019-02-13,2019-02-13,7046.875,7056,7042.25,0.7091643337955061631315787967,55,2019
true,NQM9,prior_rth,2019-06-13T16:00:00-04:00,true,4d1875a95a73a3f1300c,2019-06-14,2019-06-13,7514.375,7520,7499.5,0.7042796048313824623249164352,82,2019
true,NQM9,midnight,2019-05-08T09:30:00-04:00,true,4d2f55e60cfa3b35a665,2019-05-08,2019-05-08,7628.875,7644.75,7606.75,0.7002285512552064995406513596,152,2019
true,NQH0,full_overnight,2019-12-30T09:30:00-05:00,true,4d4a0c21ce691a46d581,2019-12-30,2019-12-30,8789.125,8800.25,8782.25,0.7050220071128473679172000227,72,2019
true,NQH9,opening_hour_rth,2019-01-31T10:30:00-05:00,true,4d66678100678f52931a,2019-01-31,2019-01-31,6848.125,6882.5,6841.25,0.7019341490743753225580737614,165,2019
true,NQH9,full_overnight,2019-02-01T09:30:00-05:00,true,4d7cce5e7f609e4e753b,2019-02-01,2019-02-01,6886.875,6896.75,6878.25,0.7007358297963731814102357665,74,2019
true,NQU9,prior_rth,2019-08-01T16:00:00-04:00,true,4dccfe80b22701801a08,2019-08-02,2019-08-01,7995.375,8014.25,7837.75,0.700356563021945498440883083,706,2019
true,NQU9,opening_hour_rth,2019-06-26T10:30:00-04:00,true,4e662c25492e13c3a9d0,2019-06-26,2019-06-26,7700.625,7708.75,7684.75,0.7052732299744640991443947366,96,2019
true,NQM9,opening_hour_rth,2019-05-21T10:30:00-04:00,true,4ea088f3bbdb60da20ff,2019-05-21,2019-05-21,7452.875,7457,7439.75,0.7061653435957318828010943733,69,2019
true,NQZ9,opening_hour_rth,2019-12-10T10:30:00-05:00,true,4f292597a3ccb95ef7ee,2019-12-10,2019-12-10,8361.125,8372.75,8344.5,0.7011915229319733202935644655,113,2019
true,NQU9,prior_rth,2019-07-22T16:00:00-04:00,true,505367eeb6e15c57d9cd,2019-07-23,2019-07-22,7897.125,7916.5,7893.5,0.70041536420317444551594873,92,2019
true,NQZ9,opening_hour_rth,2019-09-23T10:30:00-04:00,true,509bc46881b8a6b8eff4,2019-09-23,2019-09-23,7831.375,7841,7822.75,0.7013288344657333298882210137,73,2019
true,NQZ9,midnight,2019-11-19T09:30:00-05:00,true,50c207421f9d12a4c7d4,2019-11-19,2019-11-19,8368.125,8372,8355,0.7029001186571465342482686649,68,2019
true,NQZ9,opening_hour_rth,2019-11-07T10:30:00-05:00,true,50e135974f66938f5246,2019-11-07,2019-11-07,8253.125,8262.5,8246.75,0.702452739976165763272210049,63,2019
true,NQZ9,full_overnight,2019-10-04T09:30:00-04:00,true,512ec3c7c196c38caa84,2019-10-04,2019-10-04,7639.625,7672.5,7625,0.7024317497159487404196021086,190,2019
true,NQZ9,full_overnight,2019-11-27T09:30:00-05:00,true,522086f071bdf0f45c75,2019-11-27,2019-11-27,8415.875,8427,8410,0.7024831826108650701402640055,68,2019
true,NQU9,prior_rth,2019-06-28T16:00:00-04:00,true,5237569345f17260e4d1,2019-07-01,2019-06-28,7676.625,7690.5,7669.25,0.7026936869769868185108313604,85,2019
true,NQM9,opening_hour_rth,2019-04-11T10:30:00-04:00,true,52402be088298f6da024,2019-04-11,2019-04-11,7625.375,7632,7616.25,0.7046359029708416958517800897,63,2019
true,NQM9,opening_hour_rth,2019-05-17T10:30:00-04:00,true,5245643c73b588449bd4,2019-05-17,2019-05-17,7540.375,7560.5,7533.25,0.7017599961184390730770269684,109,2019
true,NQZ9,prior_rth,2019-10-09T16:00:00-04:00,true,53600426f6b0be353e94,2019-10-10,2019-10-09,7703.375,7719,7681.25,0.7037576120173070605394455243,151,2019
true,NQH9,opening_hour_rth,2019-01-07T10:30:00-05:00,true,53b0b7be7f7916c52f9d,2019-01-07,2019-01-07,6434.625,6449.75,6430,0.7041268746646263273805955871,79,2019
true,NQU9,prior_rth,2019-08-07T16:00:00-04:00,true,540f0a16d5e6ba953787,2019-08-08,2019-08-07,7474.125,7559.25,7467,0.700055533523423279192847315,369,2019
true,NQM9,opening_hour_rth,2019-03-20T10:30:00-04:00,true,5427bc7379abfa0e68c9,2019-03-20,2019-03-20,7375.125,7379.25,7366.75,0.7101545360114798660945548253,50,2019
true,NQU9,opening_hour_rth,2019-09-06T10:30:00-04:00,true,542d5cbe27884ba75bae,2019-09-06,2019-09-06,7848.125,7861.5,7845.25,0.7010496199500479216112732831,65,2019
true,NQU9,opening_hour_rth,2019-07-15T10:30:00-04:00,true,54363ae133ba5b4b2b49,2019-07-15,2019-07-15,7972.625,7976,7965.5,0.7090948316418261723457314725,42,2019
true,NQH9,midnight,2019-02-25T09:30:00-05:00,true,54754cba274f9b26b7d9,2019-02-25,2019-02-25,7135.375,7144,7115.5,0.7030789985508351765692929599,114,2019
true,NQZ9,midnight,2019-10-18T09:30:00-04:00,true,5484e9d74ff349b10b7c,2019-10-18,2019-10-18,7950.625,7955.25,7936.75,0.7007709428814601706293203776,74,2019
true,NQH0,midnight,2019-12-20T09:30:00-05:00,true,54c534a94b3b3d47b6db,2019-12-20,2019-12-20,8670.125,8694.25,8665.75,0.7007302560337437038314760883,114,2019
true,NQH9,prior_rth,2019-01-30T16:00:00-05:00,true,550afe5bc0a2e159ad82,2019-01-31,2019-01-30,6722.375,6799.25,6696,0.7019592245049441655365880459,413,2019
true,NQM9,full_overnight,2019-05-13T09:30:00-04:00,true,5510693327749c5947ef,2019-05-13,2019-05-13,7412.875,7513.75,7403.25,0.7008265197953800635895581489,442,2019
true,NQM9,midnight,2019-04-26T09:30:00-04:00,true,55329b93466b7a0da387,2019-04-26,2019-04-26,7806.375,7825.5,7794.25,0.7060200416284799747915764524,125,2019
true,NQZ9,midnight,2019-09-26T09:30:00-04:00,true,5572b25b4728ef072ac5,2019-09-26,2019-09-26,7830.875,7835.25,7809,0.7018321353503375110169941874,105,2019
true,NQU9,midnight,2019-08-05T09:30:00-04:00,true,55810226da70f6ec3f2a,2019-08-05,2019-08-05,7555.375,7586,7535.25,0.7020732700656175138028965448,203,2019
true,NQZ9,prior_rth,2019-10-10T16:00:00-04:00,true,558351b00d1036400a49,2019-10-11,2019-10-10,7752.875,7763.25,7722.25,0.7000566929758929030824571702,164,2019
true,NQU9,prior_rth,2019-08-30T16:00:00-04:00,true,5610249356312d8cfedf,2019-09-03,2019-08-30,7678.625,7708,7646,0.7001309742843279490046870131,248,2019
true,NQH9,midnight,2019-02-13T09:30:00-05:00,true,56781abc559369d1230d,2019-02-13,2019-02-13,7046.875,7057,7044.5,0.7004155071890892647753228842,50,2019
true,NQU9,opening_hour_rth,2019-08-16T10:30:00-04:00,true,56bc7f14dc158e61fb8d,2019-08-16,2019-08-16,7573.875,7582.25,7563,0.7015937376153464835753888195,77,2019
true,NQZ9,opening_hour_rth,2019-11-14T10:30:00-05:00,true,56c9997a9d319fd38299,2019-11-14,2019-11-14,8251.875,8261.5,8248.25,0.7075339005219975410620149075,53,2019
true,NQZ9,midnight,2019-09-16T09:30:00-04:00,true,5770173f25dc37aebeb0,2019-09-16,2019-09-16,7859.625,7863.75,7847,0.7038481343926313845980894431,67,2019
true,NQM9,opening_hour_rth,2019-06-07T10:30:00-04:00,true,57af7edb697da11bae2f,2019-06-07,2019-06-07,7377.625,7384.25,7349.75,0.700111713800221650951741361,138,2019
true,NQZ9,prior_rth,2019-11-20T16:00:00-05:00,true,57fcc686aca0a9c092e1,2019-11-21,2019-11-20,8328.375,8347,8268.5,0.7012395483221049149676921414,314,2019
true,NQH9,midnight,2019-01-08T09:30:00-05:00,true,5887d926089a26382632,2019-01-08,2019-01-08,6545.125,6562.5,6527.5,0.7043801243436589477739445386,140,2019
true,NQZ9,prior_rth,2019-11-25T16:00:00-05:00,true,588d233e2889b760c785,2019-11-26,2019-11-25,8363.875,8375.5,8355,0.7041867489401312918373484937,82,2019
true,NQZ9,full_overnight,2019-09-18T09:30:00-04:00,true,58a3d1ad1af88a0194ff,2019-09-18,2019-09-18,7902.875,7909,7899.5,0.7038572187956191734826702951,38,2019
true,NQZ9,opening_hour_rth,2019-09-25T10:30:00-04:00,true,58befefaee8f5684f60c,2019-09-25,2019-09-25,7698.375,7719,7678.5,0.7013079614346019938565257827,162,2019
true,NQU9,midnight,2019-09-04T09:30:00-04:00,true,5904edb3d80eac151180,2019-09-04,2019-09-04,7692.625,7717,7684.5,0.7013704920925823050609186522,130,2019
true,NQM9,prior_rth,2019-04-26T16:00:00-04:00,true,59d2dd9d82b99bc2154e,2019-04-29,2019-04-26,7807.625,7820,7781,0.7010241667053057210135245393,156,2019
true,NQZ9,opening_hour_rth,2019-10-17T10:30:00-04:00,true,5a6df9f32f55b16f5b6b,2019-10-17,2019-10-17,7984.125,7988.5,7974.75,0.7102311656932827720647080068,55,2019
true,NQZ9,full_overnight,2019-10-30T09:30:00-04:00,true,5a7aac18ebbabae8b17f,2019-10-30,2019-10-30,8054.875,8065.25,8047.5,0.700855857783818316785016476,71,2019
true,NQZ9,full_overnight,2019-11-22T09:30:00-05:00,true,5aa9a35953d2ca2222be,2019-11-22,2019-11-22,8295.625,8300.75,8288.75,0.7027656854162881128992079323,48,2019
true,NQM9,prior_rth,2019-03-19T16:00:00-04:00,true,5b098686730331bb0c67,2019-03-20,2019-03-19,7395.375,7402.5,7377.75,0.7010171174399550658444970577,99,2019
true,NQM9,midnight,2019-05-13T09:30:00-04:00,true,5b3c6becd06309848b67,2019-05-13,2019-05-13,7412.875,7483.5,7403.25,0.7042143426076001175623171702,321,2019
true,NQM9,midnight,2019-05-02T09:30:00-04:00,true,5b91d349600de0db4a64,2019-05-02,2019-05-02,7768.125,7777,7761.75,0.7067665014367430464001237221,61,2019
true,NQU9,prior_rth,2019-07-01T16:00:00-04:00,true,5ba0b27b9f655f0b68cd,2019-07-02,2019-07-01,7806.125,7812.75,7764.75,0.701448002064740617410125239,192,2019
true,NQM9,opening_hour_rth,2019-03-19T10:30:00-04:00,true,5ba7fa4afcf7f62c2fd0,2019-03-19,2019-03-19,7386.375,7394.75,7382.5,0.7085102724327361213309719611,49,2019
true,NQH9,opening_hour_rth,2019-01-11T10:30:00-05:00,true,5bc6c242a1ef2ed7580f,2019-01-11,2019-01-11,6588.875,6601,6583.5,0.7038279676694933713523028543,70,2019
true,NQH9,midnight,2019-02-28T09:30:00-05:00,true,5bd6ccb958397daea432,2019-02-28,2019-02-28,7099.875,7103.75,7086,0.7044708640934581258733866687,71,2019
true,NQM9,prior_rth,2019-04-18T16:00:00-04:00,true,5c1ea564ca0858c9e997,2019-04-22,2019-04-18,7706.125,7713,7688,0.7021890862019743602570650697,100,2019
true,NQZ9,prior_rth,2019-10-04T16:00:00-04:00,true,5c428e451de0d6610005,2019-10-07,2019-10-04,7736.625,7773.75,7709.5,0.7015018913226009934818911281,257,2019
true,NQU9,opening_hour_rth,2019-09-05T10:30:00-04:00,true,5ca78c879a9edc432280,2019-09-05,2019-09-05,7829.875,7866,7816.25,0.7017986235344068252076913653,199,2019
true,NQM9,prior_rth,2019-05-22T16:00:00-04:00,true,5caec4629ad226e48d14,2019-05-23,2019-05-22,7441.875,7450.25,7430.5,0.7040504340352056392896807209,79,2019
true,NQZ9,prior_rth,2019-09-30T16:00:00-04:00,true,5e4e2fdc7beb916d5b9e,2019-10-01,2019-09-30,7771.625,7778.75,7737,0.7045486438006768290989717111,167,2019
true,NQU9,full_overnight,2019-08-13T09:30:00-04:00,true,5e7b42b2442cca537357,2019-08-13,2019-08-13,7541.375,7566.75,7519.25,0.7002745525788108651801459142,190,2019
true,NQU9,prior_rth,2019-07-10T16:00:00-04:00,true,5ed60a2b1a5243f9386b,2019-07-11,2019-07-10,7917.375,7934.75,7907.5,0.7000760876465390921941065972,109,2019
true,NQU9,prior_rth,2019-06-24T16:00:00-04:00,true,5efbeebfd3a73bd66b8d,2019-06-25,2019-06-24,7767.875,7772.75,7758.25,0.7060212477270039180708611166,58,2019
true,NQH9,full_overnight,2019-01-07T09:30:00-05:00,true,5f1a3c5fbcfffbcf16cb,2019-01-07,2019-01-07,6425.625,6457.5,6413.5,0.7014169093624320396432250739,176,2019
true,NQM9,opening_hour_rth,2019-04-23T10:30:00-04:00,true,5f2e0f152ce7ff658b34,2019-04-23,2019-04-23,7786.375,7793.75,7764,0.7026142579000787925112488724,119,2019
true,NQZ9,opening_hour_rth,2019-12-11T10:30:00-05:00,true,5f9adac1dd3a9fd698c2,2019-12-11,2019-12-11,8389.125,8396,8372.5,0.7086821609885298652397128777,94,2019
true,NQM9,opening_hour_rth,2019-04-12T10:30:00-04:00,true,5f9be2cce9404ef56c24,2019-04-12,2019-04-12,7645.125,7647.75,7641.25,0.7082718548526235140755311067,26,2019
true,NQU9,full_overnight,2019-09-04T09:30:00-04:00,true,602ca797fb8ba9c65420,2019-09-04,2019-09-04,7692.625,7729.75,7677.5,0.7022377352637064553258355102,209,2019
true,NQU9,opening_hour_rth,2019-06-20T10:30:00-04:00,true,603e5c4c338faac7690b,2019-06-20,2019-06-20,7787.375,7795.25,7778.5,0.7015312136548615561275264168,67,2019
true,NQH9,full_overnight,2019-02-05T09:30:00-05:00,true,606371e3cc0a8c20eeef,2019-02-05,2019-02-05,6932.125,6958.5,6929.75,0.7051111403872843990035051075,115,2019
true,NQH0,opening_hour_rth,2019-12-20T10:30:00-05:00,true,6091a06acd667873ff23,2019-12-20,2019-12-20,8693.875,8704,8690,0.7101489426409292133596152827,56,2019
true,NQM9,prior_rth,2019-04-10T16:00:00-04:00,true,60a904bd83c4fcea3b48,2019-04-11,2019-04-10,7605.875,7624.75,7601.5,0.7024047200874272078236157069,93,2019
true,NQM9,full_overnight,2019-04-03T09:30:00-04:00,true,60fc38ffee2084065665,2019-04-03,2019-04-03,7567.625,7573,7558.25,0.7029352562751928580926644982,59,2019
true,NQM9,opening_hour_rth,2019-04-04T10:30:00-04:00,true,61d8316a248d3d1135bf,2019-04-04,2019-04-04,7590.875,7595.25,7574.5,0.7047766335991269568217950363,83,2019
true,NQZ9,midnight,2019-10-11T09:30:00-04:00,true,61ec98b3e4a470143a52,2019-10-11,2019-10-11,7846.125,7862.5,7818,0.7003652146958421958980630682,178,2019
true,NQU9,prior_rth,2019-08-16T16:00:00-04:00,true,62762c5164acb83c40cd,2019-08-19,2019-08-16,7615.875,7629,7591,0.701429723267228609551684091,152,2019
true,NQZ9,opening_hour_rth,2019-11-22T10:30:00-05:00,true,62bf8b6d67758e47db55,2019-11-22,2019-11-22,8285.625,8294.5,8278,0.7050995462807300349170455518,66,2019
true,NQH9,full_overnight,2019-02-06T09:30:00-05:00,true,62e718b49b775c93d301,2019-02-06,2019-02-06,7017.125,7027,7005,0.70782700161287912288674002,88,2019
true,NQH9,midnight,2019-02-20T09:30:00-05:00,true,638a39ec449fe8b83716,2019-02-20,2019-02-20,7069.375,7076.75,7065,0.7094666497199274989632997837,47,2019
true,NQM9,prior_rth,2019-05-03T16:00:00-04:00,true,645ffeeaa167ac7091d4,2019-05-06,2019-05-03,7856.125,7860.75,7815,0.7011152156550390457998623344,183,2019
true,NQM9,opening_hour_rth,2019-04-05T10:30:00-04:00,true,648e5e608c8c5dd59afd,2019-04-05,2019-04-05,7590.625,7600.75,7585.75,0.7068648537914276243575558455,60,2019
true,NQU9,prior_rth,2019-07-29T16:00:00-04:00,true,649ec4199394e7a553f8,2019-07-30,2019-07-29,8004.125,8007.75,7972.75,0.7042527351901953706489269906,140,2019
true,NQM9,opening_hour_rth,2019-05-22T10:30:00-04:00,true,65043c292ca8c9055965,2019-05-22,2019-05-22,7439.125,7452.5,7433.75,0.704612903834093107142774238,75,2019
true,NQM9,midnight,2019-05-23T09:30:00-04:00,true,65356d2133a6f89c9722,2019-05-23,2019-05-23,7342.875,7361,7333.25,0.701926421167800758577339704,111,2019
true,NQM9,prior_rth,2019-03-26T16:00:00-04:00,true,655de3d4c56d8e55c91c,2019-03-27,2019-03-26,7411.875,7431.5,7370.5,0.7013668089186602142798877869,244,2019
true,NQH9,prior_rth,2019-01-16T16:00:00-05:00,true,657ac1c7a8eae92c7cbe,2019-01-17,2019-01-16,6688.125,6705.75,6681.5,0.7020734808873893652256703043,97,2019
true,NQM9,full_overnight,2019-05-29T09:30:00-04:00,true,657d09d3c8d22f4cdffc,2019-05-29,2019-05-29,7234.375,7250.75,7221,0.7001903379015024146846801384,119,2019
true,NQU9,opening_hour_rth,2019-08-14T10:30:00-04:00,true,65853fb8873fc2b5ce2e,2019-08-14,2019-08-14,7617.375,7625,7595.25,0.7005871903682734909343076084,119,2019
true,NQU9,midnight,2019-08-20T09:30:00-04:00,true,65b87c440785abca3d2b,2019-08-20,2019-08-20,7736.375,7745.5,7726.75,0.7028524845035886464721097802,75,2019
true,NQZ9,opening_hour_rth,2019-10-25T10:30:00-04:00,true,666dd256c26b7189f555,2019-10-25,2019-10-25,7964.875,7986.75,7948.75,0.7015053475029141732571849236,152,2019
true,NQH9,midnight,2019-01-30T09:30:00-05:00,true,67359fe3db842a887bf4,2019-01-30,2019-01-30,6700.125,6714.25,6682.75,0.7024100143503128577755443433,126,2019
true,NQH9,prior_rth,2019-02-11T16:00:00-05:00,true,67375b73254e167cf789,2019-02-12,2019-02-11,6928.375,6939.75,6913.5,0.7034879656525134254725780831,105,2019
true,NQM9,midnight,2019-04-24T09:30:00-04:00,true,67518ad5148fd5676539,2019-04-24,2019-04-24,7836.375,7847,7824.25,0.7047473607286176194665720576,91,2019
true,NQM9,opening_hour_rth,2019-05-15T10:30:00-04:00,true,6778de38b78ca355562f,2019-05-15,2019-05-15,7407.875,7424.75,7367,0.7001049338085001207281126729,231,2019
true,NQU9,prior_rth,2019-08-19T16:00:00-04:00,true,679f6b4f7c728b0c8e04,2019-08-20,2019-08-19,7736.125,7744.5,7724.25,0.702816787087661990051017059,81,2019
true,NQU9,prior_rth,2019-08-08T16:00:00-04:00,true,67c10b0fb63bcf41f595,2019-08-09,2019-08-08,7700.125,7733.25,7642,0.7004559897277528244484748345,365,2019
true,NQH9,prior_rth,2019-02-08T16:00:00-05:00,true,681d8dd84d4ac49b168e,2019-02-11,2019-02-08,6862.625,6878.5,6845,0.7006943529090443294787539834,134,2019
true,NQU9,midnight,2019-09-05T09:30:00-04:00,true,682169f597259163a3d5,2019-09-05,2019-09-05,7809.375,7819.75,7796.5,0.7032003765161301107210079075,93,2019
true,NQH9,prior_rth,2019-03-08T16:00:00-05:00,true,683cfb13042d73f4c990,2019-03-11,2019-03-08,6971.125,6989.5,6949,0.700046397029710456060161777,162,2019
true,NQH0,opening_hour_rth,2019-12-30T10:30:00-05:00,true,69121598f4aa09d62a42,2019-12-30,2019-12-30,8715.625,8737.5,8694.75,0.701366933767438162261151051,171,2019
true,NQZ9,full_overnight,2019-10-08T09:30:00-04:00,true,694461eaaceb99bff35c,2019-10-08,2019-10-08,7694.375,7743.75,7665.5,0.7002096979861138649582020128,313,2019
true,NQH0,midnight,2019-12-19T09:30:00-05:00,true,6a18e1c4f495d75f7442,2019-12-19,2019-12-19,8619.625,8622.25,8614,0.7097395347435745142120141359,33,2019
true,NQH9,full_overnight,2019-01-18T09:30:00-05:00,true,6a427d6782763aec3730,2019-01-18,2019-01-18,6738.125,6756.75,6730.75,0.7002800735123368739431855883,104,2019
true,NQU9,full_overnight,2019-08-28T09:30:00-04:00,true,6adcf07ff33479a306fa,2019-08-28,2019-08-28,7588.375,7595.5,7553.75,0.7020146120052896979443189351,167,2019
true,NQH9,midnight,2019-01-10T09:30:00-05:00,true,6afc985ccd62ebbf02b8,2019-01-10,2019-01-10,6564.375,6572,6557.25,0.7023642225160216756558413983,59,2019
true,NQM9,full_overnight,2019-05-23T09:30:00-04:00,true,6b6c6d3de6b5df043d60,2019-05-23,2019-05-23,7342.875,7369.25,7322.75,0.7009530567609373178995334599,186,2019
true,NQM9,opening_hour_rth,2019-04-02T10:30:00-04:00,true,6be54e3fc5a32cc47471,2019-04-02,2019-04-02,7499.375,7507.25,7494.25,0.7072396185621638875622290355,52,2019
true,NQM9,opening_hour_rth,2019-03-22T10:30:00-04:00,true,6c031c673cfb54abc0e1,2019-03-22,2019-03-22,7470.625,7491,7442.5,0.7008012085350299462084374102,194,2019
true,NQH9,prior_rth,2019-01-09T16:00:00-05:00,true,6c7487b9e8c8cc532fc1,2019-01-10,2019-01-09,6605.375,6621.75,6578,0.7000626982820308156659018693,175,2019
true,NQH9,prior_rth,2019-02-01T16:00:00-05:00,true,6c85d1444b1568bdfa46,2019-02-04,2019-02-01,6879.375,6910,6868.5,0.7015511538411317951659852249,166,2019
true,NQZ9,prior_rth,2019-10-29T16:00:00-04:00,true,6cdd3c91ac34760f4b51,2019-10-30,2019-10-29,8066.875,8091.75,8059.5,0.7044239211615903883670450908,129,2019
true,NQH9,prior_rth,2019-02-04T16:00:00-05:00,true,6d70f8c64c184c97881d,2019-02-05,2019-02-04,6944.625,6963.25,6913,0.7007788578733941764585197052,201,2019
true,NQZ9,full_overnight,2019-09-17T09:30:00-04:00,true,6d8c9bff1f1d19e35abe,2019-09-17,2019-09-17,7867.625,7882,7863,0.70441069591080966989959718,76,2019
true,NQM9,full_overnight,2019-03-19T09:30:00-04:00,true,6e1c7b13793bc3cf297b,2019-03-19,2019-03-19,7366.125,7387.25,7356.5,0.7062354166572337153301306583,123,2019
true,NQZ9,full_overnight,2019-12-02T09:30:00-05:00,true,6e48456bec25eb9c421d,2019-12-02,2019-12-02,8446.625,8454.75,8426,0.7073113045058426630023886586,115,2019
true,NQZ9,prior_rth,2019-11-18T16:00:00-05:00,true,6e83da60cae789617a9b,2019-11-19,2019-11-18,8320.875,8324.75,8285.25,0.7004398922365760449018986564,158,2019
true,NQZ9,midnight,2019-10-03T09:30:00-04:00,true,6eb28b20ff7681085ff8,2019-10-03,2019-10-03,7559.125,7579.5,7555.25,0.7044473069278691567787455252,97,2019
true,NQH0,midnight,2019-12-23T09:30:00-05:00,true,6eda577a90715666817f,2019-12-23,2019-12-23,8734.125,8743.25,8719,0.7097368700016763798084982597,97,2019
true,NQZ9,midnight,2019-09-19T09:30:00-04:00,true,6f805781f9087264c721,2019-09-19,2019-09-19,7899.375,7904.5,7862,0.7014820263633205132552757263,170,2019
true,NQZ9,prior_rth,2019-11-06T16:00:00-05:00,true,6febcdfb0e2a6b0704a7,2019-11-07,2019-11-06,8194.875,8201.25,8182,0.7002114901243097307568729996,77,2019
true,NQH9,midnight,2019-03-07T09:30:00-05:00,true,6ff4f7137f72730761ad,2019-03-07,2019-03-07,7095.375,7109.25,7084.25,0.7020889739253377279488408147,100,2019
true,NQZ9,prior_rth,2019-10-23T16:00:00-04:00,true,70389e34728de4daeae5,2019-10-24,2019-10-23,7886.125,7895.5,7871.75,0.7022344208702469582944747707,95,2019
true,NQM9,prior_rth,2019-06-12T16:00:00-04:00,true,70f7231fe8ce6f7bf357,2019-06-13,2019-06-12,7475.375,7489.25,7466.75,0.7009515798155271662798344267,90,2019
true,NQU9,opening_hour_rth,2019-08-30T10:30:00-04:00,true,7123e75efaa38a534259,2019-08-30,2019-08-30,7734.625,7745.25,7721.25,0.7021166856447406743949741906,96,2019
true,NQZ9,opening_hour_rth,2019-10-11T10:30:00-04:00,true,718cee0e7be3b718dbde,2019-10-11,2019-10-11,7882.125,7889,7864.75,0.703077704976060666610404605,97,2019
true,NQU9,full_overnight,2019-07-01T09:30:00-04:00,true,71dc9ac9f8d572e4c40f,2019-07-01,2019-07-01,7824.125,7840.25,7800.5,0.7006501126965053986611436547,159,2019
true,NQZ9,midnight,2019-10-25T09:30:00-04:00,true,71facac37d67b58b9fef,2019-10-25,2019-10-25,7939.875,7943.25,7932.25,0.7046125330826329777203289041,44,2019
true,NQZ9,opening_hour_rth,2019-12-02T10:30:00-05:00,true,72631ab0b35cbbdaaaab,2019-12-02,2019-12-02,8311.375,8364.75,8299.25,0.7003416465416327445684066947,262,2019
true,NQH9,opening_hour_rth,2019-02-20T10:30:00-05:00,true,73505371dd7efb26b422,2019-02-20,2019-02-20,7090.875,7094.25,7083.75,0.7174993480137442696030909312,42,2019
true,NQM9,midnight,2019-05-30T09:30:00-04:00,true,7398794d29a55ec2a47d,2019-05-30,2019-05-30,7244.125,7250,7237.25,0.7018032355283544428746936377,51,2019
true,NQH9,opening_hour_rth,2019-01-28T10:30:00-05:00,true,73bc227c29d192caea04,2019-01-28,2019-01-28,6677.875,6682.75,6659,0.7012327250542277006147160883,95,2019
true,NQU9,full_overnight,2019-06-20T09:30:00-04:00,true,7402e44138a70f3020ad,2019-06-20,2019-06-20,7797.125,7820,7757.75,0.7016946432133972470976147788,249,2019
true,NQU9,midnight,2019-06-25T09:30:00-04:00,true,742e80b4fafe9aceaa9f,2019-06-25,2019-06-25,7736.375,7747.75,7724.25,0.7012750883544714544717016105,94,2019
true,NQU9,prior_rth,2019-09-05T16:00:00-04:00,true,745847ce6a81e0d95449,2019-09-06,2019-09-05,7857.875,7872,7847,0.7028657288548129867226641166,100,2019
true,NQM9,prior_rth,2019-04-15T16:00:00-04:00,true,745d6dece889262f721f,2019-04-16,2019-04-15,7649.125,7658.25,7623.25,0.7065268394807963153286894263,140,2019
true,NQU9,prior_rth,2019-07-11T16:00:00-04:00,true,74c3420721e6edb5bb69,2019-07-12,2019-07-11,7912.125,7943,7903,0.7034067449166042032422982363,160,2019
true,NQH9,opening_hour_rth,2019-01-08T10:30:00-05:00,true,75f67d0688311528b1a3,2019-01-08,2019-01-08,6576.625,6586.25,6542.5,0.7008391826605626241047081978,175,2019
true,NQU9,prior_rth,2019-08-09T16:00:00-04:00,true,76057265615182df68d0,2019-08-12,2019-08-09,7666.125,7693.5,7630.5,0.7008303720379113364579024163,252,2019
true,NQH9,full_overnight,2019-02-25T09:30:00-05:00,true,76345939436028a07132,2019-02-25,2019-02-25,7118.125,7133,7103,0.7043413606085782394322339225,120,2019
true,NQZ9,opening_hour_rth,2019-10-08T10:30:00-04:00,true,764af0b1d7d69f5cd02b,2019-10-08,2019-10-08,7647.375,7678.5,7638,0.7028222207152818232103062071,162,2019
true,NQZ9,prior_rth,2019-12-02T16:00:00-05:00,true,772bac014f6cb12a01c4,2019-12-03,2019-12-02,8316.125,8332.75,8291,0.7009252570895901220748467024,167,2019
true,NQU9,midnight,2019-08-29T09:30:00-04:00,true,774c0a98314d23b736cb,2019-08-29,2019-08-29,7686.625,7701.25,7650,0.7014280590684587731983821727,205,2019
true,NQH9,midnight,2019-03-04T09:30:00-05:00,true,7805ebb7abd385099f3d,2019-03-04,2019-03-04,7190.875,7196.25,7185.75,0.7086189216827220610139277383,42,2019
true,NQZ9,midnight,2019-11-27T09:30:00-05:00,true,7876255ab84af5050647,2019-11-27,2019-11-27,8415.875,8422.5,8411.5,0.7047943281497724851253431919,44,2019
true,NQM9,prior_rth,2019-04-01T16:00:00-04:00,true,78bc36a5956e05f6f9ad,2019-04-02,2019-04-01,7496.625,7502.5,7466.25,0.7024813996902479096763059503,145,2019
true,NQM9,midnight,2019-03-22T09:30:00-04:00,true,78ff3cfc087409ed06ba,2019-03-22,2019-03-22,7503.625,7511,7489.75,0.704049669632812668205851627,85,2019
true,NQZ9,midnight,2019-10-02T09:30:00-04:00,true,78ff5ff9ea72c1b99826,2019-10-02,2019-10-02,7642.375,7663,7634.5,0.7003711257634024457748859686,114,2019
true,NQM9,prior_rth,2019-03-15T16:00:00-04:00,true,799869e98a5b470439ec,2019-03-18,2019-03-15,7352.375,7356.75,7322,0.704571627037249525165735975,139,2019
true,NQU9,midnight,2019-07-31T09:30:00-04:00,true,7a022301129e406cdf66,2019-07-31,2019-07-31,7994.625,7997.25,7988,0.7068308745875670128594527787,37,2019
true,NQZ9,prior_rth,2019-09-19T16:00:00-04:00,true,7a1ec2249358c269dd2b,2019-09-20,2019-09-19,7928.375,7956,7910.75,0.702134192243755238613629085,181,2019
true,NQH9,midnight,2019-01-07T09:30:00-05:00,true,7ae4e8e6fa2df217b9d7,2019-01-07,2019-01-07,6425.625,6443,6413.25,0.7023532091875000619054367532,119,2019
true,NQH9,full_overnight,2019-02-20T09:30:00-05:00,true,7b23a05c713d418e5f3e,2019-02-20,2019-02-20,7069.125,7077.5,7065,0.7108123406517638525471422069,50,2019
true,NQU9,midnight,2019-07-25T09:30:00-04:00,true,7b2654c425402875cc4f,2019-07-25,2019-07-25,8017.375,8030.5,8009.5,0.7038316150116598357830490955,84,2019
true,NQH9,full_overnight,2019-01-22T09:30:00-05:00,true,7b26c9a0f1a92425cdf7,2019-01-22,2019-01-22,6740.625,6747.25,6729.75,0.7009420753992038046874618543,70,2019
true,NQM9,prior_rth,2019-03-18T16:00:00-04:00,true,7b39c7509a7066543541,2019-03-19,2019-03-18,7349.375,7361.5,7330.25,0.7025577318997939809319304216,125,2019
true,NQM9,midnight,2019-04-01T09:30:00-04:00,true,7bb4bea3b83cde2e031a,2019-04-01,2019-04-01,7473.875,7476.5,7467,0.7094209787712878509932471722,38,2019
true,NQH0,prior_rth,2019-12-16T16:00:00-05:00,true,7c17b8694d91ddb9a322,2019-12-17,2019-12-16,8611.375,8615,8601,0.7033580012169196890072769487,56,2019
true,NQU9,midnight,2019-09-03T09:30:00-04:00,true,7c2c411cb90b0f7b5900,2019-09-03,2019-09-03,7634.125,7646.5,7614.25,0.7022495137124457915927464397,129,2019
true,NQZ9,prior_rth,2019-10-07T16:00:00-04:00,true,7c761367d5f8e83b3eb4,2019-10-08,2019-10-07,7752.875,7775,7732,0.7036985993655578731615580317,172,2019
true,NQU9,full_overnight,2019-08-14T09:30:00-04:00,true,7ce22c86ae31bb056222,2019-08-14,2019-08-14,7623.375,7730.25,7596.25,0.701018625851741287084402607,536,2019
true,NQH0,midnight,2019-12-27T09:30:00-05:00,true,7d2bca7ca7d14e1fedf6,2019-12-27,2019-12-27,8835.375,8842.25,8827,0.7189218838603650985345674131,61,2019
true,NQH9,full_overnight,2019-02-21T09:30:00-05:00,true,7deb2cc3c002cf862300,2019-02-21,2019-02-21,7065.625,7089.25,7051.25,0.7062460372489851788379551062,152,2019
true,NQH9,opening_hour_rth,2019-01-09T10:30:00-05:00,true,7e218ee42c509b11ef93,2019-01-09,2019-01-09,6594.625,6609,6588.75,0.7043243748102068178166085039,81,2019
true,NQM9,prior_rth,2019-04-25T16:00:00-04:00,true,7e3218a8ac7ea1e44a9c,2019-04-26,2019-04-25,7843.625,7858.5,7831.75,0.7011656934252567449027620945,107,2019
true,NQU9,prior_rth,2019-06-19T16:00:00-04:00,true,7f1d70f3ff6d4f86589c,2019-06-20,2019-06-19,7655.625,7682.75,7645,0.7017580063793844228967921389,151,2019
true,NQM9,opening_hour_rth,2019-05-31T10:30:00-04:00,true,7f32a9dd9e9d3a98ee77,2019-05-31,2019-05-31,7153.375,7160.25,7141,0.7054640759425340150410148074,77,2019
true,NQM9,opening_hour_rth,2019-06-05T10:30:00-04:00,true,7fa89eb38fdbe19e4f0f,2019-06-05,2019-06-05,7197.625,7215.25,7179.5,0.7029710287630468612226110091,143,2019
true,NQZ9,opening_hour_rth,2019-11-20T10:30:00-05:00,true,7fd6961b142db1114187,2019-11-20,2019-11-20,8328.375,8333.75,8323.25,0.7000497906593271718932199908,42,2019
true,NQM9,opening_hour_rth,2019-04-30T10:30:00-04:00,true,7fe8f997d1e4ac5ee5e7,2019-04-30,2019-04-30,7795.375,7802,7788.5,0.7079501413515440243142428092,54,2019
true,NQH9,prior_rth,2019-02-26T16:00:00-05:00,true,803620f3bb4f3f4cb52d,2019-02-27,2019-02-26,7124.375,7136.5,7113,0.7000194965418195068193612341,94,2019
true,NQU9,midnight,2019-08-23T09:30:00-04:00,true,805e171ed398327b06aa,2019-08-23,2019-08-23,7749.125,7762,7666.25,0.703860959641321256581946231,383,2019
true,NQM9,opening_hour_rth,2019-06-14T10:30:00-04:00,true,8068e8db45317fae317a,2019-06-14,2019-06-14,7473.125,7477.5,7463,0.7090428522129545650406687821,58,2019
true,NQZ9,midnight,2019-12-05T09:30:00-05:00,true,80c7ee704ec615e55919,2019-12-05,2019-12-05,8311.875,8332.25,8306.5,0.7046555071426173008232221075,103,2019
true,NQH0,opening_hour_rth,2019-12-18T10:30:00-05:00,true,812647ec956a5b9f0624,2019-12-18,2019-12-18,8622.625,8625,8615.25,0.7054307124737545562893345555,39,2019
true,NQH9,opening_hour_rth,2019-02-15T10:30:00-05:00,true,8198d11d99d8356428d8,2019-02-15,2019-02-15,7057.875,7069.25,7043.75,0.70288689874318162782552123,102,2019
true,NQH9,opening_hour_rth,2019-03-01T10:30:00-05:00,true,81c35edd1ce2984ff497,2019-03-01,2019-03-01,7151.875,7156.75,7138.25,0.7006550049844472199411913379,74,2019
true,NQZ9,opening_hour_rth,2019-09-26T10:30:00-04:00,true,81e1bc7a70685b208915,2019-09-26,2019-09-26,7779.875,7787,7767.5,0.7018381423857692768981353548,78,2019
true,NQZ9,full_overnight,2019-10-16T09:30:00-04:00,true,81eff032a52c2d30aad6,2019-10-16,2019-10-16,7937.125,7946.75,7933.75,0.7044881903497538844902537703,52,2019
true,NQZ9,opening_hour_rth,2019-10-01T10:30:00-04:00,true,825b4e37d9ad4cc00d08,2019-10-01,2019-10-01,7835.375,7841.5,7779.75,0.7028079407636222697369876681,247,2019
true,NQU9,opening_hour_rth,2019-06-17T10:30:00-04:00,true,826a66a9024a6b490c6e,2019-06-17,2019-06-17,7564.125,7571.75,7541.5,0.700280487628103845652079377,121,2019
true,NQM9,opening_hour_rth,2019-03-28T10:30:00-04:00,true,82c1c56a66996a586b6d,2019-03-28,2019-03-28,7348.125,7369,7339.5,0.7012798178304348411893594473,118,2019
true,NQM9,midnight,2019-03-18T09:30:00-04:00,true,82ee03676e548b02c0ca,2019-03-18,2019-03-18,7348.375,7355,7345.5,0.7021608756817174461852729771,38,2019
true,NQM9,prior_rth,2019-06-06T16:00:00-04:00,true,82f7e32b334851128bed,2019-06-07,2019-06-06,7235.625,7251.75,7212,0.7006150187524047363925482028,159,2019
true,NQU9,prior_rth,2019-07-31T16:00:00-04:00,true,82faab9bb5a151437cbc,2019-08-01,2019-07-31,7973.875,7993,7893.25,0.7007336978340259568887014359,399,2019
true,NQZ9,opening_hour_rth,2019-11-06T10:30:00-05:00,true,838792c30c8e11e6a789,2019-11-06,2019-11-06,8194.875,8200.5,8192.25,0.7043897289086626905719661421,33,2019
true,NQZ9,opening_hour_rth,2019-09-17T10:30:00-04:00,true,839c9ff1859e733a99e3,2019-09-17,2019-09-17,7876.875,7885,7870.5,0.7040726497459657981883508329,58,2019
true,NQM9,midnight,2019-04-25T09:30:00-04:00,true,83a75835b20a9382a479,2019-04-25,2019-04-25,7874.375,7878.75,7859.5,0.7061185607600410503682452412,77,2019
true,NQU9,midnight,2019-08-02T09:30:00-04:00,true,83c700743904299140fc,2019-08-02,2019-08-02,7753.375,7779.5,7742.25,0.7000408497477421133894741114,149,2019
true,NQU9,full_overnight,2019-08-15T09:30:00-04:00,true,84102c9422caaaabc909,2019-08-15,2019-08-15,7525.375,7552.5,7486,0.7005452368499954096444922556,266,2019
true,NQM9,opening_hour_rth,2019-04-26T10:30:00-04:00,true,845835616589e96d0ea1,2019-04-26,2019-04-26,7783.375,7796.25,7767.75,0.7030164949803067764140986204,114,2019
true,NQM9,prior_rth,2019-03-27T16:00:00-04:00,true,846040057c2418291870,2019-03-28,2019-03-27,7331.125,7359.25,7281.75,0.7002762816631558188456592633,310,2019
true,NQH9,midnight,2019-01-14T09:30:00-05:00,true,846148f7699d3ec4eadc,2019-01-14,2019-01-14,6546.875,6556,6539.25,0.704592779401195214432576292,67,2019
true,NQM9,prior_rth,2019-03-29T16:00:00-04:00,true,849712fc66edc9961f37,2019-04-01,2019-03-29,7390.875,7397.75,7379.5,0.7030109516516598467105426289,73,2019
true,NQM9,midnight,2019-03-28T09:30:00-04:00,true,854518816b8dedf321d9,2019-03-28,2019-03-28,7336.125,7343.75,7324,0.7091454853974630467980227506,79,2019
true,NQM9,prior_rth,2019-04-05T16:00:00-04:00,true,858b16ee7c9124416ffd,2019-04-08,2019-04-05,7599.375,7603.5,7593.25,0.7053418407300707624554045801,41,2019
true,NQM9,prior_rth,2019-06-14T16:00:00-04:00,true,858eb0baab816319b8b8,2019-06-17,2019-06-14,7479.875,7486.5,7464.75,0.705545001368391038493029204,87,2019
true,NQM9,prior_rth,2019-05-09T16:00:00-04:00,true,85d389e8fccb78e938a5,2019-05-10,2019-05-09,7506.625,7582.5,7487.25,0.7029006625030963131092400137,381,2019
true,NQM9,midnight,2019-06-07T09:30:00-04:00,true,85f146e66e92ea18a178,2019-06-07,2019-06-07,7307.875,7329.5,7298.75,0.7026853806982816590844576296,123,2019
true,NQZ9,full_overnight,2019-12-03T09:30:00-05:00,true,86258e18ac5a51bedbd9,2019-12-03,2019-12-03,8328.625,8336.5,8253.75,0.7010021155324395455193182255,331,2019
true,NQM9,full_overnight,2019-04-18T09:30:00-04:00,true,862da6fc3754246fccf7,2019-04-18,2019-04-18,7674.375,7694.5,7663.75,0.7046811364081891682051841222,123,2019
true,NQM9,prior_rth,2019-04-23T16:00:00-04:00,true,8697b3336f8bd8e5df8a,2019-04-24,2019-04-23,7824.875,7839.25,7786,0.7050673698329819198473771879,213,2019
true,NQM9,full_overnight,2019-05-21T09:30:00-04:00,true,86ade12d2263c2cd5992,2019-05-21,2019-05-21,7439.875,7454.5,7422.75,0.7011994769045407762249247015,127,2019
true,NQZ9,prior_rth,2019-12-11T16:00:00-05:00,true,874e0aa9a73ce8a7e115,2019-12-12,2019-12-11,8384.625,8399.75,8371.75,0.7025638097136482089535387983,112,2019
true,NQM9,midnight,2019-03-13T09:30:00-04:00,true,876291b359d28d0a05f9,2019-03-13,2019-03-13,7240.875,7258,7218.5,0.704511253649391068591451642,158,2019
true,NQU9,full_overnight,2019-07-23T09:30:00-04:00,true,8793820458c41753f43f,2019-07-23,2019-07-23,7935.625,7953.5,7922.5,0.7045636399528421825320284483,124,2019
true,NQH9,opening_hour_rth,2019-01-16T10:30:00-05:00,true,87bf22487d8a35264d13,2019-01-16,2019-01-16,6725.125,6734,6708.25,0.7006364585061358506126936569,103,2019
true,NQM9,full_overnight,2019-05-02T09:30:00-04:00,true,88ab654a6c38719c65c2,2019-05-02,2019-05-02,7768.125,7778,7760.25,0.7062518644587777310727581217,71,2019
true,NQZ9,prior_rth,2019-11-14T16:00:00-05:00,true,88d9473f10032b6dc6ec,2019-11-15,2019-11-14,8251.875,8263.75,8237.5,0.7023103129665225749887566249,105,2019
true,NQU9,midnight,2019-08-22T09:30:00-04:00,true,88f287a8c7cf18f05b3d,2019-08-22,2019-08-22,7728.875,7758,7722.25,0.7037952822276027875813863398,143,2019
true,NQZ9,opening_hour_rth,2019-09-27T10:30:00-04:00,true,88ffa00fb76199ee6841,2019-09-27,2019-09-27,7755.625,7786.5,7743.25,0.7001937352491898677727330231,173,2019
true,NQH9,prior_rth,2019-02-21T16:00:00-05:00,true,8942aa655277b799a8c7,2019-02-22,2019-02-21,7019.375,7046,7011.75,0.7017845223333465745415420853,137,2019
true,NQZ9,full_overnight,2019-09-26T09:30:00-04:00,true,89466ce4672ddf846e60,2019-09-26,2019-09-26,7810.375,7831,7806.25,0.7094266905108645081978823996,99,2019
true,NQU9,full_overnight,2019-06-19T09:30:00-04:00,true,8988e7d27a9505398972,2019-06-19,2019-06-19,7679.125,7683.5,7674.25,0.7057159861954605897677550788,37,2019
true,NQU9,opening_hour_rth,2019-06-18T10:30:00-04:00,true,89b5731246cab965d601,2019-06-18,2019-06-18,7699.625,7712,7668.5,0.7000080360012857602057216322,174,2019
true,NQZ9,full_overnight,2019-10-21T09:30:00-04:00,true,89dc5793cf24f28c67b0,2019-10-21,2019-10-21,7904.625,7911.75,7894,0.7020710881804289079875720604,71,2019
true,NQM9,prior_rth,2019-06-10T16:00:00-04:00,true,89fb1eeeb7b06c16e69a,2019-06-11,2019-06-10,7509.125,7546,7495.75,0.7022324006075512834527666531,201,2019
true,NQM9,full_overnight,2019-03-15T09:30:00-04:00,true,89fc17baa7ede165e4c2,2019-03-15,2019-03-15,7299.625,7306.75,7287.25,0.703488785112721630495171933,78,2019
true,NQZ9,prior_rth,2019-09-27T16:00:00-04:00,true,8a3d712cb05d7b60fb18,2019-09-30,2019-09-27,7755.625,7799.5,7691.5,0.7023931598688380932027693191,432,2019
true,NQU9,full_overnight,2019-09-10T09:30:00-04:00,true,8a6124c3a1d7022a8316,2019-09-10,2019-09-10,7807.625,7828,7792.25,0.7012415015206939288986497119,143,2019
true,NQM9,prior_rth,2019-05-10T16:00:00-04:00,true,8ad724d50e2341c9f061,2019-05-13,2019-05-10,7473.625,7562.75,7437.75,0.7006895666023479772077041614,500,2019
true,NQZ9,prior_rth,2019-12-09T16:00:00-05:00,true,8b1ee3ef04df485fd87e,2019-12-10,2019-12-09,8390.875,8411.5,8371.25,0.7029611534772574499976148683,161,2019
true,NQU9,prior_rth,2019-09-03T16:00:00-04:00,true,8ba0a09a6fdb69218df3,2019-09-04,2019-09-03,7612.125,7645.25,7602,0.701260227575959023832712644,173,2019
true,NQM9,prior_rth,2019-05-08T16:00:00-04:00,true,8bdf4781d229f7bbeb8e,2019-05-09,2019-05-08,7646.125,7671,7631.25,0.7037284843053907558680055704,159,2019
true,NQZ9,prior_rth,2019-10-24T16:00:00-04:00,true,8be70d3689483a6c0807,2019-10-25,2019-10-24,7953.125,7973.25,7946,0.702146265408362862012752139,109,2019
true,NQZ9,prior_rth,2019-11-05T16:00:00-05:00,true,8bebeb660deea8543d97,2019-11-06,2019-11-05,8228.375,8231.25,8212.75,0.701476279932579715068785075,74,2019
true,NQM9,midnight,2019-05-15T09:30:00-04:00,true,8c0371c3b212714419ab,2019-05-15,2019-05-15,7364.875,7420.5,7354.5,0.7005191242725984796907901128,264,2019
true,NQZ9,full_overnight,2019-12-04T09:30:00-05:00,true,8c34f970d449c55e4291,2019-12-04,2019-12-04,8258.375,8295.25,8220.5,0.7010496727005094195946908567,299,2019
true,NQU9,prior_rth,2019-07-09T16:00:00-04:00,true,8c3f8d2c01495189e8b6,2019-07-10,2019-07-09,7835.375,7858.75,7811,0.7013325011797020779811402859,191,2019
true,NQU9,opening_hour_rth,2019-07-29T10:30:00-04:00,true,8c65bf5e6296a8330bbf,2019-07-29,2019-07-29,7968.125,7993.5,7951.75,0.7035537558170507165366480604,167,2019
true,NQZ9,full_overnight,2019-10-11T09:30:00-04:00,true,8c7ead49df7d1b6bc223,2019-10-11,2019-10-11,7846.125,7862.5,7802.5,0.700799406299245779509471068,240,2019
true,NQZ9,opening_hour_rth,2019-11-19T10:30:00-05:00,true,8cba83d25b13784ead3c,2019-11-19,2019-11-19,8342.625,8356,8339,0.7081189005968327097733672009,68,2019
true,NQU9,prior_rth,2019-09-12T16:00:00-04:00,true,8d19b080209e937c4310,2019-09-13,2019-09-12,7949.625,7959.5,7927.5,0.7024982061109793812504648568,128,2019
true,NQZ9,opening_hour_rth,2019-12-06T10:30:00-05:00,true,8d7d80fda9fa31ec1a39,2019-12-06,2019-12-06,8385.625,8388.5,8376,0.7106296136295567941628717083,50,2019
true,NQU9,full_overnight,2019-08-20T09:30:00-04:00,true,8df9f83e4f3f6d858f53,2019-08-20,2019-08-20,7736.375,7745.5,7721,0.7025228323231490182135804566,98,2019
true,NQM9,opening_hour_rth,2019-06-11T10:30:00-04:00,true,8e12a01d58898a978262,2019-06-11,2019-06-11,7569.625,7578.5,7556.5,0.7008066519688899193942706133,88,2019
true,NQM9,prior_rth,2019-05-17T16:00:00-04:00,true,8e708d5a4f1701a7d126,2019-05-20,2019-05-17,7571.375,7584.75,7527.25,0.7013560824317773133373038385,230,2019
true,NQZ9,prior_rth,2019-11-19T16:00:00-05:00,true,8ed6d5f287699f746ffd,2019-11-20,2019-11-19,8346.625,8356.75,8339,0.7013611048472166077924632448,71,2019
true,NQU9,midnight,2019-07-12T09:30:00-04:00,true,90161bb40f669f5e16d4,2019-07-12,2019-07-12,7935.875,7943,7931.25,0.7100957324086833118644018933,47,2019
true,NQM9,opening_hour_rth,2019-03-26T10:30:00-04:00,true,907790c0ebbf44587d4f,2019-03-26,2019-03-26,7412.625,7430.75,7409,0.7001058525252655451269982493,87,2019
true,NQU9,midnight,2019-06-27T09:30:00-04:00,true,9087fdbef81c0e5e7bff,2019-06-27,2019-06-27,7688.125,7703,7672,0.7037387456699871032915442553,124,2019
true,NQU9,midnight,2019-09-11T09:30:00-04:00,true,9092d8e84187b8ee41b8,2019-09-11,2019-09-11,7828.125,7836,7817,0.7001777064174126705877806103,76,2019
true,NQM9,prior_rth,2019-06-04T16:00:00-04:00,true,90e8b5926d7dcf450dbc,2019-06-05,2019-06-04,7144.125,7174.75,7072.5,0.7001065010986923336219722678,409,2019
true,NQM9,midnight,2019-03-29T09:30:00-04:00,true,912ecc2b0cce83edc4ea,2019-03-29,2019-03-29,7385.875,7390.75,7367.75,0.7101691414939186899676811622,92,2019
true,NQZ9,midnight,2019-09-23T09:30:00-04:00,true,91a6e456b73d622f7921,2019-09-23,2019-09-23,7838.125,7847,7821.5,0.7029113047430122721189202937,102,2019
true,NQM9,midnight,2019-06-03T09:30:00-04:00,true,9241e29257df83601e2f,2019-06-03,2019-06-03,7096.625,7106.75,7078.75,0.7053984381728614388225523118,112,2019
true,NQH9,prior_rth,2019-01-11T16:00:00-05:00,true,92bdb8f4d5d27005ce55,2019-01-14,2019-01-11,6601.125,6604.5,6584.75,0.7050115717278801413929213195,79,2019
true,NQM9,full_overnight,2019-03-25T09:30:00-04:00,true,92c0f3cd641c35108164,2019-03-25,2019-03-25,7315.625,7341.5,7299.25,0.7011248980278067162749554728,169,2019
true,NQZ9,opening_hour_rth,2019-12-09T10:30:00-05:00,true,92c8f77fc69fab586b65,2019-12-09,2019-12-09,8421.125,8427.25,8410.25,0.7019374731218983496470234519,68,2019
true,NQH9,midnight,2019-02-01T09:30:00-05:00,true,92dc8d8ac21739a5cdc9,2019-02-01,2019-02-01,6886.375,6893.5,6876.75,0.7019388847451352292661849981,67,2019
true,NQM9,full_overnight,2019-05-22T09:30:00-04:00,true,92e781ffb7651d9e6f6c,2019-05-22,2019-05-22,7415.375,7451.5,7391.25,0.7032668853288068098154277531,241,2019
true,NQU9,opening_hour_rth,2019-08-15T10:30:00-04:00,true,92f0ae151cf362018a4c,2019-08-15,2019-08-15,7509.375,7524.75,7498,0.7027402031338530415600665235,107,2019
true,NQZ9,opening_hour_rth,2019-10-23T10:30:00-04:00,true,92f148645fe6b6f6e2d5,2019-10-23,2019-10-23,7877.625,7884.75,7865.75,0.7004004737277190459809812663,76,2019
true,NQM9,prior_rth,2019-03-28T16:00:00-04:00,true,93079a201d80d77bd943,2019-03-29,2019-03-28,7347.125,7353.5,7316.25,0.700967070552260197480735058,149,2019
true,NQU9,opening_hour_rth,2019-09-11T10:30:00-04:00,true,930a21e312a523b91ac8,2019-09-11,2019-09-11,7863.125,7867.25,7833,0.7034708537472434401152305606,137,2019
true,NQU9,opening_hour_rth,2019-06-24T10:30:00-04:00,true,931da3daa1a1f92a61f5,2019-06-24,2019-06-24,7768.125,7773.75,7760.5,0.7058261444012041005730753591,53,2019
true,NQZ9,midnight,2019-10-09T09:30:00-04:00,true,9386654408960a7f1bf0,2019-10-09,2019-10-09,7700.125,7719,7655.75,0.7010009867309450040796760123,253,2019
true,NQZ9,midnight,2019-12-03T09:30:00-05:00,true,93e66c1cc9ac3b262be5,2019-12-03,2019-12-03,8328.625,8337.5,8236.25,0.7017819776696302305207465846,405,2019
true,NQZ9,prior_rth,2019-10-14T16:00:00-04:00,true,943f8bf4d8eb0571a6a5,2019-10-15,2019-10-14,7857.375,7869.75,7854.5,0.707380535428159773058836525,61,2019
true,NQM9,opening_hour_rth,2019-05-14T10:30:00-04:00,true,94dc0a005ca2fdef43e6,2019-05-14,2019-05-14,7383.125,7395,7360.75,0.7019428890119795516140503809,137,2019
true,NQM9,midnight,2019-04-23T09:30:00-04:00,true,955dc1d40b7fd8f289f4,2019-04-23,2019-04-23,7743.625,7748,7730.75,0.7032333030262440451305031383,69,2019
true,NQM9,prior_rth,2019-04-24T16:00:00-04:00,true,96489075408061c73912,2019-04-25,2019-04-24,7821.625,7836,7816.25,0.7042675074396775002267404349,79,2019
true,NQM9,midnight,2019-04-12T09:30:00-04:00,true,9651afae5a420a05470d,2019-04-12,2019-04-12,7650.125,7659.75,7640,0.7007462061894967342185024619,79,2019
true,NQH9,full_overnight,2019-01-14T09:30:00-05:00,true,96645068a759d1118368,2019-01-14,2019-01-14,6546.875,6558.25,6538,0.7015945674749322603408439971,81,2019
true,NQU9,opening_hour_rth,2019-08-02T10:30:00-04:00,true,9693dd08d4730984eea1,2019-08-02,2019-08-02,7732.375,7761,7715.75,0.7005996030249404712392923003,181,2019
true,NQZ9,full_overnight,2019-09-30T09:30:00-04:00,true,97550850efff4563c30f,2019-09-30,2019-09-30,7733.875,7745.5,7723.25,0.7049620645154013394720855288,89,2019
true,NQM9,prior_rth,2019-03-12T16:00:00-04:00,true,9756242df313dec089f1,2019-03-13,2019-03-12,7236.625,7247.5,7217.25,0.7001366936745405468575211097,121,2019
true,NQM9,prior_rth,2019-05-30T16:00:00-04:00,true,9762055ccb3e0a99e4ec,2019-05-31,2019-05-30,7254.875,7261.5,7234.25,0.7011262799034936657310619473,109,2019
true,NQU9,full_overnight,2019-08-07T09:30:00-04:00,true,97baca979100e8d9e418,2019-08-07,2019-08-07,7495.625,7513.5,7432.5,0.7004383506508968928536532776,324,2019
true,NQZ9,full_overnight,2019-10-02T09:30:00-04:00,true,97d40e73a1ab4b85f75a,2019-10-02,2019-10-02,7642.375,7689.25,7630.25,0.7000079661112256565012839477,236,2019
true,NQH9,midnight,2019-01-31T09:30:00-05:00,true,97e4731a08df9e329d23,2019-01-31,2019-01-31,6865.375,6876,6858,0.7002379657105581817643876268,72,2019
true,NQH0,midnight,2019-12-17T09:30:00-05:00,true,97fccafd6a330ef8cf8f,2019-12-17,2019-12-17,8608.125,8620,8604.75,0.7083235268452727179817463029,61,2019
true,NQU9,opening_hour_rth,2019-09-12T10:30:00-04:00,true,985bcd84059d6800a613,2019-09-12,2019-09-12,7942.375,7956.5,7915,0.7029155483095774230603529365,166,2019
true,NQU9,opening_hour_rth,2019-08-06T10:30:00-04:00,true,9879263c791495ebb578,2019-08-06,2019-08-06,7513.125,7528.5,7495,0.7016302190058476060970451383,134,2019
true,NQU9,prior_rth,2019-07-05T16:00:00-04:00,true,9888a910ca89e4a8c6d7,2019-07-08,2019-07-05,7810.375,7855.75,7797.75,0.7007672249286638157627297717,232,2019
true,NQM9,opening_hour_rth,2019-05-10T10:30:00-04:00,true,98a06ce30213e3ab7d7d,2019-05-10,2019-05-10,7574.125,7588.25,7530.5,0.7012214884181926782060284489,231,2019
true,NQZ9,midnight,2019-10-10T09:30:00-04:00,true,98b79510430e984746d8,2019-10-10,2019-10-10,7694.625,7700.75,7682.5,0.7041212585060749397071806763,73,2019
true,NQU9,full_overnight,2019-08-30T09:30:00-04:00,true,98ecfe9dbc2830f32c72,2019-08-30,2019-08-30,7755.375,7769.25,7717.5,0.7002810947587029564712073532,207,2019
true,NQM9,prior_rth,2019-04-04T16:00:00-04:00,true,991fe8d2e10a0a122e81,2019-04-05,2019-04-04,7561.125,7572.25,7540,0.702179574221464248222943488,129,2019
true,NQH9,prior_rth,2019-01-04T16:00:00-05:00,true,994057696f8d6e367c1c,2019-01-07,2019-01-04,6435.125,6456.25,6363,0.7001314604863398803120293672,373,2019
true,NQH9,midnight,2019-02-07T09:30:00-05:00,true,99745143c39e210e7810,2019-02-07,2019-02-07,6953.375,6967.25,6940,0.7016865134423291323077017094,109,2019
true,NQM9,opening_hour_rth,2019-04-25T10:30:00-04:00,true,99a909474b84c9121dfd,2019-04-25,2019-04-25,7854.125,7864.25,7831,0.7006531439015097394865933164,133,2019
true,NQZ9,prior_rth,2019-11-08T16:00:00-05:00,true,99da35a3c3199a037990,2019-11-11,2019-11-08,8231.375,8253,8220.5,0.7028928728754381988607268096,130,2019
true,NQH9,opening_hour_rth,2019-01-18T10:30:00-05:00,true,9a5220275e83f1deefea,2019-01-18,2019-01-18,6754.875,6769.5,6743,0.7039544791617300565535014424,106,2019
true,NQH0,opening_hour_rth,2019-12-23T10:30:00-05:00,true,9b7e0b7f464632e8cea7,2019-12-23,2019-12-23,8728.125,8731.25,8724.5,0.7106629374238942220598377766,27,2019
true,NQZ9,midnight,2019-10-28T09:30:00-04:00,true,9b920e944e80b7ce0e7c,2019-10-28,2019-10-28,8057.875,8069.25,8051.5,0.7005743361572600717468596908,71,2019
true,NQH9,midnight,2019-01-28T09:30:00-05:00,true,9bcbe2d1343fe8d860c9,2019-01-28,2019-01-28,6751.125,6768,6731,0.7003250506737203500242593521,148,2019
true,NQH9,opening_hour_rth,2019-02-21T10:30:00-05:00,true,9bd4551702b78fb1ec62,2019-02-21,2019-02-21,7017.625,7036,7005.75,0.7011296032728042041303456694,121,2019
true,NQH9,midnight,2019-01-15T09:30:00-05:00,true,9bed6b76a02dbad9c0d1,2019-01-15,2019-01-15,6571.625,6583.25,6566,0.7001797477838234105485402887,69,2019
true,NQU9,prior_rth,2019-08-21T16:00:00-04:00,true,9c99b23f1425b4faa98d,2019-08-22,2019-08-21,7745.875,7754.5,7732,0.7101651118318665474299431814,90,2019
true,NQM9,prior_rth,2019-03-25T16:00:00-04:00,true,9c9a22f6498d977a7cc1,2019-03-26,2019-03-25,7345.875,7353,7312,0.7015502188317790651544269398,164,2019
true,NQZ9,opening_hour_rth,2019-10-21T10:30:00-04:00,true,9ce70884be15874c3e6a,2019-10-21,2019-10-21,7914.125,7925.5,7905,0.7038054231771760737426140671,82,2019
true,NQM9,prior_rth,2019-06-11T16:00:00-04:00,true,9d185f317b7b7e2c88bd,2019-06-12,2019-06-11,7509.625,7562.25,7493.75,0.7003051558314599152159974048,274,2019
true,NQU9,full_overnight,2019-09-03T09:30:00-04:00,true,9d52a1fb1024eb3fbffa,2019-09-03,2019-09-03,7634.125,7655.5,7621.25,0.7034325018077604192298547414,137,2019
true,NQM9,opening_hour_rth,2019-05-06T10:30:00-04:00,true,9d5308a2288507183cdd,2019-05-06,2019-05-06,7739.875,7761,7728.25,0.700964827186634646090714349,131,2019
true,NQH9,midnight,2019-01-25T09:30:00-05:00,true,9d911ba8fdf3a71556ef,2019-01-25,2019-01-25,6738.875,6749.75,6725.25,0.7012581139160094404387094182,98,2019
true,NQZ9,prior_rth,2019-11-12T16:00:00-05:00,true,9e11b604cd425c1720a0,2019-11-13,2019-11-12,8268.375,8286.5,8253.5,0.7015858182170599470626996058,132,2019
true,NQM9,midnight,2019-04-02T09:30:00-04:00,true,9e7804a86a67a38ea8e4,2019-04-02,2019-04-02,7487.625,7503.25,7485.5,0.7077763590029234750073724758,71,2019
true,NQM9,midnight,2019-05-20T09:30:00-04:00,true,9ef7cb0f5cc80e3e4967,2019-05-20,2019-05-20,7400.625,7480,7378.5,0.7013389202146381650749659882,406,2019
true,NQH9,full_overnight,2019-01-10T09:30:00-05:00,true,a05387c664d64f9ecc12,2019-01-10,2019-01-10,6564.625,6574.75,6555.5,0.7012802763767712303159777293,77,2019
true,NQU9,midnight,2019-07-24T09:30:00-04:00,true,a0e60bdcd0515c04615d,2019-07-24,2019-07-24,7944.125,7957.25,7937.75,0.7034311714862210810984766484,78,2019
true,NQH0,midnight,2019-12-18T09:30:00-05:00,true,a11703073560044f205c,2019-12-18,2019-12-18,8612.125,8615.5,8603.75,0.7005520234027428272032588569,47,2019
true,NQZ9,opening_hour_rth,2019-09-20T10:30:00-04:00,true,a1727e5940003b5d9784,2019-09-20,2019-09-20,7931.875,7935.25,7927.5,0.7069528064602272672717856309,31,2019
true,NQH9,full_overnight,2019-02-22T09:30:00-05:00,true,a1aaf690d035c082d73a,2019-02-22,2019-02-22,7026.375,7063,7019.5,0.701675402401884341399940449,174,2019
true,NQU9,midnight,2019-08-27T09:30:00-04:00,true,a1b2e5e69632d658e94f,2019-08-27,2019-08-27,7563.875,7607.25,7549.75,0.7015150562893089016870314871,230,2019
true,NQH9,full_overnight,2019-02-19T09:30:00-05:00,true,a2024937029600443ae7,2019-02-19,2019-02-19,7043.375,7071.5,7035.25,0.7055771938448208349648834868,145,2019
true,NQZ9,full_overnight,2019-11-05T09:30:00-05:00,true,a216dac9d82c12feddf7,2019-11-05,2019-11-05,8237.875,8242.5,8232.5,0.7017769302450398986032823648,40,2019
true,NQU9,prior_rth,2019-07-12T16:00:00-04:00,true,a2416577d9ad1ea04ea5,2019-07-15,2019-07-12,7952.875,7958,7933.25,0.7019813759737708794392202972,99,2019
true,NQM9,midnight,2019-03-27T09:30:00-04:00,true,a2444bab827b8b6b91d3,2019-03-27,2019-03-27,7383.625,7400.5,7374.5,0.7027519121213063133435834583,104,2019
true,NQH9,prior_rth,2019-01-15T16:00:00-05:00,true,a2b4d1d9bae00cc28d85,2019-01-16,2019-01-15,6645.875,6676.75,6635.5,0.7028796972405907495037380313,165,2019
true,NQM9,full_overnight,2019-03-22T09:30:00-04:00,true,a2c4ee32ea61e14001ff,2019-03-22,2019-03-22,7503.625,7522.25,7488.5,0.7005006119522999718426863838,135,2019
true,NQZ9,midnight,2019-11-13T09:30:00-05:00,true,a31636e2e2c009407ac3,2019-11-13,2019-11-13,8246.125,8252.75,8231.25,0.7065583130700727753717269158,86,2019
true,NQM9,prior_rth,2019-04-12T16:00:00-04:00,true,a328890a96b337747025,2019-04-15,2019-04-12,7643.125,7650,7636.5,0.7008342911343620457104087903,54,2019
true,NQH9,full_overnight,2019-03-04T09:30:00-05:00,true,a36957f0b1db7aaec370,2019-03-04,2019-03-04,7190.875,7199.75,7187.5,0.7073132146390216508237601083,49,2019
true,NQH9,full_overnight,2019-02-07T09:30:00-05:00,true,a36d752cff4fc8028f51,2019-02-07,2019-02-07,6953.375,6975.75,6940,0.7060037099427245184197701411,143,2019
true,NQH9,full_overnight,2019-01-04T09:30:00-05:00,true,a404958bcfca17c7c90e,2019-01-04,2019-01-04,6239.125,6286.25,6209.75,0.7003470108935344447384669664,306,2019
true,NQZ9,prior_rth,2019-10-22T16:00:00-04:00,true,a486faafe4e900f27ea7,2019-10-23,2019-10-22,7936.375,7964.5,7892.5,0.7020428769400216857900920917,288,2019
true,NQU9,opening_hour_rth,2019-07-25T10:30:00-04:00,true,a4bf1b9b0c9d1a64e8b4,2019-07-25,2019-07-25,7964.125,7972.5,7946.75,0.700685562546086546772357855,103,2019
true,NQZ9,prior_rth,2019-11-26T16:00:00-05:00,true,a501ce74696a9872dd17,2019-11-27,2019-11-26,8393.375,8398.5,8382.25,0.7077349947765478920114809678,65,2019
true,NQZ9,midnight,2019-11-07T09:30:00-05:00,true,a5c693ba16173c360e68,2019-11-07,2019-11-07,8247.375,8256.25,8241.25,0.7068189524079001124565948058,60,2019
true,NQH9,midnight,2019-02-19T09:30:00-05:00,true,a5ccb97ef5a151660b5e,2019-02-19,2019-02-19,7043.375,7061,7035.25,0.7030337159771857627608114942,103,2019
true,NQZ9,prior_rth,2019-09-24T16:00:00-04:00,true,a5e1ab9bc435e92c1a78,2019-09-25,2019-09-24,7729.875,7823,7701.75,0.7003205170306793487660523985,485,2019
true,NQH9,opening_hour_rth,2019-02-12T10:30:00-05:00,true,a5e57978c67205028a6d,2019-02-12,2019-02-12,6993.375,6997.25,6974.25,0.7007675841609642896270220242,92,2019
true,NQZ9,midnight,2019-10-30T09:30:00-04:00,true,a612510f13d1a9e00d97,2019-10-30,2019-10-30,8055.125,8067.75,8047.75,0.7008687269095279731809563953,80,2019
true,NQZ9,prior_rth,2019-10-31T16:00:00-04:00,true,a62e611536f2437869bc,2019-11-01,2019-10-31,8072.875,8089.5,8060,0.7035952676832870940078382975,118,2019
true,NQH9,prior_rth,2019-02-06T16:00:00-05:00,true,a66de59b7ee4c5abcf76,2019-02-07,2019-02-06,7003.375,7019.25,6990.25,0.7025320179252323857099792784,116,2019
true,NQU9,prior_rth,2019-06-21T16:00:00-04:00,true,a6cd444d26ffe79f5182,2019-06-24,2019-06-21,7760.875,7775.75,7747,0.7017480707658707717953396507,115,2019
true,NQU9,midnight,2019-09-09T09:30:00-04:00,true,a6f57f63ac1bfaf68618,2019-09-09,2019-09-09,7879.375,7881,7871.75,0.701012167354205255644305742,37,2019
true,NQH0,full_overnight,2019-12-20T09:30:00-05:00,true,a74ab7f5a9f371436d93,2019-12-20,2019-12-20,8670.125,8690,8665.75,0.7039413197060525654884746841,97,2019
true,NQZ9,midnight,2019-09-17T09:30:00-04:00,true,a7533a3115dc381d02cb,2019-09-17,2019-09-17,7867.625,7878.5,7862,0.7000613702314310651262011761,66,2019
true,NQH9,prior_rth,2019-02-25T16:00:00-05:00,true,a77eae6f020c8266dd0e,2019-02-26,2019-02-25,7132.125,7155.5,7116,0.7036633486674115557948116761,158,2019
true,NQH0,prior_rth,2019-12-18T16:00:00-05:00,true,a83316e00f1ed3b0db79,2019-12-19,2019-12-18,8632.875,8636.25,8620.25,0.7033383112105605424896842383,64,2019
true,NQZ9,prior_rth,2019-11-04T16:00:00-05:00,true,a83ffdd492a6e0eb82f3,2019-11-05,2019-11-04,8212.875,8221.5,8207,0.7130356114346384952117414987,58,2019
true,NQZ9,prior_rth,2019-10-17T16:00:00-04:00,true,a8683b5b7cb1a8b37e17,2019-10-18,2019-10-17,7953.875,7962.25,7929.5,0.7006098381022566011193759472,131,2019
true,NQZ9,opening_hour_rth,2019-11-18T10:30:00-05:00,true,a89c62b0555fee56d569,2019-11-18,2019-11-18,8294.625,8300,8286,0.7047650481457061304875254926,56,2019
true,NQZ9,full_overnight,2019-12-05T09:30:00-05:00,true,a8df7bda6f808c8ad31a,2019-12-05,2019-12-05,8293.125,8323,8288.5,0.7042174125601993829880011824,138,2019
true,NQH9,prior_rth,2019-01-29T16:00:00-05:00,true,a8e8cd9fdeafc9045041,2019-01-30,2019-01-29,6636.875,6671,6618,0.7000684010067251330439735128,212,2019
true,NQM9,opening_hour_rth,2019-05-03T10:30:00-04:00,true,a8ed7f6deb2c36d48d75,2019-05-03,2019-05-03,7807.125,7811.5,7791.25,0.7090229434554422451620750909,81,2019
true,NQH9,opening_hour_rth,2019-02-19T10:30:00-05:00,true,a91b0d83fbfdbd7618f0,2019-02-19,2019-02-19,7063.625,7074,7059.5,0.7078545565805779500729898443,58,2019
true,NQU9,prior_rth,2019-07-15T16:00:00-04:00,true,aa08d10a6ccffa576036,2019-07-16,2019-07-15,7972.375,7979,7963.5,0.7018945269708398775014959448,62,2019
true,NQM9,opening_hour_rth,2019-04-24T10:30:00-04:00,true,aa3718c08e199e7db8ae,2019-04-24,2019-04-24,7832.875,7837.25,7822,0.7005986633348909630447507205,61,2019
true,NQM9,opening_hour_rth,2019-03-21T10:30:00-04:00,true,aaeb377cea9a3fa95cd2,2019-03-21,2019-03-21,7439.875,7456.75,7423.5,0.7003445187910125983724843219,133,2019
true,NQM9,opening_hour_rth,2019-05-13T10:30:00-04:00,true,ab1a6955dc8ed01fe770,2019-05-13,2019-05-13,7369.125,7419.25,7353.5,0.7025469070505630171909273303,263,2019
true,NQZ9,opening_hour_rth,2019-12-05T10:30:00-05:00,true,ab4ba526034b8129b3a0,2019-12-05,2019-12-05,8314.125,8327.25,8288,0.704382907848843579358961478,157,2019
true,NQM9,full_overnight,2019-05-20T09:30:00-04:00,true,abd713de1e7d0808ba77,2019-05-20,2019-05-20,7400.625,7525.5,7378.5,0.7017853593533385486980517782,588,2019
true,NQZ9,full_overnight,2019-09-16T09:30:00-04:00,true,abe48e8b2462887f23b1,2019-09-16,2019-09-16,7859.375,7872,7832.25,0.702029015924504255018212506,159,2019
true,NQU9,prior_rth,2019-08-06T16:00:00-04:00,true,abec185a3aed004f59a6,2019-08-07,2019-08-06,7508.125,7535.5,7474.25,0.7015156820391151217528002654,245,2019
true,NQU9,opening_hour_rth,2019-06-27T10:30:00-04:00,true,ac0bfff797b0253fbccb,2019-06-27,2019-06-27,7691.125,7696.25,7684.75,0.7050243644692102140114847861,46,2019
true,NQU9,midnight,2019-08-21T09:30:00-04:00,true,ac26ec6dd2abe8fde6ee,2019-08-21,2019-08-21,7733.375,7741,7718,0.7025527242786657012598435192,92,2019
true,NQU9,midnight,2019-07-08T09:30:00-04:00,true,ac4a9c022d511c8d0867,2019-07-08,2019-07-08,7822.875,7829.5,7815,0.7027258941141592478504776528,58,2019
true,NQH9,opening_hour_rth,2019-03-04T10:30:00-05:00,true,ac6104e9664e42332129,2019-03-04,2019-03-04,7207.375,7209.5,7196,0.708019987314450968735803966,54,2019
true,NQU9,midnight,2019-07-30T09:30:00-04:00,true,ac933053c34563cc11b1,2019-07-30,2019-07-30,7940.875,7972,7928.25,0.7001159725638473044965034856,175,2019
true,NQH9,midnight,2019-02-21T09:30:00-05:00,true,acd5eee3a6c6db0fb3a7,2019-02-21,2019-02-21,7085.375,7108,7064.5,0.7071005721321971341902095659,174,2019
true,NQZ9,opening_hour_rth,2019-10-30T10:30:00-04:00,true,ad381629b9c850eff487,2019-10-30,2019-10-30,8052.375,8055.75,8040.25,0.7035578831847181967436824822,62,2019
true,NQM9,prior_rth,2019-05-07T16:00:00-04:00,true,ad62f06283dce5735121,2019-05-08,2019-05-07,7671.375,7715.5,7619.25,0.7016633548134252055068872145,385,2019
true,NQM9,opening_hour_rth,2019-04-17T10:30:00-04:00,true,ad67804f2742bbc1114d,2019-04-17,2019-04-17,7720.875,7730.75,7694.5,0.7015855155450537939887533729,145,2019
true,NQU9,full_overnight,2019-08-01T09:30:00-04:00,true,ada94ffb17e766ded89d,2019-08-01,2019-08-01,7869.875,7893,7860.5,0.7004667349062406624354723635,130,2019
true,NQM9,prior_rth,2019-05-02T16:00:00-04:00,true,add69811c575bc7be9d6,2019-05-03,2019-05-02,7727.375,7764.75,7684,0.7011788497702675212608471794,323,2019
true,NQH9,opening_hour_rth,2019-02-22T10:30:00-05:00,true,ae80c73c3c56b84a2ac9,2019-02-22,2019-02-22,7070.625,7072.75,7059.25,0.7074141501102846078351392464,54,2019
true,NQU9,full_overnight,2019-08-26T09:30:00-04:00,true,aec103bc81dde32c2f9b,2019-08-26,2019-08-26,7562.375,7626,7455.75,0.7007605705741728576172452499,681,2019
true,NQU9,full_overnight,2019-07-30T09:30:00-04:00,true,aedfe7d56ce59a13ab62,2019-07-30,2019-07-30,7940.875,7987.75,7928.25,0.7009096364923438072836997977,238,2019
true,NQZ9,midnight,2019-10-01T09:30:00-04:00,true,af2bbd4d5a82910d1c3f,2019-10-01,2019-10-01,7799.375,7808,7788,0.7019001891851727648291402103,80,2019
true,NQZ9,opening_hour_rth,2019-11-25T10:30:00-05:00,true,af4c9892381444addc87,2019-11-25,2019-11-25,8343.625,8358.25,8339.75,0.7030249145196265888926705936,74,2019
true,NQH9,prior_rth,2019-01-24T16:00:00-05:00,true,af5a501b9487519a4306,2019-01-25,2019-01-24,6696.375,6704.75,6677.25,0.7031348177153682641681480903,110,2019
true,NQH9,full_overnight,2019-01-03T09:30:00-05:00,true,aff182161a328ec87f35,2019-01-03,2019-01-03,6231.375,6239,6194,0.7000953684809903708985643031,180,2019
true,NQU9,opening_hour_rth,2019-08-07T10:30:00-04:00,true,b00fdd27fc75be133f3a,2019-08-07,2019-08-07,7434.125,7475.5,7418.75,0.7026459391135730427051640695,227,2019
true,NQM9,full_overnight,2019-05-17T09:30:00-04:00,true,b018885b273b986365e5,2019-05-17,2019-05-17,7523.375,7571,7510,0.7009587296910518601884462951,244,2019
true,NQU9,midnight,2019-07-26T09:30:00-04:00,true,b076082803860117f9e2,2019-07-26,2019-07-26,8004.625,8016,8001.5,0.7047670588847970948385083541,58,2019
true,NQU9,prior_rth,2019-08-14T16:00:00-04:00,true,b0cf01c681a9ff0cbead,2019-08-15,2019-08-14,7509.375,7558.5,7494,0.7009101288392201320999559376,258,2019
true,NQU9,prior_rth,2019-07-23T16:00:00-04:00,true,b11ca29448e6e762bae8,2019-07-24,2019-07-23,7935.375,7951.75,7915.25,0.7003235832098495279833068264,146,2019
true,NQH9,opening_hour_rth,2019-01-30T10:30:00-05:00,true,b18472f9ec449e5a289a,2019-01-30,2019-01-30,6723.875,6731,6708,0.7047571562774903979709545443,92,2019
true,NQZ9,prior_rth,2019-12-03T16:00:00-05:00,true,b1a8727dd5c83681f0d8,2019-12-04,2019-12-03,8203.625,8220.5,8185,0.7019886337807773101199775216,142,2019
true,NQZ9,full_overnight,2019-11-18T09:30:00-05:00,true,b1d9f282e87cbc3c42e2,2019-11-18,2019-11-18,8319.875,8337,8307,0.7010385745190681903069187974,120,2019
true,NQM9,midnight,2019-04-16T09:30:00-04:00,true,b1e9c6e978eb1cc39647,2019-04-16,2019-04-16,7679.875,7683.25,7670.5,0.7032455228002721406415337811,51,2019
true,NQH9,full_overnight,2019-01-08T09:30:00-05:00,true,b1fa7abba5bc13c87ec8,2019-01-08,2019-01-08,6545.125,6562.5,6518.25,0.7018631790983321175864012948,177,2019
true,NQM9,full_overnight,2019-05-30T09:30:00-04:00,true,b22e00a6a0a83e494add,2019-05-30,2019-05-30,7244.125,7250.25,7230.75,0.7022959108369074120142966125,78,2019
true,NQU9,midnight,2019-06-18T09:30:00-04:00,true,b23dc79707e22ddd3fa0,2019-06-18,2019-06-18,7642.625,7648.75,7599,0.7012968589262820724320487223,199,2019
true,NQU9,midnight,2019-07-10T09:30:00-04:00,true,b281705e6d030073da6c,2019-07-10,2019-07-10,7831.375,7886.25,7811.25,0.7007464066805858995160107941,300,2019
true,NQM9,midnight,2019-05-22T09:30:00-04:00,true,b2dd130656d8d741bf58,2019-05-22,2019-05-22,7415.375,7443,7391.25,0.705241982250673846474427702,207,2019
true,NQZ9,midnight,2019-10-22T09:30:00-04:00,true,b34ba6c7d4b9f2c29097,2019-10-22,2019-10-22,7969.375,7977.75,7953.25,0.7027487667703522166713796462,98,2019
true,NQH0,prior_rth,2019-12-23T16:00:00-05:00,true,b392889abc9a5aaec985,2019-12-26,2019-12-23,8728.125,8733,8724.5,0.703041116051873267077081044,34,2019
true,NQU9,midnight,2019-08-09T09:30:00-04:00,true,b4390f27d4dd0fc9436d,2019-08-09,2019-08-09,7678.625,7693.25,7673,0.7045610136613240661420010016,81,2019
true,NQU9,full_overnight,2019-07-19T09:30:00-04:00,true,b4c41866c8cc3b715a6e,2019-07-19,2019-07-19,7964.375,7972,7950,0.7060861149560133766971941189,88,2019
true,NQH9,opening_hour_rth,2019-01-17T10:30:00-05:00,true,b4ccca9d71424da73854,2019-01-17,2019-01-17,6683.375,6692.5,6666,0.7050929367399716385297602602,106,2019
true,NQH9,midnight,2019-01-22T09:30:00-05:00,true,b4d59041708087cb0ef9,2019-01-22,2019-01-22,6740.625,6747.25,6732.5,0.7064310285376832523989549602,59,2019
true,NQM9,prior_rth,2019-06-03T16:00:00-04:00,true,b4fe37828e445cd087f7,2019-06-04,2019-06-03,7006.625,7065,6944,0.7005161436088842719113306387,484,2019
true,NQZ9,midnight,2019-10-07T09:30:00-04:00,true,b4ff0cd31ffe48956d98,2019-10-07,2019-10-07,7742.125,7750.5,7729.75,0.7065647877135775723565304867,83,2019
true,NQH9,full_overnight,2019-01-31T09:30:00-05:00,true,b542e611d61ad4f6f2cf,2019-01-31,2019-01-31,6865.375,6872,6852,0.7025240896132367688164170244,80,2019
true,NQH9,midnight,2019-02-22T09:30:00-05:00,true,b547c5e6abc0d53f43fa,2019-02-22,2019-02-22,7062.125,7075.5,7051.5,0.7019678528262526867451601371,96,2019
true,NQU9,midnight,2019-08-01T09:30:00-04:00,true,b5e1ffb2344cbeb150ed,2019-08-01,2019-08-01,7869.875,7886,7861,0.7045766949344765740419992215,100,2019
true,NQZ9,midnight,2019-12-02T09:30:00-05:00,true,b5e851f88e39ab857653,2019-12-02,2019-12-02,8446.625,8457.25,8424,0.7055009481845028728689844861,133,2019
true,NQU9,midnight,2019-06-20T09:30:00-04:00,true,b5f29169c84a87b54600,2019-06-20,2019-06-20,7797.125,7818.25,7780.25,0.7036545703061536199413620756,152,2019
true,NQU9,opening_hour_rth,2019-08-23T10:30:00-04:00,true,b63831d874ab6cd74d48,2019-08-23,2019-08-23,7667.125,7689.75,7657.25,0.7032271450869908685938368875,130,2019
true,NQU9,opening_hour_rth,2019-06-19T10:30:00-04:00,true,b64cb46a50de2202e1ba,2019-06-19,2019-06-19,7654.375,7661.5,7645.5,0.7039514983700758924196954847,64,2019
true,NQU9,midnight,2019-08-14T09:30:00-04:00,true,b70eef35f586518610c2,2019-08-14,2019-08-14,7623.375,7694.5,7596.25,0.7007464767044265692711432259,393,2019
true,NQH0,midnight,2019-12-30T09:30:00-05:00,true,b76cd809a0c54783d034,2019-12-30,2019-12-30,8789.125,8799,8781.75,0.7093440301735266941380113722,69,2019
true,NQH9,full_overnight,2019-03-01T09:30:00-05:00,true,b7a0962263ff349b59b2,2019-03-01,2019-03-01,7155.125,7158.75,7139.5,0.7008514965843480146771441761,77,2019
true,NQZ9,opening_hour_rth,2019-10-29T10:30:00-04:00,true,b7c557b8678093707c12,2019-10-29,2019-10-29,8082.375,8096.5,8075.25,0.7062282197019249249894895152,85,2019
true,NQH9,full_overnight,2019-01-09T09:30:00-05:00,true,b831d4bfa39033ba630d,2019-01-09,2019-01-09,6587.125,6596.5,6574,0.7049701786990616428340336366,90,2019
true,NQM9,midnight,2019-05-09T09:30:00-04:00,true,b85f0168c88af8ea1754,2019-05-09,2019-05-09,7576.125,7597.5,7559.25,0.7011463879915131480596121253,153,2019
true,NQM9,midnight,2019-05-06T09:30:00-04:00,true,b89684127267388d3795,2019-05-06,2019-05-06,7717.625,7721.5,7693.75,0.7058409106872101954300520981,111,2019
true,NQZ9,full_overnight,2019-12-11T09:30:00-05:00,true,b8b8212f25c5372ab0d2,2019-12-11,2019-12-11,8363.625,8377.25,8348.25,0.7043226720097579537036475201,116,2019
true,NQZ9,prior_rth,2019-10-21T16:00:00-04:00,true,b8ffefe50e6b969fb66c,2019-10-22,2019-10-21,7940.375,7945,7919,0.7033316277494151042737959823,104,2019
true,NQU9,prior_rth,2019-08-22T16:00:00-04:00,true,b90ccfb553486d4efd78,2019-08-23,2019-08-22,7722.375,7747,7673.25,0.7016074457187024339764329134,295,2019
true,NQM9,prior_rth,2019-04-30T16:00:00-04:00,true,b90dc68ba129655a779e,2019-05-01,2019-04-30,7796.625,7801.75,7776.25,0.7024488397419713122799975788,102,2019
true,NQU9,opening_hour_rth,2019-07-01T10:30:00-04:00,true,b9328f96563a05163b90,2019-07-01,2019-07-01,7825.875,7839.5,7820.25,0.7029948717621797611372812952,77,2019
true,NQU9,full_overnight,2019-08-23T09:30:00-04:00,true,b942f0cc04a8967e1012,2019-08-23,2019-08-23,7748.375,7762,7671,0.7013770833489018979796702056,364,2019
true,NQM9,midnight,2019-06-13T09:30:00-04:00,true,b9d34aee4a865f518377,2019-06-13,2019-06-13,7509.125,7521.25,7481.25,0.700480044418356341133909398,160,2019
true,NQZ9,prior_rth,2019-10-30T16:00:00-04:00,true,ba34b6e4bf3a5d3e8a30,2019-10-31,2019-10-30,8051.375,8065,8040.25,0.700101720586609728255860558,99,2019
true,NQM9,prior_rth,2019-05-21T16:00:00-04:00,true,ba3b6a837a625a71f736,2019-05-22,2019-05-21,7465.125,7471,7446.5,0.7021741739583467705153206856,98,2019
true,NQZ9,full_overnight,2019-11-20T09:30:00-05:00,true,ba4b42b5e2e157f4d7a5,2019-11-20,2019-11-20,8315.375,8317,8300,0.7068077465085663795743502446,68,2019
true,NQM9,midnight,2019-05-16T09:30:00-04:00,true,ba78b6ee0290cfa3a2b5,2019-05-16,2019-05-16,7537.625,7561.25,7515.5,0.7010065719122219093020935887,183,2019
true,NQU9,midnight,2019-07-19T09:30:00-04:00,true,ba7afce4c178bd830208,2019-07-19,2019-07-19,7964.375,7971,7950.25,0.7052942490358014518477587802,83,2019
true,NQH0,opening_hour_rth,2019-12-16T10:30:00-05:00,true,babbb4e4e0de8edfb455,2019-12-16,2019-12-16,8598.875,8607,8584.5,0.7031899478315668863892076082,90,2019
true,NQZ9,prior_rth,2019-10-08T16:00:00-04:00,true,bac5d514453b248e173e,2019-10-09,2019-10-08,7647.375,7682.75,7639,0.7014255201028936712266487653,175,2019
true,NQM9,midnight,2019-05-03T09:30:00-04:00,true,baf00a25ac13fa5c6657,2019-05-03,2019-05-03,7774.875,7792,7766,0.7018362208557054550138789879,104,2019
true,NQM9,prior_rth,2019-04-03T16:00:00-04:00,true,bbb5c9ce7ba52b02f706,2019-04-04,2019-04-03,7566.625,7594.25,7546,0.7020279620246201952117532256,193,2019
true,NQM9,full_overnight,2019-05-08T09:30:00-04:00,true,bbdb438f6a1f69ee3fd3,2019-05-08,2019-05-08,7628.875,7663,7605,0.7001843838558031325398606791,232,2019
true,NQZ9,prior_rth,2019-11-27T16:00:00-05:00,true,bbef7cc7bb3e9163118b,2019-12-02,2019-11-27,8440.875,8449.5,8421,0.7008510651925879449813178101,114,2019
true,NQH9,midnight,2019-01-24T09:30:00-05:00,true,bc81ecf48a98ee66df3b,2019-01-24,2019-01-24,6694.125,6702,6679.25,0.7062990921562339394309964174,91,2019
true,NQH9,prior_rth,2019-01-23T16:00:00-05:00,true,bceb3bfc9ea7f3162e80,2019-01-24,2019-01-23,6642.125,6671.75,6606.25,0.7004125019391142899270905541,262,2019
true,NQZ9,opening_hour_rth,2019-09-24T10:30:00-04:00,true,bd443b78a89aa4b973a9,2019-09-24,2019-09-24,7871.875,7889.75,7866.75,0.7033573423237579949415781729,92,2019
true,NQH9,prior_rth,2019-01-18T16:00:00-05:00,true,bdd4829140b0a3746a1d,2019-01-22,2019-01-18,6809.875,6823.5,6772,0.7036943414601007892123315815,206,2019
true,NQM9,opening_hour_rth,2019-03-15T10:30:00-04:00,true,bde29cb8d0383db32a2d,2019-03-15,2019-03-15,7321.625,7332.5,7307,0.7005873368406295424527953839,102,2019
true,NQM9,midnight,2019-04-03T09:30:00-04:00,true,be4520f83e5ab6bc4fd5,2019-04-03,2019-04-03,7567.625,7571.75,7563.25,0.7044637580964603929773861482,34,2019
true,NQM9,midnight,2019-05-07T09:30:00-04:00,true,be94c4edd18a71bf6467,2019-05-07,2019-05-07,7745.125,7768,7711.5,0.7004960269231983070489794521,226,2019
true,NQM9,prior_rth,2019-05-29T16:00:00-04:00,true,bece05c968f399d3da09,2019-05-30,2019-05-29,7227.875,7239.5,7204.5,0.701942685547603303442810699,140,2019
true,NQZ9,full_overnight,2019-09-24T09:30:00-04:00,true,bf4e93f7a1959f8fdda8,2019-09-24,2019-09-24,7877.125,7881.75,7867.5,0.7047766331208857254501256871,57,2019
true,NQM9,full_overnight,2019-03-21T09:30:00-04:00,true,bfe486c34e8f36940ff1,2019-03-21,2019-03-21,7412.875,7440,7387.75,0.7037766451444730133254723413,209,2019
true,NQU9,prior_rth,2019-08-02T16:00:00-04:00,true,c009c2fc614c2c1908b1,2019-08-05,2019-08-02,7663.875,7702,7659.5,0.7024253674472692398328111626,170,2019
true,NQZ9,opening_hour_rth,2019-10-09T10:30:00-04:00,true,c0af10e75f3e13795747,2019-10-09,2019-10-09,7684.375,7687.75,7672,0.7061433166160612400318744183,63,2019
true,NQH9,midnight,2019-01-29T09:30:00-05:00,true,c0b71be562067533a14b,2019-01-29,2019-01-29,6687.125,6705,6665.5,0.7001774767260499927064359157,158,2019
true,NQZ9,opening_hour_rth,2019-10-15T10:30:00-04:00,true,c134f02538cde17b2031,2019-10-15,2019-10-15,7895.875,7912.75,7881,0.7022268001123957325580886109,127,2019
true,NQM9,full_overnight,2019-06-11T09:30:00-04:00,true,c17780dbf58a30b29f87,2019-06-11,2019-06-11,7544.875,7572,7526,0.7005962903197841853765677246,184,2019
true,NQM9,opening_hour_rth,2019-05-07T10:30:00-04:00,true,c1a68bdacd3b12da993c,2019-05-07,2019-05-07,7695.125,7727,7684,0.7011776775373783990153129644,172,2019
true,NQZ9,midnight,2019-12-10T09:30:00-05:00,true,c27df0a1c101e8a3933a,2019-12-10,2019-12-10,8322.625,8369.25,8312.5,0.7054577120765000128157748444,227,2019
true,NQZ9,opening_hour_rth,2019-10-04T10:30:00-04:00,true,c2c048b25a6301647389,2019-10-04,2019-10-04,7714.875,7718,7694,0.7052328279388696701874368319,96,2019
true,NQH9,midnight,2019-02-05T09:30:00-05:00,true,c40c851cf23187cd1eda,2019-02-05,2019-02-05,6957.875,6969.5,6944,0.7021974481037655294667567596,102,2019
true,NQZ9,full_overnight,2019-11-14T09:30:00-05:00,true,c4988b33bd5865589d88,2019-11-14,2019-11-14,8253.625,8265,8246.75,0.7016474202910034128698389043,73,2019
true,NQH9,midnight,2019-02-04T09:30:00-05:00,true,c4b64e6b48fdbc347743,2019-02-04,2019-02-04,6875.625,6884.25,6873.75,0.7190933773527536407052824134,42,2019
true,NQH9,midnight,2019-01-17T09:30:00-05:00,true,c5036546a5ee7227b4fd,2019-01-17,2019-01-17,6656.875,6666,6634.25,0.7040014314089003760912347237,127,2019
true,NQZ9,midnight,2019-11-08T09:30:00-05:00,true,c54e0f7013f9eaa6bdb7,2019-11-08,2019-11-08,8215.875,8223.5,8210.25,0.7067519729589613970216014577,53,2019
true,NQZ9,prior_rth,2019-11-22T16:00:00-05:00,true,c55b86e7207ad860ff50,2019-11-25,2019-11-22,8274.375,8278,8247,0.7040826732177025619298158305,124,2019
true,NQM9,full_overnight,2019-05-09T09:30:00-04:00,true,c56570729e05aacdf35b,2019-05-09,2019-05-09,7576.125,7616.5,7559.25,0.7012455421738406338932078265,229,2019
true,NQU9,opening_hour_rth,2019-09-09T10:30:00-04:00,true,c56991e34ab42764705f,2019-09-09,2019-09-09,7857.125,7870,7852,0.7090464206907199312168772406,72,2019
true,NQU9,prior_rth,2019-08-26T16:00:00-04:00,true,c5a0121d79a2afc415a9,2019-08-27,2019-08-26,7548.125,7567.25,7536.75,0.7025724567998150216354526693,122,2019
true,NQU9,opening_hour_rth,2019-08-12T10:30:00-04:00,true,c6626a7ebffc4c9fccc5,2019-08-12,2019-08-12,7593.875,7608.75,7585.25,0.7037619401227106473813995112,94,2019
true,NQH0,opening_hour_rth,2019-12-27T10:30:00-05:00,true,c73b32d58df3e5b1d512,2019-12-27,2019-12-27,8806.375,8820,8780.5,0.7017309797061753369140134077,158,2019
true,NQM9,midnight,2019-03-25T09:30:00-04:00,true,c7585e7937a39b2bfd26,2019-03-25,2019-03-25,7340.375,7359.5,7319.25,0.702557541886363871774517808,161,2019
true,NQZ9,full_overnight,2019-09-25T09:30:00-04:00,true,c7662b14026af2a27183,2019-09-25,2019-09-25,7708.875,7747.25,7703.5,0.7017444443975556776195136018,175,2019
true,NQH0,midnight,2019-12-16T09:30:00-05:00,true,c79f2033305eb9fe7c62,2019-12-16,2019-12-16,8551.625,8565.25,8545.25,0.7016215973445345133460197812,80,2019
true,NQH9,midnight,2019-03-06T09:30:00-05:00,true,c7cdcb0bdb1c1230d8be,2019-03-06,2019-03-06,7159.375,7162.5,7150,0.702430119494595010854792681,50,2019
true,NQU9,full_overnight,2019-08-06T09:30:00-04:00,true,c8c2459b89b8c178527f,2019-08-06,2019-08-06,7470.375,7496,7325.75,0.7010095715901308711585269844,681,2019
true,NQH9,prior_rth,2019-02-07T16:00:00-05:00,true,c91d095900ed1fa90b69,2019-02-08,2019-02-07,6887.125,6918.75,6864.75,0.7028057441979578877796192929,216,2019
true,NQU9,opening_hour_rth,2019-09-04T10:30:00-04:00,true,c931bbe5a9b1e31075bb,2019-09-04,2019-09-04,7687.625,7697.75,7677.25,0.701010425337490765979181634,82,2019
true,NQZ9,prior_rth,2019-10-16T16:00:00-04:00,true,ca89a76ed96b67e8473a,2019-10-17,2019-10-16,7923.375,7934.5,7918.5,0.7027448989449642197743610765,64,2019
true,NQH9,full_overnight,2019-01-30T09:30:00-05:00,true,cad643e5c77d3bd30b86,2019-01-30,2019-01-30,6677.125,6698.75,6669.5,0.703162391606801329694713253,117,2019
true,NQZ9,full_overnight,2019-11-21T09:30:00-05:00,true,cba27fcaa108dc2ad14e,2019-11-21,2019-11-21,8269.625,8293,8262,0.7003052446374058183562660079,124,2019
true,NQZ9,midnight,2019-10-16T09:30:00-04:00,true,cc364b186e6280d42277,2019-10-16,2019-10-16,7937.125,7945,7933.5,0.7000911475607185182705397523,46,2019
true,NQM9,prior_rth,2019-04-17T16:00:00-04:00,true,cc3923b0588b23bd13d9,2019-04-18,2019-04-17,7699.625,7708,7685.25,0.7024370889116353571708294045,91,2019
true,NQU9,opening_hour_rth,2019-07-23T10:30:00-04:00,true,cc9bd59a23d67f5e0b9f,2019-07-23,2019-07-23,7937.875,7949.5,7919.75,0.7027871129874295242439786409,119,2019
true,NQZ9,midnight,2019-12-12T09:30:00-05:00,true,cd23ea0641784d12dd57,2019-12-12,2019-12-12,8396.875,8416.5,8383.25,0.7020746857639536908040648208,133,2019
true,NQU9,prior_rth,2019-09-09T16:00:00-04:00,true,cd3caba2cc592aee34c1,2019-09-10,2019-09-09,7868.625,7884,7825.5,0.7004623062417814449600197382,234,2019
true,NQZ9,opening_hour_rth,2019-10-02T10:30:00-04:00,true,cd3f9a9067141f873b2e,2019-10-02,2019-10-02,7612.875,7619.5,7594.75,0.7030037907213974963944776063,99,2019
true,NQH9,opening_hour_rth,2019-02-13T10:30:00-05:00,true,cda5e3f52e3f964a7db4,2019-02-13,2019-02-13,7057.375,7062,7044.75,0.7061066153239306086144676612,69,2019
true,NQU9,midnight,2019-07-11T09:30:00-04:00,true,cdc93bd4c0447687de17,2019-07-11,2019-07-11,7948.125,7958.75,7942.25,0.7037078323029699403787646268,66,2019
true,NQU9,opening_hour_rth,2019-08-08T10:30:00-04:00,true,cdeb9b96707caa51c115,2019-08-08,2019-08-08,7599.625,7623.5,7585,0.7026881586868479223971488847,154,2019
true,NQH0,opening_hour_rth,2019-12-17T10:30:00-05:00,true,cdf12948590f4e8ede36,2019-12-17,2019-12-17,8604.125,8612.5,8597.5,0.7122028852300742486977477945,60,2019
true,NQM9,midnight,2019-04-22T09:30:00-04:00,true,ce289c478e91128761ff,2019-04-22,2019-04-22,7674.875,7690.25,7670.25,0.703432054549931887904919659,80,2019
true,NQU9,full_overnight,2019-07-24T09:30:00-04:00,true,ce5216534780b2cdc777,2019-07-24,2019-07-24,7951.125,7958.75,7937.75,0.7011175350794895570759801361,84,2019
true,NQM9,midnight,2019-06-11T09:30:00-04:00,true,ce58ee7ee553b80816fc,2019-06-11,2019-06-11,7544.875,7570.75,7533.25,0.7017586682424970290496659009,150,2019
true,NQU9,opening_hour_rth,2019-08-09T10:30:00-04:00,true,ce5abd8f84113ecab7bc,2019-08-09,2019-08-09,7667.875,7693.75,7643.5,0.7025279994727490956743481038,201,2019
true,NQH9,prior_rth,2019-01-08T16:00:00-05:00,true,cf06cc23dc4cdb3f4fe5,2019-01-09,2019-01-08,6557.875,6570.25,6510,0.7010383748993955176603921209,241,2019
true,NQM9,prior_rth,2019-05-01T16:00:00-04:00,true,cf79d5bf58d03c045711,2019-05-02,2019-05-01,7839.625,7854.75,7819,0.7002058314490871316056958866,143,2019
true,NQU9,midnight,2019-08-13T09:30:00-04:00,true,cf7abbd85a8c3f3799c9,2019-08-13,2019-08-13,7541.375,7560,7532.75,0.701115679553620005081919481,109,2019
true,NQH9,opening_hour_rth,2019-02-05T10:30:00-05:00,true,cfabce9608532922d9b1,2019-02-05,2019-02-05,7008.125,7013.5,6997.75,0.7061365522129768938370614642,63,2019
true,NQM9,prior_rth,2019-05-15T16:00:00-04:00,true,cfc830947e8fb2ef166f,2019-05-16,2019-05-15,7503.625,7538,7439,0.70069164533178700556287278,396,2019
true,NQM9,opening_hour_rth,2019-03-12T10:30:00-04:00,true,cfcb3f8b4b07455a4bce,2019-03-12,2019-03-12,7212.125,7215.75,7202.5,0.7025573822484527833782861172,53,2019
true,NQZ9,full_overnight,2019-11-04T09:30:00-05:00,true,d005c1936e3f40a8d471,2019-11-04,2019-11-04,8219.125,8229.25,8191.5,0.7006389961751557761532823877,151,2019
true,NQZ9,opening_hour_rth,2019-09-19T10:30:00-04:00,true,d083914028d90e43c1e9,2019-09-19,2019-09-19,7962.125,7966.25,7949,0.7034917718138484954092570536,69,2019
true,NQH9,full_overnight,2019-03-05T09:30:00-05:00,true,d12f872abd92c0520457,2019-03-05,2019-03-05,7143.625,7156.75,7138.25,0.7079234709995782026522054849,74,2019
true,NQU9,full_overnight,2019-06-21T09:30:00-04:00,true,d17667cd56cffecdbc25,2019-06-21,2019-06-21,7743.625,7757.5,7739,0.7019875583739794983739481802,74,2019
true,NQZ9,prior_rth,2019-09-26T16:00:00-04:00,true,d1acee93ff19c6ab263c,2019-09-27,2019-09-26,7790.875,7797,7762.25,0.7010353007801583135020721103,139,2019
true,NQU9,full_overnight,2019-06-27T09:30:00-04:00,true,d1cb4be9715353135ba9,2019-06-27,2019-06-27,7681.625,7694.25,7659.5,0.7016675320732672818564464447,139,2019
true,NQU9,midnight,2019-08-30T09:30:00-04:00,true,d2187b79ac32897fa892,2019-08-30,2019-08-30,7755.375,7769.25,7725.25,0.7029531591326297141916156712,176,2019
true,NQH0,opening_hour_rth,2019-12-26T10:30:00-05:00,true,d22d6d6be930a42734e5,2019-12-26,2019-12-26,8760.625,8764.75,8750.75,0.7019403762635760692067066776,56,2019
true,NQU9,opening_hour_rth,2019-08-13T10:30:00-04:00,true,d23cd416236ded1da809,2019-08-13,2019-08-13,7742.875,7789.5,7634.25,0.7001598097300510096037704138,621,2019
true,NQU9,opening_hour_rth,2019-07-22T10:30:00-04:00,true,d29d5bdbfafd4246e4e9,2019-07-22,2019-07-22,7897.625,7917.75,7893.5,0.7013216989244433357493252972,97,2019
true,NQH9,opening_hour_rth,2019-02-04T10:30:00-05:00,true,d2ec4e492daf7b45824f,2019-02-04,2019-02-04,6906.125,6919,6885.25,0.7008953503356407237458634295,135,2019
true,NQZ9,opening_hour_rth,2019-11-12T10:30:00-05:00,true,d313b3b88dba553f4db0,2019-11-12,2019-11-12,8268.375,8280.75,8263.5,0.7000040203661186923331022122,69,2019
true,NQH9,opening_hour_rth,2019-01-04T10:30:00-05:00,true,d32aeb1e8cd6dbc6f017,2019-01-04,2019-01-04,6290.875,6317.75,6255.75,0.7021185331956084895129404119,248,2019
true,NQM9,opening_hour_rth,2019-05-20T10:30:00-04:00,true,d3a3c6a25ca444c5375d,2019-05-20,2019-05-20,7397.625,7403.75,7374.25,0.7047399537873924911223167781,118,2019
true,NQU9,prior_rth,2019-06-25T16:00:00-04:00,true,d3b609dc5af8ea4bd73d,2019-06-26,2019-06-25,7687.125,7731,7637,0.7015182587246025567411635161,376,2019
true,NQZ9,full_overnight,2019-10-03T09:30:00-04:00,true,d40f37160f8049dd65fa,2019-10-03,2019-10-03,7559.125,7575.75,7553.25,0.7018361672681810491817895888,90,2019
true,NQZ9,opening_hour_rth,2019-11-05T10:30:00-05:00,true,d46a7e0030b0aca74bdd,2019-11-05,2019-11-05,8218.875,8224,8204.75,0.7008179806893569073237901627,77,2019
true,NQM9,opening_hour_rth,2019-06-12T10:30:00-04:00,true,d472a5adce501220692f,2019-06-12,2019-06-12,7496.125,7504.75,7485.5,0.701444841498446668230452134,77,2019
true,NQM9,full_overnight,2019-06-10T09:30:00-04:00,true,d49e676107521c360baf,2019-06-10,2019-06-10,7444.125,7462.5,7434.75,0.7002285785829182927944763881,111,2019
true,NQM9,opening_hour_rth,2019-06-04T10:30:00-04:00,true,d556699003790c1dd2dd,2019-06-04,2019-06-04,7040.125,7059,7033,0.7043924897261365219040668023,104,2019
true,NQZ9,full_overnight,2019-11-13T09:30:00-05:00,true,d59536423bc14835ee7c,2019-11-13,2019-11-13,8246.125,8260.25,8237.25,0.7013642858535467808441484366,92,2019
true,NQU9,prior_rth,2019-08-20T16:00:00-04:00,true,d6091d1af4cbc2af2252,2019-08-21,2019-08-20,7698.125,7719.25,7685.25,0.7040695336466216985267227993,136,2019
true,NQZ9,full_overnight,2019-10-25T09:30:00-04:00,true,d69263c66d25331308e2,2019-10-25,2019-10-25,7934.125,7940.25,7927,0.7064380213751119143133541447,53,2019
true,NQU9,opening_hour_rth,2019-07-11T10:30:00-04:00,true,d693fbe1fd75a96d74c6,2019-07-11,2019-07-11,7938.875,7944,7933.75,0.7099568746600106854443261032,41,2019
true,NQU9,opening_hour_rth,2019-08-27T10:30:00-04:00,true,d6f6b0d4a51265584cf7,2019-08-27,2019-08-27,7627.625,7637.25,7623.5,0.7059571293808308978534384738,55,2019
true,NQM9,midnight,2019-03-14T09:30:00-04:00,true,d757a1f0b5dcf44e44e4,2019-03-14,2019-03-14,7296.375,7307.5,7288,0.7035778754583787326498144737,78,2019
true,NQM9,opening_hour_rth,2019-04-16T10:30:00-04:00,true,d77fa243ad1a71c24061,2019-04-16,2019-04-16,7672.625,7685.5,7668.25,0.7101129584112749478488014154,69,2019
true,NQM9,full_overnight,2019-03-28T09:30:00-04:00,true,d798af145bd2258c8523,2019-03-28,2019-03-28,7336.125,7343.75,7315.25,0.7045285370934864632218118114,114,2019
true,NQM9,midnight,2019-03-20T09:30:00-04:00,true,d89eb19c6bf89be5154d,2019-03-20,2019-03-20,7382.125,7384.5,7373.5,0.7002841529826495151968090809,44,2019
true,NQU9,full_overnight,2019-08-09T09:30:00-04:00,true,d8d934e139b687153286,2019-08-09,2019-08-09,7678.625,7699.5,7672.5,0.7004282466684057563984998246,108,2019
true,NQZ9,full_overnight,2019-10-07T09:30:00-04:00,true,d96d36dd225fdf6400fc,2019-10-07,2019-10-07,7728.125,7743.5,7724.75,0.7067155059312792358090514104,75,2019
true,NQU9,prior_rth,2019-07-19T16:00:00-04:00,true,d993b699e7bbae5ec377,2019-07-22,2019-07-19,7920.375,7963.5,7895.5,0.7003428010955530330489012185,272,2019
true,NQM9,midnight,2019-05-21T09:30:00-04:00,true,d9c6bed0e88269725f4c,2019-05-21,2019-05-21,7439.625,7458.75,7428.5,0.7014121056945051892524489401,121,2019
true,NQZ9,prior_rth,2019-11-13T16:00:00-05:00,true,d9ecd27427cd67d55ca6,2019-11-14,2019-11-13,8277.125,8279,8256,0.7011692216913587140036609205,92,2019
true,NQZ9,midnight,2019-09-18T09:30:00-04:00,true,da25bab60149bc500d08,2019-09-18,2019-09-18,7902.875,7907,7898.75,0.7068559549938760579211641816,33,2019
true,NQM9,opening_hour_rth,2019-05-02T10:30:00-04:00,true,db99c21b343e1eb08a50,2019-05-02,2019-05-02,7777.375,7790.5,7754.75,0.7039817450998603816833940109,143,2019
true,NQZ9,opening_hour_rth,2019-12-12T10:30:00-05:00,true,dba001ab3996a3eef851,2019-12-12,2019-12-12,8480.375,8496,8442,0.7021452604150207201178319546,216,2019
true,NQM9,midnight,2019-05-10T09:30:00-04:00,true,dba7a31c2145bd2086ec,2019-05-10,2019-05-10,7546.625,7583.75,7537.5,0.7035922125536966771675436511,185,2019
true,NQM9,opening_hour_rth,2019-05-28T10:30:00-04:00,true,dc1a07250f5089c74ae0,2019-05-28,2019-05-28,7360.875,7369,7341.5,0.7004089529648820776520360537,110,2019
true,NQU9,opening_hour_rth,2019-07-05T10:30:00-04:00,true,dc41c745a2b71d31aade,2019-07-05,2019-07-05,7810.125,7830,7806.5,0.7006034627704317462768149366,94,2019
true,NQZ9,opening_hour_rth,2019-10-16T10:30:00-04:00,true,dc7bb6ec3debfcaf3ee9,2019-10-16,2019-10-16,7926.625,7930.5,7919.25,0.7067098300248056183339542467,45,2019
true,NQU9,midnight,2019-08-07T09:30:00-04:00,true,dc8b9314c2d47189d5b7,2019-08-07,2019-08-07,7436.375,7514.25,7415.5,0.7004241289996145593819351995,395,2019
true,NQH9,opening_hour_rth,2019-03-08T10:30:00-05:00,true,ddce86857c1d34bb75bc,2019-03-08,2019-03-08,6956.375,6964.5,6946,0.7001110438742050517009929242,74,2019
true,NQU9,full_overnight,2019-09-09T09:30:00-04:00,true,ddfa65f32203856308c8,2019-09-09,2019-09-09,7871.375,7879.75,7869.25,0.7010050207279653791474727466,42,2019
true,NQU9,opening_hour_rth,2019-07-16T10:30:00-04:00,true,de0d8d6ac804c27f5d5b,2019-07-16,2019-07-16,7977.625,7984,7975.25,0.703570726040666077011536359,35,2019
true,NQH9,full_overnight,2019-01-23T09:30:00-05:00,true,de2e9074084f16358774,2019-01-23,2019-01-23,6678.125,6691.75,6662.25,0.7017185366088852076410694844,118,2019
true,NQZ9,opening_hour_rth,2019-10-22T10:30:00-04:00,true,de32d284ddd235efc675,2019-10-22,2019-10-22,7962.875,7977.5,7959.5,0.7055824509410783195630987686,72,2019
true,NQH9,full_overnight,2019-01-24T09:30:00-05:00,true,de4ff3544663f19b3e6d,2019-01-24,2019-01-24,6694.125,6699.5,6672.75,0.7002168721964215839204615168,107,2019
true,NQM9,full_overnight,2019-05-10T09:30:00-04:00,true,df05e10b51a4fe6c8713,2019-05-10,2019-05-10,7587.875,7599,7540.75,0.7007525368051447806485788955,233,2019
true,NQU9,prior_rth,2019-09-06T16:00:00-04:00,true,df12e9b3da4a800302c7,2019-09-09,2019-09-06,7870.625,7875.5,7856.25,0.7038340223522316287693283328,77,2019
true,NQH9,opening_hour_rth,2019-01-24T10:30:00-05:00,true,df2a35c4d38007a517a1,2019-01-24,2019-01-24,6686.625,6705.5,6679,0.7033690715065662172958905684,106,2019
true,NQU9,full_overnight,2019-08-08T09:30:00-04:00,true,df3c192188a3a6243291,2019-08-08,2019-08-08,7589.875,7607.25,7573.75,0.7029889261441307085281501185,134,2019
true,NQZ9,midnight,2019-09-30T09:30:00-04:00,true,dfa0cf6074d4ef5b95ed,2019-09-30,2019-09-30,7733.875,7748,7727.5,0.7019374826937987564541945417,82,2019
true,NQU9,midnight,2019-08-06T09:30:00-04:00,true,dfa6518734783ccd1c9b,2019-08-06,2019-08-06,7470.375,7493.75,7428.75,0.702358329075800543047711252,260,2019
true,NQM9,opening_hour_rth,2019-06-06T10:30:00-04:00,true,e00a17ae7225a70a225c,2019-06-06,2019-06-06,7217.875,7230,7214.5,0.7070876175871239480654721453,62,2019
true,NQU9,opening_hour_rth,2019-09-10T10:30:00-04:00,true,e039f7e019a26cfe5707,2019-09-10,2019-09-10,7756.375,7774.75,7749.75,0.7015869302204798578472193472,100,2019
true,NQM9,opening_hour_rth,2019-05-09T10:30:00-04:00,true,e07a1217c33b3341604e,2019-05-09,2019-05-09,7506.625,7539.25,7493,0.7015818636871733433116188469,185,2019
true,NQH9,opening_hour_rth,2019-03-06T10:30:00-05:00,true,e0e6be052cac263b3613,2019-03-06,2019-03-06,7158.875,7163.25,7147.75,0.7046491443863386263267690944,62,2019
true,NQU9,opening_hour_rth,2019-06-28T10:30:00-04:00,true,e1803621534aa4af778c,2019-06-28,2019-06-28,7675.125,7687.25,7664.5,0.7030478891009389839124131865,91,2019
true,NQH9,midnight,2019-01-04T09:30:00-05:00,true,e1b453a20631bbca0a87,2019-01-04,2019-01-04,6239.125,6265.25,6235.25,0.702109112953110474054943867,120,2019
true,NQH9,prior_rth,2019-02-20T16:00:00-05:00,true,e1cb807099ace28427f1,2019-02-21,2019-02-20,7065.625,7092,7053.25,0.7011987815182186952293042289,155,2019
true,NQU9,prior_rth,2019-08-15T16:00:00-04:00,true,e215fdf2714a93ec5920,2019-08-16,2019-08-15,7499.375,7518.75,7478.25,0.701134626763073587873537095,162,2019
true,NQZ9,full_overnight,2019-09-23T09:30:00-04:00,true,e31d568e736a60e9e34d,2019-09-23,2019-09-23,7838.125,7867.25,7815,0.7037582738738062126470306132,209,2019
true,NQH9,opening_hour_rth,2019-02-07T10:30:00-05:00,true,e33a2601fc3f808d7267,2019-02-07,2019-02-07,6930.875,6934.25,6916.75,0.7025226153193536980434797083,70,2019
true,NQH9,full_overnight,2019-01-29T09:30:00-05:00,true,e415dc29e5468af71bf4,2019-01-29,2019-01-29,6668.375,6696,6662.25,0.701482060937060363073449975,135,2019
true,NQZ9,midnight,2019-11-11T09:30:00-05:00,true,e41ba9874b2610cb1cef,2019-11-11,2019-11-11,8222.125,8226.5,8218,0.7034027812586923748730569455,34,2019
true,NQH9,full_overnight,2019-01-28T09:30:00-05:00,true,e528bea48de7e89d9fa7,2019-01-28,2019-01-28,6751.125,6779.25,6742.5,0.7006538882294850266626218352,147,2019
true,NQM9,opening_hour_rth,2019-05-30T10:30:00-04:00,true,e541387fce1041c79442,2019-05-30,2019-05-30,7257.625,7264,7252.75,0.7091953784494176930451253754,45,2019
true,NQM9,full_overnight,2019-04-11T09:30:00-04:00,true,e5aa2daca275c8bf4c85,2019-04-11,2019-04-11,7645.375,7652.5,7637,0.7077178657160949915241051187,62,2019
true,NQH9,opening_hour_rth,2019-01-03T10:30:00-05:00,true,e621c3b4f193f102cbe1,2019-01-03,2019-01-03,6226.375,6270.25,6188.75,0.7013471198851252811442464573,326,2019
true,NQZ9,opening_hour_rth,2019-10-31T10:30:00-04:00,true,e693ce6588e2850e747d,2019-10-31,2019-10-31,8095.375,8114,8079.75,0.7014620168045647625172115926,137,2019
true,NQZ9,full_overnight,2019-09-27T09:30:00-04:00,true,e6f8a1931678575437ea,2019-09-27,2019-09-27,7805.875,7821,7783.25,0.7003832645563002317802347543,151,2019
true,NQZ9,midnight,2019-09-24T09:30:00-04:00,true,e71d123d676fea56711f,2019-09-24,2019-09-24,7877.125,7878.5,7867.75,0.7033326443790473687701965502,43,2019
true,NQH9,opening_hour_rth,2019-01-22T10:30:00-05:00,true,e72ad08f58382735d5a7,2019-01-22,2019-01-22,6724.375,6736.75,6710.25,0.7026531961879369510064540673,106,2019
true,NQM9,prior_rth,2019-03-13T16:00:00-04:00,true,e7414cb6ff63c08f08e3,2019-03-14,2019-03-13,7305.875,7314.75,7275.75,0.7024018262596351962338153337,156,2019
true,NQU9,opening_hour_rth,2019-08-20T10:30:00-04:00,true,e75d9b1680e7328b7f94,2019-08-20,2019-08-20,7698.125,7707.5,7687.25,0.7049299129117688821059604391,81,2019
true,NQU9,prior_rth,2019-06-20T16:00:00-04:00,true,e815e6c9fe766b9f6f13,2019-06-21,2019-06-20,7745.125,7774.75,7723.25,0.7001135536882458269780234534,206,2019
true,NQZ9,prior_rth,2019-11-15T16:00:00-05:00,true,e818de55ebe6f7b02ec6,2019-11-18,2019-11-15,8309.625,8318,8304,0.7038624366737218717200513437,56,2019
true,NQZ9,opening_hour_rth,2019-10-18T10:30:00-04:00,true,eafe84f5424cb6c306f9,2019-10-18,2019-10-18,7947.875,7954.5,7936,0.7018509737386832913070389513,74,2019
true,NQH9,prior_rth,2019-02-12T16:00:00-05:00,true,ebc01a0c552aaf0ecfb9,2019-02-13,2019-02-12,7009.375,7027.75,6992,0.704021078732259999662398235,143,2019
true,NQM9,midnight,2019-04-10T09:30:00-04:00,true,ebd61a87b827268c76d6,2019-04-10,2019-04-10,7602.625,7608,7598.5,0.7067874535744418360868649141,38,2019
true,NQH9,midnight,2019-03-05T09:30:00-05:00,true,ebf2a72df7d2150a7046,2019-03-05,2019-03-05,7153.875,7160,7144.75,0.7072646702039083793762726364,61,2019
true,NQU9,prior_rth,2019-06-27T16:00:00-04:00,true,ec6f0e794d0c10df5898,2019-06-28,2019-06-27,7691.375,7695.5,7683.5,0.7006650535244622014855174881,48,2019
true,NQZ9,midnight,2019-11-21T09:30:00-05:00,true,ed04703047363a25e34f,2019-11-21,2019-11-21,8279.625,8293,8268.75,0.7043630302391189192126403685,97,2019
true,NQU9,opening_hour_rth,2019-07-26T10:30:00-04:00,true,ed12fa118e5f192c5fc6,2019-07-26,2019-07-26,8022.625,8029.25,8015.5,0.7072917848829573214845815314,55,2019
true,NQH9,prior_rth,2019-01-17T16:00:00-05:00,true,edde898eeb9a799762dc,2019-01-18,2019-01-17,6690.875,6712.25,6646,0.7008491968791721047331066867,265,2019
true,NQM9,opening_hour_rth,2019-05-29T10:30:00-04:00,true,ee31fe4cbe12465811d9,2019-05-29,2019-05-29,7227.875,7240,7218.75,0.7025695795090587238146730733,85,2019
true,NQU9,prior_rth,2019-07-18T16:00:00-04:00,true,ee7450b614c3d4c8907d,2019-07-19,2019-07-18,7890.625,7904,7852,0.7010965356622091035291880471,208,2019
true,NQH0,full_overnight,2019-12-27T09:30:00-05:00,true,ef1259a46a77a3e14abc,2019-12-27,2019-12-27,8826.375,8837.25,8822.5,0.7041306994277816414697799396,59,2019
true,NQM9,prior_rth,2019-03-20T16:00:00-04:00,true,ef1ba0f856c9949edb2a,2019-03-21,2019-03-20,7371.625,7418.5,7349.5,0.7012515693760814536709121873,276,2019
true,NQZ9,prior_rth,2019-10-02T16:00:00-04:00,true,ef1bcc96b4a133167117,2019-10-03,2019-10-02,7563.875,7587.25,7536.25,0.7009980074922981010789627334,204,2019
true,NQZ9,prior_rth,2019-10-01T16:00:00-04:00,true,ef2109db2cb3753d9e20,2019-10-02,2019-10-01,7722.125,7771,7693.75,0.700253498437825837052812811,309,2019
true,NQM9,full_overnight,2019-04-01T09:30:00-04:00,true,ef5bf466508dfbddefc4,2019-04-01,2019-04-01,7473.875,7480.75,7464.25,0.7039133381003962442269415527,66,2019
true,NQM9,opening_hour_rth,2019-03-14T10:30:00-04:00,true,ef6065763b1906ed9053,2019-03-14,2019-03-14,7282.875,7286.25,7273.25,0.7047721004593669212001233674,52,2019
true,NQZ9,midnight,2019-11-05T09:30:00-05:00,true,efe275585020829bbb66,2019-11-05,2019-11-05,8236.125,8241.75,8233.5,0.7066259258860697956702334367,33,2019
true,NQM9,opening_hour_rth,2019-03-25T10:30:00-04:00,true,f02d546a0522db6dbb64,2019-03-25,2019-03-25,7308.125,7332,7298.75,0.7014404733746059537909155924,133,2019
true,NQH9,full_overnight,2019-01-11T09:30:00-05:00,true,f065f8eeff17c7220ef9,2019-01-11,2019-01-11,6615.375,6628.75,6604.5,0.7026906610677155242991579678,97,2019
true,NQU9,full_overnight,2019-08-05T09:30:00-04:00,true,f0797a07e4377ed92838,2019-08-05,2019-08-05,7604.375,7613,7542.75,0.7003447121425153556177593276,281,2019
true,NQH9,prior_rth,2019-02-13T16:00:00-05:00,true,f0b7bb03608541486d73,2019-02-14,2019-02-13,7044.625,7060.25,7034.75,0.7048893656808471661631841197,102,2019
true,NQZ9,opening_hour_rth,2019-11-04T10:30:00-05:00,true,f1016645ffde26db96f5,2019-11-04,2019-11-04,8221.125,8227.25,8212.75,0.7022857600979154287977817392,58,2019
true,NQZ9,midnight,2019-10-04T09:30:00-04:00,true,f16ea9670053c7f1928b,2019-10-04,2019-10-04,7639.625,7674.75,7625,0.7005588707640977372484834514,199,2019
true,NQH9,opening_hour_rth,2019-01-23T10:30:00-05:00,true,f1cc20d41b581216b278,2019-01-23,2019-01-23,6716.625,6718.5,6697.5,0.7029359061415781693988190005,84,2019
true,NQZ9,full_overnight,2019-11-11T09:30:00-05:00,true,f205957ff75930d10291,2019-11-11,2019-11-11,8222.125,8232.75,8215.75,0.7116805789864413989066451934,68,2019
true,NQU9,prior_rth,2019-08-28T16:00:00-04:00,true,f25df0eee1f30e9b5160,2019-08-29,2019-08-28,7590.875,7598.25,7553,0.7023355545815175592948608303,181,2019
true,NQZ9,full_overnight,2019-10-01T09:30:00-04:00,true,f3ad584848d37d5ef9a4,2019-10-01,2019-10-01,7799.375,7812.25,7788,0.7021279550428305176020700302,97,2019
true,NQH0,prior_rth,2019-12-27T16:00:00-05:00,true,f3d6aa4e917241f26476,2019-12-30,2019-12-27,8803.625,8815,8787.75,0.7030989594571448964211322033,109,2019
true,NQU9,prior_rth,2019-08-12T16:00:00-04:00,true,f40ffc0a5efea5e901d8,2019-08-13,2019-08-12,7607.375,7627.75,7581.75,0.7013638031312437173067629505,184,2019
true,NQM9,midnight,2019-05-29T09:30:00-04:00,true,f42c05cce4add917de24,2019-05-29,2019-05-29,7234.375,7240,7226.5,0.7049412278761534713352341109,54,2019
true,NQM9,midnight,2019-04-17T09:30:00-04:00,true,f43288359c17beafbb72,2019-04-17,2019-04-17,7693.125,7718,7691.25,0.7032641874419371574040932538,107,2019
true,NQU9,full_overnight,2019-07-31T09:30:00-04:00,true,f473beb2349b4bdd3866,2019-07-31,2019-07-31,7993.625,7996.5,7987.25,0.7015748822940562385814626648,37,2019
true,NQU9,full_overnight,2019-07-08T09:30:00-04:00,true,f47658dc94bf1bf5998f,2019-07-08,2019-07-08,7822.875,7834.75,7815.5,0.7077896719744529436067890286,77,2019
true,NQM9,opening_hour_rth,2019-04-15T10:30:00-04:00,true,f4b995185eae21bfab4a,2019-04-15,2019-04-15,7653.875,7659,7638.25,0.7067388912018178623344675013,83,2019
true,NQH0,full_overnight,2019-12-19T09:30:00-05:00,true,f58c7fd606e57285d598,2019-12-19,2019-12-19,8619.625,8622.5,8613,0.7019945503866903873681926344,38,2019
true,NQH9,prior_rth,2019-01-07T16:00:00-05:00,true,f5ba20f5672bc53175f0,2019-01-08,2019-01-07,6514.125,6533.5,6470.75,0.7002399052049484097958769858,251,2019
true,NQZ9,full_overnight,2019-10-09T09:30:00-04:00,true,f6e2c250814772c24d00,2019-10-09,2019-10-09,7700.125,7719,7642.75,0.7016284112301469015439870521,305,2019
true,NQZ9,prior_rth,2019-10-18T16:00:00-04:00,true,f7d848c0d89af77446e1,2019-10-21,2019-10-18,7889.625,7918.25,7850.5,0.7005599820449791959689145323,271,2019
true,NQZ9,midnight,2019-09-25T09:30:00-04:00,true,f81de90371a31f1a4770,2019-09-25,2019-09-25,7708.875,7741,7703.5,0.7011947964537221215685634562,150,2019
true,NQZ9,opening_hour_rth,2019-10-24T10:30:00-04:00,true,f82131bfff4a575dc610,2019-10-24,2019-10-24,7951.875,7961.25,7930.75,0.7006713847746456442108616014,122,2019
true,NQH9,midnight,2019-03-08T09:30:00-05:00,true,f835c2b35fb57c0f43e4,2019-03-08,2019-03-08,6986.875,6998.75,6961.5,0.7005642940457049663708222677,149,2019
true,NQH9,prior_rth,2019-03-07T16:00:00-05:00,true,f84cbd06300f1a4663f2,2019-03-08,2019-03-07,7049.625,7072,7025.25,0.7008596865480283819075758935,187,2019
true,NQZ9,opening_hour_rth,2019-11-15T10:30:00-05:00,true,f85a288d23c50a9b3e1b,2019-11-15,2019-11-15,8300.375,8306.75,8289.75,0.7037043987416126357333305794,68,2019
true,NQH9,opening_hour_rth,2019-02-27T10:30:00-05:00,true,f867b22f4a33d53dff8a,2019-02-27,2019-02-27,7113.125,7117,7066.5,0.7016788822253961178260909488,202,2019
true,NQZ9,midnight,2019-10-21T09:30:00-04:00,true,f89a57bd016921b03c35,2019-10-21,2019-10-21,7904.375,7912,7895,0.7026735511760000487708268021,68,2019
true,NQH9,opening_hour_rth,2019-02-28T10:30:00-05:00,true,f8a22dae9a31e95f0463,2019-02-28,2019-02-28,7117.375,7121.25,7097.75,0.701395078039822589229858266,94,2019
true,NQU9,prior_rth,2019-07-17T16:00:00-04:00,true,f8bf5c1ffd99108233d0,2019-07-18,2019-07-17,7937.875,7949,7927,0.7018710466074139579892194753,88,2019
true,NQU9,midnight,2019-07-01T09:30:00-04:00,true,f8c7cfc6d58190fbe9c1,2019-07-01,2019-07-01,7824.125,7836.25,7818.5,0.7007516312442380124182035134,71,2019
true,NQU9,opening_hour_rth,2019-08-29T10:30:00-04:00,true,f8e30917cb5a05fb1019,2019-08-29,2019-08-29,7714.125,7717.75,7700.25,0.7001525675201526861318841236,70,2019
true,NQU9,prior_rth,2019-08-23T16:00:00-04:00,true,f9d432b54932f99d8731,2019-08-26,2019-08-23,7499.125,7639,7447.75,0.7005601075529064485469609158,765,2019
true,NQU9,opening_hour_rth,2019-07-08T10:30:00-04:00,true,f9edc5f95d4d6b40454c,2019-07-08,2019-07-08,7782.375,7799.75,7778.75,0.7099195499241678193333252335,84,2019
true,NQU9,full_overnight,2019-08-02T09:30:00-04:00,true,fa39700f40b80ec0028d,2019-08-02,2019-08-02,7788.125,7793.75,7754.5,0.7040923929017766405034587178,157,2019
true,NQZ9,opening_hour_rth,2019-12-04T10:30:00-05:00,true,fa5f94c37cf7a3f2004c,2019-12-04,2019-12-04,8308.625,8316.75,8302.75,0.7059672904729152669800986408,56,2019
true,NQZ9,prior_rth,2019-11-21T16:00:00-05:00,true,faf8dc50a50ed2d56e96,2019-11-22,2019-11-21,8272.375,8277,8257.75,0.7011314346284442191075968391,77,2019
true,NQU9,midnight,2019-07-22T09:30:00-04:00,true,fb0da33ae3067e5b0d86,2019-07-22,2019-07-22,7880.125,7882.25,7861.5,0.7039327832874545677313843399,83,2019
true,NQM9,midnight,2019-04-30T09:30:00-04:00,true,fb30cf01534031c0417c,2019-04-30,2019-04-30,7799.125,7808,7791.5,0.7096269092016639953372302942,66,2019
true,NQM9,opening_hour_rth,2019-03-29T10:30:00-04:00,true,fb4302a4fcf800bb26c8,2019-03-29,2019-03-29,7391.625,7395.5,7379.5,0.7013520349666938812523353789,64,2019
true,NQM9,opening_hour_rth,2019-06-10T10:30:00-04:00,true,fb6b362f5c2849074260,2019-06-10,2019-06-10,7509.125,7528,7491.25,0.7029286374416257951821072505,147,2019
true,NQZ9,prior_rth,2019-12-06T16:00:00-05:00,true,fb7ac295674f98cfa95f,2019-12-09,2019-12-06,8400.625,8405.75,8384.25,0.7030866035088455367567884212,86,2019
true,NQH9,opening_hour_rth,2019-02-08T10:30:00-05:00,true,fbf628743ed3ff73b280,2019-02-08,2019-02-08,6855.125,6863.5,6845.25,0.7035739274501522533590659829,73,2019
true,NQH9,prior_rth,2019-02-22T16:00:00-05:00,true,fc38294223db8d6a6a7e,2019-02-25,2019-02-22,7087.375,7091,7064.5,0.7047394335772637390402332627,106,2019
true,NQM9,full_overnight,2019-06-05T09:30:00-04:00,true,fc8a345b0cb5e13137ac,2019-06-05,2019-06-05,7207.625,7227.5,7189.5,0.7025550275735486800542395095,152,2019
true,NQM9,midnight,2019-05-17T09:30:00-04:00,true,fcfecc77e8b060358758,2019-05-17,2019-05-17,7523.375,7563.5,7510,0.700131265272813661889938944,214,2019
true,NQZ9,midnight,2019-11-04T09:30:00-05:00,true,fd1a894132c9c5d1c979,2019-11-04,2019-11-04,8219.125,8229.25,8200,0.7004432181176828282300130042,117,2019
true,NQM9,midnight,2019-03-21T09:30:00-04:00,true,fd735f17be0d7e4e5309,2019-03-21,2019-03-21,7412.875,7431.75,7384,0.7035982923031820410595103507,191,2019
true,NQZ9,prior_rth,2019-12-05T16:00:00-05:00,true,fdcdddf143a0ff9ad439,2019-12-06,2019-12-05,8293.125,8309.5,8284.25,0.7035901732215414661545973972,101,2019
true,NQM9,midnight,2019-05-31T09:30:00-04:00,true,fde221660a8627c159b4,2019-05-31,2019-05-31,7161.875,7170.5,7143.5,0.7016377698106674744844357961,108,2019
true,NQU9,full_overnight,2019-07-22T09:30:00-04:00,true,fe33a35cd1f60bf2c9b5,2019-07-22,2019-07-22,7880.125,7883.5,7847.25,0.7025638030574880205510120512,145,2019
true,NQH0,prior_rth,2019-12-26T16:00:00-05:00,true,fe6f37f122723b3021da,2019-12-27,2019-12-26,8786.875,8802,8766.5,0.7006492923257759931474034346,142,2019
true,NQZ9,opening_hour_rth,2019-11-01T10:30:00-04:00,true,ff1a68c25bdfcba75df3,2019-11-01,2019-11-01,8156.625,8161.75,8127.75,0.701200518514480243750265012,136,2019
true,NQU9,prior_rth,2019-08-13T16:00:00-04:00,true,ff527e27294067d90524,2019-08-14,2019-08-13,7738.875,7769.75,7715.25,0.7003226306522364341817861068,218,2019
true,NQU9,prior_rth,2019-06-17T16:00:00-04:00,true,ff92ed686706aa299292,2019-06-18,2019-06-17,7562.875,7570.5,7552.5,0.703047255965877301766923986,72,2019
true,NQZ9,opening_hour_rth,2019-11-11T10:30:00-05:00,true,ffb84b6daeb2d2e9f6d9,2019-11-11,2019-11-11,8223.875,8231.5,8214.5,0.7101619646595518134699667405,68,2019
true,NQH9,opening_hour_rth,2019-01-15T10:30:00-05:00,true,ffd8df5fbd7d7f32e4d0,2019-01-15,2019-01-15,6642.875,6667.25,6628.25,0.7014668170738985414887338923,156,2019
true,NQZ9,full_overnight,2019-12-06T09:30:00-05:00,true,fff6a834d90591eeebf6,2019-12-06,2019-12-06,8334.625,8359.75,8313,0.7011920371051513005262545488,187,2019
