contract,family,freeze_time,max_smoothed_activity,median_smoothed_activity,p95_smoothed_activity,peak_plateau_count,profile_id,session_date,smoothing_half_width_ticks,source_date,year
NQH9,midnight,2019-01-18T09:30:00-05:00,3.69940047643789967548587663,0.6842352544430352220342962822,3.289480373221399298302718033,11,000181fe67c6fecf6c7d,2019-01-18,2,2019-01-18,2019
NQM9,opening_hour_rth,2019-04-29T10:30:00-04:00,2.135626184551746395340393477,0.877076820224640651495016987,2.076956074445101302867866851,8,0049442e3899ed9c34e6,2019-04-29,2,2019-04-29,2019
NQH9,full_overnight,2019-02-26T09:30:00-05:00,2.251970547450592285381251277,1.127305845743007695879348777,2.154743745276119632326920993,19,00671d426e6be9a5c330,2019-02-26,2,2019-02-26,2019
NQZ9,prior_rth,2019-09-20T16:00:00-04:00,2.660523128085126568203442837,0.8801561202610119123004681515,2.291999354961142207035317076,40,0078278d143e6b3ff2cc,2019-09-23,2,2019-09-20,2019
NQM9,prior_rth,2019-04-08T16:00:00-04:00,2.578141705771014550279446259,0.927707610331710892208322546,2.264768944993499492448142209,24,0182c5442c60e79f6612,2019-04-09,2,2019-04-08,2019
NQU9,opening_hour_rth,2019-07-12T10:30:00-04:00,1.796915596484413234592189549,1.06745512572809558519293407,1.743592965111501221743879792,5,0192f1f6f6dc6c7587bf,2019-07-12,2,2019-07-12,2019
NQM9,prior_rth,2019-05-24T16:00:00-04:00,2.592830296706676692941380378,1.04358605123360272125592134,2.43354267985505436428082268,21,01bba9e94bdea915d3c7,2019-05-28,2,2019-05-24,2019
NQM9,full_overnight,2019-06-12T09:30:00-04:00,3.101020963350288636325937897,0.7541187157209221916545048496,2.698263684900283908889495261,18,021e9b52893475eda8ad,2019-06-12,2,2019-06-12,2019
NQM9,full_overnight,2019-03-11T09:30:00-04:00,3.152163457546345232660626481,0.933279182679158782547388202,2.013882504031924766555836001,17,027d098d6cf4f482a46d,2019-03-11,2,2019-03-11,2019
NQZ9,opening_hour_rth,2019-11-21T10:30:00-05:00,1.796963425349555739271676554,0.905606163950408204912619904,1.747998329613023716580080086,7,02a8ea834d4edbb1447b,2019-11-21,2,2019-11-21,2019
NQM9,prior_rth,2019-03-11T16:00:00-04:00,4.019555623011256428287797249,0.7328819080598259102345848807,2.658828435311653197047825924,32,02d6c21c7b93b5712a96,2019-03-12,2,2019-03-11,2019
NQM9,prior_rth,2019-05-16T16:00:00-04:00,3.917220486544556301642095413,0.474152991452891632101970801,3.199691006064448676965243101,24,030771c5b9bcf1d3ee6b,2019-05-17,2,2019-05-16,2019
NQH9,prior_rth,2019-01-14T16:00:00-05:00,2.916209586757308012413904272,0.7189982061445657905674990796,2.738994260233424862448014121,12,0327f9c6289d20a35520,2019-01-15,2,2019-01-14,2019
NQU9,prior_rth,2019-08-27T16:00:00-04:00,3.029704370643070992671795234,0.863295793440416813736709548,2.492982268690274672753044854,35,038916c838e3f81240a8,2019-08-28,2,2019-08-27,2019
NQH9,midnight,2019-03-01T09:30:00-05:00,2.752175511949282069010418386,0.8686966262106006419221274066,2.601278345514923852416491182,5,03c21eab4c532627bdcf,2019-03-01,2,2019-03-01,2019
NQU9,midnight,2019-09-10T09:30:00-04:00,2.262995309498348392713128582,0.9968165944034405923152769455,1.998444789480706392857974066,11,03f2603e5e9a30fb6eb2,2019-09-10,2,2019-09-10,2019
NQH9,prior_rth,2019-02-14T16:00:00-05:00,2.885654299478765003376302629,0.921046618996575094529924771,2.40975499923013281596792541,15,042251ba58af8a687149,2019-02-15,2,2019-02-14,2019
NQH9,opening_hour_rth,2019-02-26T10:30:00-05:00,2.857875556992247763882838692,0.8813840978427489753399761285,2.615492396863048829565651579,10,044fc8d538e8d2cb0223,2019-02-26,2,2019-02-26,2019
NQZ9,midnight,2019-10-15T09:30:00-04:00,2.848013294014719528999894169,1.072130123105575541865809466,2.309949626042858897061602192,12,0470eeb58bcb2c7e309f,2019-10-15,2,2019-10-15,2019
NQH9,prior_rth,2019-03-04T16:00:00-05:00,2.165621948952296116059967873,1.017968239124450727289870554,1.979980170564784765299538591,40,04e69c645caeedcacc6f,2019-03-05,2,2019-03-04,2019
NQU9,midnight,2019-07-02T09:30:00-04:00,1.800582251770999556136007101,1.049236295160654753433669956,1.661547742540289980191920792,10,065916afcc9d0db18f2b,2019-07-02,2,2019-07-02,2019
NQZ9,opening_hour_rth,2019-12-13T10:30:00-05:00,2.050192335911254520756204123,0.9585668481255704149328818511,1.895125039742613973743434407,18,069a465479e66bbf20f7,2019-12-13,2,2019-12-13,2019
NQH9,midnight,2019-01-23T09:30:00-05:00,2.183653718151634965245448768,0.967596577689721586334544568,1.810972507410496810770147878,16,06c13f25f54f4501e90f,2019-01-23,2,2019-01-23,2019
NQU9,prior_rth,2019-07-30T16:00:00-04:00,4.231764361639379188733548992,0.3645018444143143442765509864,3.88729283374483419832826265,11,06e70b6f2a16b0882785,2019-07-31,2,2019-07-30,2019
NQZ9,prior_rth,2019-09-17T16:00:00-04:00,3.338140320803786172660713046,0.3823537244960357417697432153,3.094361429844290355056748637,15,06fc22a10dadfe91f9b3,2019-09-18,2,2019-09-17,2019
NQU9,full_overnight,2019-08-22T09:30:00-04:00,2.495276145924139470389723291,0.8354493456681816611398135491,2.143365915131231452218235551,23,0754eec74e603fc9404c,2019-08-22,2,2019-08-22,2019
NQU9,full_overnight,2019-06-26T09:30:00-04:00,4.578142049838656336865904503,0.7137503419562784761415496477,2.899738579140436260173151044,29,0816a70bca8da5dd37cf,2019-06-26,2,2019-06-26,2019
NQZ9,prior_rth,2019-09-23T16:00:00-04:00,2.651298499843903282416611537,1.034602872048456633619519275,2.211193309901835041787842317,12,0886830907bd7f562b9e,2019-09-24,2,2019-09-23,2019
NQM9,prior_rth,2019-05-14T16:00:00-04:00,3.490755428480014462530273153,0.9249346555527178388519901321,2.053433924157521968698724886,31,088dc15f93cd4106fdad,2019-05-15,2,2019-05-14,2019
NQU9,opening_hour_rth,2019-06-21T10:30:00-04:00,1.936890011510146137635895589,1.219545559306367446469262508,1.767676354161153972892070791,9,092399182ac8a87c17ab,2019-06-21,2,2019-06-21,2019
NQU9,midnight,2019-08-15T09:30:00-04:00,3.829062028906365943053366248,0.6793654327848859467383834675,2.893306996651762807346936162,48,098f84fa38635711bb8e,2019-08-15,2,2019-08-15,2019
NQM9,prior_rth,2019-06-07T16:00:00-04:00,6.132167788804473656601964419,0.3921987392865259324675403854,5.253427038317423605521411837,28,09946e5c23d4668a278e,2019-06-10,2,2019-06-07,2019
NQM9,full_overnight,2019-04-26T09:30:00-04:00,3.369340486775869057079371094,0.6995578387456802393515076977,2.908265378958594160508772237,17,09e63a4daac9f7527e52,2019-04-26,2,2019-04-26,2019
NQZ9,full_overnight,2019-11-12T09:30:00-05:00,2.918042475036093007156754373,0.813535545018247920045131187,2.225677149832714346652057437,14,0a4720417b22b0fe62ff,2019-11-12,2,2019-11-12,2019
NQU9,opening_hour_rth,2019-07-31T10:30:00-04:00,1.912960471436414871154892224,1.030662207013943584871143766,1.750122542288596755343226986,6,0acb9ac11443686ee1c3,2019-07-31,2,2019-07-31,2019
NQM9,prior_rth,2019-04-29T16:00:00-04:00,2.39593700758725344268135105,0.904064175554546955641470252,2.085278487597686501937624503,10,0b75d6b06fb954ab32d6,2019-04-30,2,2019-04-29,2019
NQH0,prior_rth,2019-12-19T16:00:00-05:00,2.882517860820312472892207064,0.8027616434044402219633145195,2.438684876412762981727431766,14,0b8959dd7dcbd51641bf,2019-12-20,2,2019-12-19,2019
NQU9,opening_hour_rth,2019-08-26T10:30:00-04:00,1.825825301624373429035035533,1.097695777666676100688720498,1.6616391556950487965231983,13,0bbd3bf7d447b8eac1a2,2019-08-26,2,2019-08-26,2019
NQM9,midnight,2019-04-15T09:30:00-04:00,1.752201746823750843507402062,0.945503495978301211297322852,1.725041486531333917433693474,5,0c46dfbea6a39bfe6b32,2019-04-15,2,2019-04-15,2019
NQM9,prior_rth,2019-03-14T16:00:00-04:00,1.936777537349241126990603646,0.867291950447279828998617128,1.892680571521479355606714501,5,0c8a1f406e0e5bca8ff7,2019-03-15,2,2019-03-14,2019
NQU9,full_overnight,2019-09-12T09:30:00-04:00,2.943905401147206248388532131,1.089248094541805213569878894,2.317863387111691990584696876,14,0cab395ad3c3958b7e80,2019-09-12,2,2019-09-12,2019
NQU9,midnight,2019-08-26T09:30:00-04:00,5.528747581888948459204619088,0.537936073449599572800744647,3.956712680638561629291046831,31,0cb9d8bc15299fbd9847,2019-08-26,2,2019-08-26,2019
NQM9,midnight,2019-03-11T09:30:00-04:00,2.834696458353185269300727996,0.8533207733287355181928733443,2.323591213084112504657353034,9,0d2906930226b18dbabc,2019-03-11,2,2019-03-11,2019
NQH9,midnight,2019-02-06T09:30:00-05:00,2.55941970947958093858251247,0.822581801645883901549360638,2.476462718166014146541507627,16,0d4843f06f8a0ba2bdca,2019-02-06,2,2019-02-06,2019
NQM9,prior_rth,2019-04-02T16:00:00-04:00,2.589443754817701539509878318,0.8902312416383915371601553978,2.090897887817579004508286444,14,0d66bae753478c067f42,2019-04-03,2,2019-04-02,2019
NQZ9,prior_rth,2019-12-10T16:00:00-05:00,2.669277369822667840598858854,0.945010419433688500588785808,2.187675073229508086662702451,12,0dd2695b9472a4bcd6b3,2019-12-11,2,2019-12-10,2019
NQZ9,prior_rth,2019-10-15T16:00:00-04:00,4.157253750102048593692072543,0.6433805210049640541918780495,2.956569043095922123750981996,25,0e4744e3a89c179e0fd4,2019-10-16,2,2019-10-15,2019
NQM9,prior_rth,2019-04-11T16:00:00-04:00,2.423193053477817070611964087,1.101463384534504812678457025,2.163411800372189507453646069,8,0e648178b8149488435f,2019-04-12,2,2019-04-11,2019
NQU9,prior_rth,2019-07-25T16:00:00-04:00,2.409295412501893660285686461,0.9302726140478816267372784284,2.210357534802318596474696417,12,0edf6b5c1d0568bff8da,2019-07-26,2,2019-07-25,2019
NQH9,midnight,2019-01-11T09:30:00-05:00,2.204853857801019359792286637,0.97857314930352322360978516,2.05062810232104006139091613,13,0f91db81e1a0ee00f2ef,2019-01-11,2,2019-01-11,2019
NQU9,opening_hour_rth,2019-07-19T10:30:00-04:00,2.223347198661488632924167124,1.112231828072118233142532214,1.98966512241689210311633416,11,0fa92c126fa7f91aa9a5,2019-07-19,2,2019-07-19,2019
NQU9,prior_rth,2019-09-11T16:00:00-04:00,3.342739516364533802369039891,0.7218809898462355648597394113,2.695263600850182125937360297,19,0fdecf3a7cead46ffa95,2019-09-12,2,2019-09-11,2019
NQM9,midnight,2019-06-12T09:30:00-04:00,2.685889645821085054890859599,0.8045107623606339449464609515,2.475111277603984844537431812,10,1009a9a4f50e07b22f58,2019-06-12,2,2019-06-12,2019
NQU9,midnight,2019-07-18T09:30:00-04:00,3.107988700579543722654376826,0.8083566504055717124910221475,2.665831964307641098530068158,15,108932cde6d31faddd69,2019-07-18,2,2019-07-18,2019
NQH9,prior_rth,2019-01-28T16:00:00-05:00,1.861397332245613614924882246,0.9986304740199407418891264791,1.797024701072158686156089644,13,109859a0960c55dc5287,2019-01-29,2,2019-01-28,2019
NQM9,full_overnight,2019-05-16T09:30:00-04:00,2.007559517060675323172215839,0.977354294492488211732454103,1.750580548300644223436233507,27,10b95c8b81f33620853f,2019-05-16,2,2019-05-16,2019
NQH9,midnight,2019-02-27T09:30:00-05:00,3.575768250105534287291328961,0.4703132327001316681838963249,3.095614308067602941597845202,8,110df4c244c93a66a964,2019-02-27,2,2019-02-27,2019
NQH9,opening_hour_rth,2019-02-01T10:30:00-05:00,1.624324774313612947664384289,1.062714125325407771374896301,1.47201837692466523628931952,17,116b175c0344bd1922fe,2019-02-01,2,2019-02-01,2019
NQH9,prior_rth,2019-03-01T16:00:00-05:00,2.477466881823841306872412292,0.9187424238164369154128898654,2.088434934559888218007638119,14,11a518d1845d0aae88c2,2019-03-04,2,2019-03-01,2019
NQU9,opening_hour_rth,2019-07-18T10:30:00-04:00,2.741648152443730720908381627,0.5849961992832003528834736795,2.557879373979231412748208944,10,11dba2969aa221f43100,2019-07-18,2,2019-07-18,2019
NQU9,opening_hour_rth,2019-07-02T10:30:00-04:00,2.320405963749681185124303624,1.021169187240633743259119918,2.113611697142430916427149833,5,1218dad20c06ce59591e,2019-07-02,2,2019-07-02,2019
NQH9,opening_hour_rth,2019-02-25T10:30:00-05:00,1.708981284493879889442575976,1.210096974348862789115051867,1.593987586066183576283506811,6,1281745af004dda00df2,2019-02-25,2,2019-02-25,2019
NQZ9,prior_rth,2019-11-11T16:00:00-05:00,2.606161026374250206509545309,0.7944755940567891608749536355,2.095848104631844264047696382,14,12b0dd1ebe5c9deca54a,2019-11-12,2,2019-11-11,2019
NQZ9,prior_rth,2019-12-13T16:00:00-05:00,3.819203197679640285006298424,0.7737287115539477894447369434,2.874116086999149638489335121,19,12cbc2a587e41394df77,2019-12-16,2,2019-12-13,2019
NQH9,full_overnight,2019-02-04T09:30:00-05:00,2.774362038084502307218498377,0.9342957537346655633586215831,2.359734137671185610378610207,6,12ee6821d1670c2d8845,2019-02-04,2,2019-02-04,2019
NQU9,midnight,2019-07-29T09:30:00-04:00,2.552301485832370213769011987,0.926094017502666761816737272,1.94462039003652751162658342,7,134bd41414aca5209a91,2019-07-29,2,2019-07-29,2019
NQU9,opening_hour_rth,2019-07-09T10:30:00-04:00,3.19561029837172117044974751,0.5565800458525619589457219863,2.775341777067202550145797732,10,137da0f4f4726b17cc8f,2019-07-09,2,2019-07-09,2019
NQM9,full_overnight,2019-05-14T09:30:00-04:00,3.714253549496289500742571734,0.7635097439916714549183774737,2.80857946459132060453404744,30,13d7f6d32687b9a72134,2019-05-14,2,2019-05-14,2019
NQM9,midnight,2019-04-11T09:30:00-04:00,2.623156625414554680044909544,0.7460244006158021503805126145,2.383329927961129634445500907,12,13e29e89498415d32249,2019-04-11,2,2019-04-11,2019
NQH9,prior_rth,2019-02-19T16:00:00-05:00,2.99545803862761728780440582,0.758007528827799039683287102,2.651101028223727750463143082,10,13f92f92767411d0efe5,2019-02-20,2,2019-02-19,2019
NQU9,prior_rth,2019-07-02T16:00:00-04:00,2.916781915812904718895750027,0.6996687589579968518883535289,2.419692415234160908453025969,19,148edaffa7a8dc06c619,2019-07-05,2,2019-07-02,2019
NQU9,full_overnight,2019-07-18T09:30:00-04:00,2.737249816382445396749495422,0.7747678130066335420446559685,2.359810872873517692975782043,14,151abd50b0667f2f1fff,2019-07-18,2,2019-07-18,2019
NQZ9,full_overnight,2019-11-08T09:30:00-05:00,3.307450575985077506029251609,0.72185186144016992389711937,2.385390881092968208943676409,17,155ab3a43ee7d97a6655,2019-11-08,2,2019-11-08,2019
NQU9,midnight,2019-07-23T09:30:00-04:00,2.399746078005366235509349187,0.9220598797894293938172613054,2.015503326800829639221159999,16,15937f5417e60719300e,2019-07-23,2,2019-07-23,2019
NQZ9,prior_rth,2019-09-25T16:00:00-04:00,2.984447660190392015598566304,0.9078825792055577732057754402,2.509132029418189618243571363,47,1602484dedce8af4d410,2019-09-26,2,2019-09-25,2019
NQH9,opening_hour_rth,2019-02-14T10:30:00-05:00,2.049725651952599581563351141,1.052216386035443490833894279,1.981977466135624712818137083,9,16bfb73aa67e44c9d650,2019-02-14,2,2019-02-14,2019
NQU9,prior_rth,2019-06-18T16:00:00-04:00,2.560697765664042463885433834,0.8015416627297981051412795545,2.244225909569168029365208922,16,17cc5f893598a9db6b88,2019-06-19,2,2019-06-18,2019
NQZ9,opening_hour_rth,2019-10-07T10:30:00-04:00,2.007039052060448161692447468,1.199394317881889008971243766,1.862958425694242249166748452,12,17cfd82216f46fb99ccd,2019-10-07,2,2019-10-07,2019
NQH9,midnight,2019-01-09T09:30:00-05:00,2.470734560882714331830040251,0.935203146595602470074533327,2.116625942161634869511826798,9,182782f4c19f16636fda,2019-01-09,2,2019-01-09,2019
NQH9,prior_rth,2019-02-28T16:00:00-05:00,1.964237344758038336334871302,1.065048107663616779415755965,1.879544649477693037971930039,9,183d82a9c97140cf1f2c,2019-03-01,2,2019-02-28,2019
NQH9,midnight,2019-02-15T09:30:00-05:00,3.7707932436608521238224307,0.6085307623046036960320777225,2.567254964027472953031741408,23,18a9b7cc5bb16641d03a,2019-02-15,2,2019-02-15,2019
NQM9,prior_rth,2019-05-23T16:00:00-04:00,1.944148252628942288394598529,1.018150129413207449710242101,1.879366525897829976867132456,18,18f53b6e1f44a33b44b6,2019-05-24,2,2019-05-23,2019
NQM9,opening_hour_rth,2019-03-13T10:30:00-04:00,2.178131166487794332650013647,0.8856698918040334879752934096,2.031287927763895543352942699,6,19041a32693d8d1ed503,2019-03-13,2,2019-03-13,2019
NQZ9,opening_hour_rth,2019-10-10T10:30:00-04:00,3.147445119981976867978904433,0.6509785112728407094260284285,2.833271534524030233401251602,11,19145395c30efb6e32e3,2019-10-10,2,2019-10-10,2019
NQH0,prior_rth,2019-12-20T16:00:00-05:00,2.639892636963061716555032112,1.00318745811013586309160181,1.964348909908589045278798997,7,191738c8bfb395f8f072,2019-12-23,2,2019-12-20,2019
NQM9,opening_hour_rth,2019-06-13T10:30:00-04:00,2.116232620407651005706971964,0.806127485116143596513876115,1.85541737650516750322411064,10,19af9dedca96d26a5349,2019-06-13,2,2019-06-13,2019
NQZ9,full_overnight,2019-09-20T09:30:00-04:00,2.711720784920773798521625327,0.808607634634523307728568461,2.436043516549874335737126392,9,1b35cf6d8976c375adfa,2019-09-20,2,2019-09-20,2019
NQM9,midnight,2019-03-26T09:30:00-04:00,1.951673172951809658263344888,0.989714618975691145561777712,1.735358272151694551848974187,17,1b5a46009f49e2e55c48,2019-03-26,2,2019-03-26,2019
NQM9,prior_rth,2019-06-05T16:00:00-04:00,2.992920591682632162888870647,0.7110565116495867470745836623,2.724083462229522885360762529,22,1b6392e6811dff8ca4da,2019-06-06,2,2019-06-05,2019
NQZ9,prior_rth,2019-10-28T16:00:00-04:00,2.821867524744373992447919944,0.8930448395262429886716955135,2.2742839310849940442427624,15,1bb7df64733555a5191a,2019-10-29,2,2019-10-28,2019
NQH0,opening_hour_rth,2019-12-19T10:30:00-05:00,3.304746463321489476017233351,0.3947138168965466829182776872,3.000892262488770389562847909,2,1bc36142442f9110c1c5,2019-12-19,2,2019-12-19,2019
NQM9,full_overnight,2019-05-06T09:30:00-04:00,3.55449266905837014780918633,0.4120656238252099852280063366,3.224635222006454010745025842,23,1ceac1b7b653050c7565,2019-05-06,2,2019-05-06,2019
NQM9,midnight,2019-05-14T09:30:00-04:00,2.364845571367918984117800522,0.9548717860549371806684951005,2.033738326042827251554202673,12,1d0ab723407714b5c389,2019-05-14,2,2019-05-14,2019
NQH9,prior_rth,2019-01-03T16:00:00-05:00,2.052486739035694085174071131,1.111296988722525757423634378,1.917571231966741169828935311,39,1d0be41b38247483193b,2019-01-04,2,2019-01-03,2019
NQZ9,midnight,2019-12-04T09:30:00-05:00,4.019468669588793675170593347,0.6760919534519995079351583993,3.334258270706592559490835938,21,1d54525980364276953c,2019-12-04,2,2019-12-04,2019
NQZ9,full_overnight,2019-11-26T09:30:00-05:00,3.910477872080572849641655048,0.4991302706626679646859117028,3.169269864038549102334327438,13,1d6cc712855c379c266c,2019-11-26,2,2019-11-26,2019
NQH9,midnight,2019-02-26T09:30:00-05:00,2.104708863827231021733468613,0.9838903374230605579049708259,2.036847043489655555032070756,8,1dabeeafa522a326ee67,2019-02-26,2,2019-02-26,2019
NQZ9,prior_rth,2019-10-03T16:00:00-04:00,3.045597115914489939841656733,0.862888820500726024140978648,2.188772598119246129738962653,47,1e30b43e8d8d6ddfec4d,2019-10-04,2,2019-10-03,2019
NQH9,prior_rth,2019-03-06T16:00:00-05:00,2.875032688991730627451985313,0.734988987426836792203007933,2.565157012544159687327852371,18,1e887f5e5744c80e7361,2019-03-07,2,2019-03-06,2019
NQZ9,midnight,2019-10-23T09:30:00-04:00,2.187233534248936156823165973,0.9492746931615370045432838679,2.025610434447491340575219936,11,1e92fb302a00e21a9eb8,2019-10-23,2,2019-10-23,2019
NQZ9,full_overnight,2019-12-09T09:30:00-05:00,4.040459447157579950349740579,0.3312899224773229696144498712,3.355893248414524646845361262,8,1ea80a5a367faa645be2,2019-12-09,2,2019-12-09,2019
NQU9,midnight,2019-06-19T09:30:00-04:00,2.999531088782786364606381764,0.8096530948758006015219930705,2.715396474779562249598192469,3,1eb24d573f0189ed7287,2019-06-19,2,2019-06-19,2019
NQM9,full_overnight,2019-06-03T09:30:00-04:00,2.476413061763570682067259624,0.6894648347360715588165375508,2.126005751118745832267214128,16,1ee2225cfd5b7a2fa134,2019-06-03,2,2019-06-03,2019
NQM9,opening_hour_rth,2019-03-18T10:30:00-04:00,2.628294634045828640928440726,0.812505802944866853540029951,2.402142625049709279720590622,9,1f10a00ab4eedb8db9a4,2019-03-18,2,2019-03-18,2019
NQM9,midnight,2019-06-04T09:30:00-04:00,2.515796911881317257946034273,0.8155838314332796711585869514,2.149731189081157986001823293,21,1f438895fd987e637d2e,2019-06-04,2,2019-06-04,2019
NQM9,opening_hour_rth,2019-06-03T10:30:00-04:00,2.919658687524363375304765078,0.7613331772009788266700076385,2.35965698560879206726340504,20,1ff6e46a3b2a11278db3,2019-06-03,2,2019-06-03,2019
NQZ9,midnight,2019-10-14T09:30:00-04:00,2.599158381314267854870802141,0.9573552762361928947545770845,2.204531273029669147784364051,23,2024a9ef99e83a80964c,2019-10-14,2,2019-10-14,2019
NQZ9,midnight,2019-12-09T09:30:00-05:00,2.181612686241649344335502148,0.9647435549979411506646067953,2.046368939466074470105580941,3,206aa8d2ac65ba2a2c1b,2019-12-09,2,2019-12-09,2019
NQH9,midnight,2019-02-12T09:30:00-05:00,2.638482538558150354364535066,0.8733213354018867924428537976,2.394533067018151137834447359,6,206e58a4ed8e8f8d2313,2019-02-12,2,2019-02-12,2019
NQU9,full_overnight,2019-08-27T09:30:00-04:00,2.415634714517681447520139951,0.9556398753934572574611115257,2.026862139122100563365451738,24,209bc4e48ac80dd3cd13,2019-08-27,2,2019-08-27,2019
NQM9,midnight,2019-03-19T09:30:00-04:00,2.261660318317399924686621008,0.8282967116578694496191668695,2.143841736551540973989349724,9,213c3057b52eb820df4a,2019-03-19,2,2019-03-19,2019
NQU9,midnight,2019-06-28T09:30:00-04:00,2.876355783422274668117171842,0.638185012213115552553912407,2.622576498522206826453516368,10,219ad91463cfac229129,2019-06-28,2,2019-06-28,2019
NQZ9,midnight,2019-11-15T09:30:00-05:00,4.915959779397782505255631784,0.7550588619924040082932788424,3.634656426600697693098493148,7,2266baf14bfc321afd0d,2019-11-15,2,2019-11-15,2019
NQZ9,prior_rth,2019-10-25T16:00:00-04:00,5.28676914610178146229415709,0.6551340236091888750910658919,3.936873993266894882303947958,26,2271305e6229c0c20e1d,2019-10-28,2,2019-10-25,2019
NQH9,opening_hour_rth,2019-03-07T10:30:00-05:00,2.863778655060310812814549251,0.7576271873020453776056923382,2.708202924809760009251955363,19,22f437d620e4605630f8,2019-03-07,2,2019-03-07,2019
NQM9,midnight,2019-04-18T09:30:00-04:00,2.993242518042934438506613444,0.8782822277027499476404980801,2.37417682621366147148090196,12,233c37db56abf136f7a9,2019-04-18,2,2019-04-18,2019
NQU9,prior_rth,2019-09-10T16:00:00-04:00,2.586655125247291661987609738,0.979424476974952334666632165,2.307715609461500479129228414,23,248ad84e04b4bd313865,2019-09-11,2,2019-09-10,2019
NQU9,midnight,2019-07-09T09:30:00-04:00,1.738561255641239006022539839,1.081459808192452897451914984,1.625194355388914171223773923,11,24a1447363523bc69f3b,2019-07-09,2,2019-07-09,2019
NQZ9,opening_hour_rth,2019-12-03T10:30:00-05:00,2.342225797924908102617584764,0.801884570400141862377907791,2.132270646575117795740000058,12,24d82e9560cfdb6067ed,2019-12-03,2,2019-12-03,2019
NQU9,opening_hour_rth,2019-07-24T10:30:00-04:00,3.238446412786478860407166286,0.671454602202908909180220459,2.957696880230291522082626693,10,24ff543eb63c5c53280f,2019-07-24,2,2019-07-24,2019
NQH9,opening_hour_rth,2019-01-29T10:30:00-05:00,1.50507106149872014669127162,1.042832185368778506873699206,1.428881656730060752890897753,16,253d79832478ac8e51b6,2019-01-29,2,2019-01-29,2019
NQZ9,opening_hour_rth,2019-10-03T10:30:00-04:00,2.018408969062155790025891422,0.897766114688415739240411493,1.898440593483585267924472116,16,254a7c22374cbe95dab2,2019-10-03,2,2019-10-03,2019
NQU9,prior_rth,2019-07-24T16:00:00-04:00,3.442162490041709558681677762,0.4640886847548679959456141621,2.698598337197861784695236907,21,254cf2fba168caefaa24,2019-07-25,2,2019-07-24,2019
NQU9,prior_rth,2019-07-26T16:00:00-04:00,2.490833333920017085492138299,0.8480714712880864424863528785,2.340923559267196610768518103,12,256de6519ef09f6eb63b,2019-07-29,2,2019-07-26,2019
NQZ9,full_overnight,2019-09-19T09:30:00-04:00,2.770830335804827702459247434,0.8521481611240877984969747486,2.280131135043415644256356381,22,2589084012ad625188dd,2019-09-19,2,2019-09-19,2019
NQU9,midnight,2019-06-26T09:30:00-04:00,2.535026534508678138328755593,0.8162157009136268495475398184,2.196489759778326380963237563,27,25e123d95ea69a90d401,2019-06-26,2,2019-06-26,2019
NQH9,full_overnight,2019-02-14T09:30:00-05:00,3.231503082493839712301879352,0.854711434669390836051605116,2.505721389477036850430835804,21,264d9753f601c25897e0,2019-02-14,2,2019-02-14,2019
NQU9,prior_rth,2019-07-16T16:00:00-04:00,2.069374122159817283012400646,1.035477016921844459133068111,1.816412281741504640545244906,19,26dde35e0fda1d079ea9,2019-07-17,2,2019-07-16,2019
NQZ9,prior_rth,2019-09-16T16:00:00-04:00,2.636441370089543600285314187,0.952512558606634076703595931,2.405070973223349970286350626,7,26e20b4389e38fd77db9,2019-09-17,2,2019-09-16,2019
NQH0,full_overnight,2019-12-17T09:30:00-05:00,2.002210786026372978220247324,1.079439153900124322246080458,1.90377685577441794443177646,10,26e65c4baccca802e57d,2019-12-17,2,2019-12-17,2019
NQU9,prior_rth,2019-09-04T16:00:00-04:00,1.828606832697814165055455301,1.069513588846755758895955692,1.741796543998293022095015177,15,26f1e16c54f5fedd9bcd,2019-09-05,2,2019-09-04,2019
NQH9,prior_rth,2019-02-15T16:00:00-05:00,2.896296384789049012416952306,1.030258807014914598219970237,2.327334137038963379384888497,13,2760177f4d1875e3c34e,2019-02-19,2,2019-02-15,2019
NQZ9,prior_rth,2019-12-04T16:00:00-05:00,2.205014828103903601951447107,1.112221730970070703160680879,2.091224006140643656605932943,6,27674298d397efb8adc9,2019-12-05,2,2019-12-04,2019
NQU9,opening_hour_rth,2019-06-25T10:30:00-04:00,2.773454139165980318241210322,0.9373940334148494389806753305,2.119784790218147827906662083,13,278bb2a28867f87abd92,2019-06-25,2,2019-06-25,2019
NQU9,opening_hour_rth,2019-09-03T10:30:00-04:00,2.75277014405561602064161881,0.820574901618537094062273842,2.364828548158342842808062119,13,27d79768a03e722294b7,2019-09-03,2,2019-09-03,2019
NQZ9,midnight,2019-11-06T09:30:00-05:00,3.290604309084065235762931958,0.7650088270377672973705287855,2.683687783928404817636641452,7,27fb1fd5f23f34b2f742,2019-11-06,2,2019-11-06,2019
NQU9,midnight,2019-09-12T09:30:00-04:00,1.795071880922541224434401276,1.062954709735918278443624738,1.637207990288771425286424396,7,281bf7f8794797d19dc9,2019-09-12,2,2019-09-12,2019
NQM9,prior_rth,2019-05-28T16:00:00-04:00,2.437358510484583755102186114,0.8059862258296650842336217005,2.284050404180921875055719338,22,282178f670f078d58b79,2019-05-29,2,2019-05-28,2019
NQZ9,full_overnight,2019-12-10T09:30:00-05:00,3.336664993400692602661941229,0.688709385504251443577976245,2.935937238373059170841296411,23,282efbfefbc228706803,2019-12-10,2,2019-12-10,2019
NQH9,midnight,2019-02-08T09:30:00-05:00,2.569717564108949349464122446,0.9048404387504620601791457435,2.306551982830912788069348243,9,2859da40d56c14d768f1,2019-02-08,2,2019-02-08,2019
NQU9,full_overnight,2019-07-02T09:30:00-04:00,2.010249902859902890336818192,1.017499053681335487648296325,1.777839932956791572549358539,9,2864dda9f2c99e0a764e,2019-07-02,2,2019-07-02,2019
NQM9,opening_hour_rth,2019-05-24T10:30:00-04:00,2.377330180846692365174219457,0.662671015128174450262007249,2.307773875999570065324729821,6,286585c03afed08698ae,2019-05-24,2,2019-05-24,2019
NQH9,opening_hour_rth,2019-01-25T10:30:00-05:00,2.142222748188597176474089152,1.053258973923699771769951825,1.853437549094211900529713544,11,2897e3db8b24b8c3f41b,2019-01-25,2,2019-01-25,2019
NQU9,opening_hour_rth,2019-08-21T10:30:00-04:00,2.388148133996364671801422122,0.8404016957883145605843884414,1.958891244435243721827302637,9,293da2461a7af0a071f0,2019-08-21,2,2019-08-21,2019
NQM9,prior_rth,2019-04-16T16:00:00-04:00,3.648382934561405805786784699,0.5096858517036022292166317028,2.86900345393193460611400485,8,295c28ae0e686b0dca02,2019-04-17,2,2019-04-16,2019
NQM9,midnight,2019-03-15T09:30:00-04:00,2.055801551290886844722549582,0.8788225694140451985535779269,1.978366504673804248611090411,6,297fa34345a908ae1afb,2019-03-15,2,2019-03-15,2019
NQM9,prior_rth,2019-05-13T16:00:00-04:00,2.672493514170860051012971786,0.6369345117135244993694337962,2.48228164060867692901554217,26,29965f4b96c9d6de873f,2019-05-14,2,2019-05-13,2019
NQZ9,midnight,2019-11-12T09:30:00-05:00,2.799411443974424844867917449,0.7083569022477356760879921861,2.239906810608517663421331096,10,299b7c473afc59d88bdd,2019-11-12,2,2019-11-12,2019
NQM9,full_overnight,2019-06-07T09:30:00-04:00,3.416743951059290450680944838,0.5913587057792061092142824046,2.681128187026362898844667582,19,29b9b509c829bdad1330,2019-06-07,2,2019-06-07,2019
NQH9,full_overnight,2019-01-16T09:30:00-05:00,3.049978867399469156741549957,0.6935289481219477020755436625,2.874481453384975639490772828,6,29bb4996bf1cb2b14a02,2019-01-16,2,2019-01-16,2019
NQU9,full_overnight,2019-09-11T09:30:00-04:00,2.904633856950033570737467214,0.913411824759559954639589056,2.457416872883057788686395269,16,29c43aa1ea695f32fd3e,2019-09-11,2,2019-09-11,2019
NQM9,prior_rth,2019-03-22T16:00:00-04:00,3.757369020932191063994682258,0.8050325422948652585641981843,3.104422392481238465165373473,47,2a1e2d43e9842bf64cf0,2019-03-25,2,2019-03-22,2019
NQM9,opening_hour_rth,2019-04-18T10:30:00-04:00,2.265182027380999241794988824,0.880665876077520865396312793,2.137822291276658745886116836,11,2a50c59817dcf4c64dbd,2019-04-18,2,2019-04-18,2019
NQM9,midnight,2019-06-06T09:30:00-04:00,3.306047780839252992552626786,0.7009719153793479784062407425,2.854659440534657015979957716,12,2a5cc4835b438d7c40ff,2019-06-06,2,2019-06-06,2019
NQZ9,midnight,2019-10-08T09:30:00-04:00,4.154027814798699906507677411,0.565935421245816284119731226,3.598417120286073483557078459,28,2a65dd516393776ddb25,2019-10-08,2,2019-10-08,2019
NQZ9,midnight,2019-09-27T09:30:00-04:00,3.562279656247147380687313783,0.6202302139099854949838360295,2.816128481751293085882590781,19,2a6c8f00aaf5989d4d20,2019-09-27,2,2019-09-27,2019
NQZ9,midnight,2019-11-18T09:30:00-05:00,3.6872516583093301078183694,0.5865640174094006041847155523,2.855009641313487056734159939,11,2a9b308930ac57cab6bc,2019-11-18,2,2019-11-18,2019
NQZ9,full_overnight,2019-10-28T09:30:00-04:00,3.225786271807011746717435018,0.588146113935718202821950531,2.83623024706046404757261078,9,2aeb843eea8f9f45d835,2019-10-28,2,2019-10-28,2019
NQM9,prior_rth,2019-04-22T16:00:00-04:00,3.247765728784791833367551257,0.7704674458262672012946086113,2.89475489899591372320287472,21,2b24dd8a1884d59449f1,2019-04-23,2,2019-04-22,2019
NQM9,opening_hour_rth,2019-04-08T10:30:00-04:00,1.974915074711947239608437947,1.019164733812051149789755829,1.85929933350203331585568643,9,2b453fdac920a5cd50d0,2019-04-08,2,2019-04-08,2019
NQU9,opening_hour_rth,2019-08-05T10:30:00-04:00,2.712415268399887183876539927,0.8343840691640082060706567587,2.331504749539637238051265041,11,2b58beb16a5ab6a36665,2019-08-05,2,2019-08-05,2019
NQU9,midnight,2019-08-08T09:30:00-04:00,2.506214064917114153601814639,1.039236763586059759014980984,2.338961085012184162791359956,14,2ba9d769650ec33a240c,2019-08-08,2,2019-08-08,2019
NQM9,opening_hour_rth,2019-04-10T10:30:00-04:00,2.054072064981104625122296001,0.8230398299529413265432402163,2.009624221340047181077374382,4,2c4eed264ee3a191125a,2019-04-10,2,2019-04-10,2019
NQU9,opening_hour_rth,2019-08-01T10:30:00-04:00,3.142339336192405336748805621,0.6876175273926712195550150023,2.547983734296388451284274396,16,2c563a2cf6364f4e9f77,2019-08-01,2,2019-08-01,2019
NQH0,prior_rth,2019-12-17T16:00:00-05:00,3.401224783510207854928322801,0.4318436625377127798782839038,3.037517542790986623346668263,4,2c8a826248089645f60a,2019-12-18,2,2019-12-17,2019
NQU9,full_overnight,2019-08-12T09:30:00-04:00,2.723087374388776087956795274,0.945907268003306451701107878,2.002280304999657880088319362,34,2ca23c3f08d22a188c78,2019-08-12,2,2019-08-12,2019
NQH9,midnight,2019-02-14T09:30:00-05:00,4.651604401037050543593697713,0.619144154448336951124087472,3.60687406000216229822464857,20,2cbb2ab479b19fd7168c,2019-02-14,2,2019-02-14,2019
NQZ9,opening_hour_rth,2019-09-16T10:30:00-04:00,2.44618458033658172917036054,0.88501402972646973056561568,2.248882579747863551254441276,7,2d184b4b0f948e1f2d10,2019-09-16,2,2019-09-16,2019
NQZ9,opening_hour_rth,2019-11-13T10:30:00-05:00,2.345417772662112426098974886,0.909451482684086241929092725,2.015459837677227616986589642,10,2d1b78e305a53c8adcb7,2019-11-13,2,2019-11-13,2019
NQH9,opening_hour_rth,2019-03-05T10:30:00-05:00,2.027940626714741240696939038,1.110414626029627147375534711,1.890209466509042476130392194,12,2d443ff087ce9ac1cda6,2019-03-05,2,2019-03-05,2019
NQH9,prior_rth,2019-02-27T16:00:00-05:00,2.430378898117991693512427958,0.9432326366972421927791993771,2.079605566066159517679561673,26,2d44b5c8d87212ef19be,2019-02-28,2,2019-02-27,2019
NQM9,prior_rth,2019-03-21T16:00:00-04:00,3.539776515370481322290988731,0.6638337752050391900918137269,2.980032270129667118894167027,38,2d5683767bb77e63d7f2,2019-03-22,2,2019-03-21,2019
NQM9,opening_hour_rth,2019-04-22T10:30:00-04:00,2.252492516024589286444114233,1.001443815603929543384574924,1.825330502358005697067633609,12,2de75a9626c443bcc9bb,2019-04-22,2,2019-04-22,2019
NQM9,opening_hour_rth,2019-04-01T10:30:00-04:00,1.871803164325455443814056659,1.067875305647114306884279346,1.650333602466637430642707916,13,2e30534cd2c73e3ef699,2019-04-01,2,2019-04-01,2019
NQU9,opening_hour_rth,2019-07-10T10:30:00-04:00,2.544205137657039668981186416,0.941318368213737538961281494,2.213105619519751350199659053,12,2e850e05c5e103597359,2019-07-10,2,2019-07-10,2019
NQH9,prior_rth,2019-01-31T16:00:00-05:00,3.556612011697574047161459922,0.650840967393948256269981295,2.991186655247404479048045717,23,2ebce92ae79229e38102,2019-02-01,2,2019-01-31,2019
NQM9,prior_rth,2019-05-06T16:00:00-04:00,3.622686207256426032964586974,0.5158210239281922044488491115,3.010037078393461520737146392,29,2ed6262fa9bb3ebbdd82,2019-05-07,2,2019-05-06,2019
NQM9,full_overnight,2019-06-13T09:30:00-04:00,2.914212416081451182984676879,0.81482922862376046133393667,2.274262939023909042628465961,31,2ee666e88813903a19bb,2019-06-13,2,2019-06-13,2019
NQH9,full_overnight,2019-01-17T09:30:00-05:00,2.412154217161255124064722688,0.935644587230004241796165301,2.052075423908041641938795974,17,2f76272ee895569043a4,2019-01-17,2,2019-01-17,2019
NQU9,prior_rth,2019-08-29T16:00:00-04:00,3.699218712297438667320709937,0.522315561682920856447537903,3.106018620116468847626021473,12,302741edf45ec79dd1f9,2019-08-30,2,2019-08-29,2019
NQZ9,midnight,2019-11-26T09:30:00-05:00,2.502631046446034055270433054,0.6851934529996824308732314795,2.429091908462833610259998761,8,304397837f449ea8c3d8,2019-11-26,2,2019-11-26,2019
NQU9,midnight,2019-08-16T09:30:00-04:00,1.923455963415414823123714022,1.084405810421344239186730637,1.585420263867484922309026638,17,309dcd0720a714f85815,2019-08-16,2,2019-08-16,2019
NQZ9,prior_rth,2019-12-12T16:00:00-05:00,2.646046617149127343604058244,0.9824338492870566748826688885,2.186121796364616012861489114,28,31662180667809da2f89,2019-12-13,2,2019-12-12,2019
NQH9,prior_rth,2019-01-22T16:00:00-05:00,2.831728790319025480187414698,0.8234636511831102480996516007,2.443037185700863797501682331,33,31c34462775a5e6ff495,2019-01-23,2,2019-01-22,2019
NQM9,opening_hour_rth,2019-05-08T10:30:00-04:00,2.887040797317748866700936266,0.7143710307293326753442992885,2.60334801274234796474224987,10,324f8c9dc7a09c9da061,2019-05-08,2,2019-05-08,2019
NQU9,opening_hour_rth,2019-08-28T10:30:00-04:00,2.445213729832586124192817517,0.9108040104065219180037252475,2.255790982641020342530253487,12,326d4d661cc78853594e,2019-08-28,2,2019-08-28,2019
NQM9,full_overnight,2019-04-30T09:30:00-04:00,1.914018555104341379661665079,1.188408217702638331804871376,1.667943002734542395294685227,9,3272d12d00407b7aac52,2019-04-30,2,2019-04-30,2019
NQM9,full_overnight,2019-04-02T09:30:00-04:00,1.76279574874443284845136359,1.100636729960267859449361995,1.683018294649046848075293863,9,32c6b59c0024d31a2568,2019-04-02,2,2019-04-02,2019
NQZ9,midnight,2019-11-22T09:30:00-05:00,2.861061972055046550595436577,0.6561407860048263549759413643,2.494299620501177970000077927,8,333fa3f842ec6e2fdfb7,2019-11-22,2,2019-11-22,2019
NQU9,opening_hour_rth,2019-08-22T10:30:00-04:00,4.67533443436312813117425445,0.629131536106244738431498181,3.6694973349389481243808884,15,337c2c13cbe4f5722866,2019-08-22,2,2019-08-22,2019
NQZ9,full_overnight,2019-10-10T09:30:00-04:00,4.732096093491219251041864512,0.6458387191312699098310413702,3.727088385795530383994806704,26,33b480821e7b2249aca5,2019-10-10,2,2019-10-10,2019
NQH9,full_overnight,2019-01-25T09:30:00-05:00,3.580492495154291701720554806,0.640455940054695106391321069,2.99825634590243141898060829,26,34446f8e45eeece99564,2019-01-25,2,2019-01-25,2019
NQZ9,midnight,2019-12-06T09:30:00-05:00,5.203399344432754489730425154,0.4462346186196711299545920119,3.62349120023111080094475568,12,34522fd25bc87478ab69,2019-12-06,2,2019-12-06,2019
NQM9,opening_hour_rth,2019-03-27T10:30:00-04:00,1.856226710660605034276499747,1.141798906590851837041812657,1.7148923139432359277391892,9,346f255e63f5bc4ec9e5,2019-03-27,2,2019-03-27,2019
NQH9,opening_hour_rth,2019-01-10T10:30:00-05:00,2.302417648677662143029835154,0.7672439302934339808409363935,2.15979012580734744872759622,13,347ed91c8ab55051a882,2019-01-10,2,2019-01-10,2019
NQH9,full_overnight,2019-01-15T09:30:00-05:00,2.825392105429897817194906041,0.871564658469817656861779977,2.438206273721167471610304849,15,348abe9d63f012ac5cc4,2019-01-15,2,2019-01-15,2019
NQM9,full_overnight,2019-05-07T09:30:00-04:00,3.090990589445292914896275174,0.628904388679383977798801963,2.688081470211046191709864553,30,34aa83b1a7d8bf751b58,2019-05-07,2,2019-05-07,2019
NQH9,prior_rth,2019-02-05T16:00:00-05:00,2.340760664052134481947461769,0.7425351822318892061767261893,2.036512912872890599585642784,21,355fb27aefede6e5d1af,2019-02-06,2,2019-02-05,2019
NQM9,midnight,2019-04-08T09:30:00-04:00,2.803915400589056664497440213,0.771602025888028795979268669,2.675203270441428045601014284,3,35ab1703f7bfb17a00e2,2019-04-08,2,2019-04-08,2019
NQU9,prior_rth,2019-07-08T16:00:00-04:00,2.037929157893474243069979193,0.9823422832144618110863247489,1.881503857492399800329463024,9,3615b7fa5c79f0a6da11,2019-07-09,2,2019-07-08,2019
NQM9,midnight,2019-06-05T09:30:00-04:00,2.116489294777366570194433353,0.9186821884407148527499604873,1.941260038358353847683051033,21,381393f2be79d49b829e,2019-06-05,2,2019-06-05,2019
NQZ9,prior_rth,2019-10-11T16:00:00-04:00,2.647383589306585478195562154,0.772523512831382306860405108,2.266640220873883018331483311,16,38d15c020c2f68fe82c5,2019-10-14,2,2019-10-11,2019
NQU9,midnight,2019-08-28T09:30:00-04:00,2.377564918904963966868067309,0.9164315891131322465643487099,1.99059798386357330566384012,21,38d449454bc9651ef4c0,2019-08-28,2,2019-08-28,2019
NQM9,midnight,2019-04-04T09:30:00-04:00,2.940531509825287621864100647,0.6470165410685954775468914305,2.728922878386852643070150261,5,39775f059b922efc7973,2019-04-04,2,2019-04-04,2019
NQM9,full_overnight,2019-03-13T09:30:00-04:00,2.098750582122899410354781438,0.8683137973129387009599111175,1.908002255971220295243684947,17,39e6c9cd67ff6c09891a,2019-03-13,2,2019-03-13,2019
NQM9,full_overnight,2019-04-25T09:30:00-04:00,1.722104717133385734230725667,1.10445283687701477784126137,1.575524052715017950510059579,9,39f39263a8a004be5deb,2019-04-25,2,2019-04-25,2019
NQM9,prior_rth,2019-05-31T16:00:00-04:00,1.998333513964505175507666944,1.015640599122680630032317067,1.800025055011600381157289761,17,3a16bf3e2255a790ad8f,2019-06-03,2,2019-05-31,2019
NQH9,prior_rth,2019-01-10T16:00:00-05:00,2.272104921061002234495296979,0.847572220497484055723223399,1.947588184680318407987071718,39,3a671e7bbc1d0e4c6d99,2019-01-11,2,2019-01-10,2019
NQH9,prior_rth,2019-03-05T16:00:00-05:00,2.585967825848743547100656432,0.8538087322830539870683523084,2.26376891096145494410518285,18,3aa53503c3b27ef8941c,2019-03-06,2,2019-03-05,2019
NQM9,opening_hour_rth,2019-05-16T10:30:00-04:00,5.30327406725458254287931182,0.6435041888711849991476565975,3.356246189944656881352506688,15,3ac46a150a73d4dc6692,2019-05-16,2,2019-05-16,2019
NQZ9,full_overnight,2019-10-14T09:30:00-04:00,2.307539945976685916962754413,0.8885546151698612116065008213,1.947218617350428094841475923,23,3acc661ca0177e5158b6,2019-10-14,2,2019-10-14,2019
NQU9,opening_hour_rth,2019-07-17T10:30:00-04:00,2.060003930289581600302800758,1.003606927019402869699684228,1.805495419980558437869074537,5,3adfe5bbcf05c174f67d,2019-07-17,2,2019-07-17,2019
NQM9,opening_hour_rth,2019-04-09T10:30:00-04:00,2.751407655229102927706321279,0.8700280873184661003885378274,2.505671437209185795000198933,5,3b622134821070bfa513,2019-04-09,2,2019-04-09,2019
NQM9,prior_rth,2019-05-20T16:00:00-04:00,2.361880503281535376369579587,0.9004089942587399096880812282,2.129688004107148911236016668,20,3bafe96c0f0e25eb925e,2019-05-21,2,2019-05-20,2019
NQZ9,midnight,2019-11-14T09:30:00-05:00,2.26080574863464001450948163,1.107638869760012549295835799,1.932391189058192311582149439,11,3c00031f5a6a4aa13c16,2019-11-14,2,2019-11-14,2019
NQU9,prior_rth,2019-06-26T16:00:00-04:00,2.817951097199780128751903877,0.9254629106890498274706569695,2.231184947206990527431761991,17,3c2e86e70601c2801d5c,2019-06-27,2,2019-06-26,2019
NQH9,opening_hour_rth,2019-02-11T10:30:00-05:00,2.382741403581016182666202636,0.7966256742134131814724998718,2.213058822863194713179950346,9,3ca7f332ff0c526a278b,2019-02-11,2,2019-02-11,2019
NQH9,midnight,2019-01-16T09:30:00-05:00,2.657196960783714254560624546,0.9480635236300590429095003276,2.517509340917906567883147189,7,3d6d6d809928765d5a7f,2019-01-16,2,2019-01-16,2019
NQZ9,full_overnight,2019-10-23T09:30:00-04:00,2.637461160764694823913268089,0.9677536370229273285472818291,2.436260494200456728301296937,20,3d83d61d74d998e48024,2019-10-23,2,2019-10-23,2019
NQM9,midnight,2019-06-10T09:30:00-04:00,2.914605024023263778132876362,0.9038521839803778399646779238,2.694103215458106088460849329,9,3e4fc94b9f8b6920816c,2019-06-10,2,2019-06-10,2019
NQH9,midnight,2019-02-11T09:30:00-05:00,3.535243511161632302888758679,0.5322376829035087966235716414,2.930002348957135725036213938,22,3e8ef369c26c1b749d4a,2019-02-11,2,2019-02-11,2019
NQZ9,opening_hour_rth,2019-09-18T10:30:00-04:00,2.519758640997872949638181398,0.7262666706847251378653654775,2.36194939978390787386599903,3,3f1c83cdc5d6dd251950,2019-09-18,2,2019-09-18,2019
NQH9,prior_rth,2019-01-25T16:00:00-05:00,3.507758183528913896039270144,0.5646860526415845906409824075,2.659311476733771221148852567,18,3f79db08e6b187e96183,2019-01-28,2,2019-01-25,2019
NQH9,opening_hour_rth,2019-01-14T10:30:00-05:00,2.122605242672561550673899209,0.878782397777171465218265635,2.028585018504399754169016051,9,3f7ef1ad64b47a570a58,2019-01-14,2,2019-01-14,2019
NQU9,midnight,2019-06-21T09:30:00-04:00,2.788505235141167128452246921,0.6982718003893688748835662692,2.4934194042899230406831919,13,401a037b141cc8ddf57b,2019-06-21,2,2019-06-21,2019
NQM9,full_overnight,2019-06-06T09:30:00-04:00,3.468984462812862715366714318,0.6293834906902136451665716863,2.797605719322061109932847807,17,40601e4f653fb6bbe313,2019-06-06,2,2019-06-06,2019
NQU9,prior_rth,2019-09-13T16:00:00-04:00,2.418586083765943802209345854,0.8542069491809583253392065933,2.271981495497382303816858023,9,4122a4d398e29ea0a286,2019-09-16,2,2019-09-13,2019
NQZ9,opening_hour_rth,2019-11-08T10:30:00-05:00,2.528925527267198353597425478,0.9822643221109708053976643541,2.279718931336632701497477827,8,421b38e514b0f8719992,2019-11-08,2,2019-11-08,2019
NQH9,full_overnight,2019-02-08T09:30:00-05:00,3.959333618591123424707423269,0.6778435552456427834502402725,3.202451194690790398394731188,14,425b5a20ecf45054c198,2019-02-08,2,2019-02-08,2019
NQZ9,prior_rth,2019-11-07T16:00:00-05:00,3.582386725960989040202694903,0.6296635056802512366991923984,3.107957733462187710526699068,18,4260d383564fd4cc961f,2019-11-08,2,2019-11-07,2019
NQZ9,full_overnight,2019-10-15T09:30:00-04:00,3.829889042129394494402451011,0.9432350396786692819999299415,2.785028182847158836128092346,14,432571d7728f9b87e33b,2019-10-15,2,2019-10-15,2019
NQM9,opening_hour_rth,2019-05-01T10:30:00-04:00,2.37822055415548860939447892,0.7800499317908573062767559307,2.264861109529937091816336547,6,4362f30894bea65abd10,2019-05-01,2,2019-05-01,2019
NQU9,opening_hour_rth,2019-09-13T10:30:00-04:00,1.882559795579211859946899741,1.02238755577246027723014218,1.71983653762439306435809207,11,43a55c2f8f24c68a7ce4,2019-09-13,2,2019-09-13,2019
NQZ9,prior_rth,2019-09-18T16:00:00-04:00,4.775808318178544858431328298,0.807170746144627565612462475,2.935528347982784839449204682,20,44547a153f8d41a12bff,2019-09-19,2,2019-09-18,2019
NQU9,opening_hour_rth,2019-07-30T10:30:00-04:00,2.946635759665328134220413076,0.6577493452871966755666782605,2.658283885972347219048007766,8,4461ffac5c48afe2512b,2019-07-30,2,2019-07-30,2019
NQM9,prior_rth,2019-04-09T16:00:00-04:00,2.0331471890822994501397676,1.05415471452473590311128378,1.856218544245905431919734029,10,448186bd7b87bc2cd0cf,2019-04-10,2,2019-04-09,2019
NQH9,prior_rth,2019-01-02T16:00:00-05:00,2.569957056325641137060872176,0.8742563528063079269428357412,2.242075410053990686464770314,55,448f27e8b9dd32d8647d,2019-01-03,2,2019-01-02,2019
NQM9,opening_hour_rth,2019-05-23T10:30:00-04:00,1.998939414203898979155803141,1.035212662997790545405941435,1.858427315916860910598518996,9,45406fd53ef3d7b15416,2019-05-23,2,2019-05-23,2019
NQM9,opening_hour_rth,2019-04-03T10:30:00-04:00,2.002141885372274869657232302,0.9023295628825759838244688047,1.911440779730181012957296393,5,4546da75d235c0f428a1,2019-04-03,2,2019-04-03,2019
NQH9,midnight,2019-01-03T09:30:00-05:00,2.879831753609919371620140021,0.7601779834836050164381723333,2.666945902375244219709989661,24,458039a9051a0e8d9fe1,2019-01-03,2,2019-01-03,2019
NQU9,full_overnight,2019-08-21T09:30:00-04:00,3.712571246113949448401378898,0.6583407302698532238477649513,3.105675210858931553050952762,22,4588eb8215374e454fd6,2019-08-21,2,2019-08-21,2019
NQZ9,opening_hour_rth,2019-10-28T10:30:00-04:00,3.031952494105830823501424353,0.626693774311763134870431834,2.974216238045504602229121697,6,459b16b3c09a43df8d6f,2019-10-28,2,2019-10-28,2019
NQU9,full_overnight,2019-08-16T09:30:00-04:00,2.139801197940249930620806981,0.9874205647405476734156442627,1.8252500329173762446063585,30,45a18657d482fd9f93f9,2019-08-16,2,2019-08-16,2019
NQM9,full_overnight,2019-05-03T09:30:00-04:00,2.787396380786797857820331207,0.944894931550578038155209901,2.108545341729555363631029392,19,4614f113a6422c48de5c,2019-05-03,2,2019-05-03,2019
NQU9,full_overnight,2019-07-26T09:30:00-04:00,2.565443543342175253851986829,0.8543577660652751968688117631,2.072134914712147487672491227,9,46313714c2285bace5d7,2019-07-26,2,2019-07-26,2019
NQZ9,opening_hour_rth,2019-11-27T10:30:00-05:00,1.882619614435054479838200504,1.018525655688098372114588467,1.851292806745691898327804116,6,46a23d4be003b4ef452b,2019-11-27,2,2019-11-27,2019
NQZ9,midnight,2019-09-20T09:30:00-04:00,2.028185746750499199147316048,1.108703776482139703258254778,1.899830409408227350069274044,9,46a88873f048272aac67,2019-09-20,2,2019-09-20,2019
NQU9,prior_rth,2019-08-05T16:00:00-04:00,2.618069502620065891635442567,0.9907038656383441065960399035,2.015727891185170738940365297,47,46ffa5cc9f86a1004e43,2019-08-06,2,2019-08-05,2019
NQH9,full_overnight,2019-03-07T09:30:00-05:00,2.186535952692136828040399507,0.9289527058199520856695523909,1.909048183426119010989535914,14,47fa300cb84a63e45c54,2019-03-07,2,2019-03-07,2019
NQU9,opening_hour_rth,2019-08-19T10:30:00-04:00,2.499597592954859637732991956,0.8972952543909632401783146755,2.177722541066233789435138514,17,484aac2b60cee6f3f08b,2019-08-19,2,2019-08-19,2019
NQZ9,midnight,2019-11-20T09:30:00-05:00,2.86526034753832883518357546,1.04611622671107840932030254,2.248014346593428457749809884,7,488b044565010d021b27,2019-11-20,2,2019-11-20,2019
NQZ9,midnight,2019-12-11T09:30:00-05:00,2.412781779699238137441877769,0.9398320294191379239317693778,2.138999025657595204221041266,13,4900722e3454efa2b741,2019-12-11,2,2019-12-11,2019
NQU9,midnight,2019-08-12T09:30:00-04:00,3.79000727539411936884267174,0.734463435389919063840512112,2.786784219522301902183757818,36,4939be1dea43736302d1,2019-08-12,2,2019-08-12,2019
NQZ9,prior_rth,2019-11-01T16:00:00-04:00,3.70473206110885761325440147,0.8359225742708146910306786238,2.9614451398643284318665116,14,4976f21b828de39ef355,2019-11-04,2,2019-11-01,2019
NQH9,opening_hour_rth,2019-02-06T10:30:00-05:00,2.191126014805730674420102613,0.9693078403568486598086183745,2.025085256477939519764254136,13,49f02b505aef08b43f21,2019-02-06,2,2019-02-06,2019
NQM9,full_overnight,2019-03-27T09:30:00-04:00,2.2087433627960802685359173,0.978294442711609641495143024,2.010339042242858543732271263,11,4a5138660c923fc95502,2019-03-27,2,2019-03-27,2019
NQU9,midnight,2019-07-15T09:30:00-04:00,2.127636954128575027094091501,0.9784885874131867853658448841,1.894463440854855172984179726,7,4a7cb3d1eafd37461ace,2019-07-15,2,2019-07-15,2019
NQZ9,opening_hour_rth,2019-10-14T10:30:00-04:00,2.037133260331186545761459138,0.9675277136691810996845877251,1.906365353267538585945056691,11,4afef87e75113cfc088b,2019-10-14,2,2019-10-14,2019
NQM9,opening_hour_rth,2019-03-11T10:30:00-04:00,3.58845090828439280180787654,0.680194523373984757241412161,2.918548826370213319278535473,17,4b5302c1de7ffae28588,2019-03-11,2,2019-03-11,2019
NQZ9,opening_hour_rth,2019-09-30T10:30:00-04:00,2.455034201523480506302440948,0.8674929899170526820950404475,2.277823560954852822626481486,7,4b6eb781a53d7f11c259,2019-09-30,2,2019-09-30,2019
NQU9,midnight,2019-09-06T09:30:00-04:00,2.506493846473207286269100259,0.8885406900192599133421006494,2.36765303103001873752304113,11,4bbff8de55021d4e4688,2019-09-06,2,2019-09-06,2019
NQU9,full_overnight,2019-09-06T09:30:00-04:00,2.808933159650604954105115509,0.8387539425896147542210867412,2.366073559023170623553691822,12,4c341d06fc909ccf6544,2019-09-06,2,2019-09-06,2019
NQZ9,opening_hour_rth,2019-11-26T10:30:00-05:00,1.876359408766728899257196619,1.082742671952835420392554875,1.850049674021642051106091862,6,4cff69be921b2fa62318,2019-11-26,2,2019-11-26,2019
NQH9,full_overnight,2019-02-13T09:30:00-05:00,4.125415151615998741240394342,0.3581531620043679326938000692,3.366141043496882630684620907,17,4d0f4628cfb7bc951e3b,2019-02-13,2,2019-02-13,2019
NQM9,prior_rth,2019-06-13T16:00:00-04:00,2.364403576273314415414690933,0.8310557712616532871981932275,2.159749122280016873133356119,9,4d1875a95a73a3f1300c,2019-06-14,2,2019-06-13,2019
NQM9,midnight,2019-05-08T09:30:00-04:00,2.8065501769781023412997324,0.7018907194085839145184552155,2.447109113398445585981754671,28,4d2f55e60cfa3b35a665,2019-05-08,2,2019-05-08,2019
NQH0,full_overnight,2019-12-30T09:30:00-05:00,2.182600825397952404753229133,0.9290097834354717523799875395,1.990457798938576765610290212,12,4d4a0c21ce691a46d581,2019-12-30,2,2019-12-30,2019
NQH9,opening_hour_rth,2019-01-31T10:30:00-05:00,2.383109161464829161452269637,0.9379369280978327121310242647,2.144617331839323460875534793,11,4d66678100678f52931a,2019-01-31,2,2019-01-31,2019
NQH9,full_overnight,2019-02-01T09:30:00-05:00,3.203197542350057408645135101,0.817109702765423223002221667,2.80626133455996448097556269,11,4d7cce5e7f609e4e753b,2019-02-01,2,2019-02-01,2019
NQU9,prior_rth,2019-08-01T16:00:00-04:00,4.760619726308880788616309867,0.8236375860813279658008336767,2.19866512282318055942868253,51,4dccfe80b22701801a08,2019-08-02,2,2019-08-01,2019
NQU9,opening_hour_rth,2019-06-26T10:30:00-04:00,2.464931686193565389155067927,0.918282206160152408917683783,2.04930047671920139782950645,11,4e662c25492e13c3a9d0,2019-06-26,2,2019-06-26,2019
NQM9,opening_hour_rth,2019-05-21T10:30:00-04:00,1.825331645611686060279108557,0.9926740479095855140924311397,1.769272629840788999011209707,8,4ea088f3bbdb60da20ff,2019-05-21,2,2019-05-21,2019
NQZ9,opening_hour_rth,2019-12-10T10:30:00-05:00,3.47705740866113744805058021,0.716924738819911383472912142,3.195159537689760936591828023,11,4f292597a3ccb95ef7ee,2019-12-10,2,2019-12-10,2019
NQU9,prior_rth,2019-07-22T16:00:00-04:00,2.523744052121782776019830331,0.6461720759275842117420549617,2.262077829448442366754847579,15,505367eeb6e15c57d9cd,2019-07-23,2,2019-07-22,2019
NQZ9,opening_hour_rth,2019-09-23T10:30:00-04:00,2.564680507160174511667726194,0.8896722068002346691435896063,2.178308621322049947012987781,8,509bc46881b8a6b8eff4,2019-09-23,2,2019-09-23,2019
NQZ9,midnight,2019-11-19T09:30:00-05:00,4.323028563035960267772798622,0.6828050204491005716511999404,3.136300838960133633844449937,9,50c207421f9d12a4c7d4,2019-11-19,2,2019-11-19,2019
NQZ9,opening_hour_rth,2019-11-07T10:30:00-05:00,3.336420048340705759243687638,0.7425859930877969965555617695,2.980229791308677913703938319,5,50e135974f66938f5246,2019-11-07,2,2019-11-07,2019
NQZ9,full_overnight,2019-10-04T09:30:00-04:00,2.626714149129293299747462338,0.8291975062162331729643815013,2.354241551464055072440904542,19,512ec3c7c196c38caa84,2019-10-04,2,2019-10-04,2019
NQZ9,full_overnight,2019-11-27T09:30:00-05:00,1.99703207413104203579171832,0.8752123475619237767989904044,1.861230968570733695538135769,11,522086f071bdf0f45c75,2019-11-27,2,2019-11-27,2019
NQU9,prior_rth,2019-06-28T16:00:00-04:00,3.27240622730002634557001683,0.7812957096433107837732054749,3.007864577988193977906891801,5,5237569345f17260e4d1,2019-07-01,2,2019-06-28,2019
NQM9,opening_hour_rth,2019-04-11T10:30:00-04:00,2.506712295632594163940944451,0.8362718184901621381409811425,2.170076173163307620484027506,8,52402be088298f6da024,2019-04-11,2,2019-04-11,2019
NQM9,opening_hour_rth,2019-05-17T10:30:00-04:00,2.352276011954714166825687301,0.878856165999133190676395288,2.239107623966059355314065364,11,5245643c73b588449bd4,2019-05-17,2,2019-05-17,2019
NQZ9,prior_rth,2019-10-09T16:00:00-04:00,2.666589016493288163158252214,0.907726323918665130554636814,2.191713567956803838555454082,14,53600426f6b0be353e94,2019-10-10,2,2019-10-09,2019
NQH9,opening_hour_rth,2019-01-07T10:30:00-05:00,1.960703521614334076292249464,1.166091134896836696813696471,1.900846489045242525685295409,9,53b0b7be7f7916c52f9d,2019-01-07,2,2019-01-07,2019
NQU9,prior_rth,2019-08-07T16:00:00-04:00,2.383638838510564469338959468,0.96245607310294273492033264,2.090030546590998201603999991,49,540f0a16d5e6ba953787,2019-08-08,2,2019-08-07,2019
NQM9,opening_hour_rth,2019-03-20T10:30:00-04:00,2.413986875765393625998813911,0.9603505509013716316149653244,2.358510367653560051007685041,6,5427bc7379abfa0e68c9,2019-03-20,2,2019-03-20,2019
NQU9,opening_hour_rth,2019-09-06T10:30:00-04:00,2.040223952756728866484599876,1.068720170824691959446197943,1.924904410896375793799317911,8,542d5cbe27884ba75bae,2019-09-06,2,2019-09-06,2019
NQU9,opening_hour_rth,2019-07-15T10:30:00-04:00,1.905099694140957511015527673,1.026698118707154578151545125,1.827212522119603051690088577,6,54363ae133ba5b4b2b49,2019-07-15,2,2019-07-15,2019
NQH9,midnight,2019-02-25T09:30:00-05:00,2.165019806140007182629594142,0.8749257999153629356837188516,2.041079146849771084384724834,16,54754cba274f9b26b7d9,2019-02-25,2,2019-02-25,2019
NQZ9,midnight,2019-10-18T09:30:00-04:00,2.111648847785638179757286468,1.04486892824524263382147288,1.898492854780019571864047038,13,5484e9d74ff349b10b7c,2019-10-18,2,2019-10-18,2019
NQH0,midnight,2019-12-20T09:30:00-05:00,5.549110806661464731323322753,0.4863262664070495868394229718,3.98070503429991862289562943,14,54c534a94b3b3d47b6db,2019-12-20,2,2019-12-20,2019
NQH9,prior_rth,2019-01-30T16:00:00-05:00,3.166940864316030784195744667,0.674093029316767989363524359,2.514827233533897377414256863,31,550afe5bc0a2e159ad82,2019-01-31,2,2019-01-30,2019
NQM9,full_overnight,2019-05-13T09:30:00-04:00,3.666523033159553165559615282,0.6074083285698646186021279336,2.590283020978660562226065588,28,5510693327749c5947ef,2019-05-13,2,2019-05-13,2019
NQM9,midnight,2019-04-26T09:30:00-04:00,3.307824650310592455420984553,0.728494249130609249379174056,2.661788978161143329847473656,15,55329b93466b7a0da387,2019-04-26,2,2019-04-26,2019
NQZ9,midnight,2019-09-26T09:30:00-04:00,3.173584991477279700632152763,0.991445242149638175676820453,2.109134298167767074525658512,15,5572b25b4728ef072ac5,2019-09-26,2,2019-09-26,2019
NQU9,midnight,2019-08-05T09:30:00-04:00,1.746174124072295081422241223,1.029522485050270465796754098,1.594872070088438558931994616,25,55810226da70f6ec3f2a,2019-08-05,2,2019-08-05,2019
NQZ9,prior_rth,2019-10-10T16:00:00-04:00,3.226734280599602577976436564,0.58656557343476686649527467,2.805979339745137424882106671,20,558351b00d1036400a49,2019-10-11,2,2019-10-10,2019
NQU9,prior_rth,2019-08-30T16:00:00-04:00,4.083934648490464252903592277,0.6433302307189729815336923953,3.310421264868838203926648769,24,5610249356312d8cfedf,2019-09-03,2,2019-08-30,2019
NQH9,midnight,2019-02-13T09:30:00-05:00,2.309663491858400367727161764,0.8894308883252121564931729779,2.196683806760702405145506689,9,56781abc559369d1230d,2019-02-13,2,2019-02-13,2019
NQU9,opening_hour_rth,2019-08-16T10:30:00-04:00,3.077129230990029846797109529,0.6289249743652653195672650033,2.872240725651925974669153573,7,56bc7f14dc158e61fb8d,2019-08-16,2,2019-08-16,2019
NQZ9,opening_hour_rth,2019-11-14T10:30:00-05:00,2.553477378059260295511268613,0.917948113866580054939849482,2.260953894910747980704285046,8,56c9997a9d319fd38299,2019-11-14,2,2019-11-14,2019
NQZ9,midnight,2019-09-16T09:30:00-04:00,2.952907831664344356312161208,0.6242706330841912850442309745,2.264082172118231161726318207,14,5770173f25dc37aebeb0,2019-09-16,2,2019-09-16,2019
NQM9,opening_hour_rth,2019-06-07T10:30:00-04:00,4.478621447150911856299258884,0.5523473408116103931667461249,3.121832795849447999086448471,14,57af7edb697da11bae2f,2019-06-07,2,2019-06-07,2019
NQZ9,prior_rth,2019-11-20T16:00:00-05:00,3.286438232387319800272585241,0.971353664352882027055213209,2.274308933154472008844336618,23,57fcc686aca0a9c092e1,2019-11-21,2,2019-11-20,2019
NQH9,midnight,2019-01-08T09:30:00-05:00,1.71345163968208520799281227,1.021086281780887449111071333,1.534860495468816529939270853,22,5887d926089a26382632,2019-01-08,2,2019-01-08,2019
NQZ9,prior_rth,2019-11-25T16:00:00-05:00,7.713150726768367246556862342,0.348417215873675858089241542,5.235018724811130796094254934,14,588d233e2889b760c785,2019-11-26,2,2019-11-25,2019
NQZ9,full_overnight,2019-09-18T09:30:00-04:00,2.833581190364660970614253008,0.6168041524044090284331086145,2.510711839079163907260045609,8,58a3d1ad1af88a0194ff,2019-09-18,2,2019-09-18,2019
NQZ9,opening_hour_rth,2019-09-25T10:30:00-04:00,3.085335126341667174335726568,0.8323777451883520639796128235,2.715203214490809072301516337,14,58befefaee8f5684f60c,2019-09-25,2,2019-09-25,2019
NQU9,midnight,2019-09-04T09:30:00-04:00,3.230793227864302766834363742,0.89896633279519306642505789,2.394943309084061958736320953,23,5904edb3d80eac151180,2019-09-04,2,2019-09-04,2019
NQM9,prior_rth,2019-04-26T16:00:00-04:00,2.991074658631939015490027076,0.9202837479660296448798289117,2.750344818536795465106749473,26,59d2dd9d82b99bc2154e,2019-04-29,2,2019-04-26,2019
NQZ9,opening_hour_rth,2019-10-17T10:30:00-04:00,1.953101421052298770210653217,0.9050011692985727630011557799,1.910957615000579098500429454,9,5a6df9f32f55b16f5b6b,2019-10-17,2,2019-10-17,2019
NQZ9,full_overnight,2019-10-30T09:30:00-04:00,3.037917405982645965733859558,0.6980439467900242145724575965,2.520092548227953907211585912,8,5a7aac18ebbabae8b17f,2019-10-30,2,2019-10-30,2019
NQZ9,full_overnight,2019-11-22T09:30:00-05:00,4.266522861660045129021391729,0.4929970824013537500857991465,3.568860828288156157097403691,13,5aa9a35953d2ca2222be,2019-11-22,2,2019-11-22,2019
NQM9,prior_rth,2019-03-19T16:00:00-04:00,3.43968407749199147685522739,0.6233899284748655489635186485,2.649507256467561056538249252,14,5b098686730331bb0c67,2019-03-20,2,2019-03-19,2019
NQM9,midnight,2019-05-13T09:30:00-04:00,3.508620978248807836804550308,0.4891275576722607327930547992,2.779140942647579559595642216,26,5b3c6becd06309848b67,2019-05-13,2,2019-05-13,2019
NQM9,midnight,2019-05-02T09:30:00-04:00,2.250287346849456153132049544,1.013870437654704686383547939,1.835635298966357057199676748,10,5b91d349600de0db4a64,2019-05-02,2,2019-05-02,2019
NQU9,prior_rth,2019-07-01T16:00:00-04:00,2.573833001582133672465768928,0.9287627874815873460810605708,2.10815066666222960906348732,20,5ba0b27b9f655f0b68cd,2019-07-02,2,2019-07-01,2019
NQM9,opening_hour_rth,2019-03-19T10:30:00-04:00,1.678682485376282257160524382,1.197965371554874359125875424,1.667092958040048622902803598,6,5ba7fa4afcf7f62c2fd0,2019-03-19,2,2019-03-19,2019
NQH9,opening_hour_rth,2019-01-11T10:30:00-05:00,1.619242828574150710753265701,1.0289881033711538226903622,1.593364219833648968331370256,9,5bc6c242a1ef2ed7580f,2019-01-11,2,2019-01-11,2019
NQH9,midnight,2019-02-28T09:30:00-05:00,2.771963261580306255898161436,0.8357621314192096203171373026,2.356744038263019688877114129,12,5bd6ccb958397daea432,2019-02-28,2,2019-02-28,2019
NQM9,prior_rth,2019-04-18T16:00:00-04:00,2.408198769170914278874026783,0.8870320614742265109495061635,2.176897254661172927452021501,11,5c1ea564ca0858c9e997,2019-04-22,2,2019-04-18,2019
NQZ9,prior_rth,2019-10-04T16:00:00-04:00,2.726685161433722717323253409,0.9969511270735437869108067221,2.091948709624763570532408856,20,5c428e451de0d6610005,2019-10-07,2,2019-10-04,2019
NQU9,opening_hour_rth,2019-09-05T10:30:00-04:00,2.605749828404060051139338872,0.845734022977813190241734113,2.115323150034860382697502403,19,5ca78c879a9edc432280,2019-09-05,2,2019-09-05,2019
NQM9,prior_rth,2019-05-22T16:00:00-04:00,2.625440164085503093966164387,0.9346357773919012090499723898,2.552702584058285828027945352,11,5caec4629ad226e48d14,2019-05-23,2,2019-05-22,2019
NQZ9,prior_rth,2019-09-30T16:00:00-04:00,2.308593276259378927414689912,0.999467741007447288006728459,1.946666587738348618929853124,17,5e4e2fdc7beb916d5b9e,2019-10-01,2,2019-09-30,2019
NQU9,full_overnight,2019-08-13T09:30:00-04:00,2.295082015511067152081267928,0.83431349448415772926734601,2.092214217694115322693252077,19,5e7b42b2442cca537357,2019-08-13,2,2019-08-13,2019
NQU9,prior_rth,2019-07-10T16:00:00-04:00,3.055194467167978600478586229,0.6634523426575672425982190413,2.628249993572890538993004709,16,5ed60a2b1a5243f9386b,2019-07-11,2,2019-07-10,2019
NQU9,prior_rth,2019-06-24T16:00:00-04:00,2.111472307363103017612151786,1.040326125396657084113751346,2.053960645691784775266943629,3,5efbeebfd3a73bd66b8d,2019-06-25,2,2019-06-24,2019
NQH9,full_overnight,2019-01-07T09:30:00-05:00,2.689009057965594747634422993,0.7890348897976412102449972765,2.105695047569389550921912171,24,5f1a3c5fbcfffbcf16cb,2019-01-07,2,2019-01-07,2019
NQM9,opening_hour_rth,2019-04-23T10:30:00-04:00,2.746006024615120637292770659,0.8653177633174564012943513998,2.271831388855997075596444484,14,5f2e0f152ce7ff658b34,2019-04-23,2,2019-04-23,2019
NQZ9,opening_hour_rth,2019-12-11T10:30:00-05:00,2.502831527286706328175657657,0.860208310836648302449113165,2.205562328569675404209394278,9,5f9adac1dd3a9fd698c2,2019-12-11,2,2019-12-11,2019
NQM9,opening_hour_rth,2019-04-12T10:30:00-04:00,2.580633002022294221043457973,0.7048086810949867795379699974,2.491080171208075203833661336,1,5f9be2cce9404ef56c24,2019-04-12,2,2019-04-12,2019
NQU9,full_overnight,2019-09-04T09:30:00-04:00,3.576979847385607800121071203,0.92186132147764757619980287,2.419579227208314148280883486,35,602ca797fb8ba9c65420,2019-09-04,2,2019-09-04,2019
NQU9,opening_hour_rth,2019-06-20T10:30:00-04:00,2.552559378744716697897778883,0.6421154063756231564416893105,2.413156311177958154447187769,10,603e5c4c338faac7690b,2019-06-20,2,2019-06-20,2019
NQH9,full_overnight,2019-02-05T09:30:00-05:00,2.627775890860875952485118681,0.883743071701220113275563709,2.344847580848024258472073318,11,606371e3cc0a8c20eeef,2019-02-05,2,2019-02-05,2019
NQH0,opening_hour_rth,2019-12-20T10:30:00-05:00,2.525561535876048793769069824,0.8536357467149330767742010395,2.411408113521542493181824299,5,6091a06acd667873ff23,2019-12-20,2,2019-12-20,2019
NQM9,prior_rth,2019-04-10T16:00:00-04:00,1.967843935933300278067183099,0.9749598676289680149848404576,1.76764207633139500424034889,12,60a904bd83c4fcea3b48,2019-04-11,2,2019-04-10,2019
NQM9,full_overnight,2019-04-03T09:30:00-04:00,4.11405602262596960408820288,0.4986349405313853652114768671,3.758058314969252115963198782,17,60fc38ffee2084065665,2019-04-03,2,2019-04-03,2019
NQM9,opening_hour_rth,2019-04-04T10:30:00-04:00,3.30988064672694086551231727,0.8593107966701136547386074296,2.838447201018786675688231307,10,61d8316a248d3d1135bf,2019-04-04,2,2019-04-04,2019
NQZ9,midnight,2019-10-11T09:30:00-04:00,3.292233858517276242828676081,0.625357923782448509948636518,2.874312140314612254102009929,16,61ec98b3e4a470143a52,2019-10-11,2,2019-10-11,2019
NQU9,prior_rth,2019-08-16T16:00:00-04:00,2.995167588787579003024818148,0.7735704244919664743767767899,2.795130072851842908178720282,20,62762c5164acb83c40cd,2019-08-19,2,2019-08-16,2019
NQZ9,opening_hour_rth,2019-11-22T10:30:00-05:00,2.667586626870333222050417833,0.8936744091024725871809252609,2.554543819902100510890289393,4,62bf8b6d67758e47db55,2019-11-22,2,2019-11-22,2019
NQH9,full_overnight,2019-02-06T09:30:00-05:00,2.082645514335566405367893438,0.809289180823433513268480185,1.908631092579946829888541966,12,62e718b49b775c93d301,2019-02-06,2,2019-02-06,2019
NQH9,midnight,2019-02-20T09:30:00-05:00,2.418107807462303712319552102,1.115849189942970712700643634,1.981588427338117842141891714,7,638a39ec449fe8b83716,2019-02-20,2,2019-02-20,2019
NQM9,prior_rth,2019-05-03T16:00:00-04:00,2.307152188847173758186970457,0.9049915709687272120830408537,1.880761492395342557520787092,23,645ffeeaa167ac7091d4,2019-05-06,2,2019-05-03,2019
NQM9,opening_hour_rth,2019-04-05T10:30:00-04:00,1.884920510882994419415739091,1.083309663122295922923573076,1.81692147877643988003524758,6,648e5e608c8c5dd59afd,2019-04-05,2,2019-04-05,2019
NQU9,prior_rth,2019-07-29T16:00:00-04:00,2.51488914697732160247728804,1.054432942128317962962500457,2.30163919617865438935755555,16,649ec4199394e7a553f8,2019-07-30,2,2019-07-29,2019
NQM9,opening_hour_rth,2019-05-22T10:30:00-04:00,2.54639923093663464034894818,0.7939928845242226036273795595,2.338155692594231460303546136,10,65043c292ca8c9055965,2019-05-22,2,2019-05-22,2019
NQM9,midnight,2019-05-23T09:30:00-04:00,3.429305090659019671028997614,0.7087375766347919116082099016,2.770377443083187737266077519,27,65356d2133a6f89c9722,2019-05-23,2,2019-05-23,2019
NQM9,prior_rth,2019-03-26T16:00:00-04:00,2.033309210516589906712872057,0.9627241969571368393838821265,1.863340974553132884782998192,33,655de3d4c56d8e55c91c,2019-03-27,2,2019-03-26,2019
NQH9,prior_rth,2019-01-16T16:00:00-05:00,2.819772010252157069373507239,0.8312604908795355562346878847,2.524528850256306462158392718,13,657ac1c7a8eae92c7cbe,2019-01-17,2,2019-01-16,2019
NQM9,full_overnight,2019-05-29T09:30:00-04:00,4.45973829017047172421860258,0.7061846809840404755558650241,3.293299199734309325941150591,16,657d09d3c8d22f4cdffc,2019-05-29,2,2019-05-29,2019
NQU9,opening_hour_rth,2019-08-14T10:30:00-04:00,1.524737576082772596449594729,1.172126446160613190783587457,1.428545599105227250974703706,16,65853fb8873fc2b5ce2e,2019-08-14,2,2019-08-14,2019
NQU9,midnight,2019-08-20T09:30:00-04:00,2.836599617717376073949527752,0.6976200924868435269627824138,2.394867091854446864335605253,11,65b87c440785abca3d2b,2019-08-20,2,2019-08-20,2019
NQZ9,opening_hour_rth,2019-10-25T10:30:00-04:00,2.636610274750911362773323377,0.6474474185088211285559799634,2.382832064302007033138910768,13,666dd256c26b7189f555,2019-10-25,2,2019-10-25,2019
NQH9,midnight,2019-01-30T09:30:00-05:00,2.475687957686015272551605531,0.8743606691726737143686032546,2.105927936358490922338009673,14,67359fe3db842a887bf4,2019-01-30,2,2019-01-30,2019
NQH9,prior_rth,2019-02-11T16:00:00-05:00,2.854018715817685597338418013,0.7112171305313176903203684574,2.546507575864592530382071924,15,67375b73254e167cf789,2019-02-12,2,2019-02-11,2019
NQM9,midnight,2019-04-24T09:30:00-04:00,2.490357275642020962315654579,0.894138043651800718430435654,2.300897952424333021299796589,9,67518ad5148fd5676539,2019-04-24,2,2019-04-24,2019
NQM9,opening_hour_rth,2019-05-15T10:30:00-04:00,2.778780956239537078979128658,0.855924752106485551833353992,2.188222989682069856253240553,22,6778de38b78ca355562f,2019-05-15,2,2019-05-15,2019
NQU9,prior_rth,2019-08-19T16:00:00-04:00,3.156333737011746592923531733,0.5752828144451151249410917256,2.980141918357727228817518061,14,679f6b4f7c728b0c8e04,2019-08-20,2,2019-08-19,2019
NQU9,prior_rth,2019-08-08T16:00:00-04:00,3.505518980062220277969950969,0.8254732285888154805312146274,3.170384856969868038662929589,34,67c10b0fb63bcf41f595,2019-08-09,2,2019-08-08,2019
NQH9,prior_rth,2019-02-08T16:00:00-05:00,2.529969419212741324063816422,0.9019405434283982645337353966,2.275987683644570880115045106,16,681d8dd84d4ac49b168e,2019-02-11,2,2019-02-08,2019
NQU9,midnight,2019-09-05T09:30:00-04:00,2.604956662825113709102721641,0.7887447913513351235100438817,2.326677767309848372602451348,17,682169f597259163a3d5,2019-09-05,2,2019-09-05,2019
NQH9,prior_rth,2019-03-08T16:00:00-05:00,2.228316680072428380671160421,1.117420913793508260384130967,1.99724207607853389017185535,18,683cfb13042d73f4c990,2019-03-11,2,2019-03-08,2019
NQH0,opening_hour_rth,2019-12-30T10:30:00-05:00,3.969478995129070551571102911,0.581373784899620877024686639,2.726747379426880951121639226,19,69121598f4aa09d62a42,2019-12-30,2,2019-12-30,2019
NQZ9,full_overnight,2019-10-08T09:30:00-04:00,3.338606649595676886753479657,0.733183087279608212854874834,2.892060395697707587400465226,27,694461eaaceb99bff35c,2019-10-08,2,2019-10-08,2019
NQH0,midnight,2019-12-19T09:30:00-05:00,2.258663866683127358551525656,0.8507880799667896459340779874,2.210571622172200312107318244,4,6a18e1c4f495d75f7442,2019-12-19,2,2019-12-19,2019
NQH9,full_overnight,2019-01-18T09:30:00-05:00,4.683762403272075828163630669,0.5008918245912492239262938725,3.604036029458260505079794182,15,6a427d6782763aec3730,2019-01-18,2,2019-01-18,2019
NQU9,full_overnight,2019-08-28T09:30:00-04:00,2.841446715648967514639774997,0.8084387765248714256874777358,2.274150853540566172543478188,20,6adcf07ff33479a306fa,2019-08-28,2,2019-08-28,2019
NQH9,midnight,2019-01-10T09:30:00-05:00,3.24036190216736716607424557,0.6376443087403395424899878922,3.00840857810707908878881398,12,6afc985ccd62ebbf02b8,2019-01-10,2,2019-01-10,2019
NQM9,full_overnight,2019-05-23T09:30:00-04:00,4.059392383943932790276503488,0.6828030753968471396905035034,2.734902654612939936366852516,35,6b6c6d3de6b5df043d60,2019-05-23,2,2019-05-23,2019
NQM9,opening_hour_rth,2019-04-02T10:30:00-04:00,2.007301072460279571544211496,0.9031522608013526392556423545,1.968064860310949575877595856,7,6be54e3fc5a32cc47471,2019-04-02,2,2019-04-02,2019
NQM9,opening_hour_rth,2019-03-22T10:30:00-04:00,2.090580643281771951599874882,1.010516594601773537685336168,1.72193291893011987148126193,20,6c031c673cfb54abc0e1,2019-03-22,2,2019-03-22,2019
NQH9,prior_rth,2019-01-09T16:00:00-05:00,2.349869930800417611078706949,0.8834299197743219663384213138,2.16191889151005271313137769,21,6c7487b9e8c8cc532fc1,2019-01-10,2,2019-01-09,2019
NQH9,prior_rth,2019-02-01T16:00:00-05:00,1.726848623885255831266764396,1.016675840599769367857074972,1.489540883059238312481114922,17,6c85d1444b1568bdfa46,2019-02-04,2,2019-02-01,2019
NQZ9,prior_rth,2019-10-29T16:00:00-04:00,2.139228626004709100012317909,0.994862766133718287149735914,1.950815749182186817481935929,16,6cdd3c91ac34760f4b51,2019-10-30,2,2019-10-29,2019
NQH9,prior_rth,2019-02-04T16:00:00-05:00,4.947653368373401097827469816,0.6494101617446037349346469122,2.816031698484426890554170572,19,6d70f8c64c184c97881d,2019-02-05,2,2019-02-04,2019
NQZ9,full_overnight,2019-09-17T09:30:00-04:00,3.065062116797040962682694014,0.8612113208306102919585078721,2.561965028780783463918651783,13,6d8c9bff1f1d19e35abe,2019-09-17,2,2019-09-17,2019
NQM9,full_overnight,2019-03-19T09:30:00-04:00,3.487079507083119321116183273,0.813628641024003214513157666,2.656757138958551166364613626,10,6e1c7b13793bc3cf297b,2019-03-19,2,2019-03-19,2019
NQZ9,full_overnight,2019-12-02T09:30:00-05:00,3.272652721709029179939897938,0.6730282337598859113915225829,2.747512709859797657367911102,12,6e48456bec25eb9c421d,2019-12-02,2,2019-12-02,2019
NQZ9,prior_rth,2019-11-18T16:00:00-05:00,2.212047174562208786758496344,1.077250928961755607059242174,1.585242482412978249897912442,21,6e83da60cae789617a9b,2019-11-19,2,2019-11-18,2019
NQZ9,midnight,2019-10-03T09:30:00-04:00,2.142825993981892037660141592,1.054988187494085009980978698,1.721221896202827735005820138,15,6eb28b20ff7681085ff8,2019-10-03,2,2019-10-03,2019
NQH0,midnight,2019-12-23T09:30:00-05:00,2.415441057411889061088103598,1.003583402712503795872935485,1.992036698220789226817228111,9,6eda577a90715666817f,2019-12-23,2,2019-12-23,2019
NQZ9,midnight,2019-09-19T09:30:00-04:00,3.340418066171972890587454082,0.6312067856879091948378320147,2.587608224654358150050789102,21,6f805781f9087264c721,2019-09-19,2,2019-09-19,2019
NQZ9,prior_rth,2019-11-06T16:00:00-05:00,3.256532509312295960419676087,0.9514822384025530349340321269,2.886829034613948880635480332,11,6febcdfb0e2a6b0704a7,2019-11-07,2,2019-11-06,2019
NQH9,midnight,2019-03-07T09:30:00-05:00,2.499932963487202993546966286,0.8786654488595239158856193936,2.166885230090576570221308887,12,6ff4f7137f72730761ad,2019-03-07,2,2019-03-07,2019
NQZ9,prior_rth,2019-10-23T16:00:00-04:00,1.950552256282660266237164717,1.02006505333945902937735205,1.804680819014998148814473037,13,70389e34728de4daeae5,2019-10-24,2,2019-10-23,2019
NQM9,prior_rth,2019-06-12T16:00:00-04:00,2.537095886079893216412122287,0.787904544386771862294963784,2.42374200392007958219668951,13,70f7231fe8ce6f7bf357,2019-06-13,2,2019-06-12,2019
NQU9,opening_hour_rth,2019-08-30T10:30:00-04:00,2.81126763129034008447786895,0.8200752404991222778301265468,2.698262953520927539829536357,10,7123e75efaa38a534259,2019-08-30,2,2019-08-30,2019
NQZ9,opening_hour_rth,2019-10-11T10:30:00-04:00,2.43854296158564974921992802,0.8062328063364923496254004985,2.179123462350366026851654222,10,718cee0e7be3b718dbde,2019-10-11,2,2019-10-11,2019
NQU9,full_overnight,2019-07-01T09:30:00-04:00,3.357842561907885775807839234,0.8832629595180507764943260659,2.11837126645555840027349904,21,71dc9ac9f8d572e4c40f,2019-07-01,2,2019-07-01,2019
NQZ9,midnight,2019-10-25T09:30:00-04:00,2.77607469857231887100440066,0.7122005470281030079039186485,2.505681531679346786023765771,6,71facac37d67b58b9fef,2019-10-25,2,2019-10-25,2019
NQZ9,opening_hour_rth,2019-12-02T10:30:00-05:00,3.288913167671775084668151567,0.6739390973974848178209899904,2.384161288270465735759842544,18,72631ab0b35cbbdaaaab,2019-12-02,2,2019-12-02,2019
NQH9,opening_hour_rth,2019-02-20T10:30:00-05:00,2.193338241663965337831764109,1.009020798629993809738172808,2.121826816219347960501211993,3,73505371dd7efb26b422,2019-02-20,2,2019-02-20,2019
NQM9,midnight,2019-05-30T09:30:00-04:00,1.959829867766701711491562576,1.041462313866188136939159431,1.894156395454685730716612896,5,7398794d29a55ec2a47d,2019-05-30,2,2019-05-30,2019
NQH9,opening_hour_rth,2019-01-28T10:30:00-05:00,2.738230391377101660395239,0.7635760858183858582398877841,2.595949210499880825236964129,9,73bc227c29d192caea04,2019-01-28,2,2019-01-28,2019
NQU9,full_overnight,2019-06-20T09:30:00-04:00,3.302708047768271564597990547,0.7314978557201151592975868607,2.413257483017262071022838681,42,7402e44138a70f3020ad,2019-06-20,2,2019-06-20,2019
NQU9,midnight,2019-06-25T09:30:00-04:00,2.315307814024723128607176494,0.9571304459379209670779671055,2.152434407668856200257254839,11,742e80b4fafe9aceaa9f,2019-06-25,2,2019-06-25,2019
NQU9,prior_rth,2019-09-05T16:00:00-04:00,3.316238240260883739967190366,0.4565150525717983404858225682,3.069580394882141996559516678,19,745847ce6a81e0d95449,2019-09-06,2,2019-09-05,2019
NQM9,prior_rth,2019-04-15T16:00:00-04:00,2.580644888685005065440692093,0.9768325786542518598528316419,2.06869886200648472899440854,20,745d6dece889262f721f,2019-04-16,2,2019-04-15,2019
NQU9,prior_rth,2019-07-11T16:00:00-04:00,2.418111690733365297515297501,0.876674396722068254139939146,2.053677215271493433923147863,18,74c3420721e6edb5bb69,2019-07-12,2,2019-07-11,2019
NQH9,opening_hour_rth,2019-01-08T10:30:00-05:00,2.145314328124267398909718476,0.900268679338347098819078964,1.944633264166526173538238959,14,75f67d0688311528b1a3,2019-01-08,2,2019-01-08,2019
NQU9,prior_rth,2019-08-09T16:00:00-04:00,2.434086787741394825693945286,0.8688564444701687370160585961,2.07266988026553147363297298,35,76057265615182df68d0,2019-08-12,2,2019-08-09,2019
NQH9,full_overnight,2019-02-25T09:30:00-05:00,3.53324822571929018558315583,0.7158151160263303769517478864,2.539592192121089656376286737,14,76345939436028a07132,2019-02-25,2,2019-02-25,2019
NQZ9,opening_hour_rth,2019-10-08T10:30:00-04:00,2.188258201534150132833027532,0.9785361211799678585086764363,2.013585325472817235239446767,14,764af0b1d7d69f5cd02b,2019-10-08,2,2019-10-08,2019
NQZ9,prior_rth,2019-12-02T16:00:00-05:00,4.14769683274941055587903029,0.4874252248070448897548699487,3.003040893415156323799795944,27,772bac014f6cb12a01c4,2019-12-03,2,2019-12-02,2019
NQU9,midnight,2019-08-29T09:30:00-04:00,7.613026146510801583144867117,0.6111352448381502945098777814,3.312534229981101272970863262,27,774c0a98314d23b736cb,2019-08-29,2,2019-08-29,2019
NQH9,midnight,2019-03-04T09:30:00-05:00,2.075353981491922858725491614,1.215267678809465130704189,2.003362081234381786550766004,9,7805ebb7abd385099f3d,2019-03-04,2,2019-03-04,2019
NQZ9,midnight,2019-11-27T09:30:00-05:00,1.905057710822148395373148293,0.8422284002036884656747290811,1.778870546056595388817749404,6,7876255ab84af5050647,2019-11-27,2,2019-11-27,2019
NQM9,prior_rth,2019-04-01T16:00:00-04:00,2.876750469424729783135405711,0.984117036528992872958107765,2.037768263047012852989830589,15,78bc36a5956e05f6f9ad,2019-04-02,2,2019-04-01,2019
NQM9,midnight,2019-03-22T09:30:00-04:00,2.574225405842326787932713671,0.836320088953803191576359797,2.44329726772769253803348675,13,78ff3cfc087409ed06ba,2019-03-22,2,2019-03-22,2019
NQZ9,midnight,2019-10-02T09:30:00-04:00,3.741066913474001036969586862,0.6442252801857485963719693565,2.743884712271237550682424407,25,78ff5ff9ea72c1b99826,2019-10-02,2,2019-10-02,2019
NQM9,prior_rth,2019-03-15T16:00:00-04:00,3.203689714802227480314883421,0.958054611287876157572134405,2.643637924589281726325195649,17,799869e98a5b470439ec,2019-03-18,2,2019-03-15,2019
NQU9,midnight,2019-07-31T09:30:00-04:00,2.793216454644349351479826146,0.6849135403531239920269344045,2.72058817388185540448368039,5,7a022301129e406cdf66,2019-07-31,2,2019-07-31,2019
NQZ9,prior_rth,2019-09-19T16:00:00-04:00,2.812690736176466576657729987,0.9821448323257508868094194531,2.255065614954493561561154667,16,7a1ec2249358c269dd2b,2019-09-20,2,2019-09-19,2019
NQH9,midnight,2019-01-07T09:30:00-05:00,2.86255991188402883331121378,0.9069290756350868510966872638,2.228972612548541684000955573,16,7ae4e8e6fa2df217b9d7,2019-01-07,2,2019-01-07,2019
NQH9,full_overnight,2019-02-20T09:30:00-05:00,2.329191358646779158531422227,1.074845859163346268179751199,1.986039851748343152004652684,10,7b23a05c713d418e5f3e,2019-02-20,2,2019-02-20,2019
NQU9,midnight,2019-07-25T09:30:00-04:00,2.611029005881581852453466188,0.911865762554878111779604305,2.132360251438617379836278371,12,7b2654c425402875cc4f,2019-07-25,2,2019-07-25,2019
NQH9,full_overnight,2019-01-22T09:30:00-05:00,3.459273241228596554278204084,0.5887885765213250747142017335,2.787014256629169707036303449,17,7b26c9a0f1a92425cdf7,2019-01-22,2,2019-01-22,2019
NQM9,prior_rth,2019-03-18T16:00:00-04:00,2.43449399981242684521490158,1.001325436340367193689368906,2.143226729617848057700590231,15,7b39c7509a7066543541,2019-03-19,2,2019-03-18,2019
NQM9,midnight,2019-04-01T09:30:00-04:00,3.112226985093884376486132774,0.7509699743641054782015375555,2.86428679284604941904413751,7,7bb4bea3b83cde2e031a,2019-04-01,2,2019-04-01,2019
NQH0,prior_rth,2019-12-16T16:00:00-05:00,5.110342878695583442932637187,0.4496648326059276760564009666,3.7732666304422208838554376,12,7c17b8694d91ddb9a322,2019-12-17,2,2019-12-16,2019
NQU9,midnight,2019-09-03T09:30:00-04:00,2.260729214857350705835858743,0.9220286346555033222111367449,2.008418105000341114021345354,19,7c2c411cb90b0f7b5900,2019-09-03,2,2019-09-03,2019
NQZ9,prior_rth,2019-10-07T16:00:00-04:00,2.159774039019363499321351483,1.03708817627867394119997071,1.94042493939684842468192838,22,7c761367d5f8e83b3eb4,2019-10-08,2,2019-10-07,2019
NQU9,full_overnight,2019-08-14T09:30:00-04:00,2.968712518541797807633481781,0.7386139029367286283690815836,2.423638392784103132596909242,47,7ce22c86ae31bb056222,2019-08-14,2,2019-08-14,2019
NQH0,midnight,2019-12-27T09:30:00-05:00,2.540896034883022349316176542,0.871892448097007048226064477,2.120447302392089169476787354,6,7d2bca7ca7d14e1fedf6,2019-12-27,2,2019-12-27,2019
NQH9,full_overnight,2019-02-21T09:30:00-05:00,3.0217294611600899372944136,0.7746345503847557544792581564,2.445837258251736325901140573,17,7deb2cc3c002cf862300,2019-02-21,2,2019-02-21,2019
NQH9,opening_hour_rth,2019-01-09T10:30:00-05:00,2.009454395893179874271862237,0.8737101704636302021140163427,1.883414711336583664390293168,11,7e218ee42c509b11ef93,2019-01-09,2,2019-01-09,2019
NQM9,prior_rth,2019-04-25T16:00:00-04:00,3.59840841444812640395290646,0.7207170009156821214604569156,2.897067991524150267505398837,16,7e3218a8ac7ea1e44a9c,2019-04-26,2,2019-04-25,2019
NQU9,prior_rth,2019-06-19T16:00:00-04:00,3.297055756672005195839049798,0.8140818196404526638534944535,2.623746481991198826503205402,20,7f1d70f3ff6d4f86589c,2019-06-20,2,2019-06-19,2019
NQM9,opening_hour_rth,2019-05-31T10:30:00-04:00,1.960757837193968478366615549,1.08391424736031845615354072,1.795212383245696672975780443,8,7f32a9dd9e9d3a98ee77,2019-05-31,2,2019-05-31,2019
NQM9,opening_hour_rth,2019-06-05T10:30:00-04:00,2.001319909302638027745075908,1.027454263646982836860416678,1.816311903798434212299357627,16,7fa89eb38fdbe19e4f0f,2019-06-05,2,2019-06-05,2019
NQZ9,opening_hour_rth,2019-11-20T10:30:00-05:00,1.890016193133099721982303062,1.099896190759964634635422824,1.728865835567762045662675298,4,7fd6961b142db1114187,2019-11-20,2,2019-11-20,2019
NQM9,opening_hour_rth,2019-04-30T10:30:00-04:00,2.74379376366412911385546198,0.7966396265798973325354465814,2.547301394812832186944782139,7,7fe8f997d1e4ac5ee5e7,2019-04-30,2,2019-04-30,2019
NQH9,prior_rth,2019-02-26T16:00:00-05:00,2.883264582288971766743957147,0.752454826852609490198017821,2.476994846705804940014589312,17,803620f3bb4f3f4cb52d,2019-02-27,2,2019-02-26,2019
NQU9,midnight,2019-08-23T09:30:00-04:00,3.762409888941599014481185988,0.5839400646742545695756311556,2.752692533081237536697956977,22,805e171ed398327b06aa,2019-08-23,2,2019-08-23,2019
NQM9,opening_hour_rth,2019-06-14T10:30:00-04:00,1.620766522888600039322807256,1.109125449178306662262912769,1.513650309636019187760580462,6,8068e8db45317fae317a,2019-06-14,2,2019-06-14,2019
NQZ9,midnight,2019-12-05T09:30:00-05:00,2.648508645296233663157827372,0.8750943220195203849261788785,1.898113234403543341835267483,18,80c7ee704ec615e55919,2019-12-05,2,2019-12-05,2019
NQH0,opening_hour_rth,2019-12-18T10:30:00-05:00,2.109942483520245413436718408,0.9747918725272538900709213445,1.990863389355990596465675686,4,812647ec956a5b9f0624,2019-12-18,2,2019-12-18,2019
NQH9,opening_hour_rth,2019-02-15T10:30:00-05:00,2.582654737203854496735236446,0.7463808700101147801239361071,2.348302958161242112079484061,10,8198d11d99d8356428d8,2019-02-15,2,2019-02-15,2019
NQH9,opening_hour_rth,2019-03-01T10:30:00-05:00,3.421056902469395394954154178,0.6673854426167715626647364369,3.127408435273347438667808793,8,81c35edd1ce2984ff497,2019-03-01,2,2019-03-01,2019
NQZ9,opening_hour_rth,2019-09-26T10:30:00-04:00,2.929437846757020769643142459,0.5343580502892167223465567183,2.530117129199116675125249618,10,81e1bc7a70685b208915,2019-09-26,2,2019-09-26,2019
NQZ9,full_overnight,2019-10-16T09:30:00-04:00,2.86194342391848398460866643,0.8468176449413979755271553245,2.664346898323169244749600183,8,81eff032a52c2d30aad6,2019-10-16,2,2019-10-16,2019
NQZ9,opening_hour_rth,2019-10-01T10:30:00-04:00,2.054686024387989752633251686,0.926728153035105041753929346,1.874115745582869381594511188,23,825b4e37d9ad4cc00d08,2019-10-01,2,2019-10-01,2019
NQU9,opening_hour_rth,2019-06-17T10:30:00-04:00,3.185884874640088829050828417,0.8282658601511531199228396549,2.613299234662274933365151807,11,826a66a9024a6b490c6e,2019-06-17,2,2019-06-17,2019
NQM9,opening_hour_rth,2019-03-28T10:30:00-04:00,1.948675836963402551443082084,1.021366246001033932070361049,1.879611358130350863513740699,16,82c1c56a66996a586b6d,2019-03-28,2,2019-03-28,2019
NQM9,midnight,2019-03-18T09:30:00-04:00,2.564067110175622655634943634,0.5804891151548411902658064855,2.491135617276453923442371829,7,82ee03676e548b02c0ca,2019-03-18,2,2019-03-18,2019
NQM9,prior_rth,2019-06-06T16:00:00-04:00,3.196977639913463222999711487,0.6250641234790615612052990239,2.742092931408148719395732542,25,82f7e32b334851128bed,2019-06-07,2,2019-06-06,2019
NQU9,prior_rth,2019-07-31T16:00:00-04:00,6.770158213968189379430614779,0.6402482944276022965148201471,3.689206156491142255428192382,33,82faab9bb5a151437cbc,2019-08-01,2,2019-07-31,2019
NQZ9,opening_hour_rth,2019-11-06T10:30:00-05:00,3.029121050294962246757377396,0.5271046014210579308618400647,2.671852838551924160275654607,4,838792c30c8e11e6a789,2019-11-06,2,2019-11-06,2019
NQZ9,opening_hour_rth,2019-09-17T10:30:00-04:00,2.130178664228251892787634336,1.058899972480763795888245208,1.953639933205341186604100577,8,839c9ff1859e733a99e3,2019-09-17,2,2019-09-17,2019
NQM9,midnight,2019-04-25T09:30:00-04:00,1.825664107893377484727821417,1.024836848744861690429509258,1.680922698206028812735221538,10,83a75835b20a9382a479,2019-04-25,2,2019-04-25,2019
NQU9,midnight,2019-08-02T09:30:00-04:00,2.717367293620289341585314763,0.9158324771031392478784580225,2.294931260955171413946185534,22,83c700743904299140fc,2019-08-02,2,2019-08-02,2019
NQU9,full_overnight,2019-08-15T09:30:00-04:00,4.193368332801192331925467279,0.6410521880907978037128174995,2.98847201763539285746197191,46,84102c9422caaaabc909,2019-08-15,2,2019-08-15,2019
NQM9,opening_hour_rth,2019-04-26T10:30:00-04:00,3.042096635831371045496262053,0.8147064621008795899833688925,2.610112262397921559051092702,15,845835616589e96d0ea1,2019-04-26,2,2019-04-26,2019
NQM9,prior_rth,2019-03-27T16:00:00-04:00,2.451726334679591002295718258,0.9427403180946213798459984461,2.133108121391271118363806641,41,846040057c2418291870,2019-03-28,2,2019-03-27,2019
NQH9,midnight,2019-01-14T09:30:00-05:00,2.334409614629445215802378387,0.818732316527794306557490133,2.164040078789037634428620484,13,846148f7699d3ec4eadc,2019-01-14,2,2019-01-14,2019
NQM9,prior_rth,2019-03-29T16:00:00-04:00,2.67754435528553992314230983,0.7061319564750994678693491435,2.556426033360407453230379818,11,849712fc66edc9961f37,2019-04-01,2,2019-03-29,2019
NQM9,midnight,2019-03-28T09:30:00-04:00,2.373127139131902138261945313,0.8967601303299689855238726285,2.124501812027135332134039447,12,854518816b8dedf321d9,2019-03-28,2,2019-03-28,2019
NQM9,prior_rth,2019-04-05T16:00:00-04:00,3.340741650704518399369156574,0.657230002033258655962523964,2.930635308787719728484303593,3,858b16ee7c9124416ffd,2019-04-08,2,2019-04-05,2019
NQM9,prior_rth,2019-06-14T16:00:00-04:00,2.475000491655498273104679783,1.06309966214076654466758799,2.261752791197889186965907178,15,858eb0baab816319b8b8,2019-06-17,2,2019-06-14,2019
NQM9,prior_rth,2019-05-09T16:00:00-04:00,2.190948290842725028871523243,0.8741313293922040694576265533,2.034466276023254674395160717,36,85d389e8fccb78e938a5,2019-05-10,2,2019-05-09,2019
NQM9,midnight,2019-06-07T09:30:00-04:00,3.299705622663463607040913656,0.7665938925593917819771788372,2.717629700580082377774102452,11,85f146e66e92ea18a178,2019-06-07,2,2019-06-07,2019
NQZ9,full_overnight,2019-12-03T09:30:00-05:00,4.770055849266640701076233709,0.741757217824841266610075058,2.697315591135222086254054774,39,86258e18ac5a51bedbd9,2019-12-03,2,2019-12-03,2019
NQM9,full_overnight,2019-04-18T09:30:00-04:00,2.491875771439011163737863542,0.8876177795884070385322024529,2.30657229822142894315253842,14,862da6fc3754246fccf7,2019-04-18,2,2019-04-18,2019
NQM9,prior_rth,2019-04-23T16:00:00-04:00,5.793375374544042645062682527,0.6280916431332783878877063408,2.556066769099665882499409031,26,8697b3336f8bd8e5df8a,2019-04-24,2,2019-04-23,2019
NQM9,full_overnight,2019-05-21T09:30:00-04:00,2.822486380012568227909129961,0.965198531248144667531695867,2.096414473904089285061156537,20,86ade12d2263c2cd5992,2019-05-21,2,2019-05-21,2019
NQZ9,prior_rth,2019-12-11T16:00:00-05:00,2.112548888401454524001269863,1.032561396812862859143079967,1.839634990376927140632689132,17,874e0aa9a73ce8a7e115,2019-12-12,2,2019-12-11,2019
NQM9,midnight,2019-03-13T09:30:00-04:00,2.878103817525187013183289606,0.936232548946779194986278691,2.182971001798235998313067563,11,876291b359d28d0a05f9,2019-03-13,2,2019-03-13,2019
NQU9,full_overnight,2019-07-23T09:30:00-04:00,2.39982671879198083983501752,0.9877075652331387977093938755,2.185644962078349287483259021,12,8793820458c41753f43f,2019-07-23,2,2019-07-23,2019
NQH9,opening_hour_rth,2019-01-16T10:30:00-05:00,3.982780591863741205926170571,0.674003125452916721991131124,3.409150104910797561662273853,7,87bf22487d8a35264d13,2019-01-16,2,2019-01-16,2019
NQM9,full_overnight,2019-05-02T09:30:00-04:00,3.421579138707360315777265163,0.5988465893439291673192527185,3.127279860582676804408853201,20,88ab654a6c38719c65c2,2019-05-02,2,2019-05-02,2019
NQZ9,prior_rth,2019-11-14T16:00:00-05:00,2.455990783381015530590989294,0.7407452537493182001823353201,2.263234733426383807872887562,15,88d9473f10032b6dc6ec,2019-11-15,2,2019-11-14,2019
NQU9,midnight,2019-08-22T09:30:00-04:00,2.94103293095082216151614358,0.754632382305136114728805451,2.255082854185860172935086567,18,88f287a8c7cf18f05b3d,2019-08-22,2,2019-08-22,2019
NQZ9,opening_hour_rth,2019-09-27T10:30:00-04:00,3.605472170163515174753175846,0.7328948243126274685360100429,3.045878307566256508989937836,16,88ffa00fb76199ee6841,2019-09-27,2,2019-09-27,2019
NQH9,prior_rth,2019-02-21T16:00:00-05:00,2.426547881557326164910584444,0.9267029596865153064197560855,2.222782700989253686658387606,18,8942aa655277b799a8c7,2019-02-22,2,2019-02-21,2019
NQZ9,full_overnight,2019-09-26T09:30:00-04:00,3.1803753032068626153807049,0.933943382063177405524895007,2.6431934181119404153194875,11,89466ce4672ddf846e60,2019-09-26,2,2019-09-26,2019
NQU9,full_overnight,2019-06-19T09:30:00-04:00,3.234987176380940133131417248,0.6533768050088401369379147365,3.024556619742614322296137811,5,8988e7d27a9505398972,2019-06-19,2,2019-06-19,2019
NQU9,opening_hour_rth,2019-06-18T10:30:00-04:00,5.124783524261526220682738921,0.4740569089303322827248838873,4.052746689798554870491847978,6,89b5731246cab965d601,2019-06-18,2,2019-06-18,2019
NQZ9,full_overnight,2019-10-21T09:30:00-04:00,5.94501833795398193007658963,0.552461361366727799061665555,3.895318085073512489642567984,14,89dc5793cf24f28c67b0,2019-10-21,2,2019-10-21,2019
NQM9,prior_rth,2019-06-10T16:00:00-04:00,2.403959097690225542380514262,0.9058955950453176181572917645,2.08338087346945407071375791,28,89fb1eeeb7b06c16e69a,2019-06-11,2,2019-06-10,2019
NQM9,full_overnight,2019-03-15T09:30:00-04:00,2.670305143137698382421028433,0.6947564328094945294550255035,2.565951571938013809708578188,13,89fc17baa7ede165e4c2,2019-03-15,2,2019-03-15,2019
NQZ9,prior_rth,2019-09-27T16:00:00-04:00,2.492691581173860406137712224,0.8134584375516779814146893825,2.263727264619944131590225656,43,8a3d712cb05d7b60fb18,2019-09-30,2,2019-09-27,2019
NQU9,full_overnight,2019-09-10T09:30:00-04:00,2.60982522843609379077530275,0.9036375635619755650000405765,2.064811951351473209874684472,20,8a6124c3a1d7022a8316,2019-09-10,2,2019-09-10,2019
NQM9,prior_rth,2019-05-10T16:00:00-04:00,2.306919883234299194427357052,0.9303056503013299235105371237,1.968468299874990792873398657,55,8ad724d50e2341c9f061,2019-05-13,2,2019-05-10,2019
NQZ9,prior_rth,2019-12-09T16:00:00-05:00,2.445445967457990518012015981,0.9553264397344470742060650015,2.066393624086265784773708251,19,8b1ee3ef04df485fd87e,2019-12-10,2,2019-12-09,2019
NQU9,prior_rth,2019-09-03T16:00:00-04:00,2.185496307398813019180004293,0.918873551964799961448173942,1.929776689950671257744933516,23,8ba0a09a6fdb69218df3,2019-09-04,2,2019-09-03,2019
NQM9,prior_rth,2019-05-08T16:00:00-04:00,2.863615209478850490261200388,0.903683735218632104761389662,2.267421620568038382606822093,19,8bdf4781d229f7bbeb8e,2019-05-09,2,2019-05-08,2019
NQZ9,prior_rth,2019-10-24T16:00:00-04:00,2.566824050555676807677069724,0.8370103700758711038486787846,2.324853828159960938033689647,22,8be70d3689483a6c0807,2019-10-25,2,2019-10-24,2019
NQZ9,prior_rth,2019-11-05T16:00:00-05:00,2.883378703589998588905212627,0.939050335857158166035659783,2.166127579591363579034451937,9,8bebeb660deea8543d97,2019-11-06,2,2019-11-05,2019
NQM9,midnight,2019-05-15T09:30:00-04:00,1.976691881607854453602334426,0.958201569166047982024573746,1.713459609644593324810222912,27,8c0371c3b212714419ab,2019-05-15,2,2019-05-15,2019
NQZ9,full_overnight,2019-12-04T09:30:00-05:00,3.354462286504806689876146778,0.6812920202319419725884826624,2.664906983495462831653260609,21,8c34f970d449c55e4291,2019-12-04,2,2019-12-04,2019
NQU9,prior_rth,2019-07-09T16:00:00-04:00,3.22056691517346056652326488,0.8091521771680387563339975645,2.60602173347058339457323172,20,8c3f8d2c01495189e8b6,2019-07-10,2,2019-07-09,2019
NQU9,opening_hour_rth,2019-07-29T10:30:00-04:00,3.571436838040703727800646581,0.8427710466442224731887934915,1.927961777030512057060637874,16,8c65bf5e6296a8330bbf,2019-07-29,2,2019-07-29,2019
NQZ9,full_overnight,2019-10-11T09:30:00-04:00,2.891486655824089721695251211,0.824677302617754444940926046,2.485930910980030427328678438,20,8c7ead49df7d1b6bc223,2019-10-11,2,2019-10-11,2019
NQZ9,opening_hour_rth,2019-11-19T10:30:00-05:00,2.435655853556973829438780679,0.956963425535914384475687113,2.286498438531446459196439586,8,8cba83d25b13784ead3c,2019-11-19,2,2019-11-19,2019
NQU9,prior_rth,2019-09-12T16:00:00-04:00,2.869531173720471234058648216,0.8379624878431494711083421791,2.286474339748760228915177208,18,8d19b080209e937c4310,2019-09-13,2,2019-09-12,2019
NQZ9,opening_hour_rth,2019-12-06T10:30:00-05:00,1.95410309951406788185903572,1.070690638999710176582541365,1.86454222682724390336317473,7,8d7d80fda9fa31ec1a39,2019-12-06,2,2019-12-06,2019
NQU9,full_overnight,2019-08-20T09:30:00-04:00,2.63653965028901495897654317,0.864783085435068435652502844,2.369610681290091549210106069,14,8df9f83e4f3f6d858f53,2019-08-20,2,2019-08-20,2019
NQM9,opening_hour_rth,2019-06-11T10:30:00-04:00,2.569877076093422331269683446,0.733470050678825343971867718,2.393101262821660953114107148,9,8e12a01d58898a978262,2019-06-11,2,2019-06-11,2019
NQM9,prior_rth,2019-05-17T16:00:00-04:00,3.443892040740856035757372983,0.842113152724257081955422321,2.920727203948764493361376382,26,8e708d5a4f1701a7d126,2019-05-20,2,2019-05-17,2019
NQZ9,prior_rth,2019-11-19T16:00:00-05:00,2.903841283893234764156338546,0.5266532740107715322032611255,2.590953339785322957903116052,17,8ed6d5f287699f746ffd,2019-11-20,2,2019-11-19,2019
NQU9,midnight,2019-07-12T09:30:00-04:00,2.01875166461640050318363249,1.035023810542121865046000056,1.879243423235653149173522876,6,90161bb40f669f5e16d4,2019-07-12,2,2019-07-12,2019
NQM9,opening_hour_rth,2019-03-26T10:30:00-04:00,2.147178888890710327848517204,0.731642550154373173192112876,2.033152879870268125491460373,13,907790c0ebbf44587d4f,2019-03-26,2,2019-03-26,2019
NQU9,midnight,2019-06-27T09:30:00-04:00,2.587786624575720947600975452,1.091032314612298202764420317,2.07938854287596599876249297,16,9087fdbef81c0e5e7bff,2019-06-27,2,2019-06-27,2019
NQU9,midnight,2019-09-11T09:30:00-04:00,3.468035832335692326004637162,0.755085945829772817461500414,2.989519096159659658571797898,12,9092d8e84187b8ee41b8,2019-09-11,2,2019-09-11,2019
NQM9,prior_rth,2019-06-04T16:00:00-04:00,3.089018771852624492415763353,0.9009703025886219604112836955,2.281715336779628764820774786,40,90e8b5926d7dcf450dbc,2019-06-05,2,2019-06-04,2019
NQM9,midnight,2019-03-29T09:30:00-04:00,2.118676282451643815723718928,0.8704444637863798077405677675,1.962101418907501871237756762,13,912ecc2b0cce83edc4ea,2019-03-29,2,2019-03-29,2019
NQZ9,midnight,2019-09-23T09:30:00-04:00,3.17016308104691501096391083,0.890276016595253915089723677,2.601985177114723081756203618,18,91a6e456b73d622f7921,2019-09-23,2,2019-09-23,2019
NQM9,midnight,2019-06-03T09:30:00-04:00,2.045713750115594874525132498,0.8769747584457137193951510553,1.996319102932051425153514332,18,9241e29257df83601e2f,2019-06-03,2,2019-06-03,2019
NQH9,prior_rth,2019-01-11T16:00:00-05:00,2.199663595145326588318714302,0.8582589148191520670478061355,2.099579090994145593577698848,10,92bdb8f4d5d27005ce55,2019-01-14,2,2019-01-11,2019
NQM9,full_overnight,2019-03-25T09:30:00-04:00,3.245376480708158178970492482,0.813163370723339742834472454,2.94969129049434548415905124,29,92c0f3cd641c35108164,2019-03-25,2,2019-03-25,2019
NQZ9,opening_hour_rth,2019-12-09T10:30:00-05:00,4.412193193351286700848815449,0.5895883146025866200755161456,3.558400177436489557990064297,8,92c8f77fc69fab586b65,2019-12-09,2,2019-12-09,2019
NQH9,midnight,2019-02-01T09:30:00-05:00,2.645443537583316688826513369,0.798207212977975788437780043,2.439195140975172880014586136,10,92dc8d8ac21739a5cdc9,2019-02-01,2,2019-02-01,2019
NQM9,full_overnight,2019-05-22T09:30:00-04:00,2.283812795482126747186821218,1.077924783252106924534461366,1.998842134488941793882243762,21,92e781ffb7651d9e6f6c,2019-05-22,2,2019-05-22,2019
NQU9,opening_hour_rth,2019-08-15T10:30:00-04:00,2.773173309248870743697675344,0.623094223194160117001232957,2.560821722925592778608008164,8,92f0ae151cf362018a4c,2019-08-15,2,2019-08-15,2019
NQZ9,opening_hour_rth,2019-10-23T10:30:00-04:00,1.948616308152036241330840153,0.928651416465288155692450836,1.839466283910329183865987822,10,92f148645fe6b6f6e2d5,2019-10-23,2,2019-10-23,2019
NQM9,prior_rth,2019-03-28T16:00:00-04:00,2.311003352707849531742477829,0.820640449879493536405019,2.089560040375111612229870378,26,93079a201d80d77bd943,2019-03-29,2,2019-03-28,2019
NQU9,opening_hour_rth,2019-09-11T10:30:00-04:00,2.097335552105037949725118716,0.94183863780043699746950505,1.868077103615538156767631171,11,930a21e312a523b91ac8,2019-09-11,2,2019-09-11,2019
NQU9,opening_hour_rth,2019-06-24T10:30:00-04:00,2.413278110757837246653511829,0.7830440859268710057798479208,2.261139975822052494019770879,6,931da3daa1a1f92a61f5,2019-06-24,2,2019-06-24,2019
NQZ9,midnight,2019-10-09T09:30:00-04:00,3.668341535693327986990485193,0.771331236869526883141508365,2.989321092182715626465075894,27,9386654408960a7f1bf0,2019-10-09,2,2019-10-09,2019
NQZ9,midnight,2019-12-03T09:30:00-05:00,6.281582899892733318854326409,0.759618047779629990827965039,2.761035657302046206410947438,33,93e66c1cc9ac3b262be5,2019-12-03,2,2019-12-03,2019
NQZ9,prior_rth,2019-10-14T16:00:00-04:00,2.452667304321100147559359838,0.549758378034889461968632365,2.324612800654391429645422821,9,943f8bf4d8eb0571a6a5,2019-10-15,2,2019-10-14,2019
NQM9,opening_hour_rth,2019-05-14T10:30:00-04:00,2.482948546359584551519160651,0.879235650942157424725056249,2.253303506921658429938912726,15,94dc0a005ca2fdef43e6,2019-05-14,2,2019-05-14,2019
NQM9,midnight,2019-04-23T09:30:00-04:00,1.920844085541643856570931422,1.006659280309020555503714226,1.747616546898375187434435624,10,955dc1d40b7fd8f289f4,2019-04-23,2,2019-04-23,2019
NQM9,prior_rth,2019-04-24T16:00:00-04:00,3.046199557544834055812628323,0.854490000935898342260192078,2.477460843855327634631890151,11,96489075408061c73912,2019-04-25,2,2019-04-24,2019
NQM9,midnight,2019-04-12T09:30:00-04:00,3.08576799121498340731128412,0.6445806924847061030548992255,2.776801208170388265414968422,13,9651afae5a420a05470d,2019-04-12,2,2019-04-12,2019
NQH9,full_overnight,2019-01-14T09:30:00-05:00,4.696852290173303087797764191,0.6373341692611978860955863051,3.822290748044506158796597388,22,96645068a759d1118368,2019-01-14,2,2019-01-14,2019
NQU9,opening_hour_rth,2019-08-02T10:30:00-04:00,2.144693677106642489300914503,0.8886081805125534887714273065,1.909394199754195148789269508,16,9693dd08d4730984eea1,2019-08-02,2,2019-08-02,2019
NQZ9,full_overnight,2019-09-30T09:30:00-04:00,2.565653779522971384388341756,0.8692588618760041815981666311,2.215868565253004732366278136,15,97550850efff4563c30f,2019-09-30,2,2019-09-30,2019
NQM9,prior_rth,2019-03-12T16:00:00-04:00,2.228531215604246583402986292,0.9492655011863643637713432445,2.00941574340478886063835053,16,9756242df313dec089f1,2019-03-13,2,2019-03-12,2019
NQM9,prior_rth,2019-05-30T16:00:00-04:00,1.959536621196140640856944366,0.9369601896253539914080141106,1.894729394621278653654458921,15,9762055ccb3e0a99e4ec,2019-05-31,2,2019-05-30,2019
NQU9,full_overnight,2019-08-07T09:30:00-04:00,2.902435940103420483319480698,0.8602605726531137912231545468,2.377763018023737239784536871,43,97baca979100e8d9e418,2019-08-07,2,2019-08-07,2019
NQZ9,full_overnight,2019-10-02T09:30:00-04:00,3.174942089345398318956220847,1.014260056614077580367937967,2.281783114597740581314537724,30,97d40e73a1ab4b85f75a,2019-10-02,2,2019-10-02,2019
NQH9,midnight,2019-01-31T09:30:00-05:00,2.668680877937439012581454253,0.8756731082102349648406961955,2.44726697123782240186004512,10,97e4731a08df9e329d23,2019-01-31,2,2019-01-31,2019
NQH0,midnight,2019-12-17T09:30:00-05:00,2.286932719591086672556472669,0.9256204082078988832781357298,2.07095235768689336033334748,9,97fccafd6a330ef8cf8f,2019-12-17,2,2019-12-17,2019
NQU9,opening_hour_rth,2019-09-12T10:30:00-04:00,1.973050867952843335870399557,1.028470518763520176370646841,1.702395681517108135464105837,14,985bcd84059d6800a613,2019-09-12,2,2019-09-12,2019
NQU9,opening_hour_rth,2019-08-06T10:30:00-04:00,2.561131365747230879607829416,0.8239929314569705635814446325,2.335183676643133044907483523,16,9879263c791495ebb578,2019-08-06,2,2019-08-06,2019
NQU9,prior_rth,2019-07-05T16:00:00-04:00,1.826911969440891896304976289,1.055643468430337669825124403,1.697447014208830430376373519,24,9888a910ca89e4a8c6d7,2019-07-08,2,2019-07-05,2019
NQM9,opening_hour_rth,2019-05-10T10:30:00-04:00,2.10001132614075636035489079,0.844759745422413319308639316,2.037112363054346300395155641,17,98a06ce30213e3ab7d7d,2019-05-10,2,2019-05-10,2019
NQZ9,midnight,2019-10-10T09:30:00-04:00,3.083715243437671533818956037,0.670459454773687812292179576,2.828087858780937503718508372,10,98b79510430e984746d8,2019-10-10,2,2019-10-10,2019
NQU9,full_overnight,2019-08-30T09:30:00-04:00,2.809328445798558238767714878,0.8621108618385223623356126693,2.145240337419507097784522766,23,98ecfe9dbc2830f32c72,2019-08-30,2,2019-08-30,2019
NQM9,prior_rth,2019-04-04T16:00:00-04:00,3.153780065033893145785768956,0.744392277630370529694178426,2.800045527668318431978805004,15,991fe8d2e10a0a122e81,2019-04-05,2,2019-04-04,2019
NQH9,prior_rth,2019-01-04T16:00:00-05:00,4.162684061616708679524564707,0.738347948433744516401683707,3.003706955818044842355181557,52,994057696f8d6e367c1c,2019-01-07,2,2019-01-04,2019
NQH9,midnight,2019-02-07T09:30:00-05:00,2.71993990342946684232830588,0.8511717049951097867826116695,2.457744261765711490432146293,10,99745143c39e210e7810,2019-02-07,2,2019-02-07,2019
NQM9,opening_hour_rth,2019-04-25T10:30:00-04:00,3.215399867543280516353177032,0.7771532422548778635134700704,2.379873916981314088320652494,12,99a909474b84c9121dfd,2019-04-25,2,2019-04-25,2019
NQZ9,prior_rth,2019-11-08T16:00:00-05:00,3.72016197320015019945167266,0.6978082136215948522027635536,2.921179079924093638850684898,15,99da35a3c3199a037990,2019-11-11,2,2019-11-08,2019
NQH9,opening_hour_rth,2019-01-18T10:30:00-05:00,1.886516087873499540836402483,1.064899997786060072604656716,1.784522667548200094615147271,11,9a5220275e83f1deefea,2019-01-18,2,2019-01-18,2019
NQH0,opening_hour_rth,2019-12-23T10:30:00-05:00,2.040732266681860149154039463,0.9632116116796300549506132943,1.995603850699142573362554838,2,9b7e0b7f464632e8cea7,2019-12-23,2,2019-12-23,2019
NQZ9,midnight,2019-10-28T09:30:00-04:00,2.44266050093651042179220654,0.8269203390228110634022965414,1.952256067423639375500769376,10,9b920e944e80b7ce0e7c,2019-10-28,2,2019-10-28,2019
NQH9,midnight,2019-01-28T09:30:00-05:00,4.584034388554493874907780723,0.3821120714567454134645000809,4.061080216765781269033167739,16,9bcbe2d1343fe8d860c9,2019-01-28,2,2019-01-28,2019
NQH9,opening_hour_rth,2019-02-21T10:30:00-05:00,3.82132534866764841814194804,0.631041961689435602465411205,3.562997719605997364269944123,15,9bd4551702b78fb1ec62,2019-02-21,2,2019-02-21,2019
NQH9,midnight,2019-01-15T09:30:00-05:00,2.811200613026609620045255701,0.8075236709510237933687316222,2.439064093954974616631424243,11,9bed6b76a02dbad9c0d1,2019-01-15,2,2019-01-15,2019
NQU9,prior_rth,2019-08-21T16:00:00-04:00,2.571426530014964406376172238,1.081128770983135512970496512,2.077073259048187634409733406,13,9c99b23f1425b4faa98d,2019-08-22,2,2019-08-21,2019
NQM9,prior_rth,2019-03-25T16:00:00-04:00,1.935797813356127650073588683,1.158328417874918374930902352,1.721242823825348422411902163,21,9c9a22f6498d977a7cc1,2019-03-26,2,2019-03-25,2019
NQZ9,opening_hour_rth,2019-10-21T10:30:00-04:00,2.161692575152189991805717978,0.840285054697021047873966548,2.083812652463202635442737144,11,9ce70884be15874c3e6a,2019-10-21,2,2019-10-21,2019
NQM9,prior_rth,2019-06-11T16:00:00-04:00,2.794160574578012482931730621,0.8771562253892384404150912655,2.142831103455085674728360517,25,9d185f317b7b7e2c88bd,2019-06-12,2,2019-06-11,2019
NQU9,full_overnight,2019-09-03T09:30:00-04:00,2.562474123500808413793132434,1.0108214125814624619681652,2.153015026816650104561123048,19,9d52a1fb1024eb3fbffa,2019-09-03,2,2019-09-03,2019
NQM9,opening_hour_rth,2019-05-06T10:30:00-04:00,4.454289609924879976525673011,0.5544199333496016858230944495,3.242575940366562209516713897,16,9d5308a2288507183cdd,2019-05-06,2,2019-05-06,2019
NQH9,midnight,2019-01-25T09:30:00-05:00,2.491261768007822685051092481,0.9334932359253611350325134209,2.33593037700956813006889571,13,9d911ba8fdf3a71556ef,2019-01-25,2,2019-01-25,2019
NQZ9,prior_rth,2019-11-12T16:00:00-05:00,2.352241759463285632242897796,0.8500146836240858356308778054,2.296142920817246938676266894,17,9e11b604cd425c1720a0,2019-11-13,2,2019-11-12,2019
NQM9,midnight,2019-04-02T09:30:00-04:00,2.278207876319092173247471769,0.9681445393166795360939804672,1.936928464185683583994140273,9,9e7804a86a67a38ea8e4,2019-04-02,2,2019-04-02,2019
NQM9,midnight,2019-05-20T09:30:00-04:00,2.919122468921790689721723963,0.838934276087930462147847677,2.5107209879904445997945487,40,9ef7cb0f5cc80e3e4967,2019-05-20,2,2019-05-20,2019
NQH9,full_overnight,2019-01-10T09:30:00-05:00,3.753892726344632553408550451,0.5226388414271001520149360625,3.531821500506968073916993732,18,a05387c664d64f9ecc12,2019-01-10,2,2019-01-10,2019
NQU9,midnight,2019-07-24T09:30:00-04:00,2.125808173334942313728364437,1.016338667045295923679358739,1.902466207070548505711217516,15,a0e60bdcd0515c04615d,2019-07-24,2,2019-07-24,2019
NQH0,midnight,2019-12-18T09:30:00-05:00,2.62480603694403417463788965,0.859999449730471986826637856,2.347105131907810854240869711,7,a11703073560044f205c,2019-12-18,2,2019-12-18,2019
NQZ9,opening_hour_rth,2019-09-20T10:30:00-04:00,1.973960226207180605512943871,0.7593457638985193169885922664,1.91368226515370258170633991,3,a1727e5940003b5d9784,2019-09-20,2,2019-09-20,2019
NQH9,full_overnight,2019-02-22T09:30:00-05:00,3.626364944789555573837261601,0.8528964840123951098571596854,2.335007616916233666690087434,14,a1aaf690d035c082d73a,2019-02-22,2,2019-02-22,2019
NQU9,midnight,2019-08-27T09:30:00-04:00,2.025168121895359164563433717,1.001382362216375291293751563,1.804214014600171628978305327,26,a1b2e5e69632d658e94f,2019-08-27,2,2019-08-27,2019
NQH9,full_overnight,2019-02-19T09:30:00-05:00,2.998011545463692741960677282,0.807753774431155886300386902,2.519055684350460932633991156,12,a2024937029600443ae7,2019-02-19,2,2019-02-19,2019
NQZ9,full_overnight,2019-11-05T09:30:00-05:00,4.0382817444138089943151929,0.4728832176498800941628777348,3.921633453864503190238758752,10,a216dac9d82c12feddf7,2019-11-05,2,2019-11-05,2019
NQU9,prior_rth,2019-07-12T16:00:00-04:00,2.291532330636664356558658727,0.8995044707923285630082398603,2.062321688347620862797262941,12,a2416577d9ad1ea04ea5,2019-07-15,2,2019-07-12,2019
NQM9,midnight,2019-03-27T09:30:00-04:00,1.857272927934725439160524631,1.05049755181332014939482072,1.751848687887483371789826973,11,a2444bab827b8b6b91d3,2019-03-27,2,2019-03-27,2019
NQH9,prior_rth,2019-01-15T16:00:00-05:00,4.329721828958517373154227797,0.4873309183215445645969325066,3.534604708507172478265204284,19,a2b4d1d9bae00cc28d85,2019-01-16,2,2019-01-15,2019
NQM9,full_overnight,2019-03-22T09:30:00-04:00,2.104738346861741415800930757,0.9608378997521966068469383706,1.965521253133592888619924529,18,a2c4ee32ea61e14001ff,2019-03-22,2,2019-03-22,2019
NQZ9,midnight,2019-11-13T09:30:00-05:00,2.185825976038381379526617588,0.994865457754601108822999129,1.84631544567252453185092401,13,a31636e2e2c009407ac3,2019-11-13,2,2019-11-13,2019
NQM9,prior_rth,2019-04-12T16:00:00-04:00,2.933333565020520002755799709,0.8312799575385221495542510079,2.76657826678847406484510111,9,a328890a96b337747025,2019-04-15,2,2019-04-12,2019
NQH9,full_overnight,2019-03-04T09:30:00-05:00,2.457805830139938655394101927,0.964562711315718157063245114,2.283416516709590800813991324,10,a36957f0b1db7aaec370,2019-03-04,2,2019-03-04,2019
NQH9,full_overnight,2019-02-07T09:30:00-05:00,2.597207280296981193390608672,0.7426930533425279209615849014,2.346842767267620842186921596,13,a36d752cff4fc8028f51,2019-02-07,2,2019-02-07,2019
NQH9,full_overnight,2019-01-04T09:30:00-05:00,3.236408466118316803904873651,0.8289931492986144760990533829,2.566374997544057137147711567,46,a404958bcfca17c7c90e,2019-01-04,2,2019-01-04,2019
NQZ9,prior_rth,2019-10-22T16:00:00-04:00,2.899929221596116682391266344,0.8617530827317171486447485249,2.537627084226342751582828144,32,a486faafe4e900f27ea7,2019-10-23,2,2019-10-22,2019
NQU9,opening_hour_rth,2019-07-25T10:30:00-04:00,2.803356856619898695917697859,0.7207319579806965947373709753,2.287346247778693601968789738,10,a4bf1b9b0c9d1a64e8b4,2019-07-25,2,2019-07-25,2019
NQZ9,prior_rth,2019-11-26T16:00:00-05:00,2.278842242039393236280963796,1.00782630222018157600995277,2.092013117288369593460255101,9,a501ce74696a9872dd17,2019-11-27,2,2019-11-26,2019
NQZ9,midnight,2019-11-07T09:30:00-05:00,4.425127525611501134558804899,0.2754072868592122179879885793,3.649635019619589911306577749,16,a5c693ba16173c360e68,2019-11-07,2,2019-11-07,2019
NQH9,midnight,2019-02-19T09:30:00-05:00,2.988108428522701121139996458,0.8103719455779610780185157553,2.611513240924699355066297997,6,a5ccb97ef5a151660b5e,2019-02-19,2,2019-02-19,2019
NQZ9,prior_rth,2019-09-24T16:00:00-04:00,4.423597699009734087557271434,0.7628949197028755263122172673,2.728927880990785778936626778,56,a5e1ab9bc435e92c1a78,2019-09-25,2,2019-09-24,2019
NQH9,opening_hour_rth,2019-02-12T10:30:00-05:00,2.881521588286589749479886878,0.746838659211174947518295787,2.673347852585753097456395982,8,a5e57978c67205028a6d,2019-02-12,2,2019-02-12,2019
NQZ9,midnight,2019-10-30T09:30:00-04:00,2.816391810858185233101429928,0.9203705048694876968094965363,2.340548865661348700876086243,8,a612510f13d1a9e00d97,2019-10-30,2,2019-10-30,2019
NQZ9,prior_rth,2019-10-31T16:00:00-04:00,2.889665636531220619041144543,0.746562541175605004719112166,2.209509160605170536021406437,19,a62e611536f2437869bc,2019-11-01,2,2019-10-31,2019
NQH9,prior_rth,2019-02-06T16:00:00-05:00,3.12592216834400374992389936,0.73457239953281821638470454,2.49277690242581797034105962,14,a66de59b7ee4c5abcf76,2019-02-07,2,2019-02-06,2019
NQU9,prior_rth,2019-06-21T16:00:00-04:00,2.928372759042367286997545949,0.755831683540816020973103014,2.749274249420128232437268007,19,a6cd444d26ffe79f5182,2019-06-24,2,2019-06-21,2019
NQU9,midnight,2019-09-09T09:30:00-04:00,2.387561267440423635550795474,0.8550522561807674278917862311,2.205240096072140448793605334,6,a6f57f63ac1bfaf68618,2019-09-09,2,2019-09-09,2019
NQH0,full_overnight,2019-12-20T09:30:00-05:00,4.469491278269746026020268864,0.3688397872575591650061518098,3.240227283933952017549948751,13,a74ab7f5a9f371436d93,2019-12-20,2,2019-12-20,2019
NQZ9,midnight,2019-09-17T09:30:00-04:00,2.656189584367712149397323014,0.943962168259061302949772349,2.194183001995536287613366584,10,a7533a3115dc381d02cb,2019-09-17,2,2019-09-17,2019
NQH9,prior_rth,2019-02-25T16:00:00-05:00,2.03826779644682628065449051,1.046978739308623607179240575,1.814867430272279385865566546,13,a77eae6f020c8266dd0e,2019-02-26,2,2019-02-25,2019
NQH0,prior_rth,2019-12-18T16:00:00-05:00,2.803526302497214644196734122,0.9302691838080424535411644338,2.44669246097034421202711778,7,a83316e00f1ed3b0db79,2019-12-19,2,2019-12-18,2019
NQZ9,prior_rth,2019-11-04T16:00:00-05:00,2.167261472837601496557630662,1.124547172445629789060493682,2.057356623172452755371066174,6,a83ffdd492a6e0eb82f3,2019-11-05,2,2019-11-04,2019
NQZ9,prior_rth,2019-10-17T16:00:00-04:00,3.516730403336253676677744344,0.8419856238624384000005667361,2.755308126840445115726260099,21,a8683b5b7cb1a8b37e17,2019-10-18,2,2019-10-17,2019
NQZ9,opening_hour_rth,2019-11-18T10:30:00-05:00,2.455873182148703089793047502,0.6641378988405845869931922073,2.410198089488902415619294604,10,a89c62b0555fee56d569,2019-11-18,2,2019-11-18,2019
NQZ9,full_overnight,2019-12-05T09:30:00-05:00,3.128238824895583285897019358,0.871684086035120744422058351,2.551795145881784613347277308,16,a8df7bda6f808c8ad31a,2019-12-05,2,2019-12-05,2019
NQH9,prior_rth,2019-01-29T16:00:00-05:00,3.188278340531305776197727499,0.7461759657921847049641139755,2.848913184881747818439988251,28,a8e8cd9fdeafc9045041,2019-01-30,2,2019-01-29,2019
NQM9,opening_hour_rth,2019-05-03T10:30:00-04:00,2.190008817213457903409144929,1.051871016258839665038088663,2.074168815004544143126009271,8,a8ed7f6deb2c36d48d75,2019-05-03,2,2019-05-03,2019
NQH9,opening_hour_rth,2019-02-19T10:30:00-05:00,2.667102009737583228225974228,0.538176316001085582950246112,2.529788116578360900374815566,9,a91b0d83fbfdbd7618f0,2019-02-19,2,2019-02-19,2019
NQU9,prior_rth,2019-07-15T16:00:00-04:00,2.110711199850737865076896718,0.819218806003815185420006386,1.999872617676163212213393987,6,aa08d10a6ccffa576036,2019-07-16,2,2019-07-15,2019
NQM9,opening_hour_rth,2019-04-24T10:30:00-04:00,2.62389333191958165299695318,1.029755971743301320273854621,2.272685935851173861747089494,6,aa3718c08e199e7db8ae,2019-04-24,2,2019-04-24,2019
NQM9,opening_hour_rth,2019-03-21T10:30:00-04:00,4.223459477885534985357294821,0.67850111215098825303979383,3.172734615015289391478095558,12,aaeb377cea9a3fa95cd2,2019-03-21,2,2019-03-21,2019
NQM9,opening_hour_rth,2019-05-13T10:30:00-04:00,2.809046350569947503303526302,0.811169521901854056153615457,2.606035224810056817256645944,13,ab1a6955dc8ed01fe770,2019-05-13,2,2019-05-13,2019
NQZ9,opening_hour_rth,2019-12-05T10:30:00-05:00,2.921530682956206338403250006,0.802723742432824243375915704,2.311353140894831295264485092,12,ab4ba526034b8129b3a0,2019-12-05,2,2019-12-05,2019
NQM9,full_overnight,2019-05-20T09:30:00-04:00,3.421991333589208397162560541,0.7229272712173875019246125678,2.780030924493393829067937667,44,abd713de1e7d0808ba77,2019-05-20,2,2019-05-20,2019
NQZ9,full_overnight,2019-09-16T09:30:00-04:00,3.625240406332186255663963031,0.7705082664165036681232431664,2.578101702494970302540371973,20,abe48e8b2462887f23b1,2019-09-16,2,2019-09-16,2019
NQU9,prior_rth,2019-08-06T16:00:00-04:00,1.893941855353368365042971169,1.137716987761533941604414943,1.664693499219706235472588996,36,abec185a3aed004f59a6,2019-08-07,2,2019-08-06,2019
NQU9,opening_hour_rth,2019-06-27T10:30:00-04:00,2.497055261161046663123807148,0.8850933420452770195431591955,2.438532463122328885792779366,3,ac0bfff797b0253fbccb,2019-06-27,2,2019-06-27,2019
NQU9,midnight,2019-08-21T09:30:00-04:00,3.131119271271097152050278259,0.683243917024768932025681249,2.841864702970699889971389211,15,ac26ec6dd2abe8fde6ee,2019-08-21,2,2019-08-21,2019
NQU9,midnight,2019-07-08T09:30:00-04:00,3.446463517666407464037078791,0.7605312577962022077928049917,3.100239140699471734664483916,14,ac4a9c022d511c8d0867,2019-07-08,2,2019-07-08,2019
NQH9,opening_hour_rth,2019-03-04T10:30:00-05:00,1.948451206386148313767743774,0.982664232931143201426016926,1.778757841864438939943137819,7,ac6104e9664e42332129,2019-03-04,2,2019-03-04,2019
NQU9,midnight,2019-07-30T09:30:00-04:00,2.907938106957138901621015746,0.766497570593313803526055003,2.533160507916618095436693118,24,ac933053c34563cc11b1,2019-07-30,2,2019-07-30,2019
NQH9,midnight,2019-02-21T09:30:00-05:00,2.801547458066671702007765762,0.7545607084427155955888160515,2.553774603636478869662270897,19,acd5eee3a6c6db0fb3a7,2019-02-21,2,2019-02-21,2019
NQZ9,opening_hour_rth,2019-10-30T10:30:00-04:00,3.682472448107391229421523246,0.4051048483944159322155386616,3.220824420235706868503550874,6,ad381629b9c850eff487,2019-10-30,2,2019-10-30,2019
NQM9,prior_rth,2019-05-07T16:00:00-04:00,2.570834111430780462327365817,0.9211978975023666789673515344,2.099437396415840042113616349,46,ad62f06283dce5735121,2019-05-08,2,2019-05-07,2019
NQM9,opening_hour_rth,2019-04-17T10:30:00-04:00,2.319762674267683246480413313,0.890634257431918558960923713,2.012341712196742200083660221,19,ad67804f2742bbc1114d,2019-04-17,2,2019-04-17,2019
NQU9,full_overnight,2019-08-01T09:30:00-04:00,3.471975296167451709278911221,0.7177165337617238979012810634,2.803415192267136777704684996,25,ada94ffb17e766ded89d,2019-08-01,2,2019-08-01,2019
NQM9,prior_rth,2019-05-02T16:00:00-04:00,3.225157039910099295748960586,0.8927323223447878724665013167,2.520424846651080563226414848,34,add69811c575bc7be9d6,2019-05-03,2,2019-05-02,2019
NQH9,opening_hour_rth,2019-02-22T10:30:00-05:00,1.838808284393447240583232387,1.019788358245563010455899521,1.789835742180208590225673036,11,ae80c73c3c56b84a2ac9,2019-02-22,2,2019-02-22,2019
NQU9,full_overnight,2019-08-26T09:30:00-04:00,5.340759315420130380000494306,0.6973296884796732043834724393,3.155354412396551431995048892,45,aec103bc81dde32c2f9b,2019-08-26,2,2019-08-26,2019
NQU9,full_overnight,2019-07-30T09:30:00-04:00,2.815182398528817486824754027,0.8190092282966550853094907234,2.322081452004747802614814262,28,aedfe7d56ce59a13ab62,2019-07-30,2,2019-07-30,2019
NQZ9,midnight,2019-10-01T09:30:00-04:00,2.214217682783738188580408807,0.9165801134333963687102061725,2.101981880561716871036574201,12,af2bbd4d5a82910d1c3f,2019-10-01,2,2019-10-01,2019
NQZ9,opening_hour_rth,2019-11-25T10:30:00-05:00,3.013078172348896798219910881,0.555637666778942309766330219,2.867008202446556504608229254,11,af4c9892381444addc87,2019-11-25,2,2019-11-25,2019
NQH9,prior_rth,2019-01-24T16:00:00-05:00,1.894226868120618429977954514,0.972939739876959670630986771,1.77587662558482857560911753,17,af5a501b9487519a4306,2019-01-25,2,2019-01-24,2019
NQH9,full_overnight,2019-01-03T09:30:00-05:00,2.587120219765950229581919526,0.8459662233463613204721936814,2.067231013110651787755403812,21,aff182161a328ec87f35,2019-01-03,2,2019-01-03,2019
NQU9,opening_hour_rth,2019-08-07T10:30:00-04:00,1.901682254714125014474833311,0.9761040824224132648863628148,1.806861142316098721208979903,16,b00fdd27fc75be133f3a,2019-08-07,2,2019-08-07,2019
NQM9,full_overnight,2019-05-17T09:30:00-04:00,2.749965061476948811519944087,0.833438008983289064217937523,2.264222090453083520009061004,32,b018885b273b986365e5,2019-05-17,2,2019-05-17,2019
NQU9,midnight,2019-07-26T09:30:00-04:00,2.881930906880122721183715401,0.898224722647741323748806189,2.309110636216486619502338922,7,b076082803860117f9e2,2019-07-26,2,2019-07-26,2019
NQU9,prior_rth,2019-08-14T16:00:00-04:00,3.01688130373744703518461891,0.7425644882113055673970991439,2.709500900022145645753814324,44,b0cf01c681a9ff0cbead,2019-08-15,2,2019-08-14,2019
NQU9,prior_rth,2019-07-23T16:00:00-04:00,2.348762763327181607552163856,1.009115323643127874491374862,2.006720503522748856225773287,14,b11ca29448e6e762bae8,2019-07-24,2,2019-07-23,2019
NQH9,opening_hour_rth,2019-01-30T10:30:00-05:00,2.122040966721284489545651913,1.022521386921515517832033528,1.97902657673773538397341483,10,b18472f9ec449e5a289a,2019-01-30,2,2019-01-30,2019
NQZ9,prior_rth,2019-12-03T16:00:00-05:00,3.304900992247346194080407107,0.7630406046977582717072121465,2.405795490182884448158325993,19,b1a8727dd5c83681f0d8,2019-12-04,2,2019-12-03,2019
NQZ9,full_overnight,2019-11-18T09:30:00-05:00,3.685740121497658636550638946,0.5574955308167917308227822425,2.655668351596617169318997376,13,b1d9f282e87cbc3c42e2,2019-11-18,2,2019-11-18,2019
NQM9,midnight,2019-04-16T09:30:00-04:00,3.559703793156570423816977227,0.8034001998475404365493241472,2.891508535898647976942187142,7,b1e9c6e978eb1cc39647,2019-04-16,2,2019-04-16,2019
NQH9,full_overnight,2019-01-08T09:30:00-05:00,1.963408856509004107141466398,1.044158478913301258533066469,1.711172334441061795259438982,26,b1fa7abba5bc13c87ec8,2019-01-08,2,2019-01-08,2019
NQM9,full_overnight,2019-05-30T09:30:00-04:00,2.257436611887898218716326398,0.8878741748919918771288059152,2.050450102652613471695761982,10,b22e00a6a0a83e494add,2019-05-30,2,2019-05-30,2019
NQU9,midnight,2019-06-18T09:30:00-04:00,4.251937757830920321204288558,0.677475979188880654312432156,3.066415802673019514844815173,27,b23dc79707e22ddd3fa0,2019-06-18,2,2019-06-18,2019
NQU9,midnight,2019-07-10T09:30:00-04:00,4.235670401942390513275727984,0.6687016193165888349370022195,2.858496827228833062747190751,18,b281705e6d030073da6c,2019-07-10,2,2019-07-10,2019
NQM9,midnight,2019-05-22T09:30:00-04:00,2.671886469256112319835806967,0.860408764713154808354363455,2.310224419917267423756407821,19,b2dd130656d8d741bf58,2019-05-22,2,2019-05-22,2019
NQZ9,midnight,2019-10-22T09:30:00-04:00,1.883628164191358845900144164,1.005399477654408052413012144,1.670321435847091745054228877,13,b34ba6c7d4b9f2c29097,2019-10-22,2,2019-10-22,2019
NQH0,prior_rth,2019-12-23T16:00:00-05:00,2.263489827799378313196869142,0.8013626677121324230608232279,2.177214090823382853222069289,5,b392889abc9a5aaec985,2019-12-26,2,2019-12-23,2019
NQU9,midnight,2019-08-09T09:30:00-04:00,2.086483181127832828272656324,1.020991158074353723931465346,1.916924339303093262712142459,13,b4390f27d4dd0fc9436d,2019-08-09,2,2019-08-09,2019
NQU9,full_overnight,2019-07-19T09:30:00-04:00,2.605533474642949232117766438,1.049213694939151375908237652,2.173946072515719649104524196,15,b4c41866c8cc3b715a6e,2019-07-19,2,2019-07-19,2019
NQH9,opening_hour_rth,2019-01-17T10:30:00-05:00,1.963633237490559825628569322,0.975204185124460766845010774,1.846499429858155890148927828,13,b4ccca9d71424da73854,2019-01-17,2,2019-01-17,2019
NQH9,midnight,2019-01-22T09:30:00-05:00,2.198659020913277403250486944,0.936460672173957493695983429,1.924670240639541706773913443,7,b4d59041708087cb0ef9,2019-01-22,2,2019-01-22,2019
NQM9,prior_rth,2019-06-03T16:00:00-04:00,2.952438207019876606940466636,0.9005992862993607387421754527,2.335820783088704412708634709,53,b4fe37828e445cd087f7,2019-06-04,2,2019-06-03,2019
NQZ9,midnight,2019-10-07T09:30:00-04:00,2.135692495587150708444474276,1.036583051314669464291742744,2.018183721915344628498457924,9,b4ff0cd31ffe48956d98,2019-10-07,2,2019-10-07,2019
NQH9,full_overnight,2019-01-31T09:30:00-05:00,2.23219618368150869213222498,1.083175499799936048958042081,1.999352604632624722942328054,9,b542e611d61ad4f6f2cf,2019-01-31,2,2019-01-31,2019
NQH9,midnight,2019-02-22T09:30:00-05:00,3.209999060111611100249273847,0.801451830396474021777899845,2.331298948447578388740576121,14,b547c5e6abc0d53f43fa,2019-02-22,2,2019-02-22,2019
NQU9,midnight,2019-08-01T09:30:00-04:00,3.279138875427668876419556982,0.8007993129266629976280984473,2.633363581518681464672358598,16,b5e1ffb2344cbeb150ed,2019-08-01,2,2019-08-01,2019
NQZ9,midnight,2019-12-02T09:30:00-05:00,2.862670008053255935681093956,0.8070565018002323111237577789,2.394208933481620560336420523,11,b5e851f88e39ab857653,2019-12-02,2,2019-12-02,2019
NQU9,midnight,2019-06-20T09:30:00-04:00,2.707706625616216211490027699,0.96170909326452327309667677,2.231580590558286563748893224,24,b5f29169c84a87b54600,2019-06-20,2,2019-06-20,2019
NQU9,opening_hour_rth,2019-08-23T10:30:00-04:00,2.360811571518185849043418442,0.867735926907663575918640149,2.20178906684014759153541588,15,b63831d874ab6cd74d48,2019-08-23,2,2019-08-23,2019
NQU9,opening_hour_rth,2019-06-19T10:30:00-04:00,3.405258084080953653469636397,0.5475015782766806591455416715,3.061925431590906983351753836,9,b64cb46a50de2202e1ba,2019-06-19,2,2019-06-19,2019
NQU9,midnight,2019-08-14T09:30:00-04:00,3.009797056683740019192431323,0.8336223468777155795784436208,2.400836961469115098135434761,42,b70eef35f586518610c2,2019-08-14,2,2019-08-14,2019
NQH0,midnight,2019-12-30T09:30:00-05:00,2.857957425626590015828716141,1.063546784148376762571289104,2.084326760202014555509251189,13,b76cd809a0c54783d034,2019-12-30,2,2019-12-30,2019
NQH9,full_overnight,2019-03-01T09:30:00-05:00,4.35883624064574028327343365,0.5961834730555251560575068005,3.219270517714035676856598521,17,b7a0962263ff349b59b2,2019-03-01,2,2019-03-01,2019
NQZ9,opening_hour_rth,2019-10-29T10:30:00-04:00,2.175442068317440238117378529,0.9335397790403096292445363846,1.906770663750517095418075036,10,b7c557b8678093707c12,2019-10-29,2,2019-10-29,2019
NQH9,full_overnight,2019-01-09T09:30:00-05:00,3.062122831155788404482290234,1.026424156082352788144428393,2.575970395746111234820143623,20,b831d4bfa39033ba630d,2019-01-09,2,2019-01-09,2019
NQM9,midnight,2019-05-09T09:30:00-04:00,3.133381958506627497625881807,0.7487739534226568767586923875,2.891880553911151290499791853,23,b85f0168c88af8ea1754,2019-05-09,2,2019-05-09,2019
NQM9,midnight,2019-05-06T09:30:00-04:00,1.64967362535629324254813102,1.145426592207220224464377234,1.593839047751733144621250871,14,b89684127267388d3795,2019-05-06,2,2019-05-06,2019
NQZ9,full_overnight,2019-12-11T09:30:00-05:00,3.004112414187634419447433267,0.7579261042367507890680099255,2.70296705145828151068062174,14,b8b8212f25c5372ab0d2,2019-12-11,2,2019-12-11,2019
NQZ9,prior_rth,2019-10-21T16:00:00-04:00,2.587655354360381682692629697,0.9841033496290925737195818859,2.403093382424587433298580414,18,b8ffefe50e6b969fb66c,2019-10-22,2,2019-10-21,2019
NQU9,prior_rth,2019-08-22T16:00:00-04:00,2.892210565314181338082465656,1.028054879528588299117089768,1.973277659062332523332060776,31,b90ccfb553486d4efd78,2019-08-23,2,2019-08-22,2019
NQM9,prior_rth,2019-04-30T16:00:00-04:00,2.876160400188148019500274299,0.7480595774087599287171125542,2.505983427646904417828085587,20,b90dc68ba129655a779e,2019-05-01,2,2019-04-30,2019
NQU9,opening_hour_rth,2019-07-01T10:30:00-04:00,2.818066027405363721225093972,0.761413452791723563748212058,2.562576033013515725221465418,10,b9328f96563a05163b90,2019-07-01,2,2019-07-01,2019
NQU9,full_overnight,2019-08-23T09:30:00-04:00,3.696898850319814270833514629,0.9495694013997890262266702492,2.636127104189155192718328578,33,b942f0cc04a8967e1012,2019-08-23,2,2019-08-23,2019
NQM9,midnight,2019-06-13T09:30:00-04:00,3.468536828072142651055336271,0.699591030424927761299461074,2.684703156902612254290462779,23,b9d34aee4a865f518377,2019-06-13,2,2019-06-13,2019
NQZ9,prior_rth,2019-10-30T16:00:00-04:00,4.981666146469180917176631838,0.6004181434548802395092030505,3.560357919322700546809491324,13,ba34b6e4bf3a5d3e8a30,2019-10-31,2,2019-10-30,2019
NQM9,prior_rth,2019-05-21T16:00:00-04:00,2.949291640279374070765957074,0.9097085662960334185773929267,2.617213434655917126218176484,15,ba3b6a837a625a71f736,2019-05-22,2,2019-05-21,2019
NQZ9,full_overnight,2019-11-20T09:30:00-05:00,2.302577246408781035525468736,0.821105853495347468854570044,2.005676638263829001504849967,14,ba4b42b5e2e157f4d7a5,2019-11-20,2,2019-11-20,2019
NQM9,midnight,2019-05-16T09:30:00-04:00,2.02553795869956001303175068,1.018468680558602923662094076,1.792734418809449020143629646,28,ba78b6ee0290cfa3a2b5,2019-05-16,2,2019-05-16,2019
NQU9,midnight,2019-07-19T09:30:00-04:00,3.311018160038913020991828524,0.90886875684023865240303837,2.570423330730801777126681407,11,ba7afce4c178bd830208,2019-07-19,2,2019-07-19,2019
NQH0,opening_hour_rth,2019-12-16T10:30:00-05:00,2.957450302113637208166672684,0.9753552529809583630042982775,2.408857554989139402309364697,12,babbb4e4e0de8edfb455,2019-12-16,2,2019-12-16,2019
NQZ9,prior_rth,2019-10-08T16:00:00-04:00,2.231240497521943152433716591,0.9255113393390812806642839375,2.029011722079309863176000506,27,bac5d514453b248e173e,2019-10-09,2,2019-10-08,2019
NQM9,midnight,2019-05-03T09:30:00-04:00,2.477409461328312336150843976,0.8874753607827208523668852832,2.004391801258101128426212029,10,baf00a25ac13fa5c6657,2019-05-03,2,2019-05-03,2019
NQM9,prior_rth,2019-04-03T16:00:00-04:00,2.857461053085218092486347534,0.7416407072889349756346364947,2.459097202373498746792909471,17,bbb5c9ce7ba52b02f706,2019-04-04,2,2019-04-03,2019
NQM9,full_overnight,2019-05-08T09:30:00-04:00,2.655409146200829808432923443,0.879520456427497907514189703,2.039376638763136909414245481,27,bbdb438f6a1f69ee3fd3,2019-05-08,2,2019-05-08,2019
NQZ9,prior_rth,2019-11-27T16:00:00-05:00,2.780541869273527135284060429,0.8883724338774459781220014095,2.185372772628414625622995352,16,bbef7cc7bb3e9163118b,2019-12-02,2,2019-11-27,2019
NQH9,midnight,2019-01-24T09:30:00-05:00,2.382978139391310898919882344,1.008144061680890382221038432,2.006349915343310230069746333,15,bc81ecf48a98ee66df3b,2019-01-24,2,2019-01-24,2019
NQH9,prior_rth,2019-01-23T16:00:00-05:00,4.102329738555338750680147758,0.8030569309667747100111953465,2.656431675610513704099232652,38,bceb3bfc9ea7f3162e80,2019-01-24,2,2019-01-23,2019
NQZ9,opening_hour_rth,2019-09-24T10:30:00-04:00,2.456790900261385595778942048,0.9855541268376368704988767027,2.194148337048811665019624008,14,bd443b78a89aa4b973a9,2019-09-24,2,2019-09-24,2019
NQH9,prior_rth,2019-01-18T16:00:00-05:00,2.180737588361971145410686187,0.920715781571607133221829212,1.86967815752965571550925611,23,bdd4829140b0a3746a1d,2019-01-22,2,2019-01-18,2019
NQM9,opening_hour_rth,2019-03-15T10:30:00-04:00,2.183599838794644801723345126,1.066528204779039954537768596,1.85276636706175920704951566,9,bde29cb8d0383db32a2d,2019-03-15,2,2019-03-15,2019
NQM9,midnight,2019-04-03T09:30:00-04:00,1.905573427379257389730630791,1.010802378879476984100465319,1.879678563755161804146945509,7,be4520f83e5ab6bc4fd5,2019-04-03,2,2019-04-03,2019
NQM9,midnight,2019-05-07T09:30:00-04:00,3.292736892414967992362201926,0.896089147019970395141530138,2.180305232812972219150953829,28,be94c4edd18a71bf6467,2019-05-07,2,2019-05-07,2019
NQM9,prior_rth,2019-05-29T16:00:00-04:00,2.768616437791085848355077716,0.844247091220865989092884997,2.473399291867168189551224259,25,bece05c968f399d3da09,2019-05-30,2,2019-05-29,2019
NQZ9,full_overnight,2019-09-24T09:30:00-04:00,3.294417142601516189195273347,1.014889406315493255355940396,2.756033299868318463064084573,8,bf4e93f7a1959f8fdda8,2019-09-24,2,2019-09-24,2019
NQM9,full_overnight,2019-03-21T09:30:00-04:00,2.472226216022269820070833276,1.036619328917066540116244339,1.997384447119717445187403094,18,bfe486c34e8f36940ff1,2019-03-21,2,2019-03-21,2019
NQU9,prior_rth,2019-08-02T16:00:00-04:00,2.585306150128491280015900901,0.666339321607701430332266939,2.43246390957835264684409752,28,c009c2fc614c2c1908b1,2019-08-05,2,2019-08-02,2019
NQZ9,opening_hour_rth,2019-10-09T10:30:00-04:00,2.106843011237835441818163703,0.9576429035114620938055195442,2.020147451529668391277792841,7,c0af10e75f3e13795747,2019-10-09,2,2019-10-09,2019
NQH9,midnight,2019-01-29T09:30:00-05:00,2.46571383344876053576113239,0.9315868282520957766768875235,2.008084203172897570875339679,16,c0b71be562067533a14b,2019-01-29,2,2019-01-29,2019
NQZ9,opening_hour_rth,2019-10-15T10:30:00-04:00,3.069387113842372019960382142,0.6499182479512865673155449736,2.850192966764768814455497691,14,c134f02538cde17b2031,2019-10-15,2,2019-10-15,2019
NQM9,full_overnight,2019-06-11T09:30:00-04:00,2.942379456144994685334442494,0.8487567961486762931147620986,2.555110162652797696844875373,26,c17780dbf58a30b29f87,2019-06-11,2,2019-06-11,2019
NQM9,opening_hour_rth,2019-05-07T10:30:00-04:00,2.447666866920737571760480712,0.932007834330223485924212822,2.104572045468987636425149096,18,c1a68bdacd3b12da993c,2019-05-07,2,2019-05-07,2019
NQZ9,midnight,2019-12-10T09:30:00-05:00,4.272339500553796139093811204,0.6098572047506629991452462225,3.103738054073344456269263116,23,c27df0a1c101e8a3933a,2019-12-10,2,2019-12-10,2019
NQZ9,opening_hour_rth,2019-10-04T10:30:00-04:00,1.832026716811991788716991076,1.13205073145934619069542427,1.622965311516934322623194618,14,c2c048b25a6301647389,2019-10-04,2,2019-10-04,2019
NQH9,midnight,2019-02-05T09:30:00-05:00,1.853363007630374561261008849,0.9820236832639178635068008827,1.616918484812819575979842846,12,c40c851cf23187cd1eda,2019-02-05,2,2019-02-05,2019
NQZ9,full_overnight,2019-11-14T09:30:00-05:00,2.717187073633230822563219938,0.6963031919791713809584063275,2.456257546005030496796833446,14,c4988b33bd5865589d88,2019-11-14,2,2019-11-14,2019
NQH9,midnight,2019-02-04T09:30:00-05:00,2.361258820553998355301112209,0.9415922045468658345019853245,2.285707360606951098503121933,6,c4b64e6b48fdbc347743,2019-02-04,2,2019-02-04,2019
NQH9,midnight,2019-01-17T09:30:00-05:00,2.17422290568142454266247006,0.9676862822101737755069626944,2.030998964016201827230317867,13,c5036546a5ee7227b4fd,2019-01-17,2,2019-01-17,2019
NQZ9,midnight,2019-11-08T09:30:00-05:00,3.858431718730180438951224987,0.616248555946911258015277582,2.651175436249672228386519351,10,c54e0f7013f9eaa6bdb7,2019-11-08,2,2019-11-08,2019
NQZ9,prior_rth,2019-11-22T16:00:00-05:00,2.674668518512306488488593347,0.966120918604199171146557122,2.373232869501023629933951198,12,c55b86e7207ad860ff50,2019-11-25,2,2019-11-22,2019
NQM9,full_overnight,2019-05-09T09:30:00-04:00,3.013985800947583050732257891,0.767445731782906825554116203,2.724423135005001101729583892,30,c56570729e05aacdf35b,2019-05-09,2,2019-05-09,2019
NQU9,opening_hour_rth,2019-09-09T10:30:00-04:00,2.979062050386696534753836124,0.8752118717243060024655466993,2.553630391065843034941083043,10,c56991e34ab42764705f,2019-09-09,2,2019-09-09,2019
NQU9,prior_rth,2019-08-26T16:00:00-04:00,2.477758115984739241198005432,0.8014293205349554895945889894,2.347789001773330987426362221,18,c5a0121d79a2afc415a9,2019-08-27,2,2019-08-26,2019
NQU9,opening_hour_rth,2019-08-12T10:30:00-04:00,2.305530507923946753272863068,0.9497915891728941187176391069,2.16843694611398367784009442,11,c6626a7ebffc4c9fccc5,2019-08-12,2,2019-08-12,2019
NQH0,opening_hour_rth,2019-12-27T10:30:00-05:00,2.088136379004301317771192702,1.032512149774218414177884606,1.716597718542369179277905049,13,c73b32d58df3e5b1d512,2019-12-27,2,2019-12-27,2019
NQM9,midnight,2019-03-25T09:30:00-04:00,2.394575916261367529590765763,0.904127573555309410480304935,2.083148395801497412656318074,23,c7585e7937a39b2bfd26,2019-03-25,2,2019-03-25,2019
NQZ9,full_overnight,2019-09-25T09:30:00-04:00,2.585595730273529508805922081,1.09265558549168219143601084,1.938270787045568154015168253,21,c7662b14026af2a27183,2019-09-25,2,2019-09-25,2019
NQH0,midnight,2019-12-16T09:30:00-05:00,2.821577354831101478713899039,0.778570523847894368944839209,2.532757891930083206194787963,14,c79f2033305eb9fe7c62,2019-12-16,2,2019-12-16,2019
NQH9,midnight,2019-03-06T09:30:00-05:00,2.831933425476212210126235964,0.766497534360172602405213704,2.199889147162397564619702548,6,c7cdcb0bdb1c1230d8be,2019-03-06,2,2019-03-06,2019
NQU9,full_overnight,2019-08-06T09:30:00-04:00,3.679044131627400862434591618,0.799302858492035705721760324,2.762287649682780082913232896,74,c8c2459b89b8c178527f,2019-08-06,2,2019-08-06,2019
NQH9,prior_rth,2019-02-07T16:00:00-05:00,2.8968629727437348072696792,0.888360700610558316722895653,2.654463807935011072258989897,34,c91d095900ed1fa90b69,2019-02-08,2,2019-02-07,2019
NQU9,opening_hour_rth,2019-09-04T10:30:00-04:00,2.448078388228844354613114797,1.02136395748573125581192219,2.309412856156425729194777647,8,c931bbe5a9b1e31075bb,2019-09-04,2,2019-09-04,2019
NQZ9,prior_rth,2019-10-16T16:00:00-04:00,2.872207404931236795968969659,0.6472342439109177844900043755,2.279075150172213744992480014,12,ca89a76ed96b67e8473a,2019-10-17,2,2019-10-16,2019
NQH9,full_overnight,2019-01-30T09:30:00-05:00,3.013526487867239332919747368,0.689212413206334995761422221,2.496880789108126184347183872,13,cad643e5c77d3bd30b86,2019-01-30,2,2019-01-30,2019
NQZ9,full_overnight,2019-11-21T09:30:00-05:00,2.96039349023342419150439941,0.8508977958978017655113759675,2.44944356814874961987926074,17,cba27fcaa108dc2ad14e,2019-11-21,2,2019-11-21,2019
NQZ9,midnight,2019-10-16T09:30:00-04:00,3.231750953734291918803489344,0.700644929259413957263143052,2.881149190066736156762365053,5,cc364b186e6280d42277,2019-10-16,2,2019-10-16,2019
NQM9,prior_rth,2019-04-17T16:00:00-04:00,2.662605244448173846908831132,0.697767856769746167625948524,2.563412386030674660387864597,16,cc3923b0588b23bd13d9,2019-04-18,2,2019-04-17,2019
NQU9,opening_hour_rth,2019-07-23T10:30:00-04:00,2.316032117583573244339721861,0.985882120277861241880310663,1.937513326739634769047828973,14,cc9bd59a23d67f5e0b9f,2019-07-23,2,2019-07-23,2019
NQZ9,midnight,2019-12-12T09:30:00-05:00,2.905343165300711336631704197,1.075651078442655837702464084,2.414285455323529881515418056,12,cd23ea0641784d12dd57,2019-12-12,2,2019-12-12,2019
NQU9,prior_rth,2019-09-09T16:00:00-04:00,2.384211994723252552776691279,1.129739411121007183376018204,1.878242118870315497507915674,20,cd3caba2cc592aee34c1,2019-09-10,2,2019-09-09,2019
NQZ9,opening_hour_rth,2019-10-02T10:30:00-04:00,3.094833318553620345631439013,0.6005886642319396831120928535,2.768455762523345714761946129,17,cd3f9a9067141f873b2e,2019-10-02,2,2019-10-02,2019
NQH9,opening_hour_rth,2019-02-13T10:30:00-05:00,2.420799868876523715403487094,0.7744497223235632854594143071,2.218330336122245055103806068,8,cda5e3f52e3f964a7db4,2019-02-13,2,2019-02-13,2019
NQU9,midnight,2019-07-11T09:30:00-04:00,2.97460642378475752817667982,0.9302738945349299007326631402,2.523033462606577078829734258,6,cdc93bd4c0447687de17,2019-07-11,2,2019-07-11,2019
NQU9,opening_hour_rth,2019-08-08T10:30:00-04:00,2.382784645784689736073600154,0.9050499915398294591049793533,1.954207739617057714970527801,11,cdeb9b96707caa51c115,2019-08-08,2,2019-08-08,2019
NQH0,opening_hour_rth,2019-12-17T10:30:00-05:00,1.722926230863223149568849378,1.166047965419294913717958982,1.661942520755104830730106381,8,cdf12948590f4e8ede36,2019-12-17,2,2019-12-17,2019
NQM9,midnight,2019-04-22T09:30:00-04:00,2.333490120140286184466427622,0.9124346082254986564644282711,2.12610278928899976874104039,6,ce289c478e91128761ff,2019-04-22,2,2019-04-22,2019
NQU9,full_overnight,2019-07-24T09:30:00-04:00,2.921116679566154120064572729,0.8572234508027735871033010239,2.268401919538322543711901464,12,ce5216534780b2cdc777,2019-07-24,2,2019-07-24,2019
NQM9,midnight,2019-06-11T09:30:00-04:00,2.806906519481338293854054033,0.9199397603721520955239200011,2.376836514450321138800684283,19,ce58ee7ee553b80816fc,2019-06-11,2,2019-06-11,2019
NQU9,opening_hour_rth,2019-08-09T10:30:00-04:00,2.383659512119842370412898517,0.8207882640705152605454442095,2.124123722697099872568172486,18,ce5abd8f84113ecab7bc,2019-08-09,2,2019-08-09,2019
NQH9,prior_rth,2019-01-08T16:00:00-05:00,2.818438250111420413057204596,0.9765845374335186014720305295,2.093671451209625121185896404,39,cf06cc23dc4cdb3f4fe5,2019-01-09,2,2019-01-08,2019
NQM9,prior_rth,2019-05-01T16:00:00-04:00,4.587038886833174034120624303,0.4814151364122989102809314164,3.534561611664811911995013013,26,cf79d5bf58d03c045711,2019-05-02,2,2019-05-01,2019
NQU9,midnight,2019-08-13T09:30:00-04:00,2.787145157960080239983775561,0.7161707464552097253528908836,2.545603896356404663242167546,19,cf7abbd85a8c3f3799c9,2019-08-13,2,2019-08-13,2019
NQH9,opening_hour_rth,2019-02-05T10:30:00-05:00,3.234850225085828978654258488,0.3820962564970141504286276013,3.00273032349925620775214606,9,cfabce9608532922d9b1,2019-02-05,2,2019-02-05,2019
NQM9,prior_rth,2019-05-15T16:00:00-04:00,4.258082434007791211433167024,0.7386977310418477175681451965,3.160474455481071763444867953,37,cfc830947e8fb2ef166f,2019-05-16,2,2019-05-15,2019
NQM9,opening_hour_rth,2019-03-12T10:30:00-04:00,1.813624245666550556227843603,1.18149669528982536639472781,1.765625930283636516901768729,8,cfcb3f8b4b07455a4bce,2019-03-12,2,2019-03-12,2019
NQZ9,full_overnight,2019-11-04T09:30:00-05:00,2.529366539618228356232860959,0.9129911392272855624648404043,2.077703599678396139178940267,17,d005c1936e3f40a8d471,2019-11-04,2,2019-11-04,2019
NQZ9,opening_hour_rth,2019-09-19T10:30:00-04:00,3.037286002216169722280648402,0.7194931252795108478577191813,2.440168313552529767001250613,8,d083914028d90e43c1e9,2019-09-19,2,2019-09-19,2019
NQH9,full_overnight,2019-03-05T09:30:00-05:00,2.671298124373486938475092043,0.9314240329197818900300762275,2.351480259546300852988889177,11,d12f872abd92c0520457,2019-03-05,2,2019-03-05,2019
NQU9,full_overnight,2019-06-21T09:30:00-04:00,2.300843050392840517033542231,1.011201286390603727076415255,2.046576559774741316257802238,10,d17667cd56cffecdbc25,2019-06-21,2,2019-06-21,2019
NQZ9,prior_rth,2019-09-26T16:00:00-04:00,2.269552465998240495004048429,0.923818499062630218685695796,2.014917483156166783324868591,23,d1acee93ff19c6ab263c,2019-09-27,2,2019-09-26,2019
NQU9,full_overnight,2019-06-27T09:30:00-04:00,2.839538993629486510199621417,1.000825290395486473832277796,2.267713809181859390408073947,15,d1cb4be9715353135ba9,2019-06-27,2,2019-06-27,2019
NQU9,midnight,2019-08-30T09:30:00-04:00,3.7531641671698548899485802,0.7031738277546189467347840836,2.901033108701268329419719476,23,d2187b79ac32897fa892,2019-08-30,2,2019-08-30,2019
NQH0,opening_hour_rth,2019-12-26T10:30:00-05:00,2.324466004926955920253131194,0.862774078492239682402484306,2.180784811981996169773407617,6,d22d6d6be930a42734e5,2019-12-26,2,2019-12-26,2019
NQU9,opening_hour_rth,2019-08-13T10:30:00-04:00,3.599565348537990251475301709,0.6477689924649668333186939557,3.003517831108257925598578619,23,d23cd416236ded1da809,2019-08-13,2,2019-08-13,2019
NQU9,opening_hour_rth,2019-07-22T10:30:00-04:00,2.053015783514906139927747951,1.035832230018418534656375452,1.927114473366332523492048142,8,d29d5bdbfafd4246e4e9,2019-07-22,2,2019-07-22,2019
NQH9,opening_hour_rth,2019-02-04T10:30:00-05:00,2.337835452306075218003249263,0.9116165740874312469296795245,2.050433101250918804102541543,13,d2ec4e492daf7b45824f,2019-02-04,2,2019-02-04,2019
NQZ9,opening_hour_rth,2019-11-12T10:30:00-05:00,3.675583217893383282667501129,0.750115250548128952966224569,2.595532637237382168117991916,9,d313b3b88dba553f4db0,2019-11-12,2,2019-11-12,2019
NQH9,opening_hour_rth,2019-01-04T10:30:00-05:00,2.981232438183045557858614747,0.7610996480955144384779613841,2.368368881736165707229950707,20,d32aeb1e8cd6dbc6f017,2019-01-04,2,2019-01-04,2019
NQM9,opening_hour_rth,2019-05-20T10:30:00-04:00,2.176843802098374567747961929,0.8576388689812814250438777433,2.120955384381407936306650338,13,d3a3c6a25ca444c5375d,2019-05-20,2,2019-05-20,2019
NQU9,prior_rth,2019-06-25T16:00:00-04:00,3.229298624490625958568071896,0.8089351615413393070490998634,2.419138956871007221033357282,35,d3b609dc5af8ea4bd73d,2019-06-26,2,2019-06-25,2019
NQZ9,full_overnight,2019-10-03T09:30:00-04:00,2.263739269572177476809067399,1.009394263967551570204213679,1.826530810355791515662055533,13,d40f37160f8049dd65fa,2019-10-03,2,2019-10-03,2019
NQZ9,opening_hour_rth,2019-11-05T10:30:00-05:00,2.294026441914530068607244186,0.7760753730506907904148042265,2.219018612473866100821800229,10,d46a7e0030b0aca74bdd,2019-11-05,2,2019-11-05,2019
NQM9,opening_hour_rth,2019-06-12T10:30:00-04:00,1.84464998058015973191495303,1.161996345908541406513747924,1.78683528699325673968980147,11,d472a5adce501220692f,2019-06-12,2,2019-06-12,2019
NQM9,full_overnight,2019-06-10T09:30:00-04:00,3.169345540992771305136940104,0.725320706742639918550846051,2.771029317292302126098435093,16,d49e676107521c360baf,2019-06-10,2,2019-06-10,2019
NQM9,opening_hour_rth,2019-06-04T10:30:00-04:00,2.718286190399839559634371876,0.7815350807458696032673070309,2.334536815210540089651571746,17,d556699003790c1dd2dd,2019-06-04,2,2019-06-04,2019
NQZ9,full_overnight,2019-11-13T09:30:00-05:00,2.945733203746503157326115549,0.8451556967500744291103901849,2.561155296332674999853309279,15,d59536423bc14835ee7c,2019-11-13,2,2019-11-13,2019
NQU9,prior_rth,2019-08-20T16:00:00-04:00,2.225167582993837465373231396,1.124258934487106559531466531,2.141200351853455858341949116,17,d6091d1af4cbc2af2252,2019-08-21,2,2019-08-20,2019
NQZ9,full_overnight,2019-10-25T09:30:00-04:00,2.482525146318429108922980451,1.015891436660017709341750548,2.175725209092682609678178693,6,d69263c66d25331308e2,2019-10-25,2,2019-10-25,2019
NQU9,opening_hour_rth,2019-07-11T10:30:00-04:00,1.971205845503920308692627901,0.917135275421706132361636702,1.93381568413224250991570306,6,d693fbe1fd75a96d74c6,2019-07-11,2,2019-07-11,2019
NQU9,opening_hour_rth,2019-08-27T10:30:00-04:00,2.617415548875673359605211491,0.6439794123297032641279711077,2.589392502666137143282392948,6,d6f6b0d4a51265584cf7,2019-08-27,2,2019-08-27,2019
NQM9,midnight,2019-03-14T09:30:00-04:00,1.958477780286333938614447297,1.154802046526953042661769329,1.57291721206927635512200387,14,d757a1f0b5dcf44e44e4,2019-03-14,2,2019-03-14,2019
NQM9,opening_hour_rth,2019-04-16T10:30:00-04:00,2.078502071653456919894241641,1.000443602294534158801364663,1.979737668225420918014848252,7,d77fa243ad1a71c24061,2019-04-16,2,2019-04-16,2019
NQM9,full_overnight,2019-03-28T09:30:00-04:00,1.996418369174961248020600309,1.093242345629020456748366947,1.817457459067266893864684213,15,d798af145bd2258c8523,2019-03-28,2,2019-03-28,2019
NQM9,midnight,2019-03-20T09:30:00-04:00,2.48560740502809794425416854,0.7316804179667207594537985425,2.320971688804687252739654364,7,d89eb19c6bf89be5154d,2019-03-20,2,2019-03-20,2019
NQU9,full_overnight,2019-08-09T09:30:00-04:00,2.478381176185161018466369954,0.6965852516400769430636756746,2.292966780580046190201196904,20,d8d934e139b687153286,2019-08-09,2,2019-08-09,2019
NQZ9,full_overnight,2019-10-07T09:30:00-04:00,5.390428313724032279385144559,0.0943140437682003253769318611,3.84232776773697644913704994,12,d96d36dd225fdf6400fc,2019-10-07,2,2019-10-07,2019
NQU9,prior_rth,2019-07-19T16:00:00-04:00,3.219613404551409178059192551,0.879433390130370762705360868,2.286003543238644813879213732,35,d993b699e7bbae5ec377,2019-07-22,2,2019-07-19,2019
NQM9,midnight,2019-05-21T09:30:00-04:00,3.26945878701316170403363334,0.9739123535347587287416825085,2.219483220059117260105051782,19,d9c6bed0e88269725f4c,2019-05-21,2,2019-05-21,2019
NQZ9,prior_rth,2019-11-13T16:00:00-05:00,2.278851591910106453256586752,0.8975559928667294749805810611,1.898642865597497951811863798,12,d9ecd27427cd67d55ca6,2019-11-14,2,2019-11-13,2019
NQZ9,midnight,2019-09-18T09:30:00-04:00,2.813655034000645844801714816,0.7341937656305506119739145895,2.729647037514053897664569096,6,da25bab60149bc500d08,2019-09-18,2,2019-09-18,2019
NQM9,opening_hour_rth,2019-05-02T10:30:00-04:00,2.075158962459879299680515147,0.9182138672270916513632590844,1.931428771184438425850277919,13,db99c21b343e1eb08a50,2019-05-02,2,2019-05-02,2019
NQZ9,opening_hour_rth,2019-12-12T10:30:00-05:00,2.736713444300583485395389438,0.639169183094434776812254169,2.44148949749418723358662514,17,dba001ab3996a3eef851,2019-12-12,2,2019-12-12,2019
NQM9,midnight,2019-05-10T09:30:00-04:00,2.056762298958102207226966291,1.096468834639196065970150046,1.977478071034845892301346708,23,dba7a31c2145bd2086ec,2019-05-10,2,2019-05-10,2019
NQM9,opening_hour_rth,2019-05-28T10:30:00-04:00,2.620742299254076086949372977,0.904744295334266280981971644,2.406821404764436682979112969,9,dc1a07250f5089c74ae0,2019-05-28,2,2019-05-28,2019
NQU9,opening_hour_rth,2019-07-05T10:30:00-04:00,1.657843494551791911485505821,1.121671819854495051574719864,1.587556369777421802152230032,10,dc41c745a2b71d31aade,2019-07-05,2,2019-07-05,2019
NQZ9,opening_hour_rth,2019-10-16T10:30:00-04:00,2.262774316608474410919701737,0.6079985125756964016320521233,2.095693187792497189399301714,8,dc7bb6ec3debfcaf3ee9,2019-10-16,2,2019-10-16,2019
NQU9,midnight,2019-08-07T09:30:00-04:00,2.337349403801571811687522049,0.8663829777624132826898821381,1.903599867264073579042383487,40,dc8b9314c2d47189d5b7,2019-08-07,2,2019-08-07,2019
NQH9,opening_hour_rth,2019-03-08T10:30:00-05:00,1.876099636455147909343682522,0.9622291522142688982787377409,1.821312076582530306006103071,5,ddce86857c1d34bb75bc,2019-03-08,2,2019-03-08,2019
NQU9,full_overnight,2019-09-09T09:30:00-04:00,3.325861479422368929153478069,0.642420837849105982926102977,3.102456958900146999990630987,7,ddfa65f32203856308c8,2019-09-09,2,2019-09-09,2019
NQU9,opening_hour_rth,2019-07-16T10:30:00-04:00,1.965175514074025504241977893,1.1328770106153520556706411,1.842096377166032615376679827,6,de0d8d6ac804c27f5d5b,2019-07-16,2,2019-07-16,2019
NQH9,full_overnight,2019-01-23T09:30:00-05:00,2.267462502038752073190333907,0.881768859213407594783219678,2.118979471884712423780247173,19,de2e9074084f16358774,2019-01-23,2,2019-01-23,2019
NQZ9,opening_hour_rth,2019-10-22T10:30:00-04:00,1.928621243129426890614073937,1.09018065627335554560734209,1.667713398141196779449823049,9,de32d284ddd235efc675,2019-10-22,2,2019-10-22,2019
NQH9,full_overnight,2019-01-24T09:30:00-05:00,2.168459441181474834717290691,1.0340702362862627164605566,1.85736680430260063319003888,13,de4ff3544663f19b3e6d,2019-01-24,2,2019-01-24,2019
NQM9,full_overnight,2019-05-10T09:30:00-04:00,2.426316940598795634523228838,0.892084769651509097022696298,2.198168237515767461153975831,33,df05e10b51a4fe6c8713,2019-05-10,2,2019-05-10,2019
NQU9,prior_rth,2019-09-06T16:00:00-04:00,2.584840566446186309725325789,1.005551361325769235232222134,1.994456957049264004369599484,8,df12e9b3da4a800302c7,2019-09-09,2,2019-09-06,2019
NQH9,opening_hour_rth,2019-01-24T10:30:00-05:00,1.984057999614873477953659973,1.005847923819394751090174866,1.835091423490195150468700436,12,df2a35c4d38007a517a1,2019-01-24,2,2019-01-24,2019
NQU9,full_overnight,2019-08-08T09:30:00-04:00,3.027672766688322119359644087,0.720948004975771323907534771,2.662603959094668655340742382,28,df3c192188a3a6243291,2019-08-08,2,2019-08-08,2019
NQZ9,midnight,2019-09-30T09:30:00-04:00,3.085603542089117666256563729,0.720474697553880593725437725,2.555589819623448561694380829,10,dfa0cf6074d4ef5b95ed,2019-09-30,2,2019-09-30,2019
NQU9,midnight,2019-08-06T09:30:00-04:00,2.601984778277915332438665749,0.8604677624925950319119871188,2.240700324702846522197650237,26,dfa6518734783ccd1c9b,2019-08-06,2,2019-08-06,2019
NQM9,opening_hour_rth,2019-06-06T10:30:00-04:00,2.542496081707787018059120297,0.686663993339725026811100043,2.481353142172133364135661276,9,e00a17ae7225a70a225c,2019-06-06,2,2019-06-06,2019
NQU9,opening_hour_rth,2019-09-10T10:30:00-04:00,2.389414537254135477373886353,0.8904685756204386962863346066,2.162563833936480031276262047,14,e039f7e019a26cfe5707,2019-09-10,2,2019-09-10,2019
NQM9,opening_hour_rth,2019-05-09T10:30:00-04:00,3.049720054219632137169486096,0.759063762301194569833960473,2.699894829166231598573504222,15,e07a1217c33b3341604e,2019-05-09,2,2019-05-09,2019
NQH9,opening_hour_rth,2019-03-06T10:30:00-05:00,2.354553258602983817144359824,0.9145398466652335873297615705,2.238809121362449021893989431,7,e0e6be052cac263b3613,2019-03-06,2,2019-03-06,2019
NQU9,opening_hour_rth,2019-06-28T10:30:00-04:00,2.831998066676502552129944852,0.702655872014354293433826813,2.560044321137319732979463078,10,e1803621534aa4af778c,2019-06-28,2,2019-06-28,2019
NQH9,midnight,2019-01-04T09:30:00-05:00,2.792857115115205278492085782,0.6871667214386900643025948335,2.292036412367666623789335164,25,e1b453a20631bbca0a87,2019-01-04,2,2019-01-04,2019
NQH9,prior_rth,2019-02-20T16:00:00-05:00,2.596984057476927930504837478,0.8169691739984378976741298919,2.418575337704252196552087336,19,e1cb807099ace28427f1,2019-02-21,2,2019-02-20,2019
NQU9,prior_rth,2019-08-15T16:00:00-04:00,2.701334608846720976501549307,0.8908988038942380409099850258,2.45523324677391660160472111,24,e215fdf2714a93ec5920,2019-08-16,2,2019-08-15,2019
NQZ9,full_overnight,2019-09-23T09:30:00-04:00,2.543878954156676547491978524,1.0473696646927507605107456,2.185312331727280403988271608,18,e31d568e736a60e9e34d,2019-09-23,2,2019-09-23,2019
NQH9,opening_hour_rth,2019-02-07T10:30:00-05:00,1.993543063289715061863844512,0.817425388941849024836650333,1.913598804888428360044525686,10,e33a2601fc3f808d7267,2019-02-07,2,2019-02-07,2019
NQH9,full_overnight,2019-01-29T09:30:00-05:00,2.213820269666110843643203421,0.9281795584724849567380239605,2.094701821734572581574620909,16,e415dc29e5468af71bf4,2019-01-29,2,2019-01-29,2019
NQZ9,midnight,2019-11-11T09:30:00-05:00,2.451961222464060671847252337,0.7020739448940283008096662472,2.26192208020497003820430087,6,e41ba9874b2610cb1cef,2019-11-11,2,2019-11-11,2019
NQH9,full_overnight,2019-01-28T09:30:00-05:00,3.679643622205100894210678122,0.4225533493525950604156457472,3.149055642857997852097200596,18,e528bea48de7e89d9fa7,2019-01-28,2,2019-01-28,2019
NQM9,opening_hour_rth,2019-05-30T10:30:00-04:00,2.970349475085974593641675102,0.7305457763658651758543463533,2.730312014652046119026636054,3,e541387fce1041c79442,2019-05-30,2,2019-05-30,2019
NQM9,full_overnight,2019-04-11T09:30:00-04:00,2.871386396529938043120858619,0.807245373510642610404541364,2.417180844945818161784812171,12,e5aa2daca275c8bf4c85,2019-04-11,2,2019-04-11,2019
NQH9,opening_hour_rth,2019-01-03T10:30:00-05:00,2.118705948348866522148862221,0.941389707747469521836625241,1.915917949388584397267477899,20,e621c3b4f193f102cbe1,2019-01-03,2,2019-01-03,2019
NQZ9,opening_hour_rth,2019-10-31T10:30:00-04:00,2.085936148128027916265996332,0.9378622871925783070610338502,1.754369816108545621412727607,18,e693ce6588e2850e747d,2019-10-31,2,2019-10-31,2019
NQZ9,full_overnight,2019-09-27T09:30:00-04:00,2.705756385506325345320743252,0.825295064038103046396844301,2.223813040147110242615109261,20,e6f8a1931678575437ea,2019-09-27,2,2019-09-27,2019
NQZ9,midnight,2019-09-24T09:30:00-04:00,2.389968056199454016764995861,1.059613650240092980361084218,2.235060241458395932017565644,7,e71d123d676fea56711f,2019-09-24,2,2019-09-24,2019
NQH9,opening_hour_rth,2019-01-22T10:30:00-05:00,1.829467393368095319816009583,0.9897796623949313145576995634,1.725364126581814609305505097,11,e72ad08f58382735d5a7,2019-01-22,2,2019-01-22,2019
NQM9,prior_rth,2019-03-13T16:00:00-04:00,2.515682710946127294237740752,0.7654478086157827868434253738,2.402278270044798028998112264,23,e7414cb6ff63c08f08e3,2019-03-14,2,2019-03-13,2019
NQU9,opening_hour_rth,2019-08-20T10:30:00-04:00,1.959971735319572581316429851,1.094986149606211452256888234,1.834303996613498603624837302,7,e75d9b1680e7328b7f94,2019-08-20,2,2019-08-20,2019
NQU9,prior_rth,2019-06-20T16:00:00-04:00,2.779465517847318294481021383,0.9876692299543225837704028235,2.13673625026647982270880199,20,e815e6c9fe766b9f6f13,2019-06-21,2,2019-06-20,2019
NQZ9,prior_rth,2019-11-15T16:00:00-05:00,3.130734484528356612581803792,0.733829072734767232922926328,2.671776523391967101861619731,4,e818de55ebe6f7b02ec6,2019-11-18,2,2019-11-15,2019
NQZ9,opening_hour_rth,2019-10-18T10:30:00-04:00,2.719890984233623096285438371,0.8256729174679716782093254239,2.503016467226050829262659867,10,eafe84f5424cb6c306f9,2019-10-18,2,2019-10-18,2019
NQH9,prior_rth,2019-02-12T16:00:00-05:00,3.551967179699283791212541858,0.471637165693948658868295213,2.917177510397552404196847872,12,ebc01a0c552aaf0ecfb9,2019-02-13,2,2019-02-12,2019
NQM9,midnight,2019-04-10T09:30:00-04:00,2.180829724487551814508460009,0.888171296359621619143272538,1.957107145460410651942484412,7,ebd61a87b827268c76d6,2019-04-10,2,2019-04-10,2019
NQH9,midnight,2019-03-05T09:30:00-05:00,2.72178967555992797902363737,1.034912761024589077854329438,2.104930104370377039635627323,7,ebf2a72df7d2150a7046,2019-03-05,2,2019-03-05,2019
NQU9,prior_rth,2019-06-27T16:00:00-04:00,3.252730154897697326127962529,0.527767426062865536552867236,3.119262919910533605363895547,7,ec6f0e794d0c10df5898,2019-06-28,2,2019-06-27,2019
NQZ9,midnight,2019-11-21T09:30:00-05:00,2.318121557070562700809728763,1.086790617874822154807195462,1.80633971956387895215939937,18,ed04703047363a25e34f,2019-11-21,2,2019-11-21,2019
NQU9,opening_hour_rth,2019-07-26T10:30:00-04:00,2.739577765862951388193826969,0.583057265212210056919364552,2.60223831929034292627442862,9,ed12fa118e5f192c5fc6,2019-07-26,2,2019-07-26,2019
NQH9,prior_rth,2019-01-17T16:00:00-05:00,4.766186469861482662129721013,0.4897040823530026360128141388,3.949022547175342536416141292,23,edde898eeb9a799762dc,2019-01-18,2,2019-01-17,2019
NQM9,opening_hour_rth,2019-05-29T10:30:00-04:00,2.689496826828546686091327598,0.726581151976322662974388725,2.517690471168195750168848069,10,ee31fe4cbe12465811d9,2019-05-29,2,2019-05-29,2019
NQU9,prior_rth,2019-07-18T16:00:00-04:00,2.162999331527900359063097569,0.9662949206762394418979693305,1.719340011892617400030694694,26,ee7450b614c3d4c8907d,2019-07-19,2,2019-07-18,2019
NQH0,full_overnight,2019-12-27T09:30:00-05:00,3.793074762361635123860071447,0.6332762983649641350984363736,2.845973538962910599813578372,15,ef1259a46a77a3e14abc,2019-12-27,2,2019-12-27,2019
NQM9,prior_rth,2019-03-20T16:00:00-04:00,3.540044151589663385093521959,0.9143424249342306423882843665,3.079315229799905979463954834,32,ef1ba0f856c9949edb2a,2019-03-21,2,2019-03-20,2019
NQZ9,prior_rth,2019-10-02T16:00:00-04:00,2.910460405462252867145573877,0.804120861154770043360246075,2.520357723404525224531606434,36,ef1bcc96b4a133167117,2019-10-03,2,2019-10-02,2019
NQZ9,prior_rth,2019-10-01T16:00:00-04:00,3.324612585753597800725844173,0.807217378043959801623510018,2.427473898596017394730320168,46,ef2109db2cb3753d9e20,2019-10-02,2,2019-10-01,2019
NQM9,full_overnight,2019-04-01T09:30:00-04:00,4.493038461487723205921001264,0.601861251978482507816007283,3.511164111831366120450257162,11,ef5bf466508dfbddefc4,2019-04-01,2,2019-04-01,2019
NQM9,opening_hour_rth,2019-03-14T10:30:00-04:00,1.761938444197952210934742376,1.080925579319095118893547774,1.642885748456371695979106386,7,ef6065763b1906ed9053,2019-03-14,2,2019-03-14,2019
NQZ9,midnight,2019-11-05T09:30:00-05:00,3.011125923146700062214179048,0.5811660617204547699903883777,2.993657506076273352381207508,4,efe275585020829bbb66,2019-11-05,2,2019-11-05,2019
NQM9,opening_hour_rth,2019-03-25T10:30:00-04:00,3.210889288309869982848145326,0.677391890691992785803058646,2.871877625256829789610831799,15,f02d546a0522db6dbb64,2019-03-25,2,2019-03-25,2019
NQH9,full_overnight,2019-01-11T09:30:00-05:00,2.513766737903865836466557657,0.855746714981453398245024249,2.412190083364208770929697494,12,f065f8eeff17c7220ef9,2019-01-11,2,2019-01-11,2019
NQU9,full_overnight,2019-08-05T09:30:00-04:00,2.389075332794841947126697347,0.9286252598457827452173969906,2.181614714471505697327123288,45,f0797a07e4377ed92838,2019-08-05,2,2019-08-05,2019
NQH9,prior_rth,2019-02-13T16:00:00-05:00,2.534406575246744802144224754,0.976929154316733520387429238,2.16775035445219353887837665,15,f0b7bb03608541486d73,2019-02-14,2,2019-02-13,2019
NQZ9,opening_hour_rth,2019-11-04T10:30:00-05:00,2.063388791086453784269890523,1.073305519867377696228886542,1.979201645914069965781078312,8,f1016645ffde26db96f5,2019-11-04,2,2019-11-04,2019
NQZ9,midnight,2019-10-04T09:30:00-04:00,2.016216327265961228242741089,0.9811478433847546288378458156,1.90511593555578496261922154,18,f16ea9670053c7f1928b,2019-10-04,2,2019-10-04,2019
NQH9,opening_hour_rth,2019-01-23T10:30:00-05:00,2.058731174234869815498145807,0.9128119966487714175642566404,2.015156864881533038733679411,12,f1cc20d41b581216b278,2019-01-23,2,2019-01-23,2019
NQZ9,full_overnight,2019-11-11T09:30:00-05:00,3.645909786918280453275913124,0.534415544265855028169278417,3.235813040815319251731462657,14,f205957ff75930d10291,2019-11-11,2,2019-11-11,2019
NQU9,prior_rth,2019-08-28T16:00:00-04:00,3.123298184045058319906617923,0.774292351104059024508531584,2.732525952199542017958995418,25,f25df0eee1f30e9b5160,2019-08-29,2,2019-08-28,2019
NQZ9,full_overnight,2019-10-01T09:30:00-04:00,2.055122161250638686196899556,0.8504428530069222130772399024,1.966758094987946121266473791,12,f3ad584848d37d5ef9a4,2019-10-01,2,2019-10-01,2019
NQH0,prior_rth,2019-12-27T16:00:00-05:00,3.305907899469640989023355207,0.7684183112939841821191331768,2.584659231211781691968071618,22,f3d6aa4e917241f26476,2019-12-30,2,2019-12-27,2019
NQU9,prior_rth,2019-08-12T16:00:00-04:00,2.389535007091208002442367126,0.877801424840090392071424203,2.047964132030495028900994469,19,f40ffc0a5efea5e901d8,2019-08-13,2,2019-08-12,2019
NQM9,midnight,2019-05-29T09:30:00-04:00,4.019707715501831394110490952,0.5033820223417313046172857683,3.28522518466796635968456036,12,f42c05cce4add917de24,2019-05-29,2,2019-05-29,2019
NQM9,midnight,2019-04-17T09:30:00-04:00,3.594000143929861413884995528,0.6388137168875133731703067265,2.975216863090209567701068831,15,f43288359c17beafbb72,2019-04-17,2,2019-04-17,2019
NQU9,full_overnight,2019-07-31T09:30:00-04:00,2.387340756441610141062718907,0.6708005531836359112131483511,2.368069778374236815777736053,7,f473beb2349b4bdd3866,2019-07-31,2,2019-07-31,2019
NQU9,full_overnight,2019-07-08T09:30:00-04:00,3.574144774067528097595523052,0.7782523122283745588069377209,2.890198170606230535288568776,16,f47658dc94bf1bf5998f,2019-07-08,2,2019-07-08,2019
NQM9,opening_hour_rth,2019-04-15T10:30:00-04:00,3.06497031740683133162310991,0.80228811435922876349611773,2.367256074667725825046889684,11,f4b995185eae21bfab4a,2019-04-15,2,2019-04-15,2019
NQH0,full_overnight,2019-12-19T09:30:00-05:00,2.189536089026409962510862862,0.977208393833808818039064576,2.127423654738640386650789762,5,f58c7fd606e57285d598,2019-12-19,2,2019-12-19,2019
NQH9,prior_rth,2019-01-07T16:00:00-05:00,2.41889074401212119135168258,0.924752545391373806433937962,2.275610981855949691245355684,25,f5ba20f5672bc53175f0,2019-01-08,2,2019-01-07,2019
NQZ9,full_overnight,2019-10-09T09:30:00-04:00,3.049635113857131773044896778,0.815993329512338572632613051,2.420160354948438423006647913,26,f6e2c250814772c24d00,2019-10-09,2,2019-10-09,2019
NQZ9,prior_rth,2019-10-18T16:00:00-04:00,2.643872200771530022065556213,0.88585462588085797576056849,2.223228363157655613333645056,33,f7d848c0d89af77446e1,2019-10-21,2,2019-10-18,2019
NQZ9,midnight,2019-09-25T09:30:00-04:00,3.656901183302628519425144364,0.9238910929328470220343235345,2.203254379797746827714639004,20,f81de90371a31f1a4770,2019-09-25,2,2019-09-25,2019
NQZ9,opening_hour_rth,2019-10-24T10:30:00-04:00,2.663079346778198694392923051,0.7432195681868779460185339295,2.460219005371765554435749396,6,f82131bfff4a575dc610,2019-10-24,2,2019-10-24,2019
NQH9,midnight,2019-03-08T09:30:00-05:00,3.446755062691135371044871139,0.6286620305193279505208269482,3.10356652226458576113726727,23,f835c2b35fb57c0f43e4,2019-03-08,2,2019-03-08,2019
NQH9,prior_rth,2019-03-07T16:00:00-05:00,2.511257933823486445292769866,0.941192201358880772567092176,2.254236449680495913062652477,30,f84cbd06300f1a4663f2,2019-03-08,2,2019-03-07,2019
NQZ9,opening_hour_rth,2019-11-15T10:30:00-05:00,2.609828685404451062411112078,0.9265656100252488101820235287,2.514897081492219903376690967,6,f85a288d23c50a9b3e1b,2019-11-15,2,2019-11-15,2019
NQH9,opening_hour_rth,2019-02-27T10:30:00-05:00,2.37517992031667319648019306,0.8584469735155143527530888655,1.932784974452611518277208143,17,f867b22f4a33d53dff8a,2019-02-27,2,2019-02-27,2019
NQZ9,midnight,2019-10-21T09:30:00-04:00,3.727419371859843668804253678,0.628676977421468993012052645,3.145390517241182377498926371,8,f89a57bd016921b03c35,2019-10-21,2,2019-10-21,2019
NQH9,opening_hour_rth,2019-02-28T10:30:00-05:00,1.613404349219757519282215048,1.060641831583250206171708672,1.559942222282127285495339578,11,f8a22dae9a31e95f0463,2019-02-28,2,2019-02-28,2019
NQU9,prior_rth,2019-07-17T16:00:00-04:00,3.491667988752162206157660909,0.7443855903027218257345630614,2.580024581854704336628211063,10,f8bf5c1ffd99108233d0,2019-07-18,2,2019-07-17,2019
NQU9,midnight,2019-07-01T09:30:00-04:00,4.117427442839693516102317992,0.5213053623728382860254189505,2.95699723432316837987007434,15,f8c7cfc6d58190fbe9c1,2019-07-01,2,2019-07-01,2019
NQU9,opening_hour_rth,2019-08-29T10:30:00-04:00,2.270628508706082495122626148,0.889410427305359444227376234,2.103820978315674397852233482,10,f8e30917cb5a05fb1019,2019-08-29,2,2019-08-29,2019
NQU9,prior_rth,2019-08-23T16:00:00-04:00,2.83469750206384251827194068,0.830269809865160151305426782,2.277480234003795068350103311,59,f9d432b54932f99d8731,2019-08-26,2,2019-08-23,2019
NQU9,opening_hour_rth,2019-07-08T10:30:00-04:00,2.330073535803119687069619229,1.075847612016762251206052066,2.056919425440412204573876382,12,f9edc5f95d4d6b40454c,2019-07-08,2,2019-07-08,2019
NQU9,full_overnight,2019-08-02T09:30:00-04:00,2.333165072778376037644803936,1.115447434433868847201151045,2.011031852215781628623383712,22,fa39700f40b80ec0028d,2019-08-02,2,2019-08-02,2019
NQZ9,opening_hour_rth,2019-12-04T10:30:00-05:00,2.523288616266245431592487496,0.7310673911266427319174001997,2.405122337501600470382836937,7,fa5f94c37cf7a3f2004c,2019-12-04,2,2019-12-04,2019
NQZ9,prior_rth,2019-11-21T16:00:00-05:00,2.075423353040063257942284219,1.00768677781512160100215861,2.008324001431144964367039287,9,faf8dc50a50ed2d56e96,2019-11-22,2,2019-11-21,2019
NQU9,midnight,2019-07-22T09:30:00-04:00,2.680120535045101403889761058,0.9758221904620091402757115905,2.382069044113245787812979373,15,fb0da33ae3067e5b0d86,2019-07-22,2,2019-07-22,2019
NQM9,midnight,2019-04-30T09:30:00-04:00,1.920486589384049859041648298,1.042890460701543720645483712,1.776261008920381076682460778,9,fb30cf01534031c0417c,2019-04-30,2,2019-04-30,2019
NQM9,opening_hour_rth,2019-03-29T10:30:00-04:00,2.258108825649823537072709883,0.776848379150990796017914619,2.176912668659653506125517653,8,fb4302a4fcf800bb26c8,2019-03-29,2,2019-03-29,2019
NQM9,opening_hour_rth,2019-06-10T10:30:00-04:00,2.431354795243367754464946374,0.860663215860032614068302871,2.214900534726255311761704872,17,fb6b362f5c2849074260,2019-06-10,2,2019-06-10,2019
NQZ9,prior_rth,2019-12-06T16:00:00-05:00,2.655494555427861769425956142,0.990196676775707168638704391,2.317116790043592137865824691,11,fb7ac295674f98cfa95f,2019-12-09,2,2019-12-06,2019
NQH9,opening_hour_rth,2019-02-08T10:30:00-05:00,2.059079417651484765196857243,0.960835121120133739573355542,1.936532331279690227070306523,11,fbf628743ed3ff73b280,2019-02-08,2,2019-02-08,2019
NQH9,prior_rth,2019-02-22T16:00:00-05:00,1.981878236787078393650255616,1.06403710891378733822363703,1.751234587079092830940579684,13,fc38294223db8d6a6a7e,2019-02-25,2,2019-02-22,2019
NQM9,full_overnight,2019-06-05T09:30:00-04:00,2.470844850621688677269308179,0.9026996296227841842905325401,2.202655147234397202785206158,18,fc8a345b0cb5e13137ac,2019-06-05,2,2019-06-05,2019
NQM9,midnight,2019-05-17T09:30:00-04:00,2.504670812146592961426729596,0.813839828252584211084604414,2.065252938759192452454324952,24,fcfecc77e8b060358758,2019-05-17,2,2019-05-17,2019
NQZ9,midnight,2019-11-04T09:30:00-05:00,2.356639137644207268383932999,0.974451562235631245356839341,1.846574034576297981486146556,12,fd1a894132c9c5d1c979,2019-11-04,2,2019-11-04,2019
NQM9,midnight,2019-03-21T09:30:00-04:00,2.821782193641591733680353074,0.916802658813255036304914348,2.217035044075308923659673629,15,fd735f17be0d7e4e5309,2019-03-21,2,2019-03-21,2019
NQZ9,prior_rth,2019-12-05T16:00:00-05:00,2.860549494404431989618140841,0.9468134534824695048037726035,2.715534990457330400199579083,12,fdcdddf143a0ff9ad439,2019-12-06,2,2019-12-05,2019
NQM9,midnight,2019-05-31T09:30:00-04:00,3.352784478286685749858916303,0.6777503100236475215866625765,2.684195212253649294526540659,26,fde221660a8627c159b4,2019-05-31,2,2019-05-31,2019
NQU9,full_overnight,2019-07-22T09:30:00-04:00,2.473675312644533387412620962,0.933372876785753942717225477,2.150702793849018512678209284,17,fe33a35cd1f60bf2c9b5,2019-07-22,2,2019-07-22,2019
NQH0,prior_rth,2019-12-26T16:00:00-05:00,3.69856162373770739771996123,0.715655862324735264840302251,2.714777665313628625691026408,14,fe6f37f122723b3021da,2019-12-27,2,2019-12-26,2019
NQZ9,opening_hour_rth,2019-11-01T10:30:00-04:00,2.022554947555473932621298951,0.9886904971364409273273188131,1.927487766519729948974581346,11,ff1a68c25bdfcba75df3,2019-11-01,2,2019-11-01,2019
NQU9,prior_rth,2019-08-13T16:00:00-04:00,8.232198458452143531599893062,0.3764741379894313406206317002,5.148576611705318296806364364,27,ff527e27294067d90524,2019-08-14,2,2019-08-13,2019
NQU9,prior_rth,2019-06-17T16:00:00-04:00,3.193667485922069857856754209,0.3482556305428818890842750496,3.018986048368666366576611183,14,ff92ed686706aa299292,2019-06-18,2,2019-06-17,2019
NQZ9,opening_hour_rth,2019-11-11T10:30:00-05:00,1.906444621235394906491666741,1.103849048742561143870242174,1.636957301637068478791545768,9,ffb84b6daeb2d2e9f6d9,2019-11-11,2,2019-11-11,2019
NQH9,opening_hour_rth,2019-01-15T10:30:00-05:00,3.289490373854522688156049222,0.720836626599444437947665633,2.863737575509875058015711871,18,ffd8df5fbd7d7f32e4d0,2019-01-15,2,2019-01-15,2019
NQZ9,full_overnight,2019-12-06T09:30:00-05:00,4.59833518970478417000273533,0.4436586383881986192630158656,3.218132849269555897119248606,15,fff6a834d90591eeebf6,2019-12-06,2,2019-12-06,2019
