contiguous,contract,family,freeze_time,poc_inside,profile_id,session_date,source_date,tpo_POC,tpo_VAH,tpo_VAL,tpo_value_area_share,tpo_value_area_tick_count,year
true,NQH9,midnight,2019-01-18T09:30:00-05:00,true,000181fe67c6fecf6c7d,2019-01-18,2019-01-18,6738.375,6750.25,6731,0.7015032211882605583392984968,77,2019
true,NQM9,opening_hour_rth,2019-04-29T10:30:00-04:00,true,0049442e3899ed9c34e6,2019-04-29,2019-04-29,7845.125,7849,7837.5,0.7077338129496402877697841727,46,2019
true,NQH9,full_overnight,2019-02-26T09:30:00-05:00,true,00671d426e6be9a5c330,2019-02-26,2019-02-26,7087.125,7102.25,7081.5,0.7045878403580753450205147333,83,2019
true,NQZ9,prior_rth,2019-09-20T16:00:00-04:00,true,0078278d143e6b3ff2cc,2019-09-23,2019-09-20,7845.375,7897.25,7810.75,0.7006949806949806949806949807,346,2019
true,NQM9,prior_rth,2019-04-08T16:00:00-04:00,true,0182c5442c60e79f6612,2019-04-09,2019-04-08,7592.125,7606.25,7568.75,0.7017145738779626828038325769,150,2019
true,NQU9,opening_hour_rth,2019-07-12T10:30:00-04:00,true,0192f1f6f6dc6c7587bf,2019-07-12,2019-07-12,7933.125,7943.25,7929.5,0.7046843177189409368635437882,55,2019
true,NQM9,prior_rth,2019-05-24T16:00:00-04:00,true,01bba9e94bdea915d3c7,2019-05-28,2019-05-24,7321.625,7346,7314.75,0.7012271869100062932662051605,125,2019
true,NQM9,full_overnight,2019-06-12T09:30:00-04:00,true,021e9b52893475eda8ad,2019-06-12,2019-06-12,7487.125,7507.5,7473.75,0.7056664006384676775738228252,135,2019
true,NQM9,full_overnight,2019-03-11T09:30:00-04:00,true,027d098d6cf4f482a46d,2019-03-11,2019-03-11,7072.625,7076.5,7046.75,0.7021908652060898626067582622,119,2019
true,NQZ9,opening_hour_rth,2019-11-21T10:30:00-05:00,true,02a8ea834d4edbb1447b,2019-11-21,2019-11-21,8271.125,8280.5,8263.5,0.7009021512838306731436502429,68,2019
true,NQM9,prior_rth,2019-03-11T16:00:00-04:00,true,02d6c21c7b93b5712a96,2019-03-12,2019-03-11,7182.875,7196.75,7137.5,0.7005740528128587830080367394,237,2019
true,NQM9,prior_rth,2019-05-16T16:00:00-04:00,true,030771c5b9bcf1d3ee6b,2019-05-17,2019-05-16,7618.375,7624.75,7582,0.7023205778392500384201629015,171,2019
true,NQH9,prior_rth,2019-01-14T16:00:00-05:00,true,0327f9c6289d20a35520,2019-01-15,2019-01-14,6568.875,6575.25,6555,0.7018411183088987384930105694,81,2019
true,NQU9,prior_rth,2019-08-27T16:00:00-04:00,true,038916c838e3f81240a8,2019-08-28,2019-08-27,7574.625,7600.75,7541.25,0.7003900843085441046935950673,238,2019
true,NQH9,midnight,2019-03-01T09:30:00-05:00,true,03c21eab4c532627bdcf,2019-03-01,2019-03-01,7155.125,7157.75,7145,0.7111667859699355762347888332,51,2019
true,NQU9,midnight,2019-09-10T09:30:00-04:00,true,03f2603e5e9a30fb6eb2,2019-09-10,2019-09-10,7807.625,7820.25,7798.25,0.7013061851709565885516711487,88,2019
true,NQH9,prior_rth,2019-02-14T16:00:00-05:00,true,042251ba58af8a687149,2019-02-15,2019-02-14,7042.125,7047.5,7007.5,0.700111128750595332592474996,160,2019
true,NQH9,opening_hour_rth,2019-02-26T10:30:00-05:00,true,044fc8d538e8d2cb0223,2019-02-26,2019-02-26,7131.625,7136,7110,0.7016337059329320722269991402,104,2019
true,NQZ9,midnight,2019-10-15T09:30:00-04:00,true,0470eeb58bcb2c7e309f,2019-10-15,2019-10-15,7877.625,7895,7870,0.7060849598163030998851894374,100,2019
true,NQH9,prior_rth,2019-03-04T16:00:00-05:00,true,04e69c645caeedcacc6f,2019-03-05,2019-03-04,7133.375,7148,7080.25,0.7012203482791718085835732895,271,2019
true,NQU9,midnight,2019-07-02T09:30:00-04:00,true,065916afcc9d0db18f2b,2019-07-02,2019-07-02,7778.875,7787.75,7767.25,0.7020676691729323308270676692,82,2019
true,NQZ9,opening_hour_rth,2019-12-13T10:30:00-05:00,true,069a465479e66bbf20f7,2019-12-13,2019-12-13,8504.875,8520,8468.25,0.7009302325581395348837209302,207,2019
true,NQH9,midnight,2019-01-23T09:30:00-05:00,true,06c13f25f54f4501e90f,2019-01-23,2019-01-23,6671.875,6679.75,6643.75,0.700649787138695944431996415,144,2019
true,NQU9,prior_rth,2019-07-30T16:00:00-04:00,true,06e70b6f2a16b0882785,2019-07-31,2019-07-30,7963.875,7973,7958.25,0.700102145045965270684371808,59,2019
true,NQZ9,prior_rth,2019-09-17T16:00:00-04:00,true,06fc22a10dadfe91f9b3,2019-09-18,2019-09-17,7885.875,7890.25,7876.25,0.7067921990585070611970410222,56,2019
true,NQU9,full_overnight,2019-08-22T09:30:00-04:00,true,0754eec74e603fc9404c,2019-08-22,2019-08-22,7729.125,7760.5,7725.75,0.7019340159271899886234357224,139,2019
true,NQU9,full_overnight,2019-06-26T09:30:00-04:00,true,0816a70bca8da5dd37cf,2019-06-26,2019-06-26,7637.625,7671.5,7622.25,0.7005556389848325574410572158,197,2019
true,NQZ9,prior_rth,2019-09-23T16:00:00-04:00,true,0886830907bd7f562b9e,2019-09-24,2019-09-23,7850.625,7856.75,7830.25,0.7051831644583008573655494934,106,2019
true,NQM9,prior_rth,2019-05-14T16:00:00-04:00,true,088dc15f93cd4106fdad,2019-05-15,2019-05-14,7440.375,7458.25,7401.75,0.7011568958793708566229039386,226,2019
true,NQU9,opening_hour_rth,2019-06-21T10:30:00-04:00,true,092399182ac8a87c17ab,2019-06-21,2019-06-21,7758.375,7761.5,7746.75,0.7128712871287128712871287129,59,2019
true,NQU9,midnight,2019-08-15T09:30:00-04:00,true,098f84fa38635711bb8e,2019-08-15,2019-08-15,7524.875,7551.25,7491.75,0.7001184132622853759621077561,238,2019
true,NQM9,prior_rth,2019-06-07T16:00:00-04:00,true,09946e5c23d4668a278e,2019-06-10,2019-06-07,7430.125,7440.5,7417.5,0.7003716320842366057602973057,92,2019
true,NQM9,full_overnight,2019-04-26T09:30:00-04:00,true,09e63a4daac9f7527e52,2019-04-26,2019-04-26,7806.375,7810.25,7791.75,0.7006713912719134651249533756,74,2019
true,NQZ9,full_overnight,2019-11-12T09:30:00-05:00,true,0a4720417b22b0fe62ff,2019-11-12,2019-11-12,8255.375,8268.25,8245,0.7068811438784629133154602324,93,2019
true,NQU9,opening_hour_rth,2019-07-31T10:30:00-04:00,true,0acb9ac11443686ee1c3,2019-07-31,2019-07-31,7973.875,7984,7971.25,0.7002854424357754519505233111,51,2019
true,NQM9,prior_rth,2019-04-29T16:00:00-04:00,true,0b75d6b06fb954ab32d6,2019-04-30,2019-04-29,7853.375,7859.25,7842.25,0.7002504870581686612858335653,68,2019
true,NQH0,prior_rth,2019-12-19T16:00:00-05:00,true,0b8959dd7dcbd51641bf,2019-12-20,2019-12-19,8661.625,8664.5,8634.25,0.7029780564263322884012539185,121,2019
true,NQU9,opening_hour_rth,2019-08-26T10:30:00-04:00,true,0bbd3bf7d447b8eac1a2,2019-08-26,2019-08-26,7537.375,7557,7527.25,0.7025641025641025641025641026,119,2019
true,NQM9,midnight,2019-04-15T09:30:00-04:00,true,0c46dfbea6a39bfe6b32,2019-04-15,2019-04-15,7646.125,7651.25,7644,0.7172602739726027397260273973,29,2019
true,NQM9,prior_rth,2019-03-14T16:00:00-04:00,true,0c8a1f406e0e5bca8ff7,2019-03-15,2019-03-14,7279.375,7287.25,7276,0.7046703296703296703296703297,45,2019
true,NQU9,full_overnight,2019-09-12T09:30:00-04:00,true,0cab395ad3c3958b7e80,2019-09-12,2019-09-12,7935.125,7953,7921.25,0.7005913122583579713440982488,127,2019
true,NQU9,midnight,2019-08-26T09:30:00-04:00,true,0cb9d8bc15299fbd9847,2019-08-26,2019-08-26,7562.375,7596.75,7534,0.70087475997439726904203115,251,2019
true,NQM9,midnight,2019-03-11T09:30:00-04:00,true,0d2906930226b18dbabc,2019-03-11,2019-03-11,7072.625,7075.25,7059.75,0.7011764705882352941176470588,62,2019
true,NQH9,midnight,2019-02-06T09:30:00-05:00,true,0d4843f06f8a0ba2bdca,2019-02-06,2019-02-06,7004.125,7014.25,6995.75,0.7055412371134020618556701031,74,2019
true,NQM9,prior_rth,2019-04-02T16:00:00-04:00,true,0d66bae753478c067f42,2019-04-03,2019-04-02,7510.375,7518.75,7498.5,0.7035175879396984924623115578,81,2019
true,NQZ9,prior_rth,2019-12-10T16:00:00-05:00,true,0dd2695b9472a4bcd6b3,2019-12-11,2019-12-10,8371.375,8389.75,8364,0.7026431718061674008810572687,103,2019
true,NQZ9,prior_rth,2019-10-15T16:00:00-04:00,true,0e4744e3a89c179e0fd4,2019-10-16,2019-10-15,7956.125,7966.75,7933.75,0.7014229064613949148588756706,132,2019
true,NQM9,prior_rth,2019-04-11T16:00:00-04:00,true,0e648178b8149488435f,2019-04-12,2019-04-11,7620.375,7634,7611.5,0.7070555971079531288955372725,90,2019
true,NQU9,prior_rth,2019-07-25T16:00:00-04:00,true,0edf6b5c1d0568bff8da,2019-07-26,2019-07-25,7952.875,7966,7940.5,0.7048822336608953361410076431,102,2019
true,NQH9,midnight,2019-01-11T09:30:00-05:00,true,0f91db81e1a0ee00f2ef,2019-01-11,2019-01-11,6615.375,6624,6600.25,0.7052607913669064748201438849,95,2019
true,NQU9,opening_hour_rth,2019-07-19T10:30:00-04:00,true,0fa92c126fa7f91aa9a5,2019-07-19,2019-07-19,7949.875,7959.5,7939.75,0.7040731504571903574397339983,79,2019
true,NQU9,prior_rth,2019-09-11T16:00:00-04:00,true,0fdecf3a7cead46ffa95,2019-09-12,2019-09-11,7862.375,7888,7858.5,0.704092124203166769483857701,118,2019
true,NQM9,midnight,2019-06-12T09:30:00-04:00,true,1009a9a4f50e07b22f58,2019-06-12,2019-06-12,7487.125,7493.25,7480,0.7011630666983147400901970093,53,2019
true,NQU9,midnight,2019-07-18T09:30:00-04:00,true,108932cde6d31faddd69,2019-07-18,2019-07-18,7851.125,7874.25,7845.75,0.704205069124423963133640553,114,2019
true,NQH9,prior_rth,2019-01-28T16:00:00-05:00,true,109859a0960c55dc5287,2019-01-29,2019-01-28,6683.625,6693,6665,0.7033612211947746954351974167,112,2019
true,NQM9,full_overnight,2019-05-16T09:30:00-04:00,true,10b95c8b81f33620853f,2019-05-16,2019-05-16,7495.125,7527.25,7481.5,0.7014404681521494485707855053,183,2019
true,NQH9,midnight,2019-02-27T09:30:00-05:00,true,110df4c244c93a66a964,2019-02-27,2019-02-27,7101.125,7104.5,7094.75,0.7070824832410375983678227922,39,2019
true,NQH9,opening_hour_rth,2019-02-01T10:30:00-05:00,true,116b175c0344bd1922fe,2019-02-01,2019-02-01,6883.375,6912.5,6876,0.7022598870056497175141242938,146,2019
true,NQH9,prior_rth,2019-03-01T16:00:00-05:00,true,11a518d1845d0aae88c2,2019-03-04,2019-03-01,7152.125,7158,7126,0.7038867670186474949449561896,128,2019
true,NQU9,opening_hour_rth,2019-07-18T10:30:00-04:00,true,11dba2969aa221f43100,2019-07-18,2019-07-18,7892.375,7899,7885,0.7036409822184589331075359865,56,2019
true,NQU9,opening_hour_rth,2019-07-02T10:30:00-04:00,true,1218dad20c06ce59591e,2019-07-02,2019-07-02,7787.625,7793.25,7784.5,0.7002938295788442703232125367,35,2019
true,NQH9,opening_hour_rth,2019-02-25T10:30:00-05:00,true,1281745af004dda00df2,2019-02-25,2019-02-25,7160.875,7163.75,7151,0.7116504854368932038834951456,51,2019
true,NQZ9,prior_rth,2019-11-11T16:00:00-05:00,true,12b0dd1ebe5c9deca54a,2019-11-12,2019-11-11,8235.625,8251.25,8231.75,0.7021902582543314808761033017,78,2019
true,NQZ9,prior_rth,2019-12-13T16:00:00-05:00,true,12cbc2a587e41394df77,2019-12-16,2019-12-13,8496.375,8503.25,8472.25,0.7010247136829415310427968656,124,2019
true,NQH9,full_overnight,2019-02-04T09:30:00-05:00,true,12ee6821d1670c2d8845,2019-02-04,2019-02-04,6883.875,6888.75,6873,0.7056795499909272364362184721,63,2019
true,NQU9,midnight,2019-07-29T09:30:00-04:00,true,134bd41414aca5209a91,2019-07-29,2019-07-29,8025.625,8030.5,8012.75,0.7033333333333333333333333333,71,2019
true,NQU9,opening_hour_rth,2019-07-09T10:30:00-04:00,true,137da0f4f4726b17cc8f,2019-07-09,2019-07-09,7793.375,7809.5,7782.5,0.706512042818911685994647636,108,2019
true,NQM9,full_overnight,2019-05-14T09:30:00-04:00,true,13d7f6d32687b9a72134,2019-05-14,2019-05-14,7361.875,7390.5,7347.25,0.7031747775458640008788311546,173,2019
true,NQM9,midnight,2019-04-11T09:30:00-04:00,true,13e29e89498415d32249,2019-04-11,2019-04-11,7640.625,7647.5,7636.25,0.7039170506912442396313364055,45,2019
true,NQH9,prior_rth,2019-02-19T16:00:00-05:00,true,13f92f92767411d0efe5,2019-02-20,2019-02-19,7084.125,7087.75,7067.75,0.710016602102933038184836746,80,2019
true,NQU9,prior_rth,2019-07-02T16:00:00-04:00,true,148edaffa7a8dc06c619,2019-07-05,2019-07-02,7787.125,7803,7782.25,0.7052164261931187569367369589,83,2019
true,NQU9,full_overnight,2019-07-18T09:30:00-04:00,true,151abd50b0667f2f1fff,2019-07-18,2019-07-18,7851.125,7873.25,7845,0.7073214932946719826023921711,113,2019
true,NQZ9,full_overnight,2019-11-08T09:30:00-05:00,true,155ab3a43ee7d97a6655,2019-11-08,2019-11-08,8215.875,8224.5,8204.5,0.7041587901701323251417769376,80,2019
true,NQU9,midnight,2019-07-23T09:30:00-04:00,true,15937f5417e60719300e,2019-07-23,2019-07-23,7946.375,7964,7936.25,0.7043956043956043956043956044,111,2019
true,NQZ9,prior_rth,2019-09-25T16:00:00-04:00,true,1602484dedce8af4d410,2019-09-26,2019-09-25,7764.375,7777.75,7696.5,0.7001065814015454303224087397,325,2019
true,NQH9,opening_hour_rth,2019-02-14T10:30:00-05:00,true,16bfb73aa67e44c9d650,2019-02-14,2019-02-14,6990.625,7011,6978,0.7031346035648432698217578365,132,2019
true,NQU9,prior_rth,2019-06-18T16:00:00-04:00,true,17cc5f893598a9db6b88,2019-06-19,2019-06-18,7678.125,7701.75,7661.75,0.7048519609362889474500077507,160,2019
true,NQZ9,opening_hour_rth,2019-10-07T10:30:00-04:00,true,17cfd82216f46fb99ccd,2019-10-07,2019-10-07,7752.875,7756.25,7735.25,0.7024623803009575923392612859,84,2019
true,NQH9,midnight,2019-01-09T09:30:00-05:00,true,182782f4c19f16636fda,2019-01-09,2019-01-09,6586.875,6590.75,6573.25,0.7027954038758360487051963643,70,2019
true,NQH9,prior_rth,2019-02-28T16:00:00-05:00,true,183d82a9c97140cf1f2c,2019-03-01,2019-02-28,7110.875,7118.25,7093.5,0.705433122408902465633864281,99,2019
true,NQH9,midnight,2019-02-15T09:30:00-05:00,true,18a9b7cc5bb16641d03a,2019-02-15,2019-02-15,6986.625,7033,6975.25,0.7020702070207020702070207021,231,2019
true,NQM9,prior_rth,2019-05-23T16:00:00-04:00,true,18f53b6e1f44a33b44b6,2019-05-24,2019-05-23,7278.875,7318.75,7272.5,0.704623955431754874651810585,185,2019
true,NQM9,opening_hour_rth,2019-03-13T10:30:00-04:00,true,19041a32693d8d1ed503,2019-03-13,2019-03-13,7268.875,7275,7264.25,0.709072978303747534516765286,43,2019
true,NQZ9,opening_hour_rth,2019-10-10T10:30:00-04:00,true,19145395c30efb6e32e3,2019-10-10,2019-10-10,7752.875,7763,7712,0.7037724180581323438466295609,204,2019
true,NQH0,prior_rth,2019-12-20T16:00:00-05:00,true,191738c8bfb395f8f072,2019-12-23,2019-12-20,8708.375,8711.25,8695.75,0.7067773167358229598893499308,62,2019
true,NQM9,opening_hour_rth,2019-06-13T10:30:00-04:00,true,19af9dedca96d26a5349,2019-06-13,2019-06-13,7518.625,7531,7514,0.7045123726346433770014556041,68,2019
true,NQZ9,full_overnight,2019-09-20T09:30:00-04:00,true,1b35cf6d8976c375adfa,2019-09-20,2019-09-20,7933.875,7939,7925.25,0.7040201980967178092833559915,55,2019
true,NQM9,midnight,2019-03-26T09:30:00-04:00,true,1b5a46009f49e2e55c48,2019-03-26,2019-03-26,7362.375,7388.75,7356.5,0.7041686404547607768829938418,129,2019
true,NQM9,prior_rth,2019-06-05T16:00:00-04:00,true,1b6392e6811dff8ca4da,2019-06-06,2019-06-05,7203.375,7216.75,7187,0.7001154882586936994738868215,119,2019
true,NQZ9,prior_rth,2019-10-28T16:00:00-04:00,true,1bb7df64733555a5191a,2019-10-29,2019-10-28,8115.625,8121,8099.25,0.7034482758620689655172413793,87,2019
true,NQH0,opening_hour_rth,2019-12-19T10:30:00-05:00,true,1bc36142442f9110c1c5,2019-12-19,2019-12-19,8630.875,8632.75,8627.5,0.7157142857142857142857142857,21,2019
true,NQM9,full_overnight,2019-05-06T09:30:00-04:00,true,1ceac1b7b653050c7565,2019-05-06,2019-05-06,7692.625,7720.25,7684.75,0.7014774044032444959443800695,142,2019
true,NQM9,midnight,2019-05-14T09:30:00-04:00,true,1d0ab723407714b5c389,2019-05-14,2019-05-14,7368.875,7384,7355.25,0.7001626604012289896981745888,115,2019
true,NQH9,prior_rth,2019-01-03T16:00:00-05:00,true,1d0be41b38247483193b,2019-01-04,2019-01-03,6204.375,6251.25,6182,0.7010399243691367900516326085,277,2019
true,NQZ9,midnight,2019-12-04T09:30:00-05:00,true,1d54525980364276953c,2019-12-04,2019-12-04,8303.625,8314,8262.25,0.7000374251497005988023952096,207,2019
true,NQZ9,full_overnight,2019-11-26T09:30:00-05:00,true,1d6cc712855c379c266c,2019-11-26,2019-11-26,8382.375,8388.5,8373.25,0.704666393778141629144494474,61,2019
true,NQH9,midnight,2019-02-26T09:30:00-05:00,true,1dabeeafa522a326ee67,2019-02-26,2019-02-26,7099.375,7106.75,7091.75,0.7025452315240723704385157927,60,2019
true,NQZ9,prior_rth,2019-10-03T16:00:00-04:00,true,1e30b43e8d8d6ddfec4d,2019-10-04,2019-10-03,7632.125,7652.75,7557.75,0.7002125398512221041445270988,380,2019
true,NQH9,prior_rth,2019-03-06T16:00:00-05:00,true,1e887f5e5744c80e7361,2019-03-07,2019-03-06,7123.625,7133.75,7111.5,0.7013157894736842105263157895,89,2019
true,NQZ9,midnight,2019-10-23T09:30:00-04:00,true,1e92fb302a00e21a9eb8,2019-10-23,2019-10-23,7846.125,7857.25,7841.25,0.7007299270072992700729927007,64,2019
true,NQZ9,full_overnight,2019-12-09T09:30:00-05:00,true,1ea80a5a367faa645be2,2019-12-09,2019-12-09,8386.875,8393.75,8385.5,0.7019953355791655869396216636,33,2019
true,NQU9,midnight,2019-06-19T09:30:00-04:00,true,1eb24d573f0189ed7287,2019-06-19,2019-06-19,7679.125,7682.5,7675,0.7087637454181939353548817061,30,2019
true,NQM9,full_overnight,2019-06-03T09:30:00-04:00,true,1ee2225cfd5b7a2fa134,2019-06-03,2019-06-03,7087.125,7099.5,7080.5,0.7022265720577440665524834842,76,2019
true,NQM9,opening_hour_rth,2019-03-18T10:30:00-04:00,true,1f10a00ab4eedb8db9a4,2019-03-18,2019-03-18,7369.125,7375.25,7351,0.7041357370095440084835630965,97,2019
true,NQM9,midnight,2019-06-04T09:30:00-04:00,true,1f438895fd987e637d2e,2019-06-04,2019-06-04,7031.875,7057,7011.75,0.7003181336161187698833510074,181,2019
true,NQM9,opening_hour_rth,2019-06-03T10:30:00-04:00,true,1ff6e46a3b2a11278db3,2019-06-03,2019-06-03,7062.625,7080.75,7033.75,0.7003303445021236432279377065,188,2019
true,NQZ9,midnight,2019-10-14T09:30:00-04:00,true,2024a9ef99e83a80964c,2019-10-14,2019-10-14,7843.875,7859.25,7812.25,0.7009276437847866419294990724,188,2019
true,NQZ9,midnight,2019-12-09T09:30:00-05:00,true,206aa8d2ac65ba2a2c1b,2019-12-09,2019-12-09,8393.125,8396.5,8388.25,0.7149084568439407149084568439,33,2019
true,NQH9,midnight,2019-02-12T09:30:00-05:00,true,206e58a4ed8e8f8d2313,2019-02-12,2019-02-12,6967.375,6974,6961.25,0.7062342569269521410579345088,51,2019
true,NQU9,full_overnight,2019-08-27T09:30:00-04:00,true,209bc4e48ac80dd3cd13,2019-08-27,2019-08-27,7593.375,7599.75,7558.75,0.7018915267322910635012545841,164,2019
true,NQM9,midnight,2019-03-19T09:30:00-04:00,true,213c3057b52eb820df4a,2019-03-19,2019-03-19,7366.125,7387.5,7360.5,0.7102022867194371152154793316,108,2019
true,NQU9,midnight,2019-06-28T09:30:00-04:00,true,219ad91463cfac229129,2019-06-28,2019-06-28,7698.125,7702.75,7688.75,0.7008354755784061696658097686,56,2019
true,NQZ9,midnight,2019-11-15T09:30:00-05:00,true,2266baf14bfc321afd0d,2019-11-15,2019-11-15,8297.625,8300.5,8289.25,0.7056916426512968299711815562,45,2019
true,NQZ9,prior_rth,2019-10-25T16:00:00-04:00,true,2271305e6229c0c20e1d,2019-10-28,2019-10-25,8026.625,8039.75,7996,0.70010741138560687432867884,175,2019
true,NQH9,opening_hour_rth,2019-03-07T10:30:00-05:00,true,22f437d620e4605630f8,2019-03-07,2019-03-07,7040.375,7063.25,7025,0.7025703794369645042839657283,153,2019
true,NQM9,midnight,2019-04-18T09:30:00-04:00,true,233c37db56abf136f7a9,2019-04-18,2019-04-18,7674.375,7688,7660.25,0.7038820343063496840204634367,111,2019
true,NQU9,prior_rth,2019-09-10T16:00:00-04:00,true,248ad84e04b4bd313865,2019-09-11,2019-09-10,7776.875,7786.75,7754.75,0.7034965034965034965034965035,128,2019
true,NQU9,midnight,2019-07-09T09:30:00-04:00,true,24a1447363523bc69f3b,2019-07-09,2019-07-09,7762.125,7766,7745.5,0.702846501729183293429103485,82,2019
true,NQZ9,opening_hour_rth,2019-12-03T10:30:00-05:00,true,24d82e9560cfdb6067ed,2019-12-03,2019-12-03,8195.125,8208.75,8185,0.701171875,95,2019
true,NQU9,opening_hour_rth,2019-07-24T10:30:00-04:00,true,24ff543eb63c5c53280f,2019-07-24,2019-07-24,7972.875,7977,7963.75,0.7016361886429258902791145332,53,2019
true,NQH9,opening_hour_rth,2019-01-29T10:30:00-05:00,true,253d79832478ac8e51b6,2019-01-29,2019-01-29,6676.625,6695.25,6670.75,0.7044623262618873445501097293,98,2019
true,NQZ9,opening_hour_rth,2019-10-03T10:30:00-04:00,true,254a7c22374cbe95dab2,2019-10-03,2019-10-03,7571.875,7583.25,7505.5,0.7014981273408239700374531835,311,2019
true,NQU9,prior_rth,2019-07-24T16:00:00-04:00,true,254cf2fba168caefaa24,2019-07-25,2019-07-24,7988.375,7994.25,7968.25,0.7002501705708437571071184899,104,2019
true,NQU9,prior_rth,2019-07-26T16:00:00-04:00,true,256de6519ef09f6eb63b,2019-07-29,2019-07-26,8031.375,8038.25,8017,0.704445530043966780654616512,85,2019
true,NQZ9,full_overnight,2019-09-19T09:30:00-04:00,true,2589084012ad625188dd,2019-09-19,2019-09-19,7894.625,7907.5,7870,0.7016036655211912943871706758,150,2019
true,NQU9,midnight,2019-06-26T09:30:00-04:00,true,25e123d95ea69a90d401,2019-06-26,2019-06-26,7637.375,7680,7621.75,0.7061493079192194236442024053,233,2019
true,NQH9,full_overnight,2019-02-14T09:30:00-05:00,true,264d9753f601c25897e0,2019-02-14,2019-02-14,7044.125,7050,7014.75,0.7049556439278066687060263077,141,2019
true,NQU9,prior_rth,2019-07-16T16:00:00-04:00,true,26dde35e0fda1d079ea9,2019-07-17,2019-07-16,7978.625,7986.5,7948,0.7056296631245760795839927651,154,2019
true,NQZ9,prior_rth,2019-09-16T16:00:00-04:00,true,26e20b4389e38fd77db9,2019-09-17,2019-09-16,7875.375,7880.25,7861.75,0.7044483985765124555160142349,74,2019
true,NQH0,full_overnight,2019-12-17T09:30:00-05:00,true,26e65c4baccca802e57d,2019-12-17,2019-12-17,8608.125,8613.25,8596.5,0.704225352112676056338028169,67,2019
true,NQU9,prior_rth,2019-09-04T16:00:00-04:00,true,26f1e16c54f5fedd9bcd,2019-09-05,2019-09-04,7713.625,7718.25,7683.75,0.7005359535506922733363108531,138,2019
true,NQH9,prior_rth,2019-02-15T16:00:00-05:00,true,2760177f4d1875e3c34e,2019-02-19,2019-02-15,7042.375,7055.75,7033.25,0.7042951541850220264317180617,90,2019
true,NQZ9,prior_rth,2019-12-04T16:00:00-05:00,true,27674298d397efb8adc9,2019-12-05,2019-12-04,8306.125,8314,8301.5,0.7078790882061446977205153617,50,2019
true,NQU9,opening_hour_rth,2019-06-25T10:30:00-04:00,true,278bb2a28867f87abd92,2019-06-25,2019-06-25,7726.125,7731.5,7709.25,0.7039877300613496932515337423,89,2019
true,NQU9,opening_hour_rth,2019-09-03T10:30:00-04:00,true,27d79768a03e722294b7,2019-09-03,2019-09-03,7611.125,7657,7601,0.7036535859269282814614343708,224,2019
true,NQZ9,midnight,2019-11-06T09:30:00-05:00,true,27fb1fd5f23f34b2f742,2019-11-06,2019-11-06,8217.375,8222,8212.25,0.700038358266206367472190257,39,2019
true,NQU9,midnight,2019-09-12T09:30:00-04:00,true,281bf7f8794797d19dc9,2019-09-12,2019-09-12,7916.625,7935.5,7912.25,0.7019298245614035087719298246,93,2019
true,NQM9,prior_rth,2019-05-28T16:00:00-04:00,true,282178f670f078d58b79,2019-05-29,2019-05-28,7336.125,7359,7322,0.7021244985886198187490714604,148,2019
true,NQZ9,full_overnight,2019-12-10T09:30:00-05:00,true,282efbfefbc228706803,2019-12-10,2019-12-10,8368.125,8381.25,8327.75,0.7002219403931515535827520609,214,2019
true,NQH9,midnight,2019-02-08T09:30:00-05:00,true,2859da40d56c14d768f1,2019-02-08,2019-02-08,6873.375,6883.25,6855.5,0.7020774315391879131255901794,111,2019
true,NQU9,full_overnight,2019-07-02T09:30:00-04:00,true,2864dda9f2c99e0a764e,2019-07-02,2019-07-02,7778.375,7791.75,7773.25,0.7011042485495040239565787011,74,2019
true,NQM9,opening_hour_rth,2019-05-24T10:30:00-04:00,true,286585c03afed08698ae,2019-05-24,2019-05-24,7360.625,7370.75,7358,0.7085828343313373253493013972,51,2019
true,NQH9,opening_hour_rth,2019-01-25T10:30:00-05:00,true,2897e3db8b24b8c3f41b,2019-01-25,2019-01-25,6778.375,6783,6749.75,0.7036181678214010777521170131,133,2019
true,NQU9,opening_hour_rth,2019-08-21T10:30:00-04:00,true,293da2461a7af0a071f0,2019-08-21,2019-08-21,7754.125,7763.25,7746.75,0.7037686240140227870289219982,66,2019
true,NQM9,prior_rth,2019-04-16T16:00:00-04:00,true,295c28ae0e686b0dca02,2019-04-17,2019-04-16,7678.625,7685.5,7673.25,0.708223587942639742464149839,49,2019
true,NQM9,midnight,2019-03-15T09:30:00-04:00,true,297fa34345a908ae1afb,2019-03-15,2019-03-15,7293.625,7303,7287.75,0.7026652821045344409830391139,61,2019
true,NQM9,prior_rth,2019-05-13T16:00:00-04:00,true,29965f4b96c9d6de873f,2019-05-14,2019-05-13,7345.375,7379,7334.25,0.7009635799444716642168871468,179,2019
true,NQZ9,midnight,2019-11-12T09:30:00-05:00,true,299b7c473afc59d88bdd,2019-11-12,2019-11-12,8255.375,8265.25,8253.75,0.7012609117361784675072744908,46,2019
true,NQM9,full_overnight,2019-06-07T09:30:00-04:00,true,29b9b509c829bdad1330,2019-06-07,2019-06-07,7290.625,7329.5,7281.75,0.7001301659616010413276928083,191,2019
true,NQH9,full_overnight,2019-01-16T09:30:00-05:00,true,29bb4996bf1cb2b14a02,2019-01-16,2019-01-16,6684.875,6689.25,6677.5,0.70080468178493050475493782,47,2019
true,NQU9,full_overnight,2019-09-11T09:30:00-04:00,true,29c43aa1ea695f32fd3e,2019-09-11,2019-09-11,7828.125,7836,7809.5,0.701078775715002508780732564,106,2019
true,NQM9,prior_rth,2019-03-22T16:00:00-04:00,true,2a1e2d43e9842bf64cf0,2019-03-25,2019-03-22,7396.625,7442.25,7364,0.7008943001831699170348022842,313,2019
true,NQM9,opening_hour_rth,2019-04-18T10:30:00-04:00,true,2a50c59817dcf4c64dbd,2019-04-18,2019-04-18,7686.375,7700.75,7670.5,0.7043765483071841453344343518,121,2019
true,NQM9,midnight,2019-06-06T09:30:00-04:00,true,2a5cc4835b438d7c40ff,2019-06-06,2019-06-06,7253.625,7263.5,7231.75,0.7051416579223504721930745016,127,2019
true,NQZ9,midnight,2019-10-08T09:30:00-04:00,true,2a65dd516393776ddb25,2019-10-08,2019-10-08,7694.375,7740.25,7665.5,0.7034892138410308382800057912,299,2019
true,NQZ9,midnight,2019-09-27T09:30:00-04:00,true,2a6c8f00aaf5989d4d20,2019-09-27,2019-09-27,7805.875,7808,7786,0.7009718415150760029902815848,88,2019
true,NQZ9,midnight,2019-11-18T09:30:00-05:00,true,2a9b308930ac57cab6bc,2019-11-18,2019-11-18,8340.625,8355.75,8320.75,0.7040462427745664739884393064,140,2019
true,NQZ9,full_overnight,2019-10-28T09:30:00-04:00,true,2aeb843eea8f9f45d835,2019-10-28,2019-10-28,8057.875,8062.25,8052.25,0.7061805890873973925639787542,40,2019
true,NQM9,prior_rth,2019-04-22T16:00:00-04:00,true,2b24dd8a1884d59449f1,2019-04-23,2019-04-22,7718.625,7732.75,7704.25,0.7030321975617380431384807752,114,2019
true,NQM9,opening_hour_rth,2019-04-08T10:30:00-04:00,true,2b453fdac920a5cd50d0,2019-04-08,2019-04-08,7575.875,7584,7569.25,0.7002749770852428964252978918,59,2019
true,NQU9,opening_hour_rth,2019-08-05T10:30:00-04:00,true,2b58beb16a5ab6a36665,2019-08-05,2019-08-05,7496.625,7514.75,7487.5,0.7000413736036408771203971866,109,2019
true,NQU9,midnight,2019-08-08T09:30:00-04:00,true,2ba9d769650ec33a240c,2019-08-08,2019-08-08,7586.375,7602.5,7579.75,0.7024849808847624249044238121,91,2019
true,NQM9,opening_hour_rth,2019-04-10T10:30:00-04:00,true,2c4eed264ee3a191125a,2019-04-10,2019-04-10,7605.875,7609.75,7601.5,0.7100591715976331360946745562,33,2019
true,NQU9,opening_hour_rth,2019-08-01T10:30:00-04:00,true,2c563a2cf6364f4e9f77,2019-08-01,2019-08-01,7917.375,7948.75,7909,0.7004490057729313662604233483,159,2019
true,NQH0,prior_rth,2019-12-17T16:00:00-05:00,true,2c8a826248089645f60a,2019-12-18,2019-12-17,8607.375,8610.5,8603,0.7133858267716535433070866142,30,2019
true,NQU9,full_overnight,2019-08-12T09:30:00-04:00,true,2ca23c3f08d22a188c78,2019-08-12,2019-08-12,7612.625,7675,7587,0.7007170127572399664773256355,352,2019
true,NQH9,midnight,2019-02-14T09:30:00-05:00,true,2cbb2ab479b19fd7168c,2019-02-14,2019-02-14,7044.125,7050.5,7027.75,0.7030832726389900461277008983,91,2019
true,NQZ9,opening_hour_rth,2019-09-16T10:30:00-04:00,true,2d184b4b0f948e1f2d10,2019-09-16,2019-09-16,7886.125,7892.25,7874.5,0.7051367578385590393595730487,71,2019
true,NQZ9,opening_hour_rth,2019-11-13T10:30:00-05:00,true,2d1b78e305a53c8adcb7,2019-11-13,2019-11-13,8260.125,8262.5,8244,0.7029288702928870292887029289,74,2019
true,NQH9,opening_hour_rth,2019-03-05T10:30:00-05:00,true,2d443ff087ce9ac1cda6,2019-03-05,2019-03-05,7150.125,7155,7137,0.7047747141896435776731674512,72,2019
true,NQH9,prior_rth,2019-02-27T16:00:00-05:00,true,2d44b5c8d87212ef19be,2019-02-28,2019-02-27,7121.125,7128.25,7079.25,0.7019289340101522842639593909,196,2019
true,NQM9,prior_rth,2019-03-21T16:00:00-04:00,true,2d5683767bb77e63d7f2,2019-03-22,2019-03-21,7481.625,7527,7450,0.7017857142857142857142857143,308,2019
true,NQM9,opening_hour_rth,2019-04-22T10:30:00-04:00,true,2de75a9626c443bcc9bb,2019-04-22,2019-04-22,7699.125,7708.5,7685,0.7026726057906458797327394209,94,2019
true,NQM9,opening_hour_rth,2019-04-01T10:30:00-04:00,true,2e30534cd2c73e3ef699,2019-04-01,2019-04-01,7467.625,7473.25,7456.25,0.7054747054747054747054747055,68,2019
true,NQU9,opening_hour_rth,2019-07-10T10:30:00-04:00,true,2e850e05c5e103597359,2019-07-10,2019-07-10,7922.875,7939.75,7906.25,0.7049300956585724797645327447,134,2019
true,NQH9,prior_rth,2019-01-31T16:00:00-05:00,true,2ebce92ae79229e38102,2019-02-01,2019-01-31,6906.125,6926.75,6892.75,0.7003990422984836392657621708,136,2019
true,NQM9,prior_rth,2019-05-06T16:00:00-04:00,true,2ed6262fa9bb3ebbdd82,2019-05-07,2019-05-06,7755.625,7784.25,7739,0.7021244538194967605846014766,181,2019
true,NQM9,full_overnight,2019-06-13T09:30:00-04:00,true,2ee666e88813903a19bb,2019-06-13,2019-06-13,7507.625,7519.5,7459.5,0.7025943100639177841834816393,240,2019
true,NQH9,full_overnight,2019-01-17T09:30:00-05:00,true,2f76272ee895569043a4,2019-01-17,2019-01-17,6655.125,6659.5,6631.5,0.7031743850487838394942971005,112,2019
true,NQU9,prior_rth,2019-08-29T16:00:00-04:00,true,302741edf45ec79dd1f9,2019-08-30,2019-08-29,7715.875,7722,7701.25,0.7005935754189944134078212291,83,2019
true,NQZ9,midnight,2019-11-26T09:30:00-05:00,true,304397837f449ea8c3d8,2019-11-26,2019-11-26,8377.625,8384,8375.25,0.7015547971179370496776640121,35,2019
true,NQU9,midnight,2019-08-16T09:30:00-04:00,true,309dcd0720a714f85815,2019-08-16,2019-08-16,7590.625,7598.25,7558.5,0.7013634364462688755314470019,159,2019
true,NQZ9,prior_rth,2019-12-12T16:00:00-05:00,true,31662180667809da2f89,2019-12-13,2019-12-12,8434.625,8467.5,8418.75,0.7003624126326689101734403313,195,2019
true,NQH9,prior_rth,2019-01-22T16:00:00-05:00,true,31c34462775a5e6ff495,2019-01-23,2019-01-22,6715.625,6748.25,6654,0.7003980219515136895428778193,377,2019
true,NQM9,opening_hour_rth,2019-05-08T10:30:00-04:00,true,324f8c9dc7a09c9da061,2019-05-08,2019-05-08,7646.875,7654,7633.25,0.7024249897246198109330045212,83,2019
true,NQU9,opening_hour_rth,2019-08-28T10:30:00-04:00,true,326d4d661cc78853594e,2019-08-28,2019-08-28,7549.125,7563.5,7523.75,0.7024620220010476689366160293,159,2019
true,NQM9,full_overnight,2019-04-30T09:30:00-04:00,true,3272d12d00407b7aac52,2019-04-30,2019-04-30,7796.125,7802.5,7784.5,0.7029145236345824148910115111,72,2019
true,NQM9,full_overnight,2019-04-02T09:30:00-04:00,true,32c6b59c0024d31a2568,2019-04-02,2019-04-02,7487.875,7499.75,7486,0.7106435643564356435643564356,55,2019
true,NQZ9,midnight,2019-11-22T09:30:00-05:00,true,333fa3f842ec6e2fdfb7,2019-11-22,2019-11-22,8295.375,8300.25,8290,0.7006880733944954128440366972,41,2019
true,NQU9,opening_hour_rth,2019-08-22T10:30:00-04:00,true,337c2c13cbe4f5722866,2019-08-22,2019-08-22,7760.125,7772.75,7739.75,0.7008486562942008486562942008,132,2019
true,NQZ9,full_overnight,2019-10-10T09:30:00-04:00,true,33b480821e7b2249aca5,2019-10-10,2019-10-10,7692.625,7710.5,7646.5,0.7001089115254020116599397783,256,2019
true,NQH9,full_overnight,2019-01-25T09:30:00-05:00,true,34446f8e45eeece99564,2019-01-25,2019-01-25,6736.375,6755,6709.25,0.7013927576601671309192200557,183,2019
true,NQZ9,midnight,2019-12-06T09:30:00-05:00,true,34522fd25bc87478ab69,2019-12-06,2019-12-06,8334.625,8343.5,8327.5,0.7005752346351801392673327278,64,2019
true,NQM9,opening_hour_rth,2019-03-27T10:30:00-04:00,true,346f255e63f5bc4ec9e5,2019-03-27,2019-03-27,7378.125,7398,7373.25,0.7029578351164254247954688483,99,2019
true,NQH9,opening_hour_rth,2019-01-10T10:30:00-05:00,true,347ed91c8ab55051a882,2019-01-10,2019-01-10,6554.625,6561.75,6539.5,0.7009569377990430622009569378,89,2019
true,NQH9,full_overnight,2019-01-15T09:30:00-05:00,true,348abe9d63f012ac5cc4,2019-01-15,2019-01-15,6594.375,6597.75,6570.25,0.7043732553502592051043466702,110,2019
true,NQM9,full_overnight,2019-05-07T09:30:00-04:00,true,34aa83b1a7d8bf751b58,2019-05-07,2019-05-07,7753.625,7768.25,7731.25,0.7005770195684897139989964877,148,2019
true,NQH9,prior_rth,2019-02-05T16:00:00-05:00,true,355fb27aefede6e5d1af,2019-02-06,2019-02-05,7017.125,7023.5,6998.25,0.7019464720194647201946472019,101,2019
true,NQM9,midnight,2019-04-08T09:30:00-04:00,true,35ab1703f7bfb17a00e2,2019-04-08,2019-04-08,7591.375,7595.75,7588.25,0.7059533386967015285599356396,30,2019
true,NQU9,prior_rth,2019-07-08T16:00:00-04:00,true,3615b7fa5c79f0a6da11,2019-07-09,2019-07-08,7796.875,7805.75,7787.25,0.706142391810144253140995812,74,2019
true,NQM9,midnight,2019-06-05T09:30:00-04:00,true,381393f2be79d49b829e,2019-06-05,2019-06-05,7212.875,7237.5,7202.25,0.7028560250391236306729264476,141,2019
true,NQZ9,prior_rth,2019-10-11T16:00:00-04:00,true,38d15c020c2f68fe82c5,2019-10-14,2019-10-11,7881.625,7903.25,7872.25,0.7006098425755212026662884697,124,2019
true,NQU9,midnight,2019-08-28T09:30:00-04:00,true,38d449454bc9651ef4c0,2019-08-28,2019-08-28,7567.625,7582,7537.25,0.7006517016654598117306299783,179,2019
true,NQM9,midnight,2019-04-04T09:30:00-04:00,true,39775f059b922efc7973,2019-04-04,2019-04-04,7568.625,7574,7566,0.7105263157894736842105263158,32,2019
true,NQM9,full_overnight,2019-03-13T09:30:00-04:00,true,39e6c9cd67ff6c09891a,2019-03-13,2019-03-13,7230.625,7240.25,7211.25,0.7038376532047418123367490456,116,2019
true,NQM9,full_overnight,2019-04-25T09:30:00-04:00,true,39f39263a8a004be5deb,2019-04-25,2019-04-25,7856.375,7869.75,7853.5,0.7074657186389029964448958862,65,2019
true,NQM9,prior_rth,2019-05-31T16:00:00-04:00,true,3a16bf3e2255a790ad8f,2019-06-03,2019-05-31,7156.375,7170.25,7139.5,0.7015189500073735437251142899,123,2019
true,NQH9,prior_rth,2019-01-10T16:00:00-05:00,true,3a671e7bbc1d0e4c6d99,2019-01-11,2019-01-10,6599.375,6624.75,6577.5,0.7005721551176096630642085188,189,2019
true,NQH9,prior_rth,2019-03-05T16:00:00-05:00,true,3aa53503c3b27ef8941c,2019-03-06,2019-03-05,7162.375,7173.5,7150.5,0.7027978869105850127176677754,92,2019
true,NQM9,opening_hour_rth,2019-05-16T10:30:00-04:00,true,3ac46a150a73d4dc6692,2019-05-16,2019-05-16,7579.125,7587.5,7526.25,0.7024853801169590643274853801,245,2019
true,NQZ9,full_overnight,2019-10-14T09:30:00-04:00,true,3acc661ca0177e5158b6,2019-10-14,2019-10-14,7876.875,7890,7841.25,0.7021845224262142691145712294,195,2019
true,NQU9,opening_hour_rth,2019-07-17T10:30:00-04:00,true,3adfe5bbcf05c174f67d,2019-07-17,2019-07-17,7957.875,7962,7947.75,0.7029204431017119838872104733,57,2019
true,NQM9,opening_hour_rth,2019-04-09T10:30:00-04:00,true,3b622134821070bfa513,2019-04-09,2019-04-09,7605.375,7614,7599,0.7025495750708215297450424929,60,2019
true,NQM9,prior_rth,2019-05-20T16:00:00-04:00,true,3bafe96c0f0e25eb925e,2019-05-21,2019-05-20,7394.125,7422.75,7388,0.7018687527162103433289873968,139,2019
true,NQZ9,midnight,2019-11-14T09:30:00-05:00,true,3c00031f5a6a4aa13c16,2019-11-14,2019-11-14,8254.375,8262.25,8247.5,0.7034093822096898231222763394,59,2019
true,NQU9,prior_rth,2019-06-26T16:00:00-04:00,true,3c2e86e70601c2801d5c,2019-06-27,2019-06-26,7686.625,7717.5,7663.25,0.70064696625284140584018185,217,2019
true,NQH9,opening_hour_rth,2019-02-11T10:30:00-05:00,true,3ca7f332ff0c526a278b,2019-02-11,2019-02-11,6937.125,6944.25,6927,0.700115340253748558246828143,69,2019
true,NQH9,midnight,2019-01-16T09:30:00-05:00,true,3d6d6d809928765d5a7f,2019-01-16,2019-01-16,6685.125,6689,6677.5,0.7100073046018991964937910884,46,2019
true,NQZ9,full_overnight,2019-10-23T09:30:00-04:00,true,3d83d61d74d998e48024,2019-10-23,2019-10-23,7846.125,7857.5,7833.5,0.7004973577867578489275722723,96,2019
true,NQM9,midnight,2019-06-10T09:30:00-04:00,true,3e4fc94b9f8b6920816c,2019-06-10,2019-06-10,7444.125,7458.25,7437,0.7021331945889698231009365245,85,2019
true,NQH9,midnight,2019-02-11T09:30:00-05:00,true,3e8ef369c26c1b749d4a,2019-02-11,2019-02-11,6952.375,6968.5,6934.5,0.7000247708694575179588803567,136,2019
true,NQZ9,opening_hour_rth,2019-09-18T10:30:00-04:00,true,3f1c83cdc5d6dd251950,2019-09-18,2019-09-18,7892.625,7896.75,7889.25,0.7081138040042149631190727081,30,2019
true,NQH9,prior_rth,2019-01-25T16:00:00-05:00,true,3f79db08e6b187e96183,2019-01-28,2019-01-25,6789.875,6802.75,6780.5,0.7024347826086956521739130435,89,2019
true,NQH9,opening_hour_rth,2019-01-14T10:30:00-05:00,true,3f7ef1ad64b47a570a58,2019-01-14,2019-01-14,6535.625,6547.25,6530.75,0.7039254823685961410512308716,66,2019
true,NQU9,midnight,2019-06-21T09:30:00-04:00,true,401a037b141cc8ddf57b,2019-06-21,2019-06-21,7743.375,7755,7739.75,0.7019053472649047326367547634,61,2019
true,NQM9,full_overnight,2019-06-06T09:30:00-04:00,true,40601e4f653fb6bbe313,2019-06-06,2019-06-06,7253.625,7263.5,7224.5,0.7053127101546738399462004035,156,2019
true,NQU9,prior_rth,2019-09-13T16:00:00-04:00,true,4122a4d398e29ea0a286,2019-09-16,2019-09-13,7896.875,7908.5,7889.75,0.7039497969730527870062753784,75,2019
true,NQZ9,opening_hour_rth,2019-11-08T10:30:00-05:00,true,421b38e514b0f8719992,2019-11-08,2019-11-08,8213.125,8223.25,8200.25,0.7030497592295345104333868379,92,2019
true,NQH9,full_overnight,2019-02-08T09:30:00-05:00,true,425b5a20ecf45054c198,2019-02-08,2019-02-08,6873.375,6887.5,6863,0.7005029721079103795153177869,98,2019
true,NQZ9,prior_rth,2019-11-07T16:00:00-05:00,true,4260d383564fd4cc961f,2019-11-08,2019-11-07,8266.375,8272.75,8240,0.7003538257408226448474126493,131,2019
true,NQZ9,full_overnight,2019-10-15T09:30:00-04:00,true,432571d7728f9b87e33b,2019-10-15,2019-10-15,7877.375,7891.25,7862,0.7036267774404857005911487458,117,2019
true,NQM9,opening_hour_rth,2019-05-01T10:30:00-04:00,true,4362f30894bea65abd10,2019-05-01,2019-05-01,7838.625,7847.5,7836.5,0.7114870881567230632235084595,44,2019
true,NQU9,opening_hour_rth,2019-09-13T10:30:00-04:00,true,43a55c2f8f24c68a7ce4,2019-09-13,2019-09-13,7904.375,7909,7891.75,0.7059223961878829135466303608,69,2019
true,NQZ9,prior_rth,2019-09-18T16:00:00-04:00,true,44547a153f8d41a12bff,2019-09-19,2019-09-18,7892.375,7912,7851,0.7006887914840325610519724483,244,2019
true,NQU9,opening_hour_rth,2019-07-30T10:30:00-04:00,true,4461ffac5c48afe2512b,2019-07-30,2019-07-30,7963.375,7972,7956,0.7004898530440867739678096571,64,2019
true,NQM9,prior_rth,2019-04-09T16:00:00-04:00,true,448186bd7b87bc2cd0cf,2019-04-10,2019-04-09,7592.875,7610.5,7589,0.7058959005066789497927222478,86,2019
true,NQH9,prior_rth,2019-01-02T16:00:00-05:00,true,448f27e8b9dd32d8647d,2019-01-03,2019-01-02,6340.625,6403,6321.25,0.7001974008883039973679881559,327,2019
true,NQM9,opening_hour_rth,2019-05-23T10:30:00-04:00,true,45406fd53ef3d7b15416,2019-05-23,2019-05-23,7316.875,7328.5,7308.25,0.702717692734331669439822518,81,2019
true,NQM9,opening_hour_rth,2019-04-03T10:30:00-04:00,true,4546da75d235c0f428a1,2019-04-03,2019-04-03,7566.625,7570.25,7558,0.7061611374407582938388625592,49,2019
true,NQH9,midnight,2019-01-03T09:30:00-05:00,true,458039a9051a0e8d9fe1,2019-01-03,2019-01-03,6198.375,6226.25,6192,0.7005861664712778429073856975,137,2019
true,NQU9,full_overnight,2019-08-21T09:30:00-04:00,true,4588eb8215374e454fd6,2019-08-21,2019-08-21,7729.625,7751,7693.75,0.7021802999845368795422916345,229,2019
true,NQZ9,opening_hour_rth,2019-10-28T10:30:00-04:00,true,459b16b3c09a43df8d6f,2019-10-28,2019-10-28,8089.625,8096.25,8085.5,0.7007952286282306163021868787,43,2019
true,NQU9,full_overnight,2019-08-16T09:30:00-04:00,true,45a18657d482fd9f93f9,2019-08-16,2019-08-16,7547.875,7588.75,7531,0.702159124519372966577935522,231,2019
true,NQM9,full_overnight,2019-05-03T09:30:00-04:00,true,4614f113a6422c48de5c,2019-05-03,2019-05-03,7775.625,7797.25,7759,0.7002087682672233820459290188,153,2019
true,NQU9,full_overnight,2019-07-26T09:30:00-04:00,true,46313714c2285bace5d7,2019-07-26,2019-07-26,8004.375,8018.75,8002.25,0.7067770073808991277119212704,66,2019
true,NQZ9,opening_hour_rth,2019-11-27T10:30:00-05:00,true,46a23d4be003b4ef452b,2019-11-27,2019-11-27,8415.625,8417.5,8407,0.7090643274853801169590643275,42,2019
true,NQZ9,midnight,2019-09-20T09:30:00-04:00,true,46a88873f048272aac67,2019-09-20,2019-09-20,7935.375,7940,7927,0.706856478791400348634514817,52,2019
true,NQU9,prior_rth,2019-08-05T16:00:00-04:00,true,46ffa5cc9f86a1004e43,2019-08-06,2019-08-05,7475.125,7512.5,7415.5,0.7012771603914413667274838282,388,2019
true,NQH9,full_overnight,2019-03-07T09:30:00-05:00,true,47fa300cb84a63e45c54,2019-03-07,2019-03-07,7099.625,7107.25,7088.5,0.7008755854204846263490124211,75,2019
true,NQU9,opening_hour_rth,2019-08-19T10:30:00-04:00,true,484aac2b60cee6f3f08b,2019-08-19,2019-08-19,7719.375,7728.25,7695.5,0.7044534412955465587044534413,131,2019
true,NQZ9,midnight,2019-11-20T09:30:00-05:00,true,488b044565010d021b27,2019-11-20,2019-11-20,8315.625,8318,8301.5,0.7087710084033613445378151261,66,2019
true,NQZ9,midnight,2019-12-11T09:30:00-05:00,true,4900722e3454efa2b741,2019-12-11,2019-12-11,8363.625,8377.25,8357.5,0.7072567344694887300714678395,79,2019
true,NQU9,midnight,2019-08-12T09:30:00-04:00,true,4939be1dea43736302d1,2019-08-12,2019-08-12,7612.625,7660.75,7584,0.7000827357970215113072255929,307,2019
true,NQZ9,prior_rth,2019-11-01T16:00:00-04:00,true,4976f21b828de39ef355,2019-11-04,2019-11-01,8145.875,8159,8132.25,0.7019254204240799415062149647,107,2019
true,NQH9,opening_hour_rth,2019-02-06T10:30:00-05:00,true,49f02b505aef08b43f21,2019-02-06,2019-02-06,7018.625,7037.5,6992.75,0.7019230769230769230769230769,179,2019
true,NQM9,full_overnight,2019-03-27T09:30:00-04:00,true,4a5138660c923fc95502,2019-03-27,2019-03-27,7371.125,7388.75,7366.5,0.7032032791862759981782298467,89,2019
true,NQU9,midnight,2019-07-15T09:30:00-04:00,true,4a7cb3d1eafd37461ace,2019-07-15,2019-07-15,7964.125,7977,7959.25,0.7055261165783497350492051476,71,2019
true,NQZ9,opening_hour_rth,2019-10-14T10:30:00-04:00,true,4afef87e75113cfc088b,2019-10-14,2019-10-14,7855.625,7862.75,7844.75,0.7029950083194675540765391015,72,2019
true,NQM9,opening_hour_rth,2019-03-11T10:30:00-04:00,true,4b5302c1de7ffae28588,2019-03-11,2019-03-11,7130.125,7134.5,7110,0.7013953488372093023255813953,98,2019
true,NQZ9,opening_hour_rth,2019-09-30T10:30:00-04:00,true,4b6eb781a53d7f11c259,2019-09-30,2019-09-30,7734.625,7741.25,7720.75,0.7073791348600508905852417303,82,2019
true,NQU9,midnight,2019-09-06T09:30:00-04:00,true,4bbff8de55021d4e4688,2019-09-06,2019-09-06,7876.375,7882.25,7865.75,0.7030723488602576808721506442,66,2019
true,NQU9,full_overnight,2019-09-06T09:30:00-04:00,true,4c341d06fc909ccf6544,2019-09-06,2019-09-06,7870.875,7882,7866.5,0.7024667405764966740576496674,62,2019
true,NQZ9,opening_hour_rth,2019-11-26T10:30:00-05:00,true,4cff69be921b2fa62318,2019-11-26,2019-11-26,8383.125,8385.25,8374.5,0.7071352502662406815761448349,43,2019
true,NQH9,full_overnight,2019-02-13T09:30:00-05:00,true,4d0f4628cfb7bc951e3b,2019-02-13,2019-02-13,7046.875,7056,7042,0.7009170487703209670696123385,56,2019
true,NQM9,prior_rth,2019-06-13T16:00:00-04:00,true,4d1875a95a73a3f1300c,2019-06-14,2019-06-13,7514.375,7519.25,7500.25,0.7011024182076813655761024182,76,2019
true,NQM9,midnight,2019-05-08T09:30:00-04:00,true,4d2f55e60cfa3b35a665,2019-05-08,2019-05-08,7674.625,7697.5,7627.75,0.7026001405481377371749824315,279,2019
true,NQH0,full_overnight,2019-12-30T09:30:00-05:00,true,4d4a0c21ce691a46d581,2019-12-30,2019-12-30,8803.125,8806.25,8788.75,0.7077809798270893371757925072,70,2019
true,NQH9,opening_hour_rth,2019-01-31T10:30:00-05:00,true,4d66678100678f52931a,2019-01-31,2019-01-31,6848.125,6882,6840.25,0.7050147492625368731563421829,167,2019
true,NQH9,full_overnight,2019-02-01T09:30:00-05:00,true,4d7cce5e7f609e4e753b,2019-02-01,2019-02-01,6886.875,6897.25,6879,0.7021276595744680851063829787,73,2019
true,NQU9,prior_rth,2019-08-01T16:00:00-04:00,true,4dccfe80b22701801a08,2019-08-02,2019-08-01,7995.875,8013.75,7826,0.7018101761252446183953033268,751,2019
true,NQU9,opening_hour_rth,2019-06-26T10:30:00-04:00,true,4e662c25492e13c3a9d0,2019-06-26,2019-06-26,7700.125,7706.25,7684,0.7046742209631728045325779037,89,2019
true,NQM9,opening_hour_rth,2019-05-21T10:30:00-04:00,true,4ea088f3bbdb60da20ff,2019-05-21,2019-05-21,7443.375,7455.25,7439,0.7035118019573978123200921128,65,2019
true,NQZ9,opening_hour_rth,2019-12-10T10:30:00-05:00,true,4f292597a3ccb95ef7ee,2019-12-10,2019-12-10,8361.125,8372.5,8347,0.7014563106796116504854368932,102,2019
true,NQU9,prior_rth,2019-07-22T16:00:00-04:00,true,505367eeb6e15c57d9cd,2019-07-23,2019-07-22,7897.125,7915.5,7893.5,0.7021369385085041430440470999,88,2019
true,NQZ9,opening_hour_rth,2019-09-23T10:30:00-04:00,true,509bc46881b8a6b8eff4,2019-09-23,2019-09-23,7831.375,7839.75,7821.75,0.7004279600570613409415121255,72,2019
true,NQZ9,midnight,2019-11-19T09:30:00-05:00,true,50c207421f9d12a4c7d4,2019-11-19,2019-11-19,8368.125,8372.75,8349.75,0.7055322128851540616246498599,92,2019
true,NQZ9,opening_hour_rth,2019-11-07T10:30:00-05:00,true,50e135974f66938f5246,2019-11-07,2019-11-07,8253.125,8260,8241.75,0.7044673539518900343642611684,73,2019
true,NQZ9,full_overnight,2019-10-04T09:30:00-04:00,true,512ec3c7c196c38caa84,2019-10-04,2019-10-04,7646.625,7657.25,7629.5,0.7038641686182669789227166276,111,2019
true,NQZ9,full_overnight,2019-11-27T09:30:00-05:00,true,522086f071bdf0f45c75,2019-11-27,2019-11-27,8418.375,8429.5,8408,0.7020187659937446687517770827,86,2019
true,NQU9,prior_rth,2019-06-28T16:00:00-04:00,true,5237569345f17260e4d1,2019-07-01,2019-06-28,7676.375,7688,7669.25,0.7021819870009285051067780873,75,2019
true,NQM9,opening_hour_rth,2019-04-11T10:30:00-04:00,true,52402be088298f6da024,2019-04-11,2019-04-11,7625.375,7631.25,7616.25,0.7008884501480750246791707799,60,2019
true,NQM9,opening_hour_rth,2019-05-17T10:30:00-04:00,true,5245643c73b588449bd4,2019-05-17,2019-05-17,7540.375,7558.75,7533.25,0.7024752475247524752475247525,102,2019
true,NQZ9,prior_rth,2019-10-09T16:00:00-04:00,true,53600426f6b0be353e94,2019-10-10,2019-10-09,7703.375,7718.5,7681.5,0.7029718621561808409737590895,148,2019
true,NQH9,opening_hour_rth,2019-01-07T10:30:00-05:00,true,53b0b7be7f7916c52f9d,2019-01-07,2019-01-07,6434.625,6448.75,6430,0.7019400352733686067019400353,75,2019
true,NQU9,prior_rth,2019-08-07T16:00:00-04:00,true,540f0a16d5e6ba953787,2019-08-08,2019-08-07,7474.125,7553.75,7463.75,0.7001247340230391077848704967,360,2019
true,NQM9,opening_hour_rth,2019-03-20T10:30:00-04:00,true,5427bc7379abfa0e68c9,2019-03-20,2019-03-20,7374.375,7379.5,7368.25,0.7010391686650679456434852118,45,2019
true,NQU9,opening_hour_rth,2019-09-06T10:30:00-04:00,true,542d5cbe27884ba75bae,2019-09-06,2019-09-06,7851.375,7860.25,7845.75,0.7056810403832991101984941821,58,2019
true,NQU9,opening_hour_rth,2019-07-15T10:30:00-04:00,true,54363ae133ba5b4b2b49,2019-07-15,2019-07-15,7970.375,7974.25,7964,0.7101604278074866310160427807,41,2019
true,NQH9,midnight,2019-02-25T09:30:00-05:00,true,54754cba274f9b26b7d9,2019-02-25,2019-02-25,7118.125,7133.75,7106.75,0.7057780928748670684154555122,108,2019
true,NQZ9,midnight,2019-10-18T09:30:00-04:00,true,5484e9d74ff349b10b7c,2019-10-18,2019-10-18,7937.625,7947.75,7928.5,0.7035281727224855186940494997,77,2019
true,NQH0,midnight,2019-12-20T09:30:00-05:00,true,54c534a94b3b3d47b6db,2019-12-20,2019-12-20,8670.125,8682,8665.75,0.7026672496720594665500655881,65,2019
true,NQH9,prior_rth,2019-01-30T16:00:00-05:00,true,550afe5bc0a2e159ad82,2019-01-31,2019-01-30,6722.125,6798.25,6694.5,0.7018410417602155365963179165,415,2019
true,NQM9,full_overnight,2019-05-13T09:30:00-04:00,true,5510693327749c5947ef,2019-05-13,2019-05-13,7520.875,7550.5,7481.75,0.7035087719298245614035087719,275,2019
true,NQM9,midnight,2019-04-26T09:30:00-04:00,true,55329b93466b7a0da387,2019-04-26,2019-04-26,7806.375,7810.5,7795.25,0.7032520325203252032520325203,61,2019
true,NQZ9,midnight,2019-09-26T09:30:00-04:00,true,5572b25b4728ef072ac5,2019-09-26,2019-09-26,7830.875,7839.75,7802.75,0.7003780718336483931947069943,148,2019
true,NQU9,midnight,2019-08-05T09:30:00-04:00,true,55810226da70f6ec3f2a,2019-08-05,2019-08-05,7569.875,7599,7551,0.7008041627246925260170293283,192,2019
true,NQZ9,prior_rth,2019-10-10T16:00:00-04:00,true,558351b00d1036400a49,2019-10-11,2019-10-10,7752.875,7761,7728,0.7002764440564527862650953005,132,2019
true,NQU9,prior_rth,2019-08-30T16:00:00-04:00,true,5610249356312d8cfedf,2019-09-03,2019-08-30,7678.625,7705.75,7646,0.7002595816155138189036494121,239,2019
true,NQH9,midnight,2019-02-13T09:30:00-05:00,true,56781abc559369d1230d,2019-02-13,2019-02-13,7051.875,7057.5,7043.75,0.7025641025641025641025641026,55,2019
true,NQU9,opening_hour_rth,2019-08-16T10:30:00-04:00,true,56bc7f14dc158e61fb8d,2019-08-16,2019-08-16,7573.875,7579.75,7565.5,0.7032404775440591245025582717,57,2019
true,NQZ9,opening_hour_rth,2019-11-14T10:30:00-05:00,true,56c9997a9d319fd38299,2019-11-14,2019-11-14,8251.875,8260.5,8247.75,0.7136797454931071049840933192,51,2019
true,NQZ9,midnight,2019-09-16T09:30:00-04:00,true,5770173f25dc37aebeb0,2019-09-16,2019-09-16,7859.375,7862.25,7846.25,0.7057153671461014383043149129,64,2019
true,NQM9,opening_hour_rth,2019-06-07T10:30:00-04:00,true,57af7edb697da11bae2f,2019-06-07,2019-06-07,7377.625,7383.75,7353.25,0.7023160762942779291553133515,122,2019
true,NQZ9,prior_rth,2019-11-20T16:00:00-05:00,true,57fcc686aca0a9c092e1,2019-11-21,2019-11-20,8324.625,8347,8266.5,0.7007200720072007200720072007,322,2019
true,NQH9,midnight,2019-01-08T09:30:00-05:00,true,5887d926089a26382632,2019-01-08,2019-01-08,6509.625,6541,6505,0.7003951211132107885243085381,144,2019
true,NQZ9,prior_rth,2019-11-25T16:00:00-05:00,true,588d233e2889b760c785,2019-11-26,2019-11-25,8363.875,8373.5,8360.25,0.7006229388054232319530963723,53,2019
true,NQZ9,full_overnight,2019-09-18T09:30:00-04:00,true,58a3d1ad1af88a0194ff,2019-09-18,2019-09-18,7902.875,7908.75,7899,0.7080494574817057784506686853,39,2019
true,NQZ9,opening_hour_rth,2019-09-25T10:30:00-04:00,true,58befefaee8f5684f60c,2019-09-25,2019-09-25,7697.625,7717.75,7685.75,0.7012741859367626238791882964,128,2019
true,NQU9,midnight,2019-09-04T09:30:00-04:00,true,5904edb3d80eac151180,2019-09-04,2019-09-04,7692.875,7718.75,7686.5,0.7000178667143112381633017688,129,2019
true,NQM9,prior_rth,2019-04-26T16:00:00-04:00,true,59d2dd9d82b99bc2154e,2019-04-29,2019-04-26,7813.125,7820.5,7783.75,0.7028701218253148874664464175,147,2019
true,NQZ9,opening_hour_rth,2019-10-17T10:30:00-04:00,true,5a6df9f32f55b16f5b6b,2019-10-17,2019-10-17,7977.625,7987.25,7973.5,0.7008821170809943865276663994,55,2019
true,NQZ9,full_overnight,2019-10-30T09:30:00-04:00,true,5a7aac18ebbabae8b17f,2019-10-30,2019-10-30,8054.875,8058.5,8048.25,0.7033467202141900937081659973,41,2019
true,NQZ9,full_overnight,2019-11-22T09:30:00-05:00,true,5aa9a35953d2ca2222be,2019-11-22,2019-11-22,8295.375,8300.75,8289.25,0.7012171181782489202983902631,46,2019
true,NQM9,prior_rth,2019-03-19T16:00:00-04:00,true,5b098686730331bb0c67,2019-03-20,2019-03-19,7395.375,7402.5,7378.5,0.7016737171234136472319293728,96,2019
true,NQM9,midnight,2019-05-13T09:30:00-04:00,true,5b3c6becd06309848b67,2019-05-13,2019-05-13,7481.625,7504.5,7414,0.7040266328471781864299302473,362,2019
true,NQM9,midnight,2019-05-02T09:30:00-04:00,true,5b91d349600de0db4a64,2019-05-02,2019-05-02,7768.125,7776.75,7760.75,0.7054144998470480269195472622,64,2019
true,NQU9,prior_rth,2019-07-01T16:00:00-04:00,true,5ba0b27b9f655f0b68cd,2019-07-02,2019-07-01,7801.625,7811.75,7767.5,0.7060730126236779256226543842,177,2019
true,NQM9,opening_hour_rth,2019-03-19T10:30:00-04:00,true,5ba7fa4afcf7f62c2fd0,2019-03-19,2019-03-19,7386.375,7393.75,7382.5,0.7014218009478672985781990521,45,2019
true,NQH9,opening_hour_rth,2019-01-11T10:30:00-05:00,true,5bc6c242a1ef2ed7580f,2019-01-11,2019-01-11,6597.625,6600.25,6583,0.7026854219948849104859335038,69,2019
true,NQH9,midnight,2019-02-28T09:30:00-05:00,true,5bd6ccb958397daea432,2019-02-28,2019-02-28,7092.375,7101.5,7084.25,0.7048156956004756242568370987,69,2019
true,NQM9,prior_rth,2019-04-18T16:00:00-04:00,true,5c1ea564ca0858c9e997,2019-04-22,2019-04-18,7699.875,7713,7687.75,0.7060837503292072688964972347,101,2019
true,NQZ9,prior_rth,2019-10-04T16:00:00-04:00,true,5c428e451de0d6610005,2019-10-07,2019-10-04,7736.625,7773.5,7710.25,0.7017828200972447325769854133,253,2019
true,NQU9,opening_hour_rth,2019-09-05T10:30:00-04:00,true,5ca78c879a9edc432280,2019-09-05,2019-09-05,7829.125,7865.5,7816.25,0.7004608294930875576036866359,197,2019
true,NQM9,prior_rth,2019-05-22T16:00:00-04:00,true,5caec4629ad226e48d14,2019-05-23,2019-05-22,7441.875,7451,7431.25,0.7035692679975801572897761645,79,2019
true,NQZ9,prior_rth,2019-09-30T16:00:00-04:00,true,5e4e2fdc7beb916d5b9e,2019-10-01,2019-09-30,7771.625,7779,7737.25,0.7026196928635953026196928636,167,2019
true,NQU9,full_overnight,2019-08-13T09:30:00-04:00,true,5e7b42b2442cca537357,2019-08-13,2019-08-13,7583.125,7591.25,7544.5,0.7042860993799982028933417198,187,2019
true,NQU9,prior_rth,2019-07-10T16:00:00-04:00,true,5ed60a2b1a5243f9386b,2019-07-11,2019-07-10,7917.375,7932.25,7908,0.7022058823529411764705882353,97,2019
true,NQU9,prior_rth,2019-06-24T16:00:00-04:00,true,5efbeebfd3a73bd66b8d,2019-06-25,2019-06-24,7767.375,7772.75,7758.75,0.709226467847157502329916123,56,2019
true,NQH9,full_overnight,2019-01-07T09:30:00-05:00,true,5f1a3c5fbcfffbcf16cb,2019-01-07,2019-01-07,6457.125,6467.25,6422.75,0.703993884960825530288553411,178,2019
true,NQM9,opening_hour_rth,2019-04-23T10:30:00-04:00,true,5f2e0f152ce7ff658b34,2019-04-23,2019-04-23,7788.375,7793,7767.25,0.7004310344827586206896551724,103,2019
true,NQZ9,opening_hour_rth,2019-12-11T10:30:00-05:00,true,5f9adac1dd3a9fd698c2,2019-12-11,2019-12-11,8389.125,8396,8372.5,0.7091152815013404825737265416,94,2019
true,NQM9,opening_hour_rth,2019-04-12T10:30:00-04:00,true,5f9be2cce9404ef56c24,2019-04-12,2019-04-12,7645.125,7647.5,7641.5,0.7130339539978094194961664841,24,2019
true,NQU9,full_overnight,2019-09-04T09:30:00-04:00,true,602ca797fb8ba9c65420,2019-09-04,2019-09-04,7692.875,7730,7658.5,0.7019374068554396423248882265,286,2019
true,NQU9,opening_hour_rth,2019-06-20T10:30:00-04:00,true,603e5c4c338faac7690b,2019-06-20,2019-06-20,7787.375,7794.25,7779,0.7046594982078853046594982079,61,2019
true,NQH9,full_overnight,2019-02-05T09:30:00-05:00,true,606371e3cc0a8c20eeef,2019-02-05,2019-02-05,6933.375,6951.5,6929.75,0.7023337736679876706296785557,87,2019
true,NQH0,opening_hour_rth,2019-12-20T10:30:00-05:00,true,6091a06acd667873ff23,2019-12-20,2019-12-20,8693.875,8701.25,8689.5,0.7,47,2019
true,NQM9,prior_rth,2019-04-10T16:00:00-04:00,true,60a904bd83c4fcea3b48,2019-04-11,2019-04-10,7620.375,7628.5,7606,0.7083014048531289910600255428,90,2019
true,NQM9,full_overnight,2019-04-03T09:30:00-04:00,true,60fc38ffee2084065665,2019-04-03,2019-04-03,7564.875,7573,7557.5,0.7025,62,2019
true,NQM9,opening_hour_rth,2019-04-04T10:30:00-04:00,true,61d8316a248d3d1135bf,2019-04-04,2019-04-04,7590.875,7595.25,7575.5,0.7058823529411764705882352941,79,2019
true,NQZ9,midnight,2019-10-11T09:30:00-04:00,true,61ec98b3e4a470143a52,2019-10-11,2019-10-11,7846.125,7859.5,7805.75,0.7014785700917087778401647015,215,2019
true,NQU9,prior_rth,2019-08-16T16:00:00-04:00,true,62762c5164acb83c40cd,2019-08-19,2019-08-16,7613.625,7627,7591,0.7001766500722659386542476313,144,2019
true,NQZ9,opening_hour_rth,2019-11-22T10:30:00-05:00,true,62bf8b6d67758e47db55,2019-11-22,2019-11-22,8285.625,8294.5,8277,0.703183520599250936329588015,70,2019
true,NQH9,full_overnight,2019-02-06T09:30:00-05:00,true,62e718b49b775c93d301,2019-02-06,2019-02-06,7016.875,7025.25,7004.75,0.7016456507800812139346014106,82,2019
true,NQH9,midnight,2019-02-20T09:30:00-05:00,true,638a39ec449fe8b83716,2019-02-20,2019-02-20,7069.375,7074.5,7063.5,0.7005076142131979695431472081,44,2019
true,NQM9,prior_rth,2019-05-03T16:00:00-04:00,true,645ffeeaa167ac7091d4,2019-05-06,2019-05-03,7840.375,7860.75,7815,0.7002336944975568302528149564,183,2019
true,NQM9,opening_hour_rth,2019-04-05T10:30:00-04:00,true,648e5e608c8c5dd59afd,2019-04-05,2019-04-05,7589.125,7601,7586,0.7092257001647446457990115321,60,2019
true,NQU9,prior_rth,2019-07-29T16:00:00-04:00,true,649ec4199394e7a553f8,2019-07-30,2019-07-29,7995.125,8007.5,7975.75,0.7019663586827765932243544184,127,2019
true,NQM9,opening_hour_rth,2019-05-22T10:30:00-04:00,true,65043c292ca8c9055965,2019-05-22,2019-05-22,7438.125,7452.5,7435,0.7012422360248447204968944099,70,2019
true,NQM9,midnight,2019-05-23T09:30:00-04:00,true,65356d2133a6f89c9722,2019-05-23,2019-05-23,7342.875,7367.5,7334,0.7010931636482297275248817099,134,2019
true,NQM9,prior_rth,2019-03-26T16:00:00-04:00,true,655de3d4c56d8e55c91c,2019-03-27,2019-03-26,7356.375,7411.75,7346.75,0.7043683917640511964385086255,260,2019
true,NQH9,prior_rth,2019-01-16T16:00:00-05:00,true,657ac1c7a8eae92c7cbe,2019-01-17,2019-01-16,6688.125,6703.75,6681.75,0.7035435035767759108301447347,88,2019
true,NQM9,full_overnight,2019-05-29T09:30:00-04:00,true,657d09d3c8d22f4cdffc,2019-05-29,2019-05-29,7233.875,7254.25,7223.75,0.702346041055718475073313783,122,2019
true,NQU9,opening_hour_rth,2019-08-14T10:30:00-04:00,true,65853fb8873fc2b5ce2e,2019-08-14,2019-08-14,7597.375,7617.5,7586,0.7065052950075642965204236006,126,2019
true,NQU9,midnight,2019-08-20T09:30:00-04:00,true,65b87c440785abca3d2b,2019-08-20,2019-08-20,7736.375,7744.25,7729.5,0.7078995713410900183710961421,59,2019
true,NQZ9,opening_hour_rth,2019-10-25T10:30:00-04:00,true,666dd256c26b7189f555,2019-10-25,2019-10-25,7964.875,7981,7949.75,0.7017699115044247787610619469,125,2019
true,NQH9,midnight,2019-01-30T09:30:00-05:00,true,67359fe3db842a887bf4,2019-01-30,2019-01-30,6677.125,6695,6669.25,0.7011863568956994562530894711,103,2019
true,NQH9,prior_rth,2019-02-11T16:00:00-05:00,true,67375b73254e167cf789,2019-02-12,2019-02-11,6927.875,6939,6914,0.7009501583597266211035172529,100,2019
true,NQM9,midnight,2019-04-24T09:30:00-04:00,true,67518ad5148fd5676539,2019-04-24,2019-04-24,7820.875,7837.25,7816,0.7096645367412140575079872204,85,2019
true,NQM9,opening_hour_rth,2019-05-15T10:30:00-04:00,true,6778de38b78ca355562f,2019-05-15,2019-05-15,7407.875,7434,7363,0.701754385964912280701754386,284,2019
true,NQU9,prior_rth,2019-08-19T16:00:00-04:00,true,679f6b4f7c728b0c8e04,2019-08-20,2019-08-19,7732.625,7743.75,7725.5,0.7009005145797598627787307033,73,2019
true,NQU9,prior_rth,2019-08-08T16:00:00-04:00,true,67c10b0fb63bcf41f595,2019-08-09,2019-08-08,7696.375,7729,7648.75,0.7013789141051422005170927894,321,2019
true,NQH9,prior_rth,2019-02-08T16:00:00-05:00,true,681d8dd84d4ac49b168e,2019-02-11,2019-02-08,6863.625,6881.25,6845.25,0.7010756140632525284957457056,144,2019
true,NQU9,midnight,2019-09-05T09:30:00-04:00,true,682169f597259163a3d5,2019-09-05,2019-09-05,7816.375,7820,7796,0.7033028550102631087889531629,96,2019
true,NQH9,prior_rth,2019-03-08T16:00:00-05:00,true,683cfb13042d73f4c990,2019-03-11,2019-03-08,6971.125,6991,6953,0.701712583767684288905435592,152,2019
true,NQH0,opening_hour_rth,2019-12-30T10:30:00-05:00,true,69121598f4aa09d62a42,2019-12-30,2019-12-30,8715.625,8731.75,8694.75,0.7009775733179988499137435308,148,2019
true,NQZ9,full_overnight,2019-10-08T09:30:00-04:00,true,694461eaaceb99bff35c,2019-10-08,2019-10-08,7774.375,7784.25,7698,0.7013842375530252288457244921,345,2019
true,NQH0,midnight,2019-12-19T09:30:00-05:00,true,6a18e1c4f495d75f7442,2019-12-19,2019-12-19,8618.875,8622.5,8615,0.7141036533559898045879354291,30,2019
true,NQH9,full_overnight,2019-01-18T09:30:00-05:00,true,6a427d6782763aec3730,2019-01-18,2019-01-18,6737.875,6749.75,6730.75,0.7000610873549175320708613317,76,2019
true,NQU9,full_overnight,2019-08-28T09:30:00-04:00,true,6adcf07ff33479a306fa,2019-08-28,2019-08-28,7588.875,7595,7563.25,0.7020827044974343495321460912,127,2019
true,NQH9,midnight,2019-01-10T09:30:00-05:00,true,6afc985ccd62ebbf02b8,2019-01-10,2019-01-10,6565.375,6571.75,6558.75,0.7042408665320359831099687902,52,2019
true,NQM9,full_overnight,2019-05-23T09:30:00-04:00,true,6b6c6d3de6b5df043d60,2019-05-23,2019-05-23,7385.375,7398,7339.5,0.7029611706417790067980182049,234,2019
true,NQM9,opening_hour_rth,2019-04-02T10:30:00-04:00,true,6be54e3fc5a32cc47471,2019-04-02,2019-04-02,7502.875,7507.25,7495,0.7059415911379657603222557905,49,2019
true,NQM9,opening_hour_rth,2019-03-22T10:30:00-04:00,true,6c031c673cfb54abc0e1,2019-03-22,2019-03-22,7468.875,7485,7443.25,0.7024471635150166852057842047,167,2019
true,NQH9,prior_rth,2019-01-09T16:00:00-05:00,true,6c7487b9e8c8cc532fc1,2019-01-10,2019-01-09,6630.375,6634,6597.75,0.7036410776688084770600834179,145,2019
true,NQH9,prior_rth,2019-02-01T16:00:00-05:00,true,6c85d1444b1568bdfa46,2019-02-04,2019-02-01,6893.375,6906.75,6863.75,0.7030366180410836558499553439,172,2019
true,NQZ9,prior_rth,2019-10-29T16:00:00-04:00,true,6cdd3c91ac34760f4b51,2019-10-30,2019-10-29,8066.875,8087.75,8059.5,0.7014772260976610586787033238,113,2019
true,NQH9,prior_rth,2019-02-04T16:00:00-05:00,true,6d70f8c64c184c97881d,2019-02-05,2019-02-04,6944.625,6957.75,6919,0.7005382131324004305705059203,155,2019
true,NQZ9,full_overnight,2019-09-17T09:30:00-04:00,true,6d8c9bff1f1d19e35abe,2019-09-17,2019-09-17,7867.625,7883,7862.25,0.7021866338158299969202340622,83,2019
true,NQM9,full_overnight,2019-03-19T09:30:00-04:00,true,6e1c7b13793bc3cf297b,2019-03-19,2019-03-19,7365.375,7381.75,7356.5,0.7082083446959367330242705209,101,2019
true,NQZ9,full_overnight,2019-12-02T09:30:00-05:00,true,6e48456bec25eb9c421d,2019-12-02,2019-12-02,8444.375,8454.5,8426.5,0.7047511312217194570135746606,112,2019
true,NQZ9,prior_rth,2019-11-18T16:00:00-05:00,true,6e83da60cae789617a9b,2019-11-19,2019-11-18,8320.625,8325,8284.5,0.700356415478615071283095723,162,2019
true,NQZ9,midnight,2019-10-03T09:30:00-04:00,true,6eb28b20ff7681085ff8,2019-10-03,2019-10-03,7559.125,7580.25,7556.25,0.7054225696140693698094772838,96,2019
true,NQH0,midnight,2019-12-23T09:30:00-05:00,true,6eda577a90715666817f,2019-12-23,2019-12-23,8718.875,8732.75,8712.5,0.7017819706498951781970649895,81,2019
true,NQZ9,midnight,2019-09-19T09:30:00-04:00,true,6f805781f9087264c721,2019-09-19,2019-09-19,7895.625,7902.5,7876.25,0.7010729613733905579399141631,105,2019
true,NQZ9,prior_rth,2019-11-06T16:00:00-05:00,true,6febcdfb0e2a6b0704a7,2019-11-07,2019-11-06,8194.875,8200.5,8181.25,0.7020655590480466995958688819,77,2019
true,NQH9,midnight,2019-03-07T09:30:00-05:00,true,6ff4f7137f72730761ad,2019-03-07,2019-03-07,7096.125,7102.75,7084,0.7026683608640406607369758577,75,2019
true,NQZ9,prior_rth,2019-10-23T16:00:00-04:00,true,70389e34728de4daeae5,2019-10-24,2019-10-23,7886.125,7894.75,7872.25,0.7022869864399919044727787897,90,2019
true,NQM9,prior_rth,2019-06-12T16:00:00-04:00,true,70f7231fe8ce6f7bf357,2019-06-13,2019-06-12,7475.375,7485.75,7468,0.7049815173384967435310684739,71,2019
true,NQU9,opening_hour_rth,2019-08-30T10:30:00-04:00,true,7123e75efaa38a534259,2019-08-30,2019-08-30,7734.625,7743.75,7721.5,0.7007601935038009675190048376,89,2019
true,NQZ9,opening_hour_rth,2019-10-11T10:30:00-04:00,true,718cee0e7be3b718dbde,2019-10-11,2019-10-11,7882.125,7889,7868.75,0.7008264462809917355371900826,81,2019
true,NQU9,full_overnight,2019-07-01T09:30:00-04:00,true,71dc9ac9f8d572e4c40f,2019-07-01,2019-07-01,7824.125,7838.5,7799,0.7034789045151739452257586973,158,2019
true,NQZ9,midnight,2019-10-25T09:30:00-04:00,true,71facac37d67b58b9fef,2019-10-25,2019-10-25,7939.875,7942.5,7933,0.7124324324324324324324324324,38,2019
true,NQZ9,opening_hour_rth,2019-12-02T10:30:00-05:00,true,72631ab0b35cbbdaaaab,2019-12-02,2019-12-02,8311.375,8361.25,8299.25,0.7003504672897196261682242991,248,2019
true,NQH9,opening_hour_rth,2019-02-20T10:30:00-05:00,true,73505371dd7efb26b422,2019-02-20,2019-02-20,7090.875,7094,7084,0.706986444212721584984358707,40,2019
true,NQM9,midnight,2019-05-30T09:30:00-04:00,true,7398794d29a55ec2a47d,2019-05-30,2019-05-30,7244.125,7250.25,7235.75,0.7027632561613144137415982076,58,2019
true,NQH9,opening_hour_rth,2019-01-28T10:30:00-05:00,true,73bc227c29d192caea04,2019-01-28,2019-01-28,6676.625,6682.5,6661.75,0.701608100059559261465157832,83,2019
true,NQU9,full_overnight,2019-06-20T09:30:00-04:00,true,7402e44138a70f3020ad,2019-06-20,2019-06-20,7759.375,7820,7749.5,0.7002986012887002986012887003,282,2019
true,NQU9,midnight,2019-06-25T09:30:00-04:00,true,742e80b4fafe9aceaa9f,2019-06-25,2019-06-25,7736.375,7747.5,7726.25,0.7054461774482229608795704423,85,2019
true,NQU9,prior_rth,2019-09-05T16:00:00-04:00,true,745847ce6a81e0d95449,2019-09-06,2019-09-05,7852.875,7869,7847.5,0.704619124797406807131280389,86,2019
true,NQM9,prior_rth,2019-04-15T16:00:00-04:00,true,745d6dece889262f721f,2019-04-16,2019-04-15,7624.625,7650.5,7616.5,0.7010836845273931366646598435,136,2019
true,NQU9,prior_rth,2019-07-11T16:00:00-04:00,true,74c3420721e6edb5bb69,2019-07-12,2019-07-11,7912.125,7942,7897,0.7018760195758564437194127243,180,2019
true,NQH9,opening_hour_rth,2019-01-08T10:30:00-05:00,true,75f67d0688311528b1a3,2019-01-08,2019-01-08,6547.375,6568.25,6508.75,0.7003725385843533794571580628,238,2019
true,NQU9,prior_rth,2019-08-09T16:00:00-04:00,true,76057265615182df68d0,2019-08-12,2019-08-09,7666.125,7692.25,7633.5,0.7008276284867681618473485236,235,2019
true,NQH9,full_overnight,2019-02-25T09:30:00-05:00,true,76345939436028a07132,2019-02-25,2019-02-25,7118.125,7125.75,7105.25,0.7022058823529411764705882353,82,2019
true,NQZ9,opening_hour_rth,2019-10-08T10:30:00-04:00,true,764af0b1d7d69f5cd02b,2019-10-08,2019-10-08,7647.375,7677.75,7638,0.7003745318352059925093632959,159,2019
true,NQZ9,prior_rth,2019-12-02T16:00:00-05:00,true,772bac014f6cb12a01c4,2019-12-03,2019-12-02,8316.125,8333.5,8293.75,0.7009359903381642512077294686,159,2019
true,NQU9,midnight,2019-08-29T09:30:00-04:00,true,774c0a98314d23b736cb,2019-08-29,2019-08-29,7686.625,7701.25,7640.75,0.7011206133883810085520495429,242,2019
true,NQH9,midnight,2019-03-04T09:30:00-05:00,true,7805ebb7abd385099f3d,2019-03-04,2019-03-04,7196.125,7198.75,7187.5,0.7093952073031570939520730316,45,2019
true,NQZ9,midnight,2019-11-27T09:30:00-05:00,true,7876255ab84af5050647,2019-11-27,2019-11-27,8418.375,8421.5,8410.75,0.7012391005048187241854061496,43,2019
true,NQM9,prior_rth,2019-04-01T16:00:00-04:00,true,78bc36a5956e05f6f9ad,2019-04-02,2019-04-01,7496.625,7499.25,7466.5,0.7007011393514460999123575811,131,2019
true,NQM9,midnight,2019-03-22T09:30:00-04:00,true,78ff3cfc087409ed06ba,2019-03-22,2019-03-22,7507.125,7518,7488.5,0.7001522070015220700152207002,118,2019
true,NQZ9,midnight,2019-10-02T09:30:00-04:00,true,78ff5ff9ea72c1b99826,2019-10-02,2019-10-02,7642.125,7666.75,7634.25,0.7042815045935170740162939851,130,2019
true,NQM9,prior_rth,2019-03-15T16:00:00-04:00,true,799869e98a5b470439ec,2019-03-18,2019-03-15,7351.875,7356.75,7323.5,0.7008840864440078585461689587,133,2019
true,NQU9,midnight,2019-07-31T09:30:00-04:00,true,7a022301129e406cdf66,2019-07-31,2019-07-31,7994.625,7997.5,7988.5,0.711137941442801086628433444,36,2019
true,NQZ9,prior_rth,2019-09-19T16:00:00-04:00,true,7a1ec2249358c269dd2b,2019-09-20,2019-09-19,7929.625,7954.75,7910,0.7009163579645155000974848898,179,2019
true,NQH9,midnight,2019-01-07T09:30:00-05:00,true,7ae4e8e6fa2df217b9d7,2019-01-07,2019-01-07,6425.625,6448.75,6412.25,0.7015270708005552984729291994,146,2019
true,NQH9,full_overnight,2019-02-20T09:30:00-05:00,true,7b23a05c713d418e5f3e,2019-02-20,2019-02-20,7069.125,7075,7063.5,0.707957342083675143560295324,46,2019
true,NQU9,midnight,2019-07-25T09:30:00-04:00,true,7b2654c425402875cc4f,2019-07-25,2019-07-25,8021.375,8027,8009.75,0.7039137833238797504254112309,69,2019
true,NQH9,full_overnight,2019-01-22T09:30:00-05:00,true,7b26c9a0f1a92425cdf7,2019-01-22,2019-01-22,6741.375,6747.25,6726.5,0.7015423755764032437589441883,83,2019
true,NQM9,prior_rth,2019-03-18T16:00:00-04:00,true,7b39c7509a7066543541,2019-03-19,2019-03-18,7349.375,7361.5,7330.5,0.7035175879396984924623115578,124,2019
true,NQM9,midnight,2019-04-01T09:30:00-04:00,true,7bb4bea3b83cde2e031a,2019-04-01,2019-04-01,7473.875,7476.5,7467.75,0.7029733009708737864077669903,35,2019
true,NQH0,prior_rth,2019-12-16T16:00:00-05:00,true,7c17b8694d91ddb9a322,2019-12-17,2019-12-16,8610.625,8615,8603.5,0.7034364261168384879725085911,46,2019
true,NQU9,midnight,2019-09-03T09:30:00-04:00,true,7c2c411cb90b0f7b5900,2019-09-03,2019-09-03,7634.125,7640.75,7611.25,0.7025730994152046783625730994,118,2019
true,NQZ9,prior_rth,2019-10-07T16:00:00-04:00,true,7c761367d5f8e83b3eb4,2019-10-08,2019-10-07,7752.875,7777.25,7738.75,0.7003342537421886353727655864,154,2019
true,NQU9,full_overnight,2019-08-14T09:30:00-04:00,true,7ce22c86ae31bb056222,2019-08-14,2019-08-14,7743.125,7759.5,7670.5,0.7013232514177693761814744802,356,2019
true,NQH0,midnight,2019-12-27T09:30:00-05:00,true,7d2bca7ca7d14e1fedf6,2019-12-27,2019-12-27,8826.375,8835.75,8822,0.7179727827311121539183481933,55,2019
true,NQH9,full_overnight,2019-02-21T09:30:00-05:00,true,7deb2cc3c002cf862300,2019-02-21,2019-02-21,7065.875,7090.5,7051.25,0.7019230769230769230769230769,157,2019
true,NQH9,opening_hour_rth,2019-01-09T10:30:00-05:00,true,7e218ee42c509b11ef93,2019-01-09,2019-01-09,6594.625,6609,6590,0.7050587172538392050587172538,76,2019
true,NQM9,prior_rth,2019-04-25T16:00:00-04:00,true,7e3218a8ac7ea1e44a9c,2019-04-26,2019-04-25,7843.625,7856.75,7832.5,0.7011002444987775061124694377,97,2019
true,NQU9,prior_rth,2019-06-19T16:00:00-04:00,true,7f1d70f3ff6d4f86589c,2019-06-20,2019-06-19,7655.625,7681,7645.75,0.7025993883792048929663608563,141,2019
true,NQM9,opening_hour_rth,2019-05-31T10:30:00-04:00,true,7f32a9dd9e9d3a98ee77,2019-05-31,2019-05-31,7153.125,7160.5,7142.5,0.7059202059202059202059202059,72,2019
true,NQM9,opening_hour_rth,2019-06-05T10:30:00-04:00,true,7fa89eb38fdbe19e4f0f,2019-06-05,2019-06-05,7197.625,7211.5,7176.25,0.7016491754122938530734632684,141,2019
true,NQZ9,opening_hour_rth,2019-11-20T10:30:00-05:00,true,7fd6961b142db1114187,2019-11-20,2019-11-20,8328.125,8333.75,8323.75,0.7053742802303262955854126679,40,2019
true,NQM9,opening_hour_rth,2019-04-30T10:30:00-04:00,true,7fe8f997d1e4ac5ee5e7,2019-04-30,2019-04-30,7795.375,7801.75,7789.5,0.7084006462035541195476575121,49,2019
true,NQH9,prior_rth,2019-02-26T16:00:00-05:00,true,803620f3bb4f3f4cb52d,2019-02-27,2019-02-26,7124.625,7135.5,7114.25,0.702622673434856175972927242,85,2019
true,NQU9,midnight,2019-08-23T09:30:00-04:00,true,805e171ed398327b06aa,2019-08-23,2019-08-23,7748.625,7762,7669.5,0.7012966476913345983554712207,370,2019
true,NQM9,opening_hour_rth,2019-06-14T10:30:00-04:00,true,8068e8db45317fae317a,2019-06-14,2019-06-14,7473.125,7478,7463.5,0.7054886211512717536813922356,58,2019
true,NQZ9,midnight,2019-12-05T09:30:00-05:00,true,80c7ee704ec615e55919,2019-12-05,2019-12-05,8311.875,8332.5,8305.75,0.7000269034167339252085014797,107,2019
true,NQH0,opening_hour_rth,2019-12-18T10:30:00-05:00,true,812647ec956a5b9f0624,2019-12-18,2019-12-18,8617.375,8623,8612,0.7188872620790629575402635432,44,2019
true,NQH9,opening_hour_rth,2019-02-15T10:30:00-05:00,true,8198d11d99d8356428d8,2019-02-15,2019-02-15,7042.625,7059,7037.75,0.7086956521739130434782608696,85,2019
true,NQH9,opening_hour_rth,2019-03-01T10:30:00-05:00,true,81c35edd1ce2984ff497,2019-03-01,2019-03-01,7151.875,7156,7138.75,0.7012765957446808510638297872,69,2019
true,NQZ9,opening_hour_rth,2019-09-26T10:30:00-04:00,true,81e1bc7a70685b208915,2019-09-26,2019-09-26,7779.875,7786.5,7767.5,0.7019290603609209707529558183,76,2019
true,NQZ9,full_overnight,2019-10-16T09:30:00-04:00,true,81eff032a52c2d30aad6,2019-10-16,2019-10-16,7936.875,7947.5,7934,0.7062155313757638992398270979,54,2019
true,NQZ9,opening_hour_rth,2019-10-01T10:30:00-04:00,true,825b4e37d9ad4cc00d08,2019-10-01,2019-10-01,7835.375,7840.25,7776.25,0.7033149171270718232044198895,256,2019
true,NQU9,opening_hour_rth,2019-06-17T10:30:00-04:00,true,826a66a9024a6b490c6e,2019-06-17,2019-06-17,7563.875,7570.75,7546.25,0.7017255546425636811832374692,98,2019
true,NQM9,opening_hour_rth,2019-03-28T10:30:00-04:00,true,82c1c56a66996a586b6d,2019-03-28,2019-03-28,7348.125,7365,7336.25,0.7035623409669211195928753181,115,2019
true,NQM9,midnight,2019-03-18T09:30:00-04:00,true,82ee03676e548b02c0ca,2019-03-18,2019-03-18,7353.125,7355,7346.75,0.7005962521294718909710391823,33,2019
true,NQM9,prior_rth,2019-06-06T16:00:00-04:00,true,82f7e32b334851128bed,2019-06-07,2019-06-06,7235.625,7246,7215,0.7025250261467204542058867473,124,2019
true,NQU9,prior_rth,2019-07-31T16:00:00-04:00,true,82faab9bb5a151437cbc,2019-08-01,2019-07-31,7973.875,7992,7890.5,0.7005574136008918617614269788,406,2019
true,NQZ9,opening_hour_rth,2019-11-06T10:30:00-05:00,true,838792c30c8e11e6a789,2019-11-06,2019-11-06,8194.875,8200.25,8192.25,0.7006302521008403361344537815,32,2019
true,NQZ9,opening_hour_rth,2019-09-17T10:30:00-04:00,true,839c9ff1859e733a99e3,2019-09-17,2019-09-17,7876.875,7884.25,7870.5,0.7024981074943224829674489023,55,2019
true,NQM9,midnight,2019-04-25T09:30:00-04:00,true,83a75835b20a9382a479,2019-04-25,2019-04-25,7856.625,7870.75,7851.5,0.7062168309325246398786959818,77,2019
true,NQU9,midnight,2019-08-02T09:30:00-04:00,true,83c700743904299140fc,2019-08-02,2019-08-02,7753.375,7781,7742.25,0.7030241250424736663268773361,155,2019
true,NQU9,full_overnight,2019-08-15T09:30:00-04:00,true,84102c9422caaaabc909,2019-08-15,2019-08-15,7525.375,7549,7490.5,0.7008703618873110398534127348,234,2019
true,NQM9,opening_hour_rth,2019-04-26T10:30:00-04:00,true,845835616589e96d0ea1,2019-04-26,2019-04-26,7782.375,7796.25,7768,0.7006097560975609756097560976,113,2019
true,NQM9,prior_rth,2019-03-27T16:00:00-04:00,true,846040057c2418291870,2019-03-28,2019-03-27,7333.625,7358.75,7288.75,0.7013081395348837209302325581,280,2019
true,NQH9,midnight,2019-01-14T09:30:00-05:00,true,846148f7699d3ec4eadc,2019-01-14,2019-01-14,6546.875,6556,6538.75,0.7051756007393715341959334566,69,2019
true,NQM9,prior_rth,2019-03-29T16:00:00-04:00,true,849712fc66edc9961f37,2019-04-01,2019-03-29,7388.375,7395,7380,0.7008196721311475409836065574,60,2019
true,NQM9,midnight,2019-03-28T09:30:00-04:00,true,854518816b8dedf321d9,2019-03-28,2019-03-28,7336.125,7343.75,7322.75,0.7012118679481821980777267029,84,2019
true,NQM9,prior_rth,2019-04-05T16:00:00-04:00,true,858b16ee7c9124416ffd,2019-04-08,2019-04-05,7599.125,7602.5,7593.75,0.7023692003948667324777887463,35,2019
true,NQM9,prior_rth,2019-06-14T16:00:00-04:00,true,858eb0baab816319b8b8,2019-06-17,2019-06-14,7479.875,7486.5,7466.25,0.7017080113867425782838552257,81,2019
true,NQM9,prior_rth,2019-05-09T16:00:00-04:00,true,85d389e8fccb78e938a5,2019-05-10,2019-05-09,7593.625,7609.75,7514.75,0.7012074247612182375202739232,380,2019
true,NQM9,midnight,2019-06-07T09:30:00-04:00,true,85f146e66e92ea18a178,2019-06-07,2019-06-07,7308.375,7325.25,7295.25,0.7014735772357723577235772358,120,2019
true,NQZ9,full_overnight,2019-12-03T09:30:00-05:00,true,86258e18ac5a51bedbd9,2019-12-03,2019-12-03,8328.875,8336,8277,0.7003498385360602798708288482,236,2019
true,NQM9,full_overnight,2019-04-18T09:30:00-04:00,true,862da6fc3754246fccf7,2019-04-18,2019-04-18,7675.625,7688.5,7663.75,0.7068862869616987497519349077,99,2019
true,NQM9,prior_rth,2019-04-23T16:00:00-04:00,true,8697b3336f8bd8e5df8a,2019-04-24,2019-04-23,7824.125,7839.25,7787.25,0.7006745362563237774030354132,208,2019
true,NQM9,full_overnight,2019-05-21T09:30:00-04:00,true,86ade12d2263c2cd5992,2019-05-21,2019-05-21,7439.875,7447.5,7416.25,0.7007427923958202190608082588,125,2019
true,NQZ9,prior_rth,2019-12-11T16:00:00-05:00,true,874e0aa9a73ce8a7e115,2019-12-12,2019-12-11,8377.875,8398.5,8372.25,0.7041989836854774003744316662,105,2019
true,NQM9,midnight,2019-03-13T09:30:00-04:00,true,876291b359d28d0a05f9,2019-03-13,2019-03-13,7240.875,7249.75,7222.5,0.7056810403832991101984941821,109,2019
true,NQU9,full_overnight,2019-07-23T09:30:00-04:00,true,8793820458c41753f43f,2019-07-23,2019-07-23,7934.625,7947,7921.5,0.7082259198500117178345441762,102,2019
true,NQH9,opening_hour_rth,2019-01-16T10:30:00-05:00,true,87bf22487d8a35264d13,2019-01-16,2019-01-16,6725.125,6732.25,6710,0.7028571428571428571428571429,89,2019
true,NQM9,full_overnight,2019-05-02T09:30:00-04:00,true,88ab654a6c38719c65c2,2019-05-02,2019-05-02,7764.125,7779.25,7759.75,0.7030204743563754307723494831,78,2019
true,NQZ9,prior_rth,2019-11-14T16:00:00-05:00,true,88d9473f10032b6dc6ec,2019-11-15,2019-11-14,8251.875,8261.5,8238.25,0.703317535545023696682464455,93,2019
true,NQU9,midnight,2019-08-22T09:30:00-04:00,true,88f287a8c7cf18f05b3d,2019-08-22,2019-08-22,7729.125,7756.5,7722.25,0.7015222906850308082638637187,137,2019
true,NQZ9,opening_hour_rth,2019-09-27T10:30:00-04:00,true,88ffa00fb76199ee6841,2019-09-27,2019-09-27,7755.625,7785.25,7743.25,0.7023809523809523809523809524,168,2019
true,NQH9,prior_rth,2019-02-21T16:00:00-05:00,true,8942aa655277b799a8c7,2019-02-22,2019-02-21,7019.125,7049.5,7011.25,0.7005538681436483830623548329,153,2019
true,NQZ9,full_overnight,2019-09-26T09:30:00-04:00,true,89466ce4672ddf846e60,2019-09-26,2019-09-26,7810.375,7831.25,7805.5,0.7064205955334987593052109181,103,2019
true,NQU9,full_overnight,2019-06-19T09:30:00-04:00,true,8988e7d27a9505398972,2019-06-19,2019-06-19,7678.125,7683.5,7674.25,0.7052083333333333333333333333,37,2019
true,NQU9,opening_hour_rth,2019-06-18T10:30:00-04:00,true,89b5731246cab965d601,2019-06-18,2019-06-18,7699.375,7711.75,7676.5,0.7002570694087403598971722365,141,2019
true,NQZ9,full_overnight,2019-10-21T09:30:00-04:00,true,89dc5793cf24f28c67b0,2019-10-21,2019-10-21,7904.625,7910.5,7894,0.7037037037037037037037037037,66,2019
true,NQM9,prior_rth,2019-06-10T16:00:00-04:00,true,89fb1eeeb7b06c16e69a,2019-06-11,2019-06-10,7528.875,7551.5,7509,0.7011015183090205418279249777,170,2019
true,NQM9,full_overnight,2019-03-15T09:30:00-04:00,true,89fc17baa7ede165e4c2,2019-03-15,2019-03-15,7295.375,7310.25,7287.25,0.7046058458813108945969884854,92,2019
true,NQZ9,prior_rth,2019-09-27T16:00:00-04:00,true,8a3d712cb05d7b60fb18,2019-09-30,2019-09-27,7693.125,7755,7650,0.7003621995390187685215673362,420,2019
true,NQU9,full_overnight,2019-09-10T09:30:00-04:00,true,8a6124c3a1d7022a8316,2019-09-10,2019-09-10,7807.625,7828.75,7793,0.7010475423045930701047542305,143,2019
true,NQM9,prior_rth,2019-05-10T16:00:00-04:00,true,8ad724d50e2341c9f061,2019-05-13,2019-05-10,7553.875,7606,7473.25,0.7009370347666170417724844557,531,2019
true,NQZ9,prior_rth,2019-12-09T16:00:00-05:00,true,8b1ee3ef04df485fd87e,2019-12-10,2019-12-09,8390.375,8410,8371.25,0.700182815356489945155393053,155,2019
true,NQU9,prior_rth,2019-09-03T16:00:00-04:00,true,8ba0a09a6fdb69218df3,2019-09-04,2019-09-03,7612.125,7645.25,7602.25,0.7001965119135347580447064603,172,2019
true,NQM9,prior_rth,2019-05-08T16:00:00-04:00,true,8bdf4781d229f7bbeb8e,2019-05-09,2019-05-08,7646.125,7672,7636.5,0.7036792970895112575507962658,142,2019
true,NQZ9,prior_rth,2019-10-24T16:00:00-04:00,true,8be70d3689483a6c0807,2019-10-25,2019-10-24,7954.875,7971.75,7945.75,0.7009345794392523364485981308,104,2019
true,NQZ9,prior_rth,2019-11-05T16:00:00-05:00,true,8bebeb660deea8543d97,2019-11-06,2019-11-05,8228.875,8231.5,8213.5,0.7030772844726333098426121682,72,2019
true,NQM9,midnight,2019-05-15T09:30:00-04:00,true,8c0371c3b212714419ab,2019-05-15,2019-05-15,7411.875,7436.5,7365.5,0.7008969430715723961193483434,284,2019
true,NQZ9,full_overnight,2019-12-04T09:30:00-05:00,true,8c34f970d449c55e4291,2019-12-04,2019-12-04,8253.875,8295.5,8220.5,0.7063625761306207075288324478,300,2019
true,NQU9,prior_rth,2019-07-09T16:00:00-04:00,true,8c3f8d2c01495189e8b6,2019-07-10,2019-07-09,7835.875,7847.5,7811.5,0.7040347293156281920326864147,144,2019
true,NQU9,opening_hour_rth,2019-07-29T10:30:00-04:00,true,8c65bf5e6296a8330bbf,2019-07-29,2019-07-29,7968.125,7992.5,7951.75,0.7016478751084128360797918474,163,2019
true,NQZ9,full_overnight,2019-10-11T09:30:00-04:00,true,8c7ead49df7d1b6bc223,2019-10-11,2019-10-11,7780.875,7836.75,7767,0.7025807198240944335146395093,279,2019
true,NQZ9,opening_hour_rth,2019-11-19T10:30:00-05:00,true,8cba83d25b13784ead3c,2019-11-19,2019-11-19,8342.625,8351.5,8334,0.7060109289617486338797814208,70,2019
true,NQU9,prior_rth,2019-09-12T16:00:00-04:00,true,8d19b080209e937c4310,2019-09-13,2019-09-12,7949.625,7959,7930,0.7023650156180276662204373048,116,2019
true,NQZ9,opening_hour_rth,2019-12-06T10:30:00-05:00,true,8d7d80fda9fa31ec1a39,2019-12-06,2019-12-06,8385.375,8388.5,8377,0.7018442622950819672131147541,46,2019
true,NQU9,full_overnight,2019-08-20T09:30:00-04:00,true,8df9f83e4f3f6d858f53,2019-08-20,2019-08-20,7732.875,7745.75,7722.25,0.7042490534286916281026503997,94,2019
true,NQM9,opening_hour_rth,2019-06-11T10:30:00-04:00,true,8e12a01d58898a978262,2019-06-11,2019-06-11,7569.125,7577,7559.75,0.7041942604856512141280353201,69,2019
true,NQM9,prior_rth,2019-05-17T16:00:00-04:00,true,8e708d5a4f1701a7d126,2019-05-20,2019-05-17,7571.375,7581.25,7532.75,0.7004462827909001850440840318,194,2019
true,NQZ9,prior_rth,2019-11-19T16:00:00-05:00,true,8ed6d5f287699f746ffd,2019-11-20,2019-11-19,8346.625,8354.75,8338.5,0.7036674816625916870415647922,65,2019
true,NQU9,midnight,2019-07-12T09:30:00-04:00,true,90161bb40f669f5e16d4,2019-07-12,2019-07-12,7935.875,7942.5,7931.5,0.7058624195188071840054218909,44,2019
true,NQM9,opening_hour_rth,2019-03-26T10:30:00-04:00,true,907790c0ebbf44587d4f,2019-03-26,2019-03-26,7412.625,7429.75,7409.75,0.7031029619181946403385049365,80,2019
true,NQU9,midnight,2019-06-27T09:30:00-04:00,true,9087fdbef81c0e5e7bff,2019-06-27,2019-06-27,7697.375,7703.75,7672.25,0.7040084388185654008438818565,126,2019
true,NQU9,midnight,2019-09-11T09:30:00-04:00,true,9092d8e84187b8ee41b8,2019-09-11,2019-09-11,7828.125,7836,7817.25,0.704750346740638002773925104,75,2019
true,NQM9,prior_rth,2019-06-04T16:00:00-04:00,true,90e8b5926d7dcf450dbc,2019-06-05,2019-06-04,7146.375,7164.75,7079.5,0.7001775713700314164731594045,341,2019
true,NQM9,midnight,2019-03-29T09:30:00-04:00,true,912ecc2b0cce83edc4ea,2019-03-29,2019-03-29,7369.625,7383.75,7363.75,0.7081507449605609114811568799,80,2019
true,NQZ9,midnight,2019-09-23T09:30:00-04:00,true,91a6e456b73d622f7921,2019-09-23,2019-09-23,7838.125,7847,7817.25,0.7018152151743830307974709362,119,2019
true,NQM9,midnight,2019-06-03T09:30:00-04:00,true,9241e29257df83601e2f,2019-06-03,2019-06-03,7094.125,7106.5,7079.5,0.7020212544280058345488643467,108,2019
true,NQH9,prior_rth,2019-01-11T16:00:00-05:00,true,92bdb8f4d5d27005ce55,2019-01-14,2019-01-11,6590.125,6603.25,6584.25,0.70533268889962945062026744,76,2019
true,NQM9,full_overnight,2019-03-25T09:30:00-04:00,true,92c0f3cd641c35108164,2019-03-25,2019-03-25,7317.375,7342,7298.75,0.7017584721090019797368114592,173,2019
true,NQZ9,opening_hour_rth,2019-12-09T10:30:00-05:00,true,92c8f77fc69fab586b65,2019-12-09,2019-12-09,8420.875,8425.25,8414.25,0.7054361567635903919089759798,44,2019
true,NQH9,midnight,2019-02-01T09:30:00-05:00,true,92dc8d8ac21739a5cdc9,2019-02-01,2019-02-01,6884.875,6895.25,6877.5,0.7003908944584962060243734192,71,2019
true,NQM9,full_overnight,2019-05-22T09:30:00-04:00,true,92e781ffb7651d9e6f6c,2019-05-22,2019-05-22,7443.875,7469.25,7433.25,0.7019967177242888402625820569,144,2019
true,NQU9,opening_hour_rth,2019-08-15T10:30:00-04:00,true,92f0ae151cf362018a4c,2019-08-15,2019-08-15,7509.375,7523,7499,0.7026239067055393586005830904,96,2019
true,NQZ9,opening_hour_rth,2019-10-23T10:30:00-04:00,true,92f148645fe6b6f6e2d5,2019-10-23,2019-10-23,7877.375,7884.75,7866,0.7088803088803088803088803089,75,2019
true,NQM9,prior_rth,2019-03-28T16:00:00-04:00,true,93079a201d80d77bd943,2019-03-29,2019-03-28,7341.375,7351.25,7317,0.7006090894893018897391847571,137,2019
true,NQU9,opening_hour_rth,2019-09-11T10:30:00-04:00,true,930a21e312a523b91ac8,2019-09-11,2019-09-11,7863.125,7867.25,7836,0.7001985440105890138980807412,125,2019
true,NQU9,opening_hour_rth,2019-06-24T10:30:00-04:00,true,931da3daa1a1f92a61f5,2019-06-24,2019-06-24,7768.125,7773.25,7761,0.7057313943541488451668092387,49,2019
true,NQZ9,midnight,2019-10-09T09:30:00-04:00,true,9386654408960a7f1bf0,2019-10-09,2019-10-09,7697.625,7712,7645.75,0.7014175257731958762886597938,265,2019
true,NQZ9,midnight,2019-12-03T09:30:00-05:00,true,93e66c1cc9ac3b262be5,2019-12-03,2019-12-03,8328.375,8336.5,8259.25,0.7001530807500956754688097972,309,2019
true,NQZ9,prior_rth,2019-10-14T16:00:00-04:00,true,943f8bf4d8eb0571a6a5,2019-10-15,2019-10-14,7857.375,7869,7855,0.7074361820199778024417314095,56,2019
true,NQM9,opening_hour_rth,2019-05-14T10:30:00-04:00,true,94dc0a005ca2fdef43e6,2019-05-14,2019-05-14,7382.625,7391.5,7359.25,0.7038735983690112130479102956,129,2019
true,NQM9,midnight,2019-04-23T09:30:00-04:00,true,955dc1d40b7fd8f289f4,2019-04-23,2019-04-23,7728.125,7742,7725,0.7002595155709342560553633218,68,2019
true,NQM9,prior_rth,2019-04-24T16:00:00-04:00,true,96489075408061c73912,2019-04-25,2019-04-24,7821.625,7835,7816.25,0.7054005630918863578192986947,75,2019
true,NQM9,midnight,2019-04-12T09:30:00-04:00,true,9651afae5a420a05470d,2019-04-12,2019-04-12,7647.125,7659.25,7634.75,0.7007174581482746839767680219,98,2019
true,NQH9,full_overnight,2019-01-14T09:30:00-05:00,true,96645068a759d1118368,2019-01-14,2019-01-14,6547.125,6558.25,6535.5,0.7000295246530853262474165929,91,2019
true,NQU9,opening_hour_rth,2019-08-02T10:30:00-04:00,true,9693dd08d4730984eea1,2019-08-02,2019-08-02,7732.375,7758,7715.25,0.7003457548981943910872070688,171,2019
true,NQZ9,full_overnight,2019-09-30T09:30:00-04:00,true,97550850efff4563c30f,2019-09-30,2019-09-30,7733.875,7745.75,7725,0.7050026469031233456855479089,83,2019
true,NQM9,prior_rth,2019-03-12T16:00:00-04:00,true,9756242df313dec089f1,2019-03-13,2019-03-12,7238.375,7247.25,7219.5,0.7024985473561882626380011621,111,2019
true,NQM9,prior_rth,2019-05-30T16:00:00-04:00,true,9762055ccb3e0a99e4ec,2019-05-31,2019-05-30,7242.875,7257,7230.75,0.7026641294005708848715509039,105,2019
true,NQU9,full_overnight,2019-08-07T09:30:00-04:00,true,97baca979100e8d9e418,2019-08-07,2019-08-07,7494.625,7516.5,7439.5,0.7006084597903379517630672238,308,2019
true,NQZ9,full_overnight,2019-10-02T09:30:00-04:00,true,97d40e73a1ab4b85f75a,2019-10-02,2019-10-02,7709.125,7730,7652.75,0.7012509197939661515820456218,309,2019
true,NQH9,midnight,2019-01-31T09:30:00-05:00,true,97e4731a08df9e329d23,2019-01-31,2019-01-31,6865.375,6874,6858.25,0.7028357159596906491680337474,63,2019
true,NQH0,midnight,2019-12-17T09:30:00-05:00,true,97fccafd6a330ef8cf8f,2019-12-17,2019-12-17,8608.125,8617,8600.5,0.7044476327116212338593974175,66,2019
true,NQU9,opening_hour_rth,2019-09-12T10:30:00-04:00,true,985bcd84059d6800a613,2019-09-12,2019-09-12,7967.375,7974.25,7932,0.7029934518241347053320860617,169,2019
true,NQU9,opening_hour_rth,2019-08-06T10:30:00-04:00,true,9879263c791495ebb578,2019-08-06,2019-08-06,7513.125,7527.75,7492.75,0.7032312925170068027210884354,140,2019
true,NQU9,prior_rth,2019-07-05T16:00:00-04:00,true,9888a910ca89e4a8c6d7,2019-07-08,2019-07-05,7821.625,7857,7797.25,0.7025153495741731035848682908,239,2019
true,NQM9,opening_hour_rth,2019-05-10T10:30:00-04:00,true,98a06ce30213e3ab7d7d,2019-05-10,2019-05-10,7558.625,7587.25,7533.25,0.7011610297829379101463907118,216,2019
true,NQZ9,midnight,2019-10-10T09:30:00-04:00,true,98b79510430e984746d8,2019-10-10,2019-10-10,7694.625,7701.5,7684.25,0.7057464626046780248339589951,69,2019
true,NQU9,full_overnight,2019-08-30T09:30:00-04:00,true,98ecfe9dbc2830f32c72,2019-08-30,2019-08-30,7755.125,7768.75,7713.5,0.7031354236157438292194796531,221,2019
true,NQM9,prior_rth,2019-04-04T16:00:00-04:00,true,991fe8d2e10a0a122e81,2019-04-05,2019-04-04,7560.875,7568.5,7538.5,0.7012987012987012987012987013,120,2019
true,NQH9,prior_rth,2019-01-04T16:00:00-05:00,true,994057696f8d6e367c1c,2019-01-07,2019-01-04,6434.125,6454.5,6370.75,0.7000966183574879227053140097,335,2019
true,NQH9,midnight,2019-02-07T09:30:00-05:00,true,99745143c39e210e7810,2019-02-07,2019-02-07,6953.375,6972,6940.75,0.7054967221381744831064044377,125,2019
true,NQM9,opening_hour_rth,2019-04-25T10:30:00-04:00,true,99a909474b84c9121dfd,2019-04-25,2019-04-25,7854.375,7864.25,7814.25,0.7024221453287197231833910035,200,2019
true,NQZ9,prior_rth,2019-11-08T16:00:00-05:00,true,99da35a3c3199a037990,2019-11-11,2019-11-08,8231.375,8248.5,8220.75,0.700617283950617283950617284,111,2019
true,NQH9,opening_hour_rth,2019-01-18T10:30:00-05:00,true,9a5220275e83f1deefea,2019-01-18,2019-01-18,6747.875,6767.25,6740.25,0.705212702216896345116836429,108,2019
true,NQH0,opening_hour_rth,2019-12-23T10:30:00-05:00,true,9b7e0b7f464632e8cea7,2019-12-23,2019-12-23,8728.125,8730.5,8724,0.7089552238805970149253731343,26,2019
true,NQZ9,midnight,2019-10-28T09:30:00-04:00,true,9b920e944e80b7ce0e7c,2019-10-28,2019-10-28,8057.875,8067.25,8053.75,0.7144504227517294388931591084,54,2019
true,NQH9,midnight,2019-01-28T09:30:00-05:00,true,9bcbe2d1343fe8d860c9,2019-01-28,2019-01-28,6756.875,6761,6746.25,0.7036703445170006755235307363,59,2019
true,NQH9,opening_hour_rth,2019-02-21T10:30:00-05:00,true,9bd4551702b78fb1ec62,2019-02-21,2019-02-21,7016.625,7038.5,7005,0.7,134,2019
true,NQH9,midnight,2019-01-15T09:30:00-05:00,true,9bed6b76a02dbad9c0d1,2019-01-15,2019-01-15,6571.625,6586.5,6564.25,0.7014237855946398659966499162,89,2019
true,NQU9,prior_rth,2019-08-21T16:00:00-04:00,true,9c99b23f1425b4faa98d,2019-08-22,2019-08-21,7745.875,7753.75,7731.5,0.7064351378958120531154239019,89,2019
true,NQM9,prior_rth,2019-03-25T16:00:00-04:00,true,9c9a22f6498d977a7cc1,2019-03-26,2019-03-25,7345.875,7353.5,7313.5,0.7009366888613023360794492721,160,2019
true,NQZ9,opening_hour_rth,2019-10-21T10:30:00-04:00,true,9ce70884be15874c3e6a,2019-10-21,2019-10-21,7911.375,7924.25,7905.75,0.7015384615384615384615384615,74,2019
true,NQM9,prior_rth,2019-06-11T16:00:00-04:00,true,9d185f317b7b7e2c88bd,2019-06-12,2019-06-11,7509.625,7552.5,7493.25,0.7000414307416102748239193482,237,2019
true,NQU9,full_overnight,2019-09-03T09:30:00-04:00,true,9d52a1fb1024eb3fbffa,2019-09-03,2019-09-03,7634.625,7644,7612.5,0.7035539110231477497633594355,126,2019
true,NQM9,opening_hour_rth,2019-05-06T10:30:00-04:00,true,9d5308a2288507183cdd,2019-05-06,2019-05-06,7739.875,7760.25,7728.25,0.7028639618138424821002386635,128,2019
true,NQH9,midnight,2019-01-25T09:30:00-05:00,true,9d911ba8fdf3a71556ef,2019-01-25,2019-01-25,6736.375,6743.5,6725.75,0.7031725336810082572794437201,71,2019
true,NQZ9,prior_rth,2019-11-12T16:00:00-05:00,true,9e11b604cd425c1720a0,2019-11-13,2019-11-12,8287.125,8296.25,8266,0.7030258662762323084431429966,121,2019
true,NQM9,midnight,2019-04-02T09:30:00-04:00,true,9e7804a86a67a38ea8e4,2019-04-02,2019-04-02,7487.625,7499.5,7485.25,0.7024859663191659983961507618,57,2019
true,NQM9,midnight,2019-05-20T09:30:00-04:00,true,9ef7cb0f5cc80e3e4967,2019-05-20,2019-05-20,7534.625,7545.75,7421.25,0.7,498,2019
true,NQH9,full_overnight,2019-01-10T09:30:00-05:00,true,a05387c664d64f9ecc12,2019-01-10,2019-01-10,6565.375,6576.5,6556.5,0.7013223894208846329229366165,80,2019
true,NQU9,midnight,2019-07-24T09:30:00-04:00,true,a0e60bdcd0515c04615d,2019-07-24,2019-07-24,7955.625,7960.25,7937.75,0.7019285309132161089052750993,90,2019
true,NQH0,midnight,2019-12-18T09:30:00-05:00,true,a11703073560044f205c,2019-12-18,2019-12-18,8612.125,8615.25,8603.25,0.7034684904738641914997557401,48,2019
true,NQZ9,opening_hour_rth,2019-09-20T10:30:00-04:00,true,a1727e5940003b5d9784,2019-09-20,2019-09-20,7930.125,7935,7927.5,0.7031914893617021276595744681,30,2019
true,NQH9,full_overnight,2019-02-22T09:30:00-05:00,true,a1aaf690d035c082d73a,2019-02-22,2019-02-22,7026.125,7060.75,7019.25,0.7036077705827937095282146161,166,2019
true,NQU9,midnight,2019-08-27T09:30:00-04:00,true,a1b2e5e69632d658e94f,2019-08-27,2019-08-27,7593.375,7598.75,7553.75,0.7018398268398268398268398268,180,2019
true,NQH9,full_overnight,2019-02-19T09:30:00-05:00,true,a2024937029600443ae7,2019-02-19,2019-02-19,7072.375,7085.25,7056.5,0.7029375258585022755482002482,115,2019
true,NQZ9,full_overnight,2019-11-05T09:30:00-05:00,true,a216dac9d82c12feddf7,2019-11-05,2019-11-05,8236.375,8242.25,8233,0.7006472491909385113268608414,37,2019
true,NQU9,prior_rth,2019-07-12T16:00:00-04:00,true,a2416577d9ad1ea04ea5,2019-07-15,2019-07-12,7952.875,7958,7934,0.7050610820244328097731239092,96,2019
true,NQM9,midnight,2019-03-27T09:30:00-04:00,true,a2444bab827b8b6b91d3,2019-03-27,2019-03-27,7399.125,7400.75,7374.5,0.7054413542926239419588875453,105,2019
true,NQH9,prior_rth,2019-01-15T16:00:00-05:00,true,a2b4d1d9bae00cc28d85,2019-01-16,2019-01-15,6645.875,6676,6635.5,0.7050842403459072610705233338,162,2019
true,NQM9,full_overnight,2019-03-22T09:30:00-04:00,true,a2c4ee32ea61e14001ff,2019-03-22,2019-03-22,7507.125,7527.25,7488.75,0.7026580567652800720828953296,154,2019
true,NQZ9,midnight,2019-11-13T09:30:00-05:00,true,a31636e2e2c009407ac3,2019-11-13,2019-11-13,8245.125,8253.75,8232.5,0.703551046290424857324032974,85,2019
true,NQM9,prior_rth,2019-04-12T16:00:00-04:00,true,a328890a96b337747025,2019-04-15,2019-04-12,7643.125,7650,7635.75,0.7005028284098051539912005028,57,2019
true,NQH9,full_overnight,2019-03-04T09:30:00-05:00,true,a36957f0b1db7aaec370,2019-03-04,2019-03-04,7198.625,7201.5,7188.5,0.7100192678227360308285163776,52,2019
true,NQH9,full_overnight,2019-02-07T09:30:00-05:00,true,a36d752cff4fc8028f51,2019-02-07,2019-02-07,6976.625,6994.25,6955.5,0.7018324141611812844689557018,155,2019
true,NQH9,full_overnight,2019-01-04T09:30:00-05:00,true,a404958bcfca17c7c90e,2019-01-04,2019-01-04,6238.625,6284.25,6196.5,0.7008788917026664680470728437,351,2019
true,NQZ9,prior_rth,2019-10-22T16:00:00-04:00,true,a486faafe4e900f27ea7,2019-10-23,2019-10-22,7933.625,7957.25,7881,0.7007380073800738007380073801,305,2019
true,NQU9,opening_hour_rth,2019-07-25T10:30:00-04:00,true,a4bf1b9b0c9d1a64e8b4,2019-07-25,2019-07-25,7964.125,7972.75,7946.75,0.7023223082336382828993666432,104,2019
true,NQZ9,prior_rth,2019-11-26T16:00:00-05:00,true,a501ce74696a9872dd17,2019-11-27,2019-11-26,8393.375,8398.5,8383.5,0.7000917150718434729440538062,60,2019
true,NQZ9,midnight,2019-11-07T09:30:00-05:00,true,a5c693ba16173c360e68,2019-11-07,2019-11-07,8247.375,8256.5,8241.5,0.7008568548387096774193548387,60,2019
true,NQH9,midnight,2019-02-19T09:30:00-05:00,true,a5ccb97ef5a151660b5e,2019-02-19,2019-02-19,7072.125,7077,7045.25,0.7105508870214752567693744164,127,2019
true,NQZ9,prior_rth,2019-09-24T16:00:00-04:00,true,a5e1ab9bc435e92c1a78,2019-09-25,2019-09-24,7729.875,7795,7701.75,0.7013816202637638685367385388,373,2019
true,NQH9,opening_hour_rth,2019-02-12T10:30:00-05:00,true,a5e57978c67205028a6d,2019-02-12,2019-02-12,6993.375,6997.25,6977,0.7001003009027081243731193581,81,2019
true,NQZ9,midnight,2019-10-30T09:30:00-04:00,true,a612510f13d1a9e00d97,2019-10-30,2019-10-30,8054.875,8063,8047.5,0.702974444909928780896522832,62,2019
true,NQZ9,prior_rth,2019-10-31T16:00:00-04:00,true,a62e611536f2437869bc,2019-11-01,2019-10-31,8071.375,8087,8059,0.7025826616219772988978450403,112,2019
true,NQH9,prior_rth,2019-02-06T16:00:00-05:00,true,a66de59b7ee4c5abcf76,2019-02-07,2019-02-06,7003.125,7015.75,6990.25,0.7021048876204067070995362112,102,2019
true,NQU9,prior_rth,2019-06-21T16:00:00-04:00,true,a6cd444d26ffe79f5182,2019-06-24,2019-06-21,7764.375,7775.75,7750.25,0.7010387157695939565627950897,102,2019
true,NQU9,midnight,2019-09-09T09:30:00-04:00,true,a6f57f63ac1bfaf68618,2019-09-09,2019-09-09,7873.375,7877.25,7869,0.7036199095022624434389140271,33,2019
true,NQH0,full_overnight,2019-12-20T09:30:00-05:00,true,a74ab7f5a9f371436d93,2019-12-20,2019-12-20,8670.375,8679.5,8667,0.7121026894865525672371638142,50,2019
true,NQZ9,midnight,2019-09-17T09:30:00-04:00,true,a7533a3115dc381d02cb,2019-09-17,2019-09-17,7867.625,7879.25,7862,0.7005691660480079188319722841,69,2019
true,NQH9,prior_rth,2019-02-25T16:00:00-05:00,true,a77eae6f020c8266dd0e,2019-02-26,2019-02-25,7132.125,7154,7116.5,0.7040338756407399153108981502,150,2019
true,NQH0,prior_rth,2019-12-18T16:00:00-05:00,true,a83316e00f1ed3b0db79,2019-12-19,2019-12-18,8632.875,8636.25,8621.5,0.7004777655273796398382947446,59,2019
true,NQZ9,prior_rth,2019-11-04T16:00:00-05:00,true,a83ffdd492a6e0eb82f3,2019-11-05,2019-11-04,8212.875,8220.25,8206.5,0.706375412750825501651003302,55,2019
true,NQZ9,prior_rth,2019-10-17T16:00:00-04:00,true,a8683b5b7cb1a8b37e17,2019-10-18,2019-10-17,7953.875,7958.5,7932.5,0.7010289990645463049579045837,104,2019
true,NQZ9,opening_hour_rth,2019-11-18T10:30:00-05:00,true,a89c62b0555fee56d569,2019-11-18,2019-11-18,8292.625,8299.75,8287,0.7050912584053794428434197887,51,2019
true,NQZ9,full_overnight,2019-12-05T09:30:00-05:00,true,a8df7bda6f808c8ad31a,2019-12-05,2019-12-05,8292.625,8320,8288.5,0.7012014626501828312728539091,126,2019
true,NQH9,prior_rth,2019-01-29T16:00:00-05:00,true,a8e8cd9fdeafc9045041,2019-01-30,2019-01-29,6642.625,6660.25,6621.75,0.7001377884946606958318980365,154,2019
true,NQM9,opening_hour_rth,2019-05-03T10:30:00-04:00,true,a8ed7f6deb2c36d48d75,2019-05-03,2019-05-03,7805.875,7811.5,7792.25,0.7080028839221341023792357606,77,2019
true,NQH9,opening_hour_rth,2019-02-19T10:30:00-05:00,true,a91b0d83fbfdbd7618f0,2019-02-19,2019-02-19,7069.375,7075.5,7061.5,0.7076142131979695431472081218,56,2019
true,NQU9,prior_rth,2019-07-15T16:00:00-04:00,true,aa08d10a6ccffa576036,2019-07-16,2019-07-15,7972.375,7977.5,7962.75,0.7003756139843975729557931234,59,2019
true,NQM9,opening_hour_rth,2019-04-24T10:30:00-04:00,true,aa3718c08e199e7db8ae,2019-04-24,2019-04-24,7832.875,7836.75,7821.25,0.7019417475728155339805825243,62,2019
true,NQM9,opening_hour_rth,2019-03-21T10:30:00-04:00,true,aaeb377cea9a3fa95cd2,2019-03-21,2019-03-21,7438.625,7449.75,7422.5,0.7010785824345146379044684129,109,2019
true,NQM9,opening_hour_rth,2019-05-13T10:30:00-04:00,true,ab1a6955dc8ed01fe770,2019-05-13,2019-05-13,7369.125,7418.75,7353.5,0.7002245508982035928143712575,261,2019
true,NQZ9,opening_hour_rth,2019-12-05T10:30:00-05:00,true,ab4ba526034b8129b3a0,2019-12-05,2019-12-05,8313.625,8321.25,8287.25,0.701516360734237829209896249,136,2019
true,NQM9,full_overnight,2019-05-20T09:30:00-04:00,true,abd713de1e7d0808ba77,2019-05-20,2019-05-20,7538.625,7559,7432,0.7019963352300125373710097406,508,2019
true,NQZ9,full_overnight,2019-09-16T09:30:00-04:00,true,abe48e8b2462887f23b1,2019-09-16,2019-09-16,7859.375,7871.25,7835.5,0.7003384810662153585783795219,143,2019
true,NQU9,prior_rth,2019-08-06T16:00:00-04:00,true,abec185a3aed004f59a6,2019-08-07,2019-08-06,7508.125,7535.5,7473,0.7023474178403755868544600939,250,2019
true,NQU9,opening_hour_rth,2019-06-27T10:30:00-04:00,true,ac0bfff797b0253fbccb,2019-06-27,2019-06-27,7691.125,7696,7685.75,0.7003952569169960474308300395,41,2019
true,NQU9,midnight,2019-08-21T09:30:00-04:00,true,ac26ec6dd2abe8fde6ee,2019-08-21,2019-08-21,7729.625,7744.5,7716.75,0.7003821083389525736120476512,111,2019
true,NQU9,midnight,2019-07-08T09:30:00-04:00,true,ac4a9c022d511c8d0867,2019-07-08,2019-07-08,7822.875,7829.75,7814,0.7070534698521046643913538111,63,2019
true,NQH9,opening_hour_rth,2019-03-04T10:30:00-05:00,true,ac6104e9664e42332129,2019-03-04,2019-03-04,7207.375,7209.5,7196.5,0.7061752988047808764940239044,52,2019
true,NQU9,midnight,2019-07-30T09:30:00-04:00,true,ac933053c34563cc11b1,2019-07-30,2019-07-30,7971.625,7979.5,7929.5,0.7001245330012453300124533001,200,2019
true,NQH9,midnight,2019-02-21T09:30:00-05:00,true,acd5eee3a6c6db0fb3a7,2019-02-21,2019-02-21,7085.375,7108,7069.5,0.7014112404060410992820004952,154,2019
true,NQZ9,opening_hour_rth,2019-10-30T10:30:00-04:00,true,ad381629b9c850eff487,2019-10-30,2019-10-30,8052.375,8055,8041.75,0.7,53,2019
true,NQM9,prior_rth,2019-05-07T16:00:00-04:00,true,ad62f06283dce5735121,2019-05-08,2019-05-07,7671.375,7712.75,7619.25,0.7006084466714387974230493916,374,2019
true,NQM9,opening_hour_rth,2019-04-17T10:30:00-04:00,true,ad67804f2742bbc1114d,2019-04-17,2019-04-17,7688.375,7718,7681,0.7016769638128861429832303619,148,2019
true,NQU9,full_overnight,2019-08-01T09:30:00-04:00,true,ada94ffb17e766ded89d,2019-08-01,2019-08-01,7868.875,7893.25,7856.5,0.7010950385291334324726240368,147,2019
true,NQM9,prior_rth,2019-05-02T16:00:00-04:00,true,add69811c575bc7be9d6,2019-05-03,2019-05-02,7726.875,7746,7691,0.7005952380952380952380952381,220,2019
true,NQH9,opening_hour_rth,2019-02-22T10:30:00-05:00,true,ae80c73c3c56b84a2ac9,2019-02-22,2019-02-22,7069.125,7072.5,7059.25,0.7,53,2019
true,NQU9,full_overnight,2019-08-26T09:30:00-04:00,true,aec103bc81dde32c2f9b,2019-08-26,2019-08-26,7562.375,7623.75,7439,0.702679630068769267251600664,739,2019
true,NQU9,full_overnight,2019-07-30T09:30:00-04:00,true,aedfe7d56ce59a13ab62,2019-07-30,2019-07-30,8011.125,8020,7961.25,0.700628451723481241668253666,235,2019
true,NQZ9,midnight,2019-10-01T09:30:00-04:00,true,af2bbd4d5a82910d1c3f,2019-10-01,2019-10-01,7792.125,7810.25,7788,0.707924183603562457182005024,89,2019
true,NQZ9,opening_hour_rth,2019-11-25T10:30:00-05:00,true,af4c9892381444addc87,2019-11-25,2019-11-25,8351.125,8357.75,8339.75,0.7142857142857142857142857143,72,2019
true,NQH9,prior_rth,2019-01-24T16:00:00-05:00,true,af5a501b9487519a4306,2019-01-25,2019-01-24,6696.375,6703.25,6678,0.7011561539587296941314210449,101,2019
true,NQH9,full_overnight,2019-01-03T09:30:00-05:00,true,aff182161a328ec87f35,2019-01-03,2019-01-03,6231.375,6235.75,6198.5,0.7015240682058246567074090841,149,2019
true,NQU9,opening_hour_rth,2019-08-07T10:30:00-04:00,true,b00fdd27fc75be133f3a,2019-08-07,2019-08-07,7470.125,7487.75,7427.25,0.7032374100719424460431654676,242,2019
true,NQM9,full_overnight,2019-05-17T09:30:00-04:00,true,b018885b273b986365e5,2019-05-17,2019-05-17,7566.875,7580.25,7520,0.7029189676546827454074157557,241,2019
true,NQU9,midnight,2019-07-26T09:30:00-04:00,true,b076082803860117f9e2,2019-07-26,2019-07-26,8004.625,8016,8002.25,0.7087508350033400133600534402,55,2019
true,NQU9,prior_rth,2019-08-14T16:00:00-04:00,true,b0cf01c681a9ff0cbead,2019-08-15,2019-08-14,7509.375,7562.75,7493.25,0.7001309114711176566846669939,278,2019
true,NQU9,prior_rth,2019-07-23T16:00:00-04:00,true,b11ca29448e6e762bae8,2019-07-24,2019-07-23,7935.375,7952.25,7915,0.7038445289395859738065061259,149,2019
true,NQH9,opening_hour_rth,2019-01-30T10:30:00-05:00,true,b18472f9ec449e5a289a,2019-01-30,2019-01-30,6722.375,6727.75,6704.25,0.7028051554207733131159969674,94,2019
true,NQZ9,prior_rth,2019-12-03T16:00:00-05:00,true,b1a8727dd5c83681f0d8,2019-12-04,2019-12-03,8203.625,8222.75,8186.25,0.7012750455373406193078324226,146,2019
true,NQZ9,full_overnight,2019-11-18T09:30:00-05:00,true,b1d9f282e87cbc3c42e2,2019-11-18,2019-11-18,8314.125,8338.75,8306.75,0.703256194962113454843334016,128,2019
true,NQM9,midnight,2019-04-16T09:30:00-04:00,true,b1e9c6e978eb1cc39647,2019-04-16,2019-04-16,7679.875,7683.25,7670,0.7071112896745680996384089996,53,2019
true,NQH9,full_overnight,2019-01-08T09:30:00-05:00,true,b1fa7abba5bc13c87ec8,2019-01-08,2019-01-08,6523.125,6537,6503.25,0.7003535987224820349036158321,135,2019
true,NQM9,full_overnight,2019-05-30T09:30:00-04:00,true,b22e00a6a0a83e494add,2019-05-30,2019-05-30,7233.125,7242.75,7216.25,0.7004206262657734849665056862,106,2019
true,NQU9,midnight,2019-06-18T09:30:00-04:00,true,b23dc79707e22ddd3fa0,2019-06-18,2019-06-18,7601.125,7648.25,7571.75,0.7,306,2019
true,NQU9,midnight,2019-07-10T09:30:00-04:00,true,b281705e6d030073da6c,2019-07-10,2019-07-10,7831.125,7848.25,7813.25,0.7028688524590163934426229508,140,2019
true,NQM9,midnight,2019-05-22T09:30:00-04:00,true,b2dd130656d8d741bf58,2019-05-22,2019-05-22,7443.875,7465.25,7425,0.7014272121788772597526165557,161,2019
true,NQZ9,midnight,2019-10-22T09:30:00-04:00,true,b34ba6c7d4b9f2c29097,2019-10-22,2019-10-22,7951.125,7967.25,7939.5,0.7064462809917355371900826446,111,2019
true,NQH0,prior_rth,2019-12-23T16:00:00-05:00,true,b392889abc9a5aaec985,2019-12-26,2019-12-23,8729.375,8732.5,8724.5,0.7015130674002751031636863824,32,2019
true,NQU9,midnight,2019-08-09T09:30:00-04:00,true,b4390f27d4dd0fc9436d,2019-08-09,2019-08-09,7678.625,7693.25,7673.5,0.7042226850975194092028024995,79,2019
true,NQU9,full_overnight,2019-07-19T09:30:00-04:00,true,b4c41866c8cc3b715a6e,2019-07-19,2019-07-19,7963.125,7972,7951.25,0.7020493115593980147294268332,83,2019
true,NQH9,opening_hour_rth,2019-01-17T10:30:00-05:00,true,b4ccca9d71424da73854,2019-01-17,2019-01-17,6682.125,6692,6666.75,0.7061818181818181818181818182,101,2019
true,NQH9,midnight,2019-01-22T09:30:00-05:00,true,b4d59041708087cb0ef9,2019-01-22,2019-01-22,6741.375,6747,6730.75,0.7010983263598326359832635983,65,2019
true,NQM9,prior_rth,2019-06-03T16:00:00-04:00,true,b4fe37828e445cd087f7,2019-06-04,2019-06-03,7006.625,7059,6944,0.7002815459431789096493473253,460,2019
true,NQZ9,midnight,2019-10-07T09:30:00-04:00,true,b4ff0cd31ffe48956d98,2019-10-07,2019-10-07,7728.125,7743.25,7725.25,0.7046676704667670466767046677,72,2019
true,NQH9,full_overnight,2019-01-31T09:30:00-05:00,true,b542e611d61ad4f6f2cf,2019-01-31,2019-01-31,6864.375,6871,6853,0.7067878610174461222694619557,72,2019
true,NQH9,midnight,2019-02-22T09:30:00-05:00,true,b547c5e6abc0d53f43fa,2019-02-22,2019-02-22,7061.875,7078.75,7046.25,0.7003811199061858692465552624,130,2019
true,NQU9,midnight,2019-08-01T09:30:00-04:00,true,b5e1ffb2344cbeb150ed,2019-08-01,2019-08-01,7869.875,7886,7861,0.700494517308105783702429585,100,2019
true,NQZ9,midnight,2019-12-02T09:30:00-05:00,true,b5e851f88e39ab857653,2019-12-02,2019-12-02,8444.375,8456,8425,0.7044152342433434445567913718,124,2019
true,NQU9,midnight,2019-06-20T09:30:00-04:00,true,b5f29169c84a87b54600,2019-06-20,2019-06-20,7795.875,7817.5,7776.5,0.7040816326530612244897959184,164,2019
true,NQU9,opening_hour_rth,2019-08-23T10:30:00-04:00,true,b63831d874ab6cd74d48,2019-08-23,2019-08-23,7667.125,7689.25,7657.25,0.7012772970745776679027606098,128,2019
true,NQU9,opening_hour_rth,2019-06-19T10:30:00-04:00,true,b64cb46a50de2202e1ba,2019-06-19,2019-06-19,7654.375,7661.75,7648,0.7043824701195219123505976096,55,2019
true,NQU9,midnight,2019-08-14T09:30:00-04:00,true,b70eef35f586518610c2,2019-08-14,2019-08-14,7743.875,7756.25,7638.5,0.7007289934774267809182759944,471,2019
true,NQH0,midnight,2019-12-30T09:30:00-05:00,true,b76cd809a0c54783d034,2019-12-30,2019-12-30,8789.125,8800.5,8781.75,0.700505475989890480202190396,75,2019
true,NQH9,full_overnight,2019-03-01T09:30:00-05:00,true,b7a0962263ff349b59b2,2019-03-01,2019-03-01,7155.125,7158,7137,0.7013274336283185840707964602,84,2019
true,NQZ9,opening_hour_rth,2019-10-29T10:30:00-04:00,true,b7c557b8678093707c12,2019-10-29,2019-10-29,8082.375,8096.25,8075.25,0.7006427915518824609733700643,84,2019
true,NQH9,full_overnight,2019-01-09T09:30:00-05:00,true,b831d4bfa39033ba630d,2019-01-09,2019-01-09,6586.875,6594,6569.25,0.7015300296871431833751998173,99,2019
true,NQM9,midnight,2019-05-09T09:30:00-04:00,true,b85f0168c88af8ea1754,2019-05-09,2019-05-09,7573.125,7594.75,7559.25,0.7005467996140238018655516243,142,2019
true,NQM9,midnight,2019-05-06T09:30:00-04:00,true,b89684127267388d3795,2019-05-06,2019-05-06,7692.625,7716,7688.5,0.7004723944493652199586654857,110,2019
true,NQZ9,full_overnight,2019-12-11T09:30:00-05:00,true,b8b8212f25c5372ab0d2,2019-12-11,2019-12-11,8363.625,8372.5,8348.25,0.7002104457623876028314520758,97,2019
true,NQZ9,prior_rth,2019-10-21T16:00:00-04:00,true,b8ffefe50e6b969fb66c,2019-10-22,2019-10-21,7940.375,7942.5,7920.75,0.7010804321728691476590636255,87,2019
true,NQU9,prior_rth,2019-08-22T16:00:00-04:00,true,b90ccfb553486d4efd78,2019-08-23,2019-08-22,7722.875,7746,7677,0.701547418415811245595219856,276,2019
true,NQM9,prior_rth,2019-04-30T16:00:00-04:00,true,b90dc68ba129655a779e,2019-05-01,2019-04-30,7796.625,7801.5,7777.5,0.7053966975432944019331453886,96,2019
true,NQU9,opening_hour_rth,2019-07-01T10:30:00-04:00,true,b9328f96563a05163b90,2019-07-01,2019-07-01,7825.125,7838.25,7820.25,0.7042660882140274765003615329,72,2019
true,NQU9,full_overnight,2019-08-23T09:30:00-04:00,true,b942f0cc04a8967e1012,2019-08-23,2019-08-23,7748.625,7761.75,7685.75,0.7003110957483581057725544418,304,2019
true,NQM9,midnight,2019-06-13T09:30:00-04:00,true,b9d34aee4a865f518377,2019-06-13,2019-06-13,7507.625,7519.5,7462.5,0.7004707728520988622989407611,228,2019
true,NQZ9,prior_rth,2019-10-30T16:00:00-04:00,true,ba34b6e4bf3a5d3e8a30,2019-10-31,2019-10-30,8051.375,8063.25,8040.25,0.7021313766596785464709993012,92,2019
true,NQM9,prior_rth,2019-05-21T16:00:00-04:00,true,ba3b6a837a625a71f736,2019-05-22,2019-05-21,7465.125,7471.75,7447.25,0.7012516469038208168642951252,98,2019
true,NQZ9,full_overnight,2019-11-20T09:30:00-05:00,true,ba4b42b5e2e157f4d7a5,2019-11-20,2019-11-20,8315.625,8318,8299.75,0.701984582581597506970641299,73,2019
true,NQM9,midnight,2019-05-16T09:30:00-04:00,true,ba78b6ee0290cfa3a2b5,2019-05-16,2019-05-16,7492.875,7538.25,7481.75,0.7007385028533064786841221887,226,2019
true,NQU9,midnight,2019-07-19T09:30:00-04:00,true,ba7afce4c178bd830208,2019-07-19,2019-07-19,7963.875,7969.25,7952,0.7053017484489565707839819515,69,2019
true,NQH0,opening_hour_rth,2019-12-16T10:30:00-05:00,true,babbb4e4e0de8edfb455,2019-12-16,2019-12-16,8598.875,8606.5,8586.75,0.7044392523364485981308411215,79,2019
true,NQZ9,prior_rth,2019-10-08T16:00:00-04:00,true,bac5d514453b248e173e,2019-10-09,2019-10-08,7647.375,7681.75,7641.25,0.7023683654049481920067667583,162,2019
true,NQM9,midnight,2019-05-03T09:30:00-04:00,true,baf00a25ac13fa5c6657,2019-05-03,2019-05-03,7775.625,7783.25,7759.75,0.7029194738530638434392043632,94,2019
true,NQM9,prior_rth,2019-04-03T16:00:00-04:00,true,bbb5c9ce7ba52b02f706,2019-04-04,2019-04-03,7566.375,7593.5,7546,0.7006272982911529309971879732,190,2019
true,NQM9,full_overnight,2019-05-08T09:30:00-04:00,true,bbdb438f6a1f69ee3fd3,2019-05-08,2019-05-08,7675.875,7690.25,7632.5,0.7026790914385556202679091439,231,2019
true,NQZ9,prior_rth,2019-11-27T16:00:00-05:00,true,bbef7cc7bb3e9163118b,2019-12-02,2019-11-27,8440.875,8446.75,8424.25,0.7015315651849084796413896152,90,2019
true,NQH9,midnight,2019-01-24T09:30:00-05:00,true,bc81ecf48a98ee66df3b,2019-01-24,2019-01-24,6694.125,6702,6676.25,0.7046455746896275530636764117,103,2019
true,NQH9,prior_rth,2019-01-23T16:00:00-05:00,true,bceb3bfc9ea7f3162e80,2019-01-24,2019-01-23,6642.125,6671.25,6611.25,0.7001114827201783723522853958,240,2019
true,NQZ9,opening_hour_rth,2019-09-24T10:30:00-04:00,true,bd443b78a89aa4b973a9,2019-09-24,2019-09-24,7871.625,7890.5,7866.5,0.7013473053892215568862275449,96,2019
true,NQH9,prior_rth,2019-01-18T16:00:00-05:00,true,bdd4829140b0a3746a1d,2019-01-22,2019-01-18,6809.875,6823.5,6776,0.7025232403718459495351925631,190,2019
true,NQM9,opening_hour_rth,2019-03-15T10:30:00-04:00,true,bde29cb8d0383db32a2d,2019-03-15,2019-03-15,7321.625,7329.75,7309.75,0.7014462809917355371900826446,80,2019
true,NQM9,midnight,2019-04-03T09:30:00-04:00,true,be4520f83e5ab6bc4fd5,2019-04-03,2019-04-03,7564.875,7571,7562,0.7098700386371619248331577099,36,2019
true,NQM9,midnight,2019-05-07T09:30:00-04:00,true,be94c4edd18a71bf6467,2019-05-07,2019-05-07,7745.375,7781,7721.5,0.7037320574162679425837320574,238,2019
true,NQM9,prior_rth,2019-05-29T16:00:00-04:00,true,bece05c968f399d3da09,2019-05-30,2019-05-29,7226.375,7239.5,7205.25,0.7028296058322006672432966761,137,2019
true,NQZ9,full_overnight,2019-09-24T09:30:00-04:00,true,bf4e93f7a1959f8fdda8,2019-09-24,2019-09-24,7876.125,7882.75,7867,0.7012433392539964476021314387,63,2019
true,NQM9,full_overnight,2019-03-21T09:30:00-04:00,true,bfe486c34e8f36940ff1,2019-03-21,2019-03-21,7407.375,7435.25,7399.75,0.7000504965494024574987375863,142,2019
true,NQU9,prior_rth,2019-08-02T16:00:00-04:00,true,c009c2fc614c2c1908b1,2019-08-05,2019-08-02,7663.125,7700.25,7659.25,0.702141057934508816120906801,164,2019
true,NQZ9,opening_hour_rth,2019-10-09T10:30:00-04:00,true,c0af10e75f3e13795747,2019-10-09,2019-10-09,7684.375,7687.75,7673.25,0.7018436109345200254291163382,58,2019
true,NQH9,midnight,2019-01-29T09:30:00-05:00,true,c0b71be562067533a14b,2019-01-29,2019-01-29,6687.125,6697.25,6671.5,0.7036281179138321995464852608,103,2019
true,NQZ9,opening_hour_rth,2019-10-15T10:30:00-04:00,true,c134f02538cde17b2031,2019-10-15,2019-10-15,7895.875,7905.25,7874.75,0.7,122,2019
true,NQM9,full_overnight,2019-06-11T09:30:00-04:00,true,c17780dbf58a30b29f87,2019-06-11,2019-06-11,7540.875,7561.5,7505.25,0.7003569415743002066503851212,225,2019
true,NQM9,opening_hour_rth,2019-05-07T10:30:00-04:00,true,c1a68bdacd3b12da993c,2019-05-07,2019-05-07,7695.125,7724,7682.75,0.7008337420304070622854340363,165,2019
true,NQZ9,midnight,2019-12-10T09:30:00-05:00,true,c27df0a1c101e8a3933a,2019-12-10,2019-12-10,8322.625,8365.25,8300.25,0.7025411061285500747384155456,260,2019
true,NQZ9,opening_hour_rth,2019-10-04T10:30:00-04:00,true,c2c048b25a6301647389,2019-10-04,2019-10-04,7714.375,7717.75,7694.25,0.7056623931623931623931623932,94,2019
true,NQH9,midnight,2019-02-05T09:30:00-05:00,true,c40c851cf23187cd1eda,2019-02-05,2019-02-05,6933.375,6956.5,6930.5,0.7034459907223326706428098078,104,2019
true,NQZ9,full_overnight,2019-11-14T09:30:00-05:00,true,c4988b33bd5865589d88,2019-11-14,2019-11-14,8254.375,8265,8249.25,0.7001683501683501683501683502,63,2019
true,NQH9,midnight,2019-02-04T09:30:00-05:00,true,c4b64e6b48fdbc347743,2019-02-04,2019-02-04,6880.625,6885.75,6875.25,0.713740458015267175572519084,42,2019
true,NQH9,midnight,2019-01-17T09:30:00-05:00,true,c5036546a5ee7227b4fd,2019-01-17,2019-01-17,6639.375,6647,6623,0.7035915188230203375162267417,96,2019
true,NQZ9,midnight,2019-11-08T09:30:00-05:00,true,c54e0f7013f9eaa6bdb7,2019-11-08,2019-11-08,8215.875,8223.75,8209.5,0.7008573178199632578077158604,57,2019
true,NQZ9,prior_rth,2019-11-22T16:00:00-05:00,true,c55b86e7207ad860ff50,2019-11-25,2019-11-22,8274.375,8277.75,8249,0.7045287637698898408812729498,115,2019
true,NQM9,full_overnight,2019-05-09T09:30:00-04:00,true,c56570729e05aacdf35b,2019-05-09,2019-05-09,7573.125,7611.25,7560.75,0.7006509869802603947921041579,202,2019
true,NQU9,opening_hour_rth,2019-09-09T10:30:00-04:00,true,c56991e34ab42764705f,2019-09-09,2019-09-09,7857.125,7869,7851.75,0.7080592105263157894736842105,69,2019
true,NQU9,prior_rth,2019-08-26T16:00:00-04:00,true,c5a0121d79a2afc415a9,2019-08-27,2019-08-26,7548.125,7567.75,7539,0.7020583637311099531005732152,115,2019
true,NQU9,opening_hour_rth,2019-08-12T10:30:00-04:00,true,c6626a7ebffc4c9fccc5,2019-08-12,2019-08-12,7593.875,7606.25,7585.25,0.7008907641819034224097515237,84,2019
true,NQH0,opening_hour_rth,2019-12-27T10:30:00-05:00,true,c73b32d58df3e5b1d512,2019-12-27,2019-12-27,8806.375,8818.5,8780,0.7006869479882237487733071639,154,2019
true,NQM9,midnight,2019-03-25T09:30:00-04:00,true,c7585e7937a39b2bfd26,2019-03-25,2019-03-25,7317.875,7339.5,7298.75,0.7011167512690355329949238579,163,2019
true,NQZ9,full_overnight,2019-09-25T09:30:00-04:00,true,c7662b14026af2a27183,2019-09-25,2019-09-25,7708.875,7742,7688.75,0.7012648324423001695136262877,213,2019
true,NQH0,midnight,2019-12-16T09:30:00-05:00,true,c79f2033305eb9fe7c62,2019-12-16,2019-12-16,8551.625,8558.75,8543.25,0.7008352315869400151860288535,62,2019
true,NQH9,midnight,2019-03-06T09:30:00-05:00,true,c7cdcb0bdb1c1230d8be,2019-03-06,2019-03-06,7159.375,7161.75,7151.25,0.7092400998929718159115233678,42,2019
true,NQU9,full_overnight,2019-08-06T09:30:00-04:00,true,c8c2459b89b8c178527f,2019-08-06,2019-08-06,7422.625,7494.5,7322.25,0.7004389173372348207754206291,689,2019
true,NQH9,prior_rth,2019-02-07T16:00:00-05:00,true,c91d095900ed1fa90b69,2019-02-08,2019-02-07,6888.625,6912.25,6861.5,0.7000888437618987181114354614,203,2019
true,NQU9,opening_hour_rth,2019-09-04T10:30:00-04:00,true,c931bbe5a9b1e31075bb,2019-09-04,2019-09-04,7686.875,7703.5,7678.75,0.7044261065266316579144786197,99,2019
true,NQZ9,prior_rth,2019-10-16T16:00:00-04:00,true,ca89a76ed96b67e8473a,2019-10-17,2019-10-16,7923.375,7934.75,7918.5,0.702737940026075619295958279,65,2019
true,NQH9,full_overnight,2019-01-30T09:30:00-05:00,true,cad643e5c77d3bd30b86,2019-01-30,2019-01-30,6676.875,6692.25,6669.25,0.7039020657995409334353481255,92,2019
true,NQZ9,full_overnight,2019-11-21T09:30:00-05:00,true,cba27fcaa108dc2ad14e,2019-11-21,2019-11-21,8269.875,8288.75,8263,0.7004433185560481317289423686,103,2019
true,NQZ9,midnight,2019-10-16T09:30:00-04:00,true,cc364b186e6280d42277,2019-10-16,2019-10-16,7936.875,7944.25,7933.75,0.7040927992996279273363974612,42,2019
true,NQM9,prior_rth,2019-04-17T16:00:00-04:00,true,cc3923b0588b23bd13d9,2019-04-18,2019-04-17,7701.875,7706.25,7686.5,0.7022371807562858839833696298,79,2019
true,NQU9,opening_hour_rth,2019-07-23T10:30:00-04:00,true,cc9bd59a23d67f5e0b9f,2019-07-23,2019-07-23,7937.875,7949.5,7919.75,0.7022526934378060724779627816,119,2019
true,NQZ9,midnight,2019-12-12T09:30:00-05:00,true,cd23ea0641784d12dd57,2019-12-12,2019-12-12,8415.375,8428.5,8401.75,0.7005031074282332050902633915,107,2019
true,NQU9,prior_rth,2019-09-09T16:00:00-04:00,true,cd3caba2cc592aee34c1,2019-09-10,2019-09-09,7868.625,7878.25,7821.25,0.7017381656804733727810650888,228,2019
true,NQZ9,opening_hour_rth,2019-10-02T10:30:00-04:00,true,cd3f9a9067141f873b2e,2019-10-02,2019-10-02,7612.625,7617.25,7595.25,0.7011686143572621035058430718,88,2019
true,NQH9,opening_hour_rth,2019-02-13T10:30:00-05:00,true,cda5e3f52e3f964a7db4,2019-02-13,2019-02-13,7057.375,7062,7045,0.7075940383250532292405961675,68,2019
true,NQU9,midnight,2019-07-11T09:30:00-04:00,true,cdc93bd4c0447687de17,2019-07-11,2019-07-11,7948.125,7958,7942.25,0.703733987462523848460070864,63,2019
true,NQU9,opening_hour_rth,2019-08-08T10:30:00-04:00,true,cdeb9b96707caa51c115,2019-08-08,2019-08-08,7599.375,7623.25,7585,0.7064977973568281938325991189,153,2019
true,NQH0,opening_hour_rth,2019-12-17T10:30:00-05:00,true,cdf12948590f4e8ede36,2019-12-17,2019-12-17,8608.875,8613.25,8599.25,0.7127312295973884657236126224,56,2019
true,NQM9,midnight,2019-04-22T09:30:00-04:00,true,ce289c478e91128761ff,2019-04-22,2019-04-22,7686.875,7696.5,7684.5,0.7000427899015832263585793753,48,2019
true,NQU9,full_overnight,2019-07-24T09:30:00-04:00,true,ce5216534780b2cdc777,2019-07-24,2019-07-24,7950.875,7960.25,7937.75,0.7,90,2019
true,NQM9,midnight,2019-06-11T09:30:00-04:00,true,ce58ee7ee553b80816fc,2019-06-11,2019-06-11,7544.875,7566,7532.25,0.7008993327531186539019437192,135,2019
true,NQU9,opening_hour_rth,2019-08-09T10:30:00-04:00,true,ce5abd8f84113ecab7bc,2019-08-09,2019-08-09,7667.875,7688.25,7643.5,0.7004300047778308647873865265,179,2019
true,NQH9,prior_rth,2019-01-08T16:00:00-05:00,true,cf06cc23dc4cdb3f4fe5,2019-01-09,2019-01-08,6557.875,6567.5,6511.5,0.701385681293302540415704388,224,2019
true,NQM9,prior_rth,2019-05-01T16:00:00-04:00,true,cf79d5bf58d03c045711,2019-05-02,2019-05-01,7839.625,7854.5,7821.75,0.7020514490394008466297622924,131,2019
true,NQU9,midnight,2019-08-13T09:30:00-04:00,true,cf7abbd85a8c3f3799c9,2019-08-13,2019-08-13,7540.875,7560.75,7532,0.7006709741550695825049701789,115,2019
true,NQH9,opening_hour_rth,2019-02-05T10:30:00-05:00,true,cfabce9608532922d9b1,2019-02-05,2019-02-05,7008.125,7013.75,6999.5,0.702970297029702970297029703,57,2019
true,NQM9,prior_rth,2019-05-15T16:00:00-04:00,true,cfc830947e8fb2ef166f,2019-05-16,2019-05-15,7503.375,7537.5,7467.5,0.7004376930998970133882595263,280,2019
true,NQM9,opening_hour_rth,2019-03-12T10:30:00-04:00,true,cfcb3f8b4b07455a4bce,2019-03-12,2019-03-12,7209.875,7213.75,7201.25,0.7018450184501845018450184502,50,2019
true,NQZ9,full_overnight,2019-11-04T09:30:00-05:00,true,d005c1936e3f40a8d471,2019-11-04,2019-11-04,8189.125,8206.5,8171.25,0.7001957905041605482134116495,141,2019
true,NQZ9,opening_hour_rth,2019-09-19T10:30:00-04:00,true,d083914028d90e43c1e9,2019-09-19,2019-09-19,7961.875,7965,7950,0.7002583979328165374677002584,60,2019
true,NQH9,full_overnight,2019-03-05T09:30:00-05:00,true,d12f872abd92c0520457,2019-03-05,2019-03-05,7143.625,7155.5,7137.25,0.7002038169353344450620715212,73,2019
true,NQU9,full_overnight,2019-06-21T09:30:00-04:00,true,d17667cd56cffecdbc25,2019-06-21,2019-06-21,7743.375,7758.5,7738.5,0.7000843644544431946006749156,80,2019
true,NQZ9,prior_rth,2019-09-26T16:00:00-04:00,true,d1acee93ff19c6ab263c,2019-09-27,2019-09-26,7790.375,7797,7760.75,0.7008476893628657369428493301,145,2019
true,NQU9,full_overnight,2019-06-27T09:30:00-04:00,true,d1cb4be9715353135ba9,2019-06-27,2019-06-27,7681.375,7695.25,7658,0.7002309468822170900692840647,149,2019
true,NQU9,midnight,2019-08-30T09:30:00-04:00,true,d2187b79ac32897fa892,2019-08-30,2019-08-30,7755.125,7768.75,7722,0.7007718187215515535325549179,187,2019
true,NQH0,opening_hour_rth,2019-12-26T10:30:00-05:00,true,d22d6d6be930a42734e5,2019-12-26,2019-12-26,8760.625,8764.75,8751.5,0.7015706806282722513089005236,53,2019
true,NQU9,opening_hour_rth,2019-08-13T10:30:00-04:00,true,d23cd416236ded1da809,2019-08-13,2019-08-13,7742.875,7789.25,7659.5,0.7001386962552011095700416089,519,2019
true,NQU9,opening_hour_rth,2019-07-22T10:30:00-04:00,true,d29d5bdbfafd4246e4e9,2019-07-22,2019-07-22,7897.125,7917.75,7892.5,0.7002700270027002700270027003,101,2019
true,NQH9,opening_hour_rth,2019-02-04T10:30:00-05:00,true,d2ec4e492daf7b45824f,2019-02-04,2019-02-04,6906.125,6908.75,6877.75,0.7018413597733711048158640227,124,2019
true,NQZ9,opening_hour_rth,2019-11-12T10:30:00-05:00,true,d313b3b88dba553f4db0,2019-11-12,2019-11-12,8268.375,8280.75,8263.5,0.7006711409395973154362416107,69,2019
true,NQH9,opening_hour_rth,2019-01-04T10:30:00-05:00,true,d32aeb1e8cd6dbc6f017,2019-01-04,2019-01-04,6289.625,6317.75,6259.75,0.7009304386353566681435533895,232,2019
true,NQM9,opening_hour_rth,2019-05-20T10:30:00-04:00,true,d3a3c6a25ca444c5375d,2019-05-20,2019-05-20,7392.375,7403.25,7376.5,0.7008109261630388390951771233,107,2019
true,NQU9,prior_rth,2019-06-25T16:00:00-04:00,true,d3b609dc5af8ea4bd73d,2019-06-26,2019-06-25,7687.125,7728.25,7637,0.7012966965112689101574560049,365,2019
true,NQZ9,full_overnight,2019-10-03T09:30:00-04:00,true,d40f37160f8049dd65fa,2019-10-03,2019-10-03,7559.125,7576,7553.75,0.7004114335210047639670853183,89,2019
true,NQZ9,opening_hour_rth,2019-11-05T10:30:00-05:00,true,d46a7e0030b0aca74bdd,2019-11-05,2019-11-05,8211.625,8219.25,8197.25,0.7077189939288811795316565481,88,2019
true,NQM9,opening_hour_rth,2019-06-12T10:30:00-04:00,true,d472a5adce501220692f,2019-06-12,2019-06-12,7496.125,7503.75,7485.75,0.7045604758757435558493060145,72,2019
true,NQM9,full_overnight,2019-06-10T09:30:00-04:00,true,d49e676107521c360baf,2019-06-10,2019-06-10,7444.125,7460,7434.75,0.7022295376327996408798443813,101,2019
true,NQM9,opening_hour_rth,2019-06-04T10:30:00-04:00,true,d556699003790c1dd2dd,2019-06-04,2019-06-04,7040.125,7055.75,7033,0.7024154589371980676328502415,91,2019
true,NQZ9,full_overnight,2019-11-13T09:30:00-05:00,true,d59536423bc14835ee7c,2019-11-13,2019-11-13,8246.375,8260.25,8237.5,0.7000419815281276238455079765,91,2019
true,NQU9,prior_rth,2019-08-20T16:00:00-04:00,true,d6091d1af4cbc2af2252,2019-08-21,2019-08-20,7689.625,7717.25,7682.5,0.703016970458830923947203017,139,2019
true,NQZ9,full_overnight,2019-10-25T09:30:00-04:00,true,d69263c66d25331308e2,2019-10-25,2019-10-25,7934.125,7939.75,7927,0.7047640348915231491836278238,51,2019
true,NQU9,opening_hour_rth,2019-07-11T10:30:00-04:00,true,d693fbe1fd75a96d74c6,2019-07-11,2019-07-11,7938.875,7943.75,7934,0.7034540859309182813816343724,39,2019
true,NQU9,opening_hour_rth,2019-08-27T10:30:00-04:00,true,d6f6b0d4a51265584cf7,2019-08-27,2019-08-27,7627.625,7636.5,7624.5,0.7053291536050156739811912226,48,2019
true,NQM9,midnight,2019-03-14T09:30:00-04:00,true,d757a1f0b5dcf44e44e4,2019-03-14,2019-03-14,7285.625,7303.75,7283.25,0.7062409288824383164005805515,82,2019
true,NQM9,opening_hour_rth,2019-04-16T10:30:00-04:00,true,d77fa243ad1a71c24061,2019-04-16,2019-04-16,7672.125,7685.5,7668.25,0.7104591836734693877551020408,69,2019
true,NQM9,full_overnight,2019-03-28T09:30:00-04:00,true,d798af145bd2258c8523,2019-03-28,2019-03-28,7315.125,7339.75,7311.5,0.7062517062517062517062517063,113,2019
true,NQM9,midnight,2019-03-20T09:30:00-04:00,true,d89eb19c6bf89be5154d,2019-03-20,2019-03-20,7375.875,7385.25,7372.5,0.7060133630289532293986636971,51,2019
true,NQU9,full_overnight,2019-08-09T09:30:00-04:00,true,d8d934e139b687153286,2019-08-09,2019-08-09,7678.625,7700,7675.25,0.7001198322348711803475134811,99,2019
true,NQZ9,full_overnight,2019-10-07T09:30:00-04:00,true,d96d36dd225fdf6400fc,2019-10-07,2019-10-07,7728.125,7742,7724.5,0.7070009860543738554726017749,70,2019
true,NQU9,prior_rth,2019-07-19T16:00:00-04:00,true,d993b699e7bbae5ec377,2019-07-22,2019-07-19,7920.375,7961.25,7892.25,0.7005694400506168933881683012,276,2019
true,NQM9,midnight,2019-05-21T09:30:00-04:00,true,d9c6bed0e88269725f4c,2019-05-21,2019-05-21,7439.375,7458.5,7426.25,0.7002565042139978013924514474,129,2019
true,NQZ9,prior_rth,2019-11-13T16:00:00-05:00,true,d9ecd27427cd67d55ca6,2019-11-14,2019-11-13,8277.125,8279.25,8256.75,0.7007391763463569165786694826,90,2019
true,NQZ9,midnight,2019-09-18T09:30:00-04:00,true,da25bab60149bc500d08,2019-09-18,2019-09-18,7900.875,7906,7898.75,0.7003802281368821292775665399,29,2019
true,NQM9,opening_hour_rth,2019-05-02T10:30:00-04:00,true,db99c21b343e1eb08a50,2019-05-02,2019-05-02,7776.625,7789.75,7754.75,0.7010463378176382660687593423,140,2019
true,NQZ9,opening_hour_rth,2019-12-12T10:30:00-05:00,true,dba001ab3996a3eef851,2019-12-12,2019-12-12,8480.375,8496,8444.25,0.7015369360436291522062469013,207,2019
true,NQM9,midnight,2019-05-10T09:30:00-04:00,true,dba7a31c2145bd2086ec,2019-05-10,2019-05-10,7588.625,7597.5,7553.5,0.7010615711252653927813163482,176,2019
true,NQM9,opening_hour_rth,2019-05-28T10:30:00-04:00,true,dc1a07250f5089c74ae0,2019-05-28,2019-05-28,7360.875,7367.25,7342,0.7018763029881862404447533009,101,2019
true,NQU9,opening_hour_rth,2019-07-05T10:30:00-04:00,true,dc41c745a2b71d31aade,2019-07-05,2019-07-05,7810.125,7830.5,7806.25,0.7072037180480247869868319132,97,2019
true,NQZ9,opening_hour_rth,2019-10-16T10:30:00-04:00,true,dc7bb6ec3debfcaf3ee9,2019-10-16,2019-10-16,7928.375,7930.5,7919.5,0.7014178482068390325271059216,44,2019
true,NQU9,midnight,2019-08-07T09:30:00-04:00,true,dc8b9314c2d47189d5b7,2019-08-07,2019-08-07,7551.875,7568.75,7480.25,0.700494764699114026003912093,354,2019
true,NQH9,opening_hour_rth,2019-03-08T10:30:00-05:00,true,ddce86857c1d34bb75bc,2019-03-08,2019-03-08,6956.125,6965,6946,0.7014492753623188405797101449,76,2019
true,NQU9,full_overnight,2019-09-09T09:30:00-04:00,true,ddfa65f32203856308c8,2019-09-09,2019-09-09,7871.625,7878.75,7868,0.7097933513027852650494159928,43,2019
true,NQU9,opening_hour_rth,2019-07-16T10:30:00-04:00,true,de0d8d6ac804c27f5d5b,2019-07-16,2019-07-16,7977.125,7984,7975.25,0.7087126137841352405721716515,35,2019
true,NQH9,full_overnight,2019-01-23T09:30:00-05:00,true,de2e9074084f16358774,2019-01-23,2019-01-23,6672.125,6679.75,6651,0.704781997187060478199718706,115,2019
true,NQZ9,opening_hour_rth,2019-10-22T10:30:00-04:00,true,de32d284ddd235efc675,2019-10-22,2019-10-22,7962.875,7977.25,7960.25,0.7034782608695652173913043478,68,2019
true,NQH9,full_overnight,2019-01-24T09:30:00-05:00,true,de4ff3544663f19b3e6d,2019-01-24,2019-01-24,6673.375,6692.5,6662.75,0.7038331876638781370957672618,119,2019
true,NQM9,full_overnight,2019-05-10T09:30:00-04:00,true,df05e10b51a4fe6c8713,2019-05-10,2019-05-10,7587.875,7599,7539.75,0.7008175027936246544727401047,237,2019
true,NQU9,prior_rth,2019-09-06T16:00:00-04:00,true,df12e9b3da4a800302c7,2019-09-09,2019-09-06,7870.625,7875,7856.25,0.7042580101180438448566610455,75,2019
true,NQH9,opening_hour_rth,2019-01-24T10:30:00-05:00,true,df2a35c4d38007a517a1,2019-01-24,2019-01-24,6686.625,6703.5,6679,0.7019064124783362218370883882,98,2019
true,NQU9,full_overnight,2019-08-08T09:30:00-04:00,true,df3c192188a3a6243291,2019-08-08,2019-08-08,7585.875,7606.25,7571.75,0.7002708650753343490773658371,138,2019
true,NQZ9,midnight,2019-09-30T09:30:00-04:00,true,dfa0cf6074d4ef5b95ed,2019-09-30,2019-09-30,7733.875,7744.75,7730.25,0.7038854805725971370143149284,58,2019
true,NQU9,midnight,2019-08-06T09:30:00-04:00,true,dfa6518734783ccd1c9b,2019-08-06,2019-08-06,7422.625,7466.5,7398.75,0.7006030507272082298687477829,271,2019
true,NQM9,opening_hour_rth,2019-06-06T10:30:00-04:00,true,e00a17ae7225a70a225c,2019-06-06,2019-06-06,7217.125,7228,7214,0.7039473684210526315789473684,56,2019
true,NQU9,opening_hour_rth,2019-09-10T10:30:00-04:00,true,e039f7e019a26cfe5707,2019-09-10,2019-09-10,7762.125,7771.5,7749.75,0.7006993006993006993006993007,87,2019
true,NQM9,opening_hour_rth,2019-05-09T10:30:00-04:00,true,e07a1217c33b3341604e,2019-05-09,2019-05-09,7506.375,7536.75,7493,0.7008888888888888888888888889,175,2019
true,NQH9,opening_hour_rth,2019-03-06T10:30:00-05:00,true,e0e6be052cac263b3613,2019-03-06,2019-03-06,7157.375,7161.75,7146.5,0.7062146892655367231638418079,61,2019
true,NQU9,opening_hour_rth,2019-06-28T10:30:00-04:00,true,e1803621534aa4af778c,2019-06-28,2019-06-28,7673.625,7685.75,7664.5,0.7010119595216191352345906164,85,2019
true,NQH9,midnight,2019-01-04T09:30:00-05:00,true,e1b453a20631bbca0a87,2019-01-04,2019-01-04,6238.625,6268.75,6234.5,0.7001158748551564310544611819,137,2019
true,NQH9,prior_rth,2019-02-20T16:00:00-05:00,true,e1cb807099ace28427f1,2019-02-21,2019-02-20,7065.625,7086.75,7044.75,0.7012589928057553956834532374,168,2019
true,NQU9,prior_rth,2019-08-15T16:00:00-04:00,true,e215fdf2714a93ec5920,2019-08-16,2019-08-15,7499.375,7517.5,7477.75,0.7000333388898149691615269212,159,2019
true,NQZ9,full_overnight,2019-09-23T09:30:00-04:00,true,e31d568e736a60e9e34d,2019-09-23,2019-09-23,7868.375,7890,7838.75,0.7002986625113621607583430723,205,2019
true,NQH9,opening_hour_rth,2019-02-07T10:30:00-05:00,true,e33a2601fc3f808d7267,2019-02-07,2019-02-07,6920.125,6934,6917,0.7068381855111712931618144888,68,2019
true,NQH9,full_overnight,2019-01-29T09:30:00-05:00,true,e415dc29e5468af71bf4,2019-01-29,2019-01-29,6668.875,6689.75,6664.75,0.7038934426229508196721311475,100,2019
true,NQZ9,midnight,2019-11-11T09:30:00-05:00,true,e41ba9874b2610cb1cef,2019-11-11,2019-11-11,8221.875,8226.5,8217.75,0.7067530064754856614246068455,35,2019
true,NQH9,full_overnight,2019-01-28T09:30:00-05:00,true,e528bea48de7e89d9fa7,2019-01-28,2019-01-28,6756.875,6773.5,6744,0.7009042102288782141847979655,118,2019
true,NQM9,opening_hour_rth,2019-05-30T10:30:00-04:00,true,e541387fce1041c79442,2019-05-30,2019-05-30,7257.375,7263,7252.75,0.7010221465076660988074957411,41,2019
true,NQM9,full_overnight,2019-04-11T09:30:00-04:00,true,e5aa2daca275c8bf4c85,2019-04-11,2019-04-11,7645.875,7650.5,7635.25,0.7038057085628442663995993991,61,2019
true,NQH9,opening_hour_rth,2019-01-03T10:30:00-05:00,true,e621c3b4f193f102cbe1,2019-01-03,2019-01-03,6220.625,6269.25,6188.75,0.7017268445839874411302982732,322,2019
true,NQZ9,opening_hour_rth,2019-10-31T10:30:00-04:00,true,e693ce6588e2850e747d,2019-10-31,2019-10-31,8095.375,8114,8081,0.7005545286506469500924214418,132,2019
true,NQZ9,full_overnight,2019-09-27T09:30:00-04:00,true,e6f8a1931678575437ea,2019-09-27,2019-09-27,7788.875,7816.5,7772,0.7009390418589845615151997453,178,2019
true,NQZ9,midnight,2019-09-24T09:30:00-04:00,true,e71d123d676fea56711f,2019-09-24,2019-09-24,7876.125,7878.75,7867.75,0.7056971986150456405413912496,44,2019
true,NQH9,opening_hour_rth,2019-01-22T10:30:00-05:00,true,e72ad08f58382735d5a7,2019-01-22,2019-01-22,6724.375,6732.75,6710.25,0.7015209125475285171102661597,90,2019
true,NQM9,prior_rth,2019-03-13T16:00:00-04:00,true,e7414cb6ff63c08f08e3,2019-03-14,2019-03-13,7301.125,7318.5,7285.5,0.7000830220008302200083022001,132,2019
true,NQU9,opening_hour_rth,2019-08-20T10:30:00-04:00,true,e75d9b1680e7328b7f94,2019-08-20,2019-08-20,7692.125,7706,7686,0.7027546444586803331197950032,80,2019
true,NQU9,prior_rth,2019-06-20T16:00:00-04:00,true,e815e6c9fe766b9f6f13,2019-06-21,2019-06-20,7745.125,7771.25,7730.25,0.7008090614886731391585760518,164,2019
true,NQZ9,prior_rth,2019-11-15T16:00:00-05:00,true,e818de55ebe6f7b02ec6,2019-11-18,2019-11-15,8309.625,8317.5,8304,0.7012383900928792569659442724,54,2019
true,NQZ9,opening_hour_rth,2019-10-18T10:30:00-04:00,true,eafe84f5424cb6c306f9,2019-10-18,2019-10-18,7947.375,7954.5,7935.75,0.7009674582233948988566402814,75,2019
true,NQH9,prior_rth,2019-02-12T16:00:00-05:00,true,ebc01a0c552aaf0ecfb9,2019-02-13,2019-02-12,7008.625,7027.75,6995,0.7015693967631191760666993624,131,2019
true,NQM9,midnight,2019-04-10T09:30:00-04:00,true,ebd61a87b827268c76d6,2019-04-10,2019-04-10,7602.375,7607.5,7598.5,0.7101449275362318840579710145,36,2019
true,NQH9,midnight,2019-03-05T09:30:00-05:00,true,ebf2a72df7d2150a7046,2019-03-05,2019-03-05,7153.875,7160.25,7144.75,0.7007551919446192573945877911,62,2019
true,NQU9,prior_rth,2019-06-27T16:00:00-04:00,true,ec6f0e794d0c10df5898,2019-06-28,2019-06-27,7691.125,7695.25,7684.25,0.7056934931506849315068493151,44,2019
true,NQZ9,midnight,2019-11-21T09:30:00-05:00,true,ed04703047363a25e34f,2019-11-21,2019-11-21,8279.625,8287.75,8266.75,0.7039811643835616438356164384,84,2019
true,NQU9,opening_hour_rth,2019-07-26T10:30:00-04:00,true,ed12fa118e5f192c5fc6,2019-07-26,2019-07-26,8022.625,8029,8015.75,0.7036741214057507987220447284,53,2019
true,NQH9,prior_rth,2019-01-17T16:00:00-05:00,true,edde898eeb9a799762dc,2019-01-18,2019-01-17,6688.375,6709,6644.25,0.7018341670456268000606336213,259,2019
true,NQM9,opening_hour_rth,2019-05-29T10:30:00-04:00,true,ee31fe4cbe12465811d9,2019-05-29,2019-05-29,7227.875,7238.5,7220,0.7014188772362739049969154843,74,2019
true,NQU9,prior_rth,2019-07-18T16:00:00-04:00,true,ee7450b614c3d4c8907d,2019-07-19,2019-07-18,7890.625,7901,7849,0.7020574534161490683229813665,208,2019
true,NQH0,full_overnight,2019-12-27T09:30:00-05:00,true,ef1259a46a77a3e14abc,2019-12-27,2019-12-27,8826.375,8837.25,8822.5,0.7024969549330085261875761267,59,2019
true,NQM9,prior_rth,2019-03-20T16:00:00-04:00,true,ef1ba0f856c9949edb2a,2019-03-21,2019-03-20,7371.625,7420.5,7351.5,0.7020340846619021440351841671,276,2019
true,NQZ9,prior_rth,2019-10-02T16:00:00-04:00,true,ef1bcc96b4a133167117,2019-10-03,2019-10-02,7563.875,7583.25,7539.75,0.7001009761023224503534163581,174,2019
true,NQZ9,prior_rth,2019-10-01T16:00:00-04:00,true,ef2109db2cb3753d9e20,2019-10-02,2019-10-01,7722.125,7761.5,7693.5,0.7011982026959560659011482776,272,2019
true,NQM9,full_overnight,2019-04-01T09:30:00-04:00,true,ef5bf466508dfbddefc4,2019-04-01,2019-04-01,7473.875,7480.5,7464,0.702628193346811247932365374,66,2019
true,NQM9,opening_hour_rth,2019-03-14T10:30:00-04:00,true,ef6065763b1906ed9053,2019-03-14,2019-03-14,7282.875,7286.25,7273,0.7096498719043552519214346712,53,2019
true,NQZ9,midnight,2019-11-05T09:30:00-05:00,true,efe275585020829bbb66,2019-11-05,2019-11-05,8237.125,8241,8234,0.712486883525708289611752361,28,2019
true,NQM9,opening_hour_rth,2019-03-25T10:30:00-04:00,true,f02d546a0522db6dbb64,2019-03-25,2019-03-25,7308.125,7327.75,7298,0.7016423357664233576642335766,119,2019
true,NQH9,full_overnight,2019-01-11T09:30:00-05:00,true,f065f8eeff17c7220ef9,2019-01-11,2019-01-11,6615.375,6624.25,6606.75,0.7038077841787269917099901644,70,2019
true,NQU9,full_overnight,2019-08-05T09:30:00-04:00,true,f0797a07e4377ed92838,2019-08-05,2019-08-05,7585.125,7614.5,7541.75,0.7009708737864077669902912621,291,2019
true,NQH9,prior_rth,2019-02-13T16:00:00-05:00,true,f0b7bb03608541486d73,2019-02-14,2019-02-13,7040.375,7056.5,7033,0.7046511627906976744186046512,94,2019
true,NQZ9,opening_hour_rth,2019-11-04T10:30:00-05:00,true,f1016645ffde26db96f5,2019-11-04,2019-11-04,8220.375,8227.25,8212.5,0.7083734359961501443695861405,59,2019
true,NQZ9,midnight,2019-10-04T09:30:00-04:00,true,f16ea9670053c7f1928b,2019-10-04,2019-10-04,7651.875,7662.75,7625,0.7005988023952095808383233533,151,2019
true,NQH9,opening_hour_rth,2019-01-23T10:30:00-05:00,true,f1cc20d41b581216b278,2019-01-23,2019-01-23,6703.875,6719.25,6699,0.7004968062455642299503193754,81,2019
true,NQZ9,full_overnight,2019-11-11T09:30:00-05:00,true,f205957ff75930d10291,2019-11-11,2019-11-11,8221.875,8234.25,8215.75,0.7018593716606112417183158795,74,2019
true,NQU9,prior_rth,2019-08-28T16:00:00-04:00,true,f25df0eee1f30e9b5160,2019-08-29,2019-08-28,7588.625,7598.25,7560.25,0.7009454545454545454545454545,152,2019
true,NQZ9,full_overnight,2019-10-01T09:30:00-04:00,true,f3ad584848d37d5ef9a4,2019-10-01,2019-10-01,7812.375,7820.25,7793.75,0.7033753305335199875563851299,106,2019
true,NQH0,prior_rth,2019-12-27T16:00:00-05:00,true,f3d6aa4e917241f26476,2019-12-30,2019-12-27,8803.875,8813,8788.75,0.7029005150447275684467335321,97,2019
true,NQU9,prior_rth,2019-08-12T16:00:00-04:00,true,f40ffc0a5efea5e901d8,2019-08-13,2019-08-12,7607.125,7625.5,7585.25,0.7009792492422476101655397529,161,2019
true,NQM9,midnight,2019-05-29T09:30:00-04:00,true,f42c05cce4add917de24,2019-05-29,2019-05-29,7233.875,7239.5,7225.75,0.7017999628873631471516051215,55,2019
true,NQM9,midnight,2019-04-17T09:30:00-04:00,true,f43288359c17beafbb72,2019-04-17,2019-04-17,7696.875,7706.25,7690.75,0.7036839295248264815803523759,62,2019
true,NQU9,full_overnight,2019-07-31T09:30:00-04:00,true,f473beb2349b4bdd3866,2019-07-31,2019-07-31,7993.625,7996.5,7987.5,0.7078899819313390885364384662,36,2019
true,NQU9,full_overnight,2019-07-08T09:30:00-04:00,true,f47658dc94bf1bf5998f,2019-07-08,2019-07-08,7822.875,7836,7815,0.7048063127690100430416068867,84,2019
true,NQM9,opening_hour_rth,2019-04-15T10:30:00-04:00,true,f4b995185eae21bfab4a,2019-04-15,2019-04-15,7653.375,7658.5,7637.5,0.7051129607609988109393579073,84,2019
true,NQH0,full_overnight,2019-12-19T09:30:00-05:00,true,f58c7fd606e57285d598,2019-12-19,2019-12-19,8619.875,8622.5,8613.5,0.7104072398190045248868778281,36,2019
true,NQH9,prior_rth,2019-01-07T16:00:00-05:00,true,f5ba20f5672bc53175f0,2019-01-08,2019-01-07,6509.625,6533.5,6469.5,0.7019993298335753378755724338,256,2019
true,NQZ9,full_overnight,2019-10-09T09:30:00-04:00,true,f6e2c250814772c24d00,2019-10-09,2019-10-09,7697.625,7712,7634.75,0.7025286485462638507434416138,309,2019
true,NQZ9,prior_rth,2019-10-18T16:00:00-04:00,true,f7d848c0d89af77446e1,2019-10-21,2019-10-18,7889.625,7917.75,7855.75,0.700431406384814495254529767,248,2019
true,NQZ9,midnight,2019-09-25T09:30:00-04:00,true,f81de90371a31f1a4770,2019-09-25,2019-09-25,7708.875,7731.25,7688.75,0.7033707865168539325842696629,170,2019
true,NQZ9,opening_hour_rth,2019-10-24T10:30:00-04:00,true,f82131bfff4a575dc610,2019-10-24,2019-10-24,7951.875,7957.5,7929.5,0.7041467304625199362041467305,112,2019
true,NQH9,midnight,2019-03-08T09:30:00-05:00,true,f835c2b35fb57c0f43e4,2019-03-08,2019-03-08,6986.875,6999,6972,0.7002765369070410550946607105,108,2019
true,NQH9,prior_rth,2019-03-07T16:00:00-05:00,true,f84cbd06300f1a4663f2,2019-03-08,2019-03-07,7048.875,7071.5,7025.25,0.7008379888268156424581005587,185,2019
true,NQZ9,opening_hour_rth,2019-11-15T10:30:00-05:00,true,f85a288d23c50a9b3e1b,2019-11-15,2019-11-15,8300.125,8304.5,8289,0.7024886877828054298642533937,62,2019
true,NQH9,opening_hour_rth,2019-02-27T10:30:00-05:00,true,f867b22f4a33d53dff8a,2019-02-27,2019-02-27,7112.625,7117,7065.75,0.7036770007209805335255948089,205,2019
true,NQZ9,midnight,2019-10-21T09:30:00-04:00,true,f89a57bd016921b03c35,2019-10-21,2019-10-21,7904.375,7907.5,7896,0.7035087719298245614035087719,46,2019
true,NQH9,opening_hour_rth,2019-02-28T10:30:00-05:00,true,f8a22dae9a31e95f0463,2019-02-28,2019-02-28,7097.625,7110.5,7089,0.7004081632653061224489795918,86,2019
true,NQU9,prior_rth,2019-07-17T16:00:00-04:00,true,f8bf5c1ffd99108233d0,2019-07-18,2019-07-17,7937.875,7947,7929.75,0.7026481715006305170239596469,69,2019
true,NQU9,midnight,2019-07-01T09:30:00-04:00,true,f8c7cfc6d58190fbe9c1,2019-07-01,2019-07-01,7824.125,7833.75,7818.25,0.7053291536050156739811912226,62,2019
true,NQU9,opening_hour_rth,2019-08-29T10:30:00-04:00,true,f8e30917cb5a05fb1019,2019-08-29,2019-08-29,7710.375,7717.5,7700,0.7031363967906637490882567469,70,2019
true,NQU9,prior_rth,2019-08-23T16:00:00-04:00,true,f9d432b54932f99d8731,2019-08-26,2019-08-23,7497.375,7635,7447.75,0.7003927729772191673212882954,749,2019
true,NQU9,opening_hour_rth,2019-07-08T10:30:00-04:00,true,f9edc5f95d4d6b40454c,2019-07-08,2019-07-08,7780.625,7799,7778.5,0.7056030389363722697056030389,82,2019
true,NQU9,full_overnight,2019-08-02T09:30:00-04:00,true,fa39700f40b80ec0028d,2019-08-02,2019-08-02,7788.375,7795,7757.25,0.7002782164072486653131814422,151,2019
true,NQZ9,opening_hour_rth,2019-12-04T10:30:00-05:00,true,fa5f94c37cf7a3f2004c,2019-12-04,2019-12-04,8308.625,8316,8303.25,0.7020408163265306122448979592,51,2019
true,NQZ9,prior_rth,2019-11-21T16:00:00-05:00,true,faf8dc50a50ed2d56e96,2019-11-22,2019-11-21,8269.375,8276,8256.5,0.7052393516773464003015454203,78,2019
true,NQU9,midnight,2019-07-22T09:30:00-04:00,true,fb0da33ae3067e5b0d86,2019-07-22,2019-07-22,7869.125,7881.75,7860,0.7000266169816342826723449561,87,2019
true,NQM9,midnight,2019-04-30T09:30:00-04:00,true,fb30cf01534031c0417c,2019-04-30,2019-04-30,7799.125,7805,7790.5,0.700762133975130365022061773,58,2019
true,NQM9,opening_hour_rth,2019-03-29T10:30:00-04:00,true,fb4302a4fcf800bb26c8,2019-03-29,2019-03-29,7391.375,7394.75,7381,0.7003058103975535168195718654,55,2019
true,NQM9,opening_hour_rth,2019-06-10T10:30:00-04:00,true,fb6b362f5c2849074260,2019-06-10,2019-06-10,7509.125,7528,7491.25,0.7018716577540106951871657754,147,2019
true,NQZ9,prior_rth,2019-12-06T16:00:00-05:00,true,fb7ac295674f98cfa95f,2019-12-09,2019-12-06,8401.375,8404.75,8385,0.7015182884748102139406487233,79,2019
true,NQH9,opening_hour_rth,2019-02-08T10:30:00-05:00,true,fbf628743ed3ff73b280,2019-02-08,2019-02-08,6854.875,6862,6845,0.7064102564102564102564102564,68,2019
true,NQH9,prior_rth,2019-02-22T16:00:00-05:00,true,fc38294223db8d6a6a7e,2019-02-25,2019-02-22,7087.375,7090.75,7065.5,0.7053611994547932757837346661,101,2019
true,NQM9,full_overnight,2019-06-05T09:30:00-04:00,true,fc8a345b0cb5e13137ac,2019-06-05,2019-06-05,7207.375,7219.5,7185.25,0.7022548220592230372181472426,137,2019
true,NQM9,midnight,2019-05-17T09:30:00-04:00,true,fcfecc77e8b060358758,2019-05-17,2019-05-17,7566.875,7578.25,7539.5,0.7013867002836432398361172392,155,2019
true,NQZ9,midnight,2019-11-04T09:30:00-05:00,true,fd1a894132c9c5d1c979,2019-11-04,2019-11-04,8187.375,8210.5,8183.25,0.7060919130744567153544709654,109,2019
true,NQM9,midnight,2019-03-21T09:30:00-04:00,true,fd735f17be0d7e4e5309,2019-03-21,2019-03-21,7412.625,7432.75,7387.25,0.7029847124484348459111866052,182,2019
true,NQZ9,prior_rth,2019-12-05T16:00:00-05:00,true,fdcdddf143a0ff9ad439,2019-12-06,2019-12-05,8293.125,8308,8284,0.7035398230088495575221238938,96,2019
true,NQM9,midnight,2019-05-31T09:30:00-04:00,true,fde221660a8627c159b4,2019-05-31,2019-05-31,7162.625,7170.75,7139.25,0.702066395663956639566395664,126,2019
true,NQU9,full_overnight,2019-07-22T09:30:00-04:00,true,fe33a35cd1f60bf2c9b5,2019-07-22,2019-07-22,7839.125,7870.5,7835.25,0.7059118236472945891783567134,141,2019
true,NQH0,prior_rth,2019-12-26T16:00:00-05:00,true,fe6f37f122723b3021da,2019-12-27,2019-12-26,8786.875,8793.25,8764.5,0.7019392917369308600337268128,115,2019
true,NQZ9,opening_hour_rth,2019-11-01T10:30:00-04:00,true,ff1a68c25bdfcba75df3,2019-11-01,2019-11-01,8156.625,8161.5,8127.75,0.7050043898156277436347673398,135,2019
true,NQU9,prior_rth,2019-08-13T16:00:00-04:00,true,ff527e27294067d90524,2019-08-14,2019-08-13,7738.875,7763.5,7722,0.7003696857670979667282809612,166,2019
true,NQU9,prior_rth,2019-06-17T16:00:00-04:00,true,ff92ed686706aa299292,2019-06-18,2019-06-17,7562.625,7570.5,7555.25,0.7057858983368470367767627079,61,2019
true,NQZ9,opening_hour_rth,2019-11-11T10:30:00-05:00,true,ffb84b6daeb2d2e9f6d9,2019-11-11,2019-11-11,8223.875,8231.75,8215.25,0.7077577045696068012752391073,66,2019
true,NQH9,opening_hour_rth,2019-01-15T10:30:00-05:00,true,ffd8df5fbd7d7f32e4d0,2019-01-15,2019-01-15,6640.875,6656,6618,0.7016637980493402180149168101,152,2019
true,NQZ9,full_overnight,2019-12-06T09:30:00-05:00,true,fff6a834d90591eeebf6,2019-12-06,2019-12-06,8324.125,8339.25,8317.25,0.701739499363597793805685193,88,2019
