anchor,approach_side,arm,continued,continued_pct,evaluated_events,horizon_minutes,population,returned_inside,returned_inside_pct,session,threshold,underpowered
ALL_ANCHORS,APPROACH_FROM_ABOVE,C01_NEUTRAL,65,43.92,148,15,NONPOC,125,84.46,ALL_SESSIONS,3atr,false
ALL_ANCHORS,APPROACH_FROM_ABOVE,C01_NEUTRAL,4,20,20,15,NONPOC,17,85,ETH_EVENING,3atr,true
ALL_ANCHORS,APPROACH_FROM_ABOVE,C01_NEUTRAL,10,47.62,21,15,NONPOC,15,71.43,ETH_OVERNIGHT,3atr,true
ALL_ANCHORS,APPROACH_FROM_ABOVE,C01_NEUTRAL,3,50,6,15,NONPOC,4,66.67,RTH_AFTERNOON,3atr,true
ALL_ANCHORS,APPROACH_FROM_ABOVE,C01_NEUTRAL,2,18.18,11,15,NONPOC,10,90.91,RTH_MIDDAY,3atr,true
ALL_ANCHORS,APPROACH_FROM_ABOVE,C01_NEUTRAL,16,41.03,39,15,NONPOC,32,82.05,RTH_MORNING,3atr,false
ALL_ANCHORS,APPROACH_FROM_ABOVE,C01_NEUTRAL,30,58.82,51,15,NONPOC,47,92.16,RTH_OPEN,3atr,false
R01,APPROACH_FROM_ABOVE,C01_NEUTRAL,14,34.15,41,15,NONPOC,32,78.05,ALL_SESSIONS,3atr,false
R01,APPROACH_FROM_ABOVE,C01_NEUTRAL,4,20,20,15,NONPOC,17,85,ETH_EVENING,3atr,true
R01,APPROACH_FROM_ABOVE,C01_NEUTRAL,10,47.62,21,15,NONPOC,15,71.43,ETH_OVERNIGHT,3atr,true
R02,APPROACH_FROM_ABOVE,C01_NEUTRAL,17,43.59,39,15,NONPOC,37,94.87,ALL_SESSIONS,3atr,false
R02,APPROACH_FROM_ABOVE,C01_NEUTRAL,0,0,1,15,NONPOC,1,100,RTH_AFTERNOON,3atr,true
R02,APPROACH_FROM_ABOVE,C01_NEUTRAL,1,25,4,15,NONPOC,4,100,RTH_MIDDAY,3atr,true
R02,APPROACH_FROM_ABOVE,C01_NEUTRAL,1,12.5,8,15,NONPOC,7,87.5,RTH_MORNING,3atr,true
R02,APPROACH_FROM_ABOVE,C01_NEUTRAL,15,57.69,26,15,NONPOC,25,96.15,RTH_OPEN,3atr,true
R03,APPROACH_FROM_ABOVE,C01_NEUTRAL,16,50,32,15,NONPOC,27,84.38,ALL_SESSIONS,3atr,false
R03,APPROACH_FROM_ABOVE,C01_NEUTRAL,1,33.33,3,15,NONPOC,2,66.67,RTH_AFTERNOON,3atr,true
R03,APPROACH_FROM_ABOVE,C01_NEUTRAL,1,25,4,15,NONPOC,3,75,RTH_MIDDAY,3atr,true
R03,APPROACH_FROM_ABOVE,C01_NEUTRAL,1,33.33,3,15,NONPOC,3,100,RTH_MORNING,3atr,true
R03,APPROACH_FROM_ABOVE,C01_NEUTRAL,13,59.09,22,15,NONPOC,19,86.36,RTH_OPEN,3atr,true
R04,APPROACH_FROM_ABOVE,C01_NEUTRAL,5,83.33,6,15,NONPOC,6,100,ALL_SESSIONS,3atr,true
R04,APPROACH_FROM_ABOVE,C01_NEUTRAL,1,100,1,15,NONPOC,1,100,RTH_AFTERNOON,3atr,true
R04,APPROACH_FROM_ABOVE,C01_NEUTRAL,2,100,2,15,NONPOC,2,100,RTH_MORNING,3atr,true
R04,APPROACH_FROM_ABOVE,C01_NEUTRAL,2,66.67,3,15,NONPOC,3,100,RTH_OPEN,3atr,true
R05,APPROACH_FROM_ABOVE,C01_NEUTRAL,13,43.33,30,15,NONPOC,23,76.67,ALL_SESSIONS,3atr,false
R05,APPROACH_FROM_ABOVE,C01_NEUTRAL,1,100,1,15,NONPOC,0,0,RTH_AFTERNOON,3atr,true
R05,APPROACH_FROM_ABOVE,C01_NEUTRAL,0,0,3,15,NONPOC,3,100,RTH_MIDDAY,3atr,true
R05,APPROACH_FROM_ABOVE,C01_NEUTRAL,12,46.15,26,15,NONPOC,20,76.92,RTH_MORNING,3atr,true
ALL_ANCHORS,APPROACH_FROM_BELOW,C01_NEUTRAL,56,45.16,124,15,NONPOC,107,86.29,ALL_SESSIONS,3atr,false
ALL_ANCHORS,APPROACH_FROM_BELOW,C01_NEUTRAL,8,47.06,17,15,NONPOC,17,100,ETH_EVENING,3atr,true
ALL_ANCHORS,APPROACH_FROM_BELOW,C01_NEUTRAL,2,18.18,11,15,NONPOC,5,45.45,ETH_OVERNIGHT,3atr,true
ALL_ANCHORS,APPROACH_FROM_BELOW,C01_NEUTRAL,4,40,10,15,NONPOC,10,100,RTH_AFTERNOON,3atr,true
ALL_ANCHORS,APPROACH_FROM_BELOW,C01_NEUTRAL,5,31.25,16,15,NONPOC,13,81.25,RTH_MIDDAY,3atr,true
ALL_ANCHORS,APPROACH_FROM_BELOW,C01_NEUTRAL,15,55.56,27,15,NONPOC,22,81.48,RTH_MORNING,3atr,true
ALL_ANCHORS,APPROACH_FROM_BELOW,C01_NEUTRAL,22,51.16,43,15,NONPOC,40,93.02,RTH_OPEN,3atr,false
R01,APPROACH_FROM_BELOW,C01_NEUTRAL,10,35.71,28,15,NONPOC,22,78.57,ALL_SESSIONS,3atr,true
R01,APPROACH_FROM_BELOW,C01_NEUTRAL,8,47.06,17,15,NONPOC,17,100,ETH_EVENING,3atr,true
R01,APPROACH_FROM_BELOW,C01_NEUTRAL,2,18.18,11,15,NONPOC,5,45.45,ETH_OVERNIGHT,3atr,true
R02,APPROACH_FROM_BELOW,C01_NEUTRAL,21,60,35,15,NONPOC,28,80,ALL_SESSIONS,3atr,false
R02,APPROACH_FROM_BELOW,C01_NEUTRAL,1,33.33,3,15,NONPOC,3,100,RTH_AFTERNOON,3atr,true
R02,APPROACH_FROM_BELOW,C01_NEUTRAL,3,75,4,15,NONPOC,2,50,RTH_MIDDAY,3atr,true
R02,APPROACH_FROM_BELOW,C01_NEUTRAL,5,100,5,15,NONPOC,3,60,RTH_MORNING,3atr,true
R02,APPROACH_FROM_BELOW,C01_NEUTRAL,12,52.17,23,15,NONPOC,20,86.96,RTH_OPEN,3atr,true
R03,APPROACH_FROM_BELOW,C01_NEUTRAL,11,33.33,33,15,NONPOC,33,100,ALL_SESSIONS,3atr,false
R03,APPROACH_FROM_BELOW,C01_NEUTRAL,3,42.86,7,15,NONPOC,7,100,RTH_AFTERNOON,3atr,true
R03,APPROACH_FROM_BELOW,C01_NEUTRAL,0,0,3,15,NONPOC,3,100,RTH_MIDDAY,3atr,true
R03,APPROACH_FROM_BELOW,C01_NEUTRAL,2,28.57,7,15,NONPOC,7,100,RTH_MORNING,3atr,true
R03,APPROACH_FROM_BELOW,C01_NEUTRAL,6,37.5,16,15,NONPOC,16,100,RTH_OPEN,3atr,true
R04,APPROACH_FROM_BELOW,C01_NEUTRAL,4,66.67,6,15,NONPOC,6,100,ALL_SESSIONS,3atr,true
R04,APPROACH_FROM_BELOW,C01_NEUTRAL,0,0,1,15,NONPOC,1,100,RTH_MIDDAY,3atr,true
R04,APPROACH_FROM_BELOW,C01_NEUTRAL,0,0,1,15,NONPOC,1,100,RTH_MORNING,3atr,true
R04,APPROACH_FROM_BELOW,C01_NEUTRAL,4,100,4,15,NONPOC,4,100,RTH_OPEN,3atr,true
R05,APPROACH_FROM_BELOW,C01_NEUTRAL,10,45.45,22,15,NONPOC,18,81.82,ALL_SESSIONS,3atr,true
R05,APPROACH_FROM_BELOW,C01_NEUTRAL,2,25,8,15,NONPOC,7,87.5,RTH_MIDDAY,3atr,true
R05,APPROACH_FROM_BELOW,C01_NEUTRAL,8,57.14,14,15,NONPOC,11,78.57,RTH_MORNING,3atr,true
ALL_ANCHORS,APPROACH_FROM_ABOVE,C02_ACTIVITY_MATCHED,59,46.09,128,15,NONPOC,108,84.38,ALL_SESSIONS,3atr,false
ALL_ANCHORS,APPROACH_FROM_ABOVE,C02_ACTIVITY_MATCHED,4,21.05,19,15,NONPOC,17,89.47,ETH_EVENING,3atr,true
ALL_ANCHORS,APPROACH_FROM_ABOVE,C02_ACTIVITY_MATCHED,6,46.15,13,15,NONPOC,8,61.54,ETH_OVERNIGHT,3atr,true
ALL_ANCHORS,APPROACH_FROM_ABOVE,C02_ACTIVITY_MATCHED,2,40,5,15,NONPOC,4,80,RTH_AFTERNOON,3atr,true
ALL_ANCHORS,APPROACH_FROM_ABOVE,C02_ACTIVITY_MATCHED,6,66.67,9,15,NONPOC,8,88.89,RTH_MIDDAY,3atr,true
ALL_ANCHORS,APPROACH_FROM_ABOVE,C02_ACTIVITY_MATCHED,21,67.74,31,15,NONPOC,26,83.87,RTH_MORNING,3atr,false
ALL_ANCHORS,APPROACH_FROM_ABOVE,C02_ACTIVITY_MATCHED,20,39.22,51,15,NONPOC,45,88.24,RTH_OPEN,3atr,false
R01,APPROACH_FROM_ABOVE,C02_ACTIVITY_MATCHED,10,31.25,32,15,NONPOC,25,78.12,ALL_SESSIONS,3atr,false
R01,APPROACH_FROM_ABOVE,C02_ACTIVITY_MATCHED,4,21.05,19,15,NONPOC,17,89.47,ETH_EVENING,3atr,true
R01,APPROACH_FROM_ABOVE,C02_ACTIVITY_MATCHED,6,46.15,13,15,NONPOC,8,61.54,ETH_OVERNIGHT,3atr,true
R02,APPROACH_FROM_ABOVE,C02_ACTIVITY_MATCHED,17,48.57,35,15,NONPOC,30,85.71,ALL_SESSIONS,3atr,false
R02,APPROACH_FROM_ABOVE,C02_ACTIVITY_MATCHED,4,80,5,15,NONPOC,4,80,RTH_MIDDAY,3atr,true
R02,APPROACH_FROM_ABOVE,C02_ACTIVITY_MATCHED,4,57.14,7,15,NONPOC,7,100,RTH_MORNING,3atr,true
R02,APPROACH_FROM_ABOVE,C02_ACTIVITY_MATCHED,9,39.13,23,15,NONPOC,19,82.61,RTH_OPEN,3atr,true
R03,APPROACH_FROM_ABOVE,C02_ACTIVITY_MATCHED,15,48.39,31,15,NONPOC,29,93.55,ALL_SESSIONS,3atr,false
R03,APPROACH_FROM_ABOVE,C02_ACTIVITY_MATCHED,0,0,1,15,NONPOC,1,100,RTH_AFTERNOON,3atr,true
R03,APPROACH_FROM_ABOVE,C02_ACTIVITY_MATCHED,5,100,5,15,NONPOC,5,100,RTH_MORNING,3atr,true
R03,APPROACH_FROM_ABOVE,C02_ACTIVITY_MATCHED,10,40,25,15,NONPOC,23,92,RTH_OPEN,3atr,true
R04,APPROACH_FROM_ABOVE,C02_ACTIVITY_MATCHED,1,20,5,15,NONPOC,5,100,ALL_SESSIONS,3atr,true
R04,APPROACH_FROM_ABOVE,C02_ACTIVITY_MATCHED,0,0,1,15,NONPOC,1,100,RTH_AFTERNOON,3atr,true
R04,APPROACH_FROM_ABOVE,C02_ACTIVITY_MATCHED,0,0,1,15,NONPOC,1,100,RTH_MORNING,3atr,true
R04,APPROACH_FROM_ABOVE,C02_ACTIVITY_MATCHED,1,33.33,3,15,NONPOC,3,100,RTH_OPEN,3atr,true
R05,APPROACH_FROM_ABOVE,C02_ACTIVITY_MATCHED,16,64,25,15,NONPOC,19,76,ALL_SESSIONS,3atr,true
R05,APPROACH_FROM_ABOVE,C02_ACTIVITY_MATCHED,2,66.67,3,15,NONPOC,2,66.67,RTH_AFTERNOON,3atr,true
R05,APPROACH_FROM_ABOVE,C02_ACTIVITY_MATCHED,2,50,4,15,NONPOC,4,100,RTH_MIDDAY,3atr,true
R05,APPROACH_FROM_ABOVE,C02_ACTIVITY_MATCHED,12,66.67,18,15,NONPOC,13,72.22,RTH_MORNING,3atr,true
ALL_ANCHORS,APPROACH_FROM_BELOW,C02_ACTIVITY_MATCHED,61,57.01,107,15,NONPOC,92,85.98,ALL_SESSIONS,3atr,false
ALL_ANCHORS,APPROACH_FROM_BELOW,C02_ACTIVITY_MATCHED,7,43.75,16,15,NONPOC,12,75,ETH_EVENING,3atr,true
ALL_ANCHORS,APPROACH_FROM_BELOW,C02_ACTIVITY_MATCHED,4,44.44,9,15,NONPOC,5,55.56,ETH_OVERNIGHT,3atr,true
ALL_ANCHORS,APPROACH_FROM_BELOW,C02_ACTIVITY_MATCHED,5,50,10,15,NONPOC,9,90,RTH_AFTERNOON,3atr,true
ALL_ANCHORS,APPROACH_FROM_BELOW,C02_ACTIVITY_MATCHED,6,50,12,15,NONPOC,11,91.67,RTH_MIDDAY,3atr,true
ALL_ANCHORS,APPROACH_FROM_BELOW,C02_ACTIVITY_MATCHED,12,57.14,21,15,NONPOC,18,85.71,RTH_MORNING,3atr,true
ALL_ANCHORS,APPROACH_FROM_BELOW,C02_ACTIVITY_MATCHED,27,69.23,39,15,NONPOC,37,94.87,RTH_OPEN,3atr,false
R01,APPROACH_FROM_BELOW,C02_ACTIVITY_MATCHED,11,44,25,15,NONPOC,17,68,ALL_SESSIONS,3atr,true
R01,APPROACH_FROM_BELOW,C02_ACTIVITY_MATCHED,7,43.75,16,15,NONPOC,12,75,ETH_EVENING,3atr,true
R01,APPROACH_FROM_BELOW,C02_ACTIVITY_MATCHED,4,44.44,9,15,NONPOC,5,55.56,ETH_OVERNIGHT,3atr,true
R02,APPROACH_FROM_BELOW,C02_ACTIVITY_MATCHED,17,56.67,30,15,NONPOC,28,93.33,ALL_SESSIONS,3atr,false
R02,APPROACH_FROM_BELOW,C02_ACTIVITY_MATCHED,1,25,4,15,NONPOC,4,100,RTH_AFTERNOON,3atr,true
R02,APPROACH_FROM_BELOW,C02_ACTIVITY_MATCHED,1,100,1,15,NONPOC,0,0,RTH_MIDDAY,3atr,true
R02,APPROACH_FROM_BELOW,C02_ACTIVITY_MATCHED,2,50,4,15,NONPOC,4,100,RTH_MORNING,3atr,true
R02,APPROACH_FROM_BELOW,C02_ACTIVITY_MATCHED,13,61.9,21,15,NONPOC,20,95.24,RTH_OPEN,3atr,true
R03,APPROACH_FROM_BELOW,C02_ACTIVITY_MATCHED,16,61.54,26,15,NONPOC,25,96.15,ALL_SESSIONS,3atr,true
R03,APPROACH_FROM_BELOW,C02_ACTIVITY_MATCHED,3,60,5,15,NONPOC,4,80,RTH_AFTERNOON,3atr,true
R03,APPROACH_FROM_BELOW,C02_ACTIVITY_MATCHED,1,33.33,3,15,NONPOC,3,100,RTH_MIDDAY,3atr,true
R03,APPROACH_FROM_BELOW,C02_ACTIVITY_MATCHED,2,50,4,15,NONPOC,4,100,RTH_MORNING,3atr,true
R03,APPROACH_FROM_BELOW,C02_ACTIVITY_MATCHED,10,71.43,14,15,NONPOC,14,100,RTH_OPEN,3atr,true
R04,APPROACH_FROM_BELOW,C02_ACTIVITY_MATCHED,5,83.33,6,15,NONPOC,5,83.33,ALL_SESSIONS,3atr,true
R04,APPROACH_FROM_BELOW,C02_ACTIVITY_MATCHED,1,100,1,15,NONPOC,1,100,RTH_MIDDAY,3atr,true
R04,APPROACH_FROM_BELOW,C02_ACTIVITY_MATCHED,0,0,1,15,NONPOC,1,100,RTH_MORNING,3atr,true
R04,APPROACH_FROM_BELOW,C02_ACTIVITY_MATCHED,4,100,4,15,NONPOC,3,75,RTH_OPEN,3atr,true
R05,APPROACH_FROM_BELOW,C02_ACTIVITY_MATCHED,12,60,20,15,NONPOC,17,85,ALL_SESSIONS,3atr,true
R05,APPROACH_FROM_BELOW,C02_ACTIVITY_MATCHED,1,100,1,15,NONPOC,1,100,RTH_AFTERNOON,3atr,true
R05,APPROACH_FROM_BELOW,C02_ACTIVITY_MATCHED,3,42.86,7,15,NONPOC,7,100,RTH_MIDDAY,3atr,true
R05,APPROACH_FROM_BELOW,C02_ACTIVITY_MATCHED,8,66.67,12,15,NONPOC,9,75,RTH_MORNING,3atr,true
ALL_ANCHORS,APPROACH_FROM_ABOVE,TREATED,66,47.83,138,15,NONPOC,120,86.96,ALL_SESSIONS,3atr,false
ALL_ANCHORS,APPROACH_FROM_ABOVE,TREATED,6,35.29,17,15,NONPOC,15,88.24,ETH_EVENING,3atr,true
ALL_ANCHORS,APPROACH_FROM_ABOVE,TREATED,8,44.44,18,15,NONPOC,12,66.67,ETH_OVERNIGHT,3atr,true
ALL_ANCHORS,APPROACH_FROM_ABOVE,TREATED,2,40,5,15,NONPOC,2,40,RTH_AFTERNOON,3atr,true
ALL_ANCHORS,APPROACH_FROM_ABOVE,TREATED,5,41.67,12,15,NONPOC,12,100,RTH_MIDDAY,3atr,true
ALL_ANCHORS,APPROACH_FROM_ABOVE,TREATED,17,50,34,15,NONPOC,29,85.29,RTH_MORNING,3atr,false
ALL_ANCHORS,APPROACH_FROM_ABOVE,TREATED,28,53.85,52,15,NONPOC,50,96.15,RTH_OPEN,3atr,false
R01,APPROACH_FROM_ABOVE,TREATED,14,40,35,15,NONPOC,27,77.14,ALL_SESSIONS,3atr,false
R01,APPROACH_FROM_ABOVE,TREATED,6,35.29,17,15,NONPOC,15,88.24,ETH_EVENING,3atr,true
R01,APPROACH_FROM_ABOVE,TREATED,8,44.44,18,15,NONPOC,12,66.67,ETH_OVERNIGHT,3atr,true
R02,APPROACH_FROM_ABOVE,TREATED,22,52.38,42,15,NONPOC,39,92.86,ALL_SESSIONS,3atr,false
R02,APPROACH_FROM_ABOVE,TREATED,0,0,1,15,NONPOC,0,0,RTH_AFTERNOON,3atr,true
R02,APPROACH_FROM_ABOVE,TREATED,4,80,5,15,NONPOC,5,100,RTH_MIDDAY,3atr,true
R02,APPROACH_FROM_ABOVE,TREATED,3,33.33,9,15,NONPOC,7,77.78,RTH_MORNING,3atr,true
R02,APPROACH_FROM_ABOVE,TREATED,15,55.56,27,15,NONPOC,27,100,RTH_OPEN,3atr,true
R03,APPROACH_FROM_ABOVE,TREATED,13,41.94,31,15,NONPOC,28,90.32,ALL_SESSIONS,3atr,false
R03,APPROACH_FROM_ABOVE,TREATED,1,50,2,15,NONPOC,1,50,RTH_AFTERNOON,3atr,true
R03,APPROACH_FROM_ABOVE,TREATED,0,0,4,15,NONPOC,4,100,RTH_MIDDAY,3atr,true
R03,APPROACH_FROM_ABOVE,TREATED,0,0,3,15,NONPOC,3,100,RTH_MORNING,3atr,true
R03,APPROACH_FROM_ABOVE,TREATED,12,54.55,22,15,NONPOC,20,90.91,RTH_OPEN,3atr,true
R04,APPROACH_FROM_ABOVE,TREATED,2,33.33,6,15,NONPOC,6,100,ALL_SESSIONS,3atr,true
R04,APPROACH_FROM_ABOVE,TREATED,0,0,1,15,NONPOC,1,100,RTH_AFTERNOON,3atr,true
R04,APPROACH_FROM_ABOVE,TREATED,1,50,2,15,NONPOC,2,100,RTH_MORNING,3atr,true
R04,APPROACH_FROM_ABOVE,TREATED,1,33.33,3,15,NONPOC,3,100,RTH_OPEN,3atr,true
R05,APPROACH_FROM_ABOVE,TREATED,15,62.5,24,15,NONPOC,20,83.33,ALL_SESSIONS,3atr,true
R05,APPROACH_FROM_ABOVE,TREATED,1,100,1,15,NONPOC,0,0,RTH_AFTERNOON,3atr,true
R05,APPROACH_FROM_ABOVE,TREATED,1,33.33,3,15,NONPOC,3,100,RTH_MIDDAY,3atr,true
R05,APPROACH_FROM_ABOVE,TREATED,13,65,20,15,NONPOC,17,85,RTH_MORNING,3atr,true
ALL_ANCHORS,APPROACH_FROM_BELOW,TREATED,66,53.23,124,15,NONPOC,114,91.94,ALL_SESSIONS,3atr,false
ALL_ANCHORS,APPROACH_FROM_BELOW,TREATED,9,52.94,17,15,NONPOC,17,100,ETH_EVENING,3atr,true
ALL_ANCHORS,APPROACH_FROM_BELOW,TREATED,2,28.57,7,15,NONPOC,4,57.14,ETH_OVERNIGHT,3atr,true
ALL_ANCHORS,APPROACH_FROM_BELOW,TREATED,6,60,10,15,NONPOC,10,100,RTH_AFTERNOON,3atr,true
ALL_ANCHORS,APPROACH_FROM_BELOW,TREATED,5,31.25,16,15,NONPOC,11,68.75,RTH_MIDDAY,3atr,true
ALL_ANCHORS,APPROACH_FROM_BELOW,TREATED,17,68,25,15,NONPOC,24,96,RTH_MORNING,3atr,true
ALL_ANCHORS,APPROACH_FROM_BELOW,TREATED,27,55.1,49,15,NONPOC,48,97.96,RTH_OPEN,3atr,false
R01,APPROACH_FROM_BELOW,TREATED,11,45.83,24,15,NONPOC,21,87.5,ALL_SESSIONS,3atr,true
R01,APPROACH_FROM_BELOW,TREATED,9,52.94,17,15,NONPOC,17,100,ETH_EVENING,3atr,true
R01,APPROACH_FROM_BELOW,TREATED,2,28.57,7,15,NONPOC,4,57.14,ETH_OVERNIGHT,3atr,true
R02,APPROACH_FROM_BELOW,TREATED,24,63.16,38,15,NONPOC,35,92.11,ALL_SESSIONS,3atr,false
R02,APPROACH_FROM_BELOW,TREATED,2,66.67,3,15,NONPOC,3,100,RTH_AFTERNOON,3atr,true
R02,APPROACH_FROM_BELOW,TREATED,2,66.67,3,15,NONPOC,1,33.33,RTH_MIDDAY,3atr,true
R02,APPROACH_FROM_BELOW,TREATED,4,80,5,15,NONPOC,5,100,RTH_MORNING,3atr,true
R02,APPROACH_FROM_BELOW,TREATED,16,59.26,27,15,NONPOC,26,96.3,RTH_OPEN,3atr,true
R03,APPROACH_FROM_BELOW,TREATED,13,39.39,33,15,NONPOC,32,96.97,ALL_SESSIONS,3atr,false
R03,APPROACH_FROM_BELOW,TREATED,4,57.14,7,15,NONPOC,7,100,RTH_AFTERNOON,3atr,true
R03,APPROACH_FROM_BELOW,TREATED,0,0,3,15,NONPOC,2,66.67,RTH_MIDDAY,3atr,true
R03,APPROACH_FROM_BELOW,TREATED,1,16.67,6,15,NONPOC,6,100,RTH_MORNING,3atr,true
R03,APPROACH_FROM_BELOW,TREATED,8,47.06,17,15,NONPOC,17,100,RTH_OPEN,3atr,true
R04,APPROACH_FROM_BELOW,TREATED,4,57.14,7,15,NONPOC,7,100,ALL_SESSIONS,3atr,true
R04,APPROACH_FROM_BELOW,TREATED,0,0,1,15,NONPOC,1,100,RTH_MIDDAY,3atr,true
R04,APPROACH_FROM_BELOW,TREATED,1,100,1,15,NONPOC,1,100,RTH_MORNING,3atr,true
R04,APPROACH_FROM_BELOW,TREATED,3,60,5,15,NONPOC,5,100,RTH_OPEN,3atr,true
R05,APPROACH_FROM_BELOW,TREATED,14,63.64,22,15,NONPOC,19,86.36,ALL_SESSIONS,3atr,true
R05,APPROACH_FROM_BELOW,TREATED,3,33.33,9,15,NONPOC,7,77.78,RTH_MIDDAY,3atr,true
R05,APPROACH_FROM_BELOW,TREATED,11,84.62,13,15,NONPOC,12,92.31,RTH_MORNING,3atr,true
ALL_ANCHORS,APPROACH_FROM_ABOVE,C01_NEUTRAL,137,49.46,277,15,POC,226,81.59,ALL_SESSIONS,3atr,false
ALL_ANCHORS,APPROACH_FROM_ABOVE,C01_NEUTRAL,18,56.25,32,15,POC,21,65.62,ETH_EVENING,3atr,false
ALL_ANCHORS,APPROACH_FROM_ABOVE,C01_NEUTRAL,15,60,25,15,POC,18,72,ETH_OVERNIGHT,3atr,true
ALL_ANCHORS,APPROACH_FROM_ABOVE,C01_NEUTRAL,11,61.11,18,15,POC,13,72.22,RTH_AFTERNOON,3atr,true
ALL_ANCHORS,APPROACH_FROM_ABOVE,C01_NEUTRAL,9,37.5,24,15,POC,19,79.17,RTH_MIDDAY,3atr,true
ALL_ANCHORS,APPROACH_FROM_ABOVE,C01_NEUTRAL,40,54.79,73,15,POC,57,78.08,RTH_MORNING,3atr,false
ALL_ANCHORS,APPROACH_FROM_ABOVE,C01_NEUTRAL,44,41.9,105,15,POC,98,93.33,RTH_OPEN,3atr,false
R01,APPROACH_FROM_ABOVE,C01_NEUTRAL,33,57.89,57,15,POC,39,68.42,ALL_SESSIONS,3atr,false
R01,APPROACH_FROM_ABOVE,C01_NEUTRAL,18,56.25,32,15,POC,21,65.62,ETH_EVENING,3atr,false
R01,APPROACH_FROM_ABOVE,C01_NEUTRAL,15,60,25,15,POC,18,72,ETH_OVERNIGHT,3atr,true
R02,APPROACH_FROM_ABOVE,C01_NEUTRAL,18,45,40,15,POC,38,95,ALL_SESSIONS,3atr,false
R02,APPROACH_FROM_ABOVE,C01_NEUTRAL,0,0,2,15,POC,2,100,RTH_AFTERNOON,3atr,true
R02,APPROACH_FROM_ABOVE,C01_NEUTRAL,3,37.5,8,15,POC,7,87.5,RTH_MIDDAY,3atr,true
R02,APPROACH_FROM_ABOVE,C01_NEUTRAL,4,50,8,15,POC,8,100,RTH_MORNING,3atr,true
R02,APPROACH_FROM_ABOVE,C01_NEUTRAL,11,50,22,15,POC,21,95.45,RTH_OPEN,3atr,true
R03,APPROACH_FROM_ABOVE,C01_NEUTRAL,28,49.12,57,15,POC,50,87.72,ALL_SESSIONS,3atr,false
R03,APPROACH_FROM_ABOVE,C01_NEUTRAL,3,60,5,15,POC,4,80,RTH_AFTERNOON,3atr,true
R03,APPROACH_FROM_ABOVE,C01_NEUTRAL,2,50,4,15,POC,3,75,RTH_MIDDAY,3atr,true
R03,APPROACH_FROM_ABOVE,C01_NEUTRAL,5,55.56,9,15,POC,8,88.89,RTH_MORNING,3atr,true
R03,APPROACH_FROM_ABOVE,C01_NEUTRAL,18,46.15,39,15,POC,35,89.74,RTH_OPEN,3atr,false
R04,APPROACH_FROM_ABOVE,C01_NEUTRAL,25,42.37,59,15,POC,54,91.53,ALL_SESSIONS,3atr,false
R04,APPROACH_FROM_ABOVE,C01_NEUTRAL,3,60,5,15,POC,4,80,RTH_AFTERNOON,3atr,true
R04,APPROACH_FROM_ABOVE,C01_NEUTRAL,1,50,2,15,POC,1,50,RTH_MIDDAY,3atr,true
R04,APPROACH_FROM_ABOVE,C01_NEUTRAL,6,75,8,15,POC,7,87.5,RTH_MORNING,3atr,true
R04,APPROACH_FROM_ABOVE,C01_NEUTRAL,15,34.09,44,15,POC,42,95.45,RTH_OPEN,3atr,false
R05,APPROACH_FROM_ABOVE,C01_NEUTRAL,33,51.56,64,15,POC,45,70.31,ALL_SESSIONS,3atr,false
R05,APPROACH_FROM_ABOVE,C01_NEUTRAL,5,83.33,6,15,POC,3,50,RTH_AFTERNOON,3atr,true
R05,APPROACH_FROM_ABOVE,C01_NEUTRAL,3,30,10,15,POC,8,80,RTH_MIDDAY,3atr,true
R05,APPROACH_FROM_ABOVE,C01_NEUTRAL,25,52.08,48,15,POC,34,70.83,RTH_MORNING,3atr,false
ALL_ANCHORS,APPROACH_FROM_BELOW,C01_NEUTRAL,113,49.78,227,15,POC,200,88.11,ALL_SESSIONS,3atr,false
ALL_ANCHORS,APPROACH_FROM_BELOW,C01_NEUTRAL,9,39.13,23,15,POC,18,78.26,ETH_EVENING,3atr,true
ALL_ANCHORS,APPROACH_FROM_BELOW,C01_NEUTRAL,6,30,20,15,POC,15,75,ETH_OVERNIGHT,3atr,true
ALL_ANCHORS,APPROACH_FROM_BELOW,C01_NEUTRAL,2,40,5,15,POC,3,60,RTH_AFTERNOON,3atr,true
ALL_ANCHORS,APPROACH_FROM_BELOW,C01_NEUTRAL,8,44.44,18,15,POC,16,88.89,RTH_MIDDAY,3atr,true
ALL_ANCHORS,APPROACH_FROM_BELOW,C01_NEUTRAL,35,49.3,71,15,POC,64,90.14,RTH_MORNING,3atr,false
ALL_ANCHORS,APPROACH_FROM_BELOW,C01_NEUTRAL,53,58.89,90,15,POC,84,93.33,RTH_OPEN,3atr,false
R01,APPROACH_FROM_BELOW,C01_NEUTRAL,15,34.88,43,15,POC,33,76.74,ALL_SESSIONS,3atr,false
R01,APPROACH_FROM_BELOW,C01_NEUTRAL,9,39.13,23,15,POC,18,78.26,ETH_EVENING,3atr,true
R01,APPROACH_FROM_BELOW,C01_NEUTRAL,6,30,20,15,POC,15,75,ETH_OVERNIGHT,3atr,true
R02,APPROACH_FROM_BELOW,C01_NEUTRAL,32,66.67,48,15,POC,42,87.5,ALL_SESSIONS,3atr,false
R02,APPROACH_FROM_BELOW,C01_NEUTRAL,2,100,2,15,POC,0,0,RTH_AFTERNOON,3atr,true
R02,APPROACH_FROM_BELOW,C01_NEUTRAL,5,83.33,6,15,POC,4,66.67,RTH_MIDDAY,3atr,true
R02,APPROACH_FROM_BELOW,C01_NEUTRAL,6,54.55,11,15,POC,11,100,RTH_MORNING,3atr,true
R02,APPROACH_FROM_BELOW,C01_NEUTRAL,19,65.52,29,15,POC,27,93.1,RTH_OPEN,3atr,true
R03,APPROACH_FROM_BELOW,C01_NEUTRAL,22,53.66,41,15,POC,40,97.56,ALL_SESSIONS,3atr,false
R03,APPROACH_FROM_BELOW,C01_NEUTRAL,0,0,2,15,POC,2,100,RTH_AFTERNOON,3atr,true
R03,APPROACH_FROM_BELOW,C01_NEUTRAL,0,0,3,15,POC,3,100,RTH_MIDDAY,3atr,true
R03,APPROACH_FROM_BELOW,C01_NEUTRAL,4,57.14,7,15,POC,7,100,RTH_MORNING,3atr,true
R03,APPROACH_FROM_BELOW,C01_NEUTRAL,18,62.07,29,15,POC,28,96.55,RTH_OPEN,3atr,true
R04,APPROACH_FROM_BELOW,C01_NEUTRAL,20,48.78,41,15,POC,38,92.68,ALL_SESSIONS,3atr,false
R04,APPROACH_FROM_BELOW,C01_NEUTRAL,1,50,2,15,POC,2,100,RTH_MIDDAY,3atr,true
R04,APPROACH_FROM_BELOW,C01_NEUTRAL,3,42.86,7,15,POC,7,100,RTH_MORNING,3atr,true
R04,APPROACH_FROM_BELOW,C01_NEUTRAL,16,50,32,15,POC,29,90.62,RTH_OPEN,3atr,false
R05,APPROACH_FROM_BELOW,C01_NEUTRAL,24,44.44,54,15,POC,47,87.04,ALL_SESSIONS,3atr,false
R05,APPROACH_FROM_BELOW,C01_NEUTRAL,0,0,1,15,POC,1,100,RTH_AFTERNOON,3atr,true
R05,APPROACH_FROM_BELOW,C01_NEUTRAL,2,28.57,7,15,POC,7,100,RTH_MIDDAY,3atr,true
R05,APPROACH_FROM_BELOW,C01_NEUTRAL,22,47.83,46,15,POC,39,84.78,RTH_MORNING,3atr,false
ALL_ANCHORS,APPROACH_FROM_ABOVE,C02_ACTIVITY_MATCHED,104,57.14,182,15,POC,151,82.97,ALL_SESSIONS,3atr,false
ALL_ANCHORS,APPROACH_FROM_ABOVE,C02_ACTIVITY_MATCHED,13,59.09,22,15,POC,14,63.64,ETH_EVENING,3atr,true
ALL_ANCHORS,APPROACH_FROM_ABOVE,C02_ACTIVITY_MATCHED,11,78.57,14,15,POC,11,78.57,ETH_OVERNIGHT,3atr,true
ALL_ANCHORS,APPROACH_FROM_ABOVE,C02_ACTIVITY_MATCHED,6,54.55,11,15,POC,10,90.91,RTH_AFTERNOON,3atr,true
ALL_ANCHORS,APPROACH_FROM_ABOVE,C02_ACTIVITY_MATCHED,13,65,20,15,POC,13,65,RTH_MIDDAY,3atr,true
ALL_ANCHORS,APPROACH_FROM_ABOVE,C02_ACTIVITY_MATCHED,25,59.52,42,15,POC,34,80.95,RTH_MORNING,3atr,false
ALL_ANCHORS,APPROACH_FROM_ABOVE,C02_ACTIVITY_MATCHED,36,49.32,73,15,POC,69,94.52,RTH_OPEN,3atr,false
R01,APPROACH_FROM_ABOVE,C02_ACTIVITY_MATCHED,24,66.67,36,15,POC,25,69.44,ALL_SESSIONS,3atr,false
R01,APPROACH_FROM_ABOVE,C02_ACTIVITY_MATCHED,13,59.09,22,15,POC,14,63.64,ETH_EVENING,3atr,true
R01,APPROACH_FROM_ABOVE,C02_ACTIVITY_MATCHED,11,78.57,14,15,POC,11,78.57,ETH_OVERNIGHT,3atr,true
R02,APPROACH_FROM_ABOVE,C02_ACTIVITY_MATCHED,22,66.67,33,15,POC,28,84.85,ALL_SESSIONS,3atr,false
R02,APPROACH_FROM_ABOVE,C02_ACTIVITY_MATCHED,0,0,1,15,POC,1,100,RTH_AFTERNOON,3atr,true
R02,APPROACH_FROM_ABOVE,C02_ACTIVITY_MATCHED,5,83.33,6,15,POC,4,66.67,RTH_MIDDAY,3atr,true
R02,APPROACH_FROM_ABOVE,C02_ACTIVITY_MATCHED,4,100,4,15,POC,3,75,RTH_MORNING,3atr,true
R02,APPROACH_FROM_ABOVE,C02_ACTIVITY_MATCHED,13,59.09,22,15,POC,20,90.91,RTH_OPEN,3atr,true
R03,APPROACH_FROM_ABOVE,C02_ACTIVITY_MATCHED,16,51.61,31,15,POC,28,90.32,ALL_SESSIONS,3atr,false
R03,APPROACH_FROM_ABOVE,C02_ACTIVITY_MATCHED,2,66.67,3,15,POC,3,100,RTH_AFTERNOON,3atr,true
R03,APPROACH_FROM_ABOVE,C02_ACTIVITY_MATCHED,2,100,2,15,POC,1,50,RTH_MIDDAY,3atr,true
R03,APPROACH_FROM_ABOVE,C02_ACTIVITY_MATCHED,3,75,4,15,POC,3,75,RTH_MORNING,3atr,true
R03,APPROACH_FROM_ABOVE,C02_ACTIVITY_MATCHED,9,40.91,22,15,POC,21,95.45,RTH_OPEN,3atr,true
R04,APPROACH_FROM_ABOVE,C02_ACTIVITY_MATCHED,22,55,40,15,POC,38,95,ALL_SESSIONS,3atr,false
R04,APPROACH_FROM_ABOVE,C02_ACTIVITY_MATCHED,3,60,5,15,POC,5,100,RTH_AFTERNOON,3atr,true
R04,APPROACH_FROM_ABOVE,C02_ACTIVITY_MATCHED,2,100,2,15,POC,1,50,RTH_MIDDAY,3atr,true
R04,APPROACH_FROM_ABOVE,C02_ACTIVITY_MATCHED,3,75,4,15,POC,4,100,RTH_MORNING,3atr,true
R04,APPROACH_FROM_ABOVE,C02_ACTIVITY_MATCHED,14,48.28,29,15,POC,28,96.55,RTH_OPEN,3atr,true
R05,APPROACH_FROM_ABOVE,C02_ACTIVITY_MATCHED,20,47.62,42,15,POC,32,76.19,ALL_SESSIONS,3atr,false
R05,APPROACH_FROM_ABOVE,C02_ACTIVITY_MATCHED,1,50,2,15,POC,1,50,RTH_AFTERNOON,3atr,true
R05,APPROACH_FROM_ABOVE,C02_ACTIVITY_MATCHED,4,40,10,15,POC,7,70,RTH_MIDDAY,3atr,true
R05,APPROACH_FROM_ABOVE,C02_ACTIVITY_MATCHED,15,50,30,15,POC,24,80,RTH_MORNING,3atr,false
ALL_ANCHORS,APPROACH_FROM_BELOW,C02_ACTIVITY_MATCHED,100,48.78,205,15,POC,181,88.29,ALL_SESSIONS,3atr,false
ALL_ANCHORS,APPROACH_FROM_BELOW,C02_ACTIVITY_MATCHED,13,56.52,23,15,POC,15,65.22,ETH_EVENING,3atr,true
ALL_ANCHORS,APPROACH_FROM_BELOW,C02_ACTIVITY_MATCHED,6,35.29,17,15,POC,13,76.47,ETH_OVERNIGHT,3atr,true
ALL_ANCHORS,APPROACH_FROM_BELOW,C02_ACTIVITY_MATCHED,3,75,4,15,POC,1,25,RTH_AFTERNOON,3atr,true
ALL_ANCHORS,APPROACH_FROM_BELOW,C02_ACTIVITY_MATCHED,7,50,14,15,POC,12,85.71,RTH_MIDDAY,3atr,true
ALL_ANCHORS,APPROACH_FROM_BELOW,C02_ACTIVITY_MATCHED,34,52.31,65,15,POC,60,92.31,RTH_MORNING,3atr,false
ALL_ANCHORS,APPROACH_FROM_BELOW,C02_ACTIVITY_MATCHED,37,45.12,82,15,POC,80,97.56,RTH_OPEN,3atr,false
R01,APPROACH_FROM_BELOW,C02_ACTIVITY_MATCHED,19,47.5,40,15,POC,28,70,ALL_SESSIONS,3atr,false
R01,APPROACH_FROM_BELOW,C02_ACTIVITY_MATCHED,13,56.52,23,15,POC,15,65.22,ETH_EVENING,3atr,true
R01,APPROACH_FROM_BELOW,C02_ACTIVITY_MATCHED,6,35.29,17,15,POC,13,76.47,ETH_OVERNIGHT,3atr,true
R02,APPROACH_FROM_BELOW,C02_ACTIVITY_MATCHED,16,48.48,33,15,POC,30,90.91,ALL_SESSIONS,3atr,false
R02,APPROACH_FROM_BELOW,C02_ACTIVITY_MATCHED,2,50,4,15,POC,3,75,RTH_MIDDAY,3atr,true
R02,APPROACH_FROM_BELOW,C02_ACTIVITY_MATCHED,6,66.67,9,15,POC,8,88.89,RTH_MORNING,3atr,true
R02,APPROACH_FROM_BELOW,C02_ACTIVITY_MATCHED,8,40,20,15,POC,19,95,RTH_OPEN,3atr,true
R03,APPROACH_FROM_BELOW,C02_ACTIVITY_MATCHED,16,42.11,38,15,POC,37,97.37,ALL_SESSIONS,3atr,false
R03,APPROACH_FROM_BELOW,C02_ACTIVITY_MATCHED,0,0,1,15,POC,1,100,RTH_AFTERNOON,3atr,true
R03,APPROACH_FROM_BELOW,C02_ACTIVITY_MATCHED,1,50,2,15,POC,2,100,RTH_MIDDAY,3atr,true
R03,APPROACH_FROM_BELOW,C02_ACTIVITY_MATCHED,3,42.86,7,15,POC,7,100,RTH_MORNING,3atr,true
R03,APPROACH_FROM_BELOW,C02_ACTIVITY_MATCHED,12,42.86,28,15,POC,27,96.43,RTH_OPEN,3atr,true
R04,APPROACH_FROM_BELOW,C02_ACTIVITY_MATCHED,20,46.51,43,15,POC,43,100,ALL_SESSIONS,3atr,false
R04,APPROACH_FROM_BELOW,C02_ACTIVITY_MATCHED,0,0,1,15,POC,1,100,RTH_MIDDAY,3atr,true
R04,APPROACH_FROM_BELOW,C02_ACTIVITY_MATCHED,3,37.5,8,15,POC,8,100,RTH_MORNING,3atr,true
R04,APPROACH_FROM_BELOW,C02_ACTIVITY_MATCHED,17,50,34,15,POC,34,100,RTH_OPEN,3atr,false
R05,APPROACH_FROM_BELOW,C02_ACTIVITY_MATCHED,29,56.86,51,15,POC,43,84.31,ALL_SESSIONS,3atr,false
R05,APPROACH_FROM_BELOW,C02_ACTIVITY_MATCHED,3,100,3,15,POC,0,0,RTH_AFTERNOON,3atr,true
R05,APPROACH_FROM_BELOW,C02_ACTIVITY_MATCHED,4,57.14,7,15,POC,6,85.71,RTH_MIDDAY,3atr,true
R05,APPROACH_FROM_BELOW,C02_ACTIVITY_MATCHED,22,53.66,41,15,POC,37,90.24,RTH_MORNING,3atr,false
ALL_ANCHORS,APPROACH_FROM_ABOVE,TREATED,131,52.61,249,15,POC,208,83.53,ALL_SESSIONS,3atr,false
ALL_ANCHORS,APPROACH_FROM_ABOVE,TREATED,19,54.29,35,15,POC,28,80,ETH_EVENING,3atr,false
ALL_ANCHORS,APPROACH_FROM_ABOVE,TREATED,13,65,20,15,POC,13,65,ETH_OVERNIGHT,3atr,true
ALL_ANCHORS,APPROACH_FROM_ABOVE,TREATED,9,56.25,16,15,POC,11,68.75,RTH_AFTERNOON,3atr,true
ALL_ANCHORS,APPROACH_FROM_ABOVE,TREATED,12,50,24,15,POC,19,79.17,RTH_MIDDAY,3atr,true
ALL_ANCHORS,APPROACH_FROM_ABOVE,TREATED,33,57.89,57,15,POC,48,84.21,RTH_MORNING,3atr,false
ALL_ANCHORS,APPROACH_FROM_ABOVE,TREATED,45,46.39,97,15,POC,89,91.75,RTH_OPEN,3atr,false
R01,APPROACH_FROM_ABOVE,TREATED,32,58.18,55,15,POC,41,74.55,ALL_SESSIONS,3atr,false
R01,APPROACH_FROM_ABOVE,TREATED,19,54.29,35,15,POC,28,80,ETH_EVENING,3atr,false
R01,APPROACH_FROM_ABOVE,TREATED,13,65,20,15,POC,13,65,ETH_OVERNIGHT,3atr,true
R02,APPROACH_FROM_ABOVE,TREATED,25,58.14,43,15,POC,35,81.4,ALL_SESSIONS,3atr,false
R02,APPROACH_FROM_ABOVE,TREATED,2,50,4,15,POC,1,25,RTH_AFTERNOON,3atr,true
R02,APPROACH_FROM_ABOVE,TREATED,5,71.43,7,15,POC,6,85.71,RTH_MIDDAY,3atr,true
R02,APPROACH_FROM_ABOVE,TREATED,3,42.86,7,15,POC,6,85.71,RTH_MORNING,3atr,true
R02,APPROACH_FROM_ABOVE,TREATED,15,60,25,15,POC,22,88,RTH_OPEN,3atr,true
R03,APPROACH_FROM_ABOVE,TREATED,20,40.82,49,15,POC,43,87.76,ALL_SESSIONS,3atr,false
R03,APPROACH_FROM_ABOVE,TREATED,3,75,4,15,POC,3,75,RTH_AFTERNOON,3atr,true
R03,APPROACH_FROM_ABOVE,TREATED,1,25,4,15,POC,3,75,RTH_MIDDAY,3atr,true
R03,APPROACH_FROM_ABOVE,TREATED,4,57.14,7,15,POC,6,85.71,RTH_MORNING,3atr,true
R03,APPROACH_FROM_ABOVE,TREATED,12,35.29,34,15,POC,31,91.18,RTH_OPEN,3atr,false
R04,APPROACH_FROM_ABOVE,TREATED,25,50,50,15,POC,45,90,ALL_SESSIONS,3atr,false
R04,APPROACH_FROM_ABOVE,TREATED,2,50,4,15,POC,3,75,RTH_AFTERNOON,3atr,true
R04,APPROACH_FROM_ABOVE,TREATED,1,50,2,15,POC,1,50,RTH_MIDDAY,3atr,true
R04,APPROACH_FROM_ABOVE,TREATED,4,66.67,6,15,POC,5,83.33,RTH_MORNING,3atr,true
R04,APPROACH_FROM_ABOVE,TREATED,18,47.37,38,15,POC,36,94.74,RTH_OPEN,3atr,false
R05,APPROACH_FROM_ABOVE,TREATED,29,55.77,52,15,POC,44,84.62,ALL_SESSIONS,3atr,false
R05,APPROACH_FROM_ABOVE,TREATED,2,50,4,15,POC,4,100,RTH_AFTERNOON,3atr,true
R05,APPROACH_FROM_ABOVE,TREATED,5,45.45,11,15,POC,9,81.82,RTH_MIDDAY,3atr,true
R05,APPROACH_FROM_ABOVE,TREATED,22,59.46,37,15,POC,31,83.78,RTH_MORNING,3atr,false
ALL_ANCHORS,APPROACH_FROM_BELOW,TREATED,112,46.28,242,15,POC,210,86.78,ALL_SESSIONS,3atr,false
ALL_ANCHORS,APPROACH_FROM_BELOW,TREATED,8,38.1,21,15,POC,18,85.71,ETH_EVENING,3atr,true
ALL_ANCHORS,APPROACH_FROM_BELOW,TREATED,11,47.83,23,15,POC,14,60.87,ETH_OVERNIGHT,3atr,true
ALL_ANCHORS,APPROACH_FROM_BELOW,TREATED,1,20,5,15,POC,4,80,RTH_AFTERNOON,3atr,true
ALL_ANCHORS,APPROACH_FROM_BELOW,TREATED,7,36.84,19,15,POC,15,78.95,RTH_MIDDAY,3atr,true
ALL_ANCHORS,APPROACH_FROM_BELOW,TREATED,38,49.35,77,15,POC,66,85.71,RTH_MORNING,3atr,false
ALL_ANCHORS,APPROACH_FROM_BELOW,TREATED,47,48.45,97,15,POC,93,95.88,RTH_OPEN,3atr,false
R01,APPROACH_FROM_BELOW,TREATED,19,43.18,44,15,POC,32,72.73,ALL_SESSIONS,3atr,false
R01,APPROACH_FROM_BELOW,TREATED,8,38.1,21,15,POC,18,85.71,ETH_EVENING,3atr,true
R01,APPROACH_FROM_BELOW,TREATED,11,47.83,23,15,POC,14,60.87,ETH_OVERNIGHT,3atr,true
R02,APPROACH_FROM_BELOW,TREATED,31,60.78,51,15,POC,44,86.27,ALL_SESSIONS,3atr,false
R02,APPROACH_FROM_BELOW,TREATED,0,0,1,15,POC,0,0,RTH_AFTERNOON,3atr,true
R02,APPROACH_FROM_BELOW,TREATED,2,33.33,6,15,POC,3,50,RTH_MIDDAY,3atr,true
R02,APPROACH_FROM_BELOW,TREATED,9,69.23,13,15,POC,12,92.31,RTH_MORNING,3atr,true
R02,APPROACH_FROM_BELOW,TREATED,20,64.52,31,15,POC,29,93.55,RTH_OPEN,3atr,false
R03,APPROACH_FROM_BELOW,TREATED,19,39.58,48,15,POC,46,95.83,ALL_SESSIONS,3atr,false
R03,APPROACH_FROM_BELOW,TREATED,0,0,3,15,POC,3,100,RTH_AFTERNOON,3atr,true
R03,APPROACH_FROM_BELOW,TREATED,1,33.33,3,15,POC,3,100,RTH_MIDDAY,3atr,true
R03,APPROACH_FROM_BELOW,TREATED,4,40,10,15,POC,9,90,RTH_MORNING,3atr,true
R03,APPROACH_FROM_BELOW,TREATED,14,43.75,32,15,POC,31,96.88,RTH_OPEN,3atr,false
R04,APPROACH_FROM_BELOW,TREATED,15,34.88,43,15,POC,42,97.67,ALL_SESSIONS,3atr,false
R04,APPROACH_FROM_BELOW,TREATED,0,0,2,15,POC,2,100,RTH_MIDDAY,3atr,true
R04,APPROACH_FROM_BELOW,TREATED,2,28.57,7,15,POC,7,100,RTH_MORNING,3atr,true
R04,APPROACH_FROM_BELOW,TREATED,13,38.24,34,15,POC,33,97.06,RTH_OPEN,3atr,false
R05,APPROACH_FROM_BELOW,TREATED,28,50,56,15,POC,46,82.14,ALL_SESSIONS,3atr,false
R05,APPROACH_FROM_BELOW,TREATED,1,100,1,15,POC,1,100,RTH_AFTERNOON,3atr,true
R05,APPROACH_FROM_BELOW,TREATED,4,50,8,15,POC,7,87.5,RTH_MIDDAY,3atr,true
R05,APPROACH_FROM_BELOW,TREATED,23,48.94,47,15,POC,38,80.85,RTH_MORNING,3atr,false
ALL_ANCHORS,APPROACH_FROM_ABOVE,C01_NEUTRAL,60,40.82,147,30,NONPOC,124,84.35,ALL_SESSIONS,3atr,false
ALL_ANCHORS,APPROACH_FROM_ABOVE,C01_NEUTRAL,5,25,20,30,NONPOC,17,85,ETH_EVENING,3atr,true
ALL_ANCHORS,APPROACH_FROM_ABOVE,C01_NEUTRAL,10,50,20,30,NONPOC,14,70,ETH_OVERNIGHT,3atr,true
ALL_ANCHORS,APPROACH_FROM_ABOVE,C01_NEUTRAL,2,33.33,6,30,NONPOC,4,66.67,RTH_AFTERNOON,3atr,true
ALL_ANCHORS,APPROACH_FROM_ABOVE,C01_NEUTRAL,2,18.18,11,30,NONPOC,10,90.91,RTH_MIDDAY,3atr,true
ALL_ANCHORS,APPROACH_FROM_ABOVE,C01_NEUTRAL,15,38.46,39,30,NONPOC,32,82.05,RTH_MORNING,3atr,false
ALL_ANCHORS,APPROACH_FROM_ABOVE,C01_NEUTRAL,26,50.98,51,30,NONPOC,47,92.16,RTH_OPEN,3atr,false
R01,APPROACH_FROM_ABOVE,C01_NEUTRAL,15,37.5,40,30,NONPOC,31,77.5,ALL_SESSIONS,3atr,false
R01,APPROACH_FROM_ABOVE,C01_NEUTRAL,5,25,20,30,NONPOC,17,85,ETH_EVENING,3atr,true
R01,APPROACH_FROM_ABOVE,C01_NEUTRAL,10,50,20,30,NONPOC,14,70,ETH_OVERNIGHT,3atr,true
R02,APPROACH_FROM_ABOVE,C01_NEUTRAL,15,38.46,39,30,NONPOC,37,94.87,ALL_SESSIONS,3atr,false
R02,APPROACH_FROM_ABOVE,C01_NEUTRAL,0,0,1,30,NONPOC,1,100,RTH_AFTERNOON,3atr,true
R02,APPROACH_FROM_ABOVE,C01_NEUTRAL,0,0,4,30,NONPOC,4,100,RTH_MIDDAY,3atr,true
R02,APPROACH_FROM_ABOVE,C01_NEUTRAL,3,37.5,8,30,NONPOC,7,87.5,RTH_MORNING,3atr,true
R02,APPROACH_FROM_ABOVE,C01_NEUTRAL,12,46.15,26,30,NONPOC,25,96.15,RTH_OPEN,3atr,true
R03,APPROACH_FROM_ABOVE,C01_NEUTRAL,14,43.75,32,30,NONPOC,27,84.38,ALL_SESSIONS,3atr,false
R03,APPROACH_FROM_ABOVE,C01_NEUTRAL,1,33.33,3,30,NONPOC,2,66.67,RTH_AFTERNOON,3atr,true
R03,APPROACH_FROM_ABOVE,C01_NEUTRAL,2,50,4,30,NONPOC,3,75,RTH_MIDDAY,3atr,true
R03,APPROACH_FROM_ABOVE,C01_NEUTRAL,0,0,3,30,NONPOC,3,100,RTH_MORNING,3atr,true
R03,APPROACH_FROM_ABOVE,C01_NEUTRAL,11,50,22,30,NONPOC,19,86.36,RTH_OPEN,3atr,true
R04,APPROACH_FROM_ABOVE,C01_NEUTRAL,4,66.67,6,30,NONPOC,6,100,ALL_SESSIONS,3atr,true
R04,APPROACH_FROM_ABOVE,C01_NEUTRAL,0,0,1,30,NONPOC,1,100,RTH_AFTERNOON,3atr,true
R04,APPROACH_FROM_ABOVE,C01_NEUTRAL,1,50,2,30,NONPOC,2,100,RTH_MORNING,3atr,true
R04,APPROACH_FROM_ABOVE,C01_NEUTRAL,3,100,3,30,NONPOC,3,100,RTH_OPEN,3atr,true
R05,APPROACH_FROM_ABOVE,C01_NEUTRAL,12,40,30,30,NONPOC,23,76.67,ALL_SESSIONS,3atr,false
R05,APPROACH_FROM_ABOVE,C01_NEUTRAL,1,100,1,30,NONPOC,0,0,RTH_AFTERNOON,3atr,true
R05,APPROACH_FROM_ABOVE,C01_NEUTRAL,0,0,3,30,NONPOC,3,100,RTH_MIDDAY,3atr,true
R05,APPROACH_FROM_ABOVE,C01_NEUTRAL,11,42.31,26,30,NONPOC,20,76.92,RTH_MORNING,3atr,true
ALL_ANCHORS,APPROACH_FROM_BELOW,C01_NEUTRAL,68,54.84,124,30,NONPOC,107,86.29,ALL_SESSIONS,3atr,false
ALL_ANCHORS,APPROACH_FROM_BELOW,C01_NEUTRAL,9,52.94,17,30,NONPOC,17,100,ETH_EVENING,3atr,true
ALL_ANCHORS,APPROACH_FROM_BELOW,C01_NEUTRAL,7,63.64,11,30,NONPOC,5,45.45,ETH_OVERNIGHT,3atr,true
ALL_ANCHORS,APPROACH_FROM_BELOW,C01_NEUTRAL,3,30,10,30,NONPOC,10,100,RTH_AFTERNOON,3atr,true
ALL_ANCHORS,APPROACH_FROM_BELOW,C01_NEUTRAL,10,62.5,16,30,NONPOC,13,81.25,RTH_MIDDAY,3atr,true
ALL_ANCHORS,APPROACH_FROM_BELOW,C01_NEUTRAL,15,55.56,27,30,NONPOC,22,81.48,RTH_MORNING,3atr,true
ALL_ANCHORS,APPROACH_FROM_BELOW,C01_NEUTRAL,24,55.81,43,30,NONPOC,40,93.02,RTH_OPEN,3atr,false
R01,APPROACH_FROM_BELOW,C01_NEUTRAL,16,57.14,28,30,NONPOC,22,78.57,ALL_SESSIONS,3atr,true
R01,APPROACH_FROM_BELOW,C01_NEUTRAL,9,52.94,17,30,NONPOC,17,100,ETH_EVENING,3atr,true
R01,APPROACH_FROM_BELOW,C01_NEUTRAL,7,63.64,11,30,NONPOC,5,45.45,ETH_OVERNIGHT,3atr,true
R02,APPROACH_FROM_BELOW,C01_NEUTRAL,19,54.29,35,30,NONPOC,28,80,ALL_SESSIONS,3atr,false
R02,APPROACH_FROM_BELOW,C01_NEUTRAL,0,0,3,30,NONPOC,3,100,RTH_AFTERNOON,3atr,true
R02,APPROACH_FROM_BELOW,C01_NEUTRAL,3,75,4,30,NONPOC,2,50,RTH_MIDDAY,3atr,true
R02,APPROACH_FROM_BELOW,C01_NEUTRAL,3,60,5,30,NONPOC,3,60,RTH_MORNING,3atr,true
R02,APPROACH_FROM_BELOW,C01_NEUTRAL,13,56.52,23,30,NONPOC,20,86.96,RTH_OPEN,3atr,true
R03,APPROACH_FROM_BELOW,C01_NEUTRAL,12,36.36,33,30,NONPOC,33,100,ALL_SESSIONS,3atr,false
R03,APPROACH_FROM_BELOW,C01_NEUTRAL,3,42.86,7,30,NONPOC,7,100,RTH_AFTERNOON,3atr,true
R03,APPROACH_FROM_BELOW,C01_NEUTRAL,1,33.33,3,30,NONPOC,3,100,RTH_MIDDAY,3atr,true
R03,APPROACH_FROM_BELOW,C01_NEUTRAL,0,0,7,30,NONPOC,7,100,RTH_MORNING,3atr,true
R03,APPROACH_FROM_BELOW,C01_NEUTRAL,8,50,16,30,NONPOC,16,100,RTH_OPEN,3atr,true
R04,APPROACH_FROM_BELOW,C01_NEUTRAL,4,66.67,6,30,NONPOC,6,100,ALL_SESSIONS,3atr,true
R04,APPROACH_FROM_BELOW,C01_NEUTRAL,1,100,1,30,NONPOC,1,100,RTH_MIDDAY,3atr,true
R04,APPROACH_FROM_BELOW,C01_NEUTRAL,0,0,1,30,NONPOC,1,100,RTH_MORNING,3atr,true
R04,APPROACH_FROM_BELOW,C01_NEUTRAL,3,75,4,30,NONPOC,4,100,RTH_OPEN,3atr,true
R05,APPROACH_FROM_BELOW,C01_NEUTRAL,17,77.27,22,30,NONPOC,18,81.82,ALL_SESSIONS,3atr,true
R05,APPROACH_FROM_BELOW,C01_NEUTRAL,5,62.5,8,30,NONPOC,7,87.5,RTH_MIDDAY,3atr,true
R05,APPROACH_FROM_BELOW,C01_NEUTRAL,12,85.71,14,30,NONPOC,11,78.57,RTH_MORNING,3atr,true
ALL_ANCHORS,APPROACH_FROM_ABOVE,C02_ACTIVITY_MATCHED,49,38.28,128,30,NONPOC,108,84.38,ALL_SESSIONS,3atr,false
ALL_ANCHORS,APPROACH_FROM_ABOVE,C02_ACTIVITY_MATCHED,5,26.32,19,30,NONPOC,17,89.47,ETH_EVENING,3atr,true
ALL_ANCHORS,APPROACH_FROM_ABOVE,C02_ACTIVITY_MATCHED,6,46.15,13,30,NONPOC,8,61.54,ETH_OVERNIGHT,3atr,true
ALL_ANCHORS,APPROACH_FROM_ABOVE,C02_ACTIVITY_MATCHED,1,20,5,30,NONPOC,4,80,RTH_AFTERNOON,3atr,true
ALL_ANCHORS,APPROACH_FROM_ABOVE,C02_ACTIVITY_MATCHED,6,66.67,9,30,NONPOC,8,88.89,RTH_MIDDAY,3atr,true
ALL_ANCHORS,APPROACH_FROM_ABOVE,C02_ACTIVITY_MATCHED,13,41.94,31,30,NONPOC,26,83.87,RTH_MORNING,3atr,false
ALL_ANCHORS,APPROACH_FROM_ABOVE,C02_ACTIVITY_MATCHED,18,35.29,51,30,NONPOC,45,88.24,RTH_OPEN,3atr,false
R01,APPROACH_FROM_ABOVE,C02_ACTIVITY_MATCHED,11,34.38,32,30,NONPOC,25,78.12,ALL_SESSIONS,3atr,false
R01,APPROACH_FROM_ABOVE,C02_ACTIVITY_MATCHED,5,26.32,19,30,NONPOC,17,89.47,ETH_EVENING,3atr,true
R01,APPROACH_FROM_ABOVE,C02_ACTIVITY_MATCHED,6,46.15,13,30,NONPOC,8,61.54,ETH_OVERNIGHT,3atr,true
R02,APPROACH_FROM_ABOVE,C02_ACTIVITY_MATCHED,13,37.14,35,30,NONPOC,30,85.71,ALL_SESSIONS,3atr,false
R02,APPROACH_FROM_ABOVE,C02_ACTIVITY_MATCHED,4,80,5,30,NONPOC,4,80,RTH_MIDDAY,3atr,true
R02,APPROACH_FROM_ABOVE,C02_ACTIVITY_MATCHED,1,14.29,7,30,NONPOC,7,100,RTH_MORNING,3atr,true
R02,APPROACH_FROM_ABOVE,C02_ACTIVITY_MATCHED,8,34.78,23,30,NONPOC,19,82.61,RTH_OPEN,3atr,true
R03,APPROACH_FROM_ABOVE,C02_ACTIVITY_MATCHED,14,45.16,31,30,NONPOC,29,93.55,ALL_SESSIONS,3atr,false
R03,APPROACH_FROM_ABOVE,C02_ACTIVITY_MATCHED,0,0,1,30,NONPOC,1,100,RTH_AFTERNOON,3atr,true
R03,APPROACH_FROM_ABOVE,C02_ACTIVITY_MATCHED,4,80,5,30,NONPOC,5,100,RTH_MORNING,3atr,true
R03,APPROACH_FROM_ABOVE,C02_ACTIVITY_MATCHED,10,40,25,30,NONPOC,23,92,RTH_OPEN,3atr,true
R04,APPROACH_FROM_ABOVE,C02_ACTIVITY_MATCHED,0,0,5,30,NONPOC,5,100,ALL_SESSIONS,3atr,true
R04,APPROACH_FROM_ABOVE,C02_ACTIVITY_MATCHED,0,0,1,30,NONPOC,1,100,RTH_AFTERNOON,3atr,true
R04,APPROACH_FROM_ABOVE,C02_ACTIVITY_MATCHED,0,0,1,30,NONPOC,1,100,RTH_MORNING,3atr,true
R04,APPROACH_FROM_ABOVE,C02_ACTIVITY_MATCHED,0,0,3,30,NONPOC,3,100,RTH_OPEN,3atr,true
R05,APPROACH_FROM_ABOVE,C02_ACTIVITY_MATCHED,11,44,25,30,NONPOC,19,76,ALL_SESSIONS,3atr,true
R05,APPROACH_FROM_ABOVE,C02_ACTIVITY_MATCHED,1,33.33,3,30,NONPOC,2,66.67,RTH_AFTERNOON,3atr,true
R05,APPROACH_FROM_ABOVE,C02_ACTIVITY_MATCHED,2,50,4,30,NONPOC,4,100,RTH_MIDDAY,3atr,true
R05,APPROACH_FROM_ABOVE,C02_ACTIVITY_MATCHED,8,44.44,18,30,NONPOC,13,72.22,RTH_MORNING,3atr,true
ALL_ANCHORS,APPROACH_FROM_BELOW,C02_ACTIVITY_MATCHED,61,57.01,107,30,NONPOC,92,85.98,ALL_SESSIONS,3atr,false
ALL_ANCHORS,APPROACH_FROM_BELOW,C02_ACTIVITY_MATCHED,9,56.25,16,30,NONPOC,12,75,ETH_EVENING,3atr,true
ALL_ANCHORS,APPROACH_FROM_BELOW,C02_ACTIVITY_MATCHED,6,66.67,9,30,NONPOC,5,55.56,ETH_OVERNIGHT,3atr,true
ALL_ANCHORS,APPROACH_FROM_BELOW,C02_ACTIVITY_MATCHED,4,40,10,30,NONPOC,9,90,RTH_AFTERNOON,3atr,true
ALL_ANCHORS,APPROACH_FROM_BELOW,C02_ACTIVITY_MATCHED,6,50,12,30,NONPOC,11,91.67,RTH_MIDDAY,3atr,true
ALL_ANCHORS,APPROACH_FROM_BELOW,C02_ACTIVITY_MATCHED,12,57.14,21,30,NONPOC,18,85.71,RTH_MORNING,3atr,true
ALL_ANCHORS,APPROACH_FROM_BELOW,C02_ACTIVITY_MATCHED,24,61.54,39,30,NONPOC,37,94.87,RTH_OPEN,3atr,false
R01,APPROACH_FROM_BELOW,C02_ACTIVITY_MATCHED,15,60,25,30,NONPOC,17,68,ALL_SESSIONS,3atr,true
R01,APPROACH_FROM_BELOW,C02_ACTIVITY_MATCHED,9,56.25,16,30,NONPOC,12,75,ETH_EVENING,3atr,true
R01,APPROACH_FROM_BELOW,C02_ACTIVITY_MATCHED,6,66.67,9,30,NONPOC,5,55.56,ETH_OVERNIGHT,3atr,true
R02,APPROACH_FROM_BELOW,C02_ACTIVITY_MATCHED,15,50,30,30,NONPOC,28,93.33,ALL_SESSIONS,3atr,false
R02,APPROACH_FROM_BELOW,C02_ACTIVITY_MATCHED,1,25,4,30,NONPOC,4,100,RTH_AFTERNOON,3atr,true
R02,APPROACH_FROM_BELOW,C02_ACTIVITY_MATCHED,1,100,1,30,NONPOC,0,0,RTH_MIDDAY,3atr,true
R02,APPROACH_FROM_BELOW,C02_ACTIVITY_MATCHED,3,75,4,30,NONPOC,4,100,RTH_MORNING,3atr,true
R02,APPROACH_FROM_BELOW,C02_ACTIVITY_MATCHED,10,47.62,21,30,NONPOC,20,95.24,RTH_OPEN,3atr,true
R03,APPROACH_FROM_BELOW,C02_ACTIVITY_MATCHED,15,57.69,26,30,NONPOC,25,96.15,ALL_SESSIONS,3atr,true
R03,APPROACH_FROM_BELOW,C02_ACTIVITY_MATCHED,2,40,5,30,NONPOC,4,80,RTH_AFTERNOON,3atr,true
R03,APPROACH_FROM_BELOW,C02_ACTIVITY_MATCHED,1,33.33,3,30,NONPOC,3,100,RTH_MIDDAY,3atr,true
R03,APPROACH_FROM_BELOW,C02_ACTIVITY_MATCHED,2,50,4,30,NONPOC,4,100,RTH_MORNING,3atr,true
R03,APPROACH_FROM_BELOW,C02_ACTIVITY_MATCHED,10,71.43,14,30,NONPOC,14,100,RTH_OPEN,3atr,true
R04,APPROACH_FROM_BELOW,C02_ACTIVITY_MATCHED,4,66.67,6,30,NONPOC,5,83.33,ALL_SESSIONS,3atr,true
R04,APPROACH_FROM_BELOW,C02_ACTIVITY_MATCHED,0,0,1,30,NONPOC,1,100,RTH_MIDDAY,3atr,true
R04,APPROACH_FROM_BELOW,C02_ACTIVITY_MATCHED,0,0,1,30,NONPOC,1,100,RTH_MORNING,3atr,true
R04,APPROACH_FROM_BELOW,C02_ACTIVITY_MATCHED,4,100,4,30,NONPOC,3,75,RTH_OPEN,3atr,true
R05,APPROACH_FROM_BELOW,C02_ACTIVITY_MATCHED,12,60,20,30,NONPOC,17,85,ALL_SESSIONS,3atr,true
R05,APPROACH_FROM_BELOW,C02_ACTIVITY_MATCHED,1,100,1,30,NONPOC,1,100,RTH_AFTERNOON,3atr,true
R05,APPROACH_FROM_BELOW,C02_ACTIVITY_MATCHED,4,57.14,7,30,NONPOC,7,100,RTH_MIDDAY,3atr,true
R05,APPROACH_FROM_BELOW,C02_ACTIVITY_MATCHED,7,58.33,12,30,NONPOC,9,75,RTH_MORNING,3atr,true
ALL_ANCHORS,APPROACH_FROM_ABOVE,TREATED,61,44.85,136,30,NONPOC,119,87.5,ALL_SESSIONS,3atr,false
ALL_ANCHORS,APPROACH_FROM_ABOVE,TREATED,5,29.41,17,30,NONPOC,15,88.24,ETH_EVENING,3atr,true
ALL_ANCHORS,APPROACH_FROM_ABOVE,TREATED,8,47.06,17,30,NONPOC,11,64.71,ETH_OVERNIGHT,3atr,true
ALL_ANCHORS,APPROACH_FROM_ABOVE,TREATED,2,50,4,30,NONPOC,2,50,RTH_AFTERNOON,3atr,true
ALL_ANCHORS,APPROACH_FROM_ABOVE,TREATED,3,25,12,30,NONPOC,12,100,RTH_MIDDAY,3atr,true
ALL_ANCHORS,APPROACH_FROM_ABOVE,TREATED,16,47.06,34,30,NONPOC,29,85.29,RTH_MORNING,3atr,false
ALL_ANCHORS,APPROACH_FROM_ABOVE,TREATED,27,51.92,52,30,NONPOC,50,96.15,RTH_OPEN,3atr,false
R01,APPROACH_FROM_ABOVE,TREATED,13,38.24,34,30,NONPOC,26,76.47,ALL_SESSIONS,3atr,false
R01,APPROACH_FROM_ABOVE,TREATED,5,29.41,17,30,NONPOC,15,88.24,ETH_EVENING,3atr,true
R01,APPROACH_FROM_ABOVE,TREATED,8,47.06,17,30,NONPOC,11,64.71,ETH_OVERNIGHT,3atr,true
R02,APPROACH_FROM_ABOVE,TREATED,19,46.34,41,30,NONPOC,39,95.12,ALL_SESSIONS,3atr,false
R02,APPROACH_FROM_ABOVE,TREATED,2,40,5,30,NONPOC,5,100,RTH_MIDDAY,3atr,true
R02,APPROACH_FROM_ABOVE,TREATED,4,44.44,9,30,NONPOC,7,77.78,RTH_MORNING,3atr,true
R02,APPROACH_FROM_ABOVE,TREATED,13,48.15,27,30,NONPOC,27,100,RTH_OPEN,3atr,true
R03,APPROACH_FROM_ABOVE,TREATED,15,48.39,31,30,NONPOC,28,90.32,ALL_SESSIONS,3atr,false
R03,APPROACH_FROM_ABOVE,TREATED,1,50,2,30,NONPOC,1,50,RTH_AFTERNOON,3atr,true
R03,APPROACH_FROM_ABOVE,TREATED,1,25,4,30,NONPOC,4,100,RTH_MIDDAY,3atr,true
R03,APPROACH_FROM_ABOVE,TREATED,1,33.33,3,30,NONPOC,3,100,RTH_MORNING,3atr,true
R03,APPROACH_FROM_ABOVE,TREATED,12,54.55,22,30,NONPOC,20,90.91,RTH_OPEN,3atr,true
R04,APPROACH_FROM_ABOVE,TREATED,3,50,6,30,NONPOC,6,100,ALL_SESSIONS,3atr,true
R04,APPROACH_FROM_ABOVE,TREATED,0,0,1,30,NONPOC,1,100,RTH_AFTERNOON,3atr,true
R04,APPROACH_FROM_ABOVE,TREATED,1,50,2,30,NONPOC,2,100,RTH_MORNING,3atr,true
R04,APPROACH_FROM_ABOVE,TREATED,2,66.67,3,30,NONPOC,3,100,RTH_OPEN,3atr,true
R05,APPROACH_FROM_ABOVE,TREATED,11,45.83,24,30,NONPOC,20,83.33,ALL_SESSIONS,3atr,true
R05,APPROACH_FROM_ABOVE,TREATED,1,100,1,30,NONPOC,0,0,RTH_AFTERNOON,3atr,true
R05,APPROACH_FROM_ABOVE,TREATED,0,0,3,30,NONPOC,3,100,RTH_MIDDAY,3atr,true
R05,APPROACH_FROM_ABOVE,TREATED,10,50,20,30,NONPOC,17,85,RTH_MORNING,3atr,true
ALL_ANCHORS,APPROACH_FROM_BELOW,TREATED,62,50,124,30,NONPOC,114,91.94,ALL_SESSIONS,3atr,false
ALL_ANCHORS,APPROACH_FROM_BELOW,TREATED,12,70.59,17,30,NONPOC,17,100,ETH_EVENING,3atr,true
ALL_ANCHORS,APPROACH_FROM_BELOW,TREATED,3,42.86,7,30,NONPOC,4,57.14,ETH_OVERNIGHT,3atr,true
ALL_ANCHORS,APPROACH_FROM_BELOW,TREATED,4,40,10,30,NONPOC,10,100,RTH_AFTERNOON,3atr,true
ALL_ANCHORS,APPROACH_FROM_BELOW,TREATED,8,50,16,30,NONPOC,11,68.75,RTH_MIDDAY,3atr,true
ALL_ANCHORS,APPROACH_FROM_BELOW,TREATED,14,56,25,30,NONPOC,24,96,RTH_MORNING,3atr,true
ALL_ANCHORS,APPROACH_FROM_BELOW,TREATED,21,42.86,49,30,NONPOC,48,97.96,RTH_OPEN,3atr,false
R01,APPROACH_FROM_BELOW,TREATED,15,62.5,24,30,NONPOC,21,87.5,ALL_SESSIONS,3atr,true
R01,APPROACH_FROM_BELOW,TREATED,12,70.59,17,30,NONPOC,17,100,ETH_EVENING,3atr,true
R01,APPROACH_FROM_BELOW,TREATED,3,42.86,7,30,NONPOC,4,57.14,ETH_OVERNIGHT,3atr,true
R02,APPROACH_FROM_BELOW,TREATED,18,47.37,38,30,NONPOC,35,92.11,ALL_SESSIONS,3atr,false
R02,APPROACH_FROM_BELOW,TREATED,1,33.33,3,30,NONPOC,3,100,RTH_AFTERNOON,3atr,true
R02,APPROACH_FROM_BELOW,TREATED,2,66.67,3,30,NONPOC,1,33.33,RTH_MIDDAY,3atr,true
R02,APPROACH_FROM_BELOW,TREATED,3,60,5,30,NONPOC,5,100,RTH_MORNING,3atr,true
R02,APPROACH_FROM_BELOW,TREATED,12,44.44,27,30,NONPOC,26,96.3,RTH_OPEN,3atr,true
R03,APPROACH_FROM_BELOW,TREATED,11,33.33,33,30,NONPOC,32,96.97,ALL_SESSIONS,3atr,false
R03,APPROACH_FROM_BELOW,TREATED,3,42.86,7,30,NONPOC,7,100,RTH_AFTERNOON,3atr,true
R03,APPROACH_FROM_BELOW,TREATED,1,33.33,3,30,NONPOC,2,66.67,RTH_MIDDAY,3atr,true
R03,APPROACH_FROM_BELOW,TREATED,1,16.67,6,30,NONPOC,6,100,RTH_MORNING,3atr,true
R03,APPROACH_FROM_BELOW,TREATED,6,35.29,17,30,NONPOC,17,100,RTH_OPEN,3atr,true
R04,APPROACH_FROM_BELOW,TREATED,4,57.14,7,30,NONPOC,7,100,ALL_SESSIONS,3atr,true
R04,APPROACH_FROM_BELOW,TREATED,1,100,1,30,NONPOC,1,100,RTH_MIDDAY,3atr,true
R04,APPROACH_FROM_BELOW,TREATED,0,0,1,30,NONPOC,1,100,RTH_MORNING,3atr,true
R04,APPROACH_FROM_BELOW,TREATED,3,60,5,30,NONPOC,5,100,RTH_OPEN,3atr,true
R05,APPROACH_FROM_BELOW,TREATED,14,63.64,22,30,NONPOC,19,86.36,ALL_SESSIONS,3atr,true
R05,APPROACH_FROM_BELOW,TREATED,4,44.44,9,30,NONPOC,7,77.78,RTH_MIDDAY,3atr,true
R05,APPROACH_FROM_BELOW,TREATED,10,76.92,13,30,NONPOC,12,92.31,RTH_MORNING,3atr,true
ALL_ANCHORS,APPROACH_FROM_ABOVE,C01_NEUTRAL,132,48,275,30,POC,226,82.18,ALL_SESSIONS,3atr,false
ALL_ANCHORS,APPROACH_FROM_ABOVE,C01_NEUTRAL,19,59.38,32,30,POC,21,65.62,ETH_EVENING,3atr,false
ALL_ANCHORS,APPROACH_FROM_ABOVE,C01_NEUTRAL,13,52,25,30,POC,18,72,ETH_OVERNIGHT,3atr,true
ALL_ANCHORS,APPROACH_FROM_ABOVE,C01_NEUTRAL,8,50,16,30,POC,13,81.25,RTH_AFTERNOON,3atr,true
ALL_ANCHORS,APPROACH_FROM_ABOVE,C01_NEUTRAL,11,45.83,24,30,POC,19,79.17,RTH_MIDDAY,3atr,true
ALL_ANCHORS,APPROACH_FROM_ABOVE,C01_NEUTRAL,37,50.68,73,30,POC,57,78.08,RTH_MORNING,3atr,false
ALL_ANCHORS,APPROACH_FROM_ABOVE,C01_NEUTRAL,44,41.9,105,30,POC,98,93.33,RTH_OPEN,3atr,false
R01,APPROACH_FROM_ABOVE,C01_NEUTRAL,32,56.14,57,30,POC,39,68.42,ALL_SESSIONS,3atr,false
R01,APPROACH_FROM_ABOVE,C01_NEUTRAL,19,59.38,32,30,POC,21,65.62,ETH_EVENING,3atr,false
R01,APPROACH_FROM_ABOVE,C01_NEUTRAL,13,52,25,30,POC,18,72,ETH_OVERNIGHT,3atr,true
R02,APPROACH_FROM_ABOVE,C01_NEUTRAL,17,42.5,40,30,POC,38,95,ALL_SESSIONS,3atr,false
R02,APPROACH_FROM_ABOVE,C01_NEUTRAL,1,50,2,30,POC,2,100,RTH_AFTERNOON,3atr,true
R02,APPROACH_FROM_ABOVE,C01_NEUTRAL,3,37.5,8,30,POC,7,87.5,RTH_MIDDAY,3atr,true
R02,APPROACH_FROM_ABOVE,C01_NEUTRAL,5,62.5,8,30,POC,8,100,RTH_MORNING,3atr,true
R02,APPROACH_FROM_ABOVE,C01_NEUTRAL,8,36.36,22,30,POC,21,95.45,RTH_OPEN,3atr,true
R03,APPROACH_FROM_ABOVE,C01_NEUTRAL,27,48.21,56,30,POC,50,89.29,ALL_SESSIONS,3atr,false
R03,APPROACH_FROM_ABOVE,C01_NEUTRAL,1,25,4,30,POC,4,100,RTH_AFTERNOON,3atr,true
R03,APPROACH_FROM_ABOVE,C01_NEUTRAL,3,75,4,30,POC,3,75,RTH_MIDDAY,3atr,true
R03,APPROACH_FROM_ABOVE,C01_NEUTRAL,4,44.44,9,30,POC,8,88.89,RTH_MORNING,3atr,true
R03,APPROACH_FROM_ABOVE,C01_NEUTRAL,19,48.72,39,30,POC,35,89.74,RTH_OPEN,3atr,false
R04,APPROACH_FROM_ABOVE,C01_NEUTRAL,24,41.38,58,30,POC,54,93.1,ALL_SESSIONS,3atr,false
R04,APPROACH_FROM_ABOVE,C01_NEUTRAL,1,25,4,30,POC,4,100,RTH_AFTERNOON,3atr,true
R04,APPROACH_FROM_ABOVE,C01_NEUTRAL,1,50,2,30,POC,1,50,RTH_MIDDAY,3atr,true
R04,APPROACH_FROM_ABOVE,C01_NEUTRAL,5,62.5,8,30,POC,7,87.5,RTH_MORNING,3atr,true
R04,APPROACH_FROM_ABOVE,C01_NEUTRAL,17,38.64,44,30,POC,42,95.45,RTH_OPEN,3atr,false
R05,APPROACH_FROM_ABOVE,C01_NEUTRAL,32,50,64,30,POC,45,70.31,ALL_SESSIONS,3atr,false
R05,APPROACH_FROM_ABOVE,C01_NEUTRAL,5,83.33,6,30,POC,3,50,RTH_AFTERNOON,3atr,true
R05,APPROACH_FROM_ABOVE,C01_NEUTRAL,4,40,10,30,POC,8,80,RTH_MIDDAY,3atr,true
R05,APPROACH_FROM_ABOVE,C01_NEUTRAL,23,47.92,48,30,POC,34,70.83,RTH_MORNING,3atr,false
ALL_ANCHORS,APPROACH_FROM_BELOW,C01_NEUTRAL,111,48.9,227,30,POC,200,88.11,ALL_SESSIONS,3atr,false
ALL_ANCHORS,APPROACH_FROM_BELOW,C01_NEUTRAL,12,52.17,23,30,POC,18,78.26,ETH_EVENING,3atr,true
ALL_ANCHORS,APPROACH_FROM_BELOW,C01_NEUTRAL,8,40,20,30,POC,15,75,ETH_OVERNIGHT,3atr,true
ALL_ANCHORS,APPROACH_FROM_BELOW,C01_NEUTRAL,2,40,5,30,POC,3,60,RTH_AFTERNOON,3atr,true
ALL_ANCHORS,APPROACH_FROM_BELOW,C01_NEUTRAL,6,33.33,18,30,POC,16,88.89,RTH_MIDDAY,3atr,true
ALL_ANCHORS,APPROACH_FROM_BELOW,C01_NEUTRAL,31,43.66,71,30,POC,64,90.14,RTH_MORNING,3atr,false
ALL_ANCHORS,APPROACH_FROM_BELOW,C01_NEUTRAL,52,57.78,90,30,POC,84,93.33,RTH_OPEN,3atr,false
R01,APPROACH_FROM_BELOW,C01_NEUTRAL,20,46.51,43,30,POC,33,76.74,ALL_SESSIONS,3atr,false
R01,APPROACH_FROM_BELOW,C01_NEUTRAL,12,52.17,23,30,POC,18,78.26,ETH_EVENING,3atr,true
R01,APPROACH_FROM_BELOW,C01_NEUTRAL,8,40,20,30,POC,15,75,ETH_OVERNIGHT,3atr,true
R02,APPROACH_FROM_BELOW,C01_NEUTRAL,28,58.33,48,30,POC,42,87.5,ALL_SESSIONS,3atr,false
R02,APPROACH_FROM_BELOW,C01_NEUTRAL,2,100,2,30,POC,0,0,RTH_AFTERNOON,3atr,true
R02,APPROACH_FROM_BELOW,C01_NEUTRAL,4,66.67,6,30,POC,4,66.67,RTH_MIDDAY,3atr,true
R02,APPROACH_FROM_BELOW,C01_NEUTRAL,6,54.55,11,30,POC,11,100,RTH_MORNING,3atr,true
R02,APPROACH_FROM_BELOW,C01_NEUTRAL,16,55.17,29,30,POC,27,93.1,RTH_OPEN,3atr,true
R03,APPROACH_FROM_BELOW,C01_NEUTRAL,20,48.78,41,30,POC,40,97.56,ALL_SESSIONS,3atr,false
R03,APPROACH_FROM_BELOW,C01_NEUTRAL,0,0,2,30,POC,2,100,RTH_AFTERNOON,3atr,true
R03,APPROACH_FROM_BELOW,C01_NEUTRAL,0,0,3,30,POC,3,100,RTH_MIDDAY,3atr,true
R03,APPROACH_FROM_BELOW,C01_NEUTRAL,4,57.14,7,30,POC,7,100,RTH_MORNING,3atr,true
R03,APPROACH_FROM_BELOW,C01_NEUTRAL,16,55.17,29,30,POC,28,96.55,RTH_OPEN,3atr,true
R04,APPROACH_FROM_BELOW,C01_NEUTRAL,26,63.41,41,30,POC,38,92.68,ALL_SESSIONS,3atr,false
R04,APPROACH_FROM_BELOW,C01_NEUTRAL,1,50,2,30,POC,2,100,RTH_MIDDAY,3atr,true
R04,APPROACH_FROM_BELOW,C01_NEUTRAL,5,71.43,7,30,POC,7,100,RTH_MORNING,3atr,true
R04,APPROACH_FROM_BELOW,C01_NEUTRAL,20,62.5,32,30,POC,29,90.62,RTH_OPEN,3atr,false
R05,APPROACH_FROM_BELOW,C01_NEUTRAL,17,31.48,54,30,POC,47,87.04,ALL_SESSIONS,3atr,false
R05,APPROACH_FROM_BELOW,C01_NEUTRAL,0,0,1,30,POC,1,100,RTH_AFTERNOON,3atr,true
R05,APPROACH_FROM_BELOW,C01_NEUTRAL,1,14.29,7,30,POC,7,100,RTH_MIDDAY,3atr,true
R05,APPROACH_FROM_BELOW,C01_NEUTRAL,16,34.78,46,30,POC,39,84.78,RTH_MORNING,3atr,false
ALL_ANCHORS,APPROACH_FROM_ABOVE,C02_ACTIVITY_MATCHED,98,54.44,180,30,POC,149,82.78,ALL_SESSIONS,3atr,false
ALL_ANCHORS,APPROACH_FROM_ABOVE,C02_ACTIVITY_MATCHED,13,59.09,22,30,POC,14,63.64,ETH_EVENING,3atr,true
ALL_ANCHORS,APPROACH_FROM_ABOVE,C02_ACTIVITY_MATCHED,11,84.62,13,30,POC,10,76.92,ETH_OVERNIGHT,3atr,true
ALL_ANCHORS,APPROACH_FROM_ABOVE,C02_ACTIVITY_MATCHED,4,40,10,30,POC,9,90,RTH_AFTERNOON,3atr,true
ALL_ANCHORS,APPROACH_FROM_ABOVE,C02_ACTIVITY_MATCHED,13,65,20,30,POC,13,65,RTH_MIDDAY,3atr,true
ALL_ANCHORS,APPROACH_FROM_ABOVE,C02_ACTIVITY_MATCHED,24,57.14,42,30,POC,34,80.95,RTH_MORNING,3atr,false
ALL_ANCHORS,APPROACH_FROM_ABOVE,C02_ACTIVITY_MATCHED,33,45.21,73,30,POC,69,94.52,RTH_OPEN,3atr,false
R01,APPROACH_FROM_ABOVE,C02_ACTIVITY_MATCHED,24,68.57,35,30,POC,24,68.57,ALL_SESSIONS,3atr,false
R01,APPROACH_FROM_ABOVE,C02_ACTIVITY_MATCHED,13,59.09,22,30,POC,14,63.64,ETH_EVENING,3atr,true
R01,APPROACH_FROM_ABOVE,C02_ACTIVITY_MATCHED,11,84.62,13,30,POC,10,76.92,ETH_OVERNIGHT,3atr,true
R02,APPROACH_FROM_ABOVE,C02_ACTIVITY_MATCHED,16,48.48,33,30,POC,28,84.85,ALL_SESSIONS,3atr,false
R02,APPROACH_FROM_ABOVE,C02_ACTIVITY_MATCHED,1,100,1,30,POC,1,100,RTH_AFTERNOON,3atr,true
R02,APPROACH_FROM_ABOVE,C02_ACTIVITY_MATCHED,3,50,6,30,POC,4,66.67,RTH_MIDDAY,3atr,true
R02,APPROACH_FROM_ABOVE,C02_ACTIVITY_MATCHED,3,75,4,30,POC,3,75,RTH_MORNING,3atr,true
R02,APPROACH_FROM_ABOVE,C02_ACTIVITY_MATCHED,9,40.91,22,30,POC,20,90.91,RTH_OPEN,3atr,true
R03,APPROACH_FROM_ABOVE,C02_ACTIVITY_MATCHED,13,43.33,30,30,POC,27,90,ALL_SESSIONS,3atr,false
R03,APPROACH_FROM_ABOVE,C02_ACTIVITY_MATCHED,0,0,2,30,POC,2,100,RTH_AFTERNOON,3atr,true
R03,APPROACH_FROM_ABOVE,C02_ACTIVITY_MATCHED,2,100,2,30,POC,1,50,RTH_MIDDAY,3atr,true
R03,APPROACH_FROM_ABOVE,C02_ACTIVITY_MATCHED,3,75,4,30,POC,3,75,RTH_MORNING,3atr,true
R03,APPROACH_FROM_ABOVE,C02_ACTIVITY_MATCHED,8,36.36,22,30,POC,21,95.45,RTH_OPEN,3atr,true
R04,APPROACH_FROM_ABOVE,C02_ACTIVITY_MATCHED,23,57.5,40,30,POC,38,95,ALL_SESSIONS,3atr,false
R04,APPROACH_FROM_ABOVE,C02_ACTIVITY_MATCHED,2,40,5,30,POC,5,100,RTH_AFTERNOON,3atr,true
R04,APPROACH_FROM_ABOVE,C02_ACTIVITY_MATCHED,2,100,2,30,POC,1,50,RTH_MIDDAY,3atr,true
R04,APPROACH_FROM_ABOVE,C02_ACTIVITY_MATCHED,3,75,4,30,POC,4,100,RTH_MORNING,3atr,true
R04,APPROACH_FROM_ABOVE,C02_ACTIVITY_MATCHED,16,55.17,29,30,POC,28,96.55,RTH_OPEN,3atr,true
R05,APPROACH_FROM_ABOVE,C02_ACTIVITY_MATCHED,22,52.38,42,30,POC,32,76.19,ALL_SESSIONS,3atr,false
R05,APPROACH_FROM_ABOVE,C02_ACTIVITY_MATCHED,1,50,2,30,POC,1,50,RTH_AFTERNOON,3atr,true
R05,APPROACH_FROM_ABOVE,C02_ACTIVITY_MATCHED,6,60,10,30,POC,7,70,RTH_MIDDAY,3atr,true
R05,APPROACH_FROM_ABOVE,C02_ACTIVITY_MATCHED,15,50,30,30,POC,24,80,RTH_MORNING,3atr,false
ALL_ANCHORS,APPROACH_FROM_BELOW,C02_ACTIVITY_MATCHED,91,45.05,202,30,POC,180,89.11,ALL_SESSIONS,3atr,false
ALL_ANCHORS,APPROACH_FROM_BELOW,C02_ACTIVITY_MATCHED,13,56.52,23,30,POC,15,65.22,ETH_EVENING,3atr,true
ALL_ANCHORS,APPROACH_FROM_BELOW,C02_ACTIVITY_MATCHED,6,40,15,30,POC,12,80,ETH_OVERNIGHT,3atr,true
ALL_ANCHORS,APPROACH_FROM_BELOW,C02_ACTIVITY_MATCHED,2,66.67,3,30,POC,1,33.33,RTH_AFTERNOON,3atr,true
ALL_ANCHORS,APPROACH_FROM_BELOW,C02_ACTIVITY_MATCHED,3,21.43,14,30,POC,12,85.71,RTH_MIDDAY,3atr,true
ALL_ANCHORS,APPROACH_FROM_BELOW,C02_ACTIVITY_MATCHED,32,49.23,65,30,POC,60,92.31,RTH_MORNING,3atr,false
ALL_ANCHORS,APPROACH_FROM_BELOW,C02_ACTIVITY_MATCHED,35,42.68,82,30,POC,80,97.56,RTH_OPEN,3atr,false
R01,APPROACH_FROM_BELOW,C02_ACTIVITY_MATCHED,19,50,38,30,POC,27,71.05,ALL_SESSIONS,3atr,false
R01,APPROACH_FROM_BELOW,C02_ACTIVITY_MATCHED,13,56.52,23,30,POC,15,65.22,ETH_EVENING,3atr,true
R01,APPROACH_FROM_BELOW,C02_ACTIVITY_MATCHED,6,40,15,30,POC,12,80,ETH_OVERNIGHT,3atr,true
R02,APPROACH_FROM_BELOW,C02_ACTIVITY_MATCHED,17,51.52,33,30,POC,30,90.91,ALL_SESSIONS,3atr,false
R02,APPROACH_FROM_BELOW,C02_ACTIVITY_MATCHED,2,50,4,30,POC,3,75,RTH_MIDDAY,3atr,true
R02,APPROACH_FROM_BELOW,C02_ACTIVITY_MATCHED,6,66.67,9,30,POC,8,88.89,RTH_MORNING,3atr,true
R02,APPROACH_FROM_BELOW,C02_ACTIVITY_MATCHED,9,45,20,30,POC,19,95,RTH_OPEN,3atr,true
R03,APPROACH_FROM_BELOW,C02_ACTIVITY_MATCHED,13,34.21,38,30,POC,37,97.37,ALL_SESSIONS,3atr,false
R03,APPROACH_FROM_BELOW,C02_ACTIVITY_MATCHED,0,0,1,30,POC,1,100,RTH_AFTERNOON,3atr,true
R03,APPROACH_FROM_BELOW,C02_ACTIVITY_MATCHED,0,0,2,30,POC,2,100,RTH_MIDDAY,3atr,true
R03,APPROACH_FROM_BELOW,C02_ACTIVITY_MATCHED,2,28.57,7,30,POC,7,100,RTH_MORNING,3atr,true
R03,APPROACH_FROM_BELOW,C02_ACTIVITY_MATCHED,11,39.29,28,30,POC,27,96.43,RTH_OPEN,3atr,true
R04,APPROACH_FROM_BELOW,C02_ACTIVITY_MATCHED,18,41.86,43,30,POC,43,100,ALL_SESSIONS,3atr,false
R04,APPROACH_FROM_BELOW,C02_ACTIVITY_MATCHED,0,0,1,30,POC,1,100,RTH_MIDDAY,3atr,true
R04,APPROACH_FROM_BELOW,C02_ACTIVITY_MATCHED,3,37.5,8,30,POC,8,100,RTH_MORNING,3atr,true
R04,APPROACH_FROM_BELOW,C02_ACTIVITY_MATCHED,15,44.12,34,30,POC,34,100,RTH_OPEN,3atr,false
R05,APPROACH_FROM_BELOW,C02_ACTIVITY_MATCHED,24,48,50,30,POC,43,86,ALL_SESSIONS,3atr,false
R05,APPROACH_FROM_BELOW,C02_ACTIVITY_MATCHED,2,100,2,30,POC,0,0,RTH_AFTERNOON,3atr,true
R05,APPROACH_FROM_BELOW,C02_ACTIVITY_MATCHED,1,14.29,7,30,POC,6,85.71,RTH_MIDDAY,3atr,true
R05,APPROACH_FROM_BELOW,C02_ACTIVITY_MATCHED,21,51.22,41,30,POC,37,90.24,RTH_MORNING,3atr,false
ALL_ANCHORS,APPROACH_FROM_ABOVE,TREATED,118,47.77,247,30,POC,208,84.21,ALL_SESSIONS,3atr,false
ALL_ANCHORS,APPROACH_FROM_ABOVE,TREATED,15,42.86,35,30,POC,28,80,ETH_EVENING,3atr,false
ALL_ANCHORS,APPROACH_FROM_ABOVE,TREATED,16,80,20,30,POC,13,65,ETH_OVERNIGHT,3atr,true
ALL_ANCHORS,APPROACH_FROM_ABOVE,TREATED,6,42.86,14,30,POC,11,78.57,RTH_AFTERNOON,3atr,true
ALL_ANCHORS,APPROACH_FROM_ABOVE,TREATED,12,50,24,30,POC,19,79.17,RTH_MIDDAY,3atr,true
ALL_ANCHORS,APPROACH_FROM_ABOVE,TREATED,27,47.37,57,30,POC,48,84.21,RTH_MORNING,3atr,false
ALL_ANCHORS,APPROACH_FROM_ABOVE,TREATED,42,43.3,97,30,POC,89,91.75,RTH_OPEN,3atr,false
R01,APPROACH_FROM_ABOVE,TREATED,31,56.36,55,30,POC,41,74.55,ALL_SESSIONS,3atr,false
R01,APPROACH_FROM_ABOVE,TREATED,15,42.86,35,30,POC,28,80,ETH_EVENING,3atr,false
R01,APPROACH_FROM_ABOVE,TREATED,16,80,20,30,POC,13,65,ETH_OVERNIGHT,3atr,true
R02,APPROACH_FROM_ABOVE,TREATED,17,39.53,43,30,POC,35,81.4,ALL_SESSIONS,3atr,false
R02,APPROACH_FROM_ABOVE,TREATED,3,75,4,30,POC,1,25,RTH_AFTERNOON,3atr,true
R02,APPROACH_FROM_ABOVE,TREATED,3,42.86,7,30,POC,6,85.71,RTH_MIDDAY,3atr,true
R02,APPROACH_FROM_ABOVE,TREATED,2,28.57,7,30,POC,6,85.71,RTH_MORNING,3atr,true
R02,APPROACH_FROM_ABOVE,TREATED,9,36,25,30,POC,22,88,RTH_OPEN,3atr,true
R03,APPROACH_FROM_ABOVE,TREATED,22,45.83,48,30,POC,43,89.58,ALL_SESSIONS,3atr,false
R03,APPROACH_FROM_ABOVE,TREATED,1,33.33,3,30,POC,3,100,RTH_AFTERNOON,3atr,true
R03,APPROACH_FROM_ABOVE,TREATED,2,50,4,30,POC,3,75,RTH_MIDDAY,3atr,true
R03,APPROACH_FROM_ABOVE,TREATED,4,57.14,7,30,POC,6,85.71,RTH_MORNING,3atr,true
R03,APPROACH_FROM_ABOVE,TREATED,15,44.12,34,30,POC,31,91.18,RTH_OPEN,3atr,false
R04,APPROACH_FROM_ABOVE,TREATED,23,46.94,49,30,POC,45,91.84,ALL_SESSIONS,3atr,false
R04,APPROACH_FROM_ABOVE,TREATED,0,0,3,30,POC,3,100,RTH_AFTERNOON,3atr,true
R04,APPROACH_FROM_ABOVE,TREATED,1,50,2,30,POC,1,50,RTH_MIDDAY,3atr,true
R04,APPROACH_FROM_ABOVE,TREATED,4,66.67,6,30,POC,5,83.33,RTH_MORNING,3atr,true
R04,APPROACH_FROM_ABOVE,TREATED,18,47.37,38,30,POC,36,94.74,RTH_OPEN,3atr,false
R05,APPROACH_FROM_ABOVE,TREATED,25,48.08,52,30,POC,44,84.62,ALL_SESSIONS,3atr,false
R05,APPROACH_FROM_ABOVE,TREATED,2,50,4,30,POC,4,100,RTH_AFTERNOON,3atr,true
R05,APPROACH_FROM_ABOVE,TREATED,6,54.55,11,30,POC,9,81.82,RTH_MIDDAY,3atr,true
R05,APPROACH_FROM_ABOVE,TREATED,17,45.95,37,30,POC,31,83.78,RTH_MORNING,3atr,false
ALL_ANCHORS,APPROACH_FROM_BELOW,TREATED,103,42.56,242,30,POC,210,86.78,ALL_SESSIONS,3atr,false
ALL_ANCHORS,APPROACH_FROM_BELOW,TREATED,8,38.1,21,30,POC,18,85.71,ETH_EVENING,3atr,true
ALL_ANCHORS,APPROACH_FROM_BELOW,TREATED,11,47.83,23,30,POC,14,60.87,ETH_OVERNIGHT,3atr,true
ALL_ANCHORS,APPROACH_FROM_BELOW,TREATED,1,20,5,30,POC,4,80,RTH_AFTERNOON,3atr,true
ALL_ANCHORS,APPROACH_FROM_BELOW,TREATED,8,42.11,19,30,POC,15,78.95,RTH_MIDDAY,3atr,true
ALL_ANCHORS,APPROACH_FROM_BELOW,TREATED,32,41.56,77,30,POC,66,85.71,RTH_MORNING,3atr,false
ALL_ANCHORS,APPROACH_FROM_BELOW,TREATED,43,44.33,97,30,POC,93,95.88,RTH_OPEN,3atr,false
R01,APPROACH_FROM_BELOW,TREATED,19,43.18,44,30,POC,32,72.73,ALL_SESSIONS,3atr,false
R01,APPROACH_FROM_BELOW,TREATED,8,38.1,21,30,POC,18,85.71,ETH_EVENING,3atr,true
R01,APPROACH_FROM_BELOW,TREATED,11,47.83,23,30,POC,14,60.87,ETH_OVERNIGHT,3atr,true
R02,APPROACH_FROM_BELOW,TREATED,26,50.98,51,30,POC,44,86.27,ALL_SESSIONS,3atr,false
R02,APPROACH_FROM_BELOW,TREATED,1,100,1,30,POC,0,0,RTH_AFTERNOON,3atr,true
R02,APPROACH_FROM_BELOW,TREATED,3,50,6,30,POC,3,50,RTH_MIDDAY,3atr,true
R02,APPROACH_FROM_BELOW,TREATED,7,53.85,13,30,POC,12,92.31,RTH_MORNING,3atr,true
R02,APPROACH_FROM_BELOW,TREATED,15,48.39,31,30,POC,29,93.55,RTH_OPEN,3atr,false
R03,APPROACH_FROM_BELOW,TREATED,19,39.58,48,30,POC,46,95.83,ALL_SESSIONS,3atr,false
R03,APPROACH_FROM_BELOW,TREATED,0,0,3,30,POC,3,100,RTH_AFTERNOON,3atr,true
R03,APPROACH_FROM_BELOW,TREATED,1,33.33,3,30,POC,3,100,RTH_MIDDAY,3atr,true
R03,APPROACH_FROM_BELOW,TREATED,3,30,10,30,POC,9,90,RTH_MORNING,3atr,true
R03,APPROACH_FROM_BELOW,TREATED,15,46.88,32,30,POC,31,96.88,RTH_OPEN,3atr,false
R04,APPROACH_FROM_BELOW,TREATED,16,37.21,43,30,POC,42,97.67,ALL_SESSIONS,3atr,false
R04,APPROACH_FROM_BELOW,TREATED,1,50,2,30,POC,2,100,RTH_MIDDAY,3atr,true
R04,APPROACH_FROM_BELOW,TREATED,2,28.57,7,30,POC,7,100,RTH_MORNING,3atr,true
R04,APPROACH_FROM_BELOW,TREATED,13,38.24,34,30,POC,33,97.06,RTH_OPEN,3atr,false
R05,APPROACH_FROM_BELOW,TREATED,23,41.07,56,30,POC,46,82.14,ALL_SESSIONS,3atr,false
R05,APPROACH_FROM_BELOW,TREATED,0,0,1,30,POC,1,100,RTH_AFTERNOON,3atr,true
R05,APPROACH_FROM_BELOW,TREATED,3,37.5,8,30,POC,7,87.5,RTH_MIDDAY,3atr,true
R05,APPROACH_FROM_BELOW,TREATED,20,42.55,47,30,POC,38,80.85,RTH_MORNING,3atr,false
ALL_ANCHORS,APPROACH_FROM_ABOVE,C01_NEUTRAL,59,42.45,139,60,NONPOC,121,87.05,ALL_SESSIONS,3atr,false
ALL_ANCHORS,APPROACH_FROM_ABOVE,C01_NEUTRAL,6,30,20,60,NONPOC,17,85,ETH_EVENING,3atr,true
ALL_ANCHORS,APPROACH_FROM_ABOVE,C01_NEUTRAL,8,53.33,15,60,NONPOC,13,86.67,ETH_OVERNIGHT,3atr,true
ALL_ANCHORS,APPROACH_FROM_ABOVE,C01_NEUTRAL,1,33.33,3,60,NONPOC,2,66.67,RTH_AFTERNOON,3atr,true
ALL_ANCHORS,APPROACH_FROM_ABOVE,C01_NEUTRAL,5,45.45,11,60,NONPOC,10,90.91,RTH_MIDDAY,3atr,true
ALL_ANCHORS,APPROACH_FROM_ABOVE,C01_NEUTRAL,18,46.15,39,60,NONPOC,32,82.05,RTH_MORNING,3atr,false
ALL_ANCHORS,APPROACH_FROM_ABOVE,C01_NEUTRAL,21,41.18,51,60,NONPOC,47,92.16,RTH_OPEN,3atr,false
R01,APPROACH_FROM_ABOVE,C01_NEUTRAL,14,40,35,60,NONPOC,30,85.71,ALL_SESSIONS,3atr,false
R01,APPROACH_FROM_ABOVE,C01_NEUTRAL,6,30,20,60,NONPOC,17,85,ETH_EVENING,3atr,true
R01,APPROACH_FROM_ABOVE,C01_NEUTRAL,8,53.33,15,60,NONPOC,13,86.67,ETH_OVERNIGHT,3atr,true
R02,APPROACH_FROM_ABOVE,C01_NEUTRAL,16,42.11,38,60,NONPOC,36,94.74,ALL_SESSIONS,3atr,false
R02,APPROACH_FROM_ABOVE,C01_NEUTRAL,3,75,4,60,NONPOC,4,100,RTH_MIDDAY,3atr,true
R02,APPROACH_FROM_ABOVE,C01_NEUTRAL,2,25,8,60,NONPOC,7,87.5,RTH_MORNING,3atr,true
R02,APPROACH_FROM_ABOVE,C01_NEUTRAL,11,42.31,26,60,NONPOC,25,96.15,RTH_OPEN,3atr,true
R03,APPROACH_FROM_ABOVE,C01_NEUTRAL,9,29.03,31,60,NONPOC,26,83.87,ALL_SESSIONS,3atr,false
R03,APPROACH_FROM_ABOVE,C01_NEUTRAL,1,50,2,60,NONPOC,1,50,RTH_AFTERNOON,3atr,true
R03,APPROACH_FROM_ABOVE,C01_NEUTRAL,1,25,4,60,NONPOC,3,75,RTH_MIDDAY,3atr,true
R03,APPROACH_FROM_ABOVE,C01_NEUTRAL,0,0,3,60,NONPOC,3,100,RTH_MORNING,3atr,true
R03,APPROACH_FROM_ABOVE,C01_NEUTRAL,7,31.82,22,60,NONPOC,19,86.36,RTH_OPEN,3atr,true
R04,APPROACH_FROM_ABOVE,C01_NEUTRAL,5,83.33,6,60,NONPOC,6,100,ALL_SESSIONS,3atr,true
R04,APPROACH_FROM_ABOVE,C01_NEUTRAL,0,0,1,60,NONPOC,1,100,RTH_AFTERNOON,3atr,true
R04,APPROACH_FROM_ABOVE,C01_NEUTRAL,2,100,2,60,NONPOC,2,100,RTH_MORNING,3atr,true
R04,APPROACH_FROM_ABOVE,C01_NEUTRAL,3,100,3,60,NONPOC,3,100,RTH_OPEN,3atr,true
R05,APPROACH_FROM_ABOVE,C01_NEUTRAL,15,51.72,29,60,NONPOC,23,79.31,ALL_SESSIONS,3atr,true
R05,APPROACH_FROM_ABOVE,C01_NEUTRAL,1,33.33,3,60,NONPOC,3,100,RTH_MIDDAY,3atr,true
R05,APPROACH_FROM_ABOVE,C01_NEUTRAL,14,53.85,26,60,NONPOC,20,76.92,RTH_MORNING,3atr,true
ALL_ANCHORS,APPROACH_FROM_BELOW,C01_NEUTRAL,60,49.59,121,60,NONPOC,105,86.78,ALL_SESSIONS,3atr,false
ALL_ANCHORS,APPROACH_FROM_BELOW,C01_NEUTRAL,6,35.29,17,60,NONPOC,17,100,ETH_EVENING,3atr,true
ALL_ANCHORS,APPROACH_FROM_BELOW,C01_NEUTRAL,3,37.5,8,60,NONPOC,3,37.5,ETH_OVERNIGHT,3atr,true
ALL_ANCHORS,APPROACH_FROM_BELOW,C01_NEUTRAL,4,40,10,60,NONPOC,10,100,RTH_AFTERNOON,3atr,true
ALL_ANCHORS,APPROACH_FROM_BELOW,C01_NEUTRAL,8,50,16,60,NONPOC,13,81.25,RTH_MIDDAY,3atr,true
ALL_ANCHORS,APPROACH_FROM_BELOW,C01_NEUTRAL,17,62.96,27,60,NONPOC,22,81.48,RTH_MORNING,3atr,true
ALL_ANCHORS,APPROACH_FROM_BELOW,C01_NEUTRAL,22,51.16,43,60,NONPOC,40,93.02,RTH_OPEN,3atr,false
R01,APPROACH_FROM_BELOW,C01_NEUTRAL,9,36,25,60,NONPOC,20,80,ALL_SESSIONS,3atr,true
R01,APPROACH_FROM_BELOW,C01_NEUTRAL,6,35.29,17,60,NONPOC,17,100,ETH_EVENING,3atr,true
R01,APPROACH_FROM_BELOW,C01_NEUTRAL,3,37.5,8,60,NONPOC,3,37.5,ETH_OVERNIGHT,3atr,true
R02,APPROACH_FROM_BELOW,C01_NEUTRAL,17,48.57,35,60,NONPOC,28,80,ALL_SESSIONS,3atr,false
R02,APPROACH_FROM_BELOW,C01_NEUTRAL,1,33.33,3,60,NONPOC,3,100,RTH_AFTERNOON,3atr,true
R02,APPROACH_FROM_BELOW,C01_NEUTRAL,2,50,4,60,NONPOC,2,50,RTH_MIDDAY,3atr,true
R02,APPROACH_FROM_BELOW,C01_NEUTRAL,3,60,5,60,NONPOC,3,60,RTH_MORNING,3atr,true
R02,APPROACH_FROM_BELOW,C01_NEUTRAL,11,47.83,23,60,NONPOC,20,86.96,RTH_OPEN,3atr,true
R03,APPROACH_FROM_BELOW,C01_NEUTRAL,14,42.42,33,60,NONPOC,33,100,ALL_SESSIONS,3atr,false
R03,APPROACH_FROM_BELOW,C01_NEUTRAL,3,42.86,7,60,NONPOC,7,100,RTH_AFTERNOON,3atr,true
R03,APPROACH_FROM_BELOW,C01_NEUTRAL,1,33.33,3,60,NONPOC,3,100,RTH_MIDDAY,3atr,true
R03,APPROACH_FROM_BELOW,C01_NEUTRAL,2,28.57,7,60,NONPOC,7,100,RTH_MORNING,3atr,true
R03,APPROACH_FROM_BELOW,C01_NEUTRAL,8,50,16,60,NONPOC,16,100,RTH_OPEN,3atr,true
R04,APPROACH_FROM_BELOW,C01_NEUTRAL,4,66.67,6,60,NONPOC,6,100,ALL_SESSIONS,3atr,true
R04,APPROACH_FROM_BELOW,C01_NEUTRAL,0,0,1,60,NONPOC,1,100,RTH_MIDDAY,3atr,true
R04,APPROACH_FROM_BELOW,C01_NEUTRAL,1,100,1,60,NONPOC,1,100,RTH_MORNING,3atr,true
R04,APPROACH_FROM_BELOW,C01_NEUTRAL,3,75,4,60,NONPOC,4,100,RTH_OPEN,3atr,true
R05,APPROACH_FROM_BELOW,C01_NEUTRAL,16,72.73,22,60,NONPOC,18,81.82,ALL_SESSIONS,3atr,true
R05,APPROACH_FROM_BELOW,C01_NEUTRAL,5,62.5,8,60,NONPOC,7,87.5,RTH_MIDDAY,3atr,true
R05,APPROACH_FROM_BELOW,C01_NEUTRAL,11,78.57,14,60,NONPOC,11,78.57,RTH_MORNING,3atr,true
ALL_ANCHORS,APPROACH_FROM_ABOVE,C02_ACTIVITY_MATCHED,50,42.37,118,60,NONPOC,101,85.59,ALL_SESSIONS,3atr,false
ALL_ANCHORS,APPROACH_FROM_ABOVE,C02_ACTIVITY_MATCHED,4,21.05,19,60,NONPOC,17,89.47,ETH_EVENING,3atr,true
ALL_ANCHORS,APPROACH_FROM_ABOVE,C02_ACTIVITY_MATCHED,6,75,8,60,NONPOC,5,62.5,ETH_OVERNIGHT,3atr,true
ALL_ANCHORS,APPROACH_FROM_ABOVE,C02_ACTIVITY_MATCHED,6,66.67,9,60,NONPOC,8,88.89,RTH_MIDDAY,3atr,true
ALL_ANCHORS,APPROACH_FROM_ABOVE,C02_ACTIVITY_MATCHED,15,48.39,31,60,NONPOC,26,83.87,RTH_MORNING,3atr,false
ALL_ANCHORS,APPROACH_FROM_ABOVE,C02_ACTIVITY_MATCHED,19,37.25,51,60,NONPOC,45,88.24,RTH_OPEN,3atr,false
R01,APPROACH_FROM_ABOVE,C02_ACTIVITY_MATCHED,10,37.04,27,60,NONPOC,22,81.48,ALL_SESSIONS,3atr,true
R01,APPROACH_FROM_ABOVE,C02_ACTIVITY_MATCHED,4,21.05,19,60,NONPOC,17,89.47,ETH_EVENING,3atr,true
R01,APPROACH_FROM_ABOVE,C02_ACTIVITY_MATCHED,6,75,8,60,NONPOC,5,62.5,ETH_OVERNIGHT,3atr,true
R02,APPROACH_FROM_ABOVE,C02_ACTIVITY_MATCHED,17,48.57,35,60,NONPOC,30,85.71,ALL_SESSIONS,3atr,false
R02,APPROACH_FROM_ABOVE,C02_ACTIVITY_MATCHED,4,80,5,60,NONPOC,4,80,RTH_MIDDAY,3atr,true
R02,APPROACH_FROM_ABOVE,C02_ACTIVITY_MATCHED,1,14.29,7,60,NONPOC,7,100,RTH_MORNING,3atr,true
R02,APPROACH_FROM_ABOVE,C02_ACTIVITY_MATCHED,12,52.17,23,60,NONPOC,19,82.61,RTH_OPEN,3atr,true
R03,APPROACH_FROM_ABOVE,C02_ACTIVITY_MATCHED,10,33.33,30,60,NONPOC,28,93.33,ALL_SESSIONS,3atr,false
R03,APPROACH_FROM_ABOVE,C02_ACTIVITY_MATCHED,3,60,5,60,NONPOC,5,100,RTH_MORNING,3atr,true
R03,APPROACH_FROM_ABOVE,C02_ACTIVITY_MATCHED,7,28,25,60,NONPOC,23,92,RTH_OPEN,3atr,true
R04,APPROACH_FROM_ABOVE,C02_ACTIVITY_MATCHED,0,0,4,60,NONPOC,4,100,ALL_SESSIONS,3atr,true
R04,APPROACH_FROM_ABOVE,C02_ACTIVITY_MATCHED,0,0,1,60,NONPOC,1,100,RTH_MORNING,3atr,true
R04,APPROACH_FROM_ABOVE,C02_ACTIVITY_MATCHED,0,0,3,60,NONPOC,3,100,RTH_OPEN,3atr,true
R05,APPROACH_FROM_ABOVE,C02_ACTIVITY_MATCHED,13,59.09,22,60,NONPOC,17,77.27,ALL_SESSIONS,3atr,true
R05,APPROACH_FROM_ABOVE,C02_ACTIVITY_MATCHED,2,50,4,60,NONPOC,4,100,RTH_MIDDAY,3atr,true
R05,APPROACH_FROM_ABOVE,C02_ACTIVITY_MATCHED,11,61.11,18,60,NONPOC,13,72.22,RTH_MORNING,3atr,true
ALL_ANCHORS,APPROACH_FROM_BELOW,C02_ACTIVITY_MATCHED,50,49.02,102,60,NONPOC,89,87.25,ALL_SESSIONS,3atr,false
ALL_ANCHORS,APPROACH_FROM_BELOW,C02_ACTIVITY_MATCHED,6,37.5,16,60,NONPOC,12,75,ETH_EVENING,3atr,true
ALL_ANCHORS,APPROACH_FROM_BELOW,C02_ACTIVITY_MATCHED,3,50,6,60,NONPOC,4,66.67,ETH_OVERNIGHT,3atr,true
ALL_ANCHORS,APPROACH_FROM_BELOW,C02_ACTIVITY_MATCHED,4,50,8,60,NONPOC,7,87.5,RTH_AFTERNOON,3atr,true
ALL_ANCHORS,APPROACH_FROM_BELOW,C02_ACTIVITY_MATCHED,7,58.33,12,60,NONPOC,11,91.67,RTH_MIDDAY,3atr,true
ALL_ANCHORS,APPROACH_FROM_BELOW,C02_ACTIVITY_MATCHED,13,61.9,21,60,NONPOC,18,85.71,RTH_MORNING,3atr,true
ALL_ANCHORS,APPROACH_FROM_BELOW,C02_ACTIVITY_MATCHED,17,43.59,39,60,NONPOC,37,94.87,RTH_OPEN,3atr,false
R01,APPROACH_FROM_BELOW,C02_ACTIVITY_MATCHED,9,40.91,22,60,NONPOC,16,72.73,ALL_SESSIONS,3atr,true
R01,APPROACH_FROM_BELOW,C02_ACTIVITY_MATCHED,6,37.5,16,60,NONPOC,12,75,ETH_EVENING,3atr,true
R01,APPROACH_FROM_BELOW,C02_ACTIVITY_MATCHED,3,50,6,60,NONPOC,4,66.67,ETH_OVERNIGHT,3atr,true
R02,APPROACH_FROM_BELOW,C02_ACTIVITY_MATCHED,11,39.29,28,60,NONPOC,26,92.86,ALL_SESSIONS,3atr,true
R02,APPROACH_FROM_BELOW,C02_ACTIVITY_MATCHED,0,0,2,60,NONPOC,2,100,RTH_AFTERNOON,3atr,true
R02,APPROACH_FROM_BELOW,C02_ACTIVITY_MATCHED,1,100,1,60,NONPOC,0,0,RTH_MIDDAY,3atr,true
R02,APPROACH_FROM_BELOW,C02_ACTIVITY_MATCHED,2,50,4,60,NONPOC,4,100,RTH_MORNING,3atr,true
R02,APPROACH_FROM_BELOW,C02_ACTIVITY_MATCHED,8,38.1,21,60,NONPOC,20,95.24,RTH_OPEN,3atr,true
R03,APPROACH_FROM_BELOW,C02_ACTIVITY_MATCHED,13,50,26,60,NONPOC,25,96.15,ALL_SESSIONS,3atr,true
R03,APPROACH_FROM_BELOW,C02_ACTIVITY_MATCHED,3,60,5,60,NONPOC,4,80,RTH_AFTERNOON,3atr,true
R03,APPROACH_FROM_BELOW,C02_ACTIVITY_MATCHED,2,66.67,3,60,NONPOC,3,100,RTH_MIDDAY,3atr,true
R03,APPROACH_FROM_BELOW,C02_ACTIVITY_MATCHED,1,25,4,60,NONPOC,4,100,RTH_MORNING,3atr,true
R03,APPROACH_FROM_BELOW,C02_ACTIVITY_MATCHED,7,50,14,60,NONPOC,14,100,RTH_OPEN,3atr,true
R04,APPROACH_FROM_BELOW,C02_ACTIVITY_MATCHED,2,33.33,6,60,NONPOC,5,83.33,ALL_SESSIONS,3atr,true
R04,APPROACH_FROM_BELOW,C02_ACTIVITY_MATCHED,0,0,1,60,NONPOC,1,100,RTH_MIDDAY,3atr,true
R04,APPROACH_FROM_BELOW,C02_ACTIVITY_MATCHED,0,0,1,60,NONPOC,1,100,RTH_MORNING,3atr,true
R04,APPROACH_FROM_BELOW,C02_ACTIVITY_MATCHED,2,50,4,60,NONPOC,3,75,RTH_OPEN,3atr,true
R05,APPROACH_FROM_BELOW,C02_ACTIVITY_MATCHED,15,75,20,60,NONPOC,17,85,ALL_SESSIONS,3atr,true
R05,APPROACH_FROM_BELOW,C02_ACTIVITY_MATCHED,1,100,1,60,NONPOC,1,100,RTH_AFTERNOON,3atr,true
R05,APPROACH_FROM_BELOW,C02_ACTIVITY_MATCHED,4,57.14,7,60,NONPOC,7,100,RTH_MIDDAY,3atr,true
R05,APPROACH_FROM_BELOW,C02_ACTIVITY_MATCHED,10,83.33,12,60,NONPOC,9,75,RTH_MORNING,3atr,true
ALL_ANCHORS,APPROACH_FROM_ABOVE,TREATED,52,40,130,60,NONPOC,118,90.77,ALL_SESSIONS,3atr,false
ALL_ANCHORS,APPROACH_FROM_ABOVE,TREATED,4,23.53,17,60,NONPOC,15,88.24,ETH_EVENING,3atr,true
ALL_ANCHORS,APPROACH_FROM_ABOVE,TREATED,5,41.67,12,60,NONPOC,10,83.33,ETH_OVERNIGHT,3atr,true
ALL_ANCHORS,APPROACH_FROM_ABOVE,TREATED,1,33.33,3,60,NONPOC,2,66.67,RTH_AFTERNOON,3atr,true
ALL_ANCHORS,APPROACH_FROM_ABOVE,TREATED,3,25,12,60,NONPOC,12,100,RTH_MIDDAY,3atr,true
ALL_ANCHORS,APPROACH_FROM_ABOVE,TREATED,16,47.06,34,60,NONPOC,29,85.29,RTH_MORNING,3atr,false
ALL_ANCHORS,APPROACH_FROM_ABOVE,TREATED,23,44.23,52,60,NONPOC,50,96.15,RTH_OPEN,3atr,false
R01,APPROACH_FROM_ABOVE,TREATED,9,31.03,29,60,NONPOC,25,86.21,ALL_SESSIONS,3atr,true
R01,APPROACH_FROM_ABOVE,TREATED,4,23.53,17,60,NONPOC,15,88.24,ETH_EVENING,3atr,true
R01,APPROACH_FROM_ABOVE,TREATED,5,41.67,12,60,NONPOC,10,83.33,ETH_OVERNIGHT,3atr,true
R02,APPROACH_FROM_ABOVE,TREATED,20,48.78,41,60,NONPOC,39,95.12,ALL_SESSIONS,3atr,false
R02,APPROACH_FROM_ABOVE,TREATED,3,60,5,60,NONPOC,5,100,RTH_MIDDAY,3atr,true
R02,APPROACH_FROM_ABOVE,TREATED,4,44.44,9,60,NONPOC,7,77.78,RTH_MORNING,3atr,true
R02,APPROACH_FROM_ABOVE,TREATED,13,48.15,27,60,NONPOC,27,100,RTH_OPEN,3atr,true
R03,APPROACH_FROM_ABOVE,TREATED,9,29.03,31,60,NONPOC,28,90.32,ALL_SESSIONS,3atr,false
R03,APPROACH_FROM_ABOVE,TREATED,1,50,2,60,NONPOC,1,50,RTH_AFTERNOON,3atr,true
R03,APPROACH_FROM_ABOVE,TREATED,0,0,4,60,NONPOC,4,100,RTH_MIDDAY,3atr,true
R03,APPROACH_FROM_ABOVE,TREATED,0,0,3,60,NONPOC,3,100,RTH_MORNING,3atr,true
R03,APPROACH_FROM_ABOVE,TREATED,8,36.36,22,60,NONPOC,20,90.91,RTH_OPEN,3atr,true
R04,APPROACH_FROM_ABOVE,TREATED,3,50,6,60,NONPOC,6,100,ALL_SESSIONS,3atr,true
R04,APPROACH_FROM_ABOVE,TREATED,0,0,1,60,NONPOC,1,100,RTH_AFTERNOON,3atr,true
R04,APPROACH_FROM_ABOVE,TREATED,1,50,2,60,NONPOC,2,100,RTH_MORNING,3atr,true
R04,APPROACH_FROM_ABOVE,TREATED,2,66.67,3,60,NONPOC,3,100,RTH_OPEN,3atr,true
R05,APPROACH_FROM_ABOVE,TREATED,11,47.83,23,60,NONPOC,20,86.96,ALL_SESSIONS,3atr,true
R05,APPROACH_FROM_ABOVE,TREATED,0,0,3,60,NONPOC,3,100,RTH_MIDDAY,3atr,true
R05,APPROACH_FROM_ABOVE,TREATED,11,55,20,60,NONPOC,17,85,RTH_MORNING,3atr,true
ALL_ANCHORS,APPROACH_FROM_BELOW,TREATED,62,51.24,121,60,NONPOC,112,92.56,ALL_SESSIONS,3atr,false
ALL_ANCHORS,APPROACH_FROM_BELOW,TREATED,10,58.82,17,60,NONPOC,17,100,ETH_EVENING,3atr,true
ALL_ANCHORS,APPROACH_FROM_BELOW,TREATED,2,40,5,60,NONPOC,3,60,ETH_OVERNIGHT,3atr,true
ALL_ANCHORS,APPROACH_FROM_BELOW,TREATED,6,66.67,9,60,NONPOC,9,100,RTH_AFTERNOON,3atr,true
ALL_ANCHORS,APPROACH_FROM_BELOW,TREATED,8,50,16,60,NONPOC,11,68.75,RTH_MIDDAY,3atr,true
ALL_ANCHORS,APPROACH_FROM_BELOW,TREATED,15,60,25,60,NONPOC,24,96,RTH_MORNING,3atr,true
ALL_ANCHORS,APPROACH_FROM_BELOW,TREATED,21,42.86,49,60,NONPOC,48,97.96,RTH_OPEN,3atr,false
R01,APPROACH_FROM_BELOW,TREATED,12,54.55,22,60,NONPOC,20,90.91,ALL_SESSIONS,3atr,true
R01,APPROACH_FROM_BELOW,TREATED,10,58.82,17,60,NONPOC,17,100,ETH_EVENING,3atr,true
R01,APPROACH_FROM_BELOW,TREATED,2,40,5,60,NONPOC,3,60,ETH_OVERNIGHT,3atr,true
R02,APPROACH_FROM_BELOW,TREATED,18,47.37,38,60,NONPOC,35,92.11,ALL_SESSIONS,3atr,false
R02,APPROACH_FROM_BELOW,TREATED,2,66.67,3,60,NONPOC,3,100,RTH_AFTERNOON,3atr,true
R02,APPROACH_FROM_BELOW,TREATED,2,66.67,3,60,NONPOC,1,33.33,RTH_MIDDAY,3atr,true
R02,APPROACH_FROM_BELOW,TREATED,3,60,5,60,NONPOC,5,100,RTH_MORNING,3atr,true
R02,APPROACH_FROM_BELOW,TREATED,11,40.74,27,60,NONPOC,26,96.3,RTH_OPEN,3atr,true
R03,APPROACH_FROM_BELOW,TREATED,15,46.88,32,60,NONPOC,31,96.88,ALL_SESSIONS,3atr,false
R03,APPROACH_FROM_BELOW,TREATED,4,66.67,6,60,NONPOC,6,100,RTH_AFTERNOON,3atr,true
R03,APPROACH_FROM_BELOW,TREATED,1,33.33,3,60,NONPOC,2,66.67,RTH_MIDDAY,3atr,true
R03,APPROACH_FROM_BELOW,TREATED,3,50,6,60,NONPOC,6,100,RTH_MORNING,3atr,true
R03,APPROACH_FROM_BELOW,TREATED,7,41.18,17,60,NONPOC,17,100,RTH_OPEN,3atr,true
R04,APPROACH_FROM_BELOW,TREATED,4,57.14,7,60,NONPOC,7,100,ALL_SESSIONS,3atr,true
R04,APPROACH_FROM_BELOW,TREATED,0,0,1,60,NONPOC,1,100,RTH_MIDDAY,3atr,true
R04,APPROACH_FROM_BELOW,TREATED,1,100,1,60,NONPOC,1,100,RTH_MORNING,3atr,true
R04,APPROACH_FROM_BELOW,TREATED,3,60,5,60,NONPOC,5,100,RTH_OPEN,3atr,true
R05,APPROACH_FROM_BELOW,TREATED,13,59.09,22,60,NONPOC,19,86.36,ALL_SESSIONS,3atr,true
R05,APPROACH_FROM_BELOW,TREATED,5,55.56,9,60,NONPOC,7,77.78,RTH_MIDDAY,3atr,true
R05,APPROACH_FROM_BELOW,TREATED,8,61.54,13,60,NONPOC,12,92.31,RTH_MORNING,3atr,true
ALL_ANCHORS,APPROACH_FROM_ABOVE,C01_NEUTRAL,138,51.11,270,60,POC,222,82.22,ALL_SESSIONS,3atr,false
ALL_ANCHORS,APPROACH_FROM_ABOVE,C01_NEUTRAL,19,59.38,32,60,POC,21,65.62,ETH_EVENING,3atr,false
ALL_ANCHORS,APPROACH_FROM_ABOVE,C01_NEUTRAL,10,43.48,23,60,POC,17,73.91,ETH_OVERNIGHT,3atr,true
ALL_ANCHORS,APPROACH_FROM_ABOVE,C01_NEUTRAL,8,61.54,13,60,POC,10,76.92,RTH_AFTERNOON,3atr,true
ALL_ANCHORS,APPROACH_FROM_ABOVE,C01_NEUTRAL,10,41.67,24,60,POC,19,79.17,RTH_MIDDAY,3atr,true
ALL_ANCHORS,APPROACH_FROM_ABOVE,C01_NEUTRAL,37,50.68,73,60,POC,57,78.08,RTH_MORNING,3atr,false
ALL_ANCHORS,APPROACH_FROM_ABOVE,C01_NEUTRAL,54,51.43,105,60,POC,98,93.33,RTH_OPEN,3atr,false
R01,APPROACH_FROM_ABOVE,C01_NEUTRAL,29,52.73,55,60,POC,38,69.09,ALL_SESSIONS,3atr,false
R01,APPROACH_FROM_ABOVE,C01_NEUTRAL,19,59.38,32,60,POC,21,65.62,ETH_EVENING,3atr,false
R01,APPROACH_FROM_ABOVE,C01_NEUTRAL,10,43.48,23,60,POC,17,73.91,ETH_OVERNIGHT,3atr,true
R02,APPROACH_FROM_ABOVE,C01_NEUTRAL,20,51.28,39,60,POC,37,94.87,ALL_SESSIONS,3atr,false
R02,APPROACH_FROM_ABOVE,C01_NEUTRAL,1,100,1,60,POC,1,100,RTH_AFTERNOON,3atr,true
R02,APPROACH_FROM_ABOVE,C01_NEUTRAL,3,37.5,8,60,POC,7,87.5,RTH_MIDDAY,3atr,true
R02,APPROACH_FROM_ABOVE,C01_NEUTRAL,6,75,8,60,POC,8,100,RTH_MORNING,3atr,true
R02,APPROACH_FROM_ABOVE,C01_NEUTRAL,10,45.45,22,60,POC,21,95.45,RTH_OPEN,3atr,true
R03,APPROACH_FROM_ABOVE,C01_NEUTRAL,30,54.55,55,60,POC,49,89.09,ALL_SESSIONS,3atr,false
R03,APPROACH_FROM_ABOVE,C01_NEUTRAL,1,33.33,3,60,POC,3,100,RTH_AFTERNOON,3atr,true
R03,APPROACH_FROM_ABOVE,C01_NEUTRAL,2,50,4,60,POC,3,75,RTH_MIDDAY,3atr,true
R03,APPROACH_FROM_ABOVE,C01_NEUTRAL,3,33.33,9,60,POC,8,88.89,RTH_MORNING,3atr,true
R03,APPROACH_FROM_ABOVE,C01_NEUTRAL,24,61.54,39,60,POC,35,89.74,RTH_OPEN,3atr,false
R04,APPROACH_FROM_ABOVE,C01_NEUTRAL,26,45.61,57,60,POC,53,92.98,ALL_SESSIONS,3atr,false
R04,APPROACH_FROM_ABOVE,C01_NEUTRAL,2,66.67,3,60,POC,3,100,RTH_AFTERNOON,3atr,true
R04,APPROACH_FROM_ABOVE,C01_NEUTRAL,1,50,2,60,POC,1,50,RTH_MIDDAY,3atr,true
R04,APPROACH_FROM_ABOVE,C01_NEUTRAL,3,37.5,8,60,POC,7,87.5,RTH_MORNING,3atr,true
R04,APPROACH_FROM_ABOVE,C01_NEUTRAL,20,45.45,44,60,POC,42,95.45,RTH_OPEN,3atr,false
R05,APPROACH_FROM_ABOVE,C01_NEUTRAL,33,51.56,64,60,POC,45,70.31,ALL_SESSIONS,3atr,false
R05,APPROACH_FROM_ABOVE,C01_NEUTRAL,4,66.67,6,60,POC,3,50,RTH_AFTERNOON,3atr,true
R05,APPROACH_FROM_ABOVE,C01_NEUTRAL,4,40,10,60,POC,8,80,RTH_MIDDAY,3atr,true
R05,APPROACH_FROM_ABOVE,C01_NEUTRAL,25,52.08,48,60,POC,34,70.83,RTH_MORNING,3atr,false
ALL_ANCHORS,APPROACH_FROM_BELOW,C01_NEUTRAL,100,44.84,223,60,POC,198,88.79,ALL_SESSIONS,3atr,false
ALL_ANCHORS,APPROACH_FROM_BELOW,C01_NEUTRAL,11,47.83,23,60,POC,18,78.26,ETH_EVENING,3atr,true
ALL_ANCHORS,APPROACH_FROM_BELOW,C01_NEUTRAL,6,35.29,17,60,POC,13,76.47,ETH_OVERNIGHT,3atr,true
ALL_ANCHORS,APPROACH_FROM_BELOW,C01_NEUTRAL,1,25,4,60,POC,3,75,RTH_AFTERNOON,3atr,true
ALL_ANCHORS,APPROACH_FROM_BELOW,C01_NEUTRAL,7,38.89,18,60,POC,16,88.89,RTH_MIDDAY,3atr,true
ALL_ANCHORS,APPROACH_FROM_BELOW,C01_NEUTRAL,31,43.66,71,60,POC,64,90.14,RTH_MORNING,3atr,false
ALL_ANCHORS,APPROACH_FROM_BELOW,C01_NEUTRAL,44,48.89,90,60,POC,84,93.33,RTH_OPEN,3atr,false
R01,APPROACH_FROM_BELOW,C01_NEUTRAL,17,42.5,40,60,POC,31,77.5,ALL_SESSIONS,3atr,false
R01,APPROACH_FROM_BELOW,C01_NEUTRAL,11,47.83,23,60,POC,18,78.26,ETH_EVENING,3atr,true
R01,APPROACH_FROM_BELOW,C01_NEUTRAL,6,35.29,17,60,POC,13,76.47,ETH_OVERNIGHT,3atr,true
R02,APPROACH_FROM_BELOW,C01_NEUTRAL,27,57.45,47,60,POC,42,89.36,ALL_SESSIONS,3atr,false
R02,APPROACH_FROM_BELOW,C01_NEUTRAL,1,100,1,60,POC,0,0,RTH_AFTERNOON,3atr,true
R02,APPROACH_FROM_BELOW,C01_NEUTRAL,4,66.67,6,60,POC,4,66.67,RTH_MIDDAY,3atr,true
R02,APPROACH_FROM_BELOW,C01_NEUTRAL,7,63.64,11,60,POC,11,100,RTH_MORNING,3atr,true
R02,APPROACH_FROM_BELOW,C01_NEUTRAL,15,51.72,29,60,POC,27,93.1,RTH_OPEN,3atr,true
R03,APPROACH_FROM_BELOW,C01_NEUTRAL,17,41.46,41,60,POC,40,97.56,ALL_SESSIONS,3atr,false
R03,APPROACH_FROM_BELOW,C01_NEUTRAL,0,0,2,60,POC,2,100,RTH_AFTERNOON,3atr,true
R03,APPROACH_FROM_BELOW,C01_NEUTRAL,1,33.33,3,60,POC,3,100,RTH_MIDDAY,3atr,true
R03,APPROACH_FROM_BELOW,C01_NEUTRAL,3,42.86,7,60,POC,7,100,RTH_MORNING,3atr,true
R03,APPROACH_FROM_BELOW,C01_NEUTRAL,13,44.83,29,60,POC,28,96.55,RTH_OPEN,3atr,true
R04,APPROACH_FROM_BELOW,C01_NEUTRAL,19,46.34,41,60,POC,38,92.68,ALL_SESSIONS,3atr,false
R04,APPROACH_FROM_BELOW,C01_NEUTRAL,0,0,2,60,POC,2,100,RTH_MIDDAY,3atr,true
R04,APPROACH_FROM_BELOW,C01_NEUTRAL,3,42.86,7,60,POC,7,100,RTH_MORNING,3atr,true
R04,APPROACH_FROM_BELOW,C01_NEUTRAL,16,50,32,60,POC,29,90.62,RTH_OPEN,3atr,false
R05,APPROACH_FROM_BELOW,C01_NEUTRAL,20,37.04,54,60,POC,47,87.04,ALL_SESSIONS,3atr,false
R05,APPROACH_FROM_BELOW,C01_NEUTRAL,0,0,1,60,POC,1,100,RTH_AFTERNOON,3atr,true
R05,APPROACH_FROM_BELOW,C01_NEUTRAL,2,28.57,7,60,POC,7,100,RTH_MIDDAY,3atr,true
R05,APPROACH_FROM_BELOW,C01_NEUTRAL,18,39.13,46,60,POC,39,84.78,RTH_MORNING,3atr,false
ALL_ANCHORS,APPROACH_FROM_ABOVE,C02_ACTIVITY_MATCHED,99,56.25,176,60,POC,147,83.52,ALL_SESSIONS,3atr,false
ALL_ANCHORS,APPROACH_FROM_ABOVE,C02_ACTIVITY_MATCHED,15,68.18,22,60,POC,14,63.64,ETH_EVENING,3atr,true
ALL_ANCHORS,APPROACH_FROM_ABOVE,C02_ACTIVITY_MATCHED,9,81.82,11,60,POC,10,90.91,ETH_OVERNIGHT,3atr,true
ALL_ANCHORS,APPROACH_FROM_ABOVE,C02_ACTIVITY_MATCHED,3,37.5,8,60,POC,7,87.5,RTH_AFTERNOON,3atr,true
ALL_ANCHORS,APPROACH_FROM_ABOVE,C02_ACTIVITY_MATCHED,15,75,20,60,POC,13,65,RTH_MIDDAY,3atr,true
ALL_ANCHORS,APPROACH_FROM_ABOVE,C02_ACTIVITY_MATCHED,26,61.9,42,60,POC,34,80.95,RTH_MORNING,3atr,false
ALL_ANCHORS,APPROACH_FROM_ABOVE,C02_ACTIVITY_MATCHED,31,42.47,73,60,POC,69,94.52,RTH_OPEN,3atr,false
R01,APPROACH_FROM_ABOVE,C02_ACTIVITY_MATCHED,24,72.73,33,60,POC,24,72.73,ALL_SESSIONS,3atr,false
R01,APPROACH_FROM_ABOVE,C02_ACTIVITY_MATCHED,15,68.18,22,60,POC,14,63.64,ETH_EVENING,3atr,true
R01,APPROACH_FROM_ABOVE,C02_ACTIVITY_MATCHED,9,81.82,11,60,POC,10,90.91,ETH_OVERNIGHT,3atr,true
R02,APPROACH_FROM_ABOVE,C02_ACTIVITY_MATCHED,15,45.45,33,60,POC,28,84.85,ALL_SESSIONS,3atr,false
R02,APPROACH_FROM_ABOVE,C02_ACTIVITY_MATCHED,0,0,1,60,POC,1,100,RTH_AFTERNOON,3atr,true
R02,APPROACH_FROM_ABOVE,C02_ACTIVITY_MATCHED,3,50,6,60,POC,4,66.67,RTH_MIDDAY,3atr,true
R02,APPROACH_FROM_ABOVE,C02_ACTIVITY_MATCHED,4,100,4,60,POC,3,75,RTH_MORNING,3atr,true
R02,APPROACH_FROM_ABOVE,C02_ACTIVITY_MATCHED,8,36.36,22,60,POC,20,90.91,RTH_OPEN,3atr,true
R03,APPROACH_FROM_ABOVE,C02_ACTIVITY_MATCHED,15,51.72,29,60,POC,26,89.66,ALL_SESSIONS,3atr,true
R03,APPROACH_FROM_ABOVE,C02_ACTIVITY_MATCHED,1,100,1,60,POC,1,100,RTH_AFTERNOON,3atr,true
R03,APPROACH_FROM_ABOVE,C02_ACTIVITY_MATCHED,2,100,2,60,POC,1,50,RTH_MIDDAY,3atr,true
R03,APPROACH_FROM_ABOVE,C02_ACTIVITY_MATCHED,3,75,4,60,POC,3,75,RTH_MORNING,3atr,true
R03,APPROACH_FROM_ABOVE,C02_ACTIVITY_MATCHED,9,40.91,22,60,POC,21,95.45,RTH_OPEN,3atr,true
R04,APPROACH_FROM_ABOVE,C02_ACTIVITY_MATCHED,20,51.28,39,60,POC,37,94.87,ALL_SESSIONS,3atr,false
R04,APPROACH_FROM_ABOVE,C02_ACTIVITY_MATCHED,1,25,4,60,POC,4,100,RTH_AFTERNOON,3atr,true
R04,APPROACH_FROM_ABOVE,C02_ACTIVITY_MATCHED,2,100,2,60,POC,1,50,RTH_MIDDAY,3atr,true
R04,APPROACH_FROM_ABOVE,C02_ACTIVITY_MATCHED,3,75,4,60,POC,4,100,RTH_MORNING,3atr,true
R04,APPROACH_FROM_ABOVE,C02_ACTIVITY_MATCHED,14,48.28,29,60,POC,28,96.55,RTH_OPEN,3atr,true
R05,APPROACH_FROM_ABOVE,C02_ACTIVITY_MATCHED,25,59.52,42,60,POC,32,76.19,ALL_SESSIONS,3atr,false
R05,APPROACH_FROM_ABOVE,C02_ACTIVITY_MATCHED,1,50,2,60,POC,1,50,RTH_AFTERNOON,3atr,true
R05,APPROACH_FROM_ABOVE,C02_ACTIVITY_MATCHED,8,80,10,60,POC,7,70,RTH_MIDDAY,3atr,true
R05,APPROACH_FROM_ABOVE,C02_ACTIVITY_MATCHED,16,53.33,30,60,POC,24,80,RTH_MORNING,3atr,false
ALL_ANCHORS,APPROACH_FROM_BELOW,C02_ACTIVITY_MATCHED,90,45,200,60,POC,180,90,ALL_SESSIONS,3atr,false
ALL_ANCHORS,APPROACH_FROM_BELOW,C02_ACTIVITY_MATCHED,17,73.91,23,60,POC,15,65.22,ETH_EVENING,3atr,true
ALL_ANCHORS,APPROACH_FROM_BELOW,C02_ACTIVITY_MATCHED,3,23.08,13,60,POC,12,92.31,ETH_OVERNIGHT,3atr,true
ALL_ANCHORS,APPROACH_FROM_BELOW,C02_ACTIVITY_MATCHED,2,66.67,3,60,POC,1,33.33,RTH_AFTERNOON,3atr,true
ALL_ANCHORS,APPROACH_FROM_BELOW,C02_ACTIVITY_MATCHED,9,64.29,14,60,POC,12,85.71,RTH_MIDDAY,3atr,true
ALL_ANCHORS,APPROACH_FROM_BELOW,C02_ACTIVITY_MATCHED,29,44.62,65,60,POC,60,92.31,RTH_MORNING,3atr,false
ALL_ANCHORS,APPROACH_FROM_BELOW,C02_ACTIVITY_MATCHED,30,36.59,82,60,POC,80,97.56,RTH_OPEN,3atr,false
R01,APPROACH_FROM_BELOW,C02_ACTIVITY_MATCHED,20,55.56,36,60,POC,27,75,ALL_SESSIONS,3atr,false
R01,APPROACH_FROM_BELOW,C02_ACTIVITY_MATCHED,17,73.91,23,60,POC,15,65.22,ETH_EVENING,3atr,true
R01,APPROACH_FROM_BELOW,C02_ACTIVITY_MATCHED,3,23.08,13,60,POC,12,92.31,ETH_OVERNIGHT,3atr,true
R02,APPROACH_FROM_BELOW,C02_ACTIVITY_MATCHED,9,27.27,33,60,POC,30,90.91,ALL_SESSIONS,3atr,false
R02,APPROACH_FROM_BELOW,C02_ACTIVITY_MATCHED,2,50,4,60,POC,3,75,RTH_MIDDAY,3atr,true
R02,APPROACH_FROM_BELOW,C02_ACTIVITY_MATCHED,4,44.44,9,60,POC,8,88.89,RTH_MORNING,3atr,true
R02,APPROACH_FROM_BELOW,C02_ACTIVITY_MATCHED,3,15,20,60,POC,19,95,RTH_OPEN,3atr,true
R03,APPROACH_FROM_BELOW,C02_ACTIVITY_MATCHED,18,47.37,38,60,POC,37,97.37,ALL_SESSIONS,3atr,false
R03,APPROACH_FROM_BELOW,C02_ACTIVITY_MATCHED,0,0,1,60,POC,1,100,RTH_AFTERNOON,3atr,true
R03,APPROACH_FROM_BELOW,C02_ACTIVITY_MATCHED,0,0,2,60,POC,2,100,RTH_MIDDAY,3atr,true
R03,APPROACH_FROM_BELOW,C02_ACTIVITY_MATCHED,4,57.14,7,60,POC,7,100,RTH_MORNING,3atr,true
R03,APPROACH_FROM_BELOW,C02_ACTIVITY_MATCHED,14,50,28,60,POC,27,96.43,RTH_OPEN,3atr,true
R04,APPROACH_FROM_BELOW,C02_ACTIVITY_MATCHED,16,37.21,43,60,POC,43,100,ALL_SESSIONS,3atr,false
R04,APPROACH_FROM_BELOW,C02_ACTIVITY_MATCHED,1,100,1,60,POC,1,100,RTH_MIDDAY,3atr,true
R04,APPROACH_FROM_BELOW,C02_ACTIVITY_MATCHED,2,25,8,60,POC,8,100,RTH_MORNING,3atr,true
R04,APPROACH_FROM_BELOW,C02_ACTIVITY_MATCHED,13,38.24,34,60,POC,34,100,RTH_OPEN,3atr,false
R05,APPROACH_FROM_BELOW,C02_ACTIVITY_MATCHED,27,54,50,60,POC,43,86,ALL_SESSIONS,3atr,false
R05,APPROACH_FROM_BELOW,C02_ACTIVITY_MATCHED,2,100,2,60,POC,0,0,RTH_AFTERNOON,3atr,true
R05,APPROACH_FROM_BELOW,C02_ACTIVITY_MATCHED,6,85.71,7,60,POC,6,85.71,RTH_MIDDAY,3atr,true
R05,APPROACH_FROM_BELOW,C02_ACTIVITY_MATCHED,19,46.34,41,60,POC,37,90.24,RTH_MORNING,3atr,false
ALL_ANCHORS,APPROACH_FROM_ABOVE,TREATED,111,45.87,242,60,POC,207,85.54,ALL_SESSIONS,3atr,false
ALL_ANCHORS,APPROACH_FROM_ABOVE,TREATED,14,40,35,60,POC,28,80,ETH_EVENING,3atr,false
ALL_ANCHORS,APPROACH_FROM_ABOVE,TREATED,10,58.82,17,60,POC,12,70.59,ETH_OVERNIGHT,3atr,true
ALL_ANCHORS,APPROACH_FROM_ABOVE,TREATED,6,50,12,60,POC,11,91.67,RTH_AFTERNOON,3atr,true
ALL_ANCHORS,APPROACH_FROM_ABOVE,TREATED,12,50,24,60,POC,19,79.17,RTH_MIDDAY,3atr,true
ALL_ANCHORS,APPROACH_FROM_ABOVE,TREATED,24,42.11,57,60,POC,48,84.21,RTH_MORNING,3atr,false
ALL_ANCHORS,APPROACH_FROM_ABOVE,TREATED,45,46.39,97,60,POC,89,91.75,RTH_OPEN,3atr,false
R01,APPROACH_FROM_ABOVE,TREATED,24,46.15,52,60,POC,40,76.92,ALL_SESSIONS,3atr,false
R01,APPROACH_FROM_ABOVE,TREATED,14,40,35,60,POC,28,80,ETH_EVENING,3atr,false
R01,APPROACH_FROM_ABOVE,TREATED,10,58.82,17,60,POC,12,70.59,ETH_OVERNIGHT,3atr,true
R02,APPROACH_FROM_ABOVE,TREATED,18,43.9,41,60,POC,35,85.37,ALL_SESSIONS,3atr,false
R02,APPROACH_FROM_ABOVE,TREATED,2,100,2,60,POC,1,50,RTH_AFTERNOON,3atr,true
R02,APPROACH_FROM_ABOVE,TREATED,3,42.86,7,60,POC,6,85.71,RTH_MIDDAY,3atr,true
R02,APPROACH_FROM_ABOVE,TREATED,2,28.57,7,60,POC,6,85.71,RTH_MORNING,3atr,true
R02,APPROACH_FROM_ABOVE,TREATED,11,44,25,60,POC,22,88,RTH_OPEN,3atr,true
R03,APPROACH_FROM_ABOVE,TREATED,22,45.83,48,60,POC,43,89.58,ALL_SESSIONS,3atr,false
R03,APPROACH_FROM_ABOVE,TREATED,2,66.67,3,60,POC,3,100,RTH_AFTERNOON,3atr,true
R03,APPROACH_FROM_ABOVE,TREATED,2,50,4,60,POC,3,75,RTH_MIDDAY,3atr,true
R03,APPROACH_FROM_ABOVE,TREATED,2,28.57,7,60,POC,6,85.71,RTH_MORNING,3atr,true
R03,APPROACH_FROM_ABOVE,TREATED,16,47.06,34,60,POC,31,91.18,RTH_OPEN,3atr,false
R04,APPROACH_FROM_ABOVE,TREATED,23,46.94,49,60,POC,45,91.84,ALL_SESSIONS,3atr,false
R04,APPROACH_FROM_ABOVE,TREATED,1,33.33,3,60,POC,3,100,RTH_AFTERNOON,3atr,true
R04,APPROACH_FROM_ABOVE,TREATED,1,50,2,60,POC,1,50,RTH_MIDDAY,3atr,true
R04,APPROACH_FROM_ABOVE,TREATED,3,50,6,60,POC,5,83.33,RTH_MORNING,3atr,true
R04,APPROACH_FROM_ABOVE,TREATED,18,47.37,38,60,POC,36,94.74,RTH_OPEN,3atr,false
R05,APPROACH_FROM_ABOVE,TREATED,24,46.15,52,60,POC,44,84.62,ALL_SESSIONS,3atr,false
R05,APPROACH_FROM_ABOVE,TREATED,1,25,4,60,POC,4,100,RTH_AFTERNOON,3atr,true
R05,APPROACH_FROM_ABOVE,TREATED,6,54.55,11,60,POC,9,81.82,RTH_MIDDAY,3atr,true
R05,APPROACH_FROM_ABOVE,TREATED,17,45.95,37,60,POC,31,83.78,RTH_MORNING,3atr,false
ALL_ANCHORS,APPROACH_FROM_BELOW,TREATED,97,41.45,234,60,POC,205,87.61,ALL_SESSIONS,3atr,false
ALL_ANCHORS,APPROACH_FROM_BELOW,TREATED,11,52.38,21,60,POC,18,85.71,ETH_EVENING,3atr,true
ALL_ANCHORS,APPROACH_FROM_BELOW,TREATED,8,47.06,17,60,POC,10,58.82,ETH_OVERNIGHT,3atr,true
ALL_ANCHORS,APPROACH_FROM_BELOW,TREATED,1,33.33,3,60,POC,3,100,RTH_AFTERNOON,3atr,true
ALL_ANCHORS,APPROACH_FROM_BELOW,TREATED,8,42.11,19,60,POC,15,78.95,RTH_MIDDAY,3atr,true
ALL_ANCHORS,APPROACH_FROM_BELOW,TREATED,30,38.96,77,60,POC,66,85.71,RTH_MORNING,3atr,false
ALL_ANCHORS,APPROACH_FROM_BELOW,TREATED,39,40.21,97,60,POC,93,95.88,RTH_OPEN,3atr,false
R01,APPROACH_FROM_BELOW,TREATED,19,50,38,60,POC,28,73.68,ALL_SESSIONS,3atr,false
R01,APPROACH_FROM_BELOW,TREATED,11,52.38,21,60,POC,18,85.71,ETH_EVENING,3atr,true
R01,APPROACH_FROM_BELOW,TREATED,8,47.06,17,60,POC,10,58.82,ETH_OVERNIGHT,3atr,true
R02,APPROACH_FROM_BELOW,TREATED,22,44,50,60,POC,44,88,ALL_SESSIONS,3atr,false
R02,APPROACH_FROM_BELOW,TREATED,3,50,6,60,POC,3,50,RTH_MIDDAY,3atr,true
R02,APPROACH_FROM_BELOW,TREATED,6,46.15,13,60,POC,12,92.31,RTH_MORNING,3atr,true
R02,APPROACH_FROM_BELOW,TREATED,13,41.94,31,60,POC,29,93.55,RTH_OPEN,3atr,false
R03,APPROACH_FROM_BELOW,TREATED,20,42.55,47,60,POC,45,95.74,ALL_SESSIONS,3atr,false
R03,APPROACH_FROM_BELOW,TREATED,0,0,2,60,POC,2,100,RTH_AFTERNOON,3atr,true
R03,APPROACH_FROM_BELOW,TREATED,2,66.67,3,60,POC,3,100,RTH_MIDDAY,3atr,true
R03,APPROACH_FROM_BELOW,TREATED,4,40,10,60,POC,9,90,RTH_MORNING,3atr,true
R03,APPROACH_FROM_BELOW,TREATED,14,43.75,32,60,POC,31,96.88,RTH_OPEN,3atr,false
R04,APPROACH_FROM_BELOW,TREATED,14,32.56,43,60,POC,42,97.67,ALL_SESSIONS,3atr,false
R04,APPROACH_FROM_BELOW,TREATED,0,0,2,60,POC,2,100,RTH_MIDDAY,3atr,true
R04,APPROACH_FROM_BELOW,TREATED,2,28.57,7,60,POC,7,100,RTH_MORNING,3atr,true
R04,APPROACH_FROM_BELOW,TREATED,12,35.29,34,60,POC,33,97.06,RTH_OPEN,3atr,false
R05,APPROACH_FROM_BELOW,TREATED,22,39.29,56,60,POC,46,82.14,ALL_SESSIONS,3atr,false
R05,APPROACH_FROM_BELOW,TREATED,1,100,1,60,POC,1,100,RTH_AFTERNOON,3atr,true
R05,APPROACH_FROM_BELOW,TREATED,3,37.5,8,60,POC,7,87.5,RTH_MIDDAY,3atr,true
R05,APPROACH_FROM_BELOW,TREATED,18,38.3,47,60,POC,38,80.85,RTH_MORNING,3atr,false
ALL_ANCHORS,APPROACH_FROM_ABOVE,C01_NEUTRAL,65,44.83,145,15,NONPOC,106,73.1,ALL_SESSIONS,5atr,false
ALL_ANCHORS,APPROACH_FROM_ABOVE,C01_NEUTRAL,8,40,20,15,NONPOC,13,65,ETH_EVENING,5atr,true
ALL_ANCHORS,APPROACH_FROM_ABOVE,C01_NEUTRAL,8,42.11,19,15,NONPOC,12,63.16,ETH_OVERNIGHT,5atr,true
ALL_ANCHORS,APPROACH_FROM_ABOVE,C01_NEUTRAL,2,40,5,15,NONPOC,3,60,RTH_AFTERNOON,5atr,true
ALL_ANCHORS,APPROACH_FROM_ABOVE,C01_NEUTRAL,8,72.73,11,15,NONPOC,6,54.55,RTH_MIDDAY,5atr,true
ALL_ANCHORS,APPROACH_FROM_ABOVE,C01_NEUTRAL,16,41.03,39,15,NONPOC,29,74.36,RTH_MORNING,5atr,false
ALL_ANCHORS,APPROACH_FROM_ABOVE,C01_NEUTRAL,23,45.1,51,15,NONPOC,43,84.31,RTH_OPEN,5atr,false
R01,APPROACH_FROM_ABOVE,C01_NEUTRAL,16,41.03,39,15,NONPOC,25,64.1,ALL_SESSIONS,5atr,false
R01,APPROACH_FROM_ABOVE,C01_NEUTRAL,8,40,20,15,NONPOC,13,65,ETH_EVENING,5atr,true
R01,APPROACH_FROM_ABOVE,C01_NEUTRAL,8,42.11,19,15,NONPOC,12,63.16,ETH_OVERNIGHT,5atr,true
R02,APPROACH_FROM_ABOVE,C01_NEUTRAL,13,33.33,39,15,NONPOC,31,79.49,ALL_SESSIONS,5atr,false
R02,APPROACH_FROM_ABOVE,C01_NEUTRAL,0,0,1,15,NONPOC,1,100,RTH_AFTERNOON,5atr,true
R02,APPROACH_FROM_ABOVE,C01_NEUTRAL,3,75,4,15,NONPOC,2,50,RTH_MIDDAY,5atr,true
R02,APPROACH_FROM_ABOVE,C01_NEUTRAL,0,0,8,15,NONPOC,6,75,RTH_MORNING,5atr,true
R02,APPROACH_FROM_ABOVE,C01_NEUTRAL,10,38.46,26,15,NONPOC,22,84.62,RTH_OPEN,5atr,true
R03,APPROACH_FROM_ABOVE,C01_NEUTRAL,16,51.61,31,15,NONPOC,25,80.65,ALL_SESSIONS,5atr,false
R03,APPROACH_FROM_ABOVE,C01_NEUTRAL,1,50,2,15,NONPOC,1,50,RTH_AFTERNOON,5atr,true
R03,APPROACH_FROM_ABOVE,C01_NEUTRAL,3,75,4,15,NONPOC,2,50,RTH_MIDDAY,5atr,true
R03,APPROACH_FROM_ABOVE,C01_NEUTRAL,1,33.33,3,15,NONPOC,3,100,RTH_MORNING,5atr,true
R03,APPROACH_FROM_ABOVE,C01_NEUTRAL,11,50,22,15,NONPOC,19,86.36,RTH_OPEN,5atr,true
R04,APPROACH_FROM_ABOVE,C01_NEUTRAL,3,50,6,15,NONPOC,5,83.33,ALL_SESSIONS,5atr,true
R04,APPROACH_FROM_ABOVE,C01_NEUTRAL,0,0,1,15,NONPOC,1,100,RTH_AFTERNOON,5atr,true
R04,APPROACH_FROM_ABOVE,C01_NEUTRAL,1,50,2,15,NONPOC,2,100,RTH_MORNING,5atr,true
R04,APPROACH_FROM_ABOVE,C01_NEUTRAL,2,66.67,3,15,NONPOC,2,66.67,RTH_OPEN,5atr,true
R05,APPROACH_FROM_ABOVE,C01_NEUTRAL,17,56.67,30,15,NONPOC,20,66.67,ALL_SESSIONS,5atr,false
R05,APPROACH_FROM_ABOVE,C01_NEUTRAL,1,100,1,15,NONPOC,0,0,RTH_AFTERNOON,5atr,true
R05,APPROACH_FROM_ABOVE,C01_NEUTRAL,2,66.67,3,15,NONPOC,2,66.67,RTH_MIDDAY,5atr,true
R05,APPROACH_FROM_ABOVE,C01_NEUTRAL,14,53.85,26,15,NONPOC,18,69.23,RTH_MORNING,5atr,true
ALL_ANCHORS,APPROACH_FROM_BELOW,C01_NEUTRAL,60,51.72,116,15,NONPOC,84,72.41,ALL_SESSIONS,5atr,false
ALL_ANCHORS,APPROACH_FROM_BELOW,C01_NEUTRAL,4,26.67,15,15,NONPOC,13,86.67,ETH_EVENING,5atr,true
ALL_ANCHORS,APPROACH_FROM_BELOW,C01_NEUTRAL,2,25,8,15,NONPOC,1,12.5,ETH_OVERNIGHT,5atr,true
ALL_ANCHORS,APPROACH_FROM_BELOW,C01_NEUTRAL,6,75,8,15,NONPOC,8,100,RTH_AFTERNOON,5atr,true
ALL_ANCHORS,APPROACH_FROM_BELOW,C01_NEUTRAL,12,80,15,15,NONPOC,6,40,RTH_MIDDAY,5atr,true
ALL_ANCHORS,APPROACH_FROM_BELOW,C01_NEUTRAL,16,59.26,27,15,NONPOC,19,70.37,RTH_MORNING,5atr,true
ALL_ANCHORS,APPROACH_FROM_BELOW,C01_NEUTRAL,20,46.51,43,15,NONPOC,37,86.05,RTH_OPEN,5atr,false
R01,APPROACH_FROM_BELOW,C01_NEUTRAL,6,26.09,23,15,NONPOC,14,60.87,ALL_SESSIONS,5atr,true
R01,APPROACH_FROM_BELOW,C01_NEUTRAL,4,26.67,15,15,NONPOC,13,86.67,ETH_EVENING,5atr,true
R01,APPROACH_FROM_BELOW,C01_NEUTRAL,2,25,8,15,NONPOC,1,12.5,ETH_OVERNIGHT,5atr,true
R02,APPROACH_FROM_BELOW,C01_NEUTRAL,18,52.94,34,15,NONPOC,25,73.53,ALL_SESSIONS,5atr,false
R02,APPROACH_FROM_BELOW,C01_NEUTRAL,2,100,2,15,NONPOC,2,100,RTH_AFTERNOON,5atr,true
R02,APPROACH_FROM_BELOW,C01_NEUTRAL,3,75,4,15,NONPOC,1,25,RTH_MIDDAY,5atr,true
R02,APPROACH_FROM_BELOW,C01_NEUTRAL,4,80,5,15,NONPOC,3,60,RTH_MORNING,5atr,true
R02,APPROACH_FROM_BELOW,C01_NEUTRAL,9,39.13,23,15,NONPOC,19,82.61,RTH_OPEN,5atr,true
R03,APPROACH_FROM_BELOW,C01_NEUTRAL,14,45.16,31,15,NONPOC,27,87.1,ALL_SESSIONS,5atr,false
R03,APPROACH_FROM_BELOW,C01_NEUTRAL,4,66.67,6,15,NONPOC,6,100,RTH_AFTERNOON,5atr,true
R03,APPROACH_FROM_BELOW,C01_NEUTRAL,1,50,2,15,NONPOC,0,0,RTH_MIDDAY,5atr,true
R03,APPROACH_FROM_BELOW,C01_NEUTRAL,2,28.57,7,15,NONPOC,6,85.71,RTH_MORNING,5atr,true
R03,APPROACH_FROM_BELOW,C01_NEUTRAL,7,43.75,16,15,NONPOC,15,93.75,RTH_OPEN,5atr,true
R04,APPROACH_FROM_BELOW,C01_NEUTRAL,4,66.67,6,15,NONPOC,5,83.33,ALL_SESSIONS,5atr,true
R04,APPROACH_FROM_BELOW,C01_NEUTRAL,0,0,1,15,NONPOC,1,100,RTH_MIDDAY,5atr,true
R04,APPROACH_FROM_BELOW,C01_NEUTRAL,0,0,1,15,NONPOC,1,100,RTH_MORNING,5atr,true
R04,APPROACH_FROM_BELOW,C01_NEUTRAL,4,100,4,15,NONPOC,3,75,RTH_OPEN,5atr,true
R05,APPROACH_FROM_BELOW,C01_NEUTRAL,18,81.82,22,15,NONPOC,13,59.09,ALL_SESSIONS,5atr,true
R05,APPROACH_FROM_BELOW,C01_NEUTRAL,8,100,8,15,NONPOC,4,50,RTH_MIDDAY,5atr,true
R05,APPROACH_FROM_BELOW,C01_NEUTRAL,10,71.43,14,15,NONPOC,9,64.29,RTH_MORNING,5atr,true
ALL_ANCHORS,APPROACH_FROM_ABOVE,C02_ACTIVITY_MATCHED,56,45.53,123,15,NONPOC,95,77.24,ALL_SESSIONS,5atr,false
ALL_ANCHORS,APPROACH_FROM_ABOVE,C02_ACTIVITY_MATCHED,6,31.58,19,15,NONPOC,13,68.42,ETH_EVENING,5atr,true
ALL_ANCHORS,APPROACH_FROM_ABOVE,C02_ACTIVITY_MATCHED,7,70,10,15,NONPOC,4,40,ETH_OVERNIGHT,5atr,true
ALL_ANCHORS,APPROACH_FROM_ABOVE,C02_ACTIVITY_MATCHED,2,66.67,3,15,NONPOC,1,33.33,RTH_AFTERNOON,5atr,true
ALL_ANCHORS,APPROACH_FROM_ABOVE,C02_ACTIVITY_MATCHED,4,44.44,9,15,NONPOC,8,88.89,RTH_MIDDAY,5atr,true
ALL_ANCHORS,APPROACH_FROM_ABOVE,C02_ACTIVITY_MATCHED,18,58.06,31,15,NONPOC,25,80.65,RTH_MORNING,5atr,false
ALL_ANCHORS,APPROACH_FROM_ABOVE,C02_ACTIVITY_MATCHED,19,37.25,51,15,NONPOC,44,86.27,RTH_OPEN,5atr,false
R01,APPROACH_FROM_ABOVE,C02_ACTIVITY_MATCHED,13,44.83,29,15,NONPOC,17,58.62,ALL_SESSIONS,5atr,true
R01,APPROACH_FROM_ABOVE,C02_ACTIVITY_MATCHED,6,31.58,19,15,NONPOC,13,68.42,ETH_EVENING,5atr,true
R01,APPROACH_FROM_ABOVE,C02_ACTIVITY_MATCHED,7,70,10,15,NONPOC,4,40,ETH_OVERNIGHT,5atr,true
R02,APPROACH_FROM_ABOVE,C02_ACTIVITY_MATCHED,13,37.14,35,15,NONPOC,28,80,ALL_SESSIONS,5atr,false
R02,APPROACH_FROM_ABOVE,C02_ACTIVITY_MATCHED,3,60,5,15,NONPOC,4,80,RTH_MIDDAY,5atr,true
R02,APPROACH_FROM_ABOVE,C02_ACTIVITY_MATCHED,3,42.86,7,15,NONPOC,6,85.71,RTH_MORNING,5atr,true
R02,APPROACH_FROM_ABOVE,C02_ACTIVITY_MATCHED,7,30.43,23,15,NONPOC,18,78.26,RTH_OPEN,5atr,true
R03,APPROACH_FROM_ABOVE,C02_ACTIVITY_MATCHED,17,56.67,30,15,NONPOC,28,93.33,ALL_SESSIONS,5atr,false
R03,APPROACH_FROM_ABOVE,C02_ACTIVITY_MATCHED,5,100,5,15,NONPOC,5,100,RTH_MORNING,5atr,true
R03,APPROACH_FROM_ABOVE,C02_ACTIVITY_MATCHED,12,48,25,15,NONPOC,23,92,RTH_OPEN,5atr,true
R04,APPROACH_FROM_ABOVE,C02_ACTIVITY_MATCHED,0,0,5,15,NONPOC,5,100,ALL_SESSIONS,5atr,true
R04,APPROACH_FROM_ABOVE,C02_ACTIVITY_MATCHED,0,0,1,15,NONPOC,1,100,RTH_AFTERNOON,5atr,true
R04,APPROACH_FROM_ABOVE,C02_ACTIVITY_MATCHED,0,0,1,15,NONPOC,1,100,RTH_MORNING,5atr,true
R04,APPROACH_FROM_ABOVE,C02_ACTIVITY_MATCHED,0,0,3,15,NONPOC,3,100,RTH_OPEN,5atr,true
R05,APPROACH_FROM_ABOVE,C02_ACTIVITY_MATCHED,13,54.17,24,15,NONPOC,17,70.83,ALL_SESSIONS,5atr,true
R05,APPROACH_FROM_ABOVE,C02_ACTIVITY_MATCHED,2,100,2,15,NONPOC,0,0,RTH_AFTERNOON,5atr,true
R05,APPROACH_FROM_ABOVE,C02_ACTIVITY_MATCHED,1,25,4,15,NONPOC,4,100,RTH_MIDDAY,5atr,true
R05,APPROACH_FROM_ABOVE,C02_ACTIVITY_MATCHED,10,55.56,18,15,NONPOC,13,72.22,RTH_MORNING,5atr,true
ALL_ANCHORS,APPROACH_FROM_BELOW,C02_ACTIVITY_MATCHED,47,45.63,103,15,NONPOC,86,83.5,ALL_SESSIONS,5atr,false
ALL_ANCHORS,APPROACH_FROM_BELOW,C02_ACTIVITY_MATCHED,6,40,15,15,NONPOC,10,66.67,ETH_EVENING,5atr,true
ALL_ANCHORS,APPROACH_FROM_BELOW,C02_ACTIVITY_MATCHED,4,44.44,9,15,NONPOC,5,55.56,ETH_OVERNIGHT,5atr,true
ALL_ANCHORS,APPROACH_FROM_BELOW,C02_ACTIVITY_MATCHED,3,37.5,8,15,NONPOC,7,87.5,RTH_AFTERNOON,5atr,true
ALL_ANCHORS,APPROACH_FROM_BELOW,C02_ACTIVITY_MATCHED,6,54.55,11,15,NONPOC,10,90.91,RTH_MIDDAY,5atr,true
ALL_ANCHORS,APPROACH_FROM_BELOW,C02_ACTIVITY_MATCHED,8,38.1,21,15,NONPOC,17,80.95,RTH_MORNING,5atr,true
ALL_ANCHORS,APPROACH_FROM_BELOW,C02_ACTIVITY_MATCHED,20,51.28,39,15,NONPOC,37,94.87,RTH_OPEN,5atr,false
R01,APPROACH_FROM_BELOW,C02_ACTIVITY_MATCHED,10,41.67,24,15,NONPOC,15,62.5,ALL_SESSIONS,5atr,true
R01,APPROACH_FROM_BELOW,C02_ACTIVITY_MATCHED,6,40,15,15,NONPOC,10,66.67,ETH_EVENING,5atr,true
R01,APPROACH_FROM_BELOW,C02_ACTIVITY_MATCHED,4,44.44,9,15,NONPOC,5,55.56,ETH_OVERNIGHT,5atr,true
R02,APPROACH_FROM_BELOW,C02_ACTIVITY_MATCHED,10,35.71,28,15,NONPOC,27,96.43,ALL_SESSIONS,5atr,true
R02,APPROACH_FROM_BELOW,C02_ACTIVITY_MATCHED,0,0,3,15,NONPOC,3,100,RTH_AFTERNOON,5atr,true
R02,APPROACH_FROM_BELOW,C02_ACTIVITY_MATCHED,1,25,4,15,NONPOC,4,100,RTH_MORNING,5atr,true
R02,APPROACH_FROM_BELOW,C02_ACTIVITY_MATCHED,9,42.86,21,15,NONPOC,20,95.24,RTH_OPEN,5atr,true
R03,APPROACH_FROM_BELOW,C02_ACTIVITY_MATCHED,12,48,25,15,NONPOC,24,96,ALL_SESSIONS,5atr,true
R03,APPROACH_FROM_BELOW,C02_ACTIVITY_MATCHED,3,75,4,15,NONPOC,3,75,RTH_AFTERNOON,5atr,true
R03,APPROACH_FROM_BELOW,C02_ACTIVITY_MATCHED,2,66.67,3,15,NONPOC,3,100,RTH_MIDDAY,5atr,true
R03,APPROACH_FROM_BELOW,C02_ACTIVITY_MATCHED,0,0,4,15,NONPOC,4,100,RTH_MORNING,5atr,true
R03,APPROACH_FROM_BELOW,C02_ACTIVITY_MATCHED,7,50,14,15,NONPOC,14,100,RTH_OPEN,5atr,true
R04,APPROACH_FROM_BELOW,C02_ACTIVITY_MATCHED,5,83.33,6,15,NONPOC,5,83.33,ALL_SESSIONS,5atr,true
R04,APPROACH_FROM_BELOW,C02_ACTIVITY_MATCHED,1,100,1,15,NONPOC,1,100,RTH_MIDDAY,5atr,true
R04,APPROACH_FROM_BELOW,C02_ACTIVITY_MATCHED,0,0,1,15,NONPOC,1,100,RTH_MORNING,5atr,true
R04,APPROACH_FROM_BELOW,C02_ACTIVITY_MATCHED,4,100,4,15,NONPOC,3,75,RTH_OPEN,5atr,true
R05,APPROACH_FROM_BELOW,C02_ACTIVITY_MATCHED,10,50,20,15,NONPOC,15,75,ALL_SESSIONS,5atr,true
R05,APPROACH_FROM_BELOW,C02_ACTIVITY_MATCHED,0,0,1,15,NONPOC,1,100,RTH_AFTERNOON,5atr,true
R05,APPROACH_FROM_BELOW,C02_ACTIVITY_MATCHED,3,42.86,7,15,NONPOC,6,85.71,RTH_MIDDAY,5atr,true
R05,APPROACH_FROM_BELOW,C02_ACTIVITY_MATCHED,7,58.33,12,15,NONPOC,8,66.67,RTH_MORNING,5atr,true
ALL_ANCHORS,APPROACH_FROM_ABOVE,TREATED,72,53.73,134,15,NONPOC,101,75.37,ALL_SESSIONS,5atr,false
ALL_ANCHORS,APPROACH_FROM_ABOVE,TREATED,8,47.06,17,15,NONPOC,11,64.71,ETH_EVENING,5atr,true
ALL_ANCHORS,APPROACH_FROM_ABOVE,TREATED,9,56.25,16,15,NONPOC,10,62.5,ETH_OVERNIGHT,5atr,true
ALL_ANCHORS,APPROACH_FROM_ABOVE,TREATED,3,75,4,15,NONPOC,1,25,RTH_AFTERNOON,5atr,true
ALL_ANCHORS,APPROACH_FROM_ABOVE,TREATED,9,75,12,15,NONPOC,7,58.33,RTH_MIDDAY,5atr,true
ALL_ANCHORS,APPROACH_FROM_ABOVE,TREATED,18,54.55,33,15,NONPOC,26,78.79,RTH_MORNING,5atr,false
ALL_ANCHORS,APPROACH_FROM_ABOVE,TREATED,25,48.08,52,15,NONPOC,46,88.46,RTH_OPEN,5atr,false
R01,APPROACH_FROM_ABOVE,TREATED,17,51.52,33,15,NONPOC,21,63.64,ALL_SESSIONS,5atr,false
R01,APPROACH_FROM_ABOVE,TREATED,8,47.06,17,15,NONPOC,11,64.71,ETH_EVENING,5atr,true
R01,APPROACH_FROM_ABOVE,TREATED,9,56.25,16,15,NONPOC,10,62.5,ETH_OVERNIGHT,5atr,true
R02,APPROACH_FROM_ABOVE,TREATED,23,57.5,40,15,NONPOC,32,80,ALL_SESSIONS,5atr,false
R02,APPROACH_FROM_ABOVE,TREATED,4,80,5,15,NONPOC,3,60,RTH_MIDDAY,5atr,true
R02,APPROACH_FROM_ABOVE,TREATED,6,75,8,15,NONPOC,6,75,RTH_MORNING,5atr,true
R02,APPROACH_FROM_ABOVE,TREATED,13,48.15,27,15,NONPOC,23,85.19,RTH_OPEN,5atr,true
R03,APPROACH_FROM_ABOVE,TREATED,17,54.84,31,15,NONPOC,25,80.65,ALL_SESSIONS,5atr,false
R03,APPROACH_FROM_ABOVE,TREATED,2,100,2,15,NONPOC,0,0,RTH_AFTERNOON,5atr,true
R03,APPROACH_FROM_ABOVE,TREATED,3,75,4,15,NONPOC,2,50,RTH_MIDDAY,5atr,true
R03,APPROACH_FROM_ABOVE,TREATED,2,66.67,3,15,NONPOC,3,100,RTH_MORNING,5atr,true
R03,APPROACH_FROM_ABOVE,TREATED,10,45.45,22,15,NONPOC,20,90.91,RTH_OPEN,5atr,true
R04,APPROACH_FROM_ABOVE,TREATED,3,50,6,15,NONPOC,6,100,ALL_SESSIONS,5atr,true
R04,APPROACH_FROM_ABOVE,TREATED,0,0,1,15,NONPOC,1,100,RTH_AFTERNOON,5atr,true
R04,APPROACH_FROM_ABOVE,TREATED,1,50,2,15,NONPOC,2,100,RTH_MORNING,5atr,true
R04,APPROACH_FROM_ABOVE,TREATED,2,66.67,3,15,NONPOC,3,100,RTH_OPEN,5atr,true
R05,APPROACH_FROM_ABOVE,TREATED,12,50,24,15,NONPOC,17,70.83,ALL_SESSIONS,5atr,true
R05,APPROACH_FROM_ABOVE,TREATED,1,100,1,15,NONPOC,0,0,RTH_AFTERNOON,5atr,true
R05,APPROACH_FROM_ABOVE,TREATED,2,66.67,3,15,NONPOC,2,66.67,RTH_MIDDAY,5atr,true
R05,APPROACH_FROM_ABOVE,TREATED,9,45,20,15,NONPOC,15,75,RTH_MORNING,5atr,true
ALL_ANCHORS,APPROACH_FROM_BELOW,TREATED,61,50,122,15,NONPOC,100,81.97,ALL_SESSIONS,5atr,false
ALL_ANCHORS,APPROACH_FROM_BELOW,TREATED,6,35.29,17,15,NONPOC,15,88.24,ETH_EVENING,5atr,true
ALL_ANCHORS,APPROACH_FROM_BELOW,TREATED,0,0,7,15,NONPOC,3,42.86,ETH_OVERNIGHT,5atr,true
ALL_ANCHORS,APPROACH_FROM_BELOW,TREATED,5,55.56,9,15,NONPOC,8,88.89,RTH_AFTERNOON,5atr,true
ALL_ANCHORS,APPROACH_FROM_BELOW,TREATED,7,46.67,15,15,NONPOC,6,40,RTH_MIDDAY,5atr,true
ALL_ANCHORS,APPROACH_FROM_BELOW,TREATED,16,64,25,15,NONPOC,22,88,RTH_MORNING,5atr,true
ALL_ANCHORS,APPROACH_FROM_BELOW,TREATED,27,55.1,49,15,NONPOC,46,93.88,RTH_OPEN,5atr,false
R01,APPROACH_FROM_BELOW,TREATED,6,25,24,15,NONPOC,18,75,ALL_SESSIONS,5atr,true
R01,APPROACH_FROM_BELOW,TREATED,6,35.29,17,15,NONPOC,15,88.24,ETH_EVENING,5atr,true
R01,APPROACH_FROM_BELOW,TREATED,0,0,7,15,NONPOC,3,42.86,ETH_OVERNIGHT,5atr,true
R02,APPROACH_FROM_BELOW,TREATED,19,50,38,15,NONPOC,33,86.84,ALL_SESSIONS,5atr,false
R02,APPROACH_FROM_BELOW,TREATED,1,33.33,3,15,NONPOC,3,100,RTH_AFTERNOON,5atr,true
R02,APPROACH_FROM_BELOW,TREATED,1,33.33,3,15,NONPOC,0,0,RTH_MIDDAY,5atr,true
R02,APPROACH_FROM_BELOW,TREATED,4,80,5,15,NONPOC,5,100,RTH_MORNING,5atr,true
R02,APPROACH_FROM_BELOW,TREATED,13,48.15,27,15,NONPOC,25,92.59,RTH_OPEN,5atr,true
R03,APPROACH_FROM_BELOW,TREATED,16,51.61,31,15,NONPOC,27,87.1,ALL_SESSIONS,5atr,false
R03,APPROACH_FROM_BELOW,TREATED,4,66.67,6,15,NONPOC,5,83.33,RTH_AFTERNOON,5atr,true
R03,APPROACH_FROM_BELOW,TREATED,0,0,2,15,NONPOC,0,0,RTH_MIDDAY,5atr,true
R03,APPROACH_FROM_BELOW,TREATED,2,33.33,6,15,NONPOC,5,83.33,RTH_MORNING,5atr,true
R03,APPROACH_FROM_BELOW,TREATED,10,58.82,17,15,NONPOC,17,100,RTH_OPEN,5atr,true
R04,APPROACH_FROM_BELOW,TREATED,4,57.14,7,15,NONPOC,6,85.71,ALL_SESSIONS,5atr,true
R04,APPROACH_FROM_BELOW,TREATED,0,0,1,15,NONPOC,1,100,RTH_MIDDAY,5atr,true
R04,APPROACH_FROM_BELOW,TREATED,0,0,1,15,NONPOC,1,100,RTH_MORNING,5atr,true
R04,APPROACH_FROM_BELOW,TREATED,4,80,5,15,NONPOC,4,80,RTH_OPEN,5atr,true
R05,APPROACH_FROM_BELOW,TREATED,16,72.73,22,15,NONPOC,16,72.73,ALL_SESSIONS,5atr,true
R05,APPROACH_FROM_BELOW,TREATED,6,66.67,9,15,NONPOC,5,55.56,RTH_MIDDAY,5atr,true
R05,APPROACH_FROM_BELOW,TREATED,10,76.92,13,15,NONPOC,11,84.62,RTH_MORNING,5atr,true
ALL_ANCHORS,APPROACH_FROM_ABOVE,C01_NEUTRAL,141,50.9,277,15,POC,194,70.04,ALL_SESSIONS,5atr,false
ALL_ANCHORS,APPROACH_FROM_ABOVE,C01_NEUTRAL,14,43.75,32,15,POC,17,53.12,ETH_EVENING,5atr,false
ALL_ANCHORS,APPROACH_FROM_ABOVE,C01_NEUTRAL,11,44,25,15,POC,13,52,ETH_OVERNIGHT,5atr,true
ALL_ANCHORS,APPROACH_FROM_ABOVE,C01_NEUTRAL,13,72.22,18,15,POC,11,61.11,RTH_AFTERNOON,5atr,true
ALL_ANCHORS,APPROACH_FROM_ABOVE,C01_NEUTRAL,10,41.67,24,15,POC,15,62.5,RTH_MIDDAY,5atr,true
ALL_ANCHORS,APPROACH_FROM_ABOVE,C01_NEUTRAL,51,69.86,73,15,POC,44,60.27,RTH_MORNING,5atr,false
ALL_ANCHORS,APPROACH_FROM_ABOVE,C01_NEUTRAL,42,40,105,15,POC,94,89.52,RTH_OPEN,5atr,false
R01,APPROACH_FROM_ABOVE,C01_NEUTRAL,25,43.86,57,15,POC,30,52.63,ALL_SESSIONS,5atr,false
R01,APPROACH_FROM_ABOVE,C01_NEUTRAL,14,43.75,32,15,POC,17,53.12,ETH_EVENING,5atr,false
R01,APPROACH_FROM_ABOVE,C01_NEUTRAL,11,44,25,15,POC,13,52,ETH_OVERNIGHT,5atr,true
R02,APPROACH_FROM_ABOVE,C01_NEUTRAL,24,60,40,15,POC,32,80,ALL_SESSIONS,5atr,false
R02,APPROACH_FROM_ABOVE,C01_NEUTRAL,1,50,2,15,POC,1,50,RTH_AFTERNOON,5atr,true
R02,APPROACH_FROM_ABOVE,C01_NEUTRAL,3,37.5,8,15,POC,7,87.5,RTH_MIDDAY,5atr,true
R02,APPROACH_FROM_ABOVE,C01_NEUTRAL,7,87.5,8,15,POC,6,75,RTH_MORNING,5atr,true
R02,APPROACH_FROM_ABOVE,C01_NEUTRAL,13,59.09,22,15,POC,18,81.82,RTH_OPEN,5atr,true
R03,APPROACH_FROM_ABOVE,C01_NEUTRAL,27,47.37,57,15,POC,49,85.96,ALL_SESSIONS,5atr,false
R03,APPROACH_FROM_ABOVE,C01_NEUTRAL,3,60,5,15,POC,4,80,RTH_AFTERNOON,5atr,true
R03,APPROACH_FROM_ABOVE,C01_NEUTRAL,3,75,4,15,POC,2,50,RTH_MIDDAY,5atr,true
R03,APPROACH_FROM_ABOVE,C01_NEUTRAL,5,55.56,9,15,POC,8,88.89,RTH_MORNING,5atr,true
R03,APPROACH_FROM_ABOVE,C01_NEUTRAL,16,41.03,39,15,POC,35,89.74,RTH_OPEN,5atr,false
R04,APPROACH_FROM_ABOVE,C01_NEUTRAL,23,38.98,59,15,POC,52,88.14,ALL_SESSIONS,5atr,false
R04,APPROACH_FROM_ABOVE,C01_NEUTRAL,3,60,5,15,POC,4,80,RTH_AFTERNOON,5atr,true
R04,APPROACH_FROM_ABOVE,C01_NEUTRAL,1,50,2,15,POC,1,50,RTH_MIDDAY,5atr,true
R04,APPROACH_FROM_ABOVE,C01_NEUTRAL,6,75,8,15,POC,6,75,RTH_MORNING,5atr,true
R04,APPROACH_FROM_ABOVE,C01_NEUTRAL,13,29.55,44,15,POC,41,93.18,RTH_OPEN,5atr,false
R05,APPROACH_FROM_ABOVE,C01_NEUTRAL,42,65.62,64,15,POC,31,48.44,ALL_SESSIONS,5atr,false
R05,APPROACH_FROM_ABOVE,C01_NEUTRAL,6,100,6,15,POC,2,33.33,RTH_AFTERNOON,5atr,true
R05,APPROACH_FROM_ABOVE,C01_NEUTRAL,3,30,10,15,POC,5,50,RTH_MIDDAY,5atr,true
R05,APPROACH_FROM_ABOVE,C01_NEUTRAL,33,68.75,48,15,POC,24,50,RTH_MORNING,5atr,false
ALL_ANCHORS,APPROACH_FROM_BELOW,C01_NEUTRAL,114,51.12,223,15,POC,178,79.82,ALL_SESSIONS,5atr,false
ALL_ANCHORS,APPROACH_FROM_BELOW,C01_NEUTRAL,13,59.09,22,15,POC,14,63.64,ETH_EVENING,5atr,true
ALL_ANCHORS,APPROACH_FROM_BELOW,C01_NEUTRAL,13,72.22,18,15,POC,8,44.44,ETH_OVERNIGHT,5atr,true
ALL_ANCHORS,APPROACH_FROM_BELOW,C01_NEUTRAL,2,50,4,15,POC,2,50,RTH_AFTERNOON,5atr,true
ALL_ANCHORS,APPROACH_FROM_BELOW,C01_NEUTRAL,10,55.56,18,15,POC,13,72.22,RTH_MIDDAY,5atr,true
ALL_ANCHORS,APPROACH_FROM_BELOW,C01_NEUTRAL,33,46.48,71,15,POC,59,83.1,RTH_MORNING,5atr,false
ALL_ANCHORS,APPROACH_FROM_BELOW,C01_NEUTRAL,43,47.78,90,15,POC,82,91.11,RTH_OPEN,5atr,false
R01,APPROACH_FROM_BELOW,C01_NEUTRAL,26,65,40,15,POC,22,55,ALL_SESSIONS,5atr,false
R01,APPROACH_FROM_BELOW,C01_NEUTRAL,13,59.09,22,15,POC,14,63.64,ETH_EVENING,5atr,true
R01,APPROACH_FROM_BELOW,C01_NEUTRAL,13,72.22,18,15,POC,8,44.44,ETH_OVERNIGHT,5atr,true
R02,APPROACH_FROM_BELOW,C01_NEUTRAL,25,52.08,48,15,POC,37,77.08,ALL_SESSIONS,5atr,false
R02,APPROACH_FROM_BELOW,C01_NEUTRAL,2,100,2,15,POC,0,0,RTH_AFTERNOON,5atr,true
R02,APPROACH_FROM_BELOW,C01_NEUTRAL,4,66.67,6,15,POC,2,33.33,RTH_MIDDAY,5atr,true
R02,APPROACH_FROM_BELOW,C01_NEUTRAL,4,36.36,11,15,POC,10,90.91,RTH_MORNING,5atr,true
R02,APPROACH_FROM_BELOW,C01_NEUTRAL,15,51.72,29,15,POC,25,86.21,RTH_OPEN,5atr,true
R03,APPROACH_FROM_BELOW,C01_NEUTRAL,17,42.5,40,15,POC,39,97.5,ALL_SESSIONS,5atr,false
R03,APPROACH_FROM_BELOW,C01_NEUTRAL,0,0,1,15,POC,1,100,RTH_AFTERNOON,5atr,true
R03,APPROACH_FROM_BELOW,C01_NEUTRAL,0,0,3,15,POC,3,100,RTH_MIDDAY,5atr,true
R03,APPROACH_FROM_BELOW,C01_NEUTRAL,3,42.86,7,15,POC,7,100,RTH_MORNING,5atr,true
R03,APPROACH_FROM_BELOW,C01_NEUTRAL,14,48.28,29,15,POC,28,96.55,RTH_OPEN,5atr,true
R04,APPROACH_FROM_BELOW,C01_NEUTRAL,16,39.02,41,15,POC,38,92.68,ALL_SESSIONS,5atr,false
R04,APPROACH_FROM_BELOW,C01_NEUTRAL,0,0,2,15,POC,2,100,RTH_MIDDAY,5atr,true
R04,APPROACH_FROM_BELOW,C01_NEUTRAL,2,28.57,7,15,POC,7,100,RTH_MORNING,5atr,true
R04,APPROACH_FROM_BELOW,C01_NEUTRAL,14,43.75,32,15,POC,29,90.62,RTH_OPEN,5atr,false
R05,APPROACH_FROM_BELOW,C01_NEUTRAL,30,55.56,54,15,POC,42,77.78,ALL_SESSIONS,5atr,false
R05,APPROACH_FROM_BELOW,C01_NEUTRAL,0,0,1,15,POC,1,100,RTH_AFTERNOON,5atr,true
R05,APPROACH_FROM_BELOW,C01_NEUTRAL,6,85.71,7,15,POC,6,85.71,RTH_MIDDAY,5atr,true
R05,APPROACH_FROM_BELOW,C01_NEUTRAL,24,52.17,46,15,POC,35,76.09,RTH_MORNING,5atr,false
ALL_ANCHORS,APPROACH_FROM_ABOVE,C02_ACTIVITY_MATCHED,99,55,180,15,POC,132,73.33,ALL_SESSIONS,5atr,false
ALL_ANCHORS,APPROACH_FROM_ABOVE,C02_ACTIVITY_MATCHED,10,45.45,22,15,POC,9,40.91,ETH_EVENING,5atr,true
ALL_ANCHORS,APPROACH_FROM_ABOVE,C02_ACTIVITY_MATCHED,12,92.31,13,15,POC,7,53.85,ETH_OVERNIGHT,5atr,true
ALL_ANCHORS,APPROACH_FROM_ABOVE,C02_ACTIVITY_MATCHED,5,50,10,15,POC,9,90,RTH_AFTERNOON,5atr,true
ALL_ANCHORS,APPROACH_FROM_ABOVE,C02_ACTIVITY_MATCHED,14,70,20,15,POC,10,50,RTH_MIDDAY,5atr,true
ALL_ANCHORS,APPROACH_FROM_ABOVE,C02_ACTIVITY_MATCHED,25,59.52,42,15,POC,29,69.05,RTH_MORNING,5atr,false
ALL_ANCHORS,APPROACH_FROM_ABOVE,C02_ACTIVITY_MATCHED,33,45.21,73,15,POC,68,93.15,RTH_OPEN,5atr,false
R01,APPROACH_FROM_ABOVE,C02_ACTIVITY_MATCHED,22,62.86,35,15,POC,16,45.71,ALL_SESSIONS,5atr,false
R01,APPROACH_FROM_ABOVE,C02_ACTIVITY_MATCHED,10,45.45,22,15,POC,9,40.91,ETH_EVENING,5atr,true
R01,APPROACH_FROM_ABOVE,C02_ACTIVITY_MATCHED,12,92.31,13,15,POC,7,53.85,ETH_OVERNIGHT,5atr,true
R02,APPROACH_FROM_ABOVE,C02_ACTIVITY_MATCHED,18,54.55,33,15,POC,27,81.82,ALL_SESSIONS,5atr,false
R02,APPROACH_FROM_ABOVE,C02_ACTIVITY_MATCHED,0,0,1,15,POC,1,100,RTH_AFTERNOON,5atr,true
R02,APPROACH_FROM_ABOVE,C02_ACTIVITY_MATCHED,3,50,6,15,POC,4,66.67,RTH_MIDDAY,5atr,true
R02,APPROACH_FROM_ABOVE,C02_ACTIVITY_MATCHED,2,50,4,15,POC,3,75,RTH_MORNING,5atr,true
R02,APPROACH_FROM_ABOVE,C02_ACTIVITY_MATCHED,13,59.09,22,15,POC,19,86.36,RTH_OPEN,5atr,true
R03,APPROACH_FROM_ABOVE,C02_ACTIVITY_MATCHED,13,43.33,30,15,POC,26,86.67,ALL_SESSIONS,5atr,false
R03,APPROACH_FROM_ABOVE,C02_ACTIVITY_MATCHED,1,50,2,15,POC,2,100,RTH_AFTERNOON,5atr,true
R03,APPROACH_FROM_ABOVE,C02_ACTIVITY_MATCHED,2,100,2,15,POC,0,0,RTH_MIDDAY,5atr,true
R03,APPROACH_FROM_ABOVE,C02_ACTIVITY_MATCHED,3,75,4,15,POC,3,75,RTH_MORNING,5atr,true
R03,APPROACH_FROM_ABOVE,C02_ACTIVITY_MATCHED,7,31.82,22,15,POC,21,95.45,RTH_OPEN,5atr,true
R04,APPROACH_FROM_ABOVE,C02_ACTIVITY_MATCHED,21,52.5,40,15,POC,35,87.5,ALL_SESSIONS,5atr,false
R04,APPROACH_FROM_ABOVE,C02_ACTIVITY_MATCHED,2,40,5,15,POC,5,100,RTH_AFTERNOON,5atr,true
R04,APPROACH_FROM_ABOVE,C02_ACTIVITY_MATCHED,2,100,2,15,POC,0,0,RTH_MIDDAY,5atr,true
R04,APPROACH_FROM_ABOVE,C02_ACTIVITY_MATCHED,4,100,4,15,POC,2,50,RTH_MORNING,5atr,true
R04,APPROACH_FROM_ABOVE,C02_ACTIVITY_MATCHED,13,44.83,29,15,POC,28,96.55,RTH_OPEN,5atr,true
R05,APPROACH_FROM_ABOVE,C02_ACTIVITY_MATCHED,25,59.52,42,15,POC,28,66.67,ALL_SESSIONS,5atr,false
R05,APPROACH_FROM_ABOVE,C02_ACTIVITY_MATCHED,2,100,2,15,POC,1,50,RTH_AFTERNOON,5atr,true
R05,APPROACH_FROM_ABOVE,C02_ACTIVITY_MATCHED,7,70,10,15,POC,6,60,RTH_MIDDAY,5atr,true
R05,APPROACH_FROM_ABOVE,C02_ACTIVITY_MATCHED,16,53.33,30,15,POC,21,70,RTH_MORNING,5atr,false
ALL_ANCHORS,APPROACH_FROM_BELOW,C02_ACTIVITY_MATCHED,94,47.47,198,15,POC,161,81.31,ALL_SESSIONS,5atr,false
ALL_ANCHORS,APPROACH_FROM_BELOW,C02_ACTIVITY_MATCHED,11,47.83,23,15,POC,11,47.83,ETH_EVENING,5atr,true
ALL_ANCHORS,APPROACH_FROM_BELOW,C02_ACTIVITY_MATCHED,6,50,12,15,POC,8,66.67,ETH_OVERNIGHT,5atr,true
ALL_ANCHORS,APPROACH_FROM_BELOW,C02_ACTIVITY_MATCHED,2,100,2,15,POC,0,0,RTH_AFTERNOON,5atr,true
ALL_ANCHORS,APPROACH_FROM_BELOW,C02_ACTIVITY_MATCHED,11,78.57,14,15,POC,10,71.43,RTH_MIDDAY,5atr,true
ALL_ANCHORS,APPROACH_FROM_BELOW,C02_ACTIVITY_MATCHED,22,33.85,65,15,POC,54,83.08,RTH_MORNING,5atr,false
ALL_ANCHORS,APPROACH_FROM_BELOW,C02_ACTIVITY_MATCHED,42,51.22,82,15,POC,78,95.12,RTH_OPEN,5atr,false
R01,APPROACH_FROM_BELOW,C02_ACTIVITY_MATCHED,17,48.57,35,15,POC,19,54.29,ALL_SESSIONS,5atr,false
R01,APPROACH_FROM_BELOW,C02_ACTIVITY_MATCHED,11,47.83,23,15,POC,11,47.83,ETH_EVENING,5atr,true
R01,APPROACH_FROM_BELOW,C02_ACTIVITY_MATCHED,6,50,12,15,POC,8,66.67,ETH_OVERNIGHT,5atr,true
R02,APPROACH_FROM_BELOW,C02_ACTIVITY_MATCHED,15,45.45,33,15,POC,28,84.85,ALL_SESSIONS,5atr,false
R02,APPROACH_FROM_BELOW,C02_ACTIVITY_MATCHED,4,100,4,15,POC,1,25,RTH_MIDDAY,5atr,true
R02,APPROACH_FROM_BELOW,C02_ACTIVITY_MATCHED,2,22.22,9,15,POC,8,88.89,RTH_MORNING,5atr,true
R02,APPROACH_FROM_BELOW,C02_ACTIVITY_MATCHED,9,45,20,15,POC,19,95,RTH_OPEN,5atr,true
R03,APPROACH_FROM_BELOW,C02_ACTIVITY_MATCHED,21,56.76,37,15,POC,34,91.89,ALL_SESSIONS,5atr,false
R03,APPROACH_FROM_BELOW,C02_ACTIVITY_MATCHED,2,100,2,15,POC,2,100,RTH_MIDDAY,5atr,true
R03,APPROACH_FROM_BELOW,C02_ACTIVITY_MATCHED,3,42.86,7,15,POC,7,100,RTH_MORNING,5atr,true
R03,APPROACH_FROM_BELOW,C02_ACTIVITY_MATCHED,16,57.14,28,15,POC,25,89.29,RTH_OPEN,5atr,true
R04,APPROACH_FROM_BELOW,C02_ACTIVITY_MATCHED,21,48.84,43,15,POC,42,97.67,ALL_SESSIONS,5atr,false
R04,APPROACH_FROM_BELOW,C02_ACTIVITY_MATCHED,1,100,1,15,POC,1,100,RTH_MIDDAY,5atr,true
R04,APPROACH_FROM_BELOW,C02_ACTIVITY_MATCHED,3,37.5,8,15,POC,7,87.5,RTH_MORNING,5atr,true
R04,APPROACH_FROM_BELOW,C02_ACTIVITY_MATCHED,17,50,34,15,POC,34,100,RTH_OPEN,5atr,false
R05,APPROACH_FROM_BELOW,C02_ACTIVITY_MATCHED,20,40,50,15,POC,38,76,ALL_SESSIONS,5atr,false
R05,APPROACH_FROM_BELOW,C02_ACTIVITY_MATCHED,2,100,2,15,POC,0,0,RTH_AFTERNOON,5atr,true
R05,APPROACH_FROM_BELOW,C02_ACTIVITY_MATCHED,4,57.14,7,15,POC,6,85.71,RTH_MIDDAY,5atr,true
R05,APPROACH_FROM_BELOW,C02_ACTIVITY_MATCHED,14,34.15,41,15,POC,32,78.05,RTH_MORNING,5atr,false
ALL_ANCHORS,APPROACH_FROM_ABOVE,TREATED,138,55.65,248,15,POC,181,72.98,ALL_SESSIONS,5atr,false
ALL_ANCHORS,APPROACH_FROM_ABOVE,TREATED,17,48.57,35,15,POC,21,60,ETH_EVENING,5atr,false
ALL_ANCHORS,APPROACH_FROM_ABOVE,TREATED,13,68.42,19,15,POC,12,63.16,ETH_OVERNIGHT,5atr,true
ALL_ANCHORS,APPROACH_FROM_ABOVE,TREATED,10,62.5,16,15,POC,10,62.5,RTH_AFTERNOON,5atr,true
ALL_ANCHORS,APPROACH_FROM_ABOVE,TREATED,15,62.5,24,15,POC,15,62.5,RTH_MIDDAY,5atr,true
ALL_ANCHORS,APPROACH_FROM_ABOVE,TREATED,39,68.42,57,15,POC,40,70.18,RTH_MORNING,5atr,false
ALL_ANCHORS,APPROACH_FROM_ABOVE,TREATED,44,45.36,97,15,POC,83,85.57,RTH_OPEN,5atr,false
R01,APPROACH_FROM_ABOVE,TREATED,30,55.56,54,15,POC,33,61.11,ALL_SESSIONS,5atr,false
R01,APPROACH_FROM_ABOVE,TREATED,17,48.57,35,15,POC,21,60,ETH_EVENING,5atr,false
R01,APPROACH_FROM_ABOVE,TREATED,13,68.42,19,15,POC,12,63.16,ETH_OVERNIGHT,5atr,true
R02,APPROACH_FROM_ABOVE,TREATED,21,48.84,43,15,POC,30,69.77,ALL_SESSIONS,5atr,false
R02,APPROACH_FROM_ABOVE,TREATED,1,25,4,15,POC,1,25,RTH_AFTERNOON,5atr,true
R02,APPROACH_FROM_ABOVE,TREATED,3,42.86,7,15,POC,6,85.71,RTH_MIDDAY,5atr,true
R02,APPROACH_FROM_ABOVE,TREATED,4,57.14,7,15,POC,5,71.43,RTH_MORNING,5atr,true
R02,APPROACH_FROM_ABOVE,TREATED,13,52,25,15,POC,18,72,RTH_OPEN,5atr,true
R03,APPROACH_FROM_ABOVE,TREATED,27,55.1,49,15,POC,40,81.63,ALL_SESSIONS,5atr,false
R03,APPROACH_FROM_ABOVE,TREATED,3,75,4,15,POC,3,75,RTH_AFTERNOON,5atr,true
R03,APPROACH_FROM_ABOVE,TREATED,3,75,4,15,POC,2,50,RTH_MIDDAY,5atr,true
R03,APPROACH_FROM_ABOVE,TREATED,5,71.43,7,15,POC,6,85.71,RTH_MORNING,5atr,true
R03,APPROACH_FROM_ABOVE,TREATED,16,47.06,34,15,POC,29,85.29,RTH_OPEN,5atr,false
R04,APPROACH_FROM_ABOVE,TREATED,23,46,50,15,POC,43,86,ALL_SESSIONS,5atr,false
R04,APPROACH_FROM_ABOVE,TREATED,2,50,4,15,POC,3,75,RTH_AFTERNOON,5atr,true
R04,APPROACH_FROM_ABOVE,TREATED,2,100,2,15,POC,0,0,RTH_MIDDAY,5atr,true
R04,APPROACH_FROM_ABOVE,TREATED,4,66.67,6,15,POC,4,66.67,RTH_MORNING,5atr,true
R04,APPROACH_FROM_ABOVE,TREATED,15,39.47,38,15,POC,36,94.74,RTH_OPEN,5atr,false
R05,APPROACH_FROM_ABOVE,TREATED,37,71.15,52,15,POC,35,67.31,ALL_SESSIONS,5atr,false
R05,APPROACH_FROM_ABOVE,TREATED,4,100,4,15,POC,3,75,RTH_AFTERNOON,5atr,true
R05,APPROACH_FROM_ABOVE,TREATED,7,63.64,11,15,POC,7,63.64,RTH_MIDDAY,5atr,true
R05,APPROACH_FROM_ABOVE,TREATED,26,70.27,37,15,POC,25,67.57,RTH_MORNING,5atr,false
ALL_ANCHORS,APPROACH_FROM_BELOW,TREATED,107,45.73,234,15,POC,183,78.21,ALL_SESSIONS,5atr,false
ALL_ANCHORS,APPROACH_FROM_BELOW,TREATED,13,68.42,19,15,POC,13,68.42,ETH_EVENING,5atr,true
ALL_ANCHORS,APPROACH_FROM_BELOW,TREATED,10,52.63,19,15,POC,8,42.11,ETH_OVERNIGHT,5atr,true
ALL_ANCHORS,APPROACH_FROM_BELOW,TREATED,1,33.33,3,15,POC,2,66.67,RTH_AFTERNOON,5atr,true
ALL_ANCHORS,APPROACH_FROM_BELOW,TREATED,13,68.42,19,15,POC,11,57.89,RTH_MIDDAY,5atr,true
ALL_ANCHORS,APPROACH_FROM_BELOW,TREATED,31,40.26,77,15,POC,59,76.62,RTH_MORNING,5atr,false
ALL_ANCHORS,APPROACH_FROM_BELOW,TREATED,39,40.21,97,15,POC,90,92.78,RTH_OPEN,5atr,false
R01,APPROACH_FROM_BELOW,TREATED,23,60.53,38,15,POC,21,55.26,ALL_SESSIONS,5atr,false
R01,APPROACH_FROM_BELOW,TREATED,13,68.42,19,15,POC,13,68.42,ETH_EVENING,5atr,true
R01,APPROACH_FROM_BELOW,TREATED,10,52.63,19,15,POC,8,42.11,ETH_OVERNIGHT,5atr,true
R02,APPROACH_FROM_BELOW,TREATED,21,41.18,51,15,POC,40,78.43,ALL_SESSIONS,5atr,false
R02,APPROACH_FROM_BELOW,TREATED,1,100,1,15,POC,0,0,RTH_AFTERNOON,5atr,true
R02,APPROACH_FROM_BELOW,TREATED,4,66.67,6,15,POC,1,16.67,RTH_MIDDAY,5atr,true
R02,APPROACH_FROM_BELOW,TREATED,5,38.46,13,15,POC,11,84.62,RTH_MORNING,5atr,true
R02,APPROACH_FROM_BELOW,TREATED,11,35.48,31,15,POC,28,90.32,RTH_OPEN,5atr,false
R03,APPROACH_FROM_BELOW,TREATED,20,43.48,46,15,POC,41,89.13,ALL_SESSIONS,5atr,false
R03,APPROACH_FROM_BELOW,TREATED,0,0,1,15,POC,1,100,RTH_AFTERNOON,5atr,true
R03,APPROACH_FROM_BELOW,TREATED,2,66.67,3,15,POC,2,66.67,RTH_MIDDAY,5atr,true
R03,APPROACH_FROM_BELOW,TREATED,3,30,10,15,POC,9,90,RTH_MORNING,5atr,true
R03,APPROACH_FROM_BELOW,TREATED,15,46.88,32,15,POC,29,90.62,RTH_OPEN,5atr,false
R04,APPROACH_FROM_BELOW,TREATED,17,39.53,43,15,POC,42,97.67,ALL_SESSIONS,5atr,false
R04,APPROACH_FROM_BELOW,TREATED,1,50,2,15,POC,2,100,RTH_MIDDAY,5atr,true
R04,APPROACH_FROM_BELOW,TREATED,3,42.86,7,15,POC,7,100,RTH_MORNING,5atr,true
R04,APPROACH_FROM_BELOW,TREATED,13,38.24,34,15,POC,33,97.06,RTH_OPEN,5atr,false
R05,APPROACH_FROM_BELOW,TREATED,26,46.43,56,15,POC,39,69.64,ALL_SESSIONS,5atr,false
R05,APPROACH_FROM_BELOW,TREATED,0,0,1,15,POC,1,100,RTH_AFTERNOON,5atr,true
R05,APPROACH_FROM_BELOW,TREATED,6,75,8,15,POC,6,75,RTH_MIDDAY,5atr,true
R05,APPROACH_FROM_BELOW,TREATED,20,42.55,47,15,POC,32,68.09,RTH_MORNING,5atr,false
ALL_ANCHORS,APPROACH_FROM_ABOVE,C01_NEUTRAL,67,46.53,144,30,NONPOC,106,73.61,ALL_SESSIONS,5atr,false
ALL_ANCHORS,APPROACH_FROM_ABOVE,C01_NEUTRAL,9,45,20,30,NONPOC,13,65,ETH_EVENING,5atr,true
ALL_ANCHORS,APPROACH_FROM_ABOVE,C01_NEUTRAL,9,47.37,19,30,NONPOC,12,63.16,ETH_OVERNIGHT,5atr,true
ALL_ANCHORS,APPROACH_FROM_ABOVE,C01_NEUTRAL,1,25,4,30,NONPOC,3,75,RTH_AFTERNOON,5atr,true
ALL_ANCHORS,APPROACH_FROM_ABOVE,C01_NEUTRAL,5,45.45,11,30,NONPOC,6,54.55,RTH_MIDDAY,5atr,true
ALL_ANCHORS,APPROACH_FROM_ABOVE,C01_NEUTRAL,14,35.9,39,30,NONPOC,29,74.36,RTH_MORNING,5atr,false
ALL_ANCHORS,APPROACH_FROM_ABOVE,C01_NEUTRAL,29,56.86,51,30,NONPOC,43,84.31,RTH_OPEN,5atr,false
R01,APPROACH_FROM_ABOVE,C01_NEUTRAL,18,46.15,39,30,NONPOC,25,64.1,ALL_SESSIONS,5atr,false
R01,APPROACH_FROM_ABOVE,C01_NEUTRAL,9,45,20,30,NONPOC,13,65,ETH_EVENING,5atr,true
R01,APPROACH_FROM_ABOVE,C01_NEUTRAL,9,47.37,19,30,NONPOC,12,63.16,ETH_OVERNIGHT,5atr,true
R02,APPROACH_FROM_ABOVE,C01_NEUTRAL,19,48.72,39,30,NONPOC,31,79.49,ALL_SESSIONS,5atr,false
R02,APPROACH_FROM_ABOVE,C01_NEUTRAL,0,0,1,30,NONPOC,1,100,RTH_AFTERNOON,5atr,true
R02,APPROACH_FROM_ABOVE,C01_NEUTRAL,1,25,4,30,NONPOC,2,50,RTH_MIDDAY,5atr,true
R02,APPROACH_FROM_ABOVE,C01_NEUTRAL,3,37.5,8,30,NONPOC,6,75,RTH_MORNING,5atr,true
R02,APPROACH_FROM_ABOVE,C01_NEUTRAL,15,57.69,26,30,NONPOC,22,84.62,RTH_OPEN,5atr,true
R03,APPROACH_FROM_ABOVE,C01_NEUTRAL,16,51.61,31,30,NONPOC,25,80.65,ALL_SESSIONS,5atr,false
R03,APPROACH_FROM_ABOVE,C01_NEUTRAL,1,50,2,30,NONPOC,1,50,RTH_AFTERNOON,5atr,true
R03,APPROACH_FROM_ABOVE,C01_NEUTRAL,3,75,4,30,NONPOC,2,50,RTH_MIDDAY,5atr,true
R03,APPROACH_FROM_ABOVE,C01_NEUTRAL,1,33.33,3,30,NONPOC,3,100,RTH_MORNING,5atr,true
R03,APPROACH_FROM_ABOVE,C01_NEUTRAL,11,50,22,30,NONPOC,19,86.36,RTH_OPEN,5atr,true
R04,APPROACH_FROM_ABOVE,C01_NEUTRAL,4,66.67,6,30,NONPOC,5,83.33,ALL_SESSIONS,5atr,true
R04,APPROACH_FROM_ABOVE,C01_NEUTRAL,0,0,1,30,NONPOC,1,100,RTH_AFTERNOON,5atr,true
R04,APPROACH_FROM_ABOVE,C01_NEUTRAL,1,50,2,30,NONPOC,2,100,RTH_MORNING,5atr,true
R04,APPROACH_FROM_ABOVE,C01_NEUTRAL,3,100,3,30,NONPOC,2,66.67,RTH_OPEN,5atr,true
R05,APPROACH_FROM_ABOVE,C01_NEUTRAL,10,34.48,29,30,NONPOC,20,68.97,ALL_SESSIONS,5atr,true
R05,APPROACH_FROM_ABOVE,C01_NEUTRAL,1,33.33,3,30,NONPOC,2,66.67,RTH_MIDDAY,5atr,true
R05,APPROACH_FROM_ABOVE,C01_NEUTRAL,9,34.62,26,30,NONPOC,18,69.23,RTH_MORNING,5atr,true
ALL_ANCHORS,APPROACH_FROM_BELOW,C01_NEUTRAL,58,50.88,114,30,NONPOC,84,73.68,ALL_SESSIONS,5atr,false
ALL_ANCHORS,APPROACH_FROM_BELOW,C01_NEUTRAL,6,40,15,30,NONPOC,13,86.67,ETH_EVENING,5atr,true
ALL_ANCHORS,APPROACH_FROM_BELOW,C01_NEUTRAL,4,57.14,7,30,NONPOC,1,14.29,ETH_OVERNIGHT,5atr,true
ALL_ANCHORS,APPROACH_FROM_BELOW,C01_NEUTRAL,3,37.5,8,30,NONPOC,8,100,RTH_AFTERNOON,5atr,true
ALL_ANCHORS,APPROACH_FROM_BELOW,C01_NEUTRAL,9,64.29,14,30,NONPOC,6,42.86,RTH_MIDDAY,5atr,true
ALL_ANCHORS,APPROACH_FROM_BELOW,C01_NEUTRAL,16,59.26,27,30,NONPOC,19,70.37,RTH_MORNING,5atr,true
ALL_ANCHORS,APPROACH_FROM_BELOW,C01_NEUTRAL,20,46.51,43,30,NONPOC,37,86.05,RTH_OPEN,5atr,false
R01,APPROACH_FROM_BELOW,C01_NEUTRAL,10,45.45,22,30,NONPOC,14,63.64,ALL_SESSIONS,5atr,true
R01,APPROACH_FROM_BELOW,C01_NEUTRAL,6,40,15,30,NONPOC,13,86.67,ETH_EVENING,5atr,true
R01,APPROACH_FROM_BELOW,C01_NEUTRAL,4,57.14,7,30,NONPOC,1,14.29,ETH_OVERNIGHT,5atr,true
R02,APPROACH_FROM_BELOW,C01_NEUTRAL,17,50,34,30,NONPOC,25,73.53,ALL_SESSIONS,5atr,false
R02,APPROACH_FROM_BELOW,C01_NEUTRAL,1,50,2,30,NONPOC,2,100,RTH_AFTERNOON,5atr,true
R02,APPROACH_FROM_BELOW,C01_NEUTRAL,3,75,4,30,NONPOC,1,25,RTH_MIDDAY,5atr,true
R02,APPROACH_FROM_BELOW,C01_NEUTRAL,3,60,5,30,NONPOC,3,60,RTH_MORNING,5atr,true
R02,APPROACH_FROM_BELOW,C01_NEUTRAL,10,43.48,23,30,NONPOC,19,82.61,RTH_OPEN,5atr,true
R03,APPROACH_FROM_BELOW,C01_NEUTRAL,12,38.71,31,30,NONPOC,27,87.1,ALL_SESSIONS,5atr,false
R03,APPROACH_FROM_BELOW,C01_NEUTRAL,2,33.33,6,30,NONPOC,6,100,RTH_AFTERNOON,5atr,true
R03,APPROACH_FROM_BELOW,C01_NEUTRAL,1,50,2,30,NONPOC,0,0,RTH_MIDDAY,5atr,true
R03,APPROACH_FROM_BELOW,C01_NEUTRAL,2,28.57,7,30,NONPOC,6,85.71,RTH_MORNING,5atr,true
R03,APPROACH_FROM_BELOW,C01_NEUTRAL,7,43.75,16,30,NONPOC,15,93.75,RTH_OPEN,5atr,true
R04,APPROACH_FROM_BELOW,C01_NEUTRAL,3,50,6,30,NONPOC,5,83.33,ALL_SESSIONS,5atr,true
R04,APPROACH_FROM_BELOW,C01_NEUTRAL,0,0,1,30,NONPOC,1,100,RTH_MIDDAY,5atr,true
R04,APPROACH_FROM_BELOW,C01_NEUTRAL,0,0,1,30,NONPOC,1,100,RTH_MORNING,5atr,true
R04,APPROACH_FROM_BELOW,C01_NEUTRAL,3,75,4,30,NONPOC,3,75,RTH_OPEN,5atr,true
R05,APPROACH_FROM_BELOW,C01_NEUTRAL,16,76.19,21,30,NONPOC,13,61.9,ALL_SESSIONS,5atr,true
R05,APPROACH_FROM_BELOW,C01_NEUTRAL,5,71.43,7,30,NONPOC,4,57.14,RTH_MIDDAY,5atr,true
R05,APPROACH_FROM_BELOW,C01_NEUTRAL,11,78.57,14,30,NONPOC,9,64.29,RTH_MORNING,5atr,true
ALL_ANCHORS,APPROACH_FROM_ABOVE,C02_ACTIVITY_MATCHED,48,39.67,121,30,NONPOC,95,78.51,ALL_SESSIONS,5atr,false
ALL_ANCHORS,APPROACH_FROM_ABOVE,C02_ACTIVITY_MATCHED,7,36.84,19,30,NONPOC,13,68.42,ETH_EVENING,5atr,true
ALL_ANCHORS,APPROACH_FROM_ABOVE,C02_ACTIVITY_MATCHED,7,77.78,9,30,NONPOC,4,44.44,ETH_OVERNIGHT,5atr,true
ALL_ANCHORS,APPROACH_FROM_ABOVE,C02_ACTIVITY_MATCHED,1,50,2,30,NONPOC,1,50,RTH_AFTERNOON,5atr,true
ALL_ANCHORS,APPROACH_FROM_ABOVE,C02_ACTIVITY_MATCHED,2,22.22,9,30,NONPOC,8,88.89,RTH_MIDDAY,5atr,true
ALL_ANCHORS,APPROACH_FROM_ABOVE,C02_ACTIVITY_MATCHED,12,38.71,31,30,NONPOC,25,80.65,RTH_MORNING,5atr,false
ALL_ANCHORS,APPROACH_FROM_ABOVE,C02_ACTIVITY_MATCHED,19,37.25,51,30,NONPOC,44,86.27,RTH_OPEN,5atr,false
R01,APPROACH_FROM_ABOVE,C02_ACTIVITY_MATCHED,14,50,28,30,NONPOC,17,60.71,ALL_SESSIONS,5atr,true
R01,APPROACH_FROM_ABOVE,C02_ACTIVITY_MATCHED,7,36.84,19,30,NONPOC,13,68.42,ETH_EVENING,5atr,true
R01,APPROACH_FROM_ABOVE,C02_ACTIVITY_MATCHED,7,77.78,9,30,NONPOC,4,44.44,ETH_OVERNIGHT,5atr,true
R02,APPROACH_FROM_ABOVE,C02_ACTIVITY_MATCHED,13,37.14,35,30,NONPOC,28,80,ALL_SESSIONS,5atr,false
R02,APPROACH_FROM_ABOVE,C02_ACTIVITY_MATCHED,2,40,5,30,NONPOC,4,80,RTH_MIDDAY,5atr,true
R02,APPROACH_FROM_ABOVE,C02_ACTIVITY_MATCHED,4,57.14,7,30,NONPOC,6,85.71,RTH_MORNING,5atr,true
R02,APPROACH_FROM_ABOVE,C02_ACTIVITY_MATCHED,7,30.43,23,30,NONPOC,18,78.26,RTH_OPEN,5atr,true
R03,APPROACH_FROM_ABOVE,C02_ACTIVITY_MATCHED,15,50,30,30,NONPOC,28,93.33,ALL_SESSIONS,5atr,false
R03,APPROACH_FROM_ABOVE,C02_ACTIVITY_MATCHED,3,60,5,30,NONPOC,5,100,RTH_MORNING,5atr,true
R03,APPROACH_FROM_ABOVE,C02_ACTIVITY_MATCHED,12,48,25,30,NONPOC,23,92,RTH_OPEN,5atr,true
R04,APPROACH_FROM_ABOVE,C02_ACTIVITY_MATCHED,0,0,5,30,NONPOC,5,100,ALL_SESSIONS,5atr,true
R04,APPROACH_FROM_ABOVE,C02_ACTIVITY_MATCHED,0,0,1,30,NONPOC,1,100,RTH_AFTERNOON,5atr,true
R04,APPROACH_FROM_ABOVE,C02_ACTIVITY_MATCHED,0,0,1,30,NONPOC,1,100,RTH_MORNING,5atr,true
R04,APPROACH_FROM_ABOVE,C02_ACTIVITY_MATCHED,0,0,3,30,NONPOC,3,100,RTH_OPEN,5atr,true
R05,APPROACH_FROM_ABOVE,C02_ACTIVITY_MATCHED,6,26.09,23,30,NONPOC,17,73.91,ALL_SESSIONS,5atr,true
R05,APPROACH_FROM_ABOVE,C02_ACTIVITY_MATCHED,1,100,1,30,NONPOC,0,0,RTH_AFTERNOON,5atr,true
R05,APPROACH_FROM_ABOVE,C02_ACTIVITY_MATCHED,0,0,4,30,NONPOC,4,100,RTH_MIDDAY,5atr,true
R05,APPROACH_FROM_ABOVE,C02_ACTIVITY_MATCHED,5,27.78,18,30,NONPOC,13,72.22,RTH_MORNING,5atr,true
ALL_ANCHORS,APPROACH_FROM_BELOW,C02_ACTIVITY_MATCHED,44,42.72,103,30,NONPOC,86,83.5,ALL_SESSIONS,5atr,false
ALL_ANCHORS,APPROACH_FROM_BELOW,C02_ACTIVITY_MATCHED,6,40,15,30,NONPOC,10,66.67,ETH_EVENING,5atr,true
ALL_ANCHORS,APPROACH_FROM_BELOW,C02_ACTIVITY_MATCHED,4,44.44,9,30,NONPOC,5,55.56,ETH_OVERNIGHT,5atr,true
ALL_ANCHORS,APPROACH_FROM_BELOW,C02_ACTIVITY_MATCHED,3,37.5,8,30,NONPOC,7,87.5,RTH_AFTERNOON,5atr,true
ALL_ANCHORS,APPROACH_FROM_BELOW,C02_ACTIVITY_MATCHED,4,36.36,11,30,NONPOC,10,90.91,RTH_MIDDAY,5atr,true
ALL_ANCHORS,APPROACH_FROM_BELOW,C02_ACTIVITY_MATCHED,7,33.33,21,30,NONPOC,17,80.95,RTH_MORNING,5atr,true
ALL_ANCHORS,APPROACH_FROM_BELOW,C02_ACTIVITY_MATCHED,20,51.28,39,30,NONPOC,37,94.87,RTH_OPEN,5atr,false
R01,APPROACH_FROM_BELOW,C02_ACTIVITY_MATCHED,10,41.67,24,30,NONPOC,15,62.5,ALL_SESSIONS,5atr,true
R01,APPROACH_FROM_BELOW,C02_ACTIVITY_MATCHED,6,40,15,30,NONPOC,10,66.67,ETH_EVENING,5atr,true
R01,APPROACH_FROM_BELOW,C02_ACTIVITY_MATCHED,4,44.44,9,30,NONPOC,5,55.56,ETH_OVERNIGHT,5atr,true
R02,APPROACH_FROM_BELOW,C02_ACTIVITY_MATCHED,8,28.57,28,30,NONPOC,27,96.43,ALL_SESSIONS,5atr,true
R02,APPROACH_FROM_BELOW,C02_ACTIVITY_MATCHED,0,0,3,30,NONPOC,3,100,RTH_AFTERNOON,5atr,true
R02,APPROACH_FROM_BELOW,C02_ACTIVITY_MATCHED,1,25,4,30,NONPOC,4,100,RTH_MORNING,5atr,true
R02,APPROACH_FROM_BELOW,C02_ACTIVITY_MATCHED,7,33.33,21,30,NONPOC,20,95.24,RTH_OPEN,5atr,true
R03,APPROACH_FROM_BELOW,C02_ACTIVITY_MATCHED,13,52,25,30,NONPOC,24,96,ALL_SESSIONS,5atr,true
R03,APPROACH_FROM_BELOW,C02_ACTIVITY_MATCHED,2,50,4,30,NONPOC,3,75,RTH_AFTERNOON,5atr,true
R03,APPROACH_FROM_BELOW,C02_ACTIVITY_MATCHED,1,33.33,3,30,NONPOC,3,100,RTH_MIDDAY,5atr,true
R03,APPROACH_FROM_BELOW,C02_ACTIVITY_MATCHED,1,25,4,30,NONPOC,4,100,RTH_MORNING,5atr,true
R03,APPROACH_FROM_BELOW,C02_ACTIVITY_MATCHED,9,64.29,14,30,NONPOC,14,100,RTH_OPEN,5atr,true
R04,APPROACH_FROM_BELOW,C02_ACTIVITY_MATCHED,4,66.67,6,30,NONPOC,5,83.33,ALL_SESSIONS,5atr,true
R04,APPROACH_FROM_BELOW,C02_ACTIVITY_MATCHED,0,0,1,30,NONPOC,1,100,RTH_MIDDAY,5atr,true
R04,APPROACH_FROM_BELOW,C02_ACTIVITY_MATCHED,0,0,1,30,NONPOC,1,100,RTH_MORNING,5atr,true
R04,APPROACH_FROM_BELOW,C02_ACTIVITY_MATCHED,4,100,4,30,NONPOC,3,75,RTH_OPEN,5atr,true
R05,APPROACH_FROM_BELOW,C02_ACTIVITY_MATCHED,9,45,20,30,NONPOC,15,75,ALL_SESSIONS,5atr,true
R05,APPROACH_FROM_BELOW,C02_ACTIVITY_MATCHED,1,100,1,30,NONPOC,1,100,RTH_AFTERNOON,5atr,true
R05,APPROACH_FROM_BELOW,C02_ACTIVITY_MATCHED,3,42.86,7,30,NONPOC,6,85.71,RTH_MIDDAY,5atr,true
R05,APPROACH_FROM_BELOW,C02_ACTIVITY_MATCHED,5,41.67,12,30,NONPOC,8,66.67,RTH_MORNING,5atr,true
ALL_ANCHORS,APPROACH_FROM_ABOVE,TREATED,62,46.97,132,30,NONPOC,100,75.76,ALL_SESSIONS,5atr,false
ALL_ANCHORS,APPROACH_FROM_ABOVE,TREATED,8,47.06,17,30,NONPOC,11,64.71,ETH_EVENING,5atr,true
ALL_ANCHORS,APPROACH_FROM_ABOVE,TREATED,6,40,15,30,NONPOC,9,60,ETH_OVERNIGHT,5atr,true
ALL_ANCHORS,APPROACH_FROM_ABOVE,TREATED,1,33.33,3,30,NONPOC,1,33.33,RTH_AFTERNOON,5atr,true
ALL_ANCHORS,APPROACH_FROM_ABOVE,TREATED,6,50,12,30,NONPOC,7,58.33,RTH_MIDDAY,5atr,true
ALL_ANCHORS,APPROACH_FROM_ABOVE,TREATED,10,30.3,33,30,NONPOC,26,78.79,RTH_MORNING,5atr,false
ALL_ANCHORS,APPROACH_FROM_ABOVE,TREATED,31,59.62,52,30,NONPOC,46,88.46,RTH_OPEN,5atr,false
R01,APPROACH_FROM_ABOVE,TREATED,14,43.75,32,30,NONPOC,20,62.5,ALL_SESSIONS,5atr,false
R01,APPROACH_FROM_ABOVE,TREATED,8,47.06,17,30,NONPOC,11,64.71,ETH_EVENING,5atr,true
R01,APPROACH_FROM_ABOVE,TREATED,6,40,15,30,NONPOC,9,60,ETH_OVERNIGHT,5atr,true
R02,APPROACH_FROM_ABOVE,TREATED,22,55,40,30,NONPOC,32,80,ALL_SESSIONS,5atr,false
R02,APPROACH_FROM_ABOVE,TREATED,2,40,5,30,NONPOC,3,60,RTH_MIDDAY,5atr,true
R02,APPROACH_FROM_ABOVE,TREATED,4,50,8,30,NONPOC,6,75,RTH_MORNING,5atr,true
R02,APPROACH_FROM_ABOVE,TREATED,16,59.26,27,30,NONPOC,23,85.19,RTH_OPEN,5atr,true
R03,APPROACH_FROM_ABOVE,TREATED,17,54.84,31,30,NONPOC,25,80.65,ALL_SESSIONS,5atr,false
R03,APPROACH_FROM_ABOVE,TREATED,1,50,2,30,NONPOC,0,0,RTH_AFTERNOON,5atr,true
R03,APPROACH_FROM_ABOVE,TREATED,3,75,4,30,NONPOC,2,50,RTH_MIDDAY,5atr,true
R03,APPROACH_FROM_ABOVE,TREATED,0,0,3,30,NONPOC,3,100,RTH_MORNING,5atr,true
R03,APPROACH_FROM_ABOVE,TREATED,13,59.09,22,30,NONPOC,20,90.91,RTH_OPEN,5atr,true
R04,APPROACH_FROM_ABOVE,TREATED,3,50,6,30,NONPOC,6,100,ALL_SESSIONS,5atr,true
R04,APPROACH_FROM_ABOVE,TREATED,0,0,1,30,NONPOC,1,100,RTH_AFTERNOON,5atr,true
R04,APPROACH_FROM_ABOVE,TREATED,1,50,2,30,NONPOC,2,100,RTH_MORNING,5atr,true
R04,APPROACH_FROM_ABOVE,TREATED,2,66.67,3,30,NONPOC,3,100,RTH_OPEN,5atr,true
R05,APPROACH_FROM_ABOVE,TREATED,6,26.09,23,30,NONPOC,17,73.91,ALL_SESSIONS,5atr,true
R05,APPROACH_FROM_ABOVE,TREATED,1,33.33,3,30,NONPOC,2,66.67,RTH_MIDDAY,5atr,true
R05,APPROACH_FROM_ABOVE,TREATED,5,25,20,30,NONPOC,15,75,RTH_MORNING,5atr,true
ALL_ANCHORS,APPROACH_FROM_BELOW,TREATED,52,42.98,121,30,NONPOC,100,82.64,ALL_SESSIONS,5atr,false
ALL_ANCHORS,APPROACH_FROM_BELOW,TREATED,7,41.18,17,30,NONPOC,15,88.24,ETH_EVENING,5atr,true
ALL_ANCHORS,APPROACH_FROM_BELOW,TREATED,2,28.57,7,30,NONPOC,3,42.86,ETH_OVERNIGHT,5atr,true
ALL_ANCHORS,APPROACH_FROM_BELOW,TREATED,3,33.33,9,30,NONPOC,8,88.89,RTH_AFTERNOON,5atr,true
ALL_ANCHORS,APPROACH_FROM_BELOW,TREATED,7,50,14,30,NONPOC,6,42.86,RTH_MIDDAY,5atr,true
ALL_ANCHORS,APPROACH_FROM_BELOW,TREATED,12,48,25,30,NONPOC,22,88,RTH_MORNING,5atr,true
ALL_ANCHORS,APPROACH_FROM_BELOW,TREATED,21,42.86,49,30,NONPOC,46,93.88,RTH_OPEN,5atr,false
R01,APPROACH_FROM_BELOW,TREATED,9,37.5,24,30,NONPOC,18,75,ALL_SESSIONS,5atr,true
R01,APPROACH_FROM_BELOW,TREATED,7,41.18,17,30,NONPOC,15,88.24,ETH_EVENING,5atr,true
R01,APPROACH_FROM_BELOW,TREATED,2,28.57,7,30,NONPOC,3,42.86,ETH_OVERNIGHT,5atr,true
R02,APPROACH_FROM_BELOW,TREATED,16,42.11,38,30,NONPOC,33,86.84,ALL_SESSIONS,5atr,false
R02,APPROACH_FROM_BELOW,TREATED,1,33.33,3,30,NONPOC,3,100,RTH_AFTERNOON,5atr,true
R02,APPROACH_FROM_BELOW,TREATED,2,66.67,3,30,NONPOC,0,0,RTH_MIDDAY,5atr,true
R02,APPROACH_FROM_BELOW,TREATED,2,40,5,30,NONPOC,5,100,RTH_MORNING,5atr,true
R02,APPROACH_FROM_BELOW,TREATED,11,40.74,27,30,NONPOC,25,92.59,RTH_OPEN,5atr,true
R03,APPROACH_FROM_BELOW,TREATED,10,32.26,31,30,NONPOC,27,87.1,ALL_SESSIONS,5atr,false
R03,APPROACH_FROM_BELOW,TREATED,2,33.33,6,30,NONPOC,5,83.33,RTH_AFTERNOON,5atr,true
R03,APPROACH_FROM_BELOW,TREATED,1,50,2,30,NONPOC,0,0,RTH_MIDDAY,5atr,true
R03,APPROACH_FROM_BELOW,TREATED,1,16.67,6,30,NONPOC,5,83.33,RTH_MORNING,5atr,true
R03,APPROACH_FROM_BELOW,TREATED,6,35.29,17,30,NONPOC,17,100,RTH_OPEN,5atr,true
R04,APPROACH_FROM_BELOW,TREATED,5,71.43,7,30,NONPOC,6,85.71,ALL_SESSIONS,5atr,true
R04,APPROACH_FROM_BELOW,TREATED,1,100,1,30,NONPOC,1,100,RTH_MIDDAY,5atr,true
R04,APPROACH_FROM_BELOW,TREATED,0,0,1,30,NONPOC,1,100,RTH_MORNING,5atr,true
R04,APPROACH_FROM_BELOW,TREATED,4,80,5,30,NONPOC,4,80,RTH_OPEN,5atr,true
R05,APPROACH_FROM_BELOW,TREATED,12,57.14,21,30,NONPOC,16,76.19,ALL_SESSIONS,5atr,true
R05,APPROACH_FROM_BELOW,TREATED,3,37.5,8,30,NONPOC,5,62.5,RTH_MIDDAY,5atr,true
R05,APPROACH_FROM_BELOW,TREATED,9,69.23,13,30,NONPOC,11,84.62,RTH_MORNING,5atr,true
ALL_ANCHORS,APPROACH_FROM_ABOVE,C01_NEUTRAL,140,50.91,275,30,POC,194,70.55,ALL_SESSIONS,5atr,false
ALL_ANCHORS,APPROACH_FROM_ABOVE,C01_NEUTRAL,16,50,32,30,POC,17,53.12,ETH_EVENING,5atr,false
ALL_ANCHORS,APPROACH_FROM_ABOVE,C01_NEUTRAL,12,48,25,30,POC,13,52,ETH_OVERNIGHT,5atr,true
ALL_ANCHORS,APPROACH_FROM_ABOVE,C01_NEUTRAL,7,43.75,16,30,POC,11,68.75,RTH_AFTERNOON,5atr,true
ALL_ANCHORS,APPROACH_FROM_ABOVE,C01_NEUTRAL,15,62.5,24,30,POC,15,62.5,RTH_MIDDAY,5atr,true
ALL_ANCHORS,APPROACH_FROM_ABOVE,C01_NEUTRAL,42,57.53,73,30,POC,44,60.27,RTH_MORNING,5atr,false
ALL_ANCHORS,APPROACH_FROM_ABOVE,C01_NEUTRAL,48,45.71,105,30,POC,94,89.52,RTH_OPEN,5atr,false
R01,APPROACH_FROM_ABOVE,C01_NEUTRAL,28,49.12,57,30,POC,30,52.63,ALL_SESSIONS,5atr,false
R01,APPROACH_FROM_ABOVE,C01_NEUTRAL,16,50,32,30,POC,17,53.12,ETH_EVENING,5atr,false
R01,APPROACH_FROM_ABOVE,C01_NEUTRAL,12,48,25,30,POC,13,52,ETH_OVERNIGHT,5atr,true
R02,APPROACH_FROM_ABOVE,C01_NEUTRAL,19,47.5,40,30,POC,32,80,ALL_SESSIONS,5atr,false
R02,APPROACH_FROM_ABOVE,C01_NEUTRAL,1,50,2,30,POC,1,50,RTH_AFTERNOON,5atr,true
R02,APPROACH_FROM_ABOVE,C01_NEUTRAL,4,50,8,30,POC,7,87.5,RTH_MIDDAY,5atr,true
R02,APPROACH_FROM_ABOVE,C01_NEUTRAL,6,75,8,30,POC,6,75,RTH_MORNING,5atr,true
R02,APPROACH_FROM_ABOVE,C01_NEUTRAL,8,36.36,22,30,POC,18,81.82,RTH_OPEN,5atr,true
R03,APPROACH_FROM_ABOVE,C01_NEUTRAL,30,53.57,56,30,POC,49,87.5,ALL_SESSIONS,5atr,false
R03,APPROACH_FROM_ABOVE,C01_NEUTRAL,1,25,4,30,POC,4,100,RTH_AFTERNOON,5atr,true
R03,APPROACH_FROM_ABOVE,C01_NEUTRAL,3,75,4,30,POC,2,50,RTH_MIDDAY,5atr,true
R03,APPROACH_FROM_ABOVE,C01_NEUTRAL,4,44.44,9,30,POC,8,88.89,RTH_MORNING,5atr,true
R03,APPROACH_FROM_ABOVE,C01_NEUTRAL,22,56.41,39,30,POC,35,89.74,RTH_OPEN,5atr,false
R04,APPROACH_FROM_ABOVE,C01_NEUTRAL,24,41.38,58,30,POC,52,89.66,ALL_SESSIONS,5atr,false
R04,APPROACH_FROM_ABOVE,C01_NEUTRAL,0,0,4,30,POC,4,100,RTH_AFTERNOON,5atr,true
R04,APPROACH_FROM_ABOVE,C01_NEUTRAL,1,50,2,30,POC,1,50,RTH_MIDDAY,5atr,true
R04,APPROACH_FROM_ABOVE,C01_NEUTRAL,5,62.5,8,30,POC,6,75,RTH_MORNING,5atr,true
R04,APPROACH_FROM_ABOVE,C01_NEUTRAL,18,40.91,44,30,POC,41,93.18,RTH_OPEN,5atr,false
R05,APPROACH_FROM_ABOVE,C01_NEUTRAL,39,60.94,64,30,POC,31,48.44,ALL_SESSIONS,5atr,false
R05,APPROACH_FROM_ABOVE,C01_NEUTRAL,5,83.33,6,30,POC,2,33.33,RTH_AFTERNOON,5atr,true
R05,APPROACH_FROM_ABOVE,C01_NEUTRAL,7,70,10,30,POC,5,50,RTH_MIDDAY,5atr,true
R05,APPROACH_FROM_ABOVE,C01_NEUTRAL,27,56.25,48,30,POC,24,50,RTH_MORNING,5atr,false
ALL_ANCHORS,APPROACH_FROM_BELOW,C01_NEUTRAL,107,47.98,223,30,POC,178,79.82,ALL_SESSIONS,5atr,false
ALL_ANCHORS,APPROACH_FROM_BELOW,C01_NEUTRAL,13,59.09,22,30,POC,14,63.64,ETH_EVENING,5atr,true
ALL_ANCHORS,APPROACH_FROM_BELOW,C01_NEUTRAL,8,44.44,18,30,POC,8,44.44,ETH_OVERNIGHT,5atr,true
ALL_ANCHORS,APPROACH_FROM_BELOW,C01_NEUTRAL,2,50,4,30,POC,2,50,RTH_AFTERNOON,5atr,true
ALL_ANCHORS,APPROACH_FROM_BELOW,C01_NEUTRAL,9,50,18,30,POC,13,72.22,RTH_MIDDAY,5atr,true
ALL_ANCHORS,APPROACH_FROM_BELOW,C01_NEUTRAL,32,45.07,71,30,POC,59,83.1,RTH_MORNING,5atr,false
ALL_ANCHORS,APPROACH_FROM_BELOW,C01_NEUTRAL,43,47.78,90,30,POC,82,91.11,RTH_OPEN,5atr,false
R01,APPROACH_FROM_BELOW,C01_NEUTRAL,21,52.5,40,30,POC,22,55,ALL_SESSIONS,5atr,false
R01,APPROACH_FROM_BELOW,C01_NEUTRAL,13,59.09,22,30,POC,14,63.64,ETH_EVENING,5atr,true
R01,APPROACH_FROM_BELOW,C01_NEUTRAL,8,44.44,18,30,POC,8,44.44,ETH_OVERNIGHT,5atr,true
R02,APPROACH_FROM_BELOW,C01_NEUTRAL,25,52.08,48,30,POC,37,77.08,ALL_SESSIONS,5atr,false
R02,APPROACH_FROM_BELOW,C01_NEUTRAL,2,100,2,30,POC,0,0,RTH_AFTERNOON,5atr,true
R02,APPROACH_FROM_BELOW,C01_NEUTRAL,5,83.33,6,30,POC,2,33.33,RTH_MIDDAY,5atr,true
R02,APPROACH_FROM_BELOW,C01_NEUTRAL,4,36.36,11,30,POC,10,90.91,RTH_MORNING,5atr,true
R02,APPROACH_FROM_BELOW,C01_NEUTRAL,14,48.28,29,30,POC,25,86.21,RTH_OPEN,5atr,true
R03,APPROACH_FROM_BELOW,C01_NEUTRAL,14,35,40,30,POC,39,97.5,ALL_SESSIONS,5atr,false
R03,APPROACH_FROM_BELOW,C01_NEUTRAL,0,0,1,30,POC,1,100,RTH_AFTERNOON,5atr,true
R03,APPROACH_FROM_BELOW,C01_NEUTRAL,0,0,3,30,POC,3,100,RTH_MIDDAY,5atr,true
R03,APPROACH_FROM_BELOW,C01_NEUTRAL,3,42.86,7,30,POC,7,100,RTH_MORNING,5atr,true
R03,APPROACH_FROM_BELOW,C01_NEUTRAL,11,37.93,29,30,POC,28,96.55,RTH_OPEN,5atr,true
R04,APPROACH_FROM_BELOW,C01_NEUTRAL,21,51.22,41,30,POC,38,92.68,ALL_SESSIONS,5atr,false
R04,APPROACH_FROM_BELOW,C01_NEUTRAL,0,0,2,30,POC,2,100,RTH_MIDDAY,5atr,true
R04,APPROACH_FROM_BELOW,C01_NEUTRAL,3,42.86,7,30,POC,7,100,RTH_MORNING,5atr,true
R04,APPROACH_FROM_BELOW,C01_NEUTRAL,18,56.25,32,30,POC,29,90.62,RTH_OPEN,5atr,false
R05,APPROACH_FROM_BELOW,C01_NEUTRAL,26,48.15,54,30,POC,42,77.78,ALL_SESSIONS,5atr,false
R05,APPROACH_FROM_BELOW,C01_NEUTRAL,0,0,1,30,POC,1,100,RTH_AFTERNOON,5atr,true
R05,APPROACH_FROM_BELOW,C01_NEUTRAL,4,57.14,7,30,POC,6,85.71,RTH_MIDDAY,5atr,true
R05,APPROACH_FROM_BELOW,C01_NEUTRAL,22,47.83,46,30,POC,35,76.09,RTH_MORNING,5atr,false
ALL_ANCHORS,APPROACH_FROM_ABOVE,C02_ACTIVITY_MATCHED,98,54.44,180,30,POC,132,73.33,ALL_SESSIONS,5atr,false
ALL_ANCHORS,APPROACH_FROM_ABOVE,C02_ACTIVITY_MATCHED,13,59.09,22,30,POC,9,40.91,ETH_EVENING,5atr,true
ALL_ANCHORS,APPROACH_FROM_ABOVE,C02_ACTIVITY_MATCHED,9,69.23,13,30,POC,7,53.85,ETH_OVERNIGHT,5atr,true
ALL_ANCHORS,APPROACH_FROM_ABOVE,C02_ACTIVITY_MATCHED,5,50,10,30,POC,9,90,RTH_AFTERNOON,5atr,true
ALL_ANCHORS,APPROACH_FROM_ABOVE,C02_ACTIVITY_MATCHED,13,65,20,30,POC,10,50,RTH_MIDDAY,5atr,true
ALL_ANCHORS,APPROACH_FROM_ABOVE,C02_ACTIVITY_MATCHED,25,59.52,42,30,POC,29,69.05,RTH_MORNING,5atr,false
ALL_ANCHORS,APPROACH_FROM_ABOVE,C02_ACTIVITY_MATCHED,33,45.21,73,30,POC,68,93.15,RTH_OPEN,5atr,false
R01,APPROACH_FROM_ABOVE,C02_ACTIVITY_MATCHED,22,62.86,35,30,POC,16,45.71,ALL_SESSIONS,5atr,false
R01,APPROACH_FROM_ABOVE,C02_ACTIVITY_MATCHED,13,59.09,22,30,POC,9,40.91,ETH_EVENING,5atr,true
R01,APPROACH_FROM_ABOVE,C02_ACTIVITY_MATCHED,9,69.23,13,30,POC,7,53.85,ETH_OVERNIGHT,5atr,true
R02,APPROACH_FROM_ABOVE,C02_ACTIVITY_MATCHED,15,45.45,33,30,POC,27,81.82,ALL_SESSIONS,5atr,false
R02,APPROACH_FROM_ABOVE,C02_ACTIVITY_MATCHED,0,0,1,30,POC,1,100,RTH_AFTERNOON,5atr,true
R02,APPROACH_FROM_ABOVE,C02_ACTIVITY_MATCHED,3,50,6,30,POC,4,66.67,RTH_MIDDAY,5atr,true
R02,APPROACH_FROM_ABOVE,C02_ACTIVITY_MATCHED,3,75,4,30,POC,3,75,RTH_MORNING,5atr,true
R02,APPROACH_FROM_ABOVE,C02_ACTIVITY_MATCHED,9,40.91,22,30,POC,19,86.36,RTH_OPEN,5atr,true
R03,APPROACH_FROM_ABOVE,C02_ACTIVITY_MATCHED,13,43.33,30,30,POC,26,86.67,ALL_SESSIONS,5atr,false
R03,APPROACH_FROM_ABOVE,C02_ACTIVITY_MATCHED,0,0,2,30,POC,2,100,RTH_AFTERNOON,5atr,true
R03,APPROACH_FROM_ABOVE,C02_ACTIVITY_MATCHED,2,100,2,30,POC,0,0,RTH_MIDDAY,5atr,true
R03,APPROACH_FROM_ABOVE,C02_ACTIVITY_MATCHED,3,75,4,30,POC,3,75,RTH_MORNING,5atr,true
R03,APPROACH_FROM_ABOVE,C02_ACTIVITY_MATCHED,8,36.36,22,30,POC,21,95.45,RTH_OPEN,5atr,true
R04,APPROACH_FROM_ABOVE,C02_ACTIVITY_MATCHED,25,62.5,40,30,POC,35,87.5,ALL_SESSIONS,5atr,false
R04,APPROACH_FROM_ABOVE,C02_ACTIVITY_MATCHED,3,60,5,30,POC,5,100,RTH_AFTERNOON,5atr,true
R04,APPROACH_FROM_ABOVE,C02_ACTIVITY_MATCHED,2,100,2,30,POC,0,0,RTH_MIDDAY,5atr,true
R04,APPROACH_FROM_ABOVE,C02_ACTIVITY_MATCHED,4,100,4,30,POC,2,50,RTH_MORNING,5atr,true
R04,APPROACH_FROM_ABOVE,C02_ACTIVITY_MATCHED,16,55.17,29,30,POC,28,96.55,RTH_OPEN,5atr,true
R05,APPROACH_FROM_ABOVE,C02_ACTIVITY_MATCHED,23,54.76,42,30,POC,28,66.67,ALL_SESSIONS,5atr,false
R05,APPROACH_FROM_ABOVE,C02_ACTIVITY_MATCHED,2,100,2,30,POC,1,50,RTH_AFTERNOON,5atr,true
R05,APPROACH_FROM_ABOVE,C02_ACTIVITY_MATCHED,6,60,10,30,POC,6,60,RTH_MIDDAY,5atr,true
R05,APPROACH_FROM_ABOVE,C02_ACTIVITY_MATCHED,15,50,30,30,POC,21,70,RTH_MORNING,5atr,false
ALL_ANCHORS,APPROACH_FROM_BELOW,C02_ACTIVITY_MATCHED,93,46.97,198,30,POC,161,81.31,ALL_SESSIONS,5atr,false
ALL_ANCHORS,APPROACH_FROM_BELOW,C02_ACTIVITY_MATCHED,10,43.48,23,30,POC,11,47.83,ETH_EVENING,5atr,true
ALL_ANCHORS,APPROACH_FROM_BELOW,C02_ACTIVITY_MATCHED,5,41.67,12,30,POC,8,66.67,ETH_OVERNIGHT,5atr,true
ALL_ANCHORS,APPROACH_FROM_BELOW,C02_ACTIVITY_MATCHED,2,100,2,30,POC,0,0,RTH_AFTERNOON,5atr,true
ALL_ANCHORS,APPROACH_FROM_BELOW,C02_ACTIVITY_MATCHED,7,50,14,30,POC,10,71.43,RTH_MIDDAY,5atr,true
ALL_ANCHORS,APPROACH_FROM_BELOW,C02_ACTIVITY_MATCHED,28,43.08,65,30,POC,54,83.08,RTH_MORNING,5atr,false
ALL_ANCHORS,APPROACH_FROM_BELOW,C02_ACTIVITY_MATCHED,41,50,82,30,POC,78,95.12,RTH_OPEN,5atr,false
R01,APPROACH_FROM_BELOW,C02_ACTIVITY_MATCHED,15,42.86,35,30,POC,19,54.29,ALL_SESSIONS,5atr,false
R01,APPROACH_FROM_BELOW,C02_ACTIVITY_MATCHED,10,43.48,23,30,POC,11,47.83,ETH_EVENING,5atr,true
R01,APPROACH_FROM_BELOW,C02_ACTIVITY_MATCHED,5,41.67,12,30,POC,8,66.67,ETH_OVERNIGHT,5atr,true
R02,APPROACH_FROM_BELOW,C02_ACTIVITY_MATCHED,18,54.55,33,30,POC,28,84.85,ALL_SESSIONS,5atr,false
R02,APPROACH_FROM_BELOW,C02_ACTIVITY_MATCHED,2,50,4,30,POC,1,25,RTH_MIDDAY,5atr,true
R02,APPROACH_FROM_BELOW,C02_ACTIVITY_MATCHED,4,44.44,9,30,POC,8,88.89,RTH_MORNING,5atr,true
R02,APPROACH_FROM_BELOW,C02_ACTIVITY_MATCHED,12,60,20,30,POC,19,95,RTH_OPEN,5atr,true
R03,APPROACH_FROM_BELOW,C02_ACTIVITY_MATCHED,17,45.95,37,30,POC,34,91.89,ALL_SESSIONS,5atr,false
R03,APPROACH_FROM_BELOW,C02_ACTIVITY_MATCHED,1,50,2,30,POC,2,100,RTH_MIDDAY,5atr,true
R03,APPROACH_FROM_BELOW,C02_ACTIVITY_MATCHED,3,42.86,7,30,POC,7,100,RTH_MORNING,5atr,true
R03,APPROACH_FROM_BELOW,C02_ACTIVITY_MATCHED,13,46.43,28,30,POC,25,89.29,RTH_OPEN,5atr,true
R04,APPROACH_FROM_BELOW,C02_ACTIVITY_MATCHED,19,44.19,43,30,POC,42,97.67,ALL_SESSIONS,5atr,false
R04,APPROACH_FROM_BELOW,C02_ACTIVITY_MATCHED,1,100,1,30,POC,1,100,RTH_MIDDAY,5atr,true
R04,APPROACH_FROM_BELOW,C02_ACTIVITY_MATCHED,2,25,8,30,POC,7,87.5,RTH_MORNING,5atr,true
R04,APPROACH_FROM_BELOW,C02_ACTIVITY_MATCHED,16,47.06,34,30,POC,34,100,RTH_OPEN,5atr,false
R05,APPROACH_FROM_BELOW,C02_ACTIVITY_MATCHED,24,48,50,30,POC,38,76,ALL_SESSIONS,5atr,false
R05,APPROACH_FROM_BELOW,C02_ACTIVITY_MATCHED,2,100,2,30,POC,0,0,RTH_AFTERNOON,5atr,true
R05,APPROACH_FROM_BELOW,C02_ACTIVITY_MATCHED,3,42.86,7,30,POC,6,85.71,RTH_MIDDAY,5atr,true
R05,APPROACH_FROM_BELOW,C02_ACTIVITY_MATCHED,19,46.34,41,30,POC,32,78.05,RTH_MORNING,5atr,false
ALL_ANCHORS,APPROACH_FROM_ABOVE,TREATED,120,48.98,245,30,POC,181,73.88,ALL_SESSIONS,5atr,false
ALL_ANCHORS,APPROACH_FROM_ABOVE,TREATED,14,40,35,30,POC,21,60,ETH_EVENING,5atr,false
ALL_ANCHORS,APPROACH_FROM_ABOVE,TREATED,12,63.16,19,30,POC,12,63.16,ETH_OVERNIGHT,5atr,true
ALL_ANCHORS,APPROACH_FROM_ABOVE,TREATED,6,46.15,13,30,POC,10,76.92,RTH_AFTERNOON,5atr,true
ALL_ANCHORS,APPROACH_FROM_ABOVE,TREATED,15,62.5,24,30,POC,15,62.5,RTH_MIDDAY,5atr,true
ALL_ANCHORS,APPROACH_FROM_ABOVE,TREATED,28,49.12,57,30,POC,40,70.18,RTH_MORNING,5atr,false
ALL_ANCHORS,APPROACH_FROM_ABOVE,TREATED,45,46.39,97,30,POC,83,85.57,RTH_OPEN,5atr,false
R01,APPROACH_FROM_ABOVE,TREATED,26,48.15,54,30,POC,33,61.11,ALL_SESSIONS,5atr,false
R01,APPROACH_FROM_ABOVE,TREATED,14,40,35,30,POC,21,60,ETH_EVENING,5atr,false
R01,APPROACH_FROM_ABOVE,TREATED,12,63.16,19,30,POC,12,63.16,ETH_OVERNIGHT,5atr,true
R02,APPROACH_FROM_ABOVE,TREATED,20,47.62,42,30,POC,30,71.43,ALL_SESSIONS,5atr,false
R02,APPROACH_FROM_ABOVE,TREATED,1,33.33,3,30,POC,1,33.33,RTH_AFTERNOON,5atr,true
R02,APPROACH_FROM_ABOVE,TREATED,4,57.14,7,30,POC,6,85.71,RTH_MIDDAY,5atr,true
R02,APPROACH_FROM_ABOVE,TREATED,4,57.14,7,30,POC,5,71.43,RTH_MORNING,5atr,true
R02,APPROACH_FROM_ABOVE,TREATED,11,44,25,30,POC,18,72,RTH_OPEN,5atr,true
R03,APPROACH_FROM_ABOVE,TREATED,24,50,48,30,POC,40,83.33,ALL_SESSIONS,5atr,false
R03,APPROACH_FROM_ABOVE,TREATED,1,33.33,3,30,POC,3,100,RTH_AFTERNOON,5atr,true
R03,APPROACH_FROM_ABOVE,TREATED,3,75,4,30,POC,2,50,RTH_MIDDAY,5atr,true
R03,APPROACH_FROM_ABOVE,TREATED,4,57.14,7,30,POC,6,85.71,RTH_MORNING,5atr,true
R03,APPROACH_FROM_ABOVE,TREATED,16,47.06,34,30,POC,29,85.29,RTH_OPEN,5atr,false
R04,APPROACH_FROM_ABOVE,TREATED,24,48.98,49,30,POC,43,87.76,ALL_SESSIONS,5atr,false
R04,APPROACH_FROM_ABOVE,TREATED,0,0,3,30,POC,3,100,RTH_AFTERNOON,5atr,true
R04,APPROACH_FROM_ABOVE,TREATED,2,100,2,30,POC,0,0,RTH_MIDDAY,5atr,true
R04,APPROACH_FROM_ABOVE,TREATED,4,66.67,6,30,POC,4,66.67,RTH_MORNING,5atr,true
R04,APPROACH_FROM_ABOVE,TREATED,18,47.37,38,30,POC,36,94.74,RTH_OPEN,5atr,false
R05,APPROACH_FROM_ABOVE,TREATED,26,50,52,30,POC,35,67.31,ALL_SESSIONS,5atr,false
R05,APPROACH_FROM_ABOVE,TREATED,4,100,4,30,POC,3,75,RTH_AFTERNOON,5atr,true
R05,APPROACH_FROM_ABOVE,TREATED,6,54.55,11,30,POC,7,63.64,RTH_MIDDAY,5atr,true
R05,APPROACH_FROM_ABOVE,TREATED,16,43.24,37,30,POC,25,67.57,RTH_MORNING,5atr,false
ALL_ANCHORS,APPROACH_FROM_BELOW,TREATED,107,45.92,233,30,POC,183,78.54,ALL_SESSIONS,5atr,false
ALL_ANCHORS,APPROACH_FROM_BELOW,TREATED,9,47.37,19,30,POC,13,68.42,ETH_EVENING,5atr,true
ALL_ANCHORS,APPROACH_FROM_BELOW,TREATED,9,47.37,19,30,POC,8,42.11,ETH_OVERNIGHT,5atr,true
ALL_ANCHORS,APPROACH_FROM_BELOW,TREATED,1,50,2,30,POC,2,100,RTH_AFTERNOON,5atr,true
ALL_ANCHORS,APPROACH_FROM_BELOW,TREATED,11,57.89,19,30,POC,11,57.89,RTH_MIDDAY,5atr,true
ALL_ANCHORS,APPROACH_FROM_BELOW,TREATED,31,40.26,77,30,POC,59,76.62,RTH_MORNING,5atr,false
ALL_ANCHORS,APPROACH_FROM_BELOW,TREATED,46,47.42,97,30,POC,90,92.78,RTH_OPEN,5atr,false
R01,APPROACH_FROM_BELOW,TREATED,18,47.37,38,30,POC,21,55.26,ALL_SESSIONS,5atr,false
R01,APPROACH_FROM_BELOW,TREATED,9,47.37,19,30,POC,13,68.42,ETH_EVENING,5atr,true
R01,APPROACH_FROM_BELOW,TREATED,9,47.37,19,30,POC,8,42.11,ETH_OVERNIGHT,5atr,true
R02,APPROACH_FROM_BELOW,TREATED,23,46,50,30,POC,40,80,ALL_SESSIONS,5atr,false
R02,APPROACH_FROM_BELOW,TREATED,4,66.67,6,30,POC,1,16.67,RTH_MIDDAY,5atr,true
R02,APPROACH_FROM_BELOW,TREATED,4,30.77,13,30,POC,11,84.62,RTH_MORNING,5atr,true
R02,APPROACH_FROM_BELOW,TREATED,15,48.39,31,30,POC,28,90.32,RTH_OPEN,5atr,false
R03,APPROACH_FROM_BELOW,TREATED,23,50,46,30,POC,41,89.13,ALL_SESSIONS,5atr,false
R03,APPROACH_FROM_BELOW,TREATED,0,0,1,30,POC,1,100,RTH_AFTERNOON,5atr,true
R03,APPROACH_FROM_BELOW,TREATED,1,33.33,3,30,POC,2,66.67,RTH_MIDDAY,5atr,true
R03,APPROACH_FROM_BELOW,TREATED,4,40,10,30,POC,9,90,RTH_MORNING,5atr,true
R03,APPROACH_FROM_BELOW,TREATED,18,56.25,32,30,POC,29,90.62,RTH_OPEN,5atr,false
R04,APPROACH_FROM_BELOW,TREATED,16,37.21,43,30,POC,42,97.67,ALL_SESSIONS,5atr,false
R04,APPROACH_FROM_BELOW,TREATED,1,50,2,30,POC,2,100,RTH_MIDDAY,5atr,true
R04,APPROACH_FROM_BELOW,TREATED,2,28.57,7,30,POC,7,100,RTH_MORNING,5atr,true
R04,APPROACH_FROM_BELOW,TREATED,13,38.24,34,30,POC,33,97.06,RTH_OPEN,5atr,false
R05,APPROACH_FROM_BELOW,TREATED,27,48.21,56,30,POC,39,69.64,ALL_SESSIONS,5atr,false
R05,APPROACH_FROM_BELOW,TREATED,1,100,1,30,POC,1,100,RTH_AFTERNOON,5atr,true
R05,APPROACH_FROM_BELOW,TREATED,5,62.5,8,30,POC,6,75,RTH_MIDDAY,5atr,true
R05,APPROACH_FROM_BELOW,TREATED,21,44.68,47,30,POC,32,68.09,RTH_MORNING,5atr,false
ALL_ANCHORS,APPROACH_FROM_ABOVE,C01_NEUTRAL,61,44.85,136,60,NONPOC,102,75,ALL_SESSIONS,5atr,false
ALL_ANCHORS,APPROACH_FROM_ABOVE,C01_NEUTRAL,10,50,20,60,NONPOC,13,65,ETH_EVENING,5atr,true
ALL_ANCHORS,APPROACH_FROM_ABOVE,C01_NEUTRAL,6,42.86,14,60,NONPOC,10,71.43,ETH_OVERNIGHT,5atr,true
ALL_ANCHORS,APPROACH_FROM_ABOVE,C01_NEUTRAL,1,50,2,60,NONPOC,1,50,RTH_AFTERNOON,5atr,true
ALL_ANCHORS,APPROACH_FROM_ABOVE,C01_NEUTRAL,5,50,10,60,NONPOC,6,60,RTH_MIDDAY,5atr,true
ALL_ANCHORS,APPROACH_FROM_ABOVE,C01_NEUTRAL,15,38.46,39,60,NONPOC,29,74.36,RTH_MORNING,5atr,false
ALL_ANCHORS,APPROACH_FROM_ABOVE,C01_NEUTRAL,24,47.06,51,60,NONPOC,43,84.31,RTH_OPEN,5atr,false
R01,APPROACH_FROM_ABOVE,C01_NEUTRAL,16,47.06,34,60,NONPOC,23,67.65,ALL_SESSIONS,5atr,false
R01,APPROACH_FROM_ABOVE,C01_NEUTRAL,10,50,20,60,NONPOC,13,65,ETH_EVENING,5atr,true
R01,APPROACH_FROM_ABOVE,C01_NEUTRAL,6,42.86,14,60,NONPOC,10,71.43,ETH_OVERNIGHT,5atr,true
R02,APPROACH_FROM_ABOVE,C01_NEUTRAL,20,52.63,38,60,NONPOC,30,78.95,ALL_SESSIONS,5atr,false
R02,APPROACH_FROM_ABOVE,C01_NEUTRAL,3,75,4,60,NONPOC,2,50,RTH_MIDDAY,5atr,true
R02,APPROACH_FROM_ABOVE,C01_NEUTRAL,3,37.5,8,60,NONPOC,6,75,RTH_MORNING,5atr,true
R02,APPROACH_FROM_ABOVE,C01_NEUTRAL,14,53.85,26,60,NONPOC,22,84.62,RTH_OPEN,5atr,true
R03,APPROACH_FROM_ABOVE,C01_NEUTRAL,10,33.33,30,60,NONPOC,24,80,ALL_SESSIONS,5atr,false
R03,APPROACH_FROM_ABOVE,C01_NEUTRAL,1,100,1,60,NONPOC,0,0,RTH_AFTERNOON,5atr,true
R03,APPROACH_FROM_ABOVE,C01_NEUTRAL,2,50,4,60,NONPOC,2,50,RTH_MIDDAY,5atr,true
R03,APPROACH_FROM_ABOVE,C01_NEUTRAL,0,0,3,60,NONPOC,3,100,RTH_MORNING,5atr,true
R03,APPROACH_FROM_ABOVE,C01_NEUTRAL,7,31.82,22,60,NONPOC,19,86.36,RTH_OPEN,5atr,true
R04,APPROACH_FROM_ABOVE,C01_NEUTRAL,4,66.67,6,60,NONPOC,5,83.33,ALL_SESSIONS,5atr,true
R04,APPROACH_FROM_ABOVE,C01_NEUTRAL,0,0,1,60,NONPOC,1,100,RTH_AFTERNOON,5atr,true
R04,APPROACH_FROM_ABOVE,C01_NEUTRAL,1,50,2,60,NONPOC,2,100,RTH_MORNING,5atr,true
R04,APPROACH_FROM_ABOVE,C01_NEUTRAL,3,100,3,60,NONPOC,2,66.67,RTH_OPEN,5atr,true
R05,APPROACH_FROM_ABOVE,C01_NEUTRAL,11,39.29,28,60,NONPOC,20,71.43,ALL_SESSIONS,5atr,true
R05,APPROACH_FROM_ABOVE,C01_NEUTRAL,0,0,2,60,NONPOC,2,100,RTH_MIDDAY,5atr,true
R05,APPROACH_FROM_ABOVE,C01_NEUTRAL,11,42.31,26,60,NONPOC,18,69.23,RTH_MORNING,5atr,true
ALL_ANCHORS,APPROACH_FROM_BELOW,C01_NEUTRAL,61,54.95,111,60,NONPOC,83,74.77,ALL_SESSIONS,5atr,false
ALL_ANCHORS,APPROACH_FROM_BELOW,C01_NEUTRAL,4,28.57,14,60,NONPOC,13,92.86,ETH_EVENING,5atr,true
ALL_ANCHORS,APPROACH_FROM_BELOW,C01_NEUTRAL,1,16.67,6,60,NONPOC,1,16.67,ETH_OVERNIGHT,5atr,true
ALL_ANCHORS,APPROACH_FROM_BELOW,C01_NEUTRAL,5,71.43,7,60,NONPOC,7,100,RTH_AFTERNOON,5atr,true
ALL_ANCHORS,APPROACH_FROM_BELOW,C01_NEUTRAL,11,78.57,14,60,NONPOC,6,42.86,RTH_MIDDAY,5atr,true
ALL_ANCHORS,APPROACH_FROM_BELOW,C01_NEUTRAL,18,66.67,27,60,NONPOC,19,70.37,RTH_MORNING,5atr,true
ALL_ANCHORS,APPROACH_FROM_BELOW,C01_NEUTRAL,22,51.16,43,60,NONPOC,37,86.05,RTH_OPEN,5atr,false
R01,APPROACH_FROM_BELOW,C01_NEUTRAL,5,25,20,60,NONPOC,14,70,ALL_SESSIONS,5atr,true
R01,APPROACH_FROM_BELOW,C01_NEUTRAL,4,28.57,14,60,NONPOC,13,92.86,ETH_EVENING,5atr,true
R01,APPROACH_FROM_BELOW,C01_NEUTRAL,1,16.67,6,60,NONPOC,1,16.67,ETH_OVERNIGHT,5atr,true
R02,APPROACH_FROM_BELOW,C01_NEUTRAL,20,58.82,34,60,NONPOC,25,73.53,ALL_SESSIONS,5atr,false
R02,APPROACH_FROM_BELOW,C01_NEUTRAL,2,100,2,60,NONPOC,2,100,RTH_AFTERNOON,5atr,true
R02,APPROACH_FROM_BELOW,C01_NEUTRAL,3,75,4,60,NONPOC,1,25,RTH_MIDDAY,5atr,true
R02,APPROACH_FROM_BELOW,C01_NEUTRAL,3,60,5,60,NONPOC,3,60,RTH_MORNING,5atr,true
R02,APPROACH_FROM_BELOW,C01_NEUTRAL,12,52.17,23,60,NONPOC,19,82.61,RTH_OPEN,5atr,true
R03,APPROACH_FROM_BELOW,C01_NEUTRAL,15,50,30,60,NONPOC,26,86.67,ALL_SESSIONS,5atr,false
R03,APPROACH_FROM_BELOW,C01_NEUTRAL,3,60,5,60,NONPOC,5,100,RTH_AFTERNOON,5atr,true
R03,APPROACH_FROM_BELOW,C01_NEUTRAL,2,100,2,60,NONPOC,0,0,RTH_MIDDAY,5atr,true
R03,APPROACH_FROM_BELOW,C01_NEUTRAL,3,42.86,7,60,NONPOC,6,85.71,RTH_MORNING,5atr,true
R03,APPROACH_FROM_BELOW,C01_NEUTRAL,7,43.75,16,60,NONPOC,15,93.75,RTH_OPEN,5atr,true
R04,APPROACH_FROM_BELOW,C01_NEUTRAL,4,66.67,6,60,NONPOC,5,83.33,ALL_SESSIONS,5atr,true
R04,APPROACH_FROM_BELOW,C01_NEUTRAL,0,0,1,60,NONPOC,1,100,RTH_MIDDAY,5atr,true
R04,APPROACH_FROM_BELOW,C01_NEUTRAL,1,100,1,60,NONPOC,1,100,RTH_MORNING,5atr,true
R04,APPROACH_FROM_BELOW,C01_NEUTRAL,3,75,4,60,NONPOC,3,75,RTH_OPEN,5atr,true
R05,APPROACH_FROM_BELOW,C01_NEUTRAL,17,80.95,21,60,NONPOC,13,61.9,ALL_SESSIONS,5atr,true
R05,APPROACH_FROM_BELOW,C01_NEUTRAL,6,85.71,7,60,NONPOC,4,57.14,RTH_MIDDAY,5atr,true
R05,APPROACH_FROM_BELOW,C01_NEUTRAL,11,78.57,14,60,NONPOC,9,64.29,RTH_MORNING,5atr,true
ALL_ANCHORS,APPROACH_FROM_ABOVE,C02_ACTIVITY_MATCHED,47,40.52,116,60,NONPOC,92,79.31,ALL_SESSIONS,5atr,false
ALL_ANCHORS,APPROACH_FROM_ABOVE,C02_ACTIVITY_MATCHED,7,36.84,19,60,NONPOC,13,68.42,ETH_EVENING,5atr,true
ALL_ANCHORS,APPROACH_FROM_ABOVE,C02_ACTIVITY_MATCHED,5,83.33,6,60,NONPOC,2,33.33,ETH_OVERNIGHT,5atr,true
ALL_ANCHORS,APPROACH_FROM_ABOVE,C02_ACTIVITY_MATCHED,3,33.33,9,60,NONPOC,8,88.89,RTH_MIDDAY,5atr,true
ALL_ANCHORS,APPROACH_FROM_ABOVE,C02_ACTIVITY_MATCHED,13,41.94,31,60,NONPOC,25,80.65,RTH_MORNING,5atr,false
ALL_ANCHORS,APPROACH_FROM_ABOVE,C02_ACTIVITY_MATCHED,19,37.25,51,60,NONPOC,44,86.27,RTH_OPEN,5atr,false
R01,APPROACH_FROM_ABOVE,C02_ACTIVITY_MATCHED,12,48,25,60,NONPOC,15,60,ALL_SESSIONS,5atr,true
R01,APPROACH_FROM_ABOVE,C02_ACTIVITY_MATCHED,7,36.84,19,60,NONPOC,13,68.42,ETH_EVENING,5atr,true
R01,APPROACH_FROM_ABOVE,C02_ACTIVITY_MATCHED,5,83.33,6,60,NONPOC,2,33.33,ETH_OVERNIGHT,5atr,true
R02,APPROACH_FROM_ABOVE,C02_ACTIVITY_MATCHED,17,48.57,35,60,NONPOC,28,80,ALL_SESSIONS,5atr,false
R02,APPROACH_FROM_ABOVE,C02_ACTIVITY_MATCHED,3,60,5,60,NONPOC,4,80,RTH_MIDDAY,5atr,true
R02,APPROACH_FROM_ABOVE,C02_ACTIVITY_MATCHED,2,28.57,7,60,NONPOC,6,85.71,RTH_MORNING,5atr,true
R02,APPROACH_FROM_ABOVE,C02_ACTIVITY_MATCHED,12,52.17,23,60,NONPOC,18,78.26,RTH_OPEN,5atr,true
R03,APPROACH_FROM_ABOVE,C02_ACTIVITY_MATCHED,10,33.33,30,60,NONPOC,28,93.33,ALL_SESSIONS,5atr,false
R03,APPROACH_FROM_ABOVE,C02_ACTIVITY_MATCHED,3,60,5,60,NONPOC,5,100,RTH_MORNING,5atr,true
R03,APPROACH_FROM_ABOVE,C02_ACTIVITY_MATCHED,7,28,25,60,NONPOC,23,92,RTH_OPEN,5atr,true
R04,APPROACH_FROM_ABOVE,C02_ACTIVITY_MATCHED,0,0,4,60,NONPOC,4,100,ALL_SESSIONS,5atr,true
R04,APPROACH_FROM_ABOVE,C02_ACTIVITY_MATCHED,0,0,1,60,NONPOC,1,100,RTH_MORNING,5atr,true
R04,APPROACH_FROM_ABOVE,C02_ACTIVITY_MATCHED,0,0,3,60,NONPOC,3,100,RTH_OPEN,5atr,true
R05,APPROACH_FROM_ABOVE,C02_ACTIVITY_MATCHED,8,36.36,22,60,NONPOC,17,77.27,ALL_SESSIONS,5atr,true
R05,APPROACH_FROM_ABOVE,C02_ACTIVITY_MATCHED,0,0,4,60,NONPOC,4,100,RTH_MIDDAY,5atr,true
R05,APPROACH_FROM_ABOVE,C02_ACTIVITY_MATCHED,8,44.44,18,60,NONPOC,13,72.22,RTH_MORNING,5atr,true
ALL_ANCHORS,APPROACH_FROM_BELOW,C02_ACTIVITY_MATCHED,39,39.8,98,60,NONPOC,83,84.69,ALL_SESSIONS,5atr,false
ALL_ANCHORS,APPROACH_FROM_BELOW,C02_ACTIVITY_MATCHED,4,26.67,15,60,NONPOC,10,66.67,ETH_EVENING,5atr,true
ALL_ANCHORS,APPROACH_FROM_BELOW,C02_ACTIVITY_MATCHED,2,40,5,60,NONPOC,3,60,ETH_OVERNIGHT,5atr,true
ALL_ANCHORS,APPROACH_FROM_BELOW,C02_ACTIVITY_MATCHED,4,57.14,7,60,NONPOC,6,85.71,RTH_AFTERNOON,5atr,true
ALL_ANCHORS,APPROACH_FROM_BELOW,C02_ACTIVITY_MATCHED,7,63.64,11,60,NONPOC,10,90.91,RTH_MIDDAY,5atr,true
ALL_ANCHORS,APPROACH_FROM_BELOW,C02_ACTIVITY_MATCHED,8,38.1,21,60,NONPOC,17,80.95,RTH_MORNING,5atr,true
ALL_ANCHORS,APPROACH_FROM_BELOW,C02_ACTIVITY_MATCHED,14,35.9,39,60,NONPOC,37,94.87,RTH_OPEN,5atr,false
R01,APPROACH_FROM_BELOW,C02_ACTIVITY_MATCHED,6,30,20,60,NONPOC,13,65,ALL_SESSIONS,5atr,true
R01,APPROACH_FROM_BELOW,C02_ACTIVITY_MATCHED,4,26.67,15,60,NONPOC,10,66.67,ETH_EVENING,5atr,true
R01,APPROACH_FROM_BELOW,C02_ACTIVITY_MATCHED,2,40,5,60,NONPOC,3,60,ETH_OVERNIGHT,5atr,true
R02,APPROACH_FROM_BELOW,C02_ACTIVITY_MATCHED,9,33.33,27,60,NONPOC,26,96.3,ALL_SESSIONS,5atr,true
R02,APPROACH_FROM_BELOW,C02_ACTIVITY_MATCHED,0,0,2,60,NONPOC,2,100,RTH_AFTERNOON,5atr,true
R02,APPROACH_FROM_BELOW,C02_ACTIVITY_MATCHED,1,25,4,60,NONPOC,4,100,RTH_MORNING,5atr,true
R02,APPROACH_FROM_BELOW,C02_ACTIVITY_MATCHED,8,38.1,21,60,NONPOC,20,95.24,RTH_OPEN,5atr,true
R03,APPROACH_FROM_BELOW,C02_ACTIVITY_MATCHED,10,40,25,60,NONPOC,24,96,ALL_SESSIONS,5atr,true
R03,APPROACH_FROM_BELOW,C02_ACTIVITY_MATCHED,3,75,4,60,NONPOC,3,75,RTH_AFTERNOON,5atr,true
R03,APPROACH_FROM_BELOW,C02_ACTIVITY_MATCHED,3,100,3,60,NONPOC,3,100,RTH_MIDDAY,5atr,true
R03,APPROACH_FROM_BELOW,C02_ACTIVITY_MATCHED,0,0,4,60,NONPOC,4,100,RTH_MORNING,5atr,true
R03,APPROACH_FROM_BELOW,C02_ACTIVITY_MATCHED,4,28.57,14,60,NONPOC,14,100,RTH_OPEN,5atr,true
R04,APPROACH_FROM_BELOW,C02_ACTIVITY_MATCHED,2,33.33,6,60,NONPOC,5,83.33,ALL_SESSIONS,5atr,true
R04,APPROACH_FROM_BELOW,C02_ACTIVITY_MATCHED,0,0,1,60,NONPOC,1,100,RTH_MIDDAY,5atr,true
R04,APPROACH_FROM_BELOW,C02_ACTIVITY_MATCHED,0,0,1,60,NONPOC,1,100,RTH_MORNING,5atr,true
R04,APPROACH_FROM_BELOW,C02_ACTIVITY_MATCHED,2,50,4,60,NONPOC,3,75,RTH_OPEN,5atr,true
R05,APPROACH_FROM_BELOW,C02_ACTIVITY_MATCHED,12,60,20,60,NONPOC,15,75,ALL_SESSIONS,5atr,true
R05,APPROACH_FROM_BELOW,C02_ACTIVITY_MATCHED,1,100,1,60,NONPOC,1,100,RTH_AFTERNOON,5atr,true
R05,APPROACH_FROM_BELOW,C02_ACTIVITY_MATCHED,4,57.14,7,60,NONPOC,6,85.71,RTH_MIDDAY,5atr,true
R05,APPROACH_FROM_BELOW,C02_ACTIVITY_MATCHED,7,58.33,12,60,NONPOC,8,66.67,RTH_MORNING,5atr,true
ALL_ANCHORS,APPROACH_FROM_ABOVE,TREATED,61,48.03,127,60,NONPOC,99,77.95,ALL_SESSIONS,5atr,false
ALL_ANCHORS,APPROACH_FROM_ABOVE,TREATED,8,47.06,17,60,NONPOC,11,64.71,ETH_EVENING,5atr,true
ALL_ANCHORS,APPROACH_FROM_ABOVE,TREATED,5,45.45,11,60,NONPOC,8,72.73,ETH_OVERNIGHT,5atr,true
ALL_ANCHORS,APPROACH_FROM_ABOVE,TREATED,1,50,2,60,NONPOC,1,50,RTH_AFTERNOON,5atr,true
ALL_ANCHORS,APPROACH_FROM_ABOVE,TREATED,7,58.33,12,60,NONPOC,7,58.33,RTH_MIDDAY,5atr,true
ALL_ANCHORS,APPROACH_FROM_ABOVE,TREATED,16,48.48,33,60,NONPOC,26,78.79,RTH_MORNING,5atr,false
ALL_ANCHORS,APPROACH_FROM_ABOVE,TREATED,24,46.15,52,60,NONPOC,46,88.46,RTH_OPEN,5atr,false
R01,APPROACH_FROM_ABOVE,TREATED,13,46.43,28,60,NONPOC,19,67.86,ALL_SESSIONS,5atr,true
R01,APPROACH_FROM_ABOVE,TREATED,8,47.06,17,60,NONPOC,11,64.71,ETH_EVENING,5atr,true
R01,APPROACH_FROM_ABOVE,TREATED,5,45.45,11,60,NONPOC,8,72.73,ETH_OVERNIGHT,5atr,true
R02,APPROACH_FROM_ABOVE,TREATED,23,57.5,40,60,NONPOC,32,80,ALL_SESSIONS,5atr,false
R02,APPROACH_FROM_ABOVE,TREATED,4,80,5,60,NONPOC,3,60,RTH_MIDDAY,5atr,true
R02,APPROACH_FROM_ABOVE,TREATED,5,62.5,8,60,NONPOC,6,75,RTH_MORNING,5atr,true
R02,APPROACH_FROM_ABOVE,TREATED,14,51.85,27,60,NONPOC,23,85.19,RTH_OPEN,5atr,true
R03,APPROACH_FROM_ABOVE,TREATED,12,40,30,60,NONPOC,25,83.33,ALL_SESSIONS,5atr,false
R03,APPROACH_FROM_ABOVE,TREATED,1,100,1,60,NONPOC,0,0,RTH_AFTERNOON,5atr,true
R03,APPROACH_FROM_ABOVE,TREATED,2,50,4,60,NONPOC,2,50,RTH_MIDDAY,5atr,true
R03,APPROACH_FROM_ABOVE,TREATED,1,33.33,3,60,NONPOC,3,100,RTH_MORNING,5atr,true
R03,APPROACH_FROM_ABOVE,TREATED,8,36.36,22,60,NONPOC,20,90.91,RTH_OPEN,5atr,true
R04,APPROACH_FROM_ABOVE,TREATED,3,50,6,60,NONPOC,6,100,ALL_SESSIONS,5atr,true
R04,APPROACH_FROM_ABOVE,TREATED,0,0,1,60,NONPOC,1,100,RTH_AFTERNOON,5atr,true
R04,APPROACH_FROM_ABOVE,TREATED,1,50,2,60,NONPOC,2,100,RTH_MORNING,5atr,true
R04,APPROACH_FROM_ABOVE,TREATED,2,66.67,3,60,NONPOC,3,100,RTH_OPEN,5atr,true
R05,APPROACH_FROM_ABOVE,TREATED,10,43.48,23,60,NONPOC,17,73.91,ALL_SESSIONS,5atr,true
R05,APPROACH_FROM_ABOVE,TREATED,1,33.33,3,60,NONPOC,2,66.67,RTH_MIDDAY,5atr,true
R05,APPROACH_FROM_ABOVE,TREATED,9,45,20,60,NONPOC,15,75,RTH_MORNING,5atr,true
ALL_ANCHORS,APPROACH_FROM_BELOW,TREATED,55,49.11,112,60,NONPOC,93,83.04,ALL_SESSIONS,5atr,false
ALL_ANCHORS,APPROACH_FROM_BELOW,TREATED,8,50,16,60,NONPOC,15,93.75,ETH_EVENING,5atr,true
ALL_ANCHORS,APPROACH_FROM_BELOW,TREATED,0,0,4,60,NONPOC,1,25,ETH_OVERNIGHT,5atr,true
ALL_ANCHORS,APPROACH_FROM_BELOW,TREATED,4,100,4,60,NONPOC,3,75,RTH_AFTERNOON,5atr,true
ALL_ANCHORS,APPROACH_FROM_BELOW,TREATED,9,64.29,14,60,NONPOC,6,42.86,RTH_MIDDAY,5atr,true
ALL_ANCHORS,APPROACH_FROM_BELOW,TREATED,13,52,25,60,NONPOC,22,88,RTH_MORNING,5atr,true
ALL_ANCHORS,APPROACH_FROM_BELOW,TREATED,21,42.86,49,60,NONPOC,46,93.88,RTH_OPEN,5atr,false
R01,APPROACH_FROM_BELOW,TREATED,8,40,20,60,NONPOC,16,80,ALL_SESSIONS,5atr,true
R01,APPROACH_FROM_BELOW,TREATED,8,50,16,60,NONPOC,15,93.75,ETH_EVENING,5atr,true
R01,APPROACH_FROM_BELOW,TREATED,0,0,4,60,NONPOC,1,25,ETH_OVERNIGHT,5atr,true
R02,APPROACH_FROM_BELOW,TREATED,15,41.67,36,60,NONPOC,31,86.11,ALL_SESSIONS,5atr,false
R02,APPROACH_FROM_BELOW,TREATED,1,100,1,60,NONPOC,1,100,RTH_AFTERNOON,5atr,true
R02,APPROACH_FROM_BELOW,TREATED,2,66.67,3,60,NONPOC,0,0,RTH_MIDDAY,5atr,true
R02,APPROACH_FROM_BELOW,TREATED,2,40,5,60,NONPOC,5,100,RTH_MORNING,5atr,true
R02,APPROACH_FROM_BELOW,TREATED,10,37.04,27,60,NONPOC,25,92.59,RTH_OPEN,5atr,true
R03,APPROACH_FROM_BELOW,TREATED,17,60.71,28,60,NONPOC,24,85.71,ALL_SESSIONS,5atr,true
R03,APPROACH_FROM_BELOW,TREATED,3,100,3,60,NONPOC,2,66.67,RTH_AFTERNOON,5atr,true
R03,APPROACH_FROM_BELOW,TREATED,2,100,2,60,NONPOC,0,0,RTH_MIDDAY,5atr,true
R03,APPROACH_FROM_BELOW,TREATED,4,66.67,6,60,NONPOC,5,83.33,RTH_MORNING,5atr,true
R03,APPROACH_FROM_BELOW,TREATED,8,47.06,17,60,NONPOC,17,100,RTH_OPEN,5atr,true
R04,APPROACH_FROM_BELOW,TREATED,4,57.14,7,60,NONPOC,6,85.71,ALL_SESSIONS,5atr,true
R04,APPROACH_FROM_BELOW,TREATED,0,0,1,60,NONPOC,1,100,RTH_MIDDAY,5atr,true
R04,APPROACH_FROM_BELOW,TREATED,1,100,1,60,NONPOC,1,100,RTH_MORNING,5atr,true
R04,APPROACH_FROM_BELOW,TREATED,3,60,5,60,NONPOC,4,80,RTH_OPEN,5atr,true
R05,APPROACH_FROM_BELOW,TREATED,11,52.38,21,60,NONPOC,16,76.19,ALL_SESSIONS,5atr,true
R05,APPROACH_FROM_BELOW,TREATED,5,62.5,8,60,NONPOC,5,62.5,RTH_MIDDAY,5atr,true
R05,APPROACH_FROM_BELOW,TREATED,6,46.15,13,60,NONPOC,11,84.62,RTH_MORNING,5atr,true
ALL_ANCHORS,APPROACH_FROM_ABOVE,C01_NEUTRAL,139,52.65,264,60,POC,190,71.97,ALL_SESSIONS,5atr,false
ALL_ANCHORS,APPROACH_FROM_ABOVE,C01_NEUTRAL,18,56.25,32,60,POC,17,53.12,ETH_EVENING,5atr,false
ALL_ANCHORS,APPROACH_FROM_ABOVE,C01_NEUTRAL,10,50,20,60,POC,12,60,ETH_OVERNIGHT,5atr,true
ALL_ANCHORS,APPROACH_FROM_ABOVE,C01_NEUTRAL,7,53.85,13,60,POC,9,69.23,RTH_AFTERNOON,5atr,true
ALL_ANCHORS,APPROACH_FROM_ABOVE,C01_NEUTRAL,14,63.64,22,60,POC,14,63.64,RTH_MIDDAY,5atr,true
ALL_ANCHORS,APPROACH_FROM_ABOVE,C01_NEUTRAL,45,62.5,72,60,POC,44,61.11,RTH_MORNING,5atr,false
ALL_ANCHORS,APPROACH_FROM_ABOVE,C01_NEUTRAL,45,42.86,105,60,POC,94,89.52,RTH_OPEN,5atr,false
R01,APPROACH_FROM_ABOVE,C01_NEUTRAL,28,53.85,52,60,POC,29,55.77,ALL_SESSIONS,5atr,false
R01,APPROACH_FROM_ABOVE,C01_NEUTRAL,18,56.25,32,60,POC,17,53.12,ETH_EVENING,5atr,false
R01,APPROACH_FROM_ABOVE,C01_NEUTRAL,10,50,20,60,POC,12,60,ETH_OVERNIGHT,5atr,true
R02,APPROACH_FROM_ABOVE,C01_NEUTRAL,18,46.15,39,60,POC,32,82.05,ALL_SESSIONS,5atr,false
R02,APPROACH_FROM_ABOVE,C01_NEUTRAL,0,0,1,60,POC,1,100,RTH_AFTERNOON,5atr,true
R02,APPROACH_FROM_ABOVE,C01_NEUTRAL,4,50,8,60,POC,7,87.5,RTH_MIDDAY,5atr,true
R02,APPROACH_FROM_ABOVE,C01_NEUTRAL,6,75,8,60,POC,6,75,RTH_MORNING,5atr,true
R02,APPROACH_FROM_ABOVE,C01_NEUTRAL,8,36.36,22,60,POC,18,81.82,RTH_OPEN,5atr,true
R03,APPROACH_FROM_ABOVE,C01_NEUTRAL,26,47.27,55,60,POC,48,87.27,ALL_SESSIONS,5atr,false
R03,APPROACH_FROM_ABOVE,C01_NEUTRAL,1,33.33,3,60,POC,3,100,RTH_AFTERNOON,5atr,true
R03,APPROACH_FROM_ABOVE,C01_NEUTRAL,3,75,4,60,POC,2,50,RTH_MIDDAY,5atr,true
R03,APPROACH_FROM_ABOVE,C01_NEUTRAL,4,44.44,9,60,POC,8,88.89,RTH_MORNING,5atr,true
R03,APPROACH_FROM_ABOVE,C01_NEUTRAL,18,46.15,39,60,POC,35,89.74,RTH_OPEN,5atr,false
R04,APPROACH_FROM_ABOVE,C01_NEUTRAL,25,43.86,57,60,POC,51,89.47,ALL_SESSIONS,5atr,false
R04,APPROACH_FROM_ABOVE,C01_NEUTRAL,2,66.67,3,60,POC,3,100,RTH_AFTERNOON,5atr,true
R04,APPROACH_FROM_ABOVE,C01_NEUTRAL,1,50,2,60,POC,1,50,RTH_MIDDAY,5atr,true
R04,APPROACH_FROM_ABOVE,C01_NEUTRAL,3,37.5,8,60,POC,6,75,RTH_MORNING,5atr,true
R04,APPROACH_FROM_ABOVE,C01_NEUTRAL,19,43.18,44,60,POC,41,93.18,RTH_OPEN,5atr,false
R05,APPROACH_FROM_ABOVE,C01_NEUTRAL,42,68.85,61,60,POC,30,49.18,ALL_SESSIONS,5atr,false
R05,APPROACH_FROM_ABOVE,C01_NEUTRAL,4,66.67,6,60,POC,2,33.33,RTH_AFTERNOON,5atr,true
R05,APPROACH_FROM_ABOVE,C01_NEUTRAL,6,75,8,60,POC,4,50,RTH_MIDDAY,5atr,true
R05,APPROACH_FROM_ABOVE,C01_NEUTRAL,32,68.09,47,60,POC,24,51.06,RTH_MORNING,5atr,false
ALL_ANCHORS,APPROACH_FROM_BELOW,C01_NEUTRAL,94,43.32,217,60,POC,177,81.57,ALL_SESSIONS,5atr,false
ALL_ANCHORS,APPROACH_FROM_BELOW,C01_NEUTRAL,11,50,22,60,POC,14,63.64,ETH_EVENING,5atr,true
ALL_ANCHORS,APPROACH_FROM_BELOW,C01_NEUTRAL,6,42.86,14,60,POC,8,57.14,ETH_OVERNIGHT,5atr,true
ALL_ANCHORS,APPROACH_FROM_BELOW,C01_NEUTRAL,2,100,2,60,POC,1,50,RTH_AFTERNOON,5atr,true
ALL_ANCHORS,APPROACH_FROM_BELOW,C01_NEUTRAL,9,50,18,60,POC,13,72.22,RTH_MIDDAY,5atr,true
ALL_ANCHORS,APPROACH_FROM_BELOW,C01_NEUTRAL,29,40.85,71,60,POC,59,83.1,RTH_MORNING,5atr,false
ALL_ANCHORS,APPROACH_FROM_BELOW,C01_NEUTRAL,37,41.11,90,60,POC,82,91.11,RTH_OPEN,5atr,false
R01,APPROACH_FROM_BELOW,C01_NEUTRAL,17,47.22,36,60,POC,22,61.11,ALL_SESSIONS,5atr,false
R01,APPROACH_FROM_BELOW,C01_NEUTRAL,11,50,22,60,POC,14,63.64,ETH_EVENING,5atr,true
R01,APPROACH_FROM_BELOW,C01_NEUTRAL,6,42.86,14,60,POC,8,57.14,ETH_OVERNIGHT,5atr,true
R02,APPROACH_FROM_BELOW,C01_NEUTRAL,20,42.55,47,60,POC,37,78.72,ALL_SESSIONS,5atr,false
R02,APPROACH_FROM_BELOW,C01_NEUTRAL,1,100,1,60,POC,0,0,RTH_AFTERNOON,5atr,true
R02,APPROACH_FROM_BELOW,C01_NEUTRAL,4,66.67,6,60,POC,2,33.33,RTH_MIDDAY,5atr,true
R02,APPROACH_FROM_BELOW,C01_NEUTRAL,4,36.36,11,60,POC,10,90.91,RTH_MORNING,5atr,true
R02,APPROACH_FROM_BELOW,C01_NEUTRAL,11,37.93,29,60,POC,25,86.21,RTH_OPEN,5atr,true
R03,APPROACH_FROM_BELOW,C01_NEUTRAL,15,38.46,39,60,POC,38,97.44,ALL_SESSIONS,5atr,false
R03,APPROACH_FROM_BELOW,C01_NEUTRAL,1,33.33,3,60,POC,3,100,RTH_MIDDAY,5atr,true
R03,APPROACH_FROM_BELOW,C01_NEUTRAL,2,28.57,7,60,POC,7,100,RTH_MORNING,5atr,true
R03,APPROACH_FROM_BELOW,C01_NEUTRAL,12,41.38,29,60,POC,28,96.55,RTH_OPEN,5atr,true
R04,APPROACH_FROM_BELOW,C01_NEUTRAL,17,41.46,41,60,POC,38,92.68,ALL_SESSIONS,5atr,false
R04,APPROACH_FROM_BELOW,C01_NEUTRAL,1,50,2,60,POC,2,100,RTH_MIDDAY,5atr,true
R04,APPROACH_FROM_BELOW,C01_NEUTRAL,2,28.57,7,60,POC,7,100,RTH_MORNING,5atr,true
R04,APPROACH_FROM_BELOW,C01_NEUTRAL,14,43.75,32,60,POC,29,90.62,RTH_OPEN,5atr,false
R05,APPROACH_FROM_BELOW,C01_NEUTRAL,25,46.3,54,60,POC,42,77.78,ALL_SESSIONS,5atr,false
R05,APPROACH_FROM_BELOW,C01_NEUTRAL,1,100,1,60,POC,1,100,RTH_AFTERNOON,5atr,true
R05,APPROACH_FROM_BELOW,C01_NEUTRAL,3,42.86,7,60,POC,6,85.71,RTH_MIDDAY,5atr,true
R05,APPROACH_FROM_BELOW,C01_NEUTRAL,21,45.65,46,60,POC,35,76.09,RTH_MORNING,5atr,false
ALL_ANCHORS,APPROACH_FROM_ABOVE,C02_ACTIVITY_MATCHED,91,52.3,174,60,POC,129,74.14,ALL_SESSIONS,5atr,false
ALL_ANCHORS,APPROACH_FROM_ABOVE,C02_ACTIVITY_MATCHED,15,68.18,22,60,POC,9,40.91,ETH_EVENING,5atr,true
ALL_ANCHORS,APPROACH_FROM_ABOVE,C02_ACTIVITY_MATCHED,7,63.64,11,60,POC,7,63.64,ETH_OVERNIGHT,5atr,true
ALL_ANCHORS,APPROACH_FROM_ABOVE,C02_ACTIVITY_MATCHED,6,75,8,60,POC,7,87.5,RTH_AFTERNOON,5atr,true
ALL_ANCHORS,APPROACH_FROM_ABOVE,C02_ACTIVITY_MATCHED,13,68.42,19,60,POC,9,47.37,RTH_MIDDAY,5atr,true
ALL_ANCHORS,APPROACH_FROM_ABOVE,C02_ACTIVITY_MATCHED,22,53.66,41,60,POC,29,70.73,RTH_MORNING,5atr,false
ALL_ANCHORS,APPROACH_FROM_ABOVE,C02_ACTIVITY_MATCHED,28,38.36,73,60,POC,68,93.15,RTH_OPEN,5atr,false
R01,APPROACH_FROM_ABOVE,C02_ACTIVITY_MATCHED,22,66.67,33,60,POC,16,48.48,ALL_SESSIONS,5atr,false
R01,APPROACH_FROM_ABOVE,C02_ACTIVITY_MATCHED,15,68.18,22,60,POC,9,40.91,ETH_EVENING,5atr,true
R01,APPROACH_FROM_ABOVE,C02_ACTIVITY_MATCHED,7,63.64,11,60,POC,7,63.64,ETH_OVERNIGHT,5atr,true
R02,APPROACH_FROM_ABOVE,C02_ACTIVITY_MATCHED,12,37.5,32,60,POC,26,81.25,ALL_SESSIONS,5atr,false
R02,APPROACH_FROM_ABOVE,C02_ACTIVITY_MATCHED,0,0,1,60,POC,1,100,RTH_AFTERNOON,5atr,true
R02,APPROACH_FROM_ABOVE,C02_ACTIVITY_MATCHED,3,60,5,60,POC,3,60,RTH_MIDDAY,5atr,true
R02,APPROACH_FROM_ABOVE,C02_ACTIVITY_MATCHED,2,50,4,60,POC,3,75,RTH_MORNING,5atr,true
R02,APPROACH_FROM_ABOVE,C02_ACTIVITY_MATCHED,7,31.82,22,60,POC,19,86.36,RTH_OPEN,5atr,true
R03,APPROACH_FROM_ABOVE,C02_ACTIVITY_MATCHED,13,44.83,29,60,POC,25,86.21,ALL_SESSIONS,5atr,true
R03,APPROACH_FROM_ABOVE,C02_ACTIVITY_MATCHED,0,0,1,60,POC,1,100,RTH_AFTERNOON,5atr,true
R03,APPROACH_FROM_ABOVE,C02_ACTIVITY_MATCHED,2,100,2,60,POC,0,0,RTH_MIDDAY,5atr,true
R03,APPROACH_FROM_ABOVE,C02_ACTIVITY_MATCHED,3,75,4,60,POC,3,75,RTH_MORNING,5atr,true
R03,APPROACH_FROM_ABOVE,C02_ACTIVITY_MATCHED,8,36.36,22,60,POC,21,95.45,RTH_OPEN,5atr,true
R04,APPROACH_FROM_ABOVE,C02_ACTIVITY_MATCHED,22,56.41,39,60,POC,34,87.18,ALL_SESSIONS,5atr,false
R04,APPROACH_FROM_ABOVE,C02_ACTIVITY_MATCHED,4,100,4,60,POC,4,100,RTH_AFTERNOON,5atr,true
R04,APPROACH_FROM_ABOVE,C02_ACTIVITY_MATCHED,2,100,2,60,POC,0,0,RTH_MIDDAY,5atr,true
R04,APPROACH_FROM_ABOVE,C02_ACTIVITY_MATCHED,3,75,4,60,POC,2,50,RTH_MORNING,5atr,true
R04,APPROACH_FROM_ABOVE,C02_ACTIVITY_MATCHED,13,44.83,29,60,POC,28,96.55,RTH_OPEN,5atr,true
R05,APPROACH_FROM_ABOVE,C02_ACTIVITY_MATCHED,22,53.66,41,60,POC,28,68.29,ALL_SESSIONS,5atr,false
R05,APPROACH_FROM_ABOVE,C02_ACTIVITY_MATCHED,2,100,2,60,POC,1,50,RTH_AFTERNOON,5atr,true
R05,APPROACH_FROM_ABOVE,C02_ACTIVITY_MATCHED,6,60,10,60,POC,6,60,RTH_MIDDAY,5atr,true
R05,APPROACH_FROM_ABOVE,C02_ACTIVITY_MATCHED,14,48.28,29,60,POC,21,72.41,RTH_MORNING,5atr,true
ALL_ANCHORS,APPROACH_FROM_BELOW,C02_ACTIVITY_MATCHED,84,43.52,193,60,POC,159,82.38,ALL_SESSIONS,5atr,false
ALL_ANCHORS,APPROACH_FROM_BELOW,C02_ACTIVITY_MATCHED,11,47.83,23,60,POC,11,47.83,ETH_EVENING,5atr,true
ALL_ANCHORS,APPROACH_FROM_BELOW,C02_ACTIVITY_MATCHED,2,25,8,60,POC,6,75,ETH_OVERNIGHT,5atr,true
ALL_ANCHORS,APPROACH_FROM_BELOW,C02_ACTIVITY_MATCHED,1,100,1,60,POC,0,0,RTH_AFTERNOON,5atr,true
ALL_ANCHORS,APPROACH_FROM_BELOW,C02_ACTIVITY_MATCHED,6,42.86,14,60,POC,10,71.43,RTH_MIDDAY,5atr,true
ALL_ANCHORS,APPROACH_FROM_BELOW,C02_ACTIVITY_MATCHED,28,43.08,65,60,POC,54,83.08,RTH_MORNING,5atr,false
ALL_ANCHORS,APPROACH_FROM_BELOW,C02_ACTIVITY_MATCHED,36,43.9,82,60,POC,78,95.12,RTH_OPEN,5atr,false
R01,APPROACH_FROM_BELOW,C02_ACTIVITY_MATCHED,13,41.94,31,60,POC,17,54.84,ALL_SESSIONS,5atr,false
R01,APPROACH_FROM_BELOW,C02_ACTIVITY_MATCHED,11,47.83,23,60,POC,11,47.83,ETH_EVENING,5atr,true
R01,APPROACH_FROM_BELOW,C02_ACTIVITY_MATCHED,2,25,8,60,POC,6,75,ETH_OVERNIGHT,5atr,true
R02,APPROACH_FROM_BELOW,C02_ACTIVITY_MATCHED,13,39.39,33,60,POC,28,84.85,ALL_SESSIONS,5atr,false
R02,APPROACH_FROM_BELOW,C02_ACTIVITY_MATCHED,2,50,4,60,POC,1,25,RTH_MIDDAY,5atr,true
R02,APPROACH_FROM_BELOW,C02_ACTIVITY_MATCHED,3,33.33,9,60,POC,8,88.89,RTH_MORNING,5atr,true
R02,APPROACH_FROM_BELOW,C02_ACTIVITY_MATCHED,8,40,20,60,POC,19,95,RTH_OPEN,5atr,true
R03,APPROACH_FROM_BELOW,C02_ACTIVITY_MATCHED,16,43.24,37,60,POC,34,91.89,ALL_SESSIONS,5atr,false
R03,APPROACH_FROM_BELOW,C02_ACTIVITY_MATCHED,0,0,2,60,POC,2,100,RTH_MIDDAY,5atr,true
R03,APPROACH_FROM_BELOW,C02_ACTIVITY_MATCHED,2,28.57,7,60,POC,7,100,RTH_MORNING,5atr,true
R03,APPROACH_FROM_BELOW,C02_ACTIVITY_MATCHED,14,50,28,60,POC,25,89.29,RTH_OPEN,5atr,true
R04,APPROACH_FROM_BELOW,C02_ACTIVITY_MATCHED,17,39.53,43,60,POC,42,97.67,ALL_SESSIONS,5atr,false
R04,APPROACH_FROM_BELOW,C02_ACTIVITY_MATCHED,1,100,1,60,POC,1,100,RTH_MIDDAY,5atr,true
R04,APPROACH_FROM_BELOW,C02_ACTIVITY_MATCHED,2,25,8,60,POC,7,87.5,RTH_MORNING,5atr,true
R04,APPROACH_FROM_BELOW,C02_ACTIVITY_MATCHED,14,41.18,34,60,POC,34,100,RTH_OPEN,5atr,false
R05,APPROACH_FROM_BELOW,C02_ACTIVITY_MATCHED,25,51.02,49,60,POC,38,77.55,ALL_SESSIONS,5atr,false
R05,APPROACH_FROM_BELOW,C02_ACTIVITY_MATCHED,1,100,1,60,POC,0,0,RTH_AFTERNOON,5atr,true
R05,APPROACH_FROM_BELOW,C02_ACTIVITY_MATCHED,3,42.86,7,60,POC,6,85.71,RTH_MIDDAY,5atr,true
R05,APPROACH_FROM_BELOW,C02_ACTIVITY_MATCHED,21,51.22,41,60,POC,32,78.05,RTH_MORNING,5atr,false
ALL_ANCHORS,APPROACH_FROM_ABOVE,TREATED,117,48.95,239,60,POC,179,74.9,ALL_SESSIONS,5atr,false
ALL_ANCHORS,APPROACH_FROM_ABOVE,TREATED,18,51.43,35,60,POC,21,60,ETH_EVENING,5atr,false
ALL_ANCHORS,APPROACH_FROM_ABOVE,TREATED,7,43.75,16,60,POC,11,68.75,ETH_OVERNIGHT,5atr,true
ALL_ANCHORS,APPROACH_FROM_ABOVE,TREATED,5,41.67,12,60,POC,10,83.33,RTH_AFTERNOON,5atr,true
ALL_ANCHORS,APPROACH_FROM_ABOVE,TREATED,15,65.22,23,60,POC,14,60.87,RTH_MIDDAY,5atr,true
ALL_ANCHORS,APPROACH_FROM_ABOVE,TREATED,29,51.79,56,60,POC,40,71.43,RTH_MORNING,5atr,false
ALL_ANCHORS,APPROACH_FROM_ABOVE,TREATED,43,44.33,97,60,POC,83,85.57,RTH_OPEN,5atr,false
R01,APPROACH_FROM_ABOVE,TREATED,25,49.02,51,60,POC,32,62.75,ALL_SESSIONS,5atr,false
R01,APPROACH_FROM_ABOVE,TREATED,18,51.43,35,60,POC,21,60,ETH_EVENING,5atr,false
R01,APPROACH_FROM_ABOVE,TREATED,7,43.75,16,60,POC,11,68.75,ETH_OVERNIGHT,5atr,true
R02,APPROACH_FROM_ABOVE,TREATED,17,41.46,41,60,POC,30,73.17,ALL_SESSIONS,5atr,false
R02,APPROACH_FROM_ABOVE,TREATED,1,50,2,60,POC,1,50,RTH_AFTERNOON,5atr,true
R02,APPROACH_FROM_ABOVE,TREATED,4,57.14,7,60,POC,6,85.71,RTH_MIDDAY,5atr,true
R02,APPROACH_FROM_ABOVE,TREATED,3,42.86,7,60,POC,5,71.43,RTH_MORNING,5atr,true
R02,APPROACH_FROM_ABOVE,TREATED,9,36,25,60,POC,18,72,RTH_OPEN,5atr,true
R03,APPROACH_FROM_ABOVE,TREATED,25,52.08,48,60,POC,40,83.33,ALL_SESSIONS,5atr,false
R03,APPROACH_FROM_ABOVE,TREATED,1,33.33,3,60,POC,3,100,RTH_AFTERNOON,5atr,true
R03,APPROACH_FROM_ABOVE,TREATED,3,75,4,60,POC,2,50,RTH_MIDDAY,5atr,true
R03,APPROACH_FROM_ABOVE,TREATED,4,57.14,7,60,POC,6,85.71,RTH_MORNING,5atr,true
R03,APPROACH_FROM_ABOVE,TREATED,17,50,34,60,POC,29,85.29,RTH_OPEN,5atr,false
R04,APPROACH_FROM_ABOVE,TREATED,22,44.9,49,60,POC,43,87.76,ALL_SESSIONS,5atr,false
R04,APPROACH_FROM_ABOVE,TREATED,1,33.33,3,60,POC,3,100,RTH_AFTERNOON,5atr,true
R04,APPROACH_FROM_ABOVE,TREATED,2,100,2,60,POC,0,0,RTH_MIDDAY,5atr,true
R04,APPROACH_FROM_ABOVE,TREATED,2,33.33,6,60,POC,4,66.67,RTH_MORNING,5atr,true
R04,APPROACH_FROM_ABOVE,TREATED,17,44.74,38,60,POC,36,94.74,RTH_OPEN,5atr,false
R05,APPROACH_FROM_ABOVE,TREATED,28,56,50,60,POC,34,68,ALL_SESSIONS,5atr,false
R05,APPROACH_FROM_ABOVE,TREATED,2,50,4,60,POC,3,75,RTH_AFTERNOON,5atr,true
R05,APPROACH_FROM_ABOVE,TREATED,6,60,10,60,POC,6,60,RTH_MIDDAY,5atr,true
R05,APPROACH_FROM_ABOVE,TREATED,20,55.56,36,60,POC,25,69.44,RTH_MORNING,5atr,false
ALL_ANCHORS,APPROACH_FROM_BELOW,TREATED,101,44.3,228,60,POC,182,79.82,ALL_SESSIONS,5atr,false
ALL_ANCHORS,APPROACH_FROM_BELOW,TREATED,7,36.84,19,60,POC,13,68.42,ETH_EVENING,5atr,true
ALL_ANCHORS,APPROACH_FROM_BELOW,TREATED,8,57.14,14,60,POC,7,50,ETH_OVERNIGHT,5atr,true
ALL_ANCHORS,APPROACH_FROM_BELOW,TREATED,1,50,2,60,POC,2,100,RTH_AFTERNOON,5atr,true
ALL_ANCHORS,APPROACH_FROM_BELOW,TREATED,11,57.89,19,60,POC,11,57.89,RTH_MIDDAY,5atr,true
ALL_ANCHORS,APPROACH_FROM_BELOW,TREATED,35,45.45,77,60,POC,59,76.62,RTH_MORNING,5atr,false
ALL_ANCHORS,APPROACH_FROM_BELOW,TREATED,39,40.21,97,60,POC,90,92.78,RTH_OPEN,5atr,false
R01,APPROACH_FROM_BELOW,TREATED,15,45.45,33,60,POC,20,60.61,ALL_SESSIONS,5atr,false
R01,APPROACH_FROM_BELOW,TREATED,7,36.84,19,60,POC,13,68.42,ETH_EVENING,5atr,true
R01,APPROACH_FROM_BELOW,TREATED,8,57.14,14,60,POC,7,50,ETH_OVERNIGHT,5atr,true
R02,APPROACH_FROM_BELOW,TREATED,22,44,50,60,POC,40,80,ALL_SESSIONS,5atr,false
R02,APPROACH_FROM_BELOW,TREATED,4,66.67,6,60,POC,1,16.67,RTH_MIDDAY,5atr,true
R02,APPROACH_FROM_BELOW,TREATED,7,53.85,13,60,POC,11,84.62,RTH_MORNING,5atr,true
R02,APPROACH_FROM_BELOW,TREATED,11,35.48,31,60,POC,28,90.32,RTH_OPEN,5atr,false
R03,APPROACH_FROM_BELOW,TREATED,20,43.48,46,60,POC,41,89.13,ALL_SESSIONS,5atr,false
R03,APPROACH_FROM_BELOW,TREATED,0,0,1,60,POC,1,100,RTH_AFTERNOON,5atr,true
R03,APPROACH_FROM_BELOW,TREATED,2,66.67,3,60,POC,2,66.67,RTH_MIDDAY,5atr,true
R03,APPROACH_FROM_BELOW,TREATED,2,20,10,60,POC,9,90,RTH_MORNING,5atr,true
R03,APPROACH_FROM_BELOW,TREATED,16,50,32,60,POC,29,90.62,RTH_OPEN,5atr,false
R04,APPROACH_FROM_BELOW,TREATED,14,32.56,43,60,POC,42,97.67,ALL_SESSIONS,5atr,false
R04,APPROACH_FROM_BELOW,TREATED,0,0,2,60,POC,2,100,RTH_MIDDAY,5atr,true
R04,APPROACH_FROM_BELOW,TREATED,2,28.57,7,60,POC,7,100,RTH_MORNING,5atr,true
R04,APPROACH_FROM_BELOW,TREATED,12,35.29,34,60,POC,33,97.06,RTH_OPEN,5atr,false
R05,APPROACH_FROM_BELOW,TREATED,30,53.57,56,60,POC,39,69.64,ALL_SESSIONS,5atr,false
R05,APPROACH_FROM_BELOW,TREATED,1,100,1,60,POC,1,100,RTH_AFTERNOON,5atr,true
R05,APPROACH_FROM_BELOW,TREATED,5,62.5,8,60,POC,6,75,RTH_MIDDAY,5atr,true
R05,APPROACH_FROM_BELOW,TREATED,24,51.06,47,60,POC,32,68.09,RTH_MORNING,5atr,false
