anchor,approach_side,arm,continued,continued_pct,evaluated_events,horizon_minutes,population,returned_inside,returned_inside_pct,session,threshold,underpowered
ALL_ANCHORS,APPROACH_FROM_ABOVE,C01_NEUTRAL,25,35.71,70,15,NONPOC,61,87.14,ALL_SESSIONS,3atr,false
ALL_ANCHORS,APPROACH_FROM_ABOVE,C01_NEUTRAL,6,50,12,15,NONPOC,11,91.67,ETH_EVENING,3atr,true
ALL_ANCHORS,APPROACH_FROM_ABOVE,C01_NEUTRAL,3,50,6,15,NONPOC,5,83.33,ETH_OVERNIGHT,3atr,true
ALL_ANCHORS,APPROACH_FROM_ABOVE,C01_NEUTRAL,1,100,1,15,NONPOC,1,100,RTH_AFTERNOON,3atr,true
ALL_ANCHORS,APPROACH_FROM_ABOVE,C01_NEUTRAL,1,11.11,9,15,NONPOC,7,77.78,RTH_MIDDAY,3atr,true
ALL_ANCHORS,APPROACH_FROM_ABOVE,C01_NEUTRAL,4,30.77,13,15,NONPOC,11,84.62,RTH_MORNING,3atr,true
ALL_ANCHORS,APPROACH_FROM_ABOVE,C01_NEUTRAL,10,34.48,29,15,NONPOC,26,89.66,RTH_OPEN,3atr,true
R01,APPROACH_FROM_ABOVE,C01_NEUTRAL,9,50,18,15,NONPOC,16,88.89,ALL_SESSIONS,3atr,true
R01,APPROACH_FROM_ABOVE,C01_NEUTRAL,6,50,12,15,NONPOC,11,91.67,ETH_EVENING,3atr,true
R01,APPROACH_FROM_ABOVE,C01_NEUTRAL,3,50,6,15,NONPOC,5,83.33,ETH_OVERNIGHT,3atr,true
R02,APPROACH_FROM_ABOVE,C01_NEUTRAL,4,28.57,14,15,NONPOC,11,78.57,ALL_SESSIONS,3atr,true
R02,APPROACH_FROM_ABOVE,C01_NEUTRAL,1,33.33,3,15,NONPOC,1,33.33,RTH_MIDDAY,3atr,true
R02,APPROACH_FROM_ABOVE,C01_NEUTRAL,1,25,4,15,NONPOC,4,100,RTH_MORNING,3atr,true
R02,APPROACH_FROM_ABOVE,C01_NEUTRAL,2,28.57,7,15,NONPOC,6,85.71,RTH_OPEN,3atr,true
R03,APPROACH_FROM_ABOVE,C01_NEUTRAL,10,35.71,28,15,NONPOC,25,89.29,ALL_SESSIONS,3atr,true
R03,APPROACH_FROM_ABOVE,C01_NEUTRAL,1,100,1,15,NONPOC,1,100,RTH_AFTERNOON,3atr,true
R03,APPROACH_FROM_ABOVE,C01_NEUTRAL,0,0,1,15,NONPOC,1,100,RTH_MIDDAY,3atr,true
R03,APPROACH_FROM_ABOVE,C01_NEUTRAL,2,33.33,6,15,NONPOC,5,83.33,RTH_MORNING,3atr,true
R03,APPROACH_FROM_ABOVE,C01_NEUTRAL,7,35,20,15,NONPOC,18,90,RTH_OPEN,3atr,true
R04,APPROACH_FROM_ABOVE,C01_NEUTRAL,1,50,2,15,NONPOC,2,100,ALL_SESSIONS,3atr,true
R04,APPROACH_FROM_ABOVE,C01_NEUTRAL,1,50,2,15,NONPOC,2,100,RTH_OPEN,3atr,true
R05,APPROACH_FROM_ABOVE,C01_NEUTRAL,1,12.5,8,15,NONPOC,7,87.5,ALL_SESSIONS,3atr,true
R05,APPROACH_FROM_ABOVE,C01_NEUTRAL,0,0,5,15,NONPOC,5,100,RTH_MIDDAY,3atr,true
R05,APPROACH_FROM_ABOVE,C01_NEUTRAL,1,33.33,3,15,NONPOC,2,66.67,RTH_MORNING,3atr,true
ALL_ANCHORS,APPROACH_FROM_BELOW,C01_NEUTRAL,32,50,64,15,NONPOC,55,85.94,ALL_SESSIONS,3atr,false
ALL_ANCHORS,APPROACH_FROM_BELOW,C01_NEUTRAL,5,62.5,8,15,NONPOC,8,100,ETH_EVENING,3atr,true
ALL_ANCHORS,APPROACH_FROM_BELOW,C01_NEUTRAL,3,60,5,15,NONPOC,4,80,ETH_OVERNIGHT,3atr,true
ALL_ANCHORS,APPROACH_FROM_BELOW,C01_NEUTRAL,3,100,3,15,NONPOC,2,66.67,RTH_AFTERNOON,3atr,true
ALL_ANCHORS,APPROACH_FROM_BELOW,C01_NEUTRAL,1,50,2,15,NONPOC,2,100,RTH_MIDDAY,3atr,true
ALL_ANCHORS,APPROACH_FROM_BELOW,C01_NEUTRAL,9,42.86,21,15,NONPOC,14,66.67,RTH_MORNING,3atr,true
ALL_ANCHORS,APPROACH_FROM_BELOW,C01_NEUTRAL,11,44,25,15,NONPOC,25,100,RTH_OPEN,3atr,true
R01,APPROACH_FROM_BELOW,C01_NEUTRAL,8,61.54,13,15,NONPOC,12,92.31,ALL_SESSIONS,3atr,true
R01,APPROACH_FROM_BELOW,C01_NEUTRAL,5,62.5,8,15,NONPOC,8,100,ETH_EVENING,3atr,true
R01,APPROACH_FROM_BELOW,C01_NEUTRAL,3,60,5,15,NONPOC,4,80,ETH_OVERNIGHT,3atr,true
R02,APPROACH_FROM_BELOW,C01_NEUTRAL,6,37.5,16,15,NONPOC,13,81.25,ALL_SESSIONS,3atr,true
R02,APPROACH_FROM_BELOW,C01_NEUTRAL,0,0,1,15,NONPOC,1,100,RTH_MIDDAY,3atr,true
R02,APPROACH_FROM_BELOW,C01_NEUTRAL,4,80,5,15,NONPOC,2,40,RTH_MORNING,3atr,true
R02,APPROACH_FROM_BELOW,C01_NEUTRAL,2,20,10,15,NONPOC,10,100,RTH_OPEN,3atr,true
R03,APPROACH_FROM_BELOW,C01_NEUTRAL,8,53.33,15,15,NONPOC,13,86.67,ALL_SESSIONS,3atr,true
R03,APPROACH_FROM_BELOW,C01_NEUTRAL,1,100,1,15,NONPOC,0,0,RTH_AFTERNOON,3atr,true
R03,APPROACH_FROM_BELOW,C01_NEUTRAL,0,0,3,15,NONPOC,2,66.67,RTH_MORNING,3atr,true
R03,APPROACH_FROM_BELOW,C01_NEUTRAL,7,63.64,11,15,NONPOC,11,100,RTH_OPEN,3atr,true
R04,APPROACH_FROM_BELOW,C01_NEUTRAL,4,57.14,7,15,NONPOC,7,100,ALL_SESSIONS,3atr,true
R04,APPROACH_FROM_BELOW,C01_NEUTRAL,1,100,1,15,NONPOC,1,100,RTH_AFTERNOON,3atr,true
R04,APPROACH_FROM_BELOW,C01_NEUTRAL,1,50,2,15,NONPOC,2,100,RTH_MORNING,3atr,true
R04,APPROACH_FROM_BELOW,C01_NEUTRAL,2,50,4,15,NONPOC,4,100,RTH_OPEN,3atr,true
R05,APPROACH_FROM_BELOW,C01_NEUTRAL,6,46.15,13,15,NONPOC,10,76.92,ALL_SESSIONS,3atr,true
R05,APPROACH_FROM_BELOW,C01_NEUTRAL,1,100,1,15,NONPOC,1,100,RTH_AFTERNOON,3atr,true
R05,APPROACH_FROM_BELOW,C01_NEUTRAL,1,100,1,15,NONPOC,1,100,RTH_MIDDAY,3atr,true
R05,APPROACH_FROM_BELOW,C01_NEUTRAL,4,36.36,11,15,NONPOC,8,72.73,RTH_MORNING,3atr,true
ALL_ANCHORS,APPROACH_FROM_ABOVE,C02_ACTIVITY_MATCHED,38,61.29,62,15,NONPOC,47,75.81,ALL_SESSIONS,3atr,false
ALL_ANCHORS,APPROACH_FROM_ABOVE,C02_ACTIVITY_MATCHED,7,58.33,12,15,NONPOC,11,91.67,ETH_EVENING,3atr,true
ALL_ANCHORS,APPROACH_FROM_ABOVE,C02_ACTIVITY_MATCHED,5,55.56,9,15,NONPOC,5,55.56,ETH_OVERNIGHT,3atr,true
ALL_ANCHORS,APPROACH_FROM_ABOVE,C02_ACTIVITY_MATCHED,3,75,4,15,NONPOC,3,75,RTH_AFTERNOON,3atr,true
ALL_ANCHORS,APPROACH_FROM_ABOVE,C02_ACTIVITY_MATCHED,3,100,3,15,NONPOC,2,66.67,RTH_MIDDAY,3atr,true
ALL_ANCHORS,APPROACH_FROM_ABOVE,C02_ACTIVITY_MATCHED,8,66.67,12,15,NONPOC,9,75,RTH_MORNING,3atr,true
ALL_ANCHORS,APPROACH_FROM_ABOVE,C02_ACTIVITY_MATCHED,12,54.55,22,15,NONPOC,17,77.27,RTH_OPEN,3atr,true
R01,APPROACH_FROM_ABOVE,C02_ACTIVITY_MATCHED,12,57.14,21,15,NONPOC,16,76.19,ALL_SESSIONS,3atr,true
R01,APPROACH_FROM_ABOVE,C02_ACTIVITY_MATCHED,7,58.33,12,15,NONPOC,11,91.67,ETH_EVENING,3atr,true
R01,APPROACH_FROM_ABOVE,C02_ACTIVITY_MATCHED,5,55.56,9,15,NONPOC,5,55.56,ETH_OVERNIGHT,3atr,true
R02,APPROACH_FROM_ABOVE,C02_ACTIVITY_MATCHED,11,68.75,16,15,NONPOC,10,62.5,ALL_SESSIONS,3atr,true
R02,APPROACH_FROM_ABOVE,C02_ACTIVITY_MATCHED,0,0,1,15,NONPOC,1,100,RTH_AFTERNOON,3atr,true
R02,APPROACH_FROM_ABOVE,C02_ACTIVITY_MATCHED,1,100,1,15,NONPOC,1,100,RTH_MIDDAY,3atr,true
R02,APPROACH_FROM_ABOVE,C02_ACTIVITY_MATCHED,4,80,5,15,NONPOC,2,40,RTH_MORNING,3atr,true
R02,APPROACH_FROM_ABOVE,C02_ACTIVITY_MATCHED,6,66.67,9,15,NONPOC,6,66.67,RTH_OPEN,3atr,true
R03,APPROACH_FROM_ABOVE,C02_ACTIVITY_MATCHED,7,46.67,15,15,NONPOC,12,80,ALL_SESSIONS,3atr,true
R03,APPROACH_FROM_ABOVE,C02_ACTIVITY_MATCHED,1,100,1,15,NONPOC,1,100,RTH_AFTERNOON,3atr,true
R03,APPROACH_FROM_ABOVE,C02_ACTIVITY_MATCHED,1,100,1,15,NONPOC,0,0,RTH_MIDDAY,3atr,true
R03,APPROACH_FROM_ABOVE,C02_ACTIVITY_MATCHED,0,0,2,15,NONPOC,2,100,RTH_MORNING,3atr,true
R03,APPROACH_FROM_ABOVE,C02_ACTIVITY_MATCHED,5,45.45,11,15,NONPOC,9,81.82,RTH_OPEN,3atr,true
R04,APPROACH_FROM_ABOVE,C02_ACTIVITY_MATCHED,1,50,2,15,NONPOC,2,100,ALL_SESSIONS,3atr,true
R04,APPROACH_FROM_ABOVE,C02_ACTIVITY_MATCHED,1,50,2,15,NONPOC,2,100,RTH_OPEN,3atr,true
R05,APPROACH_FROM_ABOVE,C02_ACTIVITY_MATCHED,7,87.5,8,15,NONPOC,7,87.5,ALL_SESSIONS,3atr,true
R05,APPROACH_FROM_ABOVE,C02_ACTIVITY_MATCHED,2,100,2,15,NONPOC,1,50,RTH_AFTERNOON,3atr,true
R05,APPROACH_FROM_ABOVE,C02_ACTIVITY_MATCHED,1,100,1,15,NONPOC,1,100,RTH_MIDDAY,3atr,true
R05,APPROACH_FROM_ABOVE,C02_ACTIVITY_MATCHED,4,80,5,15,NONPOC,5,100,RTH_MORNING,3atr,true
ALL_ANCHORS,APPROACH_FROM_BELOW,C02_ACTIVITY_MATCHED,22,41.51,53,15,NONPOC,44,83.02,ALL_SESSIONS,3atr,false
ALL_ANCHORS,APPROACH_FROM_BELOW,C02_ACTIVITY_MATCHED,1,20,5,15,NONPOC,5,100,ETH_EVENING,3atr,true
ALL_ANCHORS,APPROACH_FROM_BELOW,C02_ACTIVITY_MATCHED,3,50,6,15,NONPOC,5,83.33,ETH_OVERNIGHT,3atr,true
ALL_ANCHORS,APPROACH_FROM_BELOW,C02_ACTIVITY_MATCHED,4,80,5,15,NONPOC,5,100,RTH_MIDDAY,3atr,true
ALL_ANCHORS,APPROACH_FROM_BELOW,C02_ACTIVITY_MATCHED,7,50,14,15,NONPOC,10,71.43,RTH_MORNING,3atr,true
ALL_ANCHORS,APPROACH_FROM_BELOW,C02_ACTIVITY_MATCHED,7,30.43,23,15,NONPOC,19,82.61,RTH_OPEN,3atr,true
R01,APPROACH_FROM_BELOW,C02_ACTIVITY_MATCHED,4,36.36,11,15,NONPOC,10,90.91,ALL_SESSIONS,3atr,true
R01,APPROACH_FROM_BELOW,C02_ACTIVITY_MATCHED,1,20,5,15,NONPOC,5,100,ETH_EVENING,3atr,true
R01,APPROACH_FROM_BELOW,C02_ACTIVITY_MATCHED,3,50,6,15,NONPOC,5,83.33,ETH_OVERNIGHT,3atr,true
R02,APPROACH_FROM_BELOW,C02_ACTIVITY_MATCHED,3,30,10,15,NONPOC,9,90,ALL_SESSIONS,3atr,true
R02,APPROACH_FROM_BELOW,C02_ACTIVITY_MATCHED,1,100,1,15,NONPOC,1,100,RTH_MIDDAY,3atr,true
R02,APPROACH_FROM_BELOW,C02_ACTIVITY_MATCHED,0,0,1,15,NONPOC,1,100,RTH_MORNING,3atr,true
R02,APPROACH_FROM_BELOW,C02_ACTIVITY_MATCHED,2,25,8,15,NONPOC,7,87.5,RTH_OPEN,3atr,true
R03,APPROACH_FROM_BELOW,C02_ACTIVITY_MATCHED,4,30.77,13,15,NONPOC,11,84.62,ALL_SESSIONS,3atr,true
R03,APPROACH_FROM_BELOW,C02_ACTIVITY_MATCHED,1,100,1,15,NONPOC,1,100,RTH_MIDDAY,3atr,true
R03,APPROACH_FROM_BELOW,C02_ACTIVITY_MATCHED,0,0,1,15,NONPOC,1,100,RTH_MORNING,3atr,true
R03,APPROACH_FROM_BELOW,C02_ACTIVITY_MATCHED,3,27.27,11,15,NONPOC,9,81.82,RTH_OPEN,3atr,true
R04,APPROACH_FROM_BELOW,C02_ACTIVITY_MATCHED,3,50,6,15,NONPOC,5,83.33,ALL_SESSIONS,3atr,true
R04,APPROACH_FROM_BELOW,C02_ACTIVITY_MATCHED,1,50,2,15,NONPOC,2,100,RTH_MIDDAY,3atr,true
R04,APPROACH_FROM_BELOW,C02_ACTIVITY_MATCHED,2,50,4,15,NONPOC,3,75,RTH_OPEN,3atr,true
R05,APPROACH_FROM_BELOW,C02_ACTIVITY_MATCHED,8,61.54,13,15,NONPOC,9,69.23,ALL_SESSIONS,3atr,true
R05,APPROACH_FROM_BELOW,C02_ACTIVITY_MATCHED,1,100,1,15,NONPOC,1,100,RTH_MIDDAY,3atr,true
R05,APPROACH_FROM_BELOW,C02_ACTIVITY_MATCHED,7,58.33,12,15,NONPOC,8,66.67,RTH_MORNING,3atr,true
ALL_ANCHORS,APPROACH_FROM_ABOVE,TREATED,35,50,70,15,NONPOC,63,90,ALL_SESSIONS,3atr,false
ALL_ANCHORS,APPROACH_FROM_ABOVE,TREATED,2,25,8,15,NONPOC,8,100,ETH_EVENING,3atr,true
ALL_ANCHORS,APPROACH_FROM_ABOVE,TREATED,4,57.14,7,15,NONPOC,6,85.71,ETH_OVERNIGHT,3atr,true
ALL_ANCHORS,APPROACH_FROM_ABOVE,TREATED,1,100,1,15,NONPOC,1,100,RTH_AFTERNOON,3atr,true
ALL_ANCHORS,APPROACH_FROM_ABOVE,TREATED,3,37.5,8,15,NONPOC,6,75,RTH_MIDDAY,3atr,true
ALL_ANCHORS,APPROACH_FROM_ABOVE,TREATED,10,58.82,17,15,NONPOC,15,88.24,RTH_MORNING,3atr,true
ALL_ANCHORS,APPROACH_FROM_ABOVE,TREATED,15,51.72,29,15,NONPOC,27,93.1,RTH_OPEN,3atr,true
R01,APPROACH_FROM_ABOVE,TREATED,6,40,15,15,NONPOC,14,93.33,ALL_SESSIONS,3atr,true
R01,APPROACH_FROM_ABOVE,TREATED,2,25,8,15,NONPOC,8,100,ETH_EVENING,3atr,true
R01,APPROACH_FROM_ABOVE,TREATED,4,57.14,7,15,NONPOC,6,85.71,ETH_OVERNIGHT,3atr,true
R02,APPROACH_FROM_ABOVE,TREATED,11,68.75,16,15,NONPOC,12,75,ALL_SESSIONS,3atr,true
R02,APPROACH_FROM_ABOVE,TREATED,3,100,3,15,NONPOC,1,33.33,RTH_MIDDAY,3atr,true
R02,APPROACH_FROM_ABOVE,TREATED,4,66.67,6,15,NONPOC,6,100,RTH_MORNING,3atr,true
R02,APPROACH_FROM_ABOVE,TREATED,4,57.14,7,15,NONPOC,5,71.43,RTH_OPEN,3atr,true
R03,APPROACH_FROM_ABOVE,TREATED,14,48.28,29,15,NONPOC,28,96.55,ALL_SESSIONS,3atr,true
R03,APPROACH_FROM_ABOVE,TREATED,1,100,1,15,NONPOC,1,100,RTH_AFTERNOON,3atr,true
R03,APPROACH_FROM_ABOVE,TREATED,0,0,1,15,NONPOC,1,100,RTH_MIDDAY,3atr,true
R03,APPROACH_FROM_ABOVE,TREATED,3,50,6,15,NONPOC,5,83.33,RTH_MORNING,3atr,true
R03,APPROACH_FROM_ABOVE,TREATED,10,47.62,21,15,NONPOC,21,100,RTH_OPEN,3atr,true
R04,APPROACH_FROM_ABOVE,TREATED,1,100,1,15,NONPOC,1,100,ALL_SESSIONS,3atr,true
R04,APPROACH_FROM_ABOVE,TREATED,1,100,1,15,NONPOC,1,100,RTH_OPEN,3atr,true
R05,APPROACH_FROM_ABOVE,TREATED,3,33.33,9,15,NONPOC,8,88.89,ALL_SESSIONS,3atr,true
R05,APPROACH_FROM_ABOVE,TREATED,0,0,4,15,NONPOC,4,100,RTH_MIDDAY,3atr,true
R05,APPROACH_FROM_ABOVE,TREATED,3,60,5,15,NONPOC,4,80,RTH_MORNING,3atr,true
ALL_ANCHORS,APPROACH_FROM_BELOW,TREATED,36,49.32,73,15,NONPOC,58,79.45,ALL_SESSIONS,3atr,false
ALL_ANCHORS,APPROACH_FROM_BELOW,TREATED,5,45.45,11,15,NONPOC,10,90.91,ETH_EVENING,3atr,true
ALL_ANCHORS,APPROACH_FROM_BELOW,TREATED,4,66.67,6,15,NONPOC,4,66.67,ETH_OVERNIGHT,3atr,true
ALL_ANCHORS,APPROACH_FROM_BELOW,TREATED,0,0,4,15,NONPOC,4,100,RTH_MIDDAY,3atr,true
ALL_ANCHORS,APPROACH_FROM_BELOW,TREATED,9,40.91,22,15,NONPOC,17,77.27,RTH_MORNING,3atr,true
ALL_ANCHORS,APPROACH_FROM_BELOW,TREATED,18,60,30,15,NONPOC,23,76.67,RTH_OPEN,3atr,false
R01,APPROACH_FROM_BELOW,TREATED,9,52.94,17,15,NONPOC,14,82.35,ALL_SESSIONS,3atr,true
R01,APPROACH_FROM_BELOW,TREATED,5,45.45,11,15,NONPOC,10,90.91,ETH_EVENING,3atr,true
R01,APPROACH_FROM_BELOW,TREATED,4,66.67,6,15,NONPOC,4,66.67,ETH_OVERNIGHT,3atr,true
R02,APPROACH_FROM_BELOW,TREATED,8,47.06,17,15,NONPOC,14,82.35,ALL_SESSIONS,3atr,true
R02,APPROACH_FROM_BELOW,TREATED,0,0,1,15,NONPOC,1,100,RTH_MIDDAY,3atr,true
R02,APPROACH_FROM_BELOW,TREATED,2,33.33,6,15,NONPOC,5,83.33,RTH_MORNING,3atr,true
R02,APPROACH_FROM_BELOW,TREATED,6,60,10,15,NONPOC,8,80,RTH_OPEN,3atr,true
R03,APPROACH_FROM_BELOW,TREATED,8,47.06,17,15,NONPOC,13,76.47,ALL_SESSIONS,3atr,true
R03,APPROACH_FROM_BELOW,TREATED,0,0,3,15,NONPOC,2,66.67,RTH_MORNING,3atr,true
R03,APPROACH_FROM_BELOW,TREATED,8,57.14,14,15,NONPOC,11,78.57,RTH_OPEN,3atr,true
R04,APPROACH_FROM_BELOW,TREATED,4,50,8,15,NONPOC,6,75,ALL_SESSIONS,3atr,true
R04,APPROACH_FROM_BELOW,TREATED,0,0,1,15,NONPOC,1,100,RTH_MIDDAY,3atr,true
R04,APPROACH_FROM_BELOW,TREATED,0,0,1,15,NONPOC,1,100,RTH_MORNING,3atr,true
R04,APPROACH_FROM_BELOW,TREATED,4,66.67,6,15,NONPOC,4,66.67,RTH_OPEN,3atr,true
R05,APPROACH_FROM_BELOW,TREATED,7,50,14,15,NONPOC,11,78.57,ALL_SESSIONS,3atr,true
R05,APPROACH_FROM_BELOW,TREATED,0,0,2,15,NONPOC,2,100,RTH_MIDDAY,3atr,true
R05,APPROACH_FROM_BELOW,TREATED,7,58.33,12,15,NONPOC,9,75,RTH_MORNING,3atr,true
ALL_ANCHORS,APPROACH_FROM_ABOVE,C01_NEUTRAL,170,56.11,303,15,POC,252,83.17,ALL_SESSIONS,3atr,false
ALL_ANCHORS,APPROACH_FROM_ABOVE,C01_NEUTRAL,20,58.82,34,15,POC,22,64.71,ETH_EVENING,3atr,false
ALL_ANCHORS,APPROACH_FROM_ABOVE,C01_NEUTRAL,9,64.29,14,15,POC,9,64.29,ETH_OVERNIGHT,3atr,true
ALL_ANCHORS,APPROACH_FROM_ABOVE,C01_NEUTRAL,5,41.67,12,15,POC,9,75,RTH_AFTERNOON,3atr,true
ALL_ANCHORS,APPROACH_FROM_ABOVE,C01_NEUTRAL,11,64.71,17,15,POC,13,76.47,RTH_MIDDAY,3atr,true
ALL_ANCHORS,APPROACH_FROM_ABOVE,C01_NEUTRAL,47,52.22,90,15,POC,75,83.33,RTH_MORNING,3atr,false
ALL_ANCHORS,APPROACH_FROM_ABOVE,C01_NEUTRAL,78,57.35,136,15,POC,124,91.18,RTH_OPEN,3atr,false
R01,APPROACH_FROM_ABOVE,C01_NEUTRAL,29,60.42,48,15,POC,31,64.58,ALL_SESSIONS,3atr,false
R01,APPROACH_FROM_ABOVE,C01_NEUTRAL,20,58.82,34,15,POC,22,64.71,ETH_EVENING,3atr,false
R01,APPROACH_FROM_ABOVE,C01_NEUTRAL,9,64.29,14,15,POC,9,64.29,ETH_OVERNIGHT,3atr,true
R02,APPROACH_FROM_ABOVE,C01_NEUTRAL,32,54.24,59,15,POC,50,84.75,ALL_SESSIONS,3atr,false
R02,APPROACH_FROM_ABOVE,C01_NEUTRAL,1,20,5,15,POC,4,80,RTH_AFTERNOON,3atr,true
R02,APPROACH_FROM_ABOVE,C01_NEUTRAL,1,33.33,3,15,POC,2,66.67,RTH_MIDDAY,3atr,true
R02,APPROACH_FROM_ABOVE,C01_NEUTRAL,6,60,10,15,POC,6,60,RTH_MORNING,3atr,true
R02,APPROACH_FROM_ABOVE,C01_NEUTRAL,24,58.54,41,15,POC,38,92.68,RTH_OPEN,3atr,false
R03,APPROACH_FROM_ABOVE,C01_NEUTRAL,31,59.62,52,15,POC,45,86.54,ALL_SESSIONS,3atr,false
R03,APPROACH_FROM_ABOVE,C01_NEUTRAL,1,100,1,15,POC,1,100,RTH_AFTERNOON,3atr,true
R03,APPROACH_FROM_ABOVE,C01_NEUTRAL,3,100,3,15,POC,2,66.67,RTH_MIDDAY,3atr,true
R03,APPROACH_FROM_ABOVE,C01_NEUTRAL,2,40,5,15,POC,4,80,RTH_MORNING,3atr,true
R03,APPROACH_FROM_ABOVE,C01_NEUTRAL,25,58.14,43,15,POC,38,88.37,RTH_OPEN,3atr,false
R04,APPROACH_FROM_ABOVE,C01_NEUTRAL,34,55.74,61,15,POC,57,93.44,ALL_SESSIONS,3atr,false
R04,APPROACH_FROM_ABOVE,C01_NEUTRAL,2,50,4,15,POC,4,100,RTH_MIDDAY,3atr,true
R04,APPROACH_FROM_ABOVE,C01_NEUTRAL,3,60,5,15,POC,5,100,RTH_MORNING,3atr,true
R04,APPROACH_FROM_ABOVE,C01_NEUTRAL,29,55.77,52,15,POC,48,92.31,RTH_OPEN,3atr,false
R05,APPROACH_FROM_ABOVE,C01_NEUTRAL,44,53.01,83,15,POC,69,83.13,ALL_SESSIONS,3atr,false
R05,APPROACH_FROM_ABOVE,C01_NEUTRAL,3,50,6,15,POC,4,66.67,RTH_AFTERNOON,3atr,true
R05,APPROACH_FROM_ABOVE,C01_NEUTRAL,5,71.43,7,15,POC,5,71.43,RTH_MIDDAY,3atr,true
R05,APPROACH_FROM_ABOVE,C01_NEUTRAL,36,51.43,70,15,POC,60,85.71,RTH_MORNING,3atr,false
ALL_ANCHORS,APPROACH_FROM_BELOW,C01_NEUTRAL,105,51.72,203,15,POC,171,84.24,ALL_SESSIONS,3atr,false
ALL_ANCHORS,APPROACH_FROM_BELOW,C01_NEUTRAL,23,48.94,47,15,POC,39,82.98,ETH_EVENING,3atr,false
ALL_ANCHORS,APPROACH_FROM_BELOW,C01_NEUTRAL,9,64.29,14,15,POC,10,71.43,ETH_OVERNIGHT,3atr,true
ALL_ANCHORS,APPROACH_FROM_BELOW,C01_NEUTRAL,2,33.33,6,15,POC,5,83.33,RTH_AFTERNOON,3atr,true
ALL_ANCHORS,APPROACH_FROM_BELOW,C01_NEUTRAL,3,18.75,16,15,POC,15,93.75,RTH_MIDDAY,3atr,true
ALL_ANCHORS,APPROACH_FROM_BELOW,C01_NEUTRAL,27,49.09,55,15,POC,44,80,RTH_MORNING,3atr,false
ALL_ANCHORS,APPROACH_FROM_BELOW,C01_NEUTRAL,41,63.08,65,15,POC,58,89.23,RTH_OPEN,3atr,false
R01,APPROACH_FROM_BELOW,C01_NEUTRAL,32,52.46,61,15,POC,49,80.33,ALL_SESSIONS,3atr,false
R01,APPROACH_FROM_BELOW,C01_NEUTRAL,23,48.94,47,15,POC,39,82.98,ETH_EVENING,3atr,false
R01,APPROACH_FROM_BELOW,C01_NEUTRAL,9,64.29,14,15,POC,10,71.43,ETH_OVERNIGHT,3atr,true
R02,APPROACH_FROM_BELOW,C01_NEUTRAL,18,45,40,15,POC,36,90,ALL_SESSIONS,3atr,false
R02,APPROACH_FROM_BELOW,C01_NEUTRAL,0,0,1,15,POC,1,100,RTH_AFTERNOON,3atr,true
R02,APPROACH_FROM_BELOW,C01_NEUTRAL,0,0,3,15,POC,3,100,RTH_MIDDAY,3atr,true
R02,APPROACH_FROM_BELOW,C01_NEUTRAL,3,21.43,14,15,POC,11,78.57,RTH_MORNING,3atr,true
R02,APPROACH_FROM_BELOW,C01_NEUTRAL,15,68.18,22,15,POC,21,95.45,RTH_OPEN,3atr,true
R03,APPROACH_FROM_BELOW,C01_NEUTRAL,15,57.69,26,15,POC,23,88.46,ALL_SESSIONS,3atr,true
R03,APPROACH_FROM_BELOW,C01_NEUTRAL,1,20,5,15,POC,5,100,RTH_MIDDAY,3atr,true
R03,APPROACH_FROM_BELOW,C01_NEUTRAL,3,60,5,15,POC,5,100,RTH_MORNING,3atr,true
R03,APPROACH_FROM_BELOW,C01_NEUTRAL,11,68.75,16,15,POC,13,81.25,RTH_OPEN,3atr,true
R04,APPROACH_FROM_BELOW,C01_NEUTRAL,17,51.52,33,15,POC,30,90.91,ALL_SESSIONS,3atr,false
R04,APPROACH_FROM_BELOW,C01_NEUTRAL,1,33.33,3,15,POC,3,100,RTH_MIDDAY,3atr,true
R04,APPROACH_FROM_BELOW,C01_NEUTRAL,1,33.33,3,15,POC,3,100,RTH_MORNING,3atr,true
R04,APPROACH_FROM_BELOW,C01_NEUTRAL,15,55.56,27,15,POC,24,88.89,RTH_OPEN,3atr,true
R05,APPROACH_FROM_BELOW,C01_NEUTRAL,23,53.49,43,15,POC,33,76.74,ALL_SESSIONS,3atr,false
R05,APPROACH_FROM_BELOW,C01_NEUTRAL,2,40,5,15,POC,4,80,RTH_AFTERNOON,3atr,true
R05,APPROACH_FROM_BELOW,C01_NEUTRAL,1,20,5,15,POC,4,80,RTH_MIDDAY,3atr,true
R05,APPROACH_FROM_BELOW,C01_NEUTRAL,20,60.61,33,15,POC,25,75.76,RTH_MORNING,3atr,false
ALL_ANCHORS,APPROACH_FROM_ABOVE,C02_ACTIVITY_MATCHED,80,47.9,167,15,POC,144,86.23,ALL_SESSIONS,3atr,false
ALL_ANCHORS,APPROACH_FROM_ABOVE,C02_ACTIVITY_MATCHED,8,53.33,15,15,POC,11,73.33,ETH_EVENING,3atr,true
ALL_ANCHORS,APPROACH_FROM_ABOVE,C02_ACTIVITY_MATCHED,4,50,8,15,POC,6,75,ETH_OVERNIGHT,3atr,true
ALL_ANCHORS,APPROACH_FROM_ABOVE,C02_ACTIVITY_MATCHED,0,0,2,15,POC,2,100,RTH_AFTERNOON,3atr,true
ALL_ANCHORS,APPROACH_FROM_ABOVE,C02_ACTIVITY_MATCHED,5,41.67,12,15,POC,11,91.67,RTH_MIDDAY,3atr,true
ALL_ANCHORS,APPROACH_FROM_ABOVE,C02_ACTIVITY_MATCHED,29,54.72,53,15,POC,43,81.13,RTH_MORNING,3atr,false
ALL_ANCHORS,APPROACH_FROM_ABOVE,C02_ACTIVITY_MATCHED,34,44.16,77,15,POC,71,92.21,RTH_OPEN,3atr,false
R01,APPROACH_FROM_ABOVE,C02_ACTIVITY_MATCHED,12,52.17,23,15,POC,17,73.91,ALL_SESSIONS,3atr,true
R01,APPROACH_FROM_ABOVE,C02_ACTIVITY_MATCHED,8,53.33,15,15,POC,11,73.33,ETH_EVENING,3atr,true
R01,APPROACH_FROM_ABOVE,C02_ACTIVITY_MATCHED,4,50,8,15,POC,6,75,ETH_OVERNIGHT,3atr,true
R02,APPROACH_FROM_ABOVE,C02_ACTIVITY_MATCHED,15,48.39,31,15,POC,26,83.87,ALL_SESSIONS,3atr,false
R02,APPROACH_FROM_ABOVE,C02_ACTIVITY_MATCHED,0,0,1,15,POC,1,100,RTH_AFTERNOON,3atr,true
R02,APPROACH_FROM_ABOVE,C02_ACTIVITY_MATCHED,1,50,2,15,POC,2,100,RTH_MIDDAY,3atr,true
R02,APPROACH_FROM_ABOVE,C02_ACTIVITY_MATCHED,5,50,10,15,POC,8,80,RTH_MORNING,3atr,true
R02,APPROACH_FROM_ABOVE,C02_ACTIVITY_MATCHED,9,50,18,15,POC,15,83.33,RTH_OPEN,3atr,true
R03,APPROACH_FROM_ABOVE,C02_ACTIVITY_MATCHED,9,34.62,26,15,POC,24,92.31,ALL_SESSIONS,3atr,true
R03,APPROACH_FROM_ABOVE,C02_ACTIVITY_MATCHED,1,100,1,15,POC,0,0,RTH_MIDDAY,3atr,true
R03,APPROACH_FROM_ABOVE,C02_ACTIVITY_MATCHED,2,66.67,3,15,POC,2,66.67,RTH_MORNING,3atr,true
R03,APPROACH_FROM_ABOVE,C02_ACTIVITY_MATCHED,6,27.27,22,15,POC,22,100,RTH_OPEN,3atr,true
R04,APPROACH_FROM_ABOVE,C02_ACTIVITY_MATCHED,22,52.38,42,15,POC,38,90.48,ALL_SESSIONS,3atr,false
R04,APPROACH_FROM_ABOVE,C02_ACTIVITY_MATCHED,2,100,2,15,POC,2,100,RTH_MIDDAY,3atr,true
R04,APPROACH_FROM_ABOVE,C02_ACTIVITY_MATCHED,1,33.33,3,15,POC,2,66.67,RTH_MORNING,3atr,true
R04,APPROACH_FROM_ABOVE,C02_ACTIVITY_MATCHED,19,51.35,37,15,POC,34,91.89,RTH_OPEN,3atr,false
R05,APPROACH_FROM_ABOVE,C02_ACTIVITY_MATCHED,22,48.89,45,15,POC,39,86.67,ALL_SESSIONS,3atr,false
R05,APPROACH_FROM_ABOVE,C02_ACTIVITY_MATCHED,0,0,1,15,POC,1,100,RTH_AFTERNOON,3atr,true
R05,APPROACH_FROM_ABOVE,C02_ACTIVITY_MATCHED,1,14.29,7,15,POC,7,100,RTH_MIDDAY,3atr,true
R05,APPROACH_FROM_ABOVE,C02_ACTIVITY_MATCHED,21,56.76,37,15,POC,31,83.78,RTH_MORNING,3atr,false
ALL_ANCHORS,APPROACH_FROM_BELOW,C02_ACTIVITY_MATCHED,71,46.71,152,15,POC,126,82.89,ALL_SESSIONS,3atr,false
ALL_ANCHORS,APPROACH_FROM_BELOW,C02_ACTIVITY_MATCHED,11,50,22,15,POC,18,81.82,ETH_EVENING,3atr,true
ALL_ANCHORS,APPROACH_FROM_BELOW,C02_ACTIVITY_MATCHED,7,41.18,17,15,POC,15,88.24,ETH_OVERNIGHT,3atr,true
ALL_ANCHORS,APPROACH_FROM_BELOW,C02_ACTIVITY_MATCHED,2,40,5,15,POC,3,60,RTH_AFTERNOON,3atr,true
ALL_ANCHORS,APPROACH_FROM_BELOW,C02_ACTIVITY_MATCHED,3,30,10,15,POC,10,100,RTH_MIDDAY,3atr,true
ALL_ANCHORS,APPROACH_FROM_BELOW,C02_ACTIVITY_MATCHED,13,40.62,32,15,POC,24,75,RTH_MORNING,3atr,false
ALL_ANCHORS,APPROACH_FROM_BELOW,C02_ACTIVITY_MATCHED,35,53.03,66,15,POC,56,84.85,RTH_OPEN,3atr,false
R01,APPROACH_FROM_BELOW,C02_ACTIVITY_MATCHED,18,46.15,39,15,POC,33,84.62,ALL_SESSIONS,3atr,false
R01,APPROACH_FROM_BELOW,C02_ACTIVITY_MATCHED,11,50,22,15,POC,18,81.82,ETH_EVENING,3atr,true
R01,APPROACH_FROM_BELOW,C02_ACTIVITY_MATCHED,7,41.18,17,15,POC,15,88.24,ETH_OVERNIGHT,3atr,true
R02,APPROACH_FROM_BELOW,C02_ACTIVITY_MATCHED,13,44.83,29,15,POC,23,79.31,ALL_SESSIONS,3atr,true
R02,APPROACH_FROM_BELOW,C02_ACTIVITY_MATCHED,2,50,4,15,POC,2,50,RTH_AFTERNOON,3atr,true
R02,APPROACH_FROM_BELOW,C02_ACTIVITY_MATCHED,1,50,2,15,POC,2,100,RTH_MIDDAY,3atr,true
R02,APPROACH_FROM_BELOW,C02_ACTIVITY_MATCHED,2,33.33,6,15,POC,4,66.67,RTH_MORNING,3atr,true
R02,APPROACH_FROM_BELOW,C02_ACTIVITY_MATCHED,8,47.06,17,15,POC,15,88.24,RTH_OPEN,3atr,true
R03,APPROACH_FROM_BELOW,C02_ACTIVITY_MATCHED,10,41.67,24,15,POC,21,87.5,ALL_SESSIONS,3atr,true
R03,APPROACH_FROM_BELOW,C02_ACTIVITY_MATCHED,0,0,1,15,POC,1,100,RTH_AFTERNOON,3atr,true
R03,APPROACH_FROM_BELOW,C02_ACTIVITY_MATCHED,0,0,2,15,POC,2,100,RTH_MIDDAY,3atr,true
R03,APPROACH_FROM_BELOW,C02_ACTIVITY_MATCHED,0,0,2,15,POC,2,100,RTH_MORNING,3atr,true
R03,APPROACH_FROM_BELOW,C02_ACTIVITY_MATCHED,10,52.63,19,15,POC,16,84.21,RTH_OPEN,3atr,true
R04,APPROACH_FROM_BELOW,C02_ACTIVITY_MATCHED,18,51.43,35,15,POC,30,85.71,ALL_SESSIONS,3atr,false
R04,APPROACH_FROM_BELOW,C02_ACTIVITY_MATCHED,1,33.33,3,15,POC,3,100,RTH_MIDDAY,3atr,true
R04,APPROACH_FROM_BELOW,C02_ACTIVITY_MATCHED,0,0,2,15,POC,2,100,RTH_MORNING,3atr,true
R04,APPROACH_FROM_BELOW,C02_ACTIVITY_MATCHED,17,56.67,30,15,POC,25,83.33,RTH_OPEN,3atr,false
R05,APPROACH_FROM_BELOW,C02_ACTIVITY_MATCHED,12,48,25,15,POC,19,76,ALL_SESSIONS,3atr,true
R05,APPROACH_FROM_BELOW,C02_ACTIVITY_MATCHED,1,33.33,3,15,POC,3,100,RTH_MIDDAY,3atr,true
R05,APPROACH_FROM_BELOW,C02_ACTIVITY_MATCHED,11,50,22,15,POC,16,72.73,RTH_MORNING,3atr,true
ALL_ANCHORS,APPROACH_FROM_ABOVE,TREATED,133,49.63,268,15,POC,223,83.21,ALL_SESSIONS,3atr,false
ALL_ANCHORS,APPROACH_FROM_ABOVE,TREATED,16,48.48,33,15,POC,23,69.7,ETH_EVENING,3atr,false
ALL_ANCHORS,APPROACH_FROM_ABOVE,TREATED,9,60,15,15,POC,9,60,ETH_OVERNIGHT,3atr,true
ALL_ANCHORS,APPROACH_FROM_ABOVE,TREATED,2,22.22,9,15,POC,8,88.89,RTH_AFTERNOON,3atr,true
ALL_ANCHORS,APPROACH_FROM_ABOVE,TREATED,16,76.19,21,15,POC,13,61.9,RTH_MIDDAY,3atr,true
ALL_ANCHORS,APPROACH_FROM_ABOVE,TREATED,35,47.95,73,15,POC,60,82.19,RTH_MORNING,3atr,false
ALL_ANCHORS,APPROACH_FROM_ABOVE,TREATED,55,47.01,117,15,POC,110,94.02,RTH_OPEN,3atr,false
R01,APPROACH_FROM_ABOVE,TREATED,25,52.08,48,15,POC,32,66.67,ALL_SESSIONS,3atr,false
R01,APPROACH_FROM_ABOVE,TREATED,16,48.48,33,15,POC,23,69.7,ETH_EVENING,3atr,false
R01,APPROACH_FROM_ABOVE,TREATED,9,60,15,15,POC,9,60,ETH_OVERNIGHT,3atr,true
R02,APPROACH_FROM_ABOVE,TREATED,24,47.06,51,15,POC,45,88.24,ALL_SESSIONS,3atr,false
R02,APPROACH_FROM_ABOVE,TREATED,0,0,4,15,POC,4,100,RTH_AFTERNOON,3atr,true
R02,APPROACH_FROM_ABOVE,TREATED,4,66.67,6,15,POC,4,66.67,RTH_MIDDAY,3atr,true
R02,APPROACH_FROM_ABOVE,TREATED,3,33.33,9,15,POC,8,88.89,RTH_MORNING,3atr,true
R02,APPROACH_FROM_ABOVE,TREATED,17,53.12,32,15,POC,29,90.62,RTH_OPEN,3atr,false
R03,APPROACH_FROM_ABOVE,TREATED,20,41.67,48,15,POC,44,91.67,ALL_SESSIONS,3atr,false
R03,APPROACH_FROM_ABOVE,TREATED,0,0,1,15,POC,1,100,RTH_AFTERNOON,3atr,true
R03,APPROACH_FROM_ABOVE,TREATED,3,100,3,15,POC,2,66.67,RTH_MIDDAY,3atr,true
R03,APPROACH_FROM_ABOVE,TREATED,0,0,3,15,POC,3,100,RTH_MORNING,3atr,true
R03,APPROACH_FROM_ABOVE,TREATED,17,41.46,41,15,POC,38,92.68,RTH_OPEN,3atr,false
R04,APPROACH_FROM_ABOVE,TREATED,28,52.83,53,15,POC,51,96.23,ALL_SESSIONS,3atr,false
R04,APPROACH_FROM_ABOVE,TREATED,5,100,5,15,POC,4,80,RTH_MIDDAY,3atr,true
R04,APPROACH_FROM_ABOVE,TREATED,2,50,4,15,POC,4,100,RTH_MORNING,3atr,true
R04,APPROACH_FROM_ABOVE,TREATED,21,47.73,44,15,POC,43,97.73,RTH_OPEN,3atr,false
R05,APPROACH_FROM_ABOVE,TREATED,36,52.94,68,15,POC,51,75,ALL_SESSIONS,3atr,false
R05,APPROACH_FROM_ABOVE,TREATED,2,50,4,15,POC,3,75,RTH_AFTERNOON,3atr,true
R05,APPROACH_FROM_ABOVE,TREATED,4,57.14,7,15,POC,3,42.86,RTH_MIDDAY,3atr,true
R05,APPROACH_FROM_ABOVE,TREATED,30,52.63,57,15,POC,45,78.95,RTH_MORNING,3atr,false
ALL_ANCHORS,APPROACH_FROM_BELOW,TREATED,114,49.35,231,15,POC,191,82.68,ALL_SESSIONS,3atr,false
ALL_ANCHORS,APPROACH_FROM_BELOW,TREATED,19,38.78,49,15,POC,39,79.59,ETH_EVENING,3atr,false
ALL_ANCHORS,APPROACH_FROM_BELOW,TREATED,6,42.86,14,15,POC,9,64.29,ETH_OVERNIGHT,3atr,true
ALL_ANCHORS,APPROACH_FROM_BELOW,TREATED,2,33.33,6,15,POC,6,100,RTH_AFTERNOON,3atr,true
ALL_ANCHORS,APPROACH_FROM_BELOW,TREATED,6,40,15,15,POC,15,100,RTH_MIDDAY,3atr,true
ALL_ANCHORS,APPROACH_FROM_BELOW,TREATED,37,55.22,67,15,POC,54,80.6,RTH_MORNING,3atr,false
ALL_ANCHORS,APPROACH_FROM_BELOW,TREATED,44,55,80,15,POC,68,85,RTH_OPEN,3atr,false
R01,APPROACH_FROM_BELOW,TREATED,25,39.68,63,15,POC,48,76.19,ALL_SESSIONS,3atr,false
R01,APPROACH_FROM_BELOW,TREATED,19,38.78,49,15,POC,39,79.59,ETH_EVENING,3atr,false
R01,APPROACH_FROM_BELOW,TREATED,6,42.86,14,15,POC,9,64.29,ETH_OVERNIGHT,3atr,true
R02,APPROACH_FROM_BELOW,TREATED,19,47.5,40,15,POC,37,92.5,ALL_SESSIONS,3atr,false
R02,APPROACH_FROM_BELOW,TREATED,0,0,3,15,POC,3,100,RTH_AFTERNOON,3atr,true
R02,APPROACH_FROM_BELOW,TREATED,0,0,2,15,POC,2,100,RTH_MIDDAY,3atr,true
R02,APPROACH_FROM_BELOW,TREATED,5,38.46,13,15,POC,12,92.31,RTH_MORNING,3atr,true
R02,APPROACH_FROM_BELOW,TREATED,14,63.64,22,15,POC,20,90.91,RTH_OPEN,3atr,true
R03,APPROACH_FROM_BELOW,TREATED,18,52.94,34,15,POC,26,76.47,ALL_SESSIONS,3atr,false
R03,APPROACH_FROM_BELOW,TREATED,2,50,4,15,POC,4,100,RTH_MIDDAY,3atr,true
R03,APPROACH_FROM_BELOW,TREATED,2,40,5,15,POC,4,80,RTH_MORNING,3atr,true
R03,APPROACH_FROM_BELOW,TREATED,14,56,25,15,POC,18,72,RTH_OPEN,3atr,true
R04,APPROACH_FROM_BELOW,TREATED,21,51.22,41,15,POC,37,90.24,ALL_SESSIONS,3atr,false
R04,APPROACH_FROM_BELOW,TREATED,2,50,4,15,POC,4,100,RTH_MIDDAY,3atr,true
R04,APPROACH_FROM_BELOW,TREATED,3,75,4,15,POC,3,75,RTH_MORNING,3atr,true
R04,APPROACH_FROM_BELOW,TREATED,16,48.48,33,15,POC,30,90.91,RTH_OPEN,3atr,false
R05,APPROACH_FROM_BELOW,TREATED,31,58.49,53,15,POC,43,81.13,ALL_SESSIONS,3atr,false
R05,APPROACH_FROM_BELOW,TREATED,2,66.67,3,15,POC,3,100,RTH_AFTERNOON,3atr,true
R05,APPROACH_FROM_BELOW,TREATED,2,40,5,15,POC,5,100,RTH_MIDDAY,3atr,true
R05,APPROACH_FROM_BELOW,TREATED,27,60,45,15,POC,35,77.78,RTH_MORNING,3atr,false
ALL_ANCHORS,APPROACH_FROM_ABOVE,C01_NEUTRAL,24,34.29,70,30,NONPOC,61,87.14,ALL_SESSIONS,3atr,false
ALL_ANCHORS,APPROACH_FROM_ABOVE,C01_NEUTRAL,4,33.33,12,30,NONPOC,11,91.67,ETH_EVENING,3atr,true
ALL_ANCHORS,APPROACH_FROM_ABOVE,C01_NEUTRAL,3,50,6,30,NONPOC,5,83.33,ETH_OVERNIGHT,3atr,true
ALL_ANCHORS,APPROACH_FROM_ABOVE,C01_NEUTRAL,1,100,1,30,NONPOC,1,100,RTH_AFTERNOON,3atr,true
ALL_ANCHORS,APPROACH_FROM_ABOVE,C01_NEUTRAL,2,22.22,9,30,NONPOC,7,77.78,RTH_MIDDAY,3atr,true
ALL_ANCHORS,APPROACH_FROM_ABOVE,C01_NEUTRAL,5,38.46,13,30,NONPOC,11,84.62,RTH_MORNING,3atr,true
ALL_ANCHORS,APPROACH_FROM_ABOVE,C01_NEUTRAL,9,31.03,29,30,NONPOC,26,89.66,RTH_OPEN,3atr,true
R01,APPROACH_FROM_ABOVE,C01_NEUTRAL,7,38.89,18,30,NONPOC,16,88.89,ALL_SESSIONS,3atr,true
R01,APPROACH_FROM_ABOVE,C01_NEUTRAL,4,33.33,12,30,NONPOC,11,91.67,ETH_EVENING,3atr,true
R01,APPROACH_FROM_ABOVE,C01_NEUTRAL,3,50,6,30,NONPOC,5,83.33,ETH_OVERNIGHT,3atr,true
R02,APPROACH_FROM_ABOVE,C01_NEUTRAL,4,28.57,14,30,NONPOC,11,78.57,ALL_SESSIONS,3atr,true
R02,APPROACH_FROM_ABOVE,C01_NEUTRAL,1,33.33,3,30,NONPOC,1,33.33,RTH_MIDDAY,3atr,true
R02,APPROACH_FROM_ABOVE,C01_NEUTRAL,0,0,4,30,NONPOC,4,100,RTH_MORNING,3atr,true
R02,APPROACH_FROM_ABOVE,C01_NEUTRAL,3,42.86,7,30,NONPOC,6,85.71,RTH_OPEN,3atr,true
R03,APPROACH_FROM_ABOVE,C01_NEUTRAL,10,35.71,28,30,NONPOC,25,89.29,ALL_SESSIONS,3atr,true
R03,APPROACH_FROM_ABOVE,C01_NEUTRAL,1,100,1,30,NONPOC,1,100,RTH_AFTERNOON,3atr,true
R03,APPROACH_FROM_ABOVE,C01_NEUTRAL,1,100,1,30,NONPOC,1,100,RTH_MIDDAY,3atr,true
R03,APPROACH_FROM_ABOVE,C01_NEUTRAL,2,33.33,6,30,NONPOC,5,83.33,RTH_MORNING,3atr,true
R03,APPROACH_FROM_ABOVE,C01_NEUTRAL,6,30,20,30,NONPOC,18,90,RTH_OPEN,3atr,true
R04,APPROACH_FROM_ABOVE,C01_NEUTRAL,0,0,2,30,NONPOC,2,100,ALL_SESSIONS,3atr,true
R04,APPROACH_FROM_ABOVE,C01_NEUTRAL,0,0,2,30,NONPOC,2,100,RTH_OPEN,3atr,true
R05,APPROACH_FROM_ABOVE,C01_NEUTRAL,3,37.5,8,30,NONPOC,7,87.5,ALL_SESSIONS,3atr,true
R05,APPROACH_FROM_ABOVE,C01_NEUTRAL,0,0,5,30,NONPOC,5,100,RTH_MIDDAY,3atr,true
R05,APPROACH_FROM_ABOVE,C01_NEUTRAL,3,100,3,30,NONPOC,2,66.67,RTH_MORNING,3atr,true
ALL_ANCHORS,APPROACH_FROM_BELOW,C01_NEUTRAL,25,39.68,63,30,NONPOC,55,87.3,ALL_SESSIONS,3atr,false
ALL_ANCHORS,APPROACH_FROM_BELOW,C01_NEUTRAL,3,37.5,8,30,NONPOC,8,100,ETH_EVENING,3atr,true
ALL_ANCHORS,APPROACH_FROM_BELOW,C01_NEUTRAL,2,40,5,30,NONPOC,4,80,ETH_OVERNIGHT,3atr,true
ALL_ANCHORS,APPROACH_FROM_BELOW,C01_NEUTRAL,0,0,2,30,NONPOC,2,100,RTH_AFTERNOON,3atr,true
ALL_ANCHORS,APPROACH_FROM_BELOW,C01_NEUTRAL,0,0,2,30,NONPOC,2,100,RTH_MIDDAY,3atr,true
ALL_ANCHORS,APPROACH_FROM_BELOW,C01_NEUTRAL,9,42.86,21,30,NONPOC,14,66.67,RTH_MORNING,3atr,true
ALL_ANCHORS,APPROACH_FROM_BELOW,C01_NEUTRAL,11,44,25,30,NONPOC,25,100,RTH_OPEN,3atr,true
R01,APPROACH_FROM_BELOW,C01_NEUTRAL,5,38.46,13,30,NONPOC,12,92.31,ALL_SESSIONS,3atr,true
R01,APPROACH_FROM_BELOW,C01_NEUTRAL,3,37.5,8,30,NONPOC,8,100,ETH_EVENING,3atr,true
R01,APPROACH_FROM_BELOW,C01_NEUTRAL,2,40,5,30,NONPOC,4,80,ETH_OVERNIGHT,3atr,true
R02,APPROACH_FROM_BELOW,C01_NEUTRAL,6,37.5,16,30,NONPOC,13,81.25,ALL_SESSIONS,3atr,true
R02,APPROACH_FROM_BELOW,C01_NEUTRAL,0,0,1,30,NONPOC,1,100,RTH_MIDDAY,3atr,true
R02,APPROACH_FROM_BELOW,C01_NEUTRAL,4,80,5,30,NONPOC,2,40,RTH_MORNING,3atr,true
R02,APPROACH_FROM_BELOW,C01_NEUTRAL,2,20,10,30,NONPOC,10,100,RTH_OPEN,3atr,true
R03,APPROACH_FROM_BELOW,C01_NEUTRAL,8,57.14,14,30,NONPOC,13,92.86,ALL_SESSIONS,3atr,true
R03,APPROACH_FROM_BELOW,C01_NEUTRAL,1,33.33,3,30,NONPOC,2,66.67,RTH_MORNING,3atr,true
R03,APPROACH_FROM_BELOW,C01_NEUTRAL,7,63.64,11,30,NONPOC,11,100,RTH_OPEN,3atr,true
R04,APPROACH_FROM_BELOW,C01_NEUTRAL,2,28.57,7,30,NONPOC,7,100,ALL_SESSIONS,3atr,true
R04,APPROACH_FROM_BELOW,C01_NEUTRAL,0,0,1,30,NONPOC,1,100,RTH_AFTERNOON,3atr,true
R04,APPROACH_FROM_BELOW,C01_NEUTRAL,0,0,2,30,NONPOC,2,100,RTH_MORNING,3atr,true
R04,APPROACH_FROM_BELOW,C01_NEUTRAL,2,50,4,30,NONPOC,4,100,RTH_OPEN,3atr,true
R05,APPROACH_FROM_BELOW,C01_NEUTRAL,4,30.77,13,30,NONPOC,10,76.92,ALL_SESSIONS,3atr,true
R05,APPROACH_FROM_BELOW,C01_NEUTRAL,0,0,1,30,NONPOC,1,100,RTH_AFTERNOON,3atr,true
R05,APPROACH_FROM_BELOW,C01_NEUTRAL,0,0,1,30,NONPOC,1,100,RTH_MIDDAY,3atr,true
R05,APPROACH_FROM_BELOW,C01_NEUTRAL,4,36.36,11,30,NONPOC,8,72.73,RTH_MORNING,3atr,true
ALL_ANCHORS,APPROACH_FROM_ABOVE,C02_ACTIVITY_MATCHED,38,61.29,62,30,NONPOC,47,75.81,ALL_SESSIONS,3atr,false
ALL_ANCHORS,APPROACH_FROM_ABOVE,C02_ACTIVITY_MATCHED,7,58.33,12,30,NONPOC,11,91.67,ETH_EVENING,3atr,true
ALL_ANCHORS,APPROACH_FROM_ABOVE,C02_ACTIVITY_MATCHED,5,55.56,9,30,NONPOC,5,55.56,ETH_OVERNIGHT,3atr,true
ALL_ANCHORS,APPROACH_FROM_ABOVE,C02_ACTIVITY_MATCHED,3,75,4,30,NONPOC,3,75,RTH_AFTERNOON,3atr,true
ALL_ANCHORS,APPROACH_FROM_ABOVE,C02_ACTIVITY_MATCHED,3,100,3,30,NONPOC,2,66.67,RTH_MIDDAY,3atr,true
ALL_ANCHORS,APPROACH_FROM_ABOVE,C02_ACTIVITY_MATCHED,8,66.67,12,30,NONPOC,9,75,RTH_MORNING,3atr,true
ALL_ANCHORS,APPROACH_FROM_ABOVE,C02_ACTIVITY_MATCHED,12,54.55,22,30,NONPOC,17,77.27,RTH_OPEN,3atr,true
R01,APPROACH_FROM_ABOVE,C02_ACTIVITY_MATCHED,12,57.14,21,30,NONPOC,16,76.19,ALL_SESSIONS,3atr,true
R01,APPROACH_FROM_ABOVE,C02_ACTIVITY_MATCHED,7,58.33,12,30,NONPOC,11,91.67,ETH_EVENING,3atr,true
R01,APPROACH_FROM_ABOVE,C02_ACTIVITY_MATCHED,5,55.56,9,30,NONPOC,5,55.56,ETH_OVERNIGHT,3atr,true
R02,APPROACH_FROM_ABOVE,C02_ACTIVITY_MATCHED,12,75,16,30,NONPOC,10,62.5,ALL_SESSIONS,3atr,true
R02,APPROACH_FROM_ABOVE,C02_ACTIVITY_MATCHED,0,0,1,30,NONPOC,1,100,RTH_AFTERNOON,3atr,true
R02,APPROACH_FROM_ABOVE,C02_ACTIVITY_MATCHED,1,100,1,30,NONPOC,1,100,RTH_MIDDAY,3atr,true
R02,APPROACH_FROM_ABOVE,C02_ACTIVITY_MATCHED,4,80,5,30,NONPOC,2,40,RTH_MORNING,3atr,true
R02,APPROACH_FROM_ABOVE,C02_ACTIVITY_MATCHED,7,77.78,9,30,NONPOC,6,66.67,RTH_OPEN,3atr,true
R03,APPROACH_FROM_ABOVE,C02_ACTIVITY_MATCHED,7,46.67,15,30,NONPOC,12,80,ALL_SESSIONS,3atr,true
R03,APPROACH_FROM_ABOVE,C02_ACTIVITY_MATCHED,1,100,1,30,NONPOC,1,100,RTH_AFTERNOON,3atr,true
R03,APPROACH_FROM_ABOVE,C02_ACTIVITY_MATCHED,1,100,1,30,NONPOC,0,0,RTH_MIDDAY,3atr,true
R03,APPROACH_FROM_ABOVE,C02_ACTIVITY_MATCHED,0,0,2,30,NONPOC,2,100,RTH_MORNING,3atr,true
R03,APPROACH_FROM_ABOVE,C02_ACTIVITY_MATCHED,5,45.45,11,30,NONPOC,9,81.82,RTH_OPEN,3atr,true
R04,APPROACH_FROM_ABOVE,C02_ACTIVITY_MATCHED,0,0,2,30,NONPOC,2,100,ALL_SESSIONS,3atr,true
R04,APPROACH_FROM_ABOVE,C02_ACTIVITY_MATCHED,0,0,2,30,NONPOC,2,100,RTH_OPEN,3atr,true
R05,APPROACH_FROM_ABOVE,C02_ACTIVITY_MATCHED,7,87.5,8,30,NONPOC,7,87.5,ALL_SESSIONS,3atr,true
R05,APPROACH_FROM_ABOVE,C02_ACTIVITY_MATCHED,2,100,2,30,NONPOC,1,50,RTH_AFTERNOON,3atr,true
R05,APPROACH_FROM_ABOVE,C02_ACTIVITY_MATCHED,1,100,1,30,NONPOC,1,100,RTH_MIDDAY,3atr,true
R05,APPROACH_FROM_ABOVE,C02_ACTIVITY_MATCHED,4,80,5,30,NONPOC,5,100,RTH_MORNING,3atr,true
ALL_ANCHORS,APPROACH_FROM_BELOW,C02_ACTIVITY_MATCHED,25,47.17,53,30,NONPOC,44,83.02,ALL_SESSIONS,3atr,false
ALL_ANCHORS,APPROACH_FROM_BELOW,C02_ACTIVITY_MATCHED,1,20,5,30,NONPOC,5,100,ETH_EVENING,3atr,true
ALL_ANCHORS,APPROACH_FROM_BELOW,C02_ACTIVITY_MATCHED,2,33.33,6,30,NONPOC,5,83.33,ETH_OVERNIGHT,3atr,true
ALL_ANCHORS,APPROACH_FROM_BELOW,C02_ACTIVITY_MATCHED,3,60,5,30,NONPOC,5,100,RTH_MIDDAY,3atr,true
ALL_ANCHORS,APPROACH_FROM_BELOW,C02_ACTIVITY_MATCHED,9,64.29,14,30,NONPOC,10,71.43,RTH_MORNING,3atr,true
ALL_ANCHORS,APPROACH_FROM_BELOW,C02_ACTIVITY_MATCHED,10,43.48,23,30,NONPOC,19,82.61,RTH_OPEN,3atr,true
R01,APPROACH_FROM_BELOW,C02_ACTIVITY_MATCHED,3,27.27,11,30,NONPOC,10,90.91,ALL_SESSIONS,3atr,true
R01,APPROACH_FROM_BELOW,C02_ACTIVITY_MATCHED,1,20,5,30,NONPOC,5,100,ETH_EVENING,3atr,true
R01,APPROACH_FROM_BELOW,C02_ACTIVITY_MATCHED,2,33.33,6,30,NONPOC,5,83.33,ETH_OVERNIGHT,3atr,true
R02,APPROACH_FROM_BELOW,C02_ACTIVITY_MATCHED,5,50,10,30,NONPOC,9,90,ALL_SESSIONS,3atr,true
R02,APPROACH_FROM_BELOW,C02_ACTIVITY_MATCHED,0,0,1,30,NONPOC,1,100,RTH_MIDDAY,3atr,true
R02,APPROACH_FROM_BELOW,C02_ACTIVITY_MATCHED,1,100,1,30,NONPOC,1,100,RTH_MORNING,3atr,true
R02,APPROACH_FROM_BELOW,C02_ACTIVITY_MATCHED,4,50,8,30,NONPOC,7,87.5,RTH_OPEN,3atr,true
R03,APPROACH_FROM_BELOW,C02_ACTIVITY_MATCHED,6,46.15,13,30,NONPOC,11,84.62,ALL_SESSIONS,3atr,true
R03,APPROACH_FROM_BELOW,C02_ACTIVITY_MATCHED,1,100,1,30,NONPOC,1,100,RTH_MIDDAY,3atr,true
R03,APPROACH_FROM_BELOW,C02_ACTIVITY_MATCHED,1,100,1,30,NONPOC,1,100,RTH_MORNING,3atr,true
R03,APPROACH_FROM_BELOW,C02_ACTIVITY_MATCHED,4,36.36,11,30,NONPOC,9,81.82,RTH_OPEN,3atr,true
R04,APPROACH_FROM_BELOW,C02_ACTIVITY_MATCHED,3,50,6,30,NONPOC,5,83.33,ALL_SESSIONS,3atr,true
R04,APPROACH_FROM_BELOW,C02_ACTIVITY_MATCHED,1,50,2,30,NONPOC,2,100,RTH_MIDDAY,3atr,true
R04,APPROACH_FROM_BELOW,C02_ACTIVITY_MATCHED,2,50,4,30,NONPOC,3,75,RTH_OPEN,3atr,true
R05,APPROACH_FROM_BELOW,C02_ACTIVITY_MATCHED,8,61.54,13,30,NONPOC,9,69.23,ALL_SESSIONS,3atr,true
R05,APPROACH_FROM_BELOW,C02_ACTIVITY_MATCHED,1,100,1,30,NONPOC,1,100,RTH_MIDDAY,3atr,true
R05,APPROACH_FROM_BELOW,C02_ACTIVITY_MATCHED,7,58.33,12,30,NONPOC,8,66.67,RTH_MORNING,3atr,true
ALL_ANCHORS,APPROACH_FROM_ABOVE,TREATED,27,38.57,70,30,NONPOC,63,90,ALL_SESSIONS,3atr,false
ALL_ANCHORS,APPROACH_FROM_ABOVE,TREATED,3,37.5,8,30,NONPOC,8,100,ETH_EVENING,3atr,true
ALL_ANCHORS,APPROACH_FROM_ABOVE,TREATED,4,57.14,7,30,NONPOC,6,85.71,ETH_OVERNIGHT,3atr,true
ALL_ANCHORS,APPROACH_FROM_ABOVE,TREATED,1,100,1,30,NONPOC,1,100,RTH_AFTERNOON,3atr,true
ALL_ANCHORS,APPROACH_FROM_ABOVE,TREATED,3,37.5,8,30,NONPOC,6,75,RTH_MIDDAY,3atr,true
ALL_ANCHORS,APPROACH_FROM_ABOVE,TREATED,6,35.29,17,30,NONPOC,15,88.24,RTH_MORNING,3atr,true
ALL_ANCHORS,APPROACH_FROM_ABOVE,TREATED,10,34.48,29,30,NONPOC,27,93.1,RTH_OPEN,3atr,true
R01,APPROACH_FROM_ABOVE,TREATED,7,46.67,15,30,NONPOC,14,93.33,ALL_SESSIONS,3atr,true
R01,APPROACH_FROM_ABOVE,TREATED,3,37.5,8,30,NONPOC,8,100,ETH_EVENING,3atr,true
R01,APPROACH_FROM_ABOVE,TREATED,4,57.14,7,30,NONPOC,6,85.71,ETH_OVERNIGHT,3atr,true
R02,APPROACH_FROM_ABOVE,TREATED,8,50,16,30,NONPOC,12,75,ALL_SESSIONS,3atr,true
R02,APPROACH_FROM_ABOVE,TREATED,2,66.67,3,30,NONPOC,1,33.33,RTH_MIDDAY,3atr,true
R02,APPROACH_FROM_ABOVE,TREATED,2,33.33,6,30,NONPOC,6,100,RTH_MORNING,3atr,true
R02,APPROACH_FROM_ABOVE,TREATED,4,57.14,7,30,NONPOC,5,71.43,RTH_OPEN,3atr,true
R03,APPROACH_FROM_ABOVE,TREATED,9,31.03,29,30,NONPOC,28,96.55,ALL_SESSIONS,3atr,true
R03,APPROACH_FROM_ABOVE,TREATED,1,100,1,30,NONPOC,1,100,RTH_AFTERNOON,3atr,true
R03,APPROACH_FROM_ABOVE,TREATED,1,100,1,30,NONPOC,1,100,RTH_MIDDAY,3atr,true
R03,APPROACH_FROM_ABOVE,TREATED,1,16.67,6,30,NONPOC,5,83.33,RTH_MORNING,3atr,true
R03,APPROACH_FROM_ABOVE,TREATED,6,28.57,21,30,NONPOC,21,100,RTH_OPEN,3atr,true
R04,APPROACH_FROM_ABOVE,TREATED,0,0,1,30,NONPOC,1,100,ALL_SESSIONS,3atr,true
R04,APPROACH_FROM_ABOVE,TREATED,0,0,1,30,NONPOC,1,100,RTH_OPEN,3atr,true
R05,APPROACH_FROM_ABOVE,TREATED,3,33.33,9,30,NONPOC,8,88.89,ALL_SESSIONS,3atr,true
R05,APPROACH_FROM_ABOVE,TREATED,0,0,4,30,NONPOC,4,100,RTH_MIDDAY,3atr,true
R05,APPROACH_FROM_ABOVE,TREATED,3,60,5,30,NONPOC,4,80,RTH_MORNING,3atr,true
ALL_ANCHORS,APPROACH_FROM_BELOW,TREATED,37,50.68,73,30,NONPOC,58,79.45,ALL_SESSIONS,3atr,false
ALL_ANCHORS,APPROACH_FROM_BELOW,TREATED,7,63.64,11,30,NONPOC,10,90.91,ETH_EVENING,3atr,true
ALL_ANCHORS,APPROACH_FROM_BELOW,TREATED,3,50,6,30,NONPOC,4,66.67,ETH_OVERNIGHT,3atr,true
ALL_ANCHORS,APPROACH_FROM_BELOW,TREATED,1,25,4,30,NONPOC,4,100,RTH_MIDDAY,3atr,true
ALL_ANCHORS,APPROACH_FROM_BELOW,TREATED,12,54.55,22,30,NONPOC,17,77.27,RTH_MORNING,3atr,true
ALL_ANCHORS,APPROACH_FROM_BELOW,TREATED,14,46.67,30,30,NONPOC,23,76.67,RTH_OPEN,3atr,false
R01,APPROACH_FROM_BELOW,TREATED,10,58.82,17,30,NONPOC,14,82.35,ALL_SESSIONS,3atr,true
R01,APPROACH_FROM_BELOW,TREATED,7,63.64,11,30,NONPOC,10,90.91,ETH_EVENING,3atr,true
R01,APPROACH_FROM_BELOW,TREATED,3,50,6,30,NONPOC,4,66.67,ETH_OVERNIGHT,3atr,true
R02,APPROACH_FROM_BELOW,TREATED,8,47.06,17,30,NONPOC,14,82.35,ALL_SESSIONS,3atr,true
R02,APPROACH_FROM_BELOW,TREATED,0,0,1,30,NONPOC,1,100,RTH_MIDDAY,3atr,true
R02,APPROACH_FROM_BELOW,TREATED,3,50,6,30,NONPOC,5,83.33,RTH_MORNING,3atr,true
R02,APPROACH_FROM_BELOW,TREATED,5,50,10,30,NONPOC,8,80,RTH_OPEN,3atr,true
R03,APPROACH_FROM_BELOW,TREATED,6,35.29,17,30,NONPOC,13,76.47,ALL_SESSIONS,3atr,true
R03,APPROACH_FROM_BELOW,TREATED,0,0,3,30,NONPOC,2,66.67,RTH_MORNING,3atr,true
R03,APPROACH_FROM_BELOW,TREATED,6,42.86,14,30,NONPOC,11,78.57,RTH_OPEN,3atr,true
R04,APPROACH_FROM_BELOW,TREATED,4,50,8,30,NONPOC,6,75,ALL_SESSIONS,3atr,true
R04,APPROACH_FROM_BELOW,TREATED,1,100,1,30,NONPOC,1,100,RTH_MIDDAY,3atr,true
R04,APPROACH_FROM_BELOW,TREATED,0,0,1,30,NONPOC,1,100,RTH_MORNING,3atr,true
R04,APPROACH_FROM_BELOW,TREATED,3,50,6,30,NONPOC,4,66.67,RTH_OPEN,3atr,true
R05,APPROACH_FROM_BELOW,TREATED,9,64.29,14,30,NONPOC,11,78.57,ALL_SESSIONS,3atr,true
R05,APPROACH_FROM_BELOW,TREATED,0,0,2,30,NONPOC,2,100,RTH_MIDDAY,3atr,true
R05,APPROACH_FROM_BELOW,TREATED,9,75,12,30,NONPOC,9,75,RTH_MORNING,3atr,true
ALL_ANCHORS,APPROACH_FROM_ABOVE,C01_NEUTRAL,168,56.19,299,30,POC,250,83.61,ALL_SESSIONS,3atr,false
ALL_ANCHORS,APPROACH_FROM_ABOVE,C01_NEUTRAL,18,52.94,34,30,POC,22,64.71,ETH_EVENING,3atr,false
ALL_ANCHORS,APPROACH_FROM_ABOVE,C01_NEUTRAL,11,78.57,14,30,POC,9,64.29,ETH_OVERNIGHT,3atr,true
ALL_ANCHORS,APPROACH_FROM_ABOVE,C01_NEUTRAL,5,62.5,8,30,POC,7,87.5,RTH_AFTERNOON,3atr,true
ALL_ANCHORS,APPROACH_FROM_ABOVE,C01_NEUTRAL,8,47.06,17,30,POC,13,76.47,RTH_MIDDAY,3atr,true
ALL_ANCHORS,APPROACH_FROM_ABOVE,C01_NEUTRAL,54,60,90,30,POC,75,83.33,RTH_MORNING,3atr,false
ALL_ANCHORS,APPROACH_FROM_ABOVE,C01_NEUTRAL,72,52.94,136,30,POC,124,91.18,RTH_OPEN,3atr,false
R01,APPROACH_FROM_ABOVE,C01_NEUTRAL,29,60.42,48,30,POC,31,64.58,ALL_SESSIONS,3atr,false
R01,APPROACH_FROM_ABOVE,C01_NEUTRAL,18,52.94,34,30,POC,22,64.71,ETH_EVENING,3atr,false
R01,APPROACH_FROM_ABOVE,C01_NEUTRAL,11,78.57,14,30,POC,9,64.29,ETH_OVERNIGHT,3atr,true
R02,APPROACH_FROM_ABOVE,C01_NEUTRAL,31,53.45,58,30,POC,50,86.21,ALL_SESSIONS,3atr,false
R02,APPROACH_FROM_ABOVE,C01_NEUTRAL,2,50,4,30,POC,4,100,RTH_AFTERNOON,3atr,true
R02,APPROACH_FROM_ABOVE,C01_NEUTRAL,1,33.33,3,30,POC,2,66.67,RTH_MIDDAY,3atr,true
R02,APPROACH_FROM_ABOVE,C01_NEUTRAL,8,80,10,30,POC,6,60,RTH_MORNING,3atr,true
R02,APPROACH_FROM_ABOVE,C01_NEUTRAL,20,48.78,41,30,POC,38,92.68,RTH_OPEN,3atr,false
R03,APPROACH_FROM_ABOVE,C01_NEUTRAL,27,52.94,51,30,POC,44,86.27,ALL_SESSIONS,3atr,false
R03,APPROACH_FROM_ABOVE,C01_NEUTRAL,2,66.67,3,30,POC,2,66.67,RTH_MIDDAY,3atr,true
R03,APPROACH_FROM_ABOVE,C01_NEUTRAL,3,60,5,30,POC,4,80,RTH_MORNING,3atr,true
R03,APPROACH_FROM_ABOVE,C01_NEUTRAL,22,51.16,43,30,POC,38,88.37,RTH_OPEN,3atr,false
R04,APPROACH_FROM_ABOVE,C01_NEUTRAL,34,55.74,61,30,POC,57,93.44,ALL_SESSIONS,3atr,false
R04,APPROACH_FROM_ABOVE,C01_NEUTRAL,1,25,4,30,POC,4,100,RTH_MIDDAY,3atr,true
R04,APPROACH_FROM_ABOVE,C01_NEUTRAL,3,60,5,30,POC,5,100,RTH_MORNING,3atr,true
R04,APPROACH_FROM_ABOVE,C01_NEUTRAL,30,57.69,52,30,POC,48,92.31,RTH_OPEN,3atr,false
R05,APPROACH_FROM_ABOVE,C01_NEUTRAL,47,58.02,81,30,POC,68,83.95,ALL_SESSIONS,3atr,false
R05,APPROACH_FROM_ABOVE,C01_NEUTRAL,3,75,4,30,POC,3,75,RTH_AFTERNOON,3atr,true
R05,APPROACH_FROM_ABOVE,C01_NEUTRAL,4,57.14,7,30,POC,5,71.43,RTH_MIDDAY,3atr,true
R05,APPROACH_FROM_ABOVE,C01_NEUTRAL,40,57.14,70,30,POC,60,85.71,RTH_MORNING,3atr,false
ALL_ANCHORS,APPROACH_FROM_BELOW,C01_NEUTRAL,101,50.5,200,30,POC,171,85.5,ALL_SESSIONS,3atr,false
ALL_ANCHORS,APPROACH_FROM_BELOW,C01_NEUTRAL,21,45.65,46,30,POC,39,84.78,ETH_EVENING,3atr,false
ALL_ANCHORS,APPROACH_FROM_BELOW,C01_NEUTRAL,5,38.46,13,30,POC,10,76.92,ETH_OVERNIGHT,3atr,true
ALL_ANCHORS,APPROACH_FROM_BELOW,C01_NEUTRAL,0,0,5,30,POC,5,100,RTH_AFTERNOON,3atr,true
ALL_ANCHORS,APPROACH_FROM_BELOW,C01_NEUTRAL,3,18.75,16,30,POC,15,93.75,RTH_MIDDAY,3atr,true
ALL_ANCHORS,APPROACH_FROM_BELOW,C01_NEUTRAL,30,54.55,55,30,POC,44,80,RTH_MORNING,3atr,false
ALL_ANCHORS,APPROACH_FROM_BELOW,C01_NEUTRAL,42,64.62,65,30,POC,58,89.23,RTH_OPEN,3atr,false
R01,APPROACH_FROM_BELOW,C01_NEUTRAL,26,44.07,59,30,POC,49,83.05,ALL_SESSIONS,3atr,false
R01,APPROACH_FROM_BELOW,C01_NEUTRAL,21,45.65,46,30,POC,39,84.78,ETH_EVENING,3atr,false
R01,APPROACH_FROM_BELOW,C01_NEUTRAL,5,38.46,13,30,POC,10,76.92,ETH_OVERNIGHT,3atr,true
R02,APPROACH_FROM_BELOW,C01_NEUTRAL,21,52.5,40,30,POC,36,90,ALL_SESSIONS,3atr,false
R02,APPROACH_FROM_BELOW,C01_NEUTRAL,0,0,1,30,POC,1,100,RTH_AFTERNOON,3atr,true
R02,APPROACH_FROM_BELOW,C01_NEUTRAL,0,0,3,30,POC,3,100,RTH_MIDDAY,3atr,true
R02,APPROACH_FROM_BELOW,C01_NEUTRAL,6,42.86,14,30,POC,11,78.57,RTH_MORNING,3atr,true
R02,APPROACH_FROM_BELOW,C01_NEUTRAL,15,68.18,22,30,POC,21,95.45,RTH_OPEN,3atr,true
R03,APPROACH_FROM_BELOW,C01_NEUTRAL,17,65.38,26,30,POC,23,88.46,ALL_SESSIONS,3atr,true
R03,APPROACH_FROM_BELOW,C01_NEUTRAL,2,40,5,30,POC,5,100,RTH_MIDDAY,3atr,true
R03,APPROACH_FROM_BELOW,C01_NEUTRAL,2,40,5,30,POC,5,100,RTH_MORNING,3atr,true
R03,APPROACH_FROM_BELOW,C01_NEUTRAL,13,81.25,16,30,POC,13,81.25,RTH_OPEN,3atr,true
R04,APPROACH_FROM_BELOW,C01_NEUTRAL,17,51.52,33,30,POC,30,90.91,ALL_SESSIONS,3atr,false
R04,APPROACH_FROM_BELOW,C01_NEUTRAL,0,0,3,30,POC,3,100,RTH_MIDDAY,3atr,true
R04,APPROACH_FROM_BELOW,C01_NEUTRAL,3,100,3,30,POC,3,100,RTH_MORNING,3atr,true
R04,APPROACH_FROM_BELOW,C01_NEUTRAL,14,51.85,27,30,POC,24,88.89,RTH_OPEN,3atr,true
R05,APPROACH_FROM_BELOW,C01_NEUTRAL,20,47.62,42,30,POC,33,78.57,ALL_SESSIONS,3atr,false
R05,APPROACH_FROM_BELOW,C01_NEUTRAL,0,0,4,30,POC,4,100,RTH_AFTERNOON,3atr,true
R05,APPROACH_FROM_BELOW,C01_NEUTRAL,1,20,5,30,POC,4,80,RTH_MIDDAY,3atr,true
R05,APPROACH_FROM_BELOW,C01_NEUTRAL,19,57.58,33,30,POC,25,75.76,RTH_MORNING,3atr,false
ALL_ANCHORS,APPROACH_FROM_ABOVE,C02_ACTIVITY_MATCHED,81,48.5,167,30,POC,144,86.23,ALL_SESSIONS,3atr,false
ALL_ANCHORS,APPROACH_FROM_ABOVE,C02_ACTIVITY_MATCHED,9,60,15,30,POC,11,73.33,ETH_EVENING,3atr,true
ALL_ANCHORS,APPROACH_FROM_ABOVE,C02_ACTIVITY_MATCHED,2,25,8,30,POC,6,75,ETH_OVERNIGHT,3atr,true
ALL_ANCHORS,APPROACH_FROM_ABOVE,C02_ACTIVITY_MATCHED,0,0,2,30,POC,2,100,RTH_AFTERNOON,3atr,true
ALL_ANCHORS,APPROACH_FROM_ABOVE,C02_ACTIVITY_MATCHED,4,33.33,12,30,POC,11,91.67,RTH_MIDDAY,3atr,true
ALL_ANCHORS,APPROACH_FROM_ABOVE,C02_ACTIVITY_MATCHED,28,52.83,53,30,POC,43,81.13,RTH_MORNING,3atr,false
ALL_ANCHORS,APPROACH_FROM_ABOVE,C02_ACTIVITY_MATCHED,38,49.35,77,30,POC,71,92.21,RTH_OPEN,3atr,false
R01,APPROACH_FROM_ABOVE,C02_ACTIVITY_MATCHED,11,47.83,23,30,POC,17,73.91,ALL_SESSIONS,3atr,true
R01,APPROACH_FROM_ABOVE,C02_ACTIVITY_MATCHED,9,60,15,30,POC,11,73.33,ETH_EVENING,3atr,true
R01,APPROACH_FROM_ABOVE,C02_ACTIVITY_MATCHED,2,25,8,30,POC,6,75,ETH_OVERNIGHT,3atr,true
R02,APPROACH_FROM_ABOVE,C02_ACTIVITY_MATCHED,17,54.84,31,30,POC,26,83.87,ALL_SESSIONS,3atr,false
R02,APPROACH_FROM_ABOVE,C02_ACTIVITY_MATCHED,0,0,1,30,POC,1,100,RTH_AFTERNOON,3atr,true
R02,APPROACH_FROM_ABOVE,C02_ACTIVITY_MATCHED,1,50,2,30,POC,2,100,RTH_MIDDAY,3atr,true
R02,APPROACH_FROM_ABOVE,C02_ACTIVITY_MATCHED,5,50,10,30,POC,8,80,RTH_MORNING,3atr,true
R02,APPROACH_FROM_ABOVE,C02_ACTIVITY_MATCHED,11,61.11,18,30,POC,15,83.33,RTH_OPEN,3atr,true
R03,APPROACH_FROM_ABOVE,C02_ACTIVITY_MATCHED,14,53.85,26,30,POC,24,92.31,ALL_SESSIONS,3atr,true
R03,APPROACH_FROM_ABOVE,C02_ACTIVITY_MATCHED,1,100,1,30,POC,0,0,RTH_MIDDAY,3atr,true
R03,APPROACH_FROM_ABOVE,C02_ACTIVITY_MATCHED,2,66.67,3,30,POC,2,66.67,RTH_MORNING,3atr,true
R03,APPROACH_FROM_ABOVE,C02_ACTIVITY_MATCHED,11,50,22,30,POC,22,100,RTH_OPEN,3atr,true
R04,APPROACH_FROM_ABOVE,C02_ACTIVITY_MATCHED,18,42.86,42,30,POC,38,90.48,ALL_SESSIONS,3atr,false
R04,APPROACH_FROM_ABOVE,C02_ACTIVITY_MATCHED,1,50,2,30,POC,2,100,RTH_MIDDAY,3atr,true
R04,APPROACH_FROM_ABOVE,C02_ACTIVITY_MATCHED,1,33.33,3,30,POC,2,66.67,RTH_MORNING,3atr,true
R04,APPROACH_FROM_ABOVE,C02_ACTIVITY_MATCHED,16,43.24,37,30,POC,34,91.89,RTH_OPEN,3atr,false
R05,APPROACH_FROM_ABOVE,C02_ACTIVITY_MATCHED,21,46.67,45,30,POC,39,86.67,ALL_SESSIONS,3atr,false
R05,APPROACH_FROM_ABOVE,C02_ACTIVITY_MATCHED,0,0,1,30,POC,1,100,RTH_AFTERNOON,3atr,true
R05,APPROACH_FROM_ABOVE,C02_ACTIVITY_MATCHED,1,14.29,7,30,POC,7,100,RTH_MIDDAY,3atr,true
R05,APPROACH_FROM_ABOVE,C02_ACTIVITY_MATCHED,20,54.05,37,30,POC,31,83.78,RTH_MORNING,3atr,false
ALL_ANCHORS,APPROACH_FROM_BELOW,C02_ACTIVITY_MATCHED,68,45.33,150,30,POC,125,83.33,ALL_SESSIONS,3atr,false
ALL_ANCHORS,APPROACH_FROM_BELOW,C02_ACTIVITY_MATCHED,11,50,22,30,POC,18,81.82,ETH_EVENING,3atr,true
ALL_ANCHORS,APPROACH_FROM_BELOW,C02_ACTIVITY_MATCHED,6,35.29,17,30,POC,15,88.24,ETH_OVERNIGHT,3atr,true
ALL_ANCHORS,APPROACH_FROM_BELOW,C02_ACTIVITY_MATCHED,2,66.67,3,30,POC,2,66.67,RTH_AFTERNOON,3atr,true
ALL_ANCHORS,APPROACH_FROM_BELOW,C02_ACTIVITY_MATCHED,3,30,10,30,POC,10,100,RTH_MIDDAY,3atr,true
ALL_ANCHORS,APPROACH_FROM_BELOW,C02_ACTIVITY_MATCHED,12,37.5,32,30,POC,24,75,RTH_MORNING,3atr,false
ALL_ANCHORS,APPROACH_FROM_BELOW,C02_ACTIVITY_MATCHED,34,51.52,66,30,POC,56,84.85,RTH_OPEN,3atr,false
R01,APPROACH_FROM_BELOW,C02_ACTIVITY_MATCHED,17,43.59,39,30,POC,33,84.62,ALL_SESSIONS,3atr,false
R01,APPROACH_FROM_BELOW,C02_ACTIVITY_MATCHED,11,50,22,30,POC,18,81.82,ETH_EVENING,3atr,true
R01,APPROACH_FROM_BELOW,C02_ACTIVITY_MATCHED,6,35.29,17,30,POC,15,88.24,ETH_OVERNIGHT,3atr,true
R02,APPROACH_FROM_BELOW,C02_ACTIVITY_MATCHED,10,35.71,28,30,POC,23,82.14,ALL_SESSIONS,3atr,true
R02,APPROACH_FROM_BELOW,C02_ACTIVITY_MATCHED,2,66.67,3,30,POC,2,66.67,RTH_AFTERNOON,3atr,true
R02,APPROACH_FROM_BELOW,C02_ACTIVITY_MATCHED,0,0,2,30,POC,2,100,RTH_MIDDAY,3atr,true
R02,APPROACH_FROM_BELOW,C02_ACTIVITY_MATCHED,1,16.67,6,30,POC,4,66.67,RTH_MORNING,3atr,true
R02,APPROACH_FROM_BELOW,C02_ACTIVITY_MATCHED,7,41.18,17,30,POC,15,88.24,RTH_OPEN,3atr,true
R03,APPROACH_FROM_BELOW,C02_ACTIVITY_MATCHED,12,52.17,23,30,POC,20,86.96,ALL_SESSIONS,3atr,true
R03,APPROACH_FROM_BELOW,C02_ACTIVITY_MATCHED,1,50,2,30,POC,2,100,RTH_MIDDAY,3atr,true
R03,APPROACH_FROM_BELOW,C02_ACTIVITY_MATCHED,0,0,2,30,POC,2,100,RTH_MORNING,3atr,true
R03,APPROACH_FROM_BELOW,C02_ACTIVITY_MATCHED,11,57.89,19,30,POC,16,84.21,RTH_OPEN,3atr,true
R04,APPROACH_FROM_BELOW,C02_ACTIVITY_MATCHED,19,54.29,35,30,POC,30,85.71,ALL_SESSIONS,3atr,false
R04,APPROACH_FROM_BELOW,C02_ACTIVITY_MATCHED,2,66.67,3,30,POC,3,100,RTH_MIDDAY,3atr,true
R04,APPROACH_FROM_BELOW,C02_ACTIVITY_MATCHED,1,50,2,30,POC,2,100,RTH_MORNING,3atr,true
R04,APPROACH_FROM_BELOW,C02_ACTIVITY_MATCHED,16,53.33,30,30,POC,25,83.33,RTH_OPEN,3atr,false
R05,APPROACH_FROM_BELOW,C02_ACTIVITY_MATCHED,10,40,25,30,POC,19,76,ALL_SESSIONS,3atr,true
R05,APPROACH_FROM_BELOW,C02_ACTIVITY_MATCHED,0,0,3,30,POC,3,100,RTH_MIDDAY,3atr,true
R05,APPROACH_FROM_BELOW,C02_ACTIVITY_MATCHED,10,45.45,22,30,POC,16,72.73,RTH_MORNING,3atr,true
ALL_ANCHORS,APPROACH_FROM_ABOVE,TREATED,139,52.65,264,30,POC,220,83.33,ALL_SESSIONS,3atr,false
ALL_ANCHORS,APPROACH_FROM_ABOVE,TREATED,17,51.52,33,30,POC,23,69.7,ETH_EVENING,3atr,false
ALL_ANCHORS,APPROACH_FROM_ABOVE,TREATED,9,64.29,14,30,POC,9,64.29,ETH_OVERNIGHT,3atr,true
ALL_ANCHORS,APPROACH_FROM_ABOVE,TREATED,4,66.67,6,30,POC,5,83.33,RTH_AFTERNOON,3atr,true
ALL_ANCHORS,APPROACH_FROM_ABOVE,TREATED,14,66.67,21,30,POC,13,61.9,RTH_MIDDAY,3atr,true
ALL_ANCHORS,APPROACH_FROM_ABOVE,TREATED,38,52.05,73,30,POC,60,82.19,RTH_MORNING,3atr,false
ALL_ANCHORS,APPROACH_FROM_ABOVE,TREATED,57,48.72,117,30,POC,110,94.02,RTH_OPEN,3atr,false
R01,APPROACH_FROM_ABOVE,TREATED,26,55.32,47,30,POC,32,68.09,ALL_SESSIONS,3atr,false
R01,APPROACH_FROM_ABOVE,TREATED,17,51.52,33,30,POC,23,69.7,ETH_EVENING,3atr,false
R01,APPROACH_FROM_ABOVE,TREATED,9,64.29,14,30,POC,9,64.29,ETH_OVERNIGHT,3atr,true
R02,APPROACH_FROM_ABOVE,TREATED,21,42,50,30,POC,44,88,ALL_SESSIONS,3atr,false
R02,APPROACH_FROM_ABOVE,TREATED,1,33.33,3,30,POC,3,100,RTH_AFTERNOON,3atr,true
R02,APPROACH_FROM_ABOVE,TREATED,3,50,6,30,POC,4,66.67,RTH_MIDDAY,3atr,true
R02,APPROACH_FROM_ABOVE,TREATED,3,33.33,9,30,POC,8,88.89,RTH_MORNING,3atr,true
R02,APPROACH_FROM_ABOVE,TREATED,14,43.75,32,30,POC,29,90.62,RTH_OPEN,3atr,false
R03,APPROACH_FROM_ABOVE,TREATED,23,48.94,47,30,POC,43,91.49,ALL_SESSIONS,3atr,false
R03,APPROACH_FROM_ABOVE,TREATED,3,100,3,30,POC,2,66.67,RTH_MIDDAY,3atr,true
R03,APPROACH_FROM_ABOVE,TREATED,0,0,3,30,POC,3,100,RTH_MORNING,3atr,true
R03,APPROACH_FROM_ABOVE,TREATED,20,48.78,41,30,POC,38,92.68,RTH_OPEN,3atr,false
R04,APPROACH_FROM_ABOVE,TREATED,30,56.6,53,30,POC,51,96.23,ALL_SESSIONS,3atr,false
R04,APPROACH_FROM_ABOVE,TREATED,5,100,5,30,POC,4,80,RTH_MIDDAY,3atr,true
R04,APPROACH_FROM_ABOVE,TREATED,2,50,4,30,POC,4,100,RTH_MORNING,3atr,true
R04,APPROACH_FROM_ABOVE,TREATED,23,52.27,44,30,POC,43,97.73,RTH_OPEN,3atr,false
R05,APPROACH_FROM_ABOVE,TREATED,39,58.21,67,30,POC,50,74.63,ALL_SESSIONS,3atr,false
R05,APPROACH_FROM_ABOVE,TREATED,3,100,3,30,POC,2,66.67,RTH_AFTERNOON,3atr,true
R05,APPROACH_FROM_ABOVE,TREATED,3,42.86,7,30,POC,3,42.86,RTH_MIDDAY,3atr,true
R05,APPROACH_FROM_ABOVE,TREATED,33,57.89,57,30,POC,45,78.95,RTH_MORNING,3atr,false
ALL_ANCHORS,APPROACH_FROM_BELOW,TREATED,109,47.6,229,30,POC,190,82.97,ALL_SESSIONS,3atr,false
ALL_ANCHORS,APPROACH_FROM_BELOW,TREATED,24,48.98,49,30,POC,39,79.59,ETH_EVENING,3atr,false
ALL_ANCHORS,APPROACH_FROM_BELOW,TREATED,5,38.46,13,30,POC,9,69.23,ETH_OVERNIGHT,3atr,true
ALL_ANCHORS,APPROACH_FROM_BELOW,TREATED,0,0,5,30,POC,5,100,RTH_AFTERNOON,3atr,true
ALL_ANCHORS,APPROACH_FROM_BELOW,TREATED,6,40,15,30,POC,15,100,RTH_MIDDAY,3atr,true
ALL_ANCHORS,APPROACH_FROM_BELOW,TREATED,36,53.73,67,30,POC,54,80.6,RTH_MORNING,3atr,false
ALL_ANCHORS,APPROACH_FROM_BELOW,TREATED,38,47.5,80,30,POC,68,85,RTH_OPEN,3atr,false
R01,APPROACH_FROM_BELOW,TREATED,29,46.77,62,30,POC,48,77.42,ALL_SESSIONS,3atr,false
R01,APPROACH_FROM_BELOW,TREATED,24,48.98,49,30,POC,39,79.59,ETH_EVENING,3atr,false
R01,APPROACH_FROM_BELOW,TREATED,5,38.46,13,30,POC,9,69.23,ETH_OVERNIGHT,3atr,true
R02,APPROACH_FROM_BELOW,TREATED,18,45,40,30,POC,37,92.5,ALL_SESSIONS,3atr,false
R02,APPROACH_FROM_BELOW,TREATED,0,0,3,30,POC,3,100,RTH_AFTERNOON,3atr,true
R02,APPROACH_FROM_BELOW,TREATED,1,50,2,30,POC,2,100,RTH_MIDDAY,3atr,true
R02,APPROACH_FROM_BELOW,TREATED,5,38.46,13,30,POC,12,92.31,RTH_MORNING,3atr,true
R02,APPROACH_FROM_BELOW,TREATED,12,54.55,22,30,POC,20,90.91,RTH_OPEN,3atr,true
R03,APPROACH_FROM_BELOW,TREATED,17,50,34,30,POC,26,76.47,ALL_SESSIONS,3atr,false
R03,APPROACH_FROM_BELOW,TREATED,2,50,4,30,POC,4,100,RTH_MIDDAY,3atr,true
R03,APPROACH_FROM_BELOW,TREATED,3,60,5,30,POC,4,80,RTH_MORNING,3atr,true
R03,APPROACH_FROM_BELOW,TREATED,12,48,25,30,POC,18,72,RTH_OPEN,3atr,true
R04,APPROACH_FROM_BELOW,TREATED,19,46.34,41,30,POC,37,90.24,ALL_SESSIONS,3atr,false
R04,APPROACH_FROM_BELOW,TREATED,2,50,4,30,POC,4,100,RTH_MIDDAY,3atr,true
R04,APPROACH_FROM_BELOW,TREATED,3,75,4,30,POC,3,75,RTH_MORNING,3atr,true
R04,APPROACH_FROM_BELOW,TREATED,14,42.42,33,30,POC,30,90.91,RTH_OPEN,3atr,false
R05,APPROACH_FROM_BELOW,TREATED,26,50,52,30,POC,42,80.77,ALL_SESSIONS,3atr,false
R05,APPROACH_FROM_BELOW,TREATED,0,0,2,30,POC,2,100,RTH_AFTERNOON,3atr,true
R05,APPROACH_FROM_BELOW,TREATED,1,20,5,30,POC,5,100,RTH_MIDDAY,3atr,true
R05,APPROACH_FROM_BELOW,TREATED,25,55.56,45,30,POC,35,77.78,RTH_MORNING,3atr,false
ALL_ANCHORS,APPROACH_FROM_ABOVE,C01_NEUTRAL,23,32.86,70,60,NONPOC,61,87.14,ALL_SESSIONS,3atr,false
ALL_ANCHORS,APPROACH_FROM_ABOVE,C01_NEUTRAL,4,33.33,12,60,NONPOC,11,91.67,ETH_EVENING,3atr,true
ALL_ANCHORS,APPROACH_FROM_ABOVE,C01_NEUTRAL,2,33.33,6,60,NONPOC,5,83.33,ETH_OVERNIGHT,3atr,true
ALL_ANCHORS,APPROACH_FROM_ABOVE,C01_NEUTRAL,0,0,1,60,NONPOC,1,100,RTH_AFTERNOON,3atr,true
ALL_ANCHORS,APPROACH_FROM_ABOVE,C01_NEUTRAL,1,11.11,9,60,NONPOC,7,77.78,RTH_MIDDAY,3atr,true
ALL_ANCHORS,APPROACH_FROM_ABOVE,C01_NEUTRAL,5,38.46,13,60,NONPOC,11,84.62,RTH_MORNING,3atr,true
ALL_ANCHORS,APPROACH_FROM_ABOVE,C01_NEUTRAL,11,37.93,29,60,NONPOC,26,89.66,RTH_OPEN,3atr,true
R01,APPROACH_FROM_ABOVE,C01_NEUTRAL,6,33.33,18,60,NONPOC,16,88.89,ALL_SESSIONS,3atr,true
R01,APPROACH_FROM_ABOVE,C01_NEUTRAL,4,33.33,12,60,NONPOC,11,91.67,ETH_EVENING,3atr,true
R01,APPROACH_FROM_ABOVE,C01_NEUTRAL,2,33.33,6,60,NONPOC,5,83.33,ETH_OVERNIGHT,3atr,true
R02,APPROACH_FROM_ABOVE,C01_NEUTRAL,5,35.71,14,60,NONPOC,11,78.57,ALL_SESSIONS,3atr,true
R02,APPROACH_FROM_ABOVE,C01_NEUTRAL,1,33.33,3,60,NONPOC,1,33.33,RTH_MIDDAY,3atr,true
R02,APPROACH_FROM_ABOVE,C01_NEUTRAL,1,25,4,60,NONPOC,4,100,RTH_MORNING,3atr,true
R02,APPROACH_FROM_ABOVE,C01_NEUTRAL,3,42.86,7,60,NONPOC,6,85.71,RTH_OPEN,3atr,true
R03,APPROACH_FROM_ABOVE,C01_NEUTRAL,8,28.57,28,60,NONPOC,25,89.29,ALL_SESSIONS,3atr,true
R03,APPROACH_FROM_ABOVE,C01_NEUTRAL,0,0,1,60,NONPOC,1,100,RTH_AFTERNOON,3atr,true
R03,APPROACH_FROM_ABOVE,C01_NEUTRAL,0,0,1,60,NONPOC,1,100,RTH_MIDDAY,3atr,true
R03,APPROACH_FROM_ABOVE,C01_NEUTRAL,2,33.33,6,60,NONPOC,5,83.33,RTH_MORNING,3atr,true
R03,APPROACH_FROM_ABOVE,C01_NEUTRAL,6,30,20,60,NONPOC,18,90,RTH_OPEN,3atr,true
R04,APPROACH_FROM_ABOVE,C01_NEUTRAL,2,100,2,60,NONPOC,2,100,ALL_SESSIONS,3atr,true
R04,APPROACH_FROM_ABOVE,C01_NEUTRAL,2,100,2,60,NONPOC,2,100,RTH_OPEN,3atr,true
R05,APPROACH_FROM_ABOVE,C01_NEUTRAL,2,25,8,60,NONPOC,7,87.5,ALL_SESSIONS,3atr,true
R05,APPROACH_FROM_ABOVE,C01_NEUTRAL,0,0,5,60,NONPOC,5,100,RTH_MIDDAY,3atr,true
R05,APPROACH_FROM_ABOVE,C01_NEUTRAL,2,66.67,3,60,NONPOC,2,66.67,RTH_MORNING,3atr,true
ALL_ANCHORS,APPROACH_FROM_BELOW,C01_NEUTRAL,27,42.86,63,60,NONPOC,55,87.3,ALL_SESSIONS,3atr,false
ALL_ANCHORS,APPROACH_FROM_BELOW,C01_NEUTRAL,3,37.5,8,60,NONPOC,8,100,ETH_EVENING,3atr,true
ALL_ANCHORS,APPROACH_FROM_BELOW,C01_NEUTRAL,2,40,5,60,NONPOC,4,80,ETH_OVERNIGHT,3atr,true
ALL_ANCHORS,APPROACH_FROM_BELOW,C01_NEUTRAL,0,0,2,60,NONPOC,2,100,RTH_AFTERNOON,3atr,true
ALL_ANCHORS,APPROACH_FROM_BELOW,C01_NEUTRAL,0,0,2,60,NONPOC,2,100,RTH_MIDDAY,3atr,true
ALL_ANCHORS,APPROACH_FROM_BELOW,C01_NEUTRAL,12,57.14,21,60,NONPOC,14,66.67,RTH_MORNING,3atr,true
ALL_ANCHORS,APPROACH_FROM_BELOW,C01_NEUTRAL,10,40,25,60,NONPOC,25,100,RTH_OPEN,3atr,true
R01,APPROACH_FROM_BELOW,C01_NEUTRAL,5,38.46,13,60,NONPOC,12,92.31,ALL_SESSIONS,3atr,true
R01,APPROACH_FROM_BELOW,C01_NEUTRAL,3,37.5,8,60,NONPOC,8,100,ETH_EVENING,3atr,true
R01,APPROACH_FROM_BELOW,C01_NEUTRAL,2,40,5,60,NONPOC,4,80,ETH_OVERNIGHT,3atr,true
R02,APPROACH_FROM_BELOW,C01_NEUTRAL,8,50,16,60,NONPOC,13,81.25,ALL_SESSIONS,3atr,true
R02,APPROACH_FROM_BELOW,C01_NEUTRAL,0,0,1,60,NONPOC,1,100,RTH_MIDDAY,3atr,true
R02,APPROACH_FROM_BELOW,C01_NEUTRAL,4,80,5,60,NONPOC,2,40,RTH_MORNING,3atr,true
R02,APPROACH_FROM_BELOW,C01_NEUTRAL,4,40,10,60,NONPOC,10,100,RTH_OPEN,3atr,true
R03,APPROACH_FROM_BELOW,C01_NEUTRAL,6,42.86,14,60,NONPOC,13,92.86,ALL_SESSIONS,3atr,true
R03,APPROACH_FROM_BELOW,C01_NEUTRAL,1,33.33,3,60,NONPOC,2,66.67,RTH_MORNING,3atr,true
R03,APPROACH_FROM_BELOW,C01_NEUTRAL,5,45.45,11,60,NONPOC,11,100,RTH_OPEN,3atr,true
R04,APPROACH_FROM_BELOW,C01_NEUTRAL,2,28.57,7,60,NONPOC,7,100,ALL_SESSIONS,3atr,true
R04,APPROACH_FROM_BELOW,C01_NEUTRAL,0,0,1,60,NONPOC,1,100,RTH_AFTERNOON,3atr,true
R04,APPROACH_FROM_BELOW,C01_NEUTRAL,1,50,2,60,NONPOC,2,100,RTH_MORNING,3atr,true
R04,APPROACH_FROM_BELOW,C01_NEUTRAL,1,25,4,60,NONPOC,4,100,RTH_OPEN,3atr,true
R05,APPROACH_FROM_BELOW,C01_NEUTRAL,6,46.15,13,60,NONPOC,10,76.92,ALL_SESSIONS,3atr,true
R05,APPROACH_FROM_BELOW,C01_NEUTRAL,0,0,1,60,NONPOC,1,100,RTH_AFTERNOON,3atr,true
R05,APPROACH_FROM_BELOW,C01_NEUTRAL,0,0,1,60,NONPOC,1,100,RTH_MIDDAY,3atr,true
R05,APPROACH_FROM_BELOW,C01_NEUTRAL,6,54.55,11,60,NONPOC,8,72.73,RTH_MORNING,3atr,true
ALL_ANCHORS,APPROACH_FROM_ABOVE,C02_ACTIVITY_MATCHED,33,54.1,61,60,NONPOC,47,77.05,ALL_SESSIONS,3atr,false
ALL_ANCHORS,APPROACH_FROM_ABOVE,C02_ACTIVITY_MATCHED,6,50,12,60,NONPOC,11,91.67,ETH_EVENING,3atr,true
ALL_ANCHORS,APPROACH_FROM_ABOVE,C02_ACTIVITY_MATCHED,5,55.56,9,60,NONPOC,5,55.56,ETH_OVERNIGHT,3atr,true
ALL_ANCHORS,APPROACH_FROM_ABOVE,C02_ACTIVITY_MATCHED,1,33.33,3,60,NONPOC,3,100,RTH_AFTERNOON,3atr,true
ALL_ANCHORS,APPROACH_FROM_ABOVE,C02_ACTIVITY_MATCHED,2,66.67,3,60,NONPOC,2,66.67,RTH_MIDDAY,3atr,true
ALL_ANCHORS,APPROACH_FROM_ABOVE,C02_ACTIVITY_MATCHED,6,50,12,60,NONPOC,9,75,RTH_MORNING,3atr,true
ALL_ANCHORS,APPROACH_FROM_ABOVE,C02_ACTIVITY_MATCHED,13,59.09,22,60,NONPOC,17,77.27,RTH_OPEN,3atr,true
R01,APPROACH_FROM_ABOVE,C02_ACTIVITY_MATCHED,11,52.38,21,60,NONPOC,16,76.19,ALL_SESSIONS,3atr,true
R01,APPROACH_FROM_ABOVE,C02_ACTIVITY_MATCHED,6,50,12,60,NONPOC,11,91.67,ETH_EVENING,3atr,true
R01,APPROACH_FROM_ABOVE,C02_ACTIVITY_MATCHED,5,55.56,9,60,NONPOC,5,55.56,ETH_OVERNIGHT,3atr,true
R02,APPROACH_FROM_ABOVE,C02_ACTIVITY_MATCHED,10,62.5,16,60,NONPOC,10,62.5,ALL_SESSIONS,3atr,true
R02,APPROACH_FROM_ABOVE,C02_ACTIVITY_MATCHED,0,0,1,60,NONPOC,1,100,RTH_AFTERNOON,3atr,true
R02,APPROACH_FROM_ABOVE,C02_ACTIVITY_MATCHED,0,0,1,60,NONPOC,1,100,RTH_MIDDAY,3atr,true
R02,APPROACH_FROM_ABOVE,C02_ACTIVITY_MATCHED,3,60,5,60,NONPOC,2,40,RTH_MORNING,3atr,true
R02,APPROACH_FROM_ABOVE,C02_ACTIVITY_MATCHED,7,77.78,9,60,NONPOC,6,66.67,RTH_OPEN,3atr,true
R03,APPROACH_FROM_ABOVE,C02_ACTIVITY_MATCHED,5,33.33,15,60,NONPOC,12,80,ALL_SESSIONS,3atr,true
R03,APPROACH_FROM_ABOVE,C02_ACTIVITY_MATCHED,0,0,1,60,NONPOC,1,100,RTH_AFTERNOON,3atr,true
R03,APPROACH_FROM_ABOVE,C02_ACTIVITY_MATCHED,1,100,1,60,NONPOC,0,0,RTH_MIDDAY,3atr,true
R03,APPROACH_FROM_ABOVE,C02_ACTIVITY_MATCHED,0,0,2,60,NONPOC,2,100,RTH_MORNING,3atr,true
R03,APPROACH_FROM_ABOVE,C02_ACTIVITY_MATCHED,4,36.36,11,60,NONPOC,9,81.82,RTH_OPEN,3atr,true
R04,APPROACH_FROM_ABOVE,C02_ACTIVITY_MATCHED,2,100,2,60,NONPOC,2,100,ALL_SESSIONS,3atr,true
R04,APPROACH_FROM_ABOVE,C02_ACTIVITY_MATCHED,2,100,2,60,NONPOC,2,100,RTH_OPEN,3atr,true
R05,APPROACH_FROM_ABOVE,C02_ACTIVITY_MATCHED,5,71.43,7,60,NONPOC,7,100,ALL_SESSIONS,3atr,true
R05,APPROACH_FROM_ABOVE,C02_ACTIVITY_MATCHED,1,100,1,60,NONPOC,1,100,RTH_AFTERNOON,3atr,true
R05,APPROACH_FROM_ABOVE,C02_ACTIVITY_MATCHED,1,100,1,60,NONPOC,1,100,RTH_MIDDAY,3atr,true
R05,APPROACH_FROM_ABOVE,C02_ACTIVITY_MATCHED,3,60,5,60,NONPOC,5,100,RTH_MORNING,3atr,true
ALL_ANCHORS,APPROACH_FROM_BELOW,C02_ACTIVITY_MATCHED,26,49.06,53,60,NONPOC,44,83.02,ALL_SESSIONS,3atr,false
ALL_ANCHORS,APPROACH_FROM_BELOW,C02_ACTIVITY_MATCHED,2,40,5,60,NONPOC,5,100,ETH_EVENING,3atr,true
ALL_ANCHORS,APPROACH_FROM_BELOW,C02_ACTIVITY_MATCHED,3,50,6,60,NONPOC,5,83.33,ETH_OVERNIGHT,3atr,true
ALL_ANCHORS,APPROACH_FROM_BELOW,C02_ACTIVITY_MATCHED,2,40,5,60,NONPOC,5,100,RTH_MIDDAY,3atr,true
ALL_ANCHORS,APPROACH_FROM_BELOW,C02_ACTIVITY_MATCHED,8,57.14,14,60,NONPOC,10,71.43,RTH_MORNING,3atr,true
ALL_ANCHORS,APPROACH_FROM_BELOW,C02_ACTIVITY_MATCHED,11,47.83,23,60,NONPOC,19,82.61,RTH_OPEN,3atr,true
R01,APPROACH_FROM_BELOW,C02_ACTIVITY_MATCHED,5,45.45,11,60,NONPOC,10,90.91,ALL_SESSIONS,3atr,true
R01,APPROACH_FROM_BELOW,C02_ACTIVITY_MATCHED,2,40,5,60,NONPOC,5,100,ETH_EVENING,3atr,true
R01,APPROACH_FROM_BELOW,C02_ACTIVITY_MATCHED,3,50,6,60,NONPOC,5,83.33,ETH_OVERNIGHT,3atr,true
R02,APPROACH_FROM_BELOW,C02_ACTIVITY_MATCHED,5,50,10,60,NONPOC,9,90,ALL_SESSIONS,3atr,true
R02,APPROACH_FROM_BELOW,C02_ACTIVITY_MATCHED,0,0,1,60,NONPOC,1,100,RTH_MIDDAY,3atr,true
R02,APPROACH_FROM_BELOW,C02_ACTIVITY_MATCHED,0,0,1,60,NONPOC,1,100,RTH_MORNING,3atr,true
R02,APPROACH_FROM_BELOW,C02_ACTIVITY_MATCHED,5,62.5,8,60,NONPOC,7,87.5,RTH_OPEN,3atr,true
R03,APPROACH_FROM_BELOW,C02_ACTIVITY_MATCHED,5,38.46,13,60,NONPOC,11,84.62,ALL_SESSIONS,3atr,true
R03,APPROACH_FROM_BELOW,C02_ACTIVITY_MATCHED,0,0,1,60,NONPOC,1,100,RTH_MIDDAY,3atr,true
R03,APPROACH_FROM_BELOW,C02_ACTIVITY_MATCHED,1,100,1,60,NONPOC,1,100,RTH_MORNING,3atr,true
R03,APPROACH_FROM_BELOW,C02_ACTIVITY_MATCHED,4,36.36,11,60,NONPOC,9,81.82,RTH_OPEN,3atr,true
R04,APPROACH_FROM_BELOW,C02_ACTIVITY_MATCHED,3,50,6,60,NONPOC,5,83.33,ALL_SESSIONS,3atr,true
R04,APPROACH_FROM_BELOW,C02_ACTIVITY_MATCHED,1,50,2,60,NONPOC,2,100,RTH_MIDDAY,3atr,true
R04,APPROACH_FROM_BELOW,C02_ACTIVITY_MATCHED,2,50,4,60,NONPOC,3,75,RTH_OPEN,3atr,true
R05,APPROACH_FROM_BELOW,C02_ACTIVITY_MATCHED,8,61.54,13,60,NONPOC,9,69.23,ALL_SESSIONS,3atr,true
R05,APPROACH_FROM_BELOW,C02_ACTIVITY_MATCHED,1,100,1,60,NONPOC,1,100,RTH_MIDDAY,3atr,true
R05,APPROACH_FROM_BELOW,C02_ACTIVITY_MATCHED,7,58.33,12,60,NONPOC,8,66.67,RTH_MORNING,3atr,true
ALL_ANCHORS,APPROACH_FROM_ABOVE,TREATED,32,45.71,70,60,NONPOC,63,90,ALL_SESSIONS,3atr,false
ALL_ANCHORS,APPROACH_FROM_ABOVE,TREATED,2,25,8,60,NONPOC,8,100,ETH_EVENING,3atr,true
ALL_ANCHORS,APPROACH_FROM_ABOVE,TREATED,3,42.86,7,60,NONPOC,6,85.71,ETH_OVERNIGHT,3atr,true
ALL_ANCHORS,APPROACH_FROM_ABOVE,TREATED,0,0,1,60,NONPOC,1,100,RTH_AFTERNOON,3atr,true
ALL_ANCHORS,APPROACH_FROM_ABOVE,TREATED,4,50,8,60,NONPOC,6,75,RTH_MIDDAY,3atr,true
ALL_ANCHORS,APPROACH_FROM_ABOVE,TREATED,9,52.94,17,60,NONPOC,15,88.24,RTH_MORNING,3atr,true
ALL_ANCHORS,APPROACH_FROM_ABOVE,TREATED,14,48.28,29,60,NONPOC,27,93.1,RTH_OPEN,3atr,true
R01,APPROACH_FROM_ABOVE,TREATED,5,33.33,15,60,NONPOC,14,93.33,ALL_SESSIONS,3atr,true
R01,APPROACH_FROM_ABOVE,TREATED,2,25,8,60,NONPOC,8,100,ETH_EVENING,3atr,true
R01,APPROACH_FROM_ABOVE,TREATED,3,42.86,7,60,NONPOC,6,85.71,ETH_OVERNIGHT,3atr,true
R02,APPROACH_FROM_ABOVE,TREATED,9,56.25,16,60,NONPOC,12,75,ALL_SESSIONS,3atr,true
R02,APPROACH_FROM_ABOVE,TREATED,2,66.67,3,60,NONPOC,1,33.33,RTH_MIDDAY,3atr,true
R02,APPROACH_FROM_ABOVE,TREATED,4,66.67,6,60,NONPOC,6,100,RTH_MORNING,3atr,true
R02,APPROACH_FROM_ABOVE,TREATED,3,42.86,7,60,NONPOC,5,71.43,RTH_OPEN,3atr,true
R03,APPROACH_FROM_ABOVE,TREATED,13,44.83,29,60,NONPOC,28,96.55,ALL_SESSIONS,3atr,true
R03,APPROACH_FROM_ABOVE,TREATED,0,0,1,60,NONPOC,1,100,RTH_AFTERNOON,3atr,true
R03,APPROACH_FROM_ABOVE,TREATED,0,0,1,60,NONPOC,1,100,RTH_MIDDAY,3atr,true
R03,APPROACH_FROM_ABOVE,TREATED,3,50,6,60,NONPOC,5,83.33,RTH_MORNING,3atr,true
R03,APPROACH_FROM_ABOVE,TREATED,10,47.62,21,60,NONPOC,21,100,RTH_OPEN,3atr,true
R04,APPROACH_FROM_ABOVE,TREATED,1,100,1,60,NONPOC,1,100,ALL_SESSIONS,3atr,true
R04,APPROACH_FROM_ABOVE,TREATED,1,100,1,60,NONPOC,1,100,RTH_OPEN,3atr,true
R05,APPROACH_FROM_ABOVE,TREATED,4,44.44,9,60,NONPOC,8,88.89,ALL_SESSIONS,3atr,true
R05,APPROACH_FROM_ABOVE,TREATED,2,50,4,60,NONPOC,4,100,RTH_MIDDAY,3atr,true
R05,APPROACH_FROM_ABOVE,TREATED,2,40,5,60,NONPOC,4,80,RTH_MORNING,3atr,true
ALL_ANCHORS,APPROACH_FROM_BELOW,TREATED,39,53.42,73,60,NONPOC,58,79.45,ALL_SESSIONS,3atr,false
ALL_ANCHORS,APPROACH_FROM_BELOW,TREATED,5,45.45,11,60,NONPOC,10,90.91,ETH_EVENING,3atr,true
ALL_ANCHORS,APPROACH_FROM_BELOW,TREATED,3,50,6,60,NONPOC,4,66.67,ETH_OVERNIGHT,3atr,true
ALL_ANCHORS,APPROACH_FROM_BELOW,TREATED,1,25,4,60,NONPOC,4,100,RTH_MIDDAY,3atr,true
ALL_ANCHORS,APPROACH_FROM_BELOW,TREATED,14,63.64,22,60,NONPOC,17,77.27,RTH_MORNING,3atr,true
ALL_ANCHORS,APPROACH_FROM_BELOW,TREATED,16,53.33,30,60,NONPOC,23,76.67,RTH_OPEN,3atr,false
R01,APPROACH_FROM_BELOW,TREATED,8,47.06,17,60,NONPOC,14,82.35,ALL_SESSIONS,3atr,true
R01,APPROACH_FROM_BELOW,TREATED,5,45.45,11,60,NONPOC,10,90.91,ETH_EVENING,3atr,true
R01,APPROACH_FROM_BELOW,TREATED,3,50,6,60,NONPOC,4,66.67,ETH_OVERNIGHT,3atr,true
R02,APPROACH_FROM_BELOW,TREATED,10,58.82,17,60,NONPOC,14,82.35,ALL_SESSIONS,3atr,true
R02,APPROACH_FROM_BELOW,TREATED,0,0,1,60,NONPOC,1,100,RTH_MIDDAY,3atr,true
R02,APPROACH_FROM_BELOW,TREATED,3,50,6,60,NONPOC,5,83.33,RTH_MORNING,3atr,true
R02,APPROACH_FROM_BELOW,TREATED,7,70,10,60,NONPOC,8,80,RTH_OPEN,3atr,true
R03,APPROACH_FROM_BELOW,TREATED,8,47.06,17,60,NONPOC,13,76.47,ALL_SESSIONS,3atr,true
R03,APPROACH_FROM_BELOW,TREATED,2,66.67,3,60,NONPOC,2,66.67,RTH_MORNING,3atr,true
R03,APPROACH_FROM_BELOW,TREATED,6,42.86,14,60,NONPOC,11,78.57,RTH_OPEN,3atr,true
R04,APPROACH_FROM_BELOW,TREATED,4,50,8,60,NONPOC,6,75,ALL_SESSIONS,3atr,true
R04,APPROACH_FROM_BELOW,TREATED,0,0,1,60,NONPOC,1,100,RTH_MIDDAY,3atr,true
R04,APPROACH_FROM_BELOW,TREATED,1,100,1,60,NONPOC,1,100,RTH_MORNING,3atr,true
R04,APPROACH_FROM_BELOW,TREATED,3,50,6,60,NONPOC,4,66.67,RTH_OPEN,3atr,true
R05,APPROACH_FROM_BELOW,TREATED,9,64.29,14,60,NONPOC,11,78.57,ALL_SESSIONS,3atr,true
R05,APPROACH_FROM_BELOW,TREATED,1,50,2,60,NONPOC,2,100,RTH_MIDDAY,3atr,true
R05,APPROACH_FROM_BELOW,TREATED,8,66.67,12,60,NONPOC,9,75,RTH_MORNING,3atr,true
ALL_ANCHORS,APPROACH_FROM_ABOVE,C01_NEUTRAL,161,54.03,298,60,POC,250,83.89,ALL_SESSIONS,3atr,false
ALL_ANCHORS,APPROACH_FROM_ABOVE,C01_NEUTRAL,17,50,34,60,POC,22,64.71,ETH_EVENING,3atr,false
ALL_ANCHORS,APPROACH_FROM_ABOVE,C01_NEUTRAL,6,46.15,13,60,POC,9,69.23,ETH_OVERNIGHT,3atr,true
ALL_ANCHORS,APPROACH_FROM_ABOVE,C01_NEUTRAL,6,75,8,60,POC,7,87.5,RTH_AFTERNOON,3atr,true
ALL_ANCHORS,APPROACH_FROM_ABOVE,C01_NEUTRAL,7,41.18,17,60,POC,13,76.47,RTH_MIDDAY,3atr,true
ALL_ANCHORS,APPROACH_FROM_ABOVE,C01_NEUTRAL,52,57.78,90,60,POC,75,83.33,RTH_MORNING,3atr,false
ALL_ANCHORS,APPROACH_FROM_ABOVE,C01_NEUTRAL,73,53.68,136,60,POC,124,91.18,RTH_OPEN,3atr,false
R01,APPROACH_FROM_ABOVE,C01_NEUTRAL,23,48.94,47,60,POC,31,65.96,ALL_SESSIONS,3atr,false
R01,APPROACH_FROM_ABOVE,C01_NEUTRAL,17,50,34,60,POC,22,64.71,ETH_EVENING,3atr,false
R01,APPROACH_FROM_ABOVE,C01_NEUTRAL,6,46.15,13,60,POC,9,69.23,ETH_OVERNIGHT,3atr,true
R02,APPROACH_FROM_ABOVE,C01_NEUTRAL,32,55.17,58,60,POC,50,86.21,ALL_SESSIONS,3atr,false
R02,APPROACH_FROM_ABOVE,C01_NEUTRAL,3,75,4,60,POC,4,100,RTH_AFTERNOON,3atr,true
R02,APPROACH_FROM_ABOVE,C01_NEUTRAL,0,0,3,60,POC,2,66.67,RTH_MIDDAY,3atr,true
R02,APPROACH_FROM_ABOVE,C01_NEUTRAL,8,80,10,60,POC,6,60,RTH_MORNING,3atr,true
R02,APPROACH_FROM_ABOVE,C01_NEUTRAL,21,51.22,41,60,POC,38,92.68,RTH_OPEN,3atr,false
R03,APPROACH_FROM_ABOVE,C01_NEUTRAL,27,52.94,51,60,POC,44,86.27,ALL_SESSIONS,3atr,false
R03,APPROACH_FROM_ABOVE,C01_NEUTRAL,1,33.33,3,60,POC,2,66.67,RTH_MIDDAY,3atr,true
R03,APPROACH_FROM_ABOVE,C01_NEUTRAL,5,100,5,60,POC,4,80,RTH_MORNING,3atr,true
R03,APPROACH_FROM_ABOVE,C01_NEUTRAL,21,48.84,43,60,POC,38,88.37,RTH_OPEN,3atr,false
R04,APPROACH_FROM_ABOVE,C01_NEUTRAL,34,55.74,61,60,POC,57,93.44,ALL_SESSIONS,3atr,false
R04,APPROACH_FROM_ABOVE,C01_NEUTRAL,1,25,4,60,POC,4,100,RTH_MIDDAY,3atr,true
R04,APPROACH_FROM_ABOVE,C01_NEUTRAL,2,40,5,60,POC,5,100,RTH_MORNING,3atr,true
R04,APPROACH_FROM_ABOVE,C01_NEUTRAL,31,59.62,52,60,POC,48,92.31,RTH_OPEN,3atr,false
R05,APPROACH_FROM_ABOVE,C01_NEUTRAL,45,55.56,81,60,POC,68,83.95,ALL_SESSIONS,3atr,false
R05,APPROACH_FROM_ABOVE,C01_NEUTRAL,3,75,4,60,POC,3,75,RTH_AFTERNOON,3atr,true
R05,APPROACH_FROM_ABOVE,C01_NEUTRAL,5,71.43,7,60,POC,5,71.43,RTH_MIDDAY,3atr,true
R05,APPROACH_FROM_ABOVE,C01_NEUTRAL,37,52.86,70,60,POC,60,85.71,RTH_MORNING,3atr,false
ALL_ANCHORS,APPROACH_FROM_BELOW,C01_NEUTRAL,109,55.05,198,60,POC,170,85.86,ALL_SESSIONS,3atr,false
ALL_ANCHORS,APPROACH_FROM_BELOW,C01_NEUTRAL,25,54.35,46,60,POC,39,84.78,ETH_EVENING,3atr,false
ALL_ANCHORS,APPROACH_FROM_BELOW,C01_NEUTRAL,6,50,12,60,POC,10,83.33,ETH_OVERNIGHT,3atr,true
ALL_ANCHORS,APPROACH_FROM_BELOW,C01_NEUTRAL,0,0,4,60,POC,4,100,RTH_AFTERNOON,3atr,true
ALL_ANCHORS,APPROACH_FROM_BELOW,C01_NEUTRAL,5,31.25,16,60,POC,15,93.75,RTH_MIDDAY,3atr,true
ALL_ANCHORS,APPROACH_FROM_BELOW,C01_NEUTRAL,30,54.55,55,60,POC,44,80,RTH_MORNING,3atr,false
ALL_ANCHORS,APPROACH_FROM_BELOW,C01_NEUTRAL,43,66.15,65,60,POC,58,89.23,RTH_OPEN,3atr,false
R01,APPROACH_FROM_BELOW,C01_NEUTRAL,31,53.45,58,60,POC,49,84.48,ALL_SESSIONS,3atr,false
R01,APPROACH_FROM_BELOW,C01_NEUTRAL,25,54.35,46,60,POC,39,84.78,ETH_EVENING,3atr,false
R01,APPROACH_FROM_BELOW,C01_NEUTRAL,6,50,12,60,POC,10,83.33,ETH_OVERNIGHT,3atr,true
R02,APPROACH_FROM_BELOW,C01_NEUTRAL,25,62.5,40,60,POC,36,90,ALL_SESSIONS,3atr,false
R02,APPROACH_FROM_BELOW,C01_NEUTRAL,0,0,1,60,POC,1,100,RTH_AFTERNOON,3atr,true
R02,APPROACH_FROM_BELOW,C01_NEUTRAL,0,0,3,60,POC,3,100,RTH_MIDDAY,3atr,true
R02,APPROACH_FROM_BELOW,C01_NEUTRAL,9,64.29,14,60,POC,11,78.57,RTH_MORNING,3atr,true
R02,APPROACH_FROM_BELOW,C01_NEUTRAL,16,72.73,22,60,POC,21,95.45,RTH_OPEN,3atr,true
R03,APPROACH_FROM_BELOW,C01_NEUTRAL,16,61.54,26,60,POC,23,88.46,ALL_SESSIONS,3atr,true
R03,APPROACH_FROM_BELOW,C01_NEUTRAL,3,60,5,60,POC,5,100,RTH_MIDDAY,3atr,true
R03,APPROACH_FROM_BELOW,C01_NEUTRAL,2,40,5,60,POC,5,100,RTH_MORNING,3atr,true
R03,APPROACH_FROM_BELOW,C01_NEUTRAL,11,68.75,16,60,POC,13,81.25,RTH_OPEN,3atr,true
R04,APPROACH_FROM_BELOW,C01_NEUTRAL,20,60.61,33,60,POC,30,90.91,ALL_SESSIONS,3atr,false
R04,APPROACH_FROM_BELOW,C01_NEUTRAL,1,33.33,3,60,POC,3,100,RTH_MIDDAY,3atr,true
R04,APPROACH_FROM_BELOW,C01_NEUTRAL,3,100,3,60,POC,3,100,RTH_MORNING,3atr,true
R04,APPROACH_FROM_BELOW,C01_NEUTRAL,16,59.26,27,60,POC,24,88.89,RTH_OPEN,3atr,true
R05,APPROACH_FROM_BELOW,C01_NEUTRAL,17,41.46,41,60,POC,32,78.05,ALL_SESSIONS,3atr,false
R05,APPROACH_FROM_BELOW,C01_NEUTRAL,0,0,3,60,POC,3,100,RTH_AFTERNOON,3atr,true
R05,APPROACH_FROM_BELOW,C01_NEUTRAL,1,20,5,60,POC,4,80,RTH_MIDDAY,3atr,true
R05,APPROACH_FROM_BELOW,C01_NEUTRAL,16,48.48,33,60,POC,25,75.76,RTH_MORNING,3atr,false
ALL_ANCHORS,APPROACH_FROM_ABOVE,C02_ACTIVITY_MATCHED,94,56.29,167,60,POC,144,86.23,ALL_SESSIONS,3atr,false
ALL_ANCHORS,APPROACH_FROM_ABOVE,C02_ACTIVITY_MATCHED,12,80,15,60,POC,11,73.33,ETH_EVENING,3atr,true
ALL_ANCHORS,APPROACH_FROM_ABOVE,C02_ACTIVITY_MATCHED,4,50,8,60,POC,6,75,ETH_OVERNIGHT,3atr,true
ALL_ANCHORS,APPROACH_FROM_ABOVE,C02_ACTIVITY_MATCHED,0,0,2,60,POC,2,100,RTH_AFTERNOON,3atr,true
ALL_ANCHORS,APPROACH_FROM_ABOVE,C02_ACTIVITY_MATCHED,6,50,12,60,POC,11,91.67,RTH_MIDDAY,3atr,true
ALL_ANCHORS,APPROACH_FROM_ABOVE,C02_ACTIVITY_MATCHED,31,58.49,53,60,POC,43,81.13,RTH_MORNING,3atr,false
ALL_ANCHORS,APPROACH_FROM_ABOVE,C02_ACTIVITY_MATCHED,41,53.25,77,60,POC,71,92.21,RTH_OPEN,3atr,false
R01,APPROACH_FROM_ABOVE,C02_ACTIVITY_MATCHED,16,69.57,23,60,POC,17,73.91,ALL_SESSIONS,3atr,true
R01,APPROACH_FROM_ABOVE,C02_ACTIVITY_MATCHED,12,80,15,60,POC,11,73.33,ETH_EVENING,3atr,true
R01,APPROACH_FROM_ABOVE,C02_ACTIVITY_MATCHED,4,50,8,60,POC,6,75,ETH_OVERNIGHT,3atr,true
R02,APPROACH_FROM_ABOVE,C02_ACTIVITY_MATCHED,15,48.39,31,60,POC,26,83.87,ALL_SESSIONS,3atr,false
R02,APPROACH_FROM_ABOVE,C02_ACTIVITY_MATCHED,0,0,1,60,POC,1,100,RTH_AFTERNOON,3atr,true
R02,APPROACH_FROM_ABOVE,C02_ACTIVITY_MATCHED,1,50,2,60,POC,2,100,RTH_MIDDAY,3atr,true
R02,APPROACH_FROM_ABOVE,C02_ACTIVITY_MATCHED,5,50,10,60,POC,8,80,RTH_MORNING,3atr,true
R02,APPROACH_FROM_ABOVE,C02_ACTIVITY_MATCHED,9,50,18,60,POC,15,83.33,RTH_OPEN,3atr,true
R03,APPROACH_FROM_ABOVE,C02_ACTIVITY_MATCHED,15,57.69,26,60,POC,24,92.31,ALL_SESSIONS,3atr,true
R03,APPROACH_FROM_ABOVE,C02_ACTIVITY_MATCHED,1,100,1,60,POC,0,0,RTH_MIDDAY,3atr,true
R03,APPROACH_FROM_ABOVE,C02_ACTIVITY_MATCHED,1,33.33,3,60,POC,2,66.67,RTH_MORNING,3atr,true
R03,APPROACH_FROM_ABOVE,C02_ACTIVITY_MATCHED,13,59.09,22,60,POC,22,100,RTH_OPEN,3atr,true
R04,APPROACH_FROM_ABOVE,C02_ACTIVITY_MATCHED,23,54.76,42,60,POC,38,90.48,ALL_SESSIONS,3atr,false
R04,APPROACH_FROM_ABOVE,C02_ACTIVITY_MATCHED,1,50,2,60,POC,2,100,RTH_MIDDAY,3atr,true
R04,APPROACH_FROM_ABOVE,C02_ACTIVITY_MATCHED,3,100,3,60,POC,2,66.67,RTH_MORNING,3atr,true
R04,APPROACH_FROM_ABOVE,C02_ACTIVITY_MATCHED,19,51.35,37,60,POC,34,91.89,RTH_OPEN,3atr,false
R05,APPROACH_FROM_ABOVE,C02_ACTIVITY_MATCHED,25,55.56,45,60,POC,39,86.67,ALL_SESSIONS,3atr,false
R05,APPROACH_FROM_ABOVE,C02_ACTIVITY_MATCHED,0,0,1,60,POC,1,100,RTH_AFTERNOON,3atr,true
R05,APPROACH_FROM_ABOVE,C02_ACTIVITY_MATCHED,3,42.86,7,60,POC,7,100,RTH_MIDDAY,3atr,true
R05,APPROACH_FROM_ABOVE,C02_ACTIVITY_MATCHED,22,59.46,37,60,POC,31,83.78,RTH_MORNING,3atr,false
ALL_ANCHORS,APPROACH_FROM_BELOW,C02_ACTIVITY_MATCHED,68,45.95,148,60,POC,124,83.78,ALL_SESSIONS,3atr,false
ALL_ANCHORS,APPROACH_FROM_BELOW,C02_ACTIVITY_MATCHED,10,45.45,22,60,POC,18,81.82,ETH_EVENING,3atr,true
ALL_ANCHORS,APPROACH_FROM_BELOW,C02_ACTIVITY_MATCHED,4,25,16,60,POC,14,87.5,ETH_OVERNIGHT,3atr,true
ALL_ANCHORS,APPROACH_FROM_BELOW,C02_ACTIVITY_MATCHED,2,100,2,60,POC,2,100,RTH_AFTERNOON,3atr,true
ALL_ANCHORS,APPROACH_FROM_BELOW,C02_ACTIVITY_MATCHED,3,30,10,60,POC,10,100,RTH_MIDDAY,3atr,true
ALL_ANCHORS,APPROACH_FROM_BELOW,C02_ACTIVITY_MATCHED,15,46.88,32,60,POC,24,75,RTH_MORNING,3atr,false
ALL_ANCHORS,APPROACH_FROM_BELOW,C02_ACTIVITY_MATCHED,34,51.52,66,60,POC,56,84.85,RTH_OPEN,3atr,false
R01,APPROACH_FROM_BELOW,C02_ACTIVITY_MATCHED,14,36.84,38,60,POC,32,84.21,ALL_SESSIONS,3atr,false
R01,APPROACH_FROM_BELOW,C02_ACTIVITY_MATCHED,10,45.45,22,60,POC,18,81.82,ETH_EVENING,3atr,true
R01,APPROACH_FROM_BELOW,C02_ACTIVITY_MATCHED,4,25,16,60,POC,14,87.5,ETH_OVERNIGHT,3atr,true
R02,APPROACH_FROM_BELOW,C02_ACTIVITY_MATCHED,14,51.85,27,60,POC,23,85.19,ALL_SESSIONS,3atr,true
R02,APPROACH_FROM_BELOW,C02_ACTIVITY_MATCHED,2,100,2,60,POC,2,100,RTH_AFTERNOON,3atr,true
R02,APPROACH_FROM_BELOW,C02_ACTIVITY_MATCHED,1,50,2,60,POC,2,100,RTH_MIDDAY,3atr,true
R02,APPROACH_FROM_BELOW,C02_ACTIVITY_MATCHED,3,50,6,60,POC,4,66.67,RTH_MORNING,3atr,true
R02,APPROACH_FROM_BELOW,C02_ACTIVITY_MATCHED,8,47.06,17,60,POC,15,88.24,RTH_OPEN,3atr,true
R03,APPROACH_FROM_BELOW,C02_ACTIVITY_MATCHED,13,56.52,23,60,POC,20,86.96,ALL_SESSIONS,3atr,true
R03,APPROACH_FROM_BELOW,C02_ACTIVITY_MATCHED,1,50,2,60,POC,2,100,RTH_MIDDAY,3atr,true
R03,APPROACH_FROM_BELOW,C02_ACTIVITY_MATCHED,1,50,2,60,POC,2,100,RTH_MORNING,3atr,true
R03,APPROACH_FROM_BELOW,C02_ACTIVITY_MATCHED,11,57.89,19,60,POC,16,84.21,RTH_OPEN,3atr,true
R04,APPROACH_FROM_BELOW,C02_ACTIVITY_MATCHED,16,45.71,35,60,POC,30,85.71,ALL_SESSIONS,3atr,false
R04,APPROACH_FROM_BELOW,C02_ACTIVITY_MATCHED,0,0,3,60,POC,3,100,RTH_MIDDAY,3atr,true
R04,APPROACH_FROM_BELOW,C02_ACTIVITY_MATCHED,1,50,2,60,POC,2,100,RTH_MORNING,3atr,true
R04,APPROACH_FROM_BELOW,C02_ACTIVITY_MATCHED,15,50,30,60,POC,25,83.33,RTH_OPEN,3atr,false
R05,APPROACH_FROM_BELOW,C02_ACTIVITY_MATCHED,11,44,25,60,POC,19,76,ALL_SESSIONS,3atr,true
R05,APPROACH_FROM_BELOW,C02_ACTIVITY_MATCHED,1,33.33,3,60,POC,3,100,RTH_MIDDAY,3atr,true
R05,APPROACH_FROM_BELOW,C02_ACTIVITY_MATCHED,10,45.45,22,60,POC,16,72.73,RTH_MORNING,3atr,true
ALL_ANCHORS,APPROACH_FROM_ABOVE,TREATED,138,52.47,263,60,POC,219,83.27,ALL_SESSIONS,3atr,false
ALL_ANCHORS,APPROACH_FROM_ABOVE,TREATED,20,60.61,33,60,POC,23,69.7,ETH_EVENING,3atr,false
ALL_ANCHORS,APPROACH_FROM_ABOVE,TREATED,8,57.14,14,60,POC,9,64.29,ETH_OVERNIGHT,3atr,true
ALL_ANCHORS,APPROACH_FROM_ABOVE,TREATED,3,60,5,60,POC,4,80,RTH_AFTERNOON,3atr,true
ALL_ANCHORS,APPROACH_FROM_ABOVE,TREATED,12,57.14,21,60,POC,13,61.9,RTH_MIDDAY,3atr,true
ALL_ANCHORS,APPROACH_FROM_ABOVE,TREATED,35,47.95,73,60,POC,60,82.19,RTH_MORNING,3atr,false
ALL_ANCHORS,APPROACH_FROM_ABOVE,TREATED,60,51.28,117,60,POC,110,94.02,RTH_OPEN,3atr,false
R01,APPROACH_FROM_ABOVE,TREATED,28,59.57,47,60,POC,32,68.09,ALL_SESSIONS,3atr,false
R01,APPROACH_FROM_ABOVE,TREATED,20,60.61,33,60,POC,23,69.7,ETH_EVENING,3atr,false
R01,APPROACH_FROM_ABOVE,TREATED,8,57.14,14,60,POC,9,64.29,ETH_OVERNIGHT,3atr,true
R02,APPROACH_FROM_ABOVE,TREATED,21,42.86,49,60,POC,43,87.76,ALL_SESSIONS,3atr,false
R02,APPROACH_FROM_ABOVE,TREATED,0,0,2,60,POC,2,100,RTH_AFTERNOON,3atr,true
R02,APPROACH_FROM_ABOVE,TREATED,1,16.67,6,60,POC,4,66.67,RTH_MIDDAY,3atr,true
R02,APPROACH_FROM_ABOVE,TREATED,4,44.44,9,60,POC,8,88.89,RTH_MORNING,3atr,true
R02,APPROACH_FROM_ABOVE,TREATED,16,50,32,60,POC,29,90.62,RTH_OPEN,3atr,false
R03,APPROACH_FROM_ABOVE,TREATED,24,51.06,47,60,POC,43,91.49,ALL_SESSIONS,3atr,false
R03,APPROACH_FROM_ABOVE,TREATED,2,66.67,3,60,POC,2,66.67,RTH_MIDDAY,3atr,true
R03,APPROACH_FROM_ABOVE,TREATED,2,66.67,3,60,POC,3,100,RTH_MORNING,3atr,true
R03,APPROACH_FROM_ABOVE,TREATED,20,48.78,41,60,POC,38,92.68,RTH_OPEN,3atr,false
R04,APPROACH_FROM_ABOVE,TREATED,29,54.72,53,60,POC,51,96.23,ALL_SESSIONS,3atr,false
R04,APPROACH_FROM_ABOVE,TREATED,4,80,5,60,POC,4,80,RTH_MIDDAY,3atr,true
R04,APPROACH_FROM_ABOVE,TREATED,1,25,4,60,POC,4,100,RTH_MORNING,3atr,true
R04,APPROACH_FROM_ABOVE,TREATED,24,54.55,44,60,POC,43,97.73,RTH_OPEN,3atr,false
R05,APPROACH_FROM_ABOVE,TREATED,36,53.73,67,60,POC,50,74.63,ALL_SESSIONS,3atr,false
R05,APPROACH_FROM_ABOVE,TREATED,3,100,3,60,POC,2,66.67,RTH_AFTERNOON,3atr,true
R05,APPROACH_FROM_ABOVE,TREATED,5,71.43,7,60,POC,3,42.86,RTH_MIDDAY,3atr,true
R05,APPROACH_FROM_ABOVE,TREATED,28,49.12,57,60,POC,45,78.95,RTH_MORNING,3atr,false
ALL_ANCHORS,APPROACH_FROM_BELOW,TREATED,110,48.89,225,60,POC,188,83.56,ALL_SESSIONS,3atr,false
ALL_ANCHORS,APPROACH_FROM_BELOW,TREATED,22,44.9,49,60,POC,39,79.59,ETH_EVENING,3atr,false
ALL_ANCHORS,APPROACH_FROM_BELOW,TREATED,3,33.33,9,60,POC,7,77.78,ETH_OVERNIGHT,3atr,true
ALL_ANCHORS,APPROACH_FROM_BELOW,TREATED,0,0,5,60,POC,5,100,RTH_AFTERNOON,3atr,true
ALL_ANCHORS,APPROACH_FROM_BELOW,TREATED,7,46.67,15,60,POC,15,100,RTH_MIDDAY,3atr,true
ALL_ANCHORS,APPROACH_FROM_BELOW,TREATED,32,47.76,67,60,POC,54,80.6,RTH_MORNING,3atr,false
ALL_ANCHORS,APPROACH_FROM_BELOW,TREATED,46,57.5,80,60,POC,68,85,RTH_OPEN,3atr,false
R01,APPROACH_FROM_BELOW,TREATED,25,43.1,58,60,POC,46,79.31,ALL_SESSIONS,3atr,false
R01,APPROACH_FROM_BELOW,TREATED,22,44.9,49,60,POC,39,79.59,ETH_EVENING,3atr,false
R01,APPROACH_FROM_BELOW,TREATED,3,33.33,9,60,POC,7,77.78,ETH_OVERNIGHT,3atr,true
R02,APPROACH_FROM_BELOW,TREATED,18,45,40,60,POC,37,92.5,ALL_SESSIONS,3atr,false
R02,APPROACH_FROM_BELOW,TREATED,0,0,3,60,POC,3,100,RTH_AFTERNOON,3atr,true
R02,APPROACH_FROM_BELOW,TREATED,1,50,2,60,POC,2,100,RTH_MIDDAY,3atr,true
R02,APPROACH_FROM_BELOW,TREATED,6,46.15,13,60,POC,12,92.31,RTH_MORNING,3atr,true
R02,APPROACH_FROM_BELOW,TREATED,11,50,22,60,POC,20,90.91,RTH_OPEN,3atr,true
R03,APPROACH_FROM_BELOW,TREATED,19,55.88,34,60,POC,26,76.47,ALL_SESSIONS,3atr,false
R03,APPROACH_FROM_BELOW,TREATED,2,50,4,60,POC,4,100,RTH_MIDDAY,3atr,true
R03,APPROACH_FROM_BELOW,TREATED,2,40,5,60,POC,4,80,RTH_MORNING,3atr,true
R03,APPROACH_FROM_BELOW,TREATED,15,60,25,60,POC,18,72,RTH_OPEN,3atr,true
R04,APPROACH_FROM_BELOW,TREATED,25,60.98,41,60,POC,37,90.24,ALL_SESSIONS,3atr,false
R04,APPROACH_FROM_BELOW,TREATED,3,75,4,60,POC,4,100,RTH_MIDDAY,3atr,true
R04,APPROACH_FROM_BELOW,TREATED,2,50,4,60,POC,3,75,RTH_MORNING,3atr,true
R04,APPROACH_FROM_BELOW,TREATED,20,60.61,33,60,POC,30,90.91,RTH_OPEN,3atr,false
R05,APPROACH_FROM_BELOW,TREATED,23,44.23,52,60,POC,42,80.77,ALL_SESSIONS,3atr,false
R05,APPROACH_FROM_BELOW,TREATED,0,0,2,60,POC,2,100,RTH_AFTERNOON,3atr,true
R05,APPROACH_FROM_BELOW,TREATED,1,20,5,60,POC,5,100,RTH_MIDDAY,3atr,true
R05,APPROACH_FROM_BELOW,TREATED,22,48.89,45,60,POC,35,77.78,RTH_MORNING,3atr,false
ALL_ANCHORS,APPROACH_FROM_ABOVE,C01_NEUTRAL,30,43.48,69,15,NONPOC,50,72.46,ALL_SESSIONS,5atr,false
ALL_ANCHORS,APPROACH_FROM_ABOVE,C01_NEUTRAL,7,58.33,12,15,NONPOC,8,66.67,ETH_EVENING,5atr,true
ALL_ANCHORS,APPROACH_FROM_ABOVE,C01_NEUTRAL,3,50,6,15,NONPOC,4,66.67,ETH_OVERNIGHT,5atr,true
ALL_ANCHORS,APPROACH_FROM_ABOVE,C01_NEUTRAL,1,100,1,15,NONPOC,1,100,RTH_AFTERNOON,5atr,true
ALL_ANCHORS,APPROACH_FROM_ABOVE,C01_NEUTRAL,3,37.5,8,15,NONPOC,6,75,RTH_MIDDAY,5atr,true
ALL_ANCHORS,APPROACH_FROM_ABOVE,C01_NEUTRAL,3,23.08,13,15,NONPOC,9,69.23,RTH_MORNING,5atr,true
ALL_ANCHORS,APPROACH_FROM_ABOVE,C01_NEUTRAL,13,44.83,29,15,NONPOC,22,75.86,RTH_OPEN,5atr,true
R01,APPROACH_FROM_ABOVE,C01_NEUTRAL,10,55.56,18,15,NONPOC,12,66.67,ALL_SESSIONS,5atr,true
R01,APPROACH_FROM_ABOVE,C01_NEUTRAL,7,58.33,12,15,NONPOC,8,66.67,ETH_EVENING,5atr,true
R01,APPROACH_FROM_ABOVE,C01_NEUTRAL,3,50,6,15,NONPOC,4,66.67,ETH_OVERNIGHT,5atr,true
R02,APPROACH_FROM_ABOVE,C01_NEUTRAL,9,64.29,14,15,NONPOC,7,50,ALL_SESSIONS,5atr,true
R02,APPROACH_FROM_ABOVE,C01_NEUTRAL,2,66.67,3,15,NONPOC,1,33.33,RTH_MIDDAY,5atr,true
R02,APPROACH_FROM_ABOVE,C01_NEUTRAL,1,25,4,15,NONPOC,3,75,RTH_MORNING,5atr,true
R02,APPROACH_FROM_ABOVE,C01_NEUTRAL,6,85.71,7,15,NONPOC,3,42.86,RTH_OPEN,5atr,true
R03,APPROACH_FROM_ABOVE,C01_NEUTRAL,9,32.14,28,15,NONPOC,23,82.14,ALL_SESSIONS,5atr,true
R03,APPROACH_FROM_ABOVE,C01_NEUTRAL,1,100,1,15,NONPOC,1,100,RTH_AFTERNOON,5atr,true
R03,APPROACH_FROM_ABOVE,C01_NEUTRAL,0,0,1,15,NONPOC,1,100,RTH_MIDDAY,5atr,true
R03,APPROACH_FROM_ABOVE,C01_NEUTRAL,1,16.67,6,15,NONPOC,4,66.67,RTH_MORNING,5atr,true
R03,APPROACH_FROM_ABOVE,C01_NEUTRAL,7,35,20,15,NONPOC,17,85,RTH_OPEN,5atr,true
R04,APPROACH_FROM_ABOVE,C01_NEUTRAL,0,0,2,15,NONPOC,2,100,ALL_SESSIONS,5atr,true
R04,APPROACH_FROM_ABOVE,C01_NEUTRAL,0,0,2,15,NONPOC,2,100,RTH_OPEN,5atr,true
R05,APPROACH_FROM_ABOVE,C01_NEUTRAL,2,28.57,7,15,NONPOC,6,85.71,ALL_SESSIONS,5atr,true
R05,APPROACH_FROM_ABOVE,C01_NEUTRAL,1,25,4,15,NONPOC,4,100,RTH_MIDDAY,5atr,true
R05,APPROACH_FROM_ABOVE,C01_NEUTRAL,1,33.33,3,15,NONPOC,2,66.67,RTH_MORNING,5atr,true
ALL_ANCHORS,APPROACH_FROM_BELOW,C01_NEUTRAL,35,54.69,64,15,NONPOC,44,68.75,ALL_SESSIONS,5atr,false
ALL_ANCHORS,APPROACH_FROM_BELOW,C01_NEUTRAL,5,62.5,8,15,NONPOC,6,75,ETH_EVENING,5atr,true
ALL_ANCHORS,APPROACH_FROM_BELOW,C01_NEUTRAL,2,40,5,15,NONPOC,3,60,ETH_OVERNIGHT,5atr,true
ALL_ANCHORS,APPROACH_FROM_BELOW,C01_NEUTRAL,1,33.33,3,15,NONPOC,2,66.67,RTH_AFTERNOON,5atr,true
ALL_ANCHORS,APPROACH_FROM_BELOW,C01_NEUTRAL,0,0,2,15,NONPOC,2,100,RTH_MIDDAY,5atr,true
ALL_ANCHORS,APPROACH_FROM_BELOW,C01_NEUTRAL,13,61.9,21,15,NONPOC,11,52.38,RTH_MORNING,5atr,true
ALL_ANCHORS,APPROACH_FROM_BELOW,C01_NEUTRAL,14,56,25,15,NONPOC,20,80,RTH_OPEN,5atr,true
R01,APPROACH_FROM_BELOW,C01_NEUTRAL,7,53.85,13,15,NONPOC,9,69.23,ALL_SESSIONS,5atr,true
R01,APPROACH_FROM_BELOW,C01_NEUTRAL,5,62.5,8,15,NONPOC,6,75,ETH_EVENING,5atr,true
R01,APPROACH_FROM_BELOW,C01_NEUTRAL,2,40,5,15,NONPOC,3,60,ETH_OVERNIGHT,5atr,true
R02,APPROACH_FROM_BELOW,C01_NEUTRAL,9,56.25,16,15,NONPOC,10,62.5,ALL_SESSIONS,5atr,true
R02,APPROACH_FROM_BELOW,C01_NEUTRAL,0,0,1,15,NONPOC,1,100,RTH_MIDDAY,5atr,true
R02,APPROACH_FROM_BELOW,C01_NEUTRAL,4,80,5,15,NONPOC,2,40,RTH_MORNING,5atr,true
R02,APPROACH_FROM_BELOW,C01_NEUTRAL,5,50,10,15,NONPOC,7,70,RTH_OPEN,5atr,true
R03,APPROACH_FROM_BELOW,C01_NEUTRAL,9,60,15,15,NONPOC,11,73.33,ALL_SESSIONS,5atr,true
R03,APPROACH_FROM_BELOW,C01_NEUTRAL,1,100,1,15,NONPOC,0,0,RTH_AFTERNOON,5atr,true
R03,APPROACH_FROM_BELOW,C01_NEUTRAL,0,0,3,15,NONPOC,2,66.67,RTH_MORNING,5atr,true
R03,APPROACH_FROM_BELOW,C01_NEUTRAL,8,72.73,11,15,NONPOC,9,81.82,RTH_OPEN,5atr,true
R04,APPROACH_FROM_BELOW,C01_NEUTRAL,2,28.57,7,15,NONPOC,7,100,ALL_SESSIONS,5atr,true
R04,APPROACH_FROM_BELOW,C01_NEUTRAL,0,0,1,15,NONPOC,1,100,RTH_AFTERNOON,5atr,true
R04,APPROACH_FROM_BELOW,C01_NEUTRAL,1,50,2,15,NONPOC,2,100,RTH_MORNING,5atr,true
R04,APPROACH_FROM_BELOW,C01_NEUTRAL,1,25,4,15,NONPOC,4,100,RTH_OPEN,5atr,true
R05,APPROACH_FROM_BELOW,C01_NEUTRAL,8,61.54,13,15,NONPOC,7,53.85,ALL_SESSIONS,5atr,true
R05,APPROACH_FROM_BELOW,C01_NEUTRAL,0,0,1,15,NONPOC,1,100,RTH_AFTERNOON,5atr,true
R05,APPROACH_FROM_BELOW,C01_NEUTRAL,0,0,1,15,NONPOC,1,100,RTH_MIDDAY,5atr,true
R05,APPROACH_FROM_BELOW,C01_NEUTRAL,8,72.73,11,15,NONPOC,5,45.45,RTH_MORNING,5atr,true
ALL_ANCHORS,APPROACH_FROM_ABOVE,C02_ACTIVITY_MATCHED,38,62.3,61,15,NONPOC,41,67.21,ALL_SESSIONS,5atr,false
ALL_ANCHORS,APPROACH_FROM_ABOVE,C02_ACTIVITY_MATCHED,7,58.33,12,15,NONPOC,10,83.33,ETH_EVENING,5atr,true
ALL_ANCHORS,APPROACH_FROM_ABOVE,C02_ACTIVITY_MATCHED,2,25,8,15,NONPOC,3,37.5,ETH_OVERNIGHT,5atr,true
ALL_ANCHORS,APPROACH_FROM_ABOVE,C02_ACTIVITY_MATCHED,3,75,4,15,NONPOC,3,75,RTH_AFTERNOON,5atr,true
ALL_ANCHORS,APPROACH_FROM_ABOVE,C02_ACTIVITY_MATCHED,3,100,3,15,NONPOC,2,66.67,RTH_MIDDAY,5atr,true
ALL_ANCHORS,APPROACH_FROM_ABOVE,C02_ACTIVITY_MATCHED,8,66.67,12,15,NONPOC,7,58.33,RTH_MORNING,5atr,true
ALL_ANCHORS,APPROACH_FROM_ABOVE,C02_ACTIVITY_MATCHED,15,68.18,22,15,NONPOC,16,72.73,RTH_OPEN,5atr,true
R01,APPROACH_FROM_ABOVE,C02_ACTIVITY_MATCHED,9,45,20,15,NONPOC,13,65,ALL_SESSIONS,5atr,true
R01,APPROACH_FROM_ABOVE,C02_ACTIVITY_MATCHED,7,58.33,12,15,NONPOC,10,83.33,ETH_EVENING,5atr,true
R01,APPROACH_FROM_ABOVE,C02_ACTIVITY_MATCHED,2,25,8,15,NONPOC,3,37.5,ETH_OVERNIGHT,5atr,true
R02,APPROACH_FROM_ABOVE,C02_ACTIVITY_MATCHED,11,68.75,16,15,NONPOC,8,50,ALL_SESSIONS,5atr,true
R02,APPROACH_FROM_ABOVE,C02_ACTIVITY_MATCHED,0,0,1,15,NONPOC,1,100,RTH_AFTERNOON,5atr,true
R02,APPROACH_FROM_ABOVE,C02_ACTIVITY_MATCHED,1,100,1,15,NONPOC,1,100,RTH_MIDDAY,5atr,true
R02,APPROACH_FROM_ABOVE,C02_ACTIVITY_MATCHED,3,60,5,15,NONPOC,1,20,RTH_MORNING,5atr,true
R02,APPROACH_FROM_ABOVE,C02_ACTIVITY_MATCHED,7,77.78,9,15,NONPOC,5,55.56,RTH_OPEN,5atr,true
R03,APPROACH_FROM_ABOVE,C02_ACTIVITY_MATCHED,9,60,15,15,NONPOC,12,80,ALL_SESSIONS,5atr,true
R03,APPROACH_FROM_ABOVE,C02_ACTIVITY_MATCHED,1,100,1,15,NONPOC,1,100,RTH_AFTERNOON,5atr,true
R03,APPROACH_FROM_ABOVE,C02_ACTIVITY_MATCHED,1,100,1,15,NONPOC,0,0,RTH_MIDDAY,5atr,true
R03,APPROACH_FROM_ABOVE,C02_ACTIVITY_MATCHED,0,0,2,15,NONPOC,2,100,RTH_MORNING,5atr,true
R03,APPROACH_FROM_ABOVE,C02_ACTIVITY_MATCHED,7,63.64,11,15,NONPOC,9,81.82,RTH_OPEN,5atr,true
R04,APPROACH_FROM_ABOVE,C02_ACTIVITY_MATCHED,1,50,2,15,NONPOC,2,100,ALL_SESSIONS,5atr,true
R04,APPROACH_FROM_ABOVE,C02_ACTIVITY_MATCHED,1,50,2,15,NONPOC,2,100,RTH_OPEN,5atr,true
R05,APPROACH_FROM_ABOVE,C02_ACTIVITY_MATCHED,8,100,8,15,NONPOC,6,75,ALL_SESSIONS,5atr,true
R05,APPROACH_FROM_ABOVE,C02_ACTIVITY_MATCHED,2,100,2,15,NONPOC,1,50,RTH_AFTERNOON,5atr,true
R05,APPROACH_FROM_ABOVE,C02_ACTIVITY_MATCHED,1,100,1,15,NONPOC,1,100,RTH_MIDDAY,5atr,true
R05,APPROACH_FROM_ABOVE,C02_ACTIVITY_MATCHED,5,100,5,15,NONPOC,4,80,RTH_MORNING,5atr,true
ALL_ANCHORS,APPROACH_FROM_BELOW,C02_ACTIVITY_MATCHED,19,37.25,51,15,NONPOC,34,66.67,ALL_SESSIONS,5atr,false
ALL_ANCHORS,APPROACH_FROM_BELOW,C02_ACTIVITY_MATCHED,0,0,5,15,NONPOC,3,60,ETH_EVENING,5atr,true
ALL_ANCHORS,APPROACH_FROM_BELOW,C02_ACTIVITY_MATCHED,2,33.33,6,15,NONPOC,4,66.67,ETH_OVERNIGHT,5atr,true
ALL_ANCHORS,APPROACH_FROM_BELOW,C02_ACTIVITY_MATCHED,2,50,4,15,NONPOC,4,100,RTH_MIDDAY,5atr,true
ALL_ANCHORS,APPROACH_FROM_BELOW,C02_ACTIVITY_MATCHED,7,53.85,13,15,NONPOC,6,46.15,RTH_MORNING,5atr,true
ALL_ANCHORS,APPROACH_FROM_BELOW,C02_ACTIVITY_MATCHED,8,34.78,23,15,NONPOC,17,73.91,RTH_OPEN,5atr,true
R01,APPROACH_FROM_BELOW,C02_ACTIVITY_MATCHED,2,18.18,11,15,NONPOC,7,63.64,ALL_SESSIONS,5atr,true
R01,APPROACH_FROM_BELOW,C02_ACTIVITY_MATCHED,0,0,5,15,NONPOC,3,60,ETH_EVENING,5atr,true
R01,APPROACH_FROM_BELOW,C02_ACTIVITY_MATCHED,2,33.33,6,15,NONPOC,4,66.67,ETH_OVERNIGHT,5atr,true
R02,APPROACH_FROM_BELOW,C02_ACTIVITY_MATCHED,2,22.22,9,15,NONPOC,7,77.78,ALL_SESSIONS,5atr,true
R02,APPROACH_FROM_BELOW,C02_ACTIVITY_MATCHED,0,0,1,15,NONPOC,1,100,RTH_MORNING,5atr,true
R02,APPROACH_FROM_BELOW,C02_ACTIVITY_MATCHED,2,25,8,15,NONPOC,6,75,RTH_OPEN,5atr,true
R03,APPROACH_FROM_BELOW,C02_ACTIVITY_MATCHED,6,46.15,13,15,NONPOC,10,76.92,ALL_SESSIONS,5atr,true
R03,APPROACH_FROM_BELOW,C02_ACTIVITY_MATCHED,1,100,1,15,NONPOC,1,100,RTH_MIDDAY,5atr,true
R03,APPROACH_FROM_BELOW,C02_ACTIVITY_MATCHED,0,0,1,15,NONPOC,1,100,RTH_MORNING,5atr,true
R03,APPROACH_FROM_BELOW,C02_ACTIVITY_MATCHED,5,45.45,11,15,NONPOC,8,72.73,RTH_OPEN,5atr,true
R04,APPROACH_FROM_BELOW,C02_ACTIVITY_MATCHED,1,16.67,6,15,NONPOC,5,83.33,ALL_SESSIONS,5atr,true
R04,APPROACH_FROM_BELOW,C02_ACTIVITY_MATCHED,0,0,2,15,NONPOC,2,100,RTH_MIDDAY,5atr,true
R04,APPROACH_FROM_BELOW,C02_ACTIVITY_MATCHED,1,25,4,15,NONPOC,3,75,RTH_OPEN,5atr,true
R05,APPROACH_FROM_BELOW,C02_ACTIVITY_MATCHED,8,66.67,12,15,NONPOC,5,41.67,ALL_SESSIONS,5atr,true
R05,APPROACH_FROM_BELOW,C02_ACTIVITY_MATCHED,1,100,1,15,NONPOC,1,100,RTH_MIDDAY,5atr,true
R05,APPROACH_FROM_BELOW,C02_ACTIVITY_MATCHED,7,63.64,11,15,NONPOC,4,36.36,RTH_MORNING,5atr,true
ALL_ANCHORS,APPROACH_FROM_ABOVE,TREATED,31,45.59,68,15,NONPOC,52,76.47,ALL_SESSIONS,5atr,false
ALL_ANCHORS,APPROACH_FROM_ABOVE,TREATED,4,57.14,7,15,NONPOC,5,71.43,ETH_EVENING,5atr,true
ALL_ANCHORS,APPROACH_FROM_ABOVE,TREATED,3,50,6,15,NONPOC,4,66.67,ETH_OVERNIGHT,5atr,true
ALL_ANCHORS,APPROACH_FROM_ABOVE,TREATED,1,100,1,15,NONPOC,1,100,RTH_AFTERNOON,5atr,true
ALL_ANCHORS,APPROACH_FROM_ABOVE,TREATED,1,12.5,8,15,NONPOC,6,75,RTH_MIDDAY,5atr,true
ALL_ANCHORS,APPROACH_FROM_ABOVE,TREATED,6,35.29,17,15,NONPOC,12,70.59,RTH_MORNING,5atr,true
ALL_ANCHORS,APPROACH_FROM_ABOVE,TREATED,16,55.17,29,15,NONPOC,24,82.76,RTH_OPEN,5atr,true
R01,APPROACH_FROM_ABOVE,TREATED,7,53.85,13,15,NONPOC,9,69.23,ALL_SESSIONS,5atr,true
R01,APPROACH_FROM_ABOVE,TREATED,4,57.14,7,15,NONPOC,5,71.43,ETH_EVENING,5atr,true
R01,APPROACH_FROM_ABOVE,TREATED,3,50,6,15,NONPOC,4,66.67,ETH_OVERNIGHT,5atr,true
R02,APPROACH_FROM_ABOVE,TREATED,9,56.25,16,15,NONPOC,10,62.5,ALL_SESSIONS,5atr,true
R02,APPROACH_FROM_ABOVE,TREATED,1,33.33,3,15,NONPOC,1,33.33,RTH_MIDDAY,5atr,true
R02,APPROACH_FROM_ABOVE,TREATED,3,50,6,15,NONPOC,5,83.33,RTH_MORNING,5atr,true
R02,APPROACH_FROM_ABOVE,TREATED,5,71.43,7,15,NONPOC,4,57.14,RTH_OPEN,5atr,true
R03,APPROACH_FROM_ABOVE,TREATED,14,48.28,29,15,NONPOC,24,82.76,ALL_SESSIONS,5atr,true
R03,APPROACH_FROM_ABOVE,TREATED,1,100,1,15,NONPOC,1,100,RTH_AFTERNOON,5atr,true
R03,APPROACH_FROM_ABOVE,TREATED,0,0,1,15,NONPOC,1,100,RTH_MIDDAY,5atr,true
R03,APPROACH_FROM_ABOVE,TREATED,2,33.33,6,15,NONPOC,3,50,RTH_MORNING,5atr,true
R03,APPROACH_FROM_ABOVE,TREATED,11,52.38,21,15,NONPOC,19,90.48,RTH_OPEN,5atr,true
R04,APPROACH_FROM_ABOVE,TREATED,0,0,1,15,NONPOC,1,100,ALL_SESSIONS,5atr,true
R04,APPROACH_FROM_ABOVE,TREATED,0,0,1,15,NONPOC,1,100,RTH_OPEN,5atr,true
R05,APPROACH_FROM_ABOVE,TREATED,1,11.11,9,15,NONPOC,8,88.89,ALL_SESSIONS,5atr,true
R05,APPROACH_FROM_ABOVE,TREATED,0,0,4,15,NONPOC,4,100,RTH_MIDDAY,5atr,true
R05,APPROACH_FROM_ABOVE,TREATED,1,20,5,15,NONPOC,4,80,RTH_MORNING,5atr,true
ALL_ANCHORS,APPROACH_FROM_BELOW,TREATED,44,61.11,72,15,NONPOC,47,65.28,ALL_SESSIONS,5atr,false
ALL_ANCHORS,APPROACH_FROM_BELOW,TREATED,8,72.73,11,15,NONPOC,8,72.73,ETH_EVENING,5atr,true
ALL_ANCHORS,APPROACH_FROM_BELOW,TREATED,4,66.67,6,15,NONPOC,4,66.67,ETH_OVERNIGHT,5atr,true
ALL_ANCHORS,APPROACH_FROM_BELOW,TREATED,2,50,4,15,NONPOC,2,50,RTH_MIDDAY,5atr,true
ALL_ANCHORS,APPROACH_FROM_BELOW,TREATED,13,61.9,21,15,NONPOC,12,57.14,RTH_MORNING,5atr,true
ALL_ANCHORS,APPROACH_FROM_BELOW,TREATED,17,56.67,30,15,NONPOC,21,70,RTH_OPEN,5atr,false
R01,APPROACH_FROM_BELOW,TREATED,12,70.59,17,15,NONPOC,12,70.59,ALL_SESSIONS,5atr,true
R01,APPROACH_FROM_BELOW,TREATED,8,72.73,11,15,NONPOC,8,72.73,ETH_EVENING,5atr,true
R01,APPROACH_FROM_BELOW,TREATED,4,66.67,6,15,NONPOC,4,66.67,ETH_OVERNIGHT,5atr,true
R02,APPROACH_FROM_BELOW,TREATED,9,56.25,16,15,NONPOC,10,62.5,ALL_SESSIONS,5atr,true
R02,APPROACH_FROM_BELOW,TREATED,0,0,1,15,NONPOC,1,100,RTH_MIDDAY,5atr,true
R02,APPROACH_FROM_BELOW,TREATED,5,100,5,15,NONPOC,2,40,RTH_MORNING,5atr,true
R02,APPROACH_FROM_BELOW,TREATED,4,40,10,15,NONPOC,7,70,RTH_OPEN,5atr,true
R03,APPROACH_FROM_BELOW,TREATED,11,64.71,17,15,NONPOC,12,70.59,ALL_SESSIONS,5atr,true
R03,APPROACH_FROM_BELOW,TREATED,1,33.33,3,15,NONPOC,2,66.67,RTH_MORNING,5atr,true
R03,APPROACH_FROM_BELOW,TREATED,10,71.43,14,15,NONPOC,10,71.43,RTH_OPEN,5atr,true
R04,APPROACH_FROM_BELOW,TREATED,3,37.5,8,15,NONPOC,6,75,ALL_SESSIONS,5atr,true
R04,APPROACH_FROM_BELOW,TREATED,0,0,1,15,NONPOC,1,100,RTH_MIDDAY,5atr,true
R04,APPROACH_FROM_BELOW,TREATED,0,0,1,15,NONPOC,1,100,RTH_MORNING,5atr,true
R04,APPROACH_FROM_BELOW,TREATED,3,50,6,15,NONPOC,4,66.67,RTH_OPEN,5atr,true
R05,APPROACH_FROM_BELOW,TREATED,9,64.29,14,15,NONPOC,7,50,ALL_SESSIONS,5atr,true
R05,APPROACH_FROM_BELOW,TREATED,2,100,2,15,NONPOC,0,0,RTH_MIDDAY,5atr,true
R05,APPROACH_FROM_BELOW,TREATED,7,58.33,12,15,NONPOC,7,58.33,RTH_MORNING,5atr,true
ALL_ANCHORS,APPROACH_FROM_ABOVE,C01_NEUTRAL,159,53.54,297,15,POC,216,72.73,ALL_SESSIONS,5atr,false
ALL_ANCHORS,APPROACH_FROM_ABOVE,C01_NEUTRAL,17,51.52,33,15,POC,17,51.52,ETH_EVENING,5atr,false
ALL_ANCHORS,APPROACH_FROM_ABOVE,C01_NEUTRAL,10,71.43,14,15,POC,7,50,ETH_OVERNIGHT,5atr,true
ALL_ANCHORS,APPROACH_FROM_ABOVE,C01_NEUTRAL,4,44.44,9,15,POC,6,66.67,RTH_AFTERNOON,5atr,true
ALL_ANCHORS,APPROACH_FROM_ABOVE,C01_NEUTRAL,10,62.5,16,15,POC,10,62.5,RTH_MIDDAY,5atr,true
ALL_ANCHORS,APPROACH_FROM_ABOVE,C01_NEUTRAL,51,56.67,90,15,POC,61,67.78,RTH_MORNING,5atr,false
ALL_ANCHORS,APPROACH_FROM_ABOVE,C01_NEUTRAL,67,49.63,135,15,POC,115,85.19,RTH_OPEN,5atr,false
R01,APPROACH_FROM_ABOVE,C01_NEUTRAL,27,57.45,47,15,POC,24,51.06,ALL_SESSIONS,5atr,false
R01,APPROACH_FROM_ABOVE,C01_NEUTRAL,17,51.52,33,15,POC,17,51.52,ETH_EVENING,5atr,false
R01,APPROACH_FROM_ABOVE,C01_NEUTRAL,10,71.43,14,15,POC,7,50,ETH_OVERNIGHT,5atr,true
R02,APPROACH_FROM_ABOVE,C01_NEUTRAL,30,53.57,56,15,POC,42,75,ALL_SESSIONS,5atr,false
R02,APPROACH_FROM_ABOVE,C01_NEUTRAL,1,25,4,15,POC,2,50,RTH_AFTERNOON,5atr,true
R02,APPROACH_FROM_ABOVE,C01_NEUTRAL,1,50,2,15,POC,1,50,RTH_MIDDAY,5atr,true
R02,APPROACH_FROM_ABOVE,C01_NEUTRAL,5,50,10,15,POC,5,50,RTH_MORNING,5atr,true
R02,APPROACH_FROM_ABOVE,C01_NEUTRAL,23,57.5,40,15,POC,34,85,RTH_OPEN,5atr,false
R03,APPROACH_FROM_ABOVE,C01_NEUTRAL,22,42.31,52,15,POC,40,76.92,ALL_SESSIONS,5atr,false
R03,APPROACH_FROM_ABOVE,C01_NEUTRAL,0,0,1,15,POC,1,100,RTH_AFTERNOON,5atr,true
R03,APPROACH_FROM_ABOVE,C01_NEUTRAL,1,33.33,3,15,POC,2,66.67,RTH_MIDDAY,5atr,true
R03,APPROACH_FROM_ABOVE,C01_NEUTRAL,1,20,5,15,POC,3,60,RTH_MORNING,5atr,true
R03,APPROACH_FROM_ABOVE,C01_NEUTRAL,20,46.51,43,15,POC,34,79.07,RTH_OPEN,5atr,false
R04,APPROACH_FROM_ABOVE,C01_NEUTRAL,30,49.18,61,15,POC,54,88.52,ALL_SESSIONS,5atr,false
R04,APPROACH_FROM_ABOVE,C01_NEUTRAL,3,75,4,15,POC,3,75,RTH_MIDDAY,5atr,true
R04,APPROACH_FROM_ABOVE,C01_NEUTRAL,3,60,5,15,POC,4,80,RTH_MORNING,5atr,true
R04,APPROACH_FROM_ABOVE,C01_NEUTRAL,24,46.15,52,15,POC,47,90.38,RTH_OPEN,5atr,false
R05,APPROACH_FROM_ABOVE,C01_NEUTRAL,50,61.73,81,15,POC,56,69.14,ALL_SESSIONS,5atr,false
R05,APPROACH_FROM_ABOVE,C01_NEUTRAL,3,75,4,15,POC,3,75,RTH_AFTERNOON,5atr,true
R05,APPROACH_FROM_ABOVE,C01_NEUTRAL,5,71.43,7,15,POC,4,57.14,RTH_MIDDAY,5atr,true
R05,APPROACH_FROM_ABOVE,C01_NEUTRAL,42,60,70,15,POC,49,70,RTH_MORNING,5atr,false
ALL_ANCHORS,APPROACH_FROM_BELOW,C01_NEUTRAL,101,50.75,199,15,POC,138,69.35,ALL_SESSIONS,5atr,false
ALL_ANCHORS,APPROACH_FROM_BELOW,C01_NEUTRAL,20,43.48,46,15,POC,30,65.22,ETH_EVENING,5atr,false
ALL_ANCHORS,APPROACH_FROM_BELOW,C01_NEUTRAL,3,23.08,13,15,POC,7,53.85,ETH_OVERNIGHT,5atr,true
ALL_ANCHORS,APPROACH_FROM_BELOW,C01_NEUTRAL,2,40,5,15,POC,4,80,RTH_AFTERNOON,5atr,true
ALL_ANCHORS,APPROACH_FROM_BELOW,C01_NEUTRAL,5,33.33,15,15,POC,13,86.67,RTH_MIDDAY,5atr,true
ALL_ANCHORS,APPROACH_FROM_BELOW,C01_NEUTRAL,30,54.55,55,15,POC,36,65.45,RTH_MORNING,5atr,false
ALL_ANCHORS,APPROACH_FROM_BELOW,C01_NEUTRAL,41,63.08,65,15,POC,48,73.85,RTH_OPEN,5atr,false
R01,APPROACH_FROM_BELOW,C01_NEUTRAL,23,38.98,59,15,POC,37,62.71,ALL_SESSIONS,5atr,false
R01,APPROACH_FROM_BELOW,C01_NEUTRAL,20,43.48,46,15,POC,30,65.22,ETH_EVENING,5atr,false
R01,APPROACH_FROM_BELOW,C01_NEUTRAL,3,23.08,13,15,POC,7,53.85,ETH_OVERNIGHT,5atr,true
R02,APPROACH_FROM_BELOW,C01_NEUTRAL,24,60,40,15,POC,27,67.5,ALL_SESSIONS,5atr,false
R02,APPROACH_FROM_BELOW,C01_NEUTRAL,0,0,1,15,POC,1,100,RTH_AFTERNOON,5atr,true
R02,APPROACH_FROM_BELOW,C01_NEUTRAL,2,66.67,3,15,POC,2,66.67,RTH_MIDDAY,5atr,true
R02,APPROACH_FROM_BELOW,C01_NEUTRAL,8,57.14,14,15,POC,8,57.14,RTH_MORNING,5atr,true
R02,APPROACH_FROM_BELOW,C01_NEUTRAL,14,63.64,22,15,POC,16,72.73,RTH_OPEN,5atr,true
R03,APPROACH_FROM_BELOW,C01_NEUTRAL,16,61.54,26,15,POC,21,80.77,ALL_SESSIONS,5atr,true
R03,APPROACH_FROM_BELOW,C01_NEUTRAL,2,40,5,15,POC,5,100,RTH_MIDDAY,5atr,true
R03,APPROACH_FROM_BELOW,C01_NEUTRAL,3,60,5,15,POC,5,100,RTH_MORNING,5atr,true
R03,APPROACH_FROM_BELOW,C01_NEUTRAL,11,68.75,16,15,POC,11,68.75,RTH_OPEN,5atr,true
R04,APPROACH_FROM_BELOW,C01_NEUTRAL,18,54.55,33,15,POC,27,81.82,ALL_SESSIONS,5atr,false
R04,APPROACH_FROM_BELOW,C01_NEUTRAL,0,0,3,15,POC,3,100,RTH_MIDDAY,5atr,true
R04,APPROACH_FROM_BELOW,C01_NEUTRAL,2,66.67,3,15,POC,3,100,RTH_MORNING,5atr,true
R04,APPROACH_FROM_BELOW,C01_NEUTRAL,16,59.26,27,15,POC,21,77.78,RTH_OPEN,5atr,true
R05,APPROACH_FROM_BELOW,C01_NEUTRAL,20,48.78,41,15,POC,26,63.41,ALL_SESSIONS,5atr,false
R05,APPROACH_FROM_BELOW,C01_NEUTRAL,2,50,4,15,POC,3,75,RTH_AFTERNOON,5atr,true
R05,APPROACH_FROM_BELOW,C01_NEUTRAL,1,25,4,15,POC,3,75,RTH_MIDDAY,5atr,true
R05,APPROACH_FROM_BELOW,C01_NEUTRAL,17,51.52,33,15,POC,20,60.61,RTH_MORNING,5atr,false
ALL_ANCHORS,APPROACH_FROM_ABOVE,C02_ACTIVITY_MATCHED,75,46.3,162,15,POC,128,79.01,ALL_SESSIONS,5atr,false
ALL_ANCHORS,APPROACH_FROM_ABOVE,C02_ACTIVITY_MATCHED,7,50,14,15,POC,9,64.29,ETH_EVENING,5atr,true
ALL_ANCHORS,APPROACH_FROM_ABOVE,C02_ACTIVITY_MATCHED,2,28.57,7,15,POC,4,57.14,ETH_OVERNIGHT,5atr,true
ALL_ANCHORS,APPROACH_FROM_ABOVE,C02_ACTIVITY_MATCHED,1,50,2,15,POC,1,50,RTH_AFTERNOON,5atr,true
ALL_ANCHORS,APPROACH_FROM_ABOVE,C02_ACTIVITY_MATCHED,5,45.45,11,15,POC,9,81.82,RTH_MIDDAY,5atr,true
ALL_ANCHORS,APPROACH_FROM_ABOVE,C02_ACTIVITY_MATCHED,25,49.02,51,15,POC,39,76.47,RTH_MORNING,5atr,false
ALL_ANCHORS,APPROACH_FROM_ABOVE,C02_ACTIVITY_MATCHED,35,45.45,77,15,POC,66,85.71,RTH_OPEN,5atr,false
R01,APPROACH_FROM_ABOVE,C02_ACTIVITY_MATCHED,9,42.86,21,15,POC,13,61.9,ALL_SESSIONS,5atr,true
R01,APPROACH_FROM_ABOVE,C02_ACTIVITY_MATCHED,7,50,14,15,POC,9,64.29,ETH_EVENING,5atr,true
R01,APPROACH_FROM_ABOVE,C02_ACTIVITY_MATCHED,2,28.57,7,15,POC,4,57.14,ETH_OVERNIGHT,5atr,true
R02,APPROACH_FROM_ABOVE,C02_ACTIVITY_MATCHED,15,48.39,31,15,POC,23,74.19,ALL_SESSIONS,5atr,false
R02,APPROACH_FROM_ABOVE,C02_ACTIVITY_MATCHED,0,0,1,15,POC,0,0,RTH_AFTERNOON,5atr,true
R02,APPROACH_FROM_ABOVE,C02_ACTIVITY_MATCHED,0,0,2,15,POC,2,100,RTH_MIDDAY,5atr,true
R02,APPROACH_FROM_ABOVE,C02_ACTIVITY_MATCHED,5,50,10,15,POC,7,70,RTH_MORNING,5atr,true
R02,APPROACH_FROM_ABOVE,C02_ACTIVITY_MATCHED,10,55.56,18,15,POC,14,77.78,RTH_OPEN,5atr,true
R03,APPROACH_FROM_ABOVE,C02_ACTIVITY_MATCHED,10,38.46,26,15,POC,22,84.62,ALL_SESSIONS,5atr,true
R03,APPROACH_FROM_ABOVE,C02_ACTIVITY_MATCHED,1,100,1,15,POC,0,0,RTH_MIDDAY,5atr,true
R03,APPROACH_FROM_ABOVE,C02_ACTIVITY_MATCHED,0,0,3,15,POC,2,66.67,RTH_MORNING,5atr,true
R03,APPROACH_FROM_ABOVE,C02_ACTIVITY_MATCHED,9,40.91,22,15,POC,20,90.91,RTH_OPEN,5atr,true
R04,APPROACH_FROM_ABOVE,C02_ACTIVITY_MATCHED,20,47.62,42,15,POC,36,85.71,ALL_SESSIONS,5atr,false
R04,APPROACH_FROM_ABOVE,C02_ACTIVITY_MATCHED,1,50,2,15,POC,2,100,RTH_MIDDAY,5atr,true
R04,APPROACH_FROM_ABOVE,C02_ACTIVITY_MATCHED,3,100,3,15,POC,2,66.67,RTH_MORNING,5atr,true
R04,APPROACH_FROM_ABOVE,C02_ACTIVITY_MATCHED,16,43.24,37,15,POC,32,86.49,RTH_OPEN,5atr,false
R05,APPROACH_FROM_ABOVE,C02_ACTIVITY_MATCHED,21,50,42,15,POC,34,80.95,ALL_SESSIONS,5atr,false
R05,APPROACH_FROM_ABOVE,C02_ACTIVITY_MATCHED,1,100,1,15,POC,1,100,RTH_AFTERNOON,5atr,true
R05,APPROACH_FROM_ABOVE,C02_ACTIVITY_MATCHED,3,50,6,15,POC,5,83.33,RTH_MIDDAY,5atr,true
R05,APPROACH_FROM_ABOVE,C02_ACTIVITY_MATCHED,17,48.57,35,15,POC,28,80,RTH_MORNING,5atr,false
ALL_ANCHORS,APPROACH_FROM_BELOW,C02_ACTIVITY_MATCHED,71,48.63,146,15,POC,100,68.49,ALL_SESSIONS,5atr,false
ALL_ANCHORS,APPROACH_FROM_BELOW,C02_ACTIVITY_MATCHED,10,47.62,21,15,POC,16,76.19,ETH_EVENING,5atr,true
ALL_ANCHORS,APPROACH_FROM_BELOW,C02_ACTIVITY_MATCHED,6,37.5,16,15,POC,11,68.75,ETH_OVERNIGHT,5atr,true
ALL_ANCHORS,APPROACH_FROM_BELOW,C02_ACTIVITY_MATCHED,3,100,3,15,POC,0,0,RTH_AFTERNOON,5atr,true
ALL_ANCHORS,APPROACH_FROM_BELOW,C02_ACTIVITY_MATCHED,3,33.33,9,15,POC,7,77.78,RTH_MIDDAY,5atr,true
ALL_ANCHORS,APPROACH_FROM_BELOW,C02_ACTIVITY_MATCHED,9,28.12,32,15,POC,22,68.75,RTH_MORNING,5atr,false
ALL_ANCHORS,APPROACH_FROM_BELOW,C02_ACTIVITY_MATCHED,40,61.54,65,15,POC,44,67.69,RTH_OPEN,5atr,false
R01,APPROACH_FROM_BELOW,C02_ACTIVITY_MATCHED,16,43.24,37,15,POC,27,72.97,ALL_SESSIONS,5atr,false
R01,APPROACH_FROM_BELOW,C02_ACTIVITY_MATCHED,10,47.62,21,15,POC,16,76.19,ETH_EVENING,5atr,true
R01,APPROACH_FROM_BELOW,C02_ACTIVITY_MATCHED,6,37.5,16,15,POC,11,68.75,ETH_OVERNIGHT,5atr,true
R02,APPROACH_FROM_BELOW,C02_ACTIVITY_MATCHED,20,71.43,28,15,POC,14,50,ALL_SESSIONS,5atr,true
R02,APPROACH_FROM_BELOW,C02_ACTIVITY_MATCHED,3,100,3,15,POC,0,0,RTH_AFTERNOON,5atr,true
R02,APPROACH_FROM_BELOW,C02_ACTIVITY_MATCHED,2,100,2,15,POC,0,0,RTH_MIDDAY,5atr,true
R02,APPROACH_FROM_BELOW,C02_ACTIVITY_MATCHED,3,50,6,15,POC,4,66.67,RTH_MORNING,5atr,true
R02,APPROACH_FROM_BELOW,C02_ACTIVITY_MATCHED,12,70.59,17,15,POC,10,58.82,RTH_OPEN,5atr,true
R03,APPROACH_FROM_BELOW,C02_ACTIVITY_MATCHED,11,50,22,15,POC,14,63.64,ALL_SESSIONS,5atr,true
R03,APPROACH_FROM_BELOW,C02_ACTIVITY_MATCHED,0,0,2,15,POC,2,100,RTH_MIDDAY,5atr,true
R03,APPROACH_FROM_BELOW,C02_ACTIVITY_MATCHED,0,0,2,15,POC,2,100,RTH_MORNING,5atr,true
R03,APPROACH_FROM_BELOW,C02_ACTIVITY_MATCHED,11,61.11,18,15,POC,10,55.56,RTH_OPEN,5atr,true
R04,APPROACH_FROM_BELOW,C02_ACTIVITY_MATCHED,18,51.43,35,15,POC,29,82.86,ALL_SESSIONS,5atr,false
R04,APPROACH_FROM_BELOW,C02_ACTIVITY_MATCHED,1,33.33,3,15,POC,3,100,RTH_MIDDAY,5atr,true
R04,APPROACH_FROM_BELOW,C02_ACTIVITY_MATCHED,0,0,2,15,POC,2,100,RTH_MORNING,5atr,true
R04,APPROACH_FROM_BELOW,C02_ACTIVITY_MATCHED,17,56.67,30,15,POC,24,80,RTH_OPEN,5atr,false
R05,APPROACH_FROM_BELOW,C02_ACTIVITY_MATCHED,6,25,24,15,POC,16,66.67,ALL_SESSIONS,5atr,true
R05,APPROACH_FROM_BELOW,C02_ACTIVITY_MATCHED,0,0,2,15,POC,2,100,RTH_MIDDAY,5atr,true
R05,APPROACH_FROM_BELOW,C02_ACTIVITY_MATCHED,6,27.27,22,15,POC,14,63.64,RTH_MORNING,5atr,true
ALL_ANCHORS,APPROACH_FROM_ABOVE,TREATED,137,52.09,263,15,POC,193,73.38,ALL_SESSIONS,5atr,false
ALL_ANCHORS,APPROACH_FROM_ABOVE,TREATED,14,43.75,32,15,POC,19,59.38,ETH_EVENING,5atr,false
ALL_ANCHORS,APPROACH_FROM_ABOVE,TREATED,7,46.67,15,15,POC,7,46.67,ETH_OVERNIGHT,5atr,true
ALL_ANCHORS,APPROACH_FROM_ABOVE,TREATED,3,42.86,7,15,POC,6,85.71,RTH_AFTERNOON,5atr,true
ALL_ANCHORS,APPROACH_FROM_ABOVE,TREATED,12,57.14,21,15,POC,12,57.14,RTH_MIDDAY,5atr,true
ALL_ANCHORS,APPROACH_FROM_ABOVE,TREATED,46,63.89,72,15,POC,50,69.44,RTH_MORNING,5atr,false
ALL_ANCHORS,APPROACH_FROM_ABOVE,TREATED,55,47.41,116,15,POC,99,85.34,RTH_OPEN,5atr,false
R01,APPROACH_FROM_ABOVE,TREATED,21,44.68,47,15,POC,26,55.32,ALL_SESSIONS,5atr,false
R01,APPROACH_FROM_ABOVE,TREATED,14,43.75,32,15,POC,19,59.38,ETH_EVENING,5atr,false
R01,APPROACH_FROM_ABOVE,TREATED,7,46.67,15,15,POC,7,46.67,ETH_OVERNIGHT,5atr,true
R02,APPROACH_FROM_ABOVE,TREATED,26,54.17,48,15,POC,37,77.08,ALL_SESSIONS,5atr,false
R02,APPROACH_FROM_ABOVE,TREATED,0,0,2,15,POC,2,100,RTH_AFTERNOON,5atr,true
R02,APPROACH_FROM_ABOVE,TREATED,1,16.67,6,15,POC,4,66.67,RTH_MIDDAY,5atr,true
R02,APPROACH_FROM_ABOVE,TREATED,7,77.78,9,15,POC,6,66.67,RTH_MORNING,5atr,true
R02,APPROACH_FROM_ABOVE,TREATED,18,58.06,31,15,POC,25,80.65,RTH_OPEN,5atr,false
R03,APPROACH_FROM_ABOVE,TREATED,19,39.58,48,15,POC,38,79.17,ALL_SESSIONS,5atr,false
R03,APPROACH_FROM_ABOVE,TREATED,0,0,1,15,POC,1,100,RTH_AFTERNOON,5atr,true
R03,APPROACH_FROM_ABOVE,TREATED,3,100,3,15,POC,2,66.67,RTH_MIDDAY,5atr,true
R03,APPROACH_FROM_ABOVE,TREATED,0,0,3,15,POC,2,66.67,RTH_MORNING,5atr,true
R03,APPROACH_FROM_ABOVE,TREATED,16,39.02,41,15,POC,33,80.49,RTH_OPEN,5atr,false
R04,APPROACH_FROM_ABOVE,TREATED,27,50.94,53,15,POC,49,92.45,ALL_SESSIONS,5atr,false
R04,APPROACH_FROM_ABOVE,TREATED,4,80,5,15,POC,4,80,RTH_MIDDAY,5atr,true
R04,APPROACH_FROM_ABOVE,TREATED,2,50,4,15,POC,4,100,RTH_MORNING,5atr,true
R04,APPROACH_FROM_ABOVE,TREATED,21,47.73,44,15,POC,41,93.18,RTH_OPEN,5atr,false
R05,APPROACH_FROM_ABOVE,TREATED,44,65.67,67,15,POC,43,64.18,ALL_SESSIONS,5atr,false
R05,APPROACH_FROM_ABOVE,TREATED,3,75,4,15,POC,3,75,RTH_AFTERNOON,5atr,true
R05,APPROACH_FROM_ABOVE,TREATED,4,57.14,7,15,POC,2,28.57,RTH_MIDDAY,5atr,true
R05,APPROACH_FROM_ABOVE,TREATED,37,66.07,56,15,POC,38,67.86,RTH_MORNING,5atr,false
ALL_ANCHORS,APPROACH_FROM_BELOW,TREATED,107,48.2,222,15,POC,161,72.52,ALL_SESSIONS,5atr,false
ALL_ANCHORS,APPROACH_FROM_BELOW,TREATED,26,54.17,48,15,POC,31,64.58,ETH_EVENING,5atr,false
ALL_ANCHORS,APPROACH_FROM_BELOW,TREATED,4,40,10,15,POC,6,60,ETH_OVERNIGHT,5atr,true
ALL_ANCHORS,APPROACH_FROM_BELOW,TREATED,2,40,5,15,POC,4,80,RTH_AFTERNOON,5atr,true
ALL_ANCHORS,APPROACH_FROM_BELOW,TREATED,3,23.08,13,15,POC,11,84.62,RTH_MIDDAY,5atr,true
ALL_ANCHORS,APPROACH_FROM_BELOW,TREATED,32,48.48,66,15,POC,47,71.21,RTH_MORNING,5atr,false
ALL_ANCHORS,APPROACH_FROM_BELOW,TREATED,40,50,80,15,POC,62,77.5,RTH_OPEN,5atr,false
R01,APPROACH_FROM_BELOW,TREATED,30,51.72,58,15,POC,37,63.79,ALL_SESSIONS,5atr,false
R01,APPROACH_FROM_BELOW,TREATED,26,54.17,48,15,POC,31,64.58,ETH_EVENING,5atr,false
R01,APPROACH_FROM_BELOW,TREATED,4,40,10,15,POC,6,60,ETH_OVERNIGHT,5atr,true
R02,APPROACH_FROM_BELOW,TREATED,25,62.5,40,15,POC,29,72.5,ALL_SESSIONS,5atr,false
R02,APPROACH_FROM_BELOW,TREATED,2,66.67,3,15,POC,2,66.67,RTH_AFTERNOON,5atr,true
R02,APPROACH_FROM_BELOW,TREATED,1,50,2,15,POC,1,50,RTH_MIDDAY,5atr,true
R02,APPROACH_FROM_BELOW,TREATED,7,53.85,13,15,POC,11,84.62,RTH_MORNING,5atr,true
R02,APPROACH_FROM_BELOW,TREATED,15,68.18,22,15,POC,15,68.18,RTH_OPEN,5atr,true
R03,APPROACH_FROM_BELOW,TREATED,15,44.12,34,15,POC,25,73.53,ALL_SESSIONS,5atr,false
R03,APPROACH_FROM_BELOW,TREATED,1,25,4,15,POC,4,100,RTH_MIDDAY,5atr,true
R03,APPROACH_FROM_BELOW,TREATED,2,40,5,15,POC,4,80,RTH_MORNING,5atr,true
R03,APPROACH_FROM_BELOW,TREATED,12,48,25,15,POC,17,68,RTH_OPEN,5atr,true
R04,APPROACH_FROM_BELOW,TREATED,16,39.02,41,15,POC,36,87.8,ALL_SESSIONS,5atr,false
R04,APPROACH_FROM_BELOW,TREATED,1,25,4,15,POC,3,75,RTH_MIDDAY,5atr,true
R04,APPROACH_FROM_BELOW,TREATED,2,50,4,15,POC,3,75,RTH_MORNING,5atr,true
R04,APPROACH_FROM_BELOW,TREATED,13,39.39,33,15,POC,30,90.91,RTH_OPEN,5atr,false
R05,APPROACH_FROM_BELOW,TREATED,21,42.86,49,15,POC,34,69.39,ALL_SESSIONS,5atr,false
R05,APPROACH_FROM_BELOW,TREATED,0,0,2,15,POC,2,100,RTH_AFTERNOON,5atr,true
R05,APPROACH_FROM_BELOW,TREATED,0,0,3,15,POC,3,100,RTH_MIDDAY,5atr,true
R05,APPROACH_FROM_BELOW,TREATED,21,47.73,44,15,POC,29,65.91,RTH_MORNING,5atr,false
ALL_ANCHORS,APPROACH_FROM_ABOVE,C01_NEUTRAL,32,46.38,69,30,NONPOC,50,72.46,ALL_SESSIONS,5atr,false
ALL_ANCHORS,APPROACH_FROM_ABOVE,C01_NEUTRAL,8,66.67,12,30,NONPOC,8,66.67,ETH_EVENING,5atr,true
ALL_ANCHORS,APPROACH_FROM_ABOVE,C01_NEUTRAL,4,66.67,6,30,NONPOC,4,66.67,ETH_OVERNIGHT,5atr,true
ALL_ANCHORS,APPROACH_FROM_ABOVE,C01_NEUTRAL,1,100,1,30,NONPOC,1,100,RTH_AFTERNOON,5atr,true
ALL_ANCHORS,APPROACH_FROM_ABOVE,C01_NEUTRAL,3,37.5,8,30,NONPOC,6,75,RTH_MIDDAY,5atr,true
ALL_ANCHORS,APPROACH_FROM_ABOVE,C01_NEUTRAL,6,46.15,13,30,NONPOC,9,69.23,RTH_MORNING,5atr,true
ALL_ANCHORS,APPROACH_FROM_ABOVE,C01_NEUTRAL,10,34.48,29,30,NONPOC,22,75.86,RTH_OPEN,5atr,true
R01,APPROACH_FROM_ABOVE,C01_NEUTRAL,12,66.67,18,30,NONPOC,12,66.67,ALL_SESSIONS,5atr,true
R01,APPROACH_FROM_ABOVE,C01_NEUTRAL,8,66.67,12,30,NONPOC,8,66.67,ETH_EVENING,5atr,true
R01,APPROACH_FROM_ABOVE,C01_NEUTRAL,4,66.67,6,30,NONPOC,4,66.67,ETH_OVERNIGHT,5atr,true
R02,APPROACH_FROM_ABOVE,C01_NEUTRAL,8,57.14,14,30,NONPOC,7,50,ALL_SESSIONS,5atr,true
R02,APPROACH_FROM_ABOVE,C01_NEUTRAL,2,66.67,3,30,NONPOC,1,33.33,RTH_MIDDAY,5atr,true
R02,APPROACH_FROM_ABOVE,C01_NEUTRAL,1,25,4,30,NONPOC,3,75,RTH_MORNING,5atr,true
R02,APPROACH_FROM_ABOVE,C01_NEUTRAL,5,71.43,7,30,NONPOC,3,42.86,RTH_OPEN,5atr,true
R03,APPROACH_FROM_ABOVE,C01_NEUTRAL,8,28.57,28,30,NONPOC,23,82.14,ALL_SESSIONS,5atr,true
R03,APPROACH_FROM_ABOVE,C01_NEUTRAL,1,100,1,30,NONPOC,1,100,RTH_AFTERNOON,5atr,true
R03,APPROACH_FROM_ABOVE,C01_NEUTRAL,0,0,1,30,NONPOC,1,100,RTH_MIDDAY,5atr,true
R03,APPROACH_FROM_ABOVE,C01_NEUTRAL,2,33.33,6,30,NONPOC,4,66.67,RTH_MORNING,5atr,true
R03,APPROACH_FROM_ABOVE,C01_NEUTRAL,5,25,20,30,NONPOC,17,85,RTH_OPEN,5atr,true
R04,APPROACH_FROM_ABOVE,C01_NEUTRAL,0,0,2,30,NONPOC,2,100,ALL_SESSIONS,5atr,true
R04,APPROACH_FROM_ABOVE,C01_NEUTRAL,0,0,2,30,NONPOC,2,100,RTH_OPEN,5atr,true
R05,APPROACH_FROM_ABOVE,C01_NEUTRAL,4,57.14,7,30,NONPOC,6,85.71,ALL_SESSIONS,5atr,true
R05,APPROACH_FROM_ABOVE,C01_NEUTRAL,1,25,4,30,NONPOC,4,100,RTH_MIDDAY,5atr,true
R05,APPROACH_FROM_ABOVE,C01_NEUTRAL,3,100,3,30,NONPOC,2,66.67,RTH_MORNING,5atr,true
ALL_ANCHORS,APPROACH_FROM_BELOW,C01_NEUTRAL,30,48.39,62,30,NONPOC,44,70.97,ALL_SESSIONS,5atr,false
ALL_ANCHORS,APPROACH_FROM_BELOW,C01_NEUTRAL,3,37.5,8,30,NONPOC,6,75,ETH_EVENING,5atr,true
ALL_ANCHORS,APPROACH_FROM_BELOW,C01_NEUTRAL,3,60,5,30,NONPOC,3,60,ETH_OVERNIGHT,5atr,true
ALL_ANCHORS,APPROACH_FROM_BELOW,C01_NEUTRAL,0,0,2,30,NONPOC,2,100,RTH_AFTERNOON,5atr,true
ALL_ANCHORS,APPROACH_FROM_BELOW,C01_NEUTRAL,0,0,2,30,NONPOC,2,100,RTH_MIDDAY,5atr,true
ALL_ANCHORS,APPROACH_FROM_BELOW,C01_NEUTRAL,11,55,20,30,NONPOC,11,55,RTH_MORNING,5atr,true
ALL_ANCHORS,APPROACH_FROM_BELOW,C01_NEUTRAL,13,52,25,30,NONPOC,20,80,RTH_OPEN,5atr,true
R01,APPROACH_FROM_BELOW,C01_NEUTRAL,6,46.15,13,30,NONPOC,9,69.23,ALL_SESSIONS,5atr,true
R01,APPROACH_FROM_BELOW,C01_NEUTRAL,3,37.5,8,30,NONPOC,6,75,ETH_EVENING,5atr,true
R01,APPROACH_FROM_BELOW,C01_NEUTRAL,3,60,5,30,NONPOC,3,60,ETH_OVERNIGHT,5atr,true
R02,APPROACH_FROM_BELOW,C01_NEUTRAL,9,60,15,30,NONPOC,10,66.67,ALL_SESSIONS,5atr,true
R02,APPROACH_FROM_BELOW,C01_NEUTRAL,0,0,1,30,NONPOC,1,100,RTH_MIDDAY,5atr,true
R02,APPROACH_FROM_BELOW,C01_NEUTRAL,3,75,4,30,NONPOC,2,50,RTH_MORNING,5atr,true
R02,APPROACH_FROM_BELOW,C01_NEUTRAL,6,60,10,30,NONPOC,7,70,RTH_OPEN,5atr,true
R03,APPROACH_FROM_BELOW,C01_NEUTRAL,7,50,14,30,NONPOC,11,78.57,ALL_SESSIONS,5atr,true
R03,APPROACH_FROM_BELOW,C01_NEUTRAL,1,33.33,3,30,NONPOC,2,66.67,RTH_MORNING,5atr,true
R03,APPROACH_FROM_BELOW,C01_NEUTRAL,6,54.55,11,30,NONPOC,9,81.82,RTH_OPEN,5atr,true
R04,APPROACH_FROM_BELOW,C01_NEUTRAL,1,14.29,7,30,NONPOC,7,100,ALL_SESSIONS,5atr,true
R04,APPROACH_FROM_BELOW,C01_NEUTRAL,0,0,1,30,NONPOC,1,100,RTH_AFTERNOON,5atr,true
R04,APPROACH_FROM_BELOW,C01_NEUTRAL,0,0,2,30,NONPOC,2,100,RTH_MORNING,5atr,true
R04,APPROACH_FROM_BELOW,C01_NEUTRAL,1,25,4,30,NONPOC,4,100,RTH_OPEN,5atr,true
R05,APPROACH_FROM_BELOW,C01_NEUTRAL,7,53.85,13,30,NONPOC,7,53.85,ALL_SESSIONS,5atr,true
R05,APPROACH_FROM_BELOW,C01_NEUTRAL,0,0,1,30,NONPOC,1,100,RTH_AFTERNOON,5atr,true
R05,APPROACH_FROM_BELOW,C01_NEUTRAL,0,0,1,30,NONPOC,1,100,RTH_MIDDAY,5atr,true
R05,APPROACH_FROM_BELOW,C01_NEUTRAL,7,63.64,11,30,NONPOC,5,45.45,RTH_MORNING,5atr,true
ALL_ANCHORS,APPROACH_FROM_ABOVE,C02_ACTIVITY_MATCHED,34,55.74,61,30,NONPOC,41,67.21,ALL_SESSIONS,5atr,false
ALL_ANCHORS,APPROACH_FROM_ABOVE,C02_ACTIVITY_MATCHED,6,50,12,30,NONPOC,10,83.33,ETH_EVENING,5atr,true
ALL_ANCHORS,APPROACH_FROM_ABOVE,C02_ACTIVITY_MATCHED,5,62.5,8,30,NONPOC,3,37.5,ETH_OVERNIGHT,5atr,true
ALL_ANCHORS,APPROACH_FROM_ABOVE,C02_ACTIVITY_MATCHED,3,75,4,30,NONPOC,3,75,RTH_AFTERNOON,5atr,true
ALL_ANCHORS,APPROACH_FROM_ABOVE,C02_ACTIVITY_MATCHED,3,100,3,30,NONPOC,2,66.67,RTH_MIDDAY,5atr,true
ALL_ANCHORS,APPROACH_FROM_ABOVE,C02_ACTIVITY_MATCHED,6,50,12,30,NONPOC,7,58.33,RTH_MORNING,5atr,true
ALL_ANCHORS,APPROACH_FROM_ABOVE,C02_ACTIVITY_MATCHED,11,50,22,30,NONPOC,16,72.73,RTH_OPEN,5atr,true
R01,APPROACH_FROM_ABOVE,C02_ACTIVITY_MATCHED,11,55,20,30,NONPOC,13,65,ALL_SESSIONS,5atr,true
R01,APPROACH_FROM_ABOVE,C02_ACTIVITY_MATCHED,6,50,12,30,NONPOC,10,83.33,ETH_EVENING,5atr,true
R01,APPROACH_FROM_ABOVE,C02_ACTIVITY_MATCHED,5,62.5,8,30,NONPOC,3,37.5,ETH_OVERNIGHT,5atr,true
R02,APPROACH_FROM_ABOVE,C02_ACTIVITY_MATCHED,12,75,16,30,NONPOC,8,50,ALL_SESSIONS,5atr,true
R02,APPROACH_FROM_ABOVE,C02_ACTIVITY_MATCHED,1,100,1,30,NONPOC,1,100,RTH_AFTERNOON,5atr,true
R02,APPROACH_FROM_ABOVE,C02_ACTIVITY_MATCHED,1,100,1,30,NONPOC,1,100,RTH_MIDDAY,5atr,true
R02,APPROACH_FROM_ABOVE,C02_ACTIVITY_MATCHED,3,60,5,30,NONPOC,1,20,RTH_MORNING,5atr,true
R02,APPROACH_FROM_ABOVE,C02_ACTIVITY_MATCHED,7,77.78,9,30,NONPOC,5,55.56,RTH_OPEN,5atr,true
R03,APPROACH_FROM_ABOVE,C02_ACTIVITY_MATCHED,5,33.33,15,30,NONPOC,12,80,ALL_SESSIONS,5atr,true
R03,APPROACH_FROM_ABOVE,C02_ACTIVITY_MATCHED,0,0,1,30,NONPOC,1,100,RTH_AFTERNOON,5atr,true
R03,APPROACH_FROM_ABOVE,C02_ACTIVITY_MATCHED,1,100,1,30,NONPOC,0,0,RTH_MIDDAY,5atr,true
R03,APPROACH_FROM_ABOVE,C02_ACTIVITY_MATCHED,0,0,2,30,NONPOC,2,100,RTH_MORNING,5atr,true
R03,APPROACH_FROM_ABOVE,C02_ACTIVITY_MATCHED,4,36.36,11,30,NONPOC,9,81.82,RTH_OPEN,5atr,true
R04,APPROACH_FROM_ABOVE,C02_ACTIVITY_MATCHED,0,0,2,30,NONPOC,2,100,ALL_SESSIONS,5atr,true
R04,APPROACH_FROM_ABOVE,C02_ACTIVITY_MATCHED,0,0,2,30,NONPOC,2,100,RTH_OPEN,5atr,true
R05,APPROACH_FROM_ABOVE,C02_ACTIVITY_MATCHED,6,75,8,30,NONPOC,6,75,ALL_SESSIONS,5atr,true
R05,APPROACH_FROM_ABOVE,C02_ACTIVITY_MATCHED,2,100,2,30,NONPOC,1,50,RTH_AFTERNOON,5atr,true
R05,APPROACH_FROM_ABOVE,C02_ACTIVITY_MATCHED,1,100,1,30,NONPOC,1,100,RTH_MIDDAY,5atr,true
R05,APPROACH_FROM_ABOVE,C02_ACTIVITY_MATCHED,3,60,5,30,NONPOC,4,80,RTH_MORNING,5atr,true
ALL_ANCHORS,APPROACH_FROM_BELOW,C02_ACTIVITY_MATCHED,27,52.94,51,30,NONPOC,34,66.67,ALL_SESSIONS,5atr,false
ALL_ANCHORS,APPROACH_FROM_BELOW,C02_ACTIVITY_MATCHED,1,20,5,30,NONPOC,3,60,ETH_EVENING,5atr,true
ALL_ANCHORS,APPROACH_FROM_BELOW,C02_ACTIVITY_MATCHED,3,50,6,30,NONPOC,4,66.67,ETH_OVERNIGHT,5atr,true
ALL_ANCHORS,APPROACH_FROM_BELOW,C02_ACTIVITY_MATCHED,3,75,4,30,NONPOC,4,100,RTH_MIDDAY,5atr,true
ALL_ANCHORS,APPROACH_FROM_BELOW,C02_ACTIVITY_MATCHED,8,61.54,13,30,NONPOC,6,46.15,RTH_MORNING,5atr,true
ALL_ANCHORS,APPROACH_FROM_BELOW,C02_ACTIVITY_MATCHED,12,52.17,23,30,NONPOC,17,73.91,RTH_OPEN,5atr,true
R01,APPROACH_FROM_BELOW,C02_ACTIVITY_MATCHED,4,36.36,11,30,NONPOC,7,63.64,ALL_SESSIONS,5atr,true
R01,APPROACH_FROM_BELOW,C02_ACTIVITY_MATCHED,1,20,5,30,NONPOC,3,60,ETH_EVENING,5atr,true
R01,APPROACH_FROM_BELOW,C02_ACTIVITY_MATCHED,3,50,6,30,NONPOC,4,66.67,ETH_OVERNIGHT,5atr,true
R02,APPROACH_FROM_BELOW,C02_ACTIVITY_MATCHED,6,66.67,9,30,NONPOC,7,77.78,ALL_SESSIONS,5atr,true
R02,APPROACH_FROM_BELOW,C02_ACTIVITY_MATCHED,1,100,1,30,NONPOC,1,100,RTH_MORNING,5atr,true
R02,APPROACH_FROM_BELOW,C02_ACTIVITY_MATCHED,5,62.5,8,30,NONPOC,6,75,RTH_OPEN,5atr,true
R03,APPROACH_FROM_BELOW,C02_ACTIVITY_MATCHED,7,53.85,13,30,NONPOC,10,76.92,ALL_SESSIONS,5atr,true
R03,APPROACH_FROM_BELOW,C02_ACTIVITY_MATCHED,1,100,1,30,NONPOC,1,100,RTH_MIDDAY,5atr,true
R03,APPROACH_FROM_BELOW,C02_ACTIVITY_MATCHED,0,0,1,30,NONPOC,1,100,RTH_MORNING,5atr,true
R03,APPROACH_FROM_BELOW,C02_ACTIVITY_MATCHED,6,54.55,11,30,NONPOC,8,72.73,RTH_OPEN,5atr,true
R04,APPROACH_FROM_BELOW,C02_ACTIVITY_MATCHED,2,33.33,6,30,NONPOC,5,83.33,ALL_SESSIONS,5atr,true
R04,APPROACH_FROM_BELOW,C02_ACTIVITY_MATCHED,1,50,2,30,NONPOC,2,100,RTH_MIDDAY,5atr,true
R04,APPROACH_FROM_BELOW,C02_ACTIVITY_MATCHED,1,25,4,30,NONPOC,3,75,RTH_OPEN,5atr,true
R05,APPROACH_FROM_BELOW,C02_ACTIVITY_MATCHED,8,66.67,12,30,NONPOC,5,41.67,ALL_SESSIONS,5atr,true
R05,APPROACH_FROM_BELOW,C02_ACTIVITY_MATCHED,1,100,1,30,NONPOC,1,100,RTH_MIDDAY,5atr,true
R05,APPROACH_FROM_BELOW,C02_ACTIVITY_MATCHED,7,63.64,11,30,NONPOC,4,36.36,RTH_MORNING,5atr,true
ALL_ANCHORS,APPROACH_FROM_ABOVE,TREATED,29,42.65,68,30,NONPOC,52,76.47,ALL_SESSIONS,5atr,false
ALL_ANCHORS,APPROACH_FROM_ABOVE,TREATED,4,57.14,7,30,NONPOC,5,71.43,ETH_EVENING,5atr,true
ALL_ANCHORS,APPROACH_FROM_ABOVE,TREATED,4,66.67,6,30,NONPOC,4,66.67,ETH_OVERNIGHT,5atr,true
ALL_ANCHORS,APPROACH_FROM_ABOVE,TREATED,1,100,1,30,NONPOC,1,100,RTH_AFTERNOON,5atr,true
ALL_ANCHORS,APPROACH_FROM_ABOVE,TREATED,2,25,8,30,NONPOC,6,75,RTH_MIDDAY,5atr,true
ALL_ANCHORS,APPROACH_FROM_ABOVE,TREATED,8,47.06,17,30,NONPOC,12,70.59,RTH_MORNING,5atr,true
ALL_ANCHORS,APPROACH_FROM_ABOVE,TREATED,10,34.48,29,30,NONPOC,24,82.76,RTH_OPEN,5atr,true
R01,APPROACH_FROM_ABOVE,TREATED,8,61.54,13,30,NONPOC,9,69.23,ALL_SESSIONS,5atr,true
R01,APPROACH_FROM_ABOVE,TREATED,4,57.14,7,30,NONPOC,5,71.43,ETH_EVENING,5atr,true
R01,APPROACH_FROM_ABOVE,TREATED,4,66.67,6,30,NONPOC,4,66.67,ETH_OVERNIGHT,5atr,true
R02,APPROACH_FROM_ABOVE,TREATED,9,56.25,16,30,NONPOC,10,62.5,ALL_SESSIONS,5atr,true
R02,APPROACH_FROM_ABOVE,TREATED,2,66.67,3,30,NONPOC,1,33.33,RTH_MIDDAY,5atr,true
R02,APPROACH_FROM_ABOVE,TREATED,3,50,6,30,NONPOC,5,83.33,RTH_MORNING,5atr,true
R02,APPROACH_FROM_ABOVE,TREATED,4,57.14,7,30,NONPOC,4,57.14,RTH_OPEN,5atr,true
R03,APPROACH_FROM_ABOVE,TREATED,9,31.03,29,30,NONPOC,24,82.76,ALL_SESSIONS,5atr,true
R03,APPROACH_FROM_ABOVE,TREATED,1,100,1,30,NONPOC,1,100,RTH_AFTERNOON,5atr,true
R03,APPROACH_FROM_ABOVE,TREATED,0,0,1,30,NONPOC,1,100,RTH_MIDDAY,5atr,true
R03,APPROACH_FROM_ABOVE,TREATED,2,33.33,6,30,NONPOC,3,50,RTH_MORNING,5atr,true
R03,APPROACH_FROM_ABOVE,TREATED,6,28.57,21,30,NONPOC,19,90.48,RTH_OPEN,5atr,true
R04,APPROACH_FROM_ABOVE,TREATED,0,0,1,30,NONPOC,1,100,ALL_SESSIONS,5atr,true
R04,APPROACH_FROM_ABOVE,TREATED,0,0,1,30,NONPOC,1,100,RTH_OPEN,5atr,true
R05,APPROACH_FROM_ABOVE,TREATED,3,33.33,9,30,NONPOC,8,88.89,ALL_SESSIONS,5atr,true
R05,APPROACH_FROM_ABOVE,TREATED,0,0,4,30,NONPOC,4,100,RTH_MIDDAY,5atr,true
R05,APPROACH_FROM_ABOVE,TREATED,3,60,5,30,NONPOC,4,80,RTH_MORNING,5atr,true
ALL_ANCHORS,APPROACH_FROM_BELOW,TREATED,37,51.39,72,30,NONPOC,47,65.28,ALL_SESSIONS,5atr,false
ALL_ANCHORS,APPROACH_FROM_BELOW,TREATED,4,36.36,11,30,NONPOC,8,72.73,ETH_EVENING,5atr,true
ALL_ANCHORS,APPROACH_FROM_BELOW,TREATED,3,50,6,30,NONPOC,4,66.67,ETH_OVERNIGHT,5atr,true
ALL_ANCHORS,APPROACH_FROM_BELOW,TREATED,3,75,4,30,NONPOC,2,50,RTH_MIDDAY,5atr,true
ALL_ANCHORS,APPROACH_FROM_BELOW,TREATED,13,61.9,21,30,NONPOC,12,57.14,RTH_MORNING,5atr,true
ALL_ANCHORS,APPROACH_FROM_BELOW,TREATED,14,46.67,30,30,NONPOC,21,70,RTH_OPEN,5atr,false
R01,APPROACH_FROM_BELOW,TREATED,7,41.18,17,30,NONPOC,12,70.59,ALL_SESSIONS,5atr,true
R01,APPROACH_FROM_BELOW,TREATED,4,36.36,11,30,NONPOC,8,72.73,ETH_EVENING,5atr,true
R01,APPROACH_FROM_BELOW,TREATED,3,50,6,30,NONPOC,4,66.67,ETH_OVERNIGHT,5atr,true
R02,APPROACH_FROM_BELOW,TREATED,9,56.25,16,30,NONPOC,10,62.5,ALL_SESSIONS,5atr,true
R02,APPROACH_FROM_BELOW,TREATED,0,0,1,30,NONPOC,1,100,RTH_MIDDAY,5atr,true
R02,APPROACH_FROM_BELOW,TREATED,4,80,5,30,NONPOC,2,40,RTH_MORNING,5atr,true
R02,APPROACH_FROM_BELOW,TREATED,5,50,10,30,NONPOC,7,70,RTH_OPEN,5atr,true
R03,APPROACH_FROM_BELOW,TREATED,9,52.94,17,30,NONPOC,12,70.59,ALL_SESSIONS,5atr,true
R03,APPROACH_FROM_BELOW,TREATED,2,66.67,3,30,NONPOC,2,66.67,RTH_MORNING,5atr,true
R03,APPROACH_FROM_BELOW,TREATED,7,50,14,30,NONPOC,10,71.43,RTH_OPEN,5atr,true
R04,APPROACH_FROM_BELOW,TREATED,3,37.5,8,30,NONPOC,6,75,ALL_SESSIONS,5atr,true
R04,APPROACH_FROM_BELOW,TREATED,1,100,1,30,NONPOC,1,100,RTH_MIDDAY,5atr,true
R04,APPROACH_FROM_BELOW,TREATED,0,0,1,30,NONPOC,1,100,RTH_MORNING,5atr,true
R04,APPROACH_FROM_BELOW,TREATED,2,33.33,6,30,NONPOC,4,66.67,RTH_OPEN,5atr,true
R05,APPROACH_FROM_BELOW,TREATED,9,64.29,14,30,NONPOC,7,50,ALL_SESSIONS,5atr,true
R05,APPROACH_FROM_BELOW,TREATED,2,100,2,30,NONPOC,0,0,RTH_MIDDAY,5atr,true
R05,APPROACH_FROM_BELOW,TREATED,7,58.33,12,30,NONPOC,7,58.33,RTH_MORNING,5atr,true
ALL_ANCHORS,APPROACH_FROM_ABOVE,C01_NEUTRAL,157,53.04,296,30,POC,215,72.64,ALL_SESSIONS,5atr,false
ALL_ANCHORS,APPROACH_FROM_ABOVE,C01_NEUTRAL,20,60.61,33,30,POC,17,51.52,ETH_EVENING,5atr,false
ALL_ANCHORS,APPROACH_FROM_ABOVE,C01_NEUTRAL,8,57.14,14,30,POC,7,50,ETH_OVERNIGHT,5atr,true
ALL_ANCHORS,APPROACH_FROM_ABOVE,C01_NEUTRAL,4,50,8,30,POC,5,62.5,RTH_AFTERNOON,5atr,true
ALL_ANCHORS,APPROACH_FROM_ABOVE,C01_NEUTRAL,11,68.75,16,30,POC,10,62.5,RTH_MIDDAY,5atr,true
ALL_ANCHORS,APPROACH_FROM_ABOVE,C01_NEUTRAL,50,55.56,90,30,POC,61,67.78,RTH_MORNING,5atr,false
ALL_ANCHORS,APPROACH_FROM_ABOVE,C01_NEUTRAL,64,47.41,135,30,POC,115,85.19,RTH_OPEN,5atr,false
R01,APPROACH_FROM_ABOVE,C01_NEUTRAL,28,59.57,47,30,POC,24,51.06,ALL_SESSIONS,5atr,false
R01,APPROACH_FROM_ABOVE,C01_NEUTRAL,20,60.61,33,30,POC,17,51.52,ETH_EVENING,5atr,false
R01,APPROACH_FROM_ABOVE,C01_NEUTRAL,8,57.14,14,30,POC,7,50,ETH_OVERNIGHT,5atr,true
R02,APPROACH_FROM_ABOVE,C01_NEUTRAL,26,46.43,56,30,POC,42,75,ALL_SESSIONS,5atr,false
R02,APPROACH_FROM_ABOVE,C01_NEUTRAL,1,25,4,30,POC,2,50,RTH_AFTERNOON,5atr,true
R02,APPROACH_FROM_ABOVE,C01_NEUTRAL,1,50,2,30,POC,1,50,RTH_MIDDAY,5atr,true
R02,APPROACH_FROM_ABOVE,C01_NEUTRAL,7,70,10,30,POC,5,50,RTH_MORNING,5atr,true
R02,APPROACH_FROM_ABOVE,C01_NEUTRAL,17,42.5,40,30,POC,34,85,RTH_OPEN,5atr,false
R03,APPROACH_FROM_ABOVE,C01_NEUTRAL,25,49.02,51,30,POC,39,76.47,ALL_SESSIONS,5atr,false
R03,APPROACH_FROM_ABOVE,C01_NEUTRAL,2,66.67,3,30,POC,2,66.67,RTH_MIDDAY,5atr,true
R03,APPROACH_FROM_ABOVE,C01_NEUTRAL,3,60,5,30,POC,3,60,RTH_MORNING,5atr,true
R03,APPROACH_FROM_ABOVE,C01_NEUTRAL,20,46.51,43,30,POC,34,79.07,RTH_OPEN,5atr,false
R04,APPROACH_FROM_ABOVE,C01_NEUTRAL,33,54.1,61,30,POC,54,88.52,ALL_SESSIONS,5atr,false
R04,APPROACH_FROM_ABOVE,C01_NEUTRAL,3,75,4,30,POC,3,75,RTH_MIDDAY,5atr,true
R04,APPROACH_FROM_ABOVE,C01_NEUTRAL,3,60,5,30,POC,4,80,RTH_MORNING,5atr,true
R04,APPROACH_FROM_ABOVE,C01_NEUTRAL,27,51.92,52,30,POC,47,90.38,RTH_OPEN,5atr,false
R05,APPROACH_FROM_ABOVE,C01_NEUTRAL,45,55.56,81,30,POC,56,69.14,ALL_SESSIONS,5atr,false
R05,APPROACH_FROM_ABOVE,C01_NEUTRAL,3,75,4,30,POC,3,75,RTH_AFTERNOON,5atr,true
R05,APPROACH_FROM_ABOVE,C01_NEUTRAL,5,71.43,7,30,POC,4,57.14,RTH_MIDDAY,5atr,true
R05,APPROACH_FROM_ABOVE,C01_NEUTRAL,37,52.86,70,30,POC,49,70,RTH_MORNING,5atr,false
ALL_ANCHORS,APPROACH_FROM_BELOW,C01_NEUTRAL,102,51.52,198,30,POC,138,69.7,ALL_SESSIONS,5atr,false
ALL_ANCHORS,APPROACH_FROM_BELOW,C01_NEUTRAL,22,47.83,46,30,POC,30,65.22,ETH_EVENING,5atr,false
ALL_ANCHORS,APPROACH_FROM_BELOW,C01_NEUTRAL,5,38.46,13,30,POC,7,53.85,ETH_OVERNIGHT,5atr,true
ALL_ANCHORS,APPROACH_FROM_BELOW,C01_NEUTRAL,0,0,4,30,POC,4,100,RTH_AFTERNOON,5atr,true
ALL_ANCHORS,APPROACH_FROM_BELOW,C01_NEUTRAL,6,40,15,30,POC,13,86.67,RTH_MIDDAY,5atr,true
ALL_ANCHORS,APPROACH_FROM_BELOW,C01_NEUTRAL,29,52.73,55,30,POC,36,65.45,RTH_MORNING,5atr,false
ALL_ANCHORS,APPROACH_FROM_BELOW,C01_NEUTRAL,40,61.54,65,30,POC,48,73.85,RTH_OPEN,5atr,false
R01,APPROACH_FROM_BELOW,C01_NEUTRAL,27,45.76,59,30,POC,37,62.71,ALL_SESSIONS,5atr,false
R01,APPROACH_FROM_BELOW,C01_NEUTRAL,22,47.83,46,30,POC,30,65.22,ETH_EVENING,5atr,false
R01,APPROACH_FROM_BELOW,C01_NEUTRAL,5,38.46,13,30,POC,7,53.85,ETH_OVERNIGHT,5atr,true
R02,APPROACH_FROM_BELOW,C01_NEUTRAL,23,57.5,40,30,POC,27,67.5,ALL_SESSIONS,5atr,false
R02,APPROACH_FROM_BELOW,C01_NEUTRAL,0,0,1,30,POC,1,100,RTH_AFTERNOON,5atr,true
R02,APPROACH_FROM_BELOW,C01_NEUTRAL,1,33.33,3,30,POC,2,66.67,RTH_MIDDAY,5atr,true
R02,APPROACH_FROM_BELOW,C01_NEUTRAL,9,64.29,14,30,POC,8,57.14,RTH_MORNING,5atr,true
R02,APPROACH_FROM_BELOW,C01_NEUTRAL,13,59.09,22,30,POC,16,72.73,RTH_OPEN,5atr,true
R03,APPROACH_FROM_BELOW,C01_NEUTRAL,15,57.69,26,30,POC,21,80.77,ALL_SESSIONS,5atr,true
R03,APPROACH_FROM_BELOW,C01_NEUTRAL,2,40,5,30,POC,5,100,RTH_MIDDAY,5atr,true
R03,APPROACH_FROM_BELOW,C01_NEUTRAL,1,20,5,30,POC,5,100,RTH_MORNING,5atr,true
R03,APPROACH_FROM_BELOW,C01_NEUTRAL,12,75,16,30,POC,11,68.75,RTH_OPEN,5atr,true
R04,APPROACH_FROM_BELOW,C01_NEUTRAL,18,54.55,33,30,POC,27,81.82,ALL_SESSIONS,5atr,false
R04,APPROACH_FROM_BELOW,C01_NEUTRAL,0,0,3,30,POC,3,100,RTH_MIDDAY,5atr,true
R04,APPROACH_FROM_BELOW,C01_NEUTRAL,3,100,3,30,POC,3,100,RTH_MORNING,5atr,true
R04,APPROACH_FROM_BELOW,C01_NEUTRAL,15,55.56,27,30,POC,21,77.78,RTH_OPEN,5atr,true
R05,APPROACH_FROM_BELOW,C01_NEUTRAL,19,47.5,40,30,POC,26,65,ALL_SESSIONS,5atr,false
R05,APPROACH_FROM_BELOW,C01_NEUTRAL,0,0,3,30,POC,3,100,RTH_AFTERNOON,5atr,true
R05,APPROACH_FROM_BELOW,C01_NEUTRAL,3,75,4,30,POC,3,75,RTH_MIDDAY,5atr,true
R05,APPROACH_FROM_BELOW,C01_NEUTRAL,16,48.48,33,30,POC,20,60.61,RTH_MORNING,5atr,false
ALL_ANCHORS,APPROACH_FROM_ABOVE,C02_ACTIVITY_MATCHED,86,53.09,162,30,POC,128,79.01,ALL_SESSIONS,5atr,false
ALL_ANCHORS,APPROACH_FROM_ABOVE,C02_ACTIVITY_MATCHED,6,42.86,14,30,POC,9,64.29,ETH_EVENING,5atr,true
ALL_ANCHORS,APPROACH_FROM_ABOVE,C02_ACTIVITY_MATCHED,3,42.86,7,30,POC,4,57.14,ETH_OVERNIGHT,5atr,true
ALL_ANCHORS,APPROACH_FROM_ABOVE,C02_ACTIVITY_MATCHED,1,50,2,30,POC,1,50,RTH_AFTERNOON,5atr,true
ALL_ANCHORS,APPROACH_FROM_ABOVE,C02_ACTIVITY_MATCHED,7,63.64,11,30,POC,9,81.82,RTH_MIDDAY,5atr,true
ALL_ANCHORS,APPROACH_FROM_ABOVE,C02_ACTIVITY_MATCHED,28,54.9,51,30,POC,39,76.47,RTH_MORNING,5atr,false
ALL_ANCHORS,APPROACH_FROM_ABOVE,C02_ACTIVITY_MATCHED,41,53.25,77,30,POC,66,85.71,RTH_OPEN,5atr,false
R01,APPROACH_FROM_ABOVE,C02_ACTIVITY_MATCHED,9,42.86,21,30,POC,13,61.9,ALL_SESSIONS,5atr,true
R01,APPROACH_FROM_ABOVE,C02_ACTIVITY_MATCHED,6,42.86,14,30,POC,9,64.29,ETH_EVENING,5atr,true
R01,APPROACH_FROM_ABOVE,C02_ACTIVITY_MATCHED,3,42.86,7,30,POC,4,57.14,ETH_OVERNIGHT,5atr,true
R02,APPROACH_FROM_ABOVE,C02_ACTIVITY_MATCHED,18,58.06,31,30,POC,23,74.19,ALL_SESSIONS,5atr,false
R02,APPROACH_FROM_ABOVE,C02_ACTIVITY_MATCHED,1,100,1,30,POC,0,0,RTH_AFTERNOON,5atr,true
R02,APPROACH_FROM_ABOVE,C02_ACTIVITY_MATCHED,1,50,2,30,POC,2,100,RTH_MIDDAY,5atr,true
R02,APPROACH_FROM_ABOVE,C02_ACTIVITY_MATCHED,5,50,10,30,POC,7,70,RTH_MORNING,5atr,true
R02,APPROACH_FROM_ABOVE,C02_ACTIVITY_MATCHED,11,61.11,18,30,POC,14,77.78,RTH_OPEN,5atr,true
R03,APPROACH_FROM_ABOVE,C02_ACTIVITY_MATCHED,11,42.31,26,30,POC,22,84.62,ALL_SESSIONS,5atr,true
R03,APPROACH_FROM_ABOVE,C02_ACTIVITY_MATCHED,1,100,1,30,POC,0,0,RTH_MIDDAY,5atr,true
R03,APPROACH_FROM_ABOVE,C02_ACTIVITY_MATCHED,1,33.33,3,30,POC,2,66.67,RTH_MORNING,5atr,true
R03,APPROACH_FROM_ABOVE,C02_ACTIVITY_MATCHED,9,40.91,22,30,POC,20,90.91,RTH_OPEN,5atr,true
R04,APPROACH_FROM_ABOVE,C02_ACTIVITY_MATCHED,24,57.14,42,30,POC,36,85.71,ALL_SESSIONS,5atr,false
R04,APPROACH_FROM_ABOVE,C02_ACTIVITY_MATCHED,1,50,2,30,POC,2,100,RTH_MIDDAY,5atr,true
R04,APPROACH_FROM_ABOVE,C02_ACTIVITY_MATCHED,2,66.67,3,30,POC,2,66.67,RTH_MORNING,5atr,true
R04,APPROACH_FROM_ABOVE,C02_ACTIVITY_MATCHED,21,56.76,37,30,POC,32,86.49,RTH_OPEN,5atr,false
R05,APPROACH_FROM_ABOVE,C02_ACTIVITY_MATCHED,24,57.14,42,30,POC,34,80.95,ALL_SESSIONS,5atr,false
R05,APPROACH_FROM_ABOVE,C02_ACTIVITY_MATCHED,0,0,1,30,POC,1,100,RTH_AFTERNOON,5atr,true
R05,APPROACH_FROM_ABOVE,C02_ACTIVITY_MATCHED,4,66.67,6,30,POC,5,83.33,RTH_MIDDAY,5atr,true
R05,APPROACH_FROM_ABOVE,C02_ACTIVITY_MATCHED,20,57.14,35,30,POC,28,80,RTH_MORNING,5atr,false
ALL_ANCHORS,APPROACH_FROM_BELOW,C02_ACTIVITY_MATCHED,66,45.52,145,30,POC,100,68.97,ALL_SESSIONS,5atr,false
ALL_ANCHORS,APPROACH_FROM_BELOW,C02_ACTIVITY_MATCHED,9,42.86,21,30,POC,16,76.19,ETH_EVENING,5atr,true
ALL_ANCHORS,APPROACH_FROM_BELOW,C02_ACTIVITY_MATCHED,3,18.75,16,30,POC,11,68.75,ETH_OVERNIGHT,5atr,true
ALL_ANCHORS,APPROACH_FROM_BELOW,C02_ACTIVITY_MATCHED,1,50,2,30,POC,0,0,RTH_AFTERNOON,5atr,true
ALL_ANCHORS,APPROACH_FROM_BELOW,C02_ACTIVITY_MATCHED,3,33.33,9,30,POC,7,77.78,RTH_MIDDAY,5atr,true
ALL_ANCHORS,APPROACH_FROM_BELOW,C02_ACTIVITY_MATCHED,13,40.62,32,30,POC,22,68.75,RTH_MORNING,5atr,false
ALL_ANCHORS,APPROACH_FROM_BELOW,C02_ACTIVITY_MATCHED,37,56.92,65,30,POC,44,67.69,RTH_OPEN,5atr,false
R01,APPROACH_FROM_BELOW,C02_ACTIVITY_MATCHED,12,32.43,37,30,POC,27,72.97,ALL_SESSIONS,5atr,false
R01,APPROACH_FROM_BELOW,C02_ACTIVITY_MATCHED,9,42.86,21,30,POC,16,76.19,ETH_EVENING,5atr,true
R01,APPROACH_FROM_BELOW,C02_ACTIVITY_MATCHED,3,18.75,16,30,POC,11,68.75,ETH_OVERNIGHT,5atr,true
R02,APPROACH_FROM_BELOW,C02_ACTIVITY_MATCHED,14,51.85,27,30,POC,14,51.85,ALL_SESSIONS,5atr,true
R02,APPROACH_FROM_BELOW,C02_ACTIVITY_MATCHED,1,50,2,30,POC,0,0,RTH_AFTERNOON,5atr,true
R02,APPROACH_FROM_BELOW,C02_ACTIVITY_MATCHED,1,50,2,30,POC,0,0,RTH_MIDDAY,5atr,true
R02,APPROACH_FROM_BELOW,C02_ACTIVITY_MATCHED,3,50,6,30,POC,4,66.67,RTH_MORNING,5atr,true
R02,APPROACH_FROM_BELOW,C02_ACTIVITY_MATCHED,9,52.94,17,30,POC,10,58.82,RTH_OPEN,5atr,true
R03,APPROACH_FROM_BELOW,C02_ACTIVITY_MATCHED,13,59.09,22,30,POC,14,63.64,ALL_SESSIONS,5atr,true
R03,APPROACH_FROM_BELOW,C02_ACTIVITY_MATCHED,0,0,2,30,POC,2,100,RTH_MIDDAY,5atr,true
R03,APPROACH_FROM_BELOW,C02_ACTIVITY_MATCHED,0,0,2,30,POC,2,100,RTH_MORNING,5atr,true
R03,APPROACH_FROM_BELOW,C02_ACTIVITY_MATCHED,13,72.22,18,30,POC,10,55.56,RTH_OPEN,5atr,true
R04,APPROACH_FROM_BELOW,C02_ACTIVITY_MATCHED,18,51.43,35,30,POC,29,82.86,ALL_SESSIONS,5atr,false
R04,APPROACH_FROM_BELOW,C02_ACTIVITY_MATCHED,2,66.67,3,30,POC,3,100,RTH_MIDDAY,5atr,true
R04,APPROACH_FROM_BELOW,C02_ACTIVITY_MATCHED,1,50,2,30,POC,2,100,RTH_MORNING,5atr,true
R04,APPROACH_FROM_BELOW,C02_ACTIVITY_MATCHED,15,50,30,30,POC,24,80,RTH_OPEN,5atr,false
R05,APPROACH_FROM_BELOW,C02_ACTIVITY_MATCHED,9,37.5,24,30,POC,16,66.67,ALL_SESSIONS,5atr,true
R05,APPROACH_FROM_BELOW,C02_ACTIVITY_MATCHED,0,0,2,30,POC,2,100,RTH_MIDDAY,5atr,true
R05,APPROACH_FROM_BELOW,C02_ACTIVITY_MATCHED,9,40.91,22,30,POC,14,63.64,RTH_MORNING,5atr,true
ALL_ANCHORS,APPROACH_FROM_ABOVE,TREATED,144,55.38,260,30,POC,191,73.46,ALL_SESSIONS,5atr,false
ALL_ANCHORS,APPROACH_FROM_ABOVE,TREATED,19,59.38,32,30,POC,19,59.38,ETH_EVENING,5atr,false
ALL_ANCHORS,APPROACH_FROM_ABOVE,TREATED,9,64.29,14,30,POC,7,50,ETH_OVERNIGHT,5atr,true
ALL_ANCHORS,APPROACH_FROM_ABOVE,TREATED,5,100,5,30,POC,4,80,RTH_AFTERNOON,5atr,true
ALL_ANCHORS,APPROACH_FROM_ABOVE,TREATED,10,47.62,21,30,POC,12,57.14,RTH_MIDDAY,5atr,true
ALL_ANCHORS,APPROACH_FROM_ABOVE,TREATED,43,59.72,72,30,POC,50,69.44,RTH_MORNING,5atr,false
ALL_ANCHORS,APPROACH_FROM_ABOVE,TREATED,58,50,116,30,POC,99,85.34,RTH_OPEN,5atr,false
R01,APPROACH_FROM_ABOVE,TREATED,28,60.87,46,30,POC,26,56.52,ALL_SESSIONS,5atr,false
R01,APPROACH_FROM_ABOVE,TREATED,19,59.38,32,30,POC,19,59.38,ETH_EVENING,5atr,false
R01,APPROACH_FROM_ABOVE,TREATED,9,64.29,14,30,POC,7,50,ETH_OVERNIGHT,5atr,true
R02,APPROACH_FROM_ABOVE,TREATED,22,45.83,48,30,POC,37,77.08,ALL_SESSIONS,5atr,false
R02,APPROACH_FROM_ABOVE,TREATED,2,100,2,30,POC,2,100,RTH_AFTERNOON,5atr,true
R02,APPROACH_FROM_ABOVE,TREATED,1,16.67,6,30,POC,4,66.67,RTH_MIDDAY,5atr,true
R02,APPROACH_FROM_ABOVE,TREATED,6,66.67,9,30,POC,6,66.67,RTH_MORNING,5atr,true
R02,APPROACH_FROM_ABOVE,TREATED,13,41.94,31,30,POC,25,80.65,RTH_OPEN,5atr,false
R03,APPROACH_FROM_ABOVE,TREATED,23,48.94,47,30,POC,37,78.72,ALL_SESSIONS,5atr,false
R03,APPROACH_FROM_ABOVE,TREATED,2,66.67,3,30,POC,2,66.67,RTH_MIDDAY,5atr,true
R03,APPROACH_FROM_ABOVE,TREATED,1,33.33,3,30,POC,2,66.67,RTH_MORNING,5atr,true
R03,APPROACH_FROM_ABOVE,TREATED,20,48.78,41,30,POC,33,80.49,RTH_OPEN,5atr,false
R04,APPROACH_FROM_ABOVE,TREATED,30,56.6,53,30,POC,49,92.45,ALL_SESSIONS,5atr,false
R04,APPROACH_FROM_ABOVE,TREATED,4,80,5,30,POC,4,80,RTH_MIDDAY,5atr,true
R04,APPROACH_FROM_ABOVE,TREATED,1,25,4,30,POC,4,100,RTH_MORNING,5atr,true
R04,APPROACH_FROM_ABOVE,TREATED,25,56.82,44,30,POC,41,93.18,RTH_OPEN,5atr,false
R05,APPROACH_FROM_ABOVE,TREATED,41,62.12,66,30,POC,42,63.64,ALL_SESSIONS,5atr,false
R05,APPROACH_FROM_ABOVE,TREATED,3,100,3,30,POC,2,66.67,RTH_AFTERNOON,5atr,true
R05,APPROACH_FROM_ABOVE,TREATED,3,42.86,7,30,POC,2,28.57,RTH_MIDDAY,5atr,true
R05,APPROACH_FROM_ABOVE,TREATED,35,62.5,56,30,POC,38,67.86,RTH_MORNING,5atr,false
ALL_ANCHORS,APPROACH_FROM_BELOW,TREATED,98,44.34,221,30,POC,160,72.4,ALL_SESSIONS,5atr,false
ALL_ANCHORS,APPROACH_FROM_BELOW,TREATED,24,50,48,30,POC,31,64.58,ETH_EVENING,5atr,false
ALL_ANCHORS,APPROACH_FROM_BELOW,TREATED,3,30,10,30,POC,6,60,ETH_OVERNIGHT,5atr,true
ALL_ANCHORS,APPROACH_FROM_BELOW,TREATED,2,50,4,30,POC,3,75,RTH_AFTERNOON,5atr,true
ALL_ANCHORS,APPROACH_FROM_BELOW,TREATED,2,15.38,13,30,POC,11,84.62,RTH_MIDDAY,5atr,true
ALL_ANCHORS,APPROACH_FROM_BELOW,TREATED,26,39.39,66,30,POC,47,71.21,RTH_MORNING,5atr,false
ALL_ANCHORS,APPROACH_FROM_BELOW,TREATED,41,51.25,80,30,POC,62,77.5,RTH_OPEN,5atr,false
R01,APPROACH_FROM_BELOW,TREATED,27,46.55,58,30,POC,37,63.79,ALL_SESSIONS,5atr,false
R01,APPROACH_FROM_BELOW,TREATED,24,50,48,30,POC,31,64.58,ETH_EVENING,5atr,false
R01,APPROACH_FROM_BELOW,TREATED,3,30,10,30,POC,6,60,ETH_OVERNIGHT,5atr,true
R02,APPROACH_FROM_BELOW,TREATED,23,58.97,39,30,POC,28,71.79,ALL_SESSIONS,5atr,false
R02,APPROACH_FROM_BELOW,TREATED,2,100,2,30,POC,1,50,RTH_AFTERNOON,5atr,true
R02,APPROACH_FROM_BELOW,TREATED,1,50,2,30,POC,1,50,RTH_MIDDAY,5atr,true
R02,APPROACH_FROM_BELOW,TREATED,6,46.15,13,30,POC,11,84.62,RTH_MORNING,5atr,true
R02,APPROACH_FROM_BELOW,TREATED,14,63.64,22,30,POC,15,68.18,RTH_OPEN,5atr,true
R03,APPROACH_FROM_BELOW,TREATED,16,47.06,34,30,POC,25,73.53,ALL_SESSIONS,5atr,false
R03,APPROACH_FROM_BELOW,TREATED,1,25,4,30,POC,4,100,RTH_MIDDAY,5atr,true
R03,APPROACH_FROM_BELOW,TREATED,1,20,5,30,POC,4,80,RTH_MORNING,5atr,true
R03,APPROACH_FROM_BELOW,TREATED,14,56,25,30,POC,17,68,RTH_OPEN,5atr,true
R04,APPROACH_FROM_BELOW,TREATED,16,39.02,41,30,POC,36,87.8,ALL_SESSIONS,5atr,false
R04,APPROACH_FROM_BELOW,TREATED,0,0,4,30,POC,3,75,RTH_MIDDAY,5atr,true
R04,APPROACH_FROM_BELOW,TREATED,3,75,4,30,POC,3,75,RTH_MORNING,5atr,true
R04,APPROACH_FROM_BELOW,TREATED,13,39.39,33,30,POC,30,90.91,RTH_OPEN,5atr,false
R05,APPROACH_FROM_BELOW,TREATED,16,32.65,49,30,POC,34,69.39,ALL_SESSIONS,5atr,false
R05,APPROACH_FROM_BELOW,TREATED,0,0,2,30,POC,2,100,RTH_AFTERNOON,5atr,true
R05,APPROACH_FROM_BELOW,TREATED,0,0,3,30,POC,3,100,RTH_MIDDAY,5atr,true
R05,APPROACH_FROM_BELOW,TREATED,16,36.36,44,30,POC,29,65.91,RTH_MORNING,5atr,false
ALL_ANCHORS,APPROACH_FROM_ABOVE,C01_NEUTRAL,28,41.79,67,60,NONPOC,49,73.13,ALL_SESSIONS,5atr,false
ALL_ANCHORS,APPROACH_FROM_ABOVE,C01_NEUTRAL,5,41.67,12,60,NONPOC,8,66.67,ETH_EVENING,5atr,true
ALL_ANCHORS,APPROACH_FROM_ABOVE,C01_NEUTRAL,3,75,4,60,NONPOC,3,75,ETH_OVERNIGHT,5atr,true
ALL_ANCHORS,APPROACH_FROM_ABOVE,C01_NEUTRAL,0,0,1,60,NONPOC,1,100,RTH_AFTERNOON,5atr,true
ALL_ANCHORS,APPROACH_FROM_ABOVE,C01_NEUTRAL,2,25,8,60,NONPOC,6,75,RTH_MIDDAY,5atr,true
ALL_ANCHORS,APPROACH_FROM_ABOVE,C01_NEUTRAL,6,46.15,13,60,NONPOC,9,69.23,RTH_MORNING,5atr,true
ALL_ANCHORS,APPROACH_FROM_ABOVE,C01_NEUTRAL,12,41.38,29,60,NONPOC,22,75.86,RTH_OPEN,5atr,true
R01,APPROACH_FROM_ABOVE,C01_NEUTRAL,8,50,16,60,NONPOC,11,68.75,ALL_SESSIONS,5atr,true
R01,APPROACH_FROM_ABOVE,C01_NEUTRAL,5,41.67,12,60,NONPOC,8,66.67,ETH_EVENING,5atr,true
R01,APPROACH_FROM_ABOVE,C01_NEUTRAL,3,75,4,60,NONPOC,3,75,ETH_OVERNIGHT,5atr,true
R02,APPROACH_FROM_ABOVE,C01_NEUTRAL,8,57.14,14,60,NONPOC,7,50,ALL_SESSIONS,5atr,true
R02,APPROACH_FROM_ABOVE,C01_NEUTRAL,1,33.33,3,60,NONPOC,1,33.33,RTH_MIDDAY,5atr,true
R02,APPROACH_FROM_ABOVE,C01_NEUTRAL,2,50,4,60,NONPOC,3,75,RTH_MORNING,5atr,true
R02,APPROACH_FROM_ABOVE,C01_NEUTRAL,5,71.43,7,60,NONPOC,3,42.86,RTH_OPEN,5atr,true
R03,APPROACH_FROM_ABOVE,C01_NEUTRAL,8,28.57,28,60,NONPOC,23,82.14,ALL_SESSIONS,5atr,true
R03,APPROACH_FROM_ABOVE,C01_NEUTRAL,0,0,1,60,NONPOC,1,100,RTH_AFTERNOON,5atr,true
R03,APPROACH_FROM_ABOVE,C01_NEUTRAL,0,0,1,60,NONPOC,1,100,RTH_MIDDAY,5atr,true
R03,APPROACH_FROM_ABOVE,C01_NEUTRAL,2,33.33,6,60,NONPOC,4,66.67,RTH_MORNING,5atr,true
R03,APPROACH_FROM_ABOVE,C01_NEUTRAL,6,30,20,60,NONPOC,17,85,RTH_OPEN,5atr,true
R04,APPROACH_FROM_ABOVE,C01_NEUTRAL,1,50,2,60,NONPOC,2,100,ALL_SESSIONS,5atr,true
R04,APPROACH_FROM_ABOVE,C01_NEUTRAL,1,50,2,60,NONPOC,2,100,RTH_OPEN,5atr,true
R05,APPROACH_FROM_ABOVE,C01_NEUTRAL,3,42.86,7,60,NONPOC,6,85.71,ALL_SESSIONS,5atr,true
R05,APPROACH_FROM_ABOVE,C01_NEUTRAL,1,25,4,60,NONPOC,4,100,RTH_MIDDAY,5atr,true
R05,APPROACH_FROM_ABOVE,C01_NEUTRAL,2,66.67,3,60,NONPOC,2,66.67,RTH_MORNING,5atr,true
ALL_ANCHORS,APPROACH_FROM_BELOW,C01_NEUTRAL,32,52.46,61,60,NONPOC,43,70.49,ALL_SESSIONS,5atr,false
ALL_ANCHORS,APPROACH_FROM_BELOW,C01_NEUTRAL,4,50,8,60,NONPOC,6,75,ETH_EVENING,5atr,true
ALL_ANCHORS,APPROACH_FROM_BELOW,C01_NEUTRAL,2,40,5,60,NONPOC,3,60,ETH_OVERNIGHT,5atr,true
ALL_ANCHORS,APPROACH_FROM_BELOW,C01_NEUTRAL,0,0,1,60,NONPOC,1,100,RTH_AFTERNOON,5atr,true
ALL_ANCHORS,APPROACH_FROM_BELOW,C01_NEUTRAL,1,50,2,60,NONPOC,2,100,RTH_MIDDAY,5atr,true
ALL_ANCHORS,APPROACH_FROM_BELOW,C01_NEUTRAL,12,60,20,60,NONPOC,11,55,RTH_MORNING,5atr,true
ALL_ANCHORS,APPROACH_FROM_BELOW,C01_NEUTRAL,13,52,25,60,NONPOC,20,80,RTH_OPEN,5atr,true
R01,APPROACH_FROM_BELOW,C01_NEUTRAL,6,46.15,13,60,NONPOC,9,69.23,ALL_SESSIONS,5atr,true
R01,APPROACH_FROM_BELOW,C01_NEUTRAL,4,50,8,60,NONPOC,6,75,ETH_EVENING,5atr,true
R01,APPROACH_FROM_BELOW,C01_NEUTRAL,2,40,5,60,NONPOC,3,60,ETH_OVERNIGHT,5atr,true
R02,APPROACH_FROM_BELOW,C01_NEUTRAL,10,66.67,15,60,NONPOC,10,66.67,ALL_SESSIONS,5atr,true
R02,APPROACH_FROM_BELOW,C01_NEUTRAL,0,0,1,60,NONPOC,1,100,RTH_MIDDAY,5atr,true
R02,APPROACH_FROM_BELOW,C01_NEUTRAL,3,75,4,60,NONPOC,2,50,RTH_MORNING,5atr,true
R02,APPROACH_FROM_BELOW,C01_NEUTRAL,7,70,10,60,NONPOC,7,70,RTH_OPEN,5atr,true
R03,APPROACH_FROM_BELOW,C01_NEUTRAL,5,35.71,14,60,NONPOC,11,78.57,ALL_SESSIONS,5atr,true
R03,APPROACH_FROM_BELOW,C01_NEUTRAL,0,0,3,60,NONPOC,2,66.67,RTH_MORNING,5atr,true
R03,APPROACH_FROM_BELOW,C01_NEUTRAL,5,45.45,11,60,NONPOC,9,81.82,RTH_OPEN,5atr,true
R04,APPROACH_FROM_BELOW,C01_NEUTRAL,2,33.33,6,60,NONPOC,6,100,ALL_SESSIONS,5atr,true
R04,APPROACH_FROM_BELOW,C01_NEUTRAL,1,50,2,60,NONPOC,2,100,RTH_MORNING,5atr,true
R04,APPROACH_FROM_BELOW,C01_NEUTRAL,1,25,4,60,NONPOC,4,100,RTH_OPEN,5atr,true
R05,APPROACH_FROM_BELOW,C01_NEUTRAL,9,69.23,13,60,NONPOC,7,53.85,ALL_SESSIONS,5atr,true
R05,APPROACH_FROM_BELOW,C01_NEUTRAL,0,0,1,60,NONPOC,1,100,RTH_AFTERNOON,5atr,true
R05,APPROACH_FROM_BELOW,C01_NEUTRAL,1,100,1,60,NONPOC,1,100,RTH_MIDDAY,5atr,true
R05,APPROACH_FROM_BELOW,C01_NEUTRAL,8,72.73,11,60,NONPOC,5,45.45,RTH_MORNING,5atr,true
ALL_ANCHORS,APPROACH_FROM_ABOVE,C02_ACTIVITY_MATCHED,35,58.33,60,60,NONPOC,41,68.33,ALL_SESSIONS,5atr,false
ALL_ANCHORS,APPROACH_FROM_ABOVE,C02_ACTIVITY_MATCHED,6,50,12,60,NONPOC,10,83.33,ETH_EVENING,5atr,true
ALL_ANCHORS,APPROACH_FROM_ABOVE,C02_ACTIVITY_MATCHED,6,75,8,60,NONPOC,3,37.5,ETH_OVERNIGHT,5atr,true
ALL_ANCHORS,APPROACH_FROM_ABOVE,C02_ACTIVITY_MATCHED,2,66.67,3,60,NONPOC,3,100,RTH_AFTERNOON,5atr,true
ALL_ANCHORS,APPROACH_FROM_ABOVE,C02_ACTIVITY_MATCHED,2,66.67,3,60,NONPOC,2,66.67,RTH_MIDDAY,5atr,true
ALL_ANCHORS,APPROACH_FROM_ABOVE,C02_ACTIVITY_MATCHED,6,50,12,60,NONPOC,7,58.33,RTH_MORNING,5atr,true
ALL_ANCHORS,APPROACH_FROM_ABOVE,C02_ACTIVITY_MATCHED,13,59.09,22,60,NONPOC,16,72.73,RTH_OPEN,5atr,true
R01,APPROACH_FROM_ABOVE,C02_ACTIVITY_MATCHED,12,60,20,60,NONPOC,13,65,ALL_SESSIONS,5atr,true
R01,APPROACH_FROM_ABOVE,C02_ACTIVITY_MATCHED,6,50,12,60,NONPOC,10,83.33,ETH_EVENING,5atr,true
R01,APPROACH_FROM_ABOVE,C02_ACTIVITY_MATCHED,6,75,8,60,NONPOC,3,37.5,ETH_OVERNIGHT,5atr,true
R02,APPROACH_FROM_ABOVE,C02_ACTIVITY_MATCHED,13,81.25,16,60,NONPOC,8,50,ALL_SESSIONS,5atr,true
R02,APPROACH_FROM_ABOVE,C02_ACTIVITY_MATCHED,1,100,1,60,NONPOC,1,100,RTH_AFTERNOON,5atr,true
R02,APPROACH_FROM_ABOVE,C02_ACTIVITY_MATCHED,0,0,1,60,NONPOC,1,100,RTH_MIDDAY,5atr,true
R02,APPROACH_FROM_ABOVE,C02_ACTIVITY_MATCHED,4,80,5,60,NONPOC,1,20,RTH_MORNING,5atr,true
R02,APPROACH_FROM_ABOVE,C02_ACTIVITY_MATCHED,8,88.89,9,60,NONPOC,5,55.56,RTH_OPEN,5atr,true
R03,APPROACH_FROM_ABOVE,C02_ACTIVITY_MATCHED,5,33.33,15,60,NONPOC,12,80,ALL_SESSIONS,5atr,true
R03,APPROACH_FROM_ABOVE,C02_ACTIVITY_MATCHED,0,0,1,60,NONPOC,1,100,RTH_AFTERNOON,5atr,true
R03,APPROACH_FROM_ABOVE,C02_ACTIVITY_MATCHED,1,100,1,60,NONPOC,0,0,RTH_MIDDAY,5atr,true
R03,APPROACH_FROM_ABOVE,C02_ACTIVITY_MATCHED,0,0,2,60,NONPOC,2,100,RTH_MORNING,5atr,true
R03,APPROACH_FROM_ABOVE,C02_ACTIVITY_MATCHED,4,36.36,11,60,NONPOC,9,81.82,RTH_OPEN,5atr,true
R04,APPROACH_FROM_ABOVE,C02_ACTIVITY_MATCHED,1,50,2,60,NONPOC,2,100,ALL_SESSIONS,5atr,true
R04,APPROACH_FROM_ABOVE,C02_ACTIVITY_MATCHED,1,50,2,60,NONPOC,2,100,RTH_OPEN,5atr,true
R05,APPROACH_FROM_ABOVE,C02_ACTIVITY_MATCHED,4,57.14,7,60,NONPOC,6,85.71,ALL_SESSIONS,5atr,true
R05,APPROACH_FROM_ABOVE,C02_ACTIVITY_MATCHED,1,100,1,60,NONPOC,1,100,RTH_AFTERNOON,5atr,true
R05,APPROACH_FROM_ABOVE,C02_ACTIVITY_MATCHED,1,100,1,60,NONPOC,1,100,RTH_MIDDAY,5atr,true
R05,APPROACH_FROM_ABOVE,C02_ACTIVITY_MATCHED,2,40,5,60,NONPOC,4,80,RTH_MORNING,5atr,true
ALL_ANCHORS,APPROACH_FROM_BELOW,C02_ACTIVITY_MATCHED,20,39.22,51,60,NONPOC,34,66.67,ALL_SESSIONS,5atr,false
ALL_ANCHORS,APPROACH_FROM_BELOW,C02_ACTIVITY_MATCHED,1,20,5,60,NONPOC,3,60,ETH_EVENING,5atr,true
ALL_ANCHORS,APPROACH_FROM_BELOW,C02_ACTIVITY_MATCHED,1,16.67,6,60,NONPOC,4,66.67,ETH_OVERNIGHT,5atr,true
ALL_ANCHORS,APPROACH_FROM_BELOW,C02_ACTIVITY_MATCHED,0,0,4,60,NONPOC,4,100,RTH_MIDDAY,5atr,true
ALL_ANCHORS,APPROACH_FROM_BELOW,C02_ACTIVITY_MATCHED,7,53.85,13,60,NONPOC,6,46.15,RTH_MORNING,5atr,true
ALL_ANCHORS,APPROACH_FROM_BELOW,C02_ACTIVITY_MATCHED,11,47.83,23,60,NONPOC,17,73.91,RTH_OPEN,5atr,true
R01,APPROACH_FROM_BELOW,C02_ACTIVITY_MATCHED,2,18.18,11,60,NONPOC,7,63.64,ALL_SESSIONS,5atr,true
R01,APPROACH_FROM_BELOW,C02_ACTIVITY_MATCHED,1,20,5,60,NONPOC,3,60,ETH_EVENING,5atr,true
R01,APPROACH_FROM_BELOW,C02_ACTIVITY_MATCHED,1,16.67,6,60,NONPOC,4,66.67,ETH_OVERNIGHT,5atr,true
R02,APPROACH_FROM_BELOW,C02_ACTIVITY_MATCHED,4,44.44,9,60,NONPOC,7,77.78,ALL_SESSIONS,5atr,true
R02,APPROACH_FROM_BELOW,C02_ACTIVITY_MATCHED,0,0,1,60,NONPOC,1,100,RTH_MORNING,5atr,true
R02,APPROACH_FROM_BELOW,C02_ACTIVITY_MATCHED,4,50,8,60,NONPOC,6,75,RTH_OPEN,5atr,true
R03,APPROACH_FROM_BELOW,C02_ACTIVITY_MATCHED,6,46.15,13,60,NONPOC,10,76.92,ALL_SESSIONS,5atr,true
R03,APPROACH_FROM_BELOW,C02_ACTIVITY_MATCHED,0,0,1,60,NONPOC,1,100,RTH_MIDDAY,5atr,true
R03,APPROACH_FROM_BELOW,C02_ACTIVITY_MATCHED,0,0,1,60,NONPOC,1,100,RTH_MORNING,5atr,true
R03,APPROACH_FROM_BELOW,C02_ACTIVITY_MATCHED,6,54.55,11,60,NONPOC,8,72.73,RTH_OPEN,5atr,true
R04,APPROACH_FROM_BELOW,C02_ACTIVITY_MATCHED,1,16.67,6,60,NONPOC,5,83.33,ALL_SESSIONS,5atr,true
R04,APPROACH_FROM_BELOW,C02_ACTIVITY_MATCHED,0,0,2,60,NONPOC,2,100,RTH_MIDDAY,5atr,true
R04,APPROACH_FROM_BELOW,C02_ACTIVITY_MATCHED,1,25,4,60,NONPOC,3,75,RTH_OPEN,5atr,true
R05,APPROACH_FROM_BELOW,C02_ACTIVITY_MATCHED,7,58.33,12,60,NONPOC,5,41.67,ALL_SESSIONS,5atr,true
R05,APPROACH_FROM_BELOW,C02_ACTIVITY_MATCHED,0,0,1,60,NONPOC,1,100,RTH_MIDDAY,5atr,true
R05,APPROACH_FROM_BELOW,C02_ACTIVITY_MATCHED,7,63.64,11,60,NONPOC,4,36.36,RTH_MORNING,5atr,true
ALL_ANCHORS,APPROACH_FROM_ABOVE,TREATED,29,43.94,66,60,NONPOC,51,77.27,ALL_SESSIONS,5atr,false
ALL_ANCHORS,APPROACH_FROM_ABOVE,TREATED,4,57.14,7,60,NONPOC,5,71.43,ETH_EVENING,5atr,true
ALL_ANCHORS,APPROACH_FROM_ABOVE,TREATED,3,75,4,60,NONPOC,3,75,ETH_OVERNIGHT,5atr,true
ALL_ANCHORS,APPROACH_FROM_ABOVE,TREATED,0,0,1,60,NONPOC,1,100,RTH_AFTERNOON,5atr,true
ALL_ANCHORS,APPROACH_FROM_ABOVE,TREATED,2,25,8,60,NONPOC,6,75,RTH_MIDDAY,5atr,true
ALL_ANCHORS,APPROACH_FROM_ABOVE,TREATED,8,47.06,17,60,NONPOC,12,70.59,RTH_MORNING,5atr,true
ALL_ANCHORS,APPROACH_FROM_ABOVE,TREATED,12,41.38,29,60,NONPOC,24,82.76,RTH_OPEN,5atr,true
R01,APPROACH_FROM_ABOVE,TREATED,7,63.64,11,60,NONPOC,8,72.73,ALL_SESSIONS,5atr,true
R01,APPROACH_FROM_ABOVE,TREATED,4,57.14,7,60,NONPOC,5,71.43,ETH_EVENING,5atr,true
R01,APPROACH_FROM_ABOVE,TREATED,3,75,4,60,NONPOC,3,75,ETH_OVERNIGHT,5atr,true
R02,APPROACH_FROM_ABOVE,TREATED,7,43.75,16,60,NONPOC,10,62.5,ALL_SESSIONS,5atr,true
R02,APPROACH_FROM_ABOVE,TREATED,2,66.67,3,60,NONPOC,1,33.33,RTH_MIDDAY,5atr,true
R02,APPROACH_FROM_ABOVE,TREATED,2,33.33,6,60,NONPOC,5,83.33,RTH_MORNING,5atr,true
R02,APPROACH_FROM_ABOVE,TREATED,3,42.86,7,60,NONPOC,4,57.14,RTH_OPEN,5atr,true
R03,APPROACH_FROM_ABOVE,TREATED,12,41.38,29,60,NONPOC,24,82.76,ALL_SESSIONS,5atr,true
R03,APPROACH_FROM_ABOVE,TREATED,0,0,1,60,NONPOC,1,100,RTH_AFTERNOON,5atr,true
R03,APPROACH_FROM_ABOVE,TREATED,0,0,1,60,NONPOC,1,100,RTH_MIDDAY,5atr,true
R03,APPROACH_FROM_ABOVE,TREATED,4,66.67,6,60,NONPOC,3,50,RTH_MORNING,5atr,true
R03,APPROACH_FROM_ABOVE,TREATED,8,38.1,21,60,NONPOC,19,90.48,RTH_OPEN,5atr,true
R04,APPROACH_FROM_ABOVE,TREATED,1,100,1,60,NONPOC,1,100,ALL_SESSIONS,5atr,true
R04,APPROACH_FROM_ABOVE,TREATED,1,100,1,60,NONPOC,1,100,RTH_OPEN,5atr,true
R05,APPROACH_FROM_ABOVE,TREATED,2,22.22,9,60,NONPOC,8,88.89,ALL_SESSIONS,5atr,true
R05,APPROACH_FROM_ABOVE,TREATED,0,0,4,60,NONPOC,4,100,RTH_MIDDAY,5atr,true
R05,APPROACH_FROM_ABOVE,TREATED,2,40,5,60,NONPOC,4,80,RTH_MORNING,5atr,true
ALL_ANCHORS,APPROACH_FROM_BELOW,TREATED,38,54.29,70,60,NONPOC,46,65.71,ALL_SESSIONS,5atr,false
ALL_ANCHORS,APPROACH_FROM_BELOW,TREATED,7,63.64,11,60,NONPOC,8,72.73,ETH_EVENING,5atr,true
ALL_ANCHORS,APPROACH_FROM_BELOW,TREATED,4,66.67,6,60,NONPOC,4,66.67,ETH_OVERNIGHT,5atr,true
ALL_ANCHORS,APPROACH_FROM_BELOW,TREATED,1,50,2,60,NONPOC,1,50,RTH_MIDDAY,5atr,true
ALL_ANCHORS,APPROACH_FROM_BELOW,TREATED,10,47.62,21,60,NONPOC,12,57.14,RTH_MORNING,5atr,true
ALL_ANCHORS,APPROACH_FROM_BELOW,TREATED,16,53.33,30,60,NONPOC,21,70,RTH_OPEN,5atr,false
R01,APPROACH_FROM_BELOW,TREATED,11,64.71,17,60,NONPOC,12,70.59,ALL_SESSIONS,5atr,true
R01,APPROACH_FROM_BELOW,TREATED,7,63.64,11,60,NONPOC,8,72.73,ETH_EVENING,5atr,true
R01,APPROACH_FROM_BELOW,TREATED,4,66.67,6,60,NONPOC,4,66.67,ETH_OVERNIGHT,5atr,true
R02,APPROACH_FROM_BELOW,TREATED,11,73.33,15,60,NONPOC,9,60,ALL_SESSIONS,5atr,true
R02,APPROACH_FROM_BELOW,TREATED,4,80,5,60,NONPOC,2,40,RTH_MORNING,5atr,true
R02,APPROACH_FROM_BELOW,TREATED,7,70,10,60,NONPOC,7,70,RTH_OPEN,5atr,true
R03,APPROACH_FROM_BELOW,TREATED,7,41.18,17,60,NONPOC,12,70.59,ALL_SESSIONS,5atr,true
R03,APPROACH_FROM_BELOW,TREATED,0,0,3,60,NONPOC,2,66.67,RTH_MORNING,5atr,true
R03,APPROACH_FROM_BELOW,TREATED,7,50,14,60,NONPOC,10,71.43,RTH_OPEN,5atr,true
R04,APPROACH_FROM_BELOW,TREATED,3,37.5,8,60,NONPOC,6,75,ALL_SESSIONS,5atr,true
R04,APPROACH_FROM_BELOW,TREATED,0,0,1,60,NONPOC,1,100,RTH_MIDDAY,5atr,true
R04,APPROACH_FROM_BELOW,TREATED,1,100,1,60,NONPOC,1,100,RTH_MORNING,5atr,true
R04,APPROACH_FROM_BELOW,TREATED,2,33.33,6,60,NONPOC,4,66.67,RTH_OPEN,5atr,true
R05,APPROACH_FROM_BELOW,TREATED,6,46.15,13,60,NONPOC,7,53.85,ALL_SESSIONS,5atr,true
R05,APPROACH_FROM_BELOW,TREATED,1,100,1,60,NONPOC,0,0,RTH_MIDDAY,5atr,true
R05,APPROACH_FROM_BELOW,TREATED,5,41.67,12,60,NONPOC,7,58.33,RTH_MORNING,5atr,true
ALL_ANCHORS,APPROACH_FROM_ABOVE,C01_NEUTRAL,153,52.4,292,60,POC,214,73.29,ALL_SESSIONS,5atr,false
ALL_ANCHORS,APPROACH_FROM_ABOVE,C01_NEUTRAL,21,63.64,33,60,POC,17,51.52,ETH_EVENING,5atr,false
ALL_ANCHORS,APPROACH_FROM_ABOVE,C01_NEUTRAL,7,53.85,13,60,POC,7,53.85,ETH_OVERNIGHT,5atr,true
ALL_ANCHORS,APPROACH_FROM_ABOVE,C01_NEUTRAL,3,50,6,60,POC,5,83.33,RTH_AFTERNOON,5atr,true
ALL_ANCHORS,APPROACH_FROM_ABOVE,C01_NEUTRAL,8,53.33,15,60,POC,9,60,RTH_MIDDAY,5atr,true
ALL_ANCHORS,APPROACH_FROM_ABOVE,C01_NEUTRAL,49,54.44,90,60,POC,61,67.78,RTH_MORNING,5atr,false
ALL_ANCHORS,APPROACH_FROM_ABOVE,C01_NEUTRAL,65,48.15,135,60,POC,115,85.19,RTH_OPEN,5atr,false
R01,APPROACH_FROM_ABOVE,C01_NEUTRAL,28,60.87,46,60,POC,24,52.17,ALL_SESSIONS,5atr,false
R01,APPROACH_FROM_ABOVE,C01_NEUTRAL,21,63.64,33,60,POC,17,51.52,ETH_EVENING,5atr,false
R01,APPROACH_FROM_ABOVE,C01_NEUTRAL,7,53.85,13,60,POC,7,53.85,ETH_OVERNIGHT,5atr,true
R02,APPROACH_FROM_ABOVE,C01_NEUTRAL,28,51.85,54,60,POC,42,77.78,ALL_SESSIONS,5atr,false
R02,APPROACH_FROM_ABOVE,C01_NEUTRAL,1,50,2,60,POC,2,100,RTH_AFTERNOON,5atr,true
R02,APPROACH_FROM_ABOVE,C01_NEUTRAL,0,0,2,60,POC,1,50,RTH_MIDDAY,5atr,true
R02,APPROACH_FROM_ABOVE,C01_NEUTRAL,8,80,10,60,POC,5,50,RTH_MORNING,5atr,true
R02,APPROACH_FROM_ABOVE,C01_NEUTRAL,19,47.5,40,60,POC,34,85,RTH_OPEN,5atr,false
R03,APPROACH_FROM_ABOVE,C01_NEUTRAL,21,41.18,51,60,POC,39,76.47,ALL_SESSIONS,5atr,false
R03,APPROACH_FROM_ABOVE,C01_NEUTRAL,1,33.33,3,60,POC,2,66.67,RTH_MIDDAY,5atr,true
R03,APPROACH_FROM_ABOVE,C01_NEUTRAL,4,80,5,60,POC,3,60,RTH_MORNING,5atr,true
R03,APPROACH_FROM_ABOVE,C01_NEUTRAL,16,37.21,43,60,POC,34,79.07,RTH_OPEN,5atr,false
R04,APPROACH_FROM_ABOVE,C01_NEUTRAL,37,60.66,61,60,POC,54,88.52,ALL_SESSIONS,5atr,false
R04,APPROACH_FROM_ABOVE,C01_NEUTRAL,3,75,4,60,POC,3,75,RTH_MIDDAY,5atr,true
R04,APPROACH_FROM_ABOVE,C01_NEUTRAL,4,80,5,60,POC,4,80,RTH_MORNING,5atr,true
R04,APPROACH_FROM_ABOVE,C01_NEUTRAL,30,57.69,52,60,POC,47,90.38,RTH_OPEN,5atr,false
R05,APPROACH_FROM_ABOVE,C01_NEUTRAL,39,48.75,80,60,POC,55,68.75,ALL_SESSIONS,5atr,false
R05,APPROACH_FROM_ABOVE,C01_NEUTRAL,2,50,4,60,POC,3,75,RTH_AFTERNOON,5atr,true
R05,APPROACH_FROM_ABOVE,C01_NEUTRAL,4,66.67,6,60,POC,3,50,RTH_MIDDAY,5atr,true
R05,APPROACH_FROM_ABOVE,C01_NEUTRAL,33,47.14,70,60,POC,49,70,RTH_MORNING,5atr,false
ALL_ANCHORS,APPROACH_FROM_BELOW,C01_NEUTRAL,105,54.69,192,60,POC,136,70.83,ALL_SESSIONS,5atr,false
ALL_ANCHORS,APPROACH_FROM_BELOW,C01_NEUTRAL,25,54.35,46,60,POC,30,65.22,ETH_EVENING,5atr,false
ALL_ANCHORS,APPROACH_FROM_BELOW,C01_NEUTRAL,3,33.33,9,60,POC,7,77.78,ETH_OVERNIGHT,5atr,true
ALL_ANCHORS,APPROACH_FROM_BELOW,C01_NEUTRAL,0,0,3,60,POC,3,100,RTH_AFTERNOON,5atr,true
ALL_ANCHORS,APPROACH_FROM_BELOW,C01_NEUTRAL,6,42.86,14,60,POC,12,85.71,RTH_MIDDAY,5atr,true
ALL_ANCHORS,APPROACH_FROM_BELOW,C01_NEUTRAL,28,50.91,55,60,POC,36,65.45,RTH_MORNING,5atr,false
ALL_ANCHORS,APPROACH_FROM_BELOW,C01_NEUTRAL,43,66.15,65,60,POC,48,73.85,RTH_OPEN,5atr,false
R01,APPROACH_FROM_BELOW,C01_NEUTRAL,28,50.91,55,60,POC,37,67.27,ALL_SESSIONS,5atr,false
R01,APPROACH_FROM_BELOW,C01_NEUTRAL,25,54.35,46,60,POC,30,65.22,ETH_EVENING,5atr,false
R01,APPROACH_FROM_BELOW,C01_NEUTRAL,3,33.33,9,60,POC,7,77.78,ETH_OVERNIGHT,5atr,true
R02,APPROACH_FROM_BELOW,C01_NEUTRAL,24,60,40,60,POC,27,67.5,ALL_SESSIONS,5atr,false
R02,APPROACH_FROM_BELOW,C01_NEUTRAL,0,0,1,60,POC,1,100,RTH_AFTERNOON,5atr,true
R02,APPROACH_FROM_BELOW,C01_NEUTRAL,1,33.33,3,60,POC,2,66.67,RTH_MIDDAY,5atr,true
R02,APPROACH_FROM_BELOW,C01_NEUTRAL,8,57.14,14,60,POC,8,57.14,RTH_MORNING,5atr,true
R02,APPROACH_FROM_BELOW,C01_NEUTRAL,15,68.18,22,60,POC,16,72.73,RTH_OPEN,5atr,true
R03,APPROACH_FROM_BELOW,C01_NEUTRAL,15,60,25,60,POC,20,80,ALL_SESSIONS,5atr,true
R03,APPROACH_FROM_BELOW,C01_NEUTRAL,2,50,4,60,POC,4,100,RTH_MIDDAY,5atr,true
R03,APPROACH_FROM_BELOW,C01_NEUTRAL,2,40,5,60,POC,5,100,RTH_MORNING,5atr,true
R03,APPROACH_FROM_BELOW,C01_NEUTRAL,11,68.75,16,60,POC,11,68.75,RTH_OPEN,5atr,true
R04,APPROACH_FROM_BELOW,C01_NEUTRAL,20,60.61,33,60,POC,27,81.82,ALL_SESSIONS,5atr,false
R04,APPROACH_FROM_BELOW,C01_NEUTRAL,1,33.33,3,60,POC,3,100,RTH_MIDDAY,5atr,true
R04,APPROACH_FROM_BELOW,C01_NEUTRAL,2,66.67,3,60,POC,3,100,RTH_MORNING,5atr,true
R04,APPROACH_FROM_BELOW,C01_NEUTRAL,17,62.96,27,60,POC,21,77.78,RTH_OPEN,5atr,true
R05,APPROACH_FROM_BELOW,C01_NEUTRAL,18,46.15,39,60,POC,25,64.1,ALL_SESSIONS,5atr,false
R05,APPROACH_FROM_BELOW,C01_NEUTRAL,0,0,2,60,POC,2,100,RTH_AFTERNOON,5atr,true
R05,APPROACH_FROM_BELOW,C01_NEUTRAL,2,50,4,60,POC,3,75,RTH_MIDDAY,5atr,true
R05,APPROACH_FROM_BELOW,C01_NEUTRAL,16,48.48,33,60,POC,20,60.61,RTH_MORNING,5atr,false
ALL_ANCHORS,APPROACH_FROM_ABOVE,C02_ACTIVITY_MATCHED,90,56.25,160,60,POC,127,79.38,ALL_SESSIONS,5atr,false
ALL_ANCHORS,APPROACH_FROM_ABOVE,C02_ACTIVITY_MATCHED,10,71.43,14,60,POC,9,64.29,ETH_EVENING,5atr,true
ALL_ANCHORS,APPROACH_FROM_ABOVE,C02_ACTIVITY_MATCHED,3,60,5,60,POC,3,60,ETH_OVERNIGHT,5atr,true
ALL_ANCHORS,APPROACH_FROM_ABOVE,C02_ACTIVITY_MATCHED,1,50,2,60,POC,1,50,RTH_AFTERNOON,5atr,true
ALL_ANCHORS,APPROACH_FROM_ABOVE,C02_ACTIVITY_MATCHED,7,63.64,11,60,POC,9,81.82,RTH_MIDDAY,5atr,true
ALL_ANCHORS,APPROACH_FROM_ABOVE,C02_ACTIVITY_MATCHED,24,47.06,51,60,POC,39,76.47,RTH_MORNING,5atr,false
ALL_ANCHORS,APPROACH_FROM_ABOVE,C02_ACTIVITY_MATCHED,45,58.44,77,60,POC,66,85.71,RTH_OPEN,5atr,false
R01,APPROACH_FROM_ABOVE,C02_ACTIVITY_MATCHED,13,68.42,19,60,POC,12,63.16,ALL_SESSIONS,5atr,true
R01,APPROACH_FROM_ABOVE,C02_ACTIVITY_MATCHED,10,71.43,14,60,POC,9,64.29,ETH_EVENING,5atr,true
R01,APPROACH_FROM_ABOVE,C02_ACTIVITY_MATCHED,3,60,5,60,POC,3,60,ETH_OVERNIGHT,5atr,true
R02,APPROACH_FROM_ABOVE,C02_ACTIVITY_MATCHED,17,54.84,31,60,POC,23,74.19,ALL_SESSIONS,5atr,false
R02,APPROACH_FROM_ABOVE,C02_ACTIVITY_MATCHED,1,100,1,60,POC,0,0,RTH_AFTERNOON,5atr,true
R02,APPROACH_FROM_ABOVE,C02_ACTIVITY_MATCHED,1,50,2,60,POC,2,100,RTH_MIDDAY,5atr,true
R02,APPROACH_FROM_ABOVE,C02_ACTIVITY_MATCHED,5,50,10,60,POC,7,70,RTH_MORNING,5atr,true
R02,APPROACH_FROM_ABOVE,C02_ACTIVITY_MATCHED,10,55.56,18,60,POC,14,77.78,RTH_OPEN,5atr,true
R03,APPROACH_FROM_ABOVE,C02_ACTIVITY_MATCHED,15,57.69,26,60,POC,22,84.62,ALL_SESSIONS,5atr,true
R03,APPROACH_FROM_ABOVE,C02_ACTIVITY_MATCHED,1,100,1,60,POC,0,0,RTH_MIDDAY,5atr,true
R03,APPROACH_FROM_ABOVE,C02_ACTIVITY_MATCHED,1,33.33,3,60,POC,2,66.67,RTH_MORNING,5atr,true
R03,APPROACH_FROM_ABOVE,C02_ACTIVITY_MATCHED,13,59.09,22,60,POC,20,90.91,RTH_OPEN,5atr,true
R04,APPROACH_FROM_ABOVE,C02_ACTIVITY_MATCHED,25,59.52,42,60,POC,36,85.71,ALL_SESSIONS,5atr,false
R04,APPROACH_FROM_ABOVE,C02_ACTIVITY_MATCHED,1,50,2,60,POC,2,100,RTH_MIDDAY,5atr,true
R04,APPROACH_FROM_ABOVE,C02_ACTIVITY_MATCHED,2,66.67,3,60,POC,2,66.67,RTH_MORNING,5atr,true
R04,APPROACH_FROM_ABOVE,C02_ACTIVITY_MATCHED,22,59.46,37,60,POC,32,86.49,RTH_OPEN,5atr,false
R05,APPROACH_FROM_ABOVE,C02_ACTIVITY_MATCHED,20,47.62,42,60,POC,34,80.95,ALL_SESSIONS,5atr,false
R05,APPROACH_FROM_ABOVE,C02_ACTIVITY_MATCHED,0,0,1,60,POC,1,100,RTH_AFTERNOON,5atr,true
R05,APPROACH_FROM_ABOVE,C02_ACTIVITY_MATCHED,4,66.67,6,60,POC,5,83.33,RTH_MIDDAY,5atr,true
R05,APPROACH_FROM_ABOVE,C02_ACTIVITY_MATCHED,16,45.71,35,60,POC,28,80,RTH_MORNING,5atr,false
ALL_ANCHORS,APPROACH_FROM_BELOW,C02_ACTIVITY_MATCHED,65,46.1,141,60,POC,98,69.5,ALL_SESSIONS,5atr,false
ALL_ANCHORS,APPROACH_FROM_BELOW,C02_ACTIVITY_MATCHED,10,47.62,21,60,POC,16,76.19,ETH_EVENING,5atr,true
ALL_ANCHORS,APPROACH_FROM_BELOW,C02_ACTIVITY_MATCHED,4,28.57,14,60,POC,9,64.29,ETH_OVERNIGHT,5atr,true
ALL_ANCHORS,APPROACH_FROM_BELOW,C02_ACTIVITY_MATCHED,1,100,1,60,POC,0,0,RTH_AFTERNOON,5atr,true
ALL_ANCHORS,APPROACH_FROM_BELOW,C02_ACTIVITY_MATCHED,2,22.22,9,60,POC,7,77.78,RTH_MIDDAY,5atr,true
ALL_ANCHORS,APPROACH_FROM_BELOW,C02_ACTIVITY_MATCHED,15,48.39,31,60,POC,22,70.97,RTH_MORNING,5atr,false
ALL_ANCHORS,APPROACH_FROM_BELOW,C02_ACTIVITY_MATCHED,33,50.77,65,60,POC,44,67.69,RTH_OPEN,5atr,false
R01,APPROACH_FROM_BELOW,C02_ACTIVITY_MATCHED,14,40,35,60,POC,25,71.43,ALL_SESSIONS,5atr,false
R01,APPROACH_FROM_BELOW,C02_ACTIVITY_MATCHED,10,47.62,21,60,POC,16,76.19,ETH_EVENING,5atr,true
R01,APPROACH_FROM_BELOW,C02_ACTIVITY_MATCHED,4,28.57,14,60,POC,9,64.29,ETH_OVERNIGHT,5atr,true
R02,APPROACH_FROM_BELOW,C02_ACTIVITY_MATCHED,15,57.69,26,60,POC,14,53.85,ALL_SESSIONS,5atr,true
R02,APPROACH_FROM_BELOW,C02_ACTIVITY_MATCHED,1,100,1,60,POC,0,0,RTH_AFTERNOON,5atr,true
R02,APPROACH_FROM_BELOW,C02_ACTIVITY_MATCHED,1,50,2,60,POC,0,0,RTH_MIDDAY,5atr,true
R02,APPROACH_FROM_BELOW,C02_ACTIVITY_MATCHED,5,83.33,6,60,POC,4,66.67,RTH_MORNING,5atr,true
R02,APPROACH_FROM_BELOW,C02_ACTIVITY_MATCHED,8,47.06,17,60,POC,10,58.82,RTH_OPEN,5atr,true
R03,APPROACH_FROM_BELOW,C02_ACTIVITY_MATCHED,11,50,22,60,POC,14,63.64,ALL_SESSIONS,5atr,true
R03,APPROACH_FROM_BELOW,C02_ACTIVITY_MATCHED,0,0,2,60,POC,2,100,RTH_MIDDAY,5atr,true
R03,APPROACH_FROM_BELOW,C02_ACTIVITY_MATCHED,0,0,2,60,POC,2,100,RTH_MORNING,5atr,true
R03,APPROACH_FROM_BELOW,C02_ACTIVITY_MATCHED,11,61.11,18,60,POC,10,55.56,RTH_OPEN,5atr,true
R04,APPROACH_FROM_BELOW,C02_ACTIVITY_MATCHED,16,45.71,35,60,POC,29,82.86,ALL_SESSIONS,5atr,false
R04,APPROACH_FROM_BELOW,C02_ACTIVITY_MATCHED,1,33.33,3,60,POC,3,100,RTH_MIDDAY,5atr,true
R04,APPROACH_FROM_BELOW,C02_ACTIVITY_MATCHED,1,50,2,60,POC,2,100,RTH_MORNING,5atr,true
R04,APPROACH_FROM_BELOW,C02_ACTIVITY_MATCHED,14,46.67,30,60,POC,24,80,RTH_OPEN,5atr,false
R05,APPROACH_FROM_BELOW,C02_ACTIVITY_MATCHED,9,39.13,23,60,POC,16,69.57,ALL_SESSIONS,5atr,true
R05,APPROACH_FROM_BELOW,C02_ACTIVITY_MATCHED,0,0,2,60,POC,2,100,RTH_MIDDAY,5atr,true
R05,APPROACH_FROM_BELOW,C02_ACTIVITY_MATCHED,9,42.86,21,60,POC,14,66.67,RTH_MORNING,5atr,true
ALL_ANCHORS,APPROACH_FROM_ABOVE,TREATED,141,55.08,256,60,POC,189,73.83,ALL_SESSIONS,5atr,false
ALL_ANCHORS,APPROACH_FROM_ABOVE,TREATED,17,53.12,32,60,POC,19,59.38,ETH_EVENING,5atr,false
ALL_ANCHORS,APPROACH_FROM_ABOVE,TREATED,7,63.64,11,60,POC,6,54.55,ETH_OVERNIGHT,5atr,true
ALL_ANCHORS,APPROACH_FROM_ABOVE,TREATED,4,80,5,60,POC,4,80,RTH_AFTERNOON,5atr,true
ALL_ANCHORS,APPROACH_FROM_ABOVE,TREATED,12,60,20,60,POC,11,55,RTH_MIDDAY,5atr,true
ALL_ANCHORS,APPROACH_FROM_ABOVE,TREATED,38,52.78,72,60,POC,50,69.44,RTH_MORNING,5atr,false
ALL_ANCHORS,APPROACH_FROM_ABOVE,TREATED,63,54.31,116,60,POC,99,85.34,RTH_OPEN,5atr,false
R01,APPROACH_FROM_ABOVE,TREATED,24,55.81,43,60,POC,25,58.14,ALL_SESSIONS,5atr,false
R01,APPROACH_FROM_ABOVE,TREATED,17,53.12,32,60,POC,19,59.38,ETH_EVENING,5atr,false
R01,APPROACH_FROM_ABOVE,TREATED,7,63.64,11,60,POC,6,54.55,ETH_OVERNIGHT,5atr,true
R02,APPROACH_FROM_ABOVE,TREATED,27,56.25,48,60,POC,37,77.08,ALL_SESSIONS,5atr,false
R02,APPROACH_FROM_ABOVE,TREATED,1,50,2,60,POC,2,100,RTH_AFTERNOON,5atr,true
R02,APPROACH_FROM_ABOVE,TREATED,2,33.33,6,60,POC,4,66.67,RTH_MIDDAY,5atr,true
R02,APPROACH_FROM_ABOVE,TREATED,7,77.78,9,60,POC,6,66.67,RTH_MORNING,5atr,true
R02,APPROACH_FROM_ABOVE,TREATED,17,54.84,31,60,POC,25,80.65,RTH_OPEN,5atr,false
R03,APPROACH_FROM_ABOVE,TREATED,26,55.32,47,60,POC,37,78.72,ALL_SESSIONS,5atr,false
R03,APPROACH_FROM_ABOVE,TREATED,2,66.67,3,60,POC,2,66.67,RTH_MIDDAY,5atr,true
R03,APPROACH_FROM_ABOVE,TREATED,3,100,3,60,POC,2,66.67,RTH_MORNING,5atr,true
R03,APPROACH_FROM_ABOVE,TREATED,21,51.22,41,60,POC,33,80.49,RTH_OPEN,5atr,false
R04,APPROACH_FROM_ABOVE,TREATED,30,56.6,53,60,POC,49,92.45,ALL_SESSIONS,5atr,false
R04,APPROACH_FROM_ABOVE,TREATED,3,60,5,60,POC,4,80,RTH_MIDDAY,5atr,true
R04,APPROACH_FROM_ABOVE,TREATED,2,50,4,60,POC,4,100,RTH_MORNING,5atr,true
R04,APPROACH_FROM_ABOVE,TREATED,25,56.82,44,60,POC,41,93.18,RTH_OPEN,5atr,false
R05,APPROACH_FROM_ABOVE,TREATED,34,52.31,65,60,POC,41,63.08,ALL_SESSIONS,5atr,false
R05,APPROACH_FROM_ABOVE,TREATED,3,100,3,60,POC,2,66.67,RTH_AFTERNOON,5atr,true
R05,APPROACH_FROM_ABOVE,TREATED,5,83.33,6,60,POC,1,16.67,RTH_MIDDAY,5atr,true
R05,APPROACH_FROM_ABOVE,TREATED,26,46.43,56,60,POC,38,67.86,RTH_MORNING,5atr,false
ALL_ANCHORS,APPROACH_FROM_BELOW,TREATED,111,50.45,220,60,POC,160,72.73,ALL_SESSIONS,5atr,false
ALL_ANCHORS,APPROACH_FROM_BELOW,TREATED,26,54.17,48,60,POC,31,64.58,ETH_EVENING,5atr,false
ALL_ANCHORS,APPROACH_FROM_BELOW,TREATED,2,22.22,9,60,POC,6,66.67,ETH_OVERNIGHT,5atr,true
ALL_ANCHORS,APPROACH_FROM_BELOW,TREATED,2,50,4,60,POC,3,75,RTH_AFTERNOON,5atr,true
ALL_ANCHORS,APPROACH_FROM_BELOW,TREATED,5,38.46,13,60,POC,11,84.62,RTH_MIDDAY,5atr,true
ALL_ANCHORS,APPROACH_FROM_BELOW,TREATED,30,45.45,66,60,POC,47,71.21,RTH_MORNING,5atr,false
ALL_ANCHORS,APPROACH_FROM_BELOW,TREATED,46,57.5,80,60,POC,62,77.5,RTH_OPEN,5atr,false
R01,APPROACH_FROM_BELOW,TREATED,28,49.12,57,60,POC,37,64.91,ALL_SESSIONS,5atr,false
R01,APPROACH_FROM_BELOW,TREATED,26,54.17,48,60,POC,31,64.58,ETH_EVENING,5atr,false
R01,APPROACH_FROM_BELOW,TREATED,2,22.22,9,60,POC,6,66.67,ETH_OVERNIGHT,5atr,true
R02,APPROACH_FROM_BELOW,TREATED,26,66.67,39,60,POC,28,71.79,ALL_SESSIONS,5atr,false
R02,APPROACH_FROM_BELOW,TREATED,2,100,2,60,POC,1,50,RTH_AFTERNOON,5atr,true
R02,APPROACH_FROM_BELOW,TREATED,1,50,2,60,POC,1,50,RTH_MIDDAY,5atr,true
R02,APPROACH_FROM_BELOW,TREATED,8,61.54,13,60,POC,11,84.62,RTH_MORNING,5atr,true
R02,APPROACH_FROM_BELOW,TREATED,15,68.18,22,60,POC,15,68.18,RTH_OPEN,5atr,true
R03,APPROACH_FROM_BELOW,TREATED,17,50,34,60,POC,25,73.53,ALL_SESSIONS,5atr,false
R03,APPROACH_FROM_BELOW,TREATED,2,50,4,60,POC,4,100,RTH_MIDDAY,5atr,true
R03,APPROACH_FROM_BELOW,TREATED,1,20,5,60,POC,4,80,RTH_MORNING,5atr,true
R03,APPROACH_FROM_BELOW,TREATED,14,56,25,60,POC,17,68,RTH_OPEN,5atr,true
R04,APPROACH_FROM_BELOW,TREATED,21,51.22,41,60,POC,36,87.8,ALL_SESSIONS,5atr,false
R04,APPROACH_FROM_BELOW,TREATED,2,50,4,60,POC,3,75,RTH_MIDDAY,5atr,true
R04,APPROACH_FROM_BELOW,TREATED,2,50,4,60,POC,3,75,RTH_MORNING,5atr,true
R04,APPROACH_FROM_BELOW,TREATED,17,51.52,33,60,POC,30,90.91,RTH_OPEN,5atr,false
R05,APPROACH_FROM_BELOW,TREATED,19,38.78,49,60,POC,34,69.39,ALL_SESSIONS,5atr,false
R05,APPROACH_FROM_BELOW,TREATED,0,0,2,60,POC,2,100,RTH_AFTERNOON,5atr,true
R05,APPROACH_FROM_BELOW,TREATED,0,0,3,60,POC,3,100,RTH_MIDDAY,5atr,true
R05,APPROACH_FROM_BELOW,TREATED,19,43.18,44,60,POC,29,65.91,RTH_MORNING,5atr,false
